gp_code,inbound,answer_rate,abandon_rate
J81013,5925.0,87.25738396624473,3.3248945147679323
J81017,3040.0,58.05921052631579,13.289473684210526
J81019,9301.0,40.79131276206859,10.59025911192345
J81030,4470.0,80.44742729306488,1.45413870246085
J81033,7589.0,66.0034260113322,11.424430096191857
J81042,4651.0,64.54525908406794,10.062352182326382
J81046,7923.0,77.0541461567588,7.9262905465101605
J81057,12541.0,38.71302129016825,24.463758870903437
J81058,9023.0,68.5913775906018,4.721267870996343
J81059,5064.0,42.930489731437596,13.684834123222748
J81061,4954.0,48.2438433589019,12.272910779168349
J81064,2992.0,65.24064171122994,12.266042780748663
J81067,3839.0,45.06381870278718,8.43969783797864
J81072,7152.0,59.73154362416108,15.422259507829978
J81073,8760.0,75.44520547945206,6.712328767123288
J81076,8913.0,38.12408841018737,11.20834735779199
J81077,4153.0,36.744522032265834,9.174091018540814
J81081,5878.0,42.76964954066009,11.1772711806737
J81082,5379.0,51.62669641197249,9.499907045919317
J81087,5722.0,72.80671094023069,9.210066410346032
J81609,6846.0,31.054630441133508,20.97575226409582
J81616,1994.0,82.64794383149449,4.212637913741224
J81648,3066.0,65.88388780169602,15.753424657534246
J83003,4935.0,77.99392097264437,3.8297872340425534
J83005,4777.0,35.64998953317982,17.96106342893029
J83007,7070.0,55.96888260254597,23.35219236209335
J83009,7234.0,49.37793751727951,11.57036217860105
J83010,5905.0,49.75444538526672,11.837425910245555
J83011,5159.0,45.047489823609226,5.543710021321962
J83030,7905.0,34.35800126502214,8.88045540796964
J83033,8825.0,77.05382436260624,7.354107648725212
J83034,4361.0,72.62095849575785,18.75716578766338
J83037,9545.0,76.7522262964903,5.081194342587742
J83039,5556.0,60.871130309575236,11.339092872570195
J83041,9168.0,62.521815008726,6.18455497382199
J83042,8832.0,76.7776268115942,11.152626811594203
J83045,5371.0,80.74846397318935,6.051014708620369
J83052,7664.0,70.88987473903967,13.700417536534447
J83055,6025.0,61.27800829875519,11.850622406639005
J83056,3546.0,60.63169768753525,9.22165820642978
J83057,14791.0,52.22770603745521,11.26360624704212
J83601,2341.0,73.17385732592909,10.252029047415634
J83609,2791.0,42.49372984593336,9.029021855965604
J83625,3743.0,85.94710125567727,3.686882180069463
K84012,4253.0,67.38772631083941,10.322125558429343
L81004,6703.0,66.97001342682381,10.308816947635387
L81009,6106.0,65.16541107107763,5.224369472649853
L81013,9740.0,32.84394250513347,4.9897330595482545
L81015,6623.0,61.965876491016154,11.70164577985807
L81018,4313.0,76.79109668444238,4.312543473220496
L81019,5926.0,51.501856226797166,20.06412419844752
L81020,2646.0,71.27739984882842,13.756613756613756
L81022,10517.0,58.838071693448704,13.007511647808311
L81024,5637.0,67.1811247117261,8.763526698598545
L81025,10587.0,33.30499669405875,21.375271559459716
L81026,14087.0,44.821466600411725,8.859231915950877
L81027,6778.0,50.0,11.30126881085866
L81029,6058.0,79.36612743479697,3.664575767580059
L81031,10575.0,36.9645390070922,9.966903073286051
L81033,7564.0,26.110523532522475,26.9169751454257
L81034,23867.0,52.901495789164954,13.474672141450538
L81038,4765.0,74.29171038824764,4.575026232948583
L81040,7428.0,69.96499730748519,9.787291330102315
L81041,4822.0,54.3135628369971,8.108668602239735
L81051,14486.0,36.31782410603341,8.939665884302086
L81053,4043.0,72.5204056393767,8.384862725698738
L81061,3864.0,67.72774327122153,8.618012422360248
L81062,8498.0,45.89315132972464,7.8842080489526944
L81070,3911.0,64.61263104065456,5.574021989261059
L81078,11310.0,59.16887709991158,5.658709106984969
L81082,5236.0,49.980901451489686,9.950343773873186
L81084,4291.0,60.14914938242834,6.338848753204381
L81087,9110.0,37.8814489571899,27.958287596048297
L81098,7770.0,76.37065637065638,3.1274131274131274
L81103,6291.0,44.539818788745826,7.709426164361787
L81125,3011.0,56.4596479574892,12.188641647293258
L81130,9673.0,20.252248526827252,9.200868396567765
L81131,4860.0,63.148148148148145,3.950617283950617
L81642,3593.0,78.76426384636794,4.313943779571389
L82003,4613.0,66.78950791242141,6.806850205939735
L82006,9957.0,63.6637541428141,5.594054434066486
L82007,4431.0,36.222071767095464,21.913789212367412
L82010,10561.0,50.93267682984566,15.82236530631569
L82011,4365.0,60.824742268041234,8.43069873997709
L82012,8814.0,61.86748354889948,6.137962332652598
L82015,5103.0,71.17381932196747,7.740544777581815
L82016,7852.0,69.01426388181355,4.45746306673459
L82023,6044.0,48.44473858371939,10.572468563864991
L82030,8243.0,61.59165352420236,8.771078490840713
L82035,6512.0,54.20761670761671,9.305896805896806
L82036,7827.0,54.107576338316086,22.35850261913888
L82042,9447.0,14.671324229914259,11.02995659997883
L82043,3015.0,78.24212271973467,2.056384742951907
L82046,5906.0,45.59769725702675,8.042668472739587
L82051,7315.0,73.69788106630212,9.213943950786057
L82052,3725.0,80.26845637583892,8.483221476510067
L82059,3787.0,65.51359915500396,8.846052284129918
L82068,3996.0,60.86086086086086,6.581581581581582
L83005,10049.0,57.707234550701564,8.936212558463529
L83008,14909.0,36.709370179086456,6.660406465893085
L83010,4595.0,63.264417845484225,19.54298150163221
L83011,5669.0,58.07020638560593,8.537660963132828
L83016,17090.0,53.054417788180224,6.723229959040374
L83023,3531.0,82.58283772302464,4.333050127442651
L83029,4981.0,45.77394097570769,6.665328247339891
L83030,5735.0,71.40366172624238,10.77593722755013
L83031,5845.0,54.42258340461933,15.449101796407186
L83034,6779.0,58.88774155480159,19.6931700840832
L83035,7437.0,82.38537044507194,2.837165523732688
L83038,6629.0,81.46025041484387,3.2282395534771458
L83040,8048.0,59.915506958250496,8.610834990059642
L83043,7589.0,58.360785347213074,15.733298194755568
L83044,5487.0,43.95844723892838,22.14324767632586
L83045,7216.0,61.391352549889135,14.883592017738358
L83050,7811.0,72.89719626168224,3.4438612213545
L83056,16106.0,44.18229231342357,5.681112628833975
L83058,4486.0,77.73071778867588,9.362460989745877
L83059,4949.0,63.265306122448976,8.567387350979995
L83066,7661.0,50.17621720402036,8.71948831745203
L83067,8307.0,68.08715541109908,13.41037679065848
L83069,11693.0,31.591550500299324,21.440177884204225
L83075,3156.0,76.61596958174906,9.727503168567807
L83076,5744.0,73.18941504178272,7.816852367688022
L83082,2098.0,77.02573879885605,3.145853193517636
L83083,5913.0,67.8166751226112,5.986808726534754
L83086,3024.0,77.08333333333333,5.158730158730159
L83087,6026.0,34.84898771988052,20.776634583471623
L83096,10594.0,51.30262412686426,19.13347177647725
L83097,5997.0,60.86376521594131,20.193430048357513
L83099,2919.0,73.75813634806441,9.558067831449126
L83100,16299.0,44.708264310693906,5.84084913184858
L83116,2409.0,75.79908675799086,3.8605230386052303
L83120,14176.0,42.88939051918736,5.586907449209932
L83127,8251.0,37.88631681008363,5.247848745606593
L83128,5136.0,62.324766355140184,16.25778816199377
L83129,1578.0,71.67300380228137,2.661596958174905
L83131,11908.0,38.427947598253276,33.4145112529392
L83607,4040.0,54.33168316831683,9.158415841584159
L83624,3272.0,49.2359413202934,30.470660146699267
L83628,4583.0,64.06284093388611,10.71350643683177
L84003,5192.0,71.37904468412943,5.527734976887519
L84004,3237.0,60.24096385542169,12.696941612604263
L84005,5454.0,79.95966263292996,6.582324899156582
L84006,3400.0,73.41176470588235,7.764705882352941
L84007,6060.0,75.99009900990099,3.927392739273927
L84011,4667.0,70.02356974501821,8.227983715448897
L84014,5467.0,59.9414669837205,8.944576550210353
L84015,5025.0,59.54228855721393,9.552238805970148
L84021,5623.0,62.61781966921572,9.478925840298773
L84026,17492.0,25.5373885204665,7.34049851360622
L84028,8031.0,59.07109948947827,19.83563690698543
L84031,4079.0,68.20299092914931,11.890169159107625
L84037,8174.0,32.407633961340835,15.353560068509909
L84038,5458.0,68.81641626969586,5.551484060095273
L84046,3532.0,74.63193657984145,10.645526613816534
L84047,9429.0,24.58373104252837,31.795524445858522
L84048,5067.0,23.84053680678903,13.617525162818236
L84050,14997.0,66.36660665466427,7.614856304594253
L84058,15059.0,65.59532505478451,3.7585497044956506
L84060,5458.0,72.44411872480762,17.314034444851593
L84063,2725.0,66.45871559633028,4.623853211009174
L84084,4901.0,60.27341358906346,11.099775556008979
L85001,9033.0,51.688254179121,8.668216539355695
L85008,10990.0,48.853503184713375,8.13466787989081
L85012,11462.0,21.287733379863898,6.674227883440936
L85013,3274.0,71.25839951130116,11.850946854001222
L85014,6443.0,59.80133478193388,18.96632003724973
L85015,8329.0,51.07455877056069,32.22475687357426
L85016,18382.0,32.18909803068219,9.063214013709063
L85018,4947.0,57.18617343844755,5.174853446533253
L85021,10740.0,54.506517690875235,14.916201117318435
L85022,7440.0,39.314516129032256,8.64247311827957
L85024,6346.0,46.37566971320517,27.65521588402143
L85025,8982.0,76.63103985749277,2.738810955243821
L85030,9078.0,31.93434677241683,3.965631196298744
L85031,3173.0,67.53860699653325,15.537346359911755
L85039,8528.0,36.2218574108818,9.603658536585366
L85044,3655.0,76.1969904240766,3.6114911080711356
L85052,6113.0,62.555210207753966,2.3883526909864226
L85053,2880.0,76.25,3.4027777777777777
L85054,5778.0,57.04395984769817,12.166839736933195
L85055,5001.0,70.96580683863228,11.71765646870626
L85609,5717.0,51.68794822459332,9.323071541018017
Y01127,3692.0,71.0184182015168,7.908992416034669
Y01922,6032.0,65.84880636604774,9.665119363395226
Y02517,7552.0,58.36864406779661,5.998411016949152
Y02519,10130.0,51.36229022704837,19.447186574531095
J81022,3486.0,66.63798049340218,14.457831325301205
J81029,4136.0,47.09864603481625,16.779497098646036
J81039,3672.0,74.53703703703704,5.201525054466231
J81631,1227.0,69.60065199674001,9.7799511002445
J81647,5475.0,75.85388127853881,8.237442922374429
J83002,6661.0,81.60936796276836,5.975078816994445
J83043,3845.0,55.76072821846554,5.721716514954486
L81068,5334.0,38.826396700412445,16.479190101237347
L81123,3701.0,56.63334233990813,13.482842475006755
L82048,2405.0,78.25363825363826,10.187110187110187
L82057,1955.0,62.50639386189258,13.09462915601023
L83024,4315.0,87.09154113557358,3.05909617612978
L83046,4239.0,76.17362585515451,2.5713611700872847
L83057,2692.0,69.20505200594354,10.215453194650816
L83064,4958.0,59.43929003630496,16.3574021782977
L83115,3106.0,76.01416613007083,3.734707018673535
L83639,2122.0,66.68237511781338,11.357210179076343
L84045,4706.0,51.01997450063748,14.449638759031025
L84053,2853.0,37.67963547143358,15.842972309849282
L84065,3168.0,72.63257575757575,7.512626262626263
L84067,4731.0,66.66666666666667,9.469456774466286
L85032,2250.0,78.13333333333334,7.733333333333333
L85034,3980.0,57.8643216080402,10.301507537688442
L85038,4397.0,69.16079144871503,12.394814646349785
L85062,4070.0,50.761670761670764,8.525798525798526
Y02633,2727.0,83.57169050238357,1.5768243491015768
L83013,7528.0,59.24548352816153,9.497874601487778
L81643,2068.0,72.09864603481624,4.158607350096712
G81006,3539.0,58.34981633229726,6.555524159367053
G81011,11347.0,20.719132810434477,29.628976822067507
G81012,5597.0,54.95801322136859,8.558156155083081
G81019,9653.0,48.005801305293694,14.596498497876308
G81021,11748.0,47.06332992849847,18.41164453524004
G81029,9615.0,63.203328133125325,5.772230889235569
G81047,4610.0,39.47939262472885,10.216919739696312
G81048,6014.0,47.306285334220156,7.100099767209843
G81049,3511.0,59.49871831387069,8.57305610937055
G81050,10684.0,44.477723698989145,8.657806065144142
G81052,3752.0,54.53091684434968,15.325159914712154
G81061,2649.0,73.91468478671197,5.549263873159683
G81065,1912.0,82.11297071129707,2.8242677824267783
G81070,9846.0,11.57830591102986,22.54722730042657
G81071,3003.0,76.4901764901765,8.624708624708624
G81076,7076.0,52.020915771622384,3.8157150932730355
G81082,3528.0,69.44444444444444,7.1145124716553285
G81088,10363.0,34.941619222232944,16.838753256778926
G81095,23343.0,5.958959859486784,17.461337445915262
G81096,1652.0,80.75060532687651,1.2106537530266344
G81104,14284.0,13.85466255950714,26.83422010641277
G82002,5332.0,47.993248312078016,12.790697674418604
G82018,4144.0,63.8996138996139,5.622586872586872
G82022,4655.0,62.44897959183673,17.03544575725027
G82024,10054.0,33.65824547443803,16.05331211458126
G82027,22149.0,35.667524493205114,15.400243803331978
G82028,10509.0,29.898182510229326,15.263107812351318
G82036,4739.0,59.97045790251108,9.031441232327495
G82038,3066.0,88.35616438356165,2.152641878669276
G82041,4702.0,70.69332199064227,6.550404083368779
G82042,11914.0,48.47238542890717,16.123887863018297
G82044,7417.0,47.8764999325873,15.033032223270864
G82051,7106.0,37.306501547987615,12.39797354348438
G82052,6726.0,49.643175735950045,20.47279214986619
G82055,7366.0,44.06733641053489,13.0328536519142
G82060,9796.0,56.61494487545937,19.855042874642713
G82063,6112.0,41.96662303664922,13.93979057591623
G82074,6008.0,42.693075898801595,8.988015978695072
G82077,5272.0,22.51517450682853,18.474962063732928
G82079,7595.0,62.883475971033576,7.8867676102699145
G82080,10027.0,57.275356537349154,11.638575845217911
G82082,8253.0,58.17278565370169,4.786138373924634
G82083,5680.0,54.71830985915493,6.954225352112676
G82085,5785.0,52.999135695764906,15.090751944684529
G82089,5460.0,59.175824175824175,13.095238095238095
G82090,11864.0,40.65239379635873,4.728590694538099
G82095,6206.0,67.01579116983564,6.848211408314534
G82100,8022.0,8.202443280977313,28.484168536524557
G82106,5499.0,55.501000181851246,5.80105473722495
G82107,4899.0,60.62461726883037,8.226168605837927
G82108,5633.0,38.93129770992366,43.795490857447184
G82111,4574.0,75.42632269348492,5.159597726278968
G82114,13878.0,34.78887447759043,12.076668107796513
G82117,5710.0,66.72504378283713,14.098073555166375
G82118,4728.0,32.36040609137056,28.04568527918782
G82121,4264.0,62.75797373358349,14.094746716697935
G82126,7782.0,60.100231303006936,15.291698792084297
G82135,6804.0,67.53380364491476,9.59729570840682
G82140,4359.0,55.3337921541638,11.309933470979583
G82141,4733.0,54.70103528417494,19.945066553982674
G82142,6234.0,63.63490535771575,4.170676932948348
G82147,4740.0,30.337552742616033,11.181434599156118
G82150,3898.0,48.38378655720882,13.442791174961519
G82155,2578.0,71.2567882079131,4.926299456943367
G82160,7688.0,53.511966701352755,6.542663891779396
G82161,12340.0,49.789303079416534,5.47001620745543
G82162,3077.0,57.29606759831004,9.13227169320767
G82164,4258.0,64.2555190230155,7.7031470173790515
G82200,4781.0,54.23551558251412,17.757791257059193
G82219,4436.0,55.63570784490532,6.289449954914337
G82224,2392.0,66.22073578595318,9.698996655518394
G82229,3272.0,58.95476772616137,11.399755501222494
G82600,1939.0,47.39556472408458,23.465703971119133
G82604,8395.0,68.10005955926147,5.253126861226921
G82635,1519.0,58.196181698485844,12.047399605003292
G82641,4306.0,54.99303297724106,11.33302368787738
G82697,5667.0,60.543497441326984,9.07005470266455
G82730,5348.0,64.26701570680628,3.6462228870605835
G82768,2709.0,69.76744186046511,6.755260243632336
G82802,2836.0,77.36248236953456,2.750352609308886
G82888,2883.0,62.19216094346167,13.14602844259452
H81003,5910.0,61.742808798646365,18.460236886632824
H81016,5504.0,78.56104651162791,4.796511627906977
H81028,4926.0,56.98335363377994,12.870483150629314
H81030,14352.0,46.91332218506132,9.887123745819398
H81032,4698.0,51.95828011919966,8.024691358024691
H81033,8077.0,48.60715612232264,7.267549832858735
H81034,3778.0,74.11328745367919,6.220222339862361
H81039,2560.0,63.4375,8.125
H81043,3584.0,64.56473214285714,2.7622767857142856
H81047,6771.0,58.10072367449417,13.05567862944912
H81048,3611.0,58.46026031570202,11.57574079202437
H81053,4799.0,70.88976870181288,12.148364242550532
H81055,5930.0,54.30016863406408,5.81787521079258
H81057,4062.0,56.30231413096997,17.74987690792713
H81058,6357.0,69.76561271039799,17.870064495831368
H81064,4357.0,64.99885242139086,6.449391783337159
H81065,4746.0,58.13316477033291,8.470290771175726
H81069,9958.0,66.0473990761197,6.206065474994979
H81071,3210.0,59.75077881619938,4.26791277258567
H81073,6352.0,40.96347607052897,15.018891687657431
H81074,2396.0,65.15025041736227,6.76126878130217
H81075,4190.0,53.627684964200476,24.534606205250597
H81077,3523.0,73.31819472040874,8.515469770082316
H81080,5333.0,41.590099381211324,17.194824676542282
H81082,3434.0,75.77169481654047,6.7268491555037855
H81086,1262.0,51.188589540412046,11.727416798732172
H81090,4267.0,69.46332317787673,4.194984766815092
H81091,9749.0,29.99281977638732,10.616473484459945
H81094,4506.0,57.52330226364847,4.993342210386152
H81099,3548.0,76.07102593010147,9.07553551296505
H81103,4045.0,63.040791100123606,8.875154511742892
H81110,2882.0,79.77099236641222,3.435114503816794
H81111,13500.0,54.43703703703704,17.562962962962963
H81116,4496.0,49.154804270462634,5.182384341637011
H81122,4127.0,62.56360552459414,5.4276714320329535
H81123,1533.0,62.68754076973255,6.523157208088715
H81130,8617.0,57.39816641522572,10.78101427410932
H81133,14852.0,41.5903582009157,7.244815513062214
H81615,6167.0,53.52683638722231,13.491162639857304
H81638,19367.0,55.21247482831621,3.583415087520008
H81642,2422.0,54.706853839801816,24.73162675474814
H81643,1414.0,53.60678925035361,31.400282885431402
H81644,3355.0,49.418777943368106,11.922503725782414
H81656,4158.0,61.904761904761905,12.746512746512746
H82003,3759.0,75.60521415270019,10.747539239159352
H82004,2255.0,78.18181818181819,2.261640798226164
H82005,4484.0,60.81623550401427,6.467439785905442
H82011,6813.0,53.397915749302804,6.942609716718039
H82012,5514.0,76.78636198766776,3.33696046427276
H82014,8804.0,15.481599273057702,10.449795547478418
H82017,8445.0,41.847246891651864,14.967436352871522
H82020,1982.0,43.895055499495456,24.06659939455096
H82021,4036.0,58.25074331020813,9.217046580773042
H82025,8379.0,63.96944742809404,6.611767514023153
H82027,1809.0,74.46102819237147,10.558319513543394
H82030,7683.0,57.607705323441365,9.267213328127033
H82031,3567.0,56.40594336977853,10.625175217269414
H82034,22297.0,19.002556397721666,7.027851280441315
H82035,4157.0,60.69280731296608,9.814770267019485
H82037,6225.0,60.144578313253014,11.951807228915662
H82042,7221.0,38.34648940589946,10.469464063149148
H82045,16050.0,38.04984423676012,14.417445482866043
H82052,9226.0,50.23845653587687,7.630609148059831
H82056,6971.0,69.12924974895998,5.494190216611677
H82057,7236.0,64.35876174682144,24.502487562189053
H82060,4264.0,53.30675422138837,9.615384615384615
H82063,6598.0,56.123067596241285,7.16883904213398
H82064,6647.0,50.082744095080486,10.711599217692193
H82065,10688.0,31.773952095808383,12.5374251497006
H82072,3794.0,43.72693726937269,27.543489720611493
H82077,1393.0,67.62383345297918,17.73151471643934
H82078,3745.0,59.83978638184246,8.144192256341789
H82084,4045.0,54.585908529048204,18.34363411619283
H82089,4246.0,68.06406029203957,11.987753179463024
H82096,3592.0,56.23608017817372,5.011135857461024
H82100,5405.0,51.50786308973173,5.49491211840888
J82001,4725.0,81.18518518518519,3.5978835978835977
J82007,17495.0,47.13918262360674,16.016004572735067
J82009,6641.0,53.937659990965216,11.684987200722782
J82012,3294.0,75.01517911353977,8.19672131147541
J82016,5423.0,70.09035589157293,5.8454729854324174
J82018,6238.0,61.07726835524206,14.379608848990062
J82019,7627.0,67.66749704995411,14.94689917398715
J82021,4080.0,67.32843137254902,10.343137254901961
J82024,10036.0,23.296133917895578,9.007572738142686
J82026,5890.0,53.2427843803056,17.31748726655348
J82028,14835.0,34.91742500842602,11.863835524098416
J82033,3727.0,62.2752884357392,24.09444593506842
J82054,6067.0,55.7606724905225,9.939014339871436
J82055,4079.0,34.175042902672224,20.470703603824468
J82058,9240.0,47.73809523809524,11.634199134199134
J82059,4120.0,62.18446601941748,14.854368932038835
J82060,4764.0,32.66162888329135,12.678421494542402
J82061,4598.0,76.94649847759895,4.545454545454546
J82062,8575.0,68.26822157434403,9.60932944606414
J82066,12586.0,17.956459558239313,4.560622914349277
J82067,6715.0,50.72226358897989,6.939687267311988
J82069,21628.0,34.58942112076937,8.761790271869799
J82071,9535.0,75.93078133193498,5.453592029365495
J82074,9404.0,56.99702254359847,18.332624415142494
J82076,11018.0,38.546015610818664,16.055545471047378
J82081,14100.0,47.04255319148936,7.560283687943262
J82082,6480.0,57.26851851851852,8.472222222222221
J82083,14496.0,22.999448123620308,9.554359823399558
J82085,12577.0,62.542736741671305,10.225013914287986
J82087,4907.0,76.95129406969635,3.6682290605257797
J82094,6649.0,53.767483832155214,8.753195969318694
J82098,18092.0,21.219323457881938,7.091532168914437
J82104,5893.0,60.63125742406245,7.737994230442898
J82122,4089.0,62.19124480313035,15.749572022499388
J82129,3675.0,72.4625850340136,6.557823129251701
J82132,9833.0,48.16434455405268,7.301942438726736
J82134,11866.0,22.105174448002696,11.714141243890106
J82136,5978.0,64.65373034459685,8.364001338240215
J82142,6885.0,37.138707334785764,5.8387799564270155
J82144,9724.0,41.34101192924722,19.44672974084739
J82145,8893.0,37.37771280782638,11.312268076014844
J82147,3072.0,72.68880208333333,2.0182291666666665
J82150,4638.0,63.79905131522208,8.387235877533419
J82151,3988.0,64.76930792377131,3.0842527582748245
J82154,8784.0,49.45355191256831,24.24863387978142
J82157,4844.0,27.332782824112304,18.55904211395541
J82178,5124.0,61.39734582357533,2.4004683840749412
J82181,4492.0,62.956366874443454,5.075690115761353
J82184,1730.0,75.95375722543352,8.959537572254336
J82194,7952.0,56.7907444668008,7.432092555331992
J82201,5393.0,51.7337289078435,10.087150009271278
J82207,5208.0,82.5652841781874,2.880184331797235
J82210,4853.0,81.10447146095198,7.644755821141562
J82216,10275.0,30.121654501216543,9.62530413625304
J82218,3714.0,66.10123855681206,14.081852450188476
J82622,13192.0,54.48756822316555,4.0479078229229835
J82640,4156.0,76.68431183830606,3.248315688161694
J82669,3803.0,61.58296082040494,13.620825663949514
J84003,4707.0,71.51051625239006,8.965370724452942
J84007,3526.0,85.0255246738514,7.345433919455473
J84012,8601.0,59.202418323450765,22.009068712940355
J84019,7901.0,62.38450829008986,8.176180230350589
K81001,6544.0,63.798899755501225,4.874694376528117
K81012,5133.0,76.73874926943309,10.05260081823495
K81018,4568.0,70.7092819614711,4.816112084063048
K81020,9311.0,56.80378047470734,5.563312211362904
K81022,12463.0,54.34486078793228,7.0207815132793066
K81028,3834.0,72.7699530516432,7.642149191444966
K81036,7016.0,69.09920182440136,6.228620296465222
K81040,11758.0,45.27130464364688,14.611328457220615
K81043,14394.0,38.09226066416562,6.912602473252744
K81047,10186.0,52.04201845670528,6.646377380718634
K81048,4808.0,52.32945091514143,1.3103161397670549
K81050,5776.0,61.063019390581715,7.617728531855955
K81055,4502.0,66.03731674811195,6.352732119058197
K81069,8114.0,53.943800838057676,7.222085284693123
K81074,4810.0,53.90852390852391,8.336798336798337
K81075,15360.0,30.162760416666668,11.295572916666666
K81077,5321.0,65.42003382822777,14.95959406126668
K81082,4228.0,74.59791863765373,4.328287606433302
K81084,3535.0,63.677510608203676,4.243281471004243
K81086,9807.0,51.75894769042521,2.9570714795554194
K81097,3079.0,60.44170185125041,5.781097759012667
K81103,3913.0,73.29414771275236,5.468949654996167
K81616,3797.0,64.12957598103766,6.426125888859626
K81633,6183.0,56.202490700307294,6.58256509784894
K81651,5683.0,50.00879816998064,5.806792187225057
K82001,3994.0,63.11967951927892,11.166750125187782
K82004,4603.0,54.551379535085815,7.169237453834456
K82006,3076.0,73.6996098829649,4.811443433029909
K82007,11641.0,60.08074907653982,15.496950433811529
K82010,3771.0,64.30654998674092,15.30098117210289
K82011,4669.0,36.603127007924606,21.417862497322766
K82012,3729.0,63.6095467953875,6.167873424510593
K82014,2813.0,64.2730181301102,3.0927835051546393
K82017,7947.0,54.24688561721404,5.436013590033975
K82019,7942.0,34.575673633845376,8.373205741626794
K82023,13830.0,37.071583514099785,13.93347794649313
K82024,6368.0,49.43467336683417,6.312814070351759
K82030,4645.0,62.66953713670613,9.752421959095802
K82046,10347.0,52.160046390258046,12.680003865854838
K82049,5570.0,41.651705565529625,12.926391382405745
K82066,5448.0,70.48458149779735,5.910425844346549
K82070,8446.0,33.862183282027,13.00023679848449
K84003,2615.0,72.77246653919694,3.9005736137667304
K84004,6502.0,66.53337434635496,6.1827130113811135
K84006,5418.0,42.15577703949797,16.00221483942414
K84007,5728.0,52.75837988826816,8.432262569832401
K84009,5627.0,73.34281144481962,8.690243468988804
K84011,6105.0,79.39393939393939,5.945945945945946
K84015,1967.0,88.30706659888155,1.677681748856126
K84016,6468.0,74.07235621521336,4.901051329622758
K84019,5873.0,34.258470968840456,15.545717691128894
K84021,3166.0,75.14213518635502,6.822488945041061
K84024,4135.0,52.35792019347038,3.9903264812575574
K84028,16177.0,51.79575941151017,2.9115410768374854
K84030,4919.0,63.48851392559463,4.4317950803008745
K84031,1754.0,50.22805017103763,26.45381984036488
K84032,4814.0,61.09264644786041,12.339011217282925
K84037,11691.0,48.592934736121805,11.196646993413736
K84038,7100.0,48.54929577464789,15.76056338028169
K84041,7839.0,60.49240974614109,6.799336650082918
K84043,6389.0,53.858193770543124,19.78400375645641
K84045,4014.0,65.24663677130044,8.868958644743397
K84050,7309.0,64.55055411136955,5.2811602134354905
K84051,8616.0,28.27298050139276,8.809192200557103
K84055,3936.0,65.34552845528455,10.238821138211382
K84058,5440.0,62.279411764705884,17.683823529411764
K84062,6957.0,54.11815437688659,6.453931292223659
K84063,4085.0,66.90330477356181,13.61077111383109
K84065,2279.0,61.167178587099606,23.562966213251425
K84075,3574.0,56.40738668158926,11.19194180190263
K84078,3694.0,78.4244721169464,12.804547915538711
K84079,2616.0,71.02446483180428,8.180428134556575
K84080,5316.0,64.3152746425884,7.44920993227991
K84082,5953.0,15.689568284898371,27.213169830337645
K84605,1910.0,79.94764397905759,2.4083769633507854
K84613,8801.0,66.78786501533916,2.4315418702420177
K84624,2663.0,71.49831017649268,4.318437852046564
Y01281,2286.0,90.20122484689414,1.268591426071741
Y01964,7664.0,47.45563674321503,8.650835073068894
Y02476,4202.0,65.68300809138505,8.162779628748215
Y02676,3671.0,62.95287387632798,3.6229910106238084
G81008,11459.0,34.69761759315821,11.842220089013002
G81057,5704.0,33.87096774193548,14.007713884992988
G81694,2059.0,30.160271976687714,3.3511413307430793
G82019,3982.0,40.58262179809141,20.743345052737318
G82073,3319.0,45.25459475745706,9.129255799939742
G82086,3827.0,59.10634962111315,9.746537758035014
G82110,4185.0,47.86140979689367,7.025089605734767
G82154,3547.0,32.33718635466592,7.527488018043417
G82203,3505.0,51.18402282453638,17.74607703281027
G82658,3030.0,68.97689768976898,8.448844884488448
G82721,2171.0,60.43298019345924,5.25103638876094
G82763,1902.0,68.5068349106204,3.680336487907466
G82790,4142.0,70.25591501690005,15.427329792370836
G82796,3660.0,72.62295081967213,12.650273224043715
H81038,988.0,73.17813765182186,9.109311740890687
H81078,6144.0,73.01432291666667,3.90625
H81081,5296.0,62.33006042296073,14.218277945619336
H81109,2114.0,68.77956480605488,7.757805108798486
H81632,1136.0,68.75,8.538732394366198
H82006,3542.0,56.60643704121965,16.600790513833992
H82022,6522.0,63.47746090156394,3.3731984053971176
H82039,7545.0,25.632869449966865,16.845593108018555
H82050,3966.0,76.04639435199194,8.799798285426123
H82098,4238.0,62.85983954695611,12.529495044832467
H82615,5005.0,50.56943056943057,19.22077922077922
H82640,4940.0,69.23076923076923,6.396761133603239
J82025,6430.0,64.68118195956454,12.877138413685847
J82039,5855.0,50.67463706233988,5.3800170794193
J82106,3980.0,64.44723618090453,7.336683417085427
J82115,3130.0,72.61980830670926,2.8753993610223643
J82198,3323.0,53.50586819139332,13.812819741197712
J82605,1598.0,79.97496871088862,2.8785982478097623
J82625,2450.0,72.24489795918367,11.63265306122449
J84008,3197.0,54.394745073506414,26.524867062871444
K81041,4419.0,58.72369314324508,9.097080787508487
K81070,3432.0,63.315850815850816,11.276223776223777
K84042,3765.0,68.26029216467464,5.949535192563081
G81042,3800.0,66.1842105263158,10.236842105263158
G81023,3542.0,73.37662337662337,5.618294748729531
C81004,6376.0,57.63801756587202,10.75909661229611
C81012,16046.0,29.097594416053845,27.832481615355853
C81013,3604.0,75.27746947835738,4.134295227524972
C81016,4841.0,73.12538731667011,5.288163602561454
C81020,6621.0,56.13955595831445,19.01525449327896
C81022,3087.0,73.14544865565274,2.364755425979916
C81041,7753.0,40.64233200051593,6.191151812201729
C81048,6239.0,48.32505209168136,12.485975316557141
C81050,7434.0,73.50013451708367,3.6588646758138283
C81051,12227.0,23.87339494561217,14.001799296638588
C81055,3554.0,60.832864378165446,9.0320765334834
C81056,5619.0,42.39188467698879,18.27727353621641
C81063,4466.0,64.62158531124048,6.8293775190326915
C81064,7058.0,23.590252196089544,17.93709266081043
C81065,6294.0,60.62917063870353,11.804893549412139
C81069,6335.0,74.8382004735596,6.787687450670876
C81092,4169.0,84.1688654353562,4.14967618133845
C81094,5150.0,57.49514563106796,17.436893203883496
C81101,4143.0,73.11127202510258,5.213613323678494
C81106,4607.0,65.29194703711742,8.942912958541351
C81118,4322.0,72.14252660805182,8.88477556686719
C81604,5616.0,63.51495726495727,14.93945868945869
C81611,6617.0,63.790237267643946,10.457911440229712
C81634,2188.0,75.22851919561244,8.546617915904935
C81652,2824.0,67.74079320113314,13.031161473087819
C81653,2921.0,64.80657309140705,10.099281068127354
C82002,5839.0,51.94382599760233,12.210995033396129
C82007,4928.0,61.30275974025974,8.664772727272727
C82011,8271.0,46.983436102043285,18.570910409865796
C82012,6635.0,60.90429540316504,9.103240391861341
C82017,6374.0,76.51396297458425,2.41606526513963
C82019,5413.0,61.0936634029189,7.130980971734712
C82025,6288.0,54.103053435114504,8.444656488549619
C82026,6190.0,56.67205169628433,4.733441033925686
C82032,5934.0,49.86518368722616,9.33602965958881
C82034,7374.0,42.704095470572284,8.909682668836453
C82037,4938.0,73.08626974483596,11.381125961927905
C82040,5385.0,69.322191272052,2.042711234911792
C82042,7746.0,54.58301058610896,9.992254066615027
C82047,7798.0,33.277763529110025,20.595024365221853
C82050,7880.0,47.71573604060914,8.51522842639594
C82053,8072.0,52.68830525272547,8.077304261645192
C82055,9212.0,51.487190620929226,9.954407294832826
C82056,1860.0,32.1505376344086,14.13978494623656
C82062,5799.0,49.47404724952578,12.415933781686498
C82063,4925.0,63.736040609137056,15.553299492385786
C82066,12038.0,26.831699617876723,28.800465193553748
C82070,6158.0,53.57258850276064,5.472556024683339
C82072,6583.0,70.65167856600334,2.050736746164363
C82075,6772.0,54.873006497342,7.634376845835795
C82078,7061.0,58.192890525421326,6.939526979181419
C82080,3630.0,77.43801652892562,9.75206611570248
C82082,3865.0,60.620957309184995,10.116429495472186
C82095,5306.0,70.01507727101395,7.764794572182435
C82099,5258.0,13.160897679726132,16.03271205781666
C82100,4959.0,56.32183908045977,20.004033071183706
C82111,3121.0,84.94072412688242,3.300224287087472
C82112,4356.0,55.76216712580349,27.318640955004593
C82124,7758.0,65.30033513792215,15.815931941221965
C82611,5741.0,69.93555129768333,16.05991987458631
C82628,2210.0,60.18099547511312,9.547511312217194
C83001,11864.0,56.53236682400539,16.70600134861767
C83002,7975.0,18.921630094043888,17.053291536050157
C83005,4883.0,32.95105467950031,19.209502355109564
C83014,5313.0,52.23037831733484,19.518162996423865
C83022,12201.0,67.10925333989017,6.704368494385706
C83023,8464.0,38.83506616257089,15.890831758034027
C83026,13722.0,56.85031336539863,16.440752076956713
C83027,4891.0,29.13514618687385,25.230014312001636
C83028,5029.0,73.87154503877511,6.542056074766355
C83029,3322.0,60.656231186032514,10.53582179409994
C83036,4171.0,57.612083433229444,26.660273315751617
C83038,3530.0,54.079320113314445,20.339943342776206
C83039,3065.0,64.60032626427406,7.830342577487765
C83052,2481.0,72.39016525594518,7.69850866586054
C83054,5642.0,49.73413683091103,9.216589861751151
C83055,5780.0,64.42906574394463,8.615916955017301
C83057,7494.0,26.07419268748332,8.726981585268215
C83058,5865.0,62.09718670076726,13.145780051150895
C83060,5739.0,69.85537550095836,4.931172678166928
C83065,6062.0,48.71329594193335,20.983173870009896
C83072,4778.0,63.98074508162411,10.799497697781499
C83078,3192.0,67.10526315789474,15.476190476190476
C83079,3998.0,79.51475737868934,7.628814407203602
C83082,8469.0,43.263667493210534,12.19742590624631
C83614,3633.0,59.67519955959262,16.900633085604184
C83641,4336.0,58.60239852398524,18.93450184501845
C83649,3111.0,61.33076181292189,14.368370298939247
C83650,3287.0,80.95527836933374,4.95892911469425
C84001,25987.0,14.5149497825836,16.600607996305847
C84005,8610.0,72.45063879210221,6.2020905923344944
C84012,7733.0,71.93844562265615,2.508728824518298
C84013,20067.0,8.137738575771166,41.436188767628444
C84014,7995.0,62.21388367729831,4.327704815509693
C84016,7950.0,59.874213836477985,12.943396226415095
C84017,11986.0,40.54730518938762,9.194059736359085
C84023,7204.0,83.2870627429206,3.1232648528595224
C84032,12009.0,48.613539845116165,4.271796152885336
C84036,15990.0,53.789868667917446,21.000625390869292
C84037,5942.0,24.28475260854931,7.590037024570852
C84043,7129.0,39.99158367232431,11.446205638939542
C84044,4458.0,65.72454015253477,5.361148497083894
C84046,4883.0,74.66721277902928,8.662707352037682
C84047,3901.0,43.578569597539094,22.89156626506024
C84049,7100.0,50.0,6.633802816901408
C84059,7532.0,68.79978757302177,5.084970791290494
C84060,15637.0,20.995075781799578,10.794909509496707
C84064,8718.0,20.41752695572379,12.422573984858913
C84065,3100.0,62.74193548387097,3.6774193548387095
C84066,5378.0,59.055410933432505,6.786909631833395
C84077,9057.0,40.35552611239925,8.855029259136579
C84084,6428.0,63.0522713130056,3.9203484754200373
C84086,4605.0,69.46796959826275,4.8642779587405
C84092,3472.0,40.2073732718894,12.067972350230415
C84095,6174.0,46.987366375121475,7.920310981535471
C84101,4457.0,48.05923266771371,20.05833520305138
C84107,3486.0,55.45037292025244,15.40447504302926
C84113,6775.0,66.42066420664207,6.051660516605166
C84115,7770.0,62.496782496782494,5.662805662805662
C84116,9705.0,17.166409067490985,7.789799072642968
C84120,12501.0,27.557795376369892,8.663306935445164
C84122,8098.0,42.97357372190665,13.027908125463076
C84123,4407.0,55.27569775357386,17.449512139777628
C84131,5461.0,64.09082585607031,4.962461087712873
C84136,5473.0,26.804312077471224,11.474511236981545
C84151,2424.0,72.23597359735973,4.9504950495049505
C84613,8120.0,20.862068965517242,14.704433497536947
C84619,4873.0,66.87871947465626,2.6472398932895547
C84624,3913.0,27.88142090467672,6.8745208280092
C84656,6831.0,80.69096764748939,3.7476211389254868
C84660,2910.0,68.31615120274914,6.013745704467354
C84667,3463.0,71.61420733468091,2.916546347097892
C84676,5622.0,51.707577374599786,35.48559231590181
C84679,4841.0,44.66019417475728,18.260689940095023
C84683,5252.0,48.62909367859863,9.72962680883473
C84694,4145.0,50.06031363088058,8.178528347406514
C84704,4641.0,54.51411333764275,5.559146735617324
C84714,1625.0,86.95384615384616,6.953846153846154
K83003,5111.0,53.82508315398161,23.322246135785562
K83006,20406.0,53.10692933450946,17.519357051847496
K83014,9585.0,53.19770474700052,8.88888888888889
K83021,8581.0,59.18890572194383,11.910033795594918
K83022,3301.0,63.162677976370794,17.116025446834293
K83025,5034.0,44.3186332936035,15.256257449344458
K83031,8396.0,39.23296808003811,11.886612672701286
K83032,9912.0,50.3228410008071,12.520177562550444
K83036,4988.0,56.315156375300724,18.96551724137931
K83041,31063.0,14.847245919582784,2.713839616263722
K83042,8044.0,57.620586772749874,6.016907011437096
K83050,4979.0,43.141193010644706,24.522996585659772
K83064,11987.0,66.80570618169683,9.184950362893135
K83065,2736.0,77.66812865497076,7.748538011695906
K83076,3654.0,55.71975916803503,17.48768472906404
K83616,3943.0,54.90743089018514,9.358356581283287
K83618,5176.0,52.337712519319936,20.537094281298298
K83620,3450.0,62.14492753623188,14.72463768115942
K83622,5789.0,61.375021592675765,4.318535152876144
M81002,7145.0,53.05808257522743,6.480055983205038
M81004,10002.0,60.597880423915214,6.32873425314937
M81006,11544.0,33.43728343728344,16.857241857241856
M81007,4283.0,73.40649077749241,10.950268503385477
M81008,10223.0,47.50073363983175,10.65245035703805
M81010,7434.0,70.36588646758138,4.80225988700565
M81015,6392.0,57.22778473091364,4.834167709637046
M81016,12649.0,37.425883469048934,7.289113763933908
M81017,7168.0,63.406808035714285,8.482142857142858
M81020,6761.0,58.33456589261944,7.632007099541488
M81021,6258.0,58.64493448386066,5.145413870246085
M81022,10294.0,35.12725859724111,10.598406838935302
M81024,3283.0,86.53670423393238,4.934511117879988
M81025,4120.0,61.092233009708735,3.0097087378640777
M81029,5449.0,57.80877225178932,5.707469260414755
M81037,6647.0,63.457198736272005,6.709793891981345
M81039,4584.0,70.46247818499127,5.519197207678883
M81040,11575.0,68.14686825053995,4.630669546436285
M81041,6595.0,67.46019711902957,13.631539044730857
M81049,5478.0,54.947060971157356,7.0098576122672505
M81054,5623.0,66.9393562155433,24.399786590787837
M81057,9170.0,61.592148309705564,6.117775354416576
M81061,4952.0,66.63974151857835,3.109854604200323
M81063,6668.0,56.08878224355129,5.92381523695261
M81064,5564.0,55.85909417685119,8.896477354421279
M81067,3689.0,74.19354838709677,3.849281648143128
M81072,5455.0,37.415215398716775,7.039413382218148
M81075,6024.0,57.96812749003984,8.681938911022577
M81076,1477.0,77.31888964116452,3.5883547731888963
M81091,7397.0,53.12964715425172,5.705015546843315
M81600,2481.0,72.26924627166466,7.980652962515115
M81608,3287.0,60.511104350471555,10.069972619409796
M81629,3712.0,70.36637931034483,4.094827586206897
M82002,5140.0,69.47470817120623,7.2957198443579765
M82004,11584.0,21.797306629834253,13.328729281767956
M82006,4634.0,62.08459214501511,7.229175658178679
M82008,3237.0,81.49521161569355,4.541241890639481
M82011,2781.0,66.84645810859404,7.623157137720245
M82012,5258.0,58.34918219855459,6.865728413845568
M82023,4175.0,79.1377245508982,9.053892215568862
M82025,8301.0,28.11709432598482,15.986025780026504
M82035,4138.0,49.927501208313195,12.663122281295312
M82040,4012.0,67.54735792622134,7.577268195413759
M82041,3969.0,79.9949609473419,2.3935500125976317
M82042,4468.0,53.8272157564906,7.2963294538943595
M82043,4774.0,68.72643485546712,5.467113531629661
M82047,4783.0,64.60380514321555,7.296675726531466
M82048,5163.0,54.92930466782878,5.636257989540964
M82060,6380.0,58.040752351097176,4.921630094043887
M83004,3459.0,69.73113616652212,10.725643249494073
M83005,3810.0,69.84251968503936,6.062992125984252
M83007,5226.0,61.13662456946039,7.328740910830463
M83009,6563.0,16.42541520646046,13.758951698918178
M83016,5550.0,76.30630630630631,4.954954954954955
M83018,4505.0,54.49500554938957,10.033296337402886
M83026,10386.0,25.03369921047564,8.694396302715193
M83033,5067.0,64.27866587724492,10.676929149398067
M83047,4420.0,57.60180995475113,6.018099547511312
M83048,7596.0,57.29331226961559,6.240126382306477
M83052,13389.0,62.865038464411086,6.8339681828366565
M83054,4760.0,79.24369747899159,9.579831932773109
M83062,7954.0,40.94795071662057,10.849886849383958
M83066,3793.0,53.598734510941206,9.912997627208014
M83068,8985.0,40.35614913745131,12.643294379521425
M83071,5001.0,50.68986202759448,9.618076384723055
M83074,7202.0,42.682588169952794,13.579561232990836
M83084,3202.0,76.20237351655216,2.373516552154903
M83088,6485.0,50.254433307633,16.067848882035467
M83089,6032.0,64.04177718832891,4.940318302387268
M83090,2787.0,80.6243272335845,5.238607822030858
M83096,3368.0,64.31116389548694,5.492874109263658
M83097,5322.0,65.16347237880495,5.430289364900413
M83100,3108.0,78.98970398970398,4.987129987129987
M83102,5505.0,76.20345140781109,5.413260672116258
M83107,4516.0,34.76527900797166,24.844995571302036
M83108,7967.0,59.31969373666374,5.096021086983808
M83109,2549.0,72.02824637112593,5.4138877991369165
M83113,1311.0,64.91228070175438,2.1357742181540806
M83117,5398.0,68.22897369396073,4.946276398666173
M83123,6526.0,67.30003064664419,9.990806006742261
M83132,3619.0,71.53909919867367,5.305332964907433
M83138,3645.0,72.97668038408779,4.883401920438957
M83140,4870.0,64.04517453798768,4.1273100616016425
M83143,3179.0,72.79018559295376,11.827618748033974
M83148,5878.0,64.40966315073155,4.219122150391289
M83616,3760.0,83.00531914893617,1.3297872340425532
M83625,7949.0,36.64611900868034,20.568624984274752
M83632,3613.0,72.23913645170218,2.7401051757542207
M83680,3256.0,55.374692874692876,7.30958230958231
M83682,3701.0,43.39367738449068,6.8089705485004055
M83711,2573.0,73.22191993781578,6.568208317139526
M83715,3333.0,68.31683168316832,3.7803780378037803
M84001,8269.0,38.60200749788366,9.142580723182972
M84004,6244.0,62.70019218449712,2.0499679692504804
M84006,5047.0,44.34317416286903,20.170398256389934
M84007,5304.0,68.43891402714932,11.91553544494721
M84009,3308.0,75.60459492140266,4.201934703748488
M84010,4238.0,67.01274185936762,3.1854648419065597
M84011,22911.0,23.805159093885035,6.7042032211601414
M84013,6132.0,48.385518590998046,17.80821917808219
M84014,3502.0,69.84580239862936,6.339234723015419
M84017,4878.0,59.79909799097991,5.719557195571956
M84018,4075.0,54.84662576687116,7.852760736196319
M84021,11716.0,58.287811539774665,8.142710822806418
M84026,4987.0,67.77621816723482,6.6773611389613
M84029,4728.0,50.655668358714045,7.762267343485617
M84030,6300.0,62.01587301587302,10.428571428571429
M84031,3830.0,70.0,10.52219321148825
M84032,6827.0,61.7840925736048,4.526146184268346
M84041,3575.0,68.95104895104895,3.272727272727273
M84043,11581.0,52.53432346084103,17.18331750280632
M84044,4455.0,50.437710437710436,13.647586980920314
M84047,3575.0,55.74825174825175,13.482517482517483
M84049,3968.0,79.30947580645162,5.418346774193548
M84050,2948.0,64.89145183175035,6.139755766621438
M84051,8165.0,47.728107777097364,8.560930802204531
M84055,2586.0,51.62412993039443,16.473317865429234
M84061,4643.0,56.83825113073444,16.239500323066984
M84063,2593.0,45.661396066332436,21.6737369841882
M84064,6137.0,48.78605181684863,9.239041877138668
M84066,3207.0,72.1546616775803,3.804178359837855
M84069,3807.0,83.13632781717888,2.311531389545574
M84615,16677.0,16.357858127960665,6.613899382382923
M84616,2602.0,80.28439661798616,5.14988470407379
M84627,2754.0,54.93827160493827,8.714596949891067
M84629,6959.0,76.21784739186664,3.0464147147578675
M85025,8128.0,54.416830708661415,6.9266732283464565
M85033,11610.0,47.82945736434109,9.707149009474591
M85041,3173.0,75.44910179640719,3.3722029624960603
M85046,22847.0,50.30857442990327,5.549962795990721
M85047,2535.0,85.87771203155819,5.956607495069034
M85048,10510.0,62.131303520456704,7.040913415794481
M85066,3595.0,73.46314325452016,3.4214186369958277
M85076,8136.0,36.13569321533923,11.651917404129794
M85084,5370.0,61.527001862197395,4.78584729981378
M85088,8354.0,30.392626286808714,6.045008379219536
M85108,4110.0,67.93187347931874,11.678832116788321
M85116,6073.0,66.29342993578133,3.6225917997694714
M85175,6614.0,66.6313879649229,6.410644088297551
M85177,4713.0,56.33354551241248,6.238064926798217
M85779,2214.0,86.58536585365853,3.3875338753387534
M85781,1970.0,78.1725888324873,5.177664974619289
M85792,1802.0,75.19422863485016,4.051054384017758
M86002,7314.0,39.37653814602133,9.652720809406617
M86005,3428.0,66.86114352392066,9.71411901983664
M86006,7260.0,39.94490358126722,12.479338842975206
M86007,4512.0,59.441489361702125,7.801418439716312
M86009,10094.0,48.583316821874384,2.4767188428769566
M86010,3605.0,67.65603328710125,4.909847434119278
M86012,1259.0,74.74185861795075,3.097696584590945
M86014,16605.0,48.569707919301415,3.1978319783197833
M86015,5709.0,73.13014538448064,7.987388334209143
M86016,14685.0,59.264555669050054,4.371807967313585
M86019,2890.0,79.68858131487889,4.705882352941177
M86020,5044.0,59.27835051546392,3.5091197462331483
M86029,6925.0,45.42960288808664,6.223826714801444
M86030,3017.0,58.634405038117336,5.634736493205171
M86032,8125.0,50.58461538461538,4.430769230769231
M86033,2851.0,71.62399158190108,5.015783935461242
M86035,7339.0,47.840305218694645,7.739474042785121
M86037,2466.0,71.73560421735604,8.475263584752636
M86041,7224.0,58.72093023255814,10.119047619047619
M86048,3802.0,67.64860599684377,3.340347185691741
M86617,2713.0,64.79911537043863,6.671581275340951
M86624,6795.0,70.1103752759382,6.210448859455482
M87005,4921.0,58.93111156269051,14.814062182483235
M87010,6708.0,55.84376863446631,23.658318425760285
M87015,6108.0,52.357563850687626,10.707269155206287
M87016,4689.0,45.89464704627852,12.17743655363617
M87017,6272.0,45.232780612244895,13.345025510204081
M87018,5479.0,64.6468333637525,5.055667092535134
M87020,4534.0,62.152624614027346,7.388619320688134
M87023,6270.0,69.47368421052632,4.497607655502392
M87028,6801.0,59.3442140861638,18.908983972945155
M87034,2255.0,60.48780487804878,9.889135254988913
M87037,5656.0,70.36775106082037,14.17963224893918
M87041,4017.0,54.64276823500124,7.069952701020662
M87620,3127.0,71.41029740965782,6.236008954269268
M87623,2007.0,60.936721474838066,16.99053313403089
M88006,5951.0,41.43841371198118,10.183162493698537
M88041,1949.0,71.9856336582863,4.207285787583376
M88619,6170.0,48.6871961102107,7.034035656401945
M88645,7634.0,48.83416295520042,7.427298925858004
M89024,3378.0,57.519242155121376,4.766133806986383
M91010,5484.0,57.567469000729396,1.6958424507658643
M91013,8379.0,48.31125432629192,6.659505907626208
M91017,5635.0,69.28127772848269,4.330079858030168
M91019,6808.0,60.28202115158637,11.060517038777908
M91024,1947.0,73.08680020544428,8.063687724704673
M91612,2726.0,64.52677916360969,5.062362435803375
M91614,6651.0,83.94226432115471,1.7591339648173208
M91621,2389.0,64.58769359564671,11.469233989116786
M91629,3509.0,87.97378170418922,3.0493017953833
M91637,1935.0,71.31782945736434,11.472868217054264
M91640,3221.0,64.94877367277243,7.916796026078858
M91641,1834.0,69.41112322791712,3.5986913849509268
M92008,12075.0,38.55072463768116,15.196687370600413
M92012,5399.0,61.64104463789591,4.260048157066123
M92013,3104.0,65.52835051546391,14.722938144329897
M92016,12303.0,57.56319596846298,4.381045273510526
M92607,11036.0,50.22653135193911,18.783979702790866
M92609,3672.0,66.20370370370371,15.468409586056644
Y00159,22233.0,20.78441955651509,7.421400620698961
Y02571,2596.0,76.5793528505393,6.664098613251156
Y02636,3348.0,77.35961768219833,2.837514934289128
Y02847,9084.0,36.11845002201673,13.540290620871863
Y02867,3353.0,73.30748583358186,8.827915299731584
Y03597,5792.0,48.687845303867405,4.281767955801105
Y03602,4778.0,80.76601088321473,2.7835914608622856
Y04882,6117.0,67.94180153670099,24.456432891940494
Y04977,3772.0,74.7083775185578,8.881230116648993
C81082,2738.0,80.97151205259313,9.715120525931336
C81114,8635.0,12.90098436595252,40.64852345107122
C81615,1717.0,85.6144437973209,2.38788584740827
C81647,3165.0,60.758293838862556,16.398104265402843
C82027,3372.0,56.58362989323843,10.73546856465006
C82039,7407.0,38.20710139057648,14.067773727555016
C82043,8564.0,31.503970107426436,36.92199906585708
C82048,3865.0,68.22768434670117,15.36869340232859
C82120,2519.0,72.33028979753871,6.947201270345375
C82650,4409.0,68.92719437514175,4.831027443864822
C83048,6424.0,79.99688667496886,5.323785803237858
C83067,3855.0,74.21530479896239,9.00129701686122
C84072,6683.0,54.2121801586114,3.531348196917552
C84094,11260.0,56.119005328596806,18.650088809946713
C84142,3539.0,77.8751059621362,4.210228878214185
C84144,4912.0,36.13599348534202,7.267915309446254
C84654,2632.0,70.51671732522796,4.103343465045593
C84682,3224.0,56.544665012406945,9.212158808933003
C84691,3014.0,40.07962840079628,26.04512276045123
C84692,2180.0,68.39449541284404,14.311926605504587
C84695,2735.0,62.413162705667276,20.73126142595978
K83055,2343.0,59.41101152368758,17.49893299189074
K83069,1803.0,64.94731003882418,6.156405990016639
K83080,1781.0,66.03032004491858,3.986524424480629
M81045,3064.0,74.8041775456919,3.720626631853786
M81081,3497.0,74.03488704603946,5.4046325421790105
M81092,2756.0,67.56168359941945,4.499274310595065
M82606,3721.0,69.76619188390218,6.208008599838753
M83012,5005.0,57.4025974025974,8.411588411588411
M83020,5492.0,73.65258557902403,6.973780043699927
M83027,5407.0,60.07027926761605,15.387460699093767
M83042,4115.0,63.06196840826245,7.217496962332929
M83063,2960.0,49.695945945945944,11.554054054054054
M83072,7288.0,68.38638858397366,11.05927552140505
M83127,4299.0,53.98929983717144,7.699464991858572
M83130,3393.0,65.66460359563808,3.389330975537872
M83141,3960.0,67.27272727272727,9.823232323232324
M83608,2855.0,76.5323992994746,6.935201401050788
M83619,1998.0,82.53253253253253,5.255255255255255
M83640,1506.0,62.74900398406375,14.47543160690571
M83698,1771.0,74.42123094297007,3.7831733483907395
M83719,2550.0,79.05882352941177,6.862745098039215
M84002,6174.0,61.904761904761905,4.551344347262715
M84022,5218.0,67.09467228823304,4.503641241855117
M84035,3954.0,64.36519979767324,12.44309559939302
M84620,1684.0,62.826603325415675,2.553444180522565
M85058,4884.0,70.94594594594595,7.6371826371826375
M85153,3611.0,48.21379119357519,8.141788978122404
M86028,3212.0,70.79701120797012,6.755915317559153
M86038,1599.0,76.61038148843026,3.252032520325203
M86605,1455.0,69.27835051546391,4.879725085910653
M87014,3252.0,64.97539975399754,17.742927429274292
M87019,4048.0,43.99703557312253,24.90118577075099
M91003,6773.0,0.7382253063635021,67.9167281854422
M91004,4403.0,57.892346127640245,7.835566659096071
M91021,6036.0,62.607687210072896,4.174950298210735
M91034,3705.0,72.44264507422402,3.4008097165991904
M91602,1448.0,84.04696132596685,2.0718232044198897
M91639,1236.0,72.33009708737865,3.9644012944983817
M91654,2490.0,54.97991967871486,5.381526104417671
M92015,1821.0,85.722130697419,1.098297638660077
M92022,2461.0,3.3726127590410404,91.54815115806582
M92649,2310.0,77.53246753246754,7.012987012987013
Y04969,5666.0,52.612072008471586,13.095658312742676
M87021,3766.0,68.56080722251725,8.364312267657992
C81658,1507.0,80.49104180491042,5.507631055076311
A81004,5564.0,64.00071890726096,8.662832494608196
A81005,7311.0,31.172206264532896,36.15100533442757
A81009,5502.0,50.32715376226827,21.010541621228644
A81012,4646.0,68.85492897115799,6.0051657339647
A81013,8292.0,42.81234925229136,18.08972503617945
A81014,2926.0,46.2406015037594,20.40328092959672
A81018,8803.0,60.263546518232424,11.791434738157447
A81019,6353.0,58.791122304423105,9.7434283015898
A81021,21550.0,50.23665893271462,17.48027842227378
A81022,12584.0,40.074698029243486,19.397647806738714
A81026,16152.0,27.11738484398217,13.100544824170381
A81030,9808.0,52.01876019575857,12.234910277324634
A81032,9158.0,54.935575453155714,8.866564752129285
A81034,13693.0,50.08398451763675,13.335280800408968
A81035,8050.0,44.298136645962735,17.86335403726708
A81036,6669.0,55.78047683310841,22.941970310391362
A81042,17235.0,49.93327531186539,10.890629532927184
A81046,8740.0,18.30663615560641,25.331807780320368
A81049,6093.0,52.42081076645331,13.769899885114066
A81053,5142.0,62.252042007001165,8.284714119019837
A81063,5666.0,41.298976350158846,26.844334627603246
A81064,4256.0,72.86184210526316,3.3364661654135337
A81066,4279.0,53.79761626548259,16.779621406870763
A81608,8589.0,85.77249970893003,5.320759110490162
A81610,6136.0,61.94589308996088,6.681877444589309
A81618,7600.0,42.71052631578947,8.644736842105264
A81629,9111.0,59.236088244978596,9.79036329711338
A82012,7163.0,49.839452743264,9.898087393550188
A82013,5309.0,62.89320022603127,26.65285364475419
A82014,3133.0,66.45387807213534,24.672837535908076
A82018,5519.0,75.33973545932234,6.541040043486139
A82023,3705.0,70.79622132253711,6.801619433198381
A82028,3393.0,78.01355732390215,7.220748600058945
A82038,2799.0,53.23329760628796,37.15612718828153
A82064,6507.0,49.02412786230214,10.281235592438913
A82617,1733.0,55.91459896133872,2.59665320253895
A83001,12921.0,57.41041715037536,12.119804968655677
A83009,6558.0,51.54010369014944,18.80146386093321
A83010,9176.0,40.27898866608544,36.83522231909329
A83016,8831.0,65.11153889706715,5.016419431547956
A83018,10122.0,42.442205097806756,14.532701047223869
A83021,16745.0,69.65064198268139,3.0038817557479844
A83022,19717.0,72.56174874473804,4.838464269412182
A83025,14482.0,60.94462090871426,6.773926253279933
A83026,7218.0,58.395677472984204,12.635078969243558
A83030,10053.0,67.82055107927982,10.85248184621506
A83033,6897.0,73.06075105118167,7.916485428447151
A83034,8628.0,68.6833565136764,6.165971256374594
A83036,4412.0,68.24569356300998,23.345421577515864
A83040,8970.0,65.8082497212932,5.061315496098104
A83043,1969.0,82.22447943118334,6.348400203148807
A83044,6243.0,85.61588979657216,1.7459554701265416
A83046,8546.0,64.41610109992979,10.262110929089632
A83057,15502.0,57.45710230937944,10.308347310024512
A83072,3170.0,70.78864353312302,3.690851735015773
A83075,5714.0,85.45677283864194,3.9726986349317466
A83618,6476.0,64.76219888820259,8.678196417541692
A83626,2463.0,67.23507917174177,18.838814453917987
A83627,4504.0,86.3898756660746,2.930728241563055
A83636,4451.0,73.33183554257471,5.09997753313862
A84006,12544.0,50.84502551020408,27.136479591836736
A84009,26444.0,47.88231734987143,19.970503705944637
A84016,4893.0,71.18332311465359,7.010014306151645
A84026,7817.0,50.262248944607904,7.586030446462837
A84031,6709.0,56.23788940229542,30.4516321359368
A84038,8137.0,68.12092908934497,13.198967678505591
A84040,2688.0,68.67559523809524,6.026785714285714
A84044,5079.0,41.7208111833038,32.42764323685765
A85002,3745.0,77.0894526034713,3.15086782376502
A85005,16648.0,40.329168668909176,18.704949543488706
A85006,8437.0,59.345739006755956,6.827071233850895
A85007,7308.0,56.40394088669951,24.37055281882868
A85009,5841.0,61.462078411230955,3.2015065913371
A85011,5569.0,61.932124259292515,4.112048841802837
A85016,9442.0,54.066934971404365,9.44715102732472
A85019,6288.0,66.98473282442748,5.900127226463105
A85020,9590.0,62.252346193952036,6.7257559958289885
A85026,4374.0,62.04846822130773,22.99954275262917
A85611,5668.0,75.68807339449542,8.433309809456599
A86004,7370.0,44.531886024423336,41.004070556309365
A86006,5114.0,49.88267500977708,42.2761048103246
A86008,7666.0,50.14349073832507,14.427341507957214
A86010,6647.0,54.92703475251994,2.933654280126373
A86011,8867.0,58.52035637757979,18.168489906394495
A86013,7040.0,64.82954545454545,4.332386363636363
A86016,9370.0,17.331910352187833,32.10245464247599
A86017,11857.0,54.02715695369824,13.013409800118074
A86018,8386.0,48.86715955163368,21.285475792988315
A86021,6148.0,58.083929733246585,19.307091737150294
A86022,6993.0,64.53596453596454,5.8201058201058204
A86024,5364.0,39.541387024608504,24.88814317673378
A86026,6858.0,62.19014289880432,2.668416447944007
A86028,6090.0,60.656814449917896,20.032840722495894
A86029,6863.0,55.01967069794551,18.33017630773714
A86030,9813.0,72.50585957403445,7.26587180271069
A86601,7232.0,53.08351769911504,10.923672566371682
A87004,18302.0,41.90798819801115,12.484974319746476
A87008,5656.0,80.1096181046676,2.6520509193776522
A88002,10382.0,30.34097476401464,25.89096513195916
A88010,3052.0,63.76146788990825,17.00524246395806
A88014,1962.0,72.88481141692151,5.300713557594292
A88016,5022.0,71.66467542811628,4.360812425328555
A88023,6880.0,43.88081395348837,44.40406976744186
A88601,3132.0,79.9169859514687,9.386973180076629
A89002,5672.0,70.71579689703808,6.417489421720734
A89005,4547.0,77.41367934902134,5.410160545414559
A89009,8864.0,62.75947653429603,2.2337545126353793
A89010,6243.0,61.14047733461477,4.9335255486144485
A89017,6602.0,62.496213268706455,14.435019691002726
A89018,5532.0,44.215473608098335,33.279103398409255
A89021,8866.0,62.779156327543426,1.928716444845477
A89023,7488.0,61.0309829059829,3.031517094017094
A89024,8228.0,77.90471560525036,6.283422459893048
A89025,7072.0,30.147058823529413,23.45871040723982
A89026,6410.0,65.25741029641186,15.397815912636505
A89034,2602.0,68.13989239046887,9.377401998462721
A89040,3406.0,76.18907809747505,0.8514386376981797
A89041,7825.0,69.87859424920129,3.5399361022364215
B81003,8495.0,47.66333137139494,14.808711006474397
B81008,17575.0,74.99857752489332,5.075391180654338
B81015,14940.0,72.26907630522088,8.005354752342704
B81020,9071.0,37.92305148274722,8.23503472605005
B81026,14744.0,29.700217037438957,33.118556701030926
B81030,27234.0,52.54461335095836,11.408533450833517
B81036,6636.0,67.16395418927064,4.415310427968656
B81041,3829.0,76.20788717680857,7.599895534082005
B81042,8461.0,67.73431036520506,10.199739983453492
B81045,5825.0,64.08583690987125,6.060085836909871
B81047,4768.0,62.60486577181208,11.010906040268456
B81048,36082.0,57.70744415498032,6.432570256637659
B81051,8053.0,67.36619893207501,3.0671799329442444
B81068,10975.0,40.49202733485193,16.91116173120729
B81088,6514.0,38.07184525637089,28.001228124040527
B81092,6739.0,36.340703368452296,12.494435376168571
B81099,1747.0,53.80652547223812,13.508872352604465
B81104,3657.0,77.54990429313645,8.230790265244735
B81108,4122.0,67.39446870451238,16.618146530810286
B81109,21077.0,23.281301893058785,25.88129240404232
B81112,16525.0,53.319213313161875,9.02269288956127
B81118,4140.0,82.02898550724638,4.63768115942029
B81606,3851.0,52.22020254479356,11.607374707868086
B81656,7154.0,53.03326810176125,9.435280961699748
B81697,2265.0,86.18101545253863,4.7240618101545255
B82002,2613.0,55.3769613471106,7.730577879831611
B82012,8180.0,51.24694376528117,4.388753056234719
B82013,7248.0,63.57615894039735,8.830022075055188
B82017,11088.0,56.85425685425685,14.303751803751803
B82019,1834.0,82.2246455834242,5.507088331515813
B82022,4417.0,70.59089880009056,12.497170024903781
B82023,2544.0,85.41666666666667,4.834905660377358
B82024,8381.0,59.515570934256054,12.039136141271925
B82030,3965.0,81.58890290037832,5.800756620428752
B82033,6319.0,66.56116474125653,9.57429973097009
B82042,6128.0,65.25783289817232,6.9516971279373365
B82044,6333.0,74.37233538607295,3.7738828359387337
B82045,2468.0,85.81847649918963,4.700162074554295
B82046,1869.0,66.13162118780096,11.610486891385769
B82054,12141.0,14.026851165472367,22.23869532987398
B82064,1748.0,80.89244851258582,3.4324942791762014
B82067,5052.0,80.99762470308788,8.234362628661916
B82069,5101.0,66.28112134875515,10.252891589884337
B82071,3970.0,71.61209068010075,5.138539042821159
B82075,6507.0,31.335484862455818,12.986015060703858
B82077,4119.0,78.63559116290362,4.0786598689002185
B82080,6556.0,54.95729103111653,23.53569249542404
B82083,11552.0,57.15027700831025,10.526315789473685
B82086,4018.0,55.35092085614734,27.426580388252862
B82088,6404.0,53.7632729544035,9.212991880074954
B82098,14258.0,45.83391780053304,11.039416467947818
B82100,4657.0,63.173716985183596,9.85613055615203
B82622,1112.0,65.55755395683454,2.158273381294964
B83010,6275.0,50.35856573705179,17.131474103585656
B83012,7012.0,55.932686822589844,17.969195664575015
B83014,9487.0,45.451670707283654,23.252872351639084
B83015,6720.0,53.37797619047619,4.196428571428571
B83019,4652.0,69.92691315563198,6.0404127257093725
B83022,4912.0,77.50407166123779,6.453583061889251
B83029,9881.0,20.41291367270519,21.96133994534966
B83031,2447.0,76.58357172047405,4.331834899877401
B83032,2872.0,62.5,20.9958217270195
B83034,7470.0,47.791164658634536,6.586345381526105
B83035,9593.0,54.38340456582925,23.47545084957782
B83037,7646.0,56.86633533873921,10.29296364111954
B83051,2792.0,78.8323782234957,15.222063037249283
B83055,26458.0,17.287776853881624,17.775342051553405
B83062,7684.0,46.49921915668922,16.150442477876105
B83067,5711.0,64.45456137278936,3.537033794431798
B83614,7996.0,33.35417708854427,10.01750875437719
B83624,8053.0,64.15000620886626,11.200794734881411
B83628,7891.0,47.725256621467494,14.130021543530605
B83653,11352.0,45.90380549682875,25.0
B83661,2458.0,76.81041497152157,6.550040683482506
B84008,7941.0,46.732149603324515,10.011333585190782
B84011,8628.0,52.27167362076959,9.898006490496059
B84012,15763.0,7.27653365476115,24.798578950707352
B84021,7322.0,14.080852226167714,31.180005462988255
B84613,9818.0,63.342839682216336,7.832552454675087
B85002,3604.0,60.016648168701444,12.291897891231965
B85005,3987.0,68.22172059192376,6.496112365186857
B85006,8573.0,70.72203429371282,4.72413390878339
B85015,7152.0,71.19686800894854,4.054809843400448
B85016,7218.0,81.40759213078415,3.255749515101136
B85019,9325.0,70.17694369973191,6.1554959785522785
B85022,5142.0,69.79774406845586,5.698171917541813
B85024,5313.0,54.90306794654621,15.095049877658573
B85030,38556.0,52.53916381367362,15.98194833488951
B85031,5173.0,68.08428378117146,6.669244152329402
B85036,7584.0,58.20147679324894,15.07120253164557
B85041,8909.0,78.86407004153104,4.8939274890560105
B85042,6164.0,63.07592472420506,7.203114860480207
B85054,6114.0,62.26692836113837,5.57736342819758
B85055,11955.0,55.775826014219994,14.211626934337097
B85059,5643.0,62.37816764132553,10.951621477937268
B85061,4654.0,75.7627847013322,6.059303824666953
B85612,3853.0,75.00648845055801,2.232026991954321
B85634,2636.0,68.28528072837632,1.7071320182094083
B85640,3012.0,49.933598937583,17.828685258964143
B85655,2078.0,54.42733397497594,8.373435996150144
B85660,4439.0,62.221220995719754,9.844559585492227
B86004,4448.0,81.36241007194245,2.360611510791367
B86006,7315.0,61.203007518796994,8.024606971975393
B86013,7753.0,43.0414033277441,10.77002450664259
B86020,7217.0,67.43799362616045,5.5424691700152415
B86022,6551.0,28.682643871164707,16.94397801862311
B86025,5788.0,70.45611610228057,2.436074637180373
B86038,5220.0,51.03448275862069,12.720306513409962
B86042,6177.0,66.74761210943824,10.717176622956128
B86043,5937.0,55.43203638201112,10.190331817416203
B86044,10527.0,48.209366391184574,21.373610715303506
B86052,5821.0,79.65985225906202,5.617591479127298
B86055,1982.0,60.89808274470232,19.626639757820385
B86059,12596.0,55.93045411241664,14.583994919021912
B86060,4809.0,76.21127053441464,5.406529423996673
B86066,8040.0,30.945273631840795,8.407960199004975
B86068,4896.0,78.90114379084967,2.7369281045751634
B86071,4405.0,46.92395005675369,22.156640181611806
B86096,3679.0,65.7515629247078,2.1201413427561837
B87001,7641.0,55.032063865986125,8.76848580028792
B87002,4780.0,60.56485355648535,11.673640167364017
B87006,8670.0,53.97923875432526,11.18800461361015
B87008,12755.0,34.75499803998432,14.39435515484124
B87012,5795.0,60.0862812769629,8.714408973252803
B87015,6267.0,45.619913834370514,12.318493697143769
B87018,9120.0,61.10745614035088,11.206140350877194
B87022,6784.0,37.544221698113205,11.04068396226415
C85005,7380.0,48.1029810298103,14.444444444444445
C85007,2088.0,76.62835249042146,5.699233716475096
C85010,4546.0,14.980202375714914,50.85789705235372
C85017,9001.0,58.94900566603711,6.643706254860571
C85024,5375.0,43.27441860465116,32.986046511627904
C85030,5370.0,43.910614525139664,5.325884543761639
C85614,3985.0,70.51442910915935,7.352572145545797
C85619,9077.0,53.299548308912634,6.544012338878484
C86001,7937.0,58.61156608290286,8.176893032631977
C86002,5237.0,70.42199732671376,13.939278212717204
C86003,7032.0,25.59726962457338,25.0
C86011,11680.0,48.852739726027394,28.09931506849315
C86015,5207.0,53.75456116765892,15.11426925292875
C86023,10408.0,29.73674096848578,21.983089930822445
C86025,5260.0,51.08365019011407,20.399239543726235
C86038,7371.0,61.97259530592864,17.487450820784154
C86605,8039.0,27.690011195422315,14.342579922875979
C87004,7796.0,52.937403796818884,22.126731657260134
C87007,6737.0,13.136410865370342,13.433278907525604
C87009,6435.0,67.67676767676768,7.6923076923076925
C88007,9019.0,45.35979598625125,7.717041800643087
C88015,4331.0,45.024243823597324,11.937196952205033
C88023,6528.0,53.768382352941174,5.637254901960785
C88030,6141.0,49.84530206806709,21.055202735710797
C88031,7793.0,41.062491979982035,2.8743744385987426
C88034,4976.0,63.545016077170416,9.003215434083602
C88036,7187.0,56.059551968832615,15.166272436343398
C88044,1824.0,54.71491228070175,18.75
C88046,4212.0,71.1301044634378,9.09306742640076
C88087,11361.0,53.06751166270575,17.207992254202974
C88092,5730.0,61.396160558464224,13.211169284467713
Y05248,2381.0,80.63838723225535,5.333893322133557
A82004,1579.0,88.2837238758708,4.749841671944268
A83003,5950.0,38.67226890756302,8.319327731092438
A83041,5585.0,82.82900626678604,3.849597135183527
A83060,2005.0,65.43640897755611,9.576059850374065
A83070,3827.0,81.7873007577737,5.9576691925790435
A83637,3867.0,68.91647271786915,8.43030773209206
A84020,4615.0,62.51354279523294,11.419284940411702
A84035,4338.0,82.2268326417704,2.5357307514983862
A85024,2460.0,66.0569105691057,5.894308943089431
A88009,3911.0,66.81155714650984,8.897980056251598
A89016,6485.0,44.90362374710871,31.318427139552814
B81038,7209.0,46.52517686225551,9.127479539464558
B81113,1035.0,60.57971014492754,14.492753623188406
B81663,2132.0,61.069418386491556,10.647279549718574
B82018,4720.0,81.39830508474576,6.334745762711864
B82032,4991.0,68.40312562612704,11.099979963935084
B82072,2644.0,72.65506807866868,5.521936459909228
B82628,3446.0,68.36912362159025,11.781775972141613
B85611,1905.0,73.22834645669292,9.133858267716535
B85623,2269.0,61.61304539444689,11.723226090788893
B86109,4654.0,72.32488182208853,3.7602062741727544
B87044,1491.0,75.65392354124748,2.816901408450704
C85022,13336.0,33.630773845230955,4.934013197360528
C85023,9572.0,54.03259506895111,6.498119515252821
C86026,3105.0,65.89371980676329,16.74718196457327
C88053,3405.0,69.28046989720998,9.720998531571219
C88652,1985.0,75.21410579345088,5.390428211586902
C88655,567.0,80.59964726631394,2.6455026455026456
Y01118,3051.0,72.17305801376598,13.602097672894134
E83006,2592.0,76.62037037037037,4.012345679012346
E83007,2045.0,60.488997555012226,10.75794621026895
E83010,5732.0,58.07745987438939,6.507327285415212
E83011,4009.0,49.08954851583936,10.451484160638563
E83020,4272.0,55.43071161048689,9.995318352059925
E83025,4978.0,54.84130172760145,10.586580956207312
E83026,2091.0,53.08464849354376,12.91248206599713
E83028,3178.0,65.19823788546256,5.1290119572057895
E83031,3052.0,68.11926605504587,4.652686762778506
E83034,2123.0,64.67263306641544,8.3843617522374
E83035,10842.0,52.628666297731044,10.533111971960892
E83041,1699.0,65.15597410241318,1.7657445556209534
E83044,3855.0,76.86121919584954,9.00129701686122
E83046,2971.0,57.52271962302255,13.598115112756648
E83050,2877.0,54.535974973931175,5.561348627042058
E83600,5326.0,75.47878332707472,4.337213668794592
E83621,4358.0,52.27168425883433,10.02753556677375
E83638,2466.0,57.54257907542579,22.46553122465531
E83649,2612.0,73.31546707503828,8.30781010719755
E83653,7163.0,62.05500488622086,11.95030015356694
E84003,5102.0,52.46961975695805,1.862014896119169
E84005,4784.0,80.12123745819397,1.3168896321070234
E84008,4548.0,69.0193491644679,12.708883025505717
E84012,4889.0,60.01227244835345,16.649621599509103
E84013,4314.0,67.52433936022253,3.5465924895688454
E84014,4485.0,76.8561872909699,0.8249721293199554
E84015,7201.0,60.71378975142341,6.457436467157339
E84020,4385.0,75.94070695553022,5.153933865450399
E84024,8358.0,52.345058626465665,12.120124431682221
E84028,2531.0,77.28170683524299,1.9755037534571316
E84033,3144.0,63.899491094147585,8.555979643765903
E84036,4379.0,64.01004795615437,15.574332039278374
E84042,4201.0,64.69888121875744,6.379433468221852
E84053,2243.0,85.37672759696835,4.32456531431119
E84062,3360.0,64.43452380952381,6.696428571428571
E84063,3601.0,58.87253540683144,3.165787281310747
E84066,18811.0,44.27728456754027,6.937430226994843
E84067,11288.0,27.879163713678242,7.299787384833452
E84069,9667.0,70.37343539877935,4.21019964828799
E84078,2659.0,82.58743888679955,2.5949605114704775
E84080,4061.0,65.55035705491258,10.63777394730362
E84086,4305.0,64.62253193960511,4.041811846689895
E84620,2547.0,55.75186493914409,10.797016097369454
E84626,2305.0,77.31019522776573,3.6008676789587852
E84678,2085.0,71.89448441247002,11.558752997601918
E84680,2326.0,75.75236457437661,5.803955288048152
E84685,4894.0,48.487944421740906,8.31630568042501
E84704,2283.0,72.57993867717914,9.417433201927288
E85001,5620.0,52.580071174377224,2.7580071174377223
E85004,5048.0,65.8082408874802,3.268621236133122
E85012,4267.0,52.261542067026014,12.678696976798687
E85015,32189.0,72.45021591226816,3.647208673770543
E85021,4206.0,73.72800760817879,2.0684736091298146
E85034,2616.0,57.45412844036697,5.542813455657492
E85035,4127.0,53.11364187060819,17.47031742185607
E85042,3915.0,67.9948914431673,8.122605363984674
E85048,3647.0,64.87523992322457,11.735673156018645
E85049,4708.0,48.04587935429057,5.416312659303314
E85051,4504.0,38.232682060390765,8.214920071047958
E85053,2081.0,77.60691975012014,5.766458433445459
E85061,3742.0,71.4591127739177,3.019775521111705
E85064,5136.0,66.8613707165109,1.1682242990654206
E85099,3402.0,67.5191064079953,5.849500293944739
E85107,3045.0,71.06732348111659,7.586206896551724
E85109,1967.0,80.68124046771733,2.9486527707168277
E85112,4905.0,67.1763506625892,4.689092762487258
E85116,3204.0,67.63420724094881,8.957553058676654
E85121,8106.0,56.39032815198618,8.894645941278066
E85129,3286.0,67.52891052951917,3.4692635423006695
E85130,2142.0,69.42110177404295,7.329598506069094
E85633,4486.0,71.19928666963888,6.330806954971021
E85635,2355.0,65.85987261146497,2.8025477707006368
E85656,4377.0,59.69842357779301,10.989262051633538
E85663,6304.0,68.55964467005076,8.91497461928934
E85682,5829.0,44.74180820037742,6.364728083719334
E85685,3831.0,74.57582876533542,3.445575567736883
E85696,3316.0,52.56332931242461,13.902291917973463
E85708,5666.0,51.23543946346629,18.231556653723967
E85713,2805.0,66.23885918003565,8.484848484848484
E85721,2113.0,57.21722669190724,5.726455276857548
E85735,3526.0,75.32614861032332,3.3465683494044245
E85743,2414.0,58.28500414250207,6.586578293289147
E85744,3335.0,76.16191904047976,3.4182908545727138
E85745,8022.0,62.93941660433807,5.858888057840938
E85750,4788.0,66.93817878028405,2.7777777777777777
E86004,7160.0,60.44692737430167,3.1284916201117317
E86005,4945.0,63.19514661274014,7.17896865520728
E86007,4974.0,66.60635303578609,1.708886208283072
E86009,4872.0,60.85796387520526,5.644499178981937
E86012,3217.0,59.99378302766553,9.884986011812247
E86014,2720.0,70.66176470588235,3.4558823529411766
E86015,8664.0,19.77146814404432,7.894736842105263
E86018,4477.0,47.174447174447174,9.470627652445835
E86019,3773.0,65.43864298966339,5.75139146567718
E86020,3686.0,65.2197504069452,2.441671188279978
E86022,3500.0,68.02857142857142,5.914285714285715
E86028,4223.0,71.37106322519536,5.896282263793512
E86038,4001.0,65.05873531617095,4.773806548362909
E86609,5717.0,72.8528948749344,1.8366276018891026
E86618,3485.0,59.45480631276901,6.714490674318508
E86625,1701.0,78.89476778365668,5.702527924750147
E86632,3354.0,71.64579606440071,6.618962432915922
E87002,6585.0,73.66742596810934,11.921032649962035
E87003,3380.0,59.40828402366864,3.3727810650887573
E87009,1845.0,83.36043360433604,3.5230352303523036
E87011,3599.0,69.68602389552653,7.752153375937761
E87013,5444.0,75.23879500367377,10.084496693607642
E87016,7614.0,70.44917257683215,3.060152350932493
E87024,3696.0,71.48268398268398,9.415584415584416
E87038,2910.0,80.79037800687286,1.3402061855670102
E87045,2114.0,74.92904446546831,4.446546830652791
E87047,2043.0,76.16250611845325,5.041605482134116
E87061,6551.0,67.92856052511067,2.6408181956953136
E87065,2594.0,83.30763299922899,5.58982266769468
E87070,1820.0,85.21978021978022,2.802197802197802
E87609,6034.0,73.08584686774942,8.982432880344714
E87663,2609.0,76.38942123418934,7.090839402069759
E87665,2746.0,82.15586307356155,3.641660597232338
E87677,3206.0,77.63568309419838,8.203368683718029
E87733,3817.0,75.42572701074143,7.571391144878176
E87739,2893.0,78.67265814033875,1.8320082958866228
E87750,1307.0,73.22111706197398,4.131599081866871
E87762,4813.0,65.75940162061084,3.137336380635778
F82007,7329.0,50.72997680447537,26.26552053486151
F82009,15956.0,42.04687891702181,6.235898721484081
F82013,9506.0,47.49631811487482,8.847043972228066
F82017,8237.0,42.28481243171058,20.796406458662133
F82018,6403.0,58.691238481961584,16.83585819147275
F82030,10143.0,49.89648033126294,5.4816129350290845
F82031,3998.0,54.70235117558779,18.509254627313656
F82033,2761.0,66.67873958710612,10.467222021006881
F82034,1441.0,63.49757113115892,10.131852879944484
F82039,2844.0,68.84669479606188,9.845288326300984
F82042,10898.0,44.94402642686732,21.69205358781428
F82604,3801.0,63.00973428045251,4.1041831097079715
F82630,4690.0,25.84221748400853,28.61407249466951
F82634,3002.0,63.65756162558294,9.993337774816789
F82647,2889.0,67.98200069228106,4.361370716510903
F82650,6154.0,57.718557036074095,16.769580760480988
F82660,14141.0,19.69450533908493,28.074393607241355
F82663,1999.0,60.88044022011005,16.65832916458229
F82675,2761.0,58.96414342629482,13.219847881202464
F82677,6671.0,65.25258581921751,2.533353320341778
F82680,5167.0,66.94406812463713,18.637507257596283
F83002,5250.0,56.285714285714285,7.847619047619047
F83006,5586.0,66.07590404582886,6.641604010025063
F83008,6690.0,56.99551569506726,5.321375186846039
F83011,4306.0,46.818392940083605,12.633534602879703
F83018,4388.0,69.5077484047402,8.956244302643574
F83020,4315.0,62.850521436848204,5.376593279258401
F83022,7616.0,56.289390756302524,4.359243697478991
F83032,4161.0,60.39413602499399,11.295361691900986
F83043,1837.0,83.4512792596625,2.667392487751769
F83045,3902.0,62.378267555099946,7.893388006150692
F83057,3156.0,81.62230671736376,5.576679340937896
F83061,2508.0,82.69537480063796,0.9968102073365231
F83623,4176.0,67.02586206896552,8.42911877394636
F83624,5183.0,53.32818830792977,3.5693613737217826
F83633,1237.0,92.23928860145513,0.2425222312045271
F83660,4967.0,56.77471310650292,9.240990537547816
F83681,3333.0,47.344734473447346,18.69186918691869
F84006,4999.0,44.48889777955591,3.9207841568313664
F84012,4265.0,56.858147713950764,26.283704572098475
F84013,10790.0,17.905468025949954,12.483781278962002
F84014,3602.0,52.10993892282065,10.188784008883953
F84018,5350.0,61.7196261682243,5.5327102803738315
F84025,6523.0,48.75057488885482,8.339720987275793
F84031,7752.0,52.450980392156865,8.13983488132095
F84034,4605.0,75.26601520086862,24.343105320304016
F84035,10796.0,68.78473508706928,7.289736939607262
F84036,3314.0,74.07966203983102,4.254677127338564
F84044,3210.0,56.35514018691589,16.292834890965732
F84047,4761.0,57.38290275152279,4.641881957571939
F84051,2740.0,67.2992700729927,7.226277372262774
F84053,3171.0,63.26080100914538,7.253232418795332
F84054,8305.0,77.49548464780253,5.189644792293799
F84062,4978.0,64.8654077942949,9.019686621132985
F84072,5215.0,62.10930009587728,4.9856184084372
F84074,4374.0,50.98308184727938,12.277091906721536
F84080,6886.0,13.3023525994772,23.322683706070286
F84081,6064.0,57.04155672823219,11.724934036939313
F84086,4514.0,56.02569782897652,5.117412494461675
F84111,6770.0,57.31166912850812,10.709010339734121
F84114,4359.0,50.35558614361092,9.772883688919476
F84117,4101.0,57.0592538405267,25.04267251889783
F84121,6115.0,59.329517579721994,3.0417007358953394
F84619,2230.0,35.874439461883405,8.20627802690583
F84620,5660.0,78.4452296819788,2.8798586572438163
F84640,2587.0,71.24081948202551,10.127560881329726
F84647,6869.0,67.14223322172077,11.486388120541564
F84658,5527.0,77.2209155056993,4.4689705084132445
F84670,4144.0,58.61486486486486,4.44015444015444
F84681,5460.0,46.062271062271066,30.67765567765568
F84692,4248.0,49.10546139359699,14.948210922787194
F84696,1913.0,80.083638264506,8.677469942498693
F84698,6206.0,62.63293586851434,5.220754108926845
F84717,3467.0,77.21372944909143,2.047880011537352
F84718,5807.0,62.39021870156707,10.229033924573791
F84719,2395.0,76.70146137787056,8.559498956158665
F84720,3972.0,44.13393756294058,12.059415911379658
F84729,2016.0,71.77579365079364,8.630952380952381
F84735,3583.0,82.80770304214346,6.140106056377338
F84740,2169.0,61.73351775011526,4.287690179806362
F84747,8924.0,38.110712684894665,6.252801434334379
F85010,2426.0,86.19126133553173,3.25638911788953
F85013,2835.0,57.354497354497354,8.959435626102293
F85016,4883.0,56.809338521400775,5.2017202539422485
F85020,5569.0,70.40761357514815,7.882923325552164
F85025,18914.0,20.09622501850481,61.388389552712276
F85028,3726.0,64.35856146001073,18.572195383789587
F85029,5635.0,63.47826086956522,8.251996450754215
F85033,11700.0,43.26495726495727,6.94017094017094
F85035,9205.0,35.491580662683326,7.300380228136882
F85044,4605.0,53.55048859934853,13.137893593919653
F85060,4013.0,61.89882880637927,6.1549962621480185
F85065,2647.0,57.04571212693615,17.264828107291272
F85069,3670.0,66.94822888283379,4.277929155313352
F85071,4801.0,56.86315350968548,18.037908769006457
F85678,1985.0,62.56926952141058,2.115869017632242
F85700,3546.0,57.52961082910321,15.764241398759165
F85701,5823.0,40.752189592993304,13.086038124678002
F85705,7759.0,57.236757314086866,7.294754478669931
F86008,5311.0,67.21897947655809,3.0502730182639803
F86009,4485.0,54.448160535117054,11.148272017837236
F86010,7302.0,39.52341824157765,8.929060531361271
F86011,3806.0,58.90698896479243,11.902259590120861
F86013,3852.0,28.81619937694704,32.55451713395639
F86020,4050.0,59.851851851851855,2.2222222222222223
F86025,11680.0,31.60958904109589,21.215753424657535
F86030,5444.0,68.6627479794269,4.647318148420279
F86032,5993.0,38.678458201234776,3.7210078424828965
F86036,7075.0,38.812720848056536,18.897526501766784
F86038,6091.0,61.599080610737154,8.652109670004926
F86058,5524.0,99.40260680666184,0.19913106444605358
F86066,3938.0,54.62163534789233,9.370238699847638
F86074,6164.0,79.12070084360805,3.45554834523037
F86078,3613.0,60.53141433711597,10.29615278162192
F86081,4492.0,77.76046304541407,6.745325022261799
F86082,4223.0,43.689320388349515,7.080274686242008
F86083,4128.0,54.67538759689923,25.072674418604652
F86087,4304.0,41.2639405204461,7.342007434944238
F86088,2752.0,62.281976744186046,9.44767441860465
F86612,2195.0,68.38268792710706,10.660592255125284
F86627,7397.0,48.1681762876842,13.397323239151007
F86641,4333.0,59.243018693745675,12.231710131548581
F86650,3468.0,66.14763552479816,3.8062283737024223
F86657,4035.0,51.72242874845105,10.755885997521686
F86658,3118.0,58.53110968569596,8.434894162924952
F86666,6395.0,51.46207974980454,15.574667709147771
F86701,1680.0,83.03571428571429,6.130952380952381
F86702,2745.0,56.42987249544627,7.6502732240437155
G83001,5583.0,61.5977073258105,6.00035823034211
G83009,5134.0,49.279314374756524,18.85469419555902
G83013,3470.0,31.00864553314121,14.755043227665706
G83015,4263.0,62.23316912972086,8.749706779263429
G83016,3809.0,59.333158309267525,7.6923076923076925
G83025,5470.0,57.27605118829982,12.084095063985375
G83027,9175.0,75.60762942779292,5.8964577656675745
G83028,6336.0,60.984848484848484,15.625
G83030,2396.0,77.62938230383973,2.4207011686143574
G83033,3514.0,59.24871940808196,14.968696642003415
G83049,5098.0,68.43860337387211,2.92271479011377
G83053,10343.0,63.18282896645074,6.555158077927101
G83058,5942.0,57.6910131268933,6.1763715920565465
G83066,12661.0,51.2360792986336,8.380064765816286
G83067,12077.0,26.687091165024427,11.832408710772542
G83630,4207.0,57.45186593772284,11.219396244354646
G83642,4323.0,62.29470275271802,6.222530650011566
G83654,2394.0,61.06934001670844,8.897243107769423
G83673,4908.0,58.4759576202119,6.071719641401793
G84001,4610.0,60.91106290672451,3.9696312364425164
G84002,5203.0,66.00038439361907,8.610417067076687
G84004,4138.0,53.96326727887868,21.870468825519573
G84005,2602.0,61.1837048424289,14.45042275172944
G84007,3399.0,60.72374227714034,11.562224183583407
G84008,3121.0,68.760012816405,7.145145786606856
G84009,2301.0,84.35462842242504,1.9991308126901348
G84011,3738.0,43.28517924023542,15.783841626538257
G84015,5494.0,53.312704768838735,11.285038223516564
G84016,5097.0,70.70825976064351,3.786541102609378
G84019,4653.0,58.71480765097786,7.070707070707071
G84027,11061.0,59.51541451948287,3.851369677244372
G84028,2535.0,63.31360946745562,17.159763313609467
G84030,2578.0,64.54615981380915,11.365399534522886
G84040,3433.0,60.5884066414215,13.778036702592484
G84604,4092.0,74.34017595307918,7.60019550342131
G84629,2745.0,59.052823315118395,19.271402550091075
G85001,3574.0,52.09848908785674,18.998321208729713
G85004,12753.0,53.64228024778483,4.634203716772524
G85006,2597.0,30.573738929534077,25.567963034270313
G85011,4925.0,46.72081218274111,5.685279187817259
G85014,3945.0,61.444866920152094,7.782002534854246
G85016,5625.0,65.56444444444445,7.093333333333334
G85022,7913.0,45.25464425628712,5.370908631366106
G85026,2079.0,76.91197691197691,2.2126022126022127
G85032,6673.0,55.25251011539038,7.657725161096958
G85038,17561.0,44.02938329252321,6.65110187346962
G85042,3913.0,64.45182724252491,2.6578073089700998
G85046,5199.0,79.55376033852664,7.3475668397768805
G85057,6409.0,49.836167888906225,9.377437977843657
G85073,3031.0,78.58792477730123,4.552952820851204
G85076,3459.0,63.94911824226655,9.56923966464296
G85085,3295.0,65.6752655538695,3.7329286798179058
G85086,3940.0,62.944162436548226,4.060913705583756
G85091,2285.0,81.48796498905908,1.3566739606126914
G85114,4753.0,34.06269724384599,1.367557332211235
G85121,3988.0,32.948846539618856,23.094282848545635
G85123,4496.0,52.24644128113879,3.8033807829181496
G85125,2974.0,62.5084061869536,18.52723604572966
G85129,1997.0,50.47571357035553,2.5037556334501754
G85130,2388.0,54.564489112227804,9.505862646566165
G85132,5900.0,59.33898305084746,5.440677966101695
G85134,3834.0,64.91914449660929,4.460093896713615
G85136,5301.0,64.83682324089794,2.7541973212601394
G85633,5743.0,48.49381856172732,10.673863834232979
G85642,3468.0,66.03229527104959,2.220299884659746
G85647,3968.0,59.45060483870968,8.77016129032258
G85673,2730.0,56.41025641025641,9.45054945054945
G85674,3058.0,65.76193590582079,6.0824068018312625
G85681,3144.0,49.80916030534351,12.086513994910941
G85698,4890.0,63.987730061349694,3.640081799591002
G85721,2569.0,63.21525885558583,5.994550408719346
H83001,5647.0,75.40286877988312,0.8145918186647778
H83005,8437.0,63.71933151594168,11.342894393741851
H83011,3610.0,66.0387811634349,3.3518005540166205
H83012,5380.0,55.985130111524164,13.680297397769516
H83013,6381.0,60.93088857545839,5.594734367653973
H83017,4728.0,52.87648054145516,22.906091370558375
H83021,2587.0,72.4004638577503,4.4839582528024735
H83028,5674.0,78.63940782516742,6.750088121254847
H83029,3367.0,57.82595782595783,9.652509652509652
H83030,1695.0,62.47787610619469,17.168141592920353
H83034,3554.0,60.270118176702304,5.9651097355092855
H83037,3422.0,58.35768556399766,14.845119812974868
H83627,3695.0,76.18403247631935,3.5453315290933696
H84006,5864.0,64.58049113233288,4.092769440654843
H84015,2655.0,65.16007532956685,6.47834274952919
H84016,8607.0,38.852097130242825,8.632508423376322
H84017,6787.0,64.19625755120083,5.952556357742743
H84027,7091.0,78.84642504583275,6.994782118177972
H84031,3253.0,72.1180448816477,18.475253612050416
H84033,4256.0,40.6484962406015,7.777255639097745
H84039,5014.0,65.89549262066214,16.733147187873953
H84040,4676.0,39.49957228400342,11.762189905902481
H84050,2515.0,73.558648111332,8.469184890656063
H84054,1894.0,78.03590285110876,10.295670538542767
H84055,3916.0,65.83248212461696,6.894790602655771
H84062,2634.0,72.70311313591496,3.1511009870918754
H84618,3377.0,63.8732602901984,3.760734379626888
H84619,2536.0,72.27917981072555,2.4842271293375395
H84625,2843.0,35.10376362996834,7.984523390784383
H85001,3851.0,71.95533627629187,0.5453129057387691
H85002,3655.0,60.437756497948016,6.019151846785226
H85003,4276.0,72.98877455565949,7.530402245088868
H85009,5678.0,87.81261007396971,1.109545614653047
H85012,6064.0,69.39313984168865,8.261873350923484
H85018,4102.0,69.60019502681618,4.24183325207216
H85024,4716.0,65.73367260390161,4.071246819338422
H85028,5346.0,56.95847362514029,6.004489337822672
H85029,6181.0,51.51270021032195,13.63856981071024
H85048,5670.0,53.12169312169312,11.07583774250441
H85055,3938.0,76.81564245810056,8.024377856780092
H85057,1941.0,60.123647604327665,0.824317362184441
H85065,2982.0,60.093896713615024,4.82897384305835
H85066,5247.0,67.82923575376405,11.015818562988374
H85076,6783.0,61.890019165560965,6.575261683620817
H85078,1815.0,75.20661157024793,2.7548209366391183
H85087,3337.0,68.95415043452202,10.488462691039857
H85100,2459.0,71.1671411142741,11.2647417649451
H85105,7256.0,59.10970231532525,3.7348401323042997
H85111,4596.0,65.16536118363794,8.550913838120104
H85116,5357.0,42.93447825275341,19.56318835168938
H85634,2175.0,65.65517241379311,5.977011494252873
H85637,1214.0,63.67380560131796,9.060955518945635
H85649,5962.0,52.07983898020798,6.910432740691043
H85653,6980.0,60.91690544412607,7.320916905444126
H85680,3121.0,50.81704581864787,11.791092598526113
H85693,3732.0,71.59699892818864,6.162915326902465
Y00020,3507.0,76.732249786142,3.165098374679213
Y00090,5066.0,42.38057639163048,23.608369522305566
Y00507,2205.0,57.50566893424036,3.2653061224489797
Y00612,2439.0,77.44977449774498,8.692086920869208
Y01206,2877.0,66.2148070907195,14.668057003823428
Y01221,2055.0,71.58150851581509,4.038929440389294
Y01280,1118.0,83.36314847942755,5.277280858676208
Y01291,4933.0,63.73403608351916,5.797689033042773
Y01719,7075.0,50.74204946996466,16.49469964664311
Y02342,6906.0,33.854619171734726,8.340573414422241
Y02946,3175.0,79.14960629921259,3.4960629921259843
Y03049,7155.0,66.0377358490566,4.779874213836478
Y03135,3775.0,67.62913907284768,6.039735099337748
Y03664,3889.0,41.99022885060427,19.233736178966314
Y05080,1932.0,62.31884057971015,3.8302277432712217
E83030,6804.0,44.914756025867135,5.599647266313933
E83639,3003.0,75.25807525807525,1.665001665001665
E83668,3056.0,64.33246073298429,3.141361256544503
E84030,2070.0,70.28985507246377,2.898550724637681
E84070,3358.0,75.93805836807624,3.156640857653365
E85024,3594.0,56.84474123539232,7.6238174735670565
E85045,2593.0,65.86964905514847,16.544543000385655
E85069,2748.0,85.37117903930131,2.8748180494905387
E85098,2959.0,78.7428185197702,4.123014531936465
E85623,2019.0,53.59088657751362,14.314016840019812
E85640,1318.0,75.64491654021245,5.842185128983308
E85699,5421.0,56.022874008485516,10.237963475373547
E85719,2930.0,84.67576791808874,5.051194539249146
E85734,3288.0,66.54501216545012,8.69829683698297
E86024,1998.0,76.77677677677677,5.205205205205205
E86619,1056.0,74.90530303030303,4.640151515151516
E86640,4166.0,56.28900624099856,5.7129140662506
E87006,1926.0,78.8681204569055,1.142263759086189
E87648,2330.0,80.0,7.03862660944206
E87737,2943.0,83.5202174651716,2.7183146449201496
E87741,1940.0,80.30927835051547,3.865979381443299
F82003,2883.0,69.54561220950399,9.746791536593825
F82016,2922.0,39.73305954825462,17.180013689253936
F82671,1817.0,67.52889378095762,5.393505778756191
F82674,2418.0,78.49462365591398,5.913978494623656
F83678,1805.0,70.13850415512465,6.592797783933518
F84015,5463.0,35.291964122277136,13.161266703276588
F84079,4204.0,53.73453853472883,3.9486203615604185
F84632,1403.0,64.7184604419102,8.838203848895224
F84641,1733.0,76.68782458165032,12.46393537218696
F84660,948.0,83.0168776371308,6.6455696202531644
F84716,2927.0,64.0245985650837,4.168090194738641
F84731,1000.0,55.8,5.9
F84739,2525.0,76.47524752475248,7.405940594059406
F85031,4698.0,53.59727543635589,14.005959982971477
F85625,3385.0,66.08567208271788,3.8404726735598227
F85650,2847.0,81.94590797330524,4.1798384264137685
F85666,1407.0,38.37953091684435,14.072494669509595
F85687,5466.0,50.85986095865349,15.459202341748993
F86045,1036.0,74.8069498069498,10.714285714285714
F86689,1870.0,81.97860962566845,4.010695187165775
F86712,1643.0,54.716981132075475,4.26049908703591
G83060,3122.0,65.02242152466367,5.637411915438821
G83641,1794.0,69.11928651059085,6.410256410256411
G84003,7168.0,54.185267857142854,13.755580357142858
G84013,1729.0,69.34644303065356,10.699826489300174
G84029,2238.0,47.94459338695263,13.85165326184093
G84624,1019.0,76.34936211972521,5.20117762512267
G84625,2645.0,72.4007561436673,2.1172022684310017
G84627,3365.0,23.714710252600298,13.13521545319465
G85030,2247.0,66.80017801513128,5.740987983978638
G85039,7103.0,85.48500633535126,7.039279177812192
G85052,5541.0,60.71106298502075,2.165674066053059
G85102,2194.0,78.89699179580674,0.04557885141294439
G85137,3078.0,80.70175438596492,3.183885640025991
G85644,2086.0,75.31160115052732,1.1505273250239694
G85662,3616.0,67.28429203539822,2.959070796460177
G85695,2074.0,55.689488910318225,8.24493731918997
H83010,3084.0,66.82879377431907,15.66147859922179
H83023,3602.0,58.689616879511384,5.330372015546918
H83609,2206.0,74.79601087941977,3.354487760652765
H84014,1037.0,84.5708775313404,3.085824493731919
H84051,3062.0,45.623775310254736,20.738079686479423
H84639,2438.0,59.023789991796555,6.234618539786711
H85021,3340.0,69.82035928143712,16.407185628742514
H85069,4067.0,61.150725350381116,4.966805999508237
H85082,1655.0,64.77341389728096,1.027190332326284
H85088,1571.0,72.94716740929344,7.574793125397836
H85103,3681.0,73.34963325183374,7.606628633523499
Y00918,2564.0,28.237129485179405,35.569422776911075
Y08371,2455.0,99.18533604887983,0.20366598778004075
D81011,5782.0,57.454168107921134,10.428917329643722
D81012,4879.0,75.7532281205165,5.902848944455831
D81013,5685.0,65.15391380826738,11.08179419525066
D81016,7536.0,56.289808917197455,22.79723991507431
D81018,3909.0,68.17600409311845,6.881555385008954
D81028,6114.0,68.82564605822702,9.028459273797841
D81047,4115.0,47.97083839611179,22.35722964763062
D81055,2738.0,51.49744338933528,28.743608473338202
D81057,9419.0,69.16870156067523,12.273065081218814
D81066,4315.0,81.78447276940904,5.492468134414832
D81070,3170.0,57.09779179810725,15.930599369085174
D81086,5150.0,48.46601941747573,20.038834951456312
D81607,1831.0,59.85800109229929,17.42217367558711
D81633,4403.0,41.857824210765386,27.912786736316146
D82008,11742.0,21.73394651677738,18.62544711292795
D82015,4701.0,69.17677089980855,5.74345883854499
D82023,9390.0,48.615548455804046,14.664536741214057
D82024,9427.0,46.84417099819667,8.9742229765567
D82029,12990.0,55.71208622016936,5.5889145496535795
D82034,9379.0,6.642499200341188,19.650282546113658
D82040,8404.0,67.87244169443122,8.436458829128986
D82042,6164.0,42.42375081116158,21.38221933809215
D82046,3318.0,68.68595539481615,10.337552742616033
D82050,7095.0,46.35658914728682,21.296687808315717
D82067,7786.0,52.06781402517339,15.88749036732597
D82068,6461.0,72.40365268534282,3.776505184955889
D82071,15841.0,29.21532731519475,24.019948235591187
D82073,7724.0,44.26462972553081,8.77783531848783
D82079,3107.0,67.36401673640168,6.9842291599613775
D82080,5708.0,50.99859845830414,10.756832515767345
D82088,5631.0,70.82223406144557,6.695080802699343
D83001,8223.0,66.5085735133163,5.849446673963274
D83008,7609.0,53.055592062031806,13.142331449599158
D83009,13275.0,60.218455743879474,7.992467043314501
D83020,4807.0,49.968795506552944,13.3763261909715
D83033,5197.0,67.6544160092361,17.83721377717914
D83034,9458.0,79.56227532247833,3.076760414463946
D83035,8366.0,74.52785082476692,6.120009562514942
D83037,7734.0,62.516162399793124,6.12878200155159
D83038,9989.0,46.11072179397337,20.10211232355591
D83044,6843.0,73.28657021774076,10.784743533537922
D83049,4873.0,61.42006977221424,7.161912579519803
D83051,5791.0,79.43360386807115,4.161630115696771
D83053,5863.0,69.29899368923759,3.0701006310762406
D83055,6289.0,53.63332803307362,15.073938622992527
D83057,11669.0,59.079612648898795,9.460964949867169
D83059,13461.0,16.922962632791027,17.108684347373895
D83060,24922.0,46.115881550437365,23.340823368911003
D83067,2568.0,73.55919003115265,6.269470404984424
D83069,4933.0,41.98256638962092,16.50111494019866
D83075,8642.0,53.11270539227031,10.495255727840778
D83076,3769.0,59.67100026532237,13.557972937118599
D83079,3480.0,69.85632183908046,12.586206896551724
D83084,2652.0,68.51432880844645,8.371040723981901
D83608,4111.0,69.00997324252006,10.192167355874483
E81003,8271.0,55.57973642848507,11.328738967476726
E81008,5642.0,46.49060616802552,16.465792272243885
E81012,5296.0,62.27341389728097,11.367069486404834
E81018,5149.0,42.47426684793164,12.584967954942707
E81025,3665.0,64.74761255115962,6.16643929058663
E81028,5515.0,65.09519492293744,11.078875793291024
E81030,4353.0,39.444061566735584,14.403859407305307
E81032,15229.0,43.279269814170334,18.333442773655527
E81033,7741.0,63.14429660250614,12.556517245833872
E81034,3914.0,51.532958610117525,11.778231987736332
E81037,13323.0,64.99286947384223,11.521429107558358
E81038,7855.0,50.78294080203692,7.918523233609166
E81040,5096.0,67.48430141287284,6.573783359497646
E81043,6180.0,55.0,11.391585760517799
E81052,6530.0,60.42879019908116,6.584992343032159
E81057,8585.0,49.761211415259176,16.901572510192196
E81074,7329.0,54.75508254877882,4.393505253104107
E81076,2352.0,68.1547619047619,7.057823129251701
E81632,4391.0,55.249373718970624,11.227510817581416
E81633,2609.0,53.00881563817555,16.711383671904944
E82005,15606.0,37.075483788286554,13.82801486607715
E82006,3879.0,65.66125290023201,11.033771590616139
E82012,5107.0,57.09810064617192,5.874290189935383
E82013,12028.0,51.54639175257732,8.089457931493182
E82014,5908.0,55.5517941773866,16.012186865267434
E82015,4548.0,57.959542656112575,15.435356200527705
E82017,7106.0,66.81677455671263,13.861525471432593
E82018,7211.0,33.60144224102066,10.91388156982388
E82020,3670.0,65.2316076294278,6.62125340599455
E82022,5515.0,42.8286491387126,11.4233907524932
E82027,8460.0,44.810874704491724,15.472813238770685
E82032,5622.0,60.92138029171114,7.0971184631803625
E82035,4313.0,73.98562485508927,3.8720148388592626
E82037,3795.0,60.0,13.069828722002635
E82038,10849.0,79.22389160291272,8.940916213475896
E82040,7535.0,60.968812209688124,5.666887856668879
E82041,8326.0,55.27263992313236,8.839779005524862
E82050,2907.0,67.11386308909529,1.891984864121087
E82051,5350.0,55.271028037383175,16.242990654205606
E82053,7200.0,59.083333333333336,8.11111111111111
E82055,3923.0,75.96227377007392,10.451185317359164
E82058,3498.0,61.292166952544314,9.919954259576901
E82060,6772.0,29.43000590667454,14.2055522740697
E82063,5747.0,50.68731512093266,12.928484426657386
E82068,7190.0,48.97079276773296,9.054242002781642
E82069,5016.0,75.97687400318979,5.781499202551834
E82073,12469.0,55.73021092308926,21.814098965434276
E82075,4640.0,57.69396551724138,7.392241379310345
E82081,5548.0,47.26027397260274,17.71809661139149
E82082,6442.0,46.615957777087864,12.511642347097174
E82083,4543.0,77.37178076161128,5.062733876293199
E82094,5592.0,69.84978540772532,5.954935622317596
E82099,4960.0,57.92338709677419,18.68951612903226
E82102,9540.0,45.62893081761006,9.046121593291405
E82106,5306.0,62.62721447418017,15.378816434225405
E82113,8438.0,69.90993126333254,11.495615074662242
E82115,6333.0,49.344702352755405,7.784620243170693
E82123,3879.0,45.295179169889145,12.013405516885795
E82129,5731.0,72.16890595009598,7.625196300820101
E82132,4569.0,47.29700153206391,8.667104399212082
E82133,5543.0,48.24102471585784,9.002345300378856
E82643,1934.0,71.8200620475698,5.222337125129266
E82661,2238.0,42.672028596961574,3.351206434316354
F81011,4081.0,67.09139916687087,4.680225434942416
F81023,6652.0,59.6662657847264,8.2080577269994
F81027,6584.0,48.982381530984206,13.684690157958688
F81031,4858.0,41.951420337587486,39.50185261424455
F81032,2764.0,62.62662807525326,2.1345875542691752
F81036,7136.0,55.044843049327355,19.14237668161435
F81041,5730.0,60.610820244328096,5.986038394415358
F81042,19685.0,77.8765557531115,8.874777749555498
F81043,23907.0,17.810683063537876,9.700087840381478
F81046,2235.0,63.57941834451901,5.369127516778524
F81047,4425.0,82.25988700564972,4.745762711864407
F81065,2198.0,64.92265696087352,11.692447679708826
F81066,4799.0,59.65826213794541,12.877682850593875
F81068,7453.0,62.189722259492825,11.45847309808131
F81075,8053.0,62.13833354029554,9.77275549484664
F81083,5369.0,68.09461724715962,10.07636431365245
F81096,5534.0,36.80881821467293,8.095410191543188
F81100,11357.0,61.142907457955445,8.514572510346042
F81108,3806.0,43.51024697845507,20.362585391487126
F81114,9677.0,53.59098894285419,12.245530639661052
F81117,5442.0,31.03638368246968,16.86879823594267
F81119,4394.0,68.11561219845244,9.535730541647702
F81121,6935.0,51.40591204037491,9.632299927901947
F81122,13103.0,44.56231397389911,17.827978325574296
F81126,5827.0,58.16028831302557,16.59516045992792
F81132,8928.0,46.12455197132616,10.28225806451613
F81134,3545.0,68.1805359661495,7.447108603667137
F81136,10448.0,64.64395099540582,7.628254211332313
F81144,8543.0,42.3153458972258,16.247219946154747
F81158,2487.0,62.64575794129473,15.480498592681947
F81159,3805.0,57.73981603153745,18.081471747700395
F81169,2992.0,57.88770053475936,22.827540106951872
F81170,11056.0,22.72069464544139,24.167872648335745
F81176,1397.0,72.5125268432355,10.093056549749463
F81183,3827.0,60.308335510844,16.906192840344918
F81184,4891.0,50.39869147413617,20.48660805561235
F81205,4698.0,64.94252873563218,6.704980842911877
F81216,2779.0,62.36056135300468,12.48650593738755
F81222,2878.0,57.05350938151494,13.89854065323141
F81632,1071.0,76.56395891690009,1.0270774976657329
F81633,2294.0,70.61900610287707,12.859633827375763
F81636,7793.0,46.56743231104838,31.874759399461055
F81652,2642.0,60.44663133989402,0.9462528387585163
F81674,6297.0,44.79911068762903,14.149595045259648
F81690,3606.0,76.06766500277315,3.0782029950083194
F81711,2307.0,56.220199393151276,9.18942349371478
F81725,7151.0,60.69081247377989,8.72605230037757
F81739,6008.0,61.71770972037284,3.062583222370173
F81740,3351.0,63.712324679200236,6.028051327961802
K82003,5235.0,58.28080229226361,10.983763132760268
K82009,19900.0,46.67336683417086,17.110552763819097
K82013,11846.0,54.86240081040013,6.500084416680736
K82027,1066.0,49.530956848030016,22.889305816135085
K82032,5158.0,67.75882124854594,7.716169057774331
K82039,8554.0,55.92705167173252,14.998830956277764
K82054,8269.0,41.4318539122022,20.11125891885355
K82057,1753.0,70.96406160867085,8.271534512264688
K82064,2827.0,51.538733639900954,9.58613371064733
K82065,7477.0,64.7050956265882,7.7303731443092145
K82610,3398.0,75.98587404355503,5.179517363154797
K82617,5561.0,84.98471497932027,5.988131631001618
K83017,7711.0,75.35987550252885,6.2119050706782515
Y00293,6775.0,52.84132841328413,4.206642066420664
Y00469,6541.0,61.76425622993426,15.395199510778168
Y00560,5250.0,59.67619047619048,3.123809523809524
Y01794,7398.0,47.174912138415785,25.939443092727764
Y02463,3674.0,49.94556341861731,12.792596624931955
Y02646,5642.0,47.28819567529245,9.854661467564693
Y02707,3845.0,63.69310793237971,9.414824447334201
Y02751,6231.0,74.17749959878029,9.998395121168352
Y07057,7813.0,45.02751823883271,21.336234480993216
D81001,3169.0,73.17765856737141,3.8182391921741874
D81010,4377.0,60.932145305003424,7.813570938999314
D81029,7113.0,75.74862927035007,8.786728525235484
D81033,2703.0,74.17684054753977,4.772475027746948
D81035,6171.0,56.19834710743802,6.336088154269972
D81045,4773.0,74.58621412109784,3.477896501152315
D81054,4788.0,74.31077694235589,14.369256474519633
D81060,3148.0,81.48030495552732,5.209656925031767
D81084,5892.0,50.780719619823486,12.372708757637474
D81603,5283.0,36.797274275979554,15.57826992239258
D82043,4550.0,50.527472527472526,6.021978021978022
D82072,3171.0,64.30148218227689,6.401766004415011
D83043,4595.0,35.12513601741023,25.44069640914037
D83073,2568.0,81.81464174454828,2.5700934579439254
E81049,5483.0,44.06346890388473,4.377165785154113
E81631,3318.0,30.59071729957806,23.206751054852322
E82004,2195.0,67.65375854214123,12.665148063781322
E82088,5129.0,72.48976408656658,11.522713979333203
E82121,2642.0,73.4670704012112,4.806964420893262
E82626,1544.0,75.06476683937824,6.7357512953367875
F81003,2537.0,66.96886085928261,14.544737879385101
F81020,4617.0,76.0233918128655,5.0682261208577
F81025,4328.0,50.94731977818854,13.978743068391866
F81069,11212.0,31.724937566892613,9.819835890117732
F81087,7632.0,38.01100628930818,17.71488469601677
F81088,1492.0,71.31367292225201,14.611260053619302
F81106,4252.0,44.70837253057385,21.51928504233302
F81155,3141.0,66.34829672078956,6.781279847182426
F81165,2016.0,79.1170634920635,8.283730158730158
F81177,2035.0,64.52088452088452,12.874692874692874
F81618,3373.0,54.4026089534539,7.797213163356063
F81619,2422.0,78.48885218827415,5.615194054500413
F81669,2010.0,66.31840796019901,15.223880597014926
F81730,3855.0,63.50194552529183,9.00129701686122
Y00758,1166.0,60.4631217838765,18.353344768439108
A82007,7737.0,55.74512084787386,13.05415535737366
A82009,4702.0,79.94470438111442,7.698851552530838
A82025,6008.0,67.50998668442077,12.899467376830891
A82026,10778.0,61.124512896641306,18.370755242159955
A82030,3475.0,76.77697841726619,7.16546762589928
A82033,5107.0,57.33307225376934,17.192089289210887
A82062,4708.0,57.4553950722175,9.175870858113848
A82072,4399.0,59.44532848374631,12.116390088656512
N81005,5221.0,72.49569048075081,3.1794675349549895
N81008,8441.0,60.94064684279114,3.945030209690795
N81009,4099.0,61.47840936813857,5.31837033422786
N81016,11806.0,38.27714721328138,21.11638150093173
N81025,5140.0,72.31517509727627,7.276264591439689
N81028,4344.0,75.89779005524862,4.558011049723757
N81029,5387.0,84.92667532949693,1.800631149062558
N81041,7582.0,49.235030335003955,7.676074914270641
N81049,11784.0,71.66496945010184,9.742023082145282
N81051,3539.0,68.6634642554394,9.183385137044363
N81052,4350.0,65.17241379310344,8.873563218390805
N81055,2664.0,79.95495495495496,6.156156156156156
N81060,7906.0,53.313938780672906,3.8831267391854287
N81061,4306.0,77.63585694379935,3.9015327450069672
N81062,6291.0,76.95120012716579,5.261484660626292
N81068,7788.0,39.20133538777606,11.99280945043657
N81069,2721.0,77.4715178243293,5.622932745314222
N81070,4572.0,76.88101487314086,6.3867016622922135
J81002,7043.0,49.83671730796536,4.117563538264944
J81006,12699.0,25.5925663438066,20.663044334199544
J81009,6810.0,36.24082232011747,13.215859030837004
J81012,22839.0,24.296160077061167,22.601690091510136
J81014,9599.0,42.85863110740702,19.022814876549642
J81018,5633.0,61.334990236108645,9.178057873246937
J81020,2335.0,70.44967880085653,4.668094218415417
J81021,16831.0,13.04735309844929,20.84843443645654
J81028,8431.0,30.162495552129048,17.21029533863124
J81034,7501.0,39.92800959872017,15.691241167844288
J81035,3691.0,85.55946897859658,3.9555675968572204
J81047,4555.0,65.57628979143799,12.799121844127333
J81051,6489.0,55.370627215287406,8.522114347357066
J81062,6901.0,68.80162295319519,8.679901463556007
J81070,4057.0,70.59403500123244,6.58121764850875
J81074,2312.0,67.08477508650519,12.153979238754324
J81086,3744.0,73.4241452991453,6.57051282051282
J81620,11799.0,65.60725485210611,9.7550639884736
J83006,6694.0,60.15835076187631,10.621452046608903
J83008,6115.0,35.29026982829109,26.001635322976288
J83013,3593.0,73.05872529919287,10.798775396604508
J83016,17980.0,58.25917686318131,10.511679644048943
J83018,7112.0,42.097862767154105,13.849831271091114
J83019,8405.0,62.581796549672816,7.4360499702558
J83023,4841.0,63.74715967775253,13.303036562693658
J83026,10533.0,57.94170701604481,3.9589860438621476
J83029,5401.0,71.357156082207,2.1477504165895205
J83038,24391.0,38.89139436677463,23.635767291213973
J83040,14465.0,33.453162806774976,11.621154510888351
J83046,5550.0,21.243243243243242,21.873873873873872
J83049,7923.0,61.731667297740756,18.010854474315284
J83050,5747.0,25.613363493996868,20.20184444057769
J83058,2908.0,79.6079779917469,6.636863823933975
L81008,4223.0,65.82997868813639,4.428131659957376
L81010,4271.0,78.50620463591665,6.462186841489113
L81012,6505.0,42.98232129131437,25.25749423520369
L81014,4327.0,56.667437023341805,10.16870811185579
L81017,5928.0,51.93994601889339,10.914304993252362
L81021,5696.0,69.71558988764045,7.759831460674158
L81030,3112.0,57.455012853470436,13.72107969151671
L81037,12211.0,47.66194414871837,8.32036688231922
L81042,7656.0,41.53605015673981,10.384012539184953
L81044,5799.0,79.01362303845491,2.638385928608381
L81045,9756.0,56.22181221812218,9.43009430094301
L81047,5483.0,68.11964253146088,6.620463250045596
L81050,4623.0,53.77460523469608,5.494267791477395
L81054,7872.0,42.390752032520325,6.300813008130081
L81058,4203.0,71.97240066619082,2.474423031168213
L81059,3641.0,54.13347981323812,15.297995056303213
L81063,5797.0,34.34535104364326,8.814904260824564
L81065,5381.0,70.74893142538562,8.808771603791117
L81066,3841.0,66.77948450924238,12.913303827128352
L81069,5095.0,79.76447497546614,8.498527968596663
L81071,5668.0,55.028228652081864,12.949894142554694
L81073,2852.0,73.87798036465638,5.925666199158485
L81075,7734.0,55.57279544866822,13.977243341091285
L81081,6944.0,71.71658986175115,3.2546082949308754
L81083,5637.0,62.65744190172077,5.8719176867127905
L81085,3737.0,61.412898046561416,18.785121755418785
L81089,5129.0,44.47260674595438,28.99200623903295
L81090,5481.0,69.1662105455209,2.1528918080642216
L81091,7220.0,63.13019390581717,6.371191135734072
L81095,10230.0,73.18670576735093,5.30791788856305
L81106,3214.0,75.54449284380834,3.0491599253266957
L81118,9394.0,68.5863317010858,6.642537790078774
L81132,3224.0,69.63399503722084,12.28287841191067
L81133,5356.0,72.4421209858103,1.7737117251680359
L81600,5670.0,80.84656084656085,8.112874779541446
L81617,2696.0,87.20326409495549,0.9643916913946587
L81644,3298.0,78.19890842935112,3.7295330503335355
L82004,3767.0,43.695248208123175,13.857180780461906
L82008,6246.0,53.954530899775854,7.044508485430676
L82013,6645.0,55.51542513167795,18.239277652370202
L82022,7349.0,53.66716560076201,9.960538848822969
L82026,4875.0,48.84102564102564,7.835897435897436
L82029,6066.0,66.13913616880976,4.665347840422024
L82039,3555.0,80.028129395218,3.319268635724332
L82041,9603.0,38.706654170571696,10.996563573883162
L82044,5204.0,20.96464258262875,23.80860876249039
L82045,7014.0,31.494154548046765,21.78500142571999
L82047,6355.0,63.273013375295044,4.327301337529504
L82049,6855.0,64.24507658643326,5.557986870897155
L82054,15073.0,19.830159888542426,16.612485901943874
L82056,5849.0,69.39647803043255,9.04428107368781
L82058,3948.0,52.40628166160081,7.218844984802431
L82061,4088.0,74.97553816046967,9.222113502935422
L82066,4537.0,52.126956138417455,9.411505400044081
L82622,4424.0,62.5,5.492766726943942
L83002,5755.0,65.75152041702867,14.439617723718506
L83012,2096.0,70.41984732824427,5.820610687022901
L83014,12461.0,46.60942139475163,6.741032019902095
L83020,5890.0,67.91171477079796,7.589134125636672
L83021,4389.0,42.10526315789474,16.24515835042151
L83025,4300.0,69.09302325581395,11.488372093023257
L83026,2215.0,86.59142212189616,5.28216704288939
L83028,5206.0,60.583941605839414,5.704955820207453
L83036,6117.0,70.3612882131764,2.4194866764753966
L83039,2335.0,74.90364025695932,7.623126338329764
L83042,4778.0,47.19547928003349,14.943491000418586
L83048,5402.0,70.8441318030359,10.51462421325435
L83051,4397.0,61.01887650670912,8.301114396179214
L83052,3817.0,67.17317264867697,10.26984542834687
L83055,8601.0,26.845715614463433,21.939309382629926
L83070,2317.0,83.68580060422961,5.351747949935261
L83073,8568.0,62.8734827264239,13.982259570494865
L83084,3799.0,42.16899183995788,14.4248486443801
L83085,11981.0,59.61939737918371,16.960186962690926
L83088,3327.0,78.89990982867448,3.2161106101593027
L83094,4659.0,66.25885383129427,13.543678901051727
L83098,2945.0,91.10356536502546,1.935483870967742
L83101,9182.0,63.820518405576124,6.763232411239382
L83102,4790.0,86.47181628392484,2.338204592901879
L83103,8520.0,43.720657276995304,6.877934272300469
L83105,3918.0,70.0357325165901,11.485451761102603
L83106,6920.0,59.85549132947977,13.641618497109826
L83111,11318.0,58.826647817635624,11.521470224421275
L83112,3665.0,77.81718963165075,3.8744884038199183
L83118,10706.0,49.63571828881001,12.77788156174108
L83136,3831.0,67.76298616549204,9.475332811276429
L83147,6284.0,56.03119032463399,8.147676639083386
L83648,7524.0,67.38437001594896,7.083997873471557
L83655,4436.0,61.45175834084761,3.990081154192967
L84016,3627.0,83.59525778880618,3.391232423490488
L84018,4668.0,68.808911739503,10.582690659811483
L84027,11484.0,74.79972135144548,5.337861372344131
L84029,11941.0,59.78561259526003,7.90553554978645
L84034,6547.0,63.83076218115167,10.096227279670078
L84036,3288.0,59.94525547445255,16.119221411192214
L84040,4268.0,23.125585754451734,31.443298969072163
L84041,6598.0,36.435283419217946,15.838132767505305
L84043,3331.0,58.51095767036926,12.939057340138097
L84054,6570.0,67.13850837138509,6.2404870624048705
L84075,5208.0,74.32795698924731,9.312596006144393
L84077,6456.0,62.79429987608426,7.574349442379182
L84080,8301.0,65.07649680761354,16.588362847849655
L84081,2534.0,77.42699289660615,6.195737963693765
L84606,5949.0,58.413178685493364,14.624306606152295
L85002,6202.0,82.76362463721381,13.028055465978717
L85003,3435.0,80.29112081513829,8.355167394468705
L85007,6837.0,54.11730291063332,9.945882697089367
L85009,6938.0,75.28106082444509,7.163447679446526
L85011,4576.0,66.45541958041959,3.430944055944056
L85017,4765.0,64.15529905561385,4.952780692549843
L85020,5556.0,57.75737940964723,9.251259899208064
L85023,7800.0,35.333333333333336,6.1923076923076925
L85026,3027.0,62.70234555665676,11.562603237528906
L85027,3020.0,74.30463576158941,6.986754966887418
L85033,9908.0,60.082761404925314,13.595074687121517
L85036,4143.0,67.36664252956794,13.444363987448709
L85037,2448.0,78.18627450980392,5.514705882352941
L85042,8737.0,54.84720155659838,8.240814925031476
L85046,3341.0,79.4971565399581,7.542651900628554
L85056,5449.0,67.79225545971738,9.341163516241512
L85061,2573.0,67.27555382821609,5.868635833657209
L85065,6012.0,78.06054557551563,6.986027944111776
L85066,5041.0,70.2836738742313,18.389208490378895
L85624,4643.0,65.56105965970278,10.704286021968555
Y00568,1751.0,73.32952598515134,13.420902341519131
Y00969,9364.0,48.09910294745835,8.30841520717642
Y02578,2491.0,71.65796868727419,7.788036932958651
Y04662,3679.0,41.696113074204945,15.493340581679805
J81045,7905.0,55.9392789373814,19.038583175205567
J81053,2549.0,77.12828560219694,8.78775990584543
J81068,3264.0,70.22058823529412,6.954656862745098
J81621,5282.0,76.61870503597122,6.777735706171905
J83618,2800.0,52.32142857142857,17.142857142857142
L83007,4835.0,64.44674250258531,16.111685625646327
L83041,4415.0,77.50849377123443,1.3590033975084939
L83049,1674.0,80.34647550776583,6.332138590203106
L83054,3813.0,54.94361395226856,21.26934172567532
L83071,4525.0,72.92817679558011,10.430939226519337
L83081,2797.0,57.84769395781194,11.154808723632463
L83137,5342.0,35.64208161737177,16.566828903032572
L83666,1630.0,50.98159509202454,22.822085889570552
L84022,3288.0,54.8661800486618,10.888077858880779
L84025,2045.0,76.67481662591688,5.183374083129585
L84051,6055.0,60.54500412881916,4.178364987613542
L84085,2331.0,77.13427713427713,8.022308022308023
L84613,2033.0,57.156910969011314,21.101819970486964
L85004,8482.0,43.70431502004244,6.248526290969111
L85040,3589.0,83.17079966564502,4.6531067149623855
L85047,2641.0,81.2570995834911,3.52139341158652
L85601,2480.0,71.93548387096774,5.967741935483871
L85611,1539.0,79.53216374269006,10.981156595191683
G81002,3847.0,46.34780348323369,10.969586690927995
G81016,11655.0,22.874302874302874,20.712140712140712
G81017,7696.0,48.53170478170478,5.470374220374221
G81018,8622.0,23.741591278125725,4.836464857341684
G81028,8099.0,28.324484504259786,16.928015804420298
G81031,10930.0,,7.0356816102470265
G81034,12041.0,38.42704094344324,8.446142346981148
G81036,4510.0,63.28159645232816,6.319290465631929
G81039,16647.0,35.71814741394846,5.868925331891632
G81044,5708.0,39.52347582340575,8.847231955150665
G81046,4553.0,59.147814627717985,11.772457720184494
G81051,5009.0,77.26093032541425,6.648033539628669
G81054,5032.0,74.24483306836248,6.418918918918919
G81073,3307.0,40.489869972785,9.162382824312065
G81077,12017.0,30.70649912623783,12.881750852958309
G81083,4528.0,51.56802120141343,19.324204946996467
G81086,4568.0,56.21716287215411,6.633099824868651
G81099,6432.0,45.19589552238806,3.3582089552238807
G81100,10992.0,59.224890829694324,10.680494905385736
G81646,1184.0,80.74324324324324,2.7871621621621623
G82006,5191.0,54.921980350606816,19.49528029281449
G82007,6855.0,40.78774617067834,5.660102115244348
G82013,9998.0,42.69853970794159,14.562912582516503
G82014,8710.0,45.533869115958666,22.158438576349024
G82015,4600.0,58.84782608695652,16.804347826086957
G82016,4478.0,58.39660562751228,9.781152300133988
G82020,7283.0,43.96539887409035,15.900041191816559
G82031,4903.0,61.16663267387314,17.6014684886804
G82032,7811.0,62.936883881705285,9.64025092817821
G82037,5977.0,45.256817801572694,17.95214990798059
G82048,3898.0,56.798358132375576,14.31503335043612
G82056,4844.0,42.83649876135425,17.898431048720067
G82059,6063.0,67.62328880092363,9.120897245587992
G82066,6514.0,38.839422781700954,10.684679152594413
G82069,7055.0,50.77250177179305,8.717221828490432
G82076,5889.0,33.605026320258105,8.863983698420785
G82092,5981.0,49.02190269185755,15.499080421334225
G82105,12411.0,57.37652082829748,9.346547417613408
G82115,4234.0,63.4624468587624,20.666036844591403
G82119,22292.0,18.63897362282433,11.945989592678988
G82120,9622.0,51.4965703595926,7.358137601330284
G82125,5431.0,72.14141042165348,2.927637635794513
G82137,3404.0,64.42420681551117,8.813160987074031
G82143,4155.0,47.60529482551143,11.528279181708784
G82152,3197.0,39.474507350641225,11.510791366906474
G82165,4761.0,67.02373450955682,8.548624238605335
G82215,3229.0,51.8426757510065,15.298854134406938
G82217,1582.0,66.1188369152971,3.2237673830594185
G82226,3547.0,66.73244995771074,4.398082886946716
G82228,7519.0,31.7728421332624,28.44793190583854
G82232,3287.0,64.46607849102526,10.34377852144813
G82235,4002.0,41.22938530734633,10.69465267366317
G82631,3683.0,78.84876459408092,7.195221286994298
G82634,13741.0,28.644203478640566,35.259442544210756
G82647,10765.0,43.3348815606131,18.235020901068278
G82666,9546.0,47.66394301278022,9.899434318038969
G82684,2495.0,59.55911823647295,4.248496993987976
G82693,8202.0,39.453791758107776,14.033162643257741
G82702,4257.0,63.4954193093728,4.792107117688513
G82729,4704.0,68.81377551020408,11.989795918367347
G82733,2163.0,66.0656495607952,1.3869625520110958
G82754,2385.0,50.81761006289308,16.51991614255765
G82808,5912.0,69.02909336941813,4.7361299052774015
H81004,6169.0,50.64029826552115,11.57399902739504
H81006,3771.0,65.2877220896314,6.496950411031556
H81010,6127.0,58.560470050595725,5.3859964093357275
H81011,4562.0,55.87461639631741,14.29197720298115
H81013,9462.0,60.1141407736208,9.469456774466286
H81015,3282.0,66.39244363193176,9.658744667885436
H81017,10851.0,52.64030964888029,6.672196110957516
H81021,9241.0,46.87804350178552,8.11600476138946
H81022,3037.0,73.46065195917024,11.162331247942047
H81024,4173.0,69.92571291636712,8.147615624251138
H81026,4226.0,61.878845243729295,13.369616658778988
H81027,6905.0,47.00941346850109,9.659666908037654
H81029,3414.0,66.7252489748096,3.5442296426479203
H81035,4014.0,80.04484304932735,1.4947683109118086
H81036,3742.0,68.11865312667022,11.063602351683592
H81040,4052.0,70.80454096742349,6.5153010858835145
H81042,5442.0,65.5273796398383,6.854097758177141
H81044,1692.0,61.82033096926714,7.2695035460992905
H81045,3934.0,73.33502796136248,5.236400610066091
H81046,3872.0,54.77789256198347,5.242768595041323
H81050,4301.0,45.198790978842126,13.787491281097418
H81051,3243.0,53.80820228183781,5.334566759173605
H81052,6915.0,56.31236442516269,7.288503253796096
H81062,8650.0,46.982658959537574,8.589595375722544
H81067,7830.0,41.81353767560664,4.035759897828863
H81068,4090.0,80.17114914425427,4.669926650366748
H81070,3847.0,46.89368338965428,9.279958409149987
H81072,5488.0,74.01603498542273,9.220116618075801
H81076,4279.0,75.92895536340266,4.627249357326479
H81084,5523.0,43.59949302915082,15.96958174904943
H81085,3152.0,78.93401015228426,10.215736040609137
H81087,7795.0,54.32969852469532,6.966003848620911
H81088,6229.0,65.3234869160379,19.200513726119762
H81089,7688.0,35.17169614984391,11.290322580645162
H81104,3617.0,60.10505944152613,8.515344207907106
H81107,3935.0,68.81829733163913,3.8119440914866582
H81126,2454.0,63.81418092909536,6.112469437652812
H81131,2439.0,62.27962279622796,8.733087330873309
H81134,5383.0,59.09344231840981,11.25766301318967
H81618,3031.0,57.043879907621246,7.159353348729792
H81641,1292.0,71.9814241486068,6.037151702786378
H81658,3545.0,59.7179125528914,3.469675599435825
H81663,2303.0,49.9348675640469,2.3013460703430306
H81672,2229.0,73.26155226558996,6.774338268281741
H82007,6402.0,50.734145579506404,6.810371758825367
H82013,6480.0,66.51234567901234,6.635802469135802
H82016,5968.0,37.65080428954423,18.599195710455763
H82023,18607.0,24.97447197291342,7.438060944805718
H82026,6386.0,69.18258690886314,7.892264328217977
H82028,8006.0,50.24981264051961,20.372220834374218
H82033,5026.0,48.408276959808994,11.380819737365698
H82036,3269.0,59.71245029060875,11.13490364025696
H82038,7138.0,60.71728775567386,11.235640235360044
H82041,5198.0,67.17968449403617,9.138130050019239
H82043,6937.0,50.20902407380712,10.725097304310221
H82046,7967.0,43.931216267101796,6.188025605623196
H82047,6465.0,62.443928847641146,7.0533642691415315
H82049,5183.0,53.03878062897935,11.55701331275323
H82051,5271.0,56.72547903623601,7.247201669512426
H82059,10288.0,47.20062208398134,9.875583203732504
H82067,4284.0,67.60037348272643,2.824463118580766
H82070,7109.0,60.16317344211563,7.596005064003376
H82076,2075.0,83.75903614457832,4.240963855421687
H82088,4287.0,50.73477956613016,7.0912059715418705
H82091,3570.0,65.85434173669468,8.4593837535014
H82092,7022.0,64.44033039020222,5.169467388208488
H82095,4275.0,62.94736842105263,8.046783625730994
H82099,5114.0,61.26319906140008,7.0981619084865075
J82002,8462.0,68.47081068305366,2.4816828173008747
J82005,3183.0,65.81841030474395,3.550109959158027
J82010,10109.0,52.00316549609259,10.723118013651202
J82017,4043.0,68.95869403907989,9.275290625772941
J82034,7573.0,70.96263039746468,6.272283111052423
J82035,6327.0,43.54354354354354,13.67156630314525
J82036,2088.0,81.56130268199233,6.0344827586206895
J82040,20195.0,30.126268878435255,23.27308739787076
J82042,7903.0,55.32076426673415,15.62697709730482
J82049,10549.0,44.57294530287231,9.005592947198787
J82051,10699.0,27.217496962332927,22.05813627441817
J82053,4954.0,71.86112232539362,7.387969317723052
J82064,5728.0,33.763966480446925,17.335893854748605
J82075,2906.0,81.55540261527874,5.540261527873366
J82079,3958.0,64.98231430015159,19.656392117230926
J82080,6715.0,82.11466865227104,3.737900223380491
J82088,6307.0,60.837165054701124,7.785000792769938
J82092,4538.0,59.607756721022476,2.0713970912296165
J82099,5637.0,68.60031931878659,6.404115664360475
J82101,10138.0,66.93627934503847,13.355691457881239
J82102,11871.0,62.24412433661865,5.9556903377979955
J82103,4880.0,81.74180327868852,3.3401639344262297
J82110,8538.0,56.7111735769501,5.282267509955493
J82112,12483.0,54.32187775374509,4.606264519746856
J82116,4968.0,76.08695652173913,6.964573268921095
J82119,5228.0,70.54322876817139,7.421576128538638
J82120,5725.0,55.91266375545852,5.956331877729258
J82121,4381.0,68.11230312713992,6.436886555580918
J82124,4340.0,67.92626728110599,10.43778801843318
J82125,4647.0,60.4906391220142,3.5076393372068
J82128,4891.0,50.52136577387037,12.737681455735023
J82130,10721.0,59.173584553679696,13.31032552933495
J82131,4380.0,45.91324200913242,13.972602739726028
J82138,4484.0,,7.872435325602141
J82139,5682.0,59.71488912354805,13.005983808518128
J82149,8208.0,37.682748538011694,14.668615984405458
J82152,2772.0,43.43434343434343,13.167388167388168
J82155,18847.0,50.05040590014326,7.4812967581047385
J82163,7311.0,64.06784297633703,12.446997674736698
J82196,6401.0,46.68020621777847,6.342758943915014
J82199,6437.0,66.4906012117446,3.510952306975299
J82208,4270.0,68.10304449648712,8.2903981264637
J82214,5220.0,71.3984674329502,14.272030651340996
J82628,2876.0,72.39221140472878,6.0848400556328235
J82630,2278.0,71.42230026338893,1.273046532045654
J82646,10493.0,39.73124940436482,15.486514819403412
J84004,3798.0,87.46708794102159,3.8441284886782516
J84013,15833.0,23.204699046295712,14.242405103265332
J84016,4428.0,69.82836495031617,5.39747064137308
J84017,7152.0,34.955257270693515,10.276845637583893
K81004,5807.0,48.42431548131565,12.622696745307387
K81010,3527.0,76.63736886872697,0.9639920612418486
K81014,6293.0,62.86349912601303,3.924996027331956
K81015,1863.0,78.90499194847021,6.494900697799249
K81017,6178.0,80.36581417934606,5.908060861120104
K81025,8653.0,76.18167109672946,5.188951808621288
K81027,5886.0,58.036017669045194,25.756031260618418
K81030,19109.0,39.79276780574598,16.88209744099639
K81034,6394.0,56.05254926493588,10.369096027525805
K81042,3627.0,69.23076923076923,6.837606837606837
K81051,5656.0,62.42927864214993,10.59052333804809
K81052,3627.0,71.43644885580369,11.80038599393438
K81057,3740.0,86.89839572192513,3.6363636363636362
K81062,10624.0,63.5730421686747,8.179593373493976
K81063,10505.0,56.04950023798191,10.718705378391242
K81068,5140.0,66.36186770428016,7.35408560311284
K81073,5854.0,63.11923471130851,10.693542876665528
K81080,5808.0,60.27892561983471,4.21831955922865
K81083,9731.0,62.3779673209331,7.738156407357928
K81085,6294.0,42.564346997140134,3.7972672386399746
K81102,3533.0,60.090574582507784,14.690065100481178
K81605,14847.0,58.38890011450125,3.9806021418468376
K81607,2384.0,59.85738255033557,10.947986577181208
K81610,16980.0,25.400471142520612,8.969375736160188
K81630,7296.0,70.80592105263158,2.3848684210526314
K81636,4383.0,52.794889345197355,8.053844398813599
K81644,5801.0,69.19496638510601,2.654714704361317
K81645,4290.0,63.03030303030303,5.477855477855478
K82021,7011.0,47.58237056054771,9.157038938810441
K82022,4336.0,47.64760147601476,13.261070110701107
K82028,2933.0,64.98465734742584,8.557790658029322
K82031,2660.0,46.2406015037594,10.902255639097744
K82033,5638.0,34.03689251507627,29.21248669741043
K82036,6518.0,56.689168456581776,7.701749002761583
K82037,6078.0,42.875946034879895,14.116485686080948
K82038,10960.0,39.096715328467155,4.087591240875913
K82040,5130.0,57.19298245614035,3.54775828460039
K82044,4251.0,58.36273817925194,9.221359680075276
K82045,2387.0,69.71093422706326,6.661080854629242
K82047,11514.0,50.37345839847143,19.150599270453363
K82051,4768.0,56.87919463087248,5.5369127516778525
K82053,5232.0,59.72859327217125,12.34709480122324
K82055,5802.0,40.882454326094454,7.687004481213375
K82068,2682.0,65.02609992542878,5.741983594332588
K82073,12679.0,36.14638378421011,11.404684912059311
K82078,5856.0,66.71789617486338,4.6960382513661205
K82079,3203.0,46.518888541991885,10.677489853262566
K82603,9319.0,19.27245412597918,12.372572164395322
K82621,1395.0,75.6989247311828,3.225806451612903
K84001,5293.0,60.13602871717362,14.944266011713584
K84008,5119.0,71.45926938855246,11.310802891189686
K84013,10283.0,60.24506466984343,5.426431975104541
K84014,5095.0,72.30618253189401,10.28459273797841
K84017,9363.0,49.75969240628004,8.384064936451992
K84020,5423.0,67.65627881246543,8.66678959985248
K84023,3786.0,78.97517168515584,3.618594823032224
K84026,3770.0,76.73740053050398,2.5729442970822283
K84027,7661.0,70.47382848192142,10.93851977548623
K84035,6627.0,65.27840651878678,3.138675116945828
K84054,7980.0,74.87468671679198,9.260651629072681
K84056,2855.0,76.88266199649738,5.53415061295972
K84059,6498.0,61.58818097876269,8.156355801785164
K84060,2414.0,77.83761391880697,3.4382767191383596
K84071,4150.0,54.98795180722892,13.493975903614459
K84072,4424.0,61.59584086799277,13.901446654611211
K84610,3306.0,68.23956442831216,5.9891107078039925
K84618,4441.0,67.19207385723936,3.8955190272461158
Y00351,4499.0,70.90464547677261,11.60257835074461
Y07014,5118.0,68.36654943337241,15.377100429855412
G81001,3328.0,65.02403846153847,4.537259615384615
G81030,3418.0,55.64657694558221,10.620245757753072
G81102,7004.0,64.36322101656197,11.493432324386065
G81669,2058.0,55.53935860058309,4.178814382896015
G82025,5720.0,38.35664335664335,21.713286713286713
G82067,9540.0,29.046121593291403,19.947589098532493
G82158,2477.0,70.69035123132822,7.63019781994348
G82234,2966.0,50.236008091706005,14.66621712744437
G82650,6665.0,27.426856714178545,17.509377344336084
G82652,1934.0,72.02688728024819,3.2574974146845914
G82665,6982.0,43.139501575479805,4.482956173016328
G82679,3154.0,71.17945466074826,8.560558021559924
G82696,2291.0,72.50109122653863,9.777389786119599
G82711,2645.0,58.86578449905482,3.667296786389414
H81005,2273.0,62.07655081390233,10.338759348878135
H81023,6095.0,36.99753896636587,21.017227235438884
H81056,5253.0,57.09118598895869,13.535122786978869
H81095,1278.0,60.641627543035995,7.902973395931142
H81113,5107.0,53.67143136870961,3.896612492657137
H82055,7221.0,64.40936158426811,3.9745187647140283
H82061,4785.0,76.76071055381401,4.284221525600836
J82073,3821.0,59.87961266684114,6.804501439413766
J82146,2351.0,69.45980433857933,4.8064653339004675
J82215,5050.0,66.21782178217822,10.712871287128714
K81002,5206.0,69.99615827890895,6.069919323857088
K81060,5378.0,64.18743027147639,7.381926366679063
K81081,1398.0,73.60515021459227,11.516452074391989
K81092,6902.0,61.402492031295274,13.995943204868155
K82020,2796.0,65.95135908440629,3.469241773962804
K82035,1750.0,79.54285714285714,12.571428571428571
K82048,2436.0,58.45648604269294,21.839080459770116
K84034,2068.0,65.52224371373308,1.2088974854932302
K84036,3589.0,71.32906101978267,4.848147116188353
K84047,5582.0,66.83984235041204,9.799355069867431
G81038,7449.0,61.64585850449725,7.222445965901463
G81014,4516.0,48.892825509300266,6.554472984942427
C81003,5323.0,71.31316926545182,7.608491452188615
C81006,19752.0,17.942486836776023,10.41413527744026
C81007,6022.0,44.32082364662903,10.876785121222186
C81009,16131.0,30.165519806583596,27.53704048106131
C81010,8164.0,62.18765311121999,9.554140127388536
C81014,7629.0,50.00655393891729,9.031327828024644
C81017,4745.0,59.831401475237094,13.38250790305585
C81021,10481.0,34.386031867188244,16.20074420379735
C81023,4256.0,53.87687969924812,19.548872180451127
C81029,9449.0,49.79362895544502,8.783998306699122
C81030,5315.0,75.37158984007526,3.781749764816557
C81031,6007.0,63.459297486266024,4.577992342267355
C81034,11970.0,69.35672514619883,5.555555555555555
C81035,11666.0,32.264700840048,24.99571404080233
C81038,6554.0,42.11168751907232,9.948123283490999
C81040,4525.0,69.92265193370166,8.066298342541437
C81042,6136.0,38.05410691003912,10.479139504563234
C81047,9153.0,28.60264394187698,11.067409592483338
C81049,6063.0,66.48523833085932,12.188685469239651
C81053,6966.0,62.53229974160207,5.900086132644272
C81059,3806.0,63.32107199159222,11.613242249080399
C81061,8009.0,51.74179048570358,19.76526407791235
C81066,7747.0,33.522653930553766,34.787659739253904
C81071,23961.0,10.074704728517174,32.30666499728726
C81073,14775.0,24.58206429780034,29.306260575296108
C81080,3780.0,82.93650793650794,3.386243386243386
C81081,11822.0,61.63085772288953,6.394857046185079
C81083,10253.0,40.51497122793329,21.018238564322637
C81097,4397.0,36.95701614737321,27.67796224698658
C81099,7352.0,56.800870511425465,16.526115342763873
C81108,7555.0,35.089344804765055,18.610191925876904
C81110,4946.0,34.31055398301658,12.95996765062677
C81113,2776.0,67.0749279538905,10.734870317002882
C82005,7426.0,46.29679504443846,11.378938863452733
C82013,7783.0,20.943081074135936,9.328022613388153
C82014,11754.0,31.214905564063297,12.736089841755998
C82016,6065.0,75.59769167353669,6.644682605111294
C82018,7434.0,53.96825396825397,17.675544794188863
C82021,4439.0,36.53976120747916,19.621536382068033
C82024,12734.0,37.702214543741164,11.952253808701116
C82028,6276.0,64.65901848311026,4.397705544933078
C82031,7831.0,60.43927978546801,5.273911377857234
C82035,6513.0,44.95624136342699,15.307845846768002
C82038,17096.0,34.40570893776322,11.511464670098269
C82041,7755.0,48.25274016763378,29.774339136041263
C82044,6899.0,66.31395854471663,5.913900565299318
C82045,8707.0,35.00631675663259,8.119903525898701
C82046,9905.0,51.25694093891974,13.891973750630994
C82051,6441.0,65.84381307250428,11.970190964136004
C82052,3201.0,52.26491721337082,20.243673851921276
C82054,7503.0,46.648007463681196,7.330401172864188
C82061,7307.0,62.37854112494868,7.663883946900232
C82064,5568.0,67.4389367816092,13.811063218390805
C82068,8088.0,54.624134520276954,6.379821958456973
C82071,21018.0,23.03739651727091,4.462841374060329
C82073,9353.0,49.78081898855982,20.399871698920133
C82077,6015.0,26.23441396508728,10.623441396508728
C82079,5018.0,51.454762853726585,5.30091669988043
C82086,4177.0,56.715345942063685,22.504189609767774
C82094,6188.0,56.18939883645766,9.324499030381384
C82098,6473.0,49.32797775374633,8.295998764097018
C82116,3596.0,59.844271412680754,8.231368186874304
C82121,9890.0,26.036400404448937,39.646107178968656
C82610,4192.0,60.73473282442748,11.450381679389313
C82620,1533.0,72.47227658186563,7.045009784735812
C82631,3890.0,63.90745501285347,8.766066838046273
C82634,2804.0,78.06704707560628,3.7446504992867333
C82642,6423.0,65.14089989101666,7.379729098552079
C82643,11352.0,40.010570824524315,9.901338971106412
C82660,4200.0,60.333333333333336,4.166666666666667
C82662,5028.0,59.00954653937948,5.926809864757359
C82667,4129.0,57.08403971906031,9.421167352869944
C82676,3709.0,70.12671879212726,11.431652736586681
C83003,9257.0,47.59641352490008,13.233228907853515
C83007,10103.0,38.59249727803623,25.50727506681184
C83009,4387.0,75.60975609756098,8.32003647139275
C83010,14195.0,29.728777738640368,29.397675237759774
C83011,6542.0,41.08835218587588,16.218281870987465
C83013,4160.0,74.54326923076923,5.841346153846154
C83015,8238.0,41.23573682932751,11.835396941005099
C83020,6932.0,53.11598384304674,34.85285631852279
C83031,3969.0,35.67649281934996,34.11438649533888
C83032,3043.0,39.566217548471904,14.196516595465
C83033,3288.0,56.26520681265207,17.3661800486618
C83035,5255.0,66.41294005708849,10.180780209324453
C83040,7832.0,68.59039836567926,11.989274770173646
C83042,4669.0,64.83186977939602,15.01392161062326
C83043,5422.0,30.48690520103283,30.634452231648837
C83044,5358.0,64.37103396789847,18.64501679731243
C83049,7270.0,32.29711141678129,20.371389270976618
C83051,6541.0,48.63170768995566,20.960097844366306
C83056,10138.0,57.013217597159205,9.489051094890511
C83061,8636.0,38.76794812413154,24.988420565076424
C83062,3253.0,60.405779280664,7.96188134030126
C83074,2713.0,52.81975672687062,22.22631772945079
C83075,5462.0,39.60087879897473,9.86818015378982
C83080,4439.0,67.67289930164452,19.936922730344673
C83611,5483.0,58.34397227795003,17.162137515958417
C83617,4254.0,46.426892336624356,17.207334273624824
C83635,3128.0,87.0843989769821,1.5025575447570332
C83643,2100.0,74.47619047619048,2.3333333333333335
C84009,6335.0,40.22099447513812,8.681925808997633
C84010,11221.0,35.495945102932005,17.458337046609035
C84011,6410.0,58.25273010920437,7.893915756630265
C84018,7935.0,29.388783868935096,10.107120352867044
C84019,5523.0,73.61940974108275,4.363570523266341
C84021,8515.0,56.23018203170875,8.396946564885496
C84025,4810.0,73.38877338877339,3.2224532224532223
C84026,8750.0,37.08571428571429,5.28
C84029,11427.0,34.88229631574342,13.231819375164084
C84030,6341.0,74.48351994953477,3.4537139252483837
C84033,7253.0,48.50406728250379,4.108644698745347
C84034,6022.0,58.00398538691465,12.255064762537364
C84035,8076.0,34.72015849430411,20.950965824665676
C84039,5916.0,48.225152129817445,14.807302231237323
C84042,5774.0,33.51229650155871,11.98475926567371
C84045,5177.0,70.98705814178095,11.261348271199536
C84051,7793.0,57.30784036956243,5.32529192865392
C84053,10897.0,96.93493622097824,0.9268606038359182
C84055,6705.0,45.92095451155854,15.973154362416107
C84061,6185.0,67.77687954729184,9.603880355699273
C84063,4341.0,50.56438608615527,10.205021884358443
C84067,4314.0,74.0148354195642,6.83820120537784
C84069,6891.0,64.35930924394137,8.489333913800609
C84074,5732.0,41.71318911374738,6.263084438241451
C84078,5599.0,59.957135202714774,11.037685300946597
C84080,8067.0,60.93963059377712,4.0535515061361105
C84081,6460.0,44.628482972136226,15.309597523219814
C84085,6236.0,40.55484284797947,16.10006414368185
C84087,4286.0,58.77274848343444,16.822211852543163
C84090,3926.0,73.28069281711666,3.2348446255731025
C84091,8131.0,44.520969130488254,32.812692165785265
C84105,3760.0,60.452127659574465,4.973404255319149
C84117,5417.0,70.42643529628945,5.445818718848071
C84129,7288.0,46.54226125137212,19.59385290889133
C84150,3312.0,46.58816425120773,15.821256038647343
C84621,3520.0,73.94886363636364,1.5909090909090908
C84628,4794.0,68.33541927409262,6.424697538589904
C84629,3500.0,60.48571428571429,9.914285714285715
C84637,7225.0,36.65051903114187,20.525951557093425
C84646,3352.0,32.159904534606206,12.47016706443914
C84658,6891.0,52.67740531127558,11.348135248875344
C84664,3169.0,73.77721678763017,5.427579678131903
C84696,2848.0,74.68398876404494,7.373595505617978
C84703,3822.0,73.41705913134484,2.5641025641025643
K83005,4624.0,61.22404844290657,15.268166089965398
K83008,9014.0,34.36875970712225,13.368094075881961
K83009,6247.0,54.69825516247799,16.135745157675686
K83010,8067.0,47.204660964422956,12.904425436965415
K83011,5048.0,60.6378763866878,20.206022187004756
K83012,5561.0,62.95630282323323,10.879338248516454
K83013,8941.0,64.39995526227491,5.759982104909965
K83015,6340.0,71.81388012618297,3.5962145110410093
K83018,4115.0,57.76427703523694,10.473876063183475
K83019,5494.0,66.56352384419367,7.298871496177648
K83023,5260.0,58.07984790874525,22.20532319391635
K83024,4362.0,45.3232462173315,14.053186611646034
K83027,7792.0,43.81416837782341,9.9717659137577
K83028,9052.0,35.18559434379143,26.546619531595226
K83029,4072.0,64.26817288801571,13.87524557956778
K83030,3835.0,64.48500651890483,16.610169491525422
K83037,4974.0,57.09690390028146,14.354644149577805
K83040,4914.0,71.42857142857143,2.787952787952788
K83043,6582.0,42.752962625341844,18.429048921300517
K83047,10170.0,65.05408062930186,7.128810226155359
K83048,2863.0,51.973454418442195,22.14460356269647
K83049,5756.0,76.71994440583738,4.204308547602502
K83051,18538.0,31.443521415470926,14.84518286762326
K83052,16401.0,58.11231022498628,13.50527406865435
K83053,4389.0,62.49715197083618,4.625199362041467
K83066,7873.0,38.7018925441382,9.958084592912485
K83068,4696.0,57.60221465076661,6.324531516183987
K83077,5575.0,42.85201793721973,14.367713004484305
K83601,5864.0,30.457025920873125,10.982264665757162
K83610,10676.0,48.16410640689397,14.958786062195578
K83621,8304.0,47.0014450867052,9.983140655105974
M81001,8438.0,56.292960417160465,9.089831713676226
M81005,8803.0,48.96058161990231,5.600363512438942
M81009,3759.0,65.92178770949721,7.555200851290237
M81011,4108.0,74.53748782862706,5.185004868549172
M81012,4536.0,55.379188712522044,6.701940035273369
M81018,4506.0,68.08699511762094,8.100310696848647
M81019,8248.0,46.483996120271584,6.183317167798254
M81026,18084.0,39.99115239991153,5.032072550320725
M81032,6200.0,55.935483870967744,7.580645161290323
M81033,4467.0,78.35236176404746,6.133870606671144
M81034,7294.0,51.94680559363861,16.301069372086648
M81035,8934.0,54.16386836803223,6.245802552048355
M81038,4300.0,52.18604651162791,7.325581395348837
M81042,6645.0,68.26185101580135,9.99247554552295
M81043,4773.0,63.0211606955793,15.461973601508486
M81046,6603.0,64.66757534454037,10.646675753445404
M81047,5483.0,48.93306583986868,6.529272296188218
M81048,6437.0,59.173528041012894,8.9171974522293
M81056,5847.0,72.92628698477851,4.22438857533778
M81058,7331.0,70.12685854590097,3.396535261219479
M81068,12393.0,43.31477446945856,4.978616961187767
M81074,4278.0,64.98363721365124,6.100981767180926
M81078,3858.0,70.47693105235874,4.017625712804562
M81083,3392.0,73.29009433962264,5.778301886792453
M81090,2935.0,74.85519591141397,6.746166950596252
M81094,6091.0,62.1901165654244,1.8880315219175834
M81605,4189.0,71.16256863213178,9.620434471234185
M81627,4991.0,68.10258465237428,5.089160488879984
M82003,9199.0,50.14675508207414,18.29546689857593
M82005,8735.0,52.93646250715512,10.417859187178019
M82007,27917.0,17.52337285524949,4.3450227459970625
M82009,9545.0,61.361969617600835,7.323205866946045
M82014,6235.0,74.38652766639936,12.285485164394547
M82016,4298.0,55.700325732899024,6.514657980456026
M82017,3017.0,65.72754391779914,8.783559827643355
M82018,4438.0,61.176205497972056,5.024785939612438
M82019,4488.0,68.98395721925134,2.8520499108734403
M82021,3944.0,67.72312373225152,14.503042596348884
M82026,5399.0,52.6393776625301,11.07612520837192
M82030,5692.0,81.4476458186929,4.690794096978215
M82032,9643.0,51.52960696878565,7.134709115420512
M82033,3212.0,86.36363636363636,2.708592777085928
M82034,5133.0,65.08864211961816,6.6822520942918375
M82616,5744.0,73.241643454039,7.329387186629527
M83011,3097.0,68.42105263157895,14.078140135615111
M83013,2693.0,74.41515038989974,8.800594132937245
M83014,4305.0,65.24970963995354,5.551684088269454
M83015,6222.0,74.7187399549984,6.589521054323368
M83021,4246.0,58.45501648610457,4.121526142251531
M83022,6391.0,37.53716163354718,16.710999843529965
M83023,6274.0,67.27765380937201,3.3471469556901496
M83025,4909.0,61.98818496638827,10.409452026889387
M83028,5479.0,63.277970432560686,10.056579667822595
M83031,4409.0,67.09004309367204,5.103198004082558
M83032,8119.0,53.31937430718069,7.53787412242887
M83034,8979.0,53.0237220180421,12.518097783717563
M83035,4487.0,55.80566079786048,8.535770002228661
M83036,14997.0,57.951590318063616,11.282256451290259
M83037,3152.0,71.03426395939087,16.529187817258883
M83038,7267.0,63.60258703729187,1.6237787257465255
M83046,5368.0,53.03651266766021,6.445603576751118
M83056,5966.0,66.00737512571237,2.8159570901776734
M83059,2873.0,65.61085972850678,4.176818656456666
M83061,4968.0,40.80112721417069,5.434782608695652
M83065,4445.0,63.98200224971878,10.933633295838021
M83067,5145.0,67.36637512147716,2.2740524781341107
M83073,6718.0,62.994938969931525,6.222089907710628
M83075,12087.0,51.35269297592455,8.339538346984364
M83076,7207.0,33.744970167892326,13.209379769668377
M83079,4814.0,38.90735355213959,11.591192355629413
M83093,2870.0,63.5191637630662,9.303135888501743
M83094,7938.0,17.30914588057445,9.171075837742505
M83110,8600.0,13.05813953488372,30.46511627906977
M83111,1416.0,73.1638418079096,3.1779661016949152
M83121,4075.0,63.828220858895705,4.49079754601227
M83125,2268.0,81.08465608465609,9.038800705467372
M83126,7409.0,53.435011472533404,3.549736806586584
M83129,8670.0,51.58016147635525,21.949250288350633
M83139,5175.0,52.17391304347826,19.67149758454106
M83601,4116.0,52.91545189504373,3.012633624878523
M83617,13741.0,35.09933774834437,19.540062586420202
M83638,9231.0,71.83403748239627,6.413173004008233
M83641,1032.0,80.71705426356588,8.720930232558139
M83650,8602.0,47.29132759823297,8.788653801441525
M83681,3623.0,63.345293955285676,12.365443003036157
M83693,2821.0,56.5047855370436,7.621410847217299
M83697,2331.0,74.64607464607465,4.719004719004719
M83701,3237.0,57.24436206363917,6.919987642879209
M83703,3313.0,65.25807425294295,5.795351645034712
M83713,3395.0,77.99705449189985,8.571428571428571
M83725,2893.0,66.57449014863464,2.488765986864846
M83738,5491.0,61.79202331087234,15.024585685667455
M84003,5908.0,12.068381855111713,27.2342586323629
M84008,5659.0,42.21593921187489,4.541438416681393
M84015,11706.0,57.389372971125916,10.404920553562276
M84019,9894.0,55.76106731352335,5.821710127349909
M84020,3651.0,68.80306765269789,9.066009312517119
M84023,5051.0,67.90734508018214,6.275984953474559
M84024,4589.0,63.848332970146004,7.191109174112007
M84025,6135.0,53.39853300733496,19.804400977995112
M84028,6737.0,60.84310523972094,4.542081044975508
M84036,5749.0,63.9763437119499,4.1050617498695425
M84040,6570.0,52.87671232876713,8.082191780821917
M84042,13446.0,31.12449799196787,6.485200059497248
M84046,4668.0,73.3076263924593,12.489288774635819
M84059,2138.0,70.95416276894294,3.5547240411599628
M84062,4122.0,74.06598738476468,9.097525473071325
M84067,2907.0,73.27141382868938,5.2975576195390435
M84612,5173.0,52.71602551710806,11.637347767253045
M84618,3087.0,72.62714609653385,9.426627793974733
M85001,4107.0,55.41757974190406,3.8957876795714634
M85006,3701.0,69.79194812212916,4.647392596595514
M85011,3940.0,62.131979695431475,11.091370558375635
M85019,7145.0,71.3925822253324,3.7508747375787266
M85026,5412.0,60.846267553584624,9.497413155949742
M85028,9695.0,58.071170706549765,15.93604951005673
M85029,14085.0,59.311324103656375,20.674476393326234
M85030,9182.0,60.48791113047266,5.695926813330429
M85031,6211.0,69.00660119143456,13.42778940589277
M85042,2890.0,74.6712802768166,2.387543252595156
M85053,7177.0,42.4411313919465,10.073847011286052
M85060,6726.0,70.23490930716622,7.52304490038656
M85070,8563.0,64.70863015298377,4.939857526567792
M85071,5400.0,48.7037037037037,14.648148148148149
M85074,3859.0,52.26742679450635,9.510235812386629
M85081,4675.0,68.0,9.133689839572192
M85086,3789.0,81.65742940089733,4.433887569279493
M85146,6276.0,58.20586360739325,4.652644996813257
M85170,7208.0,40.27469478357381,6.534406215316316
M85172,7446.0,63.34944936878861,10.918614020950846
M85717,2972.0,64.60296096904442,7.94078061911171
M85736,3262.0,53.556100551808704,19.650521152667075
M85783,3029.0,81.90822053482998,1.881809177946517
M86001,3754.0,41.555673947789025,7.085775173148641
M86003,11423.0,47.04543464939158,13.840497242405673
M86004,10623.0,57.770874517556244,8.123882142520944
M86017,4332.0,65.51246537396122,13.896583564173591
M86027,7903.0,64.84879159812729,7.288371504491965
M86034,6866.0,57.18030876784154,8.753277017186134
M86040,1674.0,79.45041816009558,5.137395459976105
M86045,5911.0,45.846726442226355,9.406191845711385
M86046,2542.0,83.83162863886703,3.579858379228954
M86612,1744.0,63.01605504587156,16.112385321100916
M86627,4047.0,70.37311588831233,6.399802322708179
M86633,2779.0,61.02914717524289,13.745951781216265
M86638,5697.0,51.237493417588205,3.0717921713182377
M87001,4831.0,61.08466156075347,6.168495135582695
M87003,10854.0,34.86272341993735,25.16123088262392
M87007,8991.0,64.72027583138694,8.686464242019797
M87008,4256.0,60.73778195488722,6.508458646616542
M87024,16366.0,50.2871807405597,8.933154099963339
M87027,2988.0,65.59571619812584,7.6305220883534135
M87030,3293.0,59.88460370482842,7.136349832979047
M87601,4271.0,46.66354483727464,24.58440646218684
M87602,7308.0,53.95457033388068,10.769020251778873
M88020,11022.0,33.750680457267286,5.280348394120849
M88626,1819.0,75.31610775151182,9.675645959318306
M88647,5413.0,64.54830962497691,6.299648993164603
M89003,20494.0,17.863765004391528,11.256953254611105
M89012,10938.0,39.093070031084295,16.10897787529713
M89015,11333.0,35.81575928703786,27.556692843907175
M89608,2703.0,74.65778764335923,8.32408435072142
M91008,7320.0,49.39890710382514,3.6885245901639343
M91033,4611.0,74.34396009542398,4.94469746258946
M91611,2411.0,58.85524678556615,4.562422231439236
M91647,3761.0,72.16165913320926,3.0311087476734913
M91650,6190.0,64.02261712439419,5.18578352180937
M92004,1582.0,74.52591656131479,4.9304677623261695
M92009,6777.0,67.72908366533865,4.648074369189907
M92010,6979.0,61.41280985814586,5.932081960166213
M92612,17413.0,56.83110319875955,15.155343708723368
M92630,3977.0,71.31003268795574,5.3055066633140555
M92654,2895.0,74.23143350604491,5.354058721934369
Y00026,1692.0,69.79905437352245,14.775413711583925
Y00078,3202.0,61.336664584634605,7.401623985009369
Y00278,2405.0,71.68399168399168,2.2037422037422036
Y00996,2123.0,58.87894488930758,4.097974564295808
Y01812,6941.0,44.35960236277194,10.09940930701628
Y02212,2045.0,66.9437652811736,16.577017114914426
Y02736,3918.0,62.96579887697805,4.415518121490557
Y02757,7374.0,72.90480065093573,9.221589368049905
Y03124,4072.0,28.757367387033398,18.492141453831042
Y04965,11177.0,34.696251230204886,10.620023262056009
Y06356,6051.0,30.523880350355313,5.932903652288878
C81005,9843.0,29.076501066747944,23.031596058112363
C81018,5585.0,55.613249776186215,20.250671441360787
C81026,4012.0,64.65603190428713,8.150548354935195
C81036,1763.0,65.68349404424276,15.484968803176404
C81046,2856.0,75.66526610644257,3.011204481792717
C81068,6011.0,45.81600399268009,9.38279820329396
C81655,3438.0,60.96567771960442,12.769051774287377
C82022,5122.0,30.456852791878173,13.998438110113238
C82030,3703.0,44.99054820415879,18.660545503645693
C82102,2268.0,84.30335097001763,3.130511463844797
C82644,3730.0,54.343163538873995,10.026809651474531
C82651,1179.0,77.52332485156913,3.3078880407124682
C82669,2693.0,72.7070181953212,10.657259561826958
C83024,2217.0,69.14749661705007,8.344609833107803
C83053,1694.0,50.11806375442739,6.552538370720189
C83073,3358.0,54.64562239428231,6.8493150684931505
C84020,7430.0,36.98519515477793,13.216689098250336
C84028,3190.0,62.288401253918494,8.96551724137931
C84057,3127.0,87.01630956188039,2.0786696514230893
C84076,3226.0,60.94234345939244,7.253564786112833
C84112,2011.0,83.09298856290403,1.1934361014420687
C84693,3113.0,76.77481529071635,4.690009637006104
K83007,5559.0,71.99136535348084,4.209390178089585
K83044,8723.0,49.294967327754215,10.420726814169438
K83056,2475.0,70.58585858585859,7.03030303030303
K83070,5220.0,51.14942528735632,5.823754789272031
M81027,4767.0,67.35892594923432,7.593874554226977
M81044,10641.0,52.213137862982805,9.782915139554554
M81055,3812.0,71.0912906610703,2.4134312696747116
M81066,4164.0,67.84341978866475,9.84630163304515
M81069,6229.0,60.28254936586932,6.405522555787446
M81077,3829.0,56.88169234787151,4.1525202402716115
M81084,3883.0,59.43857841874839,5.717228946690703
M81093,5937.0,69.98484082870137,11.90837123126158
M81604,3973.0,73.67228794361944,5.18499874150516
M81616,1795.0,69.30362116991644,5.626740947075209
M81617,5189.0,44.38234727307766,11.505106957024475
M82013,2065.0,62.469733656174334,5.5690072639225185
M82020,2326.0,79.96560619088564,4.901117798796217
M83057,6017.0,47.59847099883663,21.771647000166197
M83070,3911.0,86.21835847609307,4.244438762464843
M83103,3499.0,62.41783366676193,7.88796799085453
M83624,2943.0,73.63234794427456,9.853890587835542
M83668,2775.0,71.06306306306307,11.207207207207206
M83709,3524.0,64.27355278093076,3.2633371169125995
M83718,2037.0,68.53215513009327,8.64015709376534
M84005,2891.0,42.269111034244204,17.675544794188863
M84016,2903.0,78.95280744057871,3.5136066138477435
M84037,1544.0,68.06994818652849,12.240932642487047
M84060,3363.0,74.87362473981564,3.8953315492120133
M84065,2852.0,46.56381486676017,8.76577840112202
M84070,3481.0,74.23154266015513,6.837115771330078
M84609,1634.0,71.05263157894737,11.444308445532435
M84621,1652.0,69.79418886198548,1.8159806295399517
M85770,1460.0,81.43835616438356,1.5753424657534247
M86044,2562.0,66.62763466042155,5.542544886807182
M87025,3829.0,57.090624183860015,19.09114651344999
M87617,4504.0,48.3348134991119,10.701598579040853
M89009,6755.0,63.74537379718727,8.36417468541821
M89030,3971.0,61.798035759254596,6.119365399143793
M91026,3997.0,48.46134600950713,9.357017763322492
M91623,1127.0,79.68056787932564,5.501330967169476
M92627,1881.0,69.27166400850611,2.7113237639553427
M92629,3011.0,64.4968449020259,3.22152108933909
Y00140,1018.0,80.0589390962672,3.732809430255403
Y00228,1378.0,65.52975326560232,10.667634252539912
Y01756,3977.0,78.62710585868746,7.4930852401307515
Y06443,8226.0,29.102844638949673,11.026015074155119
A81002,19677.0,38.547542816486256,29.62341820399451
A81006,10480.0,61.097328244274806,13.759541984732824
A81020,12749.0,59.518393599498,15.122754725860851
A81027,8074.0,46.35868218974486,18.80108991825613
A81029,4813.0,75.27529607313525,11.178059422397673
A81037,6047.0,64.39556805027286,12.766661154291384
A81038,2549.0,78.06983130639466,7.414672420557081
A81040,5581.0,66.81598279878158,12.07668876545422
A81041,9928.0,46.73650282030621,7.080983078162772
A81045,2958.0,56.99797160243408,7.538877620013523
A81048,5430.0,63.66482504604051,13.149171270718233
A81051,5840.0,51.147260273972606,22.277397260273972
A81054,7905.0,64.98418722327641,9.475015812776723
A81058,5773.0,67.26138922570587,6.339857959466482
A81060,5254.0,38.67529501332318,15.416825275980205
A81611,6132.0,72.09719504240053,12.31245923026745
A82021,11892.0,30.66767574840229,26.967709384460143
A82022,3474.0,58.80829015544042,2.849740932642487
A82035,8376.0,52.50716332378224,11.437440305635148
A82037,3925.0,62.01273885350319,1.5541401273885351
A82045,5927.0,37.94499746920871,13.902480175468197
A82055,5439.0,56.039713182570324,14.212171355028499
A82075,8042.0,49.06739617010694,3.730415319572246
A82631,2868.0,44.14225941422594,14.504881450488146
A82646,2877.0,71.0809871393813,6.430309350017379
A83007,7052.0,64.50652297220647,11.7838910947249
A83015,9882.0,58.78364703501315,5.6061526006881195
A83020,13792.0,26.080336426914155,21.650232018561486
A83023,7843.0,69.41221471375749,5.7886013005227595
A83024,5440.0,59.908088235294116,30.99264705882353
A83031,7969.0,61.03651650144309,4.329275944284101
A83037,8455.0,56.21525724423418,18.45062093435837
A83045,9365.0,83.02189001601708,4.217832354511479
A83047,8239.0,59.364000485495815,5.34045393858478
A83048,3572.0,86.67413213885779,3.107502799552072
A83049,10529.0,65.98917276094596,6.3158894481907115
A83052,6843.0,61.39120268887915,9.981002484290515
A83054,9311.0,70.88390076253893,5.949951670067662
A83061,2637.0,77.17102768297308,3.7542662116040955
A83071,3307.0,75.53674024795887,4.142727547626247
A83073,6094.0,42.27108631440761,19.11716442402363
A83616,7151.0,80.67403160397147,5.258005873304433
A83619,3290.0,88.51063829787235,6.96048632218845
A83644,2153.0,79.47050627032048,6.316767301439851
A84005,4701.0,76.62199532014465,4.552222931291214
A84008,4780.0,64.3723849372385,11.715481171548117
A84011,6137.0,52.12644614632556,12.693498452012383
A84013,4764.0,51.55331654072208,7.136859781696054
A84014,13370.0,63.07404637247569,8.922961854899027
A84018,6242.0,76.65812239666774,12.608138417173983
A84027,2565.0,85.49707602339181,3.7037037037037037
A84028,9500.0,58.92631578947368,16.45263157894737
A84034,5223.0,55.67681409151828,18.495117748420448
A84037,4873.0,80.62794992817567,4.678842602093167
A84039,6605.0,41.63512490537472,3.4216502649507947
A85001,7698.0,26.29254351779683,25.448168355416993
A85004,5127.0,78.50594889799103,5.071191730056563
A85010,9412.0,57.18232044198895,14.970250743731407
A85013,3044.0,87.3850197109067,2.135348226018397
A85017,7121.0,51.48153349248701,14.688948181435192
A85021,2947.0,74.82185273159145,0.6786562606040041
A85614,4834.0,67.52172114191146,15.10136532892015
A85616,4477.0,67.14317623408533,8.041098950189859
A86005,4937.0,52.359732631152525,16.710552967389102
A86012,5541.0,66.54033567948024,5.630752571737953
A86020,13883.0,43.52805589569978,29.48930346466902
A86031,6983.0,56.58026636116282,18.058141200057282
A86033,4512.0,69.39273049645391,4.63209219858156
A86037,6525.0,52.15325670498084,14.636015325670497
A86040,6655.0,53.26821938392186,22.058602554470323
A87005,8515.0,70.07633587786259,11.779213153258954
A87009,9641.0,69.11108806140442,6.285655015039934
A87011,4551.0,82.09184794550649,3.2740057130301032
A87012,8305.0,40.55388320288983,22.119205298013245
A87013,7393.0,52.30623562829704,21.723251724604356
A87017,6811.0,52.41521068859198,10.776684774629276
A87029,16421.0,38.76134218378905,22.251994397417942
A87030,5158.0,85.42070569988367,4.9050019387359445
A87615,4508.0,59.05057675244011,21.93877551020408
A88001,1910.0,74.29319371727749,5.654450261780105
A88004,5770.0,75.30329289428076,9.098786828422877
A88006,7361.0,42.56215188153784,22.795815785898654
A88008,4795.0,56.26694473409802,17.330552659019812
A88012,3651.0,66.33798959189264,15.475212270610792
A88013,15884.0,46.24150088139008,14.5492319315034
A88022,5837.0,64.24533150591057,4.67706013363029
A88025,3509.0,76.37503562268452,10.48731832430892
A88613,2805.0,80.28520499108734,6.381461675579323
A89001,10015.0,57.68347478781827,9.46580129805292
A89004,11230.0,46.80320569902048,8.138913624220837
A89006,7143.0,80.41439171216575,1.6379672406551868
A89007,9612.0,61.73533083645443,6.824802330420308
A89008,3580.0,66.59217877094972,4.748603351955308
A89011,3550.0,76.36619718309859,6.253521126760563
A89012,8263.0,59.92980757594094,8.870870144015491
A89013,4891.0,82.35534655489676,2.473931711306481
A89015,6916.0,71.44303065355697,2.7183342972816655
A89019,11868.0,41.08527131782946,7.280080889787664
A89020,4460.0,68.56502242152466,4.596412556053812
A89022,4381.0,74.04702122803013,3.880392604428213
A89027,4851.0,64.91445062873635,5.236033807462379
A89028,6991.0,65.45558575311114,3.690459161779431
A89030,6517.0,59.751419364738375,2.623906705539359
A89031,5667.0,64.53149814716781,7.923063349214752
A89035,8396.0,54.394949976179134,3.8708909004287757
A89036,2037.0,63.72115856651939,10.751104565537556
A89617,3321.0,69.16591388136104,6.112616681722373
A89623,2132.0,56.80112570356473,33.911819887429644
B81005,6157.0,75.94607763521195,6.171836933571544
B81013,6182.0,37.70624393400194,12.649627952119054
B81016,6912.0,42.88194444444444,22.627314814814813
B81022,7631.0,56.49325121216092,22.002358799633075
B81025,14165.0,65.14648782209672,9.862336745499471
B81027,4151.0,74.46398458202843,5.781739339918092
B81029,5500.0,75.34545454545454,4.890909090909091
B81032,5656.0,40.77086280056577,7.107496463932107
B81034,9944.0,58.266291230893,7.652855993563958
B81037,1469.0,66.30360789652825,7.556160653505787
B81039,11846.0,39.5829815971636,22.564578760763126
B81040,13400.0,52.23880597014925,11.514925373134329
B81043,11035.0,54.37245129134572,20.770276393294065
B81046,8992.0,53.8923487544484,9.130338078291816
B81063,4236.0,71.0576015108593,11.543909348441927
B81064,9659.0,40.718500880008285,15.788383890671913
B81082,3825.0,59.73856209150327,9.254901960784315
B81087,6246.0,47.55043227665706,15.658021133525457
B81617,13746.0,36.42514185945002,12.345409573694166
B81647,2429.0,70.23466447097572,4.322766570605188
B81655,2557.0,81.65819319515057,7.117716073523661
B82004,4216.0,63.68595825426945,11.408918406072106
B82005,24238.0,15.76862777456886,7.310834227246472
B82008,5444.0,77.62674504041146,6.227038941954445
B82010,4626.0,67.94206658019887,10.592304366623432
B82014,3286.0,77.84540474741327,4.686548995739501
B82016,13186.0,35.59836189898377,15.031093584104353
B82021,5318.0,74.78375329071079,5.923279428356525
B82025,13232.0,60.08917775090689,13.142382103990327
B82029,3276.0,50.67155067155067,10.134310134310134
B82031,5779.0,72.1578127703755,8.582799792351619
B82034,4902.0,59.26152590779274,16.911464708282335
B82035,1914.0,66.19644723092999,16.666666666666668
B82037,4850.0,71.6701030927835,10.742268041237113
B82041,5374.0,61.33234090063267,10.457759583178266
B82047,6699.0,57.90416480071652,10.270189580534408
B82049,4373.0,65.79007546306883,10.1074777040933
B82050,12346.0,74.46946379394136,9.57395107727199
B82053,4741.0,48.344231174857626,15.039021303522464
B82057,3990.0,75.78947368421052,9.87468671679198
B82059,6417.0,77.27910238429172,5.345176873928627
B82060,5548.0,64.85219899062726,9.138428262436914
B82063,6925.0,70.26714801444044,9.342960288808664
B82074,8872.0,38.288999098286745,7.055906221821461
B82078,3488.0,66.2270642201835,18.520642201834864
B82081,3457.0,49.69626844084466,11.021116575065085
B82097,6049.0,49.80988593155894,12.150768722102827
B82101,3860.0,52.35751295336787,8.212435233160623
B82104,3489.0,60.50444253367727,18.85927199770708
B82106,4202.0,64.85007139457402,15.230842455973345
B83005,5334.0,62.0172478440195,4.555680539932508
B83008,8504.0,42.73283160865475,19.42615239887112
B83016,13429.0,21.97483059051307,5.800878695360787
B83018,8702.0,58.4348425649276,4.194438060216043
B83026,5884.0,57.39292997960571,22.926580557443916
B83038,14769.0,44.95903581826799,13.487710745480397
B83039,14616.0,49.57580733442802,31.013957307060757
B83041,7052.0,48.241633579126486,7.629041406693137
B83042,5954.0,57.33960362781323,3.896540141081626
B83045,7351.0,56.9718405659094,13.970888314515031
B83056,6643.0,48.15595363540569,9.649254854734307
B83058,7397.0,61.79532242801135,14.22198188454779
B83620,2036.0,81.9253438113949,2.8978388998035363
B83626,6564.0,46.13040828762949,30.149299207800123
B83629,4825.0,7.709844559585492,4.808290155440415
B83641,10719.0,46.077059427185375,11.717510961843455
B83660,4473.0,48.80393471942768,14.665772412251286
B84001,4507.0,75.37164410916353,13.001996893720879
B84003,5254.0,58.05100875523411,5.614769699276741
B84004,10311.0,56.12452720395694,24.866647269905926
B84006,8140.0,46.19164619164619,9.963144963144963
B84007,3808.0,73.52941176470588,3.4926470588235294
B84009,7687.0,40.483933914400936,15.415636789384676
B84013,7529.0,60.698631956435115,4.14397662372161
B84016,6479.0,22.68868652569841,21.068066059577095
B84019,12792.0,38.41463414634146,21.55253283302064
B84612,5995.0,53.51125938281901,25.387823185988324
B84618,4514.0,72.68498006202924,14.288879042977404
B84623,3441.0,75.67567567567568,6.684103458297007
B85010,6036.0,52.286282306163024,28.5453943008615
B85012,9832.0,50.376322213181446,13.578112286411717
B85014,8243.0,43.26094868373165,16.134902341380567
B85021,6553.0,65.58828017701816,12.604913779948115
B85023,6076.0,51.76102699144174,16.013824884792626
B85027,4868.0,66.00246507806081,13.681183237469186
B85033,3277.0,76.99115044247787,4.363747329874886
B85037,3823.0,62.202458801987966,12.163222600052315
B85038,5265.0,64.00759734093067,9.686609686609687
B85048,3555.0,50.942334739803094,14.571026722925458
B85058,2313.0,68.3960224816256,14.656290531776913
B85062,2245.0,75.456570155902,3.2516703786191536
B85614,3305.0,80.69591527987897,3.7821482602118004
B85620,2183.0,80.30233623453962,2.153000458085204
B85636,4152.0,54.214836223506744,15.606936416184972
B85645,1935.0,73.48837209302326,8.268733850129198
B85646,6317.0,50.799430109229064,8.263416178565775
B86005,2713.0,52.04570586067084,17.876889052709178
B86009,5563.0,35.915872730541075,37.10228294085925
B86011,7140.0,43.36134453781513,28.137254901960784
B86012,11268.0,48.02981895633653,3.7983670571529995
B86014,8002.0,41.33966508372907,15.971007248187952
B86015,8496.0,58.921845574387945,11.464218455743879
B86016,9580.0,46.98329853862213,20.69937369519833
B86018,3051.0,79.38380858734841,3.179285480170436
B86030,2978.0,55.43989254533244,14.909335124244459
B86035,7110.0,68.48101265822785,4.0928270042194095
B86041,4990.0,80.50100200400801,2.9258517034068134
B86048,11713.0,38.47007598394946,17.37385810637753
B86089,4271.0,57.714820885038634,14.58674783423086
B86092,4917.0,44.946105348789914,21.537522879804758
B86655,1706.0,67.936694021102,17.291910902696365
B86658,7456.0,67.77092274678111,3.527360515021459
B86666,3753.0,60.40500932587263,5.542232880362377
B86667,4818.0,53.590701535907016,8.01162308011623
B87003,8334.0,79.64962802975762,4.703623710103192
B87004,6515.0,71.65003837298542,5.771297006907138
B87009,6060.0,32.26072607260726,22.425742574257427
B87011,10835.0,37.99723119520074,21.65205353022612
B87013,11406.0,62.800280554094336,5.637383833070314
B87017,19578.0,42.80825416283584,11.05322300541424
B87021,8172.0,49.669603524229075,14.145863925599608
B87025,7260.0,45.37190082644628,24.214876033057852
B87026,9642.0,55.43455714582037,8.722256793196433
B87027,23751.0,8.34912214222559,35.223780051366255
B87028,8650.0,45.08670520231214,14.439306358381502
B87031,15887.0,38.3269339711714,8.132435324479134
B87033,4898.0,63.67905267456104,11.474071049407922
B87039,7840.0,62.79336734693877,17.130102040816325
B87042,5815.0,31.72828890799656,23.972484952708513
B87604,2509.0,55.36070147469111,13.909924272618573
C85001,3150.0,61.20634920634921,12.0
C85003,10128.0,48.459715639810426,4.364139020537125
C85009,4576.0,76.0270979020979,3.605769230769231
C85018,5583.0,54.11069317571198,14.275479133082571
C85020,7953.0,58.41820696592481,13.96957123098202
C85028,2721.0,84.6747519294377,6.651966188901139
C85033,7932.0,62.41805345436208,11.371659102370145
C86005,3702.0,53.10642895732037,27.282549972987574
C86006,9315.0,48.84594739667203,24.111647879763822
C86007,13563.0,35.287178352871784,10.838310108383101
C86012,3621.0,69.84258492129246,9.27920463960232
C86013,7992.0,21.684184184184183,33.28328328328328
C86016,6615.0,42.05593348450491,17.98941798941799
C86017,8802.0,57.32788002726653,17.13246989320609
C86020,3908.0,63.40839303991812,16.427840327533264
C86021,4691.0,41.05734384992539,26.54018332978043
C86024,1541.0,64.69824789097989,16.54769630110318
C86029,11565.0,54.37094682230869,20.121054907047125
C86032,2075.0,71.2289156626506,9.927710843373495
C86034,6213.0,77.03202961532271,9.721551585385482
C86609,5408.0,42.80695266272189,5.639792899408284
C86611,6558.0,62.107349801768834,3.186947240012199
C87616,3511.0,71.97379663913415,7.576189119908858
C87622,7739.0,41.50407029331955,5.620881250807598
C88010,9853.0,40.363341114381406,11.052471328529382
C88016,9122.0,70.6095154571366,13.790835343126508
C88019,5642.0,51.27614321162708,11.857497341368308
C88020,5724.0,77.18378756114605,4.944095038434661
C88022,5297.0,69.05795733434019,10.666414951859544
C88037,11012.0,34.653105702869595,21.83073011260443
C88072,16701.0,22.351954972756122,3.8560565235614632
C88078,2589.0,58.825801467748164,14.407106991116262
C88085,7513.0,50.64554771729003,8.73153201118062
C88095,4231.0,46.25384069959821,16.04821555187899
Y00184,6020.0,53.93687707641196,10.980066445182723
Y00411,5434.0,65.67905778432095,7.784320942215679
Y04266,3128.0,51.69437340153453,5.946291560102302
Y04809,1982.0,78.60746720484359,4.086781029263371
Y05364,3153.0,53.916904535363145,13.098636219473518
A81612,3129.0,69.31927133269416,8.565036752956216
A82015,8801.0,56.35723213271219,14.089308033178048
A83029,4239.0,77.37673979712196,7.902807265864591
A83038,4294.0,60.57289240801118,5.053563111318118
A83622,1618.0,66.25463535228677,7.5401730531520395
A84042,2095.0,48.01909307875895,9.83293556085919
A84604,3307.0,87.84396734200182,3.779860901118839
A85018,4687.0,56.56069980797952,14.4655429912524
A85617,3090.0,77.15210355987055,3.9805825242718447
A86041,5506.0,65.85543043952052,11.47838721394842
A87020,7811.0,77.96696965817436,13.634617846626552
A87612,4886.0,59.00532132623823,15.513712648383136
A88608,4889.0,50.562487216199635,11.80200449989773
A89616,2621.0,79.35902327355971,5.379626096909576
B81090,3312.0,56.55193236714976,10.83937198067633
B81097,1815.0,75.42699724517907,7.43801652892562
B81100,3103.0,78.53689977441186,9.635836287463745
B81616,2546.0,86.99921445404556,2.906520031421838
B81619,986.0,57.809330628803245,2.535496957403651
B81642,3941.0,75.28546054300939,7.739152499365643
B81665,1452.0,75.55096418732782,10.881542699724518
B82007,4950.0,78.32323232323232,9.252525252525253
B82011,4370.0,71.80778032036613,5.812356979405035
B82036,4657.0,80.45952329826068,5.110586214301052
B82079,2600.0,68.34615384615384,8.384615384615385
B82105,3531.0,74.08666100254885,6.938544321721892
B82609,2934.0,80.87934560327199,4.430811179277437
B83002,3217.0,74.94560149207337,7.5536213863848305
B85032,3710.0,77.54716981132076,4.258760107816712
B85606,2409.0,68.28559568285596,6.102117061021171
B85619,2528.0,72.50791139240506,3.8765822784810124
B87032,4707.0,77.77777777777777,4.482685362226471
C85019,8106.0,57.833703429558355,15.938810757463607
C86033,705.0,67.23404255319149,9.361702127659575
C86621,5274.0,30.735684489950703,22.089495638983692
C87014,3975.0,70.0377358490566,8.779874213836479
C88091,1098.0,69.85428051001821,8.469945355191257
Y00286,3120.0,58.84615384615385,13.653846153846153
C88648,3255.0,70.26113671274962,4.946236559139785
E83003,6221.0,52.22633017199807,13.647323581417778
E83005,2781.0,60.98525710176196,7.731032002876663
E83008,4598.0,60.5045672031318,14.158329708568942
E83009,4121.0,48.31351613685999,16.015530211113806
E83012,1029.0,53.93586005830904,20.699708454810494
E83013,2029.0,72.0551996057171,11.187777230162641
E83016,11279.0,33.371752814965866,4.973845199042469
E83017,8386.0,61.972334843787266,11.757691390412592
E83018,6854.0,59.29384301138022,8.754012255617157
E83021,4959.0,60.53639846743295,14.478725549505949
E83024,4766.0,59.79857322702476,5.287452790600084
E83027,4007.0,82.48065884701772,0.1746942850012478
E83032,5920.0,46.82432432432432,18.91891891891892
E83039,2640.0,74.50757575757575,3.8636363636363638
E83045,3529.0,40.23802776990649,9.351090960612071
E83053,5527.0,61.660937217296905,12.647005608829383
E83613,6304.0,44.87626903553299,5.78997461928934
E83622,5042.0,53.70884569615232,9.619198730662436
E83637,3999.0,49.56239059764941,4.926231557889472
E84006,10486.0,45.60366202555789,4.215144001525844
E84007,4450.0,55.59550561797753,23.01123595505618
E84009,6758.0,57.69458419650784,7.768570583012726
E84017,5470.0,68.82998171846435,2.6325411334552102
E84018,3153.0,69.64795432921028,12.464319695528069
E84021,6347.0,54.73452024578541,2.9935402552386954
E84022,1166.0,69.2967409948542,4.11663807890223
E84025,8840.0,35.70135746606335,23.235294117647058
E84031,4707.0,68.19630337794774,9.4752496282133
E84032,2379.0,57.83942833123161,20.42875157629256
E84039,9790.0,69.67313585291113,1.1746680286006128
E84040,2750.0,68.32727272727273,4.872727272727273
E84048,4017.0,67.68732885237739,4.057754543191437
E84049,3451.0,70.35641842944074,3.9988409156766154
E84051,3999.0,65.16629157289323,5.551387846961741
E84058,13897.0,62.99201266460387,6.461826293444628
E84059,2574.0,65.77311577311578,6.915306915306915
E84061,4471.0,86.69201520912547,2.0577052113621113
E84068,7591.0,55.76340403108945,20.32670267421947
E84074,6354.0,69.78281397544853,5.649984261882279
E84076,3367.0,49.15354915354915,6.207306207306208
E84083,2998.0,77.48498999332888,3.1687791861240826
E84617,4122.0,21.93110140708394,14.847161572052402
E84635,2122.0,74.69368520263902,5.419415645617343
E84637,2866.0,72.78436845778089,11.79344033496162
E84638,2359.0,71.30139889783807,5.426027977956761
E84645,4699.0,66.73760374547776,8.08682698446478
E84647,3000.0,72.26666666666667,7.8
E84653,3836.0,58.863399374348276,12.643378519290929
E84658,3105.0,71.56199677938808,8.985507246376812
E84674,2876.0,60.60500695410292,4.624478442280946
E84676,1765.0,77.73371104815864,6.402266288951841
E84693,3713.0,66.334500403986,7.918125504982494
E84702,10411.0,72.32734607626548,6.041686677552589
E84709,10441.0,36.12680777703285,16.061679915716887
E85006,3689.0,54.242342098129576,3.1444835998915694
E85007,6266.0,72.21512926907118,7.564634535588892
E85013,3532.0,60.1925254813137,8.437146092865232
E85014,3215.0,77.04510108864697,5.878693623639191
E85019,5820.0,32.07903780068729,11.34020618556701
E85023,2483.0,60.370519532823195,7.128473620620217
E85028,4146.0,44.307766521948864,9.334298118668595
E85029,8198.0,57.96535740424494,8.514271773603317
E85032,2813.0,52.683967294703166,6.61215783860647
E85033,3290.0,75.22796352583586,20.364741641337385
E85041,4109.0,70.91749817473838,7.787782915551229
E85050,4601.0,74.26646381221474,3.846989784829385
E85052,3644.0,79.74753018660812,5.515916575192096
E85054,5964.0,63.648558014755196,3.8564721663313213
E85056,4475.0,56.402234636871505,14.525139664804469
E85057,7710.0,48.46952010376135,2.3605706874189365
E85058,5176.0,22.56568778979907,27.376352395672335
E85062,7007.0,51.605537319823036,5.166262309119452
E85074,1633.0,75.81139007960809,4.53153704837722
E85075,2557.0,62.88619475948377,3.2068830660930776
E85083,6962.0,56.95202528009193,4.811835679402471
E85088,5314.0,59.747835905156194,4.365826119683854
E85090,4379.0,65.06051609956612,4.04201872573647
E85096,2853.0,79.07465825446899,3.259726603575184
E85108,2720.0,62.75735294117647,8.566176470588236
E85113,3751.0,75.87310050653159,6.584910690482538
E85114,5666.0,59.918813978115075,5.859512883868691
E85115,2254.0,71.5173025732032,3.6823425022182787
E85119,9248.0,48.63754325259516,8.758650519031141
E85122,4450.0,66.15730337078652,6.359550561797753
E85126,5004.0,81.9144684252598,5.275779376498801
E85128,6179.0,63.2302961644279,9.38663214112316
E85624,5620.0,59.34163701067616,7.330960854092527
E85643,4888.0,59.36988543371522,6.89443535188216
E85657,4030.0,67.66749379652606,6.451612903225806
E85659,1447.0,59.36420179682101,26.053904630269525
E85677,3699.0,70.31630170316302,11.705866450391998
E85687,3009.0,74.7424393486208,2.5257560651379194
E85693,8017.0,41.536734439316454,3.2805288761382063
E85707,5553.0,54.78119935170178,15.361066090401584
E85712,5804.0,56.7539627842867,5.3928325292901444
E85715,6336.0,54.34027777777778,4.308712121212121
E85718,2780.0,62.51798561151079,11.510791366906474
E85726,1846.0,68.85157096424702,2.654387865655471
E85736,5618.0,53.09718761124955,14.54254182983268
E86001,5600.0,80.51785714285714,6.642857142857143
E86006,2927.0,72.53160232319782,3.245644004099761
E86010,6199.0,53.78286820454912,18.261009840296822
E86011,3658.0,76.07982504100602,3.143794423182067
E86016,3192.0,73.08897243107769,2.036340852130326
E86017,13461.0,40.65819775648169,11.329024589555011
E86026,3995.0,53.69211514392991,3.579474342928661
E86027,4408.0,54.67332123411978,5.784936479128857
E86029,4349.0,58.703150149459645,3.357093584732122
E86030,3193.0,72.72157845286564,12.057626056999688
E86033,850.0,68.94117647058823,4.9411764705882355
E86036,4075.0,61.34969325153374,4.049079754601227
E86042,3652.0,66.12814895947426,7.146768893756845
E86626,2900.0,79.89655172413794,2.9310344827586206
E86637,2795.0,64.15026833631485,13.738819320214668
E87004,5212.0,68.78357636224098,4.854182655410591
E87005,3665.0,83.46521145975443,5.3478854024556615
E87008,6685.0,69.16978309648466,4.532535527299925
E87026,1413.0,87.04883227176221,3.821656050955414
E87029,4481.0,81.00870341441643,5.4675295692925685
E87034,7135.0,68.54940434477926,5.83041345480028
E87043,2357.0,85.61731014000848,2.460755197284684
E87048,1404.0,71.58119658119658,9.544159544159545
E87052,1895.0,74.03693931398416,6.54353562005277
E87066,3374.0,56.43153526970954,7.024303497332543
E87067,6574.0,80.17949498022513,9.400669303316093
E87637,9515.0,72.19127693116133,4.41408302679979
E87681,9257.0,28.464945446688994,27.730366209355083
E87702,1421.0,74.66572836030964,8.866995073891626
E87714,1456.0,82.21153846153847,4.8076923076923075
E87715,2683.0,81.92322027581066,3.2053671263510997
E87720,4452.0,65.90296495956873,3.3243486073674755
E87738,5057.0,69.64603519873442,7.099070595214554
E87742,2707.0,60.805319541928334,3.10306612486147
E87745,3780.0,80.92592592592592,6.349206349206349
E87746,1968.0,80.38617886178862,5.691056910569106
E87751,2446.0,74.89779231398201,12.224039247751431
E87753,6120.0,36.16013071895425,19.983660130718953
E87754,2365.0,85.75052854122622,6.004228329809725
E87755,1960.0,77.75510204081633,6.071428571428571
E87768,3040.0,69.375,2.2697368421052633
F82001,2802.0,38.57958600999286,30.620985010706637
F82002,3985.0,66.87578419071518,11.417816813048933
F82005,4611.0,44.48058989373238,27.824766861852094
F82006,8269.0,60.490990446245014,13.472003869875438
F82008,4570.0,56.2363238512035,6.214442013129103
F82010,6916.0,44.51995373048005,15.167727009832273
F82011,4284.0,64.05228758169935,12.815126050420169
F82014,4227.0,66.33546250295718,6.008989827300686
F82019,3690.0,65.20325203252033,7.154471544715447
F82021,6327.0,43.10099573257468,10.46309467362099
F82022,9452.0,56.54887854422344,4.9724925941599665
F82023,2166.0,68.00554016620498,3.0009233610341646
F82025,3156.0,80.92522179974651,4.879594423320659
F82027,1376.0,60.247093023255815,11.918604651162791
F82028,4426.0,62.245820153637595,9.82828739267962
F82051,8885.0,30.534608891389983,30.478334271243668
F82055,7080.0,77.48587570621469,3.615819209039548
F82607,3942.0,74.45459157787926,5.580923389142567
F82610,1494.0,71.95448460508702,7.965194109772423
F82612,4756.0,50.23128679562658,7.169890664423885
F82619,1924.0,79.46985446985447,7.64033264033264
F82624,4636.0,44.04659188955996,11.971527178602244
F82625,4187.0,65.29734893718653,12.849295438261285
F82627,2955.0,43.28257191201354,29.88155668358714
F82638,4444.0,50.9000900090009,23.672367236723673
F82642,4965.0,22.215508559919435,11.158106747230613
F82648,3296.0,42.93082524271845,2.487864077669903
F82661,2133.0,82.79418659165495,7.079231129864041
F82670,2722.0,75.67964731814843,4.40852314474651
F82678,2538.0,63.2387706855792,19.62174940898345
F82686,2765.0,60.723327305605785,9.981916817359854
F83003,3188.0,73.87076537013802,4.86198243412798
F83012,1942.0,66.16889804325437,8.54788877445932
F83015,5082.0,57.752853207398665,14.22668240850059
F83017,7941.0,68.15262561390253,3.8660118373000882
F83019,6415.0,49.55572876071707,7.591582229150428
F83021,6398.0,63.410440762738354,10.284463894967177
F83033,2020.0,64.55445544554455,8.712871287128714
F83039,3075.0,70.95934959349593,9.821138211382113
F83042,7197.0,85.70237598999583,1.7229401139363625
F83044,1691.0,72.14665878178593,5.617977528089888
F83052,1848.0,86.68831168831169,5.357142857142857
F83053,3187.0,64.04141826168811,6.840288672732978
F83055,8796.0,64.14279217826285,1.5688949522510232
F83058,2798.0,70.05003573981415,8.184417441029307
F83063,4452.0,59.02964959568733,7.030548068283918
F83064,3365.0,48.588410104011885,7.8751857355126305
F83652,3871.0,53.81038491345905,7.155773701885818
F83658,2873.0,65.12356421858685,19.457013574660632
F83664,5109.0,75.76825210412997,7.946760618516343
F83665,3302.0,68.2313749242883,10.236220472440944
F83666,3277.0,68.08056148916693,9.398840402807446
F83671,1981.0,61.02978293791015,14.03331650681474
F83672,2010.0,79.55223880597015,4.72636815920398
F83673,4004.0,59.91508491508492,16.933066933066932
F83674,5093.0,59.35597879442372,7.04889063420381
F83680,2399.0,71.73822426010838,5.418924551896624
F83686,5375.0,68.2046511627907,8.762790697674419
F84003,8179.0,23.31580877857929,17.23927130456046
F84004,4549.0,54.14376786106837,21.47724774675753
F84008,5179.0,42.768874300057924,9.05580227843213
F84009,8637.0,60.8660414495774,3.8555053838138242
F84010,3645.0,63.731138545953364,3.1824417009602195
F84016,4113.0,53.92657427668369,13.469486992462922
F84017,6875.0,51.403636363636366,6.618181818181818
F84021,6077.0,47.83610334046404,17.623827546486755
F84022,4240.0,55.2122641509434,8.018867924528301
F84033,5353.0,63.94545114888847,6.146086306743882
F84038,2759.0,64.58861906487859,18.194998187749185
F84050,5887.0,60.18345507049431,18.48139969424155
F84052,8681.0,57.36666282686326,7.729524248358484
F84055,1717.0,70.12230634828188,11.357018054746652
F84060,2363.0,77.74016081252645,5.755395683453237
F84069,4893.0,65.48129981606377,7.132638463110566
F84070,4785.0,59.81191222570533,11.264367816091953
F84077,3430.0,74.05247813411079,4.402332361516035
F84083,1359.0,57.24797645327447,15.967623252391464
F84087,4417.0,66.44781525922572,2.6714964908308807
F84088,4806.0,45.7136912193092,2.247191011235955
F84092,5747.0,62.36297198538368,6.52514355315817
F84093,5042.0,61.93970646568822,20.329234430781437
F84096,8031.0,59.282779230481886,3.884945834889802
F84097,7046.0,33.26710190178825,6.642066420664206
F84105,5277.0,68.42903164676899,8.527572484366116
F84115,3737.0,64.08884131656409,2.2745517795022745
F84118,4536.0,67.17372134038801,15.167548500881834
F84119,3877.0,49.11013670363683,15.192158885736394
F84122,4759.0,39.777264131119985,13.32212649716327
F84123,4369.0,66.46829938200962,5.355916685740444
F84601,3175.0,72.88188976377953,6.393700787401575
F84621,3418.0,67.46635459332943,5.324751316559391
F84636,3070.0,78.2084690553746,8.013029315960912
F84656,3973.0,76.56682607601309,11.125094387113013
F84666,2938.0,74.30224642614023,0.8509189925119128
F84668,2422.0,59.86787778695293,1.6102394715111479
F84669,4990.0,66.27254509018036,3.2665330661322645
F84672,3174.0,73.40894770006301,2.9300567107750473
F84677,3360.0,69.16666666666667,14.613095238095237
F84686,4750.0,83.66315789473684,3.557894736842105
F84694,1758.0,82.19567690557452,5.517633674630262
F84710,3628.0,73.04299889746417,5.871003307607498
F84724,5796.0,74.03381642512078,6.780538302277432
F84741,1080.0,64.9074074074074,5.37037037037037
F85002,72681.0,61.679118339043214,3.957017652481391
F85008,5251.0,51.09502951818701,4.246810131403542
F85014,8004.0,53.71064467766117,4.36031984007996
F85017,3136.0,76.21173469387755,4.241071428571429
F85019,5127.0,58.49424614784474,3.8619075482738445
F85034,4258.0,63.92672616251761,9.441052137153592
F85039,4841.0,59.843007643048956,6.07312538731667
F85046,5265.0,64.7673314339981,9.401709401709402
F85058,3350.0,51.850746268656714,19.104477611940297
F85063,7867.0,59.29833481632134,3.4956145926020086
F85067,2182.0,74.42713107241063,4.170485792850596
F85072,7567.0,55.015197568389056,9.475353508656006
F85615,3154.0,56.2143310082435,15.726062143310083
F85623,2984.0,44.33646112600536,6.099195710455764
F85634,2628.0,51.598173515981735,22.945205479452056
F85640,3195.0,68.79499217527386,10.579029733959311
F85669,12255.0,53.85556915544676,13.814769481844145
F85676,2361.0,73.01990681914442,5.5908513341804325
F85688,4294.0,66.39496972519795,3.935724266418258
F86004,3809.0,62.56235232344447,14.098188500918877
F86005,3051.0,43.42838413634874,1.9010160603080957
F86006,5074.0,45.28971225857312,3.8431217973985023
F86007,8374.0,42.62001433006926,6.388822545975639
F86012,5588.0,47.512526843235506,14.996420901932712
F86018,1453.0,36.61390227116311,15.829318651066759
F86023,3371.0,55.324829427469595,24.59210916641946
F86028,7257.0,44.85324514262092,17.348766708006064
F86034,4801.0,46.17787960841491,20.745677983753385
F86040,2282.0,62.00701139351446,15.907099035933392
F86042,8059.0,22.248417917855814,8.375728998635067
F86057,5428.0,67.50184229918939,6.190125276344879
F86060,5524.0,61.35047067342506,20.456191165821867
F86062,4251.0,50.38814396612562,4.610679840037638
F86085,2090.0,63.588516746411486,22.583732057416267
F86086,3052.0,75.16382699868939,5.373525557011796
F86607,6650.0,63.89473684210526,8.105263157894736
F86616,4130.0,64.72154963680387,5.302663438256658
F86621,3561.0,73.60292052794159,8.284189834316203
F86624,2008.0,86.50398406374502,2.589641434262948
F86625,3397.0,49.13158669414189,10.097144539299382
F86626,5264.0,50.930851063829785,3.400455927051672
F86638,2558.0,67.98279906176701,2.4237685691946833
F86652,4683.0,66.32500533845825,6.790518898142216
F86664,4786.0,31.341412452987882,26.284997910572503
F86691,6683.0,64.16280113721383,6.883136316025737
F86692,8881.0,56.73910595653643,7.127575723454566
F86698,4403.0,60.50420168067227,14.353849647967294
F86705,1359.0,74.02501839587933,11.405445180279617
F86707,4689.0,65.25911708253359,6.206014075495841
F86731,3651.0,54.971240755957275,5.806628321007943
G83002,3822.0,69.72789115646259,6.436420722135008
G83004,5989.0,65.00250459175155,6.077809317081316
G83006,5629.0,52.85130573814177,8.047610588026293
G83010,7197.0,60.608586911213,11.546477699041267
G83012,5654.0,66.69614432260347,7.764414573753095
G83018,5900.0,54.42372881355932,17.10169491525424
G83019,7331.0,36.66621197653799,8.825535397626517
G83021,8011.0,49.731619023842214,6.4161777555860695
G83026,3413.0,64.16642250219748,3.8675651919132727
G83029,3842.0,69.28682977615826,8.068714211348256
G83031,4038.0,63.52154531946508,4.457652303120357
G83039,3919.0,50.1658586374075,17.453431997958663
G83044,3850.0,63.896103896103895,7.090909090909091
G83052,5724.0,57.11041229909154,14.919636617749825
G83057,3982.0,71.79809141135108,7.734806629834254
G83062,5993.0,61.488403136993156,14.633739362589688
G83065,3836.0,60.714285714285715,4.066736183524505
G83628,3484.0,70.8955223880597,1.9517795637198623
G83631,2174.0,60.349586016559336,10.16559337626495
G83647,4593.0,69.95427824951012,12.08360548661006
G83680,10017.0,43.21653189577718,5.949885195168214
G84006,4364.0,65.10082493125573,7.561869844179652
G84010,9313.0,53.62396649844304,16.08504241383013
G84017,3328.0,44.77163461538461,19.020432692307693
G84018,2686.0,63.77513030528667,22.52419955323902
G84020,3824.0,40.87343096234309,12.630753138075313
G84025,3521.0,53.961942629934676,14.967338824197672
G84032,5024.0,36.82324840764331,9.63375796178344
G84033,4803.0,48.80283156360608,15.407037268373934
G84039,1625.0,74.03076923076924,9.476923076923077
G84607,2340.0,61.794871794871796,7.094017094017094
G84621,1641.0,76.05118829981718,9.506398537477148
G84630,1605.0,71.21495327102804,9.906542056074766
G85024,5108.0,63.54737666405638,9.984338292873923
G85025,3986.0,53.612644254892125,2.7596588058203713
G85028,6339.0,67.36078245780091,3.028868906767629
G85034,22562.0,47.50022161155926,3.9491179859941496
G85041,4378.0,61.26084970306076,6.669712197350388
G85051,4395.0,71.35381114903299,1.4334470989761092
G85053,8200.0,59.792682926829265,4.939024390243903
G85054,3163.0,70.2813784381916,3.4777110338286437
G85061,2669.0,76.13338328962158,2.8100412139378044
G85083,4996.0,54.383506805444355,14.431545236188951
G85096,3888.0,64.9948559670782,7.690329218106996
G85100,2779.0,64.23173803526448,4.893846707448723
G85105,2023.0,61.5916955017301,8.996539792387543
G85109,8880.0,50.93468468468468,9.144144144144144
G85120,3420.0,55.292397660818715,21.023391812865498
G85127,2706.0,59.09090909090909,3.695491500369549
G85135,4808.0,63.16555740432612,5.282861896838602
G85138,5314.0,58.581106511102746,4.347007903650734
G85623,4194.0,56.580829756795424,5.579399141630901
G85632,3917.0,64.2073015062548,8.041868777125352
G85685,4438.0,75.23659305993691,3.9657503379900856
G85690,2293.0,62.84343654600959,4.012211077191452
G85708,3505.0,62.28245363766049,3.1098430813124107
G85716,2089.0,74.34179033030158,6.701771182383916
G85722,4719.0,51.875397329942786,18.181818181818183
G85726,3336.0,66.78657074340528,2.8776978417266186
G85736,2425.0,54.103092783505154,2.2268041237113403
H83004,7720.0,64.66321243523316,10.103626943005182
H83009,7213.0,43.71274088451407,12.366560377096908
H83014,4681.0,70.47639393292032,15.167699209570605
H83020,4082.0,61.85693287604116,17.442430181283683
H83022,4465.0,37.110862262038076,25.330347144456887
H83024,6530.0,42.23583460949464,20.0
H83042,6197.0,27.400355010488948,14.781345812489915
H83043,4271.0,67.89978927651603,9.061109810348864
H83044,10292.0,33.948698017877966,15.51690633501749
H83052,1939.0,56.111397627643115,12.429087158329036
H83608,5463.0,42.92513271096467,5.7111477210323995
H83624,2685.0,77.05772811918064,5.325884543761639
H83631,5378.0,50.353291186314614,11.881740423949424
H84005,3762.0,55.44922913343966,10.047846889952153
H84012,5678.0,81.437125748503,5.371609721733004
H84018,2806.0,72.34497505345688,10.727013542409123
H84020,5094.0,64.82135846093443,1.8256772673733805
H84025,3157.0,79.82261640798227,3.0091859360152045
H84030,4517.0,65.72946646003984,7.837059995572282
H84032,4357.0,70.98921276107413,6.449391783337159
H84042,4241.0,56.283895307710445,18.061777882574866
H84044,4022.0,70.26355047240179,2.5111884634510195
H84048,3275.0,78.50381679389314,5.862595419847328
H84061,6577.0,61.715067660027366,14.140185494906492
H84635,11879.0,41.552319218789464,20.74248674130819
H85007,3368.0,70.96199524940617,1.7517814726840855
H85008,3507.0,64.38551468491588,16.39577986883376
H85011,3990.0,69.62406015037594,21.102756892230577
H85020,13334.0,29.406029698515074,6.412179391030448
H85022,2405.0,83.07692307692308,5.738045738045738
H85023,3495.0,75.47925608011445,5.379113018597997
H85025,8438.0,61.05712254088647,3.934581654420479
H85026,5532.0,61.641359363702094,8.767172812725958
H85027,3844.0,76.8210197710718,5.28095733610822
H85030,5820.0,77.2508591065292,1.0996563573883162
H85031,6131.0,73.95204697439243,3.604632197031479
H85033,3926.0,54.839531329597555,21.39582272032603
H85037,7607.0,67.29328250295781,8.597344551071382
H85038,4128.0,50.775193798449614,10.513565891472869
H85041,4339.0,54.43650610739802,5.024199124222171
H85045,4353.0,53.870893636572475,3.698598667585573
H85047,4629.0,64.83041693670339,3.4564700799308707
H85051,7976.0,57.27181544633902,15.245737211634905
H85052,1916.0,61.586638830897705,10.438413361169102
H85053,2539.0,71.16975187081528,4.529342260732572
H85061,5488.0,46.70189504373178,18.950437317784257
H85063,6671.0,28.391545495427973,12.08214660470694
H85067,1865.0,65.04021447721179,4.128686327077748
H85070,5558.0,42.58726160489385,12.828355523569629
H85075,2202.0,53.224341507720254,29.200726612170754
H85077,4116.0,62.34207968901846,3.741496598639456
H85090,6027.0,39.90376638460262,8.013937282229966
H85092,3475.0,67.4820143884892,6.561151079136691
H85095,5268.0,42.50189825360668,13.876233864844343
H85110,3369.0,48.32294449391511,5.847432472543781
H85112,2132.0,74.34333958724203,9.849906191369605
H85114,3693.0,72.00108313024641,5.442729488220959
H85115,4706.0,65.76710582235444,9.96600084997875
H85618,4067.0,58.39685271699041,11.089254979100074
H85656,1772.0,65.01128668171557,20.880361173814897
H85659,4381.0,65.44167998173933,1.8717187856653732
H85662,3623.0,57.54899254761248,11.48219707424786
H85682,4021.0,71.05197712011937,2.0392937080328277
H85683,1314.0,78.00608828006088,3.5007610350076104
H85686,5645.0,75.25243578387953,7.263064658990257
Y00057,5087.0,68.44898761549047,7.941812463141341
Y00155,4220.0,48.43601895734597,24.95260663507109
Y00200,2370.0,76.91983122362869,3.670886075949367
Y00312,3890.0,38.94601542416452,9.820051413881748
Y00316,2902.0,55.23776705720193,8.855961405926948
Y00352,14796.0,58.22519599891863,6.211138145444715
Y01090,4147.0,59.24764890282132,5.015673981191223
Y01132,3174.0,55.22999369880277,5.828607435412729
Y01795,4321.0,63.08724832214765,26.776209210830825
Y01839,2605.0,69.3282149712092,6.948176583493282
Y02423,20910.0,63.892874222859874,7.360114777618365
Y02575,7667.0,67.57532281205165,12.051649928263988
Y02842,5726.0,68.65176388403772,10.618232623122598
Y02973,4267.0,74.15045699554722,6.72603702835716
Y02986,2378.0,70.64760302775441,5.172413793103448
Y03035,7825.0,47.246006389776355,13.456869009584665
Y03663,4235.0,43.565525383707204,5.265643447461629
Y04273,6059.0,69.33487374154151,9.12691863343786
Y05317,3289.0,62.176953481301304,5.746427485557921
Y05318,2702.0,63.17542561065877,9.918578830495928
E84646,2461.0,62.53555465258025,2.2754977651361235
E84684,2007.0,67.56352765321375,5.032386646736422
E84701,2557.0,71.37270238560814,14.548298787641768
E85008,2920.0,69.8972602739726,13.424657534246576
E85046,3135.0,64.62519936204147,5.709728867623604
E85071,1496.0,75.60160427807487,1.7379679144385027
E85111,3075.0,77.95121951219512,4.0
E85123,3817.0,59.20880272465287,21.168456903327222
E85605,3319.0,70.11147936125339,6.1163000903886715
E85725,3991.0,70.63392633425207,10.44850914557755
E85746,1918.0,58.44629822732013,24.035453597497394
E86605,1727.0,72.55356108859293,7.353792704111175
E86610,2047.0,79.04250122129946,3.0288226673180265
E86612,3170.0,73.65930599369085,1.608832807570978
E86629,1842.0,80.07600434310532,9.120521172638437
E87010,2651.0,78.38551490003772,3.7344398340248963
E87021,3248.0,78.20197044334975,5.387931034482759
E87069,1056.0,82.1969696969697,11.363636363636363
E87706,3094.0,60.37491919844861,12.605042016806722
E87722,2161.0,79.40768162887552,4.118463674224896
F82045,2077.0,67.16417910447761,15.358690418873374
F82609,2674.0,79.50635751682871,5.086013462976814
F83034,697.0,69.15351506456241,2.2955523672883786
F83050,1194.0,87.43718592964824,0.33500837520938026
F84030,1666.0,74.66986794717887,9.903961584633853
F84124,3266.0,61.11451316595223,16.53398652786283
F84730,3971.0,48.32535885167464,14.02669352807857
F84733,1298.0,86.28659476117103,1.8489984591679507
F85642,4914.0,60.52096052096052,6.410256410256411
F85663,2989.0,66.94546671127468,5.720976915356307
F86022,9823.0,16.359564287895754,21.836506159014558
F86044,3318.0,69.46955997588908,4.249547920433996
F86064,2593.0,67.41226378711917,4.126494408021596
F86644,3444.0,52.990708478513355,4.732868757259001
F86700,1997.0,74.01101652478718,14.321482223335002
F86708,2397.0,50.14601585314977,7.425949103045474
G83635,2019.0,77.61267954432887,5.943536404160476
G84035,2451.0,78.4985720114239,1.7951856385148919
G84041,2209.0,81.34902670891806,6.518786781349027
G84609,2074.0,75.40983606557377,1.7839922854387658
G85013,4839.0,59.66108700144658,9.320107460219054
G85019,1363.0,67.05796038151138,4.5487894350697
G85021,1488.0,49.79838709677419,18.884408602150536
G85044,2887.0,72.94769657083478,2.736404572220298
G85119,3634.0,68.73968079251513,6.191524490919098
G85696,4494.0,73.40898976412996,3.7828215398308855
G85706,1732.0,66.33949191685912,2.0785219399538106
H83008,2436.0,67.28243021346469,9.893267651888342
H83015,4258.0,74.70643494598403,8.431188351338657
H83033,2679.0,63.53116834639791,6.196341918626353
H83611,3101.0,71.26733311834892,6.675266043211868
H84007,3061.0,58.3469454426658,13.884351519111402
H84041,2816.0,73.89914772727273,5.433238636363637
H84057,1863.0,84.54106280193237,2.898550724637681
H84630,1937.0,60.14455343314404,5.00774393391843
H85006,2904.0,72.14187327823691,6.473829201101928
H85049,1904.0,82.93067226890756,2.100840336134454
H85101,3204.0,56.14856429463171,23.158551810237203
H85113,2277.0,67.98418972332016,9.134826526130874
Y03755,4102.0,66.55290102389078,8.62993661628474
Y06345,1226.0,81.07667210440457,3.9151712887438825
F83059,3252.0,57.19557195571956,6.426814268142682
D81004,9304.0,60.8018056749785,14.208942390369733
D81015,4422.0,65.30981456354591,9.203980099502488
D81021,5279.0,67.74010229210077,8.467512786512597
D81025,4577.0,66.55014201441992,4.653703299104217
D81026,42054.0,48.52094925571884,7.095638940409949
D81027,4974.0,56.09167671893848,7.679935665460394
D81031,9969.0,39.49242652221888,29.160397231417395
D81037,3805.0,57.398160315374504,8.409986859395532
D81038,4443.0,76.00720234076074,1.0578437992347514
D81042,7142.0,48.935872304676565,4.984598151778213
D81046,8122.0,51.62521546417138,28.921447919231717
D81050,6889.0,61.54739439686457,16.257802293511396
D81051,2845.0,74.41124780316345,6.8189806678383125
D81081,4098.0,65.30014641288433,4.5143972669594925
D81606,6234.0,76.35547000320821,7.170356111645813
D81611,7274.0,64.87489689304371,10.778113830079736
D81622,6671.0,73.90196372357967,6.160995353020537
D81629,3601.0,47.15356845320744,12.635379061371841
D81630,6622.0,52.5974025974026,9.559045605557234
D81637,7237.0,12.228824098383308,26.66850905071162
D82007,17072.0,52.15557638238051,16.658856607310216
D82009,3385.0,70.96011816838995,8.27178729689808
D82011,10213.0,68.65759326348771,12.072848330559092
D82012,9704.0,62.180544105523495,8.491343775762573
D82017,4510.0,59.246119733924616,12.483370288248336
D82026,6038.0,59.83769460086121,8.893673401788671
D82028,4141.0,71.86669886500846,14.39265877807293
D82030,6026.0,69.11715897776303,8.71224692997013
D82037,7560.0,55.43650793650794,6.798941798941799
D82039,5814.0,50.103199174406605,11.95390436876505
D82044,26166.0,39.79974012076741,12.8143392188336
D82047,3302.0,72.35009085402787,5.693519079345851
D82048,5928.0,51.298920377867745,15.401484480431849
D82056,8583.0,15.18117208435279,8.703250611674239
D82059,8333.0,57.51830073202928,19.008760350414015
D82078,6146.0,61.91018548649528,6.83371298405467
D82087,4446.0,68.1961313540261,3.3513270355375617
D82096,5687.0,72.56901705644452,11.798839458413926
D82100,3266.0,60.01224739742805,10.532761788120025
D82104,4074.0,66.42120765832107,13.500245459008346
D82106,3071.0,69.65157929013351,9.117551286225986
D82604,4117.0,43.235365557444744,8.719941705125091
D82621,5952.0,46.001344086021504,4.653897849462366
D82628,2662.0,52.55447032306537,16.829451540195343
D83002,9411.0,64.83901817022632,16.714483051747955
D83004,5345.0,71.95509822263799,8.793264733395697
D83005,9869.0,50.21785388590536,16.567028067686696
D83006,5345.0,81.3844714686623,4.920486435921422
D83007,8190.0,62.234432234432234,19.60927960927961
D83010,5137.0,65.34942573486471,7.7671792875219
D83012,12131.0,56.087709174841315,8.589563927128843
D83013,8536.0,50.39831302717901,10.777881911902531
D83015,4225.0,60.04733727810651,9.70414201183432
D83017,7745.0,32.09812782440284,10.096836668818593
D83018,5106.0,49.588719153936545,20.407363885624754
D83019,5972.0,53.466175485599464,8.154722036168788
D83021,10596.0,41.27029067572669,22.527368818422048
D83024,8610.0,33.11265969802555,19.605110336817653
D83026,3894.0,66.38418079096046,10.631741140215716
D83027,5762.0,52.84623394654634,13.832002776813606
D83028,8175.0,29.370030581039757,15.926605504587156
D83029,7508.0,64.99733617474693,13.998401704848161
D83040,7073.0,65.70055139261981,14.491729110702671
D83041,4104.0,79.99512670565302,4.946393762183236
D83045,2507.0,70.40287195851616,9.09453530115676
D83046,9048.0,38.3841732979664,39.356763925729446
D83048,14032.0,61.43814139110604,13.155644241733182
D83050,12396.0,27.258793159083574,8.88189738625363
D83056,7927.0,47.962659265800426,9.839788066103191
D83061,6674.0,73.44920587353911,9.709319748276895
D83062,10162.0,51.66305845306042,9.161582365676049
D83074,7721.0,63.269006605362,7.809869187929025
D83078,6451.0,72.11285072081847,6.557122926678034
D83081,2825.0,64.67256637168141,7.964601769911504
E81002,5398.0,64.32011856243054,2.5750277880696553
E81004,15261.0,22.783565952427757,14.219251687307516
E81005,3913.0,62.38180424226936,12.036800408893432
E81006,5844.0,46.59479808350445,11.190965092402465
E81007,4368.0,84.06593406593407,2.0146520146520146
E81009,8507.0,53.60291524626778,14.952392147643117
E81010,4144.0,67.0608108108108,4.005791505791506
E81013,5859.0,60.12971496842464,11.793821471240825
E81014,11371.0,53.61006068067892,8.055579984170258
E81015,5326.0,61.45324821629741,14.11941419451746
E81019,10742.0,57.80115434742134,14.140755911375908
E81021,9584.0,32.99248747913189,8.242904841402337
E81022,7906.0,41.9681254743233,9.79003288641538
E81024,2595.0,75.91522157996147,4.585741811175337
E81026,4319.0,58.90252373234545,5.556841861542024
E81027,6682.0,56.8392696797366,10.535767734211314
E81031,3227.0,55.748373101952275,3.5326929036256587
E81035,5818.0,40.56376761773805,10.983155723616363
E81036,5755.0,57.91485664639444,5.907906168549088
E81041,5116.0,76.75918686473808,4.671618451915559
E81044,7656.0,46.10762800417973,11.507314524555904
E81046,8048.0,35.17644135188867,10.014910536779324
E81047,7454.0,52.18674537161256,16.28655755299168
E81048,4519.0,63.75304270856384,5.510068599247621
E81050,6032.0,65.56697612732096,6.482095490716181
E81063,4773.0,46.4487743557511,9.76325162371674
E81069,2193.0,77.4281805745554,9.30232558139535
E81073,6716.0,43.67182846932698,21.828469326980347
E81612,3332.0,46.48859543817527,7.6830732292917165
E81615,1978.0,78.159757330637,6.976744186046512
E81617,2341.0,72.96027338744126,6.151217428449381
E82001,14452.0,51.97896484915583,9.438140049820094
E82002,7697.0,25.529427049499805,21.631804599194492
E82007,7011.0,29.182712879760377,10.954214805305948
E82009,12378.0,72.07949587978672,5.849087089998385
E82019,9611.0,34.48132348350848,10.87295806887941
E82023,3366.0,75.99524658348187,5.05050505050505
E82024,6094.0,53.11782080735149,8.418116179849031
E82042,3378.0,31.97158081705151,16.577856719952635
E82043,7437.0,47.519160951996774,10.057819013042893
E82044,6513.0,55.90357746046369,14.171656686626747
E82056,4545.0,70.0990099009901,5.214521452145214
E82059,5202.0,74.9519415609381,6.362937331795464
E82061,9278.0,57.6525113170942,4.354386721276137
E82067,5586.0,44.575725026852844,12.67454350161117
E82071,3465.0,54.94949494949495,13.333333333333334
E82074,8868.0,50.665313486693734,9.359494812810103
E82077,3374.0,61.79608772969769,10.46235921754594
E82079,6338.0,68.3654149573998,3.1240138845061534
E82084,3763.0,66.64895030560723,8.344406058995482
E82085,9853.0,81.3254846239724,4.902060286207247
E82086,12545.0,33.24033479473894,14.212833798326026
E82091,9252.0,38.8672719412019,18.7094682230869
E82092,9084.0,57.17745486569793,10.19374724790841
E82096,3509.0,71.9293245939014,5.756625819321744
E82098,4684.0,63.38599487617421,5.6789069171648165
E82100,6217.0,56.442013833038445,8.653691491072864
E82107,3317.0,80.13264998492613,5.215556225504974
E82111,5644.0,41.37136782423813,17.22182849043232
E82124,17878.0,31.01018010963195,12.697169705783645
E82652,1635.0,68.92966360856269,9.663608562691131
E82654,6940.0,55.04322766570605,10.043227665706052
E82655,2787.0,34.94797273053462,20.380337280229636
F81004,8011.0,45.68718012732493,6.940456871801273
F81007,9134.0,58.43004160280272,12.218086271075103
F81013,5022.0,68.4189565909996,11.748307447232179
F81021,7520.0,54.587765957446805,15.132978723404255
F81022,6968.0,55.30998851894374,6.7451205510907
F81026,5701.0,64.69040519207157,13.909840378880897
F81029,3404.0,50.05875440658049,11.72150411280846
F81030,11410.0,50.604732690622264,10.184049079754601
F81038,7558.0,56.139190261974065,6.271500396930405
F81045,5089.0,25.93829829043034,30.654352525054037
F81048,7425.0,48.44444444444444,8.067340067340067
F81049,8397.0,54.97201381445755,16.172442539002024
F81051,6193.0,45.24463103503956,13.870498950427903
F81052,7843.0,62.055335968379445,14.662756598240469
F81053,13608.0,56.84156378600823,10.214579659024103
F81055,7357.0,56.68071224683975,21.720810112817723
F81056,16676.0,25.497721276085393,23.10506116574718
F81057,6902.0,37.46740075340481,12.054476963199074
F81060,2247.0,37.69470404984423,30.79661771250556
F81061,7021.0,51.00413046574562,15.909414613302948
F81062,7090.0,57.60225669957687,14.964739069111424
F81076,5363.0,30.33749766921499,7.327988066380757
F81080,4537.0,71.10425391227683,3.526559400484902
F81081,17944.0,9.936469014712438,30.823673651359787
F81085,8791.0,47.36662495734274,5.75588670230918
F81086,3179.0,69.99056307014784,15.22491349480969
F81089,6219.0,53.336549284450875,17.04454092297797
F81090,6552.0,53.4035409035409,9.249084249084248
F81092,2606.0,74.78894858019954,3.53031465848043
F81097,6522.0,48.359398957375035,25.038331800061332
F81098,4711.0,33.83570367225642,18.340055189980895
F81099,14316.0,26.369097513271864,26.292260407935178
F81101,4972.0,43.52373290426388,13.37489943684634
F81102,3221.0,76.18751940391184,3.5392735175411363
F81113,3439.0,67.752253562082,4.710671706891538
F81115,12142.0,21.11678471421512,21.05913358590018
F81118,4792.0,53.9440734557596,16.9449081803005
F81120,5838.0,58.37615621788284,16.786570743405274
F81123,10515.0,39.67665240133143,28.292914883499762
F81125,6288.0,41.1736641221374,20.817430025445294
F81128,7037.0,48.33025436975984,10.27426460139264
F81130,4201.0,73.69673887169722,4.641751963818138
F81131,5143.0,60.04277658953918,18.02449931946335
F81137,4189.0,63.92933874433039,8.689424683695393
F81147,3381.0,71.10322389825495,8.577343981070689
F81149,6338.0,34.04859577153676,15.209845377090565
F81150,8648.0,43.443570767807586,16.48936170212766
F81152,5929.0,44.29077416090403,20.678023275425872
F81153,7877.0,65.91341881426939,9.521391392662181
F81156,5510.0,59.364791288566245,19.12885662431942
F81163,2107.0,57.712387280493594,4.461319411485524
F81164,4295.0,48.474970896391156,29.848661233993017
F81173,5431.0,46.06886392929479,8.414656600994292
F81181,10007.0,24.932547216948137,11.112221444988508
F81192,4675.0,63.46524064171123,9.368983957219251
F81198,1496.0,54.47860962566845,15.574866310160427
F81207,1648.0,68.14320388349515,13.228155339805825
F81211,2106.0,72.88698955365622,8.024691358024691
F81212,9762.0,37.16451546814177,29.287031346035647
F81213,4944.0,49.59546925566343,28.0542071197411
F81215,6884.0,42.8965717606043,25.305055200464846
F81219,3071.0,75.18723542819929,3.777271247150765
F81221,2556.0,53.834115805946794,12.754303599374023
F81223,1694.0,81.58205430932703,4.014167650531287
F81606,1470.0,72.65306122448979,2.5850340136054424
F81613,5853.0,56.073808303434134,18.64001366820434
F81623,971.0,70.9577754891864,11.53450051493306
F81645,2445.0,78.48670756646217,1.7177914110429449
F81649,1866.0,72.9903536977492,10.07502679528403
F81656,1915.0,67.31070496083551,23.655352480417754
F81666,1357.0,55.56374355195284,13.854089904200443
F81681,12525.0,43.97604790419162,29.48502994011976
F81697,1283.0,75.5261106780982,6.7809820732657835
F81713,1524.0,70.01312335958005,3.543307086614173
F81729,1187.0,72.11457455770851,6.402695871946083
F81732,3224.0,52.91563275434243,10.049627791563275
F81741,8716.0,61.07159247361175,8.604864616796696
F81744,1212.0,81.43564356435644,6.683168316831683
F81751,1911.0,75.19623233908948,12.035583464154893
K82016,11473.0,26.514425172143294,25.006537087074
K82025,10401.0,48.408806845495626,20.209595231227766
K82026,10890.0,45.63820018365473,22.681359044995407
K82615,5666.0,58.383339216378396,6.547829156371338
K82631,5502.0,64.54016721192293,4.6528535078153395
Y00486,5144.0,49.4556765163297,6.531881804043546
Y02611,5581.0,66.72639311951264,4.766170937108045
Y02639,4175.0,56.64670658682635,12.215568862275449
Y03052,5166.0,68.87340301974449,6.020131629887728
Y07059,5048.0,59.508716323296355,8.478605388272584
Y07060,7078.0,55.48177451257418,13.8739756993501
D82049,3019.0,74.46174229877442,9.60582974494866
D82062,9445.0,57.935415563790365,16.22022233986236
D82084,7210.0,63.73092926490985,11.650485436893204
D82600,1422.0,69.971870604782,9.774964838255977
D83003,3265.0,62.480857580398165,21.07197549770291
D83054,5883.0,63.267040625531195,12.136664966853646
D83080,2768.0,71.09826589595376,3.4320809248554913
E81016,3263.0,47.563591786699355,20.012258657676984
E82046,3825.0,55.76470588235294,9.281045751633988
E82066,2081.0,78.95242671792407,9.899086977414704
E82078,10124.0,35.13433425523508,5.32398261556697
E82093,6218.0,33.5316822129302,19.68478610485687
E82117,4508.0,71.76131322094055,11.24667258207631
E82638,3963.0,45.67247035074438,12.79333838001514
F81071,5450.0,49.908256880733944,20.89908256880734
F81072,3985.0,75.58343789209536,16.537013801756586
F81186,3834.0,77.0735524256651,4.225352112676056
F81197,1245.0,47.389558232931726,34.859437751004016
F81640,2137.0,74.35657463734206,7.2531586335985025
F81696,1616.0,66.95544554455445,18.007425742574256
F81700,3936.0,56.75813008130081,19.89329268292683
F81704,2336.0,56.46404109589041,23.458904109589042
F81707,3621.0,52.25075945871306,22.728528030930683
F81746,2783.0,59.03701042040963,16.852317642831476
K82015,4618.0,66.17583369423993,10.870506712862712
Y00774,2586.0,81.1678267594741,6.380510440835267
Y03222,4896.0,43.259803921568626,15.196078431372548
A82008,6915.0,69.48662328271872,6.334056399132321
A82010,4435.0,75.6031567080045,3.855693348365276
A82027,6089.0,67.59730661849237,5.682378058794548
A82053,4357.0,66.99563920128529,14.666054624741795
A82070,4731.0,55.273726484886915,18.43162122172902
A82647,2907.0,56.174750601995186,1.7887856897144823
B82061,6444.0,56.874612042209804,31.564245810055866
N81002,4018.0,63.787954206072676,10.652065704330512
N81007,4071.0,76.44313436502088,8.450012281994596
N81010,5869.0,55.086045322882946,6.304310785483047
N81012,8609.0,52.25926356138925,7.561853873852945
N81020,7296.0,54.947916666666664,10.211074561403509
N81022,12399.0,44.85845632712316,11.8396644890717
N81024,4835.0,69.92761116856256,6.845915201654602
N81027,5893.0,64.70388596640082,8.739182080434414
N81030,9151.0,35.75565511965905,15.888973882635778
N81032,16185.0,40.27185665739883,7.092987333951189
N81033,4963.0,73.10094700785815,12.089462018940157
N81034,6947.0,42.5363466244422,7.211746077443501
N81036,6500.0,53.16923076923077,11.507692307692308
N81039,5109.0,76.33587786259542,3.3470346447445682
N81044,5156.0,72.59503491078355,7.428238944918541
N81046,3450.0,55.47826086956522,9.73913043478261
N81047,6322.0,61.65770325846251,8.430876304966782
N81050,9481.0,41.88376753507014,13.838202721231937
N81053,5877.0,52.27156712608474,18.648970563212522
N81056,6319.0,28.074062351637917,18.262383288495016
N81059,7385.0,57.535545023696685,7.203791469194313
N81063,7910.0,44.121365360303415,7.193426042983565
N81067,2568.0,77.57009345794393,4.672897196261682
N81071,2637.0,80.773606370876,3.868031854379977
N81074,3723.0,76.79290894439968,4.3244695138329305
N81077,3458.0,73.59745517640255,7.663389242336611
N81079,6857.0,56.613679451655244,16.581595449905205
N81081,4393.0,76.23491918961984,6.555884361484179
N81083,2576.0,83.92857142857143,5.240683229813665
N81084,7847.0,47.16452147317446,17.509876385879956
N81087,10696.0,58.984667165295434,11.80815258040389
N81089,3777.0,56.84405612920307,11.172888535875034
N81090,2877.0,68.1265206812652,10.253736531108794
N81092,9133.0,62.58622577466331,5.934523157779481
N81093,6403.0,53.740434171482114,11.026081524285491
N81101,5441.0,59.19867671383937,8.288917478404706
N81107,2708.0,67.2821270310192,11.55834564254062
N81109,3244.0,70.99260172626387,7.213316892725031
N81111,5647.0,53.479723747122364,29.856561005843812
N81113,5167.0,60.1509580027095,8.747822721114767
N81120,4407.0,70.61493079192194,5.990469707283866
N81121,4321.0,73.45521869937514,6.7114093959731544
N81125,6538.0,64.10217191801775,7.509941878250229
N81607,2964.0,62.685560053981106,5.600539811066127
N81614,3647.0,87.3594735398958,1.6451878256100905
N81623,4561.0,59.131769348827014,13.593510195132646
N82001,5135.0,49.386562804284324,5.861733203505356
N82014,4725.0,69.01587301587301,6.37037037037037
N82024,8006.0,58.2687984011991,6.819885086185361
N82034,7532.0,26.61975570897504,26.99150292087095
N82039,2771.0,63.29844821364129,8.516780945507037
N82053,10938.0,61.418906564271346,5.668312305723167
N82067,4679.0,54.391964094892074,21.008762556101733
N82081,5673.0,62.0482989599859,15.053763440860216
N82082,4925.0,76.8730964467005,1.7055837563451777
N82083,5287.0,48.59088329865708,9.778702477775676
N82084,6067.0,13.960771386187572,16.84522828416021
N82087,2848.0,47.366573033707866,6.074438202247191
N82089,2962.0,50.067521944632006,7.629979743416611
N82092,4576.0,62.67482517482517,7.5174825174825175
N82094,5523.0,63.38946224877784,8.346912909650552
N82097,3561.0,77.56248244875034,3.060937938781241
N82101,3000.0,50.833333333333336,6.8
N82104,3154.0,68.89663918833227,4.56563094483196
N82106,1970.0,70.50761421319797,2.6903553299492384
N82109,3741.0,64.34108527131782,13.258487035551992
N82113,4997.0,14.248549129477686,38.363017810686415
N82115,6888.0,69.62833914053427,5.415214866434378
N82116,3902.0,53.17785750896976,8.431573552024602
N82651,5274.0,50.24649222601441,6.6552901023890785
N82662,4453.0,56.88300022456771,7.567931731417022
N82663,3262.0,68.976088289393,3.801348865726548
N82664,2095.0,57.61336515513126,8.83054892601432
N82668,2643.0,63.22360953461975,16.685584562996596
N82678,3210.0,54.517133956386296,8.69158878504673
N84004,6259.0,49.944080524045376,12.286307716887682
N84006,6793.0,63.50655086118063,15.103783306344766
N84012,6735.0,66.78544914625093,7.676317743132888
N84013,9490.0,56.15384615384615,8.33508956796628
N84015,7527.0,41.26478012488375,20.526106018333998
N84018,8616.0,37.1866295264624,12.964252553389043
N84020,7452.0,66.26409017713365,4.240472356414386
N84025,7783.0,43.53077219581138,6.5398946421688295
N84029,3695.0,44.57374830852503,7.983761840324763
N84617,3671.0,68.12857532007628,4.630890765459003
N84625,2755.0,70.23593466424683,7.840290381125227
N85007,13108.0,34.26914861153494,28.219407995117486
N85008,8536.0,53.245079662605434,12.488284910965323
N85015,3946.0,45.13431322858591,7.146477445514445
N85017,4399.0,64.49192998408729,3.591725392134576
N85020,7120.0,65.95505617977528,10.617977528089888
N85023,3602.0,72.6540810660744,3.3870072182121045
N85025,2461.0,75.53839902478667,3.29134498171475
N85027,5171.0,77.95397408625024,4.157803132856314
N85028,7022.0,73.81088009114212,9.114212475078325
N85038,3690.0,64.20054200542006,13.821138211382113
N85044,15066.0,70.33054559936281,5.973715651135006
N85047,4569.0,63.84329174874152,6.587874808492011
N85054,2235.0,54.049217002237135,29.12751677852349
N85620,4245.0,70.55359246171967,2.4734982332155475
N85648,2609.0,75.73783058643158,3.2196243771559985
P81005,8434.0,55.56082523120702,4.75456485653308
P81008,4837.0,88.96009923506305,1.5712218317138722
P81013,8938.0,55.538151711792345,8.335198030879392
P81014,9921.0,57.222054228404396,8.91039209757081
P81015,8013.0,63.65905403718957,9.259952577062274
P81017,8553.0,64.24646322927627,4.068747807786742
P81018,3646.0,59.57213384530993,7.899067471201317
P81022,10230.0,63.391984359726294,5.60117302052786
P81025,6517.0,60.99432254104649,12.85867730550867
P81027,8997.0,55.840835834166946,12.54862732021785
P81035,6297.0,63.442909321899315,6.193425440686041
P81039,4236.0,74.71671388101983,4.579792256846082
P81042,9826.0,45.80704254019947,18.573173213922246
P81043,5367.0,68.54853735792808,10.76951742127818
P81046,5880.0,94.81292517006803,0.391156462585034
P81055,10817.0,71.7389294628825,3.6516594249791994
P81057,14681.0,30.45432872420135,11.307131666780192
P81071,5669.0,75.41012524254718,3.8278355971070734
P81072,6813.0,56.333480111551445,7.089387934830471
P81074,9467.0,55.71986901869653,8.344776592373508
P81076,6683.0,61.08035313481969,7.5415232679934165
P81077,5376.0,62.51860119047619,7.849702380952381
P81082,10723.0,62.2586962603749,9.698778326960738
P81084,8904.0,63.87017070979335,8.45687331536388
P81086,8485.0,74.2486741308191,5.562757807896287
P81095,5676.0,50.0,8.262861169837914
P81099,8586.0,62.683438155136265,4.332634521313767
P81112,9585.0,68.34637454355764,9.285341679707876
P81115,11156.0,36.590175690211545,11.052348512011474
P81119,6996.0,53.2590051457976,6.5465980560320185
P81127,7478.0,70.63385932067398,8.732281358652045
P81128,7083.0,80.6014400677679,5.181420302131865
P81133,6982.0,65.02434832426239,10.928100830707534
P81140,15333.0,58.47518424313572,8.263223113545946
P81149,5579.0,64.43807133894963,13.31779888868973
P81150,11115.0,36.9050832208727,10.98515519568151
P81171,7710.0,26.718547341115436,5.110246433203631
P81180,3051.0,58.079318256309406,13.372664700098328
P81184,7176.0,83.02675585284281,2.0903010033444818
P81201,5659.0,63.01466690227956,8.88849620074218
P81208,18349.0,56.50444165894599,7.014006212872636
P81646,3641.0,55.06728920626202,5.6028563581433675
P81668,4961.0,80.62890546260834,11.711348518443861
P81681,8164.0,35.38706516413523,7.435080842724155
P81695,5817.0,63.95048994326973,5.862128244799725
P81714,4523.0,55.051956665929694,15.675436657086005
P81726,2075.0,64.19277108433735,9.156626506024097
P81732,3336.0,71.79256594724221,8.15347721822542
P81742,3722.0,50.725416442772705,8.4631918323482
P81770,7615.0,52.46224556795798,6.18516086671044
P81780,3212.0,54.856787048567874,19.17808219178082
P82002,4100.0,76.26829268292683,6.951219512195122
P82004,5174.0,71.64669501352918,6.320061847700039
P82006,10706.0,46.235755651036804,9.994395665981692
P82010,3360.0,72.73809523809524,4.345238095238095
P82011,5252.0,77.60853008377761,2.1134805788271134
P82013,2681.0,67.9970160387915,7.83289817232376
P82014,3795.0,68.01054018445323,8.748353096179184
P82021,3856.0,74.22199170124482,14.185684647302905
P82609,3458.0,70.18507807981493,4.598033545401966
P82616,2004.0,62.4251497005988,2.8942115768463075
P82627,2622.0,67.46758199847444,5.949656750572083
P82629,4036.0,75.39643211100099,4.2120911793855305
P82633,1726.0,71.14716106604867,4.9826187717265356
P82634,2567.0,77.05492793143748,1.675107128944293
P83001,9612.0,36.933000416146484,12.380357885975863
P83004,4801.0,65.27806706936055,3.103520099979171
P83007,15849.0,,22.512461354028645
P83025,2998.0,75.78385590393596,5.136757838559039
P83603,4350.0,57.14942528735632,12.114942528735632
P83608,5051.0,54.38527024351613,9.503068699267471
P83612,3294.0,66.81845780206436,7.346690953248331
P84010,4605.0,69.96742671009773,7.53528773072747
P84012,5298.0,38.25972064930162,11.325028312570781
P84014,4792.0,51.02253756260434,7.950751252086811
P84016,4173.0,63.072130361849986,8.531032830098251
P84030,9290.0,58.49300322927879,2.669537136706136
P84032,3090.0,65.63106796116504,2.6537216828478964
P84037,5761.0,43.42996007637563,11.577851067523
P84039,8702.0,26.844403585382672,27.740749253045276
P84040,4408.0,74.06987295825772,4.310344827586207
P84049,9296.0,58.218588640275385,6.540447504302926
P84064,4782.0,78.75365955667085,5.959849435382685
P84067,4446.0,69.20827710301394,14.574898785425102
P84068,8016.0,63.87225548902195,6.536926147704591
P84071,2627.0,65.2455272173582,2.3220403502093645
P84630,6174.0,41.52899254940071,12.147716229348882
P84637,2083.0,65.62650024003841,0.9121459433509361
P84639,1660.0,75.5421686746988,2.4698795180722892
P84665,2489.0,85.57653676175171,3.2944957814383287
P84669,6116.0,40.92544146500981,14.159581425768476
P84673,5385.0,70.51067780872795,7.836583101207057
P84683,3170.0,66.84542586750788,3.5646687697160884
P84684,4992.0,86.87900641025641,3.145032051282051
P85004,3972.0,58.55991943605237,5.41289023162135
P85005,6980.0,66.04584527220631,3.6246418338108883
P85010,8516.0,50.281822451855334,4.638327853452325
P85015,3415.0,67.32064421669106,3.6896046852122986
P85016,6597.0,56.4195846596938,6.775807185084129
P85021,7587.0,60.788190325556876,12.666403057862132
P85026,8047.0,65.53995277743259,4.47371691313533
P85601,2082.0,64.07300672430355,26.22478386167147
P85610,3454.0,56.60104226983208,5.732484076433121
P85612,6205.0,18.30781627719581,25.044319097502015
P85622,8758.0,35.67024434802466,8.826216031057319
P86002,1287.0,73.97047397047398,5.905205905205905
P86003,6691.0,50.69496338364968,14.198176655208488
P86004,7117.0,55.66952367570605,8.627230574680343
P86007,9209.0,59.995656423064396,12.607232055597784
P86008,6961.0,33.874443327108175,12.97227409854906
P86009,6784.0,61.409198113207545,7.871462264150943
P86011,5750.0,65.06086956521739,4.069565217391304
P86012,9828.0,25.071225071225072,14.713064713064712
P86013,3786.0,70.2324352879028,8.874801901743265
P86016,5319.0,59.860876104530924,13.799586388418875
P86017,4725.0,37.12169312169312,6.518518518518518
P86019,7848.0,51.54179408766565,2.994393476044852
P86619,4866.0,69.46157007809289,6.206329634196465
P87015,6388.0,45.71070757670633,12.06950532247965
P87025,5375.0,65.84186046511628,4.055813953488372
P87026,9001.0,70.88101322075325,6.499277858015776
P87027,9768.0,52.180589680589684,10.554873054873054
P87035,3356.0,77.35399284862932,2.3539928486293205
P87040,5600.0,52.214285714285715,11.160714285714286
P87624,3686.0,69.15355398806294,6.646771568095496
P87648,4313.0,51.10132158590309,7.535358219336889
P87649,2934.0,84.96932515337423,3.2719836400817996
P88003,5840.0,70.23972602739725,3.356164383561644
P88006,7034.0,72.46232584589139,6.568097810634063
P88011,4841.0,60.19417475728155,12.394133443503408
P88013,5618.0,74.51050195799216,9.255962976148096
P88014,2363.0,74.10071942446044,2.369868810833686
P88016,6003.0,51.507579543561555,11.594202898550725
P88017,4562.0,58.614642700569924,9.22840859272249
P88019,3017.0,69.07524030493867,15.54524361948956
P88021,4288.0,65.13526119402985,5.387126865671642
P88023,4116.0,55.27210884353742,10.10689990281827
P88024,4838.0,72.13724679619678,5.436130632492765
P88026,17895.0,65.45962559374126,6.0240290583962
P88043,5881.0,77.38479850365584,3.0777078728107465
P88606,3953.0,73.76675942322287,4.806476094105743
P88625,5464.0,69.30819912152269,6.112737920937042
P89002,10782.0,19.309961046188093,5.870895937673901
P89004,3938.0,75.64753682072117,2.006094464195023
P89005,2943.0,71.76350662589195,8.73258579680598
P89008,10516.0,53.06200076074553,5.952833777101559
P89012,3713.0,64.98788042014543,5.790465930514409
P89013,3936.0,46.62093495934959,5.767276422764228
P89015,11411.0,50.96836385943388,15.888178073788449
P89025,2283.0,78.09899255365747,2.9347349978098993
P89029,7242.0,31.413974040320355,30.99972383319525
P89602,2306.0,73.15698178664354,8.152645273200347
P89618,1924.0,75.57172557172557,4.054054054054054
P91004,3719.0,65.74347942995429,5.996235547190105
P91008,3621.0,57.995028997514495,9.223971278652305
P91011,2687.0,87.23483438779307,2.381838481577968
P91013,4949.0,77.83390583956354,2.4651444736310366
P91016,4114.0,58.7019931939718,7.292173067574137
P91021,7477.0,72.86344790691454,5.577103116223084
P91629,7987.0,77.53850006260173,4.231876799799674
P92001,3530.0,67.13881019830028,10.056657223796034
P92003,4276.0,67.44621141253508,8.676333021515434
P92005,3140.0,82.00636942675159,7.13375796178344
P92014,5459.0,71.99120718080235,6.173291811687122
P92015,3649.0,66.7854206631954,5.6727870649493015
P92016,11192.0,64.8409578270193,10.087562544674768
P92020,2602.0,80.16910069177555,3.4973097617217523
P92021,4069.0,70.11550749569919,2.752519046448759
P92023,4487.0,66.74838422108313,6.6414085134833964
P92024,3889.0,63.53818462329648,12.856775520699408
P92615,2822.0,79.16371367824239,3.7207654145995748
P92621,2255.0,83.9911308203991,2.4390243902439024
P92634,2056.0,83.51167315175097,3.0155642023346303
P92637,2295.0,83.00653594771242,0.8278867102396514
P92642,2855.0,73.2399299474606,7.600700525394045
P92647,2689.0,83.2651543324656,3.495723317218297
P92648,3386.0,67.98582398109865,3.2782043709391613
Y02274,2644.0,65.73373676248109,9.341906202723147
Y02378,4788.0,79.55304928989139,1.3157894736842106
Y02520,2237.0,78.18506928922665,8.270004470272687
Y02586,2714.0,52.50552689756817,8.179808400884303
Y02657,7477.0,91.56078641166243,0.38785609201551424
Y02663,1892.0,71.77589852008457,14.323467230443974
Y02713,2062.0,65.76139670223084,12.075654704170708
Y02718,3657.0,59.17418649165983,14.273995077932732
Y02721,3428.0,59.072345390898484,6.709451575262544
Y02790,4387.0,62.229313881923865,5.3567358103487575
Y02875,1958.0,64.50459652706844,2.5536261491317673
Y02885,2435.0,80.49281314168378,5.338809034907597
Y02890,6919.0,49.27012574071398,14.958809076456136
N81006,3942.0,72.1714865550482,12.1765601217656
N81038,4882.0,79.96722654649734,7.968045882834904
N81040,4222.0,76.55139744197064,7.058266224538134
N81043,4146.0,70.67052580800772,6.58465991316932
N81085,3150.0,79.68253968253968,4.73015873015873
N82003,3963.0,57.50693918748423,7.847590209437295
N82052,3507.0,67.32249786142002,16.56686626746507
N82103,5156.0,66.15593483320403,9.367726920093096
N82108,4801.0,81.71214330347844,6.41533013955426
N82671,1261.0,66.1379857256146,12.688342585249801
N83008,7710.0,48.89753566796368,14.941634241245136
N85048,3053.0,60.49787094660989,9.30232558139535
P81066,5207.0,40.59919339350874,9.487228730555023
P81107,10369.0,36.49339376989102,1.7262995467258173
P81129,6258.0,64.84499840204538,7.094918504314477
P81138,2060.0,79.12621359223301,5.097087378640777
P81166,2639.0,66.65403561955286,12.9973474801061
P81179,5549.0,68.7511263290683,9.67741935483871
P81212,3088.0,65.47927461139896,6.541450777202073
P81674,4136.0,64.74854932301741,2.490328820116054
P81692,1399.0,82.3445318084346,6.790564689063617
P81721,2809.0,35.92025631897472,13.705945176219295
P82033,1131.0,83.73121131741821,8.134394341290893
P82036,2060.0,68.64077669902913,6.407766990291262
P83006,4569.0,58.15276865834975,8.119938717443642
P84070,4753.0,73.511466442247,1.5148327372185988
P84605,1066.0,76.92307692307692,10.881801125703564
P84690,2011.0,70.4624564893088,16.210840377921432
P85608,2170.0,70.59907834101382,6.0368663594470044
P87022,1761.0,63.31629755820556,13.06076093128904
P87627,2014.0,67.03078450844092,3.7735849056603774
P87630,2341.0,69.92738146091413,4.5279794959419055
P88615,2213.0,74.19792137370086,2.033438770899232
P89003,6782.0,54.49719846652905,9.348274845178413
P91026,4022.0,66.63351566384883,18.622575832918947
P92028,2209.0,81.12267994567678,2.9425079221367136
P92038,2104.0,67.68060836501901,5.7034220532319395
P92639,1432.0,73.81284916201118,6.354748603351955
P92646,1910.0,76.96335078534031,3.2460732984293195
Y01108,2522.0,77.31958762886597,4.758128469468676
Y02720,3097.0,68.16273813367775,5.2631578947368425
N81075,6385.0,38.68441660140955,14.643696162881755
N81080,6008.0,52.197070572569906,7.623169107856191
N81088,4194.0,66.95278969957081,7.439198855507868
N81100,3808.0,67.22689075630252,2.547268907563025
N81102,3670.0,73.5149863760218,4.005449591280654
N81114,5450.0,62.678899082568805,7.5963302752293576
N81115,5030.0,47.713717693836976,26.50099403578529
N81118,4561.0,64.30607322955493,2.6090769568077175
N81122,5721.0,59.25537493445202,8.442579968536968
N81123,4473.0,68.2092555331992,4.6054102392130565
N81127,7248.0,67.54966887417218,3.6561810154525385
N81624,5965.0,67.32606873428333,8.616932103939648
N81626,3560.0,74.63483146067416,9.269662921348315
N81632,2189.0,65.55504796710827,15.806304248515303
N81645,876.0,76.59817351598174,7.9908675799086755
N82002,6483.0,49.69921332716335,13.234613604812587
N82009,5845.0,46.27887082976903,8.982035928143713
N82018,7466.0,50.4286096972944,9.710688454326279
N82019,3962.0,60.39878849066128,4.69459868753155
N82026,3588.0,75.41806020066889,1.0033444816053512
N82033,3482.0,41.87248707639288,18.150488225157954
N82035,7305.0,64.8870636550308,5.256673511293634
N82037,9799.0,53.69935707725278,7.337483416675171
N82041,7971.0,56.743194078534685,3.926734412244386
N82046,5415.0,51.0803324099723,14.035087719298245
N82048,3867.0,78.20015515903802,7.887251099043186
N82050,2630.0,42.965779467680605,15.551330798479087
N82054,4101.0,77.90782735918069,6.827603023652768
N82065,4183.0,45.20678938560842,8.98876404494382
N82066,5088.0,70.95125786163523,9.689465408805031
N82073,3661.0,64.73641081671674,3.1958481289265226
N82076,30516.0,39.536636518547645,9.10669812557347
N82086,4259.0,55.69382484151209,16.03662831650622
N82093,3481.0,52.88710140764148,2.7291008330939386
N82095,3408.0,75.5868544600939,7.130281690140845
N82099,6342.0,50.25228634500158,19.12645853043204
N82110,6937.0,50.71356494161741,3.0849070203257893
N82633,3301.0,62.102393214177525,2.635564980308997
N82641,4505.0,53.65149833518313,8.812430632630411
N82648,1979.0,76.90752905507833,3.890853966649823
N82650,3573.0,67.47830954380073,9.375874615169325
N82655,1426.0,86.60589060308556,2.8751753155680224
N82676,4115.0,46.245443499392465,9.720534629404618
N84001,6214.0,64.33859028001288,5.68072095268748
N84005,5567.0,53.72732171726244,15.951140650260463
N84007,5677.0,67.62374493570547,10.09335916857495
N84008,10049.0,39.864663150562244,11.951437954025277
N84016,4511.0,60.65174019064509,3.546885391265795
N84023,6220.0,25.916398713826368,7.202572347266881
N84024,10456.0,45.399770466717676,14.584927314460597
N84028,4564.0,71.77914110429448,8.194566170026294
N84038,5861.0,52.44838764715919,8.838082238525848
N84613,3484.0,46.58438576349024,14.83926521239954
N84614,2066.0,75.79864472410455,10.164569215876089
N84615,3660.0,60.02732240437158,7.4316939890710385
N85002,8692.0,60.65347445927289,9.917165209387942
N85005,5541.0,64.2122360584732,6.298502075437646
N85006,5397.0,65.85139892532888,7.5597554196775985
N85012,6170.0,66.28849270664506,13.808752025931929
N85013,5639.0,56.1269728675297,8.831353076786664
N85018,4071.0,74.55170719724883,4.9619258167526406
N85019,7097.0,56.61547132591236,3.142172749048894
N85024,5076.0,56.875492513790384,22.005516154452323
N85032,3413.0,64.66451801933782,8.965719308526223
N85051,9268.0,46.84937419076392,7.28312473025464
N85052,2613.0,70.07271335629545,5.587447378492155
N85616,3095.0,59.64458804523425,9.499192245557351
P81002,22178.0,35.80124447650825,11.1687257642709
P81003,9039.0,45.85684257108087,22.447173359884943
P81006,10555.0,65.53292278540975,8.053055423969683
P81016,7717.0,58.70156796682649,14.370869508876506
P81020,16608.0,39.956647398843934,11.84971098265896
P81029,10812.0,52.90418054014059,11.477987421383649
P81031,4567.0,64.44055178454127,8.780380994088024
P81032,8587.0,49.98253173401654,8.163502969605217
P81033,3866.0,61.07087428867046,8.458354888773927
P81036,15281.0,28.577972645769258,22.060074602447482
P81037,5980.0,64.4648829431438,6.454849498327759
P81038,2843.0,68.55434400281393,10.587407667956384
P81040,5011.0,71.64238674915187,7.363799640790261
P81041,7607.0,55.435782831602474,6.875246483502037
P81044,7965.0,47.39485247959824,12.34149403640929
P81045,4354.0,68.74138723013321,6.109324758842444
P81047,7189.0,56.78119349005425,19.404645986924468
P81054,5519.0,57.256749411125206,7.157093676390651
P81058,8775.0,81.33333333333333,4.410256410256411
P81059,4213.0,32.542131497745075,10.633752670306196
P81061,3891.0,81.05885376509895,4.060652788486251
P81062,5043.0,57.0493753718025,10.152686892722587
P81065,6355.0,71.20377655389457,8.937844217151849
P81067,10452.0,65.17412935323384,12.20818982013012
P81069,8058.0,68.2427401340283,4.740630429386945
P81070,4319.0,66.72840935401713,13.429034498726557
P81078,6247.0,55.114454938370415,16.776052505202497
P81081,4083.0,83.81092334068087,3.4533431300514326
P81083,6381.0,49.80410593950791,7.475317348377997
P81087,8863.0,45.68430553988492,8.315468802888413
P81089,11726.0,46.13679003922906,6.523963841037012
P81096,4536.0,77.46913580246914,6.525573192239859
P81100,14038.0,66.26300042741131,5.9125231514460745
P81103,6351.0,48.7954652810581,15.509368603369548
P81113,4429.0,71.61887559268457,7.067058026642583
P81117,4890.0,65.17382413087934,5.194274028629857
P81118,7124.0,62.00168444693992,6.120157215047726
P81125,8466.0,45.830380344909045,30.56933616820222
P81130,7393.0,59.001758420127146,5.315839307452996
P81132,5943.0,60.878344270570416,4.223456166919064
P81136,3576.0,70.46979865771812,2.7684563758389262
P81137,5183.0,62.68570326065985,3.7815936716187535
P81143,5745.0,68.84247171453438,14.986945169712794
P81147,4323.0,52.162849872773535,7.5641915336571826
P81154,3423.0,66.60823838737949,8.472100496640374
P81157,6536.0,69.40024479804161,6.0740514075887395
P81159,7749.0,73.0674925796877,5.2264808362369335
P81160,13606.0,45.92826694105542,10.480670292518006
P81165,2448.0,68.62745098039215,12.254901960784315
P81167,5709.0,70.09984235417761,8.092485549132949
P81169,3374.0,68.37581505631299,10.195613515115589
P81172,5582.0,61.89537800071659,10.569688283769258
P81181,4035.0,65.10532837670384,7.68277571251549
P81182,6185.0,36.119644300727565,21.90784155214228
P81186,3597.0,64.22018348623853,10.175145954962469
P81191,7786.0,66.69663498587208,7.462111482147444
P81197,4301.0,59.03278307370379,12.485468495698674
P81213,9933.0,66.8579482532971,3.573945434410551
P81214,3423.0,66.1408121530821,9.66988022202746
P81218,3923.0,63.65026765230691,5.37853683405557
P81622,9435.0,69.36936936936937,7.885532591414944
P81633,3489.0,64.8323301805675,15.047291487532243
P81647,4210.0,72.70783847980998,5.273159144893111
P81655,6685.0,69.66342557965595,3.141361256544503
P81664,23107.0,56.15181546717445,6.785822478036959
P81683,7971.0,29.745326809685107,9.961109020198219
P81685,3982.0,44.927172275238576,5.851330989452537
P81694,6670.0,35.51724137931034,5.742128935532234
P81701,2408.0,78.4468438538206,4.152823920265781
P81704,24407.0,31.380341705248494,3.1548326299832015
P81707,4943.0,61.642727088812464,9.650010115314586
P81709,4982.0,69.89160979526295,4.195102368526696
P81710,6609.0,57.95127855954002,3.918898471780905
P81734,25494.0,44.8066211657645,10.818231740801757
P81736,3114.0,58.124598587026334,7.803468208092486
P81748,6518.0,73.56551089291193,6.520405032218472
P81755,4204.0,81.75547098001903,6.422454804947669
P81757,2639.0,53.12618416066692,33.11860553239863
P81771,8593.0,31.420924007913417,24.461771209123704
P82003,8427.0,80.97780942209565,2.219057790435505
P82005,3782.0,70.78265468006346,5.94923320994183
P82009,5839.0,62.664839869840726,5.840041102928583
P82015,7487.0,48.39054360892213,23.066648858020567
P82016,7781.0,49.32527952705308,19.007839609304717
P82020,3096.0,71.09173126614986,10.529715762273902
P82023,5331.0,68.6550365785031,5.514912774338773
P82031,4991.0,71.20817471448608,5.770386696052896
P82034,2488.0,83.27974276527331,2.090032154340836
P82607,3275.0,60.33587786259542,17.6793893129771
P82613,3606.0,66.3338879645036,3.826955074875208
P82640,3204.0,62.609238451935084,8.645443196004994
P82643,3434.0,70.35527082119977,8.61968549796156
P82660,2934.0,57.90729379686435,12.065439672801636
P83005,2301.0,82.61625380269449,2.3902651021295087
P83012,34163.0,29.359248309574685,10.10449901940696
P83015,4963.0,66.51219020753577,7.838001208946202
P83021,5496.0,63.882823871906844,4.748908296943231
P83605,4860.0,40.59670781893004,16.090534979423868
P83620,2659.0,80.1805189921023,2.5949605114704775
P83623,2298.0,69.27763272410792,8.485639686684074
P84009,4286.0,62.179188054129725,8.236117592160523
P84017,5029.0,63.84967190296282,8.82879300059654
P84018,1419.0,79.06976744186046,11.20507399577167
P84019,11560.0,47.673010380622834,15.043252595155709
P84020,5260.0,61.958174904942965,2.0722433460076046
P84021,4903.0,44.91127880889251,7.995105037732001
P84022,4475.0,71.39664804469274,11.46368715083799
P84024,3263.0,61.967514557155994,6.251915415262029
P84025,4273.0,63.72571963491692,22.30283173414463
P84026,3961.0,58.52057561221913,9.694521585458217
P84027,4797.0,73.37919533041484,3.8148843026891806
P84029,5410.0,72.47689463955638,4.7319778188539745
P84033,3831.0,51.55311929000261,7.09997389715479
P84034,5273.0,66.88791959036601,2.5602124028067514
P84035,6353.0,66.1419801668503,7.649929167322525
P84038,4126.0,78.16286960736791,5.2108579738245275
P84041,4900.0,67.3265306122449,19.0
P84042,3990.0,63.00751879699248,4.43609022556391
P84043,4938.0,73.51154313487241,5.1437829080599435
P84045,1884.0,57.59023354564756,7.537154989384288
P84046,13174.0,46.85744648550175,3.9699407924700165
P84047,5519.0,62.1670592498641,3.9862293893821343
P84048,4412.0,61.808703535811425,10.788757932910245
P84051,3518.0,72.62649232518477,3.496304718590108
P84054,3861.0,72.64957264957265,4.869204869204869
P84056,2781.0,38.72707659115426,23.121179431859044
P84059,4327.0,51.21331176334643,11.647792928125723
P84061,3898.0,64.69984607491021,8.49153412006157
P84065,1989.0,76.92307692307692,6.887883358471594
P84066,6291.0,56.42982037831823,17.135590526148466
P84072,10616.0,32.65825169555388,15.617935192162774
P84074,6980.0,50.702005730659025,11.504297994269342
P84635,2360.0,76.01694915254237,7.372881355932203
P84644,2908.0,59.18156808803301,6.87757909215956
P84650,2379.0,70.78604455653635,1.1769651113913409
P84651,2996.0,66.35514018691589,9.946595460614152
P84663,3189.0,66.19629978049545,1.6306052053935403
P84678,6097.0,50.385435460062325,29.342299491553224
P84679,1291.0,74.90317583268784,10.921766072811774
P84689,6841.0,54.84578278029528,1.958777956439117
P85002,5577.0,56.786802940649096,5.110274341043572
P85003,3772.0,70.33404029692471,8.536585365853659
P85007,2798.0,58.112937812723374,7.076483202287348
P85012,5659.0,57.748718854921364,1.7670966601873122
P85013,8746.0,70.7523439286531,4.905099474045278
P85017,6369.0,64.70403517035642,2.7947872507458
P85020,3527.0,59.313864474057276,16.47292316416218
P85022,2956.0,71.48173207036535,13.633288227334235
P85615,5302.0,68.01207091663524,11.637118068653338
P86005,4260.0,57.652582159624416,15.211267605633802
P86006,11876.0,44.19838329403839,5.3300774671606606
P86010,5591.0,67.87694509032373,4.238955464138795
P86014,7496.0,46.53148345784418,22.23852721451441
P86018,5851.0,57.32353443855751,8.40881900529824
P86021,2795.0,78.92665474060823,2.182468694096601
P86023,6601.0,71.33767610968034,3.3631267989698532
P86609,2125.0,69.36470588235294,7.2
P86614,3379.0,76.94584196507843,5.563776265167209
P86620,2352.0,75.85034013605443,2.7210884353741496
P87002,4579.0,64.20615854990173,3.930989298973575
P87008,4216.0,69.07020872865274,6.190702087286527
P87016,5627.0,67.63817309401102,5.064865825484272
P87019,5548.0,62.09444844989185,10.994953136265321
P87024,5442.0,77.17750826901874,3.528114663726571
P87032,3382.0,70.87522176227084,3.548196333530455
P87620,4373.0,62.588611936885435,8.323805168076834
P87634,5591.0,62.332319799678054,3.6844929350742266
P87639,2117.0,68.06802078412848,5.668398677373642
P87654,4789.0,51.13802463979954,8.018375443725203
P87657,3763.0,65.90486314111081,3.587563114536274
P88002,4403.0,70.04315239609357,5.97320009084715
P88005,4312.0,59.43877551020408,7.258812615955473
P88007,4889.0,58.92820617713234,9.122519942728575
P88008,4861.0,65.31577864636905,4.299526846327916
P88009,1103.0,75.24932003626473,3.9891205802357206
P88012,2565.0,71.77387914230019,5.497076023391813
P88015,7354.0,49.809627413652436,4.147402774000544
P88018,6599.0,50.99257463252008,3.9096832853462646
P88020,5181.0,74.50299170044393,9.496236247828605
P88025,3151.0,51.920025388765474,5.8711520152332595
P88041,4125.0,64.43636363636364,9.163636363636364
P88042,5041.0,45.30847054155922,6.189248165046617
P88044,3996.0,72.44744744744744,3.6536536536536537
P88623,4162.0,78.73618452666987,7.376261412782316
P88632,8486.0,54.7489983502239,13.846335140230968
P89006,7026.0,62.69570167947623,9.422146313692002
P89011,2780.0,65.89928057553956,9.60431654676259
P89014,6935.0,62.638788752703675,18.370583994232156
P89016,4249.0,58.39020946104966,9.508119557542951
P89018,3930.0,69.54198473282443,6.641221374045801
P89026,3688.0,70.28199566160521,13.557483731019524
P89612,1328.0,70.33132530120481,14.759036144578314
P89613,2338.0,69.11890504704876,10.136869118905047
P91003,3010.0,71.56146179401993,9.235880398671096
P91006,7951.0,49.5032071437555,2.5154068670607472
P91007,2720.0,91.50735294117646,3.235294117647059
P91009,5364.0,61.894108873974645,9.656972408650262
P91012,3092.0,76.64941785252265,2.975420439844761
P91014,7107.0,77.92317433516251,2.588996763754045
P91017,4603.0,66.58700847273518,6.256789050619162
P91018,5491.0,53.9428155162994,7.5578218903660535
P91019,2298.0,78.8076588337685,7.528285465622281
P91020,4148.0,65.64609450337512,12.415621986499518
P91029,5577.0,54.00753093060786,12.246727631343015
P91035,6880.0,78.73546511627907,2.3255813953488373
P91603,3500.0,79.05714285714286,6.171428571428572
P91604,7924.0,60.86572438162544,11.534578495709237
P91627,3447.0,61.560777487670435,11.923411662315056
P92004,3669.0,80.81221041155628,5.069501226492232
P92006,3847.0,68.15700545879906,7.0964387834676375
P92007,4195.0,72.9916567342074,4.576877234803337
P92008,5463.0,62.65788028555738,19.58630788943804
P92010,6433.0,74.9727965179543,11.347738224778485
P92011,4901.0,72.39338910426443,9.426647622934095
P92017,7068.0,52.518392756083756,9.988681380871533
P92019,4745.0,70.83245521601685,6.301369863013699
P92026,3112.0,63.7853470437018,8.065552699228792
P92029,2633.0,67.98328902392709,9.646790733004178
P92031,3438.0,71.69866201279814,4.857475276323444
P92033,2939.0,68.83293637291595,4.219122150391289
P92034,3528.0,78.76984126984127,4.166666666666667
P92041,5586.0,75.06265664160401,1.6111707841031149
P92042,5406.0,83.27783943766185,3.126156122826489
P92607,5749.0,73.03878935467037,1.8264045921029743
P92620,4227.0,75.46723444523303,6.340193991010173
P92630,2614.0,70.65799540933435,14.804896710022954
Y00050,4420.0,80.61085972850678,3.1900452488687785
Y00186,1136.0,67.78169014084507,5.545774647887324
Y00445,15657.0,50.29699176087373,10.844989461582678
Y01008,19311.0,63.31106623168142,15.493760033141733
Y01695,2938.0,68.78829135466303,7.283866575901974
Y02319,4899.0,57.807715860379666,5.0622576035925695
Y02321,3654.0,80.56923918992885,1.0399562123700055
Y02322,5767.0,85.13958730709207,0.9190220218484481
Y02325,2786.0,68.91600861450108,9.081119885139985
Y02622,3731.0,47.78879656928437,13.696060037523452
Y02753,4977.0,46.87562788828612,11.774161141249749
Y02767,3419.0,43.90172565077508,13.424978063761333
Y02795,3197.0,64.31029089771661,6.193306224585549
Y02849,3007.0,62.121715996009314,6.850681742600599
Y02933,5681.0,57.54268614680514,3.9077627178313676
Y02960,3176.0,47.795969773299745,18.04156171284635
Y03079,6922.0,71.13550996821728,4.72406818838486
Y03366,2793.0,81.63265306122449,3.7593984962406015
Y04664,3100.0,60.32258064516129,6.161290322580645
A82005,2743.0,84.87057965730952,6.452788917243893
A82046,2646.0,67.4225245653817,8.238851095993953
A82629,1876.0,83.04904051172709,1.3859275053304905
A82650,2341.0,73.72917556599744,8.756941478000854
A82651,4135.0,63.21644498186215,9.770253929866989
N81001,2937.0,72.7953694245829,8.273748723186925
N81013,4461.0,75.52118359112306,5.200627661959202
N81018,6044.0,58.70284579748511,17.86896095301125
N81065,3782.0,59.65097831835008,12.850343733474352
N81082,7613.0,20.596348351504005,22.041245238407985
N81637,1383.0,76.35574837310195,4.2660882140274765
N81642,2864.0,72.59078212290503,6.599162011173185
N82049,4297.0,42.587851989760296,5.771468466371887
N82058,4304.0,56.45910780669145,9.572490706319703
N82059,3442.0,68.15804764671702,5.955839628123184
N82074,4360.0,65.55045871559633,12.31651376146789
N82669,3336.0,69.8441247002398,5.305755395683454
N84003,5990.0,17.061769616026712,18.080133555926544
N84014,2474.0,75.70735650767988,7.235246564268391
N84027,5115.0,50.26392961876833,5.826001955034213
N85617,2836.0,72.67277856135402,7.722143864598025
N85634,1578.0,78.45373891001267,9.695817490494296
N85640,2485.0,65.15090543259558,3.943661971830986
P81686,1302.0,78.57142857142857,2.0737327188940093
P81687,1164.0,76.80412371134021,5.756013745704467
P81730,5199.0,60.011540680900175,14.387382188882478
P83010,1992.0,79.71887550200803,7.781124497991968
P83011,4722.0,80.1990681914443,3.515459551037696
P83621,2416.0,80.42218543046357,5.587748344370861
P84672,2057.0,50.26737967914438,7.875546912980068
P85014,3654.0,63.46469622331691,21.154898741105637
P85018,3220.0,75.4968944099379,12.142857142857142
P85606,4800.0,75.75,11.791666666666666
P85614,3381.0,66.0455486542443,4.3774031351671105
P86602,3234.0,58.194186765615335,5.967841682127396
P87004,4503.0,68.88740839440374,9.993337774816789
P87610,5189.0,64.38620158026595,12.256696858739641
P87658,1891.0,78.74140666314119,3.1729243786356425
P88031,2323.0,65.7339647008179,4.563065002152389
P89023,4266.0,72.19878105954055,4.9929676511954995
P92002,3097.0,87.27801097836615,1.0655473038424281
P92012,2527.0,68.42105263157895,6.806489908982984
P92030,1475.0,79.05084745762711,1.152542372881356
P92602,1501.0,81.07928047968021,3.331112591605596
P92605,2915.0,69.60548885077186,9.365351629502573
P92626,3284.0,72.41169305724726,7.978075517661389
P92633,2331.0,81.38138138138139,1.6302016302016302
P92635,1133.0,86.05472197705207,2.64783759929391
P92651,4208.0,66.3022813688213,12.309885931558936
Y02827,3529.0,62.340606404080475,5.043921790875602
Y02886,2661.0,77.11386696730553,5.0732807215332585
Y02936,1995.0,72.4812030075188,10.476190476190476
Y04925,2852.0,68.47826086956522,8.274894810659186
