gp_code,gp_name,pcn_name,region,imd_score,list_size,f2f_e,f2f_l,d_f2f,d_apc,gp_per10k,satisfaction_2024,satisfaction,satisfaction_2026,d_sat_24_26,gpps_n_2026
J82169,BOYATT WOOD SURGERY,CHANDLER'S FORD PCN,SOUTH EAST,14.41,8637.83,4.48,98.44,93.95,-0.06,5.12,77.31,79.1,79.34,2.03,113.0
N81052,LAWTON HOUSE SURGERY,CHOC (CONGLETON & HOLMES CHAPEL) PCN,NORTH WEST,14.45,12755.7,1.26,80.8,79.54,0.02,10.98,90.03,83.82,80.75,-9.29,126.0
K81015,WOODLANDS PARK SURGERY,MAIDENHEAD PCN,SOUTH EAST,10.13,3576.25,8.99,84.31,75.32,-0.0,8.65,88.48,82.7,82.53,-5.96,111.0
J82020,EASTLEIGH MEDICAL PRACTICE,CHANDLER'S FORD PCN,SOUTH EAST,16.9,11730.38,0.8,71.95,71.15,-0.1,4.41,70.21,79.03,71.59,1.38,119.0
P82624,ORIENT HOUSE MEDICAL CENTRE,BOLTON CENTRAL PCN,NORTH WEST,39.77,3638.75,0.0,66.77,66.77,0.11,5.5,79.99,78.88,85.89,5.9,83.0
L85035,EAST QUAY MEDICAL CENTRE,BRIDGWATER PCN,SOUTH WEST,22.65,17616.22,3.89,70.25,66.36,0.07,15.33,80.5,81.4,72.3,-8.19,103.0
K81607,CORDWALLIS ROAD SURGERY,MAIDENHEAD PCN,SOUTH EAST,11.79,3371.92,0.02,63.95,63.93,-0.15,10.6,52.38,55.8,54.78,2.4,79.0
P84014,RK MEDICAL PRACTICE,WYTHENSHAWE PCN,NORTH WEST,49.04,5371.92,32.63,93.03,60.4,0.1,7.94,78.79,80.22,82.14,3.34,106.0
M82010,MARKET DRAYTON MEDICAL PRACTICE,NORTH SHROPSHIRE PCN,MIDLANDS,18.41,17757.75,13.35,73.49,60.15,0.06,12.91,72.54,78.65,82.88,10.34,124.0
K81027,MORTIMER SURGERY,WEST READING VILLAGES PCN,SOUTH EAST,10.86,11159.67,0.0,59.74,59.74,-0.31,11.59,85.0,87.58,84.2,-0.8,123.0
E82062,HALL GROVE GROUP PRACTICE,WELWYN GARDEN CITY A PCN,EAST OF ENGLAND,14.32,16025.0,0.5,59.43,58.93,0.08,15.64,83.97,81.2,81.65,-2.32,124.0
P82629,DR S NASEEF,BOLTON CENTRAL PCN,NORTH WEST,44.01,2066.58,15.02,73.76,58.74,0.09,9.68,82.44,88.41,92.97,10.53,95.0
P82660,DEANE CLINIC 1,BOLTON CENTRAL PCN,NORTH WEST,41.39,3624.5,13.87,69.71,55.84,0.02,7.95,65.65,69.07,61.05,-4.59,130.0
L85025,CRANLEIGH GARDENS MEDICAL CENTRE,BRIDGWATER PCN,SOUTH WEST,25.6,13848.17,1.41,52.79,51.38,0.14,19.55,76.06,82.22,85.87,9.8,97.0
M85722,NASEBY MEDICAL CENTRE,"NECHELLS, SALTLEY & ALUM ROCK PCN",MIDLANDS,50.76,5575.5,8.47,58.53,50.07,0.19,7.65,66.54,64.21,38.11,-28.42,66.0
C85024,HIGH STREET PRACTICE,FCP SERVICE - BARNSLEY PCN,NORTH EAST AND YORKSHIRE,27.55,6425.17,12.91,59.55,46.65,0.15,9.34,80.04,81.01,80.27,0.23,117.0
B86006,OULTON MEDICAL CENTRE,LS25/LS26 PCN,NORTH EAST AND YORKSHIRE,16.78,15238.42,37.49,82.38,44.89,0.09,12.13,77.29,77.45,65.78,-11.51,117.0
N84003,HIGH PASTURES SURGERY,SOUTH SEFTON PCN,NORTH WEST,10.85,10168.0,17.06,60.57,43.52,0.11,12.51,85.11,77.36,74.31,-10.8,110.0
G85039,PAXTON GREEN GROUP PRACTICE,CROXTED PCN,LONDON,22.71,19230.5,0.0,42.58,42.58,0.12,16.11,82.88,80.16,87.54,4.67,95.0
B86015,MANOR PARK SURGERY,WEST LEEDS PCN,NORTH EAST AND YORKSHIRE,32.49,14076.5,46.91,88.73,41.82,0.09,14.02,71.18,67.88,85.11,13.93,120.0
L81042,KENNEDY WAY SURGERY,YATE & FRAMPTON PCN,SOUTH WEST,12.56,12361.6,0.44,39.48,39.04,0.12,8.37,88.05,83.48,76.2,-11.84,101.0
P86609,THE DALE MEDICAL PRACTICE,THE BRIDGE PCN,NORTH WEST,48.92,2502.75,49.5,87.0,37.5,0.1,8.74,64.59,66.86,76.47,11.88,93.0
M83641,MILL VIEW SURGERY,EAST STAFFORDSHIRE PCN,MIDLANDS,19.41,2061.33,58.38,95.81,37.43,0.06,11.13,70.84,75.21,83.61,12.77,83.0
F81751,THE TRINITY MEDICAL PRACTICE,DENGIE & SOUTH WOODHAM FERRERS PCN,EAST OF ENGLAND,17.14,4521.83,12.31,49.47,37.16,-0.01,5.9,74.4,58.69,78.97,4.57,101.0
C81662,BARLBOROUGH MEDICAL PRACTICE,NORTH EAST DERBYSHIRE PCN,MIDLANDS,20.57,8384.83,32.22,68.58,36.36,0.1,10.24,80.29,78.51,80.73,0.44,123.0
P92647,SOUTH WIGAN MEDICAL PRACTICE,SWAN NETWORK WIGAN PCN,NORTH WEST,22.37,6196.83,37.81,72.55,34.74,0.14,31.07,88.59,91.71,96.25,7.66,105.0
H83001,PORTLAND MEDICAL CENTRE,KESTON MOORINGS & PARKSIDE PCN,LONDON,26.76,15118.42,27.08,61.25,34.18,-0.1,9.38,52.54,65.25,68.7,16.17,114.0
H81009,STUDHOLME MEDICAL CENTRE,SASSE NETWORK 1 PCN,SOUTH EAST,14.17,15817.0,6.81,38.98,32.16,0.37,6.95,64.73,71.13,63.48,-1.25,91.0
E85656,SUNRISE MEDICAL CENTRE,SOUTH SOUTHALL PCN,LONDON,33.13,5259.42,45.91,77.81,31.9,0.19,7.66,62.41,67.95,64.24,1.83,84.0
Y00486,BOTOLPH BRIDGE COMMUNITY HEALTH CENTRE,PETERBOROUGH PARTNERSHIPS PCN,EAST OF ENGLAND,21.48,7627.25,51.92,83.66,31.73,0.01,4.48,57.95,52.95,49.5,-8.46,131.0
C83054,BOURNE GALLETLY PRACTICE TEAM,SOUTH LINCOLNSHIRE RURAL PCN,MIDLANDS,10.86,15204.92,52.21,83.35,31.14,-0.06,13.24,76.02,90.02,86.44,10.42,128.0
Y01280,SHIFA MEDICAL PRACTICE,BARKING & DAGENHAM NEW WEST PCN,LONDON,32.46,2379.0,26.69,57.78,31.09,0.2,8.41,65.77,65.63,54.07,-11.69,81.0
E82070,WOODHALL FARM MEDICAL CTR,ALLIANCE PCN,EAST OF ENGLAND,20.53,3318.42,39.48,68.54,29.06,0.14,6.43,39.2,64.76,58.1,18.89,84.0
D83027,ORCHARD HOUSE SURGERY,FOREST HEATH PCN,EAST OF ENGLAND,13.59,11994.83,57.91,86.74,28.82,-0.06,14.8,75.54,72.18,83.41,7.87,102.0
E87047,EARLS COURT MEDICAL CENTRE,BROMPTON HEALTH PCN,LONDON,22.76,6849.75,65.79,94.02,28.24,0.02,14.97,73.66,73.46,82.37,8.71,91.0
P81780,RIVERSIDE FAMILY PRACTICE,BURNLEY WEST PCN,NORTH WEST,49.43,5740.0,44.87,72.42,27.55,0.05,6.81,59.46,68.09,66.94,7.49,99.0
G85711,DEPTFORD SURGERY,NORTH LEWISHAM PCN,LONDON,24.36,12000.75,54.6,81.8,27.2,0.1,5.81,68.68,76.06,73.63,4.95,138.0
K84613,ALCHESTER MEDICAL GROUP,BICESTER PCN,SOUTH EAST,10.08,21775.58,57.11,84.03,26.92,0.02,10.24,61.31,71.44,83.52,22.21,106.0
F85628,"WELBOURNE GP SURGERY, WELBOURNE H C",HARINGEY - WELBOURNE PCN,LONDON,35.32,5907.17,38.04,64.65,26.62,0.2,9.48,69.17,69.9,83.83,14.66,111.0
D83049,LITTLE ST JOHN STREET SURGERY,THE DEBEN HEALTH GROUP PCN,EAST OF ENGLAND,12.85,6932.25,61.2,87.64,26.45,0.11,10.08,86.91,89.95,96.9,9.99,128.0
Y02960,NEW BANK HEALTH,ARDWICK AND LONGSIGHT PCN,NORTH WEST,50.29,6488.5,35.43,61.48,26.04,-0.14,10.57,66.84,69.0,72.06,5.22,70.0
F83052,BROOKFIELD PARK SURGERY,NORTH CAMDEN PCN,LONDON,24.87,3763.08,39.69,65.52,25.82,-0.09,17.68,80.06,85.98,87.33,7.27,108.0
G85020,KINGFISHER MEDICAL CENTRE,NORTH LEWISHAM PCN,LONDON,23.49,16091.58,60.74,86.26,25.52,0.15,5.58,73.54,67.47,81.63,8.1,113.0
E85012,KS MEDICAL CENTRE,NORTH SOUTHALL PCN,LONDON,32.23,5352.5,49.6,75.04,25.44,0.1,10.41,68.06,74.99,83.87,15.8,92.0
F81134,PEARTREE SURGERY & WEST HORNDON SURGERY,GRAYS PCN,EAST OF ENGLAND,20.04,7659.75,72.47,97.89,25.42,-0.08,6.34,58.83,66.77,51.45,-7.38,108.0
G82023,SHEERNESS HEALTH CENTRE,SHEPPEY PCN,SOUTH EAST,41.46,7170.75,45.89,70.47,24.58,-0.01,5.58,72.62,47.71,58.28,-14.34,97.0
G85727,NIGHTINGALE SURGERY,LEWISHAM ALLIANCE PCN,LONDON,20.6,6668.08,60.98,85.42,24.44,0.02,6.72,85.41,83.33,89.46,4.05,123.0
P87019,SILVERDALE MEDICAL PRACTICE,SWINTON PCN,NORTH WEST,34.39,12946.17,52.9,76.79,23.89,0.21,10.6,75.41,84.01,87.46,12.05,119.0
G85013,CAMBERWELL GREEN SURGERY,SOUTH SOUTHWARK PCN,LONDON,26.39,8836.0,31.0,54.53,23.53,0.11,4.1,74.14,74.55,75.95,1.82,90.0
B85032,MELTHAM GROUP PRACTICE,THE VALLEYS HEALTH & SOCIAL CARE PCN,NORTH EAST AND YORKSHIRE,14.42,5992.0,67.6,91.03,23.43,0.11,12.05,75.58,95.04,85.35,9.76,107.0
D83074,ORCHARD MEDICAL PRACTICE,EAST IPSWICH PCN,EAST OF ENGLAND,25.72,14444.25,48.02,71.2,23.18,0.04,10.36,77.85,84.79,88.82,10.97,101.0
E82001,ROTHSCHILD HOUSE GROUP,ALPHA PCN,EAST OF ENGLAND,8.99,43495.92,63.39,86.37,22.98,0.09,11.1,88.09,90.45,93.85,5.76,111.0
F84097,CLAREMONT CLINIC,NORTH NEWHAM PCN,LONDON,32.6,12012.08,37.46,60.08,22.62,0.07,16.4,72.0,81.3,79.47,7.47,98.0
F86004,HANDSWORTH MEDICAL PRACTICE,E4 NETWORK PCN,LONDON,15.35,15989.67,35.57,58.04,22.47,-0.04,6.67,69.49,67.69,73.07,3.59,116.0
F84022,STRATFORD HEALTH CENTRE,NEWHAM NORTH WEST 2 PCN,LONDON,30.47,9201.58,62.81,85.12,22.31,-0.01,0.99,78.86,70.86,74.79,-4.07,117.0
M92028,THORNLEY STREET SURGERY,WOLVERHAMPTON RWT PCN,MIDLANDS,42.99,9423.92,73.01,95.26,22.26,0.33,19.67,56.67,67.03,64.41,7.74,94.0
H81013,BARTLETT GROUP PRACTICE,SURREY HEATH PCN,SOUTH EAST,9.32,28418.08,45.57,67.82,22.25,0.0,12.05,68.45,63.94,77.02,8.57,97.0
J82150,CORNERWAYS MEDICAL CENTRE,AVON VALLEY PCN,SOUTH EAST,10.18,11982.17,54.69,76.83,22.14,0.26,22.52,76.98,75.64,88.0,11.01,105.0
G82234,PHOENIX MEDICAL PRACTICE,MALLING PCN,SOUTH EAST,17.01,5753.67,64.54,86.23,21.69,0.02,9.49,60.12,62.32,57.78,-2.34,92.0
E85713,HOUNSLOW FAMILY PRACTICE,HOUNSLOW HEALTH PCN,LONDON,25.07,6238.33,44.47,65.98,21.5,-0.13,6.41,82.29,75.1,77.74,-4.55,110.0
J82622,LIVING WELL PARTNERSHIP,SOUTHAMPTON LIVING WELL PARTNERSHIP PCN,SOUTH EAST,19.01,46391.83,38.84,60.11,21.28,0.01,10.77,50.37,62.22,61.05,10.69,153.0
E83034,COLNEY HATCH LANE SURGERY,BARNET 2 PCN,LONDON,22.5,5056.17,48.65,69.59,20.94,-0.06,6.65,67.07,65.19,76.13,9.06,109.0
A83619,SOUTHDENE MEDICAL CENTRE,DURHAM COAST PCN,NORTH EAST AND YORKSHIRE,40.04,3438.75,50.14,71.07,20.93,0.15,5.82,93.34,90.78,95.24,1.9,95.0
Y02849,CITY HEALTH CENTRE,CITY CENTRE & ANCOATS PCN,NORTH WEST,20.39,14983.5,63.25,83.93,20.69,-0.21,6.18,56.19,70.34,73.11,16.92,71.0
B81628,BARNETBY MEDICAL CENTRE,NORTH LINCOLNSHIRE EAST PCN,NORTH EAST AND YORKSHIRE,18.7,2844.92,45.97,66.43,20.47,0.13,10.5,90.9,89.81,98.04,7.14,105.0
B81039,THE ROXTON PRACTICE,MERIDIAN HEALTH GROUP NEL PCN,NORTH EAST AND YORKSHIRE,31.2,34684.42,44.05,64.51,20.46,0.03,13.52,72.67,69.54,71.33,-1.34,107.0
E87016,HOLLAND PARK SURGERY,WEST-HILL HEALTH PCN,LONDON,13.64,12672.58,72.56,92.69,20.12,0.07,18.22,90.55,96.48,92.39,1.84,83.0
B81108,DR A SINHA,PANACEA PCN,NORTH EAST AND YORKSHIRE,26.32,4543.08,58.23,78.27,20.05,0.0,7.22,76.04,73.21,81.47,5.42,137.0
D83010,LONGSHORE SURGERIES,SOUTH WAVENEY PCN,EAST OF ENGLAND,25.88,6325.58,62.85,82.79,19.94,0.16,21.92,86.47,77.53,80.76,-5.71,94.0
P81096,PARBOLD SURGERY,NORTHERN PARISHES PCN,NORTH WEST,7.89,7004.75,61.15,81.03,19.88,0.08,26.61,91.76,89.53,95.94,4.18,137.0
D82025,HOVETON & WROXHAM MEDICAL CENTRE,NORTH NORFOLK 4 PCN,EAST OF ENGLAND,16.81,10167.5,57.43,77.23,19.8,0.13,20.25,89.77,91.44,86.61,-3.16,122.0
G82113,STONECROSS AND WEST DRIVE SURGERY,ASPIRE MEDICAL PCN,SOUTH EAST,27.43,8289.42,59.92,79.56,19.63,0.06,3.82,55.27,50.44,63.17,7.9,87.0
J82152,BRIDGEMARY MEDICAL CENTRE,GOSPORT CENTRAL PCN,SOUTH EAST,25.67,8483.42,55.56,75.14,19.58,0.16,5.34,53.87,66.94,67.76,13.89,106.0
Y00999,ODDFELLOWS HALL & ST CLEMENTS,TILBURY AND CHADWELL PCN,EAST OF ENGLAND,20.32,11845.67,38.91,58.35,19.43,0.0,7.57,67.42,70.69,74.97,7.55,103.0
Y02611,NORTH CHELMSFORD NHS HCC,CHELMER PCN,EAST OF ENGLAND,11.35,15187.83,49.9,69.24,19.34,0.02,3.59,77.58,81.62,86.05,8.47,103.0
F86627,CHURCHILL MEDICAL CENTRE,E4 NETWORK PCN,LONDON,21.53,13627.5,34.39,53.64,19.25,-0.03,21.7,72.14,88.3,81.72,9.58,97.0
M88015,GREAT BARR PRACTICE,SWB CENTRAL HEALTH PARTNERSHIPS PCN,MIDLANDS,19.79,10845.75,68.88,88.09,19.21,0.25,4.92,48.02,58.79,68.5,20.47,85.0
F85676,BOUNDARY HOUSE SURGERY,EDMONTON PCN,LONDON,41.46,5601.83,40.99,60.17,19.18,-0.02,4.67,63.24,68.58,71.81,8.57,92.0
C84081,JOHN RYLE MEDICAL PRACTICE,CLIFTON & MEADOWS PCN,MIDLANDS,33.87,6877.08,60.9,79.91,19.01,0.1,7.52,65.86,75.32,77.54,11.68,95.0
E86007,HAREFIELD PRACTICE,NORTH CONNECT PCN,LONDON,21.8,9057.83,36.31,55.3,18.99,-0.09,5.83,60.42,69.66,64.17,3.74,103.0
F83678,DR SEGARAJASINGHE,SOUTH ISLINGTON PCN,LONDON,25.54,2173.33,33.11,51.91,18.8,0.13,31.9,82.95,91.6,88.06,5.11,90.0
A84028,SEATON PARK MEDICAL GROUP,WANSBECK PCN,NORTH EAST AND YORKSHIRE,33.74,19500.17,60.6,79.29,18.69,0.07,12.25,61.44,71.64,77.85,16.41,105.0
P86002,DR GWD BHIMA,THE BRIDGE PCN,NORTH WEST,46.36,1642.75,41.42,60.06,18.65,0.12,0.0,77.64,84.68,96.22,18.58,84.0
E84017,SUDBURY & ALPERTON MEDICAL CENTRE,BRENT WEST KWH PCN,LONDON,22.6,7864.33,59.7,78.32,18.62,0.09,10.51,68.17,64.27,55.37,-12.8,81.0
G85084,PENROSE SURGERY,NORTH SOUTHWARK PCN,LONDON,26.31,15580.75,61.06,79.61,18.55,0.02,7.9,69.18,77.89,75.2,6.02,118.0
M85070,RESERVOIR ROAD SURGERY,NORTH BIRMINGHAM PCN,MIDLANDS,45.66,13585.58,43.6,62.07,18.47,0.14,9.43,48.79,72.48,75.83,27.04,111.0
M85078,OAKWOOD SURGERY,Unallocated,MIDLANDS,43.69,10487.83,49.95,68.38,18.44,0.12,7.7,44.35,60.16,70.25,25.9,82.0
F81184,ABRIDGE SURGERY,EPPING FOREST NORTH PCN,EAST OF ENGLAND,17.47,4162.75,52.68,71.12,18.44,0.1,13.13,69.44,59.33,78.75,9.31,90.0
P92019,PEMBERTON SURGERY,WIGAN CENTRAL PCN,NORTH WEST,36.92,10393.92,60.59,78.94,18.35,-0.0,13.7,78.06,85.57,97.33,19.27,91.0
B86060,THORNTON MEDICAL CENTRE,ARMLEY PCN,NORTH EAST AND YORKSHIRE,38.27,10861.75,70.15,88.37,18.22,0.29,12.3,85.85,79.78,89.5,3.64,90.0
L82068,GODOLPHIN HEALTH,NORTH KERRIER WEST PCN,SOUTH WEST,22.54,8749.33,51.18,69.31,18.13,-0.03,20.57,90.61,77.17,86.54,-4.06,106.0
F81164,WEST ROAD SURGERY,SOUTHEND VICTORIA PCN,EAST OF ENGLAND,28.18,9799.17,60.1,78.22,18.12,0.09,7.27,47.93,69.33,58.95,11.02,124.0
G85047,KNIGHTS HILL SURGERY SUITE 1,Unallocated,LONDON,24.53,11770.0,67.08,85.12,18.04,0.11,7.92,75.27,76.29,78.45,3.18,116.0
D83021,HAVERHILL FAMILY PRACTICE,HAVERHILL PCN,EAST OF ENGLAND,17.77,19229.67,54.43,72.21,17.78,0.18,7.27,69.87,83.82,80.03,10.16,102.0
N81057,TOWER HOUSE PRACTICE,RUNCORN PCN,NORTH WEST,29.81,13077.58,69.84,87.55,17.71,0.29,7.95,84.77,76.98,65.52,-19.25,109.0
F81115,CREFFIELD MEDICAL GROUP,CREFFIELD MEDICAL GROUP PCN,EAST OF ENGLAND,14.62,27989.17,70.18,87.89,17.71,0.09,15.13,67.91,64.58,74.29,6.38,110.0
L81038,AIR BALLOON SURGERY,"FABB (FISHPONDS, AIR BALLOON & BEECHWOOD) PCN",SOUTH WEST,19.41,13340.42,52.55,70.22,17.67,0.03,14.92,80.99,73.98,74.3,-6.69,112.0
Y01206,GLEBE ROAD SURGERY,SHEEN & BARNES PCN,LONDON,10.26,10194.17,61.83,79.49,17.65,0.02,14.25,87.66,79.75,76.12,-11.54,100.0
M89010,DORRIDGE SURGERY,SOLIHULL RURAL PCN,MIDLANDS,5.1,10964.58,76.53,94.08,17.55,0.28,11.19,72.07,81.65,83.98,11.91,116.0
H85029,WIDE WAY MEDICAL CENTRE,MORDEN PCN,LONDON,22.71,15573.08,47.5,64.83,17.33,-0.05,9.38,67.25,76.19,68.93,1.68,90.0
F81110,TILBURY HEALTH CENTRE,TILBURY AND CHADWELL PCN,EAST OF ENGLAND,30.3,12266.58,67.63,84.94,17.31,0.07,7.92,41.23,63.01,66.18,24.95,103.0
D81034,ST MARY'S SURGERY,ELY NORTH PCN,EAST OF ENGLAND,9.97,18164.92,55.21,72.37,17.17,-0.01,11.21,84.26,78.58,88.42,4.15,116.0
B81051,OLD FIRE STATION SURGERY,BEVERLEY PCN,NORTH EAST AND YORKSHIRE,10.59,10300.17,66.43,83.58,17.15,0.01,19.96,83.9,90.75,95.1,11.2,113.0
E85032,ASHCHURCH SURGERY,HAMMERSMITH & FULHAM CENTRAL PCN,LONDON,20.99,4564.42,64.84,81.91,17.07,0.06,9.64,70.3,88.75,67.45,-2.85,124.0
E87637,GRAND UNION HEALTH CENTRE,WEST-HILL HEALTH PCN,LONDON,30.62,20735.58,68.09,85.07,16.97,0.14,16.51,92.73,88.99,83.33,-9.39,112.0
H85656,ALEXANDRA ROAD SURGERY,NORTH WEST MERTON PCN,LONDON,11.94,5765.67,51.04,68.01,16.96,0.16,7.91,87.37,83.82,74.5,-12.87,105.0
P92020,SIVAKUMAR & PARTNER,TABA WIGAN PCN,NORTH WEST,13.77,5013.67,58.39,75.33,16.95,-0.0,34.25,82.04,85.48,89.37,7.33,127.0
K82027,PURBECK HEALTH CENTRE,NEXUS MK PCN,EAST OF ENGLAND,26.16,6012.92,48.94,65.84,16.91,0.13,4.79,42.17,63.96,65.15,22.98,76.0
C82022,THE BILLESDON SURGERY,CROSS COUNTIES PCN,MIDLANDS,11.1,7293.5,55.09,72.0,16.91,0.03,17.48,75.71,68.28,77.37,1.66,110.0
M83723,LOOMER MEDICAL PARTNERSHIP,ABOUT BETTER CARE (ABC) PCN,MIDLANDS,32.69,23766.58,47.08,63.95,16.87,0.04,8.5,65.09,65.05,59.88,-5.21,90.0
D82006,CHET VALLEY MEDICAL PRACTICE,SOUTH NORFOLK HIP PCN,EAST OF ENGLAND,16.38,9007.42,60.6,77.45,16.85,0.07,12.26,74.91,82.35,90.29,15.37,116.0
M88040,ST PAUL'S MEDICAL PRACTICE,OLDBURY & SMETHWICK PCN,MIDLANDS,38.23,6834.33,45.62,62.43,16.82,0.01,2.34,40.32,56.34,67.14,26.82,71.0
G85651,THE DULWICH MEDICAL CENTRE,SOUTH SOUTHWARK PCN,LONDON,16.94,7042.5,58.18,74.94,16.76,0.25,6.55,62.92,62.97,71.61,8.69,93.0
H81095,THE YELLOW PRACTICE,WALTON PRACTICES CONFEDERATION PCN,SOUTH EAST,12.16,3760.0,41.49,58.25,16.75,0.13,3.55,60.49,61.0,75.34,14.85,101.0
M84609,WOODLANDS SURGERY,APOLLO WARWICKSHIRE NORTH,MIDLANDS,23.83,4716.83,48.22,64.86,16.64,0.26,5.65,69.63,74.33,71.51,1.88,83.0
M85158,APOLLO SURGERY,GOSK PCN,MIDLANDS,27.8,2182.42,73.58,90.13,16.55,0.01,35.19,84.66,82.78,88.53,3.88,72.0
P84054,WHITLEY ROAD MEDICAL CENTRE,MILES PLATTING NEWTON HEATH & MOSTON PCN,NORTH WEST,54.49,6618.58,59.63,76.15,16.52,-0.01,9.63,83.28,77.79,86.36,3.08,117.0
C82061,BARWELL & HOLLYCROFT MEDICAL CENTRES,FOSSEWAY PCN,MIDLANDS,15.5,14727.5,47.24,63.75,16.51,0.06,17.84,73.71,73.35,75.87,2.16,114.0
N82067,BENIM MEDICAL CENTRE,LIVERPOOL FIRST PCN,NORTH WEST,57.64,5920.25,35.56,52.08,16.51,-0.05,3.6,79.81,73.41,69.64,-10.18,121.0
M83084,MOUNT ROAD PRACTICE,NEWCASTLE NORTH PCN LIMITED,MIDLANDS,18.57,6550.17,60.79,77.24,16.45,-0.1,14.98,93.75,86.95,84.7,-9.06,106.0
M85756,SPRINGFIELD MEDICAL PRACT,"BALSALL HEATH, SPARKHILL & MOSELEY PCN",MIDLANDS,47.7,2830.25,54.23,70.62,16.39,0.12,19.79,32.98,53.65,60.42,27.44,88.0
P84028,GORTON MEDICAL CENTRE,GORTON AND LEVENSHULME PCN,NORTH WEST,58.05,10088.08,55.49,71.75,16.26,0.15,1.11,60.86,73.83,70.29,9.42,92.0
G82037,HILDENBOROUGH MEDICAL GROUP,TONBRIDGE PCN,SOUTH EAST,11.96,16602.75,51.92,68.16,16.24,0.02,14.01,79.82,89.05,77.86,-1.96,117.0
C86019,THE SCOTT PRACTICE,DONCASTER CENTRAL PCN,NORTH EAST AND YORKSHIRE,34.88,16433.33,44.36,60.54,16.18,0.0,16.49,78.11,66.38,65.64,-12.47,125.0
A89036,CASTLETOWN MEDICAL CENTRE,SUNDERLAND NORTH PCN,NORTH EAST AND YORKSHIRE,38.76,2114.5,62.94,79.12,16.18,0.14,20.93,69.47,78.66,82.18,12.71,91.0
K83036,LINDEN MEDICAL GROUP,RED KITE HEALTHCARE PCN,MIDLANDS,18.8,17101.5,54.08,70.2,16.12,0.0,11.48,49.82,60.97,83.15,33.34,104.0
E82129,KINGS LANGLEY SURGERY,DELTA PCN,EAST OF ENGLAND,9.34,15377.08,44.21,60.3,16.1,-0.02,10.95,78.43,84.67,82.5,4.08,110.0
H82088,BEWBUSH MEDICAL CENTRE,SOUTH CRAWLEY PCN,SOUTH EAST,27.17,6576.08,59.11,75.19,16.09,0.1,2.67,77.98,88.58,72.09,-5.89,100.0
A83047,DENMARK STREET SURGERY,DARLINGTON PCN,NORTH EAST AND YORKSHIRE,31.34,15069.5,65.42,81.43,16.01,0.05,17.57,77.25,70.42,86.79,9.54,106.0
G83647,PLUMSTEAD AND WICKHAM LANE SURGERY,HERITAGE PCN,LONDON,28.79,7534.25,34.99,50.95,15.96,0.01,10.05,74.14,77.78,80.35,6.21,112.0
F81656,WARRIOR SQUARE SURGERY,SOUTHEND VICTORIA PCN,EAST OF ENGLAND,37.88,2759.5,54.2,70.12,15.93,0.0,10.15,91.85,85.35,92.25,0.4,87.0
E85006,WATERSIDE MEDICAL CENTRE,SOUTH SOUTHALL PCN,LONDON,32.97,4962.33,41.83,57.74,15.9,0.11,20.64,63.35,59.94,77.57,14.21,82.0
B86669,YORK STREET HEALTH PRACTICE,"BURMANTOFTS, HAREHILLS & RICHMOND HILL PCN",NORTH EAST AND YORKSHIRE,34.59,2748.67,53.34,69.18,15.84,0.11,44.7,89.24,78.24,87.7,-1.54,62.0
C82116,HIGHFIELDS SURGERY (R WADHWA),ACROSS LEICESTER PCN,MIDLANDS,41.24,4968.0,68.9,84.71,15.81,0.11,7.62,75.38,78.38,72.59,-2.79,94.0
G82125,OTFORD MEDICAL PRACTICE,SEVENOAKS PCN,SOUTH EAST,11.6,11452.5,44.78,60.58,15.8,-0.14,10.14,67.39,72.85,69.2,1.81,99.0
N81089,GREENBANK SURGERY,WARRINGTON CENTRAL EAST PCN,NORTH WEST,21.79,8304.17,59.72,75.51,15.79,0.08,11.86,74.29,74.97,63.65,-10.65,112.0
C87018,HIGH STREET SURGERY,WENTWORTH 1 PCN,NORTH EAST AND YORKSHIRE,27.66,7860.58,73.32,89.01,15.69,0.13,15.67,70.57,61.41,86.05,15.48,132.0
A82651,DUDDON VALLEY MEDICAL PRACTICE,MID FURNESS PCN,NORTH WEST,16.85,4922.83,53.27,68.93,15.66,0.06,10.86,90.51,94.06,84.56,-5.95,115.0
J82075,CHAWTON HOUSE SURGERY,NEW FOREST PCN,SOUTH EAST,12.22,7001.25,68.97,84.6,15.63,0.08,23.42,89.16,95.17,85.38,-3.78,105.0
D83017,NEEDHAM MARKET COUNTRY PRACTICE,SOUTH RURAL PCN,EAST OF ENGLAND,12.71,13800.33,57.15,72.77,15.62,0.16,9.78,65.57,66.21,54.99,-10.58,109.0
N83614,ECCLESTON MEDICAL CENTRE,ST HELENS SOUTH PCN,NORTH WEST,17.32,6058.75,57.61,73.18,15.58,0.05,3.96,81.58,92.1,87.67,6.08,114.0
J81078,THE GROVE MEDICAL CENTRE,SHERBORNE AREA PCN,SOUTH WEST,15.17,13027.75,57.48,73.06,15.58,-0.03,17.11,88.08,89.41,92.17,4.09,117.0
N82676,FIR TREE,NORTH LIVERPOOL PCN,NORTH WEST,19.69,4133.83,48.6,64.16,15.56,0.07,10.25,53.56,67.86,85.03,31.47,122.0
J82050,ST PAUL'S SURGERY,WINCHESTER CITY PCN,SOUTH EAST,9.7,24552.92,42.62,58.14,15.52,0.01,13.29,69.95,88.5,88.05,18.1,100.0
E82069,THE ELMS SURGERY,CENTRAL WATFORD PCN,EAST OF ENGLAND,13.38,8846.42,53.88,69.39,15.51,0.07,3.27,83.95,82.62,83.22,-0.73,115.0
K81046,LEE HOUSE SURGERY,WINDSOR PCN,SOUTH EAST,9.03,8132.58,44.66,60.14,15.48,0.1,28.1,72.7,86.08,70.57,-2.13,101.0
C84037,ABBEY MEDICAL GROUP,SHERWOOD PCN,MIDLANDS,14.91,12615.42,71.06,86.42,15.35,0.18,30.21,69.9,74.8,62.84,-7.06,103.0
D81026,BOROUGHBURY MEDICAL CENTRE,BMC PCN,EAST OF ENGLAND,31.16,32396.42,57.45,72.77,15.32,0.0,10.87,76.14,62.44,66.11,-10.03,155.0
E83005,LICHFIELD GROVE SURGERY,BARNET 3 PCN,LONDON,16.13,6321.83,41.09,56.35,15.26,0.4,4.42,70.17,63.86,72.19,2.01,113.0
G85134,THE LISTER PRIMARY CARE CENTRE,SOUTH SOUTHWARK PCN,LONDON,27.69,8448.67,54.64,69.88,15.24,0.06,4.1,71.18,78.73,87.57,16.39,74.0
C84033,WESTDALE LANE SURGERY,ARROW HEALTH PCN,MIDLANDS,15.68,8928.67,52.11,67.36,15.24,0.06,14.99,74.24,81.74,81.8,7.56,109.0
E84022,ROXBOURNE MEDICAL CENTRE,HEALTHSENSE PCN,LONDON,21.5,7320.08,33.21,48.26,15.05,0.1,13.84,54.84,66.98,71.5,16.66,100.0
F81114,BADDOW VILLAGE SURGERY,CHELMSFORD CITY HEALTH PCN,EAST OF ENGLAND,12.81,13079.42,74.39,89.41,15.02,0.04,18.1,84.0,90.87,84.38,0.38,98.0
C87620,MANOR FIELD SURGERY,MALTBY WICKERSLEY PCN,NORTH EAST AND YORKSHIRE,34.86,7047.08,76.28,91.2,14.92,0.29,16.69,81.02,76.49,79.14,-1.88,110.0
E81615,ASHBURNHAM ROAD SURGERY,CARITAS MEDICAL PCN,EAST OF ENGLAND,35.83,4191.92,62.98,77.87,14.89,0.05,9.35,75.99,79.61,81.71,5.71,99.0
M83045,PENKRIDGE MEDICAL PRACTICE,STAFFORD SOUTH PCN,MIDLANDS,12.1,10562.25,62.25,77.13,14.88,0.08,15.27,67.52,79.76,81.95,14.43,120.0
B85001,PARKVIEW SURGERY,SPEN HEALTH & WELLBEING PCN,NORTH EAST AND YORKSHIRE,22.75,6937.67,52.71,67.51,14.8,-0.06,5.84,50.33,63.05,68.75,18.42,99.0
A81035,NEWLANDS MEDICAL CENTRE,GREATER MIDDLESBROUGH PCN,NORTH EAST AND YORKSHIRE,45.84,9885.33,59.7,74.38,14.69,0.08,12.81,70.01,63.79,82.37,12.36,106.0
H81099,ESHER GREEN SURGERY,EAST ELMBRIDGE PCN,SOUTH EAST,7.39,13505.33,36.25,50.85,14.6,-0.05,7.24,80.84,82.05,85.72,4.87,107.0
L83087,OKEHAMPTON MEDICAL CENTRE,NORTH DARTMOOR PCN,SOUTH WEST,21.08,15123.33,73.36,87.95,14.59,0.06,13.91,86.57,79.38,85.55,-1.02,103.0
F81068,THE ELIZABETH COURTAULD SURGERY,COLNE VALLEY PCN,EAST OF ENGLAND,16.57,16578.83,70.41,84.98,14.56,0.07,25.82,73.5,56.16,78.84,5.34,112.0
C84061,KING'S MEDICAL CENTRE,ASHFIELD NORTH PCN,MIDLANDS,34.33,9718.17,71.48,85.94,14.47,0.04,9.27,79.78,78.15,71.23,-8.55,113.0
K81051,WOODLEY PRACTICE,WOKINGHAM NORTH PCN,SOUTH EAST,7.9,13846.33,43.24,57.69,14.45,0.0,9.73,67.48,72.77,69.61,2.13,110.0
L83628,IMPERIAL SURGERY,WEB PCN,SOUTH WEST,18.6,6108.83,50.29,64.73,14.44,0.02,13.71,95.95,91.88,89.83,-6.12,101.0
P81165,IGHTENHILL MEDICAL CENTRE,BURNLEY WEST PCN,NORTH WEST,37.64,2688.67,55.8,70.19,14.39,0.03,8.18,69.28,66.22,65.94,-3.34,108.0
P87004,1/SALFORD MEDICAL PRACTICE,SALFORD SOUTH EAST PCN,NORTH WEST,26.51,13615.17,45.31,59.64,14.33,0.02,8.21,66.19,76.33,78.87,12.68,113.0
L82004,WADEBRIDGE & CAMEL ESTUARY PRACTICE,NORTH CORNWALL COAST PCN,SOUTH WEST,18.12,7904.67,70.82,85.13,14.31,0.01,14.83,71.94,66.96,76.74,4.79,115.0
L82030,LAUNCESTON MEDICAL CENTRE,LAUNCESTON AND TAMAR VALLEY PCN,SOUTH WEST,25.02,18724.0,64.3,78.56,14.26,0.07,11.1,66.99,71.12,84.41,17.43,104.0
D81036,PRIORS FIELD SURGERY,ELY NORTH PCN,EAST OF ENGLAND,13.82,5203.0,55.55,69.8,14.24,0.22,0.0,55.46,72.91,84.19,28.73,119.0
F84086,THE FOREST PRACTICE,NEWHAM NORTH WEST 2 PCN,LONDON,30.74,6755.67,65.07,79.28,14.21,0.01,1.89,84.41,85.77,81.8,-2.62,105.0
F81205,GHAURI PRACTICE,CANVEY PCN,EAST OF ENGLAND,25.65,5569.67,78.95,93.13,14.18,0.12,3.83,95.64,88.68,84.65,-10.99,101.0
A82617,KIRKOSWALD SURGERY,EDEN (CUMBRIA) PCN,NORTH EAST AND YORKSHIRE,15.28,2744.58,60.79,74.93,14.14,0.13,15.64,82.28,90.77,87.32,5.04,103.0
P81169,FISHERGATE HILL SURGERY,PRESTON & SOUTH RIBBLE PCN,NORTH WEST,30.39,6630.25,59.47,73.61,14.13,0.05,15.77,79.17,82.34,85.52,6.34,127.0
G81099,OLD SCHOOL SURGERY,SEAFORD PCN,SOUTH EAST,13.53,9428.33,52.95,67.04,14.08,-0.0,17.03,70.79,76.92,54.94,-15.85,122.0
M85077,NORTHWOOD MEDICAL CENTRE,SOUTH BIRMINGHAM ALLIANCE PCN,MIDLANDS,17.29,9564.75,52.6,66.65,14.05,0.05,18.07,79.01,76.73,76.96,-2.04,105.0
M92006,COALWAY ROAD SURGERY,WOLVERHAMPTON RWT PCN,MIDLANDS,20.79,4718.17,77.77,91.8,14.02,0.31,21.42,73.34,65.86,83.29,9.95,84.0
F81152,FOREST PRACTICE,LOUGHTON BUCKHURST HILL & CHIGWELL PCN,EAST OF ENGLAND,15.35,11867.58,60.03,74.0,13.97,0.12,17.46,82.61,76.9,76.42,-6.19,85.0
L82058,BOTTREAUX SURGERY,NORTH CORNWALL COAST PCN,SOUTH WEST,25.52,4781.08,72.51,86.43,13.92,0.01,14.33,81.21,83.11,87.81,6.6,116.0
K83065,NENE VALLEY SURGERY,EAST NORTHANTS PCN,MIDLANDS,12.15,7214.67,68.14,82.05,13.91,-0.02,8.32,57.78,66.91,75.17,17.39,110.0
G85023,LEWISHAM MEDICAL CENTRE,LEWISHAM ALLIANCE PCN,LONDON,22.36,14758.25,68.72,82.58,13.86,0.08,7.76,65.76,70.84,71.52,5.76,112.0
M92011,RWT PRACTICES PENN MANOR MEDICAL CENTRE,WOLVERHAMPTON RWT PCN,MIDLANDS,27.58,33153.42,76.96,90.79,13.83,0.4,12.11,58.39,63.6,73.71,15.32,92.0
C81095,EMMETT CARR SURGERY,NORTH HARDWICK AND BOLSOVER PCN,MIDLANDS,20.27,4965.25,49.52,63.3,13.78,0.03,9.05,70.22,72.25,72.1,1.88,120.0
A82072,RISEDALE SURGERY,BARROW TOGETHER PCN,NORTH WEST,31.27,7420.5,45.98,59.73,13.75,0.09,3.16,63.99,68.89,59.09,-4.9,106.0
B82053,DYNELEY HOUSE SURGERY,WACA PCN,NORTH EAST AND YORKSHIRE,13.67,14999.5,63.29,76.99,13.7,0.02,9.6,80.96,83.74,79.18,-1.78,104.0
Y02463,THE TOWN CENTRE PRACTICE,OASIS PCN,EAST OF ENGLAND,36.39,13016.67,60.54,74.22,13.68,0.19,2.46,49.96,62.59,76.43,26.48,83.0
F84729,THE MANOR PARK PRACTICE,NEWHAM NORTH EAST 1 PCN,LONDON,39.93,4816.67,67.19,80.85,13.67,0.18,7.42,59.02,71.3,74.13,15.12,74.0
Y02627,HARDEN BLAKENALL,WALSALL NORTH PCN,MIDLANDS,47.9,12099.17,71.93,85.54,13.61,0.61,10.54,50.85,61.4,71.35,20.5,96.0
M87019,THE LIMES SURGERY MEDICAL CENTRE,"STOURBRIDGE, WOLLESCOTE & LYE PCN",MIDLANDS,31.18,6015.83,59.73,73.33,13.61,0.06,6.87,67.57,70.01,60.2,-7.37,103.0
P81732,HARAMBEE SURGERY,PENDLE EAST PCN,NORTH WEST,22.13,4652.17,64.31,77.93,13.61,0.07,0.0,90.95,76.9,80.45,-10.5,104.0
G82228,CANTERBURY MEDICAL PRACTICE,CANTERBURY SOUTH PCN,SOUTH EAST,18.47,24275.75,56.85,70.46,13.61,-0.03,10.46,76.58,69.58,74.02,-2.56,122.0
M85680,COTTERILS LANE SURGERY,"NECHELLS, SALTLEY & ALUM ROCK PCN",MIDLANDS,54.63,2624.42,56.83,70.42,13.59,0.07,17.48,74.33,81.24,85.42,11.09,54.0
E86015,CENTRAL UXBRIDGE SURGERY,SYNERGY PCN,LONDON,19.29,16610.42,55.37,68.87,13.51,0.1,13.93,76.66,76.34,64.89,-11.77,94.0
Y02469,HERON GP PRACTICE,LEICESTER CENTRAL PCN,MIDLANDS,39.61,10002.17,65.53,79.02,13.49,0.07,8.92,48.38,56.28,58.33,9.95,68.0
F82627,RAINHAM HEALTH CENTRE,HAVERING SOUTH PCN,LONDON,20.73,8656.92,42.64,56.13,13.49,0.11,0.0,55.96,53.08,58.52,2.56,100.0
G81614,GROOMBRIDGE AND HARTFIELD MEDICAL GROUP,HIGH WEALD PCN,SOUTH EAST,10.84,5386.33,60.1,73.58,13.48,0.11,13.55,97.63,96.41,98.71,1.08,120.0
H85114,THURLEIGH ROAD PRACTICE,NIGHTINGALE PCN,LONDON,7.92,13402.75,59.76,73.24,13.48,0.16,11.97,54.77,72.99,77.84,23.07,106.0
B82034,QUAKERS LANE SURGERY,RICHMONDSHIRE PCN,NORTH EAST AND YORKSHIRE,13.51,6430.67,58.36,71.76,13.4,0.06,10.37,92.65,88.61,100.0,7.35,112.0
M85732,BLOOMSBURY SURGERY,"KINGSTANDING, ERDINGTON & NECHELLS PCN",MIDLANDS,51.13,2419.83,65.09,78.41,13.33,0.22,8.82,86.26,87.22,85.55,-0.7,85.0
C84051,ORCHARD MEDICAL PRACTICE,MANSFIELD NORTH PCN,MIDLANDS,22.95,19332.5,63.13,76.45,13.31,0.13,11.78,76.57,70.21,71.7,-4.86,116.0
L83073,BRANNAM MEDICAL CENTRE,BARNSTAPLE ALLIANCE PCN,SOUTH WEST,24.01,19253.17,72.85,86.15,13.3,0.11,14.23,83.7,82.34,90.06,6.36,97.0
F81012,WEST MERSEA SURGERY,Unallocated,EAST OF ENGLAND,13.61,7504.42,73.42,86.68,13.27,0.09,27.29,72.32,73.91,90.93,18.6,109.0
N83621,HILLSIDE HOUSE SURGERY,WEST KNOWSLEY PCN,NORTH WEST,44.57,2801.17,50.57,63.83,13.26,0.06,7.24,74.2,74.27,78.52,4.32,117.0
H81043,WONERSH SURGERY,EAST WAVERLEY PCN,SOUTH EAST,7.37,10481.75,50.14,63.35,13.21,-0.02,15.89,70.95,89.82,91.81,20.85,131.0
D81081,GREAT STAUGHTON SURGERY,ST NEOTS PCN,EAST OF ENGLAND,11.55,5208.58,53.46,66.65,13.19,0.01,11.01,97.69,89.45,92.9,-4.79,113.0
H85061,HEATHBRIDGE PRACTICE,PRIME WANDSWORTH PCN,LONDON,10.33,22773.92,75.74,88.93,13.19,-0.04,9.17,88.77,88.05,91.24,2.48,118.0
A82068,ULVERSTON COMMUNITY HEALTH CENTRE,MID FURNESS PCN,NORTH WEST,14.6,4629.17,67.47,80.58,13.11,0.07,12.44,90.57,91.15,89.25,-1.32,107.0
P92029,WESTLEIGH MEDICAL PRACTICE,LEIGH PCN,NORTH WEST,34.06,4551.0,44.45,57.39,12.94,0.04,16.88,55.55,63.55,61.76,6.21,107.0
G83654,BANNOCKBURN SURGERY,HERITAGE PCN,LONDON,28.58,5739.92,42.98,55.92,12.93,0.02,6.5,61.96,70.85,71.73,9.77,101.0
F85061,CHRISTCHURCH HALL SURGERY,HARINGEY - SOUTH WEST PCN,LONDON,20.26,2917.17,39.32,52.25,12.92,0.12,12.43,76.14,79.73,86.76,10.62,91.0
A88009,DR THORNILEY-WALKER & PARTNERS,SOUTH TYNESIDE SOUTH PCN,NORTH EAST AND YORKSHIRE,20.31,6093.58,55.4,68.28,12.88,0.12,18.02,68.97,85.62,75.18,6.21,101.0
D81066,QUEEN EDITH MEDICAL PRACTICE,CAMBRIDGE CITY 4 PCN,EAST OF ENGLAND,7.42,10608.42,83.29,96.14,12.84,0.03,12.44,81.83,75.96,80.71,-1.13,100.0
M84615,HARTSHILL HEALTH CENTRE,APOLLO WARWICKSHIRE NORTH,MIDLANDS,24.88,8025.17,63.44,76.24,12.8,0.02,6.51,71.93,71.91,86.13,14.2,87.0
P81063,ST PAULS MEDICAL CENTRE,BLACKPOOL CENTRAL WEST PCN,NORTH WEST,56.87,11415.92,60.22,72.95,12.73,0.04,19.29,71.93,74.21,54.84,-17.09,97.0
B82059,CHURCH AVENUE MEDICAL GROUP,HEART OF HARROGATE PCN,NORTH EAST AND YORKSHIRE,12.16,11165.33,58.34,71.06,12.72,0.19,11.95,88.26,91.11,84.52,-3.75,93.0
E85745,JUBILEE GARDENS MEDICAL CENTRE,NORTHOLT PCN,LONDON,30.09,7830.5,55.27,67.98,12.71,0.15,5.11,72.55,73.93,76.08,3.53,102.0
P82616,BEEHIVE SURGERY,BOLTON CENTRAL PCN,NORTH WEST,42.0,4035.42,64.86,77.56,12.7,0.09,10.97,70.98,58.3,69.28,-1.7,77.0
M85033,THE MANOR PRACTICE,ALLIANCE OF SUTTON PRACTICES PCN,MIDLANDS,12.19,17504.5,60.66,73.32,12.66,0.0,9.38,74.61,67.74,73.58,-1.03,104.0
G82106,RIVERSIDE MEDICAL PRACTICE,STROOD PCN,SOUTH EAST,14.33,7189.83,71.06,83.71,12.65,0.08,9.53,85.98,87.33,88.27,2.29,84.0
M85028,LORDSWOOD HOUSE GROUP MEDICAL PRACTICE,QUINTON AND HARBORNE PCN,MIDLANDS,25.48,24946.58,60.39,73.01,12.62,0.03,12.4,64.02,68.84,77.49,13.47,99.0
H85649,COLLIERS WOOD SURGERY,NORTH MERTON PCN,LONDON,18.02,11362.58,45.77,58.38,12.61,-0.0,8.75,69.83,60.16,63.58,-6.25,91.0
K82047,UNITY HEALTH,PHOENIX HEALTH PCN,SOUTH EAST,9.81,22890.67,61.11,73.7,12.58,0.04,14.34,77.19,70.87,73.28,-3.91,121.0
M83057,MILL BANK,STAFFORD CENTRAL PCN,MIDLANDS,18.21,10620.58,59.33,71.92,12.58,-0.0,10.6,84.5,68.47,78.08,-6.42,119.0
L85021,COLLEGE WAY SURGERY,TAUNTON CENTRAL PCN,SOUTH WEST,9.46,14424.33,55.44,67.98,12.54,0.09,12.79,95.95,89.54,94.45,-1.5,116.0
N84004,GLOVERS LANE SURGERY,SOUTH SEFTON PCN,NORTH WEST,39.24,7764.67,57.86,70.39,12.53,0.12,17.52,60.42,52.87,60.57,0.15,96.0
D83076,CLARE GUILDHALL SURGERY,WEST SUFFOLK RURAL PCN,EAST OF ENGLAND,15.82,5374.08,66.74,79.25,12.51,0.1,9.87,76.57,88.51,80.97,4.39,107.0
A84042,SCOTS GAP MEDICAL GROUP,WEST NORTHUMBERLAND PCN,NORTH EAST AND YORKSHIRE,17.91,2105.42,78.21,90.71,12.5,0.01,13.76,90.89,96.3,94.3,3.41,105.0
A82021,CASTLEGATE AND DERWENT SURGERY,COCKERMOUTH & MARYPORT PCN,NORTH EAST AND YORKSHIRE,13.26,18196.67,60.31,72.79,12.48,0.05,13.35,63.24,64.35,73.67,10.43,142.0
K84033,CHURCH STREET PRACTICE,WANTAGE PCN,SOUTH EAST,10.9,19217.67,43.94,56.41,12.47,0.05,7.8,73.13,76.59,86.3,13.17,97.0
E85103,LADY MARGARET ROAD MEDICAL CENTRE,NORTH SOUTHALL PCN,LONDON,32.62,3285.08,73.22,85.67,12.46,0.19,9.42,61.55,50.61,65.55,4.01,72.0
M85171,ROWLANDS ROAD SURGERY,Unallocated,MIDLANDS,31.51,2947.33,63.22,75.67,12.45,0.09,4.7,73.6,71.4,72.95,-0.65,111.0
E85077,SHEPHERDS BUSH MEDICAL CENTRE,NORTH HAMMERSMITH & FULHAM PCN,LONDON,26.48,3673.83,54.95,67.36,12.42,0.1,10.16,74.08,74.63,78.86,4.79,83.0
A83040,CLIFTON COURT MEDICAL PRACTICE,DARLINGTON PCN,NORTH EAST AND YORKSHIRE,33.66,12280.25,72.75,85.15,12.39,0.04,12.4,69.61,87.05,82.48,12.87,93.0
K84038,MONTGOMERY HOUSE SURGERY,BICESTER PCN,SOUTH EAST,11.37,16771.33,47.93,60.22,12.29,0.1,9.82,52.76,57.17,70.82,18.06,106.0
M85746,MIRFIELD SURGERY,SHARD END AND KITTS GREEN PCN,MIDLANDS,51.25,5681.83,55.95,68.2,12.25,0.02,16.47,51.04,55.78,61.81,10.77,83.0
P89021,DUKINFIELD MEDICAL PRACTICE,HYDE PCN,NORTH WEST,29.04,11062.75,61.13,73.38,12.25,0.01,17.26,85.43,82.13,75.53,-9.9,115.0
M85087,COLLEGE ROAD SURGERY,"KINGSTANDING, ERDINGTON & NECHELLS PCN",MIDLANDS,41.5,11293.92,64.58,76.83,12.25,0.1,13.15,72.22,64.0,75.29,3.07,118.0
Y02807,THURROCK HEALTH CENTRE,TILBURY AND CHADWELL PCN,EAST OF ENGLAND,23.0,12870.08,73.08,85.29,12.22,0.03,5.65,60.78,69.02,67.94,7.17,127.0
G83016,ROYAL ARSENAL MEDICAL CENTRE,RIVERVIEW HEALTH PCN,LONDON,21.53,11305.83,63.55,75.75,12.2,0.02,5.94,41.12,53.36,54.07,12.94,124.0
E84068,THE RIDGEWAY SURGERY,HEALTHSENSE PCN,LONDON,11.34,15074.58,79.62,91.81,12.19,0.15,11.64,63.53,69.21,76.18,12.65,116.0
Y02578,BROADMEAD MEDICAL CENTRE,BRISDOC PCN,SOUTH WEST,22.53,11984.0,53.11,65.29,12.18,-0.03,9.63,74.19,77.92,75.39,1.2,80.0
F81675,THE PRACTICE LEECON WAY,ROCHFORD PCN,EAST OF ENGLAND,13.02,5423.0,75.23,87.42,12.18,0.08,6.47,89.42,82.64,84.66,-4.75,100.0
F83053,MILDMAY MEDICAL PRACTICE,CENTRAL 1 ISLINGTON PCN,LONDON,26.88,7750.0,59.82,71.98,12.16,-0.01,18.68,85.84,79.77,79.86,-5.98,103.0
B81042,MANOR ROAD SURGERY,BEVERLEY PCN,NORTH EAST AND YORKSHIRE,11.12,13781.83,85.83,97.99,12.16,0.25,19.5,88.61,90.16,75.17,-13.44,115.0
A82016,CARLISLE HEALTHCARE,CARLISLE HEALTHCARE PCN,NORTH EAST AND YORKSHIRE,22.72,39037.58,55.08,67.23,12.16,0.08,11.4,67.54,70.19,80.16,12.62,108.0
F86026,THE FOREST SURGERY,WALTHAM FOREST 8 PCN,LONDON,21.7,6855.67,42.17,54.29,12.12,-0.01,4.32,42.05,70.65,74.37,32.32,96.0
C88007,PORTER BROOK MEDICAL CENTRE,STUDENT & CENTRAL SHEFFIELD PCN,NORTH EAST AND YORKSHIRE,22.6,28252.25,52.33,64.38,12.05,0.13,7.69,73.14,73.19,71.97,-1.17,184.0
C83003,BEECHFIELD MEDICAL CENTRE,SPALDING PCN,MIDLANDS,19.06,21632.25,54.96,66.99,12.04,0.13,7.89,57.28,58.69,60.89,3.61,105.0
B87021,ASH GROVE,PONTEFRACT AND KNOTTINGLEY PCN,NORTH EAST AND YORKSHIRE,32.52,12769.17,73.89,85.92,12.03,0.04,5.22,62.96,73.81,73.0,10.05,104.0
K84079,LONG FURLONG MEDICAL CENTRE,ABINGDON AND DISTRICT PCN,SOUTH EAST,5.9,9247.08,74.1,86.1,12.0,0.09,9.02,72.82,77.71,71.03,-1.79,105.0
M88018,OLDBURY HEALTH CENTRE,OLDBURY & SMETHWICK PCN,MIDLANDS,32.73,21659.25,62.21,74.15,11.94,0.15,11.13,68.01,65.91,75.45,7.45,81.0
L85066,BUTTERCROSS HEALTH CENTRE,SOUTH SOMERSET WEST PCN,SOUTH WEST,16.98,7846.58,43.56,55.43,11.87,-0.15,9.07,73.81,68.4,69.86,-3.96,123.0
A81019,CROSSFELL HEALTH CENTRE,GREATER MIDDLESBROUGH PCN,NORTH EAST AND YORKSHIRE,52.4,8954.17,69.25,81.11,11.86,0.15,9.38,70.4,67.03,74.49,4.1,96.0
G83633,CONWAY PMS,RIVERVIEW HEALTH PCN,LONDON,25.13,5741.83,76.15,87.96,11.81,0.07,0.87,46.98,69.85,74.31,27.32,101.0
B84006,TODMORDEN GROUP PRACTICE,UPPER CALDER VALLEY PCN,NORTH EAST AND YORKSHIRE,28.35,15530.67,69.71,81.52,11.81,0.06,8.96,56.76,71.16,70.07,13.31,113.0
P82607,CROMPTON VIEW SURGERY,TURTON PCN,NORTH WEST,31.88,5919.25,71.25,83.02,11.78,0.07,16.22,90.95,89.22,98.12,7.16,95.0
C84117,RADFORD MEDICAL PRACTICE (KAUR),RADFORD AND MARY POTTER PCN,MIDLANDS,31.88,21033.5,42.06,53.83,11.78,0.05,4.83,76.13,67.4,73.82,-2.3,57.0
E83637,COLINDALE MEDICAL CENTRE LP,BARNET 1D PCN,LONDON,22.21,11979.92,60.62,72.37,11.75,0.02,3.61,67.68,68.8,73.03,5.36,86.0
F85663,LATYMER ROAD SURGERY,EDMONTON PCN,LONDON,41.01,4667.08,36.0,47.69,11.69,0.04,1.37,58.12,59.39,60.99,2.87,101.0
L85020,BECKINGTON FAMILY PRACTICE,MENDIP PCN,SOUTH WEST,14.34,11410.33,67.4,79.08,11.68,0.07,13.54,79.16,91.2,79.9,0.74,120.0
E86009,BELMONT MEDICAL CENTRE,SYNERGY PCN,LONDON,18.93,9032.33,69.7,81.35,11.65,0.06,8.05,84.75,81.2,90.96,6.21,112.0
C84676,GREENFIELDS MEDICAL PRACTICE,RALEIGH HEALTHCARE PCN,MIDLANDS,46.07,8142.42,73.01,84.65,11.64,0.13,3.54,76.01,76.48,73.84,-2.17,96.0
L82070,SUNNYSIDE SURGERY,PENWITH PCN,SOUTH WEST,28.75,6628.5,58.24,69.88,11.64,0.12,17.0,86.37,77.59,81.77,-4.6,101.0
E87011,LISSON GROVE HEALTH CENTRE,REGENT HEALTH PCN,LONDON,36.24,7939.83,76.43,88.06,11.63,0.15,17.53,79.27,71.87,64.5,-14.77,90.0
C82016,LONG CLAWSON MEDICAL PRACTICE,"MELTON, SYSTON AND VALE PCN",MIDLANDS,14.6,9975.25,55.3,66.91,11.61,0.11,10.55,84.19,91.45,86.45,2.26,117.0
H82078,SOUTHBOURNE SURGERY,CHICHESTER ALLIANCE OF MEDICAL PRACTICES PCN,SOUTH EAST,12.72,10455.42,45.65,57.24,11.6,0.08,14.43,68.28,65.05,67.23,-1.04,114.0
H83017,BRIGSTOCK MEDICAL PRACTICE,CROYDON GP SUPER NETWORK PCN,LONDON,28.6,14012.0,46.57,58.17,11.6,0.04,7.52,79.6,74.34,70.28,-9.33,106.0
N81038,LAUREL BANK SURGERY,RURAL ALLIANCE PCN,NORTH WEST,14.95,7784.08,71.27,82.83,11.55,0.1,13.23,94.33,96.35,97.7,3.37,111.0
C88025,BIRLEY HEALTH CENTRE,TOWNSHIPS 1 PCN,NORTH EAST AND YORKSHIRE,23.77,9197.58,73.1,84.61,11.52,0.13,15.95,84.9,66.11,81.78,-3.12,110.0
P87620,1/MONTON MEDICAL PRACTICE,ECCLES & IRLAM PCN,NORTH WEST,26.6,9376.58,58.72,70.22,11.5,0.0,11.23,73.46,80.85,71.81,-1.65,96.0
F82678,DR KM ALKAISY PRACTICE,BARKING & DAGENHAM EAST ONE PCN,LONDON,29.81,4863.67,54.28,65.74,11.46,0.05,8.22,81.38,73.74,73.28,-8.1,108.0
E87048,ROSARY GARDEN SURGERY,K AND C SOUTH PCN,LONDON,13.66,3638.75,72.71,84.15,11.44,0.15,15.46,88.1,89.28,85.4,-2.69,116.0
F83624,CLERKENWELL MEDICAL PRACTICE,SOUTH ISLINGTON PCN,LONDON,22.14,16842.75,34.5,45.93,11.43,0.03,16.21,82.21,81.37,79.48,-2.73,112.0
L81014,FROME VALLEY MEDICAL CENTRE,YATE & FRAMPTON PCN,SOUTH WEST,9.59,14498.17,44.1,55.53,11.43,0.06,10.45,74.86,68.82,82.18,7.32,114.0
E86629,DR MLR SIDDIQUI'S PRACTICE,CELADINE HEALTH & METROCARE PCN,LONDON,16.78,3697.08,60.37,71.77,11.4,0.01,5.77,60.01,80.48,70.94,10.93,132.0
E87715,SCARSDALE MEDICAL CENTRE,BROMPTON HEALTH PCN,LONDON,12.69,7845.5,55.91,67.3,11.39,0.08,11.27,69.94,70.54,80.37,10.44,106.0
L85027,WINCANTON HEALTH CENTRE,SOUTH SOMERSET EAST - RPN PCN,SOUTH WEST,18.6,8858.0,66.94,78.31,11.37,-0.06,7.06,75.96,78.25,68.2,-7.76,117.0
B83056,MOORSIDE SURGERY,FIVE LANE ENDS PCN,NORTH EAST AND YORKSHIRE,35.37,8327.0,53.54,64.86,11.31,-0.01,12.39,72.66,78.63,80.16,7.49,113.0
C81038,WHITEMOOR MEDICAL CENTRE,BELPER PCN,MIDLANDS,10.83,12506.0,76.68,87.99,11.31,0.05,11.51,87.99,89.13,83.45,-4.55,136.0
P82021,THE OAKS FAMILY PRACTICE,TURTON PCN,NORTH WEST,27.44,7057.25,67.36,78.65,11.3,0.06,20.82,82.18,87.56,70.1,-12.08,97.0
B82012,THE LEEDS ROAD PRACTICE,HEART OF HARROGATE PCN,NORTH EAST AND YORKSHIRE,6.32,15249.25,71.36,82.65,11.29,-0.02,12.0,80.22,76.06,89.64,9.42,117.0
D83059,BARRACK LANE MEDICAL CENTRE,BARRACK LANE & IVRY STREET PCN,EAST OF ENGLAND,30.93,21079.75,37.07,48.36,11.29,0.02,7.85,79.76,75.03,82.41,2.65,131.0
A89015,"FULWELL MEDICAL CENTRE,",SUNDERLAND NORTH PCN,NORTH EAST AND YORKSHIRE,13.82,9231.25,71.13,82.43,11.29,0.25,10.8,85.53,94.32,89.43,3.9,112.0
M81063,ST JOHNS HOUSE SURGERY,SOUTH WORCS WORCESTER CITY GP PCN,MIDLANDS,15.99,13586.58,32.6,43.84,11.25,-0.01,8.09,62.43,70.4,67.86,5.43,108.0
F81119,THE PUMP HOUSE SURGERY,COLNE VALLEY PCN,EAST OF ENGLAND,14.37,8313.17,57.49,68.71,11.22,0.14,19.09,72.41,78.43,75.47,3.05,110.0
M91026,DARLASTON FAMILY PRACTICE,WALSALL WEST 1 PCN,MIDLANDS,39.79,5685.08,52.17,63.39,11.21,0.07,23.3,61.48,67.86,65.39,3.91,100.0
Y00996,MERIDIAN PRACTICE,COVENTRY NAVIGATION 1 PCN,MIDLANDS,37.52,4520.83,52.59,63.78,11.2,0.07,8.49,73.27,76.63,87.17,13.9,51.0
P87649,CHAPEL GROUP MEDICAL CENTRE,ECCLES & IRLAM PCN,NORTH WEST,28.91,6335.17,55.62,66.82,11.2,0.06,14.82,73.6,74.82,89.47,15.88,91.0
L85023,ST JAMES MEDICAL CENTRE,TAUNTON CENTRAL PCN,SOUTH WEST,19.63,18009.25,46.72,57.89,11.17,0.01,9.57,73.28,82.54,83.74,10.46,128.0
A83637,VILLAGES MEDICAL GROUP,CHESTER LE STREET PCN,NORTH EAST AND YORKSHIRE,33.98,4178.25,62.25,73.42,11.17,0.1,9.89,79.93,84.63,83.21,3.28,73.0
P84056,PRINCESS ROAD SURGERY,WEST CENTRAL MANCHESTER PCN,NORTH WEST,39.46,4491.08,46.68,57.84,11.16,0.12,24.94,47.65,69.46,70.46,22.81,102.0
N83013,THE HEALTH CENTRE SURGERY,WEST KNOWSLEY PCN,NORTH WEST,29.44,4761.42,64.59,75.76,11.16,0.17,11.99,82.66,80.07,92.89,10.22,120.0
K84052,BICESTER HEALTH CENTRE,BICESTER PCN,SOUTH EAST,11.5,18791.5,51.73,62.86,11.14,-0.06,11.15,86.81,88.41,87.01,0.2,116.0
B87019,STANLEY,BRIGANTES PCN,NORTH EAST AND YORKSHIRE,17.45,7263.0,67.98,79.11,11.13,0.04,5.51,69.61,67.08,64.54,-5.07,94.0
E87663,THIRD FLOOR LANARK ROAD MEDICAL CENTRE,ST JOHN'S WOOD & MAIDA VALE PCN,LONDON,27.28,3368.08,50.44,61.55,11.11,0.18,11.4,82.17,85.42,87.41,5.24,72.0
G81694,SHIP STREET SURGERY,DEAN'S AND CENTRAL BRIGHTON PCN,SOUTH EAST,26.59,2989.17,55.33,66.43,11.1,0.12,10.17,77.9,86.73,90.1,12.2,108.0
P84071,WILBRAHAM SURGERY,WEST CENTRAL MANCHESTER PCN,NORTH WEST,19.39,4824.0,44.21,55.32,11.1,0.04,11.94,76.19,79.52,92.63,16.43,88.0
L85036,QUANTOCK VALE SURGERY,TAUNTON CENTRAL PCN,SOUTH WEST,16.91,5973.25,59.03,70.09,11.05,0.1,13.21,80.28,90.36,87.74,7.45,118.0
L83076,WYCLIFFE SURGERY,DRAKE MEDICAL ALLIANCE PCN,SOUTH WEST,25.16,11318.0,68.01,79.05,11.04,0.1,9.64,74.73,85.71,79.83,5.09,107.0
G82087,NEW HAYESBANK SURGERY,MID KENT PCN,SOUTH EAST,17.95,18083.5,47.86,58.89,11.03,0.06,10.83,67.03,70.74,84.24,17.2,90.0
H81644,FOUNTAIN PRACTICE,EPSOM PCN,SOUTH EAST,8.68,8662.17,40.73,51.75,11.02,0.0,10.23,67.64,73.45,75.64,8.01,103.0
C82084,DR B MODI,Unallocated,MIDLANDS,29.78,3581.83,57.82,68.8,10.97,-0.06,6.03,82.16,79.75,70.28,-11.88,76.0
C84087,RAINWORTH HEALTH CENTRE,SHERWOOD PCN,MIDLANDS,23.1,5865.67,76.03,86.98,10.94,0.03,9.18,73.26,77.82,61.5,-11.77,116.0
P81213,ST. MARY'S HEALTH CENTRE,GREATER PRESTON PCN,NORTH WEST,23.28,17218.83,59.78,70.71,10.94,0.05,17.04,76.56,81.41,79.64,3.08,107.0
H81069,PARK ROAD GROUP PRACTICE,SURREY HEATH PCN,SOUTH EAST,8.84,22412.33,35.52,46.45,10.93,-0.13,13.44,84.56,89.58,78.69,-5.87,106.0
M85023,MILLENNIUM MEDICAL CENTRE,WEOLEY AND RUBERY PCN,MIDLANDS,41.55,9495.17,63.28,74.18,10.9,0.06,16.51,62.65,59.71,69.24,6.59,103.0
P81147,ARG HEALTHCARE,HYNDBURN CENTRAL PCN,NORTH WEST,42.77,5032.17,48.39,59.25,10.86,0.46,4.24,67.24,60.86,71.05,3.81,84.0
C83613,CAISTOR HEALTH CENTRE,EAST LINDSEY PCN,MIDLANDS,18.26,5256.0,70.52,81.37,10.85,0.07,23.03,81.15,90.33,76.04,-5.1,112.0
H81087,ST DAVID'S FAMILY PRACTICE,SASSE NETWORK 3 PCN,SOUTH EAST,25.58,15362.75,61.31,72.15,10.84,0.04,12.13,74.89,74.24,76.69,1.8,108.0
M86020,WOOD END HEALTH CENTRE,SOWE VALLEY PCN,MIDLANDS,46.02,7986.58,52.09,62.92,10.83,0.02,15.56,65.6,70.8,68.52,2.91,101.0
G82105,BETHESDA MEDICAL CENTRE,MARGATE PCN,SOUTH EAST,41.47,19047.42,58.6,69.42,10.82,0.12,9.87,57.28,66.85,69.16,11.88,103.0
C82005,GROBY ROAD MEDICAL CENTRE (ID PATCHETT),G3 PCN,MIDLANDS,30.86,11128.92,61.99,72.79,10.8,0.14,19.98,60.96,65.68,64.32,3.36,120.0
C82021,THE CENTRAL SURGERY,OADBY & WIGSTON PCN,MIDLANDS,11.56,7898.67,58.2,69.01,10.8,0.11,5.4,37.61,47.93,67.07,29.46,89.0
E86011,OXFORD DRIVE MEDICAL CENTRE,CELADINE HEALTH & METROCARE PCN,LONDON,9.47,6152.25,56.04,66.82,10.78,0.05,17.12,96.68,89.14,93.84,-2.84,116.0
C83029,BRANSTON & HEIGHINGTON FAMILY PRACTICE,SOUTH LINCOLN PCN,MIDLANDS,12.56,4919.25,63.81,74.58,10.77,0.05,5.42,62.22,53.13,62.54,0.32,104.0
B82628,HUNMANBY SURGERY,FILEY AND SCARBOROUGH PCN,NORTH EAST AND YORKSHIRE,21.74,4191.0,72.36,83.13,10.77,-0.1,11.05,94.02,85.03,80.06,-13.96,103.0
D81025,CHERRY HINTON MEDICAL CENTRE,CAMBRIDGE CITY 4 PCN,EAST OF ENGLAND,11.01,9639.5,60.08,70.83,10.76,0.0,8.72,57.84,53.14,64.34,6.5,98.0
K84063,COWLEY ROAD MEDICAL PRACTICE,CITY - EAST OXFORD PCN,SOUTH EAST,17.95,12047.25,70.35,81.09,10.74,0.07,8.77,84.2,83.97,72.83,-11.36,105.0
Y02875,LINDLEY HOUSE HEALTH CENTRE,OLDHAM CENTRAL PCN,NORTH WEST,54.35,4889.58,78.91,89.64,10.73,0.95,6.71,78.34,71.74,72.63,-5.71,83.0
F81113,CHAFFORD HUNDRED MEDICAL CENTRE,GRAYS PCN,EAST OF ENGLAND,10.27,14737.08,68.28,78.98,10.71,-0.0,8.48,50.68,57.01,65.55,14.86,132.0
C83013,RUSKINGTON SURGERY,K2 HEALTHCARE SLEAFORD PCN,MIDLANDS,14.81,7959.17,67.01,77.69,10.68,-0.0,7.61,65.13,75.88,67.93,2.8,123.0
L85011,CHEDDAR MEDICAL CENTRE,NORTH SEDGEMOOR PCN,SOUTH WEST,12.09,8260.42,66.18,76.84,10.67,0.07,16.32,72.5,78.86,84.24,11.74,103.0
L85030,ARIEL HEALTHCARE,"CHARD, ILMINSTER & LANGPORT (CLICK) PCN",SOUTH WEST,21.69,19809.08,64.87,75.51,10.64,0.02,14.63,43.72,56.6,68.19,24.47,108.0
P84018,MAULDETH MEDICAL CENTRE,WITHINGTON & FALLOWFIELD PCN,NORTH WEST,26.2,4481.67,63.56,74.15,10.59,0.07,9.52,80.37,73.78,81.25,0.88,113.0
P86011,LONGFORD STREET MEDICAL CENTRE,HEYWOOD PCN,NORTH WEST,33.0,8643.17,41.71,52.3,10.59,0.11,15.06,58.41,80.97,77.17,18.76,123.0
P82033,BRADFORD STREET SURGERY,BOLTON CENTRAL PCN,NORTH WEST,43.47,2047.67,28.61,39.16,10.55,0.1,11.72,92.88,90.63,89.18,-3.7,79.0
G82093,LEN VALLEY PRACTICE,THE RIDGE PCN,SOUTH EAST,19.6,10267.42,54.4,64.92,10.52,0.03,19.06,56.95,58.28,60.4,3.45,101.0
F81150,BALLARDS WALK SURGERY,WEST BASILDON PCN,EAST OF ENGLAND,28.65,12718.42,59.28,69.79,10.51,0.05,3.01,69.25,67.31,79.13,9.87,104.0
P84032,DRS HANIF & BANNURU,CLAYTON BESWICK & OPENSHAW PCN,NORTH WEST,46.79,6094.75,56.06,66.56,10.5,0.01,21.09,62.46,74.46,70.71,8.25,79.0
J82138,WHITEWATER HEALTH,WHITEWATER LODDON PCN,SOUTH EAST,7.85,17962.5,67.77,78.2,10.44,0.12,9.2,58.89,56.12,61.54,2.64,102.0
M87623,ALEXANDRA MEDICAL CENTRE,HALESOWEN PCN,MIDLANDS,24.86,3252.83,78.93,89.38,10.44,-0.01,13.12,78.14,87.8,85.48,7.34,87.0
C82063,EAST LEICESTER MED PRACT(S LONGWORTH),SALUTEM PCN,MIDLANDS,33.49,12624.0,57.22,67.64,10.42,0.06,17.69,58.99,54.68,60.67,1.68,91.0
F86689,THE BAILEY PRACTICE,WALTHAM FOREST 8 PCN,LONDON,22.95,4503.75,23.38,33.8,10.42,0.04,6.63,85.97,78.63,82.82,-3.15,101.0
E85051,GREENFORD AVENUE FHP,GREENWELL PCN,LONDON,30.33,5101.58,61.8,72.21,10.41,0.04,5.07,83.01,92.93,85.73,2.72,132.0
F81746,BLUEBELL SURGERY,NORTH COLCHESTER PCN,EAST OF ENGLAND,16.68,3737.92,66.14,76.55,10.41,0.12,5.99,60.49,81.51,77.44,16.94,100.0
P85612,WERNETH MEDICAL PRACTICE,MILLTOWN ALLIANCE PCN,NORTH WEST,51.29,3948.0,78.33,88.68,10.35,0.02,9.73,42.53,65.71,65.86,23.34,56.0
E85624,"DR UPPAL & PARTN, PARKVIEW CTR FOR H&W",NORTH HAMMERSMITH & FULHAM PCN,LONDON,31.18,7181.5,67.29,77.59,10.31,0.11,5.86,58.61,83.57,75.5,16.89,108.0
L81066,STAFFORD MEDICAL GROUP,PIER HEALTH PCN,SOUTH WEST,18.94,11039.25,53.09,63.4,10.3,-0.02,8.19,57.61,55.82,70.71,13.1,96.0
J82094,TADLEY MEDICAL P'SHIP,RURAL WEST PCN,SOUTH EAST,10.34,19637.25,34.16,44.44,10.28,0.21,12.79,65.79,70.49,86.35,20.56,112.0
P81055,BERRY LANE MEDICAL CENTRE,PRESTON NORTH & EAST PCN,NORTH WEST,11.47,13875.92,71.63,81.91,10.28,0.05,16.82,97.23,93.51,94.93,-2.3,91.0
M91629,BIRCHILLS HEALTH CENTRE,WALSALL NORTH PCN,MIDLANDS,46.9,7075.92,55.52,65.79,10.27,0.11,16.96,80.9,75.12,88.77,7.87,88.0
G85057,ASHDOWN MEDICAL GROUP,SEVENFIELDS PCN,LONDON,26.54,9938.83,47.55,57.8,10.25,0.05,5.11,70.99,69.07,75.92,4.93,133.0
E84062,THE SHAFTESBURY MEDICAL CENTRE,HARROW COLLABORATIVE PCN,LONDON,20.36,5455.08,66.52,76.76,10.25,0.26,13.36,74.21,76.32,83.37,9.16,102.0
N82077,BOUSFIELD SURGERY - DR SHAH,NORTH LIVERPOOL PCN,NORTH WEST,53.45,2708.17,51.11,61.36,10.24,0.09,2.11,62.38,83.86,84.43,22.05,82.0
Y02606,FAIRMORE MEDICAL PRACTICE,ROSSENDALE WEST PCN,NORTH WEST,40.02,6040.33,70.31,80.52,10.21,0.01,5.71,62.34,62.68,74.0,11.66,114.0
N82099,MERE LANE GROUP PRACTICE,ANFIELD & EVERTON PCN,NORTH WEST,60.81,8417.08,47.77,57.97,10.2,0.04,15.14,68.81,75.2,59.6,-9.21,74.0
Y01221,SOMERSET FHP O,NORTH SOUTHALL PCN,LONDON,27.76,3381.83,69.13,79.31,10.18,0.21,3.15,57.92,80.34,65.66,7.74,103.0
F84749,CARPENTERS PRACTICE,NEWHAM CENTRAL PCN,LONDON,28.55,24847.83,41.52,51.68,10.16,-0.02,10.21,58.76,47.08,58.38,-0.38,78.0
B86009,MANSTON SURGERY,Unallocated,NORTH EAST AND YORKSHIRE,17.88,8216.0,67.86,78.0,10.14,-0.09,11.64,71.88,64.44,47.19,-24.69,103.0
J83057,NORTH SWINDON PRACTICE,BRUNEL HEALTH GROUP PCN3,SOUTH WEST,14.84,20122.08,67.14,77.28,10.14,0.11,12.02,76.52,76.2,69.4,-7.12,101.0
J83603,JUBILEE FIELD SURGERY,CALNE PCN,SOUTH WEST,12.58,4885.67,73.85,83.99,10.14,0.11,8.46,93.38,97.31,96.43,3.06,109.0
F82008,MAYLANDS HEALTHCARE,HAVERING LIBERTY PCN,LONDON,12.21,13217.0,54.75,64.88,10.13,-0.03,12.97,61.8,64.1,70.94,9.14,95.0
K82053,PRIORY SURGERY,CYGNET PCN,SOUTH EAST,16.85,11819.58,48.33,58.45,10.12,0.19,10.01,53.1,58.15,56.92,3.82,94.0
P81035,COLNE ROAD SURGERY,BURNLEY EAST PCN,NORTH WEST,49.28,8259.08,66.92,77.02,10.1,0.13,2.42,58.16,50.76,70.16,11.99,93.0
F84733,HEALTH E1,TOWER HAMLETS NETWORK 2 PCN,LONDON,35.89,1088.5,61.53,71.62,10.09,-0.15,27.14,84.87,81.18,82.17,-2.71,78.0
B85612,LIVERSEDGE MEDICAL CENTRE,SPEN HEALTH & WELLBEING PCN,NORTH EAST AND YORKSHIRE,28.05,4378.25,86.53,96.6,10.07,0.14,7.19,86.24,88.61,80.14,-6.1,105.0
J82129,NEW FOREST MEDICAL GROUP,NEW FOREST PCN,SOUTH EAST,8.25,7563.42,78.96,89.01,10.06,0.06,10.03,82.65,74.87,72.66,-10.0,108.0
G84018,CORNERWAYS SURGERY,BECKENHAM PCN,LONDON,6.7,7799.92,57.57,67.63,10.06,0.0,5.47,62.88,67.12,83.26,20.38,109.0
L84022,YORKLEIGH SURGERY(CT),CHELTENHAM CENTRAL PCN,SOUTH WEST,15.74,8028.83,54.11,64.16,10.05,0.0,14.35,64.23,76.63,78.01,13.78,121.0
N82097,THE GREY ROAD SURGERY,NORTH LIVERPOOL PCN,NORTH WEST,54.02,8792.75,36.76,46.8,10.04,0.02,10.61,66.99,69.25,64.82,-2.17,91.0
N82087,GILLMOSS MEDICAL CENTRE,NORTH LIVERPOOL PCN,NORTH WEST,47.69,2340.08,43.67,53.71,10.04,0.02,11.56,81.62,83.87,88.86,7.24,113.0
F84062,THE CHRISP STREET HTH CTR,TOWER HAMLETS NETWORK 7 PCN,LONDON,38.66,14706.92,53.72,63.76,10.03,0.03,12.13,64.17,64.2,69.18,5.01,106.0
M83718,PEEL CROFT,EAST STAFFORDSHIRE PCN,MIDLANDS,31.81,4076.5,42.31,52.32,10.01,0.04,18.25,91.92,81.53,85.23,-6.68,93.0
F84031,THE JUBILEE STREET PRACTICE LTD,TOWER NETWORK PCN,LONDON,38.08,15710.58,34.98,44.99,10.01,0.03,15.02,59.15,72.03,70.63,11.49,89.0
G82696,THE NEW GOLF ROAD SURGERY,DEAL & SANDWICH PCN,SOUTH EAST,21.25,2531.83,77.12,87.14,10.01,0.02,9.74,97.74,95.42,90.07,-7.67,134.0
P81726,KING STREET MEDICAL CTR,HYNDBURN RURAL PCN,NORTH WEST,42.9,1742.67,74.54,84.52,9.98,0.14,11.48,72.91,64.23,65.51,-7.4,104.0
K83010,ELEANOR CROSS HEALTHCARE,THE ARC HUB PCN,MIDLANDS,17.59,19545.25,69.38,79.34,9.96,0.04,14.11,59.05,54.96,57.51,-1.54,94.0
H82025,WOODLANDS&CLERKLANDS PARTNERSHIP,HEALTHY CRAWLEY PCN,SOUTH EAST,17.34,16714.75,51.86,61.79,9.93,-0.01,13.85,83.53,72.06,85.11,1.59,95.0
A84013,THE GABLES MEDICAL GROUP,WANSBECK PCN,NORTH EAST AND YORKSHIRE,31.5,6319.25,80.91,90.84,9.93,0.11,14.03,82.99,89.04,77.22,-5.77,114.0
F81133,TIPTREE MEDICAL CENTRE,Unallocated,EAST OF ENGLAND,13.79,12021.42,67.2,77.12,9.92,0.1,8.49,57.17,73.28,80.92,23.75,118.0
D83610,SWAN SURGERY,BURY ST EDMUNDS PCN,EAST OF ENGLAND,15.76,12822.17,71.94,81.85,9.91,0.39,14.13,87.77,77.37,79.01,-8.76,116.0
Y00902,THE WESTBOURNE GREEN SURGERY,REGENT HEALTH PCN,LONDON,37.77,3453.0,62.97,72.89,9.91,0.22,11.58,64.76,67.95,83.98,19.22,90.0
H83608,YOUR FAMILY PRACTICE,PRIMARY CARE NORTH CROYDON PCN,LONDON,28.57,11210.83,62.88,72.79,9.91,0.19,3.81,75.13,67.26,70.33,-4.8,90.0
F83658,BELSIZE PRIORY MEDICAL PRACTICE (GROUP),CENTRAL HAMPSTEAD PCN,LONDON,27.14,5765.5,61.56,71.47,9.9,-0.04,8.09,78.79,72.41,79.33,0.54,98.0
B86089,NOVA SCOTIA MEDICAL CNTR,LS25/LS26 PCN,NORTH EAST AND YORKSHIRE,19.98,5949.83,72.08,81.95,9.88,0.08,7.93,66.44,90.38,80.41,13.97,108.0
F81197,SANCTA MARIA MEDICAL CENTRE,ASOP PCN,EAST OF ENGLAND,25.43,2620.0,81.25,91.13,9.88,0.23,10.18,67.13,66.6,70.85,3.72,105.0
G82809,DOWNS WAY MEDICAL PRACTICE,GARDEN CITY PCN,SOUTH EAST,10.24,16187.42,45.59,55.42,9.83,-0.14,16.37,61.99,69.29,69.12,7.13,111.0
N82089,PICTON GREEN,THE PICTON PCN,NORTH WEST,52.09,3838.0,50.07,59.9,9.82,0.1,12.78,80.33,79.33,73.63,-6.7,95.0
J82067,VOYAGER FAMILY HEALTH,FARNBOROUGH PCN,SOUTH EAST,11.08,19577.67,53.25,63.07,9.82,-0.03,11.74,79.6,77.91,76.29,-3.31,112.0
G84630,CRESCENT SURGERY,THE CRAYS COLLABORATIVE PCN,LONDON,21.84,3029.17,55.95,65.76,9.81,0.1,3.17,57.39,71.38,55.09,-2.31,113.0
C84704,JRB HEALTHCARE BEECHDALE SURGERY,RALEIGH HEALTHCARE PCN,MIDLANDS,34.64,7590.25,60.73,70.48,9.75,0.04,5.45,85.97,78.47,79.18,-6.79,98.0
F84083,BETHNAL GREEN HEALTH CTR.,TOWER HAMLETS NETWORK 1 PCN,LONDON,34.7,9550.92,47.33,57.05,9.72,0.05,14.31,63.73,72.89,70.08,6.35,92.0
P82001,THE DUNSTAN PARTNERSHIP,BREIGHTMET & LITTLE LEVER PCN,NORTH WEST,37.8,10310.0,42.73,52.44,9.71,-0.03,8.82,71.7,83.73,82.89,11.19,116.0
D83050,CARDINAL MEDICAL PRACTICE,WOLSEY PCN,EAST OF ENGLAND,24.38,28713.08,68.97,78.67,9.7,0.07,7.42,57.08,61.88,66.27,9.19,93.0
N83049,KENNETH MACRAE MED CENTRE,ST HELENS NORTH PCN,NORTH WEST,12.63,4188.83,57.27,66.94,9.67,0.02,13.75,97.84,100.0,97.75,-0.1,114.0
F81169,KINGS MEDICAL CENTRE,LOUGHTON BUCKHURST HILL & CHIGWELL PCN,EAST OF ENGLAND,7.03,7948.08,80.94,90.6,9.67,0.03,26.1,79.79,82.47,89.25,9.46,119.0
F83023,JAMES WIGG PRACTICE,KENTISH TOWN SOUTH PCN,LONDON,27.58,22746.75,37.65,47.31,9.66,0.04,15.48,60.54,62.01,60.96,0.43,93.0
E87738,KNIGHTSBRIDGE MEDICAL CENTRE,BROMPTON HEALTH PCN,LONDON,13.54,15376.5,60.92,70.56,9.63,0.24,5.31,71.78,79.59,84.2,12.41,112.0
D83011,BRIDGE ROAD SURGERY,LOWESTOFT PCN,EAST OF ENGLAND,21.56,12224.92,69.12,78.75,9.63,0.01,12.32,66.93,69.34,66.91,-0.02,104.0
J82099,RICHMOND SURGERY,FLEET PCN,SOUTH EAST,4.77,15128.33,41.96,51.56,9.6,0.04,7.61,89.9,77.71,78.44,-11.46,104.0
C84621,WEST BRIDGFORD MEDICAL CENTRE,RUSHCLIFFE PCN,MIDLANDS,8.29,5058.83,62.0,71.54,9.53,0.1,9.8,77.31,82.46,85.29,7.98,103.0
L85029,VINE SURGERY PARTNERSHIP,WEST MENDIP PCN,SOUTH WEST,15.64,13174.92,61.63,71.16,9.53,0.04,10.34,81.19,76.09,79.75,-1.44,98.0
N82052,TOWNSEND MEDICAL CENTRE,ANFIELD & EVERTON PCN,NORTH WEST,50.01,6047.92,56.3,65.82,9.52,0.12,8.38,68.02,81.13,70.98,2.96,115.0
F84080,FOUNTAYNE ROAD MEDICAL PRACTICE,HACKNEY DOWNS PCN,LONDON,37.12,8099.42,56.05,65.57,9.51,0.07,7.61,75.71,76.85,59.59,-16.12,110.0
Y02974,AT MEDICS,RIVERVIEW HEALTH PCN,LONDON,26.16,12859.25,58.84,68.35,9.51,0.11,3.81,70.21,77.01,80.13,9.92,86.0
J82112,NEW HORIZONS MEDICAL PARTNERSHIP,TOTTON PCN,SOUTH EAST,13.49,23642.17,54.9,64.39,9.5,0.07,12.43,56.78,66.7,60.26,3.47,104.0
Y02669,CASTLE HEALTH CENTRE,SCARBOROUGH CORE PCN,NORTH EAST AND YORKSHIRE,45.33,4900.0,58.8,68.3,9.5,-0.05,10.07,71.77,74.14,75.29,3.52,100.0
L85026,"HAMDON MEDICAL CENTRE, STOKE-SUB-HAMDON",SOUTH SOMERSET WEST PCN,SOUTH WEST,19.03,6080.83,45.17,54.65,9.48,0.06,3.42,69.89,57.77,61.0,-8.89,104.0
G82665,MARTELLO HEALTH CENTRE,THE MARSH PCN,SOUTH EAST,28.9,5424.75,51.3,60.78,9.48,0.03,5.76,65.96,71.98,73.78,7.82,110.0
M85145,THE SLIEVE SURGERY,PEOPLE'S HEALTH PARTNERSHIP PCN,MIDLANDS,30.61,9364.0,75.08,84.53,9.45,0.03,10.34,59.29,69.44,76.77,17.48,99.0
B81054,CLIFTON HOUSE MEDICAL CENTRE,ACCLAIM NHS PCN,NORTH EAST AND YORKSHIRE,39.99,7903.83,67.05,76.48,9.43,0.07,10.15,73.03,68.76,87.01,13.98,105.0
E82050,GROVE HILL MEDICAL CENTRE,ALLIANCE PCN,EAST OF ENGLAND,23.39,5150.42,76.05,85.45,9.4,0.02,6.32,73.03,86.34,85.93,12.9,93.0
C81118,DERBY FAMILY MEDICAL CENTRE,GREATER DERBY PCN,MIDLANDS,43.15,8404.17,55.54,64.92,9.38,0.1,7.81,62.23,62.65,67.79,5.56,87.0
E87067,COLVILLE HEALTH CENTRE,NEOHEALTH PCN,LONDON,29.57,10795.25,73.61,82.98,9.37,0.12,9.24,83.98,80.7,90.72,6.74,93.0
N82641,SANDRINGHAM MEDICAL CENTRE,LIVERPOOL FIRST PCN,NORTH WEST,34.77,5695.92,58.1,67.46,9.36,0.14,1.0,65.41,68.09,81.48,16.07,107.0
N82646,DR JUDE'S PRACTICE - RIVERSIDE,LIVERPOOL FIRST PCN,NORTH WEST,48.93,9402.67,54.84,64.19,9.35,0.09,2.47,64.68,62.66,64.77,0.09,94.0
E85024,CARLTON SURGERY,FELTHAM AND BEDFONT PCN,LONDON,26.36,5209.17,72.8,82.13,9.34,0.21,7.78,76.05,81.41,77.24,1.19,105.0
M83698,SOUTHFIELD WAY SURGERY,CANNOCK VILLAGES PCN,MIDLANDS,16.19,3248.92,57.83,67.16,9.32,0.17,4.1,71.29,69.48,92.45,21.16,97.0
G83015,ELTHAM PALACE PMS,ELTHAM PCN,LONDON,24.83,7881.75,59.0,68.32,9.32,-0.08,4.06,45.47,68.84,68.56,23.1,106.0
C82028,MARKFIELD MEDICAL CENTRE,NORTH WEST LEICESTERSHIRE PCN,MIDLANDS,12.62,7211.0,74.15,83.46,9.32,0.09,10.43,80.5,94.28,94.95,14.45,99.0
P84019,VALENTINE MEDICAL CENTRE,H-BLACKLEY HARPURHEY & CHARLESTOWN PCN,NORTH WEST,48.68,10830.08,74.97,84.29,9.32,0.09,13.55,70.25,78.74,84.3,14.05,98.0
M83016,HIGH STREET SURGERY,CANNOCK VILLAGES PCN,MIDLANDS,13.81,7300.92,66.06,75.36,9.3,0.13,4.82,75.97,88.19,85.91,9.94,113.0
E87722,LANCASTER GATE MEDICAL CENTRE,WEST-HILL HEALTH PCN,LONDON,19.9,6805.83,69.06,78.34,9.28,0.09,8.5,73.29,80.57,84.87,11.58,106.0
M88016,OLD HILL MEDICAL CENTRE,SWB CITRUS PCN,MIDLANDS,33.27,3235.75,59.23,68.49,9.27,0.04,8.9,81.42,81.7,70.62,-10.8,86.0
G82165,HAWKINGE AND ELHAM,FOLKESTONE HYTHE & RURAL PCN,SOUTH EAST,17.29,10104.67,59.59,68.83,9.24,0.0,13.34,62.78,67.71,73.98,11.2,97.0
C84658,MEDEN MEDICAL SERVICES,MANSFIELD NORTH PCN,MIDLANDS,34.12,10195.42,78.84,88.04,9.2,0.08,4.55,74.06,60.76,59.46,-14.6,107.0
B83627,FRIZINGHALL MEDICAL CENTRE,BRADFORD CITY 6 PCN,NORTH EAST AND YORKSHIRE,41.49,3679.25,86.45,95.64,9.19,0.09,6.11,67.43,70.46,78.52,11.09,95.0
E82055,MIDWAY SURGERY,ALBAN HEALTHCARE PCN,EAST OF ENGLAND,7.65,13608.33,54.07,63.26,9.19,-0.01,12.35,84.52,87.53,79.41,-5.12,129.0
F81216,THE RIVER SURGERY,LOUGHTON BUCKHURST HILL & CHIGWELL PCN,EAST OF ENGLAND,10.83,4527.58,62.95,72.14,9.18,0.05,22.09,83.07,89.06,88.89,5.82,97.0
C82047,MAPLES FAMILY MED.PRACT.,HINCKLEY CENTRAL PCN,MIDLANDS,14.09,10693.75,64.46,73.63,9.17,0.15,6.88,71.04,81.1,86.2,15.16,94.0
M81012,LEDBURY HEALTH PARTNERSHIP,EAST HEREFORDSHIRE PCN,MIDLANDS,16.25,13525.33,59.54,68.67,9.13,-0.01,14.33,67.14,67.72,62.32,-4.82,111.0
F83064,CITY ROAD MEDICAL CENTRE,SOUTH ISLINGTON PCN,LONDON,24.47,9300.33,27.89,36.99,9.11,0.03,14.62,76.93,79.27,65.55,-11.38,93.0
C83053,COLSTERWORTH SURGERY,GRANTHAM AND RURAL PCN,MIDLANDS,19.8,2447.17,53.34,62.45,9.1,0.03,11.77,76.64,84.68,87.26,10.62,124.0
F82003,FIRST AVENUE SURGERY,BARKING & DAGENHAM EAST ONE PCN,LONDON,27.31,5599.42,58.79,67.87,9.08,0.14,6.37,53.5,59.38,84.49,30.99,108.0
E82022,FERNVILLE SURGERY,DACORUM BETA PCN,EAST OF ENGLAND,18.71,17880.75,66.81,75.89,9.08,-0.03,11.9,81.91,84.06,87.36,5.45,113.0
G82007,CHURCH LANE HEALTH CENTRE,THE MARSH PCN,SOUTH EAST,27.27,6416.25,49.08,58.16,9.08,0.06,5.78,59.11,53.92,55.03,-4.08,119.0
E83027,THE PRACTICE AT 188,BARNET 6 PCN,LONDON,24.79,9474.58,57.39,66.45,9.06,0.22,14.36,60.06,60.92,77.7,17.64,100.0
K81616,KUMAR MEDICAL CENTRE,SPINE PCN,SOUTH EAST,22.13,5598.58,55.32,64.37,9.06,-0.0,5.81,71.76,74.65,72.47,0.71,91.0
H83020,EVERSLEY MEDICAL CENTRE,MAYDAY SOUTH PCN,LONDON,32.93,10347.17,41.71,50.72,9.01,0.02,14.33,83.94,82.4,79.52,-4.43,93.0
B86029,WESTGATE SURGERY,OTLEY PCN,NORTH EAST AND YORKSHIRE,11.77,5724.75,46.04,55.04,9.0,0.21,21.01,80.69,84.35,86.88,6.18,137.0
B87013,OUTWOOD PARK MEDICAL CENTRE,BRIGANTES PCN,NORTH EAST AND YORKSHIRE,14.46,14239.42,87.78,96.75,8.97,0.05,11.76,80.12,85.78,89.49,9.37,104.0
E85746,GROVE PARK TERRACE SURGERY,CHISWICK PCN,LONDON,16.7,3964.67,61.22,70.17,8.95,0.09,18.7,56.14,75.33,76.6,20.46,108.0
B87008,LUPSET HEALTH CENTRE,WEST WAKEFIELD PCN,NORTH EAST AND YORKSHIRE,32.95,13586.75,61.13,70.05,8.92,0.18,20.25,62.78,83.16,76.99,14.21,96.0
B86014,ROBIN LANE HEALTH AND WELLBEING CENTRE,WEST LEEDS PCN,NORTH EAST AND YORKSHIRE,18.32,13442.0,74.49,83.4,8.91,0.07,10.75,77.3,77.45,69.57,-7.73,102.0
H84010,CANBURY MEDICAL CENTRE,CANBURY CHURCHILL ORCHARD BERRYLANDS PCN,LONDON,11.29,9159.83,57.3,66.2,8.9,0.04,21.42,89.14,77.9,86.86,-2.28,85.0
E83006,GREENFIELD MEDICAL CENTRE,BARNET 5 PCN,LONDON,27.56,7126.83,62.35,71.25,8.9,0.23,19.53,70.19,64.77,73.55,3.37,112.0
K83048,BROOK MEDICAL CENTRE,BLUE PCN,MIDLANDS,28.77,6180.67,72.2,81.1,8.9,0.11,0.0,44.75,46.12,54.06,9.32,104.0
H82070,GLEBE SURGERY,CHANCTONBURY PCN,SOUTH EAST,10.54,13285.92,77.77,86.66,8.89,0.1,8.12,84.48,80.76,91.56,7.07,118.0
F81713,BENFLEET SURGERY,BENFLEET PCN,EAST OF ENGLAND,11.22,2704.42,65.77,74.66,8.88,0.05,11.54,82.66,90.49,90.2,7.53,95.0
M81604,FOWNHOPE MEDICAL CENTRE,SOUTH & WEST HEREFORDSHIRE PCN,MIDLANDS,16.36,6767.5,62.21,71.08,8.87,0.19,18.72,93.19,94.03,78.89,-14.3,117.0
P81046,PARK VIEW SURGERY,GREATER PRESTON PCN,NORTH WEST,36.95,6622.33,66.62,75.46,8.84,0.08,15.14,75.05,91.82,74.5,-0.55,99.0
J81066,STOUR SURGERY,CHRISTCHURCH PCN,SOUTH WEST,13.86,10563.25,52.75,61.56,8.81,0.14,8.91,97.53,93.72,92.97,-4.56,99.0
M85739,PAK HEALTH CENTRE,WASHWOOD HEATH PCN,MIDLANDS,54.66,5489.17,74.21,83.02,8.8,0.12,6.71,70.49,65.64,79.04,8.55,64.0
E83026,SUPREME MEDICAL CENTRE,BARNET 6 PCN,LONDON,15.91,4183.08,48.95,57.75,8.8,0.21,7.01,73.09,70.18,71.57,-1.51,109.0
G82022,SPELDHURST & GREGGSWOOD MEDICAL GROUP,TUNBRIDGE WELLS PCN,SOUTH EAST,15.63,9511.92,69.18,77.97,8.79,0.04,11.69,84.24,90.69,68.63,-15.62,116.0
E82081,CUFFLEY AND GOFFS OAK MEDICAL PRACTICE,BROXBOURNE ALLIANCE PCN,EAST OF ENGLAND,8.48,13352.42,62.68,71.46,8.78,0.05,9.31,71.31,73.45,70.87,-0.44,128.0
P92602,FOXLEIGH FAMILY SURGERY,LEIGH PCN,NORTH WEST,31.58,2505.58,52.25,61.0,8.75,0.05,7.66,74.65,84.6,85.11,10.46,105.0
N82101,KIRKDALE MEDICAL CENTRE,NORTH LIVERPOOL PCN,NORTH WEST,59.07,2715.08,43.29,52.03,8.74,0.05,0.0,62.25,57.99,67.82,5.57,97.0
M84621,QUEENS ROAD SURGERY,NUNEATON & BEDWORTH PCN,MIDLANDS,30.48,2751.67,55.31,64.05,8.74,0.1,11.71,79.92,78.95,81.75,1.83,104.0
E85090,HAMMOND ROAD SURGERY,SOUTH SOUTHALL PCN,LONDON,33.54,5654.5,82.39,91.13,8.74,0.16,2.74,71.51,62.83,86.05,14.54,81.0
C87029,MARKET SURGERY,HEALTH VILLAGE/DEARNE VALLEY PCN,NORTH EAST AND YORKSHIRE,28.64,12342.08,67.73,76.44,8.71,0.07,15.99,88.61,83.9,78.77,-9.84,95.0
L83021,DEAN CROSS SURGERY,MEWSTONE PCN,SOUTH WEST,10.32,10096.5,53.38,62.06,8.67,0.09,9.9,84.95,81.3,83.44,-1.5,114.0
C81017,ARTHUR MEDICAL CENTRE,BELPER PCN,MIDLANDS,12.79,9111.58,58.32,66.99,8.67,0.09,15.41,63.86,66.13,73.69,9.83,122.0
J82157,WILSON PRACTICE,A31 GROUP PCN,SOUTH EAST,11.61,17227.5,50.77,59.44,8.67,0.02,14.22,75.47,73.99,86.56,11.1,123.0
D82628,ALDBOROUGH SURGERY,NORTH NORFOLK 2 PCN,EAST OF ENGLAND,18.48,3933.25,73.19,81.85,8.66,0.03,16.14,96.09,94.21,95.2,-0.89,110.0
E82133,HIGH STREET SURGERY,LEA VALLEY HEALTH PCN,EAST OF ENGLAND,20.8,8473.58,65.19,73.81,8.62,0.03,5.48,63.63,67.57,81.26,17.63,124.0
P81033,COPPULL MEDICAL PRACTICE,CHORLEY CENTRAL PCN,NORTH WEST,18.82,7984.17,67.54,76.16,8.62,0.12,9.65,80.26,80.74,79.81,-0.45,106.0
Y04965,ALLIANCE TEACHING PRACTICES,SKYWARD PCN,MIDLANDS,34.44,23114.25,48.86,57.45,8.6,0.04,7.48,74.85,62.35,60.66,-14.19,130.0
M85021,MOSELEY MEDICAL CENTRE,PERSHORE PCN,MIDLANDS,34.59,4358.92,61.43,69.93,8.5,0.23,6.48,77.36,81.55,83.33,5.97,92.0
C87003,WOODSTOCK BOWER GROUP PRACTICE,ROTHERHAM CENTRAL NORTH PCN,NORTH EAST AND YORKSHIRE,49.06,11506.92,64.49,72.98,8.49,0.2,9.64,71.7,80.4,79.22,7.52,90.0
N81081,GARDEN LANE MEDICAL CTR.,CHESTER CENTRAL PCN,NORTH WEST,16.51,9753.83,71.84,80.33,8.49,0.11,10.5,61.9,70.1,71.62,9.72,113.0
F84030,RUSTON STREET CLINIC,TOWER HAMLETS NETWORK 5 PCN,LONDON,29.8,3839.67,61.9,70.38,8.48,0.21,9.86,58.04,68.28,64.47,6.43,91.0
C86034,THE NEW SURGERY,DONCASTER SOUTH PCN,NORTH EAST AND YORKSHIRE,35.65,7601.42,56.3,64.76,8.46,-0.01,8.37,66.77,74.65,65.9,-0.86,111.0
G81096,SEDLESCOMBE HOUSE,HASTINGS & ST LEONARDS PCN,SOUTH EAST,32.48,2819.58,78.27,86.7,8.43,0.26,11.92,76.27,77.77,84.23,7.96,106.0
N83023,ATLAS MEDICAL PRACTICE,ST HELENS SOUTH PCN,NORTH WEST,42.84,11837.42,42.09,50.53,8.43,0.11,9.57,57.74,82.75,64.93,7.19,120.0
J81010,SWANAGE MEDICAL PRACTICE,PURBECK PCN,SOUTH WEST,17.45,10726.83,62.97,71.38,8.41,0.06,12.84,88.72,91.64,79.47,-9.25,109.0
P82030,DEANE MEDICAL CENTRE,BOLTON CENTRAL PCN,NORTH WEST,44.24,3986.0,63.44,71.85,8.4,0.15,3.75,71.81,76.87,78.53,6.73,81.0
P84033,BEACON MEDICAL CENTRE,H-BLACKLEY HARPURHEY & CHARLESTOWN PCN,NORTH WEST,45.57,4421.67,49.16,57.54,8.38,0.1,5.67,68.01,71.09,87.36,19.36,105.0
A89017,MILLFIELD MEDICAL GROUP,SUNDERLAND WEST 1 PCN,NORTH EAST AND YORKSHIRE,38.12,14641.08,65.78,74.15,8.38,-0.01,9.33,87.63,83.51,81.57,-6.06,106.0
P81709,ROMAN ROAD HEALTH CENTRE,BLACKBURN EAST PCN,NORTH WEST,46.08,5754.33,47.73,56.11,8.38,0.14,16.87,82.27,88.45,84.01,1.74,101.0
C82060,THE PRACTICE-SAYEED,WILLOWS HEALTH PCN,MIDLANDS,36.5,4218.08,74.06,82.41,8.35,0.06,9.1,66.58,49.7,73.34,6.77,70.0
K84624,OAK TREE HEALTH CENTRE,DIDCOT PCN,SOUTH EAST,7.25,10671.92,43.18,51.53,8.35,0.01,7.2,71.42,65.86,65.96,-5.47,120.0
L85064,OAKLANDS SURGERY,YEOVIL PCN,SOUTH WEST,22.05,11193.25,51.71,60.03,8.33,-0.02,9.76,48.09,59.65,48.52,0.43,101.0
K83041,ST LUKES PRIMARY CARE CENTRE,THE ARC HUB PCN,MIDLANDS,15.6,23439.75,43.67,52.0,8.33,0.01,5.05,53.81,55.71,38.0,-15.81,107.0
F86624,THE HEATHCOTE PRIMARY CARE CENTRE,FAIRLOP PCN,LONDON,12.27,3349.33,45.72,54.03,8.3,0.07,10.35,78.16,87.93,89.83,11.67,99.0
E81022,LARKSFIELD AND ARLESEY MEDICAL PRACTICE,IVEL VALLEY SOUTH PCN,EAST OF ENGLAND,11.93,19648.67,63.06,71.37,8.3,0.22,3.64,33.5,43.75,66.87,33.38,99.0
G81002,GROVE ROAD SURGERY,VICTORIA EASTBOURNE PCN,SOUTH EAST,24.91,6219.33,64.36,72.66,8.29,0.03,7.29,78.65,79.65,74.96,-3.69,98.0
L81033,NIGHTINGALE VALLEY PRACTICE,CONNEXUS PCN,SOUTH WEST,18.31,14936.25,59.08,67.37,8.29,0.06,13.54,67.82,64.05,78.04,10.22,107.0
F86086,DR DHITAL PRACTICE,WALTHAM FOREST WALTHAMSTOW CENTRAL PCN,LONDON,27.16,6212.08,75.33,83.61,8.28,0.02,6.61,63.32,64.03,77.21,13.89,77.0
F81136,THE LOUGHTON SURGERY,LOUGHTON BUCKHURST HILL & CHIGWELL PCN,EAST OF ENGLAND,12.6,14261.33,72.11,80.37,8.26,0.09,10.7,66.55,68.49,69.3,2.75,91.0
D81010,PRIORY FIELDS SURGERY,HUNTINGDON PCN,EAST OF ENGLAND,15.28,11577.67,70.75,79.02,8.26,0.14,18.38,65.03,76.63,82.54,17.51,94.0
D81027,WELLSIDE SURGERY,A1 NETWORK PCN,EAST OF ENGLAND,11.29,7937.17,72.27,80.51,8.24,0.14,11.05,79.34,74.4,73.17,-6.17,130.0
A88016,COLLIERY COURT MEDICAL GROUP,SOUTH TYNESIDE SOUTH PCN,NORTH EAST AND YORKSHIRE,19.66,8266.83,76.18,84.43,8.24,0.05,11.51,71.26,88.68,91.18,19.92,118.0
J82025,CHARLTON HILL SURGERY,ANDOVER PCN,SOUTH EAST,13.07,15276.67,64.12,72.33,8.21,0.06,13.55,85.86,90.25,87.56,1.71,114.0
N82113,FAIRFIELD MEDICAL CENTRE,NORTH LIVERPOOL PCN,NORTH WEST,54.42,8564.83,40.22,48.41,8.19,-0.0,2.63,63.1,77.91,70.45,7.35,99.0
E85088,ELMBANK SURGERY,GREENWELL PCN,LONDON,31.89,6341.5,74.53,82.69,8.16,0.13,4.88,78.48,76.85,82.65,4.18,87.0
H82033,GOSSOPS GREEN MEDICAL CTR,SOUTH CRAWLEY PCN,SOUTH EAST,22.28,7409.17,62.18,70.34,8.16,0.08,7.8,68.57,75.47,74.6,6.03,101.0
E85725,THE GROVE MEDICAL PRACTICE,NGP PCN,LONDON,26.24,7392.83,64.48,72.63,8.15,0.03,13.64,87.89,84.33,88.94,1.05,109.0
Y00351,LANGLEY CORNER SURGERY,CRAWLEY CARE COLLABORATIVE PCN,SOUTH EAST,20.36,12243.5,50.16,58.3,8.14,0.07,13.16,60.46,69.57,78.82,18.36,102.0
H81068,BROCKWOOD MEDICAL PRACTICE,DORKING PCN,SOUTH EAST,12.36,12189.92,87.2,95.34,8.14,0.09,16.12,84.18,92.09,94.44,10.25,107.0
J83625,LODGE SURGERY,"CHIPPENHAM, CORSHAM & BOX PCN",SOUTH WEST,9.32,8366.17,54.59,62.72,8.13,-0.02,13.97,87.13,87.73,87.09,-0.03,136.0
H83024,WOODCOTE MEDICAL,SELSDON PURLEY & COULSDON HEALTH PCN,LONDON,10.59,17864.42,44.85,52.97,8.12,0.06,13.29,60.59,63.24,62.08,1.49,111.0
P84021,THE MAPLES MEDICAL CENTRE,WYTHENSHAWE PCN,NORTH WEST,37.5,9329.17,51.07,59.17,8.11,-0.02,19.25,78.14,83.94,85.85,7.71,102.0
A83036,CHASTLETON MEDICAL GROUP,DURHAM WEST PCN,NORTH EAST AND YORKSHIRE,8.81,10507.75,73.48,81.58,8.1,0.08,14.37,76.5,78.63,83.71,7.21,106.0
G85119,STERNHALL LANE SURGERY,SOUTH SOUTHWARK PCN,LONDON,25.55,6017.33,43.24,51.34,8.1,0.13,8.26,79.51,82.14,79.07,-0.43,111.0
M81039,WHITEACRES MEDICAL CENTRE,SOUTH WORCESTERSHIRE MALVERN TOWN PCN,MIDLANDS,15.87,11875.92,60.05,68.12,8.08,0.04,20.25,89.25,81.59,91.05,1.8,121.0
P81755,THE WEAVERS PRACTICE,HYNDBURN RURAL PCN,NORTH WEST,30.72,8911.58,85.06,93.13,8.07,-0.02,12.72,80.89,78.84,58.51,-22.38,113.0
G83052,BELVEDERE MEDICAL CENTRE,NORTH BEXLEY PCN,LONDON,19.55,18021.83,66.26,74.33,8.07,0.02,8.88,60.43,74.22,70.67,10.25,96.0
M85110,SALTLEY AND FERNBANK MEDICAL PRACTICE,"NECHELLS, SALTLEY & ALUM ROCK PCN",MIDLANDS,53.08,10527.92,86.54,94.58,8.04,0.28,3.14,32.77,36.11,61.39,28.61,78.0
C81029,STAFFA HEALTH,SOUTH HARDWICK PCN,MIDLANDS,23.64,17236.25,66.96,74.99,8.04,0.01,13.61,78.39,73.54,75.71,-2.68,121.0
L81644,RUSH HILL SURGERY,MINERVA HEALTH GROUP PCN,SOUTH WEST,12.41,9195.25,66.4,74.43,8.03,0.13,8.86,84.68,70.0,70.2,-14.48,100.0
B86008,ALWOODLEY MEDICAL CENTRE,CENTRAL NORTH LEEDS PCN,NORTH EAST AND YORKSHIRE,13.65,19384.17,69.21,77.21,8.0,0.05,15.2,63.5,75.57,69.58,6.08,89.0
B85026,KIRKBURTON HEALTH CENTRE,THE MAST PCN,NORTH EAST AND YORKSHIRE,9.46,8027.0,88.56,96.57,8.0,0.16,23.49,68.37,78.75,75.31,6.94,118.0
C82628,GROBY SURGERY,G3 PCN,MIDLANDS,7.85,3538.5,60.93,68.93,8.0,0.01,4.22,83.79,93.31,96.03,12.24,103.0
E84704,ST. GEORGES MEDICAL CENTRE,BRENT SOUTH KWH PCN,LONDON,40.48,2459.83,61.24,69.23,8.0,0.11,8.89,85.85,90.45,95.15,9.3,99.0
K81002,EASTFIELD HOUSE SURGERY,A34 WEST BERKSHIRE PCN,SOUTH EAST,12.2,15511.0,54.93,62.93,8.0,0.1,10.71,72.25,78.08,74.76,2.51,111.0
G83044,FAIRFIELD PMS,BLACKHEATH AND CHARLTON PCN,LONDON,25.48,12647.67,47.61,55.59,7.99,0.18,14.43,77.16,84.64,82.5,5.34,114.0
G81082,OLDWOOD SURGERY,RURAL ROTHER PCN,SOUTH EAST,18.52,6281.17,67.79,75.78,7.99,0.03,11.22,96.45,98.32,97.59,1.14,121.0
C82092,AYLESTONE HEALTH CENTRE,ORION PCN,MIDLANDS,29.3,4573.83,40.7,48.67,7.98,0.07,4.37,71.18,71.54,80.44,9.26,116.0
N81018,TARPORLEY HEALTH CENTRE,RURAL ALLIANCE PCN,NORTH WEST,9.59,8202.42,77.39,85.37,7.97,0.15,13.2,88.08,88.3,93.24,5.16,108.0
P83611,WALMERSLEY ROAD MEDICAL PRACTICE,BURY PCN,NORTH WEST,40.0,4466.42,67.79,75.75,7.96,0.04,3.84,86.67,76.45,76.33,-10.34,108.0
G83039,ST MARKS PMS,RIVERVIEW HEALTH PCN,LONDON,26.65,9965.08,72.24,80.19,7.95,0.04,13.33,87.62,77.95,84.09,-3.52,105.0
P91004,ALTRINCHAM MEDICAL PRACTICE,ALTRINCHAM HEALTHCARE ALLIANCE PCN,NORTH WEST,7.68,8476.08,54.88,62.82,7.94,0.07,8.33,72.25,86.92,82.93,10.68,124.0
C84091,ASPLEY MEDICAL CENTRE,ASPIRE PCN,MIDLANDS,41.05,8915.5,60.79,68.72,7.93,0.01,13.25,72.32,68.92,69.3,-3.03,109.0
F82663,DR MARKS PRACTICE,HAVERING CREST PCN,LONDON,19.19,4083.67,67.26,75.18,7.92,0.05,7.84,80.5,71.27,72.57,-7.93,90.0
L83031,KINGSKERSWELL & IPPLEPEN MED PRACTICE,NEWTON WEST PCN,SOUTH WEST,14.21,12063.5,66.22,74.14,7.92,0.01,19.61,71.39,83.45,74.57,3.18,143.0
K84071,GORING & WOODCOTE MEDICAL PRACTICE,WALLINGFORD & SURROUNDS PCN,SOUTH EAST,6.76,10578.42,85.38,93.3,7.91,0.19,15.65,83.06,78.84,68.43,-14.63,117.0
E85657,EALING PARK HEALTH CENTRE,SOUTH CENTRAL EALING PCN,LONDON,20.12,11811.25,55.98,63.88,7.89,0.07,6.9,67.96,67.87,85.04,17.08,114.0
P92033,"THE SURGERY, TYLDESLEY",TABA WIGAN PCN,NORTH WEST,25.43,4759.33,74.95,82.82,7.87,0.1,20.96,77.98,79.04,78.44,0.47,108.0
F81690,ASHINGDON MEDICAL CENTRE,ROCHFORD PCN,EAST OF ENGLAND,13.04,5545.83,61.41,69.23,7.83,0.24,6.25,90.49,83.64,88.88,-1.61,111.0
J83011,GIFFORDS PRIMARY CARE CTR,BRADFORD ON AVON & MELKSHAM PCN,SOUTH WEST,15.65,14429.67,36.36,44.18,7.82,0.17,11.24,84.88,87.18,81.77,-3.11,129.0
G84008,MANOR ROAD SURGERY,BECKENHAM PCN,LONDON,9.02,6167.83,74.51,82.31,7.81,0.06,12.02,85.78,88.89,82.65,-3.12,120.0
F82021,THE NEW MEDICAL CENTRE,HAVERING MARSHALL PCN,LONDON,12.08,9800.67,59.7,67.5,7.8,0.09,5.17,70.63,60.29,76.88,6.24,82.0
L85043,PARK MEDICAL PRACTICE,MENDIP PCN,SOUTH WEST,18.07,11263.08,58.89,66.66,7.77,0.08,13.16,79.41,75.88,82.08,2.67,108.0
E85083,DR SIVANESAN & PARTNER,NORTH SOUTHALL PCN,LONDON,30.36,6558.5,69.87,77.63,7.76,0.15,10.4,78.43,83.25,91.96,13.53,101.0
H83631,GREENSIDE GROUP PRACTICE,CROYDON GP SUPER NETWORK PCN,LONDON,33.38,10939.5,43.42,51.17,7.75,0.07,14.24,61.75,74.83,67.75,6.0,111.0
B81032,WILBERFORCE SURGERY,HULL SYMPHONIE PCN,NORTH EAST AND YORKSHIRE,44.88,5424.58,66.13,73.86,7.73,0.09,3.44,74.84,75.27,75.08,0.24,125.0
F83681,PARTNERSHIP PRIMARY CARE CENTRE,NORTH 1 ISLINGTON PCN,LONDON,28.64,8943.58,36.18,43.91,7.73,0.11,11.54,59.99,71.81,70.15,10.16,101.0
D83007,IXWORTH SURGERY,BLACKBOURNE PCN,EAST OF ENGLAND,14.63,9350.25,51.89,59.62,7.73,0.15,10.04,88.36,84.84,90.76,2.41,125.0
C88076,DEVONSHIRE GREEN MEDICAL CENTRE,HEELEY PLUS PCN,NORTH EAST AND YORKSHIRE,26.2,8740.5,52.96,60.69,7.73,0.09,13.36,79.04,63.29,71.33,-7.72,122.0
C82030,DOWNING DRIVE SURGERY,SALUTEM PCN,MIDLANDS,14.38,6836.5,64.13,71.82,7.69,0.1,16.5,67.89,81.3,83.43,15.54,85.0
P82634,WYRESDALE ROAD SURGERY,CHORLEY ROADS NETWORK PCN,NORTH WEST,38.49,4182.25,55.84,63.53,7.69,0.03,9.56,58.92,76.56,74.61,15.69,109.0
C83036,GOSBERTON MEDICAL CENTRE,SOUTH LINCOLNSHIRE RURAL PCN,MIDLANDS,19.34,8133.92,50.11,57.81,7.69,-0.01,17.21,77.89,75.93,73.99,-3.9,134.0
M85778,HALCYON MEDICAL,SWB URBAN HEALTH PCN,MIDLANDS,20.91,17348.5,53.06,60.73,7.67,0.06,11.64,64.08,73.19,58.16,-5.92,68.0
M91028,MODALITY KINGFISHER DARLASTON PRACTICE,WALSALL WEST 1 PCN,MIDLANDS,35.65,8488.67,67.88,75.54,7.66,0.1,28.99,78.85,70.31,79.06,0.21,87.0
P92014,STANDISH MEDICAL PRACTICE,NORTH WIGAN PCN,NORTH WEST,9.76,13442.0,66.73,74.39,7.66,0.02,17.66,66.71,67.52,60.66,-6.05,101.0
K81081,ABBEY MEDICAL CENTRE,READING HOLYBROOK PCN,SOUTH EAST,20.58,2391.58,71.48,79.13,7.65,0.04,0.0,73.53,78.51,80.49,6.97,116.0
G85690,HERNE HILL ROAD MEDICAL PRACTICE,FIVEWAYS PCN,LONDON,28.2,7150.67,52.38,60.01,7.63,0.07,13.5,78.75,81.94,83.79,5.04,104.0
N81113,MIDDLEWICH ROAD SURGERY,NORTHWICH PCN,NORTH WEST,20.34,7259.33,65.29,72.92,7.63,-0.02,18.18,80.5,90.29,77.8,-2.69,103.0
B85009,"NORTH ROAD SUITE,RAVENSTHORPE HEALTH CTR",3 CENTRES PCN,NORTH EAST AND YORKSHIRE,39.7,8663.17,63.54,71.15,7.61,-0.03,15.18,72.93,76.57,73.72,0.79,100.0
N81043,HASLINGTON SURGERY,SMASH PCN,NORTH WEST,8.6,5803.17,77.56,85.16,7.61,0.04,11.21,84.99,88.19,72.18,-12.81,103.0
B83020,THE WILLOWS MEDICAL PRACTICE,AFFINITY CARE PCN,NORTH EAST AND YORKSHIRE,24.7,18374.92,43.64,51.25,7.61,0.05,6.97,63.9,68.22,50.55,-13.34,122.0
F83063,KILLICK STREET HEALTH CENTRE,SOUTH ISLINGTON PCN,LONDON,26.08,13072.75,48.11,55.71,7.6,0.02,15.18,81.46,71.98,83.5,2.04,98.0
E85118,THE FULHAM MEDICAL CENTRE,SOUTH FULHAM PCN,LONDON,18.68,6596.5,61.13,68.73,7.6,0.08,11.8,87.72,87.72,84.08,-3.64,101.0
F86664,LARKSHALL MEDICAL CENTRE,WALTHAM FOREST 8 PCN,LONDON,19.25,8460.83,86.81,94.39,7.58,0.02,6.68,77.02,83.85,86.18,9.16,87.0
G85726,BRUNSWICK PARK FAMILY PRACTICE,SOUTH SOUTHWARK PCN,LONDON,25.16,7590.92,69.37,76.95,7.58,0.09,9.34,79.21,78.39,78.83,-0.38,108.0
B83660,BILTON MEDICAL CENTRE,BRADFORD CITY 4 PCN,NORTH EAST AND YORKSHIRE,55.27,6137.92,82.57,90.12,7.55,0.18,0.0,39.71,68.93,68.87,29.16,89.0
M83601,BRINSLEY AVENUE PRACTICE,SOUTH STOKE WEST PCN,MIDLANDS,10.65,5990.0,72.33,79.86,7.54,0.09,13.4,81.73,76.39,86.02,4.3,121.0
M85043,HAWKESLEY MEDICAL PRACTICE,SOUTH WEST BIRMINGHAM PCN,MIDLANDS,50.32,4345.83,66.07,73.59,7.53,0.09,20.94,86.95,91.57,77.88,-9.07,76.0
F84044,HARLEY GROVE MEDICAL CTR.,TOWER HAMLETS NETWORK 5 PCN,LONDON,29.43,8225.25,82.27,89.8,7.52,0.28,9.6,67.52,67.26,65.83,-1.69,97.0
B83624,I G MEDICAL,WACA PCN,NORTH EAST AND YORKSHIRE,8.71,17184.08,80.93,88.42,7.49,0.14,22.59,81.58,90.48,84.21,2.63,123.0
M84021,ROTHER HOUSE MEDICAL CENTRE,STRATFORD CENTRAL PCN,MIDLANDS,11.61,16988.67,39.04,46.52,7.49,0.11,13.73,83.44,87.59,88.08,4.64,107.0
C85033,VICTORIA MEDICAL CENTRE PMS PRACTICE,FCP SERVICE - BARNSLEY PCN,NORTH EAST AND YORKSHIRE,24.19,11712.33,75.91,83.41,7.49,0.14,9.02,65.33,69.0,72.71,7.38,100.0
P85610,MEDLOCK MEDICAL PRACTICE,OLDHAM SOUTH PCN,NORTH WEST,31.37,7481.5,63.93,71.42,7.49,-0.07,18.36,65.98,81.12,75.27,9.29,108.0
K83014,LEICESTER TCE HEALTHCARE CTR,GRAND UNION PCN,MIDLANDS,24.67,18395.92,39.38,46.83,7.45,-0.03,11.64,71.04,72.64,84.31,13.27,89.0
M89009,MANOR HOUSE LANE SURGERY,SHELDON PCN,MIDLANDS,26.83,11081.17,57.9,65.34,7.44,0.06,7.1,63.99,75.71,67.48,3.49,106.0
P85013,THE ROYTON & CROMPTON FAMILY PRACTICE,OLDHAM NORTH PCN,NORTH WEST,22.3,21631.08,67.32,74.75,7.43,0.04,8.63,48.53,60.87,67.52,18.99,102.0
M83018,GRAVEL HILL SURGERY,SEISDON PCN,MIDLANDS,11.82,8684.5,83.36,90.79,7.42,0.27,8.47,79.39,81.83,88.37,8.98,108.0
F81021,GREAT BENTLEY SURGERY,TENDRING PCN,EAST OF ENGLAND,20.85,11339.42,61.62,69.04,7.42,0.03,13.97,91.26,90.61,87.57,-3.69,107.0
L81082,BEDMINSTER FAMILY PRACTICE,SWIFT PCN,SOUTH WEST,23.09,13594.67,66.21,73.62,7.41,0.05,10.19,65.27,75.8,79.88,14.61,92.0
F86010,FULLWELL CROSS MED. CTR.,NEW CROSS ALLIANCE PCN,LONDON,17.1,15951.42,69.67,77.07,7.4,0.03,3.29,66.39,72.76,60.15,-6.24,90.0
P81074,HIGHFIELD SURGERY,BLACKPOOL SOUTH PCN,NORTH WEST,33.69,13611.08,53.49,60.85,7.36,-0.02,15.4,81.88,83.05,75.74,-6.14,114.0
Y02986,CRICKLEWOOD HEALTH CENTRE,BARNET 6 PCN,LONDON,32.85,5202.75,76.45,83.8,7.35,0.17,7.64,79.41,77.69,83.69,4.27,92.0
P81129,ASH TREE HOUSE SURGERY,KIRKHAM & WESHAM,NORTH WEST,14.63,11837.42,57.56,64.9,7.34,0.05,12.01,81.89,84.11,87.02,5.13,136.0
F86040,DR A ARIF,BARKING & DAGENHAM NORTH PCN,LONDON,29.07,5567.25,67.1,74.45,7.34,0.22,4.07,58.2,66.73,72.3,14.1,116.0
B87044,ALVERTHORPE,BRIGANTES PCN,NORTH EAST AND YORKSHIRE,26.06,2433.08,55.21,62.55,7.34,0.02,8.22,65.57,70.2,63.76,-1.81,110.0
P81191,QUEENSWAY MEDICAL CENTRE,WYRE INTEGRATED NETWORK LTD PCN,NORTH WEST,12.2,9611.25,64.96,72.3,7.34,0.26,9.41,78.02,74.0,73.28,-4.74,102.0
F85044,BOUNCES ROAD SURGERY LTD,ENFIELD UNITY PCN,LONDON,43.43,6912.0,46.1,53.41,7.31,0.13,17.36,74.53,83.6,87.95,13.41,100.0
Y03755,GREENWICH PENINSULA,GREENWICH WEST PCN,LONDON,17.43,13764.17,36.12,43.43,7.31,0.01,5.65,57.72,46.42,52.23,-5.49,95.0
E83021,TORRINGTON PARK GROUP PRACTICE,BARNET 2 PCN,LONDON,15.75,12634.17,29.32,36.63,7.31,0.08,12.64,65.37,62.29,78.99,13.62,97.0
F86621,DR MOHAMMED GREEN MAN MEDICAL CENTRE,WALTHAM FOREST SOUTH LEYTONSTONE PCN,LONDON,20.41,6985.42,60.54,67.85,7.3,0.13,10.38,85.5,85.22,83.86,-1.63,113.0
F85019,MORRIS HOUSE GROUP PRACTICE,HARINGEY - NORTH EAST PCN,LONDON,42.52,14794.5,82.19,89.47,7.29,0.06,12.36,68.52,69.89,74.55,6.03,106.0
G82215,MARDEN MEDICAL CENTRE,WEALD PCN,SOUTH EAST,19.03,7561.33,71.28,78.55,7.28,0.01,8.7,94.84,96.84,93.75,-1.09,110.0
P81694,FAMILY PRACTICE,BLACKBURN WEST PCN,NORTH WEST,47.52,5327.42,71.35,78.62,7.27,0.02,7.51,66.65,47.92,58.05,-8.61,96.0
B86109,KIRKSTALL LANE MEDICAL CENTRE,WOODSLEY PCN,NORTH EAST AND YORKSHIRE,19.85,7725.83,75.25,82.51,7.26,0.05,21.02,95.2,91.35,95.15,-0.06,100.0
C83005,SPILSBY SURGERY,FIRST COASTAL PCN,MIDLANDS,28.68,7459.33,46.33,53.59,7.26,0.06,11.44,78.11,75.74,69.89,-8.22,101.0
B82074,POSTERNGATE SURGERY,SELBY TOWN PCN,NORTH EAST AND YORKSHIRE,16.83,18630.0,72.03,79.3,7.26,0.07,19.5,73.46,89.81,91.0,17.54,115.0
C88019,GLEADLESS MEDICAL CENTRE,HEELEY PLUS PCN,NORTH EAST AND YORKSHIRE,50.66,8731.92,56.83,64.08,7.25,0.06,12.7,77.31,78.72,71.98,-5.33,95.0
G81023,MARTINS OAK SURGERY,RURAL ROTHER PCN,SOUTH EAST,19.26,8500.33,71.25,78.5,7.25,0.14,10.21,90.85,96.08,93.48,2.62,121.0
L82006,PENRYN SURGERY,FALMOUTH AND PENRYN PCN,SOUTH WEST,16.19,21473.67,67.54,74.78,7.24,0.0,11.95,88.3,69.05,89.93,1.63,81.0
J83029,TINKERS LANE SURGERY,NORTH WILTS BORDER PCN,SOUTH WEST,10.87,8843.17,81.09,88.33,7.24,0.04,17.01,74.13,73.29,69.09,-5.04,111.0
E84032,ELLIS PRACTICE,BRENT CENTRAL KWH PCN,LONDON,28.46,7605.92,28.67,35.89,7.22,-0.04,7.99,59.36,65.73,54.95,-4.41,105.0
M85084,THE WAND MEDICAL CENTRE,EDGBASTON PCN,MIDLANDS,52.6,6316.67,58.8,66.0,7.2,0.05,16.04,78.23,79.6,77.54,-0.69,103.0
Y00412,SOHO HEALTH CENTRE,PEOPLE'S HEALTH PARTNERSHIP PCN,MIDLANDS,52.68,5795.58,60.53,67.71,7.18,0.14,4.92,57.78,57.43,65.13,7.35,78.0
F85615,TOTTENHAM HEALTH CENTRE,HARINGEY - WELBOURNE PCN,LONDON,47.44,5822.33,73.03,80.2,7.17,0.08,9.07,70.25,74.37,76.74,6.49,91.0
P81018,ST FILLAN'S MEDICAL CTRE,PRESTON & SOUTH RIBBLE PCN,NORTH WEST,9.22,8286.92,54.31,61.48,7.17,0.14,14.88,82.54,85.21,79.9,-2.64,110.0
P89612,MOSSLEY MEDICAL PRACTICE,"STALYBRIDGE, DUKINFIELD & MOSSLEY PCN",NORTH WEST,23.73,2235.92,58.37,65.53,7.16,-0.07,2.98,74.23,82.54,81.95,7.72,90.0
J84019,WIGHT PRIMARY PARTNERSHIPS LTD,CENTRAL & WEST (IW) PCN,SOUTH EAST,24.17,11117.25,57.73,64.88,7.15,0.16,6.72,71.17,84.7,83.77,12.61,109.0
N83001,RAINBOW MEDICAL CENTRE,ST HELENS SOUTH PCN,NORTH WEST,33.63,14623.58,42.81,49.96,7.15,0.02,16.85,73.8,62.83,78.62,4.82,120.0
H85022,PARK ROAD MEDICAL CENTRE,WALLINGTON PCN,LONDON,14.73,4384.17,50.31,57.45,7.14,0.07,14.29,91.64,91.78,90.34,-1.3,121.0
M85066,WARD END MEDICAL CENTRE,WASHWOOD HEATH PCN,MIDLANDS,47.75,7476.42,66.26,73.4,7.14,0.12,7.99,82.16,67.21,80.77,-1.39,101.0
P86010,THE JUNCTION SURGERY,MIDDLETON PCN,NORTH WEST,23.2,8614.67,54.94,62.06,7.12,0.09,13.22,67.19,85.72,82.45,15.25,123.0
E87762,THE GOOD PRACTICE,BROMPTON HEALTH PCN,LONDON,21.34,8705.17,86.99,94.11,7.12,0.17,6.16,93.49,88.38,89.58,-3.92,128.0
G82233,ST. WERBURGH MED.PRACTICE,ASPIRE MEDICAL PCN,SOUTH EAST,25.78,9492.42,76.75,83.87,7.11,0.12,4.08,44.45,51.4,55.88,11.43,102.0
B84010,KEIGHLEY ROAD SURGERY,NORTH HALIFAX PCN,NORTH EAST AND YORKSHIRE,33.78,10464.75,67.01,74.12,7.11,0.17,17.92,53.67,52.48,46.55,-7.12,108.0
K82006,THE IVERS PRACTICE,SOUTH BUCKS PCN,SOUTH EAST,14.58,9348.75,66.76,73.86,7.1,0.05,9.56,56.65,70.71,66.45,9.8,122.0
M82008,CHURCH STRETTON MEDICAL CENTRE,SW SHROPSHIRE PCN,MIDLANDS,14.98,7144.17,66.66,73.75,7.1,0.16,21.35,85.03,84.24,82.08,-2.95,114.0
D81015,PARSON DROVE SURGERY,WISBECH PCN,EAST OF ENGLAND,29.47,7408.5,58.33,65.43,7.1,0.29,7.56,51.09,55.04,60.94,9.85,93.0
K83051,WEAVERS MEDICAL,Unallocated,MIDLANDS,18.65,26268.67,64.04,71.12,7.08,0.06,13.83,64.76,73.88,84.92,20.16,95.0
E81632,BARTON HILLS MEDICAL GROUP,MEDICS PCN,EAST OF ENGLAND,17.43,8131.33,82.43,89.5,7.07,0.04,15.02,69.68,70.07,71.56,1.88,111.0
Y03135,BRIDGE HOUSE MEDICAL PRACTICE,HARINGEY - N15/SOUTH EAST PCN,LONDON,27.52,9221.92,62.83,69.9,7.07,0.1,11.01,66.13,53.95,70.88,4.75,86.0
H84054,RED LION ROAD SURGERY,CHESSINGTON AND SURBITON PCN,LONDON,12.7,3687.25,56.47,63.53,7.06,0.04,13.16,74.91,84.86,74.23,-0.68,97.0
E85721,THE TOWN SURGERY,NORTH SOUTHALL PCN,LONDON,30.9,2235.92,81.05,88.1,7.05,0.1,5.49,86.98,90.24,93.49,6.51,76.0
P89011,GORDON STREET MEDICAL CENTRE,ASHTON PCN,NORTH WEST,38.38,5134.25,63.03,70.08,7.05,0.01,6.14,58.56,61.09,49.72,-8.84,85.0
F81048,LOUGHTON HEALTH CENTRE,LOUGHTON BUCKHURST HILL & CHIGWELL PCN,EAST OF ENGLAND,11.8,10073.0,52.16,59.19,7.03,0.06,9.95,48.85,54.9,54.79,5.95,104.0
J82646,BLOSSOM HEALTH,HAVANT AND WATERLOOVILLE PCN,SOUTH EAST,34.17,16787.58,68.15,75.16,7.01,0.05,7.25,82.25,79.26,74.44,-7.81,101.0
D81064,MERCHEFORD HOUSE,FENLAND PCN,EAST OF ENGLAND,24.8,6701.25,57.36,64.37,7.01,0.12,7.0,79.57,74.3,84.01,4.44,95.0
E85059,CHESTNUT PRACTICE,HOUNSLOW HEALTH PCN,LONDON,27.38,8432.42,86.04,93.06,7.01,0.06,8.29,68.92,77.99,77.31,8.4,93.0
H85020,NELSON MEDICAL PRACTICE,SOUTH WEST MERTON PCN,LONDON,8.73,32749.67,43.7,50.69,7.0,0.02,15.58,85.35,62.82,76.82,-8.53,104.0
E84701,PEARL MEDICAL PRACTICE,HARNESS NORTH PCN,LONDON,26.59,5201.17,60.72,67.72,7.0,0.14,6.15,67.23,77.05,85.15,17.92,110.0
E81035,SANDY HEALTH CENTRE,SANDHILLS PCN,EAST OF ENGLAND,17.57,9492.0,49.53,56.52,6.99,0.23,9.72,76.06,70.86,64.71,-11.34,101.0
C82097,CHARNWOOD SURGERY,SOAR VALLEY PCN,MIDLANDS,11.82,2596.5,66.53,73.5,6.97,0.03,6.98,95.27,83.0,91.31,-3.96,111.0
B86092,KIPPAX HALL SURGERY,LS25/LS26 PCN,NORTH EAST AND YORKSHIRE,17.47,6754.08,75.15,82.12,6.97,0.07,9.17,91.4,83.01,85.44,-5.96,113.0
F84009,STRATFORD VILLAGE SURGERY,STRATFORD PCN,LONDON,28.8,12657.92,47.34,54.27,6.93,0.05,7.63,69.83,68.94,60.69,-9.14,77.0
N81115,LACHE HEALTH CENTRE,CHESTER SOUTH PCN,NORTH WEST,24.25,7740.83,64.73,71.61,6.89,0.05,17.22,71.36,71.72,86.29,14.93,101.0
M85600,REA VALLEY HEALTH PARTNERSHIP,SOUTH BIRMINGHAM ALLIANCE PCN,MIDLANDS,30.38,15744.83,73.57,80.45,6.88,0.03,14.14,84.6,80.59,85.87,1.27,110.0
A89010,THE STEPHENSON MEDICAL PRACTICE,WASHINGTON PCN,NORTH EAST AND YORKSHIRE,29.46,12355.58,77.47,84.34,6.87,0.12,10.08,78.25,79.49,84.54,6.29,124.0
B86642,DR S HUSSAIN,MIDDLETON AND HUNSLET PCN,NORTH EAST AND YORKSHIRE,38.56,3058.17,85.09,91.96,6.87,0.07,7.98,72.47,79.38,75.65,3.18,86.0
B82004,NIDDERDALE GROUP PRACTICE,KNARESBOROUGH & RURAL PCN,NORTH EAST AND YORKSHIRE,13.99,10972.5,71.93,78.77,6.84,0.27,18.15,73.76,85.55,77.13,3.36,122.0
H83049,HEADLEY DRIVE SURGERY,MAYDAY SOUTH PCN,LONDON,38.11,2633.0,62.15,68.99,6.84,-0.01,7.29,84.62,75.75,87.8,3.18,84.0
Y00469,DR SIMS AND PARTNERS,EAST BASILDON PCN,EAST OF ENGLAND,35.77,11867.25,77.32,84.14,6.82,0.11,6.72,69.32,66.96,89.86,20.53,101.0
E82031,MALTINGS SURGERY,ABBEY HEALTH PCN,EAST OF ENGLAND,9.48,18356.25,49.64,56.45,6.81,0.03,12.75,77.9,72.96,80.98,3.07,108.0
K82038,POPLAR GROVE PRACTICE,CENTRAL MAPLE PCN,SOUTH EAST,14.87,23700.17,66.68,73.49,6.81,-0.02,9.83,60.3,59.53,44.99,-15.31,104.0
M84013,CASTLE MEDICAL CENTRE,KENILWORTH AND WARWICK PCN,MIDLANDS,5.62,12483.17,47.55,54.36,6.81,0.04,14.0,79.63,81.79,81.17,1.53,116.0
P81039,MANOR PRIMARY CARE,SKELMERSDALE PCN,NORTH WEST,35.77,5645.75,64.19,70.98,6.79,0.1,8.97,85.9,77.57,88.15,2.25,89.0
L81120,BIRCHWOOD MEDICAL PRACTICE,CONNEXUS PCN,SOUTH WEST,17.64,9368.42,53.09,59.87,6.78,0.12,7.33,60.49,68.11,80.04,19.55,107.0
E81030,CAULDWELL MEDICAL CENTRE,Unallocated,EAST OF ENGLAND,29.94,10794.58,60.04,66.83,6.78,0.0,4.82,56.22,60.28,58.99,2.77,85.0
F84740,NEWHAM TRANSITIONAL PRACTICE,STRATFORD PCN,LONDON,35.02,4234.25,66.47,73.24,6.77,0.09,19.71,91.91,91.57,88.4,-3.51,66.0
G82763,NAPIER ROAD SURGERY,GILLINGHAM SOUTH PCN,SOUTH EAST,31.16,2996.25,61.57,68.31,6.74,0.03,6.41,83.41,80.85,85.2,1.8,98.0
E85013,WESTSEVEN GP,GREENWELL PCN,LONDON,27.41,5861.5,85.69,92.41,6.72,0.05,3.78,79.64,83.06,84.12,4.48,93.0
N81125,NESTON MEDICAL CENTRE,NESTON & WILLASTON PCN,NORTH WEST,12.73,7738.92,41.71,48.38,6.67,0.12,9.08,87.97,92.15,89.46,1.49,130.0
D82027,HEACHAM GROUP PRACTICE,WEST NORFOLK COASTAL PCN,EAST OF ENGLAND,18.67,7603.67,80.35,87.01,6.66,0.09,19.46,82.33,83.16,67.09,-15.24,126.0
F86005,THE PENRHYN SURGERY,WALTHAM FOREST 8 PCN,LONDON,21.42,9003.42,32.26,38.93,6.66,0.03,9.79,54.54,52.3,56.61,2.07,106.0
L81029,THREE SHIRES MEDICAL PRACTICE,NETWORK 4 (BNSSG) PCN,SOUTH WEST,12.17,9666.67,57.78,64.42,6.64,0.08,9.93,89.92,88.48,95.11,5.19,100.0
D82041,SCHOOL LANE SURGERY,BRECKLAND SURGERIES PCN,EAST OF ENGLAND,26.03,10788.08,59.44,66.07,6.63,0.35,10.61,59.17,80.67,72.0,12.83,111.0
B82027,THE SPA SURGERY,MOWBRAY SQUARE PCN,NORTH EAST AND YORKSHIRE,10.86,14177.83,62.66,69.29,6.63,0.3,12.76,73.83,84.57,83.46,9.63,122.0
G81055,SAXONBURY HOUSE SURGERY,HIGH WEALD PCN,SOUTH EAST,8.78,9682.75,70.24,76.85,6.61,0.02,12.81,75.93,81.75,70.23,-5.7,102.0
C84067,ASHFIELD HOUSE (ANNESLEY),ASHFIELD SOUTH PCN,MIDLANDS,20.01,5678.17,79.19,85.79,6.6,0.24,10.75,74.89,73.3,82.51,7.62,108.0
A81004,ACKLAM MEDICAL CENTRE,GREATER MIDDLESBROUGH PCN,NORTH EAST AND YORKSHIRE,24.56,11268.83,59.73,66.3,6.57,0.04,5.8,58.65,77.78,72.1,13.45,109.0
K84065,SIBFORD SURGERY,Unallocated,SOUTH EAST,13.79,3217.75,71.63,78.2,6.57,0.04,12.27,96.77,91.95,96.1,-0.67,191.0
E85054,HILLVIEW SURGERY,NGP PCN,LONDON,24.92,11342.92,43.93,50.5,6.57,0.14,16.85,77.54,73.85,66.15,-11.39,99.0
P84047,ALL SAINTS MEDICAL CENTRE,MILES PLATTING NEWTON HEATH & MOSTON PCN,NORTH WEST,51.6,5729.08,67.02,73.58,6.56,-0.06,8.19,53.77,63.47,72.01,18.24,110.0
B87022,HOMESTEAD,BRIGANTES PCN,NORTH EAST AND YORKSHIRE,32.93,8883.42,67.06,73.62,6.56,0.07,9.41,74.24,64.38,76.99,2.76,87.0
G85025,BRIXTON HILL GROUP PRACTICE,Unallocated,LONDON,22.89,12677.25,30.97,37.51,6.55,0.05,13.56,80.86,75.02,83.28,2.42,98.0
G82162,ORCHARD FAMILY PRACTICE,MEDWAY RAINHAM PCN,SOUTH EAST,15.98,5249.58,48.94,55.47,6.53,0.19,7.11,90.22,83.86,92.79,2.57,106.0
B83611,NEW OTLEY ROAD MEDICAL PRACTICE,BRADFORD CITY 6 PCN,NORTH EAST AND YORKSHIRE,55.7,11589.58,52.63,59.16,6.53,0.07,6.17,62.32,65.27,64.87,2.55,78.0
G84006,SUMMERCROFT SURGERY,FIVE ELMS PCN,LONDON,6.61,9745.92,55.04,61.57,6.52,0.07,12.62,73.85,68.47,73.21,-0.64,122.0
P87002,THE POPLARS MEDICAL PRACTICE,SWINTON PCN,NORTH WEST,27.35,11562.0,78.91,85.42,6.51,-0.08,13.52,65.1,67.78,83.85,18.75,106.0
K83013,ESKDAILL MEDICAL,RED KITE HEALTHCARE PCN,MIDLANDS,21.05,14949.0,73.12,79.62,6.5,0.04,16.54,72.26,89.45,86.43,14.17,102.0
K84009,HEDENA HEALTH,CITY - OX3+ PCN,SOUTH EAST,12.55,26479.25,35.26,41.76,6.49,0.04,7.86,74.71,76.86,78.79,4.07,95.0
G83006,THE ALBION SURGERY,APL BEXLEY PCN,LONDON,11.93,15675.0,45.52,51.98,6.47,-0.08,14.3,78.13,78.86,70.92,-7.21,100.0
F86705,LANGTHORNE SHARMA FAMILY PRACTICE,WALTHAM FOREST SOUTH LEYTONSTONE PCN,LONDON,27.71,3434.58,65.28,71.7,6.42,0.07,10.56,82.18,93.86,91.73,9.54,105.0
A84025,CRAMLINGTON MEDICAL GROUP,NORTHUMBRIA PCN,NORTH EAST AND YORKSHIRE,22.05,5304.0,74.13,80.54,6.41,0.11,11.17,81.28,92.26,91.44,10.15,106.0
C88034,NETHERGREEN SURGERY,PORTER VALLEY PCN,NORTH EAST AND YORKSHIRE,5.23,9153.67,79.94,86.34,6.41,0.1,7.15,87.86,96.28,90.29,2.42,124.0
G82200,WATERINGBURY,MALLING PCN,SOUTH EAST,12.47,10527.33,69.7,76.12,6.41,0.11,6.96,87.68,76.06,83.47,-4.21,118.0
F82648,INGREBOURNE MEDICAL CENTRE,HAVERING NORTH PCN,LONDON,28.2,3840.25,60.45,66.86,6.41,0.07,5.21,85.95,75.88,78.6,-7.35,104.0
E82091,PARKWOOD SURGERY,DACORUM BETA PCN,EAST OF ENGLAND,15.26,17954.0,62.9,69.3,6.4,0.05,4.13,64.6,45.3,41.85,-22.75,105.0
L84018,CIRENCESTER HEALTH GROUP,SOUTH COTSWOLDS PCN,SOUTH WEST,12.12,12838.5,75.97,82.35,6.38,0.04,12.45,70.89,83.21,78.74,7.85,127.0
C84142,SELSTON SURGERY,ASHFIELD SOUTH PCN,MIDLANDS,21.03,5301.67,67.2,73.58,6.37,0.12,6.84,82.59,85.59,89.2,6.61,105.0
N81084,ROPE GREEN MEDICAL CENTRE,CREWE - GHR PCN,NORTH WEST,10.36,20835.83,76.4,82.77,6.37,0.05,8.19,73.95,79.93,87.12,13.17,115.0
E87737,MARYLEBONE HEALTH CENTRE,WEST END & MARYLEBONE PCN,LONDON,14.91,9903.42,75.95,82.32,6.37,0.11,8.21,78.19,79.41,79.34,1.15,102.0
C83002,NAVENBY CLIFF VILLAGES SURGERY,SOUTH LINCOLN PCN,MIDLANDS,10.06,9118.33,51.09,57.45,6.36,0.07,8.48,90.48,82.85,60.49,-29.99,129.0
N82002,YEW TREE CENTRE,LIVERPOOL FIRST PCN,NORTH WEST,48.05,5138.75,52.82,59.16,6.34,0.05,7.32,60.87,68.85,62.55,1.68,99.0
J82163,OAKS HEALTHCARE,HAVANT AND WATERLOOVILLE PCN,SOUTH EAST,13.41,16691.33,43.71,50.05,6.34,0.07,12.94,42.26,58.65,56.37,14.1,116.0
B81631,DRS RAUT AND THOUFEEQ,HASP PCN - HULL ASSOCIATION OF SIMILAR PRACTICES,NORTH EAST AND YORKSHIRE,38.95,4654.0,80.65,86.96,6.32,0.11,4.3,73.12,76.19,85.76,12.64,108.0
L85008,FROME MEDICAL CENTRE,FROME PCN,SOUTH WEST,17.08,29236.5,56.05,62.38,6.32,0.08,15.17,74.98,72.75,80.33,5.35,192.0
G81641,PRIORY ROAD SURGERY,HASTINGS & ST LEONARDS PCN,SOUTH EAST,40.84,3689.17,34.74,41.04,6.3,0.14,5.42,93.76,88.75,88.74,-5.02,108.0
C84116,MELBOURNE PARK MEDICAL CENTRE,ASPIRE PCN,MIDLANDS,39.7,8491.67,59.41,65.71,6.3,0.08,15.86,61.18,58.23,67.91,6.73,115.0
F81142,ST GEORGES MEDICAL PRACTICE,BENFLEET PCN,EAST OF ENGLAND,11.34,6336.33,75.31,81.6,6.29,0.05,20.12,68.54,72.63,58.26,-10.28,107.0
P83021,PEEL GPS,HORIZON PCN,NORTH WEST,32.52,10069.58,42.87,49.16,6.29,0.15,13.35,58.8,72.8,80.17,21.36,97.0
C82032,THE ANSTEY SURGERY,SOAR VALLEY PCN,MIDLANDS,10.46,7487.92,55.73,62.01,6.28,0.1,9.4,50.65,57.13,57.51,6.87,94.0
E82045,WATFORD HEALTH CENTRE,CENTRAL WATFORD PCN,EAST OF ENGLAND,19.97,19491.83,56.89,63.17,6.28,0.23,7.54,70.6,77.13,71.04,0.44,115.0
A83023,STANLEY MEDICAL GROUP,DERWENTSIDE PCN,NORTH EAST AND YORKSHIRE,37.67,12404.67,66.14,72.42,6.28,0.08,15.05,86.25,87.45,87.88,1.63,97.0
G83002,THE WESTWOOD SURGERY,CLOCKTOWER PCN,LONDON,9.32,9749.92,38.73,45.01,6.28,0.12,13.95,57.26,73.64,72.73,15.47,139.0
C86616,DENABY MEDICAL PRACTICE,DONCASTER NORTH PCN,NORTH EAST AND YORKSHIRE,51.52,3640.75,79.77,86.04,6.27,0.03,2.93,50.44,62.95,64.83,14.39,98.0
H82096,THE ORCHARD SURGERY,LANCING AND SOMPTING PCN,SOUTH EAST,18.04,5628.17,59.07,65.33,6.26,0.14,5.13,60.97,65.86,70.94,9.97,110.0
L83646,ST. LEVAN SURGERY,WATERSIDE HEALTH NETWORK PCN,SOUTH WEST,33.66,8603.5,70.89,77.14,6.25,0.03,13.58,77.63,84.74,80.42,2.8,99.0
C87006,THE MAGNA GROUP PRACTICE,WENTWORTH 1 PCN,NORTH EAST AND YORKSHIRE,40.98,14832.58,50.34,56.58,6.24,0.18,10.18,86.46,80.34,82.5,-3.96,111.0
G85696,VALE MEDICAL CENTRE,APLOS HEALTH PCN,LONDON,23.8,16208.92,64.99,71.21,6.23,0.04,6.57,62.86,78.44,79.39,16.53,115.0
B82021,DALTON TERRACE SURGERY,YORK CITY PCN,NORTH EAST AND YORKSHIRE,11.16,9822.92,61.69,67.9,6.22,0.09,20.17,88.88,92.05,89.42,0.54,116.0
A81618,HUNTCLIFF SURGERY,REDCAR COASTAL PCN,NORTH EAST AND YORKSHIRE,20.66,10115.75,64.82,71.04,6.22,0.08,10.1,83.73,87.27,90.61,6.88,113.0
M82032,SEVERN FIELDS MEDICAL PRACTICE,SHREWSBURY PCN,MIDLANDS,23.31,17006.08,59.7,65.92,6.22,0.01,9.02,60.12,63.07,56.01,-4.11,97.0
P81087,THE OVER-WYRE MED.CTR.,WYRE BRIDGE,NORTH WEST,19.63,11531.25,71.61,77.83,6.22,0.17,14.99,67.08,88.1,80.47,13.39,115.0
L81061,THE WELLSPRING SURGERY,BRISTOL INNER CITY PCN,SOUTH WEST,33.39,11404.92,63.33,69.54,6.21,0.0,11.78,75.27,79.71,79.24,3.97,110.0
H85065,ALTON PRACTICE,WEST WANDSWORTH PCN,LONDON,28.73,4691.42,67.95,74.16,6.21,0.12,27.45,76.59,81.57,88.67,12.08,84.0
P91008,SHAY LANE MEDICAL CENTRE (KELMAN),ALTRINCHAM HEALTHCARE ALLIANCE PCN,NORTH WEST,6.17,6208.67,74.46,80.66,6.2,0.09,16.94,73.14,74.65,87.1,13.96,105.0
P84684,CRUMPSALL MEDICAL PRACTICE,CHEETHAM HILL & CRUMPSALL PCN,NORTH WEST,44.84,6115.92,90.7,96.89,6.19,0.47,6.76,80.86,78.56,73.84,-7.03,73.0
C84045,COLLINGHAM MEDICAL CENTRE,NEWARK PCN,MIDLANDS,12.58,7891.92,67.16,73.34,6.19,0.05,14.12,89.26,80.99,77.73,-11.52,114.0
K82079,EDLESBOROUGH SURGERY,NORTH BUCKS PCN,SOUTH EAST,13.47,8656.92,74.4,80.59,6.19,0.08,11.74,86.18,78.84,86.97,0.79,110.0
G82150,NEWINGTON ROAD SURGERY,RAMSGATE PCN,SOUTH EAST,42.46,6891.42,55.0,61.18,6.18,0.08,1.24,55.76,63.02,64.15,8.39,88.0
A88010,ALBERT ROAD SURGERY,SOUTH TYNESIDE WEST PCN,NORTH EAST AND YORKSHIRE,32.04,3319.58,54.99,61.17,6.18,0.08,14.94,83.99,94.58,88.22,4.23,112.0
E85111,PERIVALE MEDICAL CLINIC,NGP PCN,LONDON,29.63,5418.0,67.79,73.97,6.18,0.06,5.17,72.45,76.43,83.93,11.47,83.0
P81072,GLENROYD MEDICAL CENTRE,BLACKPOOL NORTH PCN,NORTH WEST,33.61,14214.67,61.35,67.53,6.18,-0.01,8.78,80.52,73.4,66.48,-14.04,123.0
F86692,MATHUKIA'S SURGERY,LOXFORD PCN,LONDON,31.53,11229.0,54.84,61.02,6.18,0.11,5.89,73.15,86.02,56.24,-16.91,80.0
F81193,WITHAM HEALTH CENTRE,MALDON & WITHAM PCN,EAST OF ENGLAND,18.79,6947.92,75.65,81.83,6.17,0.05,5.68,72.23,76.59,60.11,-12.12,115.0
P82652,FARNWORTH FAMILY PRACTICE,FARNWORTH & KEARSLEY PCN,NORTH WEST,41.77,4278.17,70.76,76.92,6.16,0.12,13.21,82.33,86.5,88.73,6.4,117.0
F83008,THE GOODINGE GROUP PRACTICE,NORTH 2 ISLINGTON PCN,LONDON,28.48,12371.75,56.92,63.07,6.15,0.06,13.86,77.99,77.41,84.05,6.05,108.0
P81647,GUTTERIDGE MEDICAL CENTRE,GREATER PRESTON PCN,NORTH WEST,37.79,4123.75,50.76,56.92,6.15,0.09,11.7,69.67,79.73,77.84,8.17,90.0
J82201,THE GRANGE SURGERY,EAST HANTS PCN,SOUTH EAST,10.8,7778.42,47.98,54.12,6.14,0.08,13.1,85.08,84.77,80.11,-4.96,105.0
F81132,BLANDFORD MEDICAL CENTRE,BRAINTREE PCN LTD,EAST OF ENGLAND,17.09,17828.5,46.59,52.71,6.13,0.05,6.52,50.29,52.12,68.93,18.64,106.0
E84040,THE PINNER ROAD SURGERY,HARROW COLLABORATIVE PCN,LONDON,16.45,4681.08,41.85,47.95,6.11,0.11,9.74,56.99,69.89,60.56,3.58,92.0
G81016,QUAYSIDE MEDICAL PRACTICE,THE HAVENS PCN,SOUTH EAST,28.14,11565.42,68.49,74.6,6.11,0.03,14.96,77.34,81.49,73.84,-3.49,109.0
G82028,SWANLEY MEDICAL PRACTICE,SWANLEY & RURAL PCN,SOUTH EAST,21.57,24717.17,68.0,74.1,6.1,0.1,6.79,68.31,64.86,73.43,5.11,112.0
G85044,VALLEY ROAD SURGERY,STREATHAM PCN,LONDON,21.29,5629.5,45.81,51.9,6.09,0.03,12.41,91.99,86.11,94.57,2.58,106.0
Y02321,POPLAR STREET SURGERY,TABA WIGAN PCN,NORTH WEST,30.14,5718.75,73.6,79.68,6.08,-0.02,4.65,67.35,79.5,86.0,18.65,106.0
B87002,ORCHARD CROFT,WEST WAKEFIELD PCN,NORTH EAST AND YORKSHIRE,18.24,10862.08,43.68,49.75,6.07,0.09,23.95,72.75,66.0,64.77,-7.99,107.0
M85716,DR KHUROO'S PRACTICE,NORTH BIRMINGHAM PCN,MIDLANDS,48.04,5171.0,64.28,70.32,6.05,0.16,9.59,62.02,72.12,70.52,8.5,86.0
G85085,GROVE MEDICAL CENTRE,NORTH LEWISHAM PCN,LONDON,20.82,12828.0,65.67,71.71,6.04,-0.01,11.64,82.61,70.79,85.43,2.82,120.0
B84019,THE BOULEVARD MEDICAL PRACTICE,CENTRAL HALIFAX PCN,NORTH EAST AND YORKSHIRE,37.03,16900.08,60.35,66.38,6.03,0.07,14.55,71.87,64.58,71.51,-0.36,105.0
C86017,KINGTHORNE GROUP PRACTICE,4 DONCASTER PCN,NORTH EAST AND YORKSHIRE,29.85,14986.25,55.04,61.06,6.03,-0.06,9.54,88.84,90.76,74.18,-14.66,83.0
M83680,NORTHGATE SURGERY,EAST STAFFORDSHIRE PCN,MIDLANDS,13.47,6955.58,70.52,76.54,6.02,0.14,9.09,92.94,93.86,96.02,3.08,93.0
M83681,ALL SAINTS SURGERY,EAST STAFFORDSHIRE PCN,MIDLANDS,29.04,10257.08,67.94,73.95,6.01,0.08,5.62,64.47,73.25,71.51,7.03,94.0
Y05622,SOUTHGLADE MEDICAL PRACTICE,BULWELL AND TOP VALLEY PCN,MIDLANDS,41.82,5236.33,89.95,95.95,6.0,-0.02,8.56,61.58,66.48,69.39,7.81,97.0
F84672,FIRST 4 HEALTH GROUP - E7 HEALTH,NORTH NEWHAM PCN,LONDON,30.9,7759.17,52.35,58.34,5.99,0.09,4.4,62.58,81.89,74.27,11.69,104.0
B85062,UNIVERSITY HEALTH CENTRE,TOLSON CARE PARTNERSHIP PCN,NORTH EAST AND YORKSHIRE,33.34,14870.92,83.41,89.4,5.99,0.1,10.0,85.53,84.4,87.89,2.36,78.0
L81019,CONCORD MEDICAL CENTRE,CONCORD MENDIP PCN,SOUTH WEST,11.91,18275.25,68.85,74.84,5.99,0.07,12.22,76.81,61.74,62.26,-14.55,122.0
E87063,KINGS ROAD MEDICAL CENTRE,K AND C SOUTH PCN,LONDON,20.59,15453.42,92.46,98.42,5.96,0.12,6.74,70.54,70.75,76.46,5.93,84.0
C84078,HUCKNALL ROAD MEDICAL CENTRE,BESTWOOD AND SHERWOOD PCN,MIDLANDS,32.84,13360.25,47.97,53.91,5.94,0.08,18.15,62.18,68.48,74.62,12.44,98.0
P92015,ASPULL SURGERY,NORTH WIGAN PCN,NORTH WEST,20.12,5985.75,67.94,73.88,5.94,0.06,11.4,82.54,87.05,83.68,1.14,115.0
P86608,THE VILLAGE MEDICAL CTR.,PENNINES PCN,NORTH WEST,24.75,4358.67,77.59,83.5,5.91,0.03,4.41,87.55,87.89,94.0,6.45,104.0
C83004,LIQUORPOND SURGERY,BOSTON PCN,MIDLANDS,30.8,11548.58,78.41,84.31,5.91,0.19,8.01,70.12,68.38,73.98,3.86,118.0
A85614,THE BRIDGES MEDICAL PRACTICE,BIRTLEY AND CENTRAL GATESHEAD PCN,NORTH EAST AND YORKSHIRE,34.01,7980.33,78.62,84.52,5.9,0.08,16.1,89.2,90.07,86.1,-3.1,95.0
F81087,MOUNT CHAMBERS MEDICAL PRACTICE,BRAINTREE PCN LTD,EAST OF ENGLAND,18.15,13698.5,58.16,64.06,5.9,0.06,16.24,65.2,72.79,64.05,-1.15,121.0
C82095,ALPINE HOUSE SURGERY,SOAR VALLEY PCN,MIDLANDS,11.78,9086.25,85.09,90.99,5.9,0.11,10.36,70.19,73.1,77.04,6.86,104.0
P81154,GRANVILLE HOUSE MED CTRE,CHORLEY CENTRAL PCN,NORTH WEST,12.89,8107.92,82.46,88.36,5.9,0.33,25.33,84.84,76.92,90.5,5.66,111.0
K82020,CHILTERN HOUSE MED CENTRE,DASHWOOD PCN,SOUTH EAST,15.97,6240.42,58.26,64.14,5.88,0.15,1.37,53.49,70.15,69.71,16.22,108.0
L81085,HEYWOOD FAMILY PRACTICE,GORDANO VALLEY PCN,SOUTH WEST,12.47,6690.58,68.07,73.94,5.88,0.16,11.67,94.04,97.81,85.41,-8.63,104.0
A88013,CENTRAL SURGERY,SOUTH TYNESIDE SOUTH PCN,NORTH EAST AND YORKSHIRE,31.96,19134.0,69.57,75.45,5.88,0.19,13.7,79.95,82.1,72.07,-7.87,112.0
K82017,DESBOROUGH SURGERY,CYGNET PCN,SOUTH EAST,16.04,14082.33,82.59,88.47,5.88,0.02,4.72,72.21,79.12,73.26,1.05,114.0
H85076,STONECOT SURGERY,MORDEN PCN,LONDON,11.29,9767.83,53.37,59.25,5.87,0.19,15.34,87.32,80.3,79.71,-7.6,115.0
D83053,SAXMUNDHAM HEALTH CENTRE,NORTH EAST COASTAL PCN,EAST OF ENGLAND,21.7,9443.25,48.41,54.27,5.86,0.05,15.35,76.17,92.22,80.09,3.91,119.0
E82023,BURVILL HOUSE SURGERY,HATFIELD PCN,EAST OF ENGLAND,17.19,12395.5,54.5,60.36,5.86,0.05,15.2,73.35,79.26,78.35,4.99,89.0
L83056,ROLLE MEDICAL PARTNERSHIP,WEB PCN,SOUTH WEST,15.72,26107.17,66.01,71.87,5.86,0.31,7.25,75.79,67.06,86.67,10.88,113.0
L83057,FREMINGTON MEDICAL CENTRE,BARNSTAPLE ALLIANCE PCN,SOUTH WEST,17.08,7795.58,60.47,66.32,5.86,0.13,19.33,83.61,82.11,79.46,-4.15,113.0
Y02671,THE PRACTICE HEART OF HOUNSLOW,HOUNSLOW HEALTH PCN,LONDON,28.05,18321.5,84.67,90.52,5.85,0.08,5.33,78.86,80.38,76.53,-2.33,69.0
G81077,COLLINGTON SURGERY,BEXHILL PCN,SOUTH EAST,23.39,17586.5,42.57,48.42,5.85,0.0,8.76,63.86,60.1,58.72,-5.14,99.0
P82014,SPRING HOUSE SURGERY,CHORLEY ROADS NETWORK PCN,NORTH WEST,23.99,6556.08,52.4,58.24,5.84,0.06,25.79,75.75,74.85,81.46,5.71,98.0
B86010,COLLINGHAM CHURCH VIEW SURGERY,WETHERBY PCN,NORTH EAST AND YORKSHIRE,7.15,9900.92,72.6,78.44,5.84,0.07,8.47,87.74,84.76,79.67,-8.07,112.0
C84144,THE MEADOWS HEALTH CENTRE,CLIFTON & MEADOWS PCN,MIDLANDS,30.4,5142.42,78.88,84.71,5.83,0.03,9.33,88.04,82.92,87.02,-1.01,95.0
C83040,ST. PETERS HILL SURGERY,GRANTHAM AND RURAL PCN,MIDLANDS,20.75,14709.17,38.69,44.5,5.81,0.14,19.65,72.35,72.37,65.98,-6.37,104.0
N84010,MAGHULL FAMILY SURGERY,SOUTH SEFTON PCN,NORTH WEST,12.95,5583.0,70.56,76.36,5.8,0.06,7.26,70.02,76.69,83.07,13.05,118.0
M83073,STAPENHILL MEDICAL CENTRE,EAST STAFFORDSHIRE PCN,MIDLANDS,22.95,9371.08,55.87,61.66,5.8,0.02,14.51,80.57,83.37,80.94,0.37,104.0
G81006,ARDINGLY COURT SURGERY,EAST & CENTRAL BRIGHTON PCN,SOUTH EAST,31.33,6497.67,77.98,83.79,5.8,0.05,17.77,73.3,88.72,91.74,18.44,132.0
K81057,HUNGERFORD SURGERY,WEST BERKSHIRE RURAL PCN,SOUTH EAST,15.07,7254.33,81.28,87.07,5.79,0.06,9.26,83.85,94.62,89.19,5.34,106.0
Y01051,MORRAB SURGERY,PENWITH PCN,SOUTH WEST,30.65,9013.0,59.2,64.99,5.79,0.23,9.7,71.17,75.99,88.2,17.03,115.0
E81027,HOUGHTON REGIS MEDICAL CENTRE,TITAN PCN,EAST OF ENGLAND,22.69,13399.08,77.15,82.94,5.79,0.04,8.36,74.75,55.81,50.75,-24.0,100.0
N82651,STANLEY MEDICAL CENTRE,NORTH LIVERPOOL PCN,NORTH WEST,57.94,4226.17,53.79,59.57,5.78,-0.04,6.98,53.41,76.11,72.77,19.36,83.0
K83070,BUGBROOKE MEDICAL PRACTICE,BLUE PCN,MIDLANDS,11.96,10762.75,57.64,63.42,5.78,0.1,17.79,78.84,78.28,84.52,5.69,106.0
C81054,HOLLYBROOK MEDICAL CENTRE,DERBY CITY SOUTH PCN,MIDLANDS,23.4,35120.0,63.97,69.73,5.76,0.11,13.95,50.65,53.74,49.06,-1.59,102.0
N82083,JUBILEE MEDICAL CENTRE,NORTH LIVERPOOL PCN,NORTH WEST,37.06,10196.08,29.19,34.94,5.75,-0.02,12.19,76.25,71.07,79.11,2.86,134.0
K82078,THE ALLAN PRACTICE,THE CHALFONTS PCN,SOUTH EAST,5.78,9831.08,70.64,76.39,5.75,0.18,12.1,86.46,78.49,87.66,1.21,104.0
M85797,HOCKLEY MEDICAL PRACTICE,SWB I3 PCN,MIDLANDS,32.5,10825.75,43.35,49.1,5.75,0.09,5.03,52.91,57.89,58.21,5.3,96.0
E84051,STANLEY CORNER MEDICAL CENTRE,BRENT WEST KWH PCN,LONDON,28.97,6390.67,57.91,63.65,5.75,0.18,17.57,83.55,85.32,75.66,-7.89,81.0
G85076,NEW CROSS CENTRE (HURLEY GROUP),NORTH LEWISHAM PCN,LONDON,27.41,9936.67,42.2,47.95,5.75,0.1,3.3,62.59,65.4,66.87,4.27,107.0
A82012,BRAMPTON MEDICAL PRACTICE,Unallocated,NORTH EAST AND YORKSHIRE,16.18,16776.08,60.56,66.3,5.74,0.01,12.92,74.83,77.42,76.03,1.2,110.0
J82178,PRINCES GARDENS SURGERY,ALDERSHOT PCN,SOUTH EAST,19.52,12332.83,43.19,48.93,5.74,0.11,14.88,83.57,82.85,85.2,1.62,91.0
L82049,FALMOUTH HEALTH CENTRE,FALMOUTH AND PENRYN PCN,SOUTH WEST,16.71,10174.58,48.55,54.29,5.74,0.06,13.63,84.12,78.42,89.15,5.03,96.0
L84606,THE ALNEY PRACTICE,NORTH & SOUTH GLOUCESTER (NSG) PCN,SOUTH WEST,13.6,11848.42,58.98,64.71,5.73,0.08,11.93,78.46,75.17,73.43,-5.03,106.0
E85098,ISLIP MANOR MEDICAL CENTRE,NGP PCN,LONDON,31.85,6436.25,76.91,82.63,5.72,0.14,4.1,69.76,67.2,68.68,-1.08,133.0
M88043,HADEN VALE SURGERY,SWB CITRUS PCN,MIDLANDS,26.62,7978.08,60.32,66.03,5.71,0.06,11.3,76.56,76.23,78.69,2.14,93.0
P92639,FAMILY MEDICAL PRACTICE,LIGA WIGAN PCN,NORTH WEST,22.7,3051.75,74.45,80.15,5.7,0.05,8.83,88.65,77.85,77.67,-10.98,117.0
D81043,GRANTA MEDICAL PRACTICES,GRANTA PCN,EAST OF ENGLAND,8.89,58495.58,66.63,72.33,5.7,0.25,11.52,70.46,74.65,73.88,3.42,194.0
G81047,SEVEN DIALS MEDICAL CENTRE,NORTH & CENTRAL BRIGHTON PCN,SOUTH EAST,15.72,7164.75,83.6,89.28,5.68,0.04,6.7,79.78,78.89,91.86,12.08,101.0
K81012,THE BOAT HOUSE SURGERY,WEST READING VILLAGES PCN,SOUTH EAST,8.25,12150.25,91.52,97.21,5.68,0.33,9.53,94.44,86.14,91.94,-2.51,101.0
P82626,HALLIWELL SURGERY 3,HWL NETWORK PCN,NORTH WEST,46.28,5138.25,55.78,61.46,5.68,0.06,19.95,83.7,81.55,81.04,-2.66,98.0
K81021,DATCHET HEALTH CENTRE,WINDSOR PCN,SOUTH EAST,13.67,10079.5,47.47,53.14,5.67,0.16,6.67,51.89,65.25,78.33,26.44,107.0
A83073,DRS LAMBERT & NG,DERWENTSIDE PCN,NORTH EAST AND YORKSHIRE,38.26,5272.0,87.05,92.72,5.67,0.15,7.06,90.64,88.15,94.09,3.45,99.0
N83018,STOCKBRIDGE VILLAGE HC,KNOWSLEY CENTRAL AND SOUTH PCN,NORTH WEST,55.37,8801.42,56.32,61.98,5.66,0.23,17.48,46.62,69.01,73.63,27.0,110.0
P86009,CASTLETON HEALTH CENTRE,CANALSIDE PCN,NORTH WEST,33.81,10247.25,62.2,67.86,5.66,0.08,19.57,77.62,80.06,79.89,2.27,87.0
P84064,NEW ISLINGTON MEDICAL CENTRE,CITY CENTRE & ANCOATS PCN,NORTH WEST,28.14,11346.0,52.53,58.18,5.65,0.01,12.86,87.27,82.95,88.53,1.26,93.0
N84038,CONCEPT HOUSE SURGERY,SOUTH SEFTON PCN,NORTH WEST,43.52,5696.17,57.7,63.36,5.65,0.21,10.77,69.58,73.64,81.02,11.45,115.0
Y05330,"WELBOURNE MED PRAC, WELBOURNE H C",HARINGEY - WELBOURNE PCN,LONDON,28.46,5094.5,41.38,47.02,5.64,0.19,9.32,68.04,77.15,76.14,8.1,107.0
G81034,CHARTER MEDICAL CENTRE,GOLDSTONE PCN,SOUTH EAST,14.96,31051.83,78.49,84.13,5.64,0.06,9.22,92.44,93.16,89.57,-2.86,109.0
C83018,CLEVELAND SURGERY,TRENT CARE PCN,MIDLANDS,38.6,12260.33,75.85,81.48,5.63,-0.0,8.42,63.85,57.76,50.66,-13.2,130.0
K84078,JERICHO HEALTH CENTRE,OXFORD CENTRAL PCN,SOUTH EAST,8.76,11105.83,73.67,79.29,5.62,0.02,8.78,92.87,85.48,87.2,-5.67,97.0
A81054,THE SALTSCAR SURGERY,REDCAR COASTAL PCN,NORTH EAST AND YORKSHIRE,29.99,8576.92,65.52,71.14,5.62,0.13,8.3,76.5,74.32,78.14,1.64,137.0
E87648,MAYFAIR MEDICAL CENTRE,WEST END & MARYLEBONE PCN,LONDON,15.7,3925.42,47.26,52.87,5.61,0.13,7.61,93.56,95.26,93.61,0.05,120.0
P81061,REDLAM SURGERY,BLACKBURN WEST PCN,NORTH WEST,36.73,4484.25,45.27,50.88,5.61,0.18,13.32,71.87,78.98,82.81,10.95,113.0
B86013,THE NORTH LEEDS MEDICAL PRACTICE,"BURMANTOFTS, HAREHILLS & RICHMOND HILL PCN",NORTH EAST AND YORKSHIRE,32.74,20663.5,76.7,82.3,5.6,0.03,8.11,67.82,81.53,67.08,-0.74,110.0
A89025,SUNDERLAND GP ALLIANCE MEDICAL PRACTICE,WASHINGTON PCN,NORTH EAST AND YORKSHIRE,30.92,10217.75,72.16,77.77,5.6,0.08,8.53,71.21,69.35,79.83,8.62,97.0
N82663,HORNSPIT MEDICAL CENTRE,LIVERPOOL FIRST PCN,NORTH WEST,29.96,4457.25,44.66,50.26,5.6,0.06,6.7,78.44,78.9,92.7,14.26,121.0
A88608,RAVENSWORTH SURGERY,SOUTH TYNESIDE WEST PCN,NORTH EAST AND YORKSHIRE,33.83,5913.67,73.83,79.42,5.59,0.08,10.37,79.2,78.31,85.86,6.66,120.0
F84016,THE MISSION PRACTICE,TOWER HAMLETS NETWORK 1 PCN,LONDON,35.04,12064.83,72.02,77.6,5.58,0.3,7.55,53.76,55.47,61.62,7.86,85.0
H82095,WITTERINGS MEDICAL CENTRE,CHICHESTER ALLIANCE OF MEDICAL PRACTICES PCN,SOUTH EAST,14.73,10477.58,66.43,72.01,5.58,0.06,13.36,73.96,73.28,77.13,3.16,130.0
M84022,MANOR COURT SURGERY,NUNEATON & BEDWORTH PCN,MIDLANDS,29.34,8441.17,36.0,41.57,5.57,0.07,11.44,66.82,62.41,61.42,-5.4,97.0
F86081,KENWOOD MEDICAL,FAIRLOP PCN,LONDON,14.79,6757.08,67.85,73.42,5.56,0.15,3.91,83.45,87.45,86.5,3.05,108.0
H83031,HALING PARK MEDICAL PRACTICE,GPNET5 PCN,LONDON,22.51,3758.17,42.06,47.62,5.56,0.01,13.91,79.78,79.21,81.09,1.31,89.0
L81132,WESTFIELD SURGERY,THREE VALLEYS HEALTH PCN,SOUTH WEST,14.44,5240.75,51.7,57.25,5.55,0.04,16.45,88.05,88.73,90.19,2.14,107.0
C83049,DR SINHA & PARTNERS,FIRST COASTAL PCN,MIDLANDS,26.04,9811.33,55.82,61.36,5.55,0.03,18.66,68.22,74.25,77.5,9.28,109.0
A83014,BELMONT & SHERBURN MEDICAL GROUP,DURHAM EAST PCN,NORTH EAST AND YORKSHIRE,21.48,6225.0,62.93,68.47,5.54,0.18,3.91,64.07,76.2,81.4,17.33,88.0
N85634,VITTORIA MED CTR K,BIRKENHEAD PCN,NORTH WEST,54.57,1860.92,76.52,82.04,5.52,0.21,17.2,82.97,95.58,89.62,6.65,100.0
C84011,ELMSWOOD SURGERY,BESTWOOD AND SHERWOOD PCN,MIDLANDS,23.16,9324.75,78.09,83.6,5.5,0.01,9.38,87.22,83.57,79.06,-8.16,107.0
E84044,THE NORTHWICK SURGERY,SPHERE PCN,LONDON,20.1,11318.92,81.48,86.97,5.49,0.05,10.55,79.3,78.26,61.47,-17.84,83.0
K81034,CROSBY HOUSE SURGERY,CENTRAL SLOUGH NETWORK PCN,SOUTH EAST,25.26,12051.25,50.19,55.65,5.47,0.09,12.08,63.57,70.63,73.03,9.46,76.0
A82026,THE JAMES COCHRANE PRACT.,KENDAL PCN,NORTH WEST,11.24,17374.92,64.12,69.58,5.47,0.12,12.73,80.43,80.72,75.57,-4.86,95.0
F83039,THE RISE GROUP PRACTICE,NORTH 2 ISLINGTON PCN,LONDON,30.97,4882.25,66.4,71.87,5.47,0.08,10.6,70.02,70.66,83.16,13.14,91.0
E87702,THE SURGERY,K AND C SOUTH PCN,LONDON,12.33,3122.08,50.49,55.97,5.47,0.22,14.69,80.62,83.35,92.03,11.41,103.0
M81034,SALTERS MEDICAL PRACTICE,SOUTH WORCS DROITWITCH & OMBERSLEY PCN,MIDLANDS,18.32,8787.25,49.29,54.77,5.47,0.14,13.66,81.25,83.5,82.76,1.5,104.0
Y01281,THE VILLAGE SURGERY,HAVANT AND WATERLOOVILLE PCN,SOUTH EAST,9.73,4588.5,55.43,60.89,5.46,0.09,11.91,97.96,93.29,93.55,-4.41,131.0
E82027,PARKFIELD MEDICAL CENTRE,POTTERS BAR PCN,EAST OF ENGLAND,12.16,12855.08,60.28,65.75,5.46,0.07,17.09,71.06,83.22,72.56,1.49,116.0
F84658,SANGAM PRACTICE,NEWHAM NORTH EAST 1 PCN,LONDON,35.93,9884.17,69.29,74.76,5.46,0.06,5.34,65.63,71.45,72.24,6.61,108.0
K84055,DEDDINGTON HEALTH CENTRE,NORTH OXFORDSHIRE RURAL ALLIANCE (NORA) PCN,SOUTH EAST,9.85,12057.25,67.18,72.64,5.45,0.05,14.16,65.15,77.34,85.61,20.47,110.0
H82087,BARN SURGERY,COASTAL AND SOUTH DOWNS PCN,SOUTH EAST,9.4,3891.0,89.04,94.5,5.45,0.18,10.1,80.33,81.96,75.17,-5.16,129.0
A82029,THE CROFT SURGERY,KESWICK & SOLWAY PCN,NORTH EAST AND YORKSHIRE,17.63,3487.58,70.85,76.29,5.44,0.12,31.27,98.57,91.62,91.79,-6.77,130.0
Y01756,STOURSIDE MEDICAL PRACTICE,HALESOWEN PCN,MIDLANDS,20.34,6182.25,67.68,73.12,5.44,0.12,16.12,84.79,93.58,89.88,5.09,111.0
C81075,HENMORE HEALTH - BRAILSFORD SURGERY,Unallocated,MIDLANDS,10.84,5184.5,74.2,79.64,5.44,0.03,2.31,63.27,73.89,74.09,10.82,168.0
A83074,PEASE WAY MEDICAL CENTRE,SEDGEFIELD 1 PCN,NORTH EAST AND YORKSHIRE,33.51,12156.58,71.24,76.68,5.43,0.03,13.3,71.2,71.25,64.78,-6.41,91.0
K84003,ISLIP SURGERY,"KIDLINGTON, ISLIP, WOODSTOCK & YARNTON (KIWY) PCN",SOUTH EAST,11.79,6883.0,50.47,55.88,5.42,0.07,18.61,86.26,92.06,91.51,5.26,111.0
B82078,LEYBURN MEDICAL PRACTICE,RICHMONDSHIRE PCN,NORTH EAST AND YORKSHIRE,14.24,6135.92,62.79,68.2,5.41,0.08,22.04,83.88,80.41,96.49,12.61,112.0
L84052,SEVERNSIDE MEDICAL PRACTICE,GLOUCESTER INNER CITY PCN,SOUTH WEST,34.2,9576.08,52.69,58.1,5.41,0.04,13.45,74.95,74.22,75.59,0.64,104.0
G82802,CANTERBURY HEALTH CENTRE,CANTERBURY NORTH PCN,SOUTH EAST,19.66,7833.0,76.74,82.14,5.4,0.04,9.57,76.15,70.5,74.32,-1.82,95.0
C81101,LIME GROVE MEDICAL CENTRE,DERBYSHIRE DALES PCN,MIDLANDS,17.04,8355.92,67.54,72.94,5.4,0.09,14.15,81.01,89.77,86.43,5.42,84.0
F81181,ADDISON HOUSE - HAQUE PRACTICE,HARLOW NORTH PCN,EAST OF ENGLAND,23.86,23384.08,53.25,58.63,5.38,0.11,6.81,31.6,54.75,44.55,12.96,89.0
F86082,ILFORD LANE SURGERY,LOXFORD PCN,LONDON,31.77,6386.17,67.7,73.09,5.38,0.08,16.45,63.53,61.51,58.64,-4.89,109.0
D82043,WATLINGTON MEDICAL CENTRE,FENS & BRECKS PCN,EAST OF ENGLAND,20.51,6801.83,79.98,85.34,5.36,0.01,10.94,90.35,80.35,68.57,-21.78,113.0
F83632,QUEENS CRESCENT PRACTICE,KENTISH TOWN SOUTH PCN,LONDON,34.16,6697.08,42.6,47.96,5.35,0.07,12.22,75.79,75.61,79.58,3.79,111.0
L84063,RENDCOMB SURGERY,SOUTH COTSWOLDS PCN,SOUTH WEST,13.83,4868.75,81.18,86.52,5.34,0.03,12.93,88.8,92.31,94.09,5.29,108.0
M88628,DR SINGH M,SWB CENTRAL HEALTH PARTNERSHIPS PCN,MIDLANDS,35.41,3448.92,72.32,77.65,5.33,0.04,10.44,69.52,66.53,73.03,3.51,94.0
E84063,LANCELOT MEDICAL CENTRE,BRENT WEST KWH PCN,LONDON,28.61,8654.25,58.99,64.3,5.32,0.02,5.79,73.89,86.35,69.05,-4.84,86.0
L81600,HARBOURSIDE FAMILY PRACTICE,GORDANO VALLEY PCN,SOUTH WEST,7.03,11407.17,53.25,58.56,5.3,0.12,12.88,83.84,85.63,84.55,0.71,108.0
D81003,YORK STREET MEDICAL PRACTICE,CAMBRIDGE CITY PCN,EAST OF ENGLAND,11.65,10891.83,49.42,54.71,5.3,0.06,19.66,82.79,77.84,81.95,-0.84,102.0
F84632,THE GREENHOUSE WALK-IN,WELL STREET COMMON PCN,LONDON,30.29,1384.17,78.76,84.07,5.3,0.13,32.17,78.74,70.33,90.4,11.66,77.0
B83031,OAK GLEN SURGERY,THE BINGLEY BUBBLE PCN,NORTH EAST AND YORKSHIRE,10.7,3977.58,54.38,59.67,5.29,0.09,9.39,88.34,90.9,89.2,0.86,97.0
G85052,OLD KENT ROAD SURGERY,NORTH SOUTHWARK PCN,LONDON,28.76,10506.92,70.64,75.93,5.29,0.05,3.12,74.42,74.54,77.66,3.24,87.0
D82087,PROSPECT MEDICAL PRACTICE,NORWICH EAST PCN,EAST OF ENGLAND,36.33,6912.0,54.08,59.37,5.29,0.12,10.88,76.75,77.38,72.72,-4.04,98.0
C81026,ADAM HOUSE MEDICAL CENTRE,EREWASH PCN,MIDLANDS,17.83,6475.33,81.86,87.15,5.29,0.02,6.8,61.23,76.57,68.56,7.33,105.0
E82661,THE GARDEN CITY SURGERY,ICKNIELD PCN,EAST OF ENGLAND,17.88,8180.83,88.34,93.62,5.28,-0.05,8.78,60.42,50.96,50.79,-9.63,116.0
L83105,CASTLE GARDENS SURGERY,TORRIDGE PCN,SOUTH WEST,22.16,6814.92,78.21,83.5,5.28,0.11,16.24,81.11,80.18,91.79,10.68,115.0
J81073,THE BRIDGES MEDICAL CTR.,WEYMOUTH & PORTLAND PCN,SOUTH WEST,26.94,17033.08,59.44,64.7,5.26,0.1,17.93,92.11,95.21,93.67,1.56,126.0
P81692,BEECHES MEDICAL CENTRE,PRESTON & SOUTH RIBBLE PCN,NORTH WEST,8.65,2062.25,69.94,75.21,5.26,-0.03,9.57,90.83,89.16,74.06,-16.77,96.0
E82077,DAVENPORT HOUSE SURGERY,HARPENDEN HEALTH PCN,EAST OF ENGLAND,4.42,12764.17,61.52,66.77,5.25,0.01,16.11,59.72,72.93,85.5,25.79,122.0
F84087,HARFORD HEALTH CENTRE,TOWER NETWORK PCN,LONDON,36.91,9801.25,42.44,47.68,5.24,0.1,9.88,40.47,41.19,59.89,19.42,86.0
C83059,GREYFRIARS SURGERY,BOSTON PCN,MIDLANDS,30.75,13915.42,87.29,92.53,5.23,0.21,8.11,69.11,69.87,73.27,4.16,102.0
B81011,KINGSTON HEALTH (HULL),HASP PCN - HULL ASSOCIATION OF SIMILAR PRACTICES,NORTH EAST AND YORKSHIRE,33.68,10378.5,63.73,68.96,5.23,0.05,12.02,78.59,73.72,78.12,-0.47,114.0
C87622,GATEWAY PRIMARY CARE,RAVEN PCN,NORTH EAST AND YORKSHIRE,46.45,10279.75,72.98,78.21,5.23,0.08,7.55,79.14,81.18,82.83,3.69,103.0
M87025,LIMESTONE SURGERY,DUDLEY AND NETHERTON PCN,MIDLANDS,39.33,4957.75,52.61,57.83,5.22,0.23,12.05,75.68,68.35,70.29,-5.39,134.0
E86006,THE DEVONSHIRE LODGE PRACTICE,NORTH CONNECT PCN,LONDON,9.43,8404.92,56.06,61.28,5.22,0.09,10.24,82.35,76.82,86.17,3.82,119.0
K84017,WINDRUSH MEDICAL PRACTICE,EYNSHAM & WITNEY PCN,SOUTH EAST,10.8,21172.17,68.98,74.2,5.22,0.06,14.59,82.16,79.11,80.93,-1.23,107.0
M81011,OMBERSLEY MEDICAL CENTRE,SOUTH WORCS DROITWITCH & OMBERSLEY PCN,MIDLANDS,16.93,6715.0,74.61,79.82,5.21,0.07,15.41,91.19,98.18,98.33,7.14,120.0
L81050,CLOSE FARM SURGERY,4PCN (BNSSG) PCN,SOUTH WEST,9.66,7363.58,67.92,73.13,5.21,0.08,15.54,82.61,82.85,86.38,3.77,119.0
G82018,SUN LANE,FOLKESTONE HYTHE & RURAL PCN,SOUTH EAST,19.34,5398.67,48.9,54.1,5.21,0.21,8.15,74.36,62.31,71.98,-2.38,110.0
G81048,CARISBROOKE SURGERY,HASTINGS & ST LEONARDS PCN,SOUTH EAST,34.89,8502.25,53.06,58.26,5.2,0.11,13.36,82.57,86.17,86.62,4.05,122.0
J81053,CERNE ABBAS SURGERY,MID DORSET PCN,SOUTH WEST,16.84,4151.5,65.39,70.6,5.2,0.09,13.25,98.89,99.0,91.4,-7.49,113.0
K84035,THE BELL SURGERY,HENLEY SONNET PCN,SOUTH EAST,7.18,10777.0,54.29,59.49,5.2,0.11,12.27,91.95,93.28,94.22,2.27,117.0
L85624,CHURCH VIEW MEDICAL CENTRE,"CHARD, ILMINSTER & LANGPORT (CLICK) PCN",SOUTH WEST,17.66,4216.17,75.62,80.82,5.19,0.05,17.2,94.68,90.35,97.55,2.86,111.0
P82037,FIG TREE MEDICAL PRACTICE,FARNWORTH & KEARSLEY PCN,NORTH WEST,41.48,4625.58,55.01,60.19,5.18,0.14,12.68,88.49,89.22,72.21,-16.28,100.0
M83059,ABBOTS BROMLEY SURGERY,EAST STAFFORDSHIRE PCN,MIDLANDS,10.8,3796.92,60.13,65.31,5.18,0.15,14.61,97.55,96.57,98.11,0.56,89.0
M85175,THE HAWTHORNS SURGERY,ALLIANCE OF SUTTON PRACTICES PCN,MIDLANDS,10.95,10611.83,59.68,64.86,5.18,0.08,17.54,78.19,75.56,80.74,2.56,120.0
M88041,HAWTHORNS MEDICAL CENTRE,OLDBURY & SMETHWICK PCN,MIDLANDS,41.9,3534.92,69.21,74.39,5.18,0.14,4.83,41.46,44.94,60.07,18.61,74.0
F81186,FELMORES MEDICAL CENTRE,EAST BASILDON PCN,EAST OF ENGLAND,36.51,7089.92,76.42,81.58,5.17,0.1,2.82,56.34,51.52,67.59,11.26,114.0
G81021,FOUNDRY HEALTHCARE LEWES,FOUNDRY HEALTHCARE LEWES PCN,SOUTH EAST,15.04,28573.5,57.83,63.0,5.17,0.04,16.97,77.0,80.07,77.49,0.49,215.0
E84699,KINGS EDGE MEDICAL CENTRE,BRENT NORTH KWH PCN,LONDON,22.28,4002.17,63.25,68.41,5.16,0.14,4.26,77.03,80.97,88.18,11.14,78.0
G85061,WOOLSTONE MEDICAL CENTRE,APLOS HEALTH PCN,LONDON,24.34,9312.58,64.09,69.24,5.15,0.04,8.94,90.16,88.54,92.66,2.5,113.0
E86612,SHAKESPEARE HEALTH CENTRE,LONG LANE FIRST CARE GROUP PCN,LONDON,26.13,5459.0,29.88,35.04,5.15,0.19,16.56,76.13,67.6,69.12,-7.01,81.0
D82057,CAMPINGLAND SURGERY,SWAFFHAM & DOWNHAM MARKET PCN,EAST OF ENGLAND,23.55,7394.17,62.81,67.96,5.14,0.1,14.5,73.67,78.95,78.85,5.19,125.0
L82054,ST. AGNES SURGERY,COASTAL (KERNOW) PCN,SOUTH WEST,18.35,9173.92,81.72,86.85,5.13,0.15,18.49,97.42,91.06,92.6,-4.82,104.0
B82038,HAXBY GROUP SCARBOROUGH,SCARBOROUGH CORE PCN,NORTH EAST AND YORKSHIRE,32.55,25006.0,59.21,64.34,5.13,0.1,12.42,56.68,53.08,64.85,8.17,116.0
A81063,THE HEADLAND MEDICAL CENTRE,HARTLEPOOL HEALTH PCN,NORTH EAST AND YORKSHIRE,40.06,5382.67,62.89,68.02,5.13,0.1,7.84,73.35,76.83,76.37,3.02,105.0
C82037,EAST PARK MEDICAL CENTRE (RP PANDYA),BELGRAVE & SPINNEY HILL PCN,MIDLANDS,30.44,10540.17,70.96,76.09,5.12,0.11,12.57,68.92,74.86,72.33,3.41,98.0
J82196,HOMEWELL CURLEW PRACTICE,STRAWBERRY HEALTH PCN,SOUTH EAST,32.35,15264.25,46.61,51.74,5.12,0.06,13.15,68.23,65.17,79.44,11.21,102.0
M87005,THREE VILLAGES MEDICAL PRACTICE,BRIERLEY HILL PCN,MIDLANDS,16.2,12833.25,67.84,72.96,5.12,0.1,14.32,69.79,69.44,85.13,15.34,94.0
H85682,TUDOR LODGE HEALTH CENTRE,PRIME WANDSWORTH PCN,LONDON,20.29,10896.17,61.2,66.32,5.12,0.04,12.43,82.22,85.32,78.74,-3.47,89.0
E82004,HATFIELD ROAD SURGERY,ALLIANCE PCN,EAST OF ENGLAND,11.24,5212.83,31.41,36.52,5.11,0.04,7.52,39.92,61.27,57.17,17.25,84.0
J84005,ESPLANADE SURGERY,NORTH & EAST (IW) PCN,SOUTH EAST,27.73,8798.33,72.51,77.62,5.11,-0.05,10.26,73.09,78.41,72.19,-0.9,112.0
C83061,NORTH THORESBY SURGERY,EAST LINDSEY PCN,MIDLANDS,15.44,9015.25,78.98,84.09,5.11,0.23,11.89,70.02,80.39,76.13,6.11,107.0
M87638,THORNS ROAD SURGERY,BRIERLEY HILL PCN,MIDLANDS,23.69,3879.83,76.47,81.58,5.11,0.1,5.09,87.65,83.06,81.02,-6.63,104.0
B81642,DR OZ QURESHI,PANACEA PCN,NORTH EAST AND YORKSHIRE,19.28,4324.92,70.51,75.61,5.1,0.16,8.88,77.32,87.27,85.74,8.42,111.0
K84028,BANBURY CROSS HEALTH CENTRE,BANBURY CROSS PCN,SOUTH EAST,16.86,42138.67,61.36,66.46,5.1,0.1,9.83,58.0,62.26,68.32,10.32,169.0
C83008,SWINGBRIDGE SURGERY,GRANTHAM AND RURAL PCN,MIDLANDS,23.34,7335.17,76.84,81.94,5.1,-0.03,15.09,72.54,81.8,75.55,3.01,119.0
N81067,OAKWOOD MEDICAL CENTRE,NORTHWICH PCN,NORTH WEST,15.23,9139.17,55.79,60.9,5.1,0.03,8.99,72.84,79.75,65.24,-7.6,99.0
N82094,BELLE VALE HEALTH CENTRE,IGPC PCN,NORTH WEST,37.66,8447.0,65.1,70.18,5.07,0.06,15.53,74.11,74.41,68.04,-6.07,98.0
J82001,BURGESS ROAD SURGERY,SOUTHAMPTON CENTRAL PCN,SOUTH EAST,20.89,9993.92,78.23,83.3,5.07,0.08,6.15,85.58,76.38,86.14,0.56,100.0
F84017,STAR LANE MEDICAL CENTRE,SOUTH ONE NEWHAM PCN,LONDON,32.41,20560.0,50.84,55.9,5.06,0.16,5.81,76.07,71.85,61.97,-14.1,88.0
A82036,THE LAKES MEDICAL PRACTICE,EDEN (CUMBRIA) PCN,NORTH EAST AND YORKSHIRE,14.52,11315.33,29.23,34.29,5.06,-0.0,9.69,88.22,87.13,82.88,-5.34,113.0
E85113,REDWOOD PRACTICE,HOUNSLOW HEALTH PCN,LONDON,20.22,7266.0,80.5,85.55,5.05,0.04,11.67,93.85,98.91,89.36,-4.5,97.0
G81669,BROADWAY SURGERY,EAST & CENTRAL BRIGHTON PCN,SOUTH EAST,43.09,2182.58,50.73,55.78,5.05,0.13,9.77,86.42,87.24,85.27,-1.15,97.0
F84710,ISLAND HEALTH,TOWER HAMLETS NETWORK 8 PCN,LONDON,21.5,14187.25,50.85,55.89,5.04,0.04,11.33,50.74,61.72,55.05,4.31,130.0
F84669,CENTRAL PARK SURGERY,NEWHAM CENTRAL 1 PCN,LONDON,32.77,10392.33,61.89,66.93,5.04,0.11,9.09,59.09,60.36,64.06,4.96,106.0
K84026,OBSERVATORY MEDICAL PRACTICE,OXFORD CENTRAL PCN,SOUTH EAST,7.44,12741.08,60.82,65.86,5.03,0.08,11.63,89.13,77.46,83.69,-5.44,111.0
C88040,OUGHTIBRIDGE SURGERY,UPPER DON VALLEY PCN,NORTH EAST AND YORKSHIRE,14.84,6016.67,78.65,83.68,5.03,0.06,11.48,73.62,92.13,90.0,16.38,107.0
P84644,PARKSIDE SURGERY,ARDWICK AND LONGSIGHT PCN,NORTH WEST,53.76,7156.83,82.28,87.3,5.02,0.03,12.19,68.83,74.53,67.27,-1.56,64.0
C82096,HUGGLESCOTE SURGERY,NORTH WEST LEICESTERSHIRE PCN,MIDLANDS,15.49,9970.75,74.67,79.68,5.01,-0.05,17.88,57.69,71.02,61.91,4.22,85.0
M85141,SCHOOLACRE ROAD SURGERY,SHARD END AND KITTS GREEN PCN,MIDLANDS,47.74,3076.17,73.22,78.23,5.01,0.1,17.68,91.58,89.36,82.3,-9.28,134.0
K84046,WYCHWOOD SURGERY,NORTH OXFORDSHIRE RURAL ALLIANCE (NORA) PCN,SOUTH EAST,9.93,6202.42,77.02,82.03,5.01,0.14,23.04,93.08,96.51,97.61,4.53,112.0
Y01652,THE NEW SPRINGWELLS PRACTICE,K2 HEALTHCARE SLEAFORD PCN,MIDLANDS,20.03,6157.58,75.2,80.2,5.0,0.05,14.55,91.64,92.04,95.04,3.4,115.0
