gp_code,partner_fte,salaried_fte,locum_fte,registrar_fte,foundation_other_fte,nurse_fte,dpc_fte,admin_fte
A81001,2.0,0.0,0.0,1.706666667,0.0,0.52,0.426666667,7.293333333
A81002,6.546666667,0.0,0.0,1.706666667,1.066666667,6.48,5.186666667,26.0
A81004,1.0,2.266666667,0.0,0.0,0.0,5.746666667,0.9,16.01333333
A81005,3.306666667,0.0,0.0,2.6,0.0,2.0,0.613333333,12.88346667
A81006,5.98,0.0,0.0,2.24,0.0,5.64,3.306666667,18.37333333
A81007,4.200266666,3.853333333,0.0,2.853333333,0.0,1.493333333,2.0,17.01333333
A81009,1.06,1.886666667,0.0,0.0,0.0,3.88,1.0,12.26666667
A81011,3.0,0.8,0.0,0.0,0.0,3.933333333,3.026666667,11.99066667
A81012,2.12,1.226666667,0.0,0.0,0.0,1.773333333,2.0,6.853333333
A81013,3.000266667,0.0,0.0,1.066666667,0.0,2.2968,0.893333333,11.44
A81014,1.3512,0.0,0.0,0.0,0.0,1.213333333,0.56,5.52
A81016,1.96,0.946666667,0.0,0.0,1.066666667,7.28,3.301130191,18.33333333
A81017,5.565066666,0.826666667,0.0,2.346666667,0.0,5.293333333,1.586666667,21.11333333
A81018,0.890133333,2.666666667,0.0,0.0,0.0,4.6,2.106666667,14.73333333
A81019,2.2,2.0,0.0,0.0,0.0,1.426666667,1.413333333,10.28
A81020,2.333333334,2.218666667,0.0,1.92,0.0,2.773333333,2.24,8.186666667
A81021,8.3536,2.133333333,0.0,0.0,0.0,9.88,5.84,35.01333333
A81022,3.2,1.114666667,0.0,1.92,0.0,3.12,3.28,14.66666667
A81023,2.04,2.733333333,0.0,0.0,0.0,2.08,2.026666667,9.96
A81025,2.12,0.0,0.0,2.133333334,0.0,0.72,0.533333333,5.433333334
A81026,5.0736,3.493333333,0.0,3.1333333339999996,1.066666667,4.92,2.98,27.57333333
A81027,4.12,1.656,0.0,2.666666667,0.0,3.666666667,3.6,17.36
A81029,2.0,1.386666667,0.0,1.066666667,0.0,1.653333333,0.64,9.546666667
A81030,3.733333333,3.866666667,0.0,2.773333333,0.0,4.773333333,3.306666667,28.14
A81031,3.552,1.2,0.0,3.626666667,1.066666667,7.6,1.653333333,17.32
A81032,4.260266667,0.670133333,0.0,3.733333333,0.0,4.693333333,2.333333333,14.54666667
A81034,8.266666666999999,4.506666667,0.0,4.693333334,1.066666667,2.426666667,10.78666667,23.81333333
A81035,3.170666667,1.773333333,0.0,1.386666667,0.0,2.373333333,1.933333333,16.66453333
A81036,5.288533333,1.884426667,0.0,1.92,0.0,6.466666667,4.9048,26.1984
A81037,1.780266667,1.493333333,0.0,0.0,0.0,2.053333333,1.2,8.013333333
A81038,1.96,0.0,0.0,0.0,0.0,0.64,0.96,5.786666667
A81039,3.786666667,1.186666667,0.0,2.133333333,0.0,3.48,0.533333333,14.86666667
A81040,3.983466667,0.0,0.0,0.853333333,1.066666667,1.6,1.333333333,13.76
A81041,2.96,0.533333333,0.0,0.0,0.0,2.506666667,2.093333333,10.8
A81042,2.613333334,6.647999999,0.0,2.133333334,0.0,6.92,6.693333333,24.73066667
A81044,9.56,0.0,0.0,4.16,0.0,10.56,3.88,33.2
A81045,0.0,1.0,0.0,3.84,0.0,1.44,2.893333333,11.34666667
A81046,3.813333333,1.12,0.0,3.2000000010000003,0.0,4.493333333,1.64,17.89333333
A81048,1.8674666659999999,0.0,0.0,2.986666667,0.0,2.653333333,4.026666667,11.87653333
A81049,2.0,0.0,0.0,1.92,1.066666667,0.933333333,0.986666667,8.293333333
A81051,2.666666666,0.666666667,0.0,0.0,0.0,1.76,1.52,11.36
A81052,3.533333333,2.506666667,0.0,0.853333333,0.0,5.380238298,6.56,15.60666667
A81053,0.8888,2.354666667,0.0,0.0,0.0,2.146666667,2.026666667,8.173333333
A81054,2.266666666,1.293333333,0.0,0.0,0.0,5.546666667,1.213333333,15.5
A81056,1.22,0.0,0.0,0.0,0.0,0.746666667,0.0,2.98
A81057,3.1402666669999997,0.266666667,0.0,1.92,0.0,3.96,0.670133333,12.00026667
A81058,4.36,0.5,0.0,0.853333333,0.0,4.046666667,1.72,14.09333333
A81060,1.2,0.0,0.4,0.0,0.0,2.72,2.333333333,6.466666667
A81063,2.110933333,0.0,0.0,0.0,0.0,1.893333333,1.653333333,8.506666667
A81064,1.970133333,0.0,0.0,0.0,0.0,4.52,1.16,11.16
A81065,0.0,0.0,0.4,0.0,0.0,1.44,1.36,3.546666667
A81066,3.0,0.0,0.0,1.92,0.0,1.066666667,0.4,6.973333333
A81067,3.133333333,2.813333333,0.0,1.92,0.0,2.573333333,1.693333333,14.8
A81070,0.0,0.0,0.0,0.0,0.0,1.0,0.0,2.8
A81602,1.0,0.0,0.0,0.0,0.0,1.333333333,0.0,3.493333333
A81608,4.445333334,1.866666667,0.0,3.626666666,0.0,1.866666667,3.853333333,15.06666667
A81610,2.133333333,0.0,0.0,0.0,0.0,3.788,0.0,5.733333333
A81611,3.5,1.64,0.0,1.706666666,0.0,3.093333333,2.5,10.92
A81612,1.7333333340000001,0.533333333,0.0,0.0,0.0,1.48,0.586666667,5.746666667
A81618,2.8434666660000003,1.2,0.0,1.066666667,0.0,5.08,1.406666667,11.42666667
A81621,1.96,0.88,0.0,0.853333333,0.0,4.6,1.786666667,8.386666667
A81622,1.713082103,0.0,0.0,0.0,0.0,0.733333333,0.946666667,5.88
A81629,2.4,0.0,0.0,0.0,0.0,2.013333333,0.573333333,6.68
A81631,3.0,0.442666667,0.0,1.066666667,0.0,4.226666667,1.026666667,9.533333333
A81634,0.0,0.0,0.0,0.0,0.0,1.066666667,0.0,5.706666667
A82003,5.3999999999999995,1.093333333,0.0,3.2,1.066666667,3.44,3.186666667,19.52666667
A82004,0.0,1.7999999999999998,0.0,1.066666667,0.0,4.763872527,3.590202116,3.853333333
A82005,0.0,3.834666667,0.0,0.0,0.0,4.165978958,5.103535449,11.22501568
A82006,1.0,1.48,0.0,0.0,0.0,2.052,4.066666667,8.88
A82007,2.426666667,1.9733333339999999,0.0,0.0,0.0,3.733333333,5.266666667,10.68
A82008,6.373333334,1.04,0.0,3.626666667,0.0,2.533333333,1.48,15.90666667
A82009,3.0,2.92,0.0,1.706666667,0.0,1.866666667,2.453333333,11.4
A82010,3.36,0.0,0.0,0.0,0.0,2.773333333,2.48,11.74666667
A82012,4.570666667,3.066666667,0.0,3.2,0.0,9.346666667,17.11333333,29.66
A82013,0.0,3.96,0.0,0.0,0.0,6.916453193,6.437138881,10.93333333
A82014,4.053333333,0.0,0.0,3.6266666670000003,0.0,2.446666667,5.393333333,6.72
A82015,0.0,0.0,0.0,0.0,0.0,1.533333333,0.426666667,7.626666667
A82016,8.146666667,8.773333333,0.0,5.333333333000001,0.0,21.13333333,6.386666667,64.09333333
A82018,3.84,2.853333333,0.0,1.386666667,0.0,4.306666667,3.346666667,16.94666667
A82020,0.0,8.226666667,0.0,0.0,1.066666667,9.246666667,1.933333333,18.73333333
A82021,5.72,1.92,0.666666667,1.706666667,2.133333333,6.466666667,2.52,18.29333333
A82022,1.8,1.706666667,0.0,1.92,1.066666667,1.12,2.106666667,11.22666667
A82023,1.866666667,1.866666667,0.0,3.2,0.0,2.133333333,7.506666667,8.726666667
A82024,0.666666667,1.0,0.0,0.0,0.0,2.52,1.68,11.26666667
A82025,3.413333333,2.685866667,0.0,1.066666667,0.0,4.18,2.36,14.32501568
A82026,3.44,4.416,0.0,3.2,0.0,7.173333334,10.62666667,26.02666667
A82027,1.6,2.832,0.749333333,1.066666667,1.066666667,0.786666667,4.86,12.66666667
A82028,3.706666667,1.64,0.0,3.84,0.0,2.533333333,4.466666667,10.32
A82029,2.24,1.08,0.0,2.133333334,0.0,0.96,0.693333333,7.253333333
A82030,2.453333333,0.213333333,0.0,1.173333333,0.0,3.36,0.32,12.0
A82031,1.306666667,0.0,0.0,2.133333333,0.0,0.693333333,4.586666667,5.466666667
A82032,2.746666667,4.8,0.0,1.066666667,0.0,11.9,5.426666667,23.37168235
A82033,0.0,3.5999999999999996,0.0,0.0,0.0,6.302847137,4.84,10.71379298
A82035,3.546666667,4.126666667,0.0,4.266666667,0.0,4.786666667,7.146666667,23.33333333
A82036,0.8,1.906666667,0.0,1.706666667,1.066666667,5.013333333,8.546666667,11.08
A82037,1.973333334,0.986666667,0.0,0.0,0.0,1.493333333,0.826666667,7.893333333
A82038,1.0,2.0,0.0,0.0,0.0,2.413333333,6.04,9.386666667
A82039,3.953333334,0.0,0.106666667,4.693333333,0.0,1.733333333,2.0,12.13333333
A82041,0.0,0.853333333,0.0,5.333333333,1.066666667,4.266666667,1.306666667,14.33333333
A82044,0.0,6.48,0.0,1.6,1.066666667,12.42666667,7.44,33.69333333
A82045,2.133333333,2.826666667,0.0,1.066666667,0.0,4.933333333,2.4,15.73333333
A82046,0.0,3.3566666659999997,0.0,0.0,0.0,3.851936263,3.206666667,7.971682348
A82047,2.554666667,6.022133333,0.0,1.066666667,0.0,26.98177825,16.04473659,61.84
A82053,2.266666667,4.198283065,0.0,2.133333334,1.066666667,0.533333333,2.626666667,13.08
A82055,2.2800000000000002,1.793333334,0.0,2.9866666669999997,0.0,2.4,1.626666667,6.36
A82062,2.08,0.8,0.0,1.066666667,2.133333333,0.72,1.866666667,7.2
A82064,2.0,0.0,0.0,4.266666666,0.0,5.986666667,1.44,12.88
A82068,1.813333333,0.0,0.0,0.0,1.066666667,1.733333333,0.0,7.413333333
A82070,3.986666667,0.36,0.0,2.133333333,0.0,1.899290639,4.22,10.15333333
A82071,0.666666667,0.533333333,0.426666667,0.0,1.066666667,0.693333333,1.36,6.64
A82072,0.8,0.373333333,0.0,0.0,0.0,3.786666667,3.466666667,10.24
A82075,2.4,1.626666667,0.0,1.066666667,0.0,4.293333333,4.306666667,10.45333333
A82608,2.266666667,1.466666667,0.382303741,1.066666667,0.0,1.933333333,2.706666667,6.373333333
A82613,1.413333333,0.0,0.0,0.0,0.0,0.0,0.0,1.28
A82617,1.0,1.146666667,0.0,0.0,0.0,1.213333333,0.733333333,6.226666667
A82620,0.0,2.063298377,0.0,0.0,0.0,1.165957305,1.386666667,0.16
A82629,2.6799999999999997,0.0,0.0,0.0,0.0,0.0,0.426666667,2.8
A82631,1.6,0.888533333,0.0,1.92,1.066666667,1.0,3.573333333,10.54666667
A82646,1.28,1.346666667,0.0,0.0,0.0,1.48,0.8,5.586666667
A82647,1.066666667,1.346666667,0.0,1.493333333,1.066666667,0.64,4.106666667,7.2
A82650,1.4,0.0,0.0,0.0,0.0,1.013333333,1.866666667,7.306666667
A82651,1.413333333,1.26,0.0,0.0,0.0,2.586666667,1.973333333,10.13333333
A82654,1.0,1.0,0.0,2.133333334,0.0,3.433333333,0.533333333,12.09333333
A83001,3.7,2.373333333,0.0,2.773333334,1.066666667,5.013333333,18.86666667,23.98666667
A83003,5.134933333999999,0.0,0.0,0.0,0.0,4.853333333,2.453333333,14.0
A83005,3.253333334,2.754933333,0.0,1.92,0.0,6.453333333,0.8,14.0
A83006,1.96,1.66,0.0,0.0,0.0,1.48,2.893333333,10.42666667
A83007,3.266666666,2.773333333,0.0,4.266666666,0.0,6.586666667,4.466666667,14.31546667
A83008,0.0,2.04,0.0,0.0,0.0,3.106666667,3.466666667,7.933333333
A83009,2.786666667,2.313333333,0.0,2.133333333,0.0,3.533333333,1.8,14.2
A83010,1.7776,3.546666667,0.0,0.0,0.0,6.090133333,2.906666667,13.60026667
A83011,5.690133333,5.690133333,0.0,3.2,1.066666667,8.706666667,2.693333333,23.32
A83012,0.0,7.5368,0.0,3.84,1.066666667,15.01333333,13.32,25.66666667
A83013,3.466666667,1.306666667,0.0,0.0,0.0,5.746666667,4.493333333,13.32
A83014,0.0,1.217333333,0.0,0.0,0.0,2.146666667,5.78,7.973333333
A83015,3.3002666659999997,0.125066667,0.0,1.066666667,1.066666667,2.853333333,3.0,6.573333333
A83016,2.4504,3.342133333,0.0,1.066666667,0.0,7.4,3.493333333,17.81013333
A83018,5.678666667,4.260266667,0.0,1.92,0.0,8.306666667,6.526666667,24.19333333
A83020,5.750133333,2.000266667,0.0,3.2000000010000003,0.0,6.546666667,2.853333333,15.82666667
A83021,5.317333333,0.906666667,0.0,1.066666667,0.0,10.42,3.16,24.37333333
A83022,8.214666667,2.146666667,0.0,6.186666667,0.0,12.05733333,7.045333333,37.752
A83023,1.066666667,7.2,0.0,1.066666667,0.0,5.986666667,2.933333333,16.78666667
A83024,0.890133333,0.170133333,0.0,2.773333333,1.066666667,1.6,2.6,3.333333333
A83025,3.453333333,0.8,0.0,1.066666667,0.0,9.253333334,5.56,14.38
A83026,3.3224,1.2912,0.0,1.92,2.133333333,6.013333333,3.96,14.57333333
A83027,4.517423687,0.218666667,0.0,0.0,0.0,2.56,0.986666667,6.186666667
A83028,0.666666667,2.026666667,0.0,1.066666667,0.0,3.72,3.066666667,17.04
A83029,2.4,0.333333333,0.0,0.64,2.133333333,3.44,1.293333333,10.32
A83030,6.563733333,0.0,0.0,8.533333333,1.066666667,5.5,5.973333333,19.13733333
A83031,2.666773333,0.453333333,0.0,1.066666667,0.0,4.186666667,1.466666667,12.48666667
A83032,2.340266667,0.0,0.0,0.0,0.0,0.8,0.56,4.12
A83033,2.286933333,3.28,0.0,3.2,0.0,4.706666667,4.72,20.57733333
A83034,4.133333333,1.576,0.0,1.066666667,1.066666667,3.426666667,1.0,12.29333333
A83035,3.124933333,1.518933333,0.0,1.92,0.0,2.026666667,3.746666667,11.89333333
A83036,2.586666667,3.8968,0.0,1.066666667,0.0,6.185978958,3.333333333,14.50346667
A83037,4.686666667,3.186666667,0.0,1.706666667,1.066666667,7.253333333,6.2,21.04666667
A83038,1.555733333,1.8712,0.0,1.706666667,0.0,2.08,0.773333333,8.4
A83040,3.386666667,1.026666667,0.0,3.2,0.0,4.12,3.72,13.63013333
A83041,2.0,1.843466667,0.0,1.92,0.0,4.44,4.333333333,11.30666667
A83043,1.670133333,0.0,0.0,1.706666667,0.0,0.92,0.906666667,5.466666667
A83044,2.611466666,1.315733333,0.0,3.2,0.0,3.546666667,4.306666667,12.82666667
A83045,3.4,1.208,0.0,1.066666667,0.0,8.885333333,7.706666667,23.90211063
A83046,4.32,2.403466666,0.0,3.2000000010000003,0.0,4.053333333,4.466666667,15.74666667
A83047,7.833333333,0.5,0.0,4.906666667,0.0,6.973333333,5.266666667,19.57333333
A83048,2.0,0.773333333,0.0,0.0,0.0,2.986666667,1.306666667,7.64
A83049,4.34,5.4,0.0,1.92,1.066666667,8.893333334,7.110202116,15.48
A83050,5.647526902,2.4264,0.0,2.133333333,1.066666667,4.626666667,2.826666667,17.59013333
A83051,3.84,0.453333333,0.0,4.266666667,1.066666667,5.666666667,9.253333333,17.65333333
A83052,2.2800000000000002,2.16,0.0,0.853333333,0.0,1.8,3.76,16.0
A83054,7.053333333,2.786666667,0.0,2.9866666669999997,1.066666667,7.0568,5.446666667,18.82666667
A83055,0.56,1.8368,0.0,2.133333334,1.066666667,1.093333333,1.973333333,9.16
A83057,2.890133333,5.5599999989999995,0.0,4.266666666,1.066666667,11.4,11.2,36.6
A83060,1.110133333,0.933333333,0.0,0.0,0.0,0.746666667,0.0,6.023466667
A83061,1.954666667,0.0,0.0,0.0,0.0,1.386666667,3.6,5.866666667
A83066,2.466666667,0.0,0.0,0.0,0.0,20.4,5.306666667,20.94
A83070,0.953333333,0.426666667,0.0,0.0,0.0,1.853333333,1.786666667,7.96
A83071,0.666666667,0.0,0.0,0.0,0.0,1.666666667,3.0,8.28
A83072,0.990133333,1.066666667,0.0,0.0,0.0,1.28,2.226666667,5.3768
A83073,1.86,0.0,0.0,0.0,0.0,2.433333333,1.0,6.92
A83074,2.0,2.883333333,0.0,3.2,0.0,9.666666667,6.94,17.74666667
A83075,2.2634666660000002,1.493333333,0.0,3.2,0.0,3.866666667,4.22,14.7888
A83610,0.0,0.666666667,0.0,0.0,0.0,3.28,0.973333333,6.226666667
A83616,1.0,2.546666667,0.0,1.066666667,0.0,5.653333333,1.92,13.17333333
A83617,1.066666667,0.0,0.0,0.0,0.0,0.933333333,0.0,4.986666667
A83618,3.04,3.48,0.0,0.0,0.0,2.533333333,4.066666667,14.69333333
A83619,1.0,0.0,0.0,0.0,0.0,1.4,0.88,5.053333333
A83622,0.26,0.133333333,0.0,0.0,0.0,0.8,2.133333333,2.24
A83626,0.434133333,0.0,0.0,0.0,0.0,0.213333333,1.16,1.833333333
A83627,2.560266667,2.336,0.0,2.133333334,0.0,1.893333333,1.7856,8.693333333
A83634,0.0,1.190933333,0.0,0.0,0.0,3.52,1.48,5.946666667
A83635,0.0,0.8,0.0,0.0,0.0,2.2,2.106666667,7.08
A83636,2.612,1.213333333,0.0,0.0,0.0,2.4,1.6,11.0568
A83637,1.066666667,1.0,0.0,0.0,0.0,3.8,0.906666667,8.453333333
A83641,0.0,1.333333333,0.0,0.0,0.0,3.893333333,0.853333333,6.386666667
A83644,1.44,0.0,0.0,0.0,0.0,0.906666667,0.0,4.213333333
A84002,0.0,2.664,0.0,0.96,0.0,2.32,1.946666667,7.746666667
A84005,2.0,3.843466667,0.0,1.706666667,1.066666667,6.32,3.133333333,17.62666667
A84006,4.893333334,4.293333334,0.666666667,1.706666667,1.066666667,9.013333333,26.32,39.11626667
A84007,0.0,6.3368,0.0,2.986666666,0.0,2.386666667,1.8,3.713333333
A84008,4.0,0.0,0.0,1.066666667,0.0,1.933333333,3.586666667,5.893333333
A84009,4.100533333,9.666666667,0.08,1.706666667,0.0,7.546666667,7.670133333,30.04346667
A84011,2.644,1.666666667,0.0,0.0,0.0,1.76,0.48,12.04666667
A84013,2.060266667,1.306666667,0.0,1.066666667,0.0,1.306666667,2.453333333,13.13333333
A84014,3.229066666,4.4472,0.0,2.773333333,0.0,3.413333333,1.973333333,13.30666667
A84016,1.786666667,2.066666667,0.0,0.853333333,0.0,1.613333333,1.066666667,7.706666667
A84018,3.769866667,2.08,0.0,2.773333333,0.0,2.066666667,3.04,14.48
A84020,2.178666667,1.995733333,0.0,1.92,0.0,3.64,2.493333333,13.97333333
A84022,4.216,2.106666667,0.0,2.773333333,1.066666667,4.973333333,4.013333333,20.47834901
A84024,5.2592,1.08,0.666666667,3.8400000000000003,0.0,4.133333333,1.746666667,12.80266667
A84025,0.0,1.8968,0.0,1.066666667,0.0,2.56,1.0,7.893333333
A84026,2.986666667,1.493333333,0.0,0.0,0.0,4.266666667,1.986666667,12.73333333
A84027,1.9933333340000001,0.0,0.0,1.706666667,0.0,1.026666667,2.924736587,7.953333333
A84028,5.28,4.032,0.5,2.133333334,0.0,9.36,7.76,32.38666667
A84029,1.3,2.28,0.0,1.706666667,0.0,1.533333333,2.906666667,6.24
A84030,1.56,5.3528,0.0,5.973333332999999,0.0,1.586666667,1.933333333,13.13333333
A84031,2.6736,0.0,0.0,1.066666667,0.0,2.3968,0.8,8.540266667
A84033,3.2136,0.746666667,0.0,1.92,0.0,1.36,0.426666667,5.72
A84034,2.505866666,1.68,0.0,2.88,0.0,2.0,1.48,9.453333333
A84035,1.4488,1.946666667,0.0,0.64,0.0,0.293333333,0.64,8.813333333
A84036,12.925066667,8.8568,0.64,4.693333333,1.066666667,20.46,18.20473659,83.1368
A84037,2.420266667,0.273333333,0.0,0.0,0.0,3.08,0.986666667,8.066666667
A84038,3.130133333,0.666666667,0.0,0.853333333,0.0,2.133333333,1.986666667,11.10666667
A84039,1.9733333339999999,2.189333333,0.0,1.066666667,0.0,1.173333333,3.866666667,11.97333333
A84040,1.7439999999999998,0.0,0.0,0.0,0.0,1.453333333,3.666666667,6.84
A84042,1.4487999999999999,0.0,0.0,0.0,0.0,0.64,2.213333333,3.8
A84044,2.34,1.510133333,0.0,0.853333333,0.0,2.173333333,2.706666667,10.78666667
A84045,2.6704,0.0,0.0,2.133333333,0.0,1.24,2.586666667,6.2968
A84047,1.7802666660000002,1.222666667,0.0,2.133333334,0.0,1.226666667,0.4,9.893333334
A84604,2.030133333,2.186666667,0.32,2.133333333,0.0,0.853333333,1.013333333,8.733333334
A84614,1.330133333,0.0,0.0,0.0,0.0,0.64,0.0,2.126666667
A84619,0.530133333,1.952,0.0,0.0,0.0,1.573333333,0.0,3.96
A85001,2.56,1.126666667,0.0,4.266666667,0.853333333,2.386666667,2.086666667,9.146666667
A85002,0.986666667,0.0,0.0,0.0,0.0,2.853333333,0.426666667,6.453333333
A85004,3.4090666670000003,3.493333333,0.0,2.773333334,0.0,2.44,2.426666667,15.21333333
A85005,6.797733333,5.138933333,0.0,4.266666667,1.066666667,5.106666667,11.4,34.39333333
A85006,1.885066667,3.86,0.0,1.066666667,0.0,3.733333333,1.0,13.82213333
A85007,1.8784,2.946666666,0.0,1.066666667,1.066666667,3.0,2.453333333,10.82
A85008,2.548266667,6.159733333,0.0,3.84,2.133333333,5.781778249,2.16,27.39379298
A85009,0.613333333,0.413333333,0.0,0.0,0.0,2.12,2.093333333,9.466666667
A85010,3.240266667,1.146666667,0.0,1.706666667,0.0,2.666666667,2.453333333,16.25333333
A85011,2.106933333,3.2,0.0,0.853333333,0.0,2.4,0.0,11.13333333
A85013,0.213333333,0.0,0.0,0.0,0.0,1.36,0.0,6.453333333
A85014,0.0,5.466666667,0.0,1.066666667,1.066666667,7.133333333,2.92,19.87333333
A85016,4.586666667,2.56,0.32,1.706666667,2.133333333,1.72,2.711403254,13.59333333
A85017,3.000533334,0.0,0.0,1.92,0.0,1.24,0.0,10.5368
A85018,2.666666667,0.666666667,0.0,1.066666667,0.0,1.306666667,0.653333333,7.426666667
A85019,3.4712,2.666666667,0.0,2.9866666669999997,0.0,3.106666667,1.0,9.906666667
A85020,5.6,3.197333333,0.0,0.853333333,0.0,4.093333333,5.013333333,18.39333333
A85021,0.333333333,1.540533333,0.22,0.0,0.0,0.8,1.4,4.226666667
A85024,1.626666667,0.0,0.533333333,1.066666667,0.0,1.325957305,0.426666667,4.56
A85026,2.0,0.906666667,0.0,2.133333334,1.066666667,1.333333333,2.026666667,6.506666667
A85611,2.906666667,0.250133333,0.0,0.0,0.0,1.6,1.706666667,6.626666667
A85614,0.986666667,5.437333333,0.0,0.0,0.0,1.933333333,0.4,10.35834901
A85616,0.56,1.205333333,0.765333333,0.0,0.0,0.839466667,0.426666667,5.940266667
A85617,0.986666666,0.893333333,0.0,0.0,0.0,1.146666667,1.333333333,6.813333333
A86003,4.136,13.787349733000001,0.0,2.773333333,0.0,12.2,5.666666667,27.84666667
A86004,4.1376,1.44,0.0,0.0,0.0,4.693333334,2.893333333,17.57333333
A86005,1.7288000000000001,1.333333333,0.0,2.133333333,0.0,0.693333333,2.5,6.946666667
A86006,1.550133333,1.12,0.0,2.773333333,1.066666667,1.4,1.226666667,8.733333333
A86008,3.263466667,3.493333333,0.0,2.346666667,0.0,4.173333333,2.843466667,12.41333333
A86010,1.955466667,2.6712,0.0,2.9866666669999997,1.066666667,3.893333333,2.0,9.56
A86011,2.776,3.4448,0.0,1.066666667,0.0,5.586666667,2.68,15.38693333
A86012,1.959466667,3.483733333,0.0,0.853333333,0.0,3.946666667,5.466666667,18.9
A86013,1.52,2.066666667,0.0,0.0,0.0,2.906666667,1.066666667,9.76
A86016,1.4933333329999998,3.8400000000000003,0.754666667,0.853333333,0.0,1.706666667,4.553333333,12.2
A86017,3.1112,4.3888,0.0,0.853333333,0.0,1.653333333,4.746666667,12.65333333
A86018,4.297866666,3.753866667,0.0,4.053333332999999,0.0,1.693333333,4.666666667,14.3136
A86020,2.0016,11.4008,0.0,1.706666666,1.066666667,3.346666667,4.573333333,28.13333333
A86021,2.121333334,3.980133333,0.0,1.493333333,1.066666667,3.36,6.88,19.30666667
A86022,2.006666667,1.813333333,0.0,3.2,0.0,3.48,2.093333333,13.69333333
A86023,3.4000000000000004,2.153333333,0.0,2.773333333,1.066666667,3.733333333,2.226666667,11.72
A86024,1.9688,2.606666667,0.0,0.853333333,0.0,1.0,2.32,14.18666667
A86025,0.0,6.729333333,0.0,0.0,0.0,4.6,2.44,20.51669803
A86026,1.226666667,3.106666667,0.0,1.92,0.0,1.373333333,1.626666667,9.146666667
A86027,1.0,3.623466667,0.426666667,0.0,0.0,1.706666667,2.0,7.933333334
A86028,0.890133333,2.048,0.0,0.0,0.0,2.8,0.986666667,7.126666667
A86029,3.334666667,7.04,0.0,0.853333333,1.066666667,5.426666667,10.04,32.38106667
A86030,1.997333333,1.118666667,0.0,0.0,0.0,3.6,3.666666667,20.64
A86031,3.510133333,1.24,0.0,0.0,1.066666667,2.68,1.533333333,8.0
A86033,0.8,2.666666667,0.0,1.066666667,1.066666667,1.0,2.0,9.013333333
A86036,2.450133333,2.835466667,0.0,0.0,2.133333333,1.893333333,2.026666667,13.91733333
A86037,0.0,2.764533333,0.0,1.066666667,0.0,1.8,1.8,12.29333333
A86038,2.6877333329999997,1.392266667,0.0,0.853333333,1.066666667,1.2,1.333333333,8.96
A86040,2.6816,1.28,0.0,0.0,1.066666667,1.533333333,1.373333333,12.61333333
A86041,3.777333333,0.506666667,0.0,0.64,0.0,2.186666667,1.346666667,9.213333333
A86601,2.561333334,0.0,0.0,1.92,0.0,3.333333333,0.986666667,13.28
A87002,0.8,2.186933333,0.0,2.773333333,0.0,2.8,1.8,6.2
A87004,7.542933333,6.893066667,0.0,3.626666667,0.0,8.186666667,10.25333333,39.96
A87005,7.266696785,0.0,0.0,1.28,0.0,2.64,2.68,13.88
A87006,2.3936,0.8,0.0,0.0,0.0,1.146666667,0.0,4.893333333
A87007,1.750133333,6.882133333,0.0,1.706666667,0.0,6.44,8.64,28.72
A87008,1.778933333,1.102133333,0.0,2.56,0.0,1.973333333,1.6,8.68
A87009,4.4496,3.6088,0.0,1.066666667,2.133333333,2.64,13.14666667,24.86666667
A87011,2.8,0.0,0.0,0.0,0.0,1.230133333,3.4,9.131682348
A87012,2.1776,1.6666666659999998,0.0,1.92,0.0,1.173333333,1.893333333,9.24
A87013,3.773965334,1.333333333,0.0,0.0,0.0,3.763466667,2.946666667,15.64
A87016,5.485866666,2.0,0.0,2.986666666,1.066666667,2.973333333,4.78,16.81333333
A87017,1.6669333339999999,1.453333333,0.0,0.853333333,0.0,2.8,2.56,5.0
A87019,1.0,0.4,0.0,0.853333333,0.0,1.453333333,1.0,6.0
A87020,1.8936,4.820533333,0.0,0.853333333,3.626666667,1.786666667,9.453333334,17.28
A87022,1.973333334,2.8512,0.0,0.0,0.0,2.466666667,3.0,8.493333333
A87029,5.444000001,6.7784,0.555466667,2.986666666,0.0,5.826666667,5.413333333,31.7
A87030,3.743466667,0.666666667,0.0,2.9866666669999997,0.0,2.413333333,0.453333333,7.06
A87600,1.0,2.315466667,0.0,0.0,0.0,1.746666667,0.6,2.146666667
A87612,2.2536,1.813333333,0.0,0.853333333,0.0,1.36,0.4,10.74666667
A87615,0.750133333,3.7584,0.0,0.0,0.0,1.066666667,1.226666667,7.08
A88001,1.6,0.0,0.0,0.0,1.066666667,0.693333333,0.933333333,5.426666667
A88002,4.333333333,1.682666667,0.0,2.773333333,1.066666667,9.853333333,0.853333333,21.92
A88003,6.673333333,4.8754666659999994,0.0,0.853333333,1.066666667,8.493333333,5.6,27.65333333
A88004,1.7776,2.2,0.0,1.706666667,1.066666667,3.966666667,3.0,13.72
A88005,2.34,0.0,0.0,0.0,0.0,0.36,0.586666667,5.853333333
A88006,1.32,1.52,0.0,1.066666667,0.0,3.706666667,0.266666667,15.08
A88008,2.28,0.666666667,0.0,0.0,0.0,2.8,0.88,11.06666667
A88009,2.12,1.2368,0.0,1.066666667,1.066666667,1.28,1.746666667,7.693333333
A88010,0.0,1.413333333,0.0,1.066666667,0.0,1.986666667,1.44,5.006666667
A88012,2.340266667,0.746666667,0.0,0.0,1.066666667,1.466666667,0.8,9.32
A88013,3.690133333,4.268,1.946666667,3.2,0.0,7.093333333,3.0,19.42
A88014,1.0,0.0,0.0,0.0,0.0,0.88,1.0,2.546666667
A88015,0.0,2.000266667,0.0,0.0,0.0,3.0,3.746666667,12.01333333
A88016,0.890133333,3.015466667,0.0,0.853333333,0.0,2.72,1.84,11.67333333
A88022,2.693333333,0.957866667,0.0,1.813333334,1.066666667,3.306666667,2.453333333,19.68
A88023,1.973333333,0.0,0.0,0.0,0.0,1.28,0.32,5.426666667
A88025,2.26,0.0,0.0,0.0,0.0,3.08,0.906666667,6.493333333
A88601,1.6,0.0,0.0,0.0,0.0,2.0,2.96,7.48
A88608,1.000266667,1.0,0.0,1.066666667,0.0,1.226666667,0.64,10.01333333
A88613,1.66,0.0,0.0,0.0,0.0,1.186666667,0.8,6.506666667
A89001,4.270133333,2.0,0.0,2.133333333,0.0,5.28,7.151403254,11.77333333
A89002,1.0,1.2,0.0,0.0,0.0,2.4,0.0,5.786666667
A89004,3.7866666669999995,1.573333333,0.0,3.840000001,0.0,3.0,2.426666667,15.30666667
A89005,2.4656,0.0,0.0,2.133333334,0.0,1.973333333,1.666666667,7.36
A89006,0.661066667,2.426666667,0.0,0.0,0.0,3.533333333,2.266666667,12.04
A89007,2.0,0.9912,0.0,0.0,2.133333333,2.813333333,1.746666667,9.8568
A89008,2.2962666670000003,0.0,0.0,0.0,0.0,0.96,0.906666667,4.481333333
A89009,3.632,0.64,0.0,0.853333333,0.0,2.053333333,2.506666667,11.29333333
A89010,3.96,1.2,0.0,1.066666667,0.0,6.76,4.426666667,17.5
A89011,0.890133333,0.213333333,0.0,3.2,0.0,1.666666667,1.2,8.373333333
A89012,2.250133333,0.453333333,0.0,3.2,1.066666667,2.106666667,0.56,13.06666667
A89013,0.613333333,1.0,0.0,0.0,0.0,1.613333333,0.72,6.586666667
A89015,2.5423999999999998,1.322133333,0.053333333,1.066666667,0.0,3.613333333,4.546666667,13.33333333
A89016,4.670133333,2.793263421,0.0,2.986666666,0.0,2.826666667,0.6,11.12
A89017,4.695466667,0.0,0.0,1.066666667,1.066666667,3.146666667,2.44,13.96666667
A89018,1.340266667,0.78,0.0,0.0,0.0,2.0,0.666666667,5.76
A89019,2.406933333,2.5528,0.0,6.826666667,3.2,6.746666667,4.72,14.0
A89020,3.289866667,0.986666667,0.0,1.493333333,0.0,4.306666667,1.973333333,13.54666667
A89021,2.110666667,2.0,0.0,1.066666667,0.0,3.7776,2.6,12.74666667
A89022,5.333333334000001,0.666666667,0.0,0.0,0.0,5.413333333,2.36,17.33333333
A89023,4.312533333,0.0,0.0,0.0,0.0,2.453333333,0.646666667,11.8
A89024,0.98,2.4,0.0,2.133333333,0.0,2.506666667,0.986666667,8.413333334
A89025,0.0,3.293333333,0.0,1.066666667,0.0,4.506666667,4.64,19.38666667
A89026,2.590133333,0.0,0.0,0.853333333,0.0,2.613333333,2.4,7.306666667
A89027,1.78,2.76,0.0,0.0,0.0,2.0,2.0,8.08
A89028,3.733333333,0.650133333,0.0,1.066666667,1.066666667,2.533333333,2.0,12.61333333
A89030,1.973333333,0.92,0.0,1.066666667,0.0,3.88,2.346666667,12.17333333
A89031,1.066666667,2.426666667,0.693333333,0.853333333,0.0,2.853333333,0.96,9.406666667
A89032,0.0,3.0,0.0,1.066666667,0.0,3.493333333,0.0,11.12
A89034,0.98,0.013333333,0.0,0.0,0.0,2.48,1.44,5.093333333
A89035,2.0,1.7776,0.0,1.066666667,0.0,5.24,1.333333333,8.36
A89036,2.213333333,0.0,0.0,0.0,0.0,0.32,0.533333333,3.973333333
A89040,1.670133333,0.222133333,0.0,0.0,0.0,1.626666667,1.28,11.49333333
A89041,2.733333333,0.506666667,0.0,0.0,0.0,4.466666667,2.853333333,10.50666667
A89614,0.890133333,1.890133333,0.0,1.066666667,0.0,0.0,1.8,9.64
A89616,1.0,0.266666667,0.0,0.0,0.0,0.72,0.0,4.891682348
A89617,1.0,0.906666667,0.444533333,0.0,0.0,0.0,0.8,7.48
A89623,1.0,0.533333333,0.0,0.0,0.0,1.0,0.0,3.28
B81003,3.133333333,0.0,0.0,1.066666667,0.0,5.186666667,3.986666667,13.74666667
B81004,6.9304,0.0,0.0,1.92,0.0,3.932645625,10.66307661,19.18
B81005,5.64,2.066666667,0.0,1.066666667,0.0,8.773333333,13.15140325,21.4712
B81006,0.0,6.386666667,0.0,2.56,0.0,8.84,7.608533333,22.74
B81007,3.644266667,1.722133333,0.0,1.28,0.0,1.866666667,9.746936765,17.14666667
B81008,9.6,0.8,0.0,6.4,4.266666667,7.32,6.28,40.25333333
B81009,0.0,4.413333333,0.0,0.0,0.0,3.8,6.106666667,16.84
B81011,3.04,0.0,0.0,0.0,3.2,2.0,3.306666667,11.25333333
B81012,0.986666667,0.0,0.0,0.0,0.0,0.48,0.32,3.28
B81013,0.0,0.0,0.0,0.0,0.0,1.933333333,0.68,11.4
B81015,3.973333333,0.906666667,0.0,4.906666667,0.0,6.44,0.48,22.14666667
B81016,2.706666667,3.129066667,0.0,0.0,0.0,4.973333333,5.333333333,14.58666667
B81017,0.0,4.8266666670000005,1.64,0.853333333,0.0,12.25333333,7.906666667,27.73333333
B81018,1.92,0.64,0.0,0.0,0.0,5.813333333,1.386666667,8.133333333
B81020,2.653333333,1.853333333,0.0,0.853333333,1.066666667,1.426666667,3.586666667,14.02
B81022,4.093333333,2.166666667,0.426666667,2.133333333,0.0,6.546666667,1.226666667,24.84712632
B81024,2.133333333,2.666666667,0.0,1.92,0.0,2.466666667,0.746666667,9.613333333
B81025,14.76,7.253333333,0.0,9.6,0.0,12.41333333,27.11093333,53.63779857
B81026,6.2272,1.0,0.0,4.053333332999999,1.066666667,3.445957305,5.066666667,24.99861568
B81027,1.7,0.554666667,0.0,4.053333332999999,0.0,1.6,1.213333333,9.733333333
B81029,4.933333333,0.64,0.0,5.546666667,0.0,3.0,4.026666667,13.47333333
B81030,1.647733333,4.321866667,0.0,4.053333334,0.0,9.826666667,4.386666667,30.27306667
B81031,6.8754666669999995,2.466666667,0.0,6.613333333,1.066666667,4.346666667,7.093333333,31.82
B81032,0.933333333,0.0,0.0,0.0,0.0,0.533333333,0.0,4.16
B81034,5.066666667,2.058666667,0.0,0.0,0.0,5.306666667,4.08,23.12666667
B81035,3.253333333,0.0,0.0,0.853333333,0.0,1.253333333,1.706666667,10.35333333
B81036,6.273333333,2.873333333,0.250666667,1.6,0.0,4.52,7.246666667,25.29333333
B81037,2.006933333,3.893333333,0.0,2.24,2.133333333,4.373333333,12.6,20.30666667
B81038,2.900533333,0.0,0.0,0.0,1.173333333,1.546666667,0.96,8.533333333
B81039,8.248266667,7.4968,0.666666667,5.973333333,1.066666667,15.45333333,39.5132042,52.1184
B81040,3.2,1.6,0.0,2.133333333,0.0,4.36,1.06,21.89333333
B81041,2.48,0.0,0.0,2.56,0.0,3.293333333,3.6,7.286666667
B81042,11.52,0.0,0.0,1.92,0.0,2.413333333,6.186666667,15.16
B81043,7.16,1.68,0.0,4.693333334,1.066666667,3.386666667,14.2,14.94666667
B81045,4.226666667,1.013333333,0.213333333,3.84,0.0,6.773333333,4.066666667,21.14501568
B81046,3.693333333,0.0,0.0,1.066666667,0.0,3.706666667,1.76,13.06666667
B81047,1.0,3.826666667,0.0,0.0,2.133333333,1.493333333,2.453333333,11.88
B81048,6.262666667,6.4752,0.0,12.160000003999999,2.133333333,15.22666667,29.9600441,70.93077195
B81051,5.48,1.6,0.0,2.133333334,1.066666667,3.44,1.293333333,14.18666667
B81052,2.0,0.0,0.0,0.0,0.0,1.56,0.426666667,6.893333333
B81054,3.2373333329999996,0.773333333,0.0,0.0,0.0,1.56,2.106666667,0.0
B81061,9.466666667,14.77333333,0.0,7.68,0.0,11.09333333,18.75333333,54.28666667
B81063,1.733333333,2.593333333,0.0,0.0,0.0,1.466666667,2.88,11.94133333
B81064,4.346666667,0.426666667,0.0,1.066666667,0.0,2.746666667,2.4,9.846666667
B81065,0.0,1.2,0.0,0.0,0.0,1.0,2.32,16.31093333
B81068,3.246666667,3.08,0.0,2.56,0.0,6.506666667,2.413333333,26.02666667
B81069,2.582666667,3.656,1.506666667,3.946666666,0.0,10.0,11.10666667,41.12666667
B81074,0.0,1.92,0.0,0.0,0.0,1.6,0.0,6.466666667
B81075,2.146696785,0.0,0.0,0.0,0.0,1.573333333,0.711403254,4.466666667
B81082,1.68,0.0,0.0,0.0,0.0,0.693333333,1.066666667,5.866666667
B81085,0.0,0.0,0.0,2.133333334,0.0,0.0,0.0,0.533333333
B81087,3.0,0.0,0.0,0.0,1.066666667,0.906666667,1.0,7.573333333
B81088,0.666666667,2.4485333330000003,0.0,1.066666667,0.0,3.059290639,1.76,9.88
B81090,1.066666667,0.0,0.0,1.066666667,0.0,1.76,1.066666667,4.373333333
B81091,2.693333334,0.746666667,0.0,2.986666667,1.066666667,3.053333333,2.0,8.673333333
B81092,2.133333333,3.82,0.0,2.133333334,0.0,4.4,2.026666667,24.52
B81097,0.626666667,0.0,0.0,0.0,0.0,0.28,0.0,4.413333333
B81099,3.173333333,1.786666667,0.0,2.133333333,1.066666667,4.565957305,5.164736587,18.97333333
B81100,0.746666667,0.0,0.0,0.0,0.0,0.906666667,0.426666667,6.173333333
B81101,10.8,0.8,0.0,1.706666667,1.066666667,6.533333333,6.44,31.54666667
B81104,2.0,0.213333333,0.0,0.0,0.0,1.64,1.426666667,5.986666667
B81108,1.0,0.64,0.0,0.0,0.0,1.0,1.44,4.44
B81109,5.333333334,2.636,0.0,3.2,0.0,9.506666667,9.733333334,39.04
B81112,1.2,2.853333333,0.0,0.0,0.0,14.70666667,15.32,30.07333333
B81113,2.9944,1.104,0.0,3.84,0.0,2.933333333,1.08,12.48
B81118,2.213333333,0.453333333,0.0,4.693333334,1.066666667,4.04,2.16,14.86666667
B81119,1.0,0.0,0.0,1.066666667,0.0,0.973333333,0.8,7.8
B81606,1.066666667,0.0,0.0,0.0,0.0,1.0,0.0,2.52
B81616,1.066666667,0.0,0.0,0.0,0.0,0.52,1.16,4.6
B81617,0.0,0.746666667,0.0,1.386666667,0.0,1.96,2.973333333,12.34666667
B81619,1.24,0.0,0.0,0.0,0.0,0.64,0.986666667,4.053333334
B81628,1.333333333,0.16,0.0,0.0,0.0,0.8,3.066666667,4.266666667
B81631,1.0,0.0,0.0,0.0,0.0,1.0,0.266666667,8.066666667
B81635,1.066666667,0.0,0.16,0.0,0.0,0.426666667,0.533333333,4.373333333
B81642,0.853333333,0.0,0.0,1.066666667,0.0,1.013333333,0.933333333,6.12
B81645,0.0,0.0,0.0,0.0,0.0,1.32,0.973333333,4.386666667
B81647,1.0,0.0,0.0,0.0,0.0,1.106666667,0.88,5.653333333
B81648,1.4,0.0,0.0,0.0,0.0,1.6,0.0,3.76
B81653,0.0,3.317333333,0.0,0.0,0.0,5.52,2.9536,12.8
B81655,1.96,0.0,0.0,0.0,0.0,0.0,0.0,4.573333333
B81656,2.133333334,0.0,0.0,0.0,0.0,3.8,2.6,8.973333333
B81663,0.213333333,0.0,0.0,0.0,0.0,0.0,1.0,3.493333333
B81665,0.933333333,0.0,0.0,0.0,0.0,0.24,0.8,5.306666667
B81666,1.76,0.933333333,0.0,0.0,0.0,0.213333333,0.0,2.053333333
B81675,0.0,0.0,0.0,5.440000001,0.0,0.0,0.0,1.430133333
B81697,0.986666667,0.0,0.0,0.0,0.0,0.426666667,0.4,4.786666667
B82002,3.04,3.315466667,0.0,3.2,0.0,3.173333333,4.906666667,10.12666667
B82004,4.0,3.4,0.0,2.56,0.0,3.746666667,7.92,14.43333333
B82005,1.386666667,15.086465597,0.0,6.4,0.0,16.98204794,40.4632738,92.90705657
B82007,3.2,3.2,0.0,2.773333333,0.0,3.826666667,5.013333333,19.2
B82008,1.786666667,4.693333333,0.0,3.84,2.133333333,3.68,5.013333333,8.933333333
B82010,1.68,1.12,0.0,0.0,0.0,5.466666667,0.8,10.34501568
B82011,2.533333333,0.446666667,0.0,0.533333333,0.0,3.253333333,6.133333333,10.42
B82012,3.6,3.84,0.0,1.706666667,0.0,3.173333333,10.74666667,16.88
B82013,6.4,1.866666667,0.0,8.213333334,0.0,6.539290639,1.893333333,23.17168235
B82014,2.0,1.72,0.0,0.0,0.0,1.6,1.533333333,6.32
B82016,2.4,1.733333333,0.0,0.0,0.0,0.8,1.366666667,13.57834901
B82017,3.92,3.58,0.88,1.066666667,1.066666667,7.753333333,6.990666667,32.44666667
B82018,2.786666667,2.413333333,0.0,1.066666667,0.0,1.2,5.486666667,5.726666667
B82019,1.76,0.48,0.0,0.0,0.0,1.066666667,3.366666667,3.873333333
B82021,6.84,0.72,0.0,2.346666666,0.0,1.546666667,1.0,12.52
B82022,0.88,2.906666667,0.0,1.493333333,0.0,2.96,0.906666667,9.133333333
B82023,2.133333334,0.8,0.0,0.0,1.066666667,2.2,1.226666667,9.606666667
B82024,0.0,0.0,0.0,0.0,0.0,0.533333333,2.24,10.65333333
B82025,8.1904,2.009866667,0.0,0.853333333,3.2,4.64,5.666666667,22.05333333
B82026,15.232,10.83586667,0.0,5.546666667,1.066666667,9.186666667,20.97333333,56.48746667
B82027,3.790133333,4.4,0.0,0.853333333,0.0,2.666666667,1.706666667,25.23333333
B82029,1.573333333,0.6,0.0,0.0,0.0,1.946666667,3.16,4.293333333
B82030,2.826666666,2.773333334,0.0,1.066666667,0.0,1.226666667,0.0,12.08
B82031,3.806666667,2.853333333,0.0,0.853333333,0.0,3.253333333,3.066666667,16.50666667
B82032,1.430666667,2.079733333,0.0,3.626666667,0.0,0.0,3.133333333,6.286666667
B82033,3.2,3.685333333,0.0,2.56,0.0,7.24,7.133333333,21.47333333
B82034,3.333333333,0.0,0.0,0.0,0.0,2.213333333,0.613333333,9.24
B82035,2.401333333,0.333333333,0.0,0.0,0.0,1.226666667,1.44,6.613333334
B82036,2.748266667,1.386666667,0.426666667,3.840000001,0.0,1.573333333,4.44,13.56
B82037,1.670933333,2.253333333,0.0,2.6666666670000003,0.0,5.953333333,7.2,16.34666667
B82038,2.991866667,6.985333333,0.0,5.546666667,0.0,8.546666667,21.22846761,41.45721984
B82041,3.626666667,4.536,0.0,3.0933333330000004,1.066666667,7.413333333,7.813333333,23.48
B82042,2.693333333,3.226666667,0.0,1.173333333,0.0,1.92,3.413333333,8.626666667
B82044,4.093333333,0.493333333,0.0,1.92,0.0,3.32,2.373333333,14.99333333
B82045,1.890133333,0.0,0.0,0.0,0.0,2.906666667,1.973333333,4.973333333
B82046,1.72,0.48,0.0,0.0,0.0,0.8,0.0,6.32
B82047,1.08,4.384949732,0.0,0.0,0.0,4.937866667,2.873333333,13.82
B82049,3.12,0.56,0.0,4.16,0.0,1.2,4.586666667,8.826666667
B82050,3.0792,6.45776,0.0,4.0533333339999995,0.0,10.4360269,13.73187317,19.21077458
B82053,5.066666667,1.333333333,0.0,0.8,0.0,3.586666667,2.36,12.70666667
B82054,2.88,6.44,0.0,3.2,1.066666667,6.52,6.12,19.16933333
B82057,2.741333333,3.093333333,0.0,1.92,2.133333333,1.44,3.6,5.72
B82059,3.873333333,1.733333333,0.0,1.066666667,0.0,4.299290639,4.066666667,14.25333333
B82060,4.666666667,3.56,0.0,1.706666667,0.0,2.12,2.693333333,13.37333333
B82061,3.2,1.706666667,0.0,2.133333334,0.0,2.04,1.533333333,14.89333333
B82063,3.517066667,1.583466667,0.0,1.066666667,0.0,3.666666667,5.52,14.96
B82064,1.066666667,1.3333333330000001,0.0,2.133333333,0.0,2.56,3.0,5.926666667
B82066,3.02,2.4,0.0,1.92,0.0,4.673333333,1.44,11.57333333
B82067,3.266666667,0.72,0.0,1.066666667,1.066666667,1.213333333,0.68,7.713333333
B82068,0.7776000000000001,0.9992,0.0,0.0,0.0,2.329066667,1.266666667,5.066666667
B82069,3.337066667,0.0,0.0,0.0,1.066666667,2.96,4.786666667,10.08
B82071,3.066666667,1.173333333,0.0,1.066666667,0.0,0.853333333,1.066666667,7.453333333
B82072,0.96,0.966666667,0.0,0.0,0.0,1.493333333,1.906666667,5.386666667
B82073,1.54,2.7624,0.0,0.0,0.0,3.933333333,6.04,17.69866667
B82074,5.333333333,8.986666667,0.0,3.8400000000000003,0.0,4.786666667,4.386666667,20.82
B82075,3.124986667,2.875066667,0.0,3.52,1.066666667,5.293333333,5.68,13.49333333
B82077,4.026666667,1.44,0.0,0.853333333,0.0,2.853333333,0.6,6.733333333
B82078,2.686933333,1.94,0.0,2.133333333,0.0,3.133333333,5.542933333,9.168777301
B82079,1.56,0.933333333,0.0,0.0,0.0,0.4,2.92,8.626666667
B82080,6.386666667,4.133333333,0.0,2.133333333,2.133333333,7.56,8.873333333,27.2
B82081,4.933333333,1.6,0.0,2.346666666,0.0,1.573333333,5.84,12.09333333
B82083,10.93333333,14.3856,0.0,8.320000001,2.133333333,15.82666667,14.32,71.66666667
B82086,2.773333334,0.0,0.0,1.92,0.0,1.466666667,2.64,11.8
B82088,0.0,4.373066667,0.0,0.0,0.0,5.6,6.52,15.06501568
B82091,2.8,2.133333333,0.0,0.0,0.0,0.64,0.4,8.193333333
B82097,2.906666667,2.88,0.0,2.133333333,0.0,5.08,4.56,15.43666667
B82098,6.8,8.266666666999999,0.0,3.6266666670000003,1.066666667,3.24,9.706666667,35.02666667
B82100,2.88,2.693333333,0.0,2.133333333,0.0,1.973333333,1.173333333,9.16
B82101,2.656266667,0.461866667,0.0,1.92,0.0,2.853333333,5.786666667,9.813333334
B82104,0.0,3.2133333339999997,0.0,1.066666667,0.0,5.112623972,2.0,8.42
B82105,4.680266666,0.0,0.0,1.066666667,0.0,2.2368,2.523466667,8.386666667
B82106,0.0,0.693333333,0.0,0.0,0.0,1.2,2.78,5.48
B82609,1.750133333,0.946666667,0.48,0.853333333,0.0,1.306666667,6.946666667,9.786666667
B82619,0.7776000000000001,0.110933333,0.0,0.0,0.0,0.213333333,1.013333333,2.42
B82622,1.066666667,0.666666667,0.0,0.0,0.0,0.48,0.8,1.706666667
B82628,0.44,1.874666667,0.0,0.0,0.0,1.573333333,1.453333333,7.466666667
B83002,1.56,1.32,0.0,2.506666667,1.066666667,0.426666667,0.266666667,7.08
B83005,2.0,0.0,0.48,0.0,0.0,1.32,2.586666667,3.333333333
B83008,4.0,1.786666667,0.0,4.586666667,1.066666667,8.68,4.533333333,20.65333333
B83009,4.120533333,4.786666667,0.0,2.773333333,0.0,4.986666667,5.093333333,21.86
B83010,2.230133333,2.4568,0.0,1.066666667,0.0,4.453333333,1.733333333,13.21333333
B83012,3.8904,0.0,0.0,1.066666667,1.066666667,1.346666667,4.626666667,13.66666667
B83014,3.386666667,4.9768,0.0,7.893333333999999,1.066666667,1.066666667,2.786666667,15.65333333
B83015,0.84,2.0,0.0,0.0,0.0,1.8,0.666666667,9.733333333
B83016,2.933333333,2.426666666,0.0,2.773333333,0.0,1.693333333,1.506666667,12.13333333
B83018,2.0,4.2,0.0,0.0,0.0,3.053333333,2.773333333,16.12
B83019,2.476,4.853333334,0.0,2.133333334,0.0,0.693333333,2.266666667,10.98666667
B83020,0.666666667,3.066666667,0.0,2.6666666670000003,0.0,4.506666667,3.586666667,15.66
B83022,4.8,3.6,0.0,0.746666667,0.0,3.426666667,2.16,12.92
B83025,1.890133333,0.0,0.0,0.0,0.0,0.0,1.213333333,5.533333333
B83026,2.260266667,0.0,0.0,0.0,0.0,0.213333333,0.824,8.137866667
B83028,3.0,0.0,0.0,1.066666667,0.0,1.933333333,2.506666667,10.88666667
B83029,2.093333333,1.493333333,0.0,0.0,0.0,4.653333333,3.786666667,10.76666667
B83031,1.066666667,0.0,0.0,0.8,0.0,2.0,1.666666667,4.426666667
B83032,1.0,0.0,0.0,0.0,0.0,0.693333333,0.266666667,3.96
B83033,21.12,23.546666667,0.0,2.9866666669999997,0.0,31.55866667,60.04,132.6133333
B83034,1.0,0.8,0.08,0.0,0.0,0.133333333,1.76,6.613333333
B83035,4.386666666,3.0736,0.0,1.066666667,0.0,5.08,1.986666667,20.96
B83037,3.973333334,1.653333333,0.0,2.773333333,0.0,2.606666667,4.486666667,11.78666667
B83038,5.521333332999999,3.562133333,0.0,9.813333333,0.0,6.0,2.813333333,19.30666667
B83039,8.2072,5.978933333,0.0,2.9866666669999997,0.0,9.06,4.5432,35.59413333
B83041,5.454666667,2.289066667,0.0,6.2933333330000005,0.0,4.866666667,5.413333333,17.86026667
B83042,2.5,3.233333333,0.0,3.84,0.0,2.4,3.173333333,14.52
B83045,1.2224,5.2968,0.0,2.986666667,0.0,6.386666667,4.48,15.3968
B83051,1.780266667,0.0,0.0,0.0,0.0,1.493333333,0.533333333,6.153333333
B83052,4.5,0.0,0.0,2.773333334,1.066666667,12.12,11.25333333,26.73669803
B83054,1.066666667,1.533333333,0.0,0.0,0.0,1.426666667,0.0,5.793333333
B83055,3.106666667,3.64,0.0,13.333333332999999,2.133333333,12.32,11.52,79.69333333
B83056,1.973333333,2.332,0.0,0.853333333,0.0,1.96,2.026666667,10.73333333
B83058,2.0,1.94,0.0,0.0,0.0,5.293333333,4.16,9.426666667
B83062,4.346666667,2.666666667,0.0,5.76,1.066666667,2.946666667,1.226666667,8.866666667
B83063,3.12,10.03333333,0.0,7.039999999999999,1.066666667,9.56,15.45333333,34.27333333
B83064,3.446666667,2.093333333,0.0,2.133333333,0.0,6.583466667,2.106666667,14.9
B83067,2.6768,2.0,0.0,1.066666667,0.0,1.866666667,2.486666667,7.313333333
B83604,0.44,0.890133333,0.0,0.0,0.0,0.893333333,0.36,3.773333333
B83611,1.0,0.736,1.84,0.0,0.0,2.913333333,3.746666667,14.08933333
B83614,2.266666667,0.0,0.0,0.0,0.0,4.413333333,2.9088,19.58666667
B83620,1.6,0.266666667,0.0,1.92,1.066666667,1.146666667,0.48,4.88
B83622,0.546666667,0.0,1.666666667,0.0,0.0,1.346666667,1.426666667,7.826666667
B83624,5.3632,9.672,0.0,4.373333333,0.0,3.893333333,9.106666667,33.64
B83626,2.0,0.0,0.0,0.0,0.0,0.933333333,0.48,7.893333334
B83627,1.124533333,0.0,0.0,0.0,0.0,0.493333333,0.986666667,1.533333333
B83628,0.7392,0.0,0.16,0.0,0.0,3.48,2.666666667,13.22666667
B83629,1.1,0.0,1.173333333,0.0,0.0,0.133333333,0.96,2.266666667
B83641,1.780266667,1.9568,0.0,2.773333334,1.706666667,3.013333333,5.093333333,14.37333333
B83642,0.890133333,0.0,0.0,0.0,0.0,1.263466667,0.3768,4.76
B83653,0.22,0.0,1.853333333,2.773333334,0.0,1.646666667,1.586666667,10.54666667
B83657,0.0,7.174933333,0.0,3.84,0.0,14.0,13.06,33.32
B83659,2.0,0.0,0.0,0.0,0.0,0.213333333,0.213333333,4.369866667
B83660,0.0,0.0,0.0,0.0,0.0,1.36,2.6,8.026666667
B83661,1.0,0.0,0.444533333,0.0,0.0,1.12,0.293333333,4.333333333
B84001,1.560266667,2.0,0.266666667,3.84,0.0,1.759312292,1.44,7.2
B84003,4.304,0.0,0.0,1.92,0.0,1.68,0.8,9.44
B84004,5.12,5.24,0.0,0.0,0.0,7.173333333,2.906666667,21.52
B84006,3.4864,3.472,0.0,0.0,0.0,4.853333333,2.293333333,16.82666667
B84007,4.48,2.026666667,0.0,1.92,0.0,2.08,2.0,10.96
B84008,6.0,0.0,0.0,3.733333333,1.066666667,4.986666667,1.506666667,14.8456
B84009,3.726666667,1.12,0.0,5.226666667,0.0,5.746666667,1.326666667,15.57333333
B84010,3.505066667,0.75,0.0,5.12,0.0,2.6,3.946666667,13.86
B84011,3.7776,0.16,0.0,1.493333333,2.133333333,3.16,5.88,17.24
B84012,5.963466667,3.36,0.0,13.546666666,2.133333333,3.88,3.866666667,26.85333333
B84013,3.450133333,1.2,0.0,1.066666667,0.0,2.146666667,2.066666667,11.89333333
B84014,2.0,0.0,0.0,4.266666666,0.0,1.613333333,1.106666667,6.666666667
B84016,3.800533333,0.444533333,0.0,1.493333333,0.0,2.793333333,2.333333333,16.18666667
B84019,4.4,0.0,0.0,7.893333334,0.0,4.68,2.48,21.92666667
B84021,2.9368,1.933333333,0.0,0.0,0.0,1.746666667,1.106666667,11.26211063
B84612,1.733333334,0.0,0.0,0.0,0.0,1.48,0.64,9.56
B84613,1.306666667,1.866666667,0.0,0.0,1.066666667,3.0568,1.253333333,12.25333333
B84618,1.0,0.0,0.48,0.0,0.0,0.0,1.626666667,11.95333333
B84623,0.670133333,1.56,0.0,0.0,0.0,1.146666667,0.426666667,5.466666667
B85001,2.0266666669999998,0.0,0.0,0.0,0.0,1.92,0.32,8.0
B85002,2.350133333,0.0,0.0,0.0,0.0,0.613333333,1.44,6.56
B85004,0.0,0.426666667,0.0,0.0,0.0,1.786666667,2.08,5.146666667
B85005,3.0,0.0,0.0,0.746666667,0.0,2.373333333,1.333333333,8.393333333
B85006,7.802666667,1.0,0.750666667,4.053333333,0.0,4.466666667,9.573333333,26.14
B85008,1.973333333,0.0,0.0,0.0,0.0,0.4,0.186666667,7.466666667
B85009,3.2688,0.0,0.0,3.306666667,0.0,1.84,3.426666667,10.85333333
B85010,2.666666667,0.0,0.0,0.853333333,0.0,1.88,1.16,10.81333333
B85012,3.0,2.374933333,0.0,3.733333334,0.0,1.8,3.44,17.65333333
B85014,2.286666667,0.8,0.0,0.853333333,0.0,2.24,2.133333333,12.784
B85015,1.413333333,1.626666667,0.0,0.0,0.0,1.0,6.16,10.29333333
B85016,3.12,0.56,0.0,2.773333334,0.0,3.04,0.0,12.26666667
B85018,0.813363451,0.64,0.4,1.066666667,0.0,3.213333333,1.853333333,12.4
B85019,1.6,1.733333333,0.0,4.48,0.0,1.453333333,3.533333333,13.32
B85020,2.466666667,0.0,1.106666667,3.9466666669999997,0.0,1.266666667,2.24,5.893333333
B85021,4.0,0.0,0.0,0.0,0.0,2.0,0.0,6.386666667
B85022,1.246666667,2.0,0.0,0.0,1.066666667,3.016,3.76,11.66
B85023,2.946696784,0.0,0.0,0.0,0.0,1.013333333,1.113333333,7.681910567
B85024,4.773333333,0.0,0.0,1.813333334,0.0,1.6,2.32,11.73333333
B85025,3.68,4.586666667,0.0,6.186666667000001,0.0,3.24,4.4,15.89333333
B85026,2.653333333,0.8,0.0,4.906666667,1.066666667,1.68,2.4,9.246666667
B85027,3.073333333,0.542666667,0.0,0.853333333,0.0,1.566666667,0.88,11.4
B85028,1.48,0.0,0.0,0.0,0.0,2.933333333,1.76,8.690133333
B85030,2.656,0.656,0.0,1.066666667,0.0,3.533333333,3.586666667,12.06666667
B85031,2.773333333,0.0,0.0,0.853333333,0.0,1.36,0.506666667,8.933333333
B85032,1.413333333,0.598283065,0.0,1.6,0.0,0.853333333,0.986666667,5.84
B85033,0.266666667,1.066666667,0.16,1.92,0.0,0.973333333,1.0,9.697154467
B85036,1.75,2.276666667,0.0,0.0,0.0,3.28,1.013333333,13.48666667
B85037,1.0,0.976,0.666666667,1.493333333,0.0,0.8,0.666666667,8.573333334
B85038,1.066666667,0.0,0.0,0.0,0.0,0.746666667,4.013333333,9.22
B85041,4.0,1.0,0.0,0.0,0.0,4.426666667,1.12,12.58
B85042,3.340533333,0.0,0.0,8.106666665999999,0.0,1.986666667,0.533333333,9.173333333
B85044,1.066666667,0.0,0.24,0.0,0.0,0.64,0.0,3.266666667
B85048,1.066666667,0.0,0.0,0.0,0.0,0.0,2.493333333,4.026666667
B85051,0.8,0.0,1.617940816,0.0,0.0,4.933333333,0.8,7.422110634
B85054,2.12,3.9066666669999996,0.0,1.6,1.066666667,1.6,3.786666667,16.78
B85055,1.7333333340000001,0.773333333,0.0,0.853333333,0.0,3.84,7.906666667,15.94666667
B85058,1.826666666,0.44,0.0,0.0,0.0,0.4,0.613333333,4.533333333
B85059,0.330133333,1.84,0.0,0.0,0.0,0.0,1.386666667,6.56
B85060,2.133333334,0.0,0.0,0.0,1.066666667,0.2,0.586666667,4.426666667
B85061,2.586666667,1.466666667,0.0,0.0,0.0,1.706666667,3.013333333,6.126666667
B85062,2.58,2.400533333,0.0,2.453333333,0.0,1.76,2.773333333,8.746666667
B85606,1.666666667,0.0,0.0,0.0,0.0,0.106666667,1.44,2.733333333
B85610,2.0,3.0666666670000002,0.0,0.0,0.0,2.613333333,1.28,11.9552439
B85611,1.6,0.0,0.0,0.0,0.0,0.0,0.0,0.0
B85612,0.88,0.693333333,0.0,0.0,0.0,0.666666667,0.826666667,4.933333333
B85614,1.0,0.0,0.0,0.0,0.0,1.8,3.04,7.746666667
B85619,1.480030118,0.426666667,0.0,0.0,0.0,0.68,1.133333333,4.12
B85620,0.533333333,0.64,0.186666667,0.0,0.0,0.213333333,1.066666667,3.813333333
B85623,0.78,0.0,0.0,0.0,0.0,0.533333333,0.4,5.226666667
B85634,0.933333333,0.0,0.0,0.0,0.0,0.493333333,1.986666667,3.493333333
B85636,1.0,0.64,0.0,0.64,0.0,0.986666667,1.426666667,5.88
B85640,1.417866667,0.0,0.0,0.0,1.066666667,0.64,0.0,6.453333333
B85641,3.110133333,0.0,0.0,0.0,0.0,2.586666667,0.0,8.826666667
B85645,1.333333333,0.0,0.0,0.0,0.0,0.426666667,1.093333334,3.213333333
B85646,3.7199999999999998,0.506666667,0.0,2.133333334,1.066666667,1.546666667,0.746666667,9.28
B85650,1.466666667,0.0,0.0,0.0,0.0,0.753333333,0.0,5.346666667
B85652,2.133333334,0.613333333,0.0,0.0,0.0,0.533333333,1.333333333,7.8
B85655,0.0,0.0,0.32,0.0,0.0,0.72,0.56,3.733333333
B85659,0.0,1.226666667,0.0,0.0,0.0,1.906666667,0.8,2.0
B85660,1.813333333,0.666666667,0.0,2.24,0.0,0.8,1.0,6.253333333
B86002,0.0,5.8644,0.0,1.066666667,0.0,6.4,6.0,23.82666667
B86003,5.9592,4.346666667,0.0,0.853333333,0.0,4.613333333,2.266666667,22.0
B86004,3.049066667,1.253333333,0.0,0.0,1.066666667,2.4,1.386666667,7.92
B86005,1.333333333,0.8,0.0,0.0,0.0,1.48,1.306666667,5.84
B86006,5.069333333,2.042666667,0.0,2.133333334,0.0,6.573333333,3.093333333,22.73333333
B86007,4.1112,1.6466666669999999,0.0,2.9866666669999997,1.066666667,1.28,1.96,16.12
B86008,5.592266667,4.449015326,0.0,3.626666667,1.066666667,3.112623972,2.573333333,23.52074901
B86009,1.48,3.301333334,0.0,0.0,0.0,1.4,2.613333333,9.086666667
B86010,2.913333333,1.28,0.0,0.0,0.0,1.773333333,6.253333333,13.37333333
B86011,2.450133333,3.170666667,0.0,1.066666667,0.0,1.0,1.526666667,12.84
B86012,8.375466666,2.0,0.0,2.613333333,1.066666667,5.346666667,3.16,24.12
B86013,3.633333333,3.68,0.0,1.066666667,0.0,6.186666667,5.106666667,24.69333333
B86014,1.9733333339999999,2.906666667,0.0,2.346666667,0.0,5.453333333,5.546666667,18.99333333
B86015,2.64,4.133333334,0.0,3.0933333340000004,0.0,3.2,3.406666667,15.86
B86016,6.584,2.613333333,0.0,7.68,1.066666667,4.42,1.84,23.54693333
B86017,4.380266667,3.257866667,0.213333333,1.066666667,2.133333333,3.026666667,2.973333333,18.32346667
B86018,3.466666667,0.8,0.0,2.346666667,0.0,1.333333333,1.773333333,10.78666667
B86019,3.4584,5.081333333,0.0,1.066666667,0.0,5.046666667,3.498069921,24.42666667
B86020,4.666666667,1.2,0.0,0.0,0.0,3.72,1.16,18.15544397
B86022,4.266666667,2.72,0.0,0.0,0.0,3.573333333,4.133333333,20.4
B86024,6.3999999999999995,0.28,0.0,2.24,0.0,2.453333333,1.64,12.94666667
B86025,3.242666667,2.492533333,0.0,0.0,0.0,2.04,1.306666667,9.773333333
B86028,0.96,1.453333333,0.64,0.0,0.0,1.733333333,1.066666667,6.177333334
B86029,0.0,4.2,0.0,1.813333334,0.0,2.8,3.133333333,5.04
B86030,2.4,3.466666667,0.0,1.866666667,0.0,3.12,1.386666667,13.09333333
B86032,4.613333333,6.133333333,0.0,3.2,0.0,4.093333333,9.16,37.91333333
B86033,3.2133333329999996,7.370666667,0.0,2.773333334,1.066666667,2.613333333,2.733333333,18.14666667
B86034,2.670133333,1.110933333,0.0,2.133333334,0.0,1.186666667,1.0,8.32
B86035,1.653333333,2.057866667,0.0,0.0,0.0,2.8,2.133333333,9.386666667
B86036,3.896266667,2.4,0.0,2.773333333,0.0,3.733333333,4.283466667,13.832
B86038,2.226666667,0.783466667,0.0,1.813333334,0.0,3.586666667,4.146666667,10.96
B86039,2.784,1.931733333,0.0,0.0,0.0,1.586666667,1.44,13.80666667
B86041,2.8736,1.853333333,0.0,1.8533333330000001,0.0,0.32,1.36,6.266666667
B86042,2.898933333,2.896,0.0,1.066666667,0.0,5.293333334,5.52,18.50666667
B86043,0.986666667,0.657866667,0.0,0.0,0.0,4.24,0.0,9.573333334
B86044,10.78826667,7.72,0.0,5.760000001,0.0,4.333333333,8.84,31.5
B86048,2.9736,4.122666667,0.0,2.133333334,2.986666667,4.573333333,5.86,22.47333333
B86049,3.145066667,2.4176,0.0,1.066666667,1.066666667,3.066666667,1.733333333,9.586666667
B86050,4.08,7.08,0.0,1.92,0.0,5.413333334,2.28,12.53333333
B86051,3.186666667,8.24,0.0,4.053333334,1.92,3.426666667,3.093333333,17.81333333
B86052,1.74,1.170133333,0.0,4.266666667,0.0,3.44,2.973333333,16.52
B86054,1.36,1.86,0.656,0.0,0.853333333,1.666666667,2.8,7.610133333
B86055,1.250133333,2.827733333,0.0,0.853333333,1.066666667,3.630133333,1.4,10.01333333
B86057,3.866666667,5.6,0.0,6.613333334,0.0,4.093333333,5.626666667,27.46666667
B86059,6.533333333,1.386666667,0.0,5.973333333999999,0.0,6.066666667,4.106666667,21.52
B86060,2.88,2.946666667,0.0,0.853333333,0.0,3.18,2.126666667,9.893333333
B86061,0.0,1.546666667,0.0,0.0,0.0,0.8,0.693333333,5.466666667
B86062,2.560266667,1.813333333,0.0,2.56,0.0,0.0,1.12,8.84
B86064,3.5544,5.042666667,0.0,0.0,0.0,2.0,2.173333333,19.56666667
B86066,2.706666667,2.986666667,0.0,3.2,0.0,4.28,5.173333333,16.4
B86067,6.8,3.6,0.0,2.133333333,0.0,4.533333333,6.086666667,21.13333333
B86068,3.004533333,1.173333333,0.0,2.56,1.066666667,1.413333333,0.786666667,10.44
B86069,2.346666667,2.733333333,0.0,0.0,0.0,2.666666667,0.906666667,10.89333333
B86070,1.066666667,1.12,0.0,0.0,0.0,1.533333333,0.0,6.953333333
B86071,2.4,0.8,0.0,0.0,0.0,1.946666667,1.893333333,9.373333333
B86075,4.8,2.933333333,0.0,4.16,0.0,4.68,3.426666667,17.82666667
B86081,4.350666667,0.890133333,0.0,2.9866666669999997,0.0,0.8,4.093333333,12.37333333
B86086,2.533333333,2.426666667,0.0,2.773333334,0.0,1.546666667,0.733333333,8.026666667
B86089,1.0,1.36,0.0,0.0,0.0,0.0,2.293333333,5.546666667
B86092,3.097066666,0.0,0.0,0.0,0.0,1.946666667,2.4,8.213333334
B86093,2.253333333,2.543298377,0.0,2.133333334,0.0,1.406666667,0.6,8.353333333
B86094,2.053333333,0.0,0.0,0.0,0.0,1.28,0.666666667,4.946666667
B86096,0.78,1.28,0.0,0.0,0.0,3.12,1.52,7.546666667
B86100,2.672,1.489333333,0.0,2.133333333,1.066666667,3.44,3.0,12.16
B86101,1.0,0.0,0.0,0.0,0.0,0.0,0.773333333,4.493333333
B86103,1.56,0.0,0.0,0.0,0.0,1.0,0.5,4.2
B86104,1.0,3.43,0.0,1.066666667,0.0,4.866666667,4.4,18.21333333
B86106,1.2864,2.533333333,0.0,3.5733333330000003,0.0,1.3184,0.666666667,4.713333333
B86108,2.666666667,0.0,0.0,1.706666667,0.0,1.28,0.0,7.68
B86109,1.967733333,1.513333333,0.0,3.573333333,1.066666667,0.64,1.933333333,8.44
B86110,2.776,11.09866667,0.0,1.92,0.0,6.813333334,2.0,29.7584
B86623,1.2,0.44,0.0,0.0,0.0,0.933333333,1.6,4.56
B86642,1.220266667,0.0,0.0,0.0,0.0,1.0,0.5,3.0
B86643,2.225333333,0.0,0.0,0.0,0.0,0.64,0.0,3.013333333
B86648,1.333333333,0.0,0.0,0.0,0.0,0.426666667,0.906666667,2.325333333
B86655,0.986666667,0.0,0.0,0.0,0.0,0.426666667,0.0,2.4
B86658,1.993333333,4.32,0.0,0.0,0.0,2.666666667,2.186666667,13.34666667
B86666,1.9568,0.0,0.0,0.0,0.0,0.0,0.533333333,7.346666667
B86667,1.053333333,2.16,0.0,0.853333333,0.0,2.133333333,1.28,7.12
B86669,0.0,6.142933334,0.0,0.0,0.0,9.8,13.3,8.16
B86672,1.530666667,1.749333333,0.0,1.066666667,1.066666667,0.96,0.4,7.16
B86673,0.0,3.598933333,0.0,0.0,0.0,1.4368,1.630133333,10.65333333
B86675,0.0,1.830933333,0.0,0.0,0.0,0.746666667,0.8,5.8
B86678,1.12,0.48,0.0,0.0,0.0,0.373333333,0.426666667,3.466666667
B87001,3.332,1.6,0.0,9.706666667,0.0,4.573333333,10.04,7.811682348
B87002,4.206933333,3.68,0.0,4.0533333339999995,1.066666667,4.125333333,3.693333333,11.22666667
B87003,3.590133333,2.586666667,0.0,3.84,0.0,3.92,2.973333333,13.33333333
B87004,2.96,0.906666667,0.0,2.346666667,0.0,4.626666667,0.533333333,10.4
B87005,2.754666667,3.408,0.0,1.493333333,0.0,2.746666667,0.72,13.14666667
B87006,3.4168,0.48,0.0,0.0,0.0,6.013333333,1.88,17.65333333
B87007,3.0,12.337333333,0.0,7.4400000010000005,0.0,3.96,6.413333333,22.41866667
B87008,5.380266667,2.617066667,0.0,5.76,0.0,6.653333333,2.493333333,15.32533333
B87009,3.632266667,0.0,0.0,1.066666667,1.066666667,2.8,3.32,7.466666667
B87011,3.700266667,3.186666667,0.0,3.84,0.0,5.493333334,2.733333333,23.84
B87012,1.6,4.0,0.0,3.5199999999999996,1.066666667,3.502133333,0.48,11.27333333
B87013,3.966666667,1.633333333,0.0,1.706666667,1.066666667,5.44,0.906666667,12.34666667
B87015,1.7776,1.541866667,0.0,0.0,0.0,1.946666667,0.533333333,8.8
B87016,6.0216,1.299466667,0.213333333,1.706666667,0.0,9.793333333,6.773333333,26.63379298
B87017,7.777626667,5.928533334,0.0,7.7866666659999995,1.066666667,10.62666667,10.34666667,35.01333333
B87018,4.006666667,1.6,0.0,7.573333333,0.0,2.64,3.28,13.42666667
B87019,0.88,1.12,0.0,0.0,0.0,0.0,3.173333333,10.50666667
B87020,3.1184,2.546666667,0.0,2.9866666669999997,0.0,2.72,2.613333333,17.02666667
B87021,2.663733333,0.666666667,0.0,0.0,0.0,7.013333333,2.626666667,18.52
B87022,2.0,1.113333333,0.0,1.066666667,0.0,2.346666667,0.48,8.306666667
B87025,1.973333333,0.552533333,0.533333333,0.0,0.0,3.773333333,0.0,10.70666667
B87026,2.986666667,4.2,0.0,0.0,0.0,7.24,7.413333333,25.04
B87027,4.666666667,1.1466666669999999,0.0,2.666666666,0.0,3.56,2.586666667,16.66666667
B87028,4.986666667,3.173333333,0.0,4.053333334,0.0,1.613333333,2.586666667,14.25333333
B87030,4.373333333,5.7706666659999994,0.0,5.226666667,1.066666667,18.08,5.346666667,38.44
B87031,4.746933333,5.205333333,0.0,4.586666667,1.066666667,5.626666667,6.533333333,35.48
B87032,3.266933333,0.853333333,0.0,2.773333334,0.0,1.413333333,1.653333333,7.286666667
B87033,2.0,0.0,0.0,0.0,0.0,0.96,0.426666667,4.346666667
B87036,0.0,1.0,0.0,0.0,0.0,3.451957916,0.56,8.398349014
B87039,2.9568000000000003,5.0768,0.0,4.693333333,1.066666667,4.8,4.346666667,18.64
B87042,0.0,0.653333333,0.0,0.0,0.0,3.026666667,2.8,7.373333333
B87044,1.0,0.0,0.0,0.0,0.0,0.426666667,0.0,3.470666667
B87602,0.414666667,0.333333333,0.213333333,0.0,0.0,1.213333333,0.853333333,4.973333333
B87604,0.893333333,0.0,0.0,0.0,0.0,0.493333333,0.0,4.018666667
C81001,3.5672,2.949066667,0.0,3.2,0.0,6.12,1.226666667,15.36
C81002,5.013333334,3.526666667,0.28,8.106666666,1.066666667,4.04,4.413333333,17.02
C81003,2.826666667,4.08,0.0,0.853333333,0.0,2.72,2.666666667,10.82666667
C81004,4.266666667,0.984,0.0,2.133333333,0.0,2.373333333,1.04,16.48
C81005,4.72,4.053333333,0.0,4.053333332999999,0.0,5.946666667,3.573333333,25.76
C81006,2.444266667,6.7784,0.0,0.0,0.0,2.0,5.44,32.23666667
C81007,1.466666667,3.413333333,0.0,2.133333334,0.0,5.24,1.28,16.68
C81008,0.0,2.925333333,0.0,0.0,0.0,4.693333333,3.126666667,14.89333333
C81009,6.92,0.426666667,0.0,2.773333334,0.0,3.946666667,2.0,30.47333333
C81010,2.0,2.878933333,0.0,12.266666666999999,0.0,4.373333333,2.48,14.08
C81012,4.437333333,2.826666667,0.0,3.52,0.0,5.373333333,0.986666667,21.28
C81013,2.4,0.533333333,0.0,0.0,0.0,1.333333333,4.64,6.753333333
C81014,2.7199999999999998,2.384,0.0,2.133333334,0.0,2.646666667,2.477333333,14.88533333
C81015,4.18,2.66,0.0,3.2000000010000003,0.0,3.453333333,2.826666667,15.08
C81016,1.586666666,2.806666667,0.0,2.56,1.066666667,3.44,5.773333333,12.29333333
C81017,1.68,2.565333333,0.0,2.773333334,0.0,3.893333333,2.266666667,14.23333333
C81018,2.88,3.12,0.0,0.853333333,0.0,1.893333333,3.94,13.16
C81020,3.04,2.4,0.0,2.773333334,2.133333333,1.333333333,2.133333333,15.2312
C81021,5.44,1.44,0.0,0.0,0.0,2.933333333,4.413333333,13.36666667
C81022,0.666666667,1.2,0.0,0.0,0.0,0.8,0.8,5.186666667
C81023,4.266666667,0.0,0.0,0.0,0.0,2.413333333,1.013333333,9.813333333
C81025,2.64,4.8,0.0,2.56,0.0,1.96,1.253333333,15.21333333
C81026,1.0,1.2,0.0,0.0,0.0,1.466666667,2.0,9.96
C81027,2.313333333,3.333333333,1.2,2.24,0.0,1.866666667,0.453333333,12.32666667
C81028,3.52,4.333333333,0.0,3.840000001,0.0,2.773333333,0.613333333,11.05333333
C81029,3.093333333,3.093333333,0.0,2.773333334,2.773333333,6.68,7.066666667,33.46666667
C81030,2.96,3.109333334,0.0,4.053333332999999,2.133333333,3.306666667,6.62,16.24
C81031,3.78,0.666666667,0.0,2.9866666669999997,1.066666667,4.133333333,0.0,10.1
C81032,2.533333333,4.133333333,0.0,0.853333333,0.0,5.106666667,3.853333333,19.34666667
C81033,5.226666667,1.173333333,0.853333333,5.546666666,0.0,6.346666667,2.653333333,19.05333333
C81034,2.56,4.506666667,0.0,1.92,1.066666667,4.706666667,0.0,15.26666667
C81035,4.533333333,2.853333333,0.0,0.0,0.0,2.773333333,2.853333333,12.77333333
C81036,2.733333333,0.566666667,0.0,0.0,0.0,1.352623972,0.666666667,7.973333333
C81037,4.0,3.013333333,0.0,2.773333334,0.0,1.786666667,6.08,9.106666667
C81038,3.413333333,0.8,0.0,2.9866666669999997,0.0,6.7,3.626666667,2.773333333
C81039,0.0,2.438283065,0.0,0.0,0.0,0.986666667,1.44,10.38666667
C81040,3.466666667,0.32,0.0,0.0,0.0,2.2,1.146666667,9.993333333
C81041,2.4,5.24,0.0,2.986666666,0.0,2.44,7.946666667,15.72
C81042,3.2,2.066666667,0.0,0.0,0.0,3.52,0.48,15.33333333
C81044,3.066666667,3.333333333,0.0,2.56,1.066666667,4.44,0.726666667,12.10666667
C81045,0.0,7.306666667,0.0,0.0,0.0,6.6,4.786666667,20.30666667
C81046,0.933333333,0.0,0.4,0.0,0.0,1.0,2.48,5.533333333
C81047,2.893333333,2.1064,0.0,11.306666666999998,0.0,2.72,2.826666667,14.50666667
C81048,2.4,2.693333333,0.0,1.493333333,0.0,4.386666667,1.306666667,13.38666667
C81049,2.871466667,2.16,0.0,3.2000000010000003,1.066666667,3.32,1.706666667,16.76
C81050,1.0,5.0,0.0,0.0,0.0,2.026666667,1.0,8.72
C81051,5.526666667,4.826666667,0.0,4.693333334,0.0,8.04,2.64,30.72666667
C81052,0.0,1.726666667,0.0,0.0,0.0,1.613333333,1.413333333,11.09333333
C81053,3.053333333,1.4306479429999999,0.0,9.386666667,0.0,2.64,1.0,15.36666667
C81054,4.4,10.816,0.0,8.213333333,1.066666667,4.773333333,1.0,47.52719222
C81055,1.6466666669999999,0.76,0.0,1.92,0.0,1.0,2.0,6.733333334
C81056,1.066666667,0.44,0.0,0.0,0.0,3.293333333,1.533333333,8.36
C81057,3.573333333,0.653333334,0.0,0.853333333,0.0,1.986666667,1.893333333,12.49333333
C81058,2.933333333,3.28,0.8,2.56,0.0,1.253333333,1.786666667,9.053333333
C81059,0.0,3.686666667,0.0,3.6266666670000003,0.0,1.0,0.5,5.273333333
C81060,1.9333333329999998,2.341333333,0.0,0.0,0.0,3.426666667,2.906666667,13.12
C81061,3.093333333,4.213333334,0.0,2.56,0.0,6.8,4.76,31.46666667
C81062,1.866666667,2.88,0.0,2.133333334,0.0,2.32,2.946666667,10.92666667
C81063,2.266666667,2.933333333,0.0,1.92,1.066666667,2.533333333,1.786666667,13.0
C81064,4.3272,1.333333333,0.522146095,2.773333333,0.0,4.72,1.271403254,13.59333333
C81065,4.0,0.733333333,0.0,0.0,0.0,4.52,1.333333333,13.18666667
C81066,3.64,2.293333333,0.0,0.0,0.0,5.32,1.906666667,14.49333333
C81067,4.693333333,1.44,0.0,1.066666667,0.0,2.386666667,2.36,12.01333333
C81068,1.6,4.306666667,0.0,1.066666667,0.0,5.283333333,0.666666667,17.02883681
C81069,5.253333333,5.109333333,0.0,2.133333334,0.0,2.8,1.466666667,15.30666667
C81070,1.066666667,1.28,0.0,0.0,0.0,0.36,0.64,4.573333333
C81071,5.88,0.222133333,0.0,0.0,0.0,3.04,0.266666667,16.01333333
C81072,3.717333333,6.852266666999999,0.0,2.773333334,0.0,15.71493333,13.74666667,73.50666667
C81073,4.373333333,2.746666667,0.0,3.2,0.0,2.413333333,2.56,19.49333333
C81074,0.0,0.506666667,0.0,0.0,0.0,0.88,0.533333333,5.88
C81075,0.0,0.598283065,0.0,0.0,0.0,1.405957305,3.01387353,8.010031362
C81080,1.88,0.746666667,0.0,0.0,0.853333333,3.966666667,5.466666667,14.16
C81081,6.506666667,1.533333333,0.0,3.84,0.0,6.2,4.986666667,22.98666667
C81082,1.0,0.0,0.72,0.0,0.0,0.906666667,1.533333333,6.186666667
C81083,4.133333333,4.693333333,0.0,4.48,0.0,5.293333333,3.0,19.64
C81084,5.6,3.626666667,0.0,1.493333333,0.0,5.253333333,6.000942118,29.46666667
C81086,0.746666667,3.763466667,0.0,1.92,0.0,3.146666667,3.026666667,16.77333333
C81089,1.066666667,0.48,0.0,0.0,0.0,1.226666667,1.066666667,2.986666667
C81091,1.6,0.666666667,0.0,0.0,0.0,3.16,4.986666667,12.57333333
C81092,4.026666667,1.7600000000000002,0.0,1.066666667,0.0,1.96,7.68,11.10666667
C81094,2.68,2.853333333,0.0,1.92,0.0,1.68,2.093333333,12.86
C81095,1.5,0.746666667,0.0,0.0,0.0,1.466666667,0.4,8.746666666
C81096,1.786666667,0.426666667,0.0,0.0,0.0,1.666666667,1.533333333,9.08
C81097,1.346666667,1.082666667,0.0,0.853333333,0.0,2.64,0.906666667,8.04
C81099,3.0,1.12,0.0,2.986666667,0.0,4.413333333,1.653333333,14.45333333
C81101,1.2,2.790666666,0.0,1.92,0.0,3.386666667,2.546666667,13.5
C81106,1.733333333,0.933333333,0.0,2.666666667,1.066666667,1.72,2.96,10.08
C81108,4.666666667,1.333333333,0.0,0.0,0.0,3.44,0.72,14.88666667
C81110,2.0266666669999998,2.226666667,0.0,1.066666667,0.0,2.106666667,1.32,13.74666667
C81113,2.026666666,1.325333333,0.053333333,1.066666667,0.0,0.866666667,0.0,6.16
C81114,4.666666667,3.2,0.0,4.053333332999999,1.066666667,4.306666667,3.773333333,18.66666667
C81115,1.173333333,0.266666667,0.0,0.0,0.0,2.173333333,1.2,9.12
C81118,2.133333334,0.533333333,0.6133333329999999,0.0,0.0,1.666666667,0.986666667,9.12
C81604,0.786666667,2.133333333,0.0,0.0,0.0,1.493333333,0.56,3.16
C81611,0.0,0.16,0.0,0.0,0.0,0.48,0.0,4.533333334
C81615,0.666666667,0.68,0.0,0.853333333,0.0,1.226666667,0.133333333,4.8
C81616,1.16,0.666666667,0.0,0.0,0.0,2.293333333,1.226666667,4.946666667
C81634,1.44,1.146666667,0.0,1.066666667,0.0,0.866666667,1.92,8.98
C81638,0.0,1.506666667,0.0,3.2,0.0,1.0,1.56,4.466666667
C81640,1.12,0.0,0.0,0.0,0.0,0.8,1.146666667,3.306666667
C81647,0.0,2.021333333,0.0,0.0,0.0,3.226666667,2.88,8.493333334
C81649,2.4000000000000004,2.053333333,0.0,1.92,0.0,2.16,3.333333333,9.22
C81652,1.52,0.0,0.0,0.0,0.0,0.853333333,0.0,5.0
C81653,1.2533333340000001,0.0,0.106666667,0.0,0.0,0.946666667,0.0,4.386666667
C81655,0.986666667,0.8,0.0,0.0,0.0,0.786666667,0.906666667,4.213333333
C81658,1.066666667,3.146666667,0.0,2.453333333,0.0,1.506666667,3.12,9.386666667
C81662,1.706666666,1.946666667,0.64,0.0,0.0,5.213333333,4.08,8.186666667
C82001,6.76,4.492266667,0.0,3.84,0.0,7.84,5.106666667,35.1088
C82002,5.04,0.6,0.0,2.56,1.066666667,3.306666667,2.64,11.51333333
C82003,6.0,1.706666667,0.382303741,1.066666667,0.0,2.466666667,3.363579551,7.76
C82005,2.56,0.453333333,0.0,8.106666666999999,0.0,2.093333333,4.006666667,13.41333333
C82007,4.0,3.093333333,0.0,3.5199999999999996,0.0,2.613333333,2.4,15.3
C82008,2.24,0.0,0.0,1.066666667,0.0,1.0,2.533333333,10.6
C82009,5.6,4.626666667,0.0,1.92,0.0,12.18666667,14.58666667,46.99333333
C82010,2.6666666670000003,3.88,0.0,5.12,0.0,5.68,7.36,21.64666667
C82011,5.106666667,2.573333333,0.0,4.053333333,0.0,3.4,0.906666667,15.7
C82012,4.32,3.706666667,0.0,2.773333333,0.0,1.706666667,7.186666667,14.74666667
C82013,2.586666667,4.358283065,0.0,5.120000001,0.0,3.333333333,5.653333333,18.53834901
C82014,4.066666667,7.673333334,0.0,3.093333333,1.0,6.546666667,7.0,36.81333333
C82016,2.8,2.461866667,0.0,0.0,0.0,4.353333333,7.12,20.01333333
C82017,5.36,3.306666667,0.0,1.066666667,0.0,3.026666667,3.44,32.10666667
C82018,4.413333333,0.666666667,0.48,0.0,0.0,4.866666667,5.466666667,16.97333333
C82019,1.066666667,0.453333333,0.0,0.0,0.0,1.48,0.0,0.0
C82020,3.8832,1.58,0.0,0.0,0.0,0.0,0.0,9.0
C82021,1.066666667,1.066666667,0.0,0.0,0.0,1.08,3.2,12.6
C82022,3.146666667,2.373333333,0.0,0.853333333,0.0,1.48,5.933333333,11.85333333
C82024,7.293333334,1.205333333,0.0,3.6266666670000003,1.066666667,1.96,1.466666667,26.36
C82025,4.64,2.509333333,0.0,1.92,0.0,3.053333333,2.973333333,13.764
C82026,2.266666666,1.866666667,0.0,1.066666667,1.066666667,2.24,2.293333333,10.97333333
C82027,1.813333334,0.906666667,0.0,0.0,0.0,2.693333333,3.106666667,8.546666667
C82028,1.7599999999999998,1.066666667,0.08,0.853333333,0.0,1.186666667,2.0,11.08666667
C82030,3.933333333,0.0,0.0,1.706666667,0.0,0.986666667,2.413333333,8.766666667
C82031,4.08,2.32,0.0,2.986666667,2.133333333,1.4,3.706666667,11.53333333
C82032,2.746666667,0.773333333,0.0,0.0,0.0,1.786666667,2.253333333,6.14
C82033,3.669333333,1.666666667,0.0,2.56,0.0,0.8,3.52,13.28
C82034,1.76,2.226666667,0.96,0.0,0.0,1.626666667,1.506666667,11.04
C82035,3.466666667,0.8,0.0,3.84,0.0,2.053333333,0.0,11.33333333
C82037,2.4,0.0,3.16,0.0,1.066666667,0.28,1.04,7.24
C82038,7.626666667,7.999999999999999,1.689333333,3.84,0.0,15.47146667,18.84,59.08826667
C82039,2.224,1.786666667,0.0,4.906666667,0.0,4.573333333,4.6,14.52666667
C82040,1.56,1.573333333,0.0,5.333333333000001,0.0,2.2,4.413333333,9.733333333
C82041,2.88,4.446666667,0.0,0.64,0.0,2.426666667,1.966666667,16.67333333
C82042,5.093333333,1.813333333,0.0,3.2,1.066666667,4.08,4.173333333,16.30666667
C82043,1.44,5.12,0.0,2.56,0.0,3.4,1.573333333,12.76
C82044,3.133333333,1.333333333,0.0,0.0,0.0,4.96,5.76,12.65333333
C82045,1.706666667,1.413333333,0.0,0.0,0.0,2.506666667,0.0,10.41333333
C82046,4.8,3.354666667,0.0,2.133333334,0.0,3.84,9.006666667,27.448
C82047,3.2,0.48,0.0,0.0,0.0,6.02,2.92,10.64
C82048,2.96,0.054666667,0.0,3.84,2.133333333,0.64,0.613333333,5.4
C82050,1.44,2.977866667,0.0,0.0,0.0,4.56,2.0,21.1033647
C82051,3.9,1.033333333,0.0,0.0,0.0,4.2,6.266666667,14.41003136
C82052,1.973333334,0.24,0.0,0.0,0.0,0.426666667,1.4,3.94
C82053,1.4,2.106666667,0.0,2.986666667,0.0,3.146666667,2.14,13.2328
C82054,3.626666667,1.306666667,0.0,2.133333333,0.0,2.986666667,1.973333333,17.17333333
C82055,5.0,1.5,0.0,2.773333334,0.0,3.0,9.3932,16.77333333
C82056,2.133333333,9.44,0.0,4.346666667,0.0,0.56,8.073333333,16.34666667
C82059,0.333333333,0.0,0.4,0.0,0.0,0.0,0.653333333,3.213333333
C82060,0.0,0.853333333,0.0,1.066666667,0.0,0.64,1.0,5.0
C82061,5.066666666,4.013333333,0.0,4.053333332999999,0.0,1.893333333,1.533333333,19.92
C82062,1.733333333,1.466666667,0.0,1.066666667,0.0,3.666666667,1.613333333,8.44
C82063,2.546666667,4.8472983769999995,1.102303741,2.6666666670000003,0.0,1.8,7.12,14.8
C82064,4.213333333,3.106666667,0.0,3.6266666670000003,1.066666667,4.16,1.973333333,20.93333333
C82066,5.333333334,0.96,0.0,8.746666667,2.133333333,3.893333333,6.04,21.21168235
C82067,4.12,0.64,0.0,2.666666667,1.066666667,0.56,1.0,5.613333333
C82068,3.24,2.76,0.0,4.906666667,0.0,2.28,2.44,12.28
C82070,3.012,1.701333333,0.0,4.266666666,1.066666667,2.373333333,2.226666667,14.33333333
C82071,3.466666667,3.306666667,0.0,5.12,0.0,2.933333333,0.933333333,15.61333333
C82072,0.8,2.773333333,0.0,0.0,0.0,3.28,2.96,14.15333333
C82073,1.706666667,1.386666667,0.0,1.066666667,2.133333333,1.893333333,5.813333333,18.77333333
C82075,3.866666667,2.56,0.0,1.92,0.0,3.133333333,1.4,17.84672939
C82076,0.213333333,3.306666667,0.0,0.64,0.0,4.173333333,10.48,15.73333333
C82077,0.933333334,0.96,0.0,1.066666667,0.0,5.386666667,14.28,22.42667089
C82078,4.626666667,3.061333333,0.0,5.12,1.066666667,2.506666667,5.306666667,17.75088793
C82079,1.493333333,2.586666667,0.0,0.0,0.0,0.8,1.253333333,14.53333333
C82080,1.386666666,0.0,0.0,0.0,1.066666667,0.533333333,1.2,4.12
C82082,0.0,1.5616,0.0,0.0,0.0,2.86,1.466666667,8.246666667
C82084,1.0,0.0,0.08,0.0,0.0,0.293333333,1.52,3.146666667
C82086,3.9653333340000003,2.426666667,0.0,1.173333333,0.0,0.693333333,1.786666667,8.453333334
C82088,0.986666667,0.68,1.2,3.733333334,0.0,0.8,2.573333333,9.786666667
C82091,0.920030118,0.0,1.04,0.0,0.0,2.44,4.2,9.92
C82092,1.0,0.0,0.0,0.0,0.0,0.4,0.426666667,5.4
C82093,4.562666667,1.069333333,0.0,1.066666667,0.0,4.2,1.893333333,13.36666667
C82094,2.1,0.0,0.778666667,0.0,0.0,1.84,1.413333333,8.44
C82095,1.92,2.573333333,0.213333333,0.0,0.0,2.08,1.493333333,9.173333333
C82096,1.941333333,2.9215999999999998,0.0,4.053333334,0.0,0.533333333,0.46,10.91333333
C82097,0.5333333330000001,0.373333333,0.0,0.0,0.0,0.48,0.4,2.586666667
C82098,2.96,0.746666667,0.0,1.386666667,0.0,1.146666667,3.32,8.426666667
C82099,0.96,0.213333333,0.0,0.64,0.0,0.106666667,4.333333333,3.628577234
C82100,4.0,0.8,0.0,2.986666666,0.0,1.533333333,1.64,9.946666667
C82102,2.533333333,0.24,0.0,0.0,0.0,0.693333333,0.0,9.28
C82103,0.0,0.0,0.0,0.0,0.0,0.8,2.546666667,6.706666667
C82107,2.64,0.0,0.0,0.0,0.0,2.066666667,0.933333333,6.92
C82109,4.653333333,0.0,0.0,0.0,0.0,0.72,4.026666667,5.36
C82111,0.666666667,2.56,0.0,0.0,0.0,1.226666667,1.946666667,7.253333333
C82112,0.666666667,0.8,0.0,0.0,0.0,2.533333333,1.626666667,3.453333333
C82114,1.8266967840000001,0.933333333,0.08,0.0,0.0,0.899290639,1.750202116,4.904105279
C82116,1.466666667,0.426666667,0.0,0.0,0.0,0.0,0.56,5.12
C82119,1.466666667,0.0,0.266666667,0.0,0.0,0.506666667,1.950202116,3.066666667
C82120,1.4933333329999998,0.0,0.0,0.0,0.0,0.906666667,0.24,2.346666667
C82121,4.32,1.266666667,0.0,3.306666667,1.066666667,3.68,1.813333333,19.24666667
C82124,2.663466667,6.355733333,0.0,4.053333332999999,1.066666667,1.8,0.86,17.02
C82600,0.0,0.0,0.986666667,0.0,0.0,0.986666667,0.906666667,4.813333333
C82610,2.133333334,1.2,0.0,1.066666667,0.0,0.2,1.013333333,3.866666667
C82611,1.0,1.733333333,0.666666667,0.0,0.0,1.786666667,0.773333333,9.706666667
C82614,0.0,0.853333333,0.0,0.0,0.0,1.44,0.533333333,7.16
C82620,0.333333333,0.0,0.0,0.0,1.066666667,0.0,0.0,1.72
C82624,0.0,3.093333334,0.0,0.0,0.0,0.853333333,2.666666667,7.626666667
C82627,0.64,1.92,1.2,2.133333334,0.0,0.0,2.726666667,7.386666667
C82628,0.213333333,0.533333333,0.0,0.0,0.0,0.64,0.813333333,1.28
C82631,2.76,0.64,0.0,0.853333333,0.0,0.32,4.4,8.053333334
C82634,3.186666666,0.8,0.0,0.0,0.0,0.586666667,0.0,11.01333333
C82639,2.12,1.12,0.0,0.0,0.0,4.466666667,1.066666667,13.04
C82642,1.813333333,0.533333333,1.386666667,0.0,0.0,0.613333333,1.8,8.586666667
C82643,2.533333333,2.066666667,0.0,3.2,0.0,0.106666667,0.986666667,4.826666667
C82644,2.093333333,0.0,0.573333333,0.0,0.0,1.92,0.693333333,4.04
C82649,0.8,0.906666667,0.0,0.0,0.0,1.226666667,5.533333334,5.6
C82650,1.466666667,1.066666667,0.0,0.0,0.0,0.8,0.706666667,3.76
C82651,1.6266666659999998,0.0,0.426666667,0.0,0.0,0.0,0.0,3.68
C82653,0.333333333,0.0,0.32,0.0,0.0,0.453333333,0.0,2.32
C82656,1.76,0.0,0.0,0.0,0.0,0.6,0.4,4.053333333
C82659,1.653333333,0.0,0.746666667,2.133333333,0.0,0.466666667,1.950202116,2.72
C82660,1.066666667,0.0,0.0,0.0,0.0,1.44,0.2,7.373333333
C82662,1.0,0.0,2.386666667,0.0,0.0,0.8,0.8,7.013333334
C82667,1.866666667,0.870933333,0.0,0.0,0.0,1.92,0.48,8.946666667
C82669,1.4666666670000001,0.0,0.213333333,0.0,0.0,0.746666667,1.76,3.386666667
C82671,0.8,0.0,1.306666667,0.0,0.0,0.4,1.213333333,5.08
C82676,1.0,1.0,0.24,0.0,0.0,0.773333333,1.226666667,5.746666667
C82678,0.0,0.0,0.0,0.0,0.0,1.706666667,2.666666667,12.24
C82680,0.0,0.64,0.0,0.0,0.0,0.0,1.4,5.666666667
C83001,3.242133333,5.106666667,0.0,3.4133333340000003,0.0,14.19333333,4.066666667,51.82666667
C83002,1.7333333340000001,2.130666667,0.0,0.0,0.0,5.626666667,3.813333333,9.36
C83003,1.973333333,2.930666667,0.0,3.626666667,0.0,6.84,13.26666667,30.38666667
C83004,0.533333333,2.546666667,0.48,1.066666667,0.0,3.226666667,3.746666667,23.57333333
C83005,2.133333334,2.133333333,0.0,0.0,0.0,2.64,10.62666667,9.7344
C83007,6.716666667,4.330549732,0.8,1.92,0.0,13.51124856,20.48,56.37334223
C83008,1.0,2.402666667,0.0,2.133333334,0.0,2.68,1.066666667,8.218666667
C83009,3.2,1.158283065,0.0,2.133333334,2.133333333,3.706666667,1.373333333,12.62
C83010,1.998933333,2.96,0.0,2.133333333,1.066666667,5.853333333,6.666666667,17.01733333
C83011,2.666666666,3.226666667,0.0,0.0,0.0,5.886666667,7.04,19.21333333
C83013,2.0266666669999998,1.0,0.0,0.0,0.0,4.933333333,6.32,12.66666667
C83014,2.738666667,1.0,0.0,0.0,1.066666667,4.866666667,2.986666667,14.44
C83015,1.813333333,1.173333333,0.0,5.333333333000001,0.0,4.506666667,2.986666667,15.24
C83018,0.0,4.362133333,0.8,0.0,0.0,5.32,6.813333333,19.61333333
C83019,3.2,4.4,0.0,2.986666667,0.0,3.066666667,10.53333333,32.16
C83020,2.733333333,2.931616398,0.0,3.786666667,0.0,2.68,18.04,21.33333333
C83022,1.066666667,1.973333333,0.6,3.2,0.0,5.293333333,13.492,36.22
C83023,2.773333333,2.56,0.0,5.333333333000001,2.773333333,4.173333333,14.90642534,15.74
C83024,0.96,0.96,0.0,1.066666667,0.0,0.586666667,3.626666667,4.266666667
C83025,3.333333333,2.2,0.0,1.92,1.066666667,6.64,5.266666667,18.25333333
C83026,8.186666667,3.104949732,0.0,11.093333334,0.0,10.12223388,14.24094212,44.99431535
C83027,2.693333333,1.386666667,0.0,2.133333333,0.0,6.16,4.933333333,14.33333333
C83028,2.0,1.226666667,0.0,0.0,0.0,2.466666667,4.88,9.253333333
C83029,0.8,0.533333333,0.0,0.0,0.0,2.346666667,1.933333333,6.28
C83030,1.4666666670000001,0.453333333,0.0,0.0,0.0,3.226666667,9.586666667,5.746666667
C83031,2.453333333,2.586666667,0.0,1.066666667,0.0,3.853333333,8.78,21.5487773
C83032,1.2,1.106666667,0.0,0.0,0.0,6.546666667,6.026666667,11.17333333
C83033,2.16,0.0,0.0,0.0,0.0,1.2,6.933333333,5.266666667
C83035,3.066666667,2.694666667,0.0,2.133333334,0.0,4.706666667,8.08,18.63669803
C83036,2.733333333,0.0,0.0,4.266666666,0.0,0.0,2.693333333,2.32
C83037,1.96,3.92,0.533333333,0.0,0.0,3.653333333,4.632,13.71333756
C83038,2.133333334,3.266666667,0.0,0.0,0.0,1.28,6.506666667,9.266666667
C83039,2.266666667,1.066666667,0.0,0.0,0.0,2.493333333,7.386666667,10.84
C83040,5.066666667,2.133333333,0.0,6.186666667000001,1.066666667,2.8,4.0,18.89333333
C83041,2.4,1.533333333,0.0,0.0,0.0,2.92,0.986666667,5.72
C83042,1.0,1.6,0.48,1.066666667,0.0,4.6,6.84,18.82666667
C83043,1.72,3.8000000000000003,0.0,4.266666666,0.0,6.56,9.386666667,17.26
C83044,2.053333333,1.093333333,0.0,0.0,0.0,5.4,1.853333333,16.93333333
C83045,7.0,0.0,0.0,0.0,0.0,5.14,3.64,23.18
C83046,0.8,0.453333333,0.0,0.0,0.0,2.853333333,1.52,9.9
C83048,2.333253333,8.333146667000001,0.0,4.986666666,0.0,4.7,2.225249042,16.18666667
C83049,2.8088,1.44,0.0,2.9866666669999997,1.92,0.88,4.693603431,12.53333333
C83051,2.533333333,0.666666667,0.0,1.706666666,1.066666667,2.266666667,0.8,8.226666667
C83052,0.986666667,1.853333333,0.0,2.133333334,0.0,2.066666667,6.56,10.17333333
C83053,1.2,0.24,0.0,0.0,0.0,1.48,1.0,5.4
C83054,2.88,6.333333333,0.0,0.853333333,0.0,9.466666667,16.49333333,30.28666667
C83055,1.6,0.8,0.0,2.133333334,0.0,5.852645625,7.133333333,15.65333333
C83056,1.2,4.266666667,0.764607482,0.0,0.0,9.693333333,15.65333333,24.10666667
C83057,2.973333333,0.0,0.0,0.0,0.0,4.92,1.0,12.96
C83058,2.773333333,0.773333333,0.0,1.92,0.0,2.226666667,1.213333333,11.00666667
C83059,2.0,1.933333333,0.0,1.706666667,0.0,3.066666667,1.0,17.41333333
C83060,0.0,1.28,0.0,0.0,0.0,4.226666667,1.626666667,8.066666667
C83061,5.36,0.0,0.0,0.0,0.0,1.653333333,7.586666667,17.61333333
C83062,1.0,1.333333333,0.0,0.0,0.0,1.973333333,0.64,7.326666667
C83063,1.953333333,4.36,0.56,0.0,0.0,6.613333333,13.56,27.08
C83064,1.466666667,4.026666667,0.426666667,0.0,0.0,9.733333333,22.98666667,52.61333333
C83065,2.853333333,1.6,0.0,5.333333334,0.0,4.266666667,9.92,10.18666667
C83067,1.333333333,2.576,0.0,0.0,0.0,2.133333333,4.013333333,13.16
C83072,4.573333333,1.193333333,0.0,0.0,0.0,3.52,1.226666667,12.54666667
C83073,0.0,1.0,0.533333333,0.0,0.0,0.666666667,3.733333333,5.613333333
C83074,0.0,2.213333334,0.0,0.0,0.0,1.746666667,4.853333333,6.76
C83075,3.24,1.0,0.0,0.0,0.0,4.666666667,1.666666667,5.8
C83078,1.4,1.84,0.0,2.133333334,0.0,3.026666667,3.2,11.43333333
C83079,0.84,0.656,0.0,0.0,0.0,1.768,1.6,5.853333333
C83080,1.066666667,0.32,0.0,0.0,0.0,1.466666667,1.466666667,6.613333333
C83082,4.693333333,0.453333333,0.0,5.12,1.066666667,4.4,1.693333333,14.18666667
C83083,0.0,0.804,0.0,0.0,0.0,4.946666667,6.413333333,10.36
C83085,3.853333334,1.662133333,1.102133333,3.2,0.0,7.57860293,7.613333334,14.89333333
C83611,2.506666667,0.666666667,0.0,0.0,0.0,1.84,1.413333333,12.08
C83613,1.0,1.0,0.0,4.0533333339999995,0.0,3.72,2.24,10.08
C83614,2.053333333,0.0,0.4,0.0,0.0,0.0,0.0,13.06666667
C83617,1.066666667,0.986666667,0.0,0.0,0.0,2.533333333,6.8,9.32
C83626,1.5333333329999999,0.8,0.0,0.0,0.0,0.44,4.453333333,10.43066667
C83634,3.7288,1.9912,0.222133333,0.0,0.0,1.173333333,2.066666667,7.693333333
C83635,2.0,1.413333333,0.0,0.0,0.0,2.48,2.866666667,10.38666667
C83641,0.986666667,1.28,0.0,0.0,0.0,0.64,0.533333333,10.21333333
C83643,0.466666667,0.6,0.0,0.0,0.0,0.426666667,1.52,6.306666667
C83649,3.226666667,0.586666667,0.0,0.0,0.0,2.08,0.72,11.64666667
C83650,1.066666667,0.0,0.0,0.0,0.0,2.546666667,0.24,6.226666667
C84001,6.96,10.32,0.8,2.133333334,0.0,14.85306667,10.97333333,79.4391773
C84004,0.0,2.346666667,0.0,0.0,0.0,2.0,1.266666667,6.866666667
C84005,8.573333334,7.173333334,0.0,11.52,0.0,5.84,7.033333333,31.36
C84008,1.6,2.4,0.0,0.0,0.0,4.779290639,3.36,6.746666667
C84009,2.08,1.44,0.0,0.853333333,0.0,2.813333333,3.386666667,21.66501568
C84010,3.533333333,4.956,0.0,5.653333333,0.0,5.893333333,4.026666667,26.44
C84011,3.733333333,0.0,0.0,0.64,0.0,1.306666667,0.933333333,11.02
C84012,4.8,0.0,0.0,5.333333333000001,0.0,4.586666667,2.593333333,20.25333333
C84013,6.148266667,2.133333333,0.0,1.28,0.0,4.466666667,4.32,20.45333333
C84014,4.533333333,1.333333333,0.0,4.053333334,1.066666667,1.6,2.613333333,15.54666667
C84016,4.32,3.274666667,0.0,4.053333334,0.0,2.64,3.466666667,21.8
C84017,1.653333333,10.066666667,0.0,3.8400000000000003,0.0,8.533333334,13.86666667,29.52
C84018,5.119999999999999,4.0933333339999995,0.0,4.266666667,1.066666667,3.44,2.613333333,12.64
C84019,4.066666667,1.706666667,0.0,1.92,1.066666667,3.96,0.0,13.02666667
C84020,2.4,0.0,0.0,1.92,0.0,1.886666667,1.626666667,10.82666667
C84021,2.262213333,1.426666667,0.0,0.0,0.0,1.76,2.706666667,13.31333333
C84023,3.28,12.22933333,0.0,1.92,0.0,12.41306667,10.68,27.81333333
C84024,9.0,0.0,0.0,0.0,0.0,4.726666667,4.893333333,37.48666667
C84025,2.9333333340000003,0.64,0.0,7.039999999000001,0.0,2.733333333,7.546666667,9.146666667
C84026,4.96,2.213333333,0.0,3.2,0.0,3.853333333,1.06,14.51333333
C84028,2.493333333,1.0,0.0,2.56,0.0,2.04,0.0,10.17333333
C84029,6.186666667,4.12,0.0,2.56,0.0,4.013333333,4.76,30.07866667
C84030,2.08,3.306666667,0.0,1.066666667,3.2,2.653333333,0.613333333,8.32
C84032,4.786666667,3.4466666659999996,0.0,4.16,0.0,3.866666667,4.266666667,37.62666667
C84033,1.066666667,1.68,0.0,3.946666666,0.0,2.293333333,1.0,6.426666667
C84034,1.3599999999999999,2.408,0.0,0.853333333,1.066666667,1.653333333,2.36,11.17333333
C84035,9.12,0.0,0.0,1.92,0.0,3.466666667,3.066666667,13.05333333
C84036,3.2,3.946666667,0.0,9.599999999,2.133333333,6.666666667,4.68,19.70133333
C84037,3.986666667,7.693333333,2.32,5.053333332999999,0.0,2.213333333,3.586666667,20.6
C84039,2.08,1.893333333,0.0,2.773333334,1.066666667,3.846666667,0.893333333,12.84
C84042,0.493333333,2.466666667,0.0,1.066666667,0.0,4.68,0.6,8.893333333
C84043,1.0,3.12,0.0,4.586666666,0.0,4.826666667,4.76,14.96
C84044,1.68,3.846666667,0.0,0.0,0.0,1.706666667,0.373333333,5.704105279
C84045,3.0666666659999997,0.8,0.0,1.706666667,0.0,3.2,2.653333333,18.0
C84046,2.293333333,2.666666667,0.0,3.626666666,0.0,2.766666667,1.56,9.14
C84047,3.7199999999999998,1.8,0.0,3.6266666670000003,0.0,1.173333333,5.373333333,14.82666667
C84049,4.0,2.0,0.0,0.853333333,0.0,5.626666667,7.813333334,17.124
C84051,4.96,3.013333334,0.0,3.413333333,0.0,4.773333333,3.04,21.57333333
C84053,5.333333334,1.986666667,0.0,2.773333333,2.133333333,5.56,3.586666667,22.71834901
C84055,4.186666667,0.266666667,0.0,1.066666667,1.066666667,2.373333333,6.413333333,13.49333333
C84057,1.28,0.426666667,0.0,0.0,0.0,0.533333333,0.533333333,6.64
C84059,4.625066666,0.896,0.0,8.96,3.2,3.346666667,2.56,26.93333333
C84060,3.066666667,1.931616398,0.0,0.0,0.0,1.28,0.933333333,8.466666667
C84061,3.8666666669999996,0.64,0.0,0.0,0.0,3.906666667,2.293333333,11.52
C84063,0.906666667,5.093333333,0.0,3.413333333,2.133333333,3.8,1.093333333,10.42666667
C84064,2.24,1.626666667,0.0,0.0,0.0,5.306666667,1.8,11.37333333
C84065,0.8,1.426666667,0.0,2.133333334,0.0,1.333333333,0.586666667,5.293333333
C84066,2.0,2.933333333,0.0,0.0,0.0,2.013333333,2.213333333,10.33333333
C84067,1.986666667,0.0,0.0,1.066666667,0.0,1.92,0.826666667,4.8
C84069,6.666666666999999,0.853333333,0.0,4.906666666,2.133333333,2.813333333,2.333333333,18.93333333
C84072,0.906666667,3.594666667,0.0,0.853333333,0.0,2.773333333,1.546666667,11.21333333
C84074,0.746666667,0.598283065,0.0,3.626666666,0.0,0.533333333,0.666666667,3.853333333
C84076,1.066666667,2.24,0.0,0.0,0.0,0.946666667,0.733333333,4.746666667
C84077,4.533333334,4.933333334,0.0,5.4399999999999995,1.066666667,6.213333333,6.253333333,23.41333333
C84078,5.4,3.950133333,0.0,1.706666667,1.066666667,2.266666667,2.12,11.44
C84080,6.1333333329999995,0.8,0.0,2.56,0.0,2.8,0.986666667,13.71168235
C84081,2.586666667,0.0,0.0,0.0,0.0,1.493333333,0.933333333,7.013333333
C84084,4.08,1.386666667,0.0,1.066666667,0.0,1.906666667,2.066666667,10.45333333
C84085,5.279999999999999,1.550933333,0.0,4.053333334,0.0,2.386666667,1.613333333,12.23333333
C84086,5.1733333329999995,4.533333333,0.0,4.16,0.0,3.6,1.9,10.90666667
C84087,2.133333333,0.56,0.0,0.0,0.0,1.2,1.453333333,9.753333333
C84090,1.306666667,3.733333333,0.0,0.0,0.0,1.093333333,1.413333333,6.586666667
C84091,2.093333333,1.68,0.0,2.133333333,0.0,2.733333333,1.0,10.93333333
C84092,3.6,0.0,0.0,1.386666667,1.066666667,0.96,1.333333333,6.8
C84094,3.84,5.76,0.0,7.253333334000001,0.0,9.653333333,2.32,39.72
C84095,2.077333333,0.666666667,0.0,0.0,0.0,1.786666667,0.986666667,8.746666667
C84101,0.04,2.2933333329999996,0.0,0.0,0.0,2.335733333,1.04,6.533333333
C84105,2.844266667,4.4430317100000005,0.0,2.88,0.0,2.293333333,1.12,10.74666667
C84106,2.266666667,1.226666667,0.0,2.986666667,0.0,1.466666667,1.76,9.666666667
C84107,2.6666666670000003,1.333333333,0.0,0.0,0.0,2.773333333,1.253333333,10.70211063
C84112,1.3599999999999999,0.4,0.0,0.0,0.0,1.6,0.933333333,3.76
C84113,2.0,0.0,0.0,1.706666667,0.0,1.0,1.413333333,7.4
C84115,1.52,1.893333333,0.0,1.92,2.986666667,2.506666667,2.906666667,13.38666667
C84116,3.48,1.333333333,0.0,1.92,0.0,1.813333333,1.466666667,12.85333333
C84117,3.96,1.12,0.0,0.0,0.0,3.573333333,0.72,17.05333333
C84120,10.3,0.0,0.0,2.133333334,0.0,3.626666667,2.333333333,10.69333333
C84122,5.64,2.0,0.0,3.626666667,0.0,1.333333333,4.573333333,13.13333333
C84123,0.8,1.666666667,0.0,0.0,0.0,1.533333333,1.853333333,7.533333334
C84129,2.933333333,1.76,0.0,2.559999999,0.0,2.8,2.0,16.17333333
C84131,2.133333333,0.853333333,0.0,2.9866666669999997,0.853333333,1.906666667,2.706666667,9.746666667
C84136,1.2,0.826666667,0.0,0.0,0.0,0.24,0.0,5.653333333
C84140,2.0,0.0,0.0,1.706666666,0.0,1.226666667,0.0,6.28
C84142,1.6,0.0,0.213333333,0.0,0.0,0.533333333,0.933333333,8.546666667
C84144,2.4,0.0,0.0,0.0,0.0,0.64,0.493333333,4.946666667
C84150,1.066666667,0.24,0.0,1.066666667,0.0,0.773333333,0.533333333,3.92
C84151,1.0,0.0,0.0,1.92,0.0,0.666666667,0.0,3.386666667
C84605,6.706666667,4.64,0.0,3.413333333,2.133333333,3.6,2.72,17.6
C84613,1.306666667,3.626666667,0.0,1.066666667,0.0,3.266666667,5.386666667,16.02666667
C84619,1.973333334,0.333333333,0.0,0.0,0.0,2.346666667,0.8,7.173333334
C84621,2.133333334,0.346666667,0.0,0.0,0.0,1.52,0.48,5.146666667
C84624,0.0,1.386666667,0.0,0.0,0.0,0.346666667,0.0,7.573333333
C84628,2.186666667,0.0,0.0,0.0,0.0,0.64,0.24,6.64
C84629,0.0,0.693333333,0.0,0.0,0.0,0.6,0.0,3.68
C84637,2.213333333,0.0,0.0,0.0,0.0,2.632623972,0.88,10.38666667
C84646,1.066666667,0.3288,0.0,2.773333333,0.0,4.293333333,0.533333333,11.55333333
C84654,0.813363451,0.0,0.0,0.0,0.0,0.96,0.96,2.346666667
C84656,2.066666667,0.8,0.0,0.0,0.0,2.186666667,1.0,8.586666667
C84658,0.0,2.32,0.0,0.0,0.0,3.826666667,1.786666667,9.626666667
C84660,1.066666667,1.76,0.0,0.0,0.0,0.92,0.853333333,7.886666667
C84664,2.106666667,0.0,0.0,0.0,0.0,1.666666667,1.72,5.713333333
C84667,1.426666667,0.413333333,0.0,0.0,0.0,1.533333333,0.773333333,6.453333333
C84676,1.123207719,0.0,0.32,0.0,0.0,2.213333333,1.0,7.444
C84679,1.0,3.546666667,0.0,3.84,0.0,0.706666667,0.533333333,5.506666667
C84682,1.555466667,0.333333333,0.0,0.0,0.0,1.0,1.626666667,6.253333333
C84683,0.0,5.04,0.0,1.706666667,0.0,3.28,2.0,14.57333333
C84691,2.6,0.0,0.0,1.493333333,3.2,0.933333333,0.986666667,8.133333333
C84692,1.6,0.0,0.0,0.0,0.0,1.173333333,3.52,8.306666667
C84693,2.0,0.0,0.0,0.0,0.0,0.213333333,1.92,2.066666667
C84694,1.066666667,0.0,0.0,0.0,0.0,0.64,0.586666667,4.353333333
C84695,1.066666667,0.0,0.28,0.0,1.066666667,0.373333333,1.84,6.12
C84696,1.706666667,0.853333333,0.0,0.0,0.0,0.8,0.533333333,6.384
C84703,0.213333333,2.026666667,0.0,2.133333334,0.0,2.28,0.8,4.706666667
C84704,1.0,1.066666667,0.0,0.0,0.0,0.0,0.666666667,4.746666667
C84705,1.0,0.426666667,0.7466666670000001,1.066666667,0.0,1.12,0.56,6.4
C84714,0.266666667,0.0,0.0,3.2,1.066666667,1.3352,0.426666667,6.346666667
C84720,0.0,0.0,0.0,0.0,0.0,0.0,0.0,0.0
C85001,0.0,1.356,0.0,0.0,0.0,1.693333333,1.666666667,7.733333333
C85003,5.1000000000000005,0.0,0.0,2.133333333,0.0,6.72,1.866666667,15.66666667
C85004,4.1112,5.110933334,0.0,1.706666666,0.0,4.6,10.41333333,18.38666667
C85005,3.0,0.96,0.0,0.0,0.0,0.746666667,1.933333333,10.97333333
C85006,1.066666667,0.874666667,0.0,1.6,0.0,1.386666667,0.8,8.4
C85007,6.4,0.506666667,0.0,3.0933333340000004,0.0,0.88,1.173333333,13.7368
C85008,3.4,11.013333332999999,0.0,2.24,0.0,3.96,1.306666667,17.72
C85009,0.0,2.4,0.0,0.0,0.0,2.053333333,1.933333333,6.066666667
C85010,3.746666667,7.386666667,0.0,3.306666667,1.066666667,5.56,2.5,16.3
C85013,1.0,7.653333333,0.0,2.7066666660000003,1.0,5.88,2.653333333,14.92
C85014,1.2,1.226666667,0.0,0.0,0.0,0.986666667,1.666666667,10.76666667
C85016,3.78,0.598283065,0.0,4.266666666,0.0,1.333333333,1.333333333,12.48
C85017,3.172,2.1088,0.0,0.0,0.0,3.373333333,1.786666667,12.30666667
C85018,2.22,1.293333333,0.0,0.0,0.0,1.893333333,0.96,10.58666667
C85019,1.6,0.853333333,0.0,0.0,0.0,2.16,0.46,13.82667089
C85020,5.132,0.5,0.0,1.706666667,1.066666667,4.16,3.683733333,15.09333333
C85022,2.541333333,2.710133333,0.0,2.88,0.0,3.653333333,0.706666667,12.0887773
C85023,3.112,2.8736,0.0,0.0,0.0,4.013333333,2.8,17.14666667
C85024,3.0,0.0,0.0,0.0,0.0,2.493333333,0.08,7.8
C85028,1.330133333,0.0,0.0,0.0,0.0,1.786666667,0.0,5.973333333
C85030,1.780266667,1.706666667,0.0,0.0,0.0,5.066666667,2.266666667,11.18666667
C85033,1.0,1.4,0.0,2.88,0.0,2.386666667,0.986666667,11.84693333
C85614,0.986666667,0.0,0.0,0.0,0.0,0.96,0.48,5.973333333
C85619,1.48,1.48,0.0,1.92,0.0,2.110133333,4.590133333,9.933333334
C85622,1.0,0.0,0.0,0.0,0.0,0.533333333,0.0,2.88
C85623,1.92,1.173333333,0.0,3.2,1.066666667,0.56,2.0,5.386666667
C86001,4.1968,2.133333333,0.0,2.986666666,1.6,5.56,3.666666667,24.05333333
C86002,2.08,2.277333333,0.0,0.0,1.066666667,0.8,1.786666667,8.731682348
C86003,4.373333333,1.28,0.0,0.0,0.0,2.36,1.973333333,11.32
C86005,1.866666667,0.0,0.0,0.0,0.0,1.8,0.733333333,5.653333333
C86006,2.483267954,1.333333333,0.0,0.0,0.0,3.68,1.973333333,12.78666667
C86007,4.266666667,4.96,0.0,8.213333334,0.0,9.453333333,1.76,19.97333333
C86009,0.0,2.86,0.0,1.92,0.0,2.386666667,0.98,12.94666667
C86011,5.733333332999999,0.0,0.0,2.133333334,0.0,4.44,1.04,21.78666667
C86012,1.52,0.653333333,0.0,2.453333334,1.066666667,1.453333333,2.133333333,6.186666667
C86013,2.6399999999999997,1.56,0.0,2.133333333,0.0,2.946666667,0.613333333,12.56
C86015,3.186666667,0.0,0.0,1.066666667,1.066666667,3.64,1.617333333,6.226666667
C86016,3.066666667,2.293333333,0.0,5.44,0.0,2.486666667,0.933333333,9.013333333
C86017,2.4,1.76,0.0,1.92,1.066666667,7.037333333,4.013333333,22.92666667
C86018,1.746666667,0.533333333,0.0,0.0,0.0,3.893333333,0.8,11.73333333
C86019,5.8,3.16,0.0,4.586666665999999,0.0,7.12,8.24,22.02666667
C86020,2.72,2.0,0.0,3.2,0.0,1.706666667,2.773333333,11.37333333
C86021,0.426666667,1.493333333,0.0,1.92,0.0,2.48,0.773333333,7.066666667
C86023,4.4399999999999995,3.946666667,0.0,3.2000000010000003,0.0,1.533333333,4.3568,18.64
C86024,5.405333333,0.72,0.0,8.853333334,0.0,2.24,1.6,16.42666667
C86025,1.0,0.0,0.0,0.0,0.0,2.853333333,1.706666667,8.84
C86026,1.573333333,0.0,0.0,0.0,0.0,1.28,0.8,6.04
C86029,3.173333333,1.813333333,0.0,1.493333333,0.0,8.432623972,3.746666667,14.23669803
C86032,2.0,0.0,0.0,0.0,0.0,3.173333333,1.373333333,6.36
C86033,0.666666667,0.0,1.146666667,0.0,0.0,0.8,2.346666667,7.693333334
C86034,1.173333333,1.36,0.648970408,0.0,0.0,3.413333333,2.173333333,9.84
C86037,0.0,0.0,1.813333333,0.0,0.0,3.8,1.0,6.693333333
C86038,3.120266667,0.0,0.0,7.04,1.066666667,0.96,3.88,12.68
C86605,0.0,2.68,0.64,0.0,0.0,0.0,2.4,7.786666667
C86606,0.16,0.0,0.0,0.0,0.0,1.386666667,0.0,3.213333333
C86609,5.826666667,0.453333333,0.0,1.706666667,0.0,9.32,2.266666667,17.76666667
C86611,1.493333333,1.44,0.0,0.0,0.0,4.386666667,2.0,7.733333333
C86614,2.7199999999999998,1.013333333,0.0,0.0,0.0,5.093333333,4.386666667,14.25333333
C86616,0.0,0.533333333,0.0,0.0,0.0,0.0,1.0,3.6
C86621,0.84,0.64,0.0,0.0,0.0,0.746666667,0.933333333,6.32
C86625,1.0,0.16,0.0,0.0,0.0,0.0,0.0,1.2
C86626,1.2,0.0,0.0,0.0,0.0,0.746666667,0.533333333,4.666666667
C87002,8.226666666,3.733333333,0.0,5.8666666670000005,0.0,7.28,4.046666667,29.65333333
C87003,3.2,0.0,0.0,1.706666667,0.64,2.666666667,2.093333333,13.74666667
C87004,3.4,2.373333333,0.0,2.026666666,1.066666667,4.733333333,3.908418501,17.38666667
C87005,2.733333333,8.12,0.0,4.693333333,0.0,4.44,3.773333333,36.61333333
C87006,3.5999999999999996,3.093333333,0.0,0.853333333,0.0,6.733333333,3.733333333,20.28666667
C87007,4.48,0.0,0.0,1.92,1.066666667,4.72,4.513333333,19.03333333
C87008,3.893333333,3.976666667,0.0,0.853333333,0.0,2.093333333,2.76,14.24
C87009,2.773333333,1.36,0.533333333,4.906666667,0.0,1.733333333,5.333333333,13.72
C87010,0.853333333,0.0,0.0,0.0,0.0,0.8,0.426666667,6.346666667
C87012,4.557066667,3.250133333,0.0,3.626666667,0.0,4.053333333,2.8,15.62533333
C87013,2.445866667,0.72,0.0,1.493333333,1.066666667,1.0,2.093333333,8.693333334
C87014,2.310133333,0.666666667,0.0,1.066666667,0.0,4.6,1.226666667,7.706666667
C87015,2.24,0.0,0.0,0.0,0.0,1.42,1.893333333,8.746666667
C87016,3.333333333,2.48,0.0,0.0,0.0,5.36,7.213333333,18.21333333
C87017,3.3752,2.551733333,0.0,2.24,0.853333333,10.84,8.213333333,20.62666667
C87018,2.133333333,2.533333333,0.0,1.493333333,0.0,3.36,1.693333333,11.41333333
C87020,1.6,1.166666667,0.0,1.6,0.0,1.28,0.8,8.106666667
C87022,4.133333333,1.2,0.533333333,4.053333334,0.0,4.826666667,0.8,8.810771946
C87024,1.066666667,0.853333333,0.0,0.0,0.0,0.666666667,1.186666667,4.253333334
C87029,1.866133333,3.7328,0.0,4.266666667,0.0,6.4,4.933333333,16.24666667
C87030,0.0,1.626666667,0.986666667,2.133333334,0.0,3.573333333,1.413333333,10.21333333
C87031,1.0,0.250133333,0.0,0.0,0.0,1.493333333,0.666666667,4.493333333
C87603,1.6,0.0,0.0,0.0,0.0,0.8,0.8,5.08
C87604,1.066666667,0.0,0.0,0.0,0.0,2.666666667,0.0,6.24
C87608,1.8,1.013333333,0.906666667,1.066666667,0.0,2.48,1.226666667,7.626666667
C87616,1.32,1.0,0.0,1.0,0.0,3.36,2.746666667,11.36
C87620,2.2800000000000002,1.466666667,0.0,2.133333334,0.0,2.453333333,1.946666667,8.84
C87622,0.0,3.88,0.0,0.0,0.0,5.08,1.933333333,16.8
C88005,3.16,4.226666667,0.0,0.853333333,0.0,2.12,4.053333333,14.92666667
C88006,1.664,0.56,0.0,0.0,0.0,0.48,2.48,7.76
C88007,4.44,4.821600001,0.0,1.6,0.0,3.72,12.34666667,29.61333333
C88008,5.28,6.166666667,0.0,5.973333333,0.0,7.56,4.52,20.02666667
C88009,1.413333333,2.08,0.0,1.706666667,0.0,1.333333333,3.426666667,8.1864
C88010,5.28,1.346666667,0.0,5.973333332999999,0.0,4.933333333,2.76,19.36
C88011,1.555466667,2.497866667,0.0,0.0,0.0,2.28,1.333333333,4.586666667
C88014,2.469904503,1.546666667,0.0,2.346666666,1.066666667,4.186666667,3.573333333,7.46
C88015,6.293333334000001,3.573333333,0.0,1.493333333,0.0,7.786666667,6.053333334,28.94666667
C88016,3.84,2.026666667,0.0,4.693333333,0.0,3.253333333,2.56,20.52
C88018,3.0,0.0,0.0,1.92,0.0,1.813333333,0.64,5.626666667
C88019,3.0,2.546666667,0.0,0.0,0.0,2.386666667,2.22,10.42666667
C88020,3.1333333330000004,1.226666667,0.0,3.2000000010000003,1.066666667,2.426666667,1.94,13.53333333
C88021,4.986666666,0.0,0.0,0.0,0.0,0.96,0.32,10.8
C88022,1.706666667,0.613333333,0.0,1.066666667,0.0,1.2,0.986666667,4.72
C88023,1.333333333,3.310933333,0.0,0.0,0.0,3.266666667,5.173333333,11.17333333
C88025,3.866666667,0.693333333,0.0,1.706666666,1.066666667,1.68,6.36,11.17333333
C88026,2.853333334,3.92,0.0,3.520000001,0.0,3.426666667,4.48,21.04
C88027,2.346666667,1.750933333,0.0,4.906666666,0.0,1.466666667,0.693333333,5.986666667
C88028,2.745333333,3.2112,0.0,2.133333334,0.0,0.8,0.8,8.76
C88030,4.0,0.426666667,0.72,4.159999999,0.0,1.613333333,2.933333333,9.8
C88031,2.733333333,2.56,0.0,0.0,0.0,2.466666667,2.053333333,13.46666667
C88032,2.5,0.48,0.0,1.066666667,0.0,0.96,1.04,6.38
C88034,2.900266667,0.373333333,0.0,0.0,0.0,2.44,2.933333333,10.872
C88035,4.04,1.52,0.0,5.333333334000001,2.133333333,3.146666667,2.973333333,14.6
C88036,1.56,3.258933333,0.0,3.2,0.0,2.706666667,1.44,15.64
C88037,2.906666667,3.546666667,0.426666667,1.706666667,0.0,6.590666667,5.293333333,14.35333333
C88038,0.0,0.0,0.0,0.0,0.0,0.0,0.0,0.0
C88039,2.286666667,2.895466667,0.0,0.0,0.0,3.946666667,2.186666667,9.866666667
C88040,3.0266666669999998,0.426666667,0.0,0.0,0.0,1.426666667,1.62,7.293333334
C88041,4.933333333,4.312,0.0,3.2,0.0,4.893333333,1.6,14.65333333
C88043,1.92,3.28,0.0,1.92,0.0,2.0,1.066666667,13.22666667
C88044,1.230133333,0.746666667,0.0,0.0,0.0,0.8,0.533333333,4.78
C88045,2.24,1.893333333,0.0,4.266666667,2.133333333,1.72,2.746666667,11.41333333
C88046,0.0,0.64,0.0,0.0,0.0,0.0,5.946666667,9.6
C88047,2.546666667,1.893333333,0.4,2.133333333,0.0,3.533333333,0.72,10.05333333
C88048,2.133333334,1.152,0.0,0.0,1.066666667,1.04,2.0,9.72
C88049,2.666666667,0.533333333,0.0,3.2,0.0,1.706666667,3.36,7.533333333
C88050,0.94,1.04,0.0,0.0,0.0,0.826666667,1.02,4.32
C88051,2.733333333,2.053333333,0.0,2.56,0.0,1.986666667,5.965333333,13.10666667
C88052,2.226666667,1.19,0.0,3.093333333,1.066666667,2.093333333,4.8,11.14666667
C88053,2.0,0.0,0.0,1.066666667,0.0,0.533333333,0.76,4.36
C88054,3.489066667,0.710933333,0.0,0.0,2.133333333,1.44,1.319466667,11.56213333
C88059,1.0,0.0,0.0,0.0,0.0,0.933333333,0.24,4.633333333
C88060,1.12,0.0,0.0,0.0,0.0,0.8,0.266666667,3.32
C88062,1.386666667,0.666666667,0.0,0.0,0.0,1.306666667,0.64,2.92
C88069,0.0,10.27226667,0.0,2.56,1.066666667,9.700736263,6.0688,26.87669803
C88070,1.0,2.933333333,0.0,3.306666667,0.0,3.333333333,1.48,7.773333333
C88072,4.746933333,11.343298378,0.0,6.053333333,1.0,3.413333333,2.346666667,24.65221568
C88073,0.0,5.384,0.0,1.706666667,0.0,1.786666667,1.04,6.306666667
C88074,0.986666667,1.173333333,0.0,0.64,0.0,1.373333333,0.986666667,6.68
C88076,3.066666667,0.0,0.0,2.773333333,0.0,0.906666667,1.0,8.133333333
C88077,2.133333333,3.96,0.0,2.773333333,0.0,1.573333333,2.72,9.786666667
C88078,3.16,2.28,0.0,2.6666666670000003,0.0,1.586666667,2.586666667,8.493333334
C88079,3.188266667,0.533333333,0.0,1.706666667,0.0,2.56,0.426666667,8.306666667
C88082,0.0,2.466666667,0.0,0.0,0.0,0.64,0.72,6.466666667
C88083,1.44,0.0,0.0,0.0,0.0,0.4,0.333333333,2.98
C88084,0.0,1.866666667,0.0,0.0,0.0,0.533333333,0.0,3.72
C88085,3.573333333,2.52,0.0,1.706666666,2.133333333,2.333333333,1.48,8.573333333
C88086,1.066666667,0.666666667,0.0,0.0,0.0,0.0,0.0,4.853333333
C88087,0.890133333,5.9368,0.0,2.986666666,0.0,2.733333333,5.08,17.50666667
C88088,0.8,4.32,0.0,1.066666667,0.0,3.253333333,3.893333333,11.13333333
C88090,1.066666667,3.837333333,0.0,0.853333333,0.0,2.8,4.24,9.813333333
C88091,0.786666667,0.0,0.0,0.0,0.0,0.0,0.56,3.76
C88092,3.8,3.550133333,0.0,0.0,0.0,2.106666667,1.733333333,8.368777301
C88095,1.573333333,0.853333333,0.0,0.0,0.0,1.813333333,1.973333333,5.266666667
C88622,0.890133333,0.426666667,0.0,0.0,0.0,0.64,1.36,2.72
C88627,7.203466667,5.013333333,0.0,0.0,0.0,5.331466667,2.053333333,24.21333333
C88631,1.2,0.0,0.933333333,0.0,0.0,0.8,0.0,2.506666667
C88647,1.843466667,3.501333333,0.0,0.853333333,0.0,2.693333333,6.88,17.38666667
C88648,2.2568,2.613333333,0.0,0.0,0.0,1.413333333,1.613333333,7.84
C88652,1.066666667,0.0,0.0,0.0,1.066666667,0.946666667,0.733333333,5.473333333
C88655,1.2,0.0,0.0,0.0,0.0,0.0,0.0,2.96
D81001,4.533333333,0.963466667,0.0,4.373333334,0.0,2.92,3.666666667,9.666666667
D81002,2.333333333,7.1016,0.0,0.853333333,0.0,4.873333333,4.473333333,13.23333333
D81003,3.68,1.7973333340000002,0.0,5.226666667,0.0,2.426666667,1.413333333,9.106666667
D81004,3.813333333,4.680000000000001,0.48,9.920000001,0.0,3.56,6.453333333,12.85013333
D81005,1.941333333,4.186666667,0.0,1.6,0.0,3.773333333,0.8,8.893333334
D81008,5.573333334,0.0,0.0,3.2,0.0,16.75333333,35.21333333,28.74666667
D81010,1.626666667,3.573333333,0.0,5.4399999999999995,0.0,4.373333333,4.0,15.76
D81011,2.76,0.893333333,0.0,0.0,0.0,4.813333333,8.986666667,15.19333333
D81012,5.026666667000001,1.96,0.0,3.2,0.0,2.44,1.846666667,13.03333333
D81013,3.84,5.810666667,0.0,4.266666667,0.0,2.518666667,3.806666667,19.18666667
D81014,4.066666667,9.013333333,0.693333333,1.066666667,0.0,16.04666667,17.19333333,38.13333333
D81015,2.8,0.0,0.0,0.0,0.0,1.56,0.0,7.226666667
D81016,3.573333333,0.613333333,0.0,3.413333333,0.0,4.133333333,1.093333333,9.4
D81017,1.653333334,3.666666667,0.0,2.986666667,0.0,1.306666667,1.053333333,6.293333333
D81018,4.16,1.28,0.0,1.92,0.0,1.346666667,4.355466667,9.72
D81021,2.133333333,4.569333333,0.0,3.8400000000000003,0.0,6.186666667,3.2,17.41333333
D81022,3.76,3.424,0.0,0.0,0.0,12.18597896,8.573333333,26.13834901
D81023,1.013333333,1.893066667,0.0,0.0,0.0,5.026666667,2.3,8.44
D81025,1.9968,2.2048,0.0,0.0,0.0,2.2,4.88,10.14666667
D81026,5.786666667,7.770933332999999,0.0,4.053333332999999,0.0,14.85333333,12.73333333,43.90666667
D81027,1.546666667,2.84,0.0,0.0,0.0,2.093333333,1.2,9.32
D81028,4.0,2.266666667,0.0,3.2,0.0,3.0,1.573333333,13.64
D81029,5.7866666669999995,2.0,0.0,1.066666667,0.0,3.986666667,1.44,14.37333333
D81030,6.04,0.332,0.648970408,2.9866666669999997,0.0,5.693333333,8.6,15.28
D81031,5.066666667,2.3872,0.0,4.053333332999999,0.0,10.0,5.773333333,18.58666667
D81033,1.2,2.266666667,0.0,1.066666667,0.0,2.213333333,5.28,5.473333333
D81034,2.64,3.278933333,0.0,4.266666666,0.0,11.48666667,13.18666667,24.96
D81035,2.28,3.52,0.0,1.92,0.0,1.604,15.52,12.45701568
D81036,0.0,0.0,0.0,0.0,0.0,0.906666667,1.133333333,6.673333333
D81037,3.333333334,0.653333333,0.0,1.706666667,0.0,2.013333333,4.573333333,8.893333333
D81038,3.533333333,1.589333333,0.0,2.773333333,0.0,1.833333333,5.56,7.573333333
D81041,2.64,0.653333333,0.0,2.026666667,0.0,2.293333333,6.126666667,4.213333333
D81042,0.0,1.813333333,0.0,0.0,0.0,1.866666667,1.8,6.133333333
D81043,12.34,17.598666667000003,0.764607482,2.986666667,0.0,28.49333333,48.17333333,88.24666667
D81044,2.6664,3.6439999999999997,0.0,1.066666667,0.0,4.6,4.973333333,14.37333333
D81045,5.408,1.877333333,0.0,2.133333334,0.0,2.48,5.364736587,13.36
D81046,7.36,0.0,0.0,1.066666667,0.0,6.08,10.54160537,16.53333333
D81047,3.0,0.72,0.0,1.706666667,0.0,0.72,0.8,7.826666667
D81049,1.493333333,3.6640000010000002,0.0,2.24,0.0,2.826666667,6.093333333,12.78666667
D81050,6.733333333,3.2,0.0,6.186666666000001,0.0,7.093333333,3.386666667,20.12
D81051,2.986666667,2.86,0.0,0.0,0.0,2.746666667,3.56,10.48666667
D81052,2.32,0.426666667,0.0,0.0,0.0,4.266666667,2.566666667,17.75333333
D81054,1.773333333,3.373333333,0.0,0.746666667,0.0,1.986666667,1.026666667,18.35333333
D81055,2.066666667,2.213333333,0.0,2.6666666670000003,0.0,1.893333333,5.44,10.26666667
D81056,1.76,1.333333333,0.0,2.773333334,0.0,2.346666667,0.533333333,6.52
D81057,5.733333333,3.726666666,0.0,4.906666667,0.0,8.253333333,10.63333333,34.1
D81058,1.786666667,2.093333334,0.0,0.0,0.0,1.026666667,1.2,10.732
D81059,2.533333333,1.2,0.0,2.773333333,0.0,2.36,3.653333333,14.76666667
D81060,2.9333333340000003,0.0,0.0,1.066666667,0.0,2.84,4.906666667,8.053333333
D81061,2.026666667,5.370666667,0.0,2.9866666669999997,0.0,6.106666667,4.84,13.14
D81062,0.0,3.026666667,0.0,0.853333333,0.0,1.726666667,4.64,5.26
D81064,2.346666667,0.0,0.0,0.0,0.0,1.92,1.16,9.973333333
D81065,2.0,2.197333333,0.0,1.066666667,0.0,2.626666667,1.426666667,12.86666667
D81066,4.0,0.893333333,0.0,1.706666667,0.0,1.706666667,0.64,10.46666667
D81070,2.6666666660000002,1.666666667,0.0,4.266666667,0.0,1.48,2.38,8.973333334
D81073,0.0,2.653333333,0.0,0.0,0.0,2.56,1.693333333,8.4
D81078,0.0,0.0,0.0,0.0,0.0,0.533333333,0.0,4.613333333
D81081,0.8,2.066666667,0.0,0.0,0.0,1.613333333,4.306666667,5.626666667
D81082,2.133333333,0.453333333,0.0,1.92,0.0,3.093333333,0.96,8.32
D81084,1.786666667,3.866666667,0.0,0.0,0.0,3.0,2.426666667,7.973333333
D81085,1.84,2.24,0.0,2.133333333,0.0,2.146666667,1.32,8.093333333
D81086,0.0,3.493333333,0.764607482,0.0,0.0,0.68,1.493333333,7.48
D81602,0.0,0.4,0.0,0.0,0.0,0.68,0.6,2.76
D81603,2.0,0.750133333,0.0,1.066666667,0.0,4.733333333,3.359466667,11.10613333
D81606,1.7333333340000001,4.346666667,0.0,0.0,0.0,2.325333333,5.0,18.67168235
D81607,0.96,0.0,0.533333333,0.0,0.0,0.72,2.346666667,2.613333333
D81611,2.9333333340000003,2.053333333,0.0,3.2,0.0,6.04,13.01333333,16.44
D81612,3.013333333,0.533333333,0.0,1.066666667,0.0,0.56,2.466666667,8.753333333
D81615,1.0,1.78,0.0,0.0,0.0,6.68,3.413333333,15.61333333
D81618,3.106666667,0.0,0.0,0.0,0.0,1.266666667,0.24,5.14
D81622,2.56,0.76,0.0,3.2,0.0,12.05333333,1.0,15.33333333
D81625,3.093333333,5.093333333,2.0,5.333333333000001,0.0,8.4,29.33333333,36.21333333
D81629,0.0,2.533333333,0.0,0.0,0.0,1.453333333,2.066666667,6.733333333
D81630,1.013333333,2.053333333,0.0,2.133333334,0.0,1.333333333,1.986666667,5.106666667
D81631,2.24,0.0,2.253333333,0.0,0.0,2.946666667,2.2,11.47333333
D81633,2.433333333,2.04,0.0,3.413333333,0.0,4.04,2.56,17.68
D81637,1.866666667,7.376,0.0,1.066666667,0.0,4.44,1.36,12.80101568
D81645,1.0,0.0,0.0,0.0,0.0,0.426666667,1.266666667,4.213333333
D82001,5.733333333,2.026666667,0.666666667,2.773333333,0.0,5.066666667,18.05333333,40.54666667
D82002,5.0,0.853333333,0.0,1.92,0.0,1.893333333,5.216952168,23.76
D82003,2.133333334,2.891466667,0.586666667,5.973333333,0.0,9.897871916,11.889289,26.54666667
D82004,3.269333333,1.765333333,0.0,0.853333333,0.0,3.68,9.76,34.852
D82005,4.2,3.669965043,0.0,1.066666667,0.0,6.078666667,5.72,21.24666667
D82006,3.546666667,0.906666667,0.0,1.066666667,0.0,3.24,13.57333333,12.73333333
D82007,10.6,4.853333333,0.0,4.4799999999999995,0.0,6.84,16.01333333,57.16
D82008,6.36,2.093333333,0.0,2.773333333,0.0,7.293333333,14.49333333,34.21333333
D82009,2.0,2.346666667,0.0,1.066666667,0.0,3.76,1.886666667,13.13333333
D82010,2.48,0.0,0.746666667,0.0,0.0,2.653333333,5.96,5.413333333
D82011,5.306666667,4.493333333,0.0,2.56,0.0,3.893333333,2.32,16.77333333
D82012,10.74666667,0.0,0.0,2.133333334,0.0,3.76,2.453333333,14.03333333
D82013,2.4,0.666666667,0.0,1.066666667,0.0,4.36,1.633333333,11.96666667
D82015,3.093333333,0.933333333,0.0,1.066666667,0.0,1.84,5.6,11.85333333
D82016,4.453333333,0.666666667,0.0,2.133333333,0.0,5.693333333,12.19333333,17.44
D82017,2.64,1.906666667,0.0,2.133333333,0.0,2.253333333,2.186666667,20.29333333
D82018,5.466666667,2.4,0.0,2.56,0.0,2.906666667,0.48,13.2087773
D82019,5.0,4.753333333,0.0,0.64,0.0,14.63193626,10.09333333,26.01333333
D82020,1.7333333340000001,2.546666667,0.0,0.0,0.0,2.426666667,3.466666667,13.67333333
D82022,2.133333333,0.64,0.0,0.0,0.0,2.866666667,5.74,10.39333333
D82023,4.32,2.88,0.0,2.56,0.0,1.68,7.066666667,16.76
D82024,0.0,4.0712,0.0,0.0,0.0,3.453333333,3.733333333,15.71834901
D82025,4.666666667,0.933333333,0.0,4.693333334,0.0,5.8,7.84,15.96
D82026,3.453333333,0.986666667,0.0,1.066666667,0.0,2.466666667,1.506666667,13.74666667
D82027,3.146666667,2.546666667,0.0,1.706666667,0.0,2.68,2.746666667,8.811682348
D82028,3.2266666670000004,0.533333333,0.0,1.493333333,0.0,2.16,7.093333333,17.69333333
D82029,6.693333334,1.733333333,0.0,4.693333334,0.0,6.146666667,13.50666667,29.65333333
D82030,1.866666667,1.146666667,0.0,0.853333333,0.0,9.066666667,5.013333333,17.85333333
D82031,2.666666667,0.933333333,0.0,0.0,0.0,6.64,1.453333333,12.39834901
D82032,1.666666667,2.106666667,0.0,0.0,0.0,1.26,7.54,14.84
D82034,5.8888,2.32,0.0,2.9866666669999997,0.0,7.946666667,11.46666667,25.74666667
D82035,3.1,0.8,0.0,1.706666667,0.0,4.493333333,7.253333333,18.49333333
D82036,3.693333333,1.3439999999999999,0.0,0.0,0.0,2.786666667,11.17333333,12.16
D82037,3.72,2.8,0.0,1.92,0.0,3.266666667,10.12,16.76
D82038,2.466666667,0.266666667,0.0,4.48,0.0,2.306666667,1.493333333,5.56
D82039,1.792,3.098666667,0.0,0.0,0.0,5.16,1.753333333,22.98666667
D82040,3.093333333,2.645333333,1.173333333,1.493333333,0.0,4.585247944,3.76,19.04
D82041,0.977866667,2.613066667,0.0,2.133333334,0.0,3.377866667,3.129066667,20.8224
D82042,1.52,1.6800000000000002,0.0,0.0,0.0,3.342943246,7.446666667,12.54
D82043,1.733333333,1.986666666,0.0,0.0,0.0,3.946666667,1.88,9.76
D82044,8.52,3.456,0.0,4.586666665999999,0.0,16.36247218,19.19140325,71.06211063
D82045,5.466666667,3.306666667,0.0,1.066666667,0.0,6.08,12.14666667,30.72
D82046,0.853333333,0.797333333,0.0,0.0,0.0,3.4,5.133333333,9.193333333
D82047,2.0,0.445333333,0.0,0.0,0.0,0.76,4.4,14.86666667
D82048,2.133333333,1.733333333,0.0,0.0,0.0,6.546666667,3.706666667,16.65333333
D82049,2.0,0.213333333,0.0,0.0,0.0,2.613333333,7.773333333,6.933333333
D82050,2.266666667,1.28,0.0,2.133333333,0.0,4.013333333,2.64,12.81333333
D82051,5.293363451,2.533333333,0.0,0.0,0.0,6.36,5.76,24.24
D82053,1.333333333,0.906666667,0.0,0.853333333,0.0,3.386666667,5.146666667,21.76666667
D82054,6.9066666670000005,4.213333333,0.0,2.9866666669999997,0.0,7.413333333,10.34666667,33.84
D82056,2.766666667,3.294,0.0,1.706666667,0.0,6.413333333,15.82666667,14.76666667
D82057,2.453333333,1.84,0.0,1.066666667,0.0,3.613333333,4.6,8.6
D82058,1.9866666670000002,8.106666667,0.0,2.133333333,0.0,8.809609912,12.45806992,26.41333333
D82059,4.666666667,0.78,0.0,4.053333334,0.0,3.146666667,3.146666667,12.36
D82060,1.37,0.4,0.0,1.066666667,0.0,0.0,1.04,2.293333333
D82062,2.48,2.466666667,0.0,2.133333334,0.0,3.986666667,5.226666667,20.01333333
D82063,2.293333333,1.573333333,0.0,0.0,0.0,4.72,5.213333333,24.94666667
D82064,5.733333333,3.123333334,0.0,1.066666667,0.0,7.333333333,15.80666667,35.80666667
D82065,2.533333334,1.333333333,0.0,1.066666667,0.0,2.2,9.0,13.41333333
D82066,3.2312,1.773333333,0.0,1.6,0.0,4.093333333,0.64,18.25333333
D82067,9.573333334,1.786666667,0.0,2.133333333,0.0,1.44,2.906666667,14.34666667
D82068,1.733333333,0.566666667,0.0,1.92,0.0,2.24,10.90666667,14.04666667
D82070,4.0,1.64,0.0,1.92,0.0,1.986666667,8.113333333,7.826666667
D82071,0.0,1.44,0.0,0.0,0.0,3.36,5.08,16.84
D82072,1.933333333,2.2,0.0,5.12,0.0,2.36,5.72,10.85333333
D82073,1.986666667,2.613333333,0.0,1.92,0.0,4.786666667,6.066666667,21.61333333
D82076,2.493333333,1.669333333,0.0,1.066666667,0.0,2.253333333,2.24,8.76
D82078,5.2,2.133333333,0.0,2.56,0.0,2.8,5.653333333,12.34666667
D82079,1.226666667,0.64,0.0,0.0,0.0,2.533333333,10.90666667,11.41333333
D82080,2.046666667,2.08,0.0,0.0,0.0,5.786666667,3.853333333,19.82666667
D82084,2.266666667,0.32,0.443733333,0.0,0.0,3.306666667,5.826666667,6.206666667
D82085,1.0,3.706666667,0.0,0.0,0.0,2.333333333,1.426666667,11.56
D82087,2.133333333,1.626666667,0.0,0.0,0.0,0.96,2.413333333,10.16
D82088,4.506666667,2.993333333,0.44,2.133333333,0.0,3.666666667,1.426666667,10.85333333
D82096,2.266666667,0.0,0.0,0.853333333,0.0,1.533333333,1.8,10.06666667
D82099,9.64,3.912,0.026666667,1.813333333,0.0,11.4608,5.603618834,32.19333333
D82100,2.666666667,0.0,0.0,1.066666667,0.0,0.453333333,1.253333333,6.266666667
D82104,2.24,3.202666666,0.0,0.0,0.0,6.32,8.413333333,19.21333333
D82105,1.2,0.453333333,0.0,0.0,0.0,3.88,6.36,8.16
D82106,0.786666667,1.668,0.0,0.0,0.0,1.853333333,0.466666667,6.506666667
D82600,1.109874385,0.84,0.0,1.066666667,0.0,0.16,1.953333333,3.086820444
D82604,2.36,0.0,0.0,1.066666667,0.0,1.36,4.68,4.973333333
D82618,0.0,0.0,0.0,0.0,0.0,0.0,0.0,0.0
D82621,1.4666666670000001,1.493333333,0.0,0.0,0.0,2.8,5.68,9.373333334
D82624,1.0,1.08,0.0,0.0,0.0,0.986666667,4.12,9.04
D82628,0.906666667,0.453333333,0.0,1.813333333,0.0,0.72,1.08,8.946666667
D83001,3.0,1.0,0.0,4.693333334,0.0,3.506666667,2.16,15.57333333
D83002,3.066666667,1.013333333,0.0,4.053333332999999,0.0,4.2,6.346666667,21.56
D83003,2.266666667,1.0,0.0,4.053333334,0.0,1.053333333,6.413333333,7.060266667
D83004,2.266666667,4.64,0.0,4.266666666,0.0,2.746666667,0.68,13.39333333
D83005,4.026666667,4.720000000000001,0.0,2.56,0.0,3.146666667,4.133333333,17.64
D83006,3.333333333,1.2,0.0,0.0,0.0,2.44,6.986666667,8.226666667
D83007,2.346666667,1.28,0.0,1.066666667,0.0,4.293333333,3.813333334,12.65333333
D83008,3.12,1.990933333,0.0,2.986666667,0.0,3.226666667,5.933333333,28.16
D83009,2.0,9.011616398,0.0,3.84,0.0,8.613333333,20.54538469,42.57049101
D83010,3.04,1.76,0.0,2.133333333,0.0,1.426666667,2.146666667,12.18666667
D83011,2.25,3.36,0.0,1.92,0.0,4.973333333,7.2,15.13333333
D83012,0.0,6.140000000000001,0.0,3.2,0.0,3.933333333,14.86666667,23.90453333
D83013,5.189333333,3.3173333339999997,0.0,2.346666667,0.0,2.933333333,1.94,14.67333333
D83015,1.9866666659999999,3.293333333,0.0,0.0,0.0,4.445957305,4.106666667,12.66666667
D83016,5.88,0.0,0.0,1.92,0.0,5.84,1.52,13.75333333
D83017,4.0,2.746666667,0.0,0.0,0.0,3.306666667,8.746666667,16.69333333
D83018,3.906666667,3.165333333,0.0,3.84,0.0,4.866666667,3.853333333,11.46666667
D83019,2.0,2.88,0.0,1.706666667,0.0,2.253333333,7.733333333,11.34666667
D83020,2.4,1.2,0.0,1.066666667,0.0,3.902943246,3.727796857,22.07425263
D83021,3.64,0.68,0.0,2.666666666,0.0,5.12,3.826666667,21.14666667
D83022,2.0,1.5,0.0,0.0,0.0,4.152623972,4.632,7.606666667
D83023,3.733333333,1.253333333,0.0,2.133333333,0.0,5.8,3.373333333,18.96
D83024,3.653333333,2.672,0.0,1.066666667,0.0,5.453333333,4.386666667,12.41333333
D83026,2.44,0.656,0.0,1.066666667,0.0,4.72,9.448066956,17.32666667
D83027,2.786666667,4.168949732,0.0,1.92,0.0,5.165957305,5.893603432,12.92533333
D83028,2.52,1.106666667,0.0,0.0,0.0,0.64,10.28666667,20.47333333
D83029,2.88,6.0,0.0,3.2,0.0,5.346666667,5.866666667,14.62666667
D83030,1.813333333,0.653333333,0.0,0.0,0.0,1.866666667,4.813333333,9.74
D83033,2.853333333,2.122666667,0.0,2.133333333,0.0,3.56,12.42,11.14666667
D83034,0.72,5.020266667,0.0,1.066666667,0.0,9.52,10.16,18.10666667
D83035,2.4,0.0,0.0,0.0,0.0,2.813333333,4.44,21.42666667
D83037,4.933333333,3.226666667,0.0,2.24,0.0,6.693333333,12.82666667,24.82
D83038,4.933333333,3.866666667,0.0,4.48,0.0,2.84,1.626666667,17.79333333
D83040,4.8,1.6,0.0,2.133333333,0.0,0.8,4.0,6.186666667
D83041,1.92,3.0312,0.0,2.133333334,0.0,2.733333333,7.026666667,14.36666667
D83043,3.3200000000000003,0.0,0.0,0.0,0.0,0.64,2.8,5.2
D83044,4.293333333,2.106666667,0.0,0.0,0.0,5.973333333,17.15333333,27.38211063
D83045,2.533333333,0.0,0.0,0.0,0.0,1.066666667,2.666666667,4.906666667
D83046,2.813333333,4.811616399,0.0,8.746666667,0.0,12.50666667,6.313333333,40.25414928
D83047,7.533333334,2.033333333,0.0,1.92,0.0,2.92,14.77333333,19.94666667
D83048,2.24,3.16,0.64,1.066666667,0.0,6.733333333,7.106666667,24.92
D83049,1.093333333,2.4,0.0,0.0,0.0,2.026666667,4.8736,8.713333334
D83050,3.573333334,5.16,0.0,1.92,0.0,11.61333333,11.06666667,46.60422127
D83051,1.366666667,4.62,0.0,1.066666667,0.0,6.339290639,2.773333333,20.77333333
D83053,1.906666667,4.273333333,0.0,1.066666667,0.0,5.053333333,5.2,22.99333333
D83054,1.7999999999999998,1.973333333,0.0,5.546666667,0.0,2.346666667,3.706666667,10.82
D83055,5.093333333,6.333333333,0.0,5.973333333999999,0.0,2.613333333,9.933333333,40.04
D83056,2.0,1.68,0.0,1.066666667,0.0,2.506666667,10.16,14.09333333
D83057,4.426666667,3.853333333,0.0,2.133333333,0.0,3.94,7.013333333,24.8487773
D83059,0.0,4.860266667,0.0,3.413333333,0.0,4.04,8.2,29.70666667
D83060,6.413333334,3.083333333,0.74,0.0,0.0,8.333333333,7.853333333,32.71333333
D83061,3.2266666670000004,0.64,0.0,0.0,0.0,1.946666667,7.013333333,11.64
D83062,1.36,2.08,0.0,0.0,0.0,1.96,1.653333333,5.853333333
D83064,1.066666667,1.066666667,0.0,0.0,0.0,2.906666667,5.38,5.913333333
D83067,2.226666666,1.226666667,0.0,0.0,0.0,2.433333333,3.506666667,9.0
D83069,3.0,0.0,0.0,0.0,0.0,5.753333333,9.253333333,8.993333333
D83070,1.92,0.426666667,0.0,1.706666667,0.0,1.293333333,5.706666667,9.48
D83073,2.866666666,0.706666667,0.0,1.92,0.0,1.426666667,0.48,4.96
D83074,0.856541052,6.626666667,0.0,0.0,0.0,1.64,3.413333333,13.29333333
D83075,3.2,0.0,0.0,0.0,0.0,4.56,0.986666667,11.44
D83076,1.8,0.0,0.0,0.853333333,0.0,0.96,1.2,9.726666667
D83078,2.266666667,0.64,0.0,0.0,0.0,6.613333333,6.373333333,16.81168235
D83079,3.2,2.273333333,0.0,0.0,0.0,3.893333333,5.92,12.32
D83080,1.0,0.0,0.0,2.133333334,0.0,2.026666667,3.0,6.673333333
D83081,0.853333333,2.093333333,0.0,2.133333333,0.0,2.52,7.223490439,8.66
D83084,1.0,0.64,0.0,4.053333332999999,0.0,2.066666667,1.653333333,5.493333333
D83608,3.444133333,0.0,0.0,4.266666667,0.0,2.253333333,1.533333333,10.38666667
D83610,2.946666667,3.34,0.0,2.773333333,0.0,1.946666667,6.546666667,16.54666667
E81002,2.66,2.253333333,0.0,0.0,0.0,3.206666667,0.693333333,8.02
E81003,6.133333334,2.784949732,0.0,4.053333333,0.0,7.173333333,6.273333333,25.38666667
E81004,2.426666667,2.032,0.0,0.0,0.0,4.18,4.22,11.31333333
E81005,5.36,0.0,0.0,2.706666667,0.0,2.253333333,4.8,14.58666667
E81006,2.133333333,0.693333333,0.48,4.053333333,0.0,0.213333333,0.0,5.193333334
E81007,1.973333333,0.0,0.0,0.0,0.0,1.28,5.266666667,9.02
E81008,5.6,0.64,0.0,4.693333333,0.0,4.6,2.013333333,15.09733333
E81009,2.266666667,4.053333333,0.0,0.853333333,0.0,3.426666667,1.88,16.01333333
E81010,2.933333333,1.136,0.0,0.0,0.0,1.746666667,2.773333333,8.106666667
E81012,6.840030118,0.0,0.0,0.0,0.0,1.221333333,5.490157106,13.16
E81013,3.6266666670000003,0.0,0.0,4.053333334,0.0,2.853333333,2.373333333,15.37333333
E81014,3.0,1.866666667,0.0,4.8,0.0,4.0,1.8,13.38666667
E81015,2.746666667,2.826666667,0.0,1.066666667,0.0,4.04,8.126666667,15.5
E81016,2.88,0.4,0.0,2.133333334,0.0,1.52,0.933333333,6.62
E81018,5.013333333,0.0,0.0,4.586666665999999,0.0,0.866666667,1.68,12.73333333
E81019,4.373333334,3.106666667,0.0,4.693333334,0.0,2.68,8.853333333,24.69333333
E81021,2.7199999999999998,2.666666667,0.0,2.986666666,0.0,4.293333333,3.38,26.02666667
E81022,0.853333333,2.72,0.0,0.0,0.0,3.653333333,5.733333333,16.03066667
E81024,2.382133333,1.742133333,0.0,0.0,0.0,3.173333333,2.72,6.08
E81025,3.3333333329999997,0.0,0.0,3.2,0.0,0.733333333,1.68,7.026666667
E81026,3.56,0.96,0.382303741,2.9866666669999997,0.0,2.386666667,0.849066667,14.54
E81027,5.6000000000000005,0.0,0.0,0.0,0.0,0.986666667,1.973333333,11.76
E81028,4.453333333,0.0,0.0,3.52,0.0,1.626666667,3.426666667,11.66666667
E81029,4.6,5.66,0.0,2.56,0.0,5.826666667,5.06,20.14608235
E81030,0.0,1.693333333,0.9066666670000001,0.0,0.0,3.533333333,4.533333333,9.770031362
E81031,2.133333333,0.266666667,0.0,0.0,0.0,0.6,1.866666667,6.433333333
E81032,4.526666667,13.19146667,0.0,2.773333333,0.0,12.52690496,8.007333333,43.40833333
E81033,3.7199999999999998,3.373333333,0.0,4.266666667,0.0,4.746666667,6.4,26.02666667
E81034,3.573333333,0.0,0.0,0.0,0.0,1.2,2.0,6.866666667
E81035,3.333363451,0.426666667,0.0,0.853333333,0.0,0.0,3.728,11.76266667
E81036,0.0,0.437333333,0.0,0.0,0.0,0.4,4.626666667,8.466666667
E81037,9.333333333,8.311616399,0.0,5.4399999999999995,0.853333333,7.586666667,9.58,65.42045965
E81038,3.853333333,5.472,0.0,4.266666667,0.0,4.026666667,3.36,18.69333333
E81040,6.1333333329999995,0.0,0.0,2.986666666,0.0,1.306666667,1.378069921,11.1832439
E81041,2.6799999999999997,0.0,0.0,0.0,0.0,1.76,3.0,10.41333333
E81043,1.093333333,2.930666667,0.0,2.88,0.0,1.0,3.693333333,11.63379298
E81044,0.0,3.0,0.0,0.0,0.0,3.826666667,5.333333333,20.66
E81045,2.0,0.666666667,0.0,0.0,0.0,2.0,0.666666667,9.12
E81046,4.0,0.0,0.0,2.133333334,0.0,2.306666667,1.413333333,15.03013333
E81047,3.306666667,2.506666667,0.0,3.2,0.0,5.459290639,4.923535449,18.28
E81048,3.144,1.856,0.382303741,5.76,0.0,2.0,5.066666667,11.85333333
E81049,1.973333333,0.0,0.0,0.0,0.0,1.733333333,1.053333333,4.826666667
E81050,7.333333333,0.533333333,0.0,3.413333333,0.0,4.586666667,6.96,15.12666667
E81052,0.96,0.0,0.0,0.0,0.0,1.173333333,1.586666667,14.10666667
E81057,7.213333333,0.453333333,0.0,1.813333333,0.0,7.32,14.06666667,34.74666667
E81060,2.8,1.573333333,0.32,0.0,0.0,0.946666667,0.0,5.82
E81061,1.946666667,1.066666667,0.0,0.0,0.0,0.613333333,0.48,4.986666667
E81063,5.066666667,0.24,0.0,0.0,0.0,1.52,1.186666667,6.653333333
E81069,2.680030118,0.266666667,0.0,1.066666667,0.0,0.853333333,0.0,5.093333334
E81073,2.0,0.84,0.6,4.266666666,0.0,2.346666667,3.746666667,13.48
E81074,5.333333333,0.853333333,0.0,2.133333334,0.0,4.453333333,1.813333333,14.11333333
E81076,2.666666666,0.52,0.0,0.0,0.0,0.426666667,1.306666667,3.826666667
E81612,0.72,0.4,0.0,0.0,0.0,1.293333333,0.666666667,5.72
E81615,1.96,0.0,0.0,0.0,0.0,0.173333333,1.48,4.52
E81617,1.466666667,0.0,0.0,0.0,0.0,1.346666667,0.0,6.56
E81631,1.4,0.0,0.08,0.0,0.0,0.373333333,0.346666667,5.186666667
E81632,3.12,0.0,0.0,2.986666666,0.0,0.0,1.826666667,9.46
E81633,0.933333333,0.0,0.0,0.0,0.0,0.213333333,0.186666667,6.08
E81635,0.933333333,0.133333333,0.133333333,0.0,0.0,1.173333333,1.111403254,3.573333333
E82001,6.8266666670000005,12.72,0.0,4.586666665999999,0.0,6.893333333,9.828,52.88501568
E82002,5.12,0.96,0.0,2.773333333,0.0,1.8,3.52,10.50666667
E82004,1.96,0.0,0.0,0.0,0.0,0.48,1.066666667,3.56
E82005,10.08,5.293333333,0.0,6.08,0.0,16.12,15.16,74.78426667
E82006,0.0,2.133333333,0.0,0.853333333,0.0,1.813333333,0.986666667,11.45333333
E82007,3.8000000000000003,0.8,0.0,0.0,0.0,2.026666667,1.0,10.84
E82008,5.2,0.96,0.0,0.0,0.0,3.36,0.0,13.0
E82009,4.353333333,1.32,0.0,0.0,0.0,3.44,1.373333333,18.70666667
E82012,4.346666667,2.4,0.0,0.0,0.0,2.773333333,4.173333333,17.86666667
E82013,10.392,3.7736,0.0,15.893333333000001,0.0,3.826666667,14.94533333,37.48
E82014,4.106666666,5.706666667,0.0,4.906666667,0.0,6.333333333,1.706666667,29.69168235
E82015,2.8,3.093333333,0.0,0.0,0.0,0.853333333,3.693333333,11.18666667
E82017,3.066666667,1.333333333,0.0,5.973333332999999,0.0,0.88,3.693333333,12.34666667
E82018,5.8,2.106666667,0.933333333,1.066666667,0.0,0.646666667,0.933333333,22.82368235
E82019,6.073333333,3.08,0.0,6.186666667,0.0,2.586666667,0.8,13.41333333
E82020,3.68,0.0,0.0,0.0,0.0,0.48,0.16,7.693333333
E82021,2.586666667,0.8,0.0,0.0,0.0,1.546666667,2.88,7.26
E82022,3.546666666,3.88872,0.0,3.2,0.0,3.826666667,0.706666667,19.91333333
E82023,4.026666667,1.173333334,1.235637074,2.9866666669999997,0.0,3.24,2.2,13.30666667
E82024,5.493333333,1.773333333,0.0,4.906666666,0.0,4.306666667,2.653333333,24.04
E82027,6.080000001,1.28,0.0,3.6266666670000003,0.0,2.0,0.533333333,14.00106667
E82031,4.2,4.725333334,0.0,2.773333333,0.0,3.053333333,2.52,13.16
E82032,8.88,2.24,0.0,2.133333334,0.0,2.76,1.333333333,16.37333333
E82035,3.4666666669999997,1.0133333329999998,0.0,0.0,0.0,0.946666667,2.266666667,11.26666667
E82037,8.433333333,0.64,0.0,1.066666667,0.0,1.066666667,1.426666667,19.85866667
E82038,4.7466666669999995,5.28,0.522146095,0.0,0.0,4.431936263,2.0,15.94666667
E82040,4.266666667,4.8,0.0,0.0,0.0,3.506666667,3.786666667,17.57333333
E82041,4.4,0.0,0.0,1.92,0.0,1.92,1.0,12.52
E82042,3.0,1.222133333,0.0,0.0,0.0,1.853333333,0.0,9.6
E82043,5.413333333,0.653333333,1.08,3.733333334,0.0,3.88,3.133333333,18.17834901
E82044,6.586666667,0.68,0.0,2.986666667,0.0,2.306666667,1.8,13.4
E82045,5.64,1.706666667,0.0,0.0,0.0,1.653333333,2.106666667,18.40666667
E82046,3.218666667,0.0,0.0,0.0,0.0,0.8,2.133333333,10.73333333
E82050,1.066666667,0.56,0.0,0.0,0.0,1.28,0.88,7.746666667
E82051,7.866666667,1.32,0.0,1.066666667,0.0,2.0,1.066666667,18.28
E82053,5.466666667,2.773333333,0.0,4.693333333,0.0,4.613333333,1.56,28.07866667
E82055,6.3999999999999995,0.08,0.0,1.92,0.0,3.266666667,3.6,19.3
E82056,2.586666667,1.333333333,0.0,2.56,0.0,1.653333333,0.533333333,10.17333333
E82058,6.026666666,1.92,0.0,2.346666667,0.0,3.626666667,3.773333333,14.52
E82059,3.466666667,2.133333333,0.0,1.066666667,0.0,1.36,0.773333333,10.24154901
E82060,5.888533333,6.193066667,0.0,7.466666666,0.0,3.88,6.886666667,26.50501568
E82061,2.497866667,2.7904,1.246666667,1.493333333,0.0,3.96,0.7,18.22666667
E82062,7.84,0.0,0.0,4.693333334,0.0,3.546666667,0.6,20.04
E82063,4.4799999999999995,0.0,0.0,4.266666667,0.0,3.453333333,0.8,12.74
E82064,1.44,1.253333333,0.0,1.066666667,0.0,1.546666667,1.0,6.746666667
E82066,1.066666667,0.0,0.0,0.0,0.0,0.453333333,0.186666667,3.826666667
E82067,3.306666667,1.906666667,0.0,0.0,0.0,3.6,0.586666667,19.61333333
E82068,3.226666667,0.533333333,0.0,1.92,0.0,1.026666667,3.546666667,12.52
E82069,1.0,0.444266667,0.0,0.0,0.0,0.8,3.426666667,9.733333333
E82070,0.853333333,0.213333333,0.0,0.0,0.0,0.0,0.533333333,2.613333333
E82071,8.373333333,2.266666667,0.0,2.133333334,0.0,1.986666667,2.0,18.0
E82073,5.773333333,18.32,0.808970408,2.133333334,0.0,7.826666667,10.56,52.12
E82074,4.266666667,5.901333333999999,1.44,6.186666667,0.0,5.333333333,3.173333333,28.25066667
E82075,6.893333333999999,1.5999999999999999,0.0,1.706666667,0.0,3.84,1.52,14.84
E82077,2.794666667,1.941333333,0.0,5.546666667,0.0,2.4,0.453333333,10.42
E82078,2.72,2.493333333,0.382303741,1.066666667,0.0,2.693333333,2.0,11.80666667
E82079,1.0,0.0,1.92,0.0,0.0,2.2,1.826666667,12.77333333
E82081,1.333333333,4.88,0.0,0.0,0.0,1.68,2.766666667,19.26666667
E82082,1.28,1.24,0.0,0.0,0.0,2.146666667,0.653333333,8.96
E82083,2.826666667,0.0,0.0,0.533333333,0.0,0.96,0.533333333,12.04
E82084,2.999733333,5.871733333,0.773333333,2.133333334,0.0,3.0,1.906666667,16.98666667
E82085,2.666666667,6.8,0.0,0.0,0.0,0.826666667,3.24,19.58666667
E82086,4.402666667,2.397333333,0.0,7.786666667,0.0,4.984533333,7.173333333,17.98
E82088,2.749333334,2.961333333,0.0,1.706666667,0.0,3.32,0.4,14.61333333
E82090,4.8,3.2,0.0,0.0,0.0,1.6,0.0,8.1
E82091,1.533333333,1.106666667,0.0,1.066666667,0.0,0.2,4.0,5.92
E82092,5.426666667,1.786666667,0.0,3.733333334,0.0,5.346666667,1.36,16.06
E82093,3.530666667,0.64,0.382303741,1.066666667,0.0,2.213333333,0.8,13.14
E82094,1.426666667,2.8,0.0,3.2000000010000003,0.0,1.346666667,0.8,10.99866667
E82096,2.664,2.026666667,0.0,1.066666666,0.0,1.826666667,0.013333333,12.25333333
E82098,2.44,1.586666667,0.0,1.493333333,0.0,0.373333333,2.493333333,7.146666667
E82099,4.853333333,3.618666667,0.0,3.84,0.0,2.48,0.0,11.22933333
E82100,4.946666667,0.666666667,0.0,3.626666667,0.0,2.506666667,2.013333333,11.44
E82102,3.52,4.2466666669999995,0.48,1.066666667,0.0,3.24,2.986666667,19.22666667
E82105,0.0,0.306666667,0.0,0.0,0.0,0.693333333,0.346666667,4.08
E82106,3.04,2.76,0.0,4.266666666,0.0,1.453333333,4.68,13.87333333
E82107,2.56,1.066666667,0.0,1.066666667,0.0,2.226666667,1.066666667,11.50666667
E82111,2.026666666,0.0,0.0,1.066666667,0.0,1.2,1.68,3.653333333
E82113,2.133333333,0.0,0.0,0.0,0.0,1.0,0.0,5.38
E82115,1.846666667,0.48,0.0,1.066666667,0.0,2.64,2.64,12.10666667
E82117,3.430933333,0.444,0.0,0.0,0.0,1.413333333,0.853333333,8.826666667
E82121,1.066666667,0.0,0.8,0.0,0.0,0.426666667,2.453333333,4.96
E82123,4.266666667,0.0,0.0,5.013333334,0.0,3.026666667,0.666666667,13.12
E82124,3.16,8.602666667,1.022303741,4.586666666999999,0.0,2.76,1.8,42.80501568
E82129,6.56,1.323181277,0.0,0.533333333,0.0,2.053333333,3.04,16.42666667
E82132,0.0,1.4,0.0,0.0,0.0,2.613333333,1.773333333,5.533333333
E82133,1.653333333,0.666666667,0.0,0.0,0.0,1.0,3.24,9.106666667
E82626,1.333333333,0.853333333,0.0,0.0,0.0,0.0,1.0,3.146666667
E82638,1.848533333,1.3679999999999999,0.0,1.92,0.0,2.32,1.426666667,8.126666667
E82643,0.109333333,0.72,0.0,0.0,0.0,0.56,0.0,3.946666667
E82652,1.626666667,0.0,0.0,0.0,0.0,0.32,0.0,1.68
E82654,2.0,0.0,0.0,1.6,0.0,1.293333333,2.0,14.50666667
E82655,1.493333333,0.0,0.0,0.0,0.0,0.853333333,1.533333333,1.84
E82657,0.888,1.866666667,0.0,0.0,0.0,1.626666667,0.0,3.626666667
E82661,2.792,0.8,0.0,0.0,0.0,2.426666667,0.8,8.426666667
E83003,2.8,1.68,0.0,1.706666667,0.0,0.533333333,1.0,12.54666667
E83005,1.066666667,0.330666667,0.0,0.0,0.0,0.133333333,0.8,6.030666667
E83006,2.133333333,2.693333333,0.0,2.133333334,0.0,1.506666667,0.0,8.0
E83007,1.986666667,0.64,0.213333333,0.0,0.0,0.586666667,0.0,8.333333333
E83008,2.146666667,0.0,0.0,0.0,0.0,0.0,1.653333333,6.68
E83009,1.093333333,2.272,0.133333333,0.0,0.0,1.0,0.594666667,8.093333333
E83010,2.493333333,1.36,0.0,2.56,0.0,2.36,0.8,14.07066667
E83011,3.5,2.16,0.0,2.133333333,0.0,1.52,0.96,7.133333333
E83012,2.933333333,1.28,0.0,1.92,0.0,2.88,0.0,8.506666667
E83013,2.4,1.333333333,0.0,2.133333334,0.0,0.293333333,0.533333333,6.413333333
E83016,5.021866667,4.210133333,0.0,3.52,0.0,1.746666667,9.173333333,25.44
E83017,4.12,2.88,0.0,2.986666667,0.0,1.786666667,4.053333333,20.41333333
E83018,5.16,5.693333333,0.0,5.12,0.0,3.453333333,1.0,18.38666667
E83020,3.2,3.32,0.0,0.0,0.0,2.013333333,3.453333333,16.37333333
E83021,2.266666667,3.8,0.0,1.92,0.0,1.246666667,1.6,17.26666667
E83024,4.6,1.653333334,0.0,2.133333333,0.0,2.64,1.0,11.96
E83025,2.776,0.0,0.0,0.0,0.0,1.186666667,0.986666667,7.573333333
E83026,1.466666667,0.0,0.0,0.0,0.0,0.866666667,1.413333333,5.186666667
E83027,0.986666667,5.604533333,0.213333333,0.0,0.0,0.96,2.173333333,8.12
E83028,2.0,0.0,0.0,0.0,0.0,0.0,0.0,6.38
E83030,0.746666667,1.386666667,0.0,0.0,0.0,0.76,2.24,9.066666667
E83031,1.666666667,1.4784,0.0,0.0,0.0,0.693333333,0.0,7.013333333
E83032,5.333333333,4.119466667,0.0,1.92,0.0,3.186666667,2.0,19.98666667
E83034,1.6800000000000002,0.0,0.0,0.0,0.0,0.373333333,0.0,6.2
E83035,2.186666666,4.853333333,0.0,2.133333334,0.0,4.813333333,2.226666667,16.88
E83038,0.24,0.0,0.0,0.0,0.0,1.64,6.533333333,17.12
E83039,2.853333333,0.453333333,0.0,0.0,0.0,0.88,0.88,5.986666667
E83041,1.066666667,0.0,0.506666667,0.0,0.0,0.56,0.693333333,4.64
E83044,1.930666667,1.52,0.0,0.0,0.0,0.0,0.986666667,7.44
E83045,1.68,3.066666667,0.0,0.0,0.0,0.24,0.933333333,8.12
E83046,0.885333333,2.221866667,0.0,1.066666667,0.0,1.52,1.426666667,5.48
E83049,1.0,1.066666667,0.0,0.0,0.0,1.4,3.6,9.373333333
E83050,2.533333333,0.0,0.0,0.0,0.0,0.853333333,1.0,6.986666667
E83053,5.2,3.518283065,0.0,1.813333334,0.0,1.746666667,0.72,19.86045965
E83600,2.133333334,0.88,0.0,1.066666667,0.0,0.533333333,0.0,5.8
E83613,1.466666667,3.861333333,0.0,1.066666667,0.0,0.0,0.0,13.88
E83621,1.333333333,3.297333333,0.0,2.346666667,0.0,1.093333333,2.0,10.25333333
E83622,1.7226666659999998,2.384,0.0,0.0,0.0,0.48,0.0,10.26
E83637,1.493333334,0.666666667,0.0,0.0,0.0,0.0,3.026666667,7.4
E83638,1.066666667,0.64,0.0,0.0,0.0,1.52,1.106666667,4.533333333
E83639,4.16,0.0,0.0,0.0,0.0,0.0,0.0,7.88
E83649,1.7999999999999998,0.0,0.0,0.0,0.0,0.0,0.0,5.106666667
E83653,1.893333333,2.220533333,0.0,0.0,0.0,1.213333333,0.32,7.893333333
E83668,0.933333333,0.0,0.0,0.0,0.0,0.533333333,0.0,2.96
E84002,0.64,1.92,0.0,4.266666667,0.0,0.266666667,1.48,10.33333333
E84003,0.533333333,2.506666667,0.0,0.0,0.0,0.0,4.466666667,10.85333333
E84004,2.773333333,0.64,0.0,0.0,0.0,0.0,0.0,8.773333333
E84005,1.613333333,1.421333333,0.0,0.0,0.0,0.973333333,2.613333333,8.666666667
E84006,2.554133333,2.221866667,0.0,4.0533333339999995,0.0,0.746666667,2.693333333,10.64666667
E84007,1.066666667,0.0,0.0,0.0,0.0,0.0,1.0,4.626666667
E84008,2.453333333,1.386666667,0.0,1.066666667,0.0,2.306666667,1.853333333,11.93333333
E84009,3.906666667,1.773333333,0.0,3.2,0.0,2.24,4.066666667,16.57333333
E84011,0.0,0.0,0.0,0.0,0.0,0.213333333,2.066666667,1.410031362
E84012,2.266666667,2.0,0.533333333,0.0,0.0,0.0,2.12,8.853333333
E84013,1.333333333,1.92,0.0,2.986666667,0.0,2.706666667,1.28,6.933333333
E84014,0.0,2.6,0.8,2.133333334,0.0,0.0,3.2,9.986666667
E84015,4.2,0.96,0.0,4.266666667,0.0,1.24,3.0,9.706666667
E84017,4.1333333329999995,0.0,0.0,0.0,0.0,0.96,0.0,4.893333333
E84018,2.133333333,2.673333333,0.0,1.066666667,0.0,0.426666667,1.586666667,7.973333333
E84020,0.64,1.333333333,0.0,0.0,0.0,0.0,4.32,2.48
E84021,2.133333333,1.013333333,0.0,4.8,0.0,0.533333333,3.706666667,15.30666667
E84022,0.96,1.973333333,0.0,2.133333334,0.0,1.2,1.68,7.6
E84024,6.666666665999999,5.68,0.0,3.2,0.0,3.22,7.306666667,24.86666667
E84025,3.3333333339999998,4.105782529,0.0,1.706666667,0.0,1.906666667,1.733333333,25.0781397
E84028,2.026666666,1.066666667,0.0,0.0,0.0,0.426666667,0.0,5.946666667
E84030,1.0,0.333333333,0.0,0.0,0.0,0.64,1.146666667,3.386666667
E84031,2.0,2.2399999999999998,0.0,2.666666667,0.0,0.533333333,4.493333333,12.38501568
E84032,1.44,1.6,0.0,0.0,0.0,0.48,2.266666667,7.373333333
E84033,2.946666667,0.0,0.0,0.0,0.0,0.933333333,0.84,9.0
E84036,0.64,2.72,0.0,0.853333333,0.0,1.757866667,3.826666667,11.14666667
E84039,2.773333333,0.853333333,0.0,1.066666667,0.0,2.226666667,10.49333333,18.62666667
E84040,1.0,0.0,1.28,0.0,0.0,0.4,2.6,6.333333333
E84042,2.1408,1.386666667,0.0,0.0,0.0,0.354666667,0.750202116,7.101543891
E84044,4.133333333,0.0,0.133333333,1.706666667,0.0,2.12,0.693333333,8.1
E84048,1.066666667,2.106666667,0.0,0.0,0.0,0.693333333,0.666666667,4.666666667
E84049,1.066666667,0.773333333,0.0,0.0,0.0,0.64,2.106666667,5.866666667
E84051,2.058666667,1.421333333,0.0,2.133333333,0.0,0.8,1.653333333,6.72
E84053,2.133333334,0.0,0.0,0.0,0.0,0.48,1.84,5.866666667
E84057,0.0,0.598283065,0.0,0.0,0.0,0.0,0.0,0.0
E84058,5.24,7.456982529,0.0,2.773333333,0.0,2.6,2.746666667,27.73003136
E84059,0.533333333,0.306666667,0.373333333,0.0,0.0,0.293333333,3.24,3.533333333
E84061,2.986666667,5.733333333,0.0,6.4,0.0,0.0,5.466666667,10.91333333
E84062,1.466666667,1.536,0.0,0.64,0.0,0.573333333,0.933333333,4.36
E84063,2.0,0.0,0.506666666,0.0,0.0,0.426666667,1.306666667,3.306666667
E84066,3.2,1.066666667,0.64,0.0,0.0,0.0,1.173333333,32.34666667
E84067,3.013333333,0.0,0.0,0.0,0.0,0.8,1.4,6.933333333
E84068,3.218666667,2.994666666,0.0,2.56,0.0,5.133333333,3.093333333,17.58
E84069,5.36,0.0,0.0,1.066666667,0.0,2.506666667,2.0,3.36
E84070,1.066666667,0.0,0.853333333,0.0,0.0,0.6,0.306666667,4.546666667
E84074,4.066666667,0.0,0.0,0.0,0.0,0.6,2.626666667,13.66666667
E84075,0.0,1.866666667,1.44,0.0,0.0,0.906666667,3.2,8.0
E84076,2.08,1.973333333,0.0,0.0,0.0,0.986666667,0.96,6.28
E84078,2.16,0.0,0.986666667,0.0,0.0,0.773333333,0.16,5.186666667
E84080,3.686666667,0.0,0.0,1.066666667,0.0,0.186666667,1.76,7.333333333
E84083,2.053333334,0.986666667,0.266666667,0.0,0.0,0.8,0.0,3.04
E84086,2.133333334,1.066666667,0.0,0.0,0.0,0.0,0.56,5.073333333
E84601,1.066666667,0.0,0.4,0.0,0.0,2.066666667,1.6,5.386666667
E84617,2.066666667,0.32,0.0,0.0,0.0,0.0,0.16,4.693333333
E84620,2.0,0.0,0.0,0.0,0.0,0.746666667,2.066666667,5.533333333
E84626,2.0,0.0,0.0,0.0,0.0,0.36,0.0,2.8
E84635,1.0,1.386666667,0.72,0.0,0.0,1.266666667,1.0,5.266666667
E84637,1.0,0.0,0.0,0.0,0.0,0.12,0.52,4.653333333
E84638,2.0,0.0,0.0,0.0,0.0,0.0,1.0,2.866666667
E84645,0.0,2.666666667,0.0,0.0,0.0,1.106666667,1.0,6.52
E84646,2.933333334,0.0,0.973333333,0.0,0.0,0.746666667,0.88,3.813333333
E84647,0.853333333,0.2,0.0,0.0,0.0,0.0,1.306666667,4.213333333
E84653,1.0,0.88,0.0,1.066666667,0.0,1.173333333,0.0,8.68
E84656,1.12,2.133333333,0.0,1.6,0.0,0.453333333,0.733333333,6.946666667
E84658,1.0,1.592,0.0,1.066666667,0.0,0.4,0.0,3.28
E84663,2.066666667,0.0,0.0,0.0,0.0,0.0,2.373333333,4.173333333
E84665,0.0,1.226666667,0.0,0.0,0.0,0.0,1.56,11.05333333
E84674,0.746666667,0.64,0.0,0.0,0.0,1.426666667,1.92,2.453333333
E84676,0.4,0.426666667,0.0,0.0,0.0,0.0,0.213333333,3.52
E84678,2.0,0.56,0.0,0.0,0.0,0.0,0.746666667,3.2
E84680,1.066666666,0.0,0.0,0.0,0.0,0.0,0.08,4.853333333
E84684,2.4,0.0,0.0,0.0,0.0,0.506666667,0.0,3.16
E84685,0.0,2.666666667,1.08,0.0,0.0,0.986666667,1.96,6.513333333
E84693,1.733333334,1.322666667,0.0,1.6,0.0,3.253333333,3.034463524,8.066666667
E84699,0.533333333,0.0,0.32,0.0,0.0,0.666666667,1.093333333,3.24
E84701,0.8,0.8,0.0,0.0,0.0,0.48,0.626666667,3.96
E84702,4.08,0.4,0.0,0.853333333,0.0,0.906666667,0.0,4.4
E84704,1.093333333,0.0,0.0,0.0,0.0,0.426666667,0.0,1.493333333
E84709,2.8,2.32,0.0,2.56,0.0,2.0,2.826666667,8.818666667
E85001,1.866666667,2.216,0.546666667,0.0,0.0,1.893333333,3.56,8.92
E85003,5.386666667,3.346666667,0.0,3.84,0.0,2.0,8.853333333,30.36
E85004,1.066666667,1.253333333,0.0,1.066666667,0.0,0.693333333,1.0,6.765333333
E85005,0.666666667,0.666666667,0.0,0.0,0.0,0.0,0.96,3.653333333
E85006,0.0,1.6,0.0,3.519999999,0.0,0.68,1.0,4.773333333
E85007,2.613333334,2.706666667,0.0,0.0,0.0,1.213333333,2.226666667,11.49333333
E85008,3.061333333,1.36,0.0,1.92,0.0,1.0,3.12,7.4
E85012,1.6,0.0,1.1866666670000001,0.0,0.0,1.146666667,0.373333333,4.92
E85013,0.666666667,0.44,0.0,0.0,0.0,0.906666667,0.0,5.886666667
E85014,2.0,1.386666667,0.0,0.0,0.0,0.56,2.04,7.706666667
E85015,2.0,0.0,0.2,0.0,0.0,0.746666667,2.453333333,4.973333333
E85016,2.4533333330000002,6.322666667,0.0,4.693333334,0.0,0.693333333,6.666666667,13.45333333
E85019,2.72,0.0,0.0,5.333333333,0.0,1.0,1.6,6.266666667
E85020,6.346666666999999,5.279999999999999,0.0,2.9866666669999997,0.0,1.853333333,14.13333333,18.06666667
E85021,0.96,0.0,0.0,0.0,0.0,0.0,1.173333333,4.813333334
E85023,0.746666667,0.0,0.0,0.0,0.0,0.6,2.333333333,3.44
E85024,1.6,0.426666667,0.0,0.0,0.0,0.64,1.453333333,3.546666667
E85025,0.0,2.013333333,0.0,1.066666667,0.0,0.493333333,1.666666667,8.0
E85026,2.56,1.386666667,0.0,10.24,0.0,1.813333333,1.2,6.346666667
E85028,2.933333333,2.552,0.0,2.133333334,0.0,1.64,3.653333333,6.446666667
E85029,2.586666666,0.666666667,0.0,0.0,0.0,0.0,2.0,6.64
E85030,1.12,4.564266667,0.0,2.666666666,0.0,2.56,3.213333333,7.733333333
E85032,1.0,1.2,0.0,0.0,0.0,0.0,0.693333333,4.893333333
E85033,2.773333334,1.778666667,0.0,1.066666667,0.0,2.0,0.0,7.826666667
E85034,1.28,0.0,0.0,0.0,0.0,1.426666667,1.226666667,5.96
E85035,1.253333333,0.0,0.0,0.0,0.0,0.96,0.0,3.16
E85038,1.466666667,0.32,0.0,0.0,0.0,0.4,0.933333333,3.96
E85040,4.106666666,0.56,0.0,0.0,0.0,0.8,1.386666667,9.16
E85041,1.52,0.0,0.0,0.0,0.0,1.186666667,0.0,4.266666667
E85042,1.426666667,0.64,0.0,2.133333334,0.0,0.853333333,0.64,5.0
E85045,0.666666667,0.0,0.906666667,0.0,0.0,0.266666667,0.0,1.866666667
E85046,1.386666667,1.333333333,0.0,1.066666667,0.0,0.906666667,0.0,5.653333334
E85048,1.0,0.426666667,0.0,0.0,0.0,0.0,4.4,8.12
E85049,1.0,1.333333333,0.906666667,0.0,0.0,0.533333333,1.573333333,5.746666667
E85050,2.533333333,1.386666667,0.0,0.0,0.0,1.906666667,1.573333333,6.946666667
E85051,0.106666667,1.0,0.186666667,0.0,0.0,2.333333333,0.853333333,6.146666667
E85052,1.013333333,0.0,1.12,0.0,0.0,0.426666667,0.0,8.52
E85053,1.0,0.0,0.0,0.0,0.0,1.0,0.533333333,5.8
E85054,4.2,2.798933333,0.0,2.56,0.0,2.32,1.253333333,10.08
E85055,3.626666667,4.35663171,0.533333333,2.9866666669999997,0.0,2.6,7.0,19.12
E85056,2.773333333,0.266666667,0.986666667,0.0,0.0,1.64,0.0,0.0
E85057,3.0,1.866666667,0.0,4.053333332999999,0.0,1.0,1.48,9.08
E85058,1.986666667,0.746666667,0.0,0.0,0.0,0.506666667,0.826666667,3.2
E85059,3.493333333,0.0,0.0,0.0,0.0,0.986666667,1.306666667,6.986666667
E85060,2.64,0.8,0.0,2.133333334,0.0,0.674666667,0.0,5.653333333
E85061,0.986666667,1.0,0.0,0.0,0.0,0.0,0.986666667,4.906666667
E85062,1.0,3.198933333,0.0,2.133333334,0.0,1.533333333,2.786666667,6.133333333
E85064,0.426666667,1.928,0.0,0.0,0.0,0.0,3.153333333,5.453333333
E85066,0.266666667,0.853333333,0.0,0.0,0.0,0.72,0.0,3.386666667
E85069,0.666666667,0.802666667,0.306666667,0.0,0.0,0.0,1.093333333,4.106666667
E85071,0.666666667,0.0,0.0,0.0,0.0,0.0,0.0,2.653333333
E85074,0.986666667,0.893333333,0.0,0.0,0.0,0.4,0.8,5.706666667
E85075,1.266666667,0.0,0.533333333,0.0,0.0,0.426666667,2.186666667,4.026666667
E85077,1.866666667,0.0,0.0,0.0,0.0,0.506666667,0.0,4.213333333
E85083,1.066666667,0.997333333,1.346666667,0.0,0.0,0.96,1.066666667,5.066666667
E85088,1.28,0.0,0.266666667,0.0,0.0,1.28,0.96,4.266666667
E85090,0.48,0.0,0.293333333,0.0,0.0,0.64,1.306666667,5.426666667
E85091,0.853333333,0.0,0.853333333,0.0,0.0,0.4,0.48,4.186666667
E85096,2.6666666670000003,1.2,0.0,0.0,0.0,1.0,0.573333333,4.5
E85098,0.986666667,0.333333333,0.0,0.0,0.0,1.16,2.64,5.466666667
E85099,0.72,0.72,0.0,0.0,0.0,0.666666667,0.346666667,4.973333333
E85103,0.8,0.213333333,0.533333333,0.0,0.0,1.653333333,0.6,4.653333333
E85107,4.413363451,0.0,0.0,1.066666667,0.0,0.0,1.32,9.793866667
E85108,0.666666667,1.186666667,0.0,0.0,0.0,1.213333333,0.613333333,5.94
E85109,0.533333333,0.0,0.72,0.0,0.0,0.426666667,1.213333333,5.466666667
E85111,1.0,0.0,0.4,0.0,0.0,0.293333333,0.426666667,4.786666667
E85112,1.4,0.0,0.0,0.0,0.0,0.613333333,0.0,7.426666667
E85113,3.066666667,0.0,1.173333333,0.0,0.0,0.933333333,1.333333333,6.413333333
E85114,4.226666667,1.533333333,0.0,2.773333334,0.0,1.36,1.786666667,6.466666667
E85115,2.013363451,0.453333333,0.0,0.0,0.0,0.0,0.48,2.88
E85116,0.0,0.0,0.4,0.0,0.0,3.173333333,0.813333333,3.253333333
E85118,2.613333334,1.28,0.0,0.0,0.0,0.64,1.626666667,4.453333333
E85119,2.133333334,1.437333333,0.0,0.0,0.0,1.0,1.466666667,8.6
E85120,3.560533334,1.109333333,0.0,1.92,0.0,2.626666667,4.133333333,8.02
E85121,2.133333333,0.8,1.173333333,0.0,0.0,0.786666667,1.373333333,21.94666667
E85122,2.44,1.84,0.0,4.266666667,0.0,2.0,6.44,12.72
E85123,1.706666667,2.046666667,0.0,1.813333334,0.0,0.64,1.8,8.186666667
E85124,2.746666667,11.78,0.0,0.0,0.0,1.8,3.0,5.533333333
E85125,1.6,0.48,0.0,1.92,0.0,0.533333333,0.8,3.333333333
E85126,0.8,0.0,1.28,0.0,0.0,1.04,1.04,7.173333333
E85127,2.0,2.586666667,0.0,0.0,0.0,2.186666667,3.0,8.626666667
E85128,1.0,4.517333333,0.0,0.853333333,0.0,1.533333333,5.426666667,12.38666667
E85129,2.133333333,0.453333333,0.0,0.0,0.0,2.413333333,0.0,8.013333333
E85130,1.093333334,1.08,0.0,0.0,0.0,0.786666667,0.586666667,5.106666667
E85600,2.053333333,1.213333333,0.226666667,1.066666667,0.0,0.589333333,0.2712,4.086666667
E85605,2.133333333,2.32,0.0,0.0,0.0,3.013333333,1.753333333,7.48
E85617,1.2,0.0,0.426666667,0.0,0.0,0.426666667,0.853333333,3.133333333
E85623,2.133333333,0.48,0.0,0.0,0.0,0.373333333,0.32,1.96
E85624,0.6,0.437333333,1.066666667,0.0,0.0,1.04,1.2,8.453333333
E85628,3.253333333,0.506666667,0.0,0.0,0.0,0.8,0.853333333,10.16
E85633,2.0,0.0,1.0,0.0,0.0,1.066666667,2.066666667,7.613333333
E85635,1.866666666,0.0,0.48,0.0,0.0,0.346666667,0.52,3.8
E85636,2.72,4.866666667,0.0,4.266666667,0.0,1.0,7.2,18.10666667
E85640,2.133333334,0.0,0.0,0.0,0.0,0.186666667,1.186666667,3.533333333
E85643,2.066666667,0.0,0.0,0.0,0.0,0.0,0.0,2.613333333
E85649,1.066666667,0.0,0.0,0.0,0.0,0.32,0.0,2.346666667
E85656,1.6,0.0,0.413333333,0.0,0.0,1.44,3.093333333,9.786666667
E85657,1.746666667,2.326666667,0.0,0.0,0.0,1.666666667,0.666666667,8.813333334
E85658,1.8533333330000001,0.0,0.64,0.0,0.0,1.186666667,0.413333333,5.92
E85659,0.8,4.266666667,0.0,0.0,0.0,0.533333333,0.266666667,6.106666667
E85663,2.133333333,0.0,0.453333333,0.0,0.0,1.0,3.08,8.053333333
E85677,1.066666667,0.0,1.253333333,0.0,0.0,0.426666667,0.0,6.64
E85680,1.56,1.614133333,0.0,2.133333334,0.0,1.893333333,1.48,9.653333333
E85681,3.629904503,0.0,0.782303741,0.0,0.0,2.186666667,1.807796857,4.264105279
E85682,0.72,0.0,0.48,0.0,0.0,0.96,0.8,4.386666667
E85683,0.0,1.933333333,0.0,0.0,0.0,0.746666667,0.08,4.64
E85685,0.6,2.472,0.0,3.8400000000000003,0.0,1.16,1.0,8.026666667
E85687,0.426666667,0.426666667,0.0,0.0,0.0,0.0,0.0,4.24
E85693,2.386666667,2.19656613,0.0,0.0,0.0,1.173333333,2.453333333,7.36
E85694,0.533333333,0.773333333,0.0,0.0,0.0,0.106666667,1.646666667,1.853333333
E85696,3.2,0.0,0.8,0.0,0.0,0.4,1.36,2.933333333
E85697,0.0,2.7600000000000002,0.0,0.0,0.0,0.6,0.0,4.266666667
E85699,0.666666667,0.986666667,0.0,0.0,0.0,1.533333333,1.6,5.52
E85707,1.92,0.213333333,0.213333333,1.066666667,0.0,0.613333333,0.0,3.44
E85708,1.013333333,0.0,0.8,0.0,0.0,0.24,0.0,5.48
E85712,2.266666667,0.0,0.0,0.0,0.0,0.64,1.64,4.946666667
E85713,1.0,0.0,1.0,0.0,0.0,0.666666667,1.066666667,7.584105279
E85715,1.0,1.5,0.0,0.0,0.0,0.64,3.053333333,6.986666667
E85716,2.133333334,2.435466667,0.0,0.64,0.0,0.586666667,8.533333334,8.38
E85718,0.8,0.0,0.08,0.0,0.0,0.213333333,0.16,3.64
E85719,3.5466666659999997,1.986666667,0.0,0.0,0.0,1.146666667,1.853333333,8.733333333
E85721,0.533333333,0.0,0.08,0.0,0.0,0.0,0.266666667,1.92
E85725,1.56,1.667466667,0.213333333,1.6,0.0,1.28,0.0,7.313333333
E85726,0.8,0.0,0.0,0.0,0.0,0.426666667,0.0,4.626666667
E85734,2.026666666,0.0,0.0,0.0,0.0,0.506666667,0.213333333,1.306666667
E85735,0.8,0.0,0.0,0.0,0.0,0.0,1.506666667,4.253333333
E85736,4.0,5.2,0.0,3.133333333,0.0,1.24,1.746666667,7.48
E85739,0.0,0.0,3.306666667,0.0,0.0,0.0,1.68,7.4
E85743,0.8,0.133333333,0.053333333,0.0,0.0,0.64,0.266666667,3.173333333
E85744,0.0,1.173333333,0.213333333,0.0,0.0,1.333333333,2.066666667,10.14666667
E85745,2.0,0.0,0.0,0.0,0.0,0.48,3.78,7.12
E85746,1.786666667,0.853333333,0.0,1.066666667,0.0,0.4,0.76,2.96
E85748,1.066666667,1.813333333,0.0,0.0,0.0,0.693333333,0.693333333,7.573333333
E85750,1.6,1.555466667,0.0,1.706666667,0.0,0.213333333,0.64,1.0
E86001,4.640000000000001,2.626666667,0.72,3.093333333,0.0,3.586666667,1.786666667,8.266666667
E86004,1.066666667,0.0,0.0,0.0,0.0,2.053333333,2.346666667,10.25333333
E86005,1.333333333,2.106666667,0.8533333329999999,0.0,0.0,0.96,0.293333333,6.253333333
E86006,0.906666667,2.16,0.382303741,0.853333333,0.0,1.066666667,0.52,7.96
E86007,0.666666667,1.973333333,0.0,0.0,0.0,1.0,1.84,13.99088793
E86009,2.704,0.933333333,0.0,0.0,0.0,1.073333333,0.426666667,7.093333333
E86010,3.24,0.0,0.0,0.0,0.0,2.24,1.773333333,9.973333333
E86011,1.0,0.0,0.0,4.266666667,0.0,0.32,0.346666667,5.346666667
E86012,2.946666666,2.706666667,0.0,1.92,0.0,1.76,2.24,11.41333333
E86014,1.066666667,2.026666667,0.0,1.6,0.0,0.986666667,1.0,7.373333334
E86015,4.888,1.12,0.444533333,5.12,0.0,4.026666667,2.6,13.02826667
E86016,2.933333333,0.0,0.0,0.0,0.0,0.826666667,0.0,4.217333333
E86017,2.0,1.68,0.8,2.133333333,0.0,2.133333333,3.68,8.373333333
E86018,3.893333333,0.0,0.0,0.0,0.0,0.64,3.64,5.826666667
E86019,0.986666667,4.926666667,0.0,3.066666667,0.0,0.0,0.96,8.6
E86020,2.133333334,0.0,0.0,0.0,0.0,0.426666667,0.16,4.326666667
E86022,1.52,1.905333333,0.0,1.066666667,0.0,0.853333333,1.333333333,5.92
E86024,2.0,0.760533333,0.0,0.0,0.0,0.0,0.2,5.02
E86026,1.68,0.986666667,0.0,0.0,0.0,1.52,0.76,6.173333333
E86027,2.786666666,0.8,0.0,2.773333334,0.0,1.2,0.88,5.72
E86028,3.066666667,0.746666667,0.0,1.6,0.0,0.666666667,1.386666667,5.373333333
E86029,3.013333333,1.146666667,0.0,2.133333333,0.0,2.133333333,1.6,13.39333333
E86030,1.0,1.273333333,0.0,3.2,0.0,1.0,2.173333333,8.466666667
E86033,1.066666667,2.853333333,0.0,0.0,0.0,0.4,1.733333333,3.013333333
E86034,0.133333333,0.0,0.48,0.0,0.0,0.533333333,0.493333333,5.253333333
E86036,1.066666667,2.36,0.0,0.0,0.0,1.973333333,0.0,6.48
E86038,2.706666667,0.0,0.0,1.066666667,0.0,0.746666667,1.4,5.725333333
E86041,1.733333333,1.250666667,0.0,0.0,0.0,0.56,1.466666667,4.346666667
E86042,0.533333333,2.133333333,0.0,0.0,0.0,1.04,0.773333333,8.186666667
E86605,0.8,0.266666667,0.0,0.0,0.0,0.533333333,0.0,2.68
E86609,2.106666667,0.444533333,0.066666667,1.92,0.0,0.64,0.96,7.586666667
E86610,1.066666667,0.0,0.4,0.0,0.0,1.066666667,0.773333333,4.413333333
E86612,1.706666667,1.746666667,0.0,1.066666667,0.0,0.533333333,0.4,2.466666667
E86615,0.437333333,0.0,0.0,0.0,0.0,0.586666667,2.413333333,5.626666667
E86618,2.133333333,0.0,0.170666667,0.0,0.0,0.0,3.613333333,8.56
E86619,1.2,0.213333333,0.0,0.0,0.0,0.213333333,0.0,3.706666667
E86620,1.2,0.0,0.0,0.0,0.0,0.586666667,1.16,4.986666667
E86625,1.2,0.0,0.333333333,0.0,0.0,0.0,0.88,4.253333333
E86626,1.866666666,0.613333333,0.0,0.0,0.0,0.946666667,0.0,4.853333333
E86629,1.066666667,0.0,0.0,0.0,0.0,0.533333333,0.906666667,2.133333333
E86632,1.066666667,0.0,0.0,0.0,0.0,1.066666667,0.96,5.333333333
E86637,1.6,0.0,0.0,0.0,0.0,0.0,0.0,7.133333334
E86640,1.546666667,0.64,0.106666667,1.066666667,0.0,1.2,0.426666667,5.893333333
E87002,1.76,5.2533333330000005,0.0,1.066666667,0.0,4.266666667,2.106666667,19.0
E87003,1.093333333,0.0,0.0,0.0,0.0,0.0,1.426666667,4.8
E87004,1.706666667,3.405333333,0.0,3.2,0.0,0.0,1.4,7.96
E87005,1.066666667,1.312,0.0,0.0,0.0,0.0,1.066666667,7.866666667
E87006,1.066666667,0.8,0.0,0.0,0.0,0.0,0.0,3.146666667
E87007,0.0,3.810666667,0.0,0.0,0.0,0.0,3.837885743,4.666666667
E87008,2.274133333,4.493866667000001,0.0,1.066666667,0.0,1.306666667,4.0,10.09866667
E87009,1.0,0.226666667,0.906666667,0.0,0.0,0.32,0.4,4.426666667
E87010,0.446666667,1.086666667,0.0,0.0,0.0,0.533333333,1.4,6.173333333
E87011,3.466666667,1.493333333,0.08,1.92,0.0,1.8,3.426666667,9.466666667
E87013,3.3600000000000003,5.48,0.0,2.56,0.0,3.066666667,0.64,10.02666667
E87016,1.749333333,7.019466667,0.0,2.773333334,0.0,2.48,2.693333333,12.81333333
E87021,0.666666667,3.250666667,0.0,0.0,0.0,1.306666667,0.426666667,6.56
E87024,2.666666667,0.0,0.0,1.066666667,0.0,0.0,2.533333333,5.826666667
E87026,2.0,0.0,0.0,0.0,0.0,0.426666667,0.0,6.562977346
E87029,3.066666667,1.48,0.0,0.0,0.0,1.8,1.0,8.146666667
E87034,3.84,1.2,0.0,1.066666667,0.0,1.96,3.533333333,15.48
E87037,4.0,0.64,0.0,0.0,0.0,0.96,1.04,16.05333333
E87038,0.0,0.986666667,0.0,0.0,0.0,0.8,0.986666667,6.0
E87043,2.133333333,1.930666667,0.0,1.92,0.0,1.0,0.0,5.56
E87045,0.64,1.226666667,0.0,0.0,0.0,0.426666667,0.0,4.72
E87046,0.0,2.893333333,1.0,0.0,0.0,0.4,3.32,8.586666667
E87047,2.933333333,2.192,0.0,0.0,0.0,0.4,0.826666667,5.2
E87048,2.813363451,0.0,0.0,0.0,0.0,0.0,0.933333333,4.04
E87052,1.066666667,0.0,0.12,0.0,0.0,0.0,1.4,5.346666667
E87061,1.653333334,3.506666667,0.0,0.0,0.0,0.0,1.973333333,1.36
E87063,0.266666667,1.473333333,3.466666666,0.0,0.0,1.725957305,8.32,7.733333333
E87065,1.066666667,0.746666667,0.0,1.066666667,0.0,0.413333333,1.0,8.293333333
E87066,0.0,4.732266667,0.0,1.066666667,0.0,0.72,0.826666667,9.72
E87067,2.0,1.92,0.0,1.066666667,0.0,0.6,1.44,3.4
E87069,1.6,0.373333333,0.0,0.0,0.0,0.226666667,0.24,2.546666667
E87070,1.0,1.124266667,0.533333333,0.0,0.0,0.64,1.066666667,4.8
E87609,6.8,1.893333333,0.0,0.0,0.0,1.6,2.533333333,15.65333333
E87637,2.893333333,9.96,0.0,4.266666666,0.0,2.0,4.773333333,17.01333333
E87648,0.746666667,0.533333333,0.213333333,0.0,0.0,0.213333333,1.066666667,2.866666667
E87663,1.546666666,0.0,0.373333333,0.0,0.0,0.64,0.0,2.68
E87665,1.066666667,1.44,0.0,0.0,0.0,0.8,1.0,4.933333333
E87677,2.56,3.777866667,0.0,1.066666667,0.0,3.04,3.146666667,10.26666667
E87681,1.28,1.973333333,0.0,1.066666667,0.0,2.0,0.906666667,5.226666667
E87701,1.56,1.44,0.0,1.92,0.0,1.0,1.173333333,6.72
E87702,2.2933333329999996,0.0,0.0,0.0,0.0,0.853333333,0.0,4.693333333
E87706,1.2799999999999998,0.64,0.0,0.0,0.0,0.853333333,0.96,5.0
E87714,0.8,1.546666667,0.0,0.0,0.0,2.326666667,1.16,6.253333333
E87715,1.16,2.622133334,0.0,0.64,0.0,0.426666667,1.96,6.355554667
E87720,2.026666666,4.333333333,0.0,0.0,0.0,0.0,0.746666667,7.28
E87722,1.933333333,0.96,0.0,0.0,0.0,0.0,0.586666667,4.146666667
E87733,1.240030118,0.666666667,0.76,0.0,0.0,0.106666667,0.533333333,4.453333333
E87737,1.066666667,2.997333333,0.0,0.0,0.0,1.333333333,0.8,9.226666667
E87738,1.7333333340000001,1.28,0.0,1.066666667,0.0,1.8,1.0,10.68
E87739,2.133333334,2.72,0.0,0.0,0.0,0.853333333,0.693333333,10.87333333
E87740,1.946666667,0.8,0.0,0.0,0.0,0.533333333,0.986666667,3.293333333
E87741,0.0,0.893333333,0.0,0.0,0.0,0.16,0.32,4.053333333
E87742,1.066666667,0.0,0.0,0.0,0.0,0.0,1.506666667,3.893333333
E87745,1.493333334,2.709333333,0.0,2.6666666670000003,0.0,1.8,1.066666667,9.786666667
E87746,1.653333334,0.0,0.0,0.0,0.0,0.08,0.0,4.266666667
E87750,2.4,0.0,0.0,0.0,0.0,0.373333333,0.0,4.853333333
E87751,1.466666667,0.0,0.0,0.0,0.0,1.533333333,0.0,3.813333333
E87753,1.333333333,1.12,0.0,0.0,0.0,1.0,0.96,4.76
E87754,0.8,1.653333333,0.0,1.066666667,0.0,0.8,1.733333333,2.6
E87755,0.813363451,0.0,0.0,0.0,0.0,0.106666667,0.706666667,4.344105279
E87756,0.266666667,0.266666667,0.133333333,0.0,0.0,0.56,0.533333333,2.426666667
E87762,1.453333333,0.08,1.146666666,0.0,0.0,0.24,1.066666667,4.373333333
E87768,1.013333333,4.56,0.0,0.0,0.0,2.36,4.2,8.88
E87772,0.0,1.7664,0.0,0.0,0.0,2.0,0.4,4.0
F81001,7.4,0.0,0.0,6.080000001,0.0,2.306666667,0.933333333,12.46666667
F81003,2.133333333,0.773333333,0.0,0.0,0.0,0.6,0.4,5.946666667
F81004,2.88,0.872,0.0,2.773333333,0.0,3.4,5.266666667,18.09333333
F81006,1.213333333,0.0,0.0,0.0,0.0,1.306666667,0.64,5.546666667
F81007,2.013333333,3.76,0.0,4.8,0.0,5.693333333,5.106666667,22.32666667
F81009,2.7199999999999998,3.6472,0.0,2.56,0.0,2.666666667,3.666666667,10.85333333
F81010,1.48,1.16,0.0,0.0,0.0,3.013333333,4.36,14.30533333
F81011,2.133333333,0.0,0.0,0.0,0.0,0.0,1.16,10.24533333
F81012,4.506696784,0.933333333,0.0,4.8,0.0,2.96,2.386666667,10.90666667
F81013,5.76,0.0,0.0,0.64,0.0,2.613333333,0.0,11.72
F81014,0.0,3.78,0.0,0.0,0.0,3.706666667,1.293333333,14.37333333
F81015,0.8,4.08,0.0,0.853333333,0.0,3.426666667,6.733333333,19.06666667
F81017,0.853333333,1.8,0.0,0.0,0.0,3.786666667,6.546666667,11.64
F81019,4.64,0.0,0.0,0.0,0.0,8.146666667,3.066666667,25.82666667
F81020,3.426666666,1.506666667,0.0,1.066666667,0.0,2.853333333,8.88,12.95168235
F81021,3.466666667,2.533333333,0.0,1.92,0.0,4.0,1.573333333,14.58666667
F81022,6.106666667,2.506666667,0.0,0.64,0.0,5.946666667,11.54666667,17.62666667
F81023,3.28,3.253333333,0.0,1.0,0.0,2.613333333,3.426666667,14.36666667
F81025,1.973333334,2.322666667,0.0,0.0,0.0,2.093333333,0.533333333,11.14666667
F81026,0.0,3.736666667,0.0,0.0,0.0,1.826666667,3.48,15.98666667
F81027,4.533333333,2.0,0.0,5.333333333000001,0.0,4.293333333,6.3,23.65333333
F81028,1.986696784,0.0,0.382303741,0.0,0.0,2.333333333,1.186666667,7.64
F81029,0.853333333,0.746666667,0.626666667,0.0,0.0,0.853333333,0.8,9.746666667
F81030,6.493363451,0.0,0.0,1.066666667,0.0,1.646666667,6.346666667,17.56
F81031,1.0,0.0,0.0,0.0,0.0,0.8,0.0,8.773333333
F81032,0.0,0.0,0.933333333,0.0,0.0,1.28,0.0,4.36
F81034,2.053333333,1.9866666670000002,0.0,0.0,0.0,1.672623972,3.356823773,13.50211063
F81035,1.12,1.0,0.0,0.0,0.0,1.6,0.533333333,6.513333333
F81036,6.453333333,0.426666667,0.0,2.88,0.0,3.773333333,1.693333333,19.78666667
F81037,1.066666667,0.0,0.0,0.0,0.0,7.053333333,2.346666667,14.85333333
F81038,5.746666667,1.2,0.0,2.773333333,0.0,1.88,2.733333333,20.89333333
F81040,2.08,1.6,0.0,0.0,0.0,1.786666667,0.266666667,8.14
F81041,3.0,1.997333333,0.0,0.0,0.0,3.586666667,1.8,17.84
F81042,10.826666667,2.24,0.0,2.986666667,0.0,15.0,11.68,37.26666667
F81043,2.666666667,3.76,0.0,5.333333334,0.0,6.133333333,10.6,24.82666667
F81044,3.226666666,1.8888,0.0,1.066666667,0.0,4.64,4.2,10.36
F81045,0.266666667,0.933333333,0.28,0.0,0.0,0.0,0.0,3.12
F81046,1.933333333,0.6,0.373333333,0.0,0.0,0.16,0.933333333,5.8
F81047,2.6,2.306666667,0.0,4.4799999999999995,0.0,2.58,0.573333333,12.69333333
F81048,4.48,0.533333333,0.0,0.0,0.0,1.986666667,1.253333333,13.36
F81049,2.973333333,2.194666667,0.0,9.920000001,0.0,4.113333333,4.2,18.42666667
F81051,1.800030118,0.0,0.0,0.64,0.0,1.653333333,1.786666667,8.426666667
F81052,5.333333334,1.866666667,0.0,2.773333334,0.0,10.10666667,2.76,20.57333333
F81053,2.8333333329999997,1.4,0.36,0.0,0.0,3.093333333,4.52,14.8
F81055,7.066666667,0.0,0.0,0.0,0.0,2.56,0.8,11.62666667
F81056,4.906666667,0.64,0.0,3.84,0.0,2.56,0.693333333,12.05333333
F81057,5.066666667,1.6,0.0,5.973333333999999,0.0,2.64,1.450133333,12.51
F81060,2.2,0.0,0.0,0.0,0.0,1.24,0.666666667,5.242666667
F81061,3.186666667,0.96,0.0,2.133333333,0.0,2.293333333,0.0,9.786666667
F81062,1.306666667,1.44,0.64,0.0,0.0,1.146666667,0.693333333,4.213333333
F81065,1.480030118,0.0,0.0,0.0,0.0,0.266666667,0.0,3.266666667
F81066,3.333333333,0.08,0.0,2.9866666669999997,0.0,2.04,0.64,5.413333333
F81067,3.933333333,3.653333333,0.0,0.0,0.0,4.44,4.666666667,20.58
F81068,8.293333333,1.8,0.0,11.306666667,0.0,4.56,4.746666667,15.12
F81069,0.986666667,1.2,0.0,0.0,0.0,1.906666667,2.586666667,10.41333333
F81071,2.666666667,1.28,0.0,2.56,0.0,2.133333333,2.0,15.78666667
F81072,1.36,2.133333333,0.0,0.0,0.0,0.573333333,1.253333333,6.386666667
F81075,1.333333333,0.533333333,0.533333333,0.0,0.0,2.773333333,2.28,16.28
F81076,2.0,0.0,0.0,0.0,0.0,0.933333333,1.92,5.346666667
F81078,1.749333334,2.899466667,0.0,1.066666667,0.0,1.36,1.68,8.833333333
F81080,1.746666667,2.866666666,0.4,1.066666667,0.0,3.613333333,1.146666667,14.83333333
F81081,3.333333333,5.0,0.0,6.613333333,0.0,9.853333333,19.34666667,24.56
F81082,0.666666667,0.0,0.853333333,0.0,0.0,1.706666667,0.0,5.96
F81083,3.6,0.266666667,0.0,4.053333333,0.0,3.626666667,0.64,11.66
F81085,2.891466667,0.897866667,0.0,1.92,0.0,3.48,3.493333333,15.63544397
F81086,1.653333333,1.304,0.0,1.066666667,0.0,0.293333333,0.706666667,8.506666667
F81087,3.04,2.106666667,0.0,5.973333333,0.0,4.64,8.093333333,9.2
F81088,0.773333333,0.0,0.0,0.0,0.0,0.0,0.0,2.906666667
F81089,3.2,1.2,0.746666667,0.0,0.0,0.94,0.64,12.26666667
F81090,1.066666667,2.55656613,0.0,2.133333334,0.0,1.999312292,5.538610117,13.37168235
F81091,2.8,1.6,0.0,4.48,0.0,0.88,2.546666667,12.0
F81092,1.866666667,0.0,0.373333333,0.0,0.0,0.6,0.0,3.733333333
F81095,5.0,2.64,0.0,4.693333333,0.0,3.706666667,3.08,28.05333333
F81096,1.68,0.0,1.2,3.413333334,0.0,2.173333333,1.76,11.52
F81097,4.16,3.6,0.0,5.973333333,0.0,5.413333333,4.0,22.77333333
F81098,3.306666667,2.013333333,0.0,0.0,0.0,2.786666667,3.426666667,6.986666667
F81099,2.866666667,0.357333333,0.0,0.0,0.0,4.466666667,5.6,10.68
F81100,1.889066667,8.17832,0.0,0.853333333,0.0,4.466666667,15.40473659,34.27379298
F81101,1.0,1.426666667,0.346666667,0.0,0.0,0.746666667,0.56,5.893333333
F81102,1.493333333,0.0,0.0,0.0,0.0,1.48,1.253333333,6.0
F81104,0.666666667,1.533333333,0.0,0.0,0.0,0.213333333,0.0,1.306666667
F81105,5.333333334,5.566666667,0.226666667,2.773333333,0.0,6.012645625,11.21333333,24.70666667
F81106,3.0,0.56,0.0,2.453333334,0.0,0.666666667,3.333333333,10.89333333
F81108,6.242666667,4.282666667,0.0,2.773333333,0.0,4.059290639,2.4,19.58666667
F81110,0.75,1.426666667,2.68,0.0,0.0,3.506666667,3.533333333,14.84
F81112,3.0,1.04,0.0,4.373333333,0.0,2.72,1.84,13.04
F81113,4.746666667,0.437333333,0.0,1.066666667,0.0,3.306666667,0.72,11.29333333
F81114,6.933333333,3.2,0.0,1.706666667,0.0,1.986666667,1.493333333,10.76
F81115,7.893333333,7.733333333999999,0.0,5.546666667,0.0,9.74,8.986666667,37.71544397
F81116,2.56,2.106666667,0.0,1.92,0.0,5.026666667,6.313333334,16.94666667
F81117,0.0,3.586666667,0.0,0.0,0.0,1.0,0.573333333,6.586666667
F81118,2.773333333,5.48,0.0,3.413333334,0.0,1.253333333,4.413333333,14.30666667
F81119,5.8,0.0,0.0,2.133333334,0.0,2.253333333,4.453333333,11.75333333
F81120,4.506666667,0.72,0.0,4.053333333,0.0,3.653333333,1.6,16.76213333
F81121,0.84,0.0,0.835637075,3.4133333329999997,0.0,2.0,0.533333333,8.106666667
F81122,5.96,7.62,0.0,4.693333333,0.0,8.586666667,2.173333333,30.03333333
F81123,10.02666667,8.120000000000001,0.0,3.6399999999999997,0.0,2.88,6.88,24.35333333
F81125,5.333333334,1.933333333,0.0,2.56,0.0,1.6,5.92,22.77333333
F81126,2.6666666670000003,0.56,0.0,3.2,0.0,3.92,0.906666667,13.28692625
F81128,0.8,4.293333333,2.08,1.066666667,0.0,5.333333333,1.426666667,22.09333333
F81130,1.066666667,1.093333333,0.0,0.0,0.0,3.753333333,2.466666667,5.426666667
F81131,2.666666667,0.666666667,0.0,0.853333333,0.0,1.733333333,2.586666667,8.626666667
F81132,4.266666667,0.48,0.0,1.066666667,0.0,4.96,4.44,20.06666667
F81133,1.56,3.541333333,0.0,0.0,0.0,6.4,4.813333333,15.22666667
F81134,2.0,0.426666667,0.0,0.0,0.0,0.92,4.0,6.0
F81136,1.749333333,3.96,0.0,1.92,0.0,1.84,0.0,15.05333333
F81137,2.826666667,1.493333333,0.0,2.133333334,0.0,1.76,4.08,10.61003136
F81141,3.84,2.973333333,0.213333333,0.0,0.0,4.106666667,6.0,13.61333333
F81142,2.426666667,0.0,0.0,3.9466666669999997,0.0,1.626666667,0.0,9.226666667
F81144,5.493333334,3.48,0.24,4.053333332999999,0.0,7.04,5.48,21.06211063
F81147,1.12,1.706666667,0.026666667,0.0,0.0,0.0,0.32,7.676698029
F81149,3.0,3.28,0.0,0.64,0.0,1.733333333,5.213333333,11.18666667
F81150,1.2,0.712,0.0,0.0,0.0,4.132645625,0.8,3.013333333
F81152,2.48,3.613333333,0.0,4.266666666,0.0,3.44,0.426666667,10.85333333
F81153,5.373363451,0.0,0.0,2.773333334,0.0,2.933333333,5.506666667,11.78
F81155,1.16,0.0,0.0,0.0,0.0,0.8,0.666666667,5.066666667
F81156,2.56,1.2,0.0,0.0,0.0,6.013333333,2.653333333,16.42666667
F81158,1.066666667,0.0,0.0,0.0,0.0,0.186666667,1.053333333,5.026666667
F81159,1.666666666,0.0,0.0,0.0,0.0,2.413333333,0.6,9.041333333
F81163,1.92,0.426666667,0.0,0.0,0.0,1.226666667,1.96,6.38
F81164,2.853333333,0.0,0.706666667,0.0,0.0,2.472623972,0.613333333,8.76
F81165,1.333333333,0.0,0.0,0.0,0.0,1.28,0.0,1.333333333
F81169,3.8666666669999996,0.853333333,0.0,5.653333333000001,0.0,1.026666667,1.173333333,8.333333333
F81170,2.496,2.106666667,0.0,0.0,0.0,5.066666667,0.173333333,9.906666667
F81173,2.0,0.0,0.0,1.493333333,0.0,2.533333333,1.426666667,7.145015681
F81176,1.6800000000000002,0.0,0.08,0.0,0.0,0.986666667,0.0,3.866666667
F81177,1.306666667,0.0,0.266666667,0.0,0.0,0.168,0.093333333,4.16
F81181,2.0,1.066666667,1.266666667,3.6266666670000003,0.0,6.866666667,10.63333333,25.65333333
F81183,0.84,2.346666667,0.0,1.6,0.0,4.586666667,2.8,6.106666667
F81184,2.36,0.106666667,0.266666667,0.0,0.0,0.813333333,0.453333333,5.84
F81186,1.0,0.0,0.0,0.0,0.0,2.931270208,0.213333333,4.946666667
F81192,2.746666667,1.973333333,0.0,1.92,0.0,2.813333333,1.2,9.946666667
F81193,0.853333333,1.12,0.0,0.0,0.0,1.706666667,0.853333333,7.826666667
F81197,0.666666667,0.0,0.666666667,0.0,0.0,0.32,0.0,2.746666667
F81198,0.666666667,0.32,0.0,0.0,0.0,0.453333333,0.0,3.586666667
F81205,1.066666667,0.0,0.0,0.0,0.0,1.173333333,0.826666667,4.453333333
F81206,1.05,0.0,1.893333333,2.773333334,0.0,2.0,0.8,7.986666667
F81207,1.066666667,0.0,0.0,0.0,0.0,0.0,0.0,1.333333333
F81211,2.133333334,0.0,0.0,0.0,0.0,1.533333333,0.853333333,4.266666667
F81212,2.453333333,0.0,0.0,0.0,0.0,2.546666667,1.0,10.76
F81213,2.0,0.64,0.0,0.0,0.0,3.066666667,3.68,13.44
F81215,3.493333333,0.64,0.0,4.266666667,0.0,3.333333333,5.18,10.46
F81216,1.786666667,1.08,0.0,2.133333333,0.0,1.4,0.0,5.586666667
F81219,1.0,1.4373333329999998,0.0,1.706666667,0.0,1.6,0.0,5.68
F81221,0.0,1.0,0.0,0.0,0.0,1.906666667,1.0,5.493333333
F81222,0.933333333,0.0,1.901866667,0.0,0.0,0.0,0.426666667,3.253333333
F81223,1.9333333329999998,0.0,0.0,0.64,0.0,0.426666667,0.0,3.666666667
F81606,0.666666667,0.626666667,0.0,0.0,0.0,1.68,1.653333333,4.32
F81613,1.226666667,1.173333333,0.0,0.0,0.0,2.765957305,0.0,7.64
F81618,0.0,1.0,0.0,0.0,0.0,1.4,0.0,4.14
F81619,1.0,0.0,0.093333333,0.0,0.0,0.32,0.653333333,3.48
F81623,0.666666667,0.0,0.0,0.0,0.0,0.0,0.0,1.68
F81632,1.8,0.0,0.0,0.0,0.0,0.8,1.4,6.44
F81633,1.066666667,0.413333333,0.0,0.0,0.0,1.733333333,0.733333333,6.946666667
F81635,0.666666667,0.0,0.0,0.0,0.0,0.0,0.0,2.226666667
F81636,6.213333333,1.5,0.0,2.773333333,0.0,3.666666667,8.553333333,14.59333333
F81640,1.493333334,0.0,0.0,0.0,0.0,0.64,0.0,3.173333333
F81641,0.5,1.493333333,0.0,0.0,0.0,1.613333333,0.64,9.943333333
F81645,1.733333333,0.0,0.0,1.066666667,0.0,0.76,1.0,5.933333333
F81649,2.0,0.533333333,0.0,0.0,0.0,0.586666667,0.533333333,4.826666667
F81652,0.75,0.0,0.0,0.0,0.0,2.08,1.293333333,5.6
F81656,1.4,0.0,0.0,0.0,0.0,0.52,0.0,3.786666667
F81665,1.586666667,0.213333333,0.0,0.0,0.0,0.426666667,0.213333333,1.946666667
F81666,1.973333333,0.0,0.0,0.0,0.0,0.0,0.0,1.973333333
F81669,2.133333334,0.0,0.0,0.853333333,0.0,1.96,0.0,6.146666667
F81674,2.3333333329999997,0.0,0.56,0.0,0.0,1.6,0.853333333,1.52
F81675,0.0,1.754666667,0.0,0.0,0.0,0.0,0.4,10.13333333
F81679,2.0,0.0,0.0,1.066666667,0.0,2.306666667,0.8,9.426666667
F81681,0.0,5.776666667,0.666666667,0.0,0.0,11.14,5.973333333,26.2
F81683,3.04,0.0,0.0,0.0,0.0,2.0,3.653333333,8.613333333
F81690,1.2,0.533333333,0.0,0.0,0.0,1.36,0.8,7.053333333
F81695,0.0,0.0,0.0,0.0,0.0,0.0,0.0,0.0
F81696,0.533333333,0.0,0.0,0.0,0.0,0.266666667,0.0,2.826666667
F81697,1.0,0.0,0.0,0.0,0.0,0.0,1.0,2.64
F81700,1.226666667,0.0,0.0,0.0,0.0,0.8,0.64,5.013333333
F81704,1.066666667,0.0,0.0,0.0,0.0,0.533333333,0.0,2.266666667
F81707,1.76,0.0,0.0,0.0,0.0,1.373333333,0.133333333,6.333333333
F81708,1.333333333,0.853333333,1.413333333,0.0,0.0,1.493333333,2.973333333,11.8
F81711,1.6266666669999998,0.0,0.0,0.0,0.0,0.746666667,0.0,1.76
F81713,1.56,0.0,0.0,0.0,0.0,0.4,0.0,1.6
F81716,1.493333333,0.0,0.24,0.0,0.0,1.713333333,0.96,11.04
F81725,2.426666667,0.706666667,0.0,2.133333333,0.0,1.986666667,0.0,6.56
F81729,0.0,0.666666667,0.0,0.0,0.0,0.4,0.0,3.466666667
F81730,2.4,0.0,0.0,0.0,0.0,2.392623972,1.0,8.926666667
F81732,2.133333333,1.066666667,0.986666667,2.346666667,0.0,1.12,0.506666667,6.093333333
F81737,0.266666667,0.0,0.0,0.0,0.0,0.626666667,0.0,1.2
F81739,1.0,0.0,0.0,0.0,0.0,0.533333333,0.48,9.913333333
F81740,1.0,0.0,0.0,0.0,0.0,1.2,1.266666667,6.533333333
F81741,1.386666667,1.96,0.106666667,0.0,0.0,3.04,5.56,15.33333333
F81744,1.64,0.0,0.0,0.0,0.0,0.48,0.0,3.666666667
F81746,0.0,1.12,0.0,0.0,0.0,1.133333333,0.0,4.666666667
F81749,3.3333333329999997,0.0,4.355637074,2.133333334,0.0,0.8,1.32,9.866666667
F81751,1.333333333,0.0,0.0,0.0,0.0,1.266666667,1.720270098,7.48
F81757,2.4,0.458666667,0.0,0.0,0.0,2.253333333,1.626666667,8.693333333
F82001,3.493333334,0.506666667,0.506666667,0.0,0.0,1.0,0.0,4.706666667
F82002,2.026666667,1.146666667,0.426666667,2.666666667,0.0,1.4,0.826666667,7.706666667
F82003,0.984,0.8,0.0,0.0,0.0,1.32,0.693333333,6.771682348
F82005,1.666666667,3.729965043,0.64,2.346666667,0.0,1.0,1.533333333,5.633333333
F82006,1.066666667,4.8,0.0,0.0,0.0,2.613333333,0.8,9.426666666
F82007,4.5632,0.666666667,0.0,2.986666666,0.0,2.12,0.0,16.79333333
F82008,4.266666667,2.706666667,0.0,1.6,0.0,2.32,0.933333333,13.82
F82009,4.453333333,4.284266667,0.0,4.693333333,0.0,3.906666667,3.28,28.68
F82010,0.266666667,3.413333333,0.0,2.133333334,0.0,0.666666667,2.386666667,13.66666667
F82011,3.306666667,0.32,0.0,1.706666667,0.0,1.2,1.64,15.89333333
F82013,5.279999999999999,3.68,0.0,4.266666666,0.0,2.48,0.0,16.04
F82014,1.786666667,0.32,0.0,1.066666667,0.0,2.56,0.0,9.026666667
F82015,1.333333333,0.0,0.226666667,0.0,0.0,0.426666667,0.506666667,5.48
F82016,1.466666667,0.0,0.0,0.0,0.0,2.346666667,0.666666667,7.093333333
F82017,1.013333333,0.72,0.382303741,2.133333334,0.0,1.506666667,1.946666667,9.32
F82018,1.066666667,1.333333333,0.0,2.9866666669999997,0.0,1.666666667,0.88,9.653333333
F82019,3.2,0.0,0.0,0.0,0.0,1.106666667,0.0,7.746666667
F82021,2.533333333,0.0,0.0,0.0,0.0,1.266666667,0.213333333,15.52
F82022,3.52,1.666666667,0.0,4.053333333,0.0,3.173333333,0.293333333,18.95333333
F82023,1.453333333,0.0,0.0,0.0,0.0,0.133333333,0.0,3.491682348
F82025,1.0,0.8,0.0,0.0,0.0,0.666666667,0.0,4.426666667
F82027,1.4933333329999998,0.0,0.16,0.0,0.0,0.0,0.0,2.426666667
F82028,3.2,0.533333333,0.0,0.0,0.0,1.12,2.0,7.08
F82030,1.066666667,4.053333333,0.0,2.133333334,0.0,3.333333333,2.0,11.69333333
F82031,1.530666667,0.746666667,0.0,3.413333334,0.0,0.666666667,1.0,6.44
F82033,0.44,0.0,0.0,0.0,0.0,0.0,0.186666667,3.76
F82034,0.0,0.16,1.04,0.0,0.0,0.226666667,0.213333333,6.48
F82038,1.413333334,0.426666667,0.0,0.0,0.0,0.106666667,0.0,2.986666667
F82039,1.7333333340000001,0.0,0.0,0.0,0.0,0.48,0.0,4.866666667
F82040,0.0,1.533333333,0.0,0.0,0.0,0.426666667,1.4,6.426666667
F82042,2.4,1.04,0.266666667,0.0,0.0,2.893333333,0.4,13.02666667
F82045,0.266666667,0.0,0.0,0.0,0.0,0.373333333,0.0,3.52
F82051,0.64,2.56,0.0,3.2,0.0,0.48,4.33,11.06666667
F82055,1.413333333,1.84,0.0,1.066666667,0.0,1.466666667,0.0,8.873333333
F82604,2.2133634509999998,0.598283065,0.586666667,2.133333334,0.0,1.04,2.066666667,4.2
F82607,0.933333333,0.0,0.0,0.0,0.0,1.306666667,0.16,5.52
F82609,1.506666667,0.866666667,0.0,0.0,0.0,1.053333333,0.0,6.48
F82610,0.96,0.426666667,0.4,0.0,0.0,0.16,0.0,3.04
F82612,2.8,1.133333333,0.0,4.0533333339999995,0.0,0.0,0.533333333,9.625015681
F82619,1.333333333,0.0,0.0,0.0,0.0,0.0,0.0,4.773333333
F82624,0.266666667,0.0,0.0,0.0,0.0,2.333333333,0.533333333,3.931682348
F82625,0.533333333,1.111093333,0.0,1.066666667,0.0,0.533333333,0.906666667,4.72
F82627,0.0,0.0,0.0,0.0,0.0,0.0,1.586666667,5.0
F82630,2.0,0.0,0.0,0.0,0.0,1.266666667,0.12,6.12
F82634,0.0,0.653333333,0.0,0.0,0.0,1.0,0.0,7.013333333
F82638,4.0,0.0,0.0,0.0,0.0,0.56,0.0,4.573333333
F82642,1.733333333,1.936,0.0,2.9866666669999997,0.0,0.773333333,0.546666667,7.213333333
F82647,1.866666666,0.0,0.32,0.0,0.0,0.806666667,0.0,4.553333333
F82648,1.0,0.0,0.0,0.0,0.0,0.906666667,0.373333333,5.8
F82649,1.0,0.0,0.0,0.0,0.0,0.0,0.0,4.48
F82650,0.856541052,0.0,0.746666667,1.066666667,0.0,0.253333333,0.666666667,7.306666667
F82660,1.0,4.029333333,1.56,0.0,0.0,4.36,0.6,13.49333333
F82661,2.461333334,0.0,0.0,0.0,0.0,0.106666667,0.0,2.906666667
F82663,1.6,0.0,0.0,0.0,0.0,0.533333333,0.0,2.573333333
F82670,0.933333333,0.0,0.546666667,0.0,0.0,0.0,1.36,5.76
F82671,0.8,0.0,0.0,0.0,0.0,0.18,0.266666667,4.933333333
F82674,1.6,0.0,0.0,2.773333334,0.0,1.72,0.426666667,7.02
F82675,1.0,0.0,0.533333333,0.0,0.0,1.626666667,0.586666667,4.573333333
F82677,2.0,0.24,0.586666667,0.0,0.0,2.8,5.0,6.066666667
F82678,2.0,0.0,0.0,0.0,0.0,0.4,1.386666667,5.24
F82679,1.333333333,0.0,0.32,0.0,0.0,0.48,0.0,5.426666667
F82680,0.973333333,0.0,0.0,0.0,0.0,0.0,0.0,8.413333333
F82686,0.96,0.0,0.0,0.0,0.0,0.426666667,0.32,4.373333333
F83002,4.213333333,4.186666667,0.0,4.266666667,0.0,2.293333333,1.493333333,12.21333333
F83003,3.706666667,0.0,0.0,3.2,0.0,1.193333333,0.693333333,11.62
F83004,2.746666667,0.0,0.0,0.0,0.0,1.32,2.773333333,27.17968235
F83005,2.666666667,3.139466667,0.0,2.986666667,0.0,1.2,6.906666667,11.13333333
F83006,3.773333333,1.857066667,0.0,2.133333334,0.0,0.0,0.933333333,8.36
F83007,1.066666667,0.0,0.933333333,0.0,0.0,0.4,0.0,5.593333333
F83008,3.920060236,2.52,0.0,2.133333333,0.0,0.586666667,1.0,10.86666667
F83010,2.0,2.306666667,0.0,0.0,0.0,0.826666667,0.533333333,13.21333333
F83011,1.066666667,2.530666667,0.0,1.066666667,0.0,0.0,1.0,8.346666667
F83012,3.16,1.08,0.0,3.2,0.0,1.8,0.96,5.68
F83015,2.64,4.097866667,0.0,1.92,0.0,1.64,0.96,9.84
F83017,3.6,8.16,0.0,5.013333334,0.0,2.893333333,4.0,16.01333333
F83018,1.066666667,4.813333334,0.0,1.92,0.0,1.066666667,3.0,7.0
F83019,2.32,6.773333334,0.0,4.266666667,0.0,0.0,4.493333333,9.52
F83020,2.48,4.026666667,0.0,1.066666667,0.0,1.0,3.0,14.2
F83021,3.853333333,2.973333333,0.0,1.92,0.0,1.893333333,0.533333333,14.6
F83022,2.773333333,5.386666667,0.0,8.64,0.0,3.113333333,2.093333333,21.45168235
F83023,3.018666667,7.9456,0.666666667,5.973333333999999,0.0,4.413333333,9.333333333,28.16
F83032,4.586666667,2.573333333,0.0,4.0533333339999995,0.0,2.226666667,0.4,13.33333333
F83033,0.0,3.369066667,0.0,0.0,0.0,1.0,1.56,6.346666667
F83034,0.986666667,0.0,0.0,0.0,0.0,0.0,0.0,1.4
F83039,1.546666667,1.04,0.0,0.0,0.0,0.933333333,0.0,3.546666667
F83042,0.5,2.346666667,0.0,0.0,0.0,2.133333333,9.466666667,20.13333333
F83043,2.133333333,5.602666667,0.0,0.533333333,0.0,2.733333333,0.0,8.786666667
F83044,1.333333333,2.533333333,0.0,2.986666666,0.0,0.0,0.533333333,3.533333333
F83045,3.866666667,1.28,0.0,4.053333332999999,0.0,0.0,0.0,7.066666667
F83048,0.0,3.328949732,0.32,0.0,0.0,1.24,3.4,7.2
F83050,0.5,0.48,0.266666667,0.0,0.0,0.52,0.346666667,3.106666667
F83052,1.146666667,1.113333333,0.0,1.066666667,0.0,0.0,0.0,2.986666667
F83053,1.0,4.106666667,0.0,2.133333333,0.0,1.48,0.6,7.32
F83055,2.4,6.1333333329999995,0.0,4.8,0.0,1.666666667,5.54,12.02
F83056,0.0,3.622133333,1.813333333,0.0,0.0,2.0,3.4,7.706666667
F83057,1.666666667,2.253333333,0.0,4.906666667,0.0,0.426666667,0.0,7.693333333
F83058,0.933333333,3.421333333,0.666666667,3.2,0.0,0.6,1.0,7.72
F83059,2.666666667,9.110933334,0.0,6.4,0.0,1.853333333,16.4,18.29333333
F83060,0.0,1.984,0.0,0.0,0.0,0.0,1.390202116,8.12
F83061,2.0,1.891616398,0.0,1.706666667,0.0,0.453333333,0.0,2.666666667
F83063,4.986666667,1.626666667,0.0,3.306666667,0.0,2.626666667,3.093333333,7.92
F83064,0.8,4.506666667,0.0,1.493333333,0.0,0.8,1.546666667,7.746666667
F83615,1.173333333,1.213333333,0.0,0.0,0.0,0.64,0.0,0.586666667
F83623,2.8,6.264949732,0.0,4.906666666,0.0,2.0,3.733333333,12.4
F83624,2.760266667,5.554666667,0.0,5.333333334000001,0.0,3.4,1.693333333,17.93333333
F83632,0.64,1.32,0.0,2.133333334,0.0,0.853333333,0.48,3.306666667
F83633,0.5,1.173333333,0.0,0.0,0.0,0.0,0.0,2.066666667
F83635,0.0,1.7952,0.0,0.0,0.0,2.0,2.0,4.413333333
F83652,2.933333333,3.344,0.0,5.12,0.0,1.64,0.8,10.22666667
F83658,1.066666667,0.0,0.2,1.066666667,0.0,0.266666667,0.933333333,3.506666667
F83660,2.0,0.0,0.186666667,0.0,0.0,1.706666667,1.96,8.04
F83664,1.973333334,1.626666667,0.0,1.92,0.0,1.426666667,3.176868783,12.66666667
F83665,4.4,3.253333333,0.0,2.88,0.0,2.0,3.04,9.653333333
F83666,1.7733333329999998,1.654666667,0.0,3.2,0.0,0.64,1.72,7.546666667
F83671,1.0,0.24,0.0,0.0,0.0,1.2,1.293333333,2.2
F83672,2.066666667,2.44,0.0,2.133333334,0.0,0.32,1.0,7.6
F83673,1.952,0.525333333,0.0,0.0,0.0,0.96,0.88,3.413333333
F83674,1.973333333,0.0,2.682666667,0.0,0.0,1.84,3.813333333,9.24
F83678,2.4,0.0,0.0,1.066666667,0.0,0.713333333,0.0,2.613333333
F83680,1.066666667,0.666666667,0.0,0.0,0.0,0.0,0.0,4.693333333
F83681,2.666666667,1.426666667,0.0,1.066666667,0.0,0.426666667,1.56,8.12
F83683,0.0,0.64,0.0,0.0,0.0,1.0,2.0,5.52
F83686,0.933333333,0.0,0.0,0.0,0.0,0.773333333,0.8,5.986666667
F84003,2.829866667,7.136533334,0.0,4.0533333339999995,0.0,4.026666667,5.346666667,17.32
F84004,4.7466666669999995,0.0,0.0,2.133333333,0.0,1.0,2.493333333,21.56
F84006,3.2,1.173333333,0.0,0.0,0.0,1.386666667,2.2,11.97333333
F84008,3.2933333329999996,8.266666666999999,0.0,2.56,0.0,1.173333333,2.56,11.68
F84009,0.448,4.304,0.08,0.0,0.0,1.44,6.466666667,18.97333333
F84010,4.266666667,0.0,0.0,0.0,0.0,1.72,2.674933333,9.533333333
F84012,3.2,0.586666667,0.0,0.0,0.0,2.426666667,2.293333333,8.346666667
F84013,2.573333333,2.133333333,0.56,1.066666667,0.0,1.72,3.013333333,11.85333333
F84014,1.28,0.0,0.0,0.0,0.0,1.173333333,2.106666667,8.546666667
F84015,0.746666667,0.853333333,0.0,0.0,0.0,0.56,1.866666667,5.906666667
F84016,3.5552,1.0,0.0,0.0,0.0,2.4,6.4,12.48
F84017,2.4293333329999998,2.48,0.0,1.066666667,0.0,1.48,0.72,15.28
F84018,3.6,7.946666667000001,0.0,1.706666667,0.0,1.0,2.96,13.22666667
F84021,2.952,3.154666667,0.0,0.853333333,0.0,1.0,3.434666667,9.941333333
F84022,0.0,0.453333333,0.0,0.0,0.0,1.533333333,2.933333333,6.16
F84025,2.066666667,3.453333333,0.0,1.706666667,0.0,1.0,0.0,5.662110634
F84030,0.666666667,1.226666667,0.0,0.0,0.0,0.586666667,0.36,1.533333333
F84031,0.0,9.7992,0.0,2.0,0.0,4.64,9.633333333,21.48
F84033,3.857866667,6.7045333330000005,0.0,2.066666667,0.0,1.6,2.0,16.74666667
F84034,2.453333333,3.985333333,0.0,2.133333334,0.0,3.4,3.0,20.13866667
F84035,2.56,7.358283064999999,1.6,0.0,0.0,3.8,4.44,16.63834901
F84036,2.4,2.24,0.0,0.0,0.0,1.32,2.96,8.0
F84038,1.08,0.0,0.0,0.0,0.0,0.666666667,0.56,3.36
F84039,0.32,8.872266667,0.426666667,1.066666667,0.0,8.266666667,16.78666667,26.53333333
F84044,2.4453333329999998,0.437333333,0.0,1.066666667,0.0,0.0,1.386666667,6.12
F84047,2.133333334,0.0,0.0,0.0,0.0,1.506666667,1.0,8.546666667
F84050,0.933333333,0.0,2.226666667,0.0,0.0,1.773333333,3.52,17.38666667
F84051,4.866666667,0.0,0.0,1.066666667,0.0,0.533333333,2.64,13.74666667
F84052,1.96,2.4,0.16,1.066666667,0.0,1.92,10.57333333,13.50666667
F84053,1.066666666,0.426666667,0.4,0.0,0.0,1.089609913,1.04,8.026666667
F84054,2.026666667,1.211616398,0.0,1.706666667,0.0,0.0,2.026666667,15.0
F84055,2.133333333,0.0,0.0,0.0,0.0,0.0,0.266666667,3.386666667
F84060,1.6400000000000001,1.173333333,0.0,0.0,0.0,0.0,0.426666667,5.613333333
F84062,3.574666667,3.133333333,0.4,1.813333334,0.0,3.293333333,0.8,19.08666667
F84063,2.24,1.7776,2.9333333340000003,0.0,0.0,0.933333333,2.0,10.71669803
F84069,2.4496,3.6576,0.0,1.92,0.0,3.306666667,8.36,26.89333333
F84070,1.92,0.0,0.0,1.066666667,0.0,0.64,3.226666667,11.30666667
F84072,1.973333333,2.325333333,0.0,1.493333333,0.0,0.453333333,1.933333333,10.98666667
F84074,2.426666667,0.546666667,0.0,0.0,0.0,0.213333333,4.493333333,10.72
F84077,1.2,1.434666667,0.0,0.0,0.0,3.106666667,1.2,11.10666667
F84079,1.56,3.8112,0.0,2.133333334,0.0,1.2,2.973333333,9.146666667
F84080,2.12,0.8,0.16,0.0,0.0,1.066666667,2.6,9.453333333
F84081,4.0,2.184,0.0,0.0,0.0,1.96,0.213333333,10.768
F84083,3.933333333,0.765333333,1.066666667,1.066666667,0.0,1.546666667,1.232,8.666666667
F84086,0.64,0.0,0.0,0.0,0.0,0.8,2.853333333,5.693333333
F84087,3.0,1.84,0.0,0.0,0.0,2.213333333,2.386666667,12.42
F84088,0.8,2.213333333,1.0,1.0,0.0,0.0,3.133333333,4.773333333
F84092,1.2,1.737866666,1.133333333,0.0,0.0,0.453333333,3.426666667,10.16533333
F84093,4.0,5.504986667,0.0,1.706666667,0.0,3.96,2.4,20.13333333
F84096,3.093333333,5.426666667,0.0,1.706666666,0.0,2.889333333,6.413333333,21.12
F84097,4.266666667,1.210666667,0.0,4.373333333,0.0,1.133333333,0.533333333,9.742110634
F84105,1.066666667,0.0,2.56,1.066666667,0.0,2.16,2.466666667,8.066666667
F84111,2.226666667,1.978666667,0.0,2.88,0.0,1.0,1.8,12.50666667
F84114,1.813333333,0.0,0.0,0.0,0.0,1.0,2.36,4.093333333
F84115,3.706666667,2.853333333,0.0,2.773333334,0.0,0.986666667,2.506666667,4.68
F84117,3.556533333,2.1056,0.0,3.2000000010000003,0.0,0.733333333,3.0,8.893333333
F84118,4.133333334,1.253333333,0.0,2.56,0.0,2.533333333,4.0,11.84
F84119,3.106696784,2.798666667,0.0,4.693333333,0.0,1.68,4.0,15.64
F84121,0.426666667,4.682666667,1.749333333,4.0533333339999995,0.0,4.28,8.013333333,19.10666667
F84122,3.8,8.973333333,0.0,1.066666667,0.0,6.08,4.2,33.26666667
F84123,3.706666667,1.216,0.0,1.066666667,0.0,1.0,2.0,11.88
F84124,0.546666667,2.52,0.0,0.0,0.0,1.493333333,1.08,5.306666667
F84601,2.146666666,2.746666667,0.0,1.066666667,0.0,1.493333333,1.0,8.986666667
F84619,1.4,0.0,0.56,0.0,0.0,0.426666667,3.013333333,2.133333333
F84620,1.6,2.706666667,0.0,0.0,0.0,2.16,4.32,7.6
F84621,0.0,2.453333333,0.453333333,0.0,0.0,0.986666667,0.666666667,7.146666667
F84632,0.0,2.226666667,0.0,0.0,0.0,0.8,1.426666667,7.0
F84635,5.28,0.586666667,0.0,2.56,0.0,2.0,1.733333333,8.306666667
F84636,2.133333333,0.64,0.0,0.853333333,0.0,1.6,1.066666667,6.066666667
F84640,2.533333333,2.498666667,0.0,2.9866666669999997,0.0,1.653333333,2.853333333,7.666666667
F84641,1.066666667,0.32,0.106666667,0.0,0.0,0.426666667,0.133333333,3.306666667
F84642,0.0,1.408,1.733333333,0.0,0.0,0.64,2.950202116,8.466666667
F84647,0.0,1.493333333,0.0,0.0,0.0,1.0,0.0,11.15333333
F84656,0.56,1.666666667,0.0,1.066666667,0.0,2.653333333,0.266666667,8.773333333
F84658,1.6400000000000001,1.0,0.0,0.0,0.0,1.226666667,4.626666667,16.02666667
F84660,1.733333333,0.0,0.0,0.0,0.0,0.0,0.0,2.026666667
F84666,1.2533333340000001,0.0,0.0,0.0,0.0,0.213333333,0.0,7.693333334
F84668,0.96,0.533333333,0.0,0.0,0.0,0.56,0.72,4.32
F84669,1.525333333,1.28,0.0,1.92,0.0,1.0,2.8,4.48
F84670,2.133333334,0.4,0.226666667,0.853333333,0.0,0.0,6.413333333,4.333333333
F84672,0.133333333,1.573333333,0.0,0.0,0.0,0.24,3.2,11.2
F84677,1.6400000000000001,1.213333333,0.0,0.0,0.0,1.76,1.0,7.973333333
F84681,2.666666667,0.0,0.0,2.773333333,0.0,0.373333333,8.466666667,8.76
F84686,2.48,0.56,0.0,0.0,0.0,1.293333333,1.804736587,7.213333333
F84692,4.0,0.426666667,0.0,0.0,0.0,1.586666667,1.546666667,7.36
F84694,2.0,0.0,0.0,0.0,0.0,0.853333333,0.0,4.96
F84696,1.466666667,2.044266667,0.0,0.0,0.0,1.4,0.706666667,4.48
F84698,3.584,2.586666667,0.0,0.853333333,0.0,2.093333333,1.16,8.333333333
F84710,2.544,1.757333333,0.0,3.733333333,0.0,0.0,0.346666667,9.106666667
F84716,0.0,1.653333334,0.0,0.0,0.0,0.0,1.8,5.546666667
F84717,1.333333333,6.366283065,0.0,1.92,0.0,1.986666667,4.226666667,11.01333333
F84718,2.24,2.349333333,0.0,1.066666667,0.0,1.0,1.6,12.98666667
F84719,2.133333333,1.173333333,0.0,1.066666667,0.0,0.853333333,0.0,3.186666667
F84720,1.2,0.0,0.186666667,0.0,0.0,1.6,0.826666667,5.88
F84724,1.493333333,6.066666666,0.0,4.0533333339999995,0.0,3.706666667,6.8,15.90666667
F84729,1.786666667,0.0,0.0,0.0,0.0,0.24,4.166666667,4.74
F84730,1.713082103,0.0,1.36,0.0,0.0,1.28,1.12,7.986666667
F84731,1.6,0.0,0.0,0.0,0.0,0.0,0.266666667,3.186666667
F84733,0.0,1.477333333,0.0,0.0,0.0,1.0,0.666666667,5.986666667
F84735,3.3600000000000003,0.0,0.0,0.0,0.0,0.573333333,1.733333333,4.0
F84739,1.0,0.853333333,0.0,0.0,0.0,0.0,1.04,5.906666667
F84740,0.0,4.173333333,0.0,0.0,0.0,3.0,2.0,7.0
F84741,0.466666667,0.0,0.0,0.0,0.0,0.266666667,0.16,3.146666667
F84747,5.0,6.1,0.0,1.706666666,0.0,2.6,3.4,16.96
F84749,0.0,7.631466667,5.052533333,0.0,0.0,4.946666667,11.81333333,30.82
F85002,21.818787139999998,16.58666667,0.0,4.266666666,0.0,10.14666667,10.01333333,127.0211406
F85004,4.466666667,1.426666667,0.0,2.986666667,0.0,1.8,3.8,11.82666667
F85007,7.106666667,2.253333333,0.0,1.92,0.0,1.36,2.533333333,23.34
F85008,0.746666667,0.0,0.0,0.0,0.0,0.0,1.266666667,12.72666667
F85010,1.973333334,0.0,0.0,0.0,0.0,1.32,0.0,6.053333333
F85013,0.986666667,4.161333333,0.0,1.706666666,0.0,2.56,0.96,15.45333333
F85014,4.933333333,3.449333334,0.0,4.266666666,0.0,3.133333333,1.226666667,12.02666667
F85016,2.906666667,1.306666667,0.0,0.0,0.0,0.693333333,0.0,5.986666667
F85017,2.373333333,0.653333333,0.0,0.0,0.0,1.906666667,1.76,16.94666667
F85019,2.997333333,4.542133333,0.0,1.6,0.0,2.066666667,7.4,25.2864
F85020,1.813333333,0.5776,0.0,0.0,0.0,0.666666667,4.366666667,9.146666667
F85023,0.0,5.112266667,0.0,0.853333333,0.0,1.4,1.8,9.626666667
F85025,1.706666667,5.933333333,0.0,2.773333333,0.0,1.626666667,0.8,14.23544397
F85028,2.0,0.88,0.0,0.0,0.0,0.533333333,1.986666667,8.013333333
F85029,2.133333333,7.36,0.0,3.2000000010000003,0.0,0.933333333,5.0,13.64
F85030,4.098666667,1.552,0.0,2.133333333,0.0,3.493333333,0.0,17.82666667
F85031,2.133333334,0.8,0.0,0.0,0.0,0.613333333,7.68,9.066666667
F85032,4.266666667,0.0,0.0,0.0,0.0,1.266666667,0.533333333,9.093333333
F85033,2.883207719,5.055733333,0.0,4.906666667,0.0,1.32,0.933333333,11.92
F85034,2.0266666669999998,0.0,0.0,1.066666667,0.0,1.706666667,0.0,5.78
F85035,3.062666667,1.777333333,0.0,3.6266666670000003,0.0,1.466666667,0.426666667,6.460719229
F85039,0.44,2.291616398,0.0,0.0,0.0,0.64,0.306666667,7.933333333
F85044,2.0,2.0,0.0,2.0,0.0,1.013333333,1.64,7.173333333
F85046,2.813333333,0.0,0.213333333,0.0,0.0,0.426666667,3.0,8.466666667
F85058,1.706666666,1.213333333,0.0,0.0,0.0,1.746666667,0.0,6.36
F85060,1.013333333,0.944949732,1.173333333,0.0,0.0,0.666666667,1.573333333,7.68
F85061,1.293333333,0.0,0.52,0.0,0.0,0.0,0.24,5.146666667
F85063,1.733333333,5.856,1.0,8.64,0.0,1.573333333,1.013333333,12.94666667
F85064,1.066666667,0.96,0.0,2.133333334,0.0,0.96,0.0,5.573333333
F85065,1.2,0.853333333,0.0,0.0,0.0,0.72,0.133333333,3.973333333
F85066,2.9333333340000003,6.981866667,0.0,3.946666667,0.0,1.266666667,1.893333333,16.48
F85067,0.0,1.2,0.0,0.0,0.0,0.0,1.533333333,6.733333333
F85069,1.626666667,2.693333333,0.0,1.066666667,0.0,1.266666667,2.506666667,9.386666667
F85071,2.773333334,3.386666667,0.0,4.053333332999999,0.0,2.866666667,3.173333333,17.01333333
F85072,1.4,0.0,1.013333333,1.066666667,0.0,1.146666667,0.0,8.306666667
F85615,1.92,0.32,0.4,0.0,0.0,0.533333333,2.16,4.666666667
F85623,2.4,0.0,0.0,0.0,0.0,0.213333333,0.48,1.493333333
F85625,2.026666666,0.853333333,0.346666667,0.0,0.0,0.693333333,5.666666667,4.706666667
F85628,1.733333333,1.066666667,0.0,0.0,0.0,0.933333333,0.0,7.785015681
F85634,0.8,0.72,0.0,0.0,0.0,0.533333333,0.133333333,3.306666667
F85640,0.8,1.6,0.0,0.0,0.0,0.8,1.906666667,6.453333334
F85642,0.64,2.333333333,0.0,1.066666667,0.0,0.826666667,0.4,6.953333333
F85650,0.853333333,1.066666667,0.0,0.0,0.0,0.88,2.566666667,3.426666667
F85663,0.32,0.0,0.0,0.0,0.0,0.0,0.0,2.346666667
F85666,1.226666667,1.066666667,0.0,0.0,0.0,0.0,0.0,5.36
F85669,2.32,1.7600000000000002,0.0,2.133333334,0.0,0.213333333,6.24,19.33333333
F85675,1.6,0.0,0.0,0.0,0.0,0.586666667,0.0,6.4
F85676,1.066666667,0.0,0.24,0.0,0.0,1.466666667,3.6,5.653333333
F85678,0.133333333,1.24,0.0,0.0,0.0,0.08,0.0,4.293333333
F85682,0.0,0.777866667,1.110933333,0.0,0.0,0.506666667,0.0,3.8
F85687,1.706666667,1.32,0.0,0.0,0.0,0.746666667,1.16,8.6
F85688,1.28,4.953066667,0.0,0.0,0.0,1.12,1.386666667,9.48
F85697,0.8,0.08,0.0,0.0,0.0,0.0,1.933333333,0.8
F85700,3.84,0.0,1.013333333,0.0,0.0,0.0,0.32,3.173333333
F85701,2.666666667,2.026666667,0.0,0.0,0.0,0.0,5.42,11.56
F85705,0.0,1.110933333,0.0,0.0,0.0,0.72,1.493333333,15.32
F86001,2.0,0.76,0.0,0.0,0.0,1.066666667,0.0,10.86666667
F86004,4.266666667,0.0,0.0,1.066666667,0.0,2.066666667,0.0,5.04
F86005,1.397333333,0.874666667,0.0,2.133333334,0.0,1.04,0.0,11.66666667
F86006,0.96,0.0,0.0,0.0,0.0,1.013333333,0.0,11.56
F86007,4.24,1.546666667,0.0,1.493333333,0.0,1.546666667,1.493333333,13.51333333
F86008,2.8,0.0,0.0,0.0,0.0,0.56,1.24,14.63544397
F86009,2.133333334,0.8,0.0,0.0,0.0,0.64,0.746666667,4.813333333
F86010,1.693333333,0.933333333,0.0,0.0,0.0,3.693333333,2.506666667,14.15333333
F86011,2.0,0.0,0.24,0.0,0.0,1.0,0.64,9.613333333
F86012,4.026666667,0.0,0.0,1.066666667,0.0,0.8,0.8,10.49333333
F86013,0.64,1.36,0.0,0.0,0.0,0.746666667,2.613333333,4.931682348
F86018,3.413333333,0.32,0.0,3.2,0.0,0.0,2.546666667,4.466666667
F86020,1.733333333,1.350933333,0.0,1.92,0.0,0.64,1.453333333,4.44
F86022,5.0,0.0,0.0,1.92,0.0,0.426666667,2.133333333,9.733333333
F86023,2.32,2.464,0.0,2.346666667,0.0,1.12,0.266666667,8.509333333
F86025,1.786666666,4.690933333,0.0,1.706666667,0.0,1.52,0.4,6.64
F86026,0.0,1.48,0.0,0.0,0.0,0.746666667,2.56,5.853333333
F86028,0.986666667,0.933333333,0.533333333,0.0,0.0,1.386666667,2.84,6.173333333
F86030,3.0,1.133333333,0.56,3.2,0.0,1.106666667,0.0,7.893333333
F86032,3.2,2.4,0.0,3.626666666,0.0,1.546666667,0.0,7.846666667
F86034,0.853333333,0.64,0.0,0.0,0.0,0.32,0.0,6.266666667
F86036,3.0,2.933333333,0.0,2.133333334,0.0,3.32,0.88,13.86133333
F86038,0.64,2.453333333,0.0,1.6,0.0,1.76,0.8,6.08
F86040,1.066666667,0.066666667,0.0,0.0,0.0,0.346666667,0.0,2.373333334
F86042,1.0,0.0,1.573333333,0.0,0.0,0.533333333,0.8,6.286666667
F86044,1.626666667,1.133333333,0.0,0.0,0.0,1.533333333,5.0,10.6
F86045,0.693333333,0.08,0.0,0.0,0.0,0.2,0.0,2.333333333
F86057,2.229333333,0.0,0.0,4.800000000000001,0.0,0.0,2.653333333,6.733333333
F86058,1.386666667,3.306666667,0.0,0.0,0.0,0.906666667,4.066666667,15.49333333
F86060,1.6800000000000002,2.669333333,0.0,2.9866666669999997,0.0,0.96,5.0,18.20666667
F86062,3.2,0.0,0.0,1.706666667,0.0,0.0,0.533333333,9.28
F86064,1.333333333,0.4,0.0,2.133333334,0.0,0.0,0.0,3.32
F86066,0.37333333300000004,1.093333333,0.213333333,1.92,0.0,0.213333333,1.52,9.466666667
F86074,1.2,2.213333333,0.773333333,1.92,0.0,2.92,1.133333333,11.84
F86078,3.84,0.0,0.0,0.0,0.0,0.293333333,0.106666667,6.72
F86081,0.0,1.32,0.0,0.0,0.0,0.666666667,0.453333333,4.146666667
F86082,1.066666667,2.0933333330000004,0.453333333,1.6400000000000001,0.0,1.0,0.906666667,5.76
F86083,2.853333333,0.0,0.0,0.0,0.0,1.146666667,0.72,7.2
F86085,1.066666667,0.0,0.0,0.0,0.0,0.0,0.0,3.36
F86086,1.6,0.0,0.453333333,0.0,0.0,1.266666667,0.0,0.0
F86087,0.0,0.0,1.04,0.64,0.0,0.4,0.0,3.866666667
F86088,2.56,0.0,0.0,1.493333333,0.0,0.213333333,0.0,4.026666667
F86607,0.533333333,3.317866667,1.466666667,4.266666667,0.0,0.133333333,0.0,11.25333333
F86612,0.96,0.426666667,0.0,0.0,0.0,0.56,0.0,1.586666667
F86616,2.24,3.586666666,0.453333333,1.64,0.0,1.44,0.32,9.853333333
F86621,1.493333333,0.0,0.0,2.133333334,0.0,0.88,0.0,5.613333333
F86624,0.96,0.773333333,0.0,0.0,0.0,0.213333333,0.0,2.533333333
F86625,1.066666667,0.533333333,0.56,0.0,0.0,0.666666667,0.426666667,5.106666667
F86626,0.8,0.0,0.64,0.0,0.0,0.0,0.0,0.986666667
F86627,5.613333334,1.066666667,0.0,8.106666666999999,0.0,3.533333333,1.893333333,16.46
F86637,2.973333334,0.0,0.0,1.706666667,0.0,0.64,0.72,5.066666667
F86638,1.333333333,0.0,0.0,1.066666667,0.0,0.306666667,0.64,4.546666667
F86641,1.6,0.866666667,0.0,0.0,0.0,0.773333333,1.0,5.727126315
F86644,1.0,2.104,0.0,0.0,0.0,3.44,1.0,12.19333333
F86650,2.133333333,0.0,0.0,4.053333333,0.0,1.013333333,1.0,7.333333333
F86652,1.066666667,0.0,1.208970408,0.0,0.0,0.293333333,3.999993095,3.493333333
F86657,2.56,0.613333333,0.0,0.0,0.0,1.426666667,0.346666667,5.426666667
F86658,0.64,0.0,0.0,1.92,0.0,0.0,1.453333333,3.186666667
F86664,1.6,0.0,1.226666667,0.0,0.0,0.853333333,0.8,8.106666667
F86666,1.0,5.013333333,0.0,1.066666667,0.0,1.066666667,1.066666667,11.42666667
F86679,1.28,2.56,0.0,0.0,0.0,0.853333333,0.0,7.04
F86689,1.493333334,0.0,0.0,0.0,0.0,0.426666667,0.0,3.36
F86691,3.733333333,0.64,0.0,1.706666667,0.0,0.986666667,0.0,5.253333333
F86692,0.693333333,0.0,0.48,2.133333334,0.0,0.853333333,0.0,4.8
F86696,0.32,6.957333333,0.0,0.0,0.0,1.52,1.493333333,13.45333333
F86698,0.8400000000000001,0.0,0.382303741,0.0,0.0,0.973333333,0.133333333,9.706666667
F86700,1.333333333,0.0,0.0,0.0,0.0,0.2,0.0,3.28
F86701,0.426666667,0.64,0.0,0.0,0.0,0.586666667,0.426666667,4.853333333
F86702,1.44,0.213333333,0.0,0.0,0.0,0.266666667,0.4,5.88
F86703,0.96,0.16,0.16,0.0,0.0,0.106666667,0.0,3.2
F86705,1.066666667,0.746666667,0.0,0.0,0.0,0.186666667,0.24,2.64
F86707,3.106666667,0.0,0.0,0.0,0.0,0.533333333,0.533333333,1.466666667
F86708,0.426666667,0.0,0.0,0.0,0.0,0.426666667,0.0,5.173333333
F86712,1.92,0.0,0.0,0.0,0.0,0.4,0.24,3.413333333
F86731,0.0,1.76,0.746666666,1.066666667,0.0,0.666666667,1.066666667,6.866666667
G81001,3.013333333,1.443466667,0.0,0.0,0.0,3.053333333,3.653333333,14.2
G81002,2.266666667,0.0,0.0,0.0,0.0,1.68,3.849333333,10.57813333
G81003,5.153333333,4.906666667,0.0,5.8,0.0,1.76,4.96,26.77333333
G81004,2.8,0.546666666,0.0,0.0,0.0,3.62,2.96,17.54666667
G81006,2.266666667,1.906666667,0.0,1.6,0.0,2.066666667,0.9,10.57333333
G81008,5.186666667,1.44,0.0,0.0,0.0,5.053333333,5.36,17.53333333
G81011,1.999733333,7.289333334,0.0,0.0,0.0,4.955466667,5.493333333,22.61333333
G81012,0.746666667,1.984949732,0.0,0.0,0.0,1.386666667,1.76,10.62666667
G81014,2.026666667,2.093333333,0.0,0.853333333,0.0,1.346666667,1.266666667,6.66
G81016,4.312933333,3.486666667,0.0,0.853333333,0.0,4.36,9.954666667,7.066666667
G81017,2.9752,2.750133333,0.0,0.0,0.0,3.386666667,2.64,18.92613333
G81018,3.7136,0.88,0.0,0.0,0.0,2.693333333,2.266666667,12.42666667
G81019,3.662133333,1.874666667,0.0,1.066666667,0.0,2.72,0.933333333,15.32
G81021,11.38666667,7.573333333,0.8,4.48,0.0,7.32,5.653333333,37.12333333
G81022,3.6,2.954666667,1.166666667,0.0,0.0,5.826666667,8.893333333,30.76346667
G81023,3.1,1.2376,0.0,0.0,0.0,2.4,3.306666667,12.66666667
G81024,2.3088,4.336266667,0.0,2.133333333,0.0,1.493333333,3.933333333,9.24
G81028,2.0,1.574133333,0.666666667,0.0,0.0,6.48,1.933333333,12.17333333
G81029,6.1104,2.762666667,0.550133333,3.946666666,0.0,7.133333333,7.475593715,32.99333333
G81030,0.0,2.304266667,0.0,0.0,0.0,4.373333333,1.48,10.01333333
G81031,3.986666667,0.333333333,0.382303741,1.066666667,0.0,7.653333333,8.573333333,27.93834901
G81032,7.2,6.966666667,0.0,2.133333334,0.0,12.14666667,12.25333333,52.41866667
G81034,8.110666667,5.1333333329999995,0.0,1.066666667,0.0,8.4,9.026666667,31.26666667
G81036,2.536533333,0.64,0.0,0.0,0.0,1.76,1.293333333,11.88
G81037,1.613333333,2.352,0.0,0.533333333,0.0,2.826666667,5.8,11.4
G81038,7.700266667,1.938666667,0.0,1.066666667,0.0,4.826666667,1.44,27.07779298
G81039,9.625066667,1.843733333,0.0,4.053333333,0.0,4.826666667,10.44,49.17544397
G81040,0.6512,1.923733333,0.0,0.0,0.0,1.013333333,0.0,2.6
G81041,1.0,1.983466666,0.0,0.0,0.0,3.986666667,6.7688,21.73333333
G81042,4.0616,3.413333333,0.0,2.773333333,0.0,3.08,2.18,15.16
G81043,0.0,2.2168,0.0,0.0,0.0,1.28,0.746666667,5.053333333
G81044,0.64,2.357333333,0.0,0.0,0.0,0.96,1.2,6.666666667
G81046,3.950133333,3.5296000000000003,0.0,2.773333333,0.0,2.666666667,7.346666667,14.70666667
G81047,2.4,0.0,0.0,0.0,0.0,1.28,0.986666667,7.6
G81048,3.6,1.44,0.0,0.64,0.0,4.106666667,3.08,13.43333333
G81049,1.2,2.133333333,0.0,0.0,0.0,1.693333333,0.4,15.14
G81050,5.6664,7.7144,0.0,5.666666666999999,0.0,1.266666667,5.68,22.11866667
G81051,3.010133333,0.946666667,0.0,1.066666667,0.0,2.226666667,9.0568,12.12693333
G81052,1.8768,0.48,0.0,0.0,0.0,1.626666667,0.133333333,5.733333333
G81054,3.7792000000000003,1.672533333,0.0,0.0,0.0,1.74,0.933333333,9.666666667
G81055,3.670133333,1.466666667,0.0,1.066666667,0.0,2.4,2.653333333,13.6
G81057,1.786666667,1.342133333,0.0,0.0,0.0,1.72,1.186666667,15.08
G81059,2.053333333,0.693333333,0.0,0.0,0.0,3.64,4.76,21.37333333
G81061,0.0,1.218666667,0.0,0.0,0.0,2.76,3.373333333,12.50848235
G81065,1.110133333,3.556533333,0.0,0.0,0.0,4.446666667,0.186666667,14.14666667
G81070,5.6736,4.5144,1.48,1.92,0.0,7.186666667,6.48,34.4
G81071,3.0,1.52,0.0,0.0,0.0,6.013333333,0.4,7.96
G81073,3.1448,2.666666667,0.0,1.066666667,0.0,2.066666667,5.098666667,12.53333333
G81074,1.986666667,2.282666667,0.0,1.066666667,0.0,8.533333333,7.106666667,28.01333333
G81075,0.0,2.637333333,0.0,0.0,0.0,0.0,0.746666667,8.398349014
G81076,3.2368,2.32,0.0,0.0,0.0,2.626666667,3.44,15.1136
G81077,0.0,4.9936,1.0,1.706666667,0.0,5.133333333,12.17333333,30.6
G81082,2.1816,1.3432,0.0,0.0,0.0,2.0,0.12,11.67834901
G81083,0.0,3.6,0.0,0.0,0.0,1.08,2.013333333,7.693333333
G81085,1.110133333,0.0,0.506666667,0.0,0.0,1.026666667,2.8,5.266666667
G81086,0.933333333,1.733333333,0.0,0.0,0.0,1.946666667,2.386666667,9.333333333
G81087,3.12,0.352,0.0,1.706666667,0.0,1.146666667,7.386666667,8.653333334
G81088,7.120000000999999,4.576533333,0.0,1.066666667,0.0,4.133333333,10.82666667,29.66
G81089,1.0,0.0,0.08,0.0,0.0,0.613333333,0.0,3.653333333
G81095,1.2,4.9968,0.0,3.2,0.0,12.24844492,21.26172414,42.56666667
G81096,1.0,0.68,0.0,0.0,0.0,1.413333333,0.586666667,4.063364695
G81098,1.0,4.292533333,0.48,0.853333333,0.0,6.84,4.906666667,23.968
G81099,1.333333333,2.92,0.0,3.773333333,0.0,3.08,9.653333333,20.7
G81100,5.375,7.374933333,0.6248,2.986666667,0.0,9.032623972,11.36779686,23.90211063
G81102,2.8304,4.6072,0.0,0.853333333,0.0,3.746666667,23.7,26.34
G81104,6.72,2.545066667,0.0,0.0,0.0,4.753333333,4.52,15.48
G81613,0.0,0.973333333,0.0,0.0,0.0,0.906666667,0.533333333,7.585015681
G81614,2.0,0.5816,0.0,1.066666667,0.0,1.28,4.186666667,10.32
G81634,0.0,2.333333333,0.0,0.0,0.0,3.024,0.266666667,11.06666667
G81638,2.826933333,5.84,0.0,0.853333333,0.0,13.6,17.5968,59.98904397
G81641,1.0,0.0,0.0,0.0,0.0,1.426666667,0.106666667,3.36
G81646,0.386666667,0.533333333,0.0,0.0,0.0,0.925957305,0.24,6.484303707
G81656,1.381333333,1.28,0.0,2.56,0.0,1.093333333,1.2,5.76
G81658,1.28,0.0,0.16,0.0,0.0,7.413333333,9.373333333,28.08
G81663,0.0,2.590933333,0.0,0.0,0.0,2.803466667,1.853333333,5.12
G81669,1.066666667,0.0,0.0,0.0,0.0,0.853333333,1.333333333,5.326666667
G81689,0.0,3.945333333,0.0,0.0,0.0,3.546666667,2.366666667,10.73168235
G81694,0.0,1.52,0.0,0.0,0.0,0.266666667,0.506666667,5.253333333
G82002,1.0,2.8752,0.0,0.0,0.0,4.44,4.733333333,15.58666667
G82006,5.160266667,1.4,0.0,5.333333334,0.0,1.613333333,2.693333333,14.08
G82007,0.0,1.855466667,0.0,0.0,0.0,5.426666667,1.466666667,14.2632
G82013,5.689016784,0.96,0.0,0.533333333,0.0,2.973333333,2.42,18.00666667
G82014,3.383733333,6.733398927,0.0,5.546666667,0.0,3.893333333,10.85333333,29.57013333
G82015,2.900533333,0.0,0.0,0.0,0.0,5.626666667,0.426666667,10.92
G82016,2.366666667,3.013333333,0.0,1.066666667,0.0,1.986666667,2.893333333,13.36
G82018,0.8,1.4,0.0,0.0,0.0,2.24,1.773333333,6.2
G82019,3.3048,1.755733333,0.0,1.066666667,0.0,4.106666667,3.973333333,17.89333333
G82020,3.066666667,2.693333333,0.0,1.493333333,0.0,5.48,9.84,13.78
G82021,3.693333333,2.093333333,0.0,0.0,0.0,5.08,1.973333333,23.64
G82022,2.2,2.293333334,0.0,1.066666667,0.0,1.346666667,2.386666667,12.54
G82023,1.0,1.0,0.0,0.0,0.0,1.0,1.306666667,12.78666667
G82024,1.230133333,4.706666667,0.0,1.066666667,0.0,7.947466667,9.453333334,34.91333333
G82025,5.223733333,3.74,0.426666667,2.986666667,0.0,3.773333333,2.482666667,20.12666667
G82026,1.655466667,1.093333333,0.0,0.0,0.0,2.186666667,2.533333333,10.34501568
G82027,5.487733333,2.772,0.0,1.92,0.0,3.493333333,21.25333333,25.42666667
G82028,2.0,5.3191999999999995,0.0,1.066666667,0.0,2.466666667,4.16,25.51333333
G82031,1.110133333,2.808,0.0,2.9866666669999997,0.0,1.470133333,2.64,19.10666667
G82032,2.4000000000000004,1.626666667,0.4,2.986666666,0.0,2.72,2.426666667,18.10666667
G82035,2.4504,0.0,0.0,0.0,0.0,2.6,2.693333333,14.30666667
G82036,3.577066667,2.346666667,0.0,1.066666667,0.0,3.253333333,2.253333333,15.65333333
G82037,8.113333333,0.533333333,0.0,2.986666666,0.0,3.693333333,1.173333333,21.22533333
G82038,3.0933333330000004,1.866666667,0.0,3.2000000010000003,0.0,3.04,6.186666667,20.24
G82039,3.663466667,5.003466666,0.0,4.266666666,0.0,6.7368,14.0102855,29.95088793
G82041,3.980266667,3.003733333,0.0,1.066666667,0.0,3.106666667,0.973333333,17.04666667
G82042,2.613333333,3.201099464,0.0,1.92,0.0,3.12,2.034666667,19.60266667
G82044,0.0,8.16,0.0,1.066666667,0.0,4.52,3.066666667,27.93834901
G82046,1.12,0.48,0.0,0.0,0.0,1.386666667,1.258666667,6.24
G82048,1.780266667,0.88,0.0,1.066666667,0.0,1.48,0.56,6.533333333
G82050,3.2,5.48,0.0,0.0,0.0,3.32,6.013333333,35.69333333
G82051,2.0568,1.426666667,0.0,5.333333334,0.0,3.666666667,3.266666667,12.96
G82052,1.986666667,1.866666667,0.0,0.0,0.0,6.786666667,7.6,19.22666667
G82053,0.78,1.85648,0.0,1.066666667,0.0,3.453333333,4.52,9.04
G82055,3.56,0.96,0.0,0.0,0.0,2.826666667,8.346936765,15.18006272
G82056,2.666666667,1.413333333,0.0,2.133333333,0.0,1.106666667,1.333333333,10.78
G82057,3.733333333,0.0,0.0,2.133333333,0.0,4.16,2.106666667,9.8
G82058,1.066666667,0.56,0.0,1.706666667,0.0,1.466666667,6.12,9.52
G82059,7.333333334,1.826666667,0.0,1.92,0.0,3.273333333,1.946666667,25.088
G82060,5.000266667,5.7512,0.0,2.133333334,0.0,5.906666667,5.44,34.548
G82062,0.2496,0.0,0.0,0.0,0.0,0.0,0.25,5.753333333
G82063,2.08,3.62,0.0,1.066666667,0.0,5.106666667,2.186666667,19.72666667
G82064,0.0,2.4,0.0,0.0,0.0,3.44,6.08,18.51544397
G82066,4.733333333,3.2,0.0,1.0,0.0,5.666666667,10.86666667,23.78666667
G82067,1.0,1.12,0.0,0.0,0.0,1.84,6.2,8.186666666
G82069,1.9288,1.333333333,0.0,0.0,0.0,3.733333333,2.253333333,13.66666667
G82071,19.62773333,3.6,0.0,2.133333334,0.0,42.27787192,43.8904466,99.34666667
G82073,3.563496784,1.078283065,0.0,4.266666667,0.0,2.32,5.773333333,11.85333333
G82074,3.6,2.8,0.0,2.133333334,0.0,4.146666667,9.683466667,15.4936
G82076,3.84,0.906666667,0.0,0.0,0.0,1.693333333,1.093333333,14.16
G82077,2.0,1.0,0.346666667,2.133333333,0.0,4.333333333,8.84,14.7487773
G82079,3.670133333,0.890133333,0.0,0.0,0.0,4.333333333,3.0,16.0
G82080,4.7848,4.973333333,0.76,2.666666666,0.0,10.93333333,14.08,51.72
G82082,4.317066667,6.125333333,0.0,4.0533333339999995,0.0,3.893333333,2.786666667,12.45333333
G82083,4.994133333,2.472533333,1.333333333,1.066666667,0.0,2.973333333,5.093333334,21.25168235
G82085,4.780266667,1.033333333,0.0,4.8,0.0,2.293333333,2.76,14.85333333
G82086,3.34,0.0,0.0,2.133333334,0.0,3.226666667,1.506666667,14.70666667
G82087,3.2168,5.721333334,0.0,0.853333333,0.0,6.106666667,5.04,24.47706667
G82089,3.626726902,1.706666667,0.0,0.0,0.0,1.64,1.811403254,12.76
G82090,6.583866667,2.963466667,0.0,2.88,0.0,5.826666667,5.333333333,36.28211063
G82091,2.0,0.64,0.0,1.493333333,0.0,4.386666667,1.0,13.02666667
G82092,3.446666667,1.203466666,0.0,1.706666667,0.0,2.213333333,1.226666667,12.056
G82093,5.1864,1.613333333,0.0,2.9866666669999997,0.0,3.386666667,4.253333333,19.91466667
G82094,2.886933333,5.146666667,0.0,2.133333333,0.0,3.903333333,2.546666667,14.26666667
G82095,2.08,2.090666667,0.0,5.12,0.0,1.173333333,8.873333333,25.93333333
G82097,4.72,0.44,0.0,0.0,0.0,2.186666667,6.093333333,17.69333333
G82098,1.6,0.661066667,0.0,2.133333334,0.0,0.84,4.318933333,14.37493333
G82099,0.81,3.958933333,0.0,2.346666666,0.0,8.333333333,8.866666667,33.34
G82100,3.243466667,3.848533333,0.0,4.48,0.0,2.533333333,6.12,23.81333333
G82105,3.4,4.937866667,0.0,1.066666667,0.0,11.69333333,11.49333333,42.33891063
G82106,0.613333333,2.173333333,0.0,0.64,0.0,0.906666667,4.426666667,4.36
G82107,3.783466667,0.48,0.0,2.133333334,0.0,4.626666667,10.31384177,11.44363695
G82108,1.690133333,0.0,0.0,0.0,0.0,1.2,0.8,7.034666667
G82110,1.5,0.598283065,0.64,0.0,0.0,1.219290639,0.926666667,6.573333333
G82111,4.0176,0.0,0.0,0.0,0.0,4.066666667,2.8,12.98666667
G82113,0.2496,1.333333333,0.0,0.0,0.0,1.0,3.05,11.98
G82114,3.3392,2.52,0.0,3.6266666670000003,0.0,7.6,8.8,24.36
G82115,4.9336,0.0,0.0,1.92,0.0,2.266666667,2.373333333,13.92
G82117,2.220266667,0.0,0.0,0.0,0.0,1.4,4.76,17.11333333
G82118,3.16,0.0,0.0,2.133333334,0.0,2.186666667,0.973333333,13.72
G82119,2.669066667,6.892,0.24,3.2,0.0,7.173333333,4.786666667,32.31834901
G82120,7.34,1.0968,0.0,1.386666667,0.0,3.013333333,10.77002667,25.28
G82121,6.666666667,0.0,0.0,4.266666667,0.0,3.693333333,1.466666667,11.82666667
G82122,5.846666667,5.993333333,0.0,4.266666667,0.0,3.76,16.2,45.77333333
G82125,5.006933333,0.8,0.0,0.0,0.0,1.133333333,1.86,13.18666667
G82126,0.0,8.500133333,0.0,0.853333333,0.0,7.666666667,9.92,26.09333333
G82129,2.026666667,0.0,0.0,0.0,0.0,1.493333333,1.466666667,4.28
G82135,3.8,1.706666667,0.0,1.066666667,0.0,3.0,3.0,22.02666667
G82137,1.340266667,3.266666667,0.0,1.066666667,0.0,0.733333333,2.92,14.38666667
G82138,1.8752,0.586666667,0.0,0.0,0.0,0.853333333,1.666666667,10.94026667
G82139,0.0,1.450666667,0.0,0.0,0.0,0.8,3.546666667,6.626666667
G82140,3.498666667,1.536,0.0,3.2,0.0,5.878223972,1.513333333,16.2616
G82141,2.4,2.133333333,0.0,0.0,0.0,0.8,3.36,12.368
G82142,2.333333333,4.257899463,0.670133333,3.2,0.0,1.493333333,4.98,12.53077195
G82143,2.328,0.64,0.0,0.0,0.0,0.92,0.64,6.133333333
G82147,1.0,0.750133333,0.0,0.0,0.0,2.653333333,2.48,8.893333333
G82150,0.0,0.426666667,0.0,0.0,0.0,1.44,2.226666667,9.093333333
G82152,1.0,2.693333333,0.0,1.066666667,0.0,1.04,2.173333333,6.870666667
G82154,2.0,0.0,0.0,0.0,0.0,1.226666667,1.84,5.48
G82155,3.24,0.213333333,0.0,0.0,0.0,0.853333333,0.986666667,8.786666667
G82158,1.6,1.235466667,0.0,0.0,0.0,0.76,0.68,6.4
G82160,2.0568,1.64,0.0,2.133333334,0.0,7.973333333,5.866666667,25.56
G82161,3.470133333,6.0088,0.64,1.066666667,0.0,10.54597896,17.10666667,43.34
G82162,1.066666667,0.0,0.8,0.0,0.0,2.933333333,1.6,6.533333333
G82164,0.833333333,1.883616398,0.0,3.733333333,0.0,3.573333333,1.706666667,12.74501568
G82165,3.020266667,0.840266667,0.0,2.88,0.0,2.56,3.813333333,11.84
G82170,0.610933333,1.985066667,0.0,0.0,0.0,0.506666667,0.0,7.2
G82180,1.0,0.64,0.0,0.0,0.0,3.063466667,1.466666667,5.982110634
G82184,1.0,0.0,0.0,0.0,0.0,0.266666667,0.32,2.706666667
G82185,1.5568,1.695466667,1.213333333,1.066666667,0.0,1.653333333,0.92,6.353333333
G82186,4.125066667,1.051733333,0.0,0.853333333,0.0,2.386666667,6.92,8.826666667
G82200,1.450133333,2.214133333,0.0,0.0,0.0,1.493333333,4.920266667,8.626666667
G82203,2.133333333,0.96,0.0,0.0,0.0,2.306666667,0.8,11.30666667
G82205,2.406933333,0.0,0.0,0.0,0.0,1.453333333,0.68,7.7
G82211,0.890133333,2.28,0.0,3.413333334,0.0,4.08,0.613333333,8.853333333
G82212,0.8946666670000001,0.315733333,0.0,0.0,0.0,1.386666667,2.430133333,9.64
G82215,1.6,1.050666667,0.0,0.64,0.0,1.413333333,4.84,7.94
G82217,0.0,0.706666667,0.0,0.0,0.0,0.0,0.0,3.6
G82218,3.013333334,1.104,0.0,0.0,0.0,2.28,10.54693676,19.01333333
G82219,1.12,0.0,0.0,0.0,0.0,1.16,0.6,7.893333333
G82224,1.0,0.426666667,0.0,0.0,0.0,0.8,0.0,3.573333333
G82226,0.746666667,1.578283065,0.0,0.0,0.0,0.373333333,0.106666667,5.6168
G82227,2.000533333,0.506666667,0.0,0.64,0.0,2.8656,4.1,6.784
G82228,2.733333333,6.971616398,0.0,2.9866666669999997,0.0,9.964538582,4.506666667,36.88422127
G82229,0.5,0.746666667,0.0,0.0,0.0,2.306666667,2.72,14.19333333
G82231,1.139733333,0.64,0.0,0.0,0.0,0.32,2.05,6.5
G82232,0.889066667,1.213333333,1.424533333,1.066666667,0.0,4.893333333,2.0,11.36
G82233,0.2496,1.685333333,0.0,0.0,0.0,0.0,7.356666667,4.82
G82234,0.890133333,0.773333333,0.0,1.066666667,0.0,1.973333333,5.746666667,5.693333333
G82235,1.72,0.453333333,0.0,0.0,0.0,0.0,1.6,5.44
G82600,1.0,0.0,0.106666667,0.0,0.0,0.133333333,0.0,1.68
G82604,2.453333333,2.106666667,0.426666667,1.066666667,0.0,3.4,5.146666667,16.12
G82631,2.0,0.0,0.0,2.133333333,0.0,0.906666667,1.04,4.253333333
G82634,0.0,3.130133333,0.0,3.2,0.0,1.653333333,2.573333333,12.50666667
G82635,1.026666667,0.0,0.0,0.0,0.0,0.346666667,0.0,3.093333333
G82641,1.0,0.893333333,0.0,0.0,0.0,1.826666667,1.546666667,9.0
G82647,2.026666667,7.186666667,0.0,2.133333334,0.0,5.76,2.52,18.64
G82648,0.986666667,0.0,0.0,0.0,0.0,0.0,0.92,2.92
G82650,2.133333333,0.0,0.0,0.0,0.0,2.573333333,4.12,13.57333333
G82652,1.066666667,0.853333333,0.0,0.0,0.0,0.64,0.0,2.846666667
G82653,0.0,1.133333333,0.0,0.0,0.0,0.733333333,1.533333333,8.333333333
G82658,1.560266667,0.506666667,0.0,0.0,0.0,0.0,2.36,14.12
G82665,0.0,1.562133333,0.0,0.0,0.0,3.5,1.466666667,14.11306667
G82666,0.0,3.0168,0.0,1.066666667,0.0,7.48,9.36,17.69333333
G82679,2.0,0.0,0.0,0.0,0.0,0.4,0.0,5.853333333
G82681,0.0,2.538666667,0.0,0.0,0.0,1.546666667,1.866666667,9.16
G82682,0.986666667,0.0,0.72,1.066666667,0.0,2.213333333,1.893333333,11.81333333
G82684,2.860266667,0.0,0.0,0.0,0.0,0.853333333,1.96,5.126666667
G82687,2.0,0.871466667,0.906666667,1.066666667,0.0,3.76,2.653333333,13.01333333
G82691,1.2,0.933333333,0.0,0.0,0.0,1.44,1.253333333,6.853333333
G82693,3.093333333,2.968,0.0,0.853333333,0.0,4.493333333,4.36,26.94666667
G82696,1.100266667,0.133333333,0.0,0.0,0.0,1.533333333,1.0,4.933333333
G82697,0.533333333,0.6,0.0,0.0,0.0,1.013333333,1.8,4.953333333
G82698,0.96,0.0,0.0,0.0,0.0,0.48,0.2,4.16
G82700,4.053333333,0.0,0.8,0.0,0.0,2.6,6.16,18.02666667
G82702,1.173333333,0.566666667,0.0,0.0,0.0,0.453333333,0.0,6.6
G82708,0.2496,0.0,0.0,0.0,0.0,0.0,0.436666667,6.473333333
G82711,0.6333333329999999,1.173333333,0.0,1.6,0.0,0.44,0.0,5.44
G82719,1.0,1.0,0.0,0.0,0.0,1.333333333,3.146666667,20.86693333
G82721,1.0,0.0,0.0,0.0,0.0,1.013333333,1.2,3.186666667
G82729,2.2224,0.0,0.0,0.0,0.0,2.746666667,2.6,5.52
G82730,4.0,3.284533333,0.0,3.2,0.0,3.4,2.666666667,11.28
G82733,0.92,0.76,0.0,0.0,0.0,0.64,3.338069921,4.550666667
G82737,2.066666667,0.0,0.48,0.0,0.0,1.786666667,2.226666667,9.293333333
G82741,0.0,3.512,0.0,0.0,0.0,11.29333333,17.10666667,35.77333333
G82744,0.676666667,6.650666667,0.48,0.0,0.0,7.266666667,11.57333333,38.58
G82753,0.2496,0.0,0.0,0.0,0.0,0.0,2.823333333,13.35333333
G82754,1.696,0.0,0.0,0.0,0.0,1.04,0.0,4.213333333
G82763,0.96,0.0,0.0,0.0,0.0,0.0,1.04,3.046666667
G82768,2.950163451,1.421333333,0.0,0.0,0.0,3.757333333,0.0,12.60621591
G82780,6.5600000000000005,0.64,0.0,2.773333333,0.0,3.92,2.213333333,18.35333333
G82790,1.0,0.0,0.0,0.0,0.0,0.84,1.653333333,9.093333333
G82796,2.3288,1.066666667,0.110133333,0.0,0.0,0.8,4.853333333,8.6
G82799,1.973333333,0.0,0.8,0.0,0.0,2.745978958,2.546666667,10.38666667
G82802,1.0,2.0,0.0,0.746666667,0.0,1.0,0.746666667,8.68
G82808,2.0,0.110133333,0.0,0.0,0.0,2.866666667,0.8,9.36
G82809,6.0,1.6,0.0,5.653333334,0.0,2.529866667,10.6,20.50666667
G82888,0.8,0.426666667,0.0,0.0,0.0,1.32,1.353333333,5.826666667
G83001,3.499946667,3.173333333,0.0,3.2,0.0,2.8,1.026666667,15.296
G83002,2.8,2.933333333,0.0,1.066666667,0.0,1.786666667,3.36,13.64
G83004,2.64,3.066666667,0.0,2.56,0.0,2.88,2.96,18.21333333
G83006,3.333333333,3.5,0.0,4.373333333,0.0,3.426666667,5.146666667,18.54666667
G83009,3.1333333339999996,3.206666667,0.373333333,2.0,0.0,3.746666667,1.773333333,19.53333333
G83010,2.973333333,3.666666667,0.0,1.066666667,0.0,2.16,1.72,17.23333333
G83012,3.68,0.133333333,0.0,4.906666667,0.0,2.24,1.92,7.346666667
G83013,2.4,1.173333333,0.0,2.133333334,0.0,1.253333333,2.346666667,5.76
G83015,1.6,0.0,0.0,0.0,0.0,1.04,0.64,5.08
G83016,0.64,1.653333333,0.0,1.066666667,0.0,1.293333333,1.0,9.64
G83018,4.8,3.28,0.0,2.133333333,0.0,5.026666667,3.72,15.17333333
G83019,4.64,0.0,0.186666667,0.0,0.0,2.68,1.946666667,25.832
G83021,2.588,7.011616398,0.0,2.133333334,0.0,3.786666667,2.506666667,15.13866667
G83024,1.0,1.066666667,0.0,1.066666667,0.0,0.506666667,0.4,3.906666667
G83025,2.24,0.64,0.0,3.2,0.0,1.813333333,2.56,18.46
G83026,2.0,1.0,0.0,2.133333334,0.0,1.2,0.853333333,6.76
G83027,4.34,3.884453334,0.0,5.76,0.0,1.333333333,4.4,24.23333333
G83028,1.0,4.266666667,0.0,1.066666667,0.0,5.666666667,4.493333333,17.22666667
G83029,2.0,1.0,0.0,4.266666667,0.0,1.4,0.0,8.12
G83030,3.36,0.0,0.0,2.773333334,0.0,0.8,0.0,5.933333333
G83031,2.213333333,2.066666667,0.0,0.853333333,0.0,0.826666667,0.0,9.786666667
G83033,0.746666667,0.64,0.0,0.0,0.0,0.746666667,1.04,6.74
G83039,3.626666667,0.88,0.213333333,1.92,0.0,2.666666667,0.96,8.726666667
G83044,3.846666667,2.506666667,0.0,2.773333334,0.0,2.373333333,1.8,10.78666667
G83046,0.213333334,1.386666667,0.0,0.0,0.0,2.426666667,3.0,8.413333333
G83047,2.853333333,0.598283065,0.0,0.0,0.0,0.8,0.8,13.61333333
G83049,3.226666667,1.36,0.0,5.76,0.0,3.52,1.36,19.04
G83052,1.893333333,3.44,0.0,2.6666666670000003,0.0,4.893333333,8.333333334,14.37333333
G83053,2.0,6.210666667,0.0,1.066666667,0.0,2.32,11.30666667,20.09333333
G83057,2.68,2.8933333340000003,0.0,3.520000001,0.0,3.08,0.0,12.81333333
G83058,0.933333333,1.413333333,0.0,0.0,0.0,0.933333333,0.24,4.306666667
G83060,1.12,0.426666667,0.0,0.0,0.0,1.706666667,0.0,5.88
G83062,2.72,0.8,0.0,2.133333334,0.0,1.0,0.986666667,12.62666667
G83065,1.92,6.28,0.64,2.066666667,0.0,1.12,0.506666667,10.57333333
G83066,3.8000000000000003,2.48,2.586666667,0.0,0.0,5.466666667,2.76,37.13333333
G83067,4.3,11.60206667,0.0,0.0,0.0,4.866666667,0.933333333,27.88
G83628,1.8,0.0,1.28,0.0,0.0,0.4,0.0,7.826666667
G83630,1.493333333,0.64,0.0,0.0,0.0,2.813333333,2.173333333,14.50666667
G83631,0.8,0.0,0.0,0.0,0.0,1.0,0.64,5.653333334
G83633,0.2496,0.0,0.0,0.0,0.0,0.0,0.25,6.673333333
G83635,0.666666667,0.0,0.386666667,0.0,0.0,0.226666667,0.0,4.893333333
G83641,1.066666667,0.0,1.306666667,0.0,0.0,1.306666667,0.0,5.0
G83642,0.986666667,1.333333333,0.0,0.0,0.0,2.626666667,6.0,13.08
G83647,2.533333334,0.0,0.186666667,1.066666667,0.0,0.8,0.8,7.82
G83651,2.32,1.666666667,0.0,0.0,0.0,0.2,1.631403254,4.853333333
G83654,1.866666667,0.0,0.0,0.0,0.0,0.68,0.0,4.213333333
G83673,2.3733333329999997,0.0,0.0,0.0,0.0,0.8,1.0,3.866666667
G83680,2.346666667,4.811616399,0.48,2.133333334,0.0,3.699290639,1.8,20.19339606
G84001,4.266666667,3.8,0.0,2.56,0.0,1.68,0.906666667,16.44666667
G84002,3.8743999999999996,0.656,0.0,1.066666667,0.0,1.146666667,1.2,11.65333333
G84003,3.541333334,0.490666667,0.0,3.84,0.0,1.980790378,2.506666667,14.01333333
G84004,2.186666667,1.8,0.0,0.64,0.0,1.253333333,0.906666667,8.04
G84005,1.066666667,0.266666667,0.0,0.0,0.0,0.853333333,0.0,4.04
G84006,2.266666667,2.816666667,0.0,1.066666667,0.0,2.88,0.0,13.86666667
G84007,5.866666667,1.453333333,0.0,0.0,0.0,1.066666667,0.88,9.52
G84008,1.973333334,0.666666667,0.0,1.066666667,0.0,0.0,0.96,5.106666667
G84009,1.066666667,0.746666667,0.146666667,0.0,0.0,0.973333333,0.36,6.866666667
G84010,4.933333333,2.053333333,0.0,1.066666667,0.0,4.706666667,2.053333333,25.04666667
G84011,2.8800000000000003,0.0,0.0,0.0,0.0,0.746666667,0.0,9.133333333
G84013,0.853333333,0.658666667,0.0,1.066666667,0.0,0.36,0.48,5.64
G84015,5.733333333,0.0,0.0,1.493333333,0.0,0.746666667,0.88,10.75333333
G84016,3.733333333,2.333333333,0.0,0.0,0.0,0.96,0.64,11.53333333
G84017,1.546666667,1.413333333,0.0,0.0,0.0,1.92,0.426666667,11.10666667
G84018,2.133333333,0.0,0.0,0.0,0.0,0.626666667,0.0,6.32
G84019,3.106666667,2.0,1.44,1.066666667,0.0,3.026666667,2.066666667,14.92
G84020,2.0,0.0,0.0,1.706666667,0.0,1.86,1.333333333,8.266666667
G84023,2.133333333,0.96,0.0,2.453333334,0.0,2.333333333,2.8,6.84
G84024,3.24,0.666666667,0.0,0.0,0.0,0.773333333,0.48,8.04
G84025,0.026666667,2.044533333,0.0,0.0,0.0,2.333333333,0.0,12.56
G84027,5.133333333,10.13333333,0.0,1.493333333,0.0,4.04,3.333333333,15.94666667
G84028,2.053333333,0.0,0.0,0.853333333,0.0,0.333333333,0.0,6.533333334
G84029,0.0,0.0,0.0,0.0,0.0,0.8,0.0,0.0
G84030,1.3333333330000001,1.48,0.0,0.0,0.0,0.906666667,0.133333333,7.586666667
G84032,1.293333333,2.626666667,0.0,1.066666667,0.0,2.026666667,2.04,15.41866667
G84033,2.346666667,0.293333333,0.0,0.0,0.0,1.426666667,0.0,5.373333333
G84035,2.613333333,0.36,0.0,0.0,0.0,1.173333333,0.493333333,9.48
G84039,1.92,0.0,0.0,0.0,0.0,0.373333333,0.0,2.66
G84040,2.8,1.253333333,0.0,1.066666667,0.0,1.586666667,0.0,10.61333333
G84041,1.066666667,0.0,0.595637074,0.0,0.0,0.2,0.0,2.106666667
G84604,2.3200000000000003,1.44,0.0,0.0,0.0,0.866666667,0.0,4.026666667
G84607,1.266666667,1.666666667,0.0,0.0,0.0,0.8,0.0,7.386666667
G84609,0.0,0.8,0.297333333,0.0,0.0,0.186666667,0.0,4.186666667
G84621,2.026666667,0.0,0.0,0.0,0.0,0.0,0.0,5.045015681
G84624,1.066666667,0.0,0.0,0.0,0.0,0.4,0.0,2.493333333
G84625,1.28,0.333333333,0.0,0.0,0.0,2.04,0.0,6.746666667
G84627,2.293333333,1.306666667,0.0,1.066666667,0.0,1.16,0.746666667,9.906666667
G84629,1.0,1.306666667,0.0,0.0,0.0,0.586666667,0.133333333,4.986666667
G84630,0.48,0.0,0.0,0.0,0.0,0.306666667,0.32,2.4
G85001,1.6,2.28,0.0,2.133333334,0.0,1.066666667,1.0,8.8
G85002,0.0,5.6,1.013333333,2.133333333,0.0,2.154666667,5.376068783,24.14838038
G85004,9.109333333999999,11.875733337000002,0.328,2.133333334,0.0,3.72,1.88,33.81333333
G85006,2.4,0.8,0.0,0.0,0.0,0.933333333,1.6,8.926666667
G85011,2.0,4.9376,0.0,1.066666667,0.0,2.853333333,0.0,14.08
G85013,1.813333333,0.0,0.0,0.0,0.0,1.306666667,1.066666667,13.25333333
G85014,2.493333333,2.533333333,0.0,3.2,0.0,2.133333333,0.8,11.76
G85015,2.44,0.666666667,0.0,0.0,0.0,0.0,0.0,5.386666667
G85016,3.386666667,9.533333333,0.0,1.92,0.0,1.96,3.84,13.82666667
G85019,1.066666667,0.0,0.0,0.0,0.0,0.0,0.0,4.893333333
G85020,0.0,4.491616399,0.0,0.0,0.0,2.0,12.27020212,26.8487773
G85021,1.64,0.0,0.0,1.066666667,0.0,0.0,0.533333333,6.4
G85022,2.173333333,3.88,0.0,4.266666667,0.0,3.053333333,6.146666667,13.64666667
G85023,0.5,5.226666667,0.0,0.0,0.0,4.666666667,7.0,10.65333333
G85024,3.7866666660000003,2.493333333,0.0,1.92,0.0,4.666666667,1.52,16.00666667
G85025,2.346666667,2.000266667,2.1154666669999997,2.133333334,0.0,1.986666667,3.173333333,11.73333333
G85026,1.8399999999999999,0.64,0.0,1.066666667,0.0,0.64,0.64,5.36
G85027,1.0,0.426666667,0.0,1.066666667,0.0,0.0,1.8,6.413333333
G85028,4.36,3.72,0.0,3.2,0.0,1.64,1.04,14.25333333
G85029,0.0,3.998133333,1.022133333,0.0,0.0,2.12,7.066666667,9.24
G85030,0.0,2.253333333,0.0,1.066666667,0.0,0.933333333,0.48,7.613333333
G85031,0.266666667,0.426666667,0.0,0.0,0.0,1.213333333,1.266666667,15.16
G85032,2.0,0.56,0.08,0.0,0.0,0.0,2.8,8.253333333
G85034,10.253333333,15.470666663,2.066666667,11.520000001,0.0,24.97333333,21.28,121.684
G85038,11.216,20.18193333,0.749866667,1.066666667,0.0,8.713333333,1.506666667,69.86666667
G85039,6.395733333,3.3336,0.0,5.76,0.0,4.92,5.0,22.25333333
G85040,0.0,3.617066667,0.853333334,2.133333334,0.0,1.213333333,2.566666667,16.53333333
G85041,2.746666667,0.48,0.0,0.853333333,0.0,1.613333333,1.64,8.906666667
G85042,1.0,1.48,0.32,0.0,0.0,0.64,0.4,4.066666667
G85044,1.76,0.666666667,0.0,1.066666667,0.0,1.0,0.0,4.82
G85045,1.866666667,3.96,0.72,3.2,0.0,1.56,1.0,8.6
G85046,2.133333334,5.186666667,0.0,1.066666667,0.0,1.373333333,1.0,11.13333333
G85047,0.5,3.093333333,0.0,1.066666667,0.0,1.173333333,7.933333333,7.586666667
G85051,1.866666667,2.070933333,0.0,0.0,0.0,3.146666667,0.373333333,6.8
G85052,1.0,0.0,0.64,0.0,0.0,1.36,0.0,1.733333333
G85053,1.448,3.986133333,0.0,0.0,0.0,4.88,0.8,8.52
G85054,2.64,0.0,0.0,0.0,0.0,0.986666667,1.066666667,5.133333333
G85057,1.9,0.64,0.0,0.0,0.0,1.76,3.48,9.88
G85061,1.013333333,2.084,0.0,1.066666667,0.0,2.166666667,0.533333333,7.613333333
G85073,0.893333333,2.146666667,0.64,1.066666667,0.0,1.4,2.666666667,8.106666667
G85076,0.64,1.0,0.0,0.0,0.0,2.133333333,0.0,8.466666667
G85083,2.16,2.8,0.0,0.0,0.0,0.64,0.0,8.253333333
G85084,0.5,4.586666667,0.0,1.066666667,0.0,2.4,8.666666667,9.2
G85085,2.133333334,2.133333333,0.0,3.2,0.0,0.626666667,0.32,9.146666667
G85086,1.466666667,1.013333333,0.0,1.066666667,0.0,0.0,1.466666667,4.986666667
G85087,0.0,3.08,1.226666667,2.133333333,0.0,3.746666667,3.693333333,17.0
G85091,1.0,0.0,0.0,0.0,0.0,1.213333333,0.0,5.358349015
G85096,2.0,0.0,0.0,0.0,0.0,1.066666667,0.666666667,6.493333333
G85100,1.36,2.266666667,0.453333333,1.066666667,0.0,1.146666667,0.0,7.133333333
G85102,0.5,2.4533333330000002,0.0,0.0,0.0,0.533333333,3.133333333,6.4
G85104,3.0,1.381333333,0.093333333,0.0,0.0,0.0,4.2,12.41333333
G85105,2.0,0.0,0.0,0.0,0.0,0.746666667,0.0,5.346666667
G85109,3.773333333,7.884266667,0.0,1.066666667,0.0,2.72,2.84,16.11333333
G85114,4.0,9.093333333,0.0,4.066666667,0.0,3.693333333,2.8,13.69333333
G85119,0.0,2.484266667,0.0,0.0,0.0,0.0,0.8,6.186666667
G85120,2.56,0.0,0.0,0.0,0.0,1.853333333,0.0,6.246666667
G85121,1.6,0.32,0.106666667,0.64,0.0,0.666666667,2.4,2.906666667
G85123,1.6,3.381866667,0.0,1.92,0.0,2.6,1.0,10.37168235
G85125,0.933333333,0.426666667,0.0,1.066666667,0.0,0.986666667,2.906666667,6.186666667
G85127,0.48,0.0,0.0,0.853333333,0.0,0.0,3.906666667,8.76
G85129,0.666666667,1.44,0.266666667,0.853333333,0.0,0.64,1.573333333,7.306666667
G85130,2.693333333,0.853333333,0.0,0.64,0.0,0.0,0.48,4.986666667
G85132,0.0,1.36,0.0,0.0,0.0,2.733333333,2.106666667,6.346666667
G85134,1.733333333,0.0,0.0,0.0,0.0,0.0,1.0,7.586666667
G85135,2.533333333,5.085333333,0.0,1.706666667,0.0,1.0,2.466666667,11.73333333
G85136,2.16,0.0,0.0,1.066666667,0.0,0.56,1.96,5.506666667
G85137,3.04,4.649333333,0.0,1.706666667,0.0,0.64,1.96,10.2
G85138,6.666666667,2.24,0.0,3.2,0.0,3.64,0.8,6.305015681
G85623,1.5866666669999998,1.672,0.0,0.0,0.0,1.213333333,1.906666667,11.74666667
G85632,3.786666667,2.066666666,0.0,3.2,0.0,3.013333333,1.946666667,8.226666667
G85633,2.3333333329999997,4.346666667,0.0,2.9866666669999997,0.0,4.8,5.0,20.41333333
G85642,0.933333333,4.986666667,0.0,0.0,0.0,1.146666667,1.733333333,11.04
G85644,0.226666667,3.36,0.0,0.0,0.0,0.426666667,1.426666667,5.533333333
G85647,2.56,0.573333333,0.0,2.24,0.0,0.946666667,1.0,9.266666667
G85651,1.0,0.666666667,0.64,0.0,0.0,2.013333333,3.826666667,10.04
G85662,2.0,1.28,0.0,1.066666667,0.0,1.0,0.0,7.573333333
G85673,2.026666666,2.533333333,0.0,2.773333334,0.0,1.0,0.0,7.32
G85674,0.36,1.795466667,0.0,0.0,0.0,0.986666667,0.0,4.82
G85681,1.6,0.0,0.0,0.64,0.0,0.0,0.0,2.666666667
G85685,2.426666667,2.133333333,0.0,0.0,0.0,2.466666667,0.96,12.8487773
G85690,2.026666666,1.733333333,0.0,1.066666667,0.0,2.093333333,1.56,7.56
G85695,1.0,0.453333333,0.213333333,0.0,0.0,0.533333333,0.0,3.44
G85696,1.15,3.107333333,0.0,1.066666667,0.0,3.16,3.646666667,10.33333333
G85698,1.426666667,3.7039999999999997,0.0,1.066666667,0.0,4.906666667,3.0,9.933333333
G85705,0.0,2.066666667,0.0,0.0,0.0,1.0,0.0,4.493333333
G85706,2.6666666670000003,0.746666667,0.0,0.0,0.0,0.72,1.933333333,5.92
G85708,1.421333333,3.773333333,0.0,1.706666667,0.0,1.0,0.666666667,9.013333333
G85711,0.5,2.986666667,0.0,0.0,0.0,3.0,6.733333333,9.573333333
G85715,0.0,3.633066667,0.346666667,3.2,0.0,2.813333333,4.566666667,10.68666667
G85716,3.386666666,0.32,0.0,1.066666667,0.0,0.786666667,0.533333333,5.333333333
G85721,1.84,1.926666667,0.0,0.0,0.0,1.306666667,0.0,6.32
G85722,1.28,1.28,0.0,2.773333334,0.0,2.6,0.0,8.8
G85724,0.0,6.8888,0.0,0.0,0.0,3.139290639,5.432533333,22.8
G85726,3.0,0.546666667,0.0,0.0,0.0,0.0,0.0,3.493333333
G85727,0.0,2.24,0.0,0.0,0.0,0.0,4.4,5.413333333
G85736,1.066666667,0.0,0.0,0.0,0.0,0.0,3.24,4.686666667
H81002,1.890133333,2.490133333,0.0,1.066666667,0.0,1.906666667,0.48,7.84
H81003,4.606933333,3.403466667,0.0,1.706666667,0.0,4.493333333,2.76,17.2
H81004,5.6,2.0,0.0,2.9866666669999997,0.0,3.306666667,6.673333333,16.88
H81005,0.0,1.466666667,0.0,0.0,0.0,2.973333333,2.093333333,7.493333333
H81006,2.7199999999999998,2.0,0.0,0.0,0.0,1.813333333,1.066666667,5.8
H81009,2.0,3.500266667,0.0,0.0,0.0,2.653333333,1.28,11.772
H81010,7.733333333,5.44,0.0,4.693333333,0.0,4.173333333,6.813333333,26.22666667
H81011,1.9912,0.974133333,0.0,2.133333333,0.0,1.906666667,0.822666667,10.15333333
H81013,6.477066666,5.951883065,0.0,4.693333334,0.0,5.606666667,7.506666667,22.97672482
H81015,2.133333333,1.0,0.0,0.0,0.0,1.16,1.573333333,7.506666667
H81016,4.010666667,1.2,0.0,1.066666667,0.0,1.733333333,2.546666667,13.04
H81017,5.986666667,3.115466667,1.146911223,3.84,0.0,2.306666667,1.986666667,21.32468092
H81019,2.182666667,2.432266667,0.8,2.133333333,0.0,1.053333333,4.706666667,16.48
H81020,3.6504,3.533333333,0.0,0.0,0.0,3.792623972,3.444736587,14.12
H81021,7.123733333,2.6312,0.0,2.133333334,0.0,3.459290639,4.32,18.69333333
H81022,2.866666667,0.7768,0.0,0.0,0.0,1.6,1.066666667,10.52
H81023,2.0,1.066666667,0.0,0.0,0.0,1.386666667,2.306666667,10.88666667
H81024,2.8936,1.066666667,0.0,0.0,0.0,2.973333333,2.226666667,16.81333333
H81025,2.0,4.205066667,0.0,1.066666667,0.0,2.12,2.791403254,16.68554901
H81026,5.018666667,1.834666667,0.0,0.853333333,0.0,2.64,1.76,13.06666667
H81027,3.92,4.074666667,0.0,0.533333333,0.0,2.426666667,2.693333333,26.64
H81028,3.1304,3.936933333,0.0,7.04,0.0,3.208,3.181130191,23.52288235
H81029,3.066666667,2.8973333329999997,0.0,1.066666667,0.0,1.72,2.0,12.80666667
H81030,7.755466667,6.5176,0.0,2.986666667,0.0,6.481333333,3.76,31.096
H81031,2.56,2.5824,0.0,1.92,0.0,2.626666667,6.026666667,11.01333333
H81032,1.64,5.1872,1.1823037410000001,0.0,0.0,4.053333333,3.746666667,24.32666667
H81033,5.18,4.991466667,0.0,2.9866666669999997,0.0,4.64,3.533333333,23.43333333
H81034,1.450133333,2.753333333,0.0,4.266666666,0.0,1.12,0.4,7.786666667
H81035,2.826666667,3.333066667,0.0,0.0,0.0,1.72,4.48,10.22666667
H81036,0.982133334,1.066666667,0.0,0.0,0.0,2.113333333,2.306666667,10.88
H81038,2.0,0.0,0.0,0.0,0.0,0.426666667,0.0,3.76
H81039,0.670133333,2.051466667,0.0,0.0,0.0,0.533333333,0.293333333,5.44
H81040,3.250133333,0.444533333,0.0,2.773333334,0.0,1.486933333,0.74,5.657333333
H81041,3.186666667,0.826666667,0.0,0.0,0.0,0.799312292,1.0,10.16
H81042,2.8888,8.7904,0.0,0.853333333,0.0,3.093333333,4.62,20.20666667
H81043,3.500266667,2.266666667,0.0,2.56,0.0,2.44,4.053333333,13.82848235
H81044,1.72,0.56,0.0,0.0,0.0,2.656,0.586666667,7.56
H81045,3.552,1.888266667,0.0,0.64,0.0,2.12,0.893333333,9.666666667
H81046,1.130133333,0.0,0.0,0.0,0.0,1.462666667,0.72,5.853333333
H81047,3.2,1.104,0.0,2.773333333,0.0,1.56,1.76,10.4
H81048,2.0,1.333333333,0.0,2.133333333,0.0,0.0,2.346666667,11.28
H81050,3.117066667,1.36,0.0,3.52,0.0,1.653333333,2.906666667,9.466666667
H81051,5.516266667,2.2456,0.0,1.706666667,0.0,1.24,0.96,11.52
H81052,6.232,2.080533334,0.0,2.773333334,0.0,4.306666667,2.453333333,20.85333333
H81053,2.850666667,0.8746666670000001,0.0,0.853333333,0.0,0.986666667,2.666666667,9.413333333
H81055,3.0,1.8344,0.0,0.0,0.0,1.6,0.733333333,9.0
H81056,5.446666667,3.043466667,0.0,0.0,0.0,2.2088,3.433333333,28.41168235
H81057,1.726666667,2.06,0.0,0.0,0.0,1.88,1.626666667,7.853333333
H81058,2.0,2.003466667,0.0,0.0,0.0,1.586666667,0.16,8.293333334
H81061,3.386666667,3.866666667,0.0,2.986666666,0.0,0.6,2.586666667,20.65333333
H81062,5.333333334,6.56,0.853333333,1.066666667,0.0,7.226666667,3.964736587,29.69333333
H81064,2.110133333,5.2786666659999995,0.0,2.133333334,0.0,4.333333333,6.186666667,17.54
H81065,3.7288,0.0,0.0,1.066666667,0.0,2.24,2.0,13.06666667
H81066,2.445066667,3.348,0.109333333,2.9866666669999997,0.0,1.093333333,2.146666667,15.16346667
H81067,4.533333333,2.1584,0.0,1.066666667,0.0,2.426666667,1.013333333,3.293333333
H81068,2.9968,5.121333334,0.0,1.706666667,0.0,2.253333333,1.786666667,15.10666667
H81069,2.8,7.4,1.24,3.6266666670000003,0.0,6.293333333,4.813333333,30.62666667
H81070,2.2,2.96,0.0,0.64,0.0,1.906666667,1.106666667,10.96666667
H81071,3.1136,1.226666667,0.0,2.133333333,0.0,1.12,1.213333333,14.41333333
H81072,4.686933333,1.222133333,0.0,2.133333333,0.0,7.0,0.32,11.72666667
H81073,3.0416,2.6074666669999997,0.0,0.0,0.0,1.746666667,1.706666667,14.56666667
H81074,1.4256,2.112,0.0,1.066666667,0.0,1.173333333,0.94,7.394666667
H81075,0.853333333,4.548416398,0.426666667,1.92,0.0,3.093333333,5.093333333,16.9568
H81076,4.306133334,2.9376,0.0,2.133333334,0.0,3.118933333,4.066666667,11.32
H81077,2.620266667,0.666666667,0.0,1.92,0.0,2.24,3.72,5.4
H81078,2.749866667,4.553333333,0.0,0.0,0.0,6.853333333,4.413333333,27.10666667
H81080,3.770133333,2.809066667,0.0,1.066666667,0.0,0.666666667,0.666666667,8.6
H81081,2.702133333,3.3984,0.0,0.0,0.0,0.666666667,1.093333333,10.70666667
H81082,2.8,2.638283065,0.0,1.066666667,0.0,1.866666667,1.026666667,8.7
H81084,1.560266667,3.7536,0.0,0.0,0.0,2.093333333,1.76,9.613333334
H81085,3.540266667,2.493333334,0.0,1.066666667,0.0,2.093333333,2.0,10.86666667
H81086,1.0,0.986666666,0.0,0.0,0.0,0.453333333,1.066666667,4.573333333
H81087,3.0,2.4768,0.0,3.84,0.0,1.04,0.32,8.403733333
H81088,2.8616,5.866666667,0.0,1.066666667,0.0,2.933333333,1.866666667,19.46
H81089,3.444533334,5.1064,0.0,2.133333333,0.0,3.98,3.013333333,22.93333333
H81090,0.666666667,6.027733333,0.0,2.133333334,0.0,3.860238298,3.173333333,14.36
H81091,1.845066667,1.881333333,0.0,1.6,0.0,1.12,0.4,4.866666667
H81094,1.88,2.949333333,0.0,0.0,0.0,1.157333333,0.277333333,7.685333334
H81095,0.666666667,0.0,0.0,0.0,0.0,0.0,0.0,4.04
H81099,1.34,1.630133333,0.0,1.92,0.0,6.866666667,0.688,8.26
H81103,1.4666666670000001,3.0624,0.0,1.6,0.0,1.413333333,1.173333333,9.306666667
H81104,3.411466667,0.426666667,0.0,3.626666666,0.0,0.186666667,0.0,4.266666667
H81107,2.610666667,1.104,0.0,1.066666667,0.0,0.48,0.0,5.946666667
H81109,2.68,1.126133333,0.0,2.133333334,0.0,0.24,1.426666667,6.36
H81110,0.933333333,0.8976,0.0,0.0,0.0,1.0,5.7,5.346666667
H81111,2.0,0.0,0.0,0.0,0.0,0.906666667,2.493333333,9.706666667
H81113,3.8167999999999997,0.0,0.0,1.706666666,0.0,1.6,3.12,12.10666667
H81116,1.96,1.28,0.0,2.133333334,0.0,1.546666667,1.746666667,5.96
H81119,6.133333333,13.18933333,0.0,6.293333333,0.0,4.84,5.586666667,32.96
H81122,0.78,0.0,1.066666667,0.0,0.0,1.72,0.0,5.0
H81123,1.0,1.6,0.0,0.0,0.0,0.533333333,0.0,4.053333333
H81126,2.16,2.7,0.0,1.066666667,0.0,0.56,0.92,8.531682348
H81128,0.856541052,1.906666667,0.0,1.066666667,0.0,0.826666667,0.826512248,5.546666667
H81129,3.0968,0.613333334,0.0,0.0,0.0,0.533333333,1.373333333,5.253333333
H81130,4.3368,3.106666667,0.0,3.733333334,0.0,3.693333333,1.013333333,11.93333333
H81131,1.330133333,0.0,0.0,0.0,0.0,0.266666667,0.333333333,2.933333333
H81133,9.2304,5.0736,0.0,0.746666667,0.0,1.92,7.72,35.14
H81134,3.576533333,0.6656,0.0,2.9866666669999997,0.0,2.173333333,2.333333333,9.213333333
H81613,1.890133333,0.0,0.0,0.0,0.0,0.0,0.16,4.261333333
H81615,2.986666667,4.430283064999999,0.0,0.0,0.0,3.093333333,1.36,22.38
H81618,0.2496,2.532533333,0.0,0.0,0.0,0.946666667,1.61,7.773333333
H81632,0.933333333,0.0,0.106666667,0.0,0.0,0.666666667,0.0,2.24
H81638,9.611466667,9.670133332999999,0.0,4.159999999,0.0,11.42666667,16.37333333,58.55546667
H81641,0.0,0.4,0.0,0.0,0.0,0.0,1.066666667,2.1568
H81642,1.44,0.0,0.373333333,0.0,0.0,0.0,1.413333333,2.4
H81643,1.0,0.0,0.0,0.0,0.0,0.506666667,1.0,2.08
H81644,1.0,2.1512,1.28,0.0,0.0,0.72,1.333333333,9.08
H81656,2.6,1.000266667,0.0,1.28,0.0,0.933333333,1.36,7.68
H81658,1.533333333,1.6,0.0,0.0,0.0,0.56,1.426666667,5.52
H81663,1.110133333,0.0,0.0,0.0,0.0,0.4,0.0,2.786666667
H81672,0.0,0.64,0.0,0.0,0.0,0.0,0.0,4.8768
H82003,3.64,1.653333333,0.0,0.853333333,0.0,2.56,1.526666667,10.42666667
H82004,1.222666667,1.424,0.0,0.64,0.0,0.293333333,4.586666667,8.32
H82005,2.44,3.3688,0.0,0.853333333,0.0,1.866666667,3.786666667,19.29333333
H82006,2.0,1.316,0.0,1.92,0.0,2.099290639,4.08,8.653333333
H82007,3.196533333,3.0536,0.0,0.0,0.0,4.346666667,4.053333333,22.56
H82009,5.0104,2.558283065,0.0,4.053333332999999,0.0,5.16,10.06,29.5
H82011,4.0,2.32,0.0,1.066666667,0.0,7.38,6.5,23.36
H82012,3.3594666670000004,2.684533333,0.0,2.133333333,0.0,4.773333334,2.72,19.69333333
H82013,2.96,5.453333333,0.382303741,3.520000001,0.0,2.52,4.746666667,20.0
H82014,2.006933333,2.7727999999999997,0.0,0.0,0.0,5.453333333,5.693333333,22.69333333
H82016,2.649866667,2.724,0.0,2.133333333,0.0,2.52,8.425333333,19.372
H82017,0.0,7.266133333,0.0,2.133333334,0.0,5.92,13.300571,35.24923695
H82020,0.878133333,3.266666667,0.0,0.0,0.0,3.76,3.506666667,14.56666667
H82021,2.12,0.0,0.0,0.0,0.0,1.973333333,6.746666667,10.49333333
H82022,3.226666667,3.237333333,0.0,0.0,0.0,2.88,2.058069921,21.60547533
H82023,5.655903687,16.773162737,0.0,4.586666666999999,0.0,11.55262397,8.638069921,82.00758596
H82025,6.536533334,3.114666667,0.0,1.92,0.0,2.133333333,2.746666667,20.38666667
H82026,2.066666667,2.533333333,0.64,0.0,0.0,2.64,10.20666667,25.15834901
H82027,0.7696,1.333333333,0.0,0.0,0.0,1.0,5.173333333,6.853333333
H82028,1.6522666670000001,6.948416398,0.382303741,2.56,0.0,4.625247944,3.014893693,15.5633647
H82030,3.120533333,4.3,0.0,2.773333333,0.0,3.146666667,1.230133333,23.57066667
H82031,2.533333333,1.2,0.0,3.2,0.0,2.186666667,4.486666667,12.03333333
H82032,9.82,0.333333333,0.0,0.0,0.0,3.64,3.506666667,7.326666667
H82033,2.890133333,0.0,0.0,0.0,0.0,0.0,0.533333333,6.853333333
H82034,4.4802666659999995,7.173333334,0.0,0.64,0.0,10.34666667,10.18349044,43.85359291
H82035,1.2064,3.1168,0.0,0.0,0.0,1.973333333,3.54,18.54
H82036,2.3056,0.222133333,0.0,0.0,0.0,0.68,0.773333333,14.46
H82037,3.006666667,3.226666667,0.0,0.64,0.0,3.413333333,2.24,17.60712631
H82038,3.860266666,2.177066667,0.0,2.9866666669999997,0.0,2.173333333,5.266666667,20.81168235
H82039,0.8456,2.229333333,0.986666667,0.0,0.0,3.066666667,1.2,17.64
H82040,3.3250666669999998,8.554933333,1.104,0.533333333,0.0,6.52,23.93333333,58.38666667
H82041,4.022407718,1.52,0.0,1.066666667,0.0,5.48,8.026666667,24.3856
H82042,4.3216,3.6552,0.0,1.066666667,0.0,3.786666667,8.0,22.09333333
H82043,3.330666667,3.2754666660000002,0.0,1.92,0.0,4.466666667,8.0,20.59333333
H82044,0.0,4.978933334,0.0,0.0,0.0,2.6968,3.52,15.66666667
H82045,3.0,10.37893333,0.0,10.666666667,0.0,10.11306667,6.706666667,55.62666667
H82046,3.2552,1.133333333,0.0,0.0,0.0,3.426666667,4.48,16.29333333
H82047,2.666666667,0.64,0.0,0.0,0.0,2.586666667,6.28,10.56
H82048,2.446933333,1.92,0.0,2.986666667,0.0,3.6,7.146666667,18.2
H82049,2.52,2.213333333,0.0,1.066666667,0.0,3.26,4.333333333,13.89333333
H82050,3.591466667,0.0,0.0,4.4800000010000005,0.0,2.053333333,1.893333333,16.45333333
H82051,5.7648,0.0,0.0,0.0,0.0,2.0,2.52,13.53333333
H82052,6.8,1.715466667,0.0,2.133333333,0.0,2.04,2.493333333,14.78666667
H82053,3.487733333,1.493333333,0.0,1.6,0.0,1.453333333,1.8,11.13333333
H82055,9.013333333,1.453066667,0.0,1.92,0.0,4.609609913,3.04,20.96501568
H82056,2.518666666,4.157333333,0.0,2.773333333,0.0,2.733333333,3.313333333,18.38666667
H82057,7.500266667,1.390133333,0.0,3.84,0.0,3.04,2.453333333,29.50666667
H82058,2.450133333,4.9,0.0,2.133333333,0.0,6.786666667,8.72,23.1273374
H82059,3.851466667,0.64,0.0,2.133333334,0.0,3.88,3.84,17.28666667
H82060,2.2088,1.766453333,0.0,0.64,0.0,4.493333333,1.493333333,17.50501568
H82061,1.110133333,1.54,0.0,0.0,0.0,1.813333333,3.293333333,9.906666667
H82063,3.7781333339999996,3.333066667,0.0,3.2,0.0,2.453333333,2.773333333,17.44666667
H82064,2.670133333,2.035466667,0.0,1.92,0.0,2.466666667,2.226666667,17.53168235
H82065,3.006933333,5.774666667,0.0,1.066666667,0.0,6.0,6.82,25.38
H82066,0.868266667,4.678933333,0.0,2.133333334,0.0,7.1432,4.966666667,29.23248235
H82067,0.8,0.0,0.0,0.0,0.0,3.3,2.6,14.55333333
H82070,3.710133333,1.6808,0.0,0.0,0.0,3.94,5.026666667,24.74025958
H82072,3.533333334,2.16,0.0,0.0,0.0,2.186666667,1.453333333,16.52666667
H82076,1.850133333,0.0,0.0,0.0,0.0,0.533333333,1.301130191,4.96
H82077,2.7232,0.426666667,0.0,0.0,0.0,2.426666667,8.186666667,16.49333333
H82078,2.426666667,2.9823999999999997,0.0,2.133333334,0.0,4.186666667,4.566666667,12.64666667
H82084,2.6666666670000003,2.12,0.0,3.84,0.0,1.506666667,4.871733333,11.76
H82087,0.986666667,0.9792,0.0,0.0,0.0,1.066666667,1.040533333,4.92
H82088,0.878133333,0.0,0.0,0.0,0.0,0.666666667,0.0,7.24
H82089,2.0,3.4,0.0,0.853333333,0.0,4.4,1.0,10.46
H82091,2.28,1.853333333,0.0,0.0,0.0,3.6,3.333333333,17.38666667
H82092,1.6,4.266666667,0.0,0.853333333,0.0,2.44,1.586666667,8.56
H82095,3.3973333340000003,2.0,0.533333333,1.066666667,0.0,4.626666667,5.053333333,15.74106667
H82096,1.0,0.444533333,0.0,0.0,0.0,1.08,2.44,7.693333333
H82098,3.0,1.5368,0.0,0.0,0.0,4.04,0.0,10.4
H82099,2.28,2.726666667,0.0,0.853333333,0.0,1.44,6.906666667,11.53333333
H82100,1.726666667,1.1,0.0,0.853333333,0.0,2.086666667,1.44,10.64666667
H82615,2.625066667,1.666666667,0.0,3.733333334,0.0,0.693333333,3.093333333,10.74666667
H82640,5.666666667,2.173333333,0.0,0.853333333,0.0,3.316533333,0.853333333,16.5136
H83001,1.066666667,3.893333333,0.0,2.133333334,0.0,3.36,5.906666667,12.65333333
H83004,2.8,3.466666667,0.0,0.0,0.0,3.013333333,2.613333333,10.41333333
H83005,4.266666666,1.6,0.0,1.066666667,0.0,1.786666667,2.506666667,9.733333333
H83006,0.0,3.2,0.0,0.0,0.0,0.8,2.52,11.82666667
H83007,2.666666667,2.453333333,0.0,2.133333334,0.0,1.573333333,0.0,6.593333333
H83008,0.693333333,0.0,0.0,0.0,0.0,0.693333333,0.0,2.16
H83009,2.24,1.749333333,0.0,1.92,0.0,1.84,2.293333333,13.33333333
H83010,1.2,0.0,0.0,0.0,0.0,1.853333333,2.0,9.546666667
H83011,0.666666667,0.0,1.36,0.0,0.0,0.64,1.866666667,9.786666667
H83012,2.0,2.717333333,0.24,0.0,0.0,2.08,2.76,8.813333333
H83013,3.946666667,4.041866667,0.0,3.306666667,0.0,2.96,0.693333333,13.21333333
H83014,2.773333333,1.973333333,0.0,1.066666667,0.0,1.746666667,0.693333333,8.546666667
H83015,3.52,5.013333333,0.0,3.306666667,0.0,2.173333333,1.293333333,11.62666667
H83016,3.0,5.273333333,0.0,3.9466666669999997,0.0,1.8,6.333333333,21.11834901
H83017,3.0,1.413333333,0.0,0.853333333,0.0,3.533333333,5.293333333,14.33333333
H83018,5.253333333,7.4,0.0,3.2,0.0,3.3,3.64,17.96666667
H83019,1.44,1.477333333,0.0,0.0,0.0,1.373333333,0.8,8.586666667
H83020,1.866666667,2.346666667,0.0,3.2,0.0,0.0,2.653333333,11.27333333
H83021,1.066666667,1.066666667,0.0,0.0,0.0,1.173333333,0.32,5.64
H83022,1.9866666670000002,0.0,0.0,0.0,0.0,1.493333333,1.28,7.533333333
H83023,2.0,0.32,0.146666667,0.0,0.0,1.12,0.053333333,7.28
H83024,3.973333334,2.78,0.0,5.119999999999999,0.0,3.733333333,0.8,12.98
H83028,3.893333333,0.442666667,0.0,0.0,0.0,0.586666667,3.506666667,11.13333333
H83029,1.146666667,0.554666667,0.0,1.066666667,0.0,0.613333333,0.746666667,6.4
H83030,1.7333333340000001,0.0,0.0,0.0,0.0,0.56,1.08,6.253333333
H83031,0.0,2.613333333,0.0,0.0,0.0,0.533333333,0.186666667,3.72
H83033,1.333333333,0.426666667,0.0,0.0,0.0,0.866666667,0.746666667,6.12
H83034,2.0,1.28,0.0,1.066666667,0.0,0.0,1.0,11.15333333
H83037,1.653333333,1.173333333,0.0,0.0,0.0,2.453333333,2.56,11.48
H83039,3.0,1.04,0.0,2.986666667,0.0,1.733333333,1.933333333,9.026666667
H83042,2.173333333,0.76,0.0,1.92,0.0,1.413333333,1.88,9.293333333
H83043,2.026666667,0.426666667,0.0,0.0,0.0,0.68,2.213333333,6.306666667
H83044,2.986666666,5.746666667,0.0,3.2,0.0,4.173333333,1.066666667,15.54666667
H83049,0.0,0.96,0.0,0.0,0.0,0.2,0.0,4.0
H83051,0.0,3.744,0.0,1.066666667,0.0,2.2,3.333333333,17.0
H83052,1.388,0.0,0.0,0.0,0.0,0.613333333,0.426666667,3.28
H83053,3.0666666659999997,5.666666667,0.0,3.52,0.0,3.88,6.16,21.61168235
H83608,0.426666667,1.706666667,0.0,0.0,0.0,2.253333333,1.453333333,14.13333333
H83609,2.0,0.346666667,0.0,0.0,0.0,0.0,4.533333333,4.186666667
H83611,1.066666667,1.218666667,0.0,0.0,0.0,1.013333333,1.906666667,4.146666667
H83624,1.0,1.746666667,0.0,1.92,0.0,0.0,1.84,11.14666667
H83627,2.373333333,0.0,0.0,1.066666667,0.0,1.026666667,1.173333333,8.773333334
H83631,4.0,1.866666667,0.0,1.92,0.0,0.853333333,1.44,8.826666667
H84002,4.442666666,1.262133333,0.0,2.133333334,0.0,1.426666667,1.453333333,10.95333333
H84005,3.110933333,3.790666667,0.0,2.986666666,0.0,2.244266667,1.413333333,15.53333333
H84006,4.733333333,5.573333333,0.0,1.92,0.0,1.426666667,2.613333333,14.70666667
H84007,2.133333333,2.438666667,0.0,0.0,0.0,0.8,2.806666667,12.49333333
H84010,2.066666667,6.674666667,0.0,1.066666667,0.0,1.48,0.72,6.893333333
H84012,3.68,3.938666666,0.0,2.56,0.0,1.973333333,0.48,11.06
H84014,0.0,0.222133333,0.066666667,0.0,0.0,0.213333333,0.426666667,2.666666667
H84015,3.0,0.64,0.0,0.64,0.0,1.48,1.28,8.72
H84016,6.653333333,5.652,0.266666667,2.133333334,0.0,7.84,4.04,19.92
H84017,3.946666667,3.146666667,0.0,0.0,0.0,1.306666667,1.373333333,17.33333333
H84018,2.0,2.28,0.0,3.2,0.0,0.84,0.666666667,6.826666667
H84020,2.506666667,4.013333333,0.0,0.0,0.0,1.733333333,2.533333333,20.32
H84023,3.2,4.1113866660000005,0.0,2.133333333,0.0,2.0,2.433333333,3.573333333
H84025,1.984,1.544,0.0,0.0,0.0,2.8,0.72,7.666666667
H84027,1.250666667,8.773333333,0.0,0.0,0.0,3.426666667,2.773333333,16.04666667
H84030,1.749333333,6.608,0.0,1.706666667,0.0,3.48,6.0,13.09333333
H84031,1.866666667,1.832,0.426666667,0.0,0.0,1.2,0.0,6.571682348
H84032,1.893333333,1.546666667,0.0,1.066666667,0.0,1.666666667,0.426666667,5.08
H84033,1.506666667,2.398283065,0.0,0.0,0.0,1.093333333,2.966666667,6.253333334
H84034,0.88,4.180266667,0.0,0.0,0.0,0.56,0.546666667,8.786666667
H84039,2.0,4.266666667,0.0,3.56,0.0,1.52,1.0,9.72
H84040,3.013333333,3.586666667,0.0,2.56,0.0,1.76,3.066666667,10.46666667
H84041,2.080030118,1.544,0.0,1.066666667,0.0,0.533333333,0.213333333,3.026666667
H84042,2.44,4.773333333,0.0,0.746666667,0.0,2.48,1.733333333,13.86666667
H84044,1.0133333329999998,2.693333333,0.0,2.133333334,0.0,1.28,0.64,9.193333333
H84048,1.7066666659999998,0.0,0.0,1.92,0.0,0.0,0.8,7.773333334
H84050,2.44,1.626666667,0.0,0.0,0.0,1.56,2.24,9.998349014
H84051,3.0,0.96,0.382303741,0.0,0.0,2.425978958,2.133333333,5.946666667
H84053,2.6,0.8,0.0,1.066666667,0.0,0.426666667,0.0,1.573333333
H84054,2.0,0.426666667,0.0,0.0,0.0,0.8,0.0,2.666666667
H84055,4.693333333,2.394666667,0.0,1.92,0.0,1.813333333,0.8,11.60666667
H84057,1.333333333,0.0,0.0,0.0,0.0,0.0,0.0,2.906666667
H84059,1.106666667,1.349333333,0.0,0.0,0.0,1.4,0.253333333,4.433333333
H84060,1.733333333,1.92,0.0,0.0,0.0,0.586666667,0.586666667,5.84
H84061,2.413333334,8.546666667,0.0,2.9866666669999997,0.0,2.093333333,3.48,8.0
H84062,2.0,2.208,0.0,0.0,0.0,2.093333333,0.56,6.946666667
H84618,1.2,0.986666667,0.0,0.0,0.0,0.36,0.733333333,3.586666667
H84619,2.133333333,2.432,0.0,0.853333333,0.0,1.746666667,1.266666667,8.72
H84623,0.533333333,2.037333333,0.0,1.066666667,0.0,0.0,1.0,13.01333333
H84625,2.0,0.0,0.0,1.066666667,0.0,0.866666667,0.773333333,2.48
H84630,1.04,0.48,0.0,0.0,0.0,0.426666667,1.013333333,3.293333333
H84635,3.5999999999999996,5.546666667,0.0,0.0,0.0,1.0,1.253333333,10.01333333
H84639,0.986666667,0.773333333,0.0,0.0,0.0,0.36,1.986666667,3.733333333
H85001,2.866666667,6.562666667,0.0,2.133333334,0.0,1.066666667,1.306666667,12.70666667
H85002,2.773333333,4.76,0.0,3.0,0.0,0.0,0.8,7.666666667
H85003,0.8,2.2768,0.0,0.0,0.0,1.0,0.746666667,7.853333333
H85006,2.2,1.24,0.0,1.066666667,0.0,1.4,0.48,7.6
H85007,2.933333333,3.36,0.0,1.066666667,0.0,2.226666667,1.533333333,13.04
H85008,1.7333333340000001,0.0,0.0,0.0,0.0,1.0,0.0,5.12
H85009,3.56,2.214933333,0.0,2.133333334,0.0,3.866666667,0.533333333,12.8
H85011,2.368,1.778666667,0.290666667,1.066666667,0.0,1.266666667,0.253333333,6.806666667
H85012,2.773333333,10.48,0.0,3.2,0.0,3.186666667,4.96,25.62
H85018,3.066666667,2.186666667,0.0,0.0,0.0,0.0,0.413333333,10.82666667
H85020,9.788266667,12.353333333,1.242666667,2.133333334,0.0,6.624,5.705333333,45.0487773
H85021,3.166666667,0.773333333,0.0,0.0,0.0,1.066666667,0.96,8.173333333
H85022,2.133333333,0.0,1.0,0.0,0.0,0.32,0.0,3.413333333
H85023,0.746666667,0.426666667,0.0,0.0,0.0,0.48,1.2,5.266666667
H85024,2.133333334,2.72,0.0,0.0,0.0,1.64,0.8,12.92
H85025,3.12,3.573333334,0.0,1.066666667,0.0,2.266666667,0.666666667,9.36
H85026,2.906666667,3.286933333,0.0,0.0,0.0,2.493333333,1.266666667,15.06666667
H85027,2.4,5.373333333,0.0,1.066666667,0.0,0.426666667,1.4,12.86666667
H85028,1.026666667,2.6,0.933333333,0.0,0.0,1.493333333,1.666666667,7.653333333
H85029,3.786666667,1.6,0.0,1.92,0.0,2.266666667,1.106666667,16.90666667
H85030,3.386666667,2.68,1.28,1.92,0.0,4.84,1.52,12.25333333
H85031,4.693333333,2.786666667,0.0,2.133333334,0.0,2.28,1.64,10.76
H85033,3.76,1.733333333,0.0,2.986666666,0.0,1.219290639,3.670202116,10.65550669
H85037,2.346666667,6.54,0.0,2.666666667,0.0,3.8,5.493333333,13.6
H85038,3.973333333,3.768,0.0,1.92,0.0,3.44,3.946666667,15.02666667
H85041,3.2,2.79656613,0.933333333,0.853333333,0.0,2.2,2.0,9.52
H85045,3.026666667,3.84,0.72,2.9866666669999997,0.0,3.186666667,3.164736587,14.78666667
H85047,2.106666667,3.293333333,0.0,3.413333334,0.0,1.493333333,4.026666667,12.81333333
H85048,3.786666667,3.186666667,1.2,1.066666667,0.0,2.506666667,7.16,13.30666667
H85049,1.0,0.56,0.0,0.0,0.0,1.213333333,0.56,6.693333333
H85051,2.0,6.24,0.106666667,0.0,0.0,3.92,0.866666667,11.68
H85052,1.786666667,1.2,0.0,1.92,0.0,0.866666667,0.533333333,5.533333333
H85053,0.96,0.0,0.0,0.0,0.0,0.426666667,0.96,4.8
H85055,3.1199999999999997,0.0,0.0,0.0,0.0,0.906666667,1.56,7.413333333
H85057,2.666666667,1.28,0.0,0.853333333,0.0,1.0,0.946666667,7.666666667
H85061,4.093333334,5.2792,0.0,1.066666667,0.0,2.2,3.433333333,19.28
H85063,3.266666667,1.426666667,0.0,0.0,0.0,0.52,0.72,8.446666667
H85065,2.133333334,0.0,0.6799999999999999,3.626666667,0.0,0.0,0.8,5.410031362
H85066,4.0272,9.5368,1.166666667,3.2,0.0,4.733333333,6.386666667,24.97333333
H85067,0.72,0.0,0.0,0.0,0.0,0.0,0.48,3.026666667
H85069,4.333333333,3.64,0.0,2.133333334,0.0,2.213333333,1.0,6.813333333
H85070,1.7784,3.0072,0.0,1.066666667,0.0,0.0,2.413333333,9.813333333
H85075,2.2,1.133333333,0.0,0.0,0.0,0.586666667,0.213333333,4.68
H85076,1.9466666670000001,2.56,0.0,2.9866666669999997,0.0,1.333333333,2.853333333,12.88
H85077,1.066666667,1.493333333,0.0,0.0,0.0,1.173333333,0.0,5.32
H85078,1.6,0.213333333,0.08,0.0,0.0,0.666666667,5.387025889,5.8
H85082,1.066666667,0.0,0.0,0.0,0.0,0.0,0.827608785,4.386666667
H85087,1.066666667,0.0,2.053333333,0.0,0.0,0.613333333,3.4,9.2
H85088,0.8,0.0,0.0,0.0,0.0,0.0,0.0,3.0
H85090,1.8,1.12,0.0,2.773333333,0.0,0.96,4.653333333,8.28
H85092,2.8,0.4,0.24,0.0,0.0,1.0,0.64,5.56
H85095,3.286666667,2.826666667,0.0,1.6,0.0,2.986666667,1.853333333,12.04
H85100,1.706666667,2.52,0.0,0.0,0.0,0.0,0.0,4.56
H85101,5.066666667,1.4,0.0,2.133333333,0.0,0.96,0.0,11.70666667
H85103,3.053333333,0.0,0.0,0.0,0.0,0.64,0.853333333,6.893333333
H85105,0.0,3.333333333,0.0,1.066666667,0.0,2.76,0.0,13.46666667
H85110,1.866666667,0.533333333,0.0,0.0,0.0,0.8,1.64,4.853333333
H85111,3.186666667,7.68,0.0,2.88,0.0,5.093333333,5.0,21.25333333
H85112,0.933333333,1.066666667,0.0,0.0,0.0,1.013333333,0.106666667,3.56
H85113,1.453333333,0.52,0.0,0.0,0.0,1.04,0.213333333,5.226666667
H85114,2.066666667,4.0365333329999995,0.0,1.92,0.0,2.68,4.453333333,14.38533333
H85115,3.626666667,1.546666667,0.0,2.133333334,0.0,1.0,1.146666667,10.56
H85116,0.0,2.706666667,0.0,1.066666667,0.0,1.8,0.0,12.32
H85618,2.133333333,1.08,0.0,1.92,0.0,1.0,2.213333333,9.24
H85634,0.98,2.213333333,0.0,2.133333333,0.0,1.44,1.0,6.733333333
H85637,1.0,0.0,0.0,0.0,0.0,0.133333333,0.0,1.093333333
H85649,3.306666666,1.666666667,0.0,0.0,0.0,1.04,0.0,8.186666667
H85653,3.52,3.413333333,0.0,1.706666667,0.0,4.68,3.413333333,18.14
H85656,1.6400000000000001,0.64,0.0,0.0,0.0,0.906666667,0.12,1.973333333
H85659,2.133333333,3.453333333,0.0,0.0,0.0,1.0,0.52,6.573333333
H85662,2.146696785,0.533333333,0.0,0.0,0.0,0.853333333,0.266666667,5.866666667
H85664,2.8,0.0,0.0,0.0,0.0,0.24,0.0,1.6
H85680,3.76,0.293333333,0.0,0.0,0.0,1.306666667,0.8,3.417333333
H85682,2.133333333,3.573333333,0.0,1.066666667,0.0,2.106666667,2.0,10.34666667
H85683,1.066666667,0.0,1.6,0.0,0.0,1.6,0.0,6.973333334
H85686,2.466696784,3.329899464,0.0,0.0,0.0,1.813333333,0.0,8.36
H85691,0.0,0.866666667,0.0,0.0,0.0,1.066666667,0.0,1.92
H85693,0.986666667,2.373333333,0.0,0.0,0.0,1.813333333,0.56,9.8
J81002,2.986666667,1.226666667,0.0,1.066666667,0.0,4.773333333,3.314463524,12.73333333
J81006,15.059999999999999,9.293333333,6.955913982,5.12,0.0,28.52243215,9.971974256,59.8161632
J81009,0.533333333,3.306666667,0.0,0.853333333,0.0,8.293333333,3.866666667,18.05333333
J81010,4.066666667,0.9,0.0,1.92,0.0,4.126666667,3.946666667,17.88501568
J81011,7.36,0.8,0.0,1.066666667,0.0,1.379290639,2.866666667,11.25333333
J81012,16.21333333,12.479999996999998,0.0,9.280000000000001,0.0,26.10666667,19.8,84.74
J81013,3.2800000000000002,1.72,0.0,0.853333333,0.0,2.586666667,3.84,14.74
J81014,6.06,3.893333333,0.0,2.133333333,0.0,8.853333333,6.96,37.38666667
J81016,0.0,0.72,0.0,1.28,0.0,2.16,0.773333333,7.033333333
J81017,2.666666667,0.0,0.0,0.0,0.0,1.413333333,3.786666667,4.08
J81018,8.0,0.461333333,0.0,2.133333333,0.0,0.813333333,1.946666667,14.42666667
J81019,7.36,5.206666666,0.0,1.813333333,0.0,11.88,11.38666667,43.05333333
J81020,1.555466667,0.444533333,0.0,0.853333333,0.0,0.693333333,4.64,5.493333333
J81021,7.68,1.92,0.0,3.2,0.0,3.8,4.386666667,28.58
J81022,0.666666667,1.9573333339999999,0.0,0.0,0.0,1.506666667,1.4,9.226666667
J81025,3.466666667,0.213333333,0.0,0.853333333,0.0,2.186666667,4.7,7.466666667
J81027,11.30666667,0.746666667,0.0,4.4799999999999995,0.0,8.84,4.106666667,28.78666667
J81028,3.813333333,5.28,0.0,0.853333333,0.0,8.506666667,2.866666667,28.90666667
J81029,3.6,0.0,0.0,0.0,0.0,3.013333333,6.551403254,5.946666667
J81030,5.733333334,0.24,0.0,0.0,0.0,2.24,2.513333333,11.53333333
J81033,8.44,3.16,0.0,3.626666666,0.0,4.066666667,3.466666667,27.228
J81034,7.413333333,1.88,0.0,2.88,0.0,10.0,2.213333333,33.48666667
J81035,2.6208,0.84,0.0,1.066666667,0.0,3.733333333,4.2,6.233333333
J81036,3.500266667,1.625333333,0.0,0.0,0.0,1.546666667,2.893333333,11.26666667
J81039,3.24,1.36,0.0,0.0,0.0,1.96,0.64,11.48
J81041,8.453333333,5.042666666000001,0.0,2.133333333,0.0,4.16,13.46647709,31.03688507
J81042,2.8,1.244533333,0.0,0.0,0.0,2.0,0.8,10.61333333
J81045,1.2,3.306666667,0.0,0.0,0.0,4.306666667,0.0,12.56
J81046,5.846666667,2.266666667,0.0,3.84,0.0,3.066666667,0.8,17.56666667
J81047,3.92,2.8666666669999996,0.0,0.853333333,0.0,5.333333333,5.4,15.3
J81049,2.093333333,4.586666667,0.0,0.0,0.0,4.4,2.213333333,16.29669803
J81051,0.0,1.722666667,0.382303741,0.0,0.0,5.613333333,2.386666667,18.61333333
J81053,2.2504,0.500266667,0.0,0.0,0.0,2.6,4.92,6.437333333
J81056,2.506666667,6.716,0.0,1.0,0.0,16.32,5.413333333,25.61333333
J81057,2.28,0.993333333,0.0,0.0,0.0,1.506666667,0.96,8.413333333
J81058,1.973333333,4.358283065,0.0,1.066666667,0.0,4.570133334,5.12,12.08666667
J81059,4.0,2.4,0.0,0.0,0.0,2.04,1.4,10.02666667
J81061,4.56,0.0,0.0,0.0,0.0,2.166666667,3.013333333,12.78
J81062,3.306666667,2.133333333,0.0,0.853333333,0.0,2.333333333,0.48,14.58501568
J81064,1.173333333,0.746666667,0.0,0.0,0.0,0.68,0.72,7.02
J81066,3.346666667,0.72,0.0,0.64,0.0,4.2,2.886666667,9.213333333
J81067,1.173333333,0.853333333,0.0,1.066666667,0.0,1.253333333,0.666666667,6.826666667
J81068,1.973333333,0.666666667,0.0,0.0,0.0,2.16,5.093333333,10.26666667
J81070,1.626666667,3.306666667,0.0,0.0,0.0,3.98,0.8,13.65333333
J81072,3.173333333,1.8,0.0,2.773333333,0.0,4.546666667,4.106666667,18.12
J81073,6.386666667,6.96,0.0,1.92,0.0,6.28,4.946666667,21.58666667
J81074,1.6,0.933333333,0.0,0.0,0.0,1.866666667,1.653333333,9.6
J81075,1.7111999999999998,0.0,0.0,1.066666667,0.0,4.16,1.08,7.413333333
J81076,6.493333334,3.065333333,0.226666667,4.266666666,0.0,13.91262397,16.26,40.36171371
J81077,1.68,0.973333333,0.0,0.0,0.0,1.173333333,0.586666667,9.573333333
J81078,6.826666667,3.026666667,0.226666667,1.066666667,0.0,5.68,10.49333333,19.13333333
J81081,3.530666667,1.9413333330000002,0.0,0.0,0.0,7.613333333,3.2,14.15733333
J81082,2.746666667,1.866666667,0.0,0.64,0.0,3.0,0.0,13.41333333
J81083,2.8,0.64,0.0,0.0,0.0,2.066666667,1.64,11.54666667
J81086,2.16,1.093333333,0.0,0.853333333,0.0,1.4,1.64,11.35333333
J81087,4.413333333000001,2.293333334,0.0,0.853333333,0.0,5.0,1.253333333,14.72
J81609,1.266666667,0.0,0.0,1.493333333,0.0,2.76,0.533333333,11.50666667
J81612,1.4,1.12,0.0,0.0,0.0,1.386666667,1.306666667,4.333333333
J81616,1.533333333,0.666666667,0.053333333,0.64,0.0,4.386666667,4.732533333,6.16
J81620,4.755466667,6.106666667,0.0,1.92,0.0,12.4,13.34666667,31.16666667
J81621,2.72,2.053333333,0.0,3.413333333,0.0,2.746666667,3.546666667,10.04
J81625,0.0,3.802666667,0.0,1.066666667,0.0,3.946666667,1.866666667,14.72
J81626,1.733333333,3.2,0.0,0.0,0.0,1.386666667,2.453333333,5.893333333
J81631,0.0,0.0,0.0,0.0,0.0,0.666666667,0.533333333,3.146666667
J81633,2.093333333,2.986666667,0.0,0.0,0.0,1.853333333,0.813333333,11.94692625
J81634,1.0,4.52,0.0,7.2533333330000005,0.0,1.685957305,1.906666667,17.76718904
J81646,1.593333333,3.978283065,0.0,0.0,0.0,6.779290639,3.466666667,13.39834901
J81647,0.48,2.92,0.382303741,0.0,0.0,5.066666667,3.64,14.08
J81648,1.973333333,0.666666667,0.0,1.706666666,0.0,1.333333333,0.466666667,7.72
J82001,1.666666667,1.408,0.0,0.0,0.0,3.386666667,1.306666667,9.266666667
J82002,10.666666667,0.437333333,0.0,2.986666667,0.0,4.28,2.44,15.38666667
J82005,1.76,0.64,0.0,1.066666667,0.0,1.48,0.853333333,4.0
J82007,17.56,4.586666667,0.0,10.879999999999999,0.0,11.39929064,3.513333333,49.24
J82009,6.293333334,3.733333333,0.0,1.066666667,0.0,4.186666667,2.293333333,18.45379298
J82010,4.32,4.693333333,0.0,2.346666667,0.0,9.36,3.833333333,26.53333333
J82012,4.026666666,1.866666667,0.0,2.56,0.0,2.973333333,2.133333333,13.10666667
J82015,1.3333333330000001,2.68,0.0,0.0,0.0,1.933333333,0.933333333,9.073333333
J82016,4.4,2.1,0.0,2.346666666,0.0,3.093333333,4.72,16.21333333
J82017,6.533333333,0.9866666669999999,1.066666667,3.2,0.0,1.04,0.666666667,16.50666667
J82018,4.586666667,4.353333333,0.0,1.706666667,0.0,3.493333333,4.28,17.62666667
J82019,4.693333333,3.413333334,0.0,2.133333334,0.0,1.986666667,3.2,14.65333333
J82020,1.866666667,0.72,0.0,0.0,0.0,3.573333333,0.533333333,3.213333333
J82021,4.8,2.133333333,0.0,4.266666667,0.0,2.632623972,2.466666667,10.12
J82022,2.6,0.8746666670000001,0.0,0.853333333,0.0,2.32,1.693333333,15.62666667
J82024,0.0,11.12946434,0.0,1.066666667,0.0,12.21333333,9.346666667,30.67466667
J82025,6.24,2.406666666,0.0,1.706666667,0.0,4.253333333,1.986666667,13.11834901
J82026,4.666666667,2.666666666,0.0,2.9866666669999997,0.0,5.813333333,2.453333333,18.12
J82028,6.106666666000001,3.52,0.0,3.2,0.0,5.413333333,2.266666667,30.93168235
J82033,3.493333333,0.8,0.0,1.92,0.0,1.16,2.006666667,11.91333333
J82034,4.706666667,1.066666667,0.0,2.453333333,0.0,0.373333333,14.2,11.28
J82035,4.4799999999999995,3.92,0.0,3.2,0.0,4.6,1.466666667,25.02666667
J82036,2.133333334,0.0,0.0,1.066666667,0.0,0.453333333,3.233603432,3.94
J82039,3.633333333,3.52,0.0,0.0,0.0,3.093333333,4.053333334,14.96666667
J82040,2.133333334,4.88,0.0,0.853333333,0.0,2.373333333,1.92,11.28666667
J82042,3.822133333,4.744,0.0,2.133333333,0.0,6.133333333,4.266666667,17.42666667
J82049,7.199999999999999,10.04,0.213333333,4.0533333339999995,0.0,10.48,10.54113019,44.09333333
J82050,11.52,4.8,0.0,0.0,0.0,5.466666667,0.0,17.46666667
J82051,3.7504,5.3408,0.0,1.066666667,0.0,4.426666667,2.2,18.82666667
J82053,2.24,4.330666667,0.0,2.133333333,0.0,4.12,1.066666667,10.13333333
J82054,4.8,1.506666667,0.0,0.0,0.0,1.573333333,0.64,20.04
J82055,3.04,0.8,0.0,1.066666667,0.0,0.64,1.333333333,14.83842131
J82056,8.906666667,0.906666667,0.0,4.906666667,0.0,7.653333333,3.413333333,35.07333756
J82058,5.613333333,4.013333333,0.0,2.24,0.0,6.413333333,3.48,22.69333333
J82059,4.8266666670000005,0.76,0.0,1.92,0.0,1.68,5.866666667,15.57333333
J82060,1.92,1.84,0.64,0.853333333,0.0,2.04,4.586666667,18.66666667
J82061,2.72,3.333333333,0.0,0.853333333,0.0,3.093333333,1.853333333,15.46666667
J82062,6.213333334,3.226666667,0.0,0.853333333,0.0,2.653333333,2.0,18.1
J82063,1.813333333,0.8,0.0,0.0,0.0,1.533333333,2.213333333,4.573333333
J82064,7.146666667,0.426666667,0.0,0.64,0.0,6.393333333,5.626666667,12.63333333
J82066,1.333333333,5.106666667,0.0,4.48,0.0,8.4,17.70666667,29.77333333
J82067,4.0,4.826666667,0.0,2.6666666670000003,0.0,5.426666667,7.306666667,24.18666667
J82069,2.16,14.018933333,4.905333333,1.92,0.0,15.35333333,10.44,50.09333333
J82071,1.8888,3.523466667,0.0,3.84,0.0,4.426666667,0.613333333,13.88
J82072,2.693333334,2.506666667,0.8,2.133333334,0.0,2.28,0.866666667,15.99333333
J82073,2.506666667,2.026666667,0.0,1.066666667,0.0,1.6,2.16,8.706666667
J82074,7.075763451,0.0,0.0,1.92,0.0,3.12,6.226666667,14.05333333
J82075,4.970666667,1.093333334,0.0,2.133333333,0.0,2.053333333,1.233333333,9.673333333
J82076,4.773333333,1.64,0.0,0.0,0.0,5.866666667,4.933333333,16.49333333
J82079,2.08,2.3333333329999997,0.0,2.133333334,0.0,1.88,4.253333333,17.77333333
J82080,2.706666667,4.573333333,0.0,1.92,0.0,3.74,1.666666667,18.28
J82081,3.573333333,6.106666667,0.213333333,2.346666667,0.0,13.78109054,3.386666667,38.72
J82082,3.773333333,3.118666667,0.08,0.0,0.0,2.08,1.106666667,11.45333333
J82083,1.493333333,6.226666667,0.853333333,3.84,0.0,20.98533333,19.52,53.132
J82084,0.986666667,0.650666667,0.0,0.0,0.0,1.52,0.986666667,9.396698029
J82085,5.68,6.666666667,0.0,1.706666667,0.0,9.4,6.92,32.87333333
J82087,4.946666667,0.64,0.0,1.64,0.0,3.08,1.506666667,8.813333333
J82088,5.1685303099999995,2.586666667,0.0,1.706666666,0.0,4.423158164,1.786666667,18.2
J82089,3.253333333,4.366666667,0.382303741,1.066666667,0.0,5.813333333,2.026666667,30.1
J82092,3.2,1.706666667,0.0,2.56,0.0,2.266666667,1.12,10.42666667
J82094,2.933333333,6.72,0.34,2.56,0.0,5.333333333,7.853333334,21.69090697
J82098,8.6632,8.834400000999999,0.0,2.56,0.0,13.06666667,7.493333333,47.23592632
J82099,5.76,0.0,0.0,0.0,0.0,2.226666667,1.506666667,16.11333333
J82101,2.066666667,2.16,0.0,1.066666667,0.0,6.2,6.933333333,22.8
J82102,5.453333334,4.573333333000001,0.0,2.133333333,0.0,11.66666667,4.386666667,21.45333333
J82103,8.933333333,0.0,0.0,1.92,0.0,1.786666667,2.586666667,12.11333333
J82104,4.842666667,2.5999999999999996,0.0,2.133333334,0.0,2.96,1.933333333,17.73333333
J82106,3.2,0.0,0.0,1.6,0.0,0.293333333,1.733333333,5.106666667
J82110,6.426666667,5.733333334,0.0,5.053333334,0.0,3.96,10.08666667,28.20666667
J82112,7.013333334,3.312,0.106666667,4.266666667,0.0,5.986666667,3.58,29.53333333
J82115,0.9600000000000001,1.021333333,0.0,0.0,0.0,0.72,1.16,7.346666667
J82116,2.666666667,1.426666667,0.213333333,1.28,0.0,1.706666667,2.28,8.8
J82119,3.973333333,0.533333333,0.0,0.0,0.0,2.453333333,2.72,12.44666667
J82120,3.173333333,1.44,0.0,0.0,0.0,4.133333333,2.04,11.33333333
J82121,3.6,1.553866666,0.0,4.266666666,0.0,3.586666667,1.626666667,13.24
J82122,2.56,1.12,0.0,0.853333333,0.0,1.04,0.533333333,9.346666666
J82124,3.786666667,4.504949732,0.0,1.706666666,0.0,2.706666667,2.92,19.4887773
J82125,2.0,1.573333333,0.382303741,0.0,0.0,3.52,0.933333333,9.6
J82126,2.133333334,0.0,0.426666667,0.0,0.0,1.0,0.0,2.612
J82128,3.653333333,0.453333333,0.0,0.0,0.0,3.813333333,1.247796857,12.66
J82129,2.666666667,1.128,0.0,0.0,0.0,1.613333333,1.186666667,10.14666667
J82130,5.432,4.752,0.0,3.2,0.0,7.059290638,1.0,32.22666667
J82131,3.066666667,5.226666667,0.0,2.773333333,0.0,2.386666667,4.12,27.44
J82132,4.24,3.12,0.0,2.133333334,0.0,2.013333333,2.026666667,13.908
J82134,5.453333333,5.826666667,0.0,3.84,0.0,8.493333333,8.626666667,47.37544397
J82136,4.56,4.0,0.0,2.56,0.0,3.506666667,1.533333333,13.72
J82138,2.28,5.981333333,0.0,0.0,0.0,2.96,11.69333333,18.07866667
J82139,13.48666667,3.226666667,0.0,1.066666667,0.0,4.96,2.666666667,19.90666667
J82142,2.24,1.493333333,0.0,0.0,0.0,2.92,3.298666667,13.72
J82143,6.133333333,1.8,0.0,2.133333333,0.0,5.499290639,5.467796857,21.9972204
J82144,7.2,4.32,0.0,2.773333334,0.0,6.506666667,4.053333333,23.46
J82145,8.133333334,3.52,0.72,3.2,0.0,5.12,15.48,20.65333333
J82146,1.886666667,1.8813333330000002,0.0,0.64,0.0,1.613333333,0.733333333,7.553333333
J82147,2.6666666670000003,0.56,0.0,2.133333334,0.0,3.186666667,0.426666667,8.48
J82149,3.653333333,1.866666667,0.0,1.066666667,0.0,5.066666667,4.293333333,14.67333333
J82150,10.45333333,1.12,0.0,1.92,0.0,4.28,2.88,22.5
J82151,1.733333333,1.306666667,0.0,1.066666667,0.0,0.64,4.12,6.14
J82152,2.266666667,0.0,0.0,0.0,0.0,2.813333333,0.533333333,10.50666667
J82154,10.28666667,5.137333334,0.0,7.039999999999999,0.0,13.012,7.138666667,47.26
J82155,7.813333333999999,11.63333333,0.0,6.8266666659999995,0.0,13.4,13.70666667,64.78923695
J82156,3.066666667,1.7333333340000001,0.0,0.853333333,0.0,2.453333333,0.373333333,9.826666667
J82157,2.64,8.544949732,0.0,1.066666667,0.0,7.76,3.537333333,16.12
J82161,4.533333333,0.666666667,0.0,1.493333333,0.0,3.846666667,3.513333333,10.86666667
J82163,4.133333333,4.533333333,0.0,2.133333334,0.0,7.773333333,6.738069921,24.25333333
J82169,0.48,0.666666667,0.0,1.066666667,0.0,2.706666667,1.0,6.6
J82174,3.0933333330000004,1.386666667,0.0,0.0,0.0,1.96,1.306666667,13.54666667
J82178,3.733333333,2.453333333,0.0,2.9866666669999997,0.0,1.973333333,4.973333333,20.34
J82181,0.0,3.56,0.0,0.0,0.0,2.48,3.913333333,9.306666667
J82184,1.346666667,0.0,0.0,1.066666667,0.0,0.0,1.986666667,6.04
J82194,2.133333333,0.64,0.0,1.066666667,0.0,1.933333333,2.493333333,20.56666667
J82196,1.16,5.68,0.0,3.2,0.0,9.866666667,7.193333333,23.12
J82198,1.466666667,1.533333333,0.0,0.0,0.0,2.226666667,1.2,6.346666667
J82199,0.853333333,3.6799999999999997,0.0,1.066666667,0.0,2.826666667,2.133333333,17.69333333
J82201,1.946666667,2.0826666670000002,0.0,1.066666667,0.0,3.56,13.264,14.70666667
J82207,3.2,2.56,0.0,0.0,0.0,1.52,0.88,9.666666667
J82208,1.866666667,1.226666667,0.0,0.0,0.0,3.426666667,1.546666667,8.04
J82210,3.306666667,1.76,0.0,3.2,0.0,3.173333333,1.0,7.866666667
J82213,0.0,0.0,0.0,1.92,0.0,0.853333333,2.4,2.613333333
J82214,2.9333333340000003,0.426666667,0.0,3.4133333329999997,0.0,3.773333333,3.48,6.533333333
J82215,2.666666667,0.706666667,0.0,1.066666667,0.0,4.96,8.08,14.95866667
J82216,1.333333333,4.022218667,0.0,1.493333333,0.0,2.613333333,0.853333333,17.56
J82218,4.889333333,3.446666667,0.0,2.986666666,0.0,5.853333333,1.8,18.25544397
J82605,2.08,0.0,0.0,0.0,0.0,0.706666667,0.586666667,3.773333333
J82622,6.0584,11.92,1.2448,5.76,0.0,14.42666667,51.44,63.79333333
J82625,1.0,1.782133333,0.0,1.066666667,0.0,1.72,0.76,8.026666667
J82628,2.413333333,1.620266667,0.0,0.0,0.0,1.373333333,3.346666667,5.146666667
J82630,1.306666667,0.426666667,0.0,0.0,0.0,2.12,2.08,4.813333333
J82639,3.986666667,6.813333334,0.0,1.92,0.0,4.213333333,3.093333333,28.16
J82640,1.493333333,1.6,0.0,3.2,0.0,2.026666667,1.066666667,6.373333333
J82646,0.0,5.66,0.426666667,0.0,0.0,3.893333333,2.781130191,13.62501568
J82669,2.613333333,0.0,0.0,0.0,0.0,1.586666667,2.386666667,7.6
J83001,3.226666667,2.010666667,0.0,2.56,0.0,3.173333333,4.306666667,10.42666667
J83002,3.2533333329999996,9.441314789,0.533333333,4.266666667,0.0,22.38529125,29.83623103,61.59864315
J83003,2.3733333329999997,3.466666667,0.68,0.853333333,0.0,3.013333333,4.513333333,14.59333333
J83004,3.413333333,0.533333333,0.0,0.0,0.0,4.16,4.006666667,13.04666667
J83005,5.008,1.773333333,0.0,2.133333333,0.0,2.226666667,1.44,14.66
J83006,2.72,3.093333333,0.72,1.066666667,0.0,3.706666667,1.653333333,10.56
J83007,3.2,9.2,0.0,1.92,0.0,5.16,2.986666667,22.56
J83008,5.546666667,4.026666667000001,0.0,1.706666667,0.0,5.146666667,8.466666667,20.18
J83009,2.533333333,5.32,0.453333333,1.066666667,0.0,4.68,19.04,15.62666667
J83010,4.86,1.64,0.0,2.773333334,0.0,3.573333333,1.72,14.38666667
J83011,3.12,3.066666667,0.0,1.92,0.0,7.253333333,7.346666667,17.34666667
J83013,1.92,3.093333333,0.0,1.066666667,0.0,2.32,2.906666667,13.53333333
J83014,4.293333333,3.346666667,0.0,2.133333334,0.0,4.959312292,1.6,19.96
J83016,4.973333332999999,6.686666667,0.0,4.266666667,0.0,8.706666667,11.0,36.36
J83018,6.56,1.0,0.0,0.0,0.0,5.4,4.12,23.94666667
J83019,4.72,2.314666667,0.0,2.133333334,0.0,3.832623972,10.42666667,25.30362428
J83021,6.2221333340000005,6.040266667,0.0,3.2,0.0,4.546666667,1.591403254,22.44045965
J83022,2.6666666670000003,1.52,0.0,0.0,0.0,2.426666667,1.0,6.906666667
J83023,0.0,0.533333333,0.0,2.133333334,0.0,5.933333333,2.373333333,12.81333333
J83024,4.746666667,0.64,0.0,2.133333334,0.0,4.826666667,1.64,9.64
J83026,6.066666667,7.493333333,0.0,3.84,0.0,8.2,11.0,35.06666667
J83027,2.4,3.8,0.0,2.133333334,0.0,5.373333333,3.933333333,12.88
J83029,0.986666667,3.546666667,0.0,2.9866666669999997,0.0,3.253333333,3.426666667,12.24
J83030,4.998399999999999,5.3751999999999995,0.0,3.2,0.0,15.58748183,17.38970496,32.0883846
J83033,3.2,2.944949732,0.0,0.0,0.0,10.67333333,1.533333333,23.58133333
J83034,3.24,1.666666667,0.0,0.0,0.0,3.826666667,2.293333333,8.966666667
J83035,0.0,4.906666667,0.0,0.0,0.0,4.118133333,5.500533333,18.81333333
J83036,2.613333333,3.013333333,0.0,1.066666667,0.0,1.706666667,0.84,10.54666667
J83037,7.133333334,2.506666667,0.0,1.066666667,0.0,5.68,8.44,28.69333333
J83038,1.881333333,4.321333333,0.0,7.466666667,0.0,7.12,10.05333333,22.01333333
J83039,4.8,0.533333333,0.0,2.773333333,0.0,3.48,2.626666667,16.58666667
J83040,2.853333333,4.873333333,1.693333334,1.066666667,0.0,10.10666667,13.1602701,40.83544397
J83041,4.3999999999999995,4.886666667,0.0,3.84,0.0,4.626666667,3.24,20.85333333
J83042,5.466666667,5.412,0.0,1.706666667,0.0,6.653333333,5.77,27.98666667
J83043,2.986666667,0.64,0.0,2.56,0.0,0.853333333,3.866666667,6.728777301
J83045,4.266666667,1.173333333,0.0,1.706666667,0.0,3.16,8.8,12.46666667
J83046,3.498666667,2.522666667,0.0,2.133333333,0.0,3.122233884,5.461688755,16.07333333
J83047,0.437333333,1.826666667,0.0,0.0,0.0,3.56,6.333333333,9.2
J83048,0.986666667,1.5066666670000002,0.0,0.0,0.0,2.613333333,0.666666667,6.44
J83049,5.866666667,1.866666666,0.0,5.333333333,0.0,3.626666667,2.28,13.01333333
J83050,2.296,1.968,0.0,2.133333334,0.0,4.898666667,6.927237668,11.02666667
J83052,1.066666667,4.8,0.0,0.0,0.0,7.546666667,8.833333333,13.82
J83053,2.293333334,1.202666666,0.0,1.066666667,0.0,3.44,2.48,9.746666667
J83055,1.986666667,1.546666667,0.0,0.64,0.0,3.186666667,1.973333333,10.96
J83056,2.453333333,1.0,0.0,1.066666667,0.0,1.826666667,2.346666667,10.57333333
J83057,6.24,3.72,0.0,2.133333333,0.0,8.611290639,2.32,23.09333333
J83058,1.0,1.893333333,0.0,1.706666666,0.0,2.373333333,1.218069921,7.28
J83059,1.706666667,3.2,0.0,1.493333333,0.0,3.72,1.0,10.74666667
J83060,2.0,0.6,0.0,1.28,0.0,1.426666667,1.493333333,5.32
J83064,1.32,1.405333333,0.96,0.0,0.0,4.293333333,0.0,9.173333333
J83601,1.12,2.186666667,0.0,0.0,0.0,1.44,0.053333333,6.666666667
J83603,0.986666667,1.08,0.0,0.0,0.0,2.113333333,0.826666667,8.386666667
J83609,1.013333333,0.0,0.0,0.0,0.0,2.093333333,0.0,7.48
J83615,1.386666667,0.437333333,0.0,2.133333334,0.0,1.053333333,0.0,6.613333333
J83618,0.986666667,0.426666667,0.0,0.853333333,0.0,0.346666667,2.386666667,7.333333333
J83619,1.6,1.066666667,0.0,0.0,0.0,0.533333333,0.96,4.373333333
J83625,2.266666667,2.511232797,0.0,1.066666667,0.0,1.173333333,1.12,9.486666666
J83629,2.8,0.0,0.0,0.0,0.0,1.659290639,2.573333333,1.355443967
J83630,0.0,0.0,0.0,0.0,0.0,1.2,0.393333333,5.06
J83633,1.0,2.506666667,0.0,0.0,0.0,3.96,6.146666667,14.25333333
J83645,1.0,0.0,0.0,0.0,0.0,1.013333333,0.0,3.92
J83646,1.0,0.666666667,0.0,2.773333334,0.0,1.853333333,1.573333333,8.56
J84003,2.933333333,0.0,0.0,0.0,0.0,3.986666667,5.006666667,13.70666667
J84004,1.64,1.68,0.0,1.066666667,0.0,3.52,5.186666667,12.29333333
J84005,2.666666667,1.8453333330000001,0.0,0.0,0.0,5.066666667,2.88,15.93333333
J84007,1.773333333,2.16,0.0,1.066666667,0.0,3.093333333,3.226666667,12.37333333
J84008,0.0,1.16,0.0,0.0,0.0,0.0,3.626666667,2.533333333
J84011,5.106696785,3.24,0.0,2.133333334,0.0,10.86666667,16.33333333,46.42666667
J84012,6.0,0.0,0.0,4.266666667,0.0,8.586666667,1.0,16.24
J84013,13.73333333,1.893333333,0.0,1.92,0.0,7.633333333,6.946666667,29.48666667
J84015,2.933333333,3.285333333,0.218666667,0.0,0.0,8.92,5.173333333,19.72
J84016,2.4000000000000004,0.8,0.0,1.066666667,0.0,3.786666667,0.8,18.09333333
J84017,0.0,1.88,0.0,0.0,0.0,3.76,4.0,12.86666667
J84019,1.066666667,2.666666667,0.0,0.0,0.0,9.093333333,5.553333333,16.47333333
K81001,4.0,2.506666667,0.0,0.64,1.066666667,3.36,2.066666667,15.232
K81002,6.693333333,1.613333333,0.0,0.0,0.0,3.253333333,2.493333333,13.13333333
K81003,3.0,4.453333333,0.0,1.066666667,0.0,2.48,9.906666667,12.32
K81004,0.0,5.670933334,0.0,1.066666667,0.0,3.213333333,6.973333333,17.30133333
K81007,2.0,0.0,0.0,0.0,0.0,1.04,0.96,6.733333333
K81010,3.2,0.533333333,0.0,1.706666667,0.0,1.653333333,0.64,5.266666667
K81012,2.986666667,1.733333333,0.0,1.066666667,0.0,2.92,3.64,13.4
K81014,4.039466667,2.9584,0.0,1.706666667,0.0,5.653333333,4.313333333,19.25333333
K81015,0.0,1.333333333,0.213333333,0.0,0.0,0.533333333,0.0,2.613333333
K81017,4.92,2.213333334,0.0,1.066666667,0.0,3.973333333,8.093333333,18.09333333
K81018,2.6,2.738666667,0.0,0.64,0.0,2.56,1.093333333,11.80666667
K81019,1.2533333340000001,1.693333333,0.0,0.853333333,0.0,0.746666667,1.373333333,5.463682348
K81020,3.92,2.786666667,0.0,2.346666667,0.0,6.476533333,2.493333333,21.46
K81021,0.213333333,0.426666667,0.8,1.92,0.0,1.333333333,0.466666667,8.293333334
K81022,4.213333333,4.293333333,0.0,2.133333333,0.0,4.3,6.52,37.24
K81024,3.4666666669999997,4.706666667,1.368970408,6.186666667,2.133333333,3.6,3.973333333,31.82
K81025,6.133333334,0.0,0.0,1.066666667,0.0,3.693333333,6.093333333,14.81333333
K81026,0.8,0.426666667,1.493333333,0.0,0.0,0.853333333,5.338666667,6.986666667
K81027,1.92,3.693333333,0.0,0.853333333,0.0,1.813333333,3.306666667,10.88
K81028,3.458666667,0.64,0.0,2.773333334,0.0,3.613333333,3.2,7.986666667
K81030,6.510933333,9.054666667,0.0,2.9866666669999997,0.0,7.88,4.773333333,55.45333333
K81034,2.666666666,2.48,0.0,2.133333333,0.0,0.84,3.0,10.22666667
K81036,1.733333333,3.866666667,0.0,1.28,0.0,3.8,0.66,11.08666667
K81040,4.720000000000001,3.026666667,0.0,5.973333332999999,0.0,2.426666667,10.85333333,21.57333333
K81041,4.16,1.68,0.0,0.0,0.0,4.373333333,5.586666667,13.12666667
K81042,4.0,0.426666667,0.0,1.28,0.0,0.8,0.746666667,7.24
K81043,2.133333334,1.971616398,0.8,2.133333334,1.066666667,2.013333333,8.56,16.43333333
K81045,2.998666667,4.513066667,0.0,2.133333334,0.0,1.48,5.746666667,27.08666667
K81046,1.386666666,1.586666667,0.56,7.893333333,0.0,1.813333333,0.32,7.497333333
K81047,5.266666667,5.133333333,0.0,2.773333333,0.0,5.253333333,9.46,39.66
K81048,2.12,1.013333333,0.2,0.0,0.0,1.8,1.253333333,6.72
K81050,4.573333333,1.6,0.0,2.133333333,0.0,1.706666667,9.826666667,11.69333333
K81051,2.56,3.537866667,0.0,0.64,0.0,2.24,6.866666667,20.43590362
K81052,3.333333333,0.906666667,0.0,1.066666667,0.0,4.266666667,1.066666667,12.72666667
K81055,3.893333333,0.44,0.0,1.066666667,0.0,2.44,1.173333333,13.74
K81056,1.066666667,0.0,0.0,0.0,0.0,0.0,1.666666667,6.506666667
K81057,2.266666667,1.093333333,0.0,0.0,0.0,1.52,0.906666667,11.42666667
K81060,3.2,1.62,0.0,0.0,0.0,2.6,0.56,8.593333333
K81062,7.433333333,4.7,0.0,3.6266666670000003,0.0,2.4,6.2,28.64
K81063,8.253333333,0.0,0.0,0.0,0.0,3.146666667,1.0,25.16
K81066,2.9866666669999997,1.64,0.0,0.0,0.0,1.626666667,0.8,11.08
K81068,3.5999999999999996,0.96,0.0,3.2,0.0,1.88,1.093333333,10.99333333
K81069,3.813333334,0.986666667,0.0,0.0,0.0,3.013333333,3.16,14.49333333
K81070,5.52,2.290666667,0.0,0.0,0.0,2.44,4.14,18.95333333
K81073,4.68,2.533333333,0.0,2.133333333,0.0,5.739528936,4.813333333,21.89333333
K81074,2.773333334,0.986666667,0.64,0.64,0.0,3.92,0.806666667,11.35333333
K81075,8.863333333,4.2048,0.0,5.76,2.133333333,3.96,13.09333333,25.52666667
K81076,0.96,2.266666667,0.0,0.0,0.0,0.613333333,0.0,13.49333333
K81077,1.2,1.344949732,0.0,0.0,0.0,3.44,2.853333333,13.17094745
K81078,6.026666667,1.666666667,0.0,0.0,0.0,3.346666667,9.146666667,14.98666667
K81080,1.973333333,0.586666667,0.0,0.0,0.0,1.48,3.466666667,10.38666667
K81081,0.0,0.0,0.0,0.0,0.0,0.533333333,0.8,2.613333333
K81082,4.133333333,3.173333333,0.0,0.0,0.0,0.8,0.0,6.785015681
K81083,1.5,3.626666667,0.426666667,0.0,0.0,5.08,2.053333333,19.69333333
K81084,2.48,0.6000000000000001,0.0,1.92,0.0,0.213333333,0.0,6.846666667
K81085,2.066666667,0.0,0.693333333,0.0,0.0,1.053333333,1.573333333,11.18666667
K81086,2.133333334,0.96,0.0,0.0,0.0,1.426666667,0.453333333,6.24
K81087,1.6,0.677333333,0.0,0.0,0.0,0.0,0.0,5.16
K81092,1.706666667,3.386666667,0.0,1.066666667,0.0,3.12,0.8,14.49866667
K81094,0.986666667,0.0,0.0,0.0,0.0,0.0,0.586666667,4.373333333
K81097,1.48,0.64,0.0,0.0,0.0,0.925957305,0.493333333,6.824105279
K81100,0.426666667,0.213333333,0.36,0.0,0.0,1.373333333,3.933333333,7.82
K81102,3.653333333,5.720000000000001,0.0,2.0,0.0,1.44,3.8,13.96
K81103,2.96,2.12,0.0,1.066666667,0.0,2.813333333,2.573333333,17.34666667
K81605,2.293333333,9.13,0.4,2.133333334,0.0,3.12,4.693333333,24.63544397
K81607,0.0,1.786666667,0.0,0.0,0.0,0.746666667,0.0,3.346666667
K81608,0.293333333,0.0,1.28,0.0,0.0,0.573333333,0.0,3.76
K81610,3.666666667,3.213333333,0.0,5.12,0.0,3.266666667,3.293333333,24.37333333
K81616,1.173333333,0.213333333,0.24,0.0,0.0,1.0,0.746666667,6.4
K81630,3.58,5.012533334,0.0,1.066666667,0.0,4.752623972,2.906666667,17.13333333
K81633,2.0,0.0,0.0,0.0,0.0,1.066666667,4.573333333,12.32
K81636,1.066666667,2.026666667,0.0,0.0,0.0,1.426666667,1.0,6.746666667
K81644,1.573333333,4.869333333,0.0,0.0,0.0,1.16,4.924736587,18.01333333
K81645,1.0,0.0,1.386666667,0.0,0.0,0.293333333,2.226666667,7.506666667
K81651,1.186666667,2.88,0.026666667,0.64,0.0,2.106666667,7.24,15.49333333
K81655,2.0,3.066666667,0.0,0.853333333,0.0,0.786666667,0.453333333,6.133333333
K81656,1.0,0.64,1.066666667,0.0,0.0,0.786666667,0.186666667,3.493333333
K81657,1.026666667,0.493333333,0.0,0.0,0.0,1.053333333,0.0,4.293333333
K82001,3.133333333,2.24,0.0,1.066666667,0.0,4.066666667,1.066666667,13.30666667
K82003,5.0,0.0,0.0,0.0,0.0,1.8,2.666666667,13.42666667
K82004,3.466666667,4.0,0.0,0.0,0.0,2.813333333,0.906666667,17.99333333
K82006,1.949333333,0.598283065,0.0,1.92,0.0,1.74,2.746666667,10.21333333
K82007,5.145866667,6.553866667,0.0,4.906666667,0.0,8.253333333,17.32,38.97866667
K82008,1.6,3.554666667,0.0,2.133333333,0.0,0.986666667,2.386666667,10.70666667
K82009,3.1733333329999995,0.72,0.0,3.84,0.0,4.765957305,4.893333333,14.06666667
K82010,1.253333333,1.853333333,0.0,0.0,0.0,0.8,2.32,11.45333333
K82011,4.293333333,1.725866667,0.133333333,2.133333334,0.0,1.32,1.186666667,11.45333333
K82012,1.733333333,1.293333333,0.0,0.0,0.0,1.333333333,1.84,5.626666667
K82013,7.933333333,2.666666667,0.0,1.066666667,0.0,5.733333333,0.973333333,12.82666667
K82014,1.653363451,0.444266667,0.0,2.133333333,0.0,0.0,1.24,5.226666667
K82015,2.246666667,1.12,0.0,0.0,0.0,1.4,1.893333333,10.59333333
K82016,4.309866667,6.264666667,0.382303741,1.92,0.0,18.63511158,9.853333333,40.65333333
K82017,1.626666667,1.7,0.0,0.0,0.0,3.813333333,0.48,15.0
K82019,0.0,4.593333333,0.0,1.066666667,0.0,4.56,0.64,12.33333333
K82020,0.0,0.426666667,0.0,0.0,0.0,0.88,0.0,7.626666667
K82021,5.213333333,1.246666667,0.68,1.066666667,0.0,4.16,5.506666667,18.99333333
K82022,2.2133333339999997,1.386666667,0.0,3.6266666670000003,0.0,2.48,1.333333333,15.41333333
K82023,2.6586666670000003,5.261333333,0.0,7.04,0.0,8.56,10.41333333,36.76
K82024,4.8,0.0,0.0,0.0,0.0,1.613333333,0.533333333,6.933333333
K82025,2.36,0.693333333,0.0,1.066666667,0.0,3.76,3.666666667,9.54
K82026,5.133333333,4.56,0.0,3.84,1.066666667,11.34666667,7.293333333,24.28
K82027,0.44,1.0,0.0,0.0,0.0,0.8,1.746666667,5.833333333
K82028,3.0666666670000002,1.173333333,0.0,2.986666667,0.0,1.4,2.186666667,9.6
K82029,2.0,0.706666667,0.0,0.0,0.0,2.053333333,2.993333333,15.56
K82030,4.209333333,1.454666667,0.0,3.2,0.0,2.506666667,1.0,5.12
K82031,1.28,0.266666667,0.0,1.066666667,0.0,1.266666667,0.0,6.373333333
K82032,2.346666667,0.989333333,0.0,0.0,0.0,3.84,1.253333333,12.90666667
K82033,5.8,4.584,0.0,4.053333332999999,0.0,3.506666667,3.586666667,21.18133333
K82035,1.76,0.0,0.0,0.0,0.0,1.693333333,0.04,4.653333333
K82036,3.573333333,0.533333333,0.0,3.2,0.0,2.826666667,1.573603432,6.985015681
K82037,4.586666666,2.48,0.0,1.28,0.0,1.333333333,0.56,10.45333333
K82038,4.666666667,6.984,0.0,0.0,0.0,4.88,6.973333333,24.18666667
K82039,4.106666667,0.0,0.382303741,0.0,0.0,4.32,4.413333333,14.46666667
K82040,3.093333333,1.3199999999999998,0.0,0.0,0.0,2.866666667,4.48,15.87333333
K82044,1.506666667,2.526666667,0.0,1.066666667,0.0,2.826666667,0.853333333,10.62666667
K82045,2.586666667,1.253333333,0.0,2.133333334,0.0,0.946666667,2.546666667,7.593333333
K82046,5.442666666999999,2.618666667,0.0,4.9066666660000005,0.0,2.84,2.573333333,17.92
K82047,7.653333334,7.693333333,0.0,1.066666667,0.0,6.564533333,8.153333333,30.28
K82048,2.693333334,0.426666667,0.0,0.0,0.0,1.12,1.92,9.546666667
K82049,2.88,1.92,0.0,2.133333333,0.0,2.96,7.96,17.79333333
K82051,3.626666667,1.32,0.0,1.066666667,0.0,0.666666667,1.426666667,13.66666667
K82053,4.786666667,1.12976,0.0,0.0,0.0,2.338133333,0.0,11.10666667
K82054,4.0,0.0,0.0,0.0,2.133333333,1.96,0.933333333,13.16
K82055,2.4,0.0,1.653333333,0.0,0.0,4.146666667,3.94,11.18
K82057,1.76,0.76,0.0,0.0,0.0,5.413333333,2.253333333,10.85666667
K82058,1.44,0.0,0.0,1.706666667,0.0,1.72,1.586666667,4.4
K82059,2.666666666,0.0,0.0,0.0,0.0,2.226666667,1.16,8.626666667
K82061,1.333333333,1.453333333,0.213333333,0.0,0.0,0.533333333,3.733333333,4.093333333
K82064,0.8,1.226666667,0.0,0.0,0.0,1.986666667,1.0,7.153333334
K82065,7.333333333,2.133333333,0.0,3.2,0.0,4.28,3.666666667,17.29333333
K82066,2.48,6.544949732,0.522146095,0.0,0.0,2.6,2.826666667,16.26666667
K82068,3.189333333,0.573333333,0.0,0.0,0.0,0.0,4.133333333,4.053333333
K82070,5.373333333,5.84,0.0,1.066666667,0.0,3.106666667,13.53333333,21.86666667
K82073,4.04,6.23656613,0.0,6.186666667,0.0,12.76666667,16.18666667,46.89880866
K82078,4.88,0.0,0.0,1.066666667,0.0,1.333333333,0.853333333,7.573333333
K82079,1.9866666670000002,0.426666667,0.0,2.666666667,0.0,2.266666667,7.886666667,3.7
K82603,0.0,1.52,1.0,0.0,0.0,1.906666667,1.0,1.0
K82610,2.48,0.0,1.066666667,0.0,0.0,1.226666667,2.066666667,7.666666667
K82615,2.133333333,2.44,0.0,0.64,1.066666667,2.786666667,2.413333333,13.06666667
K82617,1.386666667,0.933333333,0.0,0.0,0.0,2.378266667,1.466666667,7.213333333
K82618,0.0,1.413333333,0.0,0.0,0.0,0.0,1.4,2.533333333
K82621,1.7333333340000001,0.96,0.0,0.0,0.0,0.853333333,3.533333333,5.6
K82631,5.920000001,1.5849497320000001,0.0,3.2,0.0,2.96,1.366666667,15.3761632
K82633,3.573333334,1.76,0.0,2.133333334,0.0,4.4,0.933333333,12.90453333
K83002,15.86666667,3.940266667,0.0,11.946666666999999,2.133333333,23.26773555,13.57333333,72.6
K83003,2.933333333,0.56,0.0,0.64,0.0,2.346666667,0.8,8.28
K83005,2.933333333,3.829333333,0.0,0.64,0.0,7.413333334,4.82,13.22666667
K83006,3.733333333,0.0,0.0,1.92,0.0,1.933333333,1.8,8.386666667
K83007,2.933333333,2.453333333,0.0,3.2000000010000003,0.0,3.146666667,3.493333333,13.82666667
K83008,3.066666667,1.56,0.0,0.0,0.0,2.0,0.533333333,11.57068787
K83009,3.66,0.426666667,0.0,1.066666667,0.0,3.906666667,2.853333333,13.12666667
K83010,5.488,2.110213333,0.0,5.120000001,1.066666667,5.16,5.6,29.10666667
K83011,2.24,2.453333333,0.0,0.0,0.0,2.853333333,2.653333333,16.55333333
K83012,4.56,0.437333333,0.0,6.186666667,1.066666667,2.96,0.8,16.89333333
K83013,3.666666667,3.146666667,0.0,5.546666667,0.0,5.133333333,0.773333333,24.08
K83014,7.16,0.986666667,0.0,2.56,0.0,4.113333333,3.013333333,23.58666667
K83015,3.52,3.84,0.0,2.773333333,0.0,5.133333333,5.786666667,20.50666667
K83017,1.546666666,3.7600000000000002,0.0,1.066666667,0.0,4.8,7.353333333,13.84
K83018,4.053333334,2.4,0.213333333,3.413333333,0.0,2.826666667,3.826666667,12.31333333
K83019,3.066666667,0.0,0.0,1.066666667,0.0,1.466666667,1.52,8.346666667
K83020,1.0,0.0,0.0,0.0,0.0,0.0,0.0,4.253333333
K83021,5.92,1.76,0.0,1.066666667,0.0,6.853333333,2.986666667,22.30666667
K83022,3.733333333,2.213333333,0.0,2.133333334,0.0,3.88,2.346666667,17.2287773
K83023,5.2,0.0,0.4,1.066666667,0.0,4.306666667,4.8,15.24
K83024,2.88,0.853333333,0.0,0.0,0.0,3.6,0.0,11.55333333
K83025,8.213333334,0.8,0.0,0.0,0.0,1.0,1.0,8.933333334
K83026,6.8,0.666666667,0.0,5.8666666670000005,1.066666667,5.306666667,3.746666667,22.32666667
K83027,3.146666667,3.3200000000000003,0.0,2.133333333,0.0,1.073333333,1.973333333,10.25333333
K83028,5.066666666,2.1688,0.0,3.2,0.0,5.213333333,4.066666667,17.77333333
K83029,5.2,1.066666667,0.0,4.266666667,0.0,3.853333333,1.24,15.54
K83030,3.8168,1.8,0.0,0.0,0.0,2.933333333,2.0,12.98666667
K83031,2.0,3.346666667,0.0,0.0,0.0,2.013333333,3.226666667,6.38
K83032,4.48,2.9512,0.0,4.266666667,0.0,6.826666667,1.2,20.18666667
K83035,2.186666667,0.8,0.0,0.0,0.0,2.12,0.0,6.266666667
K83036,3.68,2.24,0.373333333,3.5199999999999996,0.0,4.08,3.013333333,20.16666667
K83037,5.733333334,0.0,0.0,0.853333333,0.0,5.92,4.68,18.70666667
K83039,2.486666667,1.430933333,0.0,0.0,0.0,5.6,0.986666667,11.34666667
K83040,2.186666666,2.657866667,0.0,2.773333333,1.066666667,2.2,1.32,13.38
K83041,3.6,2.313333333,0.0,0.0,0.0,8.706666667,9.426666667,28.85333333
K83042,1.973333333,2.146666667,0.0,0.0,0.0,7.333333333,3.653333333,12.48
K83043,4.96,1.28,0.0,4.266666667,0.0,3.693333333,0.0,27.904
K83044,2.8,1.6,0.0,0.0,0.0,8.2,0.0,17.76
K83047,7.200000000999999,3.466666667,0.0,8.106666665999999,0.0,10.86666667,3.786666667,43.14666667
K83048,0.0,0.0,0.0,0.0,0.0,1.76,0.986666667,5.053333333
K83049,3.834666667,1.714666667,0.0,2.346666667,0.0,7.253333333,4.293333333,24.4536
K83050,1.4,0.0,0.0,0.0,0.0,0.906666667,0.68,4.286666667
K83051,3.2,9.612266667,0.444533333,4.906666666,0.0,7.693333333,2.6,29.67333333
K83052,1.893333333,1.84,0.0,1.066666667,1.066666667,7.213333333,14.00666667,28.02
K83053,2.4,1.6,0.0,0.0,0.0,2.36,2.16,8.333333334
K83055,1.6,0.653333333,0.0,0.0,0.0,1.76,0.666666667,9.24
K83056,0.0,0.0,0.0,0.0,0.0,1.426666667,0.0,6.429333333
K83059,6.106666667,4.42,0.0,8.32,1.066666667,5.866666667,10.57333333,35.92666667
K83064,5.66,2.906666667,0.0,2.453333333,2.133333333,4.733333333,3.76,21.09333333
K83065,3.0,0.0,0.0,0.0,0.0,1.933333333,3.04,8.385015681
K83066,6.72,1.333333333,0.0,0.64,0.0,4.2,9.933333333,16.89333333
K83068,0.84,3.793333333,0.0,0.0,0.0,1.626666667,4.4,11.05333333
K83069,1.333333333,0.0,0.0,0.0,0.0,0.853333333,0.0,3.235787627
K83070,3.386666667,2.133333333,0.0,2.986666667,1.066666667,1.2,5.16,13.44666667
K83076,3.066666667,1.493333333,0.0,1.066666667,0.0,3.0,1.0,10.16
K83077,3.693333333,1.266666667,0.382303741,3.84,0.0,2.386666667,1.253333333,9.953333333
K83080,2.24,0.986666667,0.0,3.2,0.0,1.92,1.16,13.04
K83081,1.0,0.0,0.0,0.0,0.0,0.613333333,0.32,2.56
K83601,1.266666667,0.0,0.0,0.0,0.0,0.0,3.653333333,8.306666667
K83610,7.7466666669999995,0.426666667,0.0,6.506666665999999,0.0,1.933333333,3.106666667,12.98666667
K83614,0.0,2.213333333,0.0,2.773333333,0.0,1.253333333,0.426666667,10.56
K83616,0.0,0.0,0.0,0.64,0.0,2.12,2.0,5.506666667
K83618,2.586666667,0.0,0.0,0.0,0.0,1.693333333,0.0,7.946666667
K83620,1.44,0.944,0.0,0.0,0.0,4.186666667,3.906666667,13.97333333
K83621,1.933333333,1.32,0.253333333,0.0,1.066666667,4.546666667,0.0,14.6
K83622,2.018666667,2.0,0.0,0.853333333,1.066666667,3.693333333,1.0,16.24
K84001,3.04,2.533333333,0.0,0.64,0.0,2.173333333,7.28,12.38
K84002,4.8224,3.666506667,0.0,2.133333333,0.0,3.373333333,3.533333333,19.41333333
K84003,2.645333333,1.626666667,0.0,2.133333333,0.0,1.706666667,5.32,9.766666667
K84004,2.449333333,3.6026666670000003,0.0,0.64,0.0,4.68,1.533333333,12.58666667
K84006,4.6,5.64,0.0,4.906666667,0.0,2.52,19.172,22.024
K84007,0.8,2.7039999999999997,0.0,0.0,0.0,2.853333333,2.0,11.4
K84008,2.346666667,2.773333333,0.0,0.853333333,0.0,2.0,4.146666667,8.24
K84009,0.0,8.06,0.0,2.346666667,0.0,6.24,9.486666667,28.89333333
K84010,1.4,2.146133333,0.0,0.0,0.0,1.906666667,3.533333333,7.906666667
K84011,4.48,3.626666667,0.0,1.066666667,0.0,4.413333333,4.066666667,20.30666667
K84012,3.84,1.28,0.0,2.986666667,0.0,1.68,1.266666667,7.395466667
K84013,3.706666667,5.093333334,1.12,1.706666667,0.0,2.866666667,5.573333333,24.65333333
K84014,1.68,4.32,0.0,1.066666667,0.0,0.573333333,2.006666667,7.986666667
K84015,2.0,0.426666667,0.0,0.0,0.0,2.373333333,1.306666667,6.686666667
K84016,5.733333333,8.454666666000001,0.0,1.066666667,0.0,4.573333333,14.72666667,30.86666667
K84017,6.72,5.816000000000001,0.133333333,2.773333334,0.0,6.346666667,11.42666667,37.45333333
K84019,2.88,4.785333333,0.0,0.0,0.0,3.56,4.333333333,16.52
K84020,3.2,5.6,0.0,3.84,0.0,2.186666667,2.28,13.25333333
K84021,1.28,1.333333333,0.0,0.0,0.0,1.0,1.253333333,7.48
K84023,2.506666667,1.6298666659999999,0.0,4.266666667,0.0,1.173333333,0.8,4.786666667
K84024,4.106666667,0.533333333,0.0,2.773333333,0.0,2.44,1.333333333,8.586666667
K84026,2.446666667,2.826666667,0.0,2.133333334,0.0,2.066666667,2.233333333,12.28
K84027,3.4400000000000004,4.52,0.0,1.066666667,0.0,4.293333333,7.386666667,18.17333333
K84028,2.6008,16.18636613,0.0,1.92,0.0,18.9096971,22.04715428,59.52190075
K84030,2.8,4.573333333,0.0,1.066666667,0.0,3.44,7.813333333,24.28
K84031,2.635466667,2.665066667,0.0,1.6,0.0,1.666666667,1.96,11.75546667
K84032,2.749333333,2.470933333,0.444453333,1.92,0.0,1.0,1.8,11.25333333
K84033,4.173333333,2.253333333,0.0,1.066666667,0.0,2.786666667,3.426666667,9.106666667
K84034,0.64,1.36,0.0,0.0,0.0,0.773333333,0.693333333,6.453333333
K84035,4.48,0.0,0.0,2.133333334,0.0,2.686666667,1.453333333,8.6
K84036,2.2800000000000002,0.864,0.0,1.066666667,0.0,0.773333333,1.053333333,7.352
K84037,3.2,4.986666667,0.0,3.733333333,0.0,4.013333333,6.546666667,10.96
K84038,3.0,4.166666667,0.0,1.066666667,0.0,4.533333333,7.466666667,20.68533333
K84041,3.306666667,5.546666667,0.0,3.413333333,0.0,2.813333333,0.0,0.0
K84042,3.973333333,0.437333333,0.0,0.0,0.0,1.906666667,2.946666667,13.44
K84043,5.4317333329999995,2.103733333,0.0,2.133333333,0.0,2.946666667,3.713333333,18.11333333
K84044,3.573333333,12.96,0.0,4.906666666,0.0,8.12,13.14226038,38.26912096
K84045,1.813333333,1.973333333,0.0,0.853333333,0.0,1.433333333,1.426666667,11.6
K84046,1.3599999999999999,1.52,0.0,4.266666666,0.0,1.346666667,10.06666667,6.16
K84047,1.68,1.586666667,0.0,0.0,0.0,2.413333333,3.62,7.773333333
K84050,3.6,4.666666667,0.0,2.346666667,0.0,5.493333333,6.52,14.49333333
K84051,2.773333333,5.472,0.0,2.56,0.0,3.786666667,13.568,18.70735773
K84052,5.626666667,3.786666667,0.0,1.066666667,0.0,5.906666667,4.786666667,16.86
K84054,4.2,5.2,0.0,2.133333334,0.0,3.453333333,2.186666667,16.62666667
K84055,2.887733333,4.7946666669999995,0.0,0.853333333,0.0,1.8,6.68,19.85410528
K84056,0.813363451,1.293333333,2.676126188,0.0,0.0,2.752623972,4.16,5.953333333
K84058,3.52,0.426666667,0.0,1.066666667,0.0,2.78,0.773333333,14.64666667
K84059,3.8354666660000003,2.004442667,0.0,1.066666667,0.0,4.066666667,5.2,20.25333333
K84060,2.133333333,0.533333333,0.0,1.066666667,0.0,0.786666667,3.401333333,5.446666667
K84062,1.749333333,2.7304,0.0,0.0,0.0,0.933333333,1.2,11.97333333
K84063,0.986666667,4.293333333,0.0,0.0,0.0,0.72,2.16,13.05333333
K84065,1.973333333,0.0,0.0,0.0,0.0,0.4,0.493333333,4.0
K84066,0.0,2.8912,0.0,0.0,0.0,3.413333333,1.0,4.8
K84071,5.88,1.76,0.0,0.64,0.0,2.2,0.266666667,14.68666667
K84072,4.066666667,3.266666666,0.0,2.986666666,0.0,3.853333333,3.013333333,21.98211063
K84075,2.16,2.797333333,0.0,1.066666667,0.0,5.573333333,3.36,11.68666667
K84078,2.666666667,2.208,0.0,0.0,0.0,1.2,0.4,3.853333333
K84079,1.28,2.890666667,0.0,0.0,0.0,2.373333333,1.613333333,7.813333333
K84080,2.853333333,2.998283065,0.0,0.0,0.0,2.346666667,5.48,15.19834901
K84082,2.133333333,4.76,0.0,1.706666667,0.0,2.586666667,6.093333333,14.76
K84605,1.3599999999999999,1.334222133,0.0,0.0,0.0,1.1,0.0,5.0
K84610,0.5,2.353333333,0.0,0.0,0.0,1.24,4.626666667,8.146666667
K84613,4.76,4.893333333,0.0,1.493333333,0.0,3.773333333,8.066666667,20.78
K84618,2.613333333,1.786666666,0.0,1.066666667,0.0,1.333333333,3.24,8.533333333
K84624,3.04,0.8,0.0,0.0,0.0,4.066666667,2.0,10.97333333
L81004,7.066666667,3.944949732,0.0,0.0,0.0,9.12,7.906666667,29.28903688
L81007,8.290666667,12.41866667,0.0,0.64,0.0,7.293333333,12.98666667,52.24666667
L81008,3.893333333,3.404453333,0.0,1.066666667,0.0,4.253333333,1.666666667,16.16
L81009,3.386666667,3.118283065,0.0,0.853333333,0.0,3.866666667,3.72,12.82666667
L81010,2.666666667,0.56,0.0,2.773333333,0.0,3.66,3.86,12.58
L81012,4.0,7.744000000000001,0.0,0.853333333,0.0,4.52,5.84,47.82131063
L81013,4.826666667,3.4,0.0,0.853333333,0.0,2.68,4.968390805,15.61333333
L81014,1.92,3.786666667,0.8,1.066666667,0.0,6.453333333,2.906666667,19.16
L81015,0.0,12.55733333,0.0,2.346666666,0.0,11.62666667,10.96586678,34.06098202
L81016,0.0,2.88,0.0,2.133333333,0.0,4.24,5.346666667,25.2887773
L81017,2.666666667,3.106666667,0.0,1.493333333,0.0,4.24,1.56,15.32666667
L81018,3.48,1.673333333,0.0,1.493333333,0.0,3.226666667,4.013333333,14.44
L81019,3.926666667,5.533333333,0.0,1.706666666,0.0,6.706666667,9.8,13.69333333
L81020,2.8,0.773333334,0.0,2.4533333330000002,0.0,1.613333333,0.586666667,8.346666667
L81021,2.88,3.7600000000000002,1.0,0.0,0.0,5.96,2.186666667,17.24666667
L81022,6.0,6.313333333,0.0,1.493333333,0.0,4.12,5.213333333,21.42211063
L81023,2.9333333329999998,5.24,0.0,4.053333333,0.0,2.746666667,6.546666667,18.11333333
L81024,4.556533333,3.32,0.0,1.066666667,0.0,4.613333333,4.56,21.08
L81025,5.253333333,3.802666667,0.0,1.92,0.0,6.72,5.853333333,26.38666667
L81026,8.346666667,12.03333333,0.0,2.133333333,0.0,4.8,12.65333333,37.74666667
L81027,3.4933333340000003,2.586666667,0.0,1.493333333,0.0,1.92,2.053333333,8.306666667
L81029,3.2,1.6,0.0,0.0,0.0,4.173333333,2.56,16.2
L81030,1.466666667,3.586666667,0.0,1.706666667,0.0,1.146666667,3.513333333,14.44
L81031,2.437333333,6.08,0.0,0.0,0.0,11.82666667,9.48,18.66666667
L81033,3.085333333,4.037333333,0.0,2.986666667,0.0,3.96,2.973333333,17.62666667
L81034,9.573066667,9.024266667,0.0,4.693333333,0.0,10.26666667,7.52,38.06666667
L81037,2.44,6.24,1.0,1.493333333,0.0,6.886666667,8.16,34.93834901
L81038,2.965333333,5.066666667,0.0,1.92,0.0,5.706666667,2.24,13.82
L81039,2.6832,6.797333333,0.0,4.266666667,0.0,9.826666667,3.653333333,30.49333333
L81040,2.533333333,6.066666667,0.0,1.706666667,0.0,5.426666667,5.146666667,20.51880866
L81041,2.4000000000000004,0.36,0.0,2.133333333,0.0,1.626666667,1.813333333,8.74
L81042,3.626666667,1.546666667,0.0,0.0,0.0,1.12,3.653333333,8.866666667
L81044,1.533333333,3.506666667,0.0,0.853333333,0.0,7.946666667,2.6,16.16
L81045,3.610666667,5.981333332999999,0.0,3.52,0.0,6.613333333,4.84,30.0575546
L81046,1.066666667,2.746666667,0.0,0.853333333,0.0,5.066666667,1.786666667,24.46666667
L81047,4.173333333,2.8533333339999998,0.0,0.0,0.0,5.893333333,3.86,17.4
L81050,2.626666667,2.026666667,0.0,1.066666667,0.0,2.373333333,4.011219076,10.29339606
L81051,3.84,7.706666667,0.382303741,1.066666667,0.0,15.93627658,11.67366364,43.26211063
L81053,2.5514666669999997,1.9504,0.443733333,0.0,0.0,0.8,3.013333333,11.69333333
L81054,3.2,5.466666667,0.053333333,1.066666667,0.0,4.12,2.28,14.44
L81055,5.2,3.6,0.0,2.133333333,0.0,5.34,3.066666667,20.06857723
L81058,1.926666667,1.861333333,0.0,1.066666667,0.0,4.413333333,1.853333333,13.28
L81059,0.373333333,2.053333333,0.0,0.0,0.0,2.613333333,6.146666667,14.56
L81061,2.933333333,2.928,0.0,0.853333333,0.0,3.6,2.173333333,13.76
L81062,4.177660236,4.546666667,0.0,2.133333333,0.0,6.9016,4.053333333,33.66
L81063,3.953333333,2.54,0.0,1.706666666,0.0,3.84,4.946666667,19.44
L81065,3.413333333,3.266666667,0.0,2.773333333,0.0,5.606666667,1.373333333,22.10666667
L81066,2.573333333,1.946666667,0.0,0.0,0.0,2.96,2.466666667,18.13333333
L81068,3.9733333340000003,0.8896,0.0,0.0,0.0,1.203466667,1.986666667,10.56
L81069,3.2,0.8,0.0,1.066666667,0.0,2.52,3.026666667,10.53333333
L81070,1.28,1.28,0.0,1.066666667,0.0,1.6,5.213333333,9.226666667
L81071,1.786666667,1.84,0.0,2.453333333,0.0,3.533333333,2.92,15.3833647
L81072,4.0,4.0,0.0,2.133333333,0.0,3.346666667,10.2184,12.66266667
L81073,0.533333333,2.886666667,0.0,0.64,0.0,1.312,2.086666667,9.680266667
L81075,3.733333333,11.06666667,0.0,2.133333333,0.0,15.32595731,14.62,34.24666667
L81078,4.773333333,4.693333333,0.0,1.92,0.0,4.24,5.125333333,21.70666667
L81079,7.624666667,10.72,0.0,1.92,0.0,15.44106889,11.89015711,34.38
L81081,7.333333333,5.866666667,0.0,0.64,0.0,5.113333333,2.933333333,15.12666667
L81082,1.8887999999999998,5.040266667,0.0,0.0,0.0,3.76,2.0,17.97333333
L81083,1.6,2.973333334,0.0,1.92,0.0,3.053333333,4.6,7.546666667
L81084,4.213333333,2.673866667,0.0,1.066666667,0.0,2.96,1.293333333,16.57333333
L81085,2.266666667,1.637333333,0.0,0.0,0.0,2.173333333,1.48,11.26
L81086,16.28,25.28,0.0,1.493333333,0.0,35.52,20.94666667,126.8933333
L81087,7.213333333,1.093333333,0.0,1.386666667,0.0,3.986666667,0.0,13.71333333
L81089,2.373333333,2.794666667,0.0,1.92,0.0,2.48,5.56,12.05333333
L81090,4.973333333,4.373333333,0.0,2.133333333,0.0,2.093333333,2.533333333,16.69168235
L81091,2.773333333,3.946666667,0.0,1.706666667,0.0,2.62,4.763618834,13.33333333
L81095,1.786666667,2.206666667,0.0,0.0,0.0,2.2,2.533333333,7.146666667
L81098,1.524266667,3.367733333,0.0,0.853333333,0.0,2.306666667,2.746666667,12.24
L81103,3.533333333,0.893333333,0.0,0.853333333,0.0,2.3152,1.893333333,11.46
L81106,0.56,2.4,0.48,0.0,0.0,1.546666667,0.533333333,10.06666667
L81117,0.0,0.426666667,0.0,0.0,0.0,0.8,1.0,4.64
L81118,1.333333333,4.026666667,1.6,2.88,0.0,3.573333333,7.786666667,26.38857723
L81120,2.213333333,1.221333333,0.0,0.0,0.0,1.773333333,1.0,4.853333333
L81122,2.56,1.093333333,0.0,0.0,0.0,1.52,1.066666667,6.593333333
L81123,4.533333333,0.893333333,0.0,0.0,0.0,0.72,2.106666667,6.24
L81125,1.6,1.12,0.0,0.0,0.0,2.146666667,0.0,7.513333334
L81127,1.493333333,2.133333333,0.0,0.0,0.0,0.4,2.266666667,6.84
L81130,3.466666667,4.2,0.0,1.92,0.0,2.586666667,5.886666667,17.45333333
L81131,2.346666666,3.131616399,0.426666667,1.066666667,0.0,5.512623972,1.12,16.19168235
L81132,2.133333333,1.110666666,0.0,1.066666667,0.0,1.813333333,0.48,3.706666667
L81133,0.0,10.176631710999999,0.0,0.0,0.0,6.666666667,2.866666667,16.33333333
L81600,2.6882666659999996,3.1666666670000003,0.0,1.493333333,0.0,3.0,6.344736587,12.5968
L81617,1.28,1.294666667,0.0,0.0,0.0,2.179290639,1.12,9.595443968
L81632,1.066666667,2.613333333,0.0,0.853333333,0.0,2.746666667,1.866666667,10.12
L81642,1.466666667,1.146666667,0.6,0.0,0.0,1.426666667,1.8,4.96
L81643,1.0,1.68,0.0,1.066666667,0.0,6.413333333,2.826666667,16.29333333
L81644,1.893333334,2.177866666,0.0,0.0,0.0,1.6,4.306666667,12.76013333
L81649,3.44,3.589333333,0.0,1.92,0.0,3.853333333,4.613333333,14.06666667
L81669,0.0,0.8,0.0,0.0,0.0,0.0,0.0,0.0
L81670,0.0,1.706666667,0.0,0.0,0.0,4.68,4.293333333,8.9
L82001,7.026666667,3.393333333,0.0,2.986666666,0.0,4.706666667,2.893333334,21.36712632
L82003,3.2800000000000002,1.706666667,0.0,1.066666667,0.0,3.493333333,5.333333333,15.37333333
L82004,1.749333333,3.045333333,0.0,1.066666667,0.0,3.453333333,3.44,14.73333333
L82006,7.52,2.32,0.0,2.986666666,0.0,10.21333333,10.13333333,22.69333333
L82007,1.0,2.8888,0.0,0.0,0.0,2.68,1.618069921,8.2
L82008,2.4464,3.5584,0.0,0.0,0.0,1.593333333,2.786666667,16.78666667
L82010,5.933333333,3.333333333,0.0,5.546666667,0.0,9.586666667,10.36,27.22000423
L82011,1.066666667,0.226666667,0.0,0.0,0.0,2.693333333,4.773333334,9.393333333
L82012,2.526666667,4.944,0.0,0.64,0.0,5.426666667,20.29333333,28.74
L82013,2.8392,1.457866667,0.0,1.066666667,0.0,1.44,3.413333333,12.38666667
L82015,2.68,0.96,0.0,0.853333333,0.0,2.226666667,0.32,9.893333333
L82016,5.066666667,3.573333333,0.0,0.0,0.0,11.12,20.74666667,28.10666667
L82017,5.1333333329999995,2.0,0.0,0.0,0.0,1.2,0.0,0.0
L82018,4.52,6.613333333,0.0,2.133333333,0.0,6.24,9.623490439,26.26666667
L82022,2.38,4.466666667,0.8,0.0,0.0,3.28,5.813333333,18.58666667
L82023,3.786666667,4.693333333,0.0,0.0,0.0,7.564,27.96,30.29333333
L82025,1.2,1.546666667,0.0,0.0,0.0,2.76,4.213333333,6.013333333
L82026,2.986666667,0.426666667,0.0,1.066666667,0.0,1.485957305,2.853333333,9.0
L82028,8.426666667,2.88,0.0,1.493333333,0.0,4.706666667,11.44,22.51333333
L82029,6.453333333,4.88,0.0,1.066666667,0.0,5.715733333,7.886666667,14.2
L82030,5.222133333,5.169066667,0.0,0.0,0.0,5.986666667,18.52,17.96666667
L82035,0.0,1.133333333,0.0,2.133333334,0.0,3.226666667,1.84,17.0
L82036,7.466666667,0.64,0.0,1.706666666,0.0,3.12,3.573333333,18.53333333
L82038,3.733333333,3.986666667,0.0,2.986666667,0.0,5.546666667,8.973333333,25.54666667
L82039,1.2,0.506666667,0.0,1.066666667,0.0,1.773333333,4.026666667,8.173333333
L82041,5.933333333,9.066666667,0.0,2.56,0.0,8.906666667,6.301130191,73.52454357
L82042,4.3472,3.9328,0.0,0.0,0.0,8.96,1.6,24.04
L82043,2.586666667,0.92,0.0,0.0,0.0,0.826666667,4.586666667,8.386666667
L82044,0.933333333,4.973333333,0.0,0.0,0.0,3.986666667,5.973333333,26.84
L82045,3.473333333,2.666666667,0.0,1.493333333,0.0,6.333333333,17.42693677,16.29077195
L82046,2.76,2.546666667,0.0,1.92,0.0,2.08,6.020813008,22.09333333
L82047,3.2,0.453333333,0.0,2.986666667,0.0,2.106666667,9.36,11.81333333
L82048,2.16,0.64,0.0,0.853333333,0.0,1.786666667,1.373333333,9.96
L82049,6.08,0.0,0.0,0.853333333,0.0,1.08,2.0,6.32
L82050,0.813363451,2.0,0.0,1.066666667,0.0,3.373333333,8.28,14.90501568
L82051,1.6,2.813333333,0.0,0.0,0.0,4.8,9.686666667,14.54
L82052,4.96,2.413333333,0.0,2.773333333,0.0,2.266666667,4.026666667,15.98666667
L82054,4.48,2.08,0.0,1.92,0.0,2.88,5.76,11.13333333
L82056,2.92,1.253333333,0.213333333,0.853333333,0.0,3.08,5.0,16.94666667
L82057,1.92,0.0,0.0,0.0,0.0,1.0,0.88,8.92
L82058,1.693333333,0.666666667,0.0,1.066666667,0.0,1.593333333,3.26,3.92
L82059,1.8,0.533333333,0.0,0.0,0.0,1.6,4.226666667,10.73333333
L82061,3.466666667,1.866666667,0.0,1.28,0.0,1.24,5.586666667,9.8
L82066,1.44,1.754666667,0.0,0.0,0.0,2.066666667,1.693333333,7.48
L82068,2.133333333,2.812533333,0.0,4.053333333,0.0,2.106666667,6.066666667,17.29333333
L82070,2.153333333,1.56,0.0,1.92,0.0,2.733333333,1.833333333,12.25333333
L82620,0.88,1.333333333,0.0,0.0,0.0,2.0,4.626666667,11.85333333
L82622,1.693333333,1.6,0.0,0.0,0.0,1.44,1.48,8.873333333
L83002,4.230933333,5.706666665999999,0.0,2.133333334,0.0,7.546666667,3.36,29.24
L83003,0.0,2.218666667,0.0,0.0,0.0,4.6,3.52,15.86666667
L83004,3.92,1.6,0.0,1.92,0.0,2.48,5.44,16.52666667
L83005,4.52,3.526666667,0.106666667,2.9866666669999997,0.0,3.08,2.386666667,17.80666667
L83006,0.0,6.334283065,0.382303741,0.0,0.0,17.99931229,13.48473659,48.05128405
L83007,5.6,0.933333333,0.0,2.133333334,0.0,2.293333333,3.826666667,13.64
L83008,5.02,10.878283067,0.0,5.973333333,0.0,6.253333333,6.72,58.1
L83010,2.24,1.093333334,0.0,1.6,0.0,1.053333333,3.92,7.850031362
L83011,3.44,1.88,0.0,1.173333333,0.0,0.986666667,1.64,13.82666667
L83012,1.880030118,0.4,0.0,0.0,0.0,2.213333333,0.426666667,5.36
L83013,2.885333333,4.0024,0.0,0.0,0.0,4.4,8.133333333,26.86533333
L83014,2.133333333,4.48,0.0,1.066666667,0.0,5.653333333,12.17333333,28.96
L83015,0.8,1.333333333,0.0,1.066666667,0.0,1.64,2.933333333,11.81333333
L83016,7.066666667,10.226666667,0.266666667,4.906666666,0.0,12.03653333,6.806666667,40.7
L83018,0.0,0.16,0.0,0.0,0.0,0.0,0.0,1.6
L83019,4.293333333,0.509333333,0.0,2.133333334,0.0,0.906666667,1.24,10.89333333
L83020,4.8,2.32,0.0,1.066666667,0.0,5.312623972,2.573333333,19.74
L83021,2.133333333,1.16,0.0,1.706666667,0.0,3.666666667,2.4,11.78666667
L83023,2.333066667,1.8,0.0,0.0,0.0,1.6,5.593333333,10.14666667
L83024,1.533333333,3.213333333,0.0,0.0,0.0,1.146666667,1.76,9.766666667
L83025,2.68,1.36,0.0,2.773333333,0.0,3.373333333,7.346666667,20.39544397
L83026,1.885866667,0.554666667,0.0,0.0,0.0,1.466666667,1.813333333,5.22
L83027,0.0,0.0,0.0,0.0,0.0,0.653333333,0.666666667,3.213333333
L83028,4.706666667,2.084,0.0,0.853333333,0.0,3.293333333,2.786666667,21.60666667
L83029,1.0,1.84,0.0,0.853333333,0.0,2.626666667,1.293333333,10.84
L83030,2.92,3.813333333,0.0,3.2,0.0,2.32,3.226666667,12.25333333
L83031,3.36,3.72,0.48,4.266666667,0.0,6.113333333,3.92,21.06
L83034,2.533333333,1.725333333,0.0,1.28,0.0,4.393333333,2.733333333,14.34666667
L83035,7.2933333330000005,1.128,0.0,3.2000000010000003,0.0,8.0,5.266666667,24.06666667
L83036,4.293333333,2.346666667,0.0,4.053333334,0.0,2.426666667,1.146666667,13.94666667
L83038,6.4,4.773333333,0.266666667,2.773333333,0.0,3.52,1.96,26.20666667
L83039,1.76,1.333333333,0.0,0.0,0.0,2.093333333,0.746666667,10.02666667
L83040,5.349333333,5.645333333,0.0,2.773333333,0.0,3.333333333,3.733333333,21.56
L83041,2.88,1.76,0.0,1.813333334,0.0,3.2,1.44,12.36
L83042,4.4,0.426666666,0.0,1.066666667,0.0,3.12,0.693333333,11.41333333
L83043,7.906666667,0.933333333,0.0,2.24,0.0,5.96,6.786666667,15.57333333
L83044,6.24,0.0,0.0,0.853333333,0.0,3.08,9.813333333,14.02045965
L83045,6.906666667,3.253333333,0.0,1.706666667,0.0,4.0,4.666666667,9.813333333
L83046,4.48,1.466666667,0.0,1.066666667,0.0,1.946666667,6.386666667,8.12
L83048,3.733333333,2.186666666,0.0,1.92,0.0,4.04,2.106666667,17.16
L83049,1.173333333,0.533333333,0.0,1.546666667,0.0,1.12,0.0,6.56
L83050,6.576533333,0.64,0.0,2.986666666,0.0,3.271733333,4.32,19.17333333
L83051,1.6,2.973066667,0.0,0.64,0.0,4.746666667,3.506666667,10.78211063
L83052,0.0,5.986666667,0.0,1.066666667,0.0,4.906666667,5.417228004,16.21333333
L83054,3.554696785,1.301333334,0.0,0.533333333,0.0,3.666666667,0.0,6.773333333
L83055,3.613333333,2.16,0.0,1.066666667,0.0,5.106666667,5.613333333,26.62666667
L83056,2.4,3.226666667,0.0,3.8400000000000003,0.0,5.733333333,14.65333333,20.79333333
L83057,4.533333333,2.0,0.0,1.0,0.0,3.52,2.88,13.44
L83058,2.6666666670000003,1.361333333,0.0,0.853333333,0.0,1.733333333,1.093333333,12.84422127
L83059,5.466666666,0.0,0.266666667,2.773333334,0.0,2.386666667,1.36,18.16
L83064,2.133333333,4.0,0.0,3.2,0.0,3.52,2.793333333,15.7
L83066,5.76,3.213333333,0.0,4.266666667,0.0,4.146666667,1.706666667,26.03333333
L83067,3.866666667,5.800000000000001,0.0,1.92,0.0,8.14,5.72,28.516
L83069,0.8896,3.892,0.0,3.2,0.0,7.496266667,11.42666667,29.02666667
L83070,3.173333333,1.08,0.0,0.0,0.0,2.76,1.6,7.5
L83071,2.16,0.0,0.213333333,0.0,0.0,2.026666667,3.44,6.24
L83072,0.773333333,3.262133333,0.0,1.066666667,0.0,6.246666667,5.226666667,13.14
L83073,9.626666667,0.874666667,0.0,3.2,0.0,6.093333333,6.386666667,27.48
L83075,2.426666667,0.48,0.133333333,2.133333334,0.0,1.52,1.2,7.266666667
L83076,1.6,1.933333333,0.0,1.92,0.0,1.333333333,4.92,17.76
L83077,3.473333333,0.937866667,0.0,1.92,0.0,1.84,0.773333333,6.266666667
L83079,1.866666667,4.96,0.0,1.066666667,0.0,2.653333333,1.013333333,11.88
L83081,4.586666667,0.0,0.0,1.706666666,0.0,1.84,5.32,8.28
L83082,2.36,0.106666667,0.0,1.066666667,0.0,0.56,0.533333333,4.32
L83083,8.373333333,2.026666666,0.0,1.706666667,0.0,5.226666667,5.0,22.47333333
L83084,3.52,0.426666667,0.0,1.92,0.0,2.293333333,0.933333333,6.973333333
L83085,6.0,9.280000000000001,0.0,7.2533333330000005,0.0,4.645957305,2.806666667,29.91333333
L83086,2.613333333,1.153333334,0.0,0.0,0.0,1.226666667,2.306666667,9.013333333
L83087,3.24,4.506666667,0.0,2.773333333,0.0,6.526666667,12.36666667,22.14
L83088,3.2,0.0,0.0,0.0,0.0,1.8,1.626666667,7.613333333
L83089,3.84,2.026666667,0.0,1.92,0.0,4.626666667,3.48,18.65333333
L83092,6.453333333,3.333333333,1.715637075,3.2,0.0,8.506666667,9.413333333,30.24666667
L83094,3.306666667,1.08,0.0,0.0,0.0,1.933333333,2.493333333,13.2
L83095,1.2,3.974133333,0.0,0.0,0.0,6.346666667,2.88,16.72
L83096,8.106666667,2.773333334,0.0,2.133333334,0.0,5.786666667,3.053333333,25.61333333
L83097,7.226666666,0.666666667,0.0,2.133333333,0.0,2.386666667,1.28,17.66666667
L83098,1.0,2.274666667,0.0,0.853333333,0.0,0.6,0.32,7.96
L83099,1.6,0.757333333,0.0,1.066666667,0.0,1.64,0.426666667,6.96
L83100,7.253333333,4.352,0.0,8.320000001,0.0,8.72,14.36,72.15333333
L83101,5.786666667,4.64,0.0,3.84,0.0,5.106666667,6.546666667,18.73333333
L83102,6.0,0.0,0.0,1.066666667,0.0,1.506666667,1.473333333,11.28
L83103,2.8,2.506666667,0.0,3.84,0.0,5.04,3.2,16.69333333
L83105,3.186666667,2.346666667,0.0,0.0,0.0,3.73286227,5.791403254,14.02666667
L83106,6.333363451,0.0,0.0,2.133333334,0.0,3.413333333,3.32,13.25168235
L83111,6.806666667,2.133333333,0.253333333,4.053333334,0.0,6.866666667,6.282933333,15.08666667
L83112,2.8,2.0,0.0,1.706666667,0.0,1.833333333,1.74,11.25333333
L83113,1.986666667,0.8,0.0,0.853333333,0.0,3.08,2.146666667,8.466666667
L83115,1.093333334,1.266666667,0.0,0.64,0.0,0.906666667,0.746666667,6.866666667
L83116,1.28,0.7066666669999999,0.0,0.0,0.0,1.186666667,5.026666667,10.17333333
L83118,4.1333333340000005,4.333333333,0.0,1.706666666,0.0,7.432,6.746666667,25.02391376
L83120,2.853333333,6.773333333,0.0,2.133333333,0.0,9.2,5.046666667,28.48
L83127,2.92,2.613333334,0.866666667,0.0,0.0,5.786666667,9.94,31.312
L83128,2.212,1.126666667,0.0,2.133333334,0.0,2.0,2.186666667,8.186666667
L83129,1.866666667,0.0,0.0,1.066666667,0.0,1.672623972,3.84,5.526666667
L83131,3.84,9.306666667,0.0,2.133333333,0.0,10.08,10.53333333,36.02666667
L83134,1.322666667,1.450666667,0.0,1.28,0.0,1.053333333,5.373333333,2.186666667
L83136,3.04,2.0,0.0,1.066666667,0.0,0.986666667,1.826666667,9.293333333
L83137,7.706666667,0.906666667,0.0,1.706666666,0.0,3.653333333,4.293333333,16.81333333
L83143,2.426666667,0.0,0.0,0.0,0.0,1.28,0.32,4.173333333
L83146,0.746666667,3.066666667,0.0,1.066666667,0.0,2.826666667,1.173333333,4.253333333
L83147,3.72,2.613333333,0.0,1.92,0.0,6.58,2.08,16.304
L83148,3.466666666,0.346666666,0.0,0.853333333,0.0,1.573333333,2.373333333,7.533333333
L83607,1.36,1.12,0.0,0.0,0.0,1.96,1.213333333,8.413333333
L83616,10.07199796,0.0,0.0,0.0,0.0,0.685957305,2.729473175,1.56
L83624,1.813333333,0.48,0.0,0.0,0.0,4.006666667,3.306666667,8.186666667
L83628,2.7199999999999998,0.613333333,0.0,0.853333333,0.0,2.933333333,2.053333333,9.373333333
L83639,1.28,0.8,0.0,1.066666667,0.0,0.48,1.6,4.426666667
L83646,3.6,1.173333333,0.0,1.066666667,0.0,5.0,3.693333333,12.66666667
L83648,5.333333333,8.451616398,0.0,2.133333334,0.0,7.2,2.04,21.14666667
L83651,0.533333333,1.7333333340000001,0.0,0.0,0.0,0.533333333,0.893333333,5.506666667
L83655,0.853333333,2.618666666,0.0,1.066666667,0.0,1.16,0.32,6.333333333
L83657,1.3599999999999999,3.44,0.0,1.066666667,0.0,0.8,1.68,5.533333333
L83663,1.386666667,0.0,0.0,1.066666667,0.0,0.453333333,1.64,6.626666667
L83666,0.437333333,1.968,0.0,1.386666666,0.0,0.333333333,0.64,3.693333333
L83673,0.0,1.613333333,0.0,1.066666667,0.0,1.84,0.0,3.24
L84003,3.8400000000000003,2.173333333,0.0,1.066666667,0.0,2.066666667,0.986666667,7.766133334
L84004,4.6,1.706666667,0.0,1.706666667,0.0,2.426666667,4.653333333,10.34666667
L84005,4.266666666,0.0,0.0,1.28,0.0,2.48,1.793333333,9.24
L84006,2.133333333,1.2,0.0,0.853333333,0.0,1.72,8.68,6.666666667
L84007,3.5999999999999996,2.533333333,0.8,0.853333333,0.0,3.053333333,9.44,10.05333333
L84008,4.626666667,1.38,0.0,0.853333333,0.0,3.466666667,2.893333333,11.98666667
L84009,4.906666667,4.666666667,0.0,1.706666667,0.0,6.72,6.506666667,25.96666667
L84010,1.7333333340000001,5.450400001,0.0,0.0,0.0,4.173333333,5.506666667,14.42666667
L84011,0.0,5.253333334,0.0,0.0,0.0,3.52,6.973333333,10.89333333
L84012,10.25466667,1.744949732,0.186666667,1.28,0.0,7.36,15.32,32.92666667
L84014,3.1199999999999997,1.082666667,0.0,1.493333333,0.0,3.513333333,3.893333333,11.24
L84015,5.0,0.746666666,0.0,1.92,0.0,2.72,3.973333333,10.44
L84016,2.186666667,1.64,0.106666667,1.493333333,0.0,2.04,3.206666667,6.226666667
L84018,2.626666667,3.656,0.0,1.706666667,0.0,5.36,6.173333333,16.74666667
L84021,1.92,2.933333333,0.0,2.133333333,0.0,2.373333333,6.773333333,7.766666667
L84022,3.546666667,0.96,0.186666667,1.066666667,0.0,1.8,1.066666667,10.32
L84023,2.746666667,4.0,0.0,1.066666667,0.0,5.826666667,3.586666667,15.16
L84024,0.0,1.693333333,0.0,0.0,0.0,2.426666667,1.84,4.813333333
L84025,2.9866666669999997,0.813333333,0.0,1.066666667,0.0,2.173333333,1.0,11.22666667
L84026,8.74,7.4948,0.0,4.373333334,0.0,9.093333333,18.25333333,55.12
L84027,2.138666667,7.917333334,0.0,0.746666667,0.0,7.98,13.49333333,28.69333333
L84028,3.36,0.853333333,0.648970408,0.0,0.0,6.733333333,8.72,13.40666667
L84029,0.0,1.88,0.0,0.0,0.0,1.84,2.4,7.713333333
L84030,4.053333334,3.018666667,0.0,2.133333334,0.0,3.946666667,3.026666667,13.16
L84031,1.786666667,1.166666667,0.0,1.066666667,0.0,2.613333333,3.293333333,8.653333333
L84033,4.12,3.566666667,0.0,0.64,0.0,3.646666667,2.106666667,22.44666667
L84034,0.0,4.2,0.213333333,0.853333333,0.0,3.88,2.64,16.12
L84036,3.086666667,2.64,0.0,1.066666667,0.0,4.533333333,2.413333333,13.14666667
L84037,6.4,0.0,0.0,1.066666667,0.0,3.1,5.333333333,14.44
L84038,4.72,0.346666667,0.0,0.746666667,0.0,3.699290639,7.013333333,16.10712632
L84039,4.933333333,0.0,0.0,1.706666667,0.0,2.8,1.466666667,8.04
L84040,7.413333333,1.586666667,0.0,0.0,0.0,2.106666667,2.563759401,13.57333333
L84041,3.668533333,2.4453333329999998,0.106666667,2.773333334,0.0,4.44,2.533333333,14.22666667
L84043,2.64,0.0,0.0,0.0,0.0,2.566666667,1.96,7.206666667
L84045,2.053333334,0.586666667,0.0,3.413333333,0.0,1.826666667,5.5,9.526666667
L84046,1.52,1.8,0.0,0.0,0.0,2.346666667,1.4,7.733333333
L84047,3.065333333,3.656,0.0,1.493333333,0.0,6.299290639,5.573333333,23.69168235
L84048,2.786666667,2.6,0.0,0.0,0.0,3.646666667,1.746666667,11.77333333
L84049,3.493333333,0.8,0.0,2.986666666,0.0,1.4,3.04,10.58666667
L84050,6.125066667,11.04301333,0.0,2.88,0.0,14.24666667,7.813333333,53.60666667
L84051,2.770666667,2.9455999999999998,0.0,0.853333333,0.0,3.493333333,4.406666667,8.986666667
L84052,1.28,3.12,0.333333333,1.706666667,0.0,3.28,2.906666667,12.85333333
L84053,2.8,1.882666667,0.0,0.0,0.0,2.64,7.44,9.86
L84054,3.68,2.467466667,0.0,0.64,0.0,4.72,3.033333333,12.74
L84058,0.0,3.856,0.0,0.0,0.0,4.48,0.64,6.053333333
L84059,2.546666667,1.333333333,0.0,1.066666667,0.0,2.473333333,2.2,8.215682348
L84060,2.6799999999999997,4.749333333,0.0,1.28,0.0,3.12,5.861130191,18.0233647
L84063,1.866666667,1.28,0.0,0.0,0.0,1.76,2.693333333,5.106666667
L84065,3.973333333,0.8888,0.0,2.133333333,0.0,5.12,2.0,12.28
L84067,6.266666667,1.333333333,0.0,1.066666667,0.0,3.28,0.746666667,10.52
L84068,2.0,1.810666666,0.0,1.493333333,0.0,1.226666667,3.813333333,9.866666667
L84069,4.066133334,2.249866667,0.0,0.0,0.0,5.546666667,10.24,22.89333333
L84072,2.76,0.933333333,0.0,0.0,0.0,1.36,3.92,6.346666667
L84075,1.946666667,2.126666667,0.0,0.853333333,0.0,2.866666667,6.0,11.45333333
L84077,3.0,3.985333333,0.0,1.386666667,0.0,5.293333333,1.0,17.3
L84080,0.5,1.193333333,0.0,0.0,0.0,1.573333333,0.0,4.393333333
L84081,1.066666667,1.626666667,0.0,0.0,0.0,0.773333333,3.64,6.12
L84084,2.688,2.464,0.0,0.0,0.0,1.92,4.28,16.62666667
L84085,2.186666667,0.0,0.0,0.853333333,0.0,1.493333333,2.04,5.04
L84606,3.7776,2.221866667,0.0,1.066666667,0.0,3.226666667,5.32,14.25333333
L84613,1.6,0.0,0.0,0.0,0.0,1.106666667,0.8,3.413333333
L84617,2.133333333,0.426666667,0.0,1.92,0.0,1.426666667,2.44,10.22666667
L85001,8.4496,0.4448,0.0,0.853333333,0.0,6.106666667,6.12,23.88
L85002,5.133333333,2.778666667,0.0,1.066666667,0.0,3.506666667,3.1,13.82
L85003,1.293333333,1.798283065,0.0,0.853333333,0.0,1.013333333,2.32,4.066666667
L85004,0.0,4.962666667,0.0,1.066666667,0.0,2.653333333,2.626666667,15.24
L85006,3.2,0.0,0.0,2.133333334,0.0,1.84,5.373333333,17.17333333
L85007,0.0,3.4976,0.0,0.0,0.0,3.316321839,3.727796857,28.31379298
L85008,4.0,12.08,1.191274149,4.906666667,0.0,21.91432511,17.57015711,61.48257028
L85009,4.266666667,0.853333333,0.0,1.066666667,0.0,4.253333333,2.64,13.90666667
L85010,0.0,3.848248109,0.0,1.066666667,0.0,6.026666667,5.773333333,13.86501568
L85011,3.1733333329999995,3.566933333,0.0,0.0,0.0,2.08,2.716139841,9.293333333
L85012,7.133333333,1.008,0.0,3.52,0.0,2.6,4.394666667,25.31333333
L85013,2.133333333,0.0,0.0,0.0,0.0,2.086666667,3.56,5.053333333
L85014,4.693333333,2.286666667,0.0,3.84,0.0,2.36,8.546666667,24.94666667
L85015,5.226666667,3.1688,0.0,5.440000001,0.0,2.513333333,6.186666667,19.96
L85016,1.066666667,3.748,0.0,1.066666667,0.0,5.030666667,7.013333333,23.6
L85017,2.986666667,0.75,0.0,4.693333334,0.0,3.0,2.68,15.18666667
L85018,2.746666667,0.0,0.0,0.853333333,0.0,1.973333333,0.706666667,9.913333333
L85019,1.6,0.106666667,0.0,0.0,0.0,5.373333333,3.826666667,16.37168235
L85020,2.226666667,3.366666667,0.0,2.133333334,0.0,3.48,9.346666667,18.96666667
L85021,6.186666667,1.1197333329999999,0.0,1.92,0.0,3.506666667,1.813333333,11.64
L85022,1.866666667,3.082666667,0.0,1.066666667,0.0,5.453333333,9.510202116,13.84666667
L85023,4.24,1.813333333,0.0,2.56,0.0,4.693333334,7.76,20.46666667
L85024,2.453333333,3.573333333,0.0,1.706666667,0.0,7.013333333,9.713333333,19.74666667
L85025,4.106666667,2.393333333,0.0,7.039999999999999,0.0,4.773333333,1.786666667,14.78666667
L85026,1.04,0.0,0.0,0.0,0.0,2.346666667,2.270285501,5.466666667
L85027,0.0,3.1272,0.0,0.0,0.0,4.406666667,4.62,10.71333333
L85029,4.373333333,1.586666667,0.0,0.853333333,0.0,4.066666667,4.506666667,12.67333333
L85030,5.52,7.053333333,0.0,1.92,0.0,8.106666667,7.190133333,27.45333333
L85031,2.266666667,2.250666666,0.0,0.853333333,0.0,0.666666667,7.84,14.94666667
L85032,0.0,1.893333333,0.0,1.066666667,0.0,2.3888,1.44,9.888380376
L85033,4.746666667,2.533333333,0.0,2.9866666669999997,0.0,7.133333333,14.64,22.15333333
L85034,5.12,1.586666667,0.0,0.0,0.0,1.68,3.24,12.15834901
L85035,7.796666667,1.866666667,0.0,3.84,0.0,6.52,3.373333333,19.46
L85036,2.88,0.0,0.0,1.066666667,0.0,2.253333333,6.066666667,8.413333333
L85037,2.16,0.72,0.0,0.64,0.0,2.08,3.938069921,5.933333333
L85038,0.0,4.066666666,0.346666667,0.0,0.0,3.84,2.266666667,7.3
L85039,7.16,2.550666667,0.0,1.92,0.0,5.506666667,2.36,16.24
L85040,1.746666667,2.346666667,0.0,2.986666667,0.0,2.64,3.426666667,8.72
L85042,7.6,1.36,0.0,1.92,0.0,5.173333333,2.553333333,25.09333333
L85043,3.25,1.6,0.0,2.56,0.0,4.146666667,2.826666667,19.22
L85044,6.666666667,0.893333333,0.0,1.706666667,0.0,1.186666667,1.413333333,14.65333333
L85046,3.773333333,0.666666667,0.0,3.413333333,0.0,2.866666667,4.133333333,8.666666667
L85047,0.0,1.133333333,0.0,1.92,0.0,2.533333333,1.0,9.2
L85048,1.0,1.758666667,0.0,0.0,0.0,1.333333333,3.48,7.986666667
L85050,1.7333333340000001,1.56,0.0,0.0,0.0,4.146666667,1.72,8.446666667
L85051,0.853333333,2.717333333,0.0,0.0,0.0,4.68,0.506666667,18.31669803
L85052,0.6,2.881066667,0.0,1.066666667,0.0,4.546666667,2.76,10.03669803
L85053,3.333333333,0.533333333,0.0,2.346666667,0.0,2.586666667,1.653333333,12.07168235
L85054,4.4799999999999995,0.0,0.0,1.92,0.0,0.84,1.413333333,12.60666667
L85055,2.2,2.445333333,0.0,0.0,0.0,0.426666667,4.046666667,11.93333333
L85056,0.333333333,2.143298377,0.0,0.0,0.0,2.28,0.0,11.29333333
L85061,1.2,0.8,0.0,0.0,0.0,1.973333333,2.72,5.48
L85062,1.996266667,1.0008,0.0,1.066666667,0.0,1.733333333,0.586666667,10.39333333
L85064,0.622133333,3.134933333,0.0,1.706666667,0.0,5.48,2.2,10.02666667
L85065,1.386666667,3.9973333330000003,0.522146095,2.133333334,0.0,2.493333333,1.253333333,19.68
L85066,0.608,2.951616399,0.0,0.0,0.0,5.586666667,4.898069921,9.806666667
L85601,1.110933333,0.866666667,0.0,0.0,0.0,0.64,0.553333333,7.286666667
L85607,0.853333333,3.466666667,0.0,1.066666667,0.0,5.28,0.506666667,16.11504704
L85609,0.36,2.458666667,0.0,0.853333333,0.0,2.2,1.933333333,6.2
L85611,1.333333333,0.8,0.0,0.853333333,0.0,1.725957305,0.96,8.470887935
L85624,3.093333334,0.533333333,0.0,0.0,0.0,1.36,2.826666667,5.333333333
M81001,4.173333334,6.5600000000000005,0.0,3.626666666,0.0,4.2,1.606666667,20.82666667
M81002,3.093333333,4.202666667,0.0,2.133333333,0.0,3.586666667,4.64,13.65333333
M81004,6.72,1.733333333,0.0,0.0,0.0,3.973333333,11.68,16.09333333
M81005,3.84,2.826666666,0.0,0.0,1.066666667,7.666666667,1.293333333,17.85333333
M81006,2.186666667,7.12,0.0,0.533333333,0.0,7.526933333,1.893333333,24.36
M81007,2.666666667,1.004266667,0.0,0.0,0.0,1.626666667,4.713333334,12.38666667
M81008,7.8,2.1408,0.0,1.92,0.0,4.453333333,2.293333333,19.34
M81009,1.266666667,2.346666667,0.0,0.0,0.0,1.493333333,2.426666667,13.73333333
M81010,2.413333333,4.997333333,0.0,1.066666667,0.0,9.32,5.68,14.63333333
M81011,2.773333333,1.334133333,0.0,1.066666667,0.0,1.773333333,4.466666667,9.566666667
M81012,3.7600000000000002,4.866666667,0.0,1.066666667,0.0,4.08,3.96,19.09333333
M81015,3.253333333,2.52,0.0,0.0,0.0,2.986666667,2.106666667,12.41333333
M81016,4.332533333,7.152000001,0.0,4.053333333,1.066666667,6.573333333,7.793333333,26.68
M81017,5.333333334,0.533333333,0.0,0.853333333,0.0,3.826666667,4.013333333,16.28
M81018,1.6,1.253333333,0.0,2.773333333,0.0,0.986666667,10.26666667,10.45168235
M81019,5.173333333,2.546666667,0.0,2.56,0.0,6.413333333,1.586666667,21.28
M81020,3.84,2.586666667,0.0,0.853333333,1.066666667,2.906666667,1.28,12.10666667
M81021,3.0,5.013333333,0.0,0.0,0.0,7.053333333,4.16,17.61333333
M81022,3.882666666,4.3264,0.0,0.853333333,0.0,6.693333333,8.013333333,24.33333333
M81024,0.0,3.853333333,0.0,0.0,0.0,3.52,3.393333333,13.12
M81025,1.64,1.066666667,0.0,0.0,0.0,1.493333333,1.826666667,6.12
M81026,10.22266667,8.704266666999999,0.0,10.026666667999999,1.066666667,17.06666667,19.10666667,70.3
M81027,1.902133333,1.637333333,0.0,0.853333333,0.0,2.373333333,2.706666667,13.04
M81029,3.013333334,1.706666667,0.786666667,1.066666667,0.0,2.253333333,3.093333333,20.38
M81032,2.026666667,3.0933333330000004,0.0,0.0,0.0,5.426666667,3.933333333,16.44666667
M81033,3.466666667,2.586666667,0.0,0.853333333,0.0,3.293333333,3.76,12.63333333
M81034,2.68,2.3200000000000003,0.0,1.0,0.0,2.066666667,2.24,11.34666667
M81035,3.306666667,1.76,0.0,0.0,0.0,4.073333333,3.0,15.57333333
M81037,2.750133333,3.446666667,0.0,0.0,0.0,2.114666667,2.64,13.1
M81038,5.466666667,2.426666667,0.0,0.0,2.133333333,5.88,7.293333333,16.22
M81039,5.813333333,2.586666667,0.0,1.493333333,2.133333333,3.773333333,1.74,15.06
M81040,4.986666667,3.306666667,0.0,2.346666666,0.0,10.65333333,7.893333333,27.36
M81041,2.92,2.706666667,0.0,0.0,0.0,3.8,2.253333333,11.22666667
M81042,3.2,2.112,0.0,0.0,0.0,2.773333333,3.746666667,14.05333333
M81043,3.0,2.5599999999999996,0.0,1.066666667,0.0,3.266666667,8.093333334,9.258666667
M81044,3.3333333329999997,3.399733334,0.0,4.48,1.066666667,3.413333333,3.96,14.1
M81045,1.866666667,0.0,0.0,0.0,0.0,1.413333333,3.386666667,8.333333333
M81046,5.593333333,0.0,0.0,1.92,0.0,6.066666667,11.84,21.53333333
M81047,2.48,2.590133333,0.0,0.64,0.0,1.866666667,2.933333333,11.08
M81048,3.570133333,2.868533333,0.0,2.986666666,0.0,3.653333333,9.0,13.51333333
M81049,1.0,1.093333333,0.0,0.0,0.0,4.853333333,6.346666667,11.5
M81054,0.0,3.066666667,0.0,0.0,0.0,5.186666667,0.0,14.36
M81055,1.466666667,1.386666667,0.0,1.92,0.0,0.426666667,3.093333333,5.86
M81056,4.4,3.2,0.0,2.773333333,1.92,7.24,4.506666667,20.47333333
M81057,3.493333333,2.946666667,0.0,1.066666667,0.0,9.96,7.213333334,28.4
M81058,1.8,4.546666667,0.106666667,1.706666667,0.0,4.24,8.293333333,15.52
M81061,1.530666667,2.647466667,0.0,1.706666667,0.853333333,4.533333333,2.32,13.64
M81063,2.0,2.426666667,0.0,1.066666667,0.0,3.346666667,3.373333333,16.92666667
M81064,4.0,1.386666667,0.0,2.133333334,0.0,2.2,0.693333333,10.61333333
M81066,2.0,1.109333334,0.0,1.92,0.0,2.0,5.833333333,9.786666667
M81067,2.666666667,1.6352,0.0,0.64,0.0,0.853333333,6.733333334,7.878349015
M81068,5.066666667,3.32,0.0,1.706666667,0.0,7.645957305,4.906666667,19.21333333
M81069,3.893333333,4.296,0.0,3.52,0.0,4.613333333,6.386666667,18.29333333
M81070,5.333333333,3.36,0.0,2.133333334,0.0,3.306666667,6.24,20.46666667
M81072,2.586666667,2.306666667,0.0,1.066666667,0.0,0.586666667,0.906666667,8.186666667
M81074,3.053333333,2.246666667,1.155637074,2.133333334,0.0,6.493333333,10.68,24.85333333
M81075,4.106666667,4.0,0.0,0.853333333,0.0,3.4,5.506666667,23.2087773
M81076,0.8,0.666666667,0.0,1.066666667,1.066666667,1.52,0.0,4.04
M81077,0.986666667,1.173333333,0.0,1.92,0.0,0.92,3.186666667,5.12
M81078,1.88,1.066666667,1.189333333,1.066666667,0.0,1.52,1.986666667,9.333333334
M81081,1.8,1.08,0.0,1.066666667,0.0,1.013333333,0.8,8.026666667
M81082,5.990133333,3.848,0.0,1.92,0.0,5.266666667,4.706666667,21.46
M81083,0.888,2.146666667,0.0,0.0,0.0,0.96,0.533333333,4.933333333
M81084,2.8,0.986666667,0.0,0.0,0.0,0.906666667,2.92,8.2
M81090,2.053333333,0.0,0.0,0.0,0.0,0.986666667,1.413333333,3.626666667
M81091,3.202133333,4.591733333,0.0,2.133333334,0.0,2.346666667,4.24,16.29333333
M81092,1.973333334,0.853333333,0.0,1.066666667,0.0,1.413333333,1.2,6.466666667
M81093,2.853333334,2.0,0.0,1.493333333,0.0,5.146666667,0.866666667,11.03333333
M81094,2.333333333,1.998133333,0.0,0.0,0.0,3.666666667,10.18666667,12.94666667
M81600,4.0,0.0,0.0,0.853333333,0.0,1.066666667,3.586666667,8.546666667
M81604,2.92,0.426666667,0.0,2.9866666669999997,0.0,1.173333333,6.453333333,8.333333333
M81605,2.0,1.093333333,0.0,1.066666667,0.0,1.04,3.826666667,6.706666667
M81608,0.933333333,2.093333333,0.0,0.0,0.0,1.746666667,3.693333333,4.84
M81616,1.226666667,0.64,0.0,0.0,0.0,0.693333333,0.533333333,4.853333333
M81617,1.706666666,0.437333333,0.0,0.0,0.0,0.0,1.493333333,5.786666667
M81627,1.48,1.253333333,0.0,1.92,0.0,1.773333333,2.173333333,9.466666667
M81629,3.666666667,2.3,0.0,1.066666667,0.0,1.893333333,3.64,10.46666667
M82002,3.82,0.533333333,0.0,1.706666666,0.0,3.693333333,0.853333333,12.85466667
M82003,3.16,6.434666667,0.0,2.56,0.0,9.72,6.113333333,23.28
M82004,7.36,1.7,0.0,3.413333333,1.066666667,4.626666667,6.3,19.65333333
M82005,3.64,0.977866667,0.0,0.853333333,0.0,3.4,5.786666667,20.36666667
M82006,3.2,1.84,0.0,1.92,1.066666667,5.493333333,2.08,13.97333333
M82007,5.333333333,2.826666667,0.0,0.0,0.0,2.178666667,0.933333333,18.4
M82008,5.466666667,0.453333333,0.0,1.706666667,0.0,2.72,1.133333333,11.90666667
M82009,2.573333334,0.88,0.0,0.0,0.0,4.6,3.76,17.38666667
M82010,6.72,1.546666667,0.0,2.133333334,1.066666667,4.733333333,7.733333333,21.44
M82011,1.0,1.92,0.106666667,0.0,0.0,1.306666667,0.25,7.226666667
M82012,2.946666667,1.92,0.0,1.92,0.0,2.44,2.28,18.74666667
M82013,0.933333333,0.133333333,0.0,0.0,0.0,1.493333333,0.853333333,3.6
M82014,2.0,0.853333333,0.0,2.133333333,0.0,3.533333333,5.906666667,11.83333333
M82016,4.213333333,0.973333333,0.0,1.813333334,0.0,1.466666667,4.466666667,15.18666667
M82017,0.293333333,0.133333333,0.0,0.0,0.0,1.44,3.48,4.566666667
M82018,3.333333333,0.0,0.0,1.066666667,0.0,2.68,2.450133333,11.86666667
M82019,2.04,3.04,0.0,1.92,0.0,2.56,3.16,10.4
M82020,1.866666667,0.533333333,0.0,0.0,0.0,1.226666667,3.64,4.04
M82021,4.835733333,1.28,0.0,2.56,0.0,3.08,6.28,13.29333333
M82022,2.986666667,3.066666667,0.0,1.706666667,0.0,3.813333333,2.306666667,15.92
M82023,2.346666667,1.706666667,0.0,1.066666667,0.0,0.64,4.973333333,7.066666667
M82024,2.133333334,0.0,0.0,0.0,0.0,0.58,0.666666667,5.013333333
M82025,5.933333333,6.52,0.0,3.2000000010000003,0.0,10.18666667,11.4,29.33333333
M82026,3.466666667,3.451616398,0.0,2.773333334,0.0,3.6,4.24,16.76
M82028,8.666666667,3.398283065,0.0,1.066666667,0.0,2.693333333,2.986666667,17.48
M82030,2.693333333,1.173333333,0.0,0.0,0.0,3.653333333,9.906666667,11.64
M82032,2.133333334,3.613333333,0.0,1.92,0.0,7.733333333,4.4,19.32
M82033,1.386666667,1.946666667,0.0,0.0,0.0,3.44,2.493333333,9.066666667
M82034,3.733333333,1.066666667,0.0,0.853333333,0.0,1.306666667,1.653333333,8.946666667
M82035,6.213333333,2.986666667,0.0,1.6,0.0,4.16,6.053333333,21.12
M82038,0.0,0.613333333,0.0,1.066666667,1.066666667,1.893333333,2.0,9.12
M82039,4.8,0.0,0.0,0.0,0.0,3.68,0.64,9.12
M82040,0.72,1.093333333,0.0,2.133333334,0.0,1.64,2.733333333,9.16
M82041,4.133333334,0.0,0.0,1.92,0.0,2.426666667,1.28,9.706666667
M82042,2.053333333,0.437333333,0.0,0.0,0.0,2.0,3.0,12.4
M82043,2.133333334,1.333333333,0.0,0.853333333,0.0,3.16,0.96,7.186666667
M82046,1.866666667,0.906666667,0.0,0.0,0.0,0.566666667,1.746666667,3.82
M82047,2.126666667,3.113333333,0.0,1.066666667,0.0,2.453333333,1.413333333,13.4
M82048,1.333333333,1.773333333,0.0,0.0,0.64,1.653333333,0.693333333,8.66
M82051,0.0,0.68,0.445757823,0.853333333,0.0,1.913333333,1.0,6.626666667
M82056,3.956,3.786666667,0.0,4.266666667,0.0,3.386666667,4.76,18.01333333
M82057,1.333333333,0.0,0.24,1.706666667,0.0,2.229333333,0.0,6.053333334
M82058,1.466666667,1.111466667,0.0,0.0,0.0,3.183466667,3.52,8.746666667
M82059,4.053333333,1.92,0.0,0.64,0.0,7.381778249,1.96,18.06211063
M82060,2.666666667,1.573333333,0.0,0.0,0.0,2.96,2.466666667,13.56666667
M82601,0.8,0.0,0.0,0.853333333,1.066666667,1.053333333,3.880270098,4.373333334
M82606,2.346666667,0.0,0.0,1.066666667,0.0,0.986666667,0.8,8.52
M82616,2.826666666,0.0,0.0,0.0,0.0,1.413333333,3.706666667,7.893333334
M82620,0.693333333,0.566666667,0.0,0.0,0.0,1.066666667,3.306666667,4.306666667
M83001,2.346666667,2.48,0.426666667,4.799999999,0.0,4.053333333,5.066666667,21.38
M83004,2.72,2.56,0.0,1.066666667,0.0,4.106666667,1.0,11.48
M83005,1.066666667,0.346666667,0.0,3.733333333,0.0,0.6,0.533333333,6.2
M83006,8.7568,7.722432797,0.72,3.2,0.0,12.02666667,11.52,36.75333333
M83007,1.84,0.533333333,0.0,2.133333334,0.0,1.32,0.693333333,6.346666667
M83009,1.066666667,2.066666667,0.0,1.066666667,0.0,1.373333333,4.6,14.18666667
M83010,0.0,0.0,0.0,0.0,0.0,0.8,0.0,0.6
M83011,2.66,0.533333333,0.0,4.053333333,1.066666667,1.506666667,1.0,10.14666667
M83012,3.84,2.853333333,0.0,2.853333333,0.0,1.96,1.466666667,11.33333333
M83013,2.0,0.641866667,0.0,0.0,0.0,0.8,3.293333333,7.048777301
M83014,2.613333333,3.5666666670000002,0.0,0.64,0.0,2.68,2.813333333,10.13333333
M83015,4.266666667,3.706666667,0.0,3.066666667,0.0,3.14,3.306666667,11.34666667
M83016,1.76,0.0,0.0,0.0,0.0,1.506666667,0.32,9.537333333
M83017,2.4,0.56,0.0,0.853333333,0.0,1.226666667,3.32,4.853333334
M83018,2.826666667,0.0,0.0,0.853333333,0.0,3.066666667,0.88,11.25168235
M83020,3.3600000000000003,1.866666667,0.0,0.853333333,0.0,1.733333333,0.586666667,9.0
M83021,2.786666667,0.0,0.0,4.053333332999999,3.2,2.84,1.733333333,16.20666667
M83022,4.640000000000001,0.0,0.0,0.0,0.0,0.773333333,1.733333333,17.57333333
M83023,3.986666667,0.0,0.0,0.0,0.0,1.96,2.56,12.84
M83024,1.066666667,0.325333333,0.0,0.0,0.0,3.093333333,0.6,7.88
M83025,3.2,0.533333333,0.0,0.0,0.0,1.973333333,1.92,8.88
M83026,6.666666667,3.277866666,0.0,0.64,0.0,3.053333333,1.6,15.37333333
M83027,2.706666667,4.493333333000001,0.0,0.853333333,0.0,2.546666667,4.48,14.48
M83028,3.4133333340000003,1.770666667,0.0,2.133333334,0.0,4.186666667,0.68,14.88
M83030,1.406666667,2.0,0.16,2.133333334,0.0,5.992623972,1.786666667,19.84
M83031,2.6666666660000002,0.56,0.0,0.0,0.0,2.08,0.8,9.393333333
M83032,3.413333333,2.133333333,0.0,3.2,0.0,4.546666667,4.32,20.18666667
M83033,0.906666667,0.213333333,0.186666667,1.92,0.0,1.6,0.273333333,10.54666667
M83034,3.733333333,3.52,0.0,2.773333334,2.133333333,2.373333333,0.533333333,18.18666667
M83035,1.733333333,0.8,0.0,1.066666667,0.0,3.125957305,1.763535449,8.790887935
M83036,1.0333333329999999,0.0,0.0,0.746666667,2.133333333,3.36,1.48,7.24
M83037,2.0,3.16,0.0,0.746666667,0.0,3.146666667,2.04,5.533333333
M83038,1.44,1.786666667,0.0,2.986666666,1.066666667,5.0,1.853333333,14.57333333
M83042,4.266666667,1.68,0.0,2.133333334,0.0,2.113333333,0.693333333,12.7
M83044,1.866666667,2.56,0.0,2.133333334,0.0,1.8,5.053333333,14.77333333
M83045,4.746666667,1.186666667,0.0,2.133333334,0.0,1.093333333,1.88,13.76
M83046,2.514666667,1.968,0.0,1.706666667,0.0,2.146666667,2.613333333,14.58666667
M83047,1.333333333,2.16,0.0,0.0,0.0,2.466666667,0.693333333,9.84
M83048,2.733333333,0.0,0.0,2.9866666669999997,0.0,5.373333333,0.293333333,11.53333333
M83049,0.666666667,2.9706666669999997,0.0,0.853333333,0.0,1.406666667,1.613333333,13.5
M83050,1.4,3.173333333,0.0,2.56,0.0,4.093333333,0.8,12.08
M83051,4.0,2.373333333,0.0,1.066666667,0.0,5.386666667,1.386666667,16.24666667
M83052,4.6240000000000006,3.509333333,0.0,1.066666667,0.0,6.625978958,3.813333333,21.08666667
M83054,4.693333333,1.493333333,0.0,2.453333334,1.066666667,3.293333333,1.786666667,10.66666667
M83056,2.773333334,3.786666667,0.0,3.2000000010000003,0.0,3.4,3.013333333,16.22666667
M83057,4.0,1.626666667,0.0,0.0,0.0,2.72,8.32,13.16666667
M83059,1.0,1.773333333,0.0,0.0,0.0,2.733333333,3.866666667,2.533333333
M83061,2.4,0.853333333,0.0,0.853333333,0.0,2.533333333,1.973333333,10.69333333
M83062,3.229333333,0.874666666,0.0,2.133333334,0.0,3.6,2.8,19.81333333
M83063,2.133333334,1.67663171,0.0,1.64,0.0,0.773333333,0.0,4.333333333
M83065,2.835466667,0.56,0.0,1.066666667,0.0,3.106666667,1.333333333,9.033333333
M83066,6.186666667,0.0,0.0,4.266666667,0.0,2.36,1.533333333,9.64
M83067,0.0,0.213333333,1.0,0.0,0.0,1.32,1.093333333,6.86
M83068,3.0,1.653333333,0.0,1.6,0.0,5.52,1.253333333,14.88
M83069,3.2088,2.16,0.0,0.746666667,0.0,8.293333333,4.88,19.13333333
M83070,3.2,0.88,0.0,2.6666666660000002,4.266666667,3.32,4.453333333,12.88
M83071,1.733333333,4.413333334,0.453333333,0.64,0.0,4.52,3.346666667,13.57333333
M83072,3.546666667,1.333333334,0.0,1.706666667,0.0,3.373333333,1.346666667,16.34666667
M83073,4.533333333,1.2,0.0,1.066666667,0.0,2.56,0.92,8.72
M83074,7.786666667,1.0,0.0,0.64,0.0,2.28,4.453333333,19.67333333
M83075,1.92,2.4213333329999998,0.437333333,2.133333333,2.986666667,2.933333333,3.92,21.22666667
M83076,2.032,0.666666667,0.0,2.133333333,0.0,1.56,5.84,11.70666667
M83079,3.866666667,0.0,0.0,2.453333333,0.0,4.906666667,1.32,11.92
M83084,2.133333334,0.64,0.0,1.066666667,1.066666667,2.573333333,0.8,12.24
M83088,5.306666667,1.888533333,0.0,1.706666667,0.0,4.045957305,8.5,33.45168235
M83089,4.986666667,1.28,0.0,0.746666667,1.066666667,4.213333333,3.28,14.55333333
M83090,3.5999999999999996,0.0,0.0,0.0,0.0,1.4,0.0,6.48
M83092,3.84,3.52,0.0,0.0,0.0,1.773333333,6.44,9.453333333
M83093,2.453333333,0.666666667,0.0,1.066666667,1.066666667,2.333333333,0.0,9.213333333
M83094,1.066666667,2.386666667,0.0,0.0,0.0,9.613333334,5.253333334,18.08
M83096,2.266666667,0.0,0.0,0.0,0.0,1.826666667,1.253333333,8.826666667
M83097,1.653333334,6.386666667,0.0,1.8533333330000001,2.0,2.68,1.88,11.77333333
M83100,1.28,0.0,0.0,1.066666667,0.0,2.826666667,0.986666667,5.066666667
M83102,1.706666667,0.0,0.0,0.0,0.0,3.74,0.0,7.706666667
M83103,1.493333333,0.0,0.0,1.066666667,0.0,1.186666667,1.293333333,6.893333333
M83107,1.973333333,1.598283065,0.0,2.133333334,0.0,0.773333333,1.8,7.146666667
M83108,0.7111999999999999,2.5119999999999996,0.445757823,1.0,2.133333333,2.539312292,4.573333333,9.686666667
M83109,1.813333333,0.0,0.0,2.133333334,0.0,1.12,0.0,5.106666667
M83110,2.313333333,0.853333333,0.0,4.906666667,0.0,1.746666667,10.70666667,24.89333333
M83111,1.0,0.0,0.0,0.0,0.0,0.0,0.0,3.386666667
M83113,1.0,0.0,0.0,0.0,0.0,0.346666667,0.266666667,2.693333333
M83117,1.52,1.92,0.0,0.0,0.0,4.013333333,2.613333333,14.74666667
M83121,2.533333334,0.426666667,0.0,0.0,1.066666667,2.666666667,0.693333333,8.506666667
M83122,1.573333333,0.0,0.0,1.813333334,0.0,0.8,1.28,6.4
M83123,3.2,0.0,0.0,4.266666666,2.133333333,1.88,0.0,10.53333333
M83125,0.8,0.0,0.0,0.0,0.0,0.68,3.053333333,7.306666667
M83126,1.0,1.893333333,0.0,0.0,0.0,3.333333333,2.506666667,12.21333333
M83127,2.133333334,0.0,0.0,0.853333333,0.0,0.373333333,0.64,5.693333333
M83129,1.066666667,1.28,0.0,2.133333334,0.0,1.773333333,1.933333333,12.48
M83130,1.466666667,0.426666667,0.0,0.0,0.0,1.386666667,0.613333333,4.68
M83132,3.2,0.0,0.0,2.56,0.0,0.666666667,1.72,6.426666667
M83138,2.346666667,1.946666667,1.706666667,2.453333333,0.0,1.573333333,0.0,5.373333334
M83139,3.0,0.0,0.0,0.0,0.0,0.72,0.533333333,6.093333333
M83140,3.2,0.0,0.0,1.92,2.133333333,0.986666667,0.64,6.88
M83141,2.3200000000000003,1.973333333,0.0,2.773333333,0.0,1.066666667,1.946666667,10.64
M83143,1.7333333340000001,0.0,0.0,1.706666667,0.0,2.653333333,0.0,0.0
M83146,0.0,3.806666667,0.0,0.0,0.0,7.726666667,3.506666667,20.788
M83148,5.133333333,2.066666667,0.0,2.56,0.0,6.06,6.306666667,21.9
M83601,1.88,0.426666667,0.0,1.706666666,0.0,1.0,0.0,6.148
M83608,2.533333333,0.0,0.0,0.0,0.0,0.853333333,0.533333333,6.533333333
M83616,1.2,0.0,0.0,0.0,0.0,0.933333333,0.0,2.893333333
M83617,6.08,5.664949732,0.0,3.2,2.133333333,8.453333333,6.792345372,30.972142
M83619,1.333333334,1.0,0.445757823,0.0,0.0,0.613333333,0.0,5.2
M83624,1.333333333,0.106666667,0.0,0.0,0.0,0.693333333,0.0,3.813333333
M83625,2.08,2.026666667,0.0,1.066666667,0.0,0.426666667,1.28,12.54666667
M83627,1.066666667,0.0,0.0,0.0,0.0,0.96,0.266666667,6.813333333
M83632,2.026666667,0.34,0.0,0.0,0.0,1.6,0.64,6.133333333
M83637,0.6933333340000001,0.0,0.0,1.066666667,0.0,1.92,1.813333333,4.573333333
M83638,4.933333333,1.312,0.0,2.133333334,0.0,5.306666667,2.333333333,17.02
M83640,1.76,0.0,0.0,0.0,1.066666667,0.853333333,0.533333333,4.813333333
M83641,0.693333333,0.453333333,0.0,0.0,0.0,0.586666667,1.346666667,6.8
M83650,3.2,1.813333333,0.0,2.986666667,1.066666667,3.12,1.826666667,19.64
M83661,0.986666667,0.533333333,0.0,1.066666667,0.0,1.386666667,3.066666667,9.893333334
M83668,1.333333333,0.0,0.0,0.0,0.0,1.04,0.0,2.88
M83670,1.333333334,1.02,0.0,0.0,0.0,1.933333333,0.0,7.026666667
M83680,3.16,0.0,0.0,0.0,0.0,1.466666667,1.853333333,15.05333333
M83681,2.4,0.48,0.0,0.0,0.0,1.333333333,4.8,7.533333334
M83682,1.013333334,0.906666667,0.0,0.0,0.0,1.333333333,0.893333333,7.078349014
M83691,0.8,0.8,0.0,0.0,0.0,0.48,0.0,3.453333333
M83693,1.386666667,2.213333333,0.0,3.52,2.133333333,1.706666667,0.72,9.853333333
M83697,2.133333334,0.0,0.0,0.0,0.0,1.485957305,0.72,2.933333333
M83698,0.666666667,0.0,0.0,0.0,0.0,1.653333333,0.426666667,2.866666667
M83701,1.6,0.746666667,0.0,0.0,0.0,1.466666667,0.986666667,6.986666667
M83703,2.133333333,0.56,0.0,1.066666667,0.0,1.6,0.86,7.226666667
M83709,1.92,0.106666667,0.0,1.066666667,0.0,0.773333333,1.146666667,8.613333333
M83711,1.333333333,0.0,0.24,0.0,0.0,1.64,0.0,3.693333333
M83713,1.44,0.0,0.0,0.0,0.0,0.6,0.0,4.346666667
M83715,0.986666667,1.466666667,0.0,2.133333333,1.066666667,0.0,1.786666667,5.08
M83717,1.013333333,0.0,0.746666667,0.0,0.0,0.666666667,0.533333333,3.013333333
M83718,1.7999999999999998,0.0,0.0,1.92,0.0,0.733333333,0.213333333,4.173333334
M83719,1.706666667,0.0,0.0,0.0,0.0,1.386666667,0.693333333,4.66
M83723,3.986666666,3.976,0.0,2.133333334,0.0,8.64,7.26,33.26666667
M83725,1.066666667,0.213333333,0.0,0.0,0.0,2.333333333,0.0,6.68
M83727,0.986666667,0.0,0.0,0.0,0.0,0.426666667,0.48,3.96
M83738,0.986666667,2.993333333,0.0,1.066666667,1.066666667,1.12,1.2,6.066666667
M84001,2.96,5.636666667,0.213333333,1.92,1.066666667,3.586666667,1.693333333,16.68666667
M84002,1.8453333330000001,1.68,0.0,2.133333333,0.0,1.546666667,1.28,8.706666667
M84003,2.133333333,1.733333333,0.0,4.8,0.0,2.026666667,1.306666667,15.66666667
M84004,4.093333334,0.0,0.0,0.853333333,0.0,4.293333333,4.053333333,21.62666667
M84005,1.226666667,0.984,0.16,0.0,0.0,0.533333333,0.133333333,6.68
M84006,2.8,4.666666667,0.0,3.8400000000000003,1.066666667,1.48,0.986666667,16.73333333
M84007,3.733333333,3.44,0.0,1.706666667,0.0,4.32,3.3,20.82666667
M84008,1.973333333,2.24,0.0,2.133333333,0.0,3.186666667,1.0,11.57333333
M84009,1.8,1.866666667,0.0,0.853333333,0.0,0.0,3.44,9.4
M84010,4.533333333,2.126666666,0.0,1.706666667,0.0,3.653333333,1.0,11.13333333
M84011,6.426666667,5.333333333,0.16,1.92,0.0,4.133333333,3.213333333,22.35333333
M84012,3.5866666670000003,6.933333334,0.0,4.053333332999999,1.066666667,2.293333333,2.613333333,22.05333333
M84013,1.766666667,4.837333333,0.0,2.133333334,0.0,3.56,1.306666667,15.61333333
M84014,2.826666667,0.586666667,0.0,2.56,0.0,3.386666667,1.6,10.70666667
M84015,2.559466667,4.7728,0.0,5.013333334,0.0,2.533333333,2.826666667,11.76
M84016,2.133333333,0.437333333,0.0,1.066666667,0.0,0.88,0.0,2.933333333
M84017,4.48,2.06,0.0,3.6266666670000003,0.0,1.666666667,1.44,11.65333333
M84018,2.133333333,4.613333333,0.0,3.2,0.0,4.053333333,7.746666667,17.52666667
M84019,4.826666667,2.506666667,0.0,2.133333334,0.0,4.926666667,7.946666667,24.22666667
M84020,3.2800000000000002,3.973333333,0.0,2.133333334,0.0,3.293333333,1.92,17.0
M84021,4.642666667,4.8864,0.0,2.133333333,0.0,3.7984,3.686666667,22.84666667
M84022,2.133333333,2.693333333,0.0,0.0,0.0,3.546666667,2.28,11.29333333
M84023,4.426666667,4.668,0.0,2.133333334,0.0,3.653333333,4.173333333,19.20666667
M84024,2.426666667,1.613333333,0.0,3.8400000000000003,0.0,0.88,1.106666667,6.613333333
M84025,3.84,4.766666667,0.48,4.906666667,0.0,5.973333333,6.462133334,20.01466667
M84026,1.72,2.64,0.0,3.413333334,0.0,1.306666667,2.04,9.893333333
M84028,5.253333333,5.32,0.0,2.773333334,0.0,6.476276579,2.653333333,18.81333333
M84029,2.36,1.28,0.0,2.986666666,0.0,0.96,0.64,7.246666667
M84030,5.093333333,2.893333333,0.0,3.8400000000000003,0.0,5.48,3.106666667,16.61333333
M84031,1.68,4.32,0.0,1.706666667,0.0,1.68,4.52,6.408
M84032,5.0,1.066666667,0.0,0.0,0.0,2.813333333,1.573333333,8.906666667
M84034,1.4,0.0,0.0,0.0,0.0,0.0,1.0,1.44
M84035,3.04,2.933333333,0.0,3.2,0.0,4.106666667,1.0,12.21333333
M84036,2.8,4.266666667,0.0,2.56,0.0,5.313333333,1.773333333,16.35544397
M84037,3.946666667,2.56,0.0,1.706666667,0.0,1.96,0.853333333,15.74
M84040,1.706666667,3.306666667,0.0,4.586666667,0.0,1.413333333,0.933333333,8.373333333
M84041,3.386666667,0.746666667,0.0,1.92,0.0,1.28,0.0,4.72
M84042,3.013333333,1.253333333,0.0,2.773333333,0.0,4.693333333,1.938069921,17.21168235
M84043,5.546666667,4.026666667,0.0,1.92,0.0,6.24,6.733333333,27.80666667
M84044,2.066666667,1.133333333,0.0,2.133333333,0.0,1.16,0.72,10.80666667
M84046,4.373333334,1.28,0.0,1.28,0.0,1.173333333,0.0,6.72
M84047,2.08,1.013333334,0.0,2.56,1.066666667,1.173333333,2.786666667,5.369066667
M84049,0.426666667,1.706666667,0.0,0.0,0.0,1.466666667,1.493333333,7.48
M84050,2.0,1.104,0.0,4.266666666,0.0,0.84,1.253333333,10.62666667
M84051,2.133333333,1.066666667,0.0,3.2,0.0,4.533333333,0.533333333,12.34666667
M84055,0.986666667,0.133333333,0.0,0.0,0.0,0.6,0.0,3.84
M84059,1.573333333,0.426666667,0.0,0.0,0.0,0.533333333,0.0,4.373333333
M84060,2.426666667,0.786666667,0.0,0.0,0.0,1.693333333,0.746666667,5.746666667
M84061,1.866666667,0.906666667,0.0,2.133333334,1.066666667,0.64,0.0,4.68
M84062,0.666666666,1.669333333,0.0,4.053333333,0.0,1.693333333,3.066666667,9.693333334
M84063,4.64,0.0,0.0,3.9466666669999997,0.853333333,2.066666667,5.4,5.506666667
M84064,1.28,0.8,0.0,2.9866666669999997,0.0,0.8,0.786666667,5.853333333
M84065,2.013333333,1.173333333,0.0,2.773333333,1.066666667,1.093333333,0.52,8.373333333
M84066,0.773333333,3.36,0.0,0.853333333,0.0,1.466666667,3.906666667,10.31333333
M84067,4.8,0.4,0.0,1.92,0.0,1.813333333,0.613333333,6.986666667
M84069,1.066666667,1.28,0.0,1.066666667,0.0,1.613333333,0.72,12.17733333
M84070,2.346666667,2.24,0.0,0.0,0.0,5.253333333,0.986666667,11.8
M84609,0.986666667,0.346666667,0.0,0.0,0.0,0.666666667,0.0,2.4
M84612,1.44,0.453333333,0.133333333,0.0,0.0,0.8,0.133333333,7.333333333
M84615,1.973333334,0.0,0.64,0.0,0.0,0.106666667,1.146666667,8.5
M84616,1.466666667,1.626666667,0.0,5.12,0.0,1.253333333,3.8,4.753333333
M84618,0.853333333,0.0,0.4,0.0,0.0,0.693333333,0.0,3.146666667
M84620,2.0,0.0,0.0,0.0,0.0,0.56,1.0,4.586666667
M84621,0.986666667,0.437333333,0.186666667,0.0,0.0,0.0,0.133333333,3.626666667
M84627,2.773333333,0.0,0.2,0.0,0.0,0.853333333,0.213333333,4.28
M84629,1.56,4.525333333,0.0,1.706666666,0.0,1.826666667,1.455593715,17.37333333
M85001,1.2,0.44,0.0,0.0,0.0,0.533333333,0.0,5.626666667
M85002,3.493333333,5.906666667,0.0,1.92,1.066666667,5.76,4.253333333,7.493333333
M85005,3.466666667,0.0,0.0,1.92,0.0,1.12,0.48,8.973333333
M85006,2.0,2.56,0.0,2.773333333,0.0,1.666666667,1.4,10.24
M85007,1.113333333,2.053333334,0.08,2.9866666669999997,2.133333333,2.026666667,1.706666667,11.12501568
M85009,0.346666667,0.0,0.0,0.0,0.0,1.666666667,0.88,8.0
M85011,3.133333333,1.093333333,0.0,1.066666667,1.066666667,1.773333333,2.946666667,9.106666667
M85013,1.386666667,0.0,0.0,0.0,0.0,0.64,0.826666667,5.32
M85014,1.066666667,2.96,0.0,2.066666667,0.0,0.533333333,0.8,3.16
M85016,0.64,1.0,0.0,1.066666667,0.0,1.533333333,0.746666667,6.893333333
M85018,1.6266666669999998,3.714666667,0.0,0.853333333,0.0,3.24,6.32,14.94666667
M85019,3.800030118,3.264949732,0.0,3.2,0.0,5.739290639,1.4,28.08
M85020,2.04,6.115466667,0.0,1.066666667,0.0,3.36,7.72,17.9
M85021,0.533333333,0.746666667,0.133333333,0.0,0.0,0.506666667,0.533333333,6.266666667
M85023,1.973333333,2.88,0.0,1.92,1.066666667,1.84,1.413333333,7.4
M85024,2.515466667,0.0,0.595733333,2.9866666669999997,0.0,0.133333333,0.533333333,7.213333333
M85025,2.4,4.759733333,0.0,4.053333332999999,0.0,2.56,0.966666667,12.0
M85026,5.026666667,1.92,0.493333333,2.56,0.0,3.453333333,1.2,20.06666667
M85027,2.533333333,2.906666667,0.0,1.92,0.0,1.493333333,0.933333333,10.25333333
M85028,7.253333333,6.08,0.0,2.133333333,0.0,3.24,7.88,26.48
M85029,11.6,4.22,0.0,6.4,4.266666667,2.8,1.613333333,16.44
M85030,5.066666667,5.620266666999999,0.0,1.28,0.0,2.12,2.32,26.29168235
M85031,1.893333333,3.0208,0.0,1.706666666,1.066666667,4.48,1.826666667,16.30666667
M85033,3.92,1.52,0.0,2.773333333,0.0,6.16,3.36,26.39333333
M85034,6.533333333,3.126666667,0.0,0.533333333,0.0,3.6,4.4,23.41333333
M85035,1.493333333,0.546666667,0.546666667,2.133333334,1.066666667,2.0,0.0,6.08
M85037,3.933333333,0.492,0.0,3.5199999999999996,0.0,0.853333333,5.626666667,8.08
M85041,2.636,3.137333333,0.0,2.773333334,0.0,1.16,2.573333333,13.82666667
M85042,2.8,0.133333333,0.0,1.066666667,0.0,0.653333333,1.466666667,10.08666667
M85043,1.645333333,0.984,0.0,1.066666667,0.853333333,0.0,1.093333333,6.96
M85046,11.01253333,15.5544,0.0,14.506666666000001,1.066666667,11.69866667,7.08,69.4
M85047,1.7333333340000001,2.52,0.0,1.066666667,0.0,0.933333333,1.36,7.386666667
M85048,1.146666667,0.8,0.0,0.0,0.0,3.573333333,3.16,13.54
M85051,1.0,0.0,2.3200000000000003,1.066666667,0.0,0.0,0.8,3.0
M85053,3.0,0.426666667,0.0,6.186666667000001,0.0,1.013333333,1.266666667,6.253333333
M85055,0.0,2.6666666670000003,0.0,0.0,0.0,0.786666667,0.8,7.346666667
M85056,1.533333333,0.0,0.0,1.066666667,0.0,2.0,2.52,10.05333333
M85058,4.642666667,2.802666667,0.0,1.92,0.0,2.045957305,2.133333333,18.09333333
M85060,2.08,3.646666667,0.0,3.626666667,0.0,3.626666667,5.72,27.76
M85061,4.8,0.346666667,0.0,0.0,1.066666667,2.826666667,4.573333333,7.386666667
M85062,1.466666667,2.977866667,0.0,1.066666667,1.066666667,1.0,1.92,12.73333333
M85063,8.863999999999999,26.3716164,0.0,24.106666670000003,3.2,16.5,22.76846761,135.4063232
M85065,3.066666667,0.0,0.0,0.0,0.0,2.293333333,1.466666667,6.16
M85066,2.133333333,0.0,0.0,0.853333333,0.0,0.76,1.88,7.757333333
M85069,2.866666667,7.133333334,0.0,2.9866666669999997,1.066666667,3.026666667,9.0,9.933333333
M85070,4.0,2.405333333,0.0,0.0,0.0,1.333333333,0.706666667,10.0
M85071,5.973333332999999,1.333333333,0.0,1.92,0.0,0.453333333,0.8,8.266666667
M85074,1.6,1.973333333,0.0,1.92,0.0,0.933333333,1.48,10.02666667
M85076,1.466666667,0.0,0.16,0.0,2.24,1.173333333,2.266666667,7.746666667
M85077,6.853333333,1.786666667,0.0,0.0,0.0,1.573333333,2.24,12.13333333
M85078,1.506666667,1.466666667,0.0,1.066666667,0.0,2.986666667,2.693333333,10.84
M85079,5.466666667,1.733333333,0.0,3.84,0.0,1.306666667,3.426666667,11.4
M85081,2.133333333,4.16,0.0,1.92,0.0,1.92,3.946666667,13.89333333
M85082,1.133333333,0.0,0.746666667,0.0,0.0,0.533333333,2.72,7.546666667
M85084,1.44,2.56,0.0,1.066666667,0.0,1.626666667,1.52,6.693333333
M85086,4.906666667,0.826666667,0.0,2.9866666669999997,0.0,2.293333333,4.933333333,12.94
M85087,5.72,0.64,0.0,1.066666667,0.0,2.706666667,1.48,13.29333333
M85088,4.773333333,6.64,0.0,2.133333334,0.0,3.986666667,2.906666667,20.42666667
M85094,0.56,0.110933333,0.0,0.0,0.0,0.0,1.333333333,3.186666667
M85097,1.0,0.0,0.0,0.0,0.0,0.133333333,0.453333333,3.230666667
M85098,2.4,1.426666667,0.0,2.986666666,1.066666667,1.0,0.0,4.24
M85105,1.573333333,0.0,0.0,1.706666667,1.066666667,0.746666667,0.0,4.693333333
M85107,2.066666667,0.0,0.0,0.0,0.0,0.853333333,0.0,3.226666667
M85108,1.693333333,1.288949732,0.0,2.56,1.066666667,1.386666667,1.626666667,10.17333333
M85110,0.96,0.693333333,0.0,0.0,0.0,1.546666667,0.0,12.52
M85113,2.56,0.106666667,0.0,1.706666666,1.066666667,1.76,3.816868783,8.275443967
M85115,1.28,0.0,0.0,0.0,0.0,0.453333333,0.16,3.173333333
M85116,1.0,2.08,1.573333333,0.853333333,0.0,1.485957305,3.04,10.36
M85117,1.888,1.093333333,0.0,2.133333334,0.0,0.64,0.933333333,6.653333333
M85118,0.986666667,0.0,0.0,0.0,0.0,1.226666667,0.4,5.24
M85123,3.4000000000000004,0.533333333,0.0,0.0,0.0,1.466666667,3.253333333,4.64
M85124,1.52,4.650666667,0.0,5.12,0.0,1.64,2.693333333,8.333333333
M85128,1.066666667,3.493333333,0.0,2.066666667,0.0,0.426666667,0.693333333,4.146666667
M85134,0.0,0.333333333,0.0,0.0,0.0,0.853333333,0.666666667,3.96
M85136,4.12,0.453333333,0.0,5.333333333000001,0.0,2.96,3.373333333,14.30666667
M85139,1.9866666670000002,0.0,0.8266666659999999,0.0,0.0,0.52,0.666666667,6.533333333
M85141,2.56,0.0,0.16,0.0,0.0,0.933333333,1.173333333,3.8
M85143,2.533333333,1.444,0.0,0.64,0.0,2.08,2.626666667,5.166666667
M85145,1.0,1.706666667,0.0,2.133333334,0.0,1.586666667,0.346666667,7.6
M85146,2.0,0.0,0.0,2.346666667,0.0,0.586666667,10.82666667,7.6
M85149,0.853333333,0.0,0.0,0.0,1.066666667,0.2,0.96,5.893333333
M85153,1.0,0.0,0.0,0.0,0.0,1.04,0.64,4.333333333
M85154,1.333333333,0.0,0.0,0.0,0.0,0.906666667,0.0,2.386666667
M85155,1.0,1.393333333,0.0,0.0,0.0,1.0,2.053333333,10.21333333
M85156,1.2,1.498666667,0.0,1.066666667,0.0,1.733333333,2.12,13.532
M85158,0.586666667,0.266666667,0.0,0.853333333,2.133333333,0.666666667,0.0,3.453333333
M85164,1.0,0.213333333,1.693333333,0.0,0.0,4.44,1.733333333,10.68
M85167,4.64,0.8709333340000001,0.0,4.053333332999999,3.2,1.64,1.0,6.933333333
M85170,0.973333333,0.0,0.906666667,0.0,0.0,0.8,0.48,3.24
M85171,0.693333333,0.0,0.0,0.0,0.0,0.333333333,0.213333333,3.56
M85172,5.8666666670000005,0.0,0.0,4.053333332999999,1.066666667,2.053333333,3.92,18.04
M85174,0.8,0.0,0.0,0.0,0.0,0.0,0.0,3.466666667
M85175,3.8666666669999996,1.437333333,0.16,3.84,0.0,2.213333333,1.28,13.64
M85176,0.666666667,0.0,0.0,0.0,0.0,0.586666667,0.586666667,4.746666667
M85177,2.026666667,0.4,0.0,1.493333333,0.0,2.353333333,0.773333333,7.24
M85178,1.0,2.053333333,0.0,0.0,0.0,2.173333333,3.32,5.893333333
M85179,0.6,0.266666667,0.12,1.706666667,0.0,1.04,0.0,6.146666667
M85600,4.840030118,1.6,0.0,3.626666666,1.066666667,1.133333333,1.24,8.426666667
M85624,1.466666667,0.666666667,0.0,0.0,1.066666667,0.693333333,0.986666667,7.386666667
M85634,1.82,1.6,0.0,0.0,0.0,2.76,1.813333333,6.76
M85642,2.0,0.0,1.52,0.0,0.0,0.906666667,2.006666667,4.546666667
M85669,1.0,0.666666667,0.72,0.0,0.0,1.0,2.386666667,4.72
M85670,0.64,0.0,0.0,0.0,0.0,0.28,1.244736587,2.420459648
M85676,0.713333333,1.706666667,0.0,0.0,0.0,0.96,0.32,5.173333333
M85679,2.6666666670000003,0.0,0.0,1.066666667,0.0,0.666666667,1.04,5.366666667
M85680,2.2933333339999997,0.0,0.0,0.0,0.0,0.4,0.0,4.146666667
M85684,1.066666667,1.555466667,0.0,0.0,0.0,1.0,0.72,4.933333333
M85686,3.2,0.0,0.186666667,0.0,0.0,0.56,0.693333333,1.773333333
M85693,1.066666667,0.0,0.106666667,0.0,0.0,0.32,0.266666667,2.746666667
M85694,2.08,0.0,0.0,0.0,0.0,0.346666667,0.533333333,4.8
M85697,1.0,0.533333333,0.0,0.64,0.0,0.986666667,1.226666667,2.0
M85699,1.066666667,1.226666667,0.0,0.0,0.0,0.0,2.933333333,8.146666667
M85701,2.133333333,0.0,1.293333333,0.0,0.0,0.48,0.133333333,2.256
M85706,3.2,2.793333333,0.0,3.733333333,0.0,0.906666667,12.2,13.13333333
M85711,1.066666667,0.0,0.0,0.0,0.0,0.0,0.933333333,2.426666667
M85713,1.653333334,0.0,0.0,1.493333333,0.0,0.133333333,1.066666667,7.306666667
M85715,0.9199999999999999,1.333333333,0.773333333,1.066666667,0.0,2.573333333,5.306666667,5.986666667
M85716,0.986666667,0.0,0.426666667,1.066666667,0.0,0.666666667,0.666666667,4.133333333
M85717,0.506666667,0.666666667,0.0,0.0,0.853333333,1.133333333,1.44,6.133333333
M85721,0.666666667,0.0,0.0,0.0,0.0,0.426666667,4.333333333,8.2
M85722,2.133333334,0.0,0.0,0.0,0.0,0.08,0.0,0.8
M85730,1.84,0.666666667,0.0,0.0,0.0,1.56,0.826666667,8.16
M85732,1.066666667,0.0,0.0,0.0,0.0,0.733333333,0.0,1.36
M85733,1.066666667,0.0,1.066666667,0.853333333,1.066666667,0.266666667,0.0,6.066666667
M85735,1.9866666670000002,5.48,0.56,1.853333333,0.0,0.0,2.066666667,5.24
M85736,0.266666667,1.4213333339999998,0.426666667,0.0,0.0,0.426666667,1.453333333,6.053333333
M85739,1.841333334,0.0,0.0,0.0,0.0,0.64,0.0,3.894666667
M85746,2.186666667,1.0,0.0,1.493333333,0.0,0.346666667,0.933333333,3.04
M85749,0.0,0.533333333,0.0,0.0,0.0,0.0,3.6,2.666666667
M85756,2.666666666,0.0,0.133333333,0.0,0.0,0.106666667,0.533333333,2.013333333
M85757,1.24,0.0,0.16,0.0,0.0,0.186666667,0.0,1.653333333
M85759,2.8,0.0,0.0,1.066666667,0.0,0.64,1.946666667,1.466666667
M85766,1.5,0.0,0.0,0.0,0.0,1.312078689,0.426666667,4.12
M85770,0.853333333,0.39999999999999997,0.662303741,0.0,0.0,0.266666667,0.826666667,2.52
M85774,2.0,2.053333333,0.0,1.066666667,0.0,2.0,0.533333333,7.933333333
M85778,1.0,2.76,0.36,3.84,2.133333333,1.28,0.0,14.10666667
M85779,0.96,0.133333333,0.0,0.0,1.066666667,1.866666667,0.0,3.24
M85781,1.973333333,0.0,0.0,0.0,0.0,0.853333333,1.6,4.44
M85783,0.9333333340000001,0.666666667,0.0,0.0,0.0,0.853333333,0.613333333,5.053333333
M85792,1.6,1.2,0.0,0.0,0.0,1.066666667,0.0,4.64
M85794,0.9066666670000001,0.0,0.0,0.0,0.0,0.533333333,0.0,4.066666667
M85797,0.933333333,0.853333333,0.933333333,0.0,0.0,0.64,2.333333333,3.56
M85803,1.253333333,4.026666667,0.0,0.0,0.0,3.645957305,2.346666667,12.18666667
M86001,2.64,0.0,0.0,2.453333333,1.066666667,0.68,0.0,6.173333333
M86002,1.973333333,0.0,0.0,0.0,0.0,2.453333333,0.853333333,10.23333333
M86003,3.8888,0.986666667,0.0,8.96,2.133333333,0.426666667,0.4,5.52
M86004,4.769333333,2.093333333,0.0,3.84,0.0,6.0696,1.666666667,15.06933333
M86005,1.92,0.0,0.0,2.133333334,0.0,1.106666667,0.0,4.373333333
M86006,4.533333333,0.8976,0.0,2.133333333,0.0,1.44,2.266666667,10.48
M86007,1.973333333,0.666666667,0.0,0.0,0.0,1.413333333,0.8,6.36
M86008,2.533333334,0.213333333,0.0,0.0,0.0,0.853333333,1.253333333,14.04
M86009,3.92,5.344,0.0,4.693333333,0.0,3.666666667,1.066666667,20.35333333
M86010,4.133333333,3.253333333,0.0,3.2,2.133333333,1.946666667,5.373333333,8.6
M86012,2.533333333,0.0,0.0,4.053333334,0.0,0.8,0.906666667,0.0
M86014,4.4399999999999995,6.666666667,0.0,1.706666667,0.0,3.56,1.28,18.0
M86015,4.533333333,0.0,0.0,5.333333334,2.133333333,3.12,1.986666667,11.05333333
M86016,3.9866666669999997,1.306666667,0.0,2.986666666,0.0,4.146666667,1.373333333,18.67834901
M86017,1.98,3.333333333,0.0,1.066666667,0.0,0.853333333,0.0,10.12
M86018,2.6,3.0533333330000003,0.0,2.133333334,0.0,3.44,0.32,11.26666667
M86019,2.666666666,0.0,0.0,0.0,0.0,0.0,1.130202116,7.033333333
M86020,1.866666667,0.08,0.0,2.133333333,2.133333333,1.4,0.0,5.678666667
M86021,2.624,0.984,0.0,3.2000000010000003,1.066666667,1.045957305,1.413333333,7.64
M86027,2.453333333,2.0,0.0,4.266666667,0.0,0.853333333,2.88,10.14666667
M86028,0.7776,0.0,0.310933333,0.0,0.0,0.48,0.0,2.826666667
M86029,3.0533333330000003,3.8933333340000003,0.0,2.986666666,1.066666667,4.600533333,1.946666667,21.50293333
M86030,1.0,1.52,0.0,0.0,0.0,1.306666667,0.48,4.18
M86032,1.493333333,3.493333333,0.026666667,0.0,0.0,3.6,3.833333333,8.320004227
M86033,1.44,1.013333333,0.0,4.16,0.0,0.76,0.506666667,5.053333333
M86034,2.406666667,2.72,0.0,5.546666666,0.0,5.293333333,0.2,13.33333333
M86035,0.986666667,0.64,0.0,1.706666667,0.0,0.893333333,0.986666667,6.073792982
M86037,0.853333333,0.0,0.0,0.0,0.0,0.48,0.746666667,4.275047043
M86038,0.8,0.608,0.0,0.0,0.0,0.48,0.586666667,3.533333333
M86039,0.266666667,0.0,0.0,4.586666666,0.0,1.573333333,0.0,4.226666667
M86040,1.92,0.0,0.0,0.0,0.0,2.106666667,0.0,3.466666667
M86041,1.9866666670000002,1.173333333,0.0,2.133333333,0.0,2.12,0.0,9.266666667
M86044,2.213333334,0.426666667,0.16,1.92,0.0,0.426666667,0.0,3.093333333
M86045,3.493333333,0.0,0.426666667,5.76,1.066666667,0.533333333,0.0,6.56
M86046,2.293333333,0.0,0.0,2.986666666,2.133333333,1.466666667,0.0,6.066666667
M86048,1.633333333,1.7776,0.0,0.0,0.0,0.64,2.266666667,7.84
M86605,0.64,0.106666667,0.0,1.066666667,1.066666667,0.373333333,0.0,4.08
M86610,1.2,0.0,0.0,0.0,0.0,0.72,0.213333333,2.186666667
M86612,0.96,0.0,0.0,0.0,0.0,0.773333333,0.133333333,3.653333333
M86617,1.066666667,0.533333333,0.0,0.0,0.0,0.506666667,0.0,6.36
M86622,0.8,0.0,0.0,0.0,0.0,0.48,0.0,2.986666667
M86624,2.96,1.6,0.0,1.066666667,0.0,1.946666667,0.106666667,7.386666667
M86627,0.666666667,1.12,0.0,1.92,0.0,0.8,0.666666667,5.346666667
M86633,1.2,0.64,0.0,0.0,0.0,0.266666667,1.76,6.266666667
M86638,4.48,0.96,0.0,2.773333333,0.0,0.96,0.0,6.96
M87001,3.0,0.0,0.0,0.0,0.0,1.04,0.52,6.273333333
M87003,5.973333333999999,3.504949732,0.0,3.413333334,0.0,5.746666667,6.32,20.22666667
M87005,3.093333334,1.1866666660000003,0.0,4.906666667,0.0,2.12,2.32,16.0
M87006,2.613333333,2.506666667,0.0,2.88,0.853333333,1.226666667,1.933333333,12.57333333
M87007,2.872,2.6328,0.0,3.2,1.066666667,4.84,1.0,9.893333334
M87008,3.226933333,0.0,0.0,1.493333333,0.0,2.946666667,0.666666667,13.81066667
M87009,5.52,1.066666667,0.0,6.613333333,0.0,3.24,2.666666667,17.51333333
M87010,4.0,0.426666667,0.0,0.0,0.0,1.0,2.4,9.48
M87011,5.2504,7.2008,0.0,2.6666666670000003,0.0,12.58666667,23.78666667,43.09333333
M87012,3.0,0.0,0.0,0.0,0.0,1.546666667,0.48,7.706666667
M87013,3.732533333,1.733333333,0.0,2.133333334,0.0,2.666666667,0.786666667,8.826666667
M87014,2.553333333,1.786666667,0.0,0.0,0.0,1.733333333,0.0,8.846666667
M87015,1.573333333,0.8,0.0,2.133333334,1.066666667,2.786666667,0.8,9.626666667
M87016,3.04,0.0,0.0,0.0,2.133333333,0.0,1.906666667,4.48
M87017,2.853333334,0.533333333,0.0,2.773333333,0.0,1.44,2.04,6.026666667
M87018,0.666666667,3.333066667,0.88,0.0,0.0,3.84,2.4,9.673333334
M87019,1.213333333,0.853333333,0.0,0.0,0.0,0.8,0.0,5.786666667
M87020,1.92,1.92,0.0,2.346666667,0.0,1.413333333,0.653333333,12.2
M87021,0.986666667,0.0,0.0,0.0,0.0,2.013333333,2.013333333,3.466666667
M87023,1.312,2.608,0.0,1.92,1.066666667,2.346666667,0.56,8.633333333
M87024,5.376,4.893333333999999,0.0,3.626666667,0.0,7.626666667,4.644736587,36.52933333
M87025,2.133333333,0.0,0.0,0.853333333,0.0,0.96,0.826666667,5.866666667
M87026,2.933333333,0.0,0.0,1.066666667,0.0,2.533333333,1.12,10.64
M87027,1.2,0.48,0.48,0.0,0.0,0.666666667,1.986666667,7.813333333
M87028,1.0,3.16,0.0,2.773333333,1.066666667,1.466666667,1.52,11.81333333
M87030,2.4,0.0,0.0,0.0,0.0,0.853333333,1.04,4.8
M87034,1.8,1.746666667,0.0,0.0,0.0,1.0,0.48,5.52
M87036,0.5,0.0,0.0,0.0,0.0,0.72,0.0,2.426666667
M87037,1.6,4.96,0.0,3.9866666669999997,1.066666667,0.906666667,1.0,12.01333333
M87041,1.333333333,1.306666667,0.426666667,0.0,0.0,1.36,1.12,7.088777301
M87601,0.533333333,1.533333333,0.0,2.9866666669999997,0.0,1.333333333,1.56,10.84
M87602,1.666666667,3.4664,0.0,1.493333333,0.0,1.866666667,1.786666667,12.22666667
M87605,1.333333333,0.0,0.0,0.0,0.0,0.4,0.0,4.08
M87612,1.066666667,0.0,0.0,0.0,0.0,2.533333333,1.173333333,10.64
M87617,1.24,1.2,0.0,1.92,0.0,1.8,5.918582376,10.96
M87618,0.666666667,0.446666667,0.0,0.0,0.0,0.8,0.0,3.946666667
M87620,1.066666667,0.48,0.0,4.053333332999999,0.0,1.96,0.453333333,5.88
M87621,0.533333333,0.0,0.36,0.0,0.0,1.0,0.0,2.373333333
M87623,2.133333334,0.0,0.0,0.0,0.0,0.0,0.0,4.073333333
M87628,0.0,1.7599999999999998,0.0,0.0,0.0,3.986666667,0.0,3.506666667
M87638,0.986666667,0.0,0.0,0.0,0.0,0.8,0.76,4.773333333
M88001,4.333333334,0.0,0.0,2.773333333,0.0,3.093333333,5.786666667,14.14666667
M88002,1.333333333,3.946666667,0.0,1.493333333,0.0,1.0,1.0,7.853333333
M88003,5.6000000000000005,1.0,0.0,6.8266666659999995,4.266666667,0.8,1.2,12.08
M88004,8.199733334,13.543466667,0.0,10.026666667,1.066666667,29.24,25.86666667,93.74053333
M88006,2.413333333,4.649066667,0.0,3.6266666670000003,0.0,4.893333333,3.16,20.57333333
M88007,7.333333333000001,0.8,0.0,2.853333333,0.0,0.426666667,2.586666667,12.85333333
M88008,0.937333333,0.0,1.066666667,0.0,0.0,0.0,1.0,2.813333333
M88009,1.88,0.0,0.0,1.066666667,0.0,0.0,0.746666667,8.6
M88010,2.1267269019999997,1.598283065,0.213333333,0.0,0.0,0.533333333,0.0,4.053333333
M88013,2.0,5.88,0.96,1.92,0.0,4.386666667,2.586666667,10.44
M88014,0.986666667,0.0,0.0,0.0,0.0,0.96,1.626666667,4.24
M88015,2.6666666670000003,0.0,0.0,0.0,0.0,2.426666667,1.666666667,5.293333333
M88016,0.0,1.226666667,0.213333333,0.0,0.0,0.426666667,0.8,2.533333333
M88018,4.066666667,2.653333333,0.853333333,3.4133333329999997,1.066666667,4.573333333,3.24,27.16
M88019,1.0,0.0,0.0,0.0,0.0,0.226666667,0.0,2.08
M88020,4.266666667,2.613333333,0.0,5.12,1.066666667,0.933333333,0.853333333,12.97333333
M88021,3.04,0.8,0.746666667,0.0,0.0,1.946666667,2.373333333,13.49333333
M88022,1.666666667,0.0,0.0,0.0,0.0,0.933333333,0.666666667,5.573333333
M88023,0.986666667,0.0,0.533333333,2.133333334,0.0,0.48,0.586666667,4.133333333
M88026,2.56,0.0,0.0,0.0,0.0,0.88,1.226666667,5.8
M88030,3.2,1.573333333,0.0,0.0,0.0,1.16,1.48,8.8
M88035,3.10675702,0.0,0.666666667,0.0,0.0,0.666666667,0.533333333,4.36
M88038,4.8,5.192,0.0,4.693333333,0.0,6.52,1.946666667,24.16666667
M88040,0.8,0.0,0.0,0.0,0.0,1.84,0.0,7.653333333
M88041,0.853333333,0.0,0.0,0.0,0.0,0.08,1.066666667,1.693333333
M88042,0.466666667,0.866666667,0.213333333,0.0,0.0,1.066666667,1.96,5.853333333
M88043,2.253333333,1.186666667,0.0,1.066666667,0.0,1.64,1.093333333,6.966666667
M88600,2.0266666669999998,0.0,0.0,0.0,0.0,0.48,0.0,3.013333333
M88610,5.6,0.0,0.0,0.0,0.0,0.773333333,0.08,8.0
M88612,0.986666667,0.0,1.173333333,0.0,0.0,1.146666667,0.906666667,5.026666667
M88616,0.746666667,1.066666667,0.0,0.0,0.0,1.32,2.32,9.266666667
M88618,2.0,0.0,0.0,0.0,0.0,0.0,0.0,2.065015681
M88619,1.7599999999999998,3.082666667,0.0,0.0,0.0,1.893333333,4.533333333,9.026666667
M88620,0.64,0.0,0.0,0.0,0.0,0.4,0.426666667,3.053333333
M88625,0.48,0.0,0.0,0.0,0.0,0.533333333,0.906666667,4.32
M88626,0.986666667,0.213333333,0.0,0.0,0.0,0.0,0.0,3.742110634
M88628,1.0,0.8,0.0,0.0,0.0,0.186666667,0.0,3.706666667
M88630,0.526666667,0.864,0.0,0.0,0.0,0.0,0.0,3.146666667
M88633,0.986666667,0.0,0.0,0.0,0.0,1.786666667,0.906666667,6.506666667
M88635,1.2533333340000001,0.0,0.0,0.0,0.0,0.133333333,0.106666667,2.56
M88639,0.64,0.0,0.0,3.2,0.0,0.266666667,0.0,6.613333333
M88640,0.64,0.0,0.213333333,0.0,0.0,0.32,1.186666667,4.786666667
M88643,2.026666667,0.0,0.0,0.0,0.0,0.853333333,1.0,4.533333333
M88645,2.853333333,1.0,0.0,2.773333334,0.0,0.56,1.693333333,11.52
M88646,0.986666667,0.0,0.0,0.0,0.0,0.426666667,0.0,2.693333333
M88647,0.106666667,0.0,0.48,0.0,0.0,0.0,1.693333333,3.92
M89001,1.2,0.0,0.0,0.0,0.0,0.746666667,0.96,5.106666667
M89002,0.0,2.140533333,0.0,0.0,1.066666667,2.4,2.0,7.866666667
M89003,6.109333334,14.248,0.522146095,7.680000000000001,0.0,12.54666667,6.533333333,67.56
M89005,4.0,0.0,0.0,1.066666667,0.0,0.933333333,0.933333333,8.773333333
M89007,0.986666667,1.0,0.0,0.0,0.0,1.626666667,0.426666667,6.086666667
M89008,1.986666667,0.0,0.426666667,1.066666667,1.066666667,1.333333333,3.834666667,13.44
M89009,3.0,0.933333333,0.0,0.0,0.0,2.4,3.250666667,11.92
M89010,1.706666667,2.72,0.0,1.706666667,0.0,1.973333333,0.813333333,11.46666667
M89012,2.12,1.386666667,0.0,0.853333333,0.0,5.12,2.8,12.25333333
M89013,2.0,0.0,0.0,1.92,0.0,0.533333333,1.653333333,7.44
M89015,1.9466666670000001,3.962666667,0.0,0.853333333,0.0,1.706666667,1.88,13.38666667
M89016,3.466666667,2.959999999,0.0,1.92,0.0,2.893333333,1.72,13.108
M89017,14.750133333,12.30466667,0.0,1.92,0.0,12.34666667,11.8,73.46
M89019,3.946666667,1.442666667,0.0,1.066666667,0.0,1.893333333,1.933333333,10.77333333
M89021,1.48,0.64,0.0,0.0,0.0,1.68,0.0,4.626666667
M89024,0.72,0.0,0.0,0.0,0.0,0.8,0.613333333,4.053333333
M89026,3.733333333,1.893333333,0.0,0.0,0.0,2.506666667,3.88,13.57333333
M89027,2.0,0.426666667,0.0,0.0,0.0,0.0,2.346666667,6.586666667
M89030,1.6,0.106666667,0.0,1.066666667,1.066666667,0.32,0.133333333,4.813333333
M89608,0.0,2.293333334,0.0,2.133333334,1.066666667,0.906666667,0.48,3.733333333
M91003,1.866666667,0.0,0.0,0.0,0.0,1.626666667,1.6,7.466666667
M91004,4.333333334,0.32,0.0,0.64,0.0,0.746666667,2.613333333,14.26666667
M91006,1.6,0.0,0.48,1.066666667,0.0,0.853333333,0.0,5.386666667
M91007,1.6,5.333333333,0.0,0.853333333,1.066666667,1.346666667,3.586666667,10.74666667
M91008,3.400030117,0.893333333,0.0,2.56,0.0,2.493333333,1.76,16.13333333
M91009,1.6666666669999999,0.88,0.0,0.0,0.0,0.546666667,0.76,8.153333333
M91010,2.76,1.48,0.0,1.92,1.066666667,2.48,2.493333333,12.85333333
M91013,1.0,1.0,0.0,1.066666667,0.0,3.08,0.8,10.14666667
M91014,2.306696785,0.0,0.0,0.0,0.0,0.933333333,0.0,2.506666667
M91015,2.858666667,11.00213333,0.656,3.626666667,0.0,6.493333333,3.88,35.09333333
M91016,2.133333333,0.0,0.0,0.0,0.0,2.0,0.32,9.92
M91017,4.226666667,2.28,0.0,0.853333333,0.0,2.906666667,2.36,15.16
M91018,2.08,0.0,0.0,0.0,0.0,1.0,0.8,5.04
M91019,3.877333333,2.016,0.0,3.84,0.0,3.2,6.853333333,21.4
M91021,1.493333333,0.986666667,0.533333333,0.64,0.0,0.853333333,0.666666667,6.88
M91024,0.533333333,0.0,0.0,0.0,0.0,0.773333333,0.986666667,4.12
M91026,1.066666667,0.437333333,0.0,2.9866666669999997,2.133333333,0.533333333,0.533333333,3.613333333
M91028,2.6,4.370666667,0.0,3.2,2.133333333,0.76,1.533333333,9.96
M91029,0.0,1.066666667,0.0,0.0,0.0,2.0,1.066666667,8.253333333
M91032,1.493333334,0.64,0.0,0.853333333,0.0,2.066666667,1.0,6.68
M91033,0.213333334,1.92,0.0,1.066666667,0.0,1.133333333,0.933333333,4.533333333
M91034,1.8399999999999999,0.96,0.0,2.133333333,0.0,1.68,0.666666667,5.493333333
M91036,0.0,0.0,0.0,0.0,0.0,1.64,0.773333333,5.68
M91602,0.64,0.0,0.0,0.0,0.0,0.853333333,0.64,4.24
M91609,1.066666666,0.0,0.0,0.0,0.0,0.933333333,0.0,2.133333333
M91611,2.0,0.0,0.026666667,0.0,0.0,1.0,0.0,3.213333333
M91612,1.573333334,0.0,0.0,0.0,0.0,0.693333333,0.906666667,5.453333333
M91613,0.0,0.746666667,0.0,0.64,2.133333333,1.906666667,1.346666667,13.57333333
M91614,1.266666667,4.394666667,0.0,2.773333334,0.0,3.8,1.293333333,7.973333333
M91616,5.013333333,0.0,0.0,1.6,0.0,2.106666667,2.92,10.06666667
M91619,1.173333333,1.173333333,0.426666667,0.0,0.0,1.426666667,0.0,5.926666667
M91621,0.92,0.0,0.946666667,0.0,0.0,1.832623972,0.853333333,4.44
M91623,0.533333333,0.0,0.2,0.0,0.0,0.4,0.133333333,3.04
M91624,1.093333334,0.0,0.0,0.0,0.0,0.72,1.4,5.12
M91626,1.866666667,1.728,0.0,1.066666667,0.0,2.533333333,1.066666667,7.773333333
M91628,2.106666667,0.0,0.0,0.0,0.0,0.666666667,0.0,3.146666667
M91629,2.853333333,1.226666667,0.0,1.92,0.0,0.666666667,0.0,6.986666667
M91637,1.0,0.0,0.0,0.0,0.0,0.533333333,0.0,4.173333333
M91639,0.666666667,0.0,0.0,0.0,0.0,0.773333333,0.0,3.357438612
M91640,0.533333333,0.0,0.133333333,2.133333334,0.0,0.493333333,0.666666667,5.28
M91641,0.533333333,0.533333333,0.0,0.0,0.0,1.666666667,0.0,3.48
M91642,1.133333333,0.0,0.0,0.0,0.0,0.36,0.0,2.08
M91647,2.933333333,0.0,0.0,1.066666667,1.066666667,2.453333333,1.973333333,7.973333333
M91650,3.4400000000000004,0.0,1.08,0.0,0.0,2.04,2.333333333,8.210666667
M91654,1.0,0.0,0.0,0.0,0.0,0.16,0.346666667,3.2
M91659,0.533333333,0.0,0.0,0.0,0.0,1.533333333,0.0,3.386666667
M91660,0.533333333,0.853333333,0.426666667,0.0,0.0,1.6,1.466666667,5.8
M92001,1.066666667,0.0,0.0,0.0,0.0,0.586666667,0.0,5.546666667
M92004,0.48,0.0,0.0,0.0,0.0,0.96,0.0,5.013333333
M92006,1.333333334,1.8,0.0,1.92,0.0,5.933333333,0.0,6.211682348
M92007,0.0,3.6,0.0,3.84,0.0,2.72,2.706666667,5.046666667
M92008,3.733333333,2.48,0.0,2.133333333,1.066666667,4.76,0.0,14.21333333
M92009,5.080030117000001,2.4,0.0,5.333333334,2.133333333,2.866666667,2.506666667,20.48666667
M92010,5.6,0.0,0.0,2.133333334,0.0,1.6,0.0,11.24666667
M92011,3.186666667,14.80533333,0.382303741,1.706666667,0.0,3.533333333,2.64,4.226666667
M92012,1.6,2.346666667,0.0,5.4399999999999995,3.2,2.8,1.573333333,10.94666667
M92013,1.8,1.226666667,0.0,2.56,2.133333333,0.96,1.72,5.466666667
M92015,0.533333333,1.0,0.0,2.346666667,0.0,0.826666667,0.093333333,4.226666667
M92016,2.133333334,2.32,1.2266666670000002,0.0,0.0,3.24,2.653333333,17.4
M92019,3.586666666,0.986666667,0.0,1.706666667,0.0,1.053333333,1.213333333,9.84
M92022,0.853333333,0.106666667,0.213333333,0.0,0.0,1.786666667,0.0,5.42
M92026,0.933333333,1.573333333,0.0,0.0,0.0,1.333333333,0.533333333,5.24
M92028,0.0,5.64,0.0,3.626666667,0.0,1.466666667,1.133333333,10.04
M92029,2.153333333,0.0,0.0,3.2,0.0,0.666666667,2.48,9.053333333
M92039,2.5866666670000003,0.973333333,0.0,2.773333334,1.066666667,1.306666667,1.653333333,6.633333333
M92040,2.426666667,1.386666667,0.0,1.066666667,0.0,4.426666667,1.066666667,11.34666667
M92041,1.6,0.0,0.0,0.0,0.0,1.12,0.546666667,3.733333333
M92043,0.906666667,3.12,0.0,1.706666667,0.0,1.36,1.306666667,7.16
M92607,3.026666667,0.0,0.0,0.0,0.0,1.68,0.0,13.84
M92609,0.986666667,0.0,0.0,1.066666667,0.0,1.226666667,1.46,7.066666667
M92612,7.96,8.385483065,0.0,3.626666667,0.0,4.6,3.4,63.17003136
M92627,2.0,0.746666667,0.0,0.0,0.0,0.12,0.106666667,4.386666667
M92629,1.6,0.0,0.0,0.0,0.0,0.0,1.92,4.626666667
M92630,1.6,0.48,0.0,0.0,2.133333333,1.213333333,0.826666667,6.266666667
M92640,0.426666667,0.133333333,0.0,0.0,0.0,0.96,0.426666667,3.146666667
M92649,1.066666667,0.0,0.0,2.133333333,0.0,0.0,0.613333333,3.7688
M92654,1.213333333,1.946666667,0.4,0.0,0.0,2.213333333,1.866666667,9.866666667
N81001,2.786666667,0.533333333,0.0,0.746666667,0.0,2.546666667,1.4,8.286666667
N81002,2.88,4.68,0.0,1.92,0.0,4.333333333,1.173333333,15.14
N81005,4.5,0.76,0.0,2.773333333,1.066666667,4.986666667,6.12,16.46666667
N81006,0.0,0.133333333,0.0,1.92,0.0,1.653333333,4.306666667,7.68
N81007,3.8666666660000004,2.757333333,0.0,1.706666667,1.066666667,2.36,0.906666667,10.48
N81008,3.693162666,1.14656,0.0,2.133333333,0.0,3.88,0.8,15.61333333
N81009,1.52,0.346666667,0.0,0.0,0.0,4.48,2.386666667,11.10666667
N81010,0.9,3.306666667,0.0,0.0,0.0,1.706666667,2.373333333,7.92
N81011,3.866666667,2.8,0.0,1.706666666,0.0,5.466666667,3.493333333,20.72
N81012,3.386666667,2.88,0.0,1.706666667,2.133333333,2.026666667,0.88,15.57333333
N81013,4.346666667,0.64,0.0,2.773333333,1.066666667,2.76,0.746666667,9.6
N81014,1.9200000000000002,1.36,0.0,2.133333334,0.0,1.746666667,0.986666667,12.49333333
N81016,6.512,2.978133333,0.0,6.826666667,0.0,12.56,2.96,31.0
N81018,3.546666667,1.866666667,0.0,0.0,0.0,2.64,10.48,11.36666667
N81019,5.293333334,2.813333333,0.0,2.56,0.0,6.32,6.853333333,26.05333333
N81020,3.9984,0.437333333,0.0,1.706666666,0.0,5.8,2.88,12.8
N81022,9.42,7.863333333,0.0,4.48,0.853333333,10.59627658,8.613333333,62.67578763
N81024,2.453333333,3.093333333,0.0,1.173333333,0.0,1.626666667,0.96,10.89333333
N81025,1.530666667,2.36,0.0,4.373333334,2.133333333,1.373333333,0.0,11.83333333
N81027,2.906666667,1.696,0.62,2.346666667,0.0,7.173333333,5.24,14.28
N81028,1.493333333,1.933333333,0.0,1.706666667,0.0,1.666666667,0.666666667,7.745015681
N81029,4.226666667,4.0,0.0,2.133333333,0.853333333,2.346666667,1.586666667,11.13333333
N81030,7.84,1.848949732,0.0,2.133333334,0.0,5.306666667,6.346666667,25.28
N81031,1.813333333,1.333333333,0.0,2.88,0.0,1.973333333,1.6,9.493333333
N81032,8.693333333,2.48,0.0,4.48,0.0,5.76,5.253333333,29.72
N81033,6.013333333,0.426666667,0.0,3.626666667,0.0,1.72,0.6,11.41333333
N81034,1.28,5.653333333,0.0,2.133333333,0.0,5.665978958,2.706666667,15.97333333
N81035,3.6,2.16,0.0,1.92,4.053333333,4.88,2.4,13.44
N81036,2.28,0.6,0.0,1.386666666,0.0,2.493333333,1.64,7.32
N81037,2.666666667,1.813333333,0.0,0.64,0.0,3.346666667,1.68,10.27333333
N81038,3.32,0.586666667,0.444266667,0.8,0.0,1.346666667,5.64,11.17333333
N81039,3.9333333329999998,3.269333333,0.0,2.133333333,0.0,2.56,2.9,14.46666667
N81040,1.066666667,1.706666667,0.0,0.0,0.0,0.64,0.0,8.253333333
N81041,3.84,1.013333333,0.0,4.266666667,1.066666667,1.533333333,4.6,13.38666667
N81043,1.973333333,1.28,0.0,0.0,0.0,1.92,1.0,8.373333333
N81044,1.893333333,2.626666667,0.0,0.0,0.0,4.28,1.8,10.38666667
N81045,2.72,1.866666667,0.0,0.0,0.0,6.986666667,2.813333333,22.33333333
N81046,3.333333334,1.333333333,0.0,2.56,0.0,3.24,0.0,11.28
N81047,4.24,1.333333333,0.0,2.773333333,1.066666667,4.986666667,6.386666667,14.01333333
N81048,3.14,1.506666667,0.0,1.706666667,0.0,3.046666667,3.333333333,16.45333333
N81049,7.9368,5.450666667,0.0,6.826666667,0.0,3.853333333,15.73333333,45.23333333
N81050,5.206666667,2.605866666,0.0,1.706666667,1.066666667,11.01333333,9.36,32.33333333
N81051,2.96,0.7776,0.0,0.0,0.0,0.0,0.0,8.413333333
N81052,5.28,1.72,0.0,0.0,0.0,2.8,0.933333333,16.26666667
N81053,4.493333333,3.588,0.0,2.986666666,0.0,6.12,5.886666667,19.56
N81054,2.56,3.973333333,0.0,2.133333334,0.0,2.0,1.306666667,13.14666667
N81055,2.986666667,1.386666667,0.0,2.133333333,0.0,0.613333333,2.0,9.013333333
N81056,2.786666667,0.844442667,0.0,2.133333334,0.0,2.72,1.76,10.94666667
N81057,2.853333333,1.706666667,0.0,0.64,0.0,2.446666667,2.6,25.34666667
N81059,1.04,2.973333333,0.453333333,1.066666667,0.0,5.306666667,2.68,13.73333333
N81060,3.506666667,2.44,0.0,2.56,0.0,4.093333333,1.453333333,12.78501568
N81061,3.36,1.466666667,0.0,1.493333333,0.853333333,1.866666667,1.52,12.9
N81062,5.12,4.373333333,0.0,1.706666667,0.0,6.573333333,1.68,12.81333333
N81063,5.12,2.773333333,0.0,1.92,0.0,2.72,3.333333333,18.32
N81064,0.213333333,0.8,1.706666667,0.0,0.0,2.0,0.0,9.6
N81065,2.533333333,0.8,0.0,1.92,0.0,2.666666667,1.84,9.226666667
N81066,3.24,4.88,0.0,1.706666667,0.0,3.626666667,1.88,27.05333333
N81067,3.6799999999999997,0.0,0.426666667,0.0,0.0,2.093333333,4.733333333,7.666666667
N81068,4.666666667,4.813333334,0.0,9.813333334,0.0,3.973333333,4.853333333,18.45333333
N81069,1.6,1.893333333,0.0,1.066666667,0.0,2.613333333,3.253333333,9.76
N81070,4.826666667,2.933333334,0.0,2.773333334,0.0,2.933333333,2.506666667,14.58666667
N81071,2.533333333,0.0,0.0,0.0,0.0,2.4,4.893333333,5.973333333
N81072,2.2,0.0,0.0,1.706666667,1.066666667,2.386666667,5.546666667,15.26
N81074,1.506666667,0.0,0.0,0.0,0.0,1.226666667,0.853333333,6.48
N81075,3.024,5.418666667,0.0,2.9866666669999997,2.133333333,3.06,3.8,15.78666667
N81077,4.586666666999999,1.386666667,1.2,1.066666667,1.066666667,4.08,6.800270098,26.84
N81079,2.96,3.173333333,0.0,2.133333334,0.0,2.973333333,0.8,13.28
N81080,2.64,3.014283065,0.0,2.346666667,1.066666667,2.133333333,2.533333333,11.41333333
N81081,2.56,1.493333333,0.0,1.066666667,0.0,3.133333333,1.04,13.03333333
N81082,6.619466667,3.0,0.0,3.946666667,0.0,6.52,5.466666667,22.12
N81083,2.0,0.0,0.0,0.0,0.0,0.0,0.0,5.146666667
N81084,3.36,4.106666667,0.0,1.066666667,0.0,7.666666667,2.68,24.8
N81085,2.556533333,4.0352,0.333333333,3.733333334,0.0,3.013333333,0.8,11.01333333
N81086,1.0,6.485333333,0.0,3.2,0.0,3.546666667,1.8,16.36
N81087,7.2656,4.375466667,0.0,4.586666667,1.066666667,8.293333333,5.32,34.81333333
N81088,4.906666667,3.866666667,0.0,2.773333334,0.0,2.053333333,1.0,12.89333333
N81089,2.885333333,2.04,0.0,0.0,0.0,2.266666667,0.666666667,10.87333333
N81090,0.666666667,1.22,0.0,0.0,0.0,1.426666667,1.146666667,8.48
N81092,4.453333333,2.56,0.0,2.133333333,0.0,2.88,3.533333333,16.10666667
N81093,5.346666667,3.32,0.0,2.133333333,0.0,3.88,4.253333333,20.04
N81096,0.64,6.506666667,0.0,1.92,1.066666667,1.893333333,0.266666667,8.56
N81097,1.92,0.0,0.0,0.0,0.0,0.64,0.0,4.346666667
N81100,3.2,0.853333333,0.0,1.066666667,0.0,1.773333333,1.786666667,11.46666667
N81101,2.546666667,0.48,0.0,2.133333334,0.0,1.36,0.906666667,10.74533333
N81102,1.24,0.453333333,0.0,2.133333334,0.0,0.0,4.906666667,7.76
N81107,1.146666667,0.453333333,0.0,0.0,0.0,0.0,0.0,5.093333334
N81108,2.933333333,0.0,0.0,0.0,0.0,0.8,0.0,8.933333333
N81109,2.24,1.24,0.0,0.853333333,1.066666667,0.8,0.546666667,8.672
N81111,3.253453804,1.0,0.0,0.0,0.0,4.779290639,4.4,12.62501568
N81113,3.866666667,1.666666667,0.0,1.066666667,0.0,1.466666667,1.84,8.506666667
N81114,2.04,3.922666667,0.0,0.64,0.0,3.106666667,2.106666667,12.50666667
N81115,2.186666667,1.6,0.0,2.88,0.0,2.613333333,1.6,7.99083467
N81117,0.0,4.053333333,0.0,0.0,0.0,1.546666667,0.8,10.97333333
N81118,2.4,1.978666667,0.0,0.0,0.0,2.36,1.64,8.586666667
N81119,2.0,0.0,0.0,0.0,0.0,2.0,1.666666667,8.6
N81120,1.033333333,1.6,0.0,0.0,0.0,1.706666667,5.46,7.74
N81121,0.613333333,3.133333333,0.0,1.386666667,2.133333333,1.866666667,1.0,11.58666667
N81122,3.866666667,2.293333333,0.0,0.0,0.0,2.426666667,0.8,12.04666667
N81123,2.346666667,0.213333333,0.0,0.0,0.0,0.986666667,1.44,1.466666667
N81125,1.58,1.933333333,0.0,0.0,0.0,5.253333333,0.96,8.326666667
N81127,1.8,3.64,0.0,0.0,0.0,1.66,2.646666667,10.85333333
N81607,0.0,1.666666667,0.0,0.0,0.0,1.84,0.986666667,4.653333333
N81614,2.0,1.549333333,0.0,2.986666667,1.066666667,1.5,7.68,10.30501568
N81619,1.0,0.0,0.0,0.0,0.0,0.986666667,0.853333333,6.573333334
N81623,1.28,0.426666667,0.0,0.0,0.0,0.8,0.106666667,8.773333333
N81624,1.066666667,3.986666667,0.0,0.0,0.0,4.1568,2.426666667,15.97333333
N81626,1.28,0.44,0.0,0.0,0.0,1.226666667,0.0,4.586666667
N81628,1.0,4.013333333,0.0,1.92,0.0,4.933333333,8.226666667,15.8
N81632,2.624,0.786666667,0.0,1.493333333,1.706666667,1.826666667,0.0,7.6
N81637,1.146666667,0.0,0.0,0.0,0.0,0.693333333,0.0,3.56
N81642,0.0,0.0,0.253333333,0.0,0.0,0.8,2.293333333,5.866666667
N81645,1.066666667,0.0,0.0,0.0,0.0,0.426666667,0.746666667,4.293333333
N81651,0.0,0.0,0.0,0.0,0.0,0.0,0.426666667,4.613333333
N82001,3.0,1.0,0.0,0.0,0.0,1.973333333,0.8,6.826666667
N82002,0.813363451,0.64,0.426666667,0.0,0.0,0.0,1.426666667,7.026666667
N82003,2.0,0.426666667,0.0,2.9866666669999997,0.0,0.426666667,0.8,6.013333333
N82004,0.0,1.626666667,0.0,0.0,0.0,0.4,0.8,4.333333333
N82009,1.68,1.986666667,0.4,0.0,0.0,0.986666667,0.986666667,11.4
N82011,4.56,3.76,0.0,2.133333334,0.0,2.666666667,2.0,13.52
N82014,0.986666667,3.946666667,0.0,1.066666667,0.0,1.32,0.533333333,7.36
N82018,5.36,4.0,0.0,1.92,0.0,2.333333333,1.613333333,12.77333333
N82019,0.4,0.0,0.0,0.0,0.0,3.0,0.933333333,2.826666667
N82022,2.16,4.0,0.0,3.626666666,5.333333334,0.0,2.346666667,13.53333333
N82024,3.386666667,2.826666667,0.0,5.12,0.0,2.626666667,0.213333333,13.01333333
N82026,2.24,3.306666666,0.0,1.066666667,0.0,1.533333333,0.213333333,5.106666667
N82033,3.253333333,2.133333333,0.0,1.28,0.0,1.4,0.986666667,12.65068787
N82034,2.0,0.8,0.0,0.0,0.0,1.0,0.0,9.56
N82035,2.666666667,4.453333333,0.0,0.853333333,0.0,2.973333333,0.8,12.88
N82036,0.0,1.333333333,0.0,0.0,0.0,0.986666667,1.0,4.866666667
N82037,2.133333334,3.52,0.0,1.92,0.0,4.373333333,4.933333333,14.45333333
N82039,0.813363451,0.0,0.0,0.0,0.0,0.586666667,0.426666667,3.773333333
N82041,2.4,4.333333333,0.0,4.906666667,0.0,2.6,1.946666667,16.81333333
N82046,2.0,2.4,0.0,0.853333333,0.0,1.826666667,1.32,10.26
N82048,5.306666667,0.0,0.0,1.066666667,0.0,0.666666667,0.933333333,8.32
N82049,2.0,0.0,0.0,0.0,0.0,0.213333333,0.213333333,7.893333334
N82050,1.066666667,0.533333333,0.0,0.0,0.0,0.626666667,0.0,4.266666667
N82052,1.866666667,0.666666667,0.0,0.0,0.0,0.906666667,0.64,6.88
N82053,3.573333333,3.52,0.32,2.133333334,0.0,3.2,2.48,16.66666667
N82054,2.133333333,3.033333333,0.0,1.813333334,0.0,0.96,1.0,10.78666667
N82058,2.053333333,1.066666667,0.0,2.133333334,0.0,0.32,1.8,6.466666667
N82059,3.2,0.0,0.0,2.133333334,0.0,0.8,0.986666667,8.12
N82062,3.466666667,2.573333333,0.0,1.92,0.0,2.0,0.0,9.6
N82065,0.988,0.0,0.16,0.0,0.0,0.56,0.0,5.044
N82066,4.026666667,1.44,0.0,3.626666666,0.0,1.813333333,0.64,13.73333333
N82067,1.066666667,0.0,0.0,0.0,0.0,0.0,1.0,5.066666667
N82070,2.346666667,4.63313226,0.0,0.853333333,1.066666667,1.013333333,3.026666667,8.88
N82073,2.66,2.749333333,0.0,1.6,0.0,0.853333333,0.0,10.2
N82074,5.733333334,0.594666667,0.0,2.133333333,0.0,1.6,1.0,11.208
N82076,0.0,9.426666667,0.0,0.0,0.0,5.84,1.133333333,15.616
N82077,0.285714286,0.0,0.0,0.0,0.0,3.289333333,0.249866667,4.813333333
N82078,0.0,0.656,0.0,0.0,0.0,2.725333333,0.249866667,6.426666667
N82079,2.88,1.893333333,0.0,1.066666667,0.0,1.04,0.0,7.0
N82081,2.493333333,0.12,0.0,3.84,0.0,2.466666667,0.933333333,4.933333333
N82082,1.973333334,1.930666667,0.0,1.92,0.0,0.213333333,3.973333333,6.733333334
N82083,1.173333333,3.546666667,0.0,1.493333333,0.0,3.613333333,1.94,10.93333333
N82084,2.213333333,0.0,0.0,0.0,0.0,1.386666667,0.2,4.56
N82086,1.466666667,0.0,0.0,0.0,0.0,0.346666667,0.4,3.106666667
N82087,0.285714286,1.066666667,0.0,0.0,0.0,0.786133333,0.0,3.533333333
N82089,1.386666667,0.0,0.0,1.066666667,0.0,1.4,0.0,4.72
N82090,4.906666667,3.333333333,0.0,0.746666667,0.0,3.64,1.88,9.053333333
N82091,0.285714286,0.656,0.0,0.0,0.0,0.0,0.6,3.0
N82092,2.64,2.4,0.0,4.906666667,0.0,1.786666667,0.986666667,7.52
N82093,1.386666667,0.853333333,0.0,0.0,0.0,1.466666667,0.8,4.573333333
N82094,2.7,3.006533333,0.0,0.853333333,0.0,2.8,0.0,9.826666667
N82095,1.013333333,1.6,0.0,3.84,0.0,1.0,0.0,3.893333333
N82097,2.4000000000000004,2.266666667,0.0,0.0,0.0,3.786666667,2.8,10.05333333
N82099,2.853333333,0.96,0.0,2.56,0.0,2.0,0.853333333,11.76
N82101,0.0,0.0,0.0,0.0,0.0,0.0,0.0,2.96
N82103,2.133333333,1.904,0.0,3.2,0.0,1.866666667,0.64,6.72
N82104,0.0,2.026666666,0.0,0.0,0.0,0.96,0.0,3.24
N82106,2.533333333,0.0,0.0,0.0,0.0,0.8,0.0,5.706666667
N82107,0.533333333,0.0,0.0,0.0,0.0,0.0,0.426666667,0.533333333
N82108,4.197333333,1.106666667,0.0,5.333333334000001,0.0,3.04,0.0,8.333333333
N82109,1.8698743850000001,0.0,0.106666667,2.773333333,0.0,0.64,0.0,4.133333333
N82110,1.8533333330000001,1.52,0.0,3.0933333340000004,0.0,3.266666667,1.973333333,14.57333333
N82113,1.066666667,0.0,0.061333333,0.0,0.0,1.04,1.2,8.746666667
N82115,1.44,8.369899464,0.0,1.92,0.0,2.72,1.013333333,14.16838038
N82116,2.106666667,1.666666667,0.0,3.2,0.0,1.853333333,0.4,10.91333333
N82117,5.066666667,29.92,0.0,11.946666666999999,0.0,24.97813333,8.373333333,90.78266667
N82617,0.0,3.706666667,0.0,0.0,0.0,2.88,2.866666667,12.696
N82633,1.6,0.76,0.0,0.853333333,0.0,0.666666667,0.0,4.746666667
N82641,0.285714286,0.0,0.0,0.0,0.0,0.833333333,1.0,4.0
N82645,0.0,4.973333333,0.0,1.066666667,0.0,2.906666667,0.12,9.362666667
N82646,0.285714286,0.874666667,0.0,0.0,0.0,3.520533333,2.986666667,13.64
N82648,0.0,0.0,0.0,0.0,0.0,1.133333333,2.0,4.24
N82650,1.44,0.0,0.133333333,0.0,0.0,0.666666667,0.0,3.226666667
N82651,0.819047619,0.656,0.0,0.0,0.0,2.862933333,1.0,9.36
N82655,1.066666667,0.0,0.0,0.0,0.0,0.986666667,0.0,2.92
N82662,1.066666667,0.746666667,0.0,0.0,0.0,2.8,2.0,12.70666667
N82663,1.493333333,0.0,0.0,0.0,0.0,0.64,0.0,5.226666667
N82664,0.856541052,0.0,0.16,0.0,0.0,1.2,1.013333333,5.548282828
N82668,1.36,0.0,0.0,0.0,0.0,0.426666667,0.0,2.973333333
N82669,0.8,0.0,0.453333333,1.706666666,0.0,0.64,0.8,6.426666667
N82671,1.066666667,0.0,0.0,0.0,0.0,1.08,0.0,2.453333333
N82676,0.285714286,1.832,0.0,0.0,0.0,1.06,0.249866667,5.906666667
N82678,0.986666667,0.0,0.213333333,0.0,0.0,0.0,0.0,2.946666667
N83001,4.693333334,2.506666667,0.0,5.119999999999999,0.0,6.5,2.493333333,21.84
N83002,2.053333334,2.706666667,0.0,2.133333334,1.066666667,2.813333333,2.733333333,15.33168235
N83003,2.133333333,0.0,0.0,0.0,0.0,0.0,0.8,6.72
N83005,4.16,0.0,0.0,2.773333334,1.066666667,2.2,0.426666667,13.92
N83006,0.533333333,0.0,0.0,0.0,0.0,1.413333333,0.466666667,5.426666667
N83007,1.0666666660000002,0.426666667,0.0,0.0,0.0,0.4,0.986666667,5.585015681
N83008,1.6,0.0,0.0,0.0,0.0,3.026666667,2.0,12.73333333
N83009,6.4,5.506666667,0.266666667,2.706666667,0.0,3.0,2.666666667,22.08666667
N83010,2.0,1.0,0.0,0.0,1.066666667,1.693333333,0.0,8.993333333
N83012,4.6,1.0,0.0,3.84,1.066666667,2.485957305,3.986666667,10.93333333
N83013,2.0,0.853333333,0.0,0.0,0.0,1.0,0.8,6.44
N83014,3.04,3.64,0.0,3.84,0.0,1.0,1.8,13.99333333
N83017,1.013333333,1.106666667,0.0,2.133333333,0.0,1.373333333,1.6,6.493333333
N83018,2.466696785,2.24,0.0,2.9866666669999997,0.0,2.8,1.8,12.96
N83019,0.693333333,3.2,0.0,0.0,0.0,2.933333333,3.653333333,13.05333333
N83020,0.893333333,3.224,0.0,2.773333333,1.066666667,11.18666667,3.08,18.62666667
N83021,1.76,1.28,0.0,0.0,0.0,3.933333333,2.4,10.57333333
N83023,0.0,5.666666667,0.0,0.0,0.0,1.986666667,0.986666667,13.54666667
N83024,2.346666667,1.546666667,0.0,0.0,0.0,3.0,0.64,10.73333333
N83025,0.0,1.56,0.8,0.0,0.0,2.866666667,2.146666667,13.548
N83026,1.066666667,0.666666667,0.0,0.0,0.0,0.693333333,0.533333333,3.16
N83027,1.653333333,1.106666667,0.0,0.0,0.0,0.986666667,0.64,8.4
N83028,0.0,0.8,0.0,0.853333333,0.0,6.466666667,7.6,34.28
N83030,2.986666666,1.0,0.0,0.0,0.0,1.0,0.0,6.44
N83031,0.0,0.8,0.0,0.0,0.0,0.0,0.0,3.893333333
N83032,2.64,3.136,0.0,2.773333334,0.0,7.96,8.573333333,28.0
N83033,3.466666667,1.573333333,0.0,1.92,0.0,1.04,1.2,10.17333333
N83035,2.826666667,1.733333333,0.0,2.773333333,0.0,1.546666667,1.96,9.146666667
N83041,1.76,1.296,0.0,4.053333332999999,0.0,1.6,1.24,6.186666667
N83043,2.133333334,0.0,0.213333333,1.066666667,1.066666667,1.4,0.0,5.066666667
N83045,0.0,1.493333333,0.186666667,0.0,0.0,0.0,0.426666667,8.386666667
N83047,1.12,1.12,0.0,0.0,1.066666667,1.28,0.853333333,6.746666667
N83049,2.0,0.88,0.0,0.0,0.0,0.8,0.0,4.386666667
N83050,0.8,1.093333334,0.0,0.0,0.0,0.693333333,0.906666667,6.48
N83053,2.4000000000000004,0.8,0.0,2.773333333,0.0,1.533333333,0.426666667,7.946666667
N83054,1.333333333,0.533333333,0.0,0.0,0.0,2.08,1.0,6.786666667
N83601,1.0,2.581333333,0.0,0.853333333,0.0,2.36,3.026666667,9.682666667
N83603,4.666666667,0.0,0.0,2.56,1.066666667,1.2,0.0,7.253333333
N83605,1.013333333,0.0,0.0,0.0,0.0,0.666666667,0.0,4.76
N83608,1.786666667,0.6,0.0,0.0,0.0,2.373333333,3.32,14.81333333
N83609,1.066666667,0.853333333,0.0,0.0,0.0,1.226666667,0.0,5.04
N83610,0.0,0.0,1.013333333,0.0,0.0,1.013333333,0.0,5.24
N83614,0.32,0.88,0.0,0.0,0.0,0.96,0.8,3.946666667
N83619,0.533333333,2.133333333,0.08,0.0,2.133333333,2.48,1.666666667,11.64
N83620,0.0,0.0,0.72,0.0,0.0,0.0,0.0,5.0
N83621,1.013333333,0.0,0.0,0.0,0.0,0.96,0.986666667,2.96
N83622,1.066666667,0.0,0.08,0.0,0.0,0.24,0.0,3.16
N83624,1.2,0.0,0.0,0.0,0.0,1.04,0.0,4.453333333
N83628,1.523207718,1.28,0.0,0.853333333,0.0,0.0,0.333333333,5.12
N83633,2.133333333,0.0,0.0,0.0,0.0,0.48,1.0,4.093333333
N83637,1.013333333,0.0,0.0,0.0,0.0,0.48,0.453333333,5.066666667
N84001,1.066666667,2.912,0.0,0.0,0.0,1.44,1.0,11.76666667
N84002,0.853333334,0.0,0.0,0.0,0.0,0.2,0.0,3.76
N84003,3.293333333,2.0,0.0,1.066666667,0.0,2.0,2.0,12.93333333
N84004,3.333333334,0.48,0.0,2.9866666669999997,0.0,2.173333333,0.88,8.386666667
N84005,5.066666667,0.666666667,0.0,1.92,0.0,1.4,3.826666667,10.30501568
N84006,2.5866666670000003,1.457066667,0.0,3.2,0.0,3.786666667,3.92,21.50666667
N84007,2.0,0.0,0.0,1.066666667,0.0,1.626666667,0.6,8.133333333
N84008,4.466666667,1.373333333,0.0,4.4800000010000005,0.0,2.04,2.013333333,14.06
N84010,1.6,0.426666667,0.0,0.0,0.0,0.32,0.0,5.413333333
N84011,2.933333333,1.42,0.0,0.0,0.0,1.386666667,0.666666667,11.13333333
N84012,4.426666666,4.16,0.0,3.413333333,0.0,2.626666667,1.206666667,9.24
N84013,1.0,1.186666667,0.453333333,0.0,0.0,5.333333333,2.666666667,12.73834901
N84014,1.6,1.12,0.0,2.9866666669999997,1.066666667,1.12,2.066666667,7.3
N84015,1.546666667,0.0,0.0,1.92,0.0,0.8,0.0,6.786666667
N84016,2.0,0.88,0.0,0.0,0.0,0.6,0.72,8.76
N84017,0.0,3.52,0.0,0.0,0.0,1.426666667,2.0,14.02666667
N84018,5.6,0.48,1.32,2.133333333,0.0,2.0,10.34666667,17.91834901
N84019,0.0,0.266666667,0.533333333,0.0,0.0,1.8,1.422806508,5.453333333
N84020,0.444266667,4.300533333,0.0,3.2,0.0,3.6,1.973333333,14.92
N84021,0.133333333,7.16,0.0,1.066666667,0.0,4.8,4.226666667,13.15333333
N84023,3.354666667,0.0,0.0,3.84,0.0,2.293333333,1.0,10.77333333
N84024,3.2,1.706666667,0.44,0.853333333,0.0,1.973333333,1.4,14.58501568
N84025,0.56,4.08,0.0,2.773333334,0.0,2.64,0.0,11.89333333
N84027,0.666666667,0.426666667,0.0,0.0,0.0,1.0,0.0,5.453333333
N84028,2.96,2.093333333,0.0,6.186666667,0.0,1.2,1.453333333,7.626666667
N84029,1.0,1.96,0.0,0.0,0.0,0.686666667,0.853333333,7.666666667
N84034,0.266666667,4.0,0.0,1.066666667,0.0,2.573333333,0.0,10.50666667
N84035,0.0,1.133333333,0.0,0.0,0.0,0.2,0.0,4.72
N84038,0.8,2.266666667,0.0,0.0,0.0,0.746666667,1.333333333,9.146666667
N84041,2.24,0.44,0.0,1.066666667,1.066666667,1.8,0.426666667,6.48
N84043,0.0,0.0,0.506666667,0.0,0.0,0.0,0.24,1.4
N84605,0.0,1.906666667,0.0,0.0,0.0,1.986666667,1.6,8.626666667
N84613,1.76,0.106666667,0.106666667,1.066666667,0.853333333,2.826666667,0.426666667,7.186666667
N84614,0.8,0.533333333,0.24,0.0,0.0,1.266666667,0.2,4.073333333
N84615,0.666666667,0.906666667,0.0,0.0,0.0,0.72,0.0,3.413333333
N84617,1.12,0.853333333,0.213333333,0.0,0.0,0.72,1.28,7.786666667
N84621,0.0,1.24,0.0,0.0,0.0,0.6,1.0,7.6
N84625,0.266666666,1.218666667,0.24,0.0,0.0,0.786666667,0.0,5.486666667
N84626,0.0,0.533333333,0.266666667,0.0,0.0,0.213333333,0.0,2.266666667
N84630,0.0,0.106666667,0.0,0.0,0.0,0.2,0.506666667,3.2
N85002,7.84,6.533333334,0.0,3.2,0.0,9.893333333,3.28,45.56666667
N85005,5.574666667,1.6,0.0,4.693333333,1.066666667,4.293333333,2.733333333,13.68
N85006,1.973363451,3.12,0.0,1.706666667,0.0,3.28,1.813333333,12.2
N85007,7.466666667,0.506666667,0.0,1.066666667,0.0,3.68,2.44,28.34
N85008,10.426666667000001,0.0,0.533333333,2.56,0.0,3.546666667,2.946666667,25.25333333
N85012,3.36,2.4,0.0,4.48,1.066666667,2.84,2.666666667,16.92
N85013,2.266666667,2.08,0.0,2.133333334,0.0,1.76,1.72,13.44
N85015,3.093333333,1.92,0.0,1.92,0.853333333,1.426666667,0.0,11.10666667
N85016,2.8,1.64,0.0,0.0,1.066666667,2.72,1.333333333,11.57333333
N85017,2.04,1.813333333,0.48,2.133333333,1.066666667,1.333333333,0.48,9.293333334
N85018,0.0,1.2,0.0,2.986666666,0.0,1.146666667,0.266666667,12.82666667
N85019,1.36,2.64,0.0,1.92,1.066666667,6.186666667,0.0,11.6
N85020,4.213333333,3.28,0.0,4.906666667,0.0,3.186666667,2.573333333,22.42666667
N85021,0.96,0.853333333,0.0,0.0,1.066666667,0.986666667,0.693333333,8.093333333
N85022,1.0,0.533333333,0.0,0.0,0.0,1.226666667,0.093333333,3.866666667
N85023,3.2,0.533333333,0.0,1.706666667,1.066666667,1.306666667,0.426666667,7.44
N85024,3.333333333,2.666666666,0.0,0.0,0.0,2.666666667,1.413333333,11.22666667
N85025,2.04,1.313333334,0.0,3.6266666670000003,1.066666667,1.386666667,2.293333333,8.026666667
N85027,3.626666667,1.784949732,0.0,0.0,0.0,3.546666667,3.493333333,11.88426667
N85028,0.0,6.106666667,0.0,0.0,1.066666667,4.0,1.306666667,22.98666667
N85031,2.906666666,0.0,0.0,0.0,0.0,0.986666667,0.0,6.28
N85032,3.133333333,0.666666667,0.0,0.0,0.0,1.333333333,0.853333333,8.786666667
N85037,1.066666667,1.493333333,0.0,0.0,0.0,1.333333333,0.266666667,4.4
N85038,2.4000000000000004,0.746666667,0.0,0.0,0.0,1.813333333,0.0,6.986666667
N85044,6.597333333,1.28,0.0,9.600000000000001,0.0,8.186666667,4.4,37.21333333
N85046,2.1,0.0,0.0,2.133333334,0.0,1.746666667,2.013333333,6.28
N85047,2.693333333,2.64,0.0,2.346666667,0.0,2.893333333,0.626666667,9.626666667
N85048,1.733333333,1.98,0.0,2.133333333,1.066666667,2.213333333,0.0,7.36
N85051,3.909333333,2.8,0.0,10.026666667,3.2,4.426666667,0.8,16.52
N85052,1.36,0.933333333,0.0,0.0,0.0,0.96,1.8,5.546666667
N85054,0.16,1.28,0.0,1.066666667,1.066666667,0.213333333,2.053333333,8.253333333
N85057,2.026666666,0.0,0.0,0.0,0.0,0.986666667,0.666666667,3.533333333
N85059,0.0,4.186666667,0.0,0.64,0.0,4.653333333,1.28,12.33333333
N85616,1.533363451,0.773333333,0.0,0.0,0.0,1.866666667,1.946666667,5.053333333
N85617,2.2,1.6,1.493333333,1.28,0.0,1.386666667,0.946666667,7.666666667
N85620,4.32,2.4,0.0,1.706666667,0.0,1.466666667,0.0,7.653333334
N85625,2.7600000000000002,3.546666667,0.0,1.066666667,0.0,10.13333333,6.72,33.97333333
N85629,1.066666667,2.6,0.0,0.0,0.0,1.893333333,0.8,7.133333333
N85633,1.72,0.613333333,0.0,1.706666667,0.0,0.666666667,0.4,7.226666667
N85634,1.066666667,0.533333333,0.0,0.0,0.0,0.48,0.0,3.346666667
N85640,0.0,1.8,0.0,0.0,0.0,1.853333333,0.986666667,4.453333333
N85643,0.0,0.0,0.0,0.0,0.0,0.0,0.0,3.573333333
N85648,1.6800000000000002,1.173333333,0.266666667,0.853333333,1.066666667,0.586666667,0.36,7.386666667
P81002,18.0,7.379466667,0.0,14.080000003,2.133333333,27.01929064,36.2153527,113.415444
P81003,2.133333334,3.436533333,0.0,1.706666667,0.0,1.28,1.96,16.81333333
P81005,4.033333333,0.0,0.0,0.853333333,0.0,2.146666667,1.0,10.0
P81006,5.6,6.466666667,0.0,1.706666667,0.0,12.09333333,6.946666667,36.36
P81008,2.4,1.946666667,0.0,0.853333333,0.0,2.773333333,2.08,8.826666667
P81010,1.066666667,0.773333333,0.0,0.0,0.0,2.413333333,1.0,5.513333333
P81013,5.466666667,3.093333333,0.0,0.853333333,0.0,5.453333333,9.24,27.94666667
P81014,1.6,3.2,0.0,0.0,0.0,2.213333333,0.6,12.69066667
P81015,1.8,4.261866667,0.0,0.0,2.133333333,6.64,4.026666667,20.39333333
P81016,5.12,0.0,0.0,1.706666667,0.0,2.426666667,4.0,13.45333333
P81017,3.92,4.144,0.0,2.133333334,0.0,5.058666667,6.293333333,17.37333333
P81018,2.7776,1.466666667,0.0,1.92,0.0,2.026666667,0.0,12.2
P81020,7.097333334,1.0976,0.0,3.626666667,0.0,9.133333334,5.906666667,35.06666667
P81022,3.2,0.0,0.0,0.0,0.0,2.293333333,0.0,11.77333333
P81025,4.36,0.0,0.0,0.0,0.0,4.68,2.386666667,10.54666667
P81027,5.333333334,5.08,0.0,4.266666667,0.0,4.64,2.253333333,26.13333333
P81029,7.76,2.053333333,0.0,4.266666666,0.0,11.51262397,6.266666667,46.70666667
P81031,1.973333334,1.013333333,0.0,0.0,0.0,1.24,2.4,14.05333333
P81032,3.748,0.813333333,0.0,2.133333333,0.0,1.546666667,4.88,11.8
P81033,3.853333333,0.0,0.0,0.0,0.0,2.266666667,0.746666667,12.66
P81035,0.0,1.0,0.0,0.0,0.0,0.64,1.48,10.98666667
P81036,3.0,2.3472,0.0,1.066666667,0.0,5.08,4.986666667,25.8
P81037,2.613333333,2.768,0.0,0.0,0.0,1.733333333,3.826666667,26.76133333
P81038,2.0,2.013333333,0.0,2.133333333,0.0,2.986666667,1.786666667,10.88
P81039,2.533333333,0.0,0.0,0.0,0.0,1.76,2.013333333,6.971682348
P81040,3.493333333,3.093333333,0.0,1.066666667,0.0,0.64,4.746666667,14.72
P81041,4.986666667,0.88,0.0,1.92,0.0,1.76,0.666666667,13.71333333
P81042,2.986666666,0.0,1.093333333,2.133333334,0.0,7.573333333,7.36,33.29333333
P81043,2.4,0.666666667,0.32,0.0,1.066666667,1.626666667,2.533333333,12.21333333
P81044,5.42,1.598016399,0.0,2.56,1.92,8.173333333,2.226666667,22.65379298
P81045,2.026666667,0.0,0.0,0.0,0.0,1.293333333,0.466666667,7.853333333
P81046,1.733333333,0.933333333,0.0,1.28,1.066666667,2.306666667,3.72,8.066666667
P81047,4.986666667,2.586666667,0.8,1.706666667,0.0,7.32,4.6,11.06666667
P81051,3.626666667,3.48,0.0,3.626666666,0.0,4.733333333,4.933333333,24.57333333
P81053,1.0,1.873333333,0.2,0.0,0.0,2.0,2.2,10.62666667
P81054,2.133333333,0.0,0.0,0.0,1.066666667,4.493333333,2.573333333,11.85333333
P81055,2.96,4.626666667,0.666666667,2.56,0.853333333,7.333333333,2.946666667,13.65333333
P81057,5.226666667,2.12,0.0,0.853333333,0.0,5.186666667,3.786666667,15.68
P81058,1.933333333,2.04,0.0,1.066666667,0.0,2.48,1.44,13.44
P81059,2.8,0.8,0.0,0.0,0.0,4.573333333,2.68,11.54666667
P81061,1.92,0.0,0.0,1.066666667,0.0,1.2,0.0,3.84
P81062,4.8,0.0,0.0,2.133333333,0.0,1.253333333,1.386666667,11.89333333
P81063,5.6,0.506666667,0.0,4.906666666,0.0,4.853333333,4.0,17.82666667
P81065,2.666666667,5.386666667,0.0,2.986666666,0.0,6.373333333,5.506666667,16.34666667
P81066,2.6,1.013333334,0.0,1.066666667,1.066666667,3.653333333,2.066666667,10.4
P81067,3.906666667,1.76,0.0,6.4,0.0,3.093333333,1.453333333,19.05333333
P81069,6.733333334,2.626666667,0.0,2.066666667,0.0,5.2,5.08,16.06666667
P81070,5.12,0.0,0.106666667,1.706666667,0.0,0.0,4.186666667,12.12
P81071,3.413333333,1.12,0.0,1.92,0.0,1.72,1.666666667,7.266666667
P81072,0.0,3.039883065,0.0,3.2,0.0,10.22524794,6.136868783,16.7633647
P81073,4.053333334,2.96,0.0,0.0,0.0,7.88,3.52,18.44
P81074,5.578666667,1.917333333,0.0,2.133333334,0.853333333,5.28,5.96,21.89733333
P81076,1.0,3.248,0.0,1.066666667,1.066666667,4.88,3.173333333,17.68
P81077,4.2133333330000005,0.426666667,0.0,2.133333333,1.066666667,4.426666667,5.093333333,17.37333333
P81078,2.933333333,1.946666667,0.373333333,0.853333333,0.0,4.253333333,1.68,16.24
P81079,3.813333333,1.946666667,0.72,1.066666667,0.0,6.186666667,4.186666667,20.36
P81081,2.133333333,0.64,0.0,1.066666667,0.853333333,2.706666667,3.653333333,8.926666667
P81082,4.246666667,0.72,0.0,2.9866666669999997,0.0,3.706666667,0.933333333,18.76
P81083,2.0,2.666666667,0.0,1.92,0.0,2.626666667,0.0,12.62666667
P81084,2.24,0.533333333,0.0,2.56,0.0,2.08,0.666666667,14.8
P81086,2.133333334,1.64,0.0,1.066666667,0.0,5.386666667,2.96,13.04
P81087,5.866666667,0.0,0.0,2.773333333,0.0,9.52,12.92666667,23.28666667
P81088,0.0,2.066666667,0.0,0.0,0.0,0.0,1.8,9.346666667
P81089,3.3600000000000003,0.64,0.0,0.0,0.0,6.493333333,0.0,14.18666667
P81092,2.133333333,1.013333333,0.0,1.066666667,0.0,3.466666667,4.733333333,10.04
P81095,1.493333333,0.426666667,0.0,0.0,0.0,5.826666667,6.96,12.22666667
P81096,4.0,0.0,0.84,4.4799999999999995,0.0,0.88,2.346666667,9.373333333
P81099,1.666666667,0.666666667,0.0,0.0,0.0,3.213333333,0.0,7.84
P81100,3.2,4.346666667,0.0,1.706666667,0.0,7.173333333,6.12,17.49333333
P81103,3.468266667,1.733333333,0.0,2.773333333,1.066666667,3.666666667,5.573333333,16.85333333
P81107,3.52,0.266666667,0.0,1.066666667,0.0,1.84,2.426666667,9.066666667
P81112,1.066666667,5.973333333,0.0,3.84,0.0,8.28,5.16,34.74666667
P81113,3.493333333,0.426666667,0.0,0.0,0.0,2.226666667,2.106666667,9.186666667
P81115,5.786666667,3.6,0.0,2.133333334,0.0,7.4,9.266666667,27.85834901
P81117,1.0,1.290666666,0.0,0.0,0.0,2.68,1.426666667,7.986666667
P81118,1.0,0.0,0.0,0.0,0.0,3.76,2.0,6.093333333
P81119,1.6,2.56,0.0,4.266666667,1.066666667,0.48,2.666666667,8.533333333
P81123,0.0,2.0,0.0,0.0,0.0,6.12,2.093333333,16.53333333
P81125,3.9,0.0,0.4,2.133333333,0.0,0.8,2.253333333,12.21333333
P81127,0.8,1.2016,0.0,1.6,2.133333333,0.0,2.250666667,9.402666667
P81128,2.8,0.453333333,0.0,0.0,0.0,5.12,3.146666667,11.73333333
P81129,4.72,1.536,0.0,0.853333333,0.0,5.613333333,4.066666667,13.98666667
P81130,3.322666667,2.762666667,0.0,2.773333333,0.0,3.333333333,2.306666667,14.06666667
P81132,2.0,2.0,0.0,2.133333334,0.0,2.0,3.24,12.44
P81133,2.026666667,0.333333333,0.0,1.92,1.066666667,3.72,1.906666667,13.29333333
P81136,1.4,0.0,0.0,0.0,0.0,0.693333333,0.0,0.666666667
P81137,3.04,2.133333333,0.0,1.706666667,0.0,2.706666667,2.0,10.2
P81138,0.24,0.444533333,0.773333333,0.0,0.0,0.48,0.0,4.346666667
P81140,3.626666667,1.541333333,0.0,1.493333333,0.0,3.4,4.16,18.13333333
P81143,0.8,2.1328,0.64,0.0,1.066666667,4.919312292,3.773333333,14.98666667
P81147,1.066666667,0.0,0.0,0.0,0.0,1.093333333,0.986666667,5.906666667
P81149,1.626666667,0.213333333,0.0,0.0,0.0,4.053333333,3.44,14.16
P81150,3.4000000000000004,1.2,0.0,1.066666667,1.066666667,6.253333333,4.493333333,19.36666667
P81154,3.36,1.573333333,0.0,5.333333333000001,0.0,1.653333333,0.0,7.733333333
P81155,1.146666667,0.0,1.022303741,2.133333334,0.0,1.826666667,0.88,5.906666667
P81157,0.0,0.853333333,0.0,0.0,0.0,4.68,6.666666667,21.11333333
P81159,4.2,2.573333333,0.0,3.2,2.133333333,5.813333334,6.066666667,18.44
P81160,4.266666667,0.853333333,0.0,2.133333334,0.0,1.906666667,3.76,16.14666667
P81165,0.8,0.0,0.3,0.0,0.0,0.693333333,0.346666667,3.253333333
P81166,1.0,0.0,0.0,0.0,0.0,0.76,0.0,3.12
P81167,1.973333333,0.0,0.0,0.0,0.0,0.88,0.813333333,7.586666667
P81169,1.6,0.853333333,0.0,1.706666666,1.066666667,1.266666667,1.593333333,10.14666667
P81170,1.2,0.0,3.146666667,0.0,0.0,2.0,2.453333333,8.493333333
P81171,2.133333333,0.538666667,0.0,0.0,0.0,0.533333333,0.533333333,5.706666667
P81172,3.813333333,0.0,0.0,1.066666667,0.0,3.893333333,1.68,12.02666667
P81179,1.92,0.0,0.133333333,0.0,0.0,1.013333333,0.266666667,3.973333333
P81180,1.786666667,0.0,0.0,1.92,0.0,0.4,1.346666667,3.746666667
P81181,0.986666667,0.890666667,0.0,0.853333333,0.0,0.693333333,1.666666667,6.64
P81182,0.426666667,0.666666667,0.0,0.0,0.0,4.0,1.6,5.893333333
P81184,2.1093333330000004,1.693333333,0.0,2.133333334,1.066666667,3.666666667,0.64,12.81333333
P81185,2.4000000000000004,4.826666667,0.0,0.0,0.0,3.026666667,5.346666667,15.42666667
P81186,0.346666667,0.0,0.0,3.52,0.0,0.8,0.88,7.08
P81191,1.736,1.077333333,0.0,1.706666667,0.0,2.933333333,3.533333333,15.58666667
P81196,1.973333333,1.066666667,2.0,2.9866666669999997,3.2,10.44,6.08,49.95743861
P81197,2.666666667,0.0,0.0,1.706666667,0.0,0.72,0.0,9.986666667
P81201,1.386666667,0.0,0.773333333,0.0,0.0,1.666666667,0.426666667,4.6
P81208,4.106666667,1.173333333,0.0,1.92,0.0,7.586666667,4.426666667,26.33333333
P81212,1.0,1.0,0.0,2.133333334,0.0,0.693333333,2.407796857,8.813333333
P81213,3.750666667,7.570666666999999,0.0,3.346666667,0.0,5.44,1.386666667,24.81333333
P81214,1.066666667,0.0,0.0,0.0,0.0,0.373333333,0.133333333,5.546666667
P81218,3.12,1.333333333,0.0,2.133333333,0.0,1.973333333,1.353333333,7.28
P81620,1.12,0.0,0.133333333,0.0,0.0,0.986666667,0.0,2.36
P81622,0.666666667,0.0,0.0,1.066666667,1.066666667,1.306666667,2.146666667,11.34666667
P81633,3.36,3.0,0.0,0.0,0.0,0.773333333,0.0,3.92
P81646,0.0,0.0,0.16,0.0,0.0,0.506666667,1.013333333,4.44
P81647,1.0,0.773333333,0.64,0.0,0.0,1.066666667,0.0,3.693333333
P81655,0.666666667,2.113333333,0.0,0.0,0.0,5.44,1.56,12.34666667
P81664,1.626666667,4.62,0.0,2.56,1.066666667,4.653333333,7.633333333,22.60666667
P81668,2.293333333,0.0,0.0,3.84,1.706666667,0.0,1.333333333,8.853333333
P81674,1.626726902,0.0,0.0,0.0,0.0,1.973333333,1.466666667,5.146666667
P81681,3.893333333,0.426666667,0.0,2.773333333,1.92,7.546666667,4.36,18.90666667
P81683,2.693333334,0.0,0.0,0.0,0.0,1.666666667,0.186666667,6.4
P81685,1.066666667,0.0,0.0,0.0,0.0,0.906666667,1.0,4.053333333
P81686,1.4,0.0,0.0,0.0,0.0,0.546666667,0.0,2.8
P81687,0.0,0.32,0.0,0.0,0.0,0.72,0.0,3.253333333
P81692,0.986666667,0.0,0.0,0.0,0.0,0.32,0.0,2.826666667
P81694,2.0,0.0,0.0,0.0,0.0,1.906666667,0.0,6.973333333
P81695,2.28,1.62,0.0,1.706666667,0.0,0.746666667,1.626666667,8.72
P81699,1.066666667,0.0,0.0,0.0,0.0,0.426666667,0.146666667,3.6
P81701,1.013333333,0.48,0.0,0.0,0.0,1.386666667,1.546666667,4.12
P81704,1.493333333,1.64,0.746666667,0.0,0.0,2.973333333,1.673333333,17.18
P81707,1.6,0.666666667,0.0,0.0,0.0,1.066666667,0.746666667,7.253333333
P81709,1.64,0.213333333,0.653866667,2.346666667,0.0,2.013333333,0.346666667,7.76
P81710,5.893333333,0.0,0.0,1.92,0.0,1.2,1.573333333,9.393333334
P81711,0.0,0.0,0.0,0.0,0.0,0.56,0.0,3.28
P81714,2.6666666670000003,0.426666667,0.0,0.0,0.0,1.693333333,1.906666667,9.733333333
P81721,0.666666667,0.0,0.0,0.0,0.0,0.666666667,0.0,2.466666667
P81724,1.066666667,0.0,0.0,0.0,0.0,0.32,0.0,2.853333333
P81726,1.0,0.0,0.0,0.0,0.0,0.533333333,0.0,3.12
P81730,3.6399999999999997,0.0,0.0,2.9866666669999997,0.0,1.093333333,1.506666667,10.49333333
P81731,1.6,0.0,0.0,0.0,0.0,0.906666667,0.24,3.493333333
P81732,0.0,0.0,0.0,0.0,0.0,1.333333333,2.466666667,4.68
P81734,2.506666667,4.853333333,0.915637074,3.2,0.0,7.186666667,4.258069921,40.11670692
P81735,1.186666667,0.0,0.0,1.066666667,0.853333333,0.666666667,1.78,4.166666667
P81736,0.0,0.426666667,0.0,0.0,0.0,0.533333333,1.04,4.36
P81740,0.0,4.466666667,0.0,0.0,0.0,4.28,0.0,24.92
P81741,0.24,0.298666667,0.0,0.0,0.0,0.0,0.562666667,2.509333333
P81742,1.013333333,0.0,0.0,0.0,0.0,1.173333333,0.0,6.333333334
P81748,1.28,2.053333333,0.0,1.066666667,1.066666667,3.066666667,0.0,10.86666667
P81755,2.866666667,0.666666667,0.0,2.133333333,0.0,3.426666667,0.986666667,8.213333333
P81757,1.413333333,0.0,0.0,0.0,0.0,2.68,1.373333333,4.32
P81770,0.533333333,0.0,0.0,0.0,1.066666667,0.8,4.853333333,6.573333333
P81771,0.493333333,0.0,0.0,0.0,0.0,0.666666667,0.666666667,7.44
P81780,1.1,0.0,0.0,0.853333333,0.0,0.84,1.0,3.6
P82001,3.333333334,0.546666667,0.666666667,0.0,0.0,4.026666667,2.746666667,15.2
P82002,2.0,0.666666667,0.0,1.066666667,0.0,1.28,2.0,7.453333333
P82003,4.8,2.586666667,0.0,4.906666667,2.133333333,6.333333333,3.746666667,16.76
P82004,3.0,0.08,0.0,0.0,0.0,2.386666667,1.933333333,9.735466667
P82005,2.266666667,1.04,0.0,0.64,0.0,2.653333333,0.0,5.453333334
P82006,0.96,2.3200000000000003,0.0,3.1333333339999996,0.0,1.986666667,4.56,9.52
P82007,5.333333334,6.626666667,0.0,4.693333333,0.0,4.653333333,5.88,16.22
P82008,2.606666667,3.153333333,0.0,4.053333333,1.066666667,3.373333333,6.44,20.5672
P82009,2.4,0.0,0.0,4.693333334,0.0,1.146666667,1.453333333,7.062771946
P82010,0.746666667,2.4,0.0,0.0,0.0,1.226666667,3.16,10.28
P82011,3.866666667,0.0,0.0,1.92,0.0,1.306666667,0.4,6.88
P82012,2.88,0.48,0.0,2.133333333,0.0,1.2,0.533333333,7.68
P82013,0.48,1.173333333,0.733333333,0.0,0.0,0.213333333,0.0,7.8
P82014,3.76,0.0,0.0,3.6266666670000003,1.066666667,1.486666667,1.0,8.64
P82015,6.173333334,3.146666667,0.0,6.613333333,3.2,4.72,5.68,24.73333333
P82016,3.653333334,0.778666667,0.0,5.4399999999999995,1.066666667,4.573333333,2.72,20.67333333
P82018,2.266666667,1.066666667,0.0,0.0,0.0,0.346666667,0.666666667,7.04
P82020,1.0,0.0,0.026666667,0.0,0.0,0.426666667,0.213333333,5.24
P82021,2.186666667,1.533333333,0.0,3.6266666670000003,0.0,1.613333333,1.88,8.52
P82022,1.122666667,1.333333333,0.16,2.133333333,0.0,1.093333333,1.0,7.68
P82023,3.92,0.0,0.0,2.56,0.0,4.733333333,1.653333333,10.26666667
P82025,2.8,0.8,0.0,2.56,2.133333333,0.8,0.0,6.373333333
P82029,1.386666667,0.64,0.0,3.2,1.066666667,0.8,0.0,5.293333333
P82030,0.746666666,0.0,0.0,0.0,0.0,0.773333333,0.0,3.573333333
P82031,5.96,0.213333333,0.0,3.9466666669999997,1.066666667,3.32,3.64,11.2
P82033,1.2,0.0,0.0,0.0,0.0,0.96,0.0,3.68
P82034,0.346666667,1.106666667,0.0,0.0,0.0,1.973333333,1.906666667,6.346666667
P82036,1.066666667,0.0,0.0,0.0,0.0,0.426666667,0.56,3.306666667
P82037,2.933333333,0.0,0.0,0.0,0.0,0.346666667,0.0,5.013333333
P82607,2.666666667,1.066666667,0.0,1.066666667,0.0,1.44,1.327796857,7.92
P82609,0.0,0.0,0.32,0.0,0.0,0.266666667,1.0,5.533333333
P82613,0.0,0.64,0.56,0.0,0.0,0.0,1.866666667,6.373333333
P82616,1.7333333340000001,0.0,0.48,0.0,0.0,0.0,0.0,3.36
P82624,1.0,0.0,0.0,0.0,0.0,0.36,1.173333333,3.613333333
P82625,1.066666667,0.0,0.053333333,0.0,0.0,0.133333333,1.04,4.066666667
P82626,1.326666667,0.6,0.0,3.2,0.0,0.493333333,1.013333333,5.28
P82627,0.72,0.0,0.0,0.0,0.0,0.773333333,0.666666667,4.48
P82629,1.0,0.0,0.0,0.0,0.0,0.546666667,0.373333333,2.546666667
P82633,0.826666667,0.0,0.0,0.0,0.0,0.0,0.0,1.92
P82634,2.0,0.0,0.0,0.0,0.0,2.093333333,0.693333333,6.693333333
P82640,1.2,0.0,0.0,0.0,0.0,0.426666667,0.0,3.96
P82643,1.493333333,1.066666667,0.0,0.64,0.0,3.133333333,0.0,8.286666667
P82652,1.973333334,0.0,0.0,0.853333333,0.0,0.56,0.8,4.76
P82660,1.0,0.0,0.44,0.0,0.0,2.0,0.08,4.546666667
P83001,3.306666667,3.053333333,0.0,3.626666667,0.0,1.893333333,2.533333333,12.4
P83004,2.773333333,0.8,0.0,0.0,0.0,1.0,1.88,11.61333333
P83005,1.6,0.853333333,0.0,0.0,0.0,0.666666667,0.8,7.066666667
P83006,2.56,0.869333333,0.0,1.066666667,0.0,0.8,1.0,9.306666667
P83007,1.733333333,3.466666667,0.0,1.92,3.2,2.813333333,2.72,9.146666667
P83009,3.2,1.066666667,0.0,1.386666667,0.0,1.6,0.64,2.133333333
P83010,1.013333333,0.797333333,0.0,0.0,0.0,0.533333333,1.92,4.453333334
P83011,3.893333333,3.346666667,0.0,2.346666666,0.0,1.426666667,1.8,10.73333333
P83012,13.4,11.06933333,0.0,7.613333333,1.066666667,12.81333333,15.05333333,73.37333333
P83015,1.44,0.656,0.0,1.066666667,0.0,3.426666667,1.0,8.053333333
P83017,0.0,1.44,0.0,0.0,0.0,1.6,1.0,5.533333333
P83021,4.533333333,1.333333333,0.0,0.853333333,0.0,2.4,0.986666667,9.693333333
P83024,0.0,1.5288,0.0,0.0,0.0,0.933333333,0.0,8.133333333
P83025,1.493333333,1.833333333,0.0,0.0,0.0,0.0,1.973333333,7.493333334
P83027,0.986666667,0.0,0.0,0.0,0.0,0.0,0.666666667,3.626666667
P83603,0.0,1.28,0.0,0.0,0.0,6.6,0.0,12.88
P83605,3.4,1.066666667,0.0,0.0,0.0,0.986666667,0.44,9.946666667
P83608,0.826666667,0.426666667,0.0,2.133333333,2.133333333,1.8,1.0,7.253333333
P83609,0.0,1.430933333,0.0,0.0,0.0,1.226666667,0.533333333,4.92
P83611,0.856541052,0.0,0.0,0.0,0.0,0.64,0.0,3.72
P83612,0.0,1.066666667,0.0,0.0,0.0,1.68,0.733333333,7.106666667
P83620,0.0,1.333333333,0.0,0.0,0.0,2.96,1.266666667,6.373333333
P83621,1.133333333,0.0,0.0,0.0,0.0,0.186666667,2.026666667,2.56
P83623,0.933333333,1.4,0.0,0.0,0.0,1.4,1.573333333,7.6
P84004,2.533333333,1.28,0.0,1.706666667,0.0,1.0,0.986666667,7.106666667
P84005,0.666666667,0.693333333,0.0,0.853333333,0.0,0.8,2.0,5.946666667
P84009,1.52,3.4,0.0,1.92,0.0,1.333333333,0.986666667,6.106666667
P84010,4.186666667,2.546666667,0.0,5.546666667,1.066666667,1.066666667,4.08,9.133333334
P84012,1.733333333,2.333333333,0.0,1.066666667,0.0,3.219290639,7.883535449,16.50666667
P84014,2.133333334,0.0,0.0,0.0,0.0,0.986666667,2.0,5.466666667
P84016,4.613333333,0.0,0.0,1.706666667,0.0,1.386666667,1.706666667,9.146666667
P84017,2.88,4.186666667,0.0,3.6266666670000003,2.133333333,0.986666667,6.36,12.4
P84018,2.133333333,0.0,0.0,0.0,0.0,1.173333333,0.906666667,4.64
P84019,5.629333333,0.0,0.0,1.706666667,0.0,1.84,1.0,10.78666667
P84020,0.986666667,2.586666667,0.0,0.0,0.0,2.96,2.0,8.546666667
P84021,2.8,2.341333333,0.0,1.92,1.92,1.346666667,2.32,7.2
P84022,1.333333333,1.226666667,0.0,1.066666667,1.066666667,1.066666667,2.493333333,9.76
P84023,1.506666667,3.56,0.0,0.0,0.0,3.32,2.76,12.06
P84024,4.4799999999999995,0.8,0.0,5.76,1.066666667,1.2,1.013333333,7.106666667
P84025,2.0,0.0,0.0,0.0,0.0,0.986666667,1.96,7.146666667
P84026,2.773333334,0.8,0.0,1.066666667,1.066666667,1.106666667,1.88,8.973333333
P84027,2.026666667,1.973333333,0.0,0.853333333,0.0,2.666666667,1.64,8.306666667
P84028,0.0,0.56,0.0,0.0,0.0,0.8,1.8,8.826666667
P84029,2.453333333,3.744,0.0,1.92,0.0,1.333333333,5.346666667,12.64
P84030,2.933333333,3.2,0.0,7.04,0.0,2.96,3.0,13.18666667
P84032,3.226666667,0.0,0.0,2.133333333,1.066666667,2.0,4.0,6.48
P84033,0.8533333329999999,0.4,0.0,0.0,0.0,0.72,0.0,5.813333333
P84034,3.3333333339999998,5.226666667,0.0,5.333333333,1.066666667,2.28,5.226666667,15.64
P84035,4.053333333,7.893333333,0.0,4.053333333,0.0,4.133333333,6.133333333,25.38
P84037,2.186666667,1.386666667,0.0,0.533333333,0.0,0.746666667,1.506666667,6.96
P84038,2.4,2.4,0.0,3.2000000010000003,0.0,1.2,0.0,1.013333333
P84039,0.0,3.413333333,0.0,4.586666667,0.0,2.986666667,1.653333333,12.50666667
P84040,1.76,0.16,0.0,0.853333333,2.133333333,2.0,1.8,9.053333333
P84041,1.626726902,1.264949732,0.0,3.626666667,0.0,0.4,1.0,7.44
P84042,1.813333333,2.293333333,0.666666667,3.840000001,0.0,0.586666667,2.773333333,12.85333333
P84043,4.4,1.866666667,0.0,2.986666666,0.0,1.066666667,7.012,12.29333333
P84045,2.826666667,0.0,0.0,1.066666667,0.0,0.0,0.0,4.72
P84046,1.44,4.586666667,0.0,0.0,0.0,3.893333333,0.853333333,0.0
P84047,0.0,1.866666667,0.48,0.0,0.0,1.64,5.0,5.733333333
P84048,2.56,1.626666667,0.0,2.986666667,0.0,0.0,3.84,9.333333334
P84049,3.4,1.644533333,0.0,2.133333334,0.0,3.226666667,1.8,14.12
P84050,3.586666667,1.2,0.0,0.0,0.0,1.48,2.16,9.44
P84051,1.973333333,0.0,0.0,0.853333333,0.0,0.853333333,0.0,5.706666667
P84052,2.0,2.266666667,0.522146095,2.773333334,0.0,2.513333333,0.0,9.726666667
P84053,4.0533333339999995,2.213333333,0.0,2.133333334,0.0,1.493333333,0.426666667,10.98666667
P84054,1.985333334,1.2,0.0,0.0,0.0,1.0,1.0,10.10666667
P84056,2.053333333,1.413333333,0.0,2.133333333,0.0,0.613333333,0.96,7.373333333
P84059,0.0,0.533333333,0.0,0.0,0.0,1.0,1.0,5.771682348
P84061,0.56,2.98,0.0,0.0,0.0,1.653333333,1.5,10.71786667
P84064,1.573333334,2.52,0.0,1.066666667,2.133333333,2.506666667,0.56,12.30666667
P84065,0.0,0.0,0.0,0.0,0.0,1.0,0.0,4.44
P84066,1.0,3.2,0.0,0.0,0.0,0.933333333,3.013333333,8.36
P84067,1.813333333,1.866666667,0.0,2.24,0.0,2.253333333,2.88,4.638349014
P84068,4.746666667,4.386666667,0.0,4.266666667,0.0,6.533333333,8.013333333,26.39834901
P84070,1.4,0.666666667,0.0,0.0,0.0,1.546666667,1.986666667,11.43733333
P84071,1.013333333,1.866666667,0.0,0.0,0.0,1.053333333,0.533333333,5.693333333
P84072,1.008,13.69493333,0.0,2.986666667,1.066666667,8.355733333,19.90666667,31.42666667
P84074,2.0,4.0016,0.0,1.706666667,2.133333333,1.76,3.173333333,16.44
P84605,0.533333333,0.0,0.0,0.0,0.0,0.713333333,0.42,1.233333333
P84611,1.28,0.933333333,0.0,0.853333333,0.0,0.0,1.533333333,5.093333333
P84626,0.5333333330000001,1.386666667,0.0,0.0,0.0,0.853333333,1.653333333,5.946666667
P84630,2.666666667,4.986666667,0.0,4.266666667,0.0,2.066666667,4.44,13.70666667
P84635,0.0,2.026283065,0.0,1.92,0.0,1.66,1.733333333,4.253333333
P84637,0.986666667,0.0,0.0,0.0,0.0,0.693333333,0.48,4.453333333
P84639,0.0,0.0,0.0,0.0,0.0,0.0,0.6,7.96
P84644,1.546666667,0.896,0.0,1.92,0.0,0.0,0.0,8.798349015
P84645,0.426666667,0.72,0.0,0.853333333,0.0,0.0,0.506666667,4.8
P84650,3.04,0.986666667,0.0,2.986666667,0.0,0.0,0.933333333,9.173333333
P84651,1.066666667,1.866666666,0.0,3.306666667,0.0,0.533333333,1.906666667,5.933333333
P84663,0.986666667,2.134933333,0.0,0.0,0.0,0.72,0.946666667,6.24
P84665,1.6,0.213333333,0.0,0.0,0.0,0.0,2.48,2.933333333
P84669,3.8933333329999997,2.346666667,0.72,0.0,0.0,0.72,0.986666667,16.94666667
P84672,0.28,0.28,0.0,3.84,2.133333333,0.133333333,1.46,2.48
P84673,2.773333333,6.96,0.666666667,0.64,0.0,6.173333333,6.003618834,21.34666667
P84678,4.133333333,6.013333333,0.72,1.066666667,0.0,2.893333333,8.933333333,17.2
P84679,0.8,0.0,0.0,0.0,0.0,0.713333333,0.42,1.633333333
P84683,3.0,0.533333333,0.0,4.053333333,0.0,2.6,3.6,10.0
P84684,1.0,0.0,0.0,1.066666667,0.0,0.106666667,0.0,7.24
P84689,2.4,3.207733333,0.0,3.2,1.92,2.0,2.573333333,17.44
P84690,0.053333333,1.066666667,0.0,0.0,0.0,0.0,0.8,4.973333333
P85002,4.56,1.933333333,0.0,3.84,2.133333333,0.666666667,3.4,10.4
P85003,0.4,0.853333333,0.48,0.0,0.0,1.026666667,0.666666667,5.506666667
P85004,1.806666667,1.0,0.0,0.0,0.0,0.586666667,1.546666667,6.8
P85005,2.4,0.88,0.0,4.053333332999999,0.0,3.88,1.6,15.12
P85007,0.0,1.986666667,0.0,0.0,0.0,0.426666667,0.266666667,5.12
P85010,3.573333333,3.826666667,0.0,1.92,0.0,4.813333333,2.866666667,13.44
P85011,4.0,2.122666667,0.0,1.066666667,0.0,3.866666667,3.653333333,15.84
P85012,1.6,0.32,0.0,0.0,0.0,0.533333333,2.0,6.786666667
P85013,3.042666667,3.194666667,0.32,2.773333334,0.0,5.0,6.76,42.48
P85014,0.933333333,1.493333333,0.0,1.706666667,0.0,3.246666667,1.613333333,10.21333333
P85015,3.733333334,0.0,0.0,0.0,0.0,1.693333333,1.0,10.05333333
P85016,1.826666667,1.493333333,0.0,1.6,0.0,6.493333333,4.933333333,19.13333333
P85017,4.266666667,1.04,0.0,1.706666667,0.0,0.666666667,3.453333333,9.986666667
P85018,1.4,0.0,0.0,0.0,0.0,1.56,0.0,6.28
P85019,1.626726902,2.4,0.0,0.0,0.0,0.0,4.8,9.72
P85020,4.88,0.0,0.0,0.853333333,0.0,2.08,0.88,13.64266667
P85021,4.053333333,0.896,0.16,1.92,0.0,2.253333333,1.12,13.94666667
P85022,2.64,0.0,0.0,0.0,0.0,0.56,0.933333333,10.78666667
P85026,1.973333334,2.44,0.0,2.773333333,2.133333333,2.106666667,3.2,13.12
P85601,1.12,0.0,0.0,0.0,0.0,0.48,0.0,3.706666667
P85605,1.9866666670000002,0.917333333,0.0,0.853333333,0.0,0.773333333,0.0,6.842666667
P85606,1.0,0.96,0.0,0.0,0.0,1.453333333,0.0,8.106666667
P85608,1.4,0.0,0.0,0.0,0.0,0.106666667,0.533333333,3.853333334
P85610,1.093333333,0.44,0.213333333,2.9866666669999997,2.133333333,0.533333333,3.76,9.786666667
P85612,1.066666667,0.0,0.0,0.853333333,0.0,0.0,0.0,3.106666667
P85614,0.0,2.493333333,0.426666667,0.0,0.0,0.746666667,1.426666667,3.066666667
P85615,1.866666667,0.0,0.0,0.64,0.0,0.8,4.24,8.466666667
P85622,0.0,4.08,0.0,1.066666667,0.0,5.226666667,4.466666667,11.98666667
P86001,2.533333333,0.906666667,0.0,1.066666667,0.0,2.426666667,0.693333333,8.586666667
P86002,0.0,0.0,0.0,0.0,0.0,0.0,0.0,2.546666667
P86003,4.853333333,1.28,0.0,0.0,0.0,2.773333333,1.666666667,14.2
P86004,5.093333333,1.556,0.0,3.84,0.0,1.36,0.8,16.29333333
P86005,1.066666667,0.506666667,0.0,1.066666667,2.133333333,1.56,1.0,4.0
P86006,5.68,0.773333333,0.0,4.48,2.133333333,4.266666667,2.013333333,14.02666667
P86007,5.653333333,1.333333333,0.0,2.133333333,0.0,2.48,4.16,13.65333333
P86008,3.706666667,1.042549732,0.0,0.853333333,0.0,1.813333333,0.8,15.09333333
P86009,3.52,1.173333333,0.0,3.2,2.133333333,3.12,3.486666667,11.79333333
P86010,2.544,2.077333333,0.218666667,0.853333333,0.0,0.426666667,3.24,14.1
P86011,3.2,0.0,0.0,3.306666667,0.0,1.226666667,1.6,12.16
P86012,2.333333333,0.666666667,0.0,2.133333333,1.066666667,1.013333333,2.013333333,8.268
P86013,2.933333333,0.0,0.0,2.773333333,0.0,1.573333333,0.0,5.6
P86014,3.2,1.0,0.0,0.0,0.0,0.986666667,0.666666667,6.533333333
P86015,1.84,0.533333333,0.0,0.0,0.0,0.84,1.6,6.253333334
P86016,2.666666667,3.504,0.0,2.133333333,0.0,1.36,3.72,13.86666667
P86017,2.0,0.0,0.0,0.0,0.0,0.933333333,0.733333333,7.533333333
P86018,2.64,1.52,0.0,1.493333333,1.066666667,3.053333333,2.6,10.92
P86019,3.16,1.6,0.0,1.066666667,0.0,0.853333333,1.2,12.57333333
P86021,0.8,0.666666667,0.0,0.0,0.853333333,1.213333333,0.213333333,2.826666667
P86022,3.333333333,2.453333333,0.0,1.493333333,0.0,2.32,2.0,12.73333333
P86023,2.3200000000000003,1.68,0.0,3.6266666670000003,1.066666667,1.866666667,5.4,5.573333333
P86026,1.973333333,1.113333333,0.0,0.0,1.066666667,0.8,1.986666667,7.76
P86602,2.9866666669999997,0.0,0.0,2.773333333,0.0,0.933333333,0.0,3.72
P86606,0.0,0.0,1.52,0.853333333,1.066666667,0.0,0.8,9.013333333
P86608,0.0,0.96,0.0,0.0,0.0,1.64,0.773333333,5.091682348
P86609,1.093333333,0.0,0.0,0.0,0.0,0.986666667,0.0,4.866666667
P86614,1.013333333,0.0,0.0,0.0,0.0,0.0,0.906666667,5.146666667
P86619,0.0,1.066666667,0.48,0.0,0.0,0.8,0.213333333,6.413333333
P86620,0.64,0.0,0.213333333,1.066666667,1.066666667,0.666666667,0.0,4.56
P86624,3.2,0.426666667,0.0,0.853333333,0.0,2.026666667,1.066666667,6.666666667
P87002,3.546666666,3.2,0.0,1.066666667,0.0,3.64,1.453333333,8.92
P87004,0.986666667,4.602666667,0.0,0.0,0.0,1.8,3.2,11.46666667
P87008,3.946666667,0.906666667,0.0,1.493333333,0.0,3.36,1.32,12.564
P87015,1.213333333,1.28,0.0,1.066666667,0.0,0.746666667,2.453333333,6.866666667
P87016,3.936,1.738666667,0.0,5.333333333000001,0.0,2.96,3.44,15.46666667
P87017,2.133333333,0.0,0.0,1.706666667,0.0,1.406666667,1.573333333,8.873333333
P87019,4.266666667,2.593333333,0.0,0.0,0.0,3.546666667,5.4,15.32
P87020,3.6,3.2,0.0,1.066666667,0.0,4.906666667,3.293333333,16.45333333
P87022,1.413333333,0.0,0.0,0.0,0.0,0.8,0.16,3.853333333
P87024,4.933333334,1.84,0.0,1.493333333,0.0,2.64,2.053333333,14.97333333
P87025,4.266666667,0.8,0.0,1.066666667,2.133333333,2.626666667,2.64,13.08
P87026,3.2266666660000003,4.026666667,0.0,1.066666667,0.0,3.253333333,3.946666667,18.09333333
P87027,3.853333333,7.728,0.0,1.706666667,1.066666667,5.2,3.64,25.94666667
P87028,3.0,4.186666667,0.0,1.066666667,0.0,2.0,2.666666667,14.76
P87032,0.8,1.28,0.0,2.56,1.066666667,1.173333333,0.88,9.92
P87035,4.266666667,2.453333333,0.0,2.986666667,0.0,1.666666667,2.893333333,20.14666667
P87040,1.312,2.28,0.0,3.733333333,2.133333333,2.986666667,0.706666667,9.706666667
P87610,1.733333333,6.664,0.0,1.706666666,0.0,2.853333333,2.493333333,20.41333333
P87613,1.066666667,1.0,0.0,0.0,0.0,2.146666667,0.8,4.986666667
P87620,3.76,1.504,0.0,0.0,0.0,2.906666667,0.0,14.70501568
P87624,1.733333333,1.106666667,0.0,1.066666667,0.0,0.76,0.6,7.970666667
P87625,1.021333333,0.0,0.0,0.0,1.066666667,0.8,0.0,4.053333333
P87627,1.253333334,0.0,0.0,0.0,0.0,0.693333333,0.48,3.96
P87630,1.973333333,0.0,0.0,0.0,0.0,0.753333333,0.96,3.2
P87634,1.6,3.733333334,0.0,0.746666667,0.0,1.426666667,1.92,12.02666667
P87639,1.0,1.546666667,0.0,0.0,0.0,0.52,0.48,7.666666667
P87648,0.0,1.6,0.6,0.0,0.0,1.64,1.16,8.053333333
P87649,2.56,2.133333333,0.0,0.0,0.0,0.986666667,1.973333333,6.72
P87651,1.0,0.106666667,0.373333333,0.0,0.0,0.506666667,1.146666667,7.293333333
P87654,1.866666667,7.533333334,0.0,3.626666666,0.0,1.933333333,3.746666667,12.48
P87657,1.0,1.52,0.0,0.0,0.0,0.8,0.906666667,5.52
P87658,1.013333333,0.0,0.0,2.773333333,0.0,1.16,0.0,4.026666667
P87661,1.133333333,0.066666667,0.0,0.0,0.0,0.8,0.0,4.081333333
P88002,2.186666667,1.513333333,0.0,0.64,0.0,1.933333333,0.62,7.906666667
P88003,2.52,1.92,0.24,1.066666667,0.0,4.426666667,1.653333333,14.85333333
P88005,2.746666667,3.608533333,0.0,0.853333333,1.066666667,1.36,2.626666667,14.74666667
P88006,2.133333333,5.226666667,0.0,2.133333333,3.2,1.52,2.36,15.34666667
P88007,6.8,0.0,0.0,3.2,0.0,3.493333333,1.28,12.29333333
P88008,2.346666667,2.04,0.0,0.853333333,0.0,1.733333333,0.933333333,9.053333333
P88009,0.0,0.0,0.0,0.0,0.0,0.0,0.0,2.38
P88011,3.277333333,3.277333333,0.0,1.066666667,0.0,2.773333333,2.76,15.56
P88012,2.773333333,1.773333333,0.0,0.0,0.0,2.853333333,1.44,9.846666667
P88013,5.416,1.333333333,0.0,2.773333334,2.133333333,2.746666667,0.666666667,2.426666667
P88014,1.426666667,1.986666667,0.0,1.066666667,1.066666667,0.96,1.606666667,7.873333333
P88015,3.266666667,2.213333333,0.0,2.133333334,0.0,3.733333333,2.573333333,17.58666667
P88016,7.36,1.202666667,0.0,1.066666667,1.066666667,1.533333333,1.68,8.72
P88017,1.813333333,2.9733333340000003,0.48,2.133333334,0.0,0.853333333,0.4,9.626666667
P88018,4.613333333,0.0,0.0,1.066666667,1.066666667,2.746666667,5.266666667,13.8
P88019,1.6,3.4,0.0,0.0,0.0,0.96,1.933333333,6.466666667
P88020,2.405333333,1.626666667,0.0,1.706666666,0.0,2.24,1.28,16.54666667
P88021,2.666666666,1.522666667,0.0,2.773333334,0.0,1.533333333,1.793333333,11.03333333
P88023,1.92,2.986666667,0.0,1.066666667,0.0,0.746666667,0.0,9.013333333
P88024,3.720030118,3.36,0.0,1.066666667,1.066666667,0.0,2.36,12.26666667
P88025,4.133333333,3.333333333,0.0,2.773333333,0.0,3.12,0.653333333,12.50666667
P88026,0.0,17.67333333,0.0,6.613333333,0.0,8.426666667,8.693333333,74.58666667
P88031,2.666666667,1.066666667,0.0,3.2,0.0,1.813333333,1.706666667,6.64
P88041,1.333333333,2.466666667,0.0,2.133333333,0.0,2.013333333,0.586666667,6.373333333
P88042,1.066666667,2.493333334,0.0,2.133333334,0.0,1.333333333,0.586666667,8.373333333
P88043,5.2,4.12,0.0,4.906666666,1.066666667,2.413333333,1.866666667,11.26666667
P88044,1.493333333,0.76,0.0,1.92,0.0,0.746666667,0.76,7.966666667
P88606,1.013333333,3.08,0.0,1.92,0.0,0.0,0.88,6.946666667
P88615,1.066666667,0.0,0.0,0.0,0.0,0.413333333,0.0,4.626666667
P88623,1.066666667,2.04,0.0,0.0,0.0,0.88,0.426666667,5.746666667
P88625,3.0096,1.0,0.0,1.92,0.0,2.453333333,2.773333333,8.053333334
P88632,4.786666667,7.546666667,0.826666667,2.773333333,0.0,4.693333333,7.053333333,25.11333333
P89002,2.0,0.666666667,0.0,4.48,0.0,1.973333333,10.13333333,9.533333333
P89003,4.533333333,1.066666667,0.0,3.8400000000000003,0.0,2.8,0.933333333,9.346666667
P89004,1.28,1.226666667,0.48,0.0,0.0,1.013333333,1.333333333,7.573333333
P89005,3.733333333,0.0,0.0,0.853333333,0.0,4.293333333,1.973333333,10.98666667
P89006,5.76,0.426666667,0.0,4.373333333,0.0,3.786666667,2.64,11.81333333
P89007,3.066666667,5.893333333999999,0.0,4.626666667,0.0,0.64,1.706666667,13.73333333
P89008,2.4,3.466666667,0.0,3.413333334,2.133333333,5.48,5.253333333,19.62666667
P89010,0.32,3.826666667,0.0,0.0,0.0,1.2,1.6,2.906666667
P89011,0.0,1.576,0.0,0.0,0.0,0.0,0.186666667,5.68
P89012,0.0,1.093333333,0.0,2.133333333,0.0,1.813333333,1.626666667,10.08
P89013,0.373333333,0.8,0.0,0.0,0.0,0.213333333,1.0,5.44
P89014,4.333333333,0.0,0.0,5.546666667,0.0,3.106666667,2.64,13.17333333
P89015,3.28,0.0,0.0,5.546666667,0.0,2.826666667,1.6,17.52
P89016,3.04,1.64,0.0,1.706666667,0.0,3.693333333,3.813333333,9.413333334
P89018,3.466666667,0.96,0.0,3.6266666670000003,0.0,2.8,2.453333333,11.70666667
P89020,0.32,1.8,0.0,0.0,0.0,0.666666667,1.68,8.386666667
P89021,2.666666667,1.866666667,0.0,5.013333334,0.0,3.253333333,2.666666667,15.78666667
P89022,0.32,2.866666667,0.0,0.0,0.0,1.093333333,1.733333333,5.546666667
P89023,4.8,1.6,0.0,6.186666666000001,0.0,0.8,0.8,7.56
P89025,1.066666667,0.0,0.213333333,0.0,0.0,0.8,0.48,4.333333333
P89026,1.44,2.293333333,0.0,0.0,0.0,1.44,2.373333333,8.093333333
P89029,1.306666667,1.386666667,0.0,1.066666667,0.0,1.693333333,1.0,9.56
P89030,0.32,1.853333333,0.0,0.0,0.0,0.533333333,0.826666667,7.12
P89602,0.933333333,1.159733333,0.0,0.0,0.0,2.346666667,0.64,4.04
P89609,1.4666666670000001,1.866666667,0.0,0.0,0.0,2.333333333,1.306666667,6.706666667
P89612,0.0,0.333333333,0.0,0.0,0.0,1.933333333,1.453333333,2.726666667
P89613,2.106666667,0.0,0.0,0.0,0.0,0.48,0.266666667,3.52
P89618,0.0,0.853333333,0.0,0.0,0.0,0.0,0.2,4.333333333
P91003,1.6,1.066666667,0.0,0.0,1.066666667,0.973333333,1.0,10.53333333
P91004,0.8,1.664949732,0.0,1.066666667,0.0,1.28,0.48,7.331682348
P91006,2.888,4.1072,0.0,3.2000000010000003,0.0,4.822490639,0.0,20.14667089
P91007,1.066666667,0.0,0.0,0.0,0.0,1.093333333,0.0,2.826666667
P91008,3.946666667,1.312,0.0,0.0,0.0,1.0,1.2,9.573333333
P91009,3.786666667,2.221866667,0.0,2.133333334,0.0,2.853333333,2.4,14.84
P91011,0.986666667,0.986666667,0.0,0.0,0.0,1.146666667,0.0,8.746666667
P91012,1.706666666,2.278283065,0.213333333,2.6666666670000003,0.0,2.194123711,4.013333333,8.613333333
P91013,3.5999999999999996,3.6,0.0,3.2,0.0,1.466666667,3.346666667,16.17333333
P91014,3.733333333,2.98,0.0,2.986666666,0.0,2.373333333,2.6,19.88
P91016,0.8,1.706666667,0.0,0.0,0.0,1.986666667,0.0,13.24666667
P91017,2.8800000000000003,2.133333333,0.0,2.56,1.066666667,2.2,0.726666667,12.06533333
P91018,3.864,3.296,0.0,1.706666666,0.0,2.4,0.0,16.36666667
P91019,1.066666667,0.533333333,0.0,0.0,0.0,0.213333333,1.0,6.0
P91020,0.64,5.053333334,0.0,2.56,1.066666667,1.786666667,4.306666667,18.61333333
P91021,2.653333333,3.146666667,0.0,5.76,2.133333333,0.0,2.666666667,25.24
P91026,3.5200000000000005,0.213333333,0.0,1.066666667,1.066666667,1.0,0.586666667,6.0
P91029,2.0,3.64,0.0,3.2,0.0,2.565957305,3.407403254,22.88
P91035,3.6666666670000003,3.18,0.0,1.6,0.0,3.4,0.533333333,12.12
P91603,3.493333333,0.88,0.0,2.346666667,0.0,1.76,0.666666667,8.106666667
P91604,4.653363451,4.083232797,0.0,1.92,0.0,2.301333333,0.0,16.62666667
P91617,1.066666667,0.0,0.0,0.0,0.0,0.373333333,0.373333333,2.946666667
P91623,1.706666667,0.0,0.0,1.706666667,0.0,0.986666667,0.72,4.24
P91627,1.333333333,0.0,0.0,2.56,0.0,0.4,0.773333333,5.626666667
P91629,2.64,4.266666667,0.0,3.2,1.066666667,1.64,4.426666667,16.05333333
P91631,1.2,1.12,0.0,0.0,0.0,0.586666667,0.0,2.8
P92001,3.2,0.0,0.0,1.066666667,0.0,1.226666667,0.0,7.24
P92002,0.0,1.226666667,0.0,0.0,0.0,0.853333333,1.765249042,8.16
P92003,3.28,0.933333333,0.0,1.706666666,0.0,3.453333333,2.453333333,12.86
P92004,2.453333333,0.0,0.0,1.386666666,0.0,2.84,0.0,7.96
P92005,0.986666667,1.306666667,0.0,2.9866666669999997,0.0,2.586666667,0.666666667,5.266666667
P92006,2.133333333,0.666666667,0.0,0.0,0.0,1.0,0.933333333,11.10666667
P92007,2.5199999999999996,2.677333333,0.0,1.706666667,0.0,1.706666667,1.013333333,8.813333333
P92008,1.2,4.946666667,0.0,1.706666667,0.0,2.853333333,1.72,6.306666667
P92010,0.546666667,2.837333333,0.0,1.493333333,2.133333333,3.973333333,0.8,18.81333333
P92011,2.266666667,2.74,0.0,2.346666666,0.0,2.36,1.76,8.56
P92012,1.0,0.693333333,0.0,1.066666667,0.0,0.906666667,1.0,5.946666667
P92014,2.0,4.933333333,0.666666667,2.133333333,2.133333333,2.453333333,1.866666667,12.96
P92015,0.96,0.213333333,0.32,1.92,0.0,1.28,0.0,7.92
P92016,11.86666667,3.52,0.0,1.6,3.2,5.76,1.426666667,27.06
P92017,7.6,0.0,0.426666667,0.0,0.0,5.546666667,7.933333333,19.74666667
P92019,4.4,1.333333333,0.32,1.066666667,0.0,2.64,1.0,15.62666667
P92020,2.08,1.6,0.0,4.906666666,0.0,0.986666667,0.426666667,6.186666667
P92021,2.08,0.0,0.0,0.0,0.0,1.706666667,0.76,8.24
P92023,3.6266666670000003,0.0,0.0,4.266666667,0.0,1.226666667,0.96,14.26666667
P92024,0.32,1.653333333,0.0,2.773333333,0.0,1.613333333,1.16,5.0
P92026,2.346666666,1.146666667,0.0,0.0,0.0,2.573333333,1.78,10.42
P92028,1.066666667,1.706666667,0.0,1.92,0.0,1.0,0.426666667,3.746666667
P92029,0.853333333,0.853333333,0.0,1.066666667,1.066666667,1.28,0.906666667,6.106666667
P92030,2.133333333,0.0,0.0,0.0,0.0,0.56,0.52,4.933333333
P92031,1.066666667,0.533333333,0.0,0.0,0.0,0.746666667,0.0,5.466666667
P92033,1.546666667,0.666666667,0.0,1.706666667,1.066666667,1.706666667,0.0,2.386666667
P92034,2.026666667,0.0,0.0,2.133333334,0.0,2.306666667,0.426666667,5.893333333
P92038,0.8,0.0,0.0,0.0,0.0,0.64,0.0,4.92
P92041,0.0,0.666666667,1.186666667,0.0,0.0,2.653333333,4.483618834,7.82
P92042,1.973333334,1.386666667,0.0,0.0,0.0,3.68,2.84,12.41333333
P92602,0.96,0.0,0.0,0.0,0.0,0.0,0.0,3.4
P92605,1.333333333,1.5722666669999998,0.24,0.0,0.0,1.92,0.0,8.106666667
P92607,4.7,0.0,0.0,0.0,0.0,1.813333333,1.013333333,9.626666667
P92615,1.333333333,0.56,0.0,1.066666667,0.0,1.4,0.826666667,5.44
P92620,0.0,0.0,1.28,0.0,0.0,2.386666667,2.933333333,12.18666667
P92621,1.44,0.0,0.0,0.0,0.0,1.92,0.0,4.8
P92626,2.066666667,0.0,0.8,1.066666667,0.0,1.88,0.8,5.946666667
P92630,0.0,0.0,1.173333333,0.0,0.0,0.0,0.546666667,6.18
P92633,0.0,0.0,0.0,0.0,0.0,0.0,0.0,3.466666667
P92634,1.733333333,0.426666667,0.0,0.0,0.0,1.0,1.013333333,6.946666667
P92635,2.133333333,0.0,0.0,0.0,0.0,0.8,0.0,5.68
P92637,0.0,1.68,0.0,0.0,0.0,0.266666667,0.0,4.626666667
P92639,1.346666667,0.0,0.0,0.0,0.0,0.933333333,1.053333333,4.186666667
P92642,2.373333333,0.0,0.0,3.2,1.066666667,2.773333333,1.306666667,5.44
P92646,0.853333333,0.437333333,0.0,0.0,0.0,0.0,0.0,3.36
P92647,2.16,0.0,0.0,5.333333334000001,2.133333333,0.0,0.533333333,4.32
P92648,1.0,0.0,0.0,0.0,0.0,1.026666667,0.4,6.893333333
P92651,0.0,0.0,1.813333333,0.0,0.0,0.533333333,1.04,8.48
W93019,0.0,0.0,0.0,0.0,0.0,0.0,0.0,0.0
Y00020,1.92,2.222133333,0.24,0.0,0.0,1.0,1.44,11.4
Y00026,0.0,0.0,0.106666667,0.0,0.0,0.64,1.013333333,3.493333333
Y00033,0.0,1.866666667,0.0,0.0,0.0,2.026666667,0.933333333,7.866666667
Y00050,1.28,0.96,0.0,1.92,0.0,1.546666667,0.48,7.466666667
Y00056,0.0,2.466666667,0.0,0.0,0.0,3.306666667,0.6,5.8
Y00057,2.133333334,1.36,0.0,0.0,0.0,1.146666667,1.0,13.18666667
Y00060,0.0,0.666666667,0.0,0.0,0.0,1.0,0.0,1.62
Y00078,1.533333333,0.666666667,0.0,0.0,0.0,1.2,0.426666667,6.173333333
Y00080,1.0,1.24,0.0,0.0,0.0,3.653333333,4.906666667,8.62
Y00090,1.853333333,2.04,0.0,0.853333333,0.0,0.0,1.333333333,7.32
Y00137,0.0,4.733333333,0.0,0.0,0.0,6.933333333,6.053333333,35.16
Y00140,0.72,0.346666667,0.0,0.0,0.0,0.0,1.546666667,2.693333333
Y00155,1.866666667,0.0,0.0,0.0,0.0,0.32,0.0,6.96
Y00159,4.48,7.306666667,0.862303741,4.48,1.066666667,5.293333333,6.826666667,56.52
Y00182,0.0,0.0,0.0,0.0,0.0,0.0,0.0,0.0
Y00184,1.7776,1.582133333,0.0,0.0,0.0,1.8,1.68,9.12
Y00185,2.24,2.44,0.0,0.0,0.0,1.973333333,2.253333333,6.853333334
Y00186,0.0,0.213333333,0.426666667,0.0,0.0,0.0,0.52,4.56
Y00200,1.333333334,0.0,0.0,0.0,0.0,0.0,1.973333333,5.24
Y00206,0.0,2.88,0.786666667,1.066666667,0.0,1.0,2.0,8.12
Y00228,0.64,0.0,0.186666667,0.0,0.0,0.346666667,0.133333333,3.36
Y00252,0.986666667,0.0,0.0,0.0,0.0,0.426666667,1.733333333,3.04
Y00265,0.0,6.84,0.0,1.706666667,0.0,6.133333333,2.773333333,16.58666667
Y00278,0.8,0.0,0.0,0.0,0.0,0.613333333,0.986666667,5.026666667
Y00286,0.0,1.586666667,0.0,0.0,0.0,1.573333333,0.0,5.866666667
Y00293,1.866666667,3.426666667,0.0,0.0,0.0,2.8,3.293333334,13.17333333
Y00297,1.306666667,1.0,0.0,0.746666667,0.0,0.013333333,1.0,2.866666667
Y00312,1.226666667,0.0,0.0,0.0,0.0,1.04,0.0,4.491682348
Y00316,0.933333333,0.853333333,0.0,1.066666667,0.0,0.0,0.0,5.573333333
Y00344,0.0,2.04,0.0,0.0,0.0,0.6,1.0,0.266666667
Y00347,1.92,0.0,0.0,0.0,0.0,1.226666667,0.493333333,5.92
Y00351,2.946666667,3.4,0.0,1.706666667,0.0,2.259290639,0.973333333,11.14666667
Y00352,0.96,1.706666667,4.92,0.0,0.0,3.573333333,11.61333333,31.74666667
Y00399,1.0,0.56,0.0,0.0,0.0,1.533333333,0.48,5.146666667
Y00403,0.32,3.493333333,0.0,0.0,0.0,1.0,2.24,8.933333333
Y00411,0.890133333,4.718666667,0.0,4.266666667,0.0,2.773333333,2.44,13.04346667
Y00412,0.426666667,1.0,0.0,0.0,0.0,0.266666667,0.666666667,5.96
Y00437,2.266666667,1.484,0.0,1.066666667,0.0,0.826666667,1.866666667,12.41333333
Y00445,1.0,9.588533334,0.0,1.066666667,0.0,13.38993687,5.875057471,51.23299857
Y00446,0.0,1.08,0.0,0.0,0.0,0.96,0.4,2.826666667
Y00469,1.693333333,1.76,0.0,0.533333333,0.0,2.12,2.36,9.693333333
Y00471,0.8,0.0,1.306666667,0.0,0.0,0.826666667,2.48,9.68
Y00475,3.6,0.0,0.0,5.4399999999999995,0.0,0.96,2.026666667,7.32
Y00486,0.0,1.706666667,0.0,0.0,0.0,1.8,2.773333333,8.986666667
Y00492,1.166666667,0.0,0.586666667,0.0,0.0,0.56,1.0,4.714666667
Y00507,1.133333333,0.226666667,0.24,0.0,0.0,0.2,2.2,3.666666667
Y00560,1.0,2.8888,0.0,1.066666667,0.0,3.48,7.266666667,15.32
Y00568,1.28,0.426666667,0.0,0.64,0.0,0.0,1.933333333,2.453333333
Y00612,1.7333333340000001,0.48,0.0,0.0,0.0,0.0,0.0,5.693333333
Y00726,1.7333333340000001,1.28,0.0,0.0,0.0,0.8,2.0,3.56
Y00758,1.133333333,0.0,0.0,0.0,0.0,0.685957305,0.0,4.666666667
Y00774,1.28,0.48,0.0,1.066666667,0.0,0.626666667,2.466666667,6.453333333
Y00902,2.0,0.0,0.0,0.0,0.0,0.0,1.066666667,8.533333334
Y00918,2.8,0.693333333,0.0,1.066666667,0.0,0.213333333,0.426666667,5.066666667
Y00969,5.066666667,2.28,0.0,1.066666667,0.0,3.4,2.913333333,14.81333333
Y00996,0.0,1.92,0.0,0.0,0.0,1.026666667,0.0,5.12
Y00999,0.75,2.386666667,0.706666667,0.64,0.0,1.52,4.36,15.78666667
Y01008,12.386666663,10.266666666,0.0,10.346666667000001,1.066666667,23.44666667,25.28,111.6466667
Y01011,0.666666667,1.328,3.653333333,0.0,0.0,1.253333333,5.12,9.12
Y01050,1.813333333,3.16,0.0,0.853333333,0.0,4.186666667,3.973333333,10.19333333
Y01051,2.56,1.813333333,0.0,0.0,0.0,3.626666667,4.613333333,17.32
Y01057,0.0,0.0,0.0,0.0,0.0,0.0,0.0,0.0
Y01066,0.0,3.661333333,0.88,0.0,0.0,0.8,4.106666667,8.906666667
Y01068,1.6,0.0,0.16,0.0,1.706666667,0.186666667,0.306666667,8.253333333
Y01090,1.066666667,0.32,0.266666667,0.0,0.0,1.066666667,0.453333333,4.133333333
Y01108,0.6,0.0,0.0,0.0,0.0,1.266666667,0.0,2.986666667
Y01118,1.0,0.0,0.0,0.0,0.0,0.8,0.853333333,5.28
Y01127,1.733333333,0.8,0.0,0.0,0.0,2.08,2.16,9.093333334
Y01132,2.4,2.973333333,0.0,2.133333333,0.0,1.746666667,0.426666667,13.3504878
Y01163,1.4,0.666666667,0.0,0.0,0.0,1.68,2.373603432,6.293333333
Y01206,2.666666667,3.850666667,0.0,0.746666667,0.0,2.933333333,4.16,8.52
Y01221,0.533333333,0.0,0.0,0.0,0.0,1.0,1.333333333,4.448
Y01280,1.0,0.0,0.0,0.0,0.0,0.106666667,0.0,2.82
Y01281,1.066666667,1.666666667,0.0,0.0,0.0,1.353333333,0.593333333,5.6
Y01291,2.813333333,1.850666667,0.0,4.906666667,0.0,1.733333333,0.693333333,8.053333333
Y01652,2.133333334,1.28,0.0,1.066666667,0.0,3.933333333,1.373333333,18.85333333
Y01655,1.6,1.552,0.0,0.64,0.0,0.0,0.0,6.4
Y01690,0.4888,1.306933333,0.0,0.0,0.0,1.910933333,1.342133333,10.42426667
Y01695,0.0,0.64,0.0,0.0,0.0,0.6,0.906666667,6.706666667
Y01719,1.066666667,1.6,0.0,0.0,0.0,1.173333333,1.866666667,7.066666667
Y01756,0.8,3.542933333,0.0,0.64,0.0,0.24,0.026666667,8.318349014
Y01794,4.693333333,2.693333333,0.0,2.453333334,0.0,3.413333333,8.033333333,18.37333333
Y01795,1.6,0.746666667,0.16,1.066666667,0.0,0.426666667,1.413333333,3.613333333
Y01812,2.44,1.146666667,0.0,0.0,0.0,3.56,2.066666667,15.11333333
Y01839,1.066666667,1.013333333,0.0,0.0,0.0,0.933333333,0.0,5.36
Y01922,4.493333333,1.673333334,0.0,1.706666667,0.0,6.186666667,4.213333333,20.55333333
Y01924,0.533333333,0.133333333,0.0,0.0,0.0,0.0,0.0,0.0
Y01929,9.106666665999999,3.346666667,0.0,0.0,2.133333333,20.84,7.346666667,80.09333333
Y01948,0.0,0.213333333,0.0,0.0,0.0,3.8,2.933333333,5.146666667
Y01964,4.773333333,6.7466666669999995,0.0,2.28,0.0,5.64,11.52,31.08
Y02002,0.0,5.333333333,0.0,0.0,0.0,3.2,1.0,13.08
Y02117,0.0,3.853333333,0.72,0.0,0.0,2.4,6.6,11.13333333
Y02128,1.066666667,0.32,0.0,0.0,0.0,0.64,1.76,7.653333333
Y02177,0.0,1.962666666,0.16,0.0,0.0,1.933333333,1.853333333,6.465333333
Y02212,0.986666667,0.453333333,0.0,0.0,0.0,0.293333333,0.2,4.52
Y02274,0.0,1.706666667,0.213333333,0.0,0.0,0.84,3.48,7.186666667
Y02319,0.0,0.986666667,1.066666667,0.0,0.0,0.0,0.773333333,10.37333333
Y02321,0.0,1.3288,0.0,0.0,0.0,0.0,0.0,6.666666667
Y02322,0.0,0.0,0.382303741,0.0,0.0,1.573333333,1.533333333,9.506666667
Y02325,0.0,1.173333333,0.0,0.0,0.0,1.8,0.906666667,7.666666667
Y02332,0.0,2.933333333,1.066666667,0.0,0.0,4.0,1.0,12.4633647
Y02342,0.866666666,0.437333333,0.573333333,0.0,0.0,3.16,1.413333333,6.546666667
Y02354,0.32,3.573333333,0.0,0.0,0.0,3.146666667,4.52,15.38666667
Y02378,0.0,1.506666667,0.0,0.0,0.0,2.773333333,3.0,7.746666667
Y02423,3.4400000000000004,15.992799997,0.522146095,6.400000001,0.0,9.44,4.84,52.17834901
Y02463,0.0,1.6,0.0,0.0,0.0,5.493333333,2.0,14.49333333
Y02466,1.013333333,3.553333333,0.0,0.0,0.0,4.066666667,4.92,10.85333333
Y02469,0.0,0.0,4.462303741,0.0,0.0,2.16,1.733333333,8.653333333
Y02476,0.0,3.84,0.0,0.0,0.0,1.64,4.0,11.24
Y02494,0.0,2.133333333,0.0,0.0,0.0,0.0,1.0,5.133333333
Y02495,0.0,2.053333333,0.0,0.0,0.0,3.0,0.8,2.771682348
Y02510,0.0,2.9413333329999998,0.0,1.066666667,0.853333333,2.626666667,2.8,9.306666667
Y02514,0.0,0.0,0.0,0.0,0.0,0.0,0.0,0.0
Y02517,5.72,4.165333333,0.0,0.853333333,0.0,10.26,6.586666667,24.46666667
Y02519,0.0,8.092,0.426666667,1.066666667,0.0,9.587680095,6.297270032,32.8487773
Y02520,0.0,1.76,0.0,0.0,0.0,2.72,2.0,5.613333333
Y02521,0.986666667,0.0,1.066666667,0.0,0.0,3.213333333,0.96,8.386666667
Y02526,0.0,0.866666667,0.0,0.0,0.0,1.2,0.986666667,7.613333333
Y02567,0.0,0.0,0.0,0.0,0.0,0.0,1.8,3.76
Y02571,0.533333333,5.893333333,0.0,1.066666667,0.0,0.76,1.2,6.48
Y02575,0.0,10.2516164,0.0,0.0,0.0,7.133333333,3.146666667,33.82501568
Y02578,0.0,5.771616398,0.0,0.0,0.0,3.2,4.713333333,15.24026667
Y02586,0.0,1.093333334,0.0,0.0,0.0,0.8,0.72,2.233333333
Y02589,0.0,3.4,0.0,0.0,0.0,1.506666667,0.0,6.8
Y02594,0.37333333300000004,0.546666667,0.0,0.0,0.0,0.186666667,0.133333333,3.906666667
Y02605,0.0,1.674666667,0.0,0.853333333,0.0,1.0,1.8,4.586666667
Y02606,0.0,1.725333333,0.0,0.0,0.0,1.718666667,0.8,9.96
Y02611,1.0,1.726666667,0.0,0.0,0.0,2.293333333,0.813333333,17.05333333
Y02620,0.0,0.0,1.28,0.0,0.0,2.64,2.746666667,7.8
Y02622,1.013333333,0.0,0.426666667,0.0,2.133333333,1.88,8.693333333,8.946666667
Y02626,1.866666667,0.8,0.0,0.64,1.066666667,0.933333333,1.0,5.986666667
Y02627,2.213333333,0.96,0.0,1.066666667,2.133333333,1.0,2.0,12.24
Y02633,1.066666667,2.0,0.0,0.0,0.0,2.712645625,7.533333333,7.453333333
Y02636,0.0,2.296,0.0,1.066666667,0.0,1.24,0.0,7.0
Y02639,0.0,4.32,0.0,0.0,0.0,1.653333333,1.68,9.973333333
Y02646,1.6,2.813333333,0.0,1.706666667,0.0,0.0,0.0,7.406666667
Y02653,0.0,1.44,0.0,0.0,0.0,1.68,1.466666667,7.133333333
Y02657,1.613363451,1.506666667,0.96,0.0,0.0,1.88,0.986666667,9.96
Y02663,0.666666667,0.0,0.0,0.0,0.0,2.0,0.613333333,4.653333333
Y02669,0.0,2.466666667,0.0,0.0,0.0,2.666666667,2.226666667,8.386666667
Y02671,0.0,0.0,4.88,0.0,0.0,2.066666667,1.426666667,8.866666667
Y02672,0.0,1.493333333,3.346666667,0.0,0.0,1.0,1.0,6.026666667
Y02674,0.453333333,1.033333333,0.213333333,0.0,0.0,0.56,0.0,4.386666667
Y02676,0.0,5.658073327,0.64,0.0,0.0,9.600958413,1.0,12.32933617
Y02684,0.0,0.853333333,0.0,0.0,0.0,3.106666667,2.333333333,2.786666667
Y02686,0.0,0.2,0.0,0.0,0.0,0.0,0.0,3.133333333
Y02692,0.0,2.41768,0.64,0.0,0.0,2.0,4.866666667,10.06666667
Y02701,0.0,0.553333333,0.0,0.0,0.0,2.6,2.0,9.273333333
Y02707,0.0,1.893333333,1.36,2.133333333,0.0,0.853333333,0.746666667,5.586666667
Y02713,0.0,0.72,0.0,0.0,0.0,0.706666667,0.38,5.865333333
Y02718,0.0,3.173333333,0.0,1.066666667,0.0,0.933333333,0.906666667,10.69333333
Y02720,0.0,2.206666667,0.0,0.853333333,0.0,1.733333333,1.6,5.8
Y02721,0.0,3.513333333,0.0,2.56,0.0,2.72,4.737866667,8.826666667
Y02736,0.426666667,1.752,0.0,1.066666667,0.0,0.426666667,1.36,6.68
Y02747,4.8888,13.10426667,0.0,8.106666666999999,0.0,9.906666667,18.42666667,52.46666667
Y02751,0.266666667,5.400832797,0.8,0.0,0.0,20.71117774,17.96361883,36.19379298
Y02753,0.0,4.193333333,0.0,1.066666667,0.0,1.0,1.933333333,10.04
Y02755,0.0,0.9776,0.266666667,0.64,0.0,1.293333333,2.613333333,9.846666667
Y02757,0.0,4.730666667,0.0,3.2,0.0,5.893333333,1.0,20.54666667
Y02767,0.0,0.893333333,1.92,0.853333333,0.0,0.0,0.48,8.12
Y02769,0.0,0.0,0.0,0.0,0.0,0.613333333,2.226666667,8.48
Y02787,1.026696784,0.67663171,0.0,0.0,0.0,3.24,0.0,5.36
Y02790,0.0,0.426666667,2.213333333,0.0,0.0,0.84,2.48,8.653333333
Y02794,1.786666667,0.426666667,0.96,2.9866666669999997,2.133333333,0.666666667,0.4,4.266666667
Y02795,0.0,2.72,0.0,0.0,0.0,1.0,3.6,9.813333333
Y02807,0.356666667,2.106666666,1.173333333,0.0,0.0,2.32,3.186666667,20.98666667
Y02811,2.066666667,6.666666667,0.0,0.0,0.0,3.306666667,0.0,12.02666667
Y02827,0.0,3.173333333,0.0,0.853333333,0.0,1.253333333,1.0,9.52
Y02842,0.8,2.56,0.554666667,1.066666667,0.0,0.426666667,3.14,13.26666667
Y02847,0.0,3.0408,0.0,0.0,0.0,2.573333333,1.306666667,9.0
Y02849,0.0,4.626666666,0.0,0.0,0.0,1.0,4.4,16.4536
Y02867,0.666666667,2.026666667,0.0,0.0,0.0,0.853333333,0.533333333,0.0
Y02875,0.0,1.0,0.0,0.64,0.0,1.066666667,1.533333333,3.4
Y02885,0.0,1.28,0.0,0.853333333,0.0,0.426666667,0.0,4.693333333
Y02886,0.0,0.0,0.0,0.0,0.0,0.0,0.0,5.0
Y02890,0.0,4.646666667,0.0,1.066666667,0.0,3.226666667,2.746666667,10.71013333
Y02893,3.64,2.813333333,1.173333333,0.0,0.0,3.979290639,9.146666667,32.04501568
Y02900,0.0,2.453333333,0.9199999999999999,0.0,0.0,1.88,1.906666667,10.21333333
Y02906,0.0,2.394666667,0.666666667,1.066666667,0.0,0.933333333,2.426666667,7.28
Y02928,0.133333333,5.312800001,2.6272,0.853333333,0.0,2.24,8.413333333,25.2
Y02933,0.0,5.722133333,0.0,2.346666666,0.0,4.24,2.573333333,15.6
Y02936,0.0,1.346666667,0.0,0.64,0.0,1.540238298,1.013333333,6.106666667
Y02946,0.0,1.866666667,0.0,0.0,0.0,2.0,1.0,1.0
Y02960,0.0,2.362,0.0,1.066666667,0.0,1.166666667,3.8,4.753333333
Y02973,0.0,1.213333333,0.0,0.0,0.0,0.533333333,0.0,5.066666667
Y02974,0.0,2.004266667,0.444266667,0.0,0.0,1.0,2.533333333,14.46666667
Y02986,0.506666667,1.48,0.0,0.0,0.0,1.3,0.68,4.546666667
Y02987,0.0,7.270933333,0.0,3.2,0.0,3.093333333,5.6,21.94666667
Y03023,4.0,2.893333333,0.0,2.133333334,0.0,4.96,1.146666667,17.6487773
Y03035,3.2002666659999996,6.449066667,0.0,2.6666666670000003,0.0,3.013333333,1.0,23.14666667
Y03049,2.08,5.1733333329999995,0.0,1.173333333,0.0,0.866666667,1.4,23.72
Y03052,3.2,1.386666667,1.102303741,4.48,0.0,1.8,3.093333333,14.65333333
Y03063,0.933333333,4.32,0.0,0.0,0.0,1.0,2.0,10.90666667
Y03079,0.893333333,5.32,0.0,2.133333333,2.133333333,4.186666667,3.173333333,15.81333333
Y03124,0.0,2.4312,0.0,0.0,0.0,1.466666667,1.36,5.877333333
Y03135,1.0,3.008,0.0,1.066666667,0.0,0.0,3.6,7.226666667
Y03222,0.0,2.546666667,0.0,3.2,0.0,3.88,1.826666667,9.2
Y03303,0.0,0.0,0.0,0.0,0.0,0.0,0.0,0.0
Y03366,1.066666667,0.533333333,0.0,0.0,0.0,0.64,2.88,5.986666667
Y03402,0.0,8.4024,0.0,0.64,0.0,3.0,1.0,18.10666667
Y03441,0.0,2.72,0.213333333,0.0,0.0,2.4,3.933333333,6.0
Y03595,0.986666667,2.246666667,0.0,2.133333333,0.0,2.653333333,1.64,7.813333333
Y03597,1.8,0.0,0.853333333,0.0,0.0,1.706666667,1.6,5.333333333
Y03602,0.0,3.066666667,0.0,0.746666667,0.0,1.0,6.4,7.84
Y03663,2.733333333,0.226666667,0.32,0.0,0.0,0.506666667,0.44,6.026666667
Y03664,3.0,1.885333333,0.0,0.0,0.0,0.6,0.826666667,9.746666667
Y03755,0.0,2.823232797,0.0,1.066666667,0.0,2.866666667,2.133333333,6.333333334
Y04225,0.0,0.0,0.0,0.0,0.0,0.0,0.0,0.0
Y04266,2.0,0.0,0.0,0.0,0.0,0.0,0.8,3.933333333
Y04273,0.0,3.111466667,0.0,0.853333333,0.0,1.0,2.0,11.18666667
Y04662,0.853333333,0.444533333,0.0,0.0,0.0,2.466666667,1.466666667,4.293333333
Y04664,0.0,1.598283065,0.0,0.0,0.0,1.0,0.533333333,3.251682348
Y04809,0.9946666670000001,0.0,0.0,0.0,0.0,0.0,0.8,4.24
Y04882,0.0,0.906666667,0.0,0.0,0.0,0.666666667,0.0,4.9
Y04884,0.0,0.0,0.0,0.0,0.0,0.693333333,0.0,5.273333333
Y04925,0.218666667,1.794849195,0.0,0.0,0.0,2.453333333,0.48,7.933333333
Y04957,7.733333333,4.906666667,0.426666667,4.266666667,0.0,16.40595731,26.36255217,70.95973333
Y04965,0.0,8.64,0.0,0.0,0.0,3.413333333,1.0,19.08
Y04969,0.0,1.924,0.0,0.0,0.0,1.746666667,0.0,4.54
Y04977,0.0,4.008,0.0,2.346666667,0.0,2.626666667,0.666666667,7.066666667
Y04995,0.0,13.7,0.0,2.346666667,2.133333333,14.12,7.0,41.14501568
Y05023,0.0,0.8,0.0,0.0,0.0,0.8,1.0,5.64
Y05080,1.973333333,0.986666667,0.0,0.0,0.0,0.12,0.96,2.72
Y05125,0.0,0.0,0.0,0.0,0.0,0.0,0.0,0.0
Y05167,0.0,1.76,0.426666667,0.0,0.0,1.8,3.2,12.4
Y05190,0.0,0.0,0.0,0.0,0.0,0.0,0.0,0.0
Y05212,0.64,1.333333333,0.0,0.0,0.0,0.8,2.0,3.613333333
Y05248,0.0,1.02,0.0,0.0,0.0,0.213333333,0.0,3.586666667
Y05286,0.0,0.0,0.0,0.0,0.0,1.0,0.72,4.486666667
Y05291,0.0,0.0,0.0,0.0,0.0,1.586666667,0.0,3.026666667
Y05317,2.133333333,0.693333333,0.0,1.066666667,0.0,1.0,0.8,11.57333333
Y05318,2.4,0.8,0.373333333,0.0,0.0,0.88,0.0,8.52
Y05330,1.306666666,1.066666667,0.0,0.0,0.0,0.0,1.533333333,7.073333333
Y05346,1.1,0.0,0.0,0.0,0.0,0.0,0.493333333,0.8
Y05349,0.0,2.758133333,0.0,0.0,0.0,0.773333333,0.8,3.0
Y05363,0.0,0.6,0.0,0.0,0.0,2.0,1.0,5.186666667
Y05364,0.0,1.026666667,0.0,0.0,0.0,1.12,1.0,9.56
Y05369,0.0,1.915733333,0.373333333,0.0,0.0,1.186666667,0.933333333,8.946666667
Y05472,0.0,0.0,0.0,0.0,0.0,0.0,0.0,0.0
Y05622,0.0,2.24,0.0,0.0,0.0,0.0,0.64,5.946666667
Y05690,0.0,2.306666667,0.0,0.0,0.0,1.386666667,0.8,7.16
Y05733,0.0,1.093333333,0.0,0.0,2.133333333,0.746666667,0.0,3.586666667
Y05750,0.4,0.0,0.0,0.0,0.0,0.0,0.0,0.853333333
Y05826,0.213333333,0.0,0.533333333,1.066666667,0.0,0.8,0.266666667,5.373333333
Y05960,0.0,0.0,0.0,0.0,0.0,0.0,0.0,0.0
Y06007,0.0,6.693333333,0.0,0.0,0.0,5.832623972,8.963618834,19.78045965
Y06113,0.0,1.7,0.0,0.0,0.0,1.0,1.0,0.7
Y06218,0.0,2.16,0.0,0.0,0.0,3.493333333,1.48,7.306666667
Y06275,2.533333333,0.0,0.0,0.0,0.0,0.426666667,1.0,6.84
Y06345,0.0,0.546666667,0.0,0.0,0.0,1.0,0.8,4.826666667
Y06354,0.0,0.0,0.0,0.0,0.0,0.0,0.0,0.0
Y06356,0.0,3.0,0.0,0.0,0.0,3.453333333,3.12,8.773333333
Y06378,0.0,3.48,0.0,0.0,0.0,1.2,1.311403254,4.48
Y06443,0.0,2.986666667,0.0,0.0,0.0,4.013333333,1.066666667,16.26666667
Y06487,0.0,0.0,0.0,0.0,0.0,0.0,0.0,0.0
Y06592,0.0,0.0,0.0,0.0,0.0,0.0,0.0,0.0
Y06659,0.0,0.0,0.0,0.0,0.0,0.0,0.0,0.0
Y06792,0.0,1.76,0.0,0.0,0.0,1.533333333,0.48,6.213333333
Y06810,0.0,2.08,0.0,0.0,0.0,1.96,3.133333333,9.506666667
Y07014,0.0,0.533333333,0.0,0.0,0.0,2.96,3.311403254,18.85333333
Y07020,0.0,0.426666667,0.0,0.0,0.0,0.0,0.0,10.13333333
Y07025,0.933333334,3.573333333,0.0,0.0,0.0,2.366666667,2.533333333,9.666666667
Y07057,0.0,6.293333334,0.0,0.853333333,0.0,2.52,4.066666667,14.66171371
Y07059,2.824,2.5826666659999997,0.0,1.066666667,0.0,12.18666667,8.96,15.05333333
Y07060,0.0,0.0,0.0,3.626666666,0.0,0.0,0.0,0.0
Y07275,0.0,0.0,0.0,0.0,0.0,0.96,1.906666667,5.733333334
Y07697,0.0,0.0,0.0,0.0,0.0,0.0,0.0,0.0
Y07819,0.0,0.0,0.0,0.0,0.0,0.0,0.0,0.0
Y08368,0.0,0.0,0.0,0.0,0.0,0.0,0.0,0.0
Y08371,0.0,0.0,0.0,0.0,0.0,0.0,0.0,0.0
Y08411,0.0,0.0,0.0,0.0,0.0,0.0,0.0,1.0
