gp_code,access_satisfaction_2024,phone_easy_2024
A84002,96.1818637181821,93.378417409103
A84005,76.97216634061441,55.0092497208629
A84006,58.0239689246993,35.7744355414291
A84007,49.9731685423275,29.490751843922702
A84008,90.16699660618819,83.4595843570926
A84009,56.520217589760904,35.3642224781274
A84011,73.55699537456711,58.6220579374477
A84013,65.6769787288679,57.783526433036904
A84014,81.675474813229,65.3761777461563
A84016,82.086190545427,77.3615322314504
A84018,91.26156849160711,86.8175008490745
A84020,71.7481795119396,36.5998494981859
A84022,51.9538032705682,12.942984103862301
A84024,92.0141294631897,83.5211777372883
A84025,92.591868140651,91.2580329490595
A84026,65.658374065236,47.1040270515388
A84027,95.9881517013508,90.7551580189655
A84028,51.5058092527479,37.4248038533457
A84029,68.8224449385217,65.3550277053095
A84030,65.64112130239799,52.400147679226606
A84031,80.9902919806737,62.4982963468924
A84033,93.920414369505,92.6005402100672
A84034,94.3575129933201,87.13608572456451
A84035,91.7092957749946,89.82242404955
A84036,47.297955677257804,12.757135450714
A84037,76.34754849235121,54.2548614354712
A84038,85.1278524051266,86.2357007330112
A84039,77.3126077017513,80.5550261291959
A84040,89.11858478410089,88.7625860124792
A84042,89.5591888348724,92.2117440737966
A84044,62.939388707785305,51.7950088366057
A84045,79.6408258325248,69.982341623215
A84047,87.9005188682017,85.8804369460518
A84604,89.44315595039511,92.81676406961161
A84614,99.1423987689796,99.1684826693324
A84619,83.80585047750489,73.9383080139376
A88001,59.983922734683205,52.7179270335159
A88002,74.1331364470494,59.9284188201428
A88003,76.5150040444037,75.2776147983502
A88004,45.0108649533884,25.181459109056796
A88005,68.317697769166,55.4688671899355
A88006,54.84542454189219,44.6916257818884
A88007,80.3916051388347,64.3703579804874
A88008,70.9948247973776,58.9921682037381
A88009,72.7607079750625,69.8122069256952
A88010,82.530630414683,79.20782468858279
A88012,57.0927073786907,36.7452709492965
A88013,61.1805148026194,35.5785742434662
A88014,73.0629855679813,75.4837294324338
A88015,69.5303730324469,57.2985977795771
A88016,64.96823278341179,61.943059783491606
A88022,54.0915042570552,27.187747201641198
A88023,74.6458940256876,52.0515625379968
A88025,76.3968166172139,59.1805612272558
A88601,88.2532430969509,89.14702999856941
A88608,67.8135673145361,48.527862837438704
A88613,72.5862569124201,67.1682750144597
A89001,58.632134179930794,29.348938037391097
A89002,77.5486548020212,76.1308949283334
A89004,62.465116028629296,54.863585221737395
A89005,92.16688823227031,87.8811303605383
A89006,80.0790684112545,83.2351334359615
A89007,78.02471060606399,64.37492500081619
A89008,65.3322558433684,76.7668162421547
A89009,87.0382146541439,80.54588641959029
A89010,67.7313819227467,37.8043637239905
A89011,75.13289537051891,65.05069992016121
A89012,81.5387401814475,64.7791592455861
A89013,86.43651901381399,85.9462935565167
A89015,84.8128286189896,79.9294068406757
A89016,87.7926793031461,64.5033681614924
A89017,79.562263476566,49.4582184038018
A89018,76.155500373176,57.2224606539166
A89019,62.8785854193495,29.634271086886198
A89020,79.75850472884261,54.4321169142852
A89021,73.905553581315,66.0384708878852
A89022,73.8775476855817,72.1535531567359
A89023,80.9517538725442,67.9351587577481
A89024,92.3173546868671,91.1851465194927
A89025,62.28859218732959,41.3675482808165
A89026,55.846222456718294,47.8056725070721
A89027,87.509923720395,72.4193160720489
A89028,73.7799404202805,67.90984204384159
A89030,91.4789255065768,75.1833221803547
A89031,90.0295808357392,86.59784153813351
A89032,56.1193214988657,21.836561750594498
A89034,79.0795879303595,85.8489095053548
A89035,86.6079014124458,75.1177239048793
A89036,62.4005374010314,72.4746076481789
A89040,80.6003828881178,89.9726434970016
A89041,83.44645628484521,67.2881287436045
A89614,52.0670004491302,34.7871972126926
A89616,96.9017284444211,97.4946536190053
A89617,77.7718054804646,65.2414421800156
A89623,91.51696142588071,79.417131098015
Y01262,,
P81005,71.5189196176786,47.7111436724657
P81022,89.050720846366,84.6690935407773
P81051,89.56215624741,83.507291079484
P81058,62.893391392492006,46.9791652771641
P81061,70.3808027631302,65.9032352720125
P81125,76.949448579776,66.3382329036584
P81140,61.8218569375079,49.5807524720941
P81155,72.4487320715626,75.1586709623365
P81167,58.276778367537396,50.7829430265533
P81214,76.54116088556981,66.7758970827444
P81622,50.961230660004794,44.0714393235339
P81633,78.2067315898494,69.3141359288127
P81683,32.649104370151,21.962889754765598
P81694,50.2141031383857,36.2641894475691
P81704,53.579118020065195,32.844920910085904
P81707,70.7428222691545,52.061098380291305
P81709,78.3928992434496,70.120406491184
P81721,67.5966272242707,56.0180671792074
P81724,70.1831162539069,71.552871411198
P81734,59.394132879900496,43.9965019106048
P81771,63.0828161467679,51.6864891695803
Y02657,72.5270915306908,67.0257553713394
P81016,64.89585365422211,51.5929583714271
P81042,74.4964782645145,56.1900922470836
P81043,73.857411351808,77.9397982474366
P81054,72.8082891996175,65.4039317903966
P81063,68.5592193410412,55.5599686431019
P81066,71.2077498058725,55.2990532902455
P81072,67.8567374996734,48.766879372800396
P81073,72.3339414526847,57.9585195268338
P81074,74.81725148400919,76.6479602347825
P81081,89.1549018217405,91.93881534813289
P81092,83.54028434523511,76.28701614605869
P81115,59.353139360360295,31.9365587005123
P81159,78.8735838018903,63.6403039359093
P81172,79.3162321618085,68.7551066073538
P81681,78.7219919398283,57.4638859996686
P81714,65.6498193491299,62.121698402760494
Y05788,53.281161794990595,46.184447931280594
P82001,75.35556717223,62.374400953945994
P82002,63.243352913195,50.0293737291568
P82003,52.1599773533691,22.69428265543
P82004,76.1536039226075,51.7020949893741
P82005,57.185386111392,32.795503419155
P82006,91.4358044539797,68.2873790876217
P82007,65.7970365336234,32.889770351020594
P82008,65.8692121883563,34.533043397901096
P82009,89.2625061761817,85.8289788315869
P82010,64.2025149140765,45.9218969699022
P82011,84.45388132170841,82.3867002906403
P82012,71.91719430667341,60.5949794649105
P82013,78.3996460215927,69.5829596436464
P82014,62.1566823762848,36.889602988572
P82015,46.138220114780395,21.7727650004036
P82016,73.1712633321764,42.9644246842549
P82018,51.363523441999604,40.3975141197309
P82020,73.8968831339051,53.7103486602756
P82021,66.7180362849661,48.0443235990873
P82022,91.7283014834883,86.0137609668608
P82023,70.04376718485959,57.5418740836066
P82025,69.574935853827,63.6769840659502
P82029,98.0944980292015,91.81946496722931
P82030,64.8217646914263,62.336594284024905
P82031,77.5112939126793,66.1915477043319
P82033,88.9017347802324,89.773975029961
P82034,84.3913850216478,87.7483364542352
P82036,73.3433962318416,73.3628874507369
P82037,73.221966464143,72.1175497134179
P82607,88.7441436803472,79.6644422242332
P82609,48.6243983974813,34.4434438253468
P82613,57.9605533187706,37.2164250629502
P82616,59.9721015787387,49.2733400116804
P82624,74.6057525531119,57.40069583077509
P82625,61.13077697918931,44.7042652756318
P82626,79.5745297794083,84.4459217132615
P82627,76.9326836533427,64.8835057214892
P82629,85.2064974590339,83.432788713771
P82633,68.1290512599434,53.3592373721449
P82634,58.865989402489504,58.9769787743467
P82640,66.5631382315834,50.983239279149096
P82643,86.6590872117652,73.7936531524954
P82652,76.9992704839796,70.4545590566015
P82660,52.18588916151779,53.890984982476496
Y00186,74.9630715977595,65.1439520571264
Y02319,66.0734716168551,49.4043773692526
Y02790,41.1137974471993,25.6855014817699
Y03079,56.1340656877275,40.7464910022637
Y03366,65.66254350580411,53.2381805106554
P83001,76.7758541322547,60.676582895236194
P83004,48.399704917979406,27.955387320958803
P83005,81.4411175188141,71.6096668835716
P83006,54.5911220152447,27.675933311008897
P83007,63.670691154202096,54.0876773490719
P83009,79.1057126915624,53.4672899603717
P83010,71.0794546100582,63.3491436841249
P83011,65.0314133846778,38.7465671448961
P83012,51.5829253853913,28.873227620812603
P83015,59.901593855262604,49.4782407358588
P83017,81.2333137767727,77.08593147718649
P83021,49.413922872895,30.038150409492996
P83024,75.4668744657228,77.9491525936125
P83025,80.4527556166955,51.916180749984896
P83027,82.5616545854884,83.3442367624518
P83603,58.7240575251758,28.4609931721523
P83605,58.5482196777821,38.7056979095996
P83608,58.715188492356795,34.2298678024771
P83609,69.7797485047835,68.36920529473231
P83611,73.3842330213389,42.510121564959
P83612,59.4342475167945,42.100463253246105
P83620,85.31118186478899,77.16695699809209
P83621,65.5735128018626,53.786337069162606
P83623,50.600877019663706,25.868620258483798
Y02755,59.091246538265295,37.1333712432546
P81010,98.3957204407904,92.9665208717686
P81033,73.269843333579,65.4132010492138
P81038,65.8299279865885,43.8685140386758
P81044,67.07928268122491,44.8072399086207
P81057,77.6819315522992,61.563706502440894
P81062,79.7457177581131,51.2131071466503
P81076,72.94496342557491,47.6208380046252
P81082,71.4088924926071,64.33656964951
P81083,62.549462377515596,40.0009209526967
P81117,90.66167469277771,73.6202587547561
P81127,53.0668049551262,32.508959177706295
P81143,57.9827322986587,27.989832941350002
P81154,71.0889691617775,40.2260269160088
P81171,82.0565319110927,72.6949553347976
P81180,79.6037120850638,81.3212414919808
P81181,77.8957810693778,70.8004617272312
P81186,86.876935665392,80.0848228631224
P81655,86.633057015145,80.5702254347298
P81687,97.289551052807,90.9273117943194
P81692,96.3143040674928,95.78297105377081
P81701,90.43480123374181,84.0373445429771
P81740,86.01692819110241,68.2390018613352
P81741,57.8211033546008,46.7818664908717
Y00347,83.7011347036957,89.3069296846236
Y02466,75.3920972055517,59.85758228238039
P85002,68.7566142575162,60.1495802892656
P85003,41.2667891996857,23.3353051395881
P85004,76.5126443408763,71.38892305467151
P85005,63.7214680599025,55.0157842538327
P85007,62.61552781133209,51.5970503839961
P85010,55.34054594109929,27.103453297196502
P85011,79.63006439211911,71.8951959747377
P85012,63.395357267553095,51.265767532402194
P85013,41.692101467802004,16.036443164982
P85014,72.0836639156216,82.2659043583715
P85015,37.135662848923005,25.5927854787505
P85016,49.071411338465396,22.5629911227104
P85017,74.981242164971,66.2483638502237
P85018,60.8037264088986,66.50116855173131
P85019,51.9167894563339,35.911803471687
P85020,49.911685054364504,40.5248003207672
P85021,53.580310587708,30.8225025483165
P85022,58.6540922638791,44.0741894281521
P85026,63.1648831019069,42.7175411594304
P85601,51.584501785499,41.578618022251504
P85605,78.2445151633925,74.09669838677499
P85606,84.75209337666601,83.0708366894881
P85608,59.34192211086619,45.6304403392012
P85610,66.275159462194,51.980313293986704
P85612,36.4633111158779,20.4069583141178
P85614,71.57307900094439,59.734904120386304
P85615,50.2710984133089,25.804788874588503
P85622,40.1461644692797,26.226170149518403
P89006,71.1387747829779,41.319315639140505
Y01124,38.1491790883055,25.9874206337874
Y02753,60.139956833702,44.5079554262585
Y02827,40.1869955452348,27.976052779912802
Y02875,70.93302951652099,62.5614679478247
Y02933,63.4203512907328,57.433262192783594
P81003,65.1703554233409,41.5079195978631
P81008,88.8097199269036,94.47841070812309
P81017,75.3078868318078,77.1400655341008
P81020,32.0019389654125,28.066441192090004
P81025,45.1212811758906,16.7214967468699
P81027,72.6741503377113,43.156840380085896
P81032,64.9326781395271,45.385454051935
P81035,40.316279732584,29.632132837596497
P81036,61.3516786281679,32.9919535913846
P81047,63.0246853724836,33.2292685648655
P81053,49.2932783929989,50.3193246401062
P81065,57.257868974880196,33.2140005465669
P81069,82.5792915140958,82.34387020552731
P81070,83.2961240323244,53.706234791491006
P81078,65.7583968787587,33.3953632388494
P81088,63.5091769733997,42.6104221498802
P81095,62.2108088430576,38.4372655399229
P81099,88.31242565211859,68.10696935587059
P81100,83.3096365655976,65.9762066601241
P81118,65.7384144476468,43.5309565274278
P81123,35.838572592746395,8.22275365272862
P81130,51.107127050548094,25.171936261349597
P81132,78.33742112887731,71.8945001797764
P81137,81.3555331307481,67.9010475942923
P81147,61.592005675707696,43.8292901783121
P81160,62.522457058996096,34.663964432240704
P81165,62.0358806611687,63.4312811988346
P81166,62.9678698793595,56.5076071187773
P81170,46.9300679316843,19.2081981018628
P81182,49.4009771928073,20.6318281225418
P81197,67.5290710310167,47.8704259392021
P81212,80.0592359468567,76.2600097276461
P81218,35.7658736065262,29.2750245106499
P81620,100.0,100.0
P81686,70.72127472866559,65.8755272497599
P81699,71.1080337187831,66.0893309597382
P81711,74.8579160833038,71.83469236665489
P81726,69.7542624568281,82.8808367748726
P81730,57.890732640222396,30.788582640005103
P81731,57.7662516577377,25.665686856718
P81732,95.4763649246066,95.8175052735437
P81736,48.9851506777684,41.513760311582
P81755,61.922072565105005,29.5967891093479
P81757,65.4063401698895,58.9544817329813
P81780,51.105497192018504,33.6631155845767
Y02605,59.324573448026996,38.6379735536176
Y02606,54.6782944926133,39.0783461475459
P86001,98.88829403632519,94.9692590621911
P86002,78.3424960892151,79.1851904819245
P86003,40.195916947612695,23.2665155112178
P86004,57.7157726690831,25.2000288105141
P86005,69.6103995767889,68.5980544118114
P86006,70.5836391318377,44.8984382485946
P86007,69.2343534863059,40.465801036441
P86008,60.6880830382283,46.0224379739654
P86009,67.403578088275,58.71917527396639
P86010,50.23465250781191,27.142607819674502
P86011,54.788691819867594,48.2760422988345
P86012,51.3603612157306,22.0662396210042
P86013,40.8758656973893,30.5896711186738
P86014,22.1529028090782,12.7892978248331
P86015,74.929188043832,56.574400364576604
P86016,58.196047295314,37.7255295446571
P86017,48.732874953694996,36.839747070473
P86018,76.8221791769073,60.401914368477904
P86019,58.115738813914895,39.3494096748348
P86021,89.1684545997535,83.4647521760788
P86022,70.8769563031792,51.852658941832395
P86023,82.6341572913532,67.8977289128544
P86026,46.7469316652469,15.6612357597491
P86602,80.3674119803681,64.03669356329969
P86606,90.8280253420368,83.6475966318292
P86608,73.6604169742728,58.7314559488469
P86609,57.92179134466801,46.3177286977013
P86614,52.780995499478,56.235244913514805
P86619,47.219640942634896,39.2612671713239
P86620,83.9896387614003,78.7408841819811
P86624,88.2631059028397,91.384660176692
Y00726,73.17540689208299,57.828431672343605
Y02718,80.9831314857217,67.8644101702918
Y02720,80.2553792936074,66.7638433899911
Y02721,58.6235821043419,42.9808268048913
Y02795,62.1059362467967,38.4074873470133
P81015,81.8001101021083,62.853169355194304
P81018,68.33051690842589,42.5270099813615
P81040,58.92061121962,43.8901823645432
P81046,73.348447308739,70.1312146306425
P81055,94.500606653563,84.974074111287
P81067,77.8856266820492,65.5293548282698
P81071,82.46944998101459,79.1173370695367
P81103,63.482006342153696,39.2468509506701
P81107,73.3320344932388,58.0267438751806
P81119,75.8099503724963,49.4184840718489
P81169,73.5599256594242,54.958718580204305
P81179,68.98610845051401,67.0950347250873
P81184,72.2922648814493,80.021078761542
P81185,58.329989564892706,27.649767455918102
P81196,66.2124765948076,47.9740374117946
P81213,80.1173784840906,70.352293006215
P81647,74.7692581973894,65.5532594444059
P81664,63.4639057112696,58.10133326249291
P81685,74.26663316872259,72.07886094766461
P81735,71.8169663219948,67.4357335844523
P81748,85.017466443131,76.0663719724171
P81770,72.2574935784672,70.26729382830351
N81011,59.2503445275659,31.8080222006639
N81019,58.5804613740311,41.969121036144905
N81035,45.8791034504462,26.6606753373351
N81037,53.72686232154899,34.1503864465303
N81045,66.1081047359427,33.583805007920795
N81054,72.0236739967383,48.8295694191822
N81057,73.9188590342264,61.1996122283413
N81064,51.0535175053366,31.4339706193253
N81066,56.0813822513069,27.018237012344898
N81072,22.546105736882698,8.82085384638553
N81096,51.7128074134085,36.0946075930364
N81119,78.3909341100978,71.52357254884379
N81619,74.76004122690429,70.6656267388463
N81651,63.330155463730996,49.7987772954631
P87002,58.6055374165695,27.6046942104795
P87004,64.8641563100459,60.554958400181
P87008,60.5027202964461,43.3603713376649
P87015,70.0606064978713,56.5521447887813
P87016,63.9009107344083,50.6185212002321
P87017,83.9348107305239,79.6205220435891
P87019,65.5513473735786,60.700693970352106
P87020,75.6868504739067,64.8972373031812
P87022,71.16504216652059,69.9610879230881
P87024,71.4739463628346,57.934857691597394
P87025,73.6267491559364,59.6928879857122
P87026,69.1311575611259,63.9308643377621
P87027,71.7038884310066,65.3530877374057
P87028,83.836235413816,66.5059908424456
P87032,81.5683690157832,71.6054110835033
P87035,72.9231502550643,61.874524469395794
P87040,86.6986670188011,82.098591143477
P87610,63.4981543388494,36.5872238231591
P87613,79.9324645116787,74.8841858227085
P87620,61.3031948020052,33.0582178541377
P87624,64.5295194413183,45.0619228683596
P87625,79.6614756397837,72.322129498974
P87627,89.8529813884682,88.50940849377919
P87630,81.4202860910454,82.5376553350454
P87634,72.8549583412302,57.2995336282988
P87639,85.5261783655021,83.9885946768047
P87648,36.7207494525225,19.272414359727
P87649,72.7261314639684,66.5429923804933
P87651,26.7799364523981,9.53668637911872
P87654,70.8263447117787,59.0000016785877
P87657,84.5545763687682,82.8895763361735
P87658,85.93873872287759,81.43620320033959
P87661,82.68189354729981,81.6219016328352
Y00445,52.4030404402082,44.462001876072
Y02622,60.2366312512662,31.605499713110703
Y02625,,
Y02767,75.224575507285,47.1653651924714
A82004,96.6911537025267,100.0
A82006,84.1543722247056,83.7087489780019
A82012,58.2363906952286,24.5283587783287
A82013,71.2271594982426,67.5337349876037
A82014,97.2276110377283,97.9188794340715
A82015,68.7302071793882,61.281711435027894
A82016,61.795138067962796,29.379337893699
A82018,74.146477391678,61.29411575435449
A82019,48.6285598764891,20.8543700163555
A82020,61.836951374181005,29.5444334852425
A82021,58.517549541977196,37.3672864950875
A82022,81.26917504000029,78.9940463108978
A82023,80.5492690769398,75.18019594471869
A82024,79.3953639598953,64.6490802130253
A82028,84.0666874095255,85.9317052555314
A82029,96.3162179130159,96.9743659155935
A82031,91.85854376643769,91.5253277225877
A82032,45.5518608265607,19.7683488065315
A82035,78.254294373718,53.357887679209306
A82036,78.6174230545975,64.4152784328278
A82037,91.168604683263,90.1550883476481
A82038,61.75620171260749,54.2490531916681
A82041,31.3917393663546,5.07633008449084
A82044,24.030663389529998,8.539069045193031
A82045,73.8267012417691,65.3554922572933
A82047,42.8478805431279,11.3521738548329
A82055,85.5421063750758,95.3811024294852
A82064,80.4334527585778,61.3166091701479
A82075,75.98860131171979,56.4239207463248
A82617,85.432249404144,91.19129442522261
A82620,100.0,100.0
A82631,72.3820518309653,71.6289365823547
A82646,83.52584033785419,84.8120613955798
A82654,71.2931661058428,69.9335243680851
N83009,79.1263125922612,54.3380453435346
N83013,77.0240176599663,64.3630163850603
N83014,46.5635308602721,20.2236344099693
N83015,42.0969504060874,31.378597937390403
N83018,36.4108030204708,10.403944289028399
N83024,70.8273389685009,41.5621123721915
N83025,47.3649828108599,22.505555286951502
N83028,38.671340346080605,30.5784356135921
N83030,89.0624487577201,76.2692403333325
N83031,57.7804525456535,50.720855115630904
N83032,59.3059850439367,32.5279890663949
N83033,47.1429384765896,38.9843585206593
N83043,68.5185808096153,66.7209291035514
N83047,88.9324300483178,79.5192419604635
N83601,77.41808382708541,60.6334865578965
N83603,86.6316264919155,86.0215433266963
N83605,70.518307287878,49.4762839191029
N83608,36.0289520400731,25.910243206318
N83609,70.6751341159136,53.612409667461606
N83610,65.4654150120458,66.08586488061829
N83619,88.816128827985,91.1714896391309
N83621,73.7858832419036,63.76330302527911
N83622,79.115293884857,78.0076053592761
N83633,79.1240247416798,81.5283731012402
A82003,76.2479373974448,47.0335358645882
A82005,80.7123453347368,82.2311549466703
A82007,64.9305651137317,51.377719450006296
A82008,68.2981046164025,61.428432782196694
A82009,60.9585532812019,47.48036668685
A82010,82.2109410974969,71.912801303343
A82025,83.9541337407125,72.2101577215073
A82026,74.5156749374951,59.1248584516038
A82027,87.65520771853889,80.06527433006741
A82030,95.210631881465,88.4914793527895
A82033,71.930156833893,65.2824419009529
A82039,56.718590523882995,28.2355625037874
A82046,93.7572039087502,83.2549820722392
A82053,94.2730132153482,88.1232650101331
A82062,75.239874326638,72.5798759934869
A82068,89.0045949598429,90.30880806062859
A82070,91.8177678572346,91.8526092974305
A82071,74.2329032440052,63.2919968520778
A82072,55.1836550796814,52.1179005307779
A82608,93.4946494817474,86.7537974987956
A82613,100.0,100.0
A82629,65.59217770980949,65.2132732827555
A82647,100.0,100.0
A82650,95.1896138313016,93.23714707607141
A82651,85.8867488490183,77.5638131834416
B82061,90.5154149774512,93.2381526516894
P81002,63.459003563946005,25.743644744077
P81013,75.0971947463006,57.6746054335514
P81029,69.8865063759051,62.4502037261362
P81113,93.388631451419,86.6250963734884
Y01008,70.19591883403949,31.4024269184769
N84001,69.85730777354459,40.7311053042438
N84002,62.5955002884345,39.4085341115261
N84003,76.2418407806672,54.592184082943795
N84004,34.7809743866879,21.9837073364961
N84007,71.8701479338533,64.6378193685058
N84010,64.5062779728781,51.531215309325994
N84011,59.9692867696908,31.1874630571565
N84015,39.5602988401086,18.7470053936351
N84016,58.46945306785341,43.346536795047804
N84019,57.5844744368338,33.682711394316
N84020,84.8926812266515,67.2711458792319
N84023,56.2474016536086,26.678193780715798
N84025,74.7069113546105,31.4347701414206
N84026,46.5975864319405,17.1708052549018
N84027,64.588915023311,34.3186358616359
N84028,70.1168353849783,42.306330350090796
N84029,47.3101045826923,20.8254372365411
N84034,62.7504972783154,34.777632891752
N84035,50.5781040596896,39.3498847746948
N84038,66.9348492719284,53.968375648296096
N84041,79.225643912828,61.9216796773591
N84043,65.249851036004,52.555737516454904
N84605,46.698971090524,34.0225984366435
N84615,68.3276485491874,54.80158951695741
N84621,46.5752542816384,30.160065231358203
N84626,50.00585006199741,40.5608768582567
N84627,42.8536116581382,23.186293847664498
N84630,61.541242964669195,29.5352108207571
Y00446,67.0492958876784,41.7003768293229
N84005,69.2843890987485,41.9351073301548
N84006,64.7413439433294,37.683697714652894
N84008,77.7115132300527,49.883392375136296
N84012,81.557890595271,55.701477170618
N84013,61.1830728469298,61.7625266369491
N84014,87.06070057994471,86.8887526142388
N84017,50.616754479969394,24.1441199147482
N84018,66.45868624919919,33.3868730734504
N84021,45.8679168374915,18.9269764970343
N84024,76.54486646545429,53.672385632905794
N84037,73.69676387299499,56.8081101658027
N84613,80.428995890569,61.0853540908284
N84614,76.5011377916051,60.295390648056504
N84617,85.0360868519964,79.3880855653069
N84625,83.47839778014439,76.7347706971167
P88002,91.1512692380572,96.6574035901244
P88003,95.7824494476079,83.69551552458971
P88005,64.6143277839264,41.890623438191795
P88006,90.7847643135885,87.3676763460231
P88007,72.8380126971687,46.407907935408396
P88008,87.28744672071849,86.6154546403358
P88009,86.6988234805665,72.6624457914139
P88011,61.4585297365416,46.0893710679216
P88012,83.4598285025343,76.90509306496939
P88013,73.6697196089995,74.9287393694717
P88014,85.6219333836958,83.28146864920019
P88015,73.7392521008426,55.827783703979506
P88016,74.8324627962956,33.3050833200558
P88017,86.4971087708059,74.70416296443861
P88018,73.7340568118273,59.81161473241951
P88019,71.2820895487987,65.7700935307807
P88020,56.077681885729106,30.9231598475939
P88021,83.6421855707162,77.7937403646721
P88023,56.7263070645169,45.135048500272305
P88024,79.6323351269823,56.2426581480447
P88025,74.399504104355,43.7119566826333
P88026,84.88526882130411,69.8220396050884
P88031,85.7543949819939,67.6539638786775
P88041,86.1065890877861,69.68268357160609
P88042,70.03022454934789,36.604011003463796
P88043,84.00722691121,77.2892878702129
P88044,88.44370189709821,90.98599198756409
P88606,80.1978533711414,79.1750592534917
P88615,90.4836976395778,88.6632368604687
P88623,97.6433206646611,99.45765843036361
P88625,91.7612116632781,82.0084092633471
P88632,59.6828114402156,31.198030569232298
N83001,61.962454341779605,29.6739888900025
N83002,64.0211958082716,44.0958716144611
N83003,70.1511769996247,46.6987989351176
N83005,58.3022868349644,29.976545413531102
N83006,67.1693859939251,48.4049741083772
N83007,88.927855032748,87.5114580071235
N83008,61.4958720394731,41.4146889374422
N83010,87.15544502388481,57.8735961481876
N83012,57.228318337531306,44.277126767203
N83017,89.4751717668528,80.2789105463672
N83019,52.4215045926386,20.104376843659
N83020,68.78895912027,38.566046956979996
N83021,49.5027811131946,25.022561467569897
N83023,45.8925439973071,32.704598039550696
N83026,90.8267469263942,82.1517221721786
N83027,77.6558566492411,55.85770840880701
N83035,57.32306930801641,30.726403591164804
N83041,94.238162330297,82.0448504888258
N83045,53.3784808267995,34.673524996941005
N83049,93.4857681883439,88.2235382129862
N83050,59.041934799789495,45.323969131916805
N83053,73.3076461999361,59.873332402205506
N83054,81.3304591769664,80.5480476647117
N83614,78.2573944666457,72.6477212920306
N83620,79.46385233766911,69.3498683815227
N83624,71.0570430722142,74.0329776424438
N83628,77.8030168814622,59.6776796127914
N83635,82.9190196975398,73.3959267554969
N83637,81.4381180115475,74.07375145310951
Y00475,92.3275569786175,76.9925681034115
Y02510,55.091573819120995,35.1046141715318
P89002,90.5625592307661,78.783454233045
P89003,55.33565434107201,33.8669599784441
P89004,79.1131149914586,53.483260644878904
P89005,79.143064443752,64.7927949230752
P89007,79.1403192832503,75.3333096471211
P89008,41.6234344054979,30.1735336620438
P89010,59.127563818054696,34.4504382005329
P89011,47.3939012572604,23.9485017446736
P89012,68.3880591550259,35.6913784223311
P89013,49.2921079607624,26.8438889278322
P89014,67.45473151586741,53.5535518215633
P89015,58.430725612345604,33.929081405502195
P89016,58.8622883271279,28.2110732971899
P89018,62.875059472528704,50.5120261150421
P89020,50.4747729159145,34.6104408856773
P89021,80.9851905324156,73.787439073241
P89022,62.3928162399243,39.8639728614661
P89023,83.8942727913495,85.0729046815133
P89025,63.8661009732426,72.5827130108342
P89026,78.7717340744224,69.9989035715336
P89029,76.8836188925142,62.0806190079436
P89030,42.080781061169795,25.6312325895007
P89602,76.5309555767675,74.3273521428309
P89609,78.3843637393382,68.6104303424993
P89612,73.8017819617676,47.3037999465965
P89613,73.6503578465482,57.83343962473621
P89618,75.0158771654568,61.742836129295995
Y02586,50.9987160328921,39.6065536949409
Y02663,53.5467356920583,37.6437763643927
Y02713,46.0858300155083,29.5809055834198
Y02936,61.453284160823095,48.3889484089881
P91003,71.611649150351,51.989180608793895
P91004,65.72880696461681,52.540891999538495
P91006,67.5346852451827,50.3966818242349
P91007,98.3027499304874,97.5859605727546
P91008,63.1368365402189,54.68569895501611
P91009,64.6594289984316,45.3225000844332
P91011,87.58109876725891,91.2489175607966
P91012,90.43060006714741,75.7087230350155
P91013,90.9250751338828,75.3158704476648
P91014,80.7973922396959,70.6098215727298
P91016,63.890120537920005,55.5966360360957
P91017,86.4617319689524,73.6538333609582
P91018,59.051756803907494,38.1269805110637
P91019,63.660689369706205,56.65990365079
P91020,58.9717503878756,42.1186655428329
P91021,76.7942589213987,50.4669405400512
P91026,68.8452091663483,52.775845062370294
P91029,67.45354854891869,65.7084304214323
P91035,93.36324880781089,87.4986627215161
P91603,73.4930209008012,65.5580932231235
P91604,60.4277101699945,31.0002481470342
P91617,86.4726779493184,78.0756955968153
P91623,87.5558817792165,92.7366391286151
P91627,58.7703563846013,49.6201014710579
P91629,62.724281118732605,46.6881580352402
P91631,88.140310740154,97.0998837008177
N81007,65.24405712336659,47.7396331187062
N81012,75.0871862498291,62.2865073133685
N81014,70.0264092242684,51.094774756220694
N81020,50.6511310249221,12.455992075846101
N81028,66.0502163625567,65.1930255846228
N81036,80.6651877443592,52.101794196262496
N81041,72.2433615407989,52.5836332580513
N81048,55.2408731222952,33.0920233218045
N81056,55.8159122778618,25.413766614474596
N81059,69.93645778855621,42.1015806912453
N81065,68.277646648724,49.668778158317004
N81075,62.10653972404619,18.4372903313478
N81083,67.8016082003267,66.3183970984812
N81089,58.3749238130046,41.0159373626756
N81097,75.9329260863631,82.8048897690812
N81107,86.2549136466591,84.6681252436127
N81108,69.6048557879705,48.988015113254
N81109,66.9463628059445,46.5971166163783
N81114,62.730778683725994,45.552704799987495
N81122,75.6552974516982,52.5666771067538
N81623,71.6334676524333,65.847349945058
N81628,77.1634127613615,57.50909967633861
N81637,92.97006855776169,92.26449323324731
N81645,51.9557519300197,46.362347539305695
Y01108,74.4802624943953,77.55462706898099
Y04925,44.0458818837007,25.434371970866497
P81014,69.7606737835805,68.4580531819607
P81039,75.9125490482802,63.105631700658805
P81041,76.86928430791899,67.2911981276689
P81045,76.29218392616059,59.245818971642194
P81084,86.5300551848298,73.1248006661981
P81096,87.5263513274039,82.97032658194429
P81112,66.2826071136838,55.748326395260904
P81136,90.54941948778999,79.68187548500019
P81138,88.2363882058872,83.9566720742594
P81201,67.34249957033181,43.520614910911995
P81208,55.658236397383696,47.807445597154405
P81646,66.158904072349,53.46825705999541
P81674,87.7020285701889,87.3162435638866
P81695,75.94524420328939,70.0218886397531
P81710,68.4087523071706,61.9908169942322
P92001,70.50068660109609,63.1513571786247
P92002,71.1566019964924,65.1828195649058
P92003,81.47478833434279,55.7029846065623
P92004,49.311841065043396,45.670966829703005
P92005,95.2819353198072,88.7944261293415
P92006,82.4965707675217,75.1332347040846
P92007,77.1204000752999,62.6530900300582
P92008,55.1945738529014,23.889512436610698
P92010,53.960367489320205,36.4210173276087
P92011,84.6232066828122,58.3045247643584
P92012,74.2442401929613,64.5115216231347
P92014,58.2927738723081,36.9145083735771
P92015,76.95886243247399,67.8363724210345
P92016,68.98778577998101,37.496283773512204
P92017,81.88489185258409,60.6934809741287
P92019,65.0454868419007,50.537265531378495
P92020,82.4776575569848,77.07826658778039
P92021,72.4451934404113,61.9642250527808
P92023,64.2691896395333,45.654269053476696
P92024,84.92123940416289,67.0473457796422
P92026,65.4699728411016,54.106705698186595
P92028,63.249746048226896,50.0045228344115
P92029,50.4063666102762,31.3172105985821
P92030,89.1106793630432,92.5485265413872
P92031,86.60536661069969,81.18978792938229
P92033,68.4436953442774,60.171899603616296
P92034,75.5178387528331,77.2420364212238
P92038,79.9384215155389,75.15773144993861
P92041,77.7411979259955,61.1144315217185
P92042,65.9407636338283,47.3622623897551
P92602,76.64681606349531,72.43197483038631
P92605,43.556114176030604,28.1000188289577
P92607,85.5371361919435,70.4255553596237
P92615,80.6436951568759,79.4961125384499
P92620,64.8257698558116,45.7651327912291
P92621,90.42293013576081,88.4086087094421
P92626,87.5449099839124,64.4298510194065
P92630,71.6093864426029,67.7574017120574
P92633,80.0309200807327,73.1350801540767
P92634,90.82506871208071,86.0526709670285
P92635,78.28814865589851,68.5204324402238
P92637,87.5127247023346,86.1556678554105
P92639,83.9536858714685,71.0190318033202
P92642,90.8530501208607,67.2644921097651
P92646,68.54050484118879,56.43610690824949
P92647,82.9761120280306,80.74682939550651
P92648,88.1093887444377,83.1539169026444
P92651,64.4689736988596,54.740811056240304
P92653,93.1113735607557,82.11158786523079
Y00050,76.61239769313451,75.422479540418
Y02274,61.7111223359113,45.6819573039819
Y02321,63.5386519371254,53.98118636836911
Y02322,68.1734893616636,59.089289601163195
Y02378,69.5888377647141,55.4171179863001
Y02885,72.4488842580138,63.5346118123719
Y02886,63.7715790081358,49.008750973737705
Y07697,,
P81006,63.273959873112396,47.6648582115249
P81031,61.8345559050593,42.901311711450504
P81037,76.9142682525914,53.02281100487561
P81059,66.9601373762345,30.5061622778591
P81077,69.1337238230856,46.6723707370006
P81079,86.3564371990569,81.53062249298429
P81086,70.91682528429361,60.861177456249806
P81087,62.869453539969,39.1156099798812
P81089,68.18222657930511,57.915524413675
P81128,87.1855443233308,83.7238163834673
P81129,77.0802122269771,69.3786957600554
P81133,81.3122213258316,78.7971315148002
P81149,67.7451629071913,53.2146795366524
P81150,70.8533219239866,64.9862113948511
P81157,68.16984811238869,67.5245569723586
P81191,70.24717680426869,64.7056905543795
P81668,72.2676708206932,70.540234676969
P81742,89.5643989678624,81.4149430977739
C85001,54.89739112797481,34.8575238596061
C85003,87.8327069678418,68.6490799234561
C85004,66.3116951472056,52.4559420302017
C85005,38.9573881254244,14.3227405179848
C85006,82.9623196470665,77.9057526550746
C85007,62.4904565780091,49.4304841107583
C85008,76.3074734258937,47.4241240888365
C85009,81.9322789308288,76.1785348070545
C85010,38.8878593821809,10.465786287002201
C85013,60.13942612620669,24.1520321183806
C85014,75.50668747058211,53.325196941458096
C85016,53.5749697347631,30.744700672415597
C85017,51.4683633807837,36.522431932314596
C85018,64.5879151712216,26.561207577845803
C85019,82.8357489796229,59.7829021891931
C85020,40.4624258339231,10.9780549999244
C85022,62.581267813747,34.1070432918887
C85023,54.7644262306351,33.5265282570355
C85024,58.778440027246305,22.714652192721
C85028,78.3576069634521,78.7714425499233
C85030,50.6822342667982,24.968164894348398
C85033,62.6836933210552,39.8274120277377
C85614,97.7689250221268,94.5807720731878
C85619,47.7966412597579,27.341892967867697
C85622,88.34245801032961,81.9653931122113
C85623,97.3338715520562,93.5742596931502
Y00411,36.2955589401945,27.1942216604642
Y04809,80.4487725827397,71.4263642323558
Y05248,62.6018388594638,37.049168133318
Y05363,79.9339085881538,67.7312048224082
Y05364,47.768061985516006,12.0361415106363
C84001,46.4188426159799,15.151644966100699
C84008,84.8630736670157,81.9071557875989
C84013,82.0311215097641,59.780452930699
C84024,52.27171092042659,18.0417416529368
C84035,73.55284005353579,55.9966720877756
C84094,59.0146591112854,27.552469039276602
C84101,96.2645266009588,90.460448899298
C84692,82.61339331173289,81.4198909567108
Y05346,41.714865812330096,26.0502351718435
B84001,58.442183140632295,51.8164102491981
B84003,69.0674209736455,40.0146615476339
B84004,84.5280224516106,73.3306082216953
B84006,60.463416258706104,31.393546689780198
B84007,90.96740626006739,86.2121303801437
B84008,86.9303849326311,53.393176294071196
B84009,73.7863856801125,51.5599932838405
B84010,57.483649464431,37.345252464760996
B84011,68.5878006543054,47.2334118188585
B84012,38.5434603966893,15.2572483287651
B84013,80.4321828408207,69.10018648459109
B84014,83.88509596558879,80.3677294055197
B84016,71.1852897295585,54.0389620482703
B84019,51.7096315571683,47.7169325462231
B84021,55.182228585774894,18.6560415793728
B84612,64.7214757360418,42.608431858170896
B84613,68.89688770076219,66.6706553904977
B84618,66.77376446321061,56.1717543959758
B84623,97.6120850264906,97.7804979187046
Y02572,83.6631927768569,65.2884254621103
C86001,54.5370459057312,26.618397055279903
C86002,60.3637977319905,39.1857767915202
C86003,77.4076159315072,49.9573230375218
C86005,41.1353305885287,16.0082021514434
C86006,91.1496189235809,71.3547565757581
C86007,89.7895479110507,68.6128594593723
C86009,67.7271071284266,45.618443239245096
C86011,65.36008219681119,48.2891854382887
C86012,65.33087578802001,20.4043418243829
C86013,40.392694683681,12.1627763411076
C86015,59.6175168803073,41.8482315054862
C86016,54.44303220437901,27.3245406119943
C86017,86.1022113202269,81.2475597830425
C86018,42.706373782328,12.0295903047963
C86019,73.23696388408611,38.9525311841466
C86020,78.360994288285,53.5769632650789
C86021,63.6112928999779,24.021348269930503
C86023,79.2184059050012,63.0311730570381
C86024,69.6468061693323,21.7353155078204
C86025,70.31516295608921,53.7747492970627
C86026,54.6821107012979,46.9833376371925
C86029,76.2316859815791,64.6881371893385
C86032,66.87847835993381,41.7038102901447
C86033,70.8555595284383,54.150601092096
C86034,54.6715877131652,39.091886863495404
C86037,45.1989713397967,34.4817915480811
C86038,64.6422755710584,40.786817697215696
C86605,33.1844923557683,6.9445418811758906
C86606,71.7607645135556,75.7975433232429
C86609,58.8483482977444,30.003975149873003
C86611,72.2431367611762,68.625664250338
C86614,43.2775955549629,16.1479086805947
C86616,33.5782405809447,12.4988626047738
C86621,65.78387612642341,45.493801251190504
C86625,41.0933376287896,24.0842798553192
C86626,92.2214360977203,89.8451340360815
Y05167,72.9758477458726,56.3986396147415
B81004,73.7359255195803,59.1841428072442
B81006,33.1594879394642,6.1137670005045
B81009,54.356568866700194,17.6332056092727
B81013,67.9818701759631,54.0490478447319
B81024,72.1065666803979,45.822661259808
B81025,57.6836361862007,16.8389797698964
B81029,92.42844569755569,83.9485518631749
B81034,84.8648935230343,75.0854147162707
B81037,65.1061594390757,20.5784521362792
B81041,75.2040802287661,69.1598600595957
B81042,84.0771298858922,68.4751767128612
B81051,79.7635523312009,61.311096486764306
B81061,80.6996380707927,51.7693794824567
B81068,64.1597562391858,42.509239174102895
B81069,76.83172214808481,56.28824015247061
B81082,73.8055330632306,48.427385674157506
B81088,70.7178358969784,44.5976002991984
B81092,60.8313491590041,28.360646551271902
B81100,86.1366237585059,70.2271051081245
B81101,82.7541910484653,63.6205774285717
B81619,46.2077193052487,28.777853572740902
B81653,53.1991190344494,23.126561799449398
B81666,97.0991896257617,98.0164547815033
B81008,49.315847438058405,26.779999628414902
B81011,66.4010044956708,45.3470512446774
B81017,39.2492690670172,28.688783761239
B81018,49.9358552672155,33.5501085186092
B81020,72.7010614780727,46.3969875489233
B81027,68.7712814762007,45.5603864139556
B81032,57.482238163712694,43.687835279801604
B81035,66.55250029557381,38.3023488236432
B81038,59.95018599609529,41.5933239676828
B81040,68.06305006856141,51.8122069314896
B81046,67.4411533997708,55.8615442038715
B81047,79.6650991610716,61.6603842554571
B81048,53.1518638252097,23.3474779097779
B81052,76.88194731001549,71.271698060432
B81054,70.2232501726097,51.24798152339049
B81058,45.7999212977401,35.021443229027795
B81074,51.7798757175552,41.8756020610384
B81075,82.0354140846004,78.4610636479565
B81085,53.216697098951705,19.6028098260486
B81097,45.5128806219563,46.6246321888986
B81104,79.8242771147668,72.5393610095871
B81112,64.5180156463541,50.9862601664465
B81119,54.6544981002661,43.8382167795204
B81616,97.7885403620428,84.9335901923703
B81631,73.7116902557917,74.8899495526146
B81635,85.6608980617423,88.5328995487164
B81645,30.636693869328504,15.2021963968444
B81675,51.8655420613794,25.6668975650641
Y02747,45.963154766091904,25.4492334790002
B81003,56.035699754541504,40.0495262733324
B81012,77.16793591480399,73.8999165864756
B81015,77.6571824757039,66.20284214282741
B81016,58.444226073875406,26.145931765479702
B81030,72.2173793816289,58.4384763280102
B81031,64.0638174309047,53.5824963981824
B81039,60.5105301680943,37.4060842236162
B81087,53.748762417477906,33.212697443510294
B81091,95.8192025735271,95.0262162750803
B81108,66.2373011164662,62.5819126592816
B81606,62.1387642140679,57.2961399495691
B81642,75.2273435936901,70.7473844711885
B81655,92.0262315370497,86.7123528876156
B81656,71.4208169482904,73.4946771772169
B81663,52.61626596711489,56.90048470963029
B81665,72.9376206634113,78.2508589079825
B81697,96.4978408297103,96.4653030549052
Y01948,59.8760466438714,62.8170308736321
Y02684,66.1657756134995,60.708954017305906
B81005,75.693191668935,29.191834735225502
B81007,72.1308018075302,32.9780111811729
B81022,53.3003019418977,20.6310214416494
B81026,63.8316700592171,34.7697689363518
B81043,79.5281735676865,68.4029468677609
B81045,61.2681837389035,33.722495962539
B81063,78.724092888481,62.535620354921996
B81064,77.10473863703609,49.1125635546726
B81065,44.8301814129205,23.7102096226284
B81090,76.73360875795831,60.3837687299132
B81099,73.0508130659735,54.935494315663405
B81109,55.010009666192,28.2957069835792
B81113,85.7068062114426,66.646907445548
B81118,54.816811411632905,48.5373792446367
B81617,52.253479772954606,55.24806819301789
B81628,95.2550417671304,94.4856433258466
B81647,79.4821977442069,56.6079600777474
B81648,93.042846887526,93.8803151168039
Y02787,52.624459901264,35.5461561670891
C87002,62.7888977795045,33.7222761179382
C87003,59.9980096273389,32.270223757124796
C87004,73.4828302688866,67.4202577476942
C87005,81.703819480022,65.8491428968158
C87006,82.8967221957824,75.06330838902831
C87007,66.63594849747871,50.813833553101
C87008,56.309696550795394,33.0652370240726
C87009,66.1012300864748,37.871317661312595
C87010,72.2486827352833,59.5613085706064
C87012,53.26632003167,24.726244852589698
C87013,68.95889359393979,46.0715279240892
C87014,81.08005270398641,66.66261619964901
C87015,64.3461577878445,39.2087654747547
C87016,72.6862082810566,42.9620929003032
C87017,67.0359153699883,49.780127541985806
C87018,54.9784742733522,46.5459548672467
C87020,82.8846563353101,69.4308305629194
C87022,81.0972464421355,67.6153571864661
C87024,46.275537309464696,36.8202255329381
C87029,91.5093838446097,78.1458171785458
C87030,64.8347333834613,51.1061422226849
C87031,90.471187828511,80.0455284389964
C87603,74.45658927551409,71.48854989297399
C87604,79.2120266280937,66.62708005077491
C87608,69.2824325040617,53.1308191560335
C87616,70.344699328085,48.795945285310296
C87620,75.63287346445769,65.259929935597
C87622,74.6195943232585,59.590511039437
C88005,73.19872271735571,36.5976414972169
C88006,94.79870524757989,88.37123111952569
C88007,59.6983903183274,45.001699053092494
C88008,39.583830215140495,16.7676371042758
C88009,54.5769735138408,27.864566138727596
C88010,52.87733183340409,9.961136138979471
C88011,58.639085512989794,44.1700456712472
C88014,87.383212179907,70.2963561954686
C88015,74.6983071832853,54.4937933060172
C88016,70.18626739262271,64.2136399683189
C88018,86.5943478138436,67.8460229509152
C88019,65.6105588437687,48.6200085639382
C88020,67.27922236123351,51.584916385319005
C88021,70.3322183978653,47.2274962801433
C88022,86.6238217752374,75.3251620013227
C88023,52.314357833287495,35.394545449639594
C88025,75.097229267188,43.5409633850887
C88026,70.9417002784148,41.1314238954065
C88027,77.11464566737381,58.528911925930906
C88028,81.0305712994887,63.307074304231506
C88030,59.1217994812838,37.529637125719
C88031,74.991443502261,51.310421185856704
C88032,63.037881350264804,30.511443541070797
C88034,79.68486687991559,58.3156697989205
C88035,67.45057874853791,33.2778717144525
C88036,70.85979214870301,31.6848827712932
C88037,65.1169233776131,46.7132338043676
C88038,66.8871398708995,64.2890849985924
C88039,64.17195719960989,50.4168304243789
C88040,73.8990777432971,59.137191729649395
C88041,78.295560606417,51.0473804467043
C88043,62.6547805494318,30.903806246620302
C88044,85.5549980611961,59.3196204529831
C88045,64.7427330660058,37.084720408075
C88046,72.2593860372291,67.71310853264019
C88047,75.01926679916,54.9621105331718
C88048,70.0993402860732,48.6092211806263
C88049,73.3642451366705,53.5121606889769
C88050,82.52017116927381,62.1304886874005
C88051,50.8466458608309,21.8777114087951
C88052,69.8398877220695,41.570627831887705
C88053,85.411130683822,77.3672792766256
C88054,67.33297910489911,49.6115359237431
C88059,71.6697382359497,57.122612023945194
C88060,62.662622864417905,56.233245377531006
C88062,88.6275177363355,89.7822908357609
C88069,51.9325154511561,27.8536217774694
C88070,59.0545871867514,46.1062430816525
C88072,58.2090300630556,33.4429315022926
C88073,68.3041417935123,52.2222551190484
C88074,74.2161992958328,56.30450549024209
C88076,60.4457935102519,53.966104782552
C88077,76.4229200818215,39.6487578439018
C88078,73.7201295808815,49.3046584408784
C88079,72.6374964246744,48.432933387939904
C88082,72.6713422889984,73.9150181549403
C88083,86.5156971087216,74.3371229606069
C88084,67.18606184693189,60.377178547559296
C88085,63.888798649073095,43.898380244544995
C88086,52.9178536557977,30.330116571936
C88087,60.6671397726579,31.703538303760396
C88088,74.2343840807982,71.7738235455301
C88090,46.845510316768504,11.6179358449729
C88091,53.114853322683494,48.5687976537389
C88092,74.7389111960822,67.7875547727152
C88095,78.5984283580303,69.2684486049507
C88622,85.0408589395301,80.2770085476285
C88627,76.7898365105426,66.3308674603283
C88631,99.0218648214519,97.278791002983
C88647,71.2967801035007,43.2639381912715
C88648,86.0142183816818,56.3339016096432
C88652,84.64319481043199,82.8438856186689
C88655,85.27530933163729,86.6336829738667
Y05349,59.2354697603108,48.7513892053899
B81036,88.8529168655833,69.8697286249201
B82005,57.3053396335102,31.1591258175344
B82021,86.772468099246,76.1153277790953
B82026,52.8741977734424,18.9314122054069
B82047,66.0016996633386,61.3698644029837
B82071,76.729306879114,61.561805273174194
B82080,53.59093207903351,25.9670893567474
B82081,72.0153682945465,52.625688746008
B82083,62.2819468634632,35.9406361007711
B82098,72.9284144134304,51.243916551788104
B82100,76.7697856818286,81.1716752564174
B87001,80.8656888221234,72.1608807436815
B87002,62.2823878535975,39.386129265189105
B87003,83.2788872630924,74.0700682673083
B87004,75.8205956031172,65.9599951183193
B87005,63.4459455970242,43.6543800631291
B87006,51.850893770831,41.9523425621645
B87007,73.48952493797,48.0835491083775
B87008,49.8996657473554,36.082839168804696
B87009,67.6249206273328,44.8780987390128
B87011,67.2158149921676,46.4635605935988
B87012,76.0226851206519,56.921641929062304
B87013,81.9928093744509,71.01910784898901
B87015,53.80090469336199,30.018402971181402
B87016,69.5537902028715,41.5274470257644
B87017,71.7081507788206,44.0444128754778
B87018,73.6241824563853,54.2766261790368
B87019,59.3770214617887,38.553300007741
B87020,77.6360013207103,47.9438438297032
B87021,63.102476482257096,25.9018911200387
B87022,69.6051376152211,59.6143024681749
B87025,68.08548452382121,58.796672151026094
B87026,71.7572729950053,50.368671251671806
B87027,68.64591224275681,47.6908401269378
B87028,72.9166681135846,53.7857219148838
B87030,47.0237388650499,22.5150994103941
B87031,72.9415996477997,57.082059885380296
B87032,87.1989380573998,76.40436147829351
B87033,82.4345186312142,80.79303685879819
B87036,68.5022557792561,64.2432362676971
B87039,41.0981279783757,16.0748496695552
B87042,67.1801681461435,52.5006417717538
B87044,61.579496705381196,49.838136408232394
B87602,86.2091093145799,82.6476378389097
B87604,60.9591148094342,50.0496712458389
C82001,43.636347403535,8.76450959095342
C82002,76.5606819159069,55.8143290365314
C82009,49.061862812192295,28.082518520827797
C82010,48.4358861657861,19.9000500642143
C82013,76.0340310851714,55.541570938818296
C82016,81.21883274308689,73.8669618573774
C82021,30.5820891521786,4.61799096313582
C82022,70.6887486553277,31.1181600601895
C82025,70.4739679768048,60.454746434844395
C82038,61.4288808999326,28.034113095684898
C82039,33.8065036842286,11.1856515096109
C82042,90.3118554939405,78.6694325844712
C82044,74.58868499820571,67.6137400567478
C82048,90.3987622641107,86.6121267830751
C82055,75.8655435872725,53.5039566034192
C82056,75.92406929475301,61.71233535027581
C82066,67.6451598660652,39.4924944557575
C82067,49.141435048979396,13.877303276087499
C82068,86.3590919693408,76.4870213818574
C82071,76.45327763269249,52.4691890176977
C82077,67.9694861277607,53.0795158942117
C82078,58.305505860851206,39.7454955839007
C82079,37.6956030944365,12.9206556656733
C82098,73.95999894671431,50.4909301704529
C82109,82.68402301736471,73.7651158609886
C82112,45.9344188358589,30.7835915406853
C82611,92.61291065127199,89.480936935439
C82631,67.0557842663131,47.895716868348195
C82649,69.33098891249419,64.622357282558
C83653,89.06422453063931,79.0529751446741
Y03584,,
Y05412,,
C82005,58.532728637715806,44.2227978502859
C82008,40.1741093417436,16.5296942809285
C82018,58.5902465562923,32.9666614071486
C82019,59.5844842004824,48.4214243432298
C82020,63.1136680444326,57.81354701271199
C82024,59.4036094899123,36.9174282569613
C82030,55.4182566884056,39.9072748018436
C82031,59.592368583145905,38.8169480196377
C82033,43.5550592421171,26.7439464562133
C82037,61.522104863633196,57.634520744499696
C82046,42.6230039283455,34.4292123493086
C82053,61.208169987302995,38.2707649234422
C82059,59.4277422313712,54.8379972299062
C82060,48.3841190855898,30.856159692838
C82063,48.662252189492996,35.1733022650621
C82073,61.6085330124044,29.2590189790072
C82080,55.9457261182881,37.250370820261
C82084,80.8995175676278,72.6460580603749
C82086,76.1051151551683,59.875723257785296
C82088,65.2447777765332,47.343756437123005
C82092,75.0463404406208,67.9612296865251
C82094,63.7953020535853,51.902900338205505
C82099,41.2649027524985,26.471304155993703
C82100,53.301114510519994,38.1194921511387
C82107,48.229785359091096,33.1652211362712
C82114,82.9406951152939,81.2132067257476
C82116,70.6361716997549,66.5304353787074
C82119,75.0501765549971,70.45236786118349
C82124,75.89433536747589,68.2323257239204
C82610,78.6891456410392,58.7348120702731
C82614,68.318034607388,62.980619999957895
C82620,59.40400470577279,47.9056732973672
C82624,60.7059894257952,39.4204378938565
C82639,59.614524348798604,41.2720179501662
C82642,44.223331667753904,41.358481707119395
C82643,69.91999287794481,39.317434855660096
C82651,65.6327445333456,72.6371924157805
C82653,69.0815511237596,51.925969038920506
C82659,77.4663650260622,63.054924239244905
C82660,55.6603440626158,26.9946310857844
C82662,57.6482598868853,35.2814105069251
C82667,79.0096605926051,75.6014170948928
C82669,57.390228048973604,37.238049995579296
C82670,84.38704222338231,72.2662793375987
C82671,57.41616014089131,63.2569216273858
C82676,68.9332126813043,58.5145053861879
C82680,31.982653441619004,23.817053901511702
Y00137,40.6507750803075,32.1467797886959
Y00344,66.9625933306433,44.8297346351602
Y02469,29.9575305137438,15.639269632582002
Y02686,46.4668918872164,31.1963939633955
C82003,70.2985276148278,46.152097888958195
C82007,59.3891495314789,27.9189690490101
C82011,64.2883487562407,35.2441835839342
C82012,64.9433593847357,49.0107736829548
C82014,82.6026610346924,69.7318289109601
C82017,74.6355723471212,57.594631921359394
C82026,49.1508728971338,28.1404308442385
C82027,44.2249177562071,28.1804199676016
C82028,75.69951467860841,70.179767994048
C82032,40.3705785418793,15.3870772780811
C82034,88.14712893606391,79.7456244097265
C82035,57.4905946225162,42.0769542121896
C82041,56.230656666856106,36.7782700489003
C82043,49.6096666749135,20.2736371630765
C82045,68.873203408786,44.758569192579
C82047,63.26780336099011,49.6282542090319
C82050,51.4047451027932,33.028638768412996
C82051,77.179111992619,62.4478987469123
C82052,72.8874140298467,63.2876584874709
C82054,63.444980212902,33.7523992971268
C82061,68.9806693292771,56.4061480560627
C82062,74.16157498756239,50.7881996980072
C82064,68.2102998902875,37.487344250784396
C82070,49.4725997179021,16.7942280203844
C82072,72.8981310547759,59.0156902345963
C82075,79.4751960432401,61.2756283206693
C82082,76.5415358694425,65.5917819962913
C82091,72.5396597159248,63.1372853574195
C82093,77.7429593255148,55.436924906538195
C82095,61.4295951213253,32.9787017975182
C82096,53.92665023380609,45.080572779204196
C82097,85.5474527779034,83.1114678961631
C82102,96.2523604141569,97.5346666282591
C82103,30.6925941110815,11.0435310616083
C82111,65.1956533235968,69.36410440235939
C82120,81.4757879916533,69.1951605618045
C82121,82.839649574689,58.894690191737595
C82600,88.2738269447055,89.795905474965
C82627,74.4441285182546,79.6584632761952
C82628,73.5059185636842,76.86946326741449
C82634,83.9269328188951,79.46622883192201
C82644,72.5311285532249,49.5504180306833
C82650,88.95544563377639,75.4888543997306
C82656,69.0398916627401,44.8244713541807
C82678,40.189979999144,19.8216246638449
Y00252,95.21391874298611,96.7913220576774
M83001,57.573890992793,33.8344984237032
M83016,77.9161710536717,60.2661929658035
M83033,65.9395951593262,38.7139697157801
M83048,69.0495504849095,54.0232713476487
M83063,86.7072167922637,84.01770083649211
M83107,66.6190359393105,42.088329365567
M83109,82.1464326004311,72.78465759363219
M83129,61.7838468450646,46.6472052214145
M83130,65.8123225202357,47.0105507760664
M83139,70.6770989452849,66.0724421352572
M83608,80.4364314398006,67.8381002828681
M83616,63.1363613036535,52.2622372187013
M83637,61.350697582610906,61.21805317926599
M83638,89.5120491507141,70.8712746208268
M83698,67.6656853368457,60.3834294679263
M83703,90.4886677451886,69.919637333393
M83717,78.0308333209572,67.0617898277944
M83719,61.206839488500094,62.7689038356106
M83727,64.5396537183658,56.2012024085674
M83738,91.2852204586892,84.4839707838151
Y02354,57.3949057327488,29.900907581141702
Y02594,63.3728266602629,41.7638126582281
C81018,61.14955204568741,46.4235451418316
M83010,21.3822666428647,7.500602172318301
M83013,84.53241762252121,73.27710168891511
M83026,56.731348665770895,31.420312619221303
M83027,31.6816651098866,10.9699880101744
M83035,82.8147247223916,61.6546206706186
M83037,47.9796972817437,24.9696446696646
M83042,74.1669730790207,44.974868421645795
M83051,61.3156964231527,24.980737311384498
M83059,95.0492280269761,88.3017219560164
M83065,80.5090869631377,74.8141233484638
M83073,74.5248565827908,53.2848403884759
M83074,93.1727136334777,90.2507561448509
M83641,70.6695188648274,79.650696449139
M83680,90.1406971273463,89.4529389030959
M83681,58.7187722735426,41.928382450033205
M83718,92.1327839280033,91.88212013179509
Y00078,83.5675600153275,80.5076148577466
M83005,68.7849555106648,72.1273672320659
M83007,62.279756171349696,41.9884467366305
M83011,80.15826347263881,41.6231889987482
M83012,85.34476060438429,74.7069944374741
M83015,90.0449120344731,83.17734295878721
M83017,87.01904176842,91.23784227916009
M83023,75.8277591237502,57.4985883239572
M83025,76.5974474671736,66.362280442609
M83034,83.01931043806809,49.0416446608986
M83046,66.0879075137688,44.2124355035453
M83054,85.7389444767544,58.14480160975
M83056,75.0892037942656,65.0584668041023
M83067,84.6536764230912,68.1326464050053
M83071,69.0570680559119,55.911105435647
M83079,87.52683122278569,77.6652258699994
M83084,81.1334895202115,69.0068501553356
M83089,73.81178355118661,55.9488697852636
M83096,64.9226135957662,55.697073926892905
M83103,77.53688951061139,66.7867598305426
M83108,80.1337025969844,77.6764894280205
M83121,79.3891572860366,66.8717037492357
M83122,92.7848341074844,94.9278239569721
M83140,90.0134553116781,75.6569193187258
M83141,83.43610621706759,62.782749908925894
M83640,97.14400030668881,93.5077850228392
M83670,79.7088219646743,71.8048466100223
M83691,89.6858496483447,96.7294219891938
M83697,81.220709703598,81.4561271371276
M83701,83.00707823273021,85.1393229148722
M83723,60.143400014793,43.630966037255696
M83006,45.120427551327005,13.4098042670488
M83018,60.51884123626869,40.436238153341705
M83030,48.2264129835307,23.5157973717316
M83031,72.3004575582906,50.9798228445979
M83032,55.330555212833396,27.5758985879699
M83062,36.8527026738553,23.8471513513225
M83072,76.2701856034676,56.545339418236296
M83088,70.1448485582232,33.0626124326308
M83093,69.1795912525388,39.6604000553318
M83097,77.7850878726327,71.3401906202705
M83110,41.771056765838196,19.7484438925194
M83111,78.2790366786894,66.9891403780312
M83113,66.207722169139,58.74636551096
M83117,67.6454616090753,54.365304808387904
M83125,85.33675767135989,83.0029273272072
M83132,80.4385192455729,66.25929255978829
M83148,55.219430402657196,45.888820691084696
M83617,67.1198104257455,39.1932268025783
M83668,64.7101287963381,44.5628448400905
M83693,58.573687656116505,56.8675540632235
M83715,87.2502102379905,83.5273766514327
Y02414,58.709871402677905,52.656109148740505
M83009,63.898038497391795,32.1823459865198
M83020,76.4709894533728,45.881273834813605
M83022,61.7945105728651,47.7689054032262
M83024,74.45715198869681,57.7649897288794
M83036,69.5113173955831,59.838061967215495
M83044,63.1525216940093,30.8221111004962
M83045,46.6789306248595,17.1350490589608
M83049,47.7267368018011,29.454992348783698
M83050,57.639181340099995,29.299848225893697
M83052,84.5391333050324,61.809913196788
M83057,76.67223264850679,53.9771993763851
M83069,73.0436067232865,40.8011146704655
M83070,81.4727683913234,60.9195402472692
M83092,87.7866380246799,73.3459969836718
M83004,71.5502006868144,47.5835051935856
M83014,75.3210907965566,40.8804818398962
M83021,65.437228302825,33.1882714041779
M83028,42.461905951892795,28.6489058439506
M83038,75.2046806411353,71.00101766221471
M83047,59.9409496594693,51.1688869594618
M83061,89.8848772616191,89.8018089070756
M83066,74.0724043747637,61.6491687247009
M83068,83.6810125099273,60.6703968947937
M83075,82.7440491296958,53.049729089422
M83076,57.3076391571829,43.4834904842099
M83090,79.2106352000411,67.0978038965026
M83094,65.7851644925033,39.7700461014642
M83100,90.9708190164913,89.9905922737654
M83102,86.7526755195176,84.8957031670531
M83123,90.6811532369998,84.25105249668489
M83126,92.06144869608251,84.5982231015928
M83127,50.7215043033861,36.589772418395
M83138,94.3177621169675,88.7821166646153
M83143,95.7087653604107,93.05271989421689
M83146,64.22808111409259,17.544679648342303
M83601,73.8389546997832,49.0211895491769
M83619,95.26273699232411,89.74185275529099
M83624,95.06522832460989,87.7944997355942
M83625,69.2110943183421,45.4514241162283
M83627,57.6875743489793,46.1236390498293
M83632,78.29154509834831,75.0023944442072
M83650,83.4921022250858,57.9529753308165
M83661,62.0176884175287,43.0526315927369
M83682,71.78521200485571,43.1958388506767
M83709,90.2364235761676,85.047987900652
M83711,87.3349401021316,83.62126476127911
M83713,82.3895428527822,83.06612315666611
M83725,85.2555667906008,84.58558713874609
Y02521,50.190981300890606,21.7985472341565
Y02867,71.7194655490312,68.062872430043
D81001,87.40459245633751,75.1516168981848
D81002,82.8666063344352,56.4340054990143
D81003,74.0652137859483,61.0046743118725
D81004,87.69965952230599,80.6185121461993
D81005,87.963890888986,88.2299743293936
D81008,58.4114412326981,37.445863373757
D81010,60.9315087674149,29.9001729881054
D81011,57.3137359338574,22.8389355454908
D81012,66.7605041295121,46.0736923245352
D81013,70.3126602402267,41.5833181882616
D81014,73.4370400077403,58.2782426955049
D81015,51.1871520027911,34.4116197993538
D81016,71.9291109923567,67.7338501202856
D81017,67.987756901011,56.016316560258
D81018,49.0509789141148,19.0595012994815
D81021,83.7242041433117,57.54359107407559
D81022,43.7087177474768,30.448913654607203
D81023,61.7424520888723,40.883104166096004
D81025,47.4772718417569,22.042422632059598
D81026,65.0856582064622,37.7408606240104
D81027,68.5306137938214,44.4432652957839
D81028,59.971859843516796,31.8126108480159
D81029,60.164669144024295,39.6485832605241
D81030,59.586735527866594,27.341432345816802
D81031,77.0894358714981,78.5802633788893
D81033,89.1186103376828,85.1033859065408
D81034,74.9545437649467,36.4294434196231
D81035,66.2948620701305,40.6972552520416
D81036,44.9193262535617,29.851202484742302
D81037,70.9068286736381,82.29799928498231
D81038,82.9449213857892,81.7206656837185
D81041,96.423675248066,87.5534686280476
D81042,58.8268729470974,37.3848570848565
D81043,62.259337208942,50.2323519062424
D81044,56.984691141587795,27.508955028336203
D81045,73.8030525626428,52.9790144937732
D81046,37.269244820321404,16.0967649668981
D81049,79.1688616151543,52.906306338714906
D81050,74.3913071168884,58.5523700648225
D81051,89.2419294869421,84.0223240202783
D81052,59.174062677204695,39.2235937769834
D81054,73.9163657466834,49.2185504921557
D81055,82.8460623544085,63.839483993286606
D81056,77.9648402350846,63.6380792077554
D81057,44.3585388066134,15.2219916922692
D81058,75.5613102110884,58.8375944377956
D81059,84.64421168101491,55.8492814281199
D81060,91.6830816366102,82.8657095150837
D81061,60.964097112632,26.2196356159103
D81062,78.2980178250763,61.343642604293905
D81064,75.696634596938,49.9106069477253
D81065,42.5106196647788,14.866475004177198
D81066,84.3948193946499,68.3648745570997
D81070,78.4479587458019,68.5653739821088
D81073,56.502077734295696,50.302316181157906
D81078,78.2467207347221,64.5063457709034
D81081,95.0577394628459,91.30073050330229
D81082,83.78643657760489,62.568472413931
D81084,72.32666641910221,50.3928038881157
D81085,74.2023842508521,54.6153949707745
D81086,68.5415689266283,55.4064438688185
D81602,60.428693627519806,59.8258752138268
D81603,50.0244882118811,33.1965433104226
D81606,56.0144051421517,40.0316443365973
D81607,82.723564976647,77.042306580896
D81611,66.3878911240012,54.1028336415787
D81612,65.3295573323632,52.0336412256852
D81615,49.9825592402848,46.0522618260587
D81618,62.4874445852424,31.153900574660497
D81622,83.6657639001164,79.06444483457071
D81625,60.3988893659458,35.2436840143616
D81629,54.1229806194129,26.792965121558797
D81630,64.80414030474529,43.0506970236924
D81631,63.5559271259568,42.9120218770356
D81633,73.6934780434168,48.2834277988624
D81637,67.2225582212897,37.726747138066
D81645,62.931565570273996,38.9461515360169
E82132,61.5639328640829,51.669134744839894
K83017,85.07459342787081,87.7511175169238
Y00056,93.9381638028321,93.6758221488031
Y00185,83.71384066849559,72.6419925510169
Y00486,36.2358823572241,22.1889381195438
Y02769,69.7340039589816,60.808014188064796
Y07025,38.4358155270906,4.07506255810962
Y07057,41.5312186052432,21.7120461816823
Y07059,40.6523319271801,12.979822543674699
Y07060,39.8834610735009,15.071733868290698
D81047,48.1981438241246,27.9902853340285
E82002,53.060752041963596,29.9991528265428
E82005,44.599288801297895,12.7990657329966
E82006,62.1825994847668,64.78111597117329
E82007,64.4342563404545,50.50617474732741
E82008,61.944702128141,45.6773720516329
E82018,66.824038856299,35.999963987258795
E82019,71.68480118228811,52.212829077718204
E82021,91.7232138783136,92.5380529224375
E82023,70.1630698399189,38.842711877654004
E82024,60.6494453496596,24.7348261080909
E82035,60.972772083026506,32.1771682012497
E82038,79.6897528573833,63.3476201760262
E82040,49.6543244468989,28.491231491815
E82041,65.334769856338,38.5399440629946
E82042,57.9212707077336,33.8022471953677
E82044,67.0172561496055,35.2315368423611
E82053,59.737399167793,24.7508148747023
E82056,64.12602496873,43.9417986416508
E82058,85.5700912720537,79.59830966347799
E82061,85.3774850386465,77.4295342434243
E82062,78.7644670018003,48.9542389289613
E82063,68.76845971648629,54.7875192990776
E82067,60.3525610590928,37.9999102470617
E82074,72.25053244799639,39.2340412572932
E82075,64.7417754207792,35.3612633694804
E82079,61.325098195493496,55.744006583528204
E82081,66.96244770734509,44.913593326531796
E82082,74.0254185873646,51.007424562988604
E82086,53.4874835413509,43.5987995090133
E82088,56.7950847416679,38.2924094788838
E82090,47.0754907568025,29.854332591570298
E82092,90.0677822396618,63.33006817225319
E82093,57.5912663661275,34.4909357307806
E82099,60.24377665146719,32.590934672222
E82100,72.58879467745871,69.4061395379687
E82102,57.092855370430094,29.8018734454821
E82104,67.4750850496832,51.094551469756
E82111,85.4270365876426,80.33353828091
E82115,44.2231511649544,21.164252817933
E82121,93.5001904214456,93.9379624248584
E82123,55.0818475900708,24.197052379588598
E82133,63.8887535068557,32.6051139483737
E82626,56.2333576630953,67.252285361976
E82638,37.9438312119708,17.008018437959098
E82654,79.61607286654771,57.940797504781706
E82661,46.7476210477573,33.263662623128695
Y02639,63.24173288084361,58.071188796685
Y06095,,
D83001,68.9845339158316,48.8618094391897
D83004,59.1070589637933,38.2814654972308
D83006,86.52326983986181,91.9359101331429
D83008,56.7309060882771,34.0921369633747
D83015,76.8095963498368,56.849862074762704
D83017,59.7401797766824,17.1455971494547
D83019,90.6109461451365,91.0969872832724
D83020,70.6274912929748,57.08455251126791
D83024,87.0706504124536,68.5592366323239
D83026,62.391452833846294,44.7082587875119
D83028,85.1030235581517,73.5878194877746
D83037,89.4242740003079,76.9534656411486
D83041,85.85084790693061,78.011559746402
D83043,90.70351813902239,82.85728158284181
D83044,86.7514671909998,69.1339583382355
D83046,63.518791751341794,32.0155804829025
D83048,83.5401248911726,51.4616997899672
D83049,87.14483565911631,77.51117373587981
D83050,53.2829758466294,15.446933230075699
D83051,69.7839840371335,48.1378883358648
D83053,77.6287722348743,71.0744804564777
D83054,78.41439504188979,71.7915315352471
D83056,83.7315629667106,66.78534992952599
D83057,83.0493952921544,76.6820788403393
D83059,70.8542503775545,66.1062465042361
D83061,96.0300435409299,96.0653411665232
D83069,84.4525717426126,91.59153439348519
D83073,71.78318377893011,71.5198876918253
D83074,70.0599324398421,57.4212572994484
D83079,66.6772013308666,52.5226684460102
D83080,75.0981738223849,46.172196097541104
D83081,85.1050932130233,61.8875330630649
D83084,61.31622475014999,24.2428867496766
Y01794,53.9616547962423,25.110359204664302
Y06499,27.5548561004075,26.4966231011407
E82001,79.597944845462,44.0767980685149
E82004,37.3718908643987,27.0267473333484
E82009,56.3504175361267,35.2942438503195
E82012,60.519823088067405,41.5647911585675
E82013,67.2626395209374,50.6865400339503
E82014,63.4944318545412,40.3260302395259
E82015,48.3928177648814,30.090121475342702
E82017,71.95659717230531,51.338684577134295
E82020,68.89790861303709,63.3196163892649
E82022,76.5605937802968,49.794157172587
E82027,64.723041272735,25.414354858301603
E82031,72.9486864039252,40.637570521594704
E82032,43.483543015207196,23.6424612487899
E82037,68.87778391987929,54.6713539148169
E82043,75.0766060594226,41.5129683000334
E82045,59.39744533263131,41.4674241185608
E82046,69.3901596316563,26.511824049230597
E82049,78.2066958938955,82.5903656921915
E82050,71.23114736599831,68.4060537081537
E82051,49.734312157681096,28.791952817853
E82055,72.2690540622294,55.5618549597791
E82059,76.4392445641859,77.074580627591
E82060,60.4849935929981,42.0581142422511
E82064,92.9094123799464,80.3302084994025
E82066,82.99739104497719,84.726139891414
E82068,50.1585902412549,37.989847946168496
E82069,88.5331271619216,77.5467934181619
E82070,29.099828819791902,19.8784372606958
E82071,83.70837728323511,45.6088988093855
E82073,66.157701341587,39.896274820617
E82077,43.2948693415221,14.2124449566082
E82078,58.620909576566106,40.5741705102116
E82083,79.4911680398846,71.313304452476
E82084,75.7827479066689,59.6619303832245
E82085,78.9736394531806,73.2319355248921
E82091,57.835845300098,13.9222415087816
E82094,80.3684606993251,68.5189941106728
E82096,61.5072425053148,41.897479281833
E82098,66.18469376073371,49.4324706913633
E82105,76.4734187706876,76.48863658652711
E82106,66.99742387555641,50.7672183452085
E82107,84.5884652401902,78.1733739283019
E82113,78.2881584180798,79.799759015392
E82117,50.5284765906828,23.0511232562554
E82124,82.4530178222153,67.7135491528971
E82129,73.5480903668054,67.8296827754943
E82640,69.97105037761861,44.08957772683
E82643,89.1242278509629,88.93909088815019
E82652,86.9405043312276,75.6784815386083
E82655,69.79991942441261,50.1633664810208
E82657,77.65329184603989,64.7270680668885
F81011,70.26541210625899,50.719663103866196
F81014,44.0182450945625,19.039287423275
F81020,99.4855572028558,94.4745233075364
F81022,56.374758346448594,14.8109346023646
F81030,72.2418113651027,38.3087664235162
F81040,88.0607696823369,79.8510365842225
F81057,86.8281661088946,70.74609101195169
F81068,76.0384954448521,37.074042152264504
F81071,74.0761814733405,37.8150398619932
F81076,64.37355459060909,57.2781052892139
F81083,65.7473415019512,46.3433176348074
F81087,55.466345248743195,19.1657783045206
F81098,52.9428201016543,16.0565425823987
F81099,53.015265471277296,12.3312700207134
F81100,39.965755195309,21.0926168191991
F81105,75.3833219619923,39.6178391385512
F81114,75.1610375860571,43.346990566139496
F81117,52.25137289364889,31.708563227999097
F81119,56.517570282428196,39.3128470658893
F81122,63.196189334201506,29.3598576326542
F81126,65.6246001280598,42.9383233550875
F81130,81.7182218915798,65.0916317612466
F81132,40.137855471201,20.1150271549911
F81149,77.9785732413162,47.0452212273769
F81170,61.1163623921963,27.1481230222068
F81173,66.52894057779069,33.7613947676702
F81183,95.329032488879,87.3376463315646
F81193,72.2573115354078,56.485709360025005
F81635,55.8973745645754,47.3278585189735
F81665,71.932715681907,64.5349902337538
F81674,83.1387648801308,73.6654150542985
F81683,84.1272800849827,64.532174584411
F81730,84.57469960374449,79.1553746601552
F81751,60.542313071200006,38.7787837042473
Y00293,61.8408391372542,51.3735897553598
Y02611,76.547869504668,49.4324715283386
Y05023,66.67324242137,47.7940693264175
Y06389,,
F81012,65.7886179597987,26.715261955354002
F81017,59.2045642078544,36.0172656381649
F81019,39.872336072055596,16.3664813458137
F81021,84.33281783498781,75.3694534739268
F81026,76.1595228328514,55.433236857282395
F81028,57.573620937917305,28.3504261946261
F81037,79.1647619249337,63.0304630593836
F81042,86.22098962489581,73.669257495979
F81044,76.01558237345691,64.0093392919545
F81052,85.12853218399759,75.1712056517139
F81067,41.6379500129988,15.7181814821814
F81069,55.9661804846868,47.2275163923304
F81091,64.5770271880976,38.8039512124574
F81095,60.9316649611345,32.3179801617447
F81115,54.723029626047705,28.355868950776
F81116,68.03745415190299,62.8118590315889
F81133,49.3747464283981,20.397517450311202
F81141,67.3854346195669,66.6733116524252
F81156,74.4073480904746,39.9180698737218
F81212,46.572927360480996,27.022995330684402
F81213,67.972344755701,53.8375270530592
F81221,58.8473981046008,40.8186477454365
F81606,88.155864683834,89.3432294008152
F81633,91.34620544987851,86.6485464638411
F81636,80.5469052451472,47.043045820803805
F81679,75.7096838867443,42.2668692793436
F81681,62.341653125819995,36.7993574634536
F81716,73.92470833860631,52.217981776601896
F81741,48.323394940235,13.1305967331205
F81746,67.6361491022591,54.7061468097239
F81757,64.0262322738369,56.1842523651242
Y02646,44.9998284766786,31.4376002480603
F81010,53.843404049473996,37.2586880608064
F81082,57.4530654578823,35.9732764817046
F81088,68.2322665708779,56.920726402167496
F81110,35.288387629342296,14.793922389542299
F81113,33.248178043237594,16.2311339897656
F81134,46.9461501570274,36.9759972251077
F81137,64.8057866577691,50.90895579032521
F81153,59.65392854468659,35.642896661103904
F81155,48.3723273182978,24.4465424373259
F81177,70.6518426950007,56.649212183804096
F81192,66.2430755076828,44.676831068929204
F81197,50.7133828040169,25.4262186137644
F81198,74.8524219827639,57.06753255995179
F81206,68.7163701184205,39.4720252121289
F81211,78.0056581326278,67.8736280334009
F81219,89.2096089060172,87.91897256426479
F81623,68.96798301992479,56.6973441757877
F81632,72.3630519524314,62.148745208191706
F81641,65.61866305258191,61.6651142435784
F81652,73.7749301859341,57.809297587714006
F81669,49.2481698731185,27.8430226521531
F81697,93.7537671511467,95.99963726375191
F81708,77.8004276871692,59.940577528481995
Y00033,50.7708185429774,21.7269702128577
Y00999,66.5512240159019,52.683590239023204
Y02807,54.84403483664239,36.9394511026402
F81004,49.967003425377996,39.3077818603841
F81009,55.4746069553984,31.5221648611271
F81015,49.3426947233369,22.3865860855889
F81027,37.5430712271139,16.6945181007912
F81034,86.6728220739833,81.3542452623779
F81043,48.5913631729739,11.3020083214445
F81047,58.581951400112295,44.0989030529485
F81048,39.7761553727908,14.789580702056401
F81049,81.2290015482212,49.4014807034954
F81053,81.9840212032131,69.8312842841363
F81056,84.1847943263137,66.23995109998721
F81062,45.803547492975,28.187102476727897
F81072,65.5595265548822,35.9487101325366
F81078,65.7273775340781,24.5010078978165
F81090,50.6227139846192,29.5685891879333
F81106,69.7701005526892,58.98909387143691
F81111,97.16232212394719,91.950518417292
F81118,65.7608159137974,29.4875866269382
F81120,50.9540448982472,34.4137943046255
F81131,73.4375157457666,65.1127171363063
F81136,67.3989733542785,54.061968870973296
F81152,70.1144020915938,37.1461470805747
F81165,83.92204190327121,69.2230659719101
F81169,72.2050641883895,49.4625237334942
F81181,25.6673015162172,13.8251669848037
F81184,62.6848592654924,39.567086739047
F81216,73.31977304830521,62.8294367857828
F81619,75.9963689180977,73.03379845104439
F81725,66.5217662159155,71.048895845001
F81749,84.3315180625411,64.9844134157224
Y07016,,
D83003,78.0158824661359,83.0987835180832
D83005,71.2826865685092,60.89392703699959
D83007,85.1562413513937,72.996094321572
D83012,59.624335262894505,52.2996131236937
D83013,74.4819906602146,53.057510621699
D83014,66.7359954737762,35.044727295163405
D83018,71.0972880468079,38.7275670181919
D83021,64.8996643688581,33.5299858794368
D83027,75.0312382989722,58.8474012964055
D83029,74.3972937710256,73.2884290321454
D83033,83.5567579946935,54.6737257353622
D83038,78.2967132539172,45.3193003869652
D83040,86.46889337081541,84.172904806826
D83045,87.7999537283727,80.3786829931659
D83055,66.71809072981951,27.9980043009173
D83060,65.4994552433097,41.0143546482882
D83062,76.6349619004415,54.0454113012389
D83064,70.4372588118941,57.7457179764149
D83067,79.6576228513585,72.79558041902831
D83070,73.4408609993842,69.5363509787743
D83075,83.147672030327,60.2747642240907
D83076,78.23493942299649,68.4730054768071
D83078,64.5737203886209,52.828281763611194
D83610,77.3905839238899,62.9671464896425
Y00774,77.785956609379,62.384397642892196
G81001,70.9880761945105,54.012198010675505
G81006,56.25692658095049,44.2491847778793
G81011,60.99702378616,31.7440791377074
G81014,71.60815703631151,73.6262758649313
G81018,81.0469116781791,50.087678339098694
G81028,53.491919081504705,18.804413452099
G81034,81.867059638116,55.3469325245455
G81036,75.5408254461388,56.3172606749889
G81038,85.6269301562716,68.6874756549009
G81042,62.7067787359001,46.2900098715308
G81044,84.4316796148585,81.21034081372281
G81046,58.41208889769,31.0089157818718
G81047,77.3759141030966,57.4926630775455
G81054,90.4750755594694,77.90094454614061
G81065,64.0638633561765,47.9277988434943
G81070,78.7240574025732,52.6428250176462
G81071,63.428735074842,56.43741477920759
G81073,66.6778038655759,39.850136928801696
G81075,26.424039565699797,11.3196710672206
G81076,83.4465533848633,74.5928991692401
G81083,75.3885794519981,57.998394652471596
G81613,51.659600331174104,27.2908357549069
G81638,60.35882353542979,30.7562152711633
G81646,83.3687359281338,91.88424448385089
G81656,95.1070894700927,87.8595617170719
G81663,81.6158038953939,71.77081828706831
G81669,75.591367807891,71.7343791901188
G81689,88.9900731039113,85.4311965152035
G81694,75.7647193519458,80.2747391931811
Y02676,59.7080815482179,42.1295742597884
Y06007,58.8974299373486,41.0744433970823
K84001,84.3206293914501,72.2134077649398
K84002,47.0416816368244,18.2301386421043
K84003,85.3709192790209,92.0265206006321
K84004,74.63898773285041,74.4181370917582
K84006,81.8650244232503,56.6016288153389
K84007,75.3933594586192,75.5490056063752
K84008,89.368601382042,88.5037507170516
K84009,76.7146860259255,49.4353175073224
K84010,63.0057566670356,53.457285354366405
K84011,62.8786847877263,65.73106304701571
K84013,75.7060668543822,68.8218290528219
K84014,85.7344056836194,88.4539580486323
K84015,99.2494770421894,97.5138075911745
K84016,92.1938761521941,80.2571113860642
K84017,70.3546058923682,52.2595125514481
K84019,34.691205591609,20.8575866089093
K84020,85.2507862160511,86.7328998961691
K84021,90.6512268279383,86.23252320236729
K84023,99.4996588228959,95.0170849486272
K84024,57.142754014095296,37.2887572876458
K84025,71.2998651197906,84.4066546334584
K84026,94.8243409399377,93.2804460139875
K84027,60.7337346764235,43.4426659896657
K84028,49.230342106459005,24.8785999000507
K84030,67.4857669494493,55.184069172825
K84031,68.045731012959,53.2639756726052
K84032,77.6566861459615,65.1363998451169
K84033,64.0079786128265,27.6404589992142
K84034,79.3677841740385,71.5830160636262
K84035,87.5959735103222,87.1686165245314
K84036,86.541165860723,80.22053488471799
K84037,83.01223439949949,79.2202536983694
K84038,47.4014434011982,13.0974406409829
K84041,76.9675266201442,54.418268669637904
K84042,71.8301998016908,58.258118542235906
K84043,59.4806993065619,26.621615446270102
K84044,91.118799012573,68.3791719164517
K84045,74.32075885544161,64.8840420189746
K84046,96.7150509622423,98.80918818211259
K84047,84.7112301269143,87.9408920055939
K84048,83.18804270547679,72.4071299112664
K84049,81.8306925736299,77.4537047154194
K84050,79.9538033157646,74.448621961754
K84051,68.5828475550455,47.4911068105124
K84052,82.1813020748121,65.4306973480579
K84054,86.2845841480092,61.573401346134105
K84055,58.760746569342004,28.141059506335196
K84056,96.8320882582993,95.1399140332172
K84058,87.7528363889971,74.7081490512402
K84059,68.8018594500439,46.7943603453555
K84060,84.6461935649386,75.0982528548831
K84062,82.2547789710877,70.9436538756391
K84063,85.4242831643792,83.2298338642253
K84065,96.4878405838459,99.6356564021749
K84066,88.585082319064,88.585082319064
K84071,74.7831965949189,60.373527113011704
K84072,72.6969388344895,54.6684982749977
K84075,60.3946448090231,33.8738541166222
K84078,92.3403785227553,98.5129309015955
K84079,69.5136370733736,48.210550343312704
K84080,87.852892924977,86.9267966990684
K84082,73.1198256178819,36.0816175762518
K84605,96.0074505319375,95.40928066034911
K84610,71.4754710814355,57.285405203122
K84613,53.2445934740103,43.521473345745
K84618,83.52745776478649,80.981437047436
K84624,60.2010358754789,41.6039703525191
J82028,48.696918068787596,25.944401706405902
J82055,46.2561370950911,31.5696667070194
J82060,53.375112885119904,32.8017740229694
J82073,61.05957256475511,47.2162380771567
J82085,51.0103262896509,35.2913103752676
J82102,72.602759338567,50.573222750464595
J82149,62.272913041946595,41.7790601762487
J82155,42.2192809014536,30.5623751787229
J82194,75.8369673392567,56.021384485603996
J82199,72.6314934779255,62.636576506012695
Y02526,,
J81002,83.43848797400561,71.8730189547231
J81003,,
J81006,53.6254128750948,22.1484446284901
J81009,60.2187230096944,38.116956638674296
J81010,85.333151106672,82.1747330801901
J81011,85.2314153714109,61.4618782876528
J81012,69.34077277041139,42.9682412268841
J81013,87.9385259351797,80.8849050991846
J81014,78.4553241499955,64.5427996106218
J81016,94.5266426246439,90.598255604258
J81017,93.23737367045611,93.8750269660133
J81018,84.9490551753882,64.46443819838001
J81019,66.0197024405106,24.9981905865514
J81020,95.4220640535134,95.0211594608329
J81021,72.3940733987015,43.454706976340205
J81022,67.70254211092231,46.934069263781
J81025,61.3577186546862,53.8335696898425
J81027,91.38003866397389,84.1310029482561
J81028,74.7927057429949,43.3911376780123
J81029,81.6687718303536,76.7426994416909
J81030,88.27253434501911,83.7491470391152
J81033,58.857182478534,31.7911356834098
J81034,77.2212689577329,48.776381482458596
J81035,95.700578178164,98.42912812972749
J81036,78.5381419520106,67.2360993939738
J81039,83.0874558653256,74.2766993249954
J81041,84.4426391895137,66.50005325280151
J81042,65.30709542201059,52.9430648897938
J81045,69.6801395291758,52.8100753177725
J81046,84.3480290776167,78.2305952602908
J81047,81.0845724258817,66.0793230937614
J81049,68.551148625978,48.1856595748834
J81051,43.697905627901,20.5920190802869
J81053,94.6713053981879,96.4817844370286
J81056,63.9684536635465,15.8567732759604
J81057,68.4854623313491,61.797865811151
J81058,91.6475831668728,81.3706011967143
J81059,57.373768622537,38.269195093075794
J81061,80.8804955833642,62.273898058868504
J81062,86.8106958571279,68.9992482918528
J81064,88.60194295479519,75.2138310097663
J81066,96.0146303131514,94.1950184666341
J81067,75.9781104562922,53.6192127513167
J81068,67.6482557198095,49.0343245041252
J81070,73.4099286051794,53.5621411725851
J81072,79.2426644356237,74.2421390048226
J81073,79.6827579002956,72.347038182347
J81074,67.8098664683267,66.1296736196361
J81075,73.30905720547331,70.230304408331
J81076,63.62642928169821,33.2757260789094
J81077,74.9422755935207,57.5263678819659
J81078,89.47323138383611,76.99653044011269
J81081,64.4031654933266,52.6225978579294
J81082,91.40151738604581,90.2553335130237
J81086,75.8252273211767,80.7257203910559
J81087,83.33145864927451,73.3224054705707
J81609,91.714481191378,90.0460517958649
J81612,98.5960606996715,97.4195882376672
J81613,84.9254081377402,65.055745954854
J81616,97.87062585017931,97.4440945382134
J81620,71.9425977256592,51.112243479056794
J81621,83.3732457632109,80.7871079100111
J81625,50.655177040077405,39.0812646828156
J81626,92.4401735861788,95.7846731096365
J81631,80.4685646277065,80.6846409673264
J81633,50.594162217191595,31.2176029967498
J81634,65.2486573872131,45.0591135661347
J81644,68.9861211488213,53.71249519983709
J81646,67.3180018517519,51.649604826654404
J81647,80.4209853236445,72.6463229648143
J81648,90.0378657890246,75.7307936795205
L84003,91.584091662818,86.1069311212034
L84004,88.3283010897155,82.8498442520266
L84005,95.5761993265934,94.5024431432017
L84006,89.17250984335429,96.4092856042101
L84007,81.7093015204953,70.328980534915
L84008,71.0217375714121,53.3119972014369
L84009,73.9749956122333,50.42757942873139
L84010,66.7773721171556,41.2148662043006
L84011,77.8313609336147,60.5923107552934
L84012,69.6040369999745,56.24658727367991
L84014,67.89985496064361,57.955653979413505
L84015,75.3115458524219,60.628926720040496
L84016,93.3808065227183,97.77187942123861
L84018,62.418138421998805,38.6217872236926
L84021,82.5414623199883,63.1465169124203
L84022,61.8347419794788,50.793190360627406
L84023,79.9528917288475,61.037948679277996
L84024,82.7184981490005,71.0217559009832
L84025,73.3789516543093,87.3296467052152
L84026,54.432386875483395,28.6204413464014
L84027,83.9788000830529,82.0983937899708
L84028,70.56787213057,53.140625866381995
L84029,79.6783769495508,85.5636953657738
L84030,84.14363723642289,78.4696990941451
L84031,76.9812976876468,71.4360945463692
L84033,66.50126849609241,37.2307440844421
L84034,50.734136831940205,47.0110842603187
L84036,78.6068513982028,61.8215204707912
L84037,77.5524219696845,69.8542582542186
L84038,84.4610883805581,81.26910501541809
L84039,91.5404591498535,89.1648539750736
L84040,62.3764677677492,20.60480596167
L84041,84.224156832695,74.133028307869
L84043,77.9558009465599,73.0732798232157
L84045,74.85187965992,42.9021532150367
L84046,63.9232257001604,29.811217187102702
L84047,71.5709078732374,43.7279871741058
L84048,53.785906240110506,35.839706405182795
L84049,84.8709682287676,78.5267152044291
L84050,52.301397075497405,22.1126072434141
L84051,93.1707044633789,94.9812104660953
L84052,74.8770760483724,50.17240913261251
L84053,78.5573059975711,53.1169162222688
L84054,89.7545410321747,83.9474837998072
L84058,51.1883104575682,38.866614733932806
L84059,87.9789460525946,69.78354806721269
L84060,74.7473791613033,57.646278473241495
L84063,91.3420574839868,94.6532337775329
L84065,83.8562889368196,79.8341154792525
L84067,81.2245607157779,68.1946010445609
L84068,85.4999340867255,88.3736936256828
L84069,76.0018013704412,52.851155709207895
L84070,71.02523410436919,64.0002628832695
L84071,69.20507223728521,47.7968180224794
L84072,85.8975106156793,72.4319978628149
L84075,89.0066513793286,81.60068521783171
L84077,82.15692488312109,72.2906738332156
L84080,79.1989316782925,81.7584646827158
L84081,53.835296055180706,49.1041407226227
L84084,51.209278633978606,26.5834178076111
L84085,71.3706484460418,71.8070592951221
L84606,71.06387038774619,33.2595881791178
L84613,86.3659440649526,77.89341664128669
L84617,72.6758483282754,60.0508921350419
Y00054,,
Y02519,60.0627439531181,21.8145143797957
Y05212,75.6247235180371,73.87833795991729
L82001,78.4212687517023,55.873360679433304
L82003,74.1343950009873,63.035769247661
L82004,60.1810902454821,34.2781952460793
L82006,70.8367739825391,48.0540165814965
L82007,47.8977510938318,18.9963246316446
L82008,68.8920060325366,38.6920761759328
L82010,66.9962246830484,37.4179956033039
L82011,82.377125809053,82.182138534863
L82012,75.8309960737211,56.879317683971095
L82013,77.2079693991916,61.186898490004104
L82015,90.9405586950366,87.945528184426
L82016,57.581811427849,29.8672189035574
L82017,88.5289563456351,89.42066375875281
L82018,75.7464792897078,52.710326487718795
L82022,67.2021409941873,55.4044483038394
L82023,37.6970518490588,5.39921494878434
L82025,45.7431517419498,15.5343477292554
L82026,71.4354848384531,53.7736501471247
L82028,85.8597790060239,70.8784646118024
L82029,91.8976022334084,85.2434859907814
L82030,54.5662684441222,30.4569171138451
L82035,75.1633250163086,77.5265718613657
L82036,70.4125778185409,66.0355782291366
L82038,78.27847441851739,51.567222336432906
L82039,97.5693020307298,93.3616997849979
L82041,48.9448642613733,27.0481161755893
L82042,75.0232564942318,40.3983311893313
L82043,94.2602589445542,91.3587400451944
L82044,55.5337333497623,27.483512877143003
L82045,78.709010870881,61.955645366289104
L82046,75.8224962731773,45.9499383689919
L82047,80.6639423248317,72.465608755184
L82048,87.92477014024111,79.3880822219018
L82049,77.38176489716389,72.1656693052619
L82050,48.9693926537378,25.1369148573373
L82051,78.73650814985001,51.765143455803695
L82052,63.9594942999126,50.1250881861761
L82054,89.0777619210153,69.106306044111
L82056,82.7334493512899,76.4860691326905
L82057,75.7022698678103,66.9450111094622
L82058,79.0192525859045,62.1618822161355
L82059,73.7365075123395,51.4260350421919
L82061,88.8431574402086,77.5239746232173
L82066,62.2937759532292,60.346872318154496
L82068,85.4729400381251,52.725636388770205
L82070,82.12431662337349,73.99796167805441
L82620,62.0754800498789,51.166578672579
L82622,77.9835135628946,55.756541053866606
Y00969,82.2037358181212,66.34972896633
Y01050,90.68666182014489,75.6705755874705
Y01051,67.91794215467391,49.481294720799
Y01127,85.0538627025599,76.928306201259
Y01922,74.8315153992261,59.5255405385914
Y02517,83.2513141675394,56.3991136253604
Y04957,53.847411644728304,24.0726134522587
L85001,82.0884044211185,69.347750770915
L85002,88.0989845273664,76.1410204408529
L85003,91.5866839018851,94.9800474060461
L85004,67.34538905248169,42.8524686552778
L85006,72.1819767516825,61.364066253523596
L85007,55.4884504625618,32.436278562944096
L85008,66.51130764087509,29.182316857648498
L85009,90.2437440525177,84.89158467613031
L85010,36.4583742847384,26.895977592583197
L85011,66.9318968455603,57.3657063482353
L85012,69.660631809951,37.2423953892875
L85013,98.3671213205785,98.4626352130958
L85014,72.2487926327152,49.1188946938914
L85015,55.747940423369805,35.170124229177404
L85016,52.995127918154196,17.2497063115892
L85017,70.95682850882909,44.9827138883881
L85018,81.7983399170464,79.2474035635083
L85019,66.4662118574672,38.2462447580926
L85020,72.1365513918941,58.1541876806081
L85021,88.7068732919172,81.6162941251304
L85022,49.2456620295183,18.1164907205763
L85023,59.5965571479394,31.5479958906138
L85024,81.6152956104363,64.0113813509558
L85025,78.46202308207471,75.3740531821792
L85026,65.4924603128362,65.7548838115587
L85027,75.732804157306,60.1394356185585
L85029,72.8804764784153,52.4491971284296
L85030,36.2771462096933,24.713970984637402
L85031,89.5102673930939,73.242714167931
L85032,76.183856051375,72.2361744311375
L85033,75.965122540568,70.5869260768196
L85034,84.5453190677925,76.4490975936246
L85035,76.2592116781203,56.495814488470195
L85036,90.2865598522868,78.8368177738883
L85037,91.1562519152657,84.0785410719987
L85038,80.0979736971673,69.4881553321159
L85039,67.5560477896025,45.8645086517248
L85040,94.7242077089283,80.5260470477798
L85042,62.032763330349404,42.081642218172696
L85043,73.0729337218123,55.0059313082059
L85044,93.4250010420783,83.5666428086726
L85046,89.7601686860344,86.3142067741758
L85047,64.0980918711471,59.2990217187678
L85048,63.627111801188995,55.1193220001728
L85050,76.6874105906986,54.47465492113061
L85051,66.3572279023373,53.0507585115488
L85052,87.7348859924456,77.50903888798119
L85053,81.02878017345209,60.5464413854804
L85054,78.2419420281401,76.5747917884896
L85055,73.5644021333309,64.84344118034
L85056,77.24464547524839,75.585481044656
L85061,84.6715990393004,80.9737475273936
L85062,88.6620885547347,79.4987856028435
L85064,51.0104466789164,27.023740176093803
L85065,91.13099416805241,90.3350298793765
L85066,66.9871656162505,45.8486094640635
L85601,86.3443001914525,82.7794795305686
L85607,79.2955674881959,65.1587504394746
L85609,83.7733606840338,82.87500611991629
L85611,92.7034437368715,95.8497985330065
L85624,97.6387259610771,97.6993465014301
Y01163,72.3576545520795,77.23918106848589
N85002,68.5539155392375,44.3526312145339
N85005,63.7261561301391,18.84746052465
N85006,84.49004126974769,75.7775417465476
N85007,74.5493502480729,57.0901497060465
N85008,64.6373141773278,27.963522488139397
N85009,71.8355072224006,62.9252871811674
N85012,58.052608126293,50.6689230826571
N85013,68.1615388408487,50.7233581456062
N85015,64.0744876824444,31.3640950529413
N85016,84.3150747531098,79.5723067300558
N85017,76.6143674885007,62.189585693959806
N85018,78.9936037247099,60.87528103401289
N85019,74.1608200774132,49.2481623230782
N85020,54.5706171012429,35.4270359665388
N85021,81.63694276948999,81.0126326032464
N85022,87.6066420294454,90.69558184617699
N85023,84.0375550403603,70.6081753948684
N85024,74.21963713241159,26.160943403068398
N85025,77.09220966861609,52.513132618172
N85027,39.942841754811795,19.7343382110193
N85028,78.429060515847,54.7796826660501
N85031,78.0572290626448,70.7840282347761
N85032,51.6421873712544,22.831169005803
N85037,88.64234602354,80.1989037016438
N85038,57.8042273816065,51.208619717313894
N85044,82.4682846397589,59.8922700246949
N85046,84.5844324915924,76.2130958169838
N85047,74.25927022168129,58.8179449397774
N85048,77.7199398176531,57.182836099275
N85051,65.4827008855301,45.2851445837266
N85052,90.6582584648945,84.9513231656921
N85054,79.1436081994583,63.3717317732115
N85057,61.15865137127881,67.7502707897451
N85059,74.0619953967613,62.2010688797084
N85616,54.7992146899281,37.3190556700787
N85617,87.549178992515,92.47636387336881
N85620,88.53973101211861,71.292970296032
N85625,80.5700948902447,63.063041941112495
N85629,64.90239266611239,63.2327964663255
N85633,94.7467688012548,88.7637305126409
N85634,86.6213002439325,79.62822295536441
N85640,63.8112265094471,53.970629040570294
N85643,79.0460019162783,69.4857185761696
N85648,86.7865759646985,80.0840317358834
A85001,68.8687739301988,46.6232923566328
A85002,95.2528732877701,90.9401788401303
A85004,45.3411280880121,25.547437833310198
A85005,77.02885021473101,59.3574756989882
A85006,66.4943242353183,58.1155351007302
A85007,94.8918782136997,83.11333783633779
A85008,56.091181356445894,30.935166780127698
A85009,78.8433619656152,67.86698842036
A85010,75.1946799367383,56.862747550570205
A85011,58.402284703050796,54.349639849342104
A85013,81.0368686849968,82.5467590551403
A85014,55.1289191350711,28.7081537304242
A85016,60.4675310032077,43.172703023922296
A85017,79.7178034702429,69.6327346056984
A85018,77.368166885701,53.875749436791395
A85019,60.9295973094115,34.8703185405826
A85020,70.50343617186829,55.3729722910563
A85021,90.6383191439896,87.0346081503681
A85023,84.6731697397712,81.1023494248812
A85024,84.4878582782273,90.6263001765297
A85026,81.4693411556798,59.3727993270847
A85611,87.48603235506029,81.1977591804224
A85614,92.5989582841909,91.8663735584561
A85616,85.0320064355394,80.1132272617276
A85617,96.0041767995168,95.3600094646129
A86003,71.39109864122611,51.818111137451496
A86004,41.7693709144575,20.4609028301731
A86006,95.527252336796,96.3666787850031
A86008,68.5478613935267,55.666589699452096
A86010,85.4954354477982,72.7560926482674
A86011,67.6445410190878,59.8432616285262
A86012,59.2238272620564,46.5109804278117
A86013,79.8987886772413,66.6218466039065
A86017,67.8523092448071,45.1185239333334
A86018,77.6811395783822,66.8996427417276
A86020,78.3723367826164,64.1456423312325
A86021,75.8516153191605,65.4211747128792
A86022,65.4790305785798,46.2002404434591
A86023,97.1914949193041,89.8728169855947
A86024,56.4572064650558,38.5755264457102
A86025,48.5888749617858,41.1810532154995
A86026,85.0020826736257,74.5114754372665
A86027,61.9382624737013,50.198931214241604
A86028,70.4592711492608,48.1082838098693
A86029,76.14410160893411,53.0193904033145
A86030,85.7157763318445,82.0821540707915
A86031,76.3760370649502,54.1851108083932
A86033,73.09220190079,52.52904802828861
A86036,71.6370082422221,52.2929705625645
A86037,69.9454465860432,59.70226781628269
A86038,83.22282689564811,52.475651356396
A86040,70.3272710217077,54.2168791762854
A86601,50.31951660577631,21.9032039048728
Y00184,54.8389105310807,34.0877017782444
P84004,82.3492502629408,82.95647957203059
P84005,87.9883195262179,68.6073187747305
P84009,62.886096137092096,38.70339112682
P84010,40.3253970975545,26.007488141431402
P84012,58.2419132826184,28.8412117122173
P84014,76.6862080227942,73.2467436018886
P84016,56.2271650627736,27.622824350862903
P84017,57.205109933904694,22.1517509259007
P84018,79.00873018707219,90.1903397304645
P84019,50.9132710589426,34.251658755079
P84020,78.0006112097333,56.228391863678
P84021,66.9783160857623,38.4285138158588
P84022,55.13643954655571,49.1322210075518
P84023,83.8456906354603,68.4566363010362
P84024,75.9946499886398,36.785018626243996
P84025,90.0121973280757,83.6162596993624
P84026,47.5995198317128,28.8167088496996
P84027,83.5200977845386,78.1510084656582
P84028,60.5742148152525,30.6892574968551
P84029,62.2333761228697,42.2509595269202
P84030,59.391633145853895,49.768780643949
P84032,53.9949328021179,50.1572229101082
P84033,69.4025621454645,52.021069361968195
P84034,68.2064465695172,43.0331368861554
P84035,70.6133048640974,52.3549437237222
P84037,64.7539145989515,51.2043264906598
P84038,73.0651951299303,61.566081059912804
P84039,63.5995583470861,63.1494858679682
P84040,76.6461600426447,77.60111935249941
P84041,62.275103009105806,37.4451190172585
P84042,65.1489402787133,40.4494531522797
P84043,73.9173802297949,44.7311346906814
P84045,66.8996405651695,44.6616974843414
P84046,64.6868944874753,49.2653426089374
P84047,47.6144428118952,32.5485259834705
P84048,77.1675115717704,61.6957151147147
P84049,67.5422082939909,53.068321240335706
P84050,68.6884888144231,49.6404204652099
P84051,66.9571281103862,57.0709797329394
P84052,74.35259006338019,57.54368124156159
P84053,67.1189151306825,48.7267391707084
P84054,78.7246446501353,69.52944314184461
P84056,39.2704011558215,26.8810468873459
P84059,53.2397511534643,31.6962916822793
P84061,94.9820895914278,84.794448240256
P84064,85.1677363467635,71.6570181947271
P84065,71.8096321496301,55.901082965894
P84066,74.7398956080704,54.0439174696474
P84067,84.3928115124741,63.8587401506072
P84068,51.218771373132,24.4085423772095
P84070,61.9458922111582,49.5671164450959
P84071,72.6869193618134,56.380039366108704
P84072,63.342616791781104,45.2133937101191
P84074,41.3374703391795,27.7294742927667
P84605,80.4747567796783,81.1621024073667
P84611,80.4354207755995,74.0994706185942
P84626,62.8778411963355,48.8177007484362
P84630,72.110713125853,51.8287842326393
P84635,89.4446476892035,84.42105694031869
P84637,88.3787034419364,82.0505764866743
P84639,66.4236642620162,58.699385844607896
P84640,58.9659794666829,42.4413693456241
P84644,54.8936491751126,41.9446735264782
P84645,54.9540484003322,36.0659800329709
P84650,70.89488752844319,59.23864207780581
P84651,80.0973449350336,60.5621823041585
P84663,66.5188314399374,38.0244404849569
P84665,85.0061797528475,88.11893300664731
P84669,68.14731507664989,49.850457199062596
P84672,83.6481451864305,67.8538015462766
P84673,83.4763580002284,69.69966580956431
P84678,85.6466356148602,64.0033217618008
P84679,74.2249568063329,75.5308025949926
P84683,75.3293833984069,63.5643680147612
P84684,82.7930292902756,78.6510620969827
P84689,53.1435936848659,35.754833780004105
P84690,85.04582843198,61.1124265525864
Y01695,70.38700216861649,66.1198930203443
Y02325,60.91740995320279,39.1178283400581
Y02520,69.6320593931175,53.30974908045631
Y02849,55.8637291892189,33.6362849441951
Y02890,70.3040990350409,64.6966075383391
Y02960,63.9247942531646,56.68166582098551
K82001,85.8523556250782,79.2852211911966
K82004,66.6007111057623,47.5089460735943
K82006,50.6943008660919,32.4446461232618
K82007,53.1518677382149,29.754090888260897
K82008,78.8266206236332,74.5993540809328
K82010,58.303338027905504,32.7605175886959
K82011,96.0642860784556,73.3054790650296
K82012,85.16074730899959,74.3996503520355
K82014,87.06039520889371,86.1537131067421
K82017,74.1157467212288,48.5136836636067
K82019,37.806772065625196,16.2402554621182
K82020,49.4785547200368,13.509871942285102
K82021,60.897117839707605,40.065108768292
K82022,52.2312831080006,17.5957601590268
K82023,57.5035469905435,30.7773159922238
K82024,97.305921533481,85.3540301474182
K82028,60.807506984681005,34.6129237856246
K82029,71.0084301707692,58.3917990549797
K82030,54.32521689297351,32.0285262882579
K82031,65.5001502802544,54.293841096823606
K82033,46.7197969484398,14.2755354808385
K82035,84.8229926308677,88.0689311049162
K82036,74.5606630751692,56.8651121991548
K82037,86.5676313607152,69.8375278097093
K82038,45.6824890069697,15.9124662548988
K82040,39.307502900581895,12.1368506349545
K82044,48.983637972283404,29.176963366445403
K82045,81.7558375156627,73.98342531290571
K82046,84.40424425649181,72.8832411152323
K82047,67.2505228903988,50.9333887965598
K82048,60.4284242100145,38.217312568223996
K82049,53.490916956758106,32.806428145538305
K82051,77.9902872487661,67.2449572863684
K82053,40.0452231434327,19.6325141109126
K82055,76.0545758745736,62.4727946574294
K82058,67.0061207840448,62.268709941743
K82061,85.96087717551019,54.9597663347278
K82066,75.5244047389116,46.7733111955869
K82068,82.6828794574066,70.1077247487602
K82070,64.9059578348354,35.1612531184691
K82073,60.846530517615605,34.1692174356537
K82078,75.48790300134391,63.6758368791161
K82079,75.3290135289642,62.157650743621694
K82603,61.21530055498901,42.138119964319095
K82618,69.8281777767203,73.8268301323673
K82621,62.0107355237192,38.666575314651304
Y01964,37.5398199182141,17.6852242963512
J82054,84.0032162773911,88.1746633977609
K81002,59.925546437178,44.5678481496039
K81003,74.45785999258379,52.2220133889864
K81004,69.9064411950354,55.3109485639014
K81007,64.68368993931661,56.3195817758256
K81012,94.8748975352533,89.4076952805788
K81014,62.7086998018518,34.4172357726291
K81017,68.45082588723061,45.0042289300627
K81022,59.6924912410793,33.163401612112
K81025,86.2290924583485,86.3044461934216
K81026,73.5729302917319,57.3497054065498
K81027,84.6296965406452,69.7213824499749
K81040,66.1132173304785,45.3859113699018
K81041,85.5553209165124,87.8527900454096
K81045,63.35528922992369,45.258573795032
K81047,67.2578730868527,47.2120898846735
K81048,69.0925301170933,65.4989894930382
K81050,78.0085480059752,72.4614600426886
K81051,51.1678091026309,36.4039536553283
K81052,84.9810087719256,75.1014927553267
K81055,77.9320930321723,70.5293969669895
K81056,63.885096517485394,53.026989215821594
K81057,88.9058824634202,83.9496678632241
K81062,54.6583303045561,26.9858427521841
K81063,84.2272938095147,67.9741037614166
K81069,69.0057228771056,47.5080895449159
K81070,61.404076001415895,33.8469286338466
K81073,66.16047218315299,58.1831417364617
K81077,69.2968665781343,49.2473373780796
K81078,64.2635496631605,52.765407511098
K81080,88.6864689696177,82.8751658015029
K81081,79.8652124948988,83.1565892208052
K81092,55.262481478668604,38.574577586006896
K81100,77.31736666548889,76.06910125997271
K81102,88.02256513545899,77.9915954678176
K81103,84.0016629396434,82.68613807587279
K81605,67.0754675008219,55.472164615704
K81633,50.137549788436495,32.9749017069604
K81636,65.13144990450131,54.3202359637301
K81638,41.801943144274,36.4702708101252
K81644,65.3424680965226,44.8443752478397
K81651,67.2011468535421,38.440285770495706
Y02476,71.3127727179276,52.1033542120096
L81004,62.0660640273358,29.0573535247036
L81007,66.881475664422,25.475033191605
L81008,77.7906244917852,50.594749063157394
L81009,90.5650465587278,82.7744588805486
L81012,46.7694976423342,26.777164785649
L81013,67.6379840493839,37.0797096016025
L81014,63.8152402619938,28.9031647232769
L81015,52.086784085286794,18.8483049198063
L81016,48.399177541022894,23.022852671331
L81017,79.41933190891251,60.129065086165
L81018,74.2884491621308,49.4384948588184
L81019,69.7399350729789,37.9155786426295
L81021,69.61987166915729,67.92727168513531
L81022,73.5168930028086,47.6824373789884
L81023,68.2784804650748,42.0581594613278
L81024,83.6338404221498,56.2562298830518
L81026,39.4909019993462,5.66227643641868
L81029,95.1561811114932,90.6166380320801
L81031,49.3416647575089,22.1787678703346
L81033,55.6860428200484,36.7168334451148
L81034,90.9887642946859,81.7144408241406
L81036,49.346374408148804,35.1771264451913
L81037,77.6967188795923,60.6209042804538
L81038,71.917487684864,53.31161272980201
L81040,66.9712172398984,40.395647638557804
L81041,66.7099087491292,45.606561328932
L81042,59.9715575616542,46.9569007768172
L81044,69.7912894175534,60.7598127784937
L81046,47.131513474569495,13.626489611974499
L81047,67.7821456541181,54.761815743868105
L81050,79.9308391883524,72.5015063011938
L81051,68.18875500051391,54.9510297549786
L81053,61.088606710539096,29.591477921989203
L81054,73.67762642262879,57.8533646551179
L81055,76.25587335262401,46.335838932246396
L81058,77.45252554290471,57.8967501859177
L81061,69.385161902251,43.4202488183159
L81062,81.3722341931353,47.5458014357795
L81063,53.5889726147451,31.2419984854944
L81066,60.47462371932401,32.4166469407647
L81067,59.514691699736,49.9610222000371
L81075,71.1385830106034,41.528654858007805
L81077,51.798140275897794,34.751714879214205
L81078,79.31031006772949,61.44864689892749
L81079,51.400518285361294,9.29375700635425
L81081,73.96492265236509,72.74019062259221
L81082,57.7776190874584,35.2016938918148
L81083,68.1845502641346,45.9204967881107
L81084,54.531813335214295,30.977510635599
L81085,91.3627449055313,80.51416593756831
L81086,63.166710829962504,38.959190324375
L81087,82.7448096437354,57.5524189165966
L81089,52.3950087712318,39.6064474940594
L81090,66.813557176235,34.6490079228412
L81091,77.06371367973101,47.6592784286249
L81094,80.49301055881189,83.28618725562
L81095,85.1701917395802,72.796926341984
L81098,94.0049004775485,90.97381451008431
L81103,76.5695070659281,68.1843492669821
L81106,83.8176999969977,87.5511188442638
L81117,71.2696875891756,75.8668121877802
L81118,62.031128675162904,34.6527088127755
L81120,41.2258232985928,20.9506375443316
L81125,77.39555696719151,49.8316302222129
L81127,77.60138631390309,64.9479002429888
L81130,56.453232571574,32.2387061475121
L81131,69.2743458448432,55.924616985705796
L81133,82.1855529280605,77.7065485153539
L81600,78.0902206555652,71.02999396847109
L81632,40.3778379712493,8.971596407742801
L81642,81.8852576686244,67.3049936394285
L81643,72.5070219706173,39.243378853371304
L81649,58.737899436747,30.361561619362696
L81669,76.1169028733934,56.6162268645863
L81670,41.5655053882086,18.4330339227666
Y02578,74.4616077298149,51.71265204416849
Y02873,,
M81062,42.9397512286034,36.550641118501396
M85001,75.98076588636759,65.30424461237429
M85002,48.5491576967795,20.905172810123098
M85005,51.9365921163407,32.4193723906515
M85006,75.5795140341441,48.2582545705708
M85007,80.44617042035081,52.14771697123331
M85009,42.1218503183051,32.3877161095858
M85011,46.5610175788622,29.0356878912288
M85013,64.5889520754766,38.68476496316
M85014,91.7344562840062,92.1902156532694
M85016,65.8374042801894,48.8577739819678
M85018,82.4848387768969,54.41859597272381
M85019,57.09918835039291,39.6098472465713
M85020,45.205515279277904,23.7025162142042
M85021,77.97736685851669,76.09802518641851
M85023,41.3424647468279,16.143998238246297
M85024,48.9110493049458,36.500979024876
M85025,50.8357083182191,24.3248931684313
M85026,41.4020085679494,23.137953743341598
M85027,52.2320718230998,33.0000804886027
M85028,49.7117298885358,19.7036323043262
M85029,90.8623532738798,79.6697027428175
M85030,68.0453355993713,57.4062297752695
M85031,62.6167933305561,38.919887321886996
M85033,66.5416467397944,29.2166506042672
M85034,48.0230569367174,15.721349720565799
M85035,66.155528636475,55.9024723258085
M85037,75.7987622500766,52.887828149665495
M85041,83.7786946412591,67.02438951066941
M85042,90.6184699727456,87.6219909195544
M85043,79.3242060313528,58.5983381463541
M85046,53.829146152722195,19.767978947147
M85047,83.251022270866,81.05399493414211
M85048,43.1193420546472,37.3594072800673
M85051,56.7351009817766,41.0496212062427
M85053,56.192503797903306,37.2112929711114
M85055,52.59799047268609,45.0728331116116
M85056,62.45189939573051,52.8680211572088
M85058,57.8274740223764,32.5265544545805
M85060,68.4430248071466,56.293522934912
M85061,40.0813702958147,22.1900551155322
M85062,65.0916384957006,34.787723239344196
M85063,40.0443566950119,33.0972574025396
M85065,63.6992533449527,55.485105206908905
M85066,70.738103318745,49.7486269495318
M85069,40.206975865549,15.592016109848899
M85070,31.6646985984356,16.8242246834027
M85071,62.502569868744295,34.8434662424062
M85074,62.7619707939955,43.0460607819479
M85076,42.5440588152925,15.9146241557539
M85077,74.0131229957104,53.3977110509552
M85078,41.5471062481398,18.299076193423698
M85079,78.3526920772686,51.051497170167806
M85081,37.5139160986269,19.983203612557602
M85082,80.3382307126036,72.9624673813196
M85084,70.8172222046945,54.428983784069494
M85086,84.30626273809109,69.7313828094196
M85087,63.924660989954496,41.3759418703203
M85088,66.0020144492363,48.1877057898761
M85094,74.26788750230699,75.87808766305591
M85097,83.7559438506285,88.04985882449739
M85098,79.416446044308,71.6484161371101
M85105,51.3837365939254,38.7565553563104
M85107,84.222059292099,85.5618387372144
M85108,51.7326088615505,39.561083163732604
M85110,30.064430612424697,16.7150821657483
M85113,61.475396980376,23.743717546624097
M85115,92.1466169683721,90.933979308722
M85116,57.6851268728117,38.7614801345564
M85117,63.2530405019162,50.829145085738105
M85118,61.0141755785097,67.9316410840317
M85123,50.4151975317374,36.167595513912296
M85124,55.093153698374294,41.414336483125105
M85128,67.8745367386422,58.490980855150895
M85134,73.4816720058496,75.3113186732785
M85136,65.8873989479176,62.1457164670044
M85139,56.4169685514856,49.4158088302489
M85141,80.4518492661206,77.4631836527903
M85142,84.6421112637198,83.3337153418243
M85143,58.71544593788251,41.446605461262195
M85145,47.1583037174728,37.710380174018695
M85146,72.7886757427663,59.3823596485998
M85149,53.7764669881866,22.1001841725053
M85153,75.1264493286076,55.6007649780202
M85154,40.793060328596695,28.551179861624398
M85155,63.8386841013428,54.75848131536279
M85156,62.241150179828495,34.1068795431487
M85158,83.1508894758107,67.5836741132061
M85164,42.263522038781396,26.5089686337933
M85167,64.2369827047406,49.6150262131071
M85170,76.4955863742189,64.503120254932
M85171,61.9106391196358,49.8412175334879
M85172,64.9609245772794,29.138419481970303
M85174,60.3879173722904,63.8360532994512
M85175,57.559956437888104,33.9035092864957
M85176,61.2888458772408,31.4307415012887
M85177,66.8437776800796,56.9234889352245
M85178,31.25590638384,25.5550357573356
M85179,47.5030557826268,31.3577471913592
M85600,75.0627341032091,69.6432525508255
M85624,56.713405062311196,48.6564804882868
M85634,58.875860841878605,42.2631206409307
M85642,61.69146065308559,39.1322356289581
M85669,69.7842074220252,51.166785156585505
M85670,76.6863745505469,71.751285720879
M85676,33.2804666996534,27.568085030816402
M85679,64.491517210589,52.8624763020212
M85680,78.9658980445419,76.22122929917779
M85684,70.162452056837,77.0808514969488
M85686,98.4601910084123,81.6182070383893
M85693,65.0969783990052,66.8032553589498
M85694,69.8341382165638,57.0937444632862
M85697,78.144209465091,70.4263215574848
M85699,40.2970419517479,32.888210671388904
M85701,38.351053917865,42.9164722212449
M85706,61.973961814206305,62.9086250997087
M85711,53.5468106135227,36.3887746032462
M85713,78.8710709531221,62.7247824367852
M85715,40.8794465474885,21.7922850280094
M85716,54.0379256192992,42.5037539099606
M85717,49.4050628920909,39.3212087325349
M85721,68.4561077159778,56.3736417511601
M85722,62.0428409788296,37.4542431825328
M85730,66.42077686096411,65.13645652874371
M85732,85.0419325549611,83.41865419157321
M85733,69.8833784724309,55.2764968026464
M85735,51.133223145303,38.4698780131506
M85736,39.999168364639395,25.4270790397774
M85739,67.2674077687261,64.0273991773831
M85746,38.069809434830695,25.3340700755163
M85749,33.4608570474254,17.1460073726495
M85756,26.026383220113097,17.4767534280709
M85757,66.7042526218466,46.9630388130405
M85759,70.2119232214441,41.1150469483151
M85766,76.4393796647839,72.0677713990066
M85770,95.9829605882225,95.5468434112142
M85774,66.654204589254,49.9249069702786
M85778,62.342095624955896,45.8355711264167
M85779,69.8322201065009,60.2511078929647
M85781,55.006840867540895,53.898535291735705
M85783,62.5174382322112,53.2008536126421
M85792,92.7567737945642,84.5816448227453
M85794,39.6700001368877,29.2629816975245
M85797,38.6887860670071,20.220522922203802
M85803,50.6671813985173,42.532949891796804
M88020,45.032653819497,32.6941442279225
M89001,72.05361093878369,69.2185735552668
M89002,66.49299406931421,40.5895917480462
M89003,41.0374659858296,18.6770776441156
M89005,84.92582513184969,69.13430199044241
M89007,73.0422140414371,51.98813067481169
M89008,69.7093404641758,29.949787666883097
M89009,62.804224421913105,41.125274726312796
M89010,63.31901364315849,35.1823935573578
M89012,45.694685718711696,23.4079547356951
M89013,46.7070856973069,27.752468904092098
M89015,49.2579410226046,37.3888882599418
M89016,77.19384914104221,61.352429857957105
M89017,47.1523354508537,17.724356576067198
M89019,42.8830417180339,15.326416676953
M89021,82.05471543119131,81.063288214043
M89024,57.3055239506793,48.7106393789313
M89026,59.0817021757531,49.912998975417
M89027,69.3831707510981,48.4934580454514
M89030,81.202525044172,71.62824830837971
M89608,96.7390950160685,92.84151124734909
M91642,85.9625437822341,81.5050436492802
Y00159,59.511432157452006,28.1401696933136
Y00412,55.665450767646796,37.4140971401158
Y00471,46.2691837413728,43.4474907037461
Y00492,70.7032767637947,56.6308120719633
Y01057,83.1805322945504,72.3154042065752
Y01068,79.68357388344151,67.0943156433942
Y02567,76.8751412547563,57.018995289392706
Y02571,74.052645841942,46.2445521856297
Y02794,51.6351965952666,36.2327302692656
Y02893,59.8114366231932,51.113488070857706
Y03597,43.1527093713633,31.6834217075783
Y05826,48.9744457488365,35.8148279024339
Y06378,56.4533755646247,38.5902761515213
B86002,61.413591098198395,49.469114235765
B86003,50.9603625071849,33.3903616129075
B86004,83.7733693239177,81.4321971439321
B86005,74.2040216809964,58.783287969612196
B86006,69.5265183626647,37.9853502347018
B86007,60.099817985893,35.4184914376875
B86008,45.1388685738796,28.0549843826706
B86009,67.98618563084379,56.8660035972225
B86010,80.0310769613992,70.7666975672992
B86011,56.561675188234894,42.5343896708474
B86012,81.3604562080053,67.47440007369279
B86013,59.105415857655196,31.765532711481796
B86014,59.937053743370605,34.968212164984
B86015,60.4960394119072,38.6140252290184
B86016,52.365722668138105,26.3950314786516
B86017,86.7412208241374,77.6144568929858
B86018,76.7842386485646,40.700181190344
B86019,65.3530242215393,36.717588808044
B86020,82.0150811872843,49.334361121808904
B86022,37.406600507773,11.7751001634499
B86024,79.2234639903122,68.44930930643291
B86025,83.2765429775005,72.82316135871851
B86028,72.0108829260521,60.88684490966399
B86029,76.33224445266261,64.6515109645279
B86030,56.301731170833506,27.4576034037353
B86032,80.140362820485,52.04408556192261
B86033,76.6890405859569,45.8156100983118
B86034,80.6768991084644,65.9516899771173
B86035,72.9747618360003,70.1375177172894
B86036,69.65245438198751,38.3193746505189
B86038,48.0779527711068,25.2685267958767
B86039,51.001589111038506,41.4003406223668
B86041,82.1599392338446,78.5223954516653
B86042,57.7771484816494,16.1202923992631
B86043,60.12396490428989,41.7294918188553
B86044,76.0175577640197,37.135170787841496
B86048,75.17546658491399,47.7975786436853
B86049,87.7365693413019,72.1966809824272
B86050,44.954652094437606,23.7947585824577
B86051,85.0996158206941,53.5649525663207
B86052,81.7921064622711,81.6970416908902
B86054,68.172421229327,54.8926037387475
B86055,54.2085889335067,20.9687326085845
B86057,74.1888603602265,49.7119120765435
B86059,86.42744004264141,51.5476422223079
B86060,76.6727053247834,48.936561611555604
B86061,60.0357844755159,56.8588630860806
B86062,72.83292921193531,45.2113994625371
B86064,77.2385395454553,59.9771750108624
B86066,79.0140313772272,35.1543067945669
B86067,64.71046926944601,51.0643089305712
B86068,89.47735962216929,80.50331777610829
B86069,83.9200532841909,63.891693408135794
B86070,73.1829988579257,70.0213817051621
B86071,49.1956969162876,26.8922708945906
B86075,69.7827475518885,34.115657107296
B86081,64.9228660606741,43.497675740112804
B86086,84.2009137173781,69.3151107173815
B86089,67.28641111567339,58.588416205143204
B86092,90.03963808640279,76.510215669652
B86093,56.142394009180094,34.2299614614758
B86094,58.403077131402306,54.9621346698416
B86096,74.2316042814661,55.5462355987013
B86100,70.24148263065369,41.457932390508
B86101,82.99524519438481,71.7621581688689
B86103,61.4133063613864,44.0848849003041
B86104,54.18423648877509,44.3417267267523
B86106,70.16479940671479,47.9402990405772
B86108,57.12134620924591,39.8641017822492
B86109,90.3534627482757,81.7572838164611
B86110,88.8525397006772,54.19487897273591
B86623,78.03801653246441,76.0936063613321
B86625,79.0897029769271,63.594776751830395
B86642,72.8859945096787,64.9543163837088
B86643,53.5080749417383,45.3175731912501
B86648,76.9508244977869,72.7623974353848
B86655,83.4823559495528,78.1172479141013
B86658,74.710010205975,67.54998525602541
B86666,56.9203870080998,49.3589571734781
B86667,82.7074125873849,69.7479426860846
B86669,88.1049523246961,65.50226909244941
B86672,79.3645131854115,52.4277540716202
B86673,61.693307925488405,38.1760251035683
B86675,80.1663218417608,56.03339258154429
B86678,98.9894394542867,89.95214721865669
Y02002,55.6946594868847,29.8200732828173
Y02494,75.5857048772011,60.7400751079541
C81001,67.6400736846151,45.4510634528304
C81002,63.690723576616506,57.0770341236028
C81003,81.2261291261428,61.394090488631505
C81004,53.388040745108,13.5193703614171
C81005,55.623896938640804,23.8861478131819
C81006,57.428145460148905,35.5084479933284
C81007,71.87741433999,46.4492881907975
C81008,62.98379574992789,15.0390667993452
C81009,61.5926696605736,36.8503402230268
C81010,69.8455893394228,45.8251962529848
C81012,63.0847233154968,39.457962863142
C81013,90.59693788677609,86.7164886138124
C81014,57.856698035949094,34.9623886980492
C81015,76.039410719519,47.0518269806237
C81016,78.4330798518671,67.30331988756461
C81017,52.2856919129358,35.1618610863641
C81020,76.10008763048191,42.734342428855996
C81021,53.5850727089506,19.1328760930861
C81022,84.6992777027042,82.12330811455189
C81023,69.9218978398408,31.7426154726424
C81025,81.8633974489831,70.58746322259381
C81026,53.551220472370495,30.644084821658403
C81027,82.55181449725791,67.29434935487771
C81028,79.1948872946333,55.1613662286771
C81029,67.290791009928,31.7920435840489
C81030,83.8599454576881,69.92454247635979
C81031,58.7960239985896,34.9648345327964
C81032,57.281543297791806,29.5069796474766
C81033,74.91138637895651,57.3230635188291
C81034,86.3781143347905,77.3988945373456
C81035,60.296158923209994,30.861366601264102
C81036,69.8054226955942,58.5739546705145
C81037,80.08114431399281,70.79849226683051
C81038,82.3200424541692,58.4702485376289
C81039,90.60827397215701,87.8044210847214
C81040,86.8568803911989,80.3789206840372
C81041,65.05588160767711,38.1353904806003
C81042,41.537804956565196,14.901646261084501
C81044,78.58053632130469,59.7278993862687
C81045,48.7214872625755,20.3763733639645
C81046,70.1792378746493,74.0403471608644
C81047,70.3572791832902,63.6912266903359
C81048,65.30763124448849,53.573012069411696
C81049,67.1232336837986,48.8770330371662
C81050,71.4404365125327,57.631239485994
C81051,55.44972320239731,25.549440379543398
C81052,65.9774249829614,42.4696732439979
C81053,71.81154481366721,34.046168716610495
C81054,37.523808758301,12.5965724472544
C81055,67.18494371938239,58.7563243312213
C81056,49.153131151114096,41.5168572429909
C81057,70.42556496679721,58.767731347860796
C81058,76.1061040150328,57.236911224840604
C81059,74.1023600170691,43.9900963181055
C81060,61.5362010172709,24.097538317366702
C81061,54.9638579644956,18.0386633382297
C81062,93.9774992306209,74.63520628810349
C81063,74.01398628024491,54.512637310550204
C81064,62.899191406880696,49.0628887070555
C81065,83.9443191517395,83.0683644671118
C81066,85.87883966494991,83.7403799989991
C81067,85.8957248204517,78.2901864002239
C81068,51.2765647390634,27.3872062626487
C81069,84.7311906263679,71.36419024741511
C81070,71.2035956095047,52.2828027450403
C81071,47.5547547717936,21.3095193754528
C81072,40.5788465484892,21.7115992949055
C81073,52.386128261271004,38.9569302504743
C81074,49.1195023510126,30.5260147553567
C81075,65.09981397518109,56.0092566195195
C81077,84.3688346238763,84.8060906721692
C81080,77.4906789388898,53.8640281474434
C81081,79.6875007786045,76.0407597656819
C81082,97.1471368859856,97.5614354032138
C81083,61.7050052311415,20.050369602136602
C81084,61.549179150259,26.2393925144776
C81086,66.1252196544485,51.6231869241913
C81089,84.6751522711577,88.6192850828895
C81091,47.6063529408959,18.4657515186332
C81092,89.7474688021336,78.6744153002884
C81094,81.7544176905511,59.279412414423106
C81095,61.5362412607727,50.936759969044196
C81096,85.2501334130138,73.8507093988165
C81097,60.313731562670704,40.183899617408805
C81099,63.6328271459937,54.3620846786546
C81101,89.1813183984557,72.0377023660747
C81106,87.8648041579414,75.6625785561053
C81108,48.8144939214152,19.8103775800143
C81110,52.617001146176904,25.816857398395797
C81113,49.646589669316896,18.5383435411713
C81114,59.0077019840043,25.6154155294169
C81115,78.0843570697124,78.15354189679779
C81118,45.5230271403709,20.8784212465039
C81604,94.2340922386133,93.04214302472829
C81611,69.3512339307061,52.3605933845966
C81615,85.7877670099689,79.5593195893984
C81616,67.4825275309203,57.7478822768684
C81634,84.2048763927498,64.6186490494166
C81638,83.8280550108549,73.1642846276278
C81640,90.6266430748392,83.5530438039037
C81647,69.8299020655803,60.210539001407305
C81649,76.0544298765653,61.184089327227994
C81652,74.92406157126929,63.8942111752747
C81653,68.4845636578729,69.2293743273568
C81655,87.2716850278481,78.7720047311073
C81658,92.5283203357387,88.4764594824456
C81662,78.32463814752299,65.9406943321114
Y01812,70.0684786713215,51.195460677126604
Y02442,57.256611582147,39.0466290982751
Y04977,82.51623386942269,77.21871329123981
Y04995,42.694444702905,17.4555114285733
Y05286,43.2250089510199,12.773352806674302
Y05733,54.5402512165049,33.3796421121268
L83002,76.3527725572285,46.7253476459142
L83003,48.0320374655191,34.7445779565247
L83004,66.37950943884209,41.1137454894601
L83005,85.6991056865667,69.4674192518115
L83006,41.6324204424868,15.8453918345637
L83007,81.62054630429449,50.2407221753646
L83008,51.460517964809206,30.825861606101203
L83010,77.47821759113191,68.0426419572384
L83011,83.3269708908693,67.5605422650388
L83012,92.6135175181102,91.0086881826348
L83013,61.427321341444795,36.112509005481606
L83014,57.552829908452395,26.015615581285
L83015,53.5107938968517,30.8163702384808
L83016,75.55052445046681,52.960066811740006
L83018,54.7831017275185,29.861162562417796
L83019,57.5784098022454,38.2184646734028
L83020,88.3223609761941,87.69664626809191
L83021,73.42920687046251,39.6161784286492
L83023,77.79369418418129,88.1635861580761
L83024,94.7199267198915,79.1109118650709
L83025,83.459242513297,82.8340544253022
L83026,90.08754927162211,95.5970470045434
L83027,69.24376703896161,59.8138375754998
L83028,57.539793254463504,33.7172942584085
L83029,67.9177034942962,64.7841950757049
L83030,74.2934245204417,62.9071074173816
L83031,68.8285968998908,42.6675445230398
L83034,62.297411400029,38.681044942784396
L83035,83.8902310070111,75.7905569627534
L83036,59.3144670811268,33.976853871720806
L83038,77.7310896599953,73.7974133115559
L83039,49.8284808762865,36.6387065751317
L83040,81.833242130327,57.6250384329436
L83041,90.93804160487839,90.07769144557089
L83042,59.138384462662394,47.7385645169562
L83043,82.6562217615445,61.0236789844484
L83044,95.61900786159629,80.70110019044449
L83045,80.7293848097711,78.174723346401
L83046,61.7015728875852,47.2495329705051
L83048,56.1884015079711,34.6769261627163
L83049,95.25437263635659,92.9483760575434
L83050,84.1974350859584,81.9106610995176
L83051,81.1442919454495,64.6150076688558
L83052,58.0984633666597,22.3683957692385
L83053,78.14187758397459,65.3259386454653
L83054,82.6887559817924,81.666807522805
L83055,65.6243121327016,35.7163958714095
L83056,67.7239774156444,51.0129190780374
L83057,79.5366716298316,53.0616305207589
L83058,75.0990640094241,54.609267955985
L83059,77.8607896350191,81.4129991308656
L83064,63.3625318590481,35.4254702031184
L83066,68.438689027204,45.3884952627876
L83067,76.3656381925027,41.2417459562785
L83068,87.31845055904999,82.47574354484229
L83069,59.1094927505261,37.650709404604896
L83070,94.50260051807,91.67664732751581
L83071,90.0056073214806,63.330096791719406
L83072,49.5916594868543,21.3097801193782
L83073,79.5617147156111,64.0437890097324
L83075,87.6357140322926,85.632784458714
L83076,76.2818764053608,49.355967934113195
L83077,88.2410416859791,85.9970661731144
L83079,74.845227364686,59.0796437319004
L83081,71.1448406895408,53.0056407977933
L83082,99.1858352814951,100.0
L83083,72.7610189642674,56.1146166243766
L83084,89.2587039161061,69.45034110807569
L83085,85.5811948656429,66.1002776976789
L83086,83.0809234142278,75.8818812178732
L83087,80.8534465591183,45.8082922992235
L83088,98.4262677213116,100.0
L83089,60.5098554726607,28.799320363952102
L83092,82.72903708095079,50.0736325429554
L83094,84.2821977146278,78.14191380022349
L83095,78.7163387705844,44.1121652793605
L83096,83.6310712925777,75.0035347553781
L83097,76.1351956920598,53.1605617431311
L83098,96.5304996487193,98.2426046891292
L83099,87.3662838487371,86.8688137073189
L83100,53.0957114191278,25.0944695260345
L83101,87.7872136796103,77.4428591915013
L83102,95.5243467814873,91.1831091239527
L83103,67.9285649492256,28.7582770338497
L83105,81.2864150330022,62.6908838743546
L83106,86.57497050108111,70.0736602190149
L83111,83.5365886971146,66.7028813300005
L83112,88.4350388817842,85.3813785892497
L83113,74.1079454172341,57.3725378384861
L83115,83.6202597900218,75.009809429263
L83116,95.2951355025376,88.8339791091084
L83118,58.2851453964504,31.003158619739104
L83120,77.78199635631809,74.899543065122
L83127,76.1845504103936,46.203188814349
L83128,69.6081234434792,55.733919122466204
L83129,95.9150914675589,96.495930377849
L83131,64.8033077391907,37.7256848214263
L83134,98.1363003678991,97.547234974163
L83136,89.3181894283876,69.1786290369073
L83137,85.8106023202754,67.7724935365502
L83143,84.9357426722583,75.4754996204444
L83146,90.8246966981327,89.8229474494506
L83147,62.52023106693721,40.4270892586212
L83148,90.0243098504915,89.609970490997
L83607,72.46015081912161,55.2620552679445
L83616,83.65784065480601,59.3994161226293
L83624,57.2745760956001,39.7629427982065
L83628,93.8409887147365,83.060475130022
L83639,88.0622134830541,86.0340403872962
L83646,75.3420723608031,66.1090233539805
L83648,84.5615078608449,69.1245032067639
L83651,59.7548924226946,65.59235843608991
L83655,77.1128801751744,53.8025719603145
L83657,88.1821121769819,77.5255583884883
L83663,85.5063413417092,89.9788319528264
L83666,67.6022909972652,51.563207932813704
L83673,86.4590049560008,96.2514971660288
Y00568,80.7320388004644,83.9387139428149
Y02633,76.6471449952549,68.4625475132236
Y04662,62.1906548073752,55.5379437403405
A81001,59.5623140550828,31.984067764114997
A81002,68.7079060652529,50.318152959977006
A81004,49.5959351892883,23.4503168234806
A81005,54.77077718091879,20.0224411819982
A81006,67.8472914810899,40.086092576575
A81007,61.242562411445,38.8405337702106
A81009,59.4234881710855,26.209590767100398
A81011,68.3834155885048,36.4168189195917
A81012,65.99818551645889,54.297062926866104
A81013,89.86973694987161,89.58445167369939
A81014,80.9471296536326,66.9466861213734
A81016,62.470927281425304,51.5017730411644
A81017,58.6412672727576,40.414579102706696
A81018,59.3839756078745,33.7778871482056
A81019,62.879603997447894,39.3019457186897
A81020,49.7340546227664,36.2711027244299
A81021,69.0226461971474,48.4704167608894
A81022,42.3275255793262,17.2797115272832
A81023,63.328032457892306,54.1801645307652
A81025,36.0852841335149,13.776228774371498
A81026,54.9265228976497,30.1740476151538
A81027,46.9140830841767,14.1373968488329
A81029,78.65974584848891,73.0412030100446
A81030,60.912185369319104,31.517422642892402
A81031,58.9963837003337,19.905713965357
A81032,82.3536014031683,76.1620271610362
A81034,63.8275082887022,26.5701536102117
A81035,56.2846298747564,34.1340240510727
A81036,39.8947300019324,6.32126978536548
A81037,49.1179910233963,38.12829517985
A81038,38.451587671454604,32.418563265448
A81039,85.4272891683878,62.5893666227329
A81040,52.9723835567248,27.496233982824197
A81041,52.222851965887195,31.6207412828873
A81042,60.785358563542104,60.018676112501204
A81044,38.2894638876615,21.677164660775798
A81045,71.1832912987059,59.3086805997652
A81046,56.966980653702905,25.6217243393143
A81048,67.2168424894872,49.2177667449329
A81049,77.4195402437788,62.745699587035396
A81051,46.507474114107,23.8025026733293
A81052,80.7156838964099,47.959854470398696
A81053,82.98476612602819,66.3554720068626
A81054,80.2570607376422,67.0475701913836
A81056,89.10683452139399,90.214034109316
A81057,77.36827664966121,57.81135229505699
A81058,62.404801673346,30.695309273143202
A81060,73.50226524847851,45.6949351394075
A81063,70.2440843831773,56.8527602300152
A81064,81.1758120090288,57.243172100074105
A81065,73.4670994425042,45.8346615956862
A81066,83.7436712589997,71.1762921194304
A81067,53.7161723230651,27.979003476444
A81070,42.8862458417561,17.3977119731683
A81602,94.2651849162633,95.78265697701181
A81608,92.0576835896067,83.8188898744748
A81610,68.5823196760348,37.9524973833896
A81611,75.2698932263262,67.69937060408499
A81612,82.0814948019814,82.32212907051661
A81618,62.7360634299717,33.526757212374704
A81621,50.78908439074979,41.494383243822405
A81622,35.4227591424426,18.2612428800067
A81629,89.8118838637655,83.7063699187517
A81631,87.9181573571708,80.6522879053381
A81634,83.586309400077,78.874322430656
A83005,70.501465193561,34.9095775947058
A83006,96.97962459571819,87.7485614034479
A83010,71.004620123582,47.7931813873156
A83013,77.561719546387,67.8468756956729
A83031,88.4905884869805,63.6896556505691
A83034,89.3818006217374,83.64480183957261
A83040,68.076709756202,57.747800167846194
A83047,60.9243957499005,36.516489188602606
A83048,98.03941069315249,97.0782248129324
A83070,93.66196143114121,98.4249550733725
A83641,79.4939014530393,70.0663054555979
Y00286,81.4744036532241,67.80194370080031
Y03303,,
M81001,62.8888417824501,31.444447571107
M81002,59.864079546589,34.2089821231265
M81004,76.3150598981672,71.2007833340908
M81005,86.4262778148303,60.02686067868011
M81006,67.3686139980162,32.532585042927096
M81007,86.41117553455841,87.3590274235851
M81008,80.74847765499659,53.799571993858095
M81009,74.5409731207329,67.7832533662693
M81010,75.7204825513561,61.2851971636336
M81011,91.0827773158551,88.3765625099753
M81012,50.3421200233332,36.4591641717146
M81015,78.775685757282,70.48071218544379
M81016,81.62829285634619,62.753619755912005
M81017,67.1366690322303,50.234500481214596
M81018,92.13073011723651,86.8669349183568
M81019,59.404283439787,19.8148602212055
M81020,62.715920266829905,41.9415360026667
M81021,78.0905901885261,65.48719840971951
M81022,63.2019334244288,37.1073290629431
M81024,93.5682925749185,88.8982162515109
M81025,77.9858209746818,58.9069758997875
M81026,47.1879442657184,23.6085621332188
M81027,79.0882655831087,68.86228252523759
M81029,84.3849128902052,78.78164529663489
M81032,80.5378026110515,64.6361455218156
M81033,85.9497666827872,85.392829717262
M81034,70.1627932499698,47.8192000858721
M81035,83.7952937168222,66.9161278121027
M81037,70.9519186978965,48.3573449936943
M81038,86.0867843537541,71.33462395886731
M81039,78.67269299753261,67.4076547857922
M81040,79.7515810715237,44.5699662553934
M81041,78.6077513879685,76.316180122746
M81042,95.49434591997749,82.9774065688752
M81043,87.6490220992186,91.4329008883621
M81044,78.78239924322679,71.9835130292757
M81045,99.24277934966061,96.4432895933735
M81046,88.66019666576011,72.6894603152426
M81047,88.0208749966002,72.6474536713099
M81048,78.9138196050542,73.8685207592588
M81049,63.351019633082196,36.014140942955194
M81054,82.1107282488984,74.8735664058713
M81055,86.9443332007548,76.2163956090137
M81056,83.866219704358,63.8740555281356
M81057,70.833799396819,41.9941533045311
M81058,85.8388517558187,78.9843440523327
M81061,74.3817813337611,63.9676773211475
M81063,52.496283142142595,24.222654487893198
M81064,82.48449089343491,68.3630111059133
M81066,55.336331721564804,35.3653067964659
M81067,89.9985598812688,91.1657435688998
M81068,84.82089788964309,70.4234448336229
M81069,78.8557056499015,71.0152070789719
M81070,77.10440519478749,52.9749550412398
M81072,60.2189906481429,32.5046780932639
M81074,81.2366746335901,45.0154853098446
M81075,73.3797068741461,32.7416856261584
M81076,78.3039882657699,84.5465765249733
M81077,88.0899840445995,75.90695978353101
M81078,68.60981679380859,67.0956674511841
M81081,90.9582595346011,88.19934463908889
M81082,71.7131132543909,61.723924487821606
M81083,66.9928715197093,69.7584533986986
M81084,87.2527127853377,84.7565219623407
M81090,92.47234686623341,94.9662017995025
M81091,69.51520935702369,50.5006122737442
M81092,60.7710085861119,56.8046558117559
M81093,82.68771475548459,59.4591385404735
M81094,76.2304471366822,64.7247944900447
M81600,93.88395854523989,89.8100155894243
M81604,90.5377941990128,92.5863771505124
M81605,95.53677837646791,96.0929416067346
M81608,95.16752911362319,90.1865884811107
M81616,81.4586828617189,81.762282524978
M81617,58.8692557564142,44.8278321729503
M81627,83.1113929134467,74.0266121352907
M81629,63.58843789839091,58.155739151354005
Y03602,97.007643109733,94.0972017620474
Y04968,88.5429062764445,76.0001868354683
D82001,85.0924158084737,54.510080162009004
D82002,69.6119440401748,54.7900452838018
D82003,70.3240283359351,45.1988668688583
D82004,77.3712311147356,52.5058926882071
D82005,71.9756620615332,80.0367060993277
D82006,71.404688583997,54.8659689824425
D82007,81.40653945545489,67.0196947757609
D82008,77.8726827480339,66.2576831914651
D82009,76.1645645144191,64.7091554163789
D82010,84.656255085433,83.6886891613602
D82011,67.11676235660829,45.883358112718696
D82012,89.73962974537359,67.92173860246021
D82013,72.3249347350114,51.5300750015794
D82015,43.6856846474771,25.30454182108
D82016,71.7367719622269,66.47199235954629
D82017,65.1074314755837,42.7417994952679
D82018,89.83537056080631,78.8097309247247
D82019,57.25095731030309,26.414871397011503
D82020,68.324122084103,37.0221849903743
D82022,80.3094800907312,78.1942497947237
D82023,41.8607591253775,15.130024240498999
D82024,50.507583188087104,21.745640236796
D82025,90.9599968519784,84.1297395036172
D82026,84.1768749873935,83.5644436497756
D82027,71.03874632284149,49.603933134554204
D82028,81.0574093067162,67.17329452233109
D82029,69.6149008654825,41.4136439660088
D82030,70.94256636001181,59.0352600467168
D82031,72.3861332660973,58.258066767532
D82032,89.8302186115876,81.4783392314117
D82034,49.434470716343796,16.852129707253997
D82035,71.5991985922341,61.1670960911656
D82036,86.2651185285178,63.3968151541092
D82037,67.43696354055591,59.786824245348505
D82038,90.7633163614595,94.9227467611771
D82039,67.9787263142689,41.7874788156101
D82040,60.413997798580596,41.7119417540626
D82041,52.677165691904705,49.0288492778057
D82042,44.8183170783321,24.7047007754998
D82043,82.2165025369206,69.44359524085661
D82044,61.7694117260364,46.0446783628796
D82045,78.99808585843479,52.2969904737282
D82046,93.0000516700672,91.8309379701594
D82047,65.2771424407673,66.2856251120965
D82048,42.536087131251,24.8718752863642
D82049,80.689032596947,85.0436205300695
D82050,77.9132022076072,51.924943038482795
D82051,71.4169369712301,82.2297006337899
D82053,85.6987152586922,89.405719093935
D82054,65.6802431059163,34.4386740869191
D82056,61.5744713193901,37.8813791506962
D82057,67.4002286236139,57.4017949676222
D82058,67.4764188378992,41.020439197918
D82059,80.18040304876351,44.0938235548687
D82060,66.9616094212817,54.732724174262
D82062,86.1241037692605,83.5932509396283
D82063,59.080390269451,30.7936152297124
D82064,38.9764078011904,13.9475906332893
D82065,70.7436624978353,47.9263132741278
D82066,76.56764968936129,52.9719383985186
D82067,88.9357525472932,79.8755513253197
D82068,63.958831483965795,53.2266669133901
D82070,91.6470185701923,78.5178667711106
D82071,47.3453284285651,36.2426319818289
D82072,86.664560426016,74.0355707285813
D82073,68.7568956507993,45.491946043356
D82076,87.1156680666845,85.6147188485058
D82078,84.4135019135463,83.3485961789853
D82079,86.39779365979841,70.4006407256236
D82080,88.6872527006729,72.1928629864932
D82084,65.4831855082847,53.7354644503962
D82085,96.2299512521826,94.3842827200972
D82087,68.8599958266213,44.6324406206967
D82088,83.82562043810819,78.8844218799978
D82096,66.11412931138591,63.0641071198647
D82099,77.0734632230955,30.2208912193412
D82100,90.6513549642791,95.6356492128656
D82104,77.5721505197974,58.3933989165738
D82105,89.2028733127746,83.91196683607
D82106,82.3369628499002,78.48333453431479
D82600,85.2227078319788,85.2801681860536
D82604,73.4972242290161,57.8567648617519
D82618,72.024716260448,45.147173076198
D82621,85.4282487555612,79.4454965713365
D82624,75.9099689688037,52.7737245566398
D82628,97.4088132122621,93.59302055500571
D83002,74.30742064130669,47.8063470495169
D83009,45.9486252720592,28.243907856445798
D83010,75.9333704168294,55.5450346589905
D83011,61.6388726547038,37.2761650971761
D83016,80.1912316108169,78.8352720892309
D83022,95.3308854500283,94.8238203448107
D83023,48.0281101487472,27.764234811821098
D83030,66.5481457679043,54.8072577424707
D83034,85.4146190881573,80.3054333119879
D83035,87.87882500578739,77.5297501151843
D83047,76.6718004123813,51.8843030517849
D83608,89.6968608245846,82.8319740905418
Y00297,68.7062461789579,49.151133370372705
Y01690,68.96622349103009,50.86662413873499
Y02751,76.21728024759989,55.9001888246834
Y03222,91.4451252386074,90.19546670991771
Y03595,87.1137834920406,83.8652119432821
Y05291,69.13460127405851,60.985802461468296
Y06275,78.44644318259199,63.0774632336475
N81001,88.52487469220111,71.0785847284872
N81002,82.28486124970121,50.947942844792706
N81005,82.0328333400978,70.83640214399671
N81006,82.56872827369331,87.3861214230835
N81008,60.7703206152672,41.378782506251795
N81009,63.830502949512,56.1131512228694
N81010,74.9169028359363,43.454812156850906
N81013,76.16624564572871,70.6850541807179
N81016,52.142299400160795,10.997824609747301
N81018,82.79860639350571,64.8293871010915
N81022,73.1636939789401,42.215363277929505
N81024,68.2877953365272,45.9841055185917
N81025,85.2293613916619,49.234862808326604
N81027,67.56238700714779,48.9909399854829
N81029,79.0301494189688,78.70632285702051
N81030,67.18424702657721,52.417264101004704
N81031,87.7441377665236,87.0965871476195
N81032,80.800863887102,45.9331646765987
N81033,93.99728444055519,89.3021304195294
N81034,78.3489629863334,61.0399918437068
N81038,94.0231762417597,94.5956488973319
N81039,76.3443390456664,65.0323310627243
N81040,86.0883754644714,78.4099976238658
N81043,83.57672505833659,71.8401949974799
N81044,47.8635376987231,39.2913988227047
N81046,46.7629918479154,29.1527972736857
N81047,60.4205015881313,26.492831923133497
N81049,81.9053166043078,77.6241024560287
N81050,51.5541587060939,37.4151664939319
N81051,63.7977971492921,56.8536044992286
N81052,73.9265620200802,41.8173192097019
N81053,58.345360775793495,18.7268456982789
N81055,64.2166112876092,53.7080117575685
N81060,79.9129788659494,56.0016349953814
N81061,77.1530490606015,57.5835634414978
N81062,71.8961992604288,54.9443381792645
N81063,83.6074694705961,50.7563993848038
N81067,67.1108322360839,30.267566857632
N81068,51.554739738814106,22.7842320680357
N81069,93.7018408372956,93.3130320908221
N81070,92.4035950666861,73.23846941618
N81071,81.12561052266571,80.843526234314
N81074,87.62747638874579,87.4171221442672
N81077,74.9928933693656,36.7398087102614
N81079,76.1298010225421,55.829511631796905
N81080,79.3232303187725,54.0462101789313
N81081,62.8032640701828,58.458264820014605
N81082,62.7335116801141,32.7427982246827
N81084,64.829149816197,34.213499751182404
N81085,90.3530198723766,86.2048018720298
N81086,90.6169349784108,79.19654739377961
N81087,60.6769674124764,35.126754511852695
N81088,65.9886597698455,40.0834624929012
N81090,69.3159830329497,54.6858139814006
N81092,75.9179608193611,49.7305282720341
N81093,59.5136677672813,30.264845639765497
N81100,80.0129173216568,61.6472516094688
N81101,77.4992614019414,50.3626015116702
N81102,70.723479864082,63.6173728965612
N81111,76.7881503490259,61.516409635707504
N81113,66.7287184871177,50.2947409907266
N81115,69.22617361144499,55.3694615741639
N81117,76.5559625743703,55.15990559695349
N81118,60.5402841500846,46.4516542739398
N81120,89.4078955135429,75.8628593057219
N81121,82.4418382563218,73.7411763485722
N81123,71.7091332081702,71.34876905649091
N81125,80.50432079238679,64.2897837253135
N81127,85.4145535742664,83.4418108069042
N81607,82.67747302547261,69.25511737989521
N81614,98.8650415482672,98.60983608262501
N81624,64.39880556035091,48.6094094112851
N81626,84.2209424806215,85.40098055735619
N81632,80.7632049049039,69.9546751588333
N81642,80.75040145934071,74.4721839169602
N81655,93.8486806373216,76.9350814588325
Y04664,81.82413982198659,71.7545809622637
Y05750,68.0800064437025,
B82007,72.9071181509821,57.1897405466229
B82053,73.7567114124682,46.7733001125981
B83002,87.3030184817367,71.7812425246056
B83005,63.666270376891596,49.8687291320645
B83008,38.3319112077685,8.93667536090207
B83009,58.188782050277595,37.9807250281902
B83010,41.5624514472718,22.5949417114192
B83012,44.9346835056754,20.6985810849813
B83014,86.91791618531181,63.84273254132879
B83015,54.785609509130396,33.6652315561631
B83016,72.50839681185039,52.6174192211043
B83018,69.6662786825377,62.24428386122119
B83019,89.3187502602359,80.5534280527933
B83020,52.5334648631934,31.2311944539315
B83022,89.2379233648912,77.988361491274
B83025,73.8794550058856,52.8528787002847
B83026,61.69706169171481,46.988467304927504
B83028,47.5783512074622,25.210623452894197
B83029,63.5273421290791,39.6747653943179
B83031,86.40300696726611,82.9739860740791
B83032,57.2007921466998,45.268452118978395
B83033,51.9248605934026,18.618010746767098
B83034,56.689076114859205,27.364724996269402
B83035,68.2531766968785,50.539689223027594
B83037,59.74720268173171,34.377551967584104
B83038,52.455021897040396,23.800670738208098
B83039,79.1751500767473,62.614997255183305
B83041,44.6011584549307,13.0990317003539
B83042,70.9281005313812,47.6989313297106
B83045,47.2495699514617,27.7718246033741
B83051,83.43753967822471,71.78209192178619
B83052,34.6095848719713,12.501625748258899
B83054,67.3213147565066,52.6510995806818
B83055,40.986668477298096,5.39294768923877
B83056,68.826851845528,56.3779874753241
B83058,60.931379638443794,35.440753260852595
B83062,52.8440997094755,23.975740714611298
B83063,47.8302024512134,22.3501497543346
B83064,65.7201098663512,57.937550949097
B83067,81.2327471837949,62.0573793496421
B83604,77.23988136792201,55.6344661177673
B83611,58.262935005121996,51.4049571661786
B83614,58.3208254037469,41.902839239644
B83620,92.9680701757336,89.3057518932163
B83621,59.374493128325604,44.7253066744545
B83622,69.60100994173139,65.54952605444029
B83624,69.2461830427997,46.543117148548404
B83626,31.141824102942,16.7823227571699
B83627,60.450250394165195,51.778953511054105
B83628,55.858585884218606,44.4842885290637
B83629,69.857031584659,60.1803626734153
B83641,65.6191166104136,56.7003530330398
B83642,76.1914776459884,61.4384964066207
B83653,41.289493286249,13.6515042684274
B83657,78.8050752603681,54.9508931123723
B83659,66.0726828324101,50.1781954149604
B83660,33.0672455157694,19.500022950999398
B83661,69.8935217019417,58.721292742020104
Y01118,67.4992647166987,52.501485681199
H83001,50.3727861674127,38.825377255788
H83004,77.5354769493143,87.80363575290609
H83005,79.7636149677779,70.4608384320524
H83006,73.5995161646549,59.527999145322696
H83007,67.8271350998389,55.4456737502385
H83008,69.2161962268267,57.1866997010417
H83009,89.2741827852786,68.492762364275
H83010,57.69564841487011,48.2430471663629
H83011,69.9232537585592,70.1806976579642
H83012,65.2926937902222,44.813633650123
H83013,87.9740438478907,75.7172657954117
H83014,82.1658959045245,81.6369790938549
H83015,72.660119807372,47.6769770645184
H83016,57.7504105024786,23.7846573864257
H83017,70.9327432680102,42.4014126213226
H83018,94.8846653034978,88.2156101453521
H83019,66.4975180030195,64.6661479257776
H83020,74.3415183722609,51.032339795970906
H83021,53.2205978987054,39.1317063555241
H83022,57.8380420931477,46.944047511889394
H83023,58.253848644039195,48.0607912816771
H83024,58.3415895939544,44.6055991528159
H83028,82.6271788797017,77.258016999611
H83029,73.67963172499479,55.8310372582982
H83030,85.9804110282527,79.170684077407
H83031,69.5387864916253,64.3369811788903
H83033,88.7666141718146,75.8588986734525
H83034,50.6001113263211,43.080276832625096
H83037,84.4710548338622,80.8608070875716
H83039,91.5970407523889,84.99136882553951
H83042,68.779918429584,36.6152313264864
H83043,80.9537388618357,75.2011190496675
H83044,64.1597024154876,43.7071618320003
H83049,83.8223305973558,75.21198877934539
H83051,63.989380059620004,51.6779241459041
H83052,85.8858894924532,77.9296039369578
H83053,61.3183110577839,31.8195457534717
H83608,69.2958044519235,58.7771193876967
H83609,83.74879330003199,84.276462070809
H83611,87.69013598614,87.3012627380009
H83624,74.21752667135179,65.2785340561122
H83627,79.3419370917681,75.9270848887863
H83631,46.7211853448137,37.8515368607932
H84002,68.63912980948609,62.676096814890606
H84005,63.811284299930904,58.748501565947194
H84006,83.7323027342172,66.6074459755473
H84007,64.6747102641163,47.3793378210501
H84010,88.5820629564237,60.549605369578295
H84012,88.1486257079836,86.5098860347463
H84014,93.770924350042,96.2797494532075
H84015,82.5585330358287,68.52586599309069
H84016,56.6428064289704,31.921242454066203
H84017,75.50555587576339,69.28762503321731
H84018,74.5426523762283,64.0311858356676
H84020,57.4257588855984,39.1128937684804
H84023,86.9190913137821,83.0576341459396
H84025,73.7708428774183,53.321152314934096
H84027,68.9724897922512,41.283525925873796
H84030,65.9011729134609,41.7300119911743
H84031,82.8233449464566,74.8274581886763
H84032,78.7832141932755,58.5024189277274
H84033,90.81137060469901,88.1743726147602
H84034,75.9422300843809,50.0072555149055
H84039,92.3144802832262,78.92710333026251
H84040,64.2237039695536,45.2501024625328
H84041,85.36440200917251,80.5740403079444
H84042,71.8645814127712,47.1031717595807
H84044,81.8481335841271,71.6846645357641
H84048,94.76888663370731,87.2194990456031
H84050,65.59697822923421,42.405717556712105
H84051,70.8975181549079,65.99128544810469
H84053,85.4170998651784,67.32188308385439
H84054,81.1011279667903,81.28164819369191
H84055,86.85950707971661,74.76971268150619
H84057,84.115614278967,80.93417424177281
H84059,70.6116236832153,56.441826620409294
H84060,88.1628028525444,97.3357167408047
H84061,82.8401684080013,71.7779541581169
H84062,72.761640793918,48.4657954106641
H84618,87.7576919417811,88.23547158443
H84619,78.97182655714819,55.22855015181109
H84623,62.513052691584,25.367585678645398
H84625,77.0723887085927,72.58321219485
H84630,83.8280592127863,73.850420543271
H84635,73.3013178428123,57.55237147264221
H84639,81.02829407595729,82.3099725359977
H85001,74.1955506026953,48.5346526950251
H85002,59.128415297668504,56.7385657622444
H85003,81.9693954626686,77.53211227408539
H85005,,
H85006,87.0309285567885,70.1638655643777
H85007,82.3075608736267,57.734259160255796
H85008,92.7979524648722,83.9787643622879
H85009,72.9198631231559,60.6572979274173
H85011,78.9757865936511,56.0870288923181
H85012,78.8195740114762,54.608711094003304
H85018,68.5912073157171,47.9961766230869
H85020,80.5426134454671,64.5322444785308
H85021,82.9267186233175,72.6199221368206
H85022,88.7269395080677,82.28946093194949
H85023,72.9454143761389,66.3195656691989
H85024,65.3356190396687,44.3643268610754
H85025,94.36469746084781,84.598279481539
H85026,60.870762718373804,55.492913033367294
H85027,83.31489192407649,84.57801875641479
H85028,71.8701323499109,57.2689654742909
H85029,64.3728152189615,46.823167236424
H85030,78.0865200621236,68.08772252839171
H85031,65.3493540875137,66.5954997443274
H85032,86.8497019666165,82.80957103760261
H85033,71.1409876340272,50.5579803468673
H85037,75.21542676409891,59.000370741764094
H85038,63.3357013230996,36.1857734908056
H85041,81.2143003582335,65.192501226096
H85045,64.2583166045372,50.9000583300549
H85047,78.73989572548061,58.34833575348149
H85048,62.2868712060897,41.0169825938074
H85049,67.1932880129722,71.4456865406051
H85051,90.1842295673168,68.690175899528
H85052,80.5506153359774,54.3549274502817
H85053,86.13470450399569,85.5354499625303
H85055,87.7660948244509,82.1991757146113
H85057,82.3085933436297,71.74163740535239
H85061,87.95176977642029,84.7235698405108
H85063,58.801830029768,24.0138147271884
H85065,72.4732019146047,63.942206595173104
H85066,72.18671838056841,55.044790389627494
H85067,68.41346045935029,49.000392077432096
H85069,91.1742743032345,77.82386495212779
H85070,68.6427726130825,39.92436501852
H85075,76.8742147609293,68.98093067292609
H85076,83.4104708770225,60.5190234811481
H85077,87.4580766649586,88.4480270481037
H85078,72.9792591236079,68.21287606459721
H85082,71.853210492814,67.3994804754816
H85087,90.9657258638782,86.8273115570268
H85088,93.0470641471276,86.2448985742885
H85090,76.0431431267211,58.732896872711606
H85092,89.9649004078465,83.1732706681752
H85095,59.315861750134005,36.9292177247266
H85100,78.0396271777079,78.8497473028263
H85101,75.059702174452,67.7220645220127
H85103,82.1753440279946,83.5027384936798
H85105,76.8271816859741,67.6316065368344
H85110,74.20937927066909,63.203843527729894
H85111,76.812308166668,59.077070453854496
H85112,88.1094869812338,78.9363970680716
H85113,77.6184646516394,68.55525047108631
H85114,35.1190014484028,25.8537634491747
H85115,59.23348865940869,40.2923663019903
H85116,60.1769576472327,43.7622082445444
H85618,51.2933046926625,35.0894491657967
H85634,58.1898895412995,47.9508103478911
H85637,92.2774527502974,83.5221929461617
H85649,65.5427731688018,41.7816598751728
H85653,63.75289036087371,34.6300533326797
H85656,71.4805678872832,64.2725493044355
H85659,73.9823197508923,87.010165752387
H85662,53.4507059716167,39.5705439460327
H85664,73.2421560692142,81.5593039558093
H85680,70.4053536328919,53.43002844033769
H85682,78.0976035467964,67.3120874819738
H85683,54.899024731881795,41.5625987980987
H85686,94.3498517427777,84.7665837313619
H85693,50.6152688415069,27.062390618611097
Y01132,80.3353047985398,66.2964927056497
Y01206,86.9590018972207,58.6503884413731
Y02423,75.1996716693514,63.332507838076005
Y02946,81.2025525216027,73.087865164043
Y02962,65.7019596399647,54.5936732718624
Y05317,52.9246168474369,33.9551851504078
Y05318,61.4879172487678,42.2105559122636
Y05857,,
B82002,82.8907933707,65.405842101311
B82004,77.8910690342788,67.089226275938
B82008,76.7461512520986,79.242672165767
B82010,87.69846221903241,77.2047271254215
B82011,91.1118915984245,89.7214504551679
B82012,76.92752646166791,44.6089171692416
B82013,74.6943734323488,56.990229751591606
B82014,89.7476424867709,72.6992062482442
B82016,70.8141143265662,46.288115416855504
B82017,92.1661508873202,76.1513246977145
B82018,94.5344210525787,92.99230789395399
B82019,91.711533359384,89.2571203841872
B82022,93.1833538337567,82.371225310686
B82023,62.5223690115698,83.2194615908475
B82024,73.7330070334261,62.3378771152945
B82025,78.11368470966241,63.8971067376195
B82027,60.289508144391,25.842244361143702
B82029,97.5409846733576,95.2327167208741
B82030,90.7523190307174,86.3690517921771
B82031,67.7826749108286,44.842606238155405
B82032,87.23021699803701,84.4711653975633
B82033,62.661605042846006,52.7244535596906
B82034,87.0358307969727,79.6052685764775
B82035,94.3172921429824,92.1851605051411
B82036,79.33483477301539,70.9775488092446
B82037,74.7003553486197,68.1596693464386
B82038,54.751294878594,26.6757021248287
B82041,45.8881031462831,23.6440071759337
B82042,85.6259517663108,69.5824234322251
B82044,91.03849032233839,77.4215663748046
B82045,90.5212585955791,86.8830734978454
B82046,86.804706559708,90.0273683188921
B82049,73.9904232749124,52.0609953563959
B82050,82.7473723435061,75.0111020710708
B82054,68.7651769900556,57.6109660403043
B82057,90.6301690092087,88.2796623148817
B82059,82.5003382203634,71.262939201688
B82060,74.52165005485139,68.8706002657854
B82063,94.1579931762031,81.5657250070998
B82064,76.5751508883767,79.51823266407621
B82066,82.2050461504377,67.0547869245175
B82067,94.1107272276053,90.2581162888751
B82068,92.2132319491196,95.0067430617088
B82069,91.30020064108851,87.8534696010785
B82072,90.0570671943798,87.7430078723542
B82073,67.7450373866205,51.267424241255696
B82074,62.798542830609605,45.491732556060995
B82075,79.81302042009361,66.1790131435505
B82077,89.0303541855961,81.5336863492006
B82078,85.5817060395282,80.3603164633815
B82079,95.5731939039258,95.3557971485732
B82086,95.09226896134551,91.000821897374
B82088,64.29898847933289,30.422028790962802
B82091,81.7741623098723,53.353897398240804
B82097,63.467935782250095,62.0187927978601
B82101,89.2026275016834,89.8977044595806
B82104,74.54807306126891,75.2987291874605
B82105,71.9751243257354,54.079233495464095
B82106,68.359783844773,60.481998074184794
B82609,90.6530816382924,93.5108546539248
B82619,98.1536251155015,98.0297173504727
B82622,95.59195168831221,94.53188554302629
B82628,92.6536971291933,86.4205224356585
Y02669,67.27548722254059,63.7921736400451
Y07377,,
C82040,90.5326310097016,83.6657274527053
C84004,51.4858043344111,31.2603863343897
C84005,48.1865887855351,32.6906272600949
C84009,59.6210705362888,35.0364734221901
C84010,47.592970110791,22.102362587613598
C84011,81.5621812551826,62.4444586871039
C84012,48.767545255402,14.6795429460156
C84014,77.41979015207279,56.8061510622232
C84016,65.6506092546596,16.2346040963781
C84017,47.9334450178493,45.0207395153827
C84018,49.1418596859621,24.358847668532
C84019,65.1752650612633,34.564939007582005
C84020,52.6395932124616,31.3430702310371
C84021,57.2435478962345,47.966817006846604
C84023,88.16981339274031,74.4731626152966
C84025,86.0736161523883,82.6421035715486
C84026,71.8546031565417,55.659659933262596
C84028,84.9590119411743,80.2707922623804
C84029,72.49141292934421,45.3716796159516
C84030,89.6510580043266,84.0758913132585
C84031,85.8384720834157,75.6446036456106
C84032,67.55244059003161,43.452783905416496
C84033,71.0965808629218,50.8428048220394
C84034,53.9390080196561,37.801899732147
C84036,67.497414407612,46.747346755952904
C84037,57.6017638468637,45.8371982178673
C84039,50.838451609832504,20.412974758677798
C84042,74.7867337006787,62.6138395944056
C84043,44.4006221499923,16.4283093292094
C84044,70.5708819935265,39.3498020504642
C84045,82.662545753133,75.0278345845163
C84046,48.8011102974634,43.2252427012943
C84047,79.45715401231371,48.0427715981434
C84049,76.39368676876511,45.133687177700196
C84051,62.0897083207627,22.486589298420302
C84053,64.7362898484374,39.423644941825096
C84055,65.4315779796661,33.2195395542116
C84057,83.5388892836292,81.2229722122602
C84059,55.3219651945774,33.4497180740283
C84060,48.9887021887016,29.6306518736212
C84061,74.0508624881567,58.3435447435853
C84063,39.7581403386792,15.8779666484262
C84064,67.4294503804898,35.341482033389
C84065,78.6833516838446,65.73990735847511
C84066,37.4276245067397,18.029963630061697
C84067,66.8369324077218,49.9640987694249
C84069,65.8784489781376,33.3734531546458
C84072,69.3683057176962,56.402073656684
C84074,82.0264073648746,63.102296570806004
C84076,85.0495311233352,77.0617281664082
C84077,73.9343572313773,55.3329379169054
C84078,44.199139057861096,21.7323397475822
C84080,79.9348924330869,65.0462347720547
C84081,61.595309978547,43.0987859296918
C84084,66.3553800328742,47.346922594084404
C84085,75.8810174921551,43.6865487597906
C84086,92.0121537318384,73.6194434918295
C84087,61.4013830692666,45.580072220505
C84090,80.52204171831751,56.4444511249004
C84091,63.6680762898204,52.9717693367863
C84092,76.4416741552849,61.78540864525039
C84095,51.8839632998069,37.8520157568217
C84103,66.4482496287475,54.5087239577031
C84105,67.3608774826444,41.8251881367503
C84106,57.3912315679894,37.7681842796934
C84107,60.0641881293115,28.6515570934913
C84112,89.7478869079818,94.0250764970902
C84113,70.2704796437847,60.658312946320805
C84115,81.8942731056025,84.05270352102731
C84116,42.0915864924574,22.422889834416303
C84117,74.5058303061311,53.2681265662714
C84120,88.1485047096028,77.729893080286
C84122,72.8453955073604,57.232100324490695
C84123,82.5457799917442,75.4257468686057
C84129,40.2161261443461,26.482848050552498
C84131,79.665773805627,67.8775630165745
C84136,52.093297317009004,29.3209068672027
C84140,75.6400483547275,45.0606366925969
C84142,84.65646862921349,80.3499829264394
C84144,84.6527154456881,76.1578552324587
C84150,89.4534894329144,81.4705309668181
C84151,61.2497626380892,50.2169159887342
C84605,92.8073982273949,86.3007764511318
C84613,40.145864549745504,9.834722067041229
C84619,88.0753163796414,79.9596212205126
C84621,84.8546667975608,79.3369874965203
C84624,90.092959589373,84.2432969816693
C84628,64.9944065734705,50.73198457204769
C84629,72.560961802393,46.0422309056624
C84637,71.5677703483444,58.085969549238605
C84646,54.6921850136216,36.668118886173
C84654,68.0917745809173,46.8137784008773
C84656,80.2048803249911,80.5929147998273
C84658,45.232464979911,25.1155028523728
C84660,85.9539327897045,82.8039607179696
C84664,79.57225316306071,65.8418539453434
C84667,83.332108166176,75.684078396717
C84676,67.05866634875059,49.8017957341422
C84679,73.5483342107943,64.8054991912895
C84682,88.0695406793293,75.9584521442834
C84683,51.108607797649896,22.5666765258809
C84691,62.157626602723205,37.2079226263146
C84693,68.9706881578536,72.1121574326966
C84694,71.90029015608211,50.148729254932
C84695,83.8223154246853,65.1575697842018
C84696,53.3673664507767,21.8562287362498
C84703,76.78156872049719,72.7170897751231
C84704,80.7436553121707,69.3630386746087
C84705,79.6384345546342,76.6112939705221
C84714,68.8583094389452,57.972081559757804
C84720,,
Y00026,72.3508028293401,64.2573546919282
Y02847,51.473894812084495,32.8752554184875
Y03124,32.4049535931644,17.3075700312624
Y05369,51.14892972587371,23.575941777870298
Y05622,52.4996707087837,32.001706091876905
Y05690,66.0625463308379,59.2170168681037
Y06356,33.033381029707,12.7074816395679
Y06443,42.749585444055796,15.196704765947
Y06792,51.585054299022005,34.1395005025267
H82003,86.2590799530626,77.2057717948664
H82004,91.75420045295391,84.9481410141347
H82005,63.390065750548395,33.8294358059065
H82006,74.34870322194081,53.066251640808005
H82007,69.4357361819839,41.8677091763617
H82009,81.7451505403775,63.718533009593
H82011,73.36780756483509,59.3255615850895
H82012,66.05135411960819,44.35829703647
H82013,79.9297432199986,80.71441124705629
H82014,57.7471309080959,24.5345157597788
H82016,67.14675458539,42.7479145291379
H82017,46.1798315836014,24.4580077163948
H82020,74.3425390000211,50.290252685042404
H82021,72.5109143432312,69.51124088824699
H82022,66.3692996925994,63.556571343203906
H82023,79.7391708373375,56.638191358154
H82025,78.0125578723306,63.8040289592976
H82026,54.5742679592642,29.2709165094881
H82027,66.74420857748869,63.35433067516279
H82028,52.0369281444906,34.5086706360417
H82030,81.4331506760944,71.30310472409789
H82031,76.07265567459069,72.9601364605799
H82032,94.921725873772,76.68059996587489
H82033,62.5191514149711,48.818035050368906
H82034,62.3347497929991,43.3636981211776
H82035,60.187078107958904,33.781934560746905
H82036,73.7980459541677,51.7936347250349
H82037,82.9130314070857,67.06067966405041
H82038,59.90507980520749,42.4521405018626
H82039,75.4328226723255,50.5531709747816
H82040,36.9433129305908,16.2149025007398
H82041,66.2889985922296,45.4021242346822
H82042,49.1856437250535,29.3708985240129
H82043,70.60056241604829,54.546017077348296
H82044,60.7951022572814,37.893696834002
H82045,67.4610323661294,42.1260082304279
H82046,67.41856993359539,48.067019109613604
H82047,68.0571408337323,44.9988052141668
H82048,74.5709460465808,39.84648186207
H82049,66.5356684496544,52.40372077746051
H82050,72.7146226491416,60.016394346354
H82051,64.2583708513619,49.8553487869053
H82052,67.7531833544892,52.560984592309
H82053,76.10700789976,75.009945691696
H82055,56.2705204464184,33.851578767506105
H82056,80.3562676594364,75.37972117596951
H82057,78.8517510430519,67.8922727924826
H82058,77.4970728814873,72.3283676180881
H82059,81.8749259299976,65.6887948691133
H82060,75.00426650430731,56.398319798111196
H82061,86.1242324242013,76.67621960519
H82063,66.8745034046121,47.7967142828094
H82064,47.5763290183843,32.0329425992256
H82065,73.5237949116719,43.2295564068943
H82066,59.3831406366943,30.264424223869703
H82067,88.224275063696,90.5627456648932
H82070,78.6948102774616,53.6884838069602
H82072,57.8533783253539,34.0663239583633
H82076,94.8602221205107,98.2364083223408
H82077,64.75409935618241,37.570187596209195
H82078,58.412592551521,28.131720169716402
H82084,71.7063141057661,59.3884948356519
H82087,80.7164196116495,71.9275054562776
H82088,71.04272088385109,60.699175252238504
H82089,76.9954399363834,71.59187003711351
H82091,44.9333418360491,27.139282001085803
H82092,80.6352403080518,71.5913637687877
H82095,60.5580045826656,43.1873287708129
H82096,52.444442575272696,37.4186447311633
H82098,62.8710819770926,27.432565236151902
H82099,89.2583402039627,81.4330297841669
H82100,76.4326750779666,56.5189722360962
H82615,55.2043171955419,21.5732463593376
H82640,89.4987207117253,81.1523087811376
Y00351,51.2581263343494,37.6071160930439
C82076,68.7290156669809,43.3223470581026
C83001,80.9424579342785,49.3541901772042
C83002,86.9966471294683,80.04926522417149
C83003,56.81831808512759,35.268179533261105
C83004,57.8374006872812,36.366033502582404
C83005,77.2058713638365,60.8543741563776
C83007,33.9788577827228,11.259263284525002
C83008,67.1174004152278,46.0631637609642
C83009,80.692721778957,49.7552245719177
C83010,52.6849141363835,16.5405448741194
C83011,78.1509467936281,51.3961589322611
C83013,58.1026834390331,42.0170696362129
C83014,79.18899001476511,58.4602692622055
C83015,80.91448080186771,72.784439651803
C83018,61.219486358389695,27.9433415275195
C83019,71.3466564015783,52.1944591532092
C83020,89.5738273342151,82.9976833257859
C83022,80.2460542152412,70.8772620930356
C83023,71.3169317625002,46.9516849703146
C83024,77.8309886639436,86.0763166068936
C83025,68.7705638007404,39.7550238487091
C83026,34.804722315057,20.8116446989032
C83027,68.0770772993874,36.597348003122
C83028,81.55031998735221,64.9759466263706
C83029,53.2303630238172,36.2453488495158
C83030,90.7339187579442,86.19979242380231
C83031,69.6846169419881,34.6722848032842
C83032,70.3556860686902,39.1533831848777
C83033,89.9886428501011,85.21388171415029
C83035,72.5059195461574,53.253709921305706
C83036,72.63710744505521,62.2973196641914
C83037,70.3992281089616,42.4134969166609
C83038,68.1327478630676,43.8731563255906
C83039,71.03637039652469,70.8979179868474
C83040,71.6277787025011,55.3749915423144
C83041,72.4853221568268,55.53679551801069
C83042,64.70967585299509,45.0644983622108
C83043,82.0837944977668,52.5768920860857
C83044,49.0100975377745,17.868683060577002
C83045,65.16246724417381,46.1667970224325
C83046,80.26966868799519,75.12944674102499
C83048,67.9494647039124,51.549234085532206
C83049,62.5772993632915,41.206938187846895
C83051,77.2497172940664,49.6081679930465
C83052,90.5376682522055,83.704983797097
C83053,77.58685849620241,79.43202845974841
C83054,51.721811196698795,27.193092172182197
C83055,75.8071554382894,76.0746340531468
C83056,44.9812602947229,18.9315671025476
C83057,72.3006611684926,47.9726871623566
C83058,90.8115613656322,86.2809383587341
C83059,48.1499306006752,25.980546032588396
C83060,36.1233140048902,15.9887801711393
C83061,60.7558791641074,38.4490468091289
C83062,68.5361587469973,55.54504725481449
C83063,69.9221201515454,38.615078696842
C83064,50.9475804198235,22.3022929946288
C83065,67.1938051750347,47.576469490525504
C83067,89.21904801823,87.5727841677694
C83072,69.6426191918412,55.7709817931333
C83073,69.48941969631571,52.04070965336099
C83074,97.3322512375306,90.5147686048649
C83075,73.8163323156742,61.6348216778659
C83078,74.13845038568229,45.8468469835659
C83079,82.4783881428491,76.1373254022576
C83080,67.4234393602563,65.0844992232201
C83082,86.20908214698851,72.26230043581991
C83083,66.51387073321669,56.4400445871337
C83085,58.193297746429096,27.473690577048
C83611,68.5449485999674,46.8982595981998
C83613,79.45738193441379,68.7360830870401
C83614,90.7726379240408,85.7514847594834
C83617,49.866673625341,20.0907693357753
C83626,77.0515181343456,57.8992011138276
C83634,75.41737483600201,59.921041686155796
C83635,68.77844988674589,54.1095042809563
C83641,72.6202438899448,56.9280766742116
C83643,77.2768855326928,79.9743039774844
C83649,89.9969011565209,92.7764776113707
C83650,82.9558001223937,81.029306511126
Y01652,84.1631771098522,87.7814004591003
G83001,68.3549221939304,50.6950012174862
G83002,45.5674838053435,31.9610285792144
G83004,65.5221860977221,31.733721522137596
G83006,61.7161746379268,37.5276386909548
G83009,61.472259684460695,52.510386482859694
G83010,65.0845002756811,28.267054542651
G83012,71.5155936924621,41.2331983404894
G83013,60.5086253470371,53.1802052874408
G83015,50.973602986614395,33.3480147131207
G83016,37.451535437889596,19.273159034767502
G83018,43.6125564211099,29.000515414927403
G83019,35.718311815882906,8.21456791715815
G83021,62.15364149577181,46.404910303076605
G83024,89.57945028197581,91.41176481023649
G83025,63.2533258958046,46.305835465563
G83026,67.7021402032711,25.3190794997481
G83027,55.5812754043269,44.0063400230031
G83028,58.145799284719004,42.8880817948083
G83029,69.47905553179051,59.920173178024406
G83030,61.889603364249105,56.737074319789
G83031,72.1756116701863,46.3579686184638
G83033,59.0099814559794,37.1522637166537
G83039,60.898953517832396,32.138505280990195
G83044,63.334816019772,39.6703602618232
G83046,62.9631327135557,66.7569661569906
G83047,64.6643984034365,24.7101943709674
G83049,89.0179552541592,71.2936735169123
G83052,55.189935604387294,19.6634991532454
G83053,53.83276966524559,34.999815727513
G83057,70.4987757171936,31.8018433616992
G83058,76.3773020516037,61.4149361567819
G83060,62.3985995230952,42.4915879552984
G83062,65.3330217702935,41.775008365898394
G83065,61.14927929158001,40.0982622791006
G83066,56.821112432736996,32.313947596275696
G83067,77.6097956058228,53.7317237166422
G83628,72.8522486357364,49.931673655480104
G83630,56.1678318001161,32.0195575807234
G83631,72.4223518815372,62.799201706032605
G83633,36.8399391647216,27.967654706443902
G83635,59.4382736090186,59.5102278405292
G83641,77.6266730759932,65.5079753863347
G83642,48.0369125803885,37.223285530602
G83647,71.0495851971249,58.717306735294095
G83651,62.139972766959794,50.486457774437696
G83654,54.794713701917594,43.3324192146367
G83673,75.81789715514921,61.5662747699672
G83680,69.3627674063118,45.5118492229324
G84001,58.9713142938589,34.0645690719687
G84002,73.35480109630849,62.437856419869995
G84003,67.76854854141831,45.349300696139
G84004,53.7703067460867,25.180891349595303
G84005,74.4581053586833,66.2080100176309
G84006,59.034506635585906,44.2495575941593
G84007,56.2085361055233,39.7996772673372
G84008,84.0219751679567,82.0510146510279
G84009,87.5819998122041,79.5409576642565
G84010,58.8233243631619,25.1286666412472
G84011,73.6663424989913,64.8449627437133
G84013,65.5861584480594,54.7613472477577
G84015,51.352130681311706,33.4808535421919
G84016,44.0326188977521,32.2548167425451
G84017,62.646585988636105,36.4637933027768
G84018,59.9315516214984,45.4826222744106
G84019,54.3586541127818,30.888592584439
G84020,53.3770367116173,31.1433596595828
G84023,63.975205292735204,31.2639167601957
G84024,52.888133767233306,27.8859101713132
G84025,65.9756458207673,45.8883832146119
G84027,62.4849629863689,36.3075382558774
G84028,81.1262486991616,65.7728400931036
G84029,70.0373041863156,45.2645066253574
G84030,75.2005286362371,65.6173851739043
G84032,50.5189945856086,40.170732196430095
G84033,83.4812781008811,69.004974699611
G84035,67.0475760764265,44.8693862503536
G84039,81.29033362441879,87.4448929234601
G84040,55.6206644989121,34.407517410272
G84041,73.8906251738685,70.882847169527
G84604,62.485442173153906,62.4899666781868
G84607,65.97564203399419,41.3908603340135
G84609,64.4854728823825,72.26720314929341
G84621,57.625928938707204,51.617896841782695
G84624,60.3851525241774,47.465894466265404
G84625,69.7841086127668,61.5836961971671
G84627,51.3707474298565,25.0001026900029
G84629,78.89301127612521,63.05831128721749
G84630,47.7823121875902,33.9173981067298
G85001,38.0116838367694,17.046302197395597
G85002,56.0587659268701,27.2685891758674
G85004,49.552827035597005,26.5848945607422
G85006,49.003955813514,30.886559264493503
G85011,71.5948576440406,65.0725416489671
G85013,73.8182221010381,57.3587048869167
G85014,49.1033591081637,19.7130222068959
G85015,37.2194345678295,22.2559923151002
G85016,82.1105802603287,74.6849762053386
G85019,78.85827121949231,61.8798841510225
G85020,67.0536084628837,67.4222928480526
G85021,71.3514455100183,56.91496888484549
G85022,73.9794292922864,47.7139914939895
G85023,61.9225581879532,51.333258136585904
G85024,53.155733989143094,33.6734360619343
G85025,69.04277127238821,46.3287709796632
G85026,68.4751696850265,53.475004544593595
G85027,51.6565067754067,38.5802544061911
G85028,73.0725193355375,66.3365627997715
G85029,67.2478332736125,56.2469422776345
G85030,69.454851836549,35.9619699216869
G85031,69.3259032297935,67.106218729556
G85032,62.8236710525228,56.31341763459869
G85034,51.315427822621096,26.5401897460506
G85038,38.3428531560251,16.0438655914963
G85039,69.27738944146729,50.9169950224947
G85040,59.4969138980457,46.0788088472516
G85041,86.19435240985081,69.5031560447969
G85042,87.4177243711619,70.0011270838363
G85044,85.2631606280324,88.1337902467638
G85045,68.4891197869814,50.4870172113993
G85046,79.6140231899128,77.9722568016405
G85047,66.0152388892485,64.4826249819647
G85051,95.4332730247809,83.9964779465922
G85052,64.2100508026934,57.5363690953551
G85053,52.246117375829904,36.4825481934949
G85054,77.5545496133096,76.8778626166974
G85057,71.5211568264398,58.2435784629412
G85061,86.5366301730365,79.5025091876109
G85073,74.8967402685579,70.2955055640129
G85076,53.4553728166494,41.9369895691966
G85083,86.008500148168,65.9534366408355
G85084,63.8294421953437,43.4446304768344
G85085,72.47236655990869,67.6480742877572
G85086,86.8737418187432,66.977730412448
G85087,67.2944954333515,48.3846181315257
G85091,86.0826560250867,79.08698661771861
G85096,64.480108269151,39.8956946748185
G85100,65.1442868986507,67.9925084507157
G85102,64.8144128241075,62.518516921385405
G85104,66.12586191052951,47.8114044452617
G85105,65.34558903921351,58.3333263301667
G85109,83.0884994182101,70.9028882166211
G85114,62.2167243051334,40.6795627761543
G85119,76.1359866154867,84.5095771944023
G85120,53.8302536300483,34.9460257450901
G85121,68.1018479203052,57.800933712888906
G85123,62.55823382394829,54.626261011240096
G85125,71.66202241241089,68.64440312873829
G85127,67.6617238402849,56.574549515433006
G85129,72.7394961655335,45.808734502522704
G85130,52.3877733369587,41.9303159394562
G85132,47.1103308649447,27.408099484111897
G85134,75.99223765911461,63.294693037166006
G85135,85.0726100799018,67.0698224730849
G85136,71.5341095444899,72.563237465871
G85137,84.764328187649,80.5574748357003
G85138,68.37728642881929,47.880276394138995
G85623,45.4501621696516,32.061418272972396
G85632,83.0156979679781,77.19705501715019
G85633,59.804461618013804,37.4101094562031
G85642,74.9172586636534,60.725777596262596
G85644,71.01557205272499,67.7088025834798
G85647,73.04664548033179,64.07635759371419
G85651,60.3376360367175,37.431144206662
G85662,77.6650657801479,66.6158770910482
G85673,61.840011247236504,56.9814856367371
G85674,86.687916658915,78.2980186800992
G85681,59.10135793700611,53.5632811786138
G85685,91.4854838890096,84.582377643117
G85690,73.1336570742846,60.1204808290149
G85695,69.6304754517857,65.0055947550428
G85696,49.0227679420863,32.146305904230296
G85698,63.2893404314553,60.4130582257597
G85705,85.0402552822014,85.7294795529685
G85706,72.23141124558819,75.05761287285601
G85708,74.1414453604964,55.280029714406396
G85711,66.5902808188508,69.1289421532198
G85715,62.616922370857495,39.6918132663705
G85716,85.3344435285986,72.46415868619131
G85721,83.00433481198199,73.328896415944
G85722,56.784334937749,44.8391048347805
G85724,47.4918861424278,32.232022719209105
G85726,75.6495148804334,71.6831128440249
G85727,74.8698741569906,63.6707383393035
G85736,75.8911668235977,66.8127058603663
Y00020,92.4289205680769,88.1630226872124
Y02811,62.662285101816394,39.268696671513794
Y02974,61.710775296399504,58.6393796058676
Y03063,54.269706813825906,43.9823714569536
Y03296,,
Y03755,49.4518333434916,31.781976722735898
Y06113,92.5317290375666,82.9050953954983
Y06345,93.0385026668636,61.1434172385694
Y06545,49.4134982758041,30.531645723926097
Y07020,66.9699512597044,78.2742234573084
K83002,43.6470676860675,14.8473390661017
K83003,66.6259892399386,40.0699593810311
K83005,56.7910369545094,32.8249558474979
K83006,33.9408146429924,17.2690493498454
K83007,75.10107911841621,52.414746745905205
K83008,65.69194168452151,60.289624785449504
K83009,81.0225448367822,67.01795449961881
K83010,53.642024874763194,22.8475748360343
K83011,66.81523857859159,35.3206914742512
K83012,68.9788691691856,46.1082205849069
K83013,74.0018667375543,51.7188873358008
K83014,62.490589400477305,33.8285931578882
K83015,69.9529582814031,51.654420940676104
K83018,82.2209069658161,67.9222464976654
K83019,91.8478870481306,69.8270822101077
K83020,71.16460907769711,56.238687740807606
K83021,59.0870281672072,28.365556760639098
K83022,71.4889700976986,59.818948956491305
K83023,40.6712415130242,22.9248124247093
K83024,32.4590143346833,14.601821297161399
K83025,53.2723954038565,27.400654837226202
K83026,56.537682625999594,29.1503593281354
K83027,59.383199362264605,38.3441275020192
K83028,68.194487964399,49.807956506183
K83029,73.55362999081049,43.551051468108994
K83030,34.809254062211096,11.829149784618
K83031,81.4505461763133,67.63708056002899
K83032,66.5323676626893,52.1641073205957
K83035,69.9023952794371,70.8127070276431
K83036,50.365620619962506,25.912460613941903
K83037,45.4137190991555,22.3398309112461
K83039,74.7212160827564,63.41668857138411
K83040,62.4332461968796,49.4130453386097
K83041,41.822324617359,14.244464223303199
K83042,51.0278455724511,30.4367356119848
K83043,63.292232858091005,21.5428667798501
K83044,70.3260483863707,53.56353245409869
K83047,65.9761074737561,54.3782523617683
K83048,41.7313728809178,26.494755353126397
K83049,81.715799438842,65.7304906771722
K83050,72.5118211297193,68.5489720197937
K83051,56.3379519635239,31.0581858836055
K83052,69.7370525603343,41.247530204783004
K83053,94.43556320876951,89.0979482251398
K83055,56.824578276845905,49.0831975190816
K83056,79.6023470006026,72.2924624236781
K83059,46.1976230871627,26.943862652767198
K83064,92.17442792464749,82.52717046154609
K83065,33.8138984394987,15.7958240557727
K83066,85.52642536239941,72.6235817232808
K83068,80.4097559896483,84.0231497963828
K83069,87.8290473677239,86.39500850749779
K83070,73.0033302065034,45.540338669908195
K83076,49.5083747385831,26.905441874985296
K83077,45.9298574381129,20.781137453953
K83080,31.763510057816603,10.925287574199901
K83081,62.4030434997105,64.7592491214329
K83601,58.0528909246532,34.627651884985596
K83610,66.7362631363592,47.3605751546677
K83614,72.35845364507651,66.82910632470251
K83616,57.814341949261305,40.9222712440181
K83618,54.602109450164306,22.797737964230897
K83620,66.672646008783,55.880237707542605
K83621,38.947053596305494,26.6233228171228
K83622,63.3519205504517,39.3279515530836
K83625,64.4315871818268,55.538919426585394
Y00399,58.0349142036787,57.448222334958
A83001,73.8907078633313,56.8123281508937
A83003,70.0408433991796,49.8106005945292
A83007,85.0005295984561,50.632351788334994
A83008,67.6374543130806,59.6137183380358
A83009,61.5587159074574,24.509020359237798
A83011,83.60417635291,65.29509367438429
A83012,61.3264900356382,42.1567634614223
A83014,70.8070861146898,51.658679613783896
A83015,71.33578745036179,45.402182263332705
A83016,78.5225093182533,50.3584345112097
A83018,59.112567959959804,37.5044758352119
A83020,61.42406884478701,45.061050128758
A83021,75.0720977619725,67.6101057427325
A83022,78.9079393085583,62.084872398719405
A83023,77.6229115792402,43.7654955066284
A83024,89.3986132221558,79.86892069024691
A83025,72.4049870147587,51.857584248885104
A83026,73.751312945591,55.1746587506749
A83027,86.0808391665468,55.76869310979819
A83028,73.48360813466451,35.2470648012109
A83029,94.1247997628332,77.422056492257
A83030,77.6130809114313,69.4055007759214
A83032,94.1769106247328,100.0
A83033,70.2863586095711,52.2036467465286
A83035,76.7344683087699,55.679843151568996
A83036,58.7637713323801,28.8393498504525
A83037,48.8161997515305,25.9840067898166
A83038,78.1576165895749,60.516007065585896
A83041,80.7404030511049,84.964536997653
A83043,85.7258257118952,80.7963044314595
A83044,89.5884012324188,86.4147481424299
A83045,50.0870577171619,20.4084724507991
A83046,71.7592730569281,61.3634561545695
A83049,85.919785300649,64.74717366853619
A83050,71.2463967661644,32.398609100554296
A83051,69.2806708984924,37.9721937979872
A83052,73.893033734247,45.699582447473304
A83054,62.6570938984221,40.7980434911728
A83055,85.7937360780476,79.9117753323098
A83057,66.1039232616606,51.10048226719171
A83060,86.7566039596879,83.34576086751059
A83061,92.9711310743802,91.897291369438
A83066,78.6949265593788,64.9992159531262
A83071,78.41954549721,70.3940326922792
A83072,77.6142130614501,62.86593240650829
A83073,84.7441812492391,68.4403228123583
A83074,65.0148223169716,56.0259714251312
A83075,72.99807332660569,71.336743774591
A83610,89.3723104216883,78.3273001805676
A83616,73.204046271415,70.7473356687657
A83617,73.4398776610978,64.4794940712487
A83618,70.3297272249656,72.4505374150092
A83619,89.6901390558434,93.8561487689062
A83622,94.8912859329351,93.7629547006301
A83626,87.5713612350981,87.96262909061821
A83627,92.827726461675,93.5015271702799
A83634,77.7925307835012,76.7792913124367
A83635,62.6597195180452,49.2449214493528
A83636,68.0288587494238,51.4998272333186
A83637,80.8887988429388,81.90781575723601
A83644,92.7471157529188,95.4273324226794
G82002,87.8683816982185,77.3419713606429
G82006,41.317444688646,25.7443217121476
G82007,59.429820611066496,36.7179064714516
G82013,82.4043150887403,70.2839311536369
G82014,42.280598548906504,21.1854098165223
G82015,57.4620095474023,36.8417827208127
G82016,77.6712612856751,64.5202297242774
G82018,70.4216507946805,51.2242024685442
G82019,56.91100904390189,27.663986991829898
G82020,55.698938605897396,32.358397446209
G82021,63.0283363649485,49.9239873389451
G82022,78.43470898648461,59.8601951846893
G82023,57.5051493709874,33.05201299064
G82024,63.502692062648904,38.1448022235718
G82025,79.2242128004238,46.611582734275
G82026,47.5433484317508,24.174764161923502
G82027,79.3193199086225,58.3462850701678
G82028,63.311521438445396,30.288910435428
G82031,62.4686579679134,39.191930403514505
G82032,64.2132641552687,44.651623404059
G82035,57.7787086646952,19.7359780658786
G82036,44.5410063279703,17.9358455988226
G82037,70.67775623449461,40.897101189398
G82038,62.539992754810605,33.6966643453363
G82039,76.6067020078369,59.089767362816204
G82041,62.2966715689811,37.761085471601
G82042,85.12019835846701,64.35905400691459
G82044,47.8949021238376,23.734499721765403
G82046,46.2219739335069,13.115254023134701
G82048,36.2296125799823,25.073546147327903
G82050,33.190545656603895,15.2577210121081
G82051,40.5130233619758,5.75112164805199
G82052,45.1139193946267,17.844372567383402
G82053,96.7155339692728,94.0679204239655
G82055,81.25297155512,59.06227120894491
G82056,57.89156972,36.6132515592828
G82057,48.2964224981253,27.679921549925503
G82058,51.4768021510846,41.7821466999675
G82059,86.0986072314828,69.8815912118284
G82060,59.582997392699,35.965068739071796
G82062,60.6095432105215,62.7367737235884
G82063,68.7748254348846,38.632636870410295
G82064,60.649500397939605,31.1280989191406
G82066,54.40999547498549,26.5473839041725
G82067,58.5999445126594,46.1752186718123
G82069,69.9961277243376,60.9017602904949
G82071,77.9850901187053,71.8164414852377
G82073,75.69405310876171,43.514256554972306
G82074,91.96467260830799,58.2329201274177
G82076,51.811778143912704,21.4825008338685
G82077,44.007105410901,21.6419955113753
G82079,61.4879867342493,56.457747561706796
G82080,54.0689951939588,17.0556870511446
G82082,67.2234580282755,49.8384547692538
G82083,58.3763573728466,43.8094061142679
G82085,66.0194704313123,43.2037731958576
G82086,35.6558113966629,7.593717753217789
G82087,69.9318311785959,37.896768239016595
G82088,48.7497753167803,27.7993793254282
G82089,84.8295012210405,68.0004699067358
G82090,58.627306036915904,32.431020467018904
G82091,55.9633049060035,36.385895899877305
G82092,66.7276384075371,63.281443696509996
G82093,38.3252620596707,16.674755590491998
G82094,74.241485725196,48.0235320878773
G82095,34.6021044897782,15.647834635266399
G82097,41.557055505997596,7.51719182243515
G82098,66.5265583273485,47.3912381116993
G82099,37.2270437042955,8.623604453117741
G82100,36.564916477778,14.0767890134346
G82105,51.657473630564695,36.718191775548
G82106,81.81378220539351,82.56057383863859
G82107,65.1040203062118,31.7022986352906
G82108,63.35401282887631,39.0069493504702
G82110,85.1329812496647,66.8603818847315
G82111,69.9732783347744,45.1705986401137
G82112,43.6588113672226,32.8560966131086
G82113,58.3078304577612,39.4277918517813
G82114,66.3612778838955,39.8177217320962
G82115,61.259690030568805,36.939386164892404
G82117,74.648438921291,51.0366636819395
G82118,51.1079510296789,33.7554116237357
G82119,79.0558811426322,50.782988222158195
G82120,86.43827603380561,65.7716874751666
G82121,31.5128354301834,4.13377934922607
G82122,49.8316559342693,21.1559049602953
G82125,61.754907468625,50.0033964208705
G82126,65.6865132987858,33.9523402892427
G82129,89.3013452162294,77.86688325432691
G82135,44.4675733140102,24.6977824244622
G82137,75.4799678421517,52.379383599638594
G82138,70.8364494008962,58.2689894999855
G82139,51.606577716823395,44.7836692344611
G82140,71.8169811298567,61.6006307542412
G82141,73.3291476291343,54.0502087541882
G82142,74.23792893830739,46.8231996229928
G82143,78.12802099025839,63.52788696028539
G82147,60.115478091573905,44.2037122758541
G82150,52.708264538374706,27.2650457273895
G82152,71.4427352282534,58.1283779084632
G82154,89.08915614513519,79.6735930362717
G82155,63.8409370168583,24.106776035041
G82158,78.2396198034651,66.53910423899781
G82160,70.9151304667599,33.2727225518844
G82161,37.9556525899853,11.685259499000999
G82162,74.169268711417,60.4058358794657
G82164,50.0721434920788,26.8474226612248
G82165,58.04054494732161,59.6269700163235
G82170,88.89436579652,95.9350272440353
G82180,97.3220329929757,96.4671248315483
G82184,85.19680669511351,69.6463452460156
G82185,47.4847418565079,16.1002427828542
G82186,95.6369148561798,97.4965856719762
G82200,71.25621339420711,66.59475756254089
G82203,61.4649585880643,35.202470073406
G82205,47.9287929860027,29.0342694400674
G82211,71.029790651496,47.2775825975521
G82212,57.4565021989691,32.771150625015096
G82215,94.6841419283871,88.1496487853377
G82217,57.4762630844302,62.02371712785511
G82218,68.5106721764548,49.8106638966915
G82219,87.1138717801535,79.6715611243237
G82224,96.4699013710174,92.2190699215333
G82226,66.1280462548294,67.2936569243167
G82227,83.8786542806383,67.0842640754097
G82228,71.68575709884391,53.1150695531269
G82229,59.632666722891805,27.5804038942599
G82231,47.5762141110055,26.1293060528541
G82232,41.9946262350542,22.6041903309596
G82233,24.262562870599798,11.786125921594099
G82234,51.5584906446519,44.806973888194804
G82235,75.21239336431161,66.612435727243
G82600,89.9214462588456,77.7798595059538
G82604,80.4675451545405,77.5444062047694
G82605,90.44740648965211,93.3306121337253
G82631,64.1396428468343,57.674978836086495
G82634,59.590302783488,44.3264539419154
G82635,87.498064605913,86.7258907920738
G82641,50.9880401120544,33.487719471955
G82647,59.061962517508206,29.7927906837374
G82648,79.85904915012149,67.67025561481461
G82650,77.0337892945593,74.81395800795269
G82652,84.487422209708,90.8065405418954
G82653,50.8982961389182,37.6554355828081
G82658,54.1502684766996,66.606062929439
G82665,61.851549841252194,39.1928863743431
G82666,58.7866520866679,38.363955889814896
G82679,50.7620650707364,36.122818134831206
G82681,44.901579839061704,40.7720622515464
G82682,56.5030257772108,38.7625372427976
G82684,62.491110376245196,39.9607677837559
G82687,71.1829398964127,71.9428792441468
G82691,91.8818133418091,88.56486573054751
G82693,49.6367539104873,17.4590574029026
G82696,91.27527193342189,91.6225056292951
G82697,43.9468726959021,34.9189328697792
G82698,54.172918972113905,34.776682382452
G82700,54.7018536002876,40.8552889396257
G82702,39.5494086440182,21.4376593672783
G82708,51.558816792731896,29.9347306489934
G82711,84.2162077612481,86.7754082102986
G82719,50.1076203834158,28.7465910442384
G82721,89.6341756253733,84.676179142583
G82729,75.8489368801346,54.4091074578247
G82730,79.6540482472341,65.1915531680684
G82733,94.3980944084982,91.6979633938962
G82737,51.0316852393747,25.863609950267502
G82741,37.8163067908131,25.632679584247903
G82744,53.6418341318782,39.7781553575464
G82753,50.50405735182581,28.447564257971404
G82754,79.7147186593927,75.116565683029
G82763,86.0858270226562,78.4173464109276
G82768,78.3056017751961,76.30532033802399
G82775,42.3018704851777,23.839116931335198
G82780,60.39663807262941,39.721600726421
G82790,83.3437497085431,56.649086045711705
G82796,65.16977678603409,64.90496997832629
G82799,42.4294935960011,16.0363720333444
G82802,73.6195760536839,77.4802212194699
G82808,76.3432840983572,57.95737729156
G82809,56.8186303864361,38.1442139221798
G82888,60.6304027371916,39.9921330484206
H81002,58.6944573201986,41.1732944098902
H81003,70.4326000836104,41.9148502560314
H81004,57.1804073817456,26.5492915175657
H81005,70.8185100861688,50.4738783166489
H81006,87.8407673931641,84.1288212000187
H81007,55.56037517967351,32.8231864764365
H81009,42.5932444666223,20.698513172079
H81010,67.16442825879419,56.870485158724804
H81011,59.57422412701499,44.4335863074348
H81015,49.2946809990664,26.7998054505679
H81016,87.5361112450243,83.15584693911579
H81017,63.853718379231395,43.487582171420605
H81019,64.5549924587279,25.1107543422386
H81020,86.9108963004619,81.5444247139459
H81021,91.7751019384215,75.7671612303358
H81022,89.51293904994711,85.12408680847699
H81023,61.485130799240494,44.8470439240646
H81024,50.2318573726479,28.2030653086367
H81025,58.588729889221305,35.017273667440705
H81026,86.29178935263249,80.41805987150849
H81028,74.7958265296177,48.1686073327898
H81029,72.1302843654822,43.195936452690795
H81030,79.8976924846494,64.0543312653882
H81031,91.70046726672851,77.6154010234071
H81032,51.5542864619853,30.5064054765977
H81033,63.0044655725034,39.446279334297
H81034,50.4273380159013,42.3696376997286
H81035,67.0152952832835,46.3349029442873
H81036,53.2013482031145,38.1729515446038
H81038,59.570343172431095,53.545629326353506
H81041,54.8507286318378,37.110713573111695
H81042,59.83812114107639,33.7881576772439
H81043,70.5222476173988,55.390001278308596
H81044,79.714535153255,91.84851643677099
H81045,80.1199363639783,69.8023612709749
H81046,71.1815917491149,57.326966090567296
H81048,75.6072411458583,43.9305037718866
H81050,66.34083991019611,40.8903084770589
H81051,53.6120079306929,32.0139958041986
H81052,80.00835218111459,60.7333699461028
H81053,83.2529835088707,84.1687456316235
H81055,72.4983133366939,56.7251227346634
H81056,72.8060375762547,33.8792894365779
H81057,59.894275455516,40.0165097526952
H81058,75.955224147942,60.254749296618506
H81061,59.6884213555432,33.9966680784827
H81062,76.1884593398086,55.710069435727505
H81064,62.953431951296004,53.039422438108595
H81065,55.0466602249753,32.8972144818608
H81066,61.928361159976596,27.213472811769503
H81067,67.4968291961457,40.8024408823057
H81068,82.55011621669061,66.7713536378311
H81070,62.32411743551501,28.5555110342654
H81071,59.353964591529994,26.2788753608251
H81072,87.5483670220131,68.3446644049418
H81073,72.1770685766744,53.266227822038005
H81074,94.340588739956,84.04707722214249
H81076,81.6190734356488,73.8394524811125
H81077,94.90345430750659,78.9840135688562
H81078,32.8879235478228,16.8295137238086
H81080,72.7621537026324,45.8036291342245
H81081,71.489246580173,52.7128299802647
H81083,81.9468172186512,72.2069653585344
H81084,95.0341505461489,81.766141134139
H81085,75.33124320696311,83.4550665317343
H81086,48.8497336446772,28.986450080930897
H81087,67.4664248612397,61.73944512320389
H81089,77.7164485566156,43.299776079667005
H81090,75.2696086468532,59.357950017746
H81091,80.1517744530958,72.2626846579129
H81094,50.3571703909239,23.5277621491317
H81095,45.386392946944596,34.3853711880124
H81099,62.379474743635996,49.2126566633353
H81103,84.2736205520899,68.0688631442647
H81104,62.6009664432021,35.489768705136896
H81107,92.8702712891344,83.5456949004042
H81109,69.339244577884,56.5924723644258
H81111,74.6277758115618,66.3418712429097
H81113,88.8282179249093,80.17333894265481
H81116,81.2244408730774,67.2157892772313
H81119,95.03511933647441,82.217316441168
H81122,63.257718556517,50.7992441688584
H81123,75.2675253888446,76.7544158777704
H81126,91.8510147164533,65.5210629226336
H81128,75.71237550145091,47.659854178342
H81129,85.3596714851545,82.6009706289329
H81131,79.7146907436604,69.5790687036112
H81132,97.7859451964303,97.7310723442691
H81133,67.28223496142141,52.5618977589065
H81134,49.1097670283253,29.831725307977102
H81613,73.9416616480833,70.5165292893551
H81618,70.6838876438639,60.22799678990099
H81632,70.74746921413781,58.1249927446966
H81638,92.6620179929172,85.6923063554847
H81641,60.658206771157,56.3938092445128
H81642,49.2175655197862,24.6975962056389
H81643,77.20470218437619,61.5696986308655
H81644,72.8939490793005,40.1673417662428
H81656,52.82634706920481,34.853894453213805
H81658,96.5229246592026,93.751646330917
H81663,49.4682505736466,32.7592923421998
H81672,72.9146085799655,61.876709102289595
J81083,75.0619517645927,67.59134889963279
J83001,48.981391366226305,16.3309594492323
J83002,67.57797922553391,69.46218285495121
J83003,63.70955768961149,36.3166857122507
J83004,80.1090011882711,70.6999836894433
J83005,50.0097218912651,26.9980790624315
J83006,86.7816661468775,59.7511188396527
J83007,59.544972825471696,23.7613286435801
J83008,61.401550254644,17.8909149066008
J83009,62.6352876331715,38.321781142273
J83010,82.0026622688842,67.8310519227447
J83011,76.71971545173581,48.889213981838594
J83013,87.276008165382,73.803573390515
J83014,77.5903828933254,67.9602753397065
J83016,62.7898460382877,33.915825717140805
J83018,55.4683503172464,19.031884051084898
J83019,94.76504968502441,91.5843439406939
J83021,71.5749412845312,39.882838094078195
J83022,84.3945313614695,61.8561405888407
J83023,81.43832383828709,44.4498299121026
J83024,89.3452227749626,72.3640349867606
J83026,60.8044686007426,42.0457735914391
J83027,36.3831222500283,18.6595173690053
J83029,76.525746631196,59.35573033817
J83030,63.289585514450394,26.706732431434798
J83033,35.3272777383247,24.5214470859626
J83034,83.5532671852072,82.0269961421635
J83035,74.8125316302189,60.5697918932751
J83036,47.741438667675304,25.095722514261297
J83037,71.8220741229418,67.2135426144199
J83038,84.73389535999371,60.714135876839
J83039,65.6434394044998,43.5537257218781
J83040,61.5295826007589,17.0585552335835
J83041,70.89390961726309,48.340359587037405
J83042,87.9261788549,76.8042639214443
J83043,68.1268565089506,72.62034530409231
J83045,98.8379424944077,95.2349735788701
J83046,73.4902487911916,54.569285842199896
J83047,71.5312747324067,67.8015294177838
J83048,85.5097182771641,75.6388358488186
J83049,77.330602616222,72.6003584422258
J83050,49.7391702655328,34.3152886255921
J83052,83.8917283979622,82.0680174604416
J83053,78.9771498322675,88.11100164684909
J83055,63.10663837233,31.1814557848911
J83056,78.1505262914163,70.3667542222042
J83057,75.98783080361041,58.3368868133648
J83058,93.0880120880198,96.7995359567666
J83059,78.30748743099491,73.38472451760019
J83060,96.3330219587007,96.1051707054303
J83064,72.91531913815939,60.7088088927444
J83601,97.1881733023731,98.4971457735235
J83603,93.3763323653371,98.3953157476856
J83609,96.0934435097417,92.3946535739254
J83615,95.4048600279537,95.0041264986305
J83618,89.2349769993003,72.1400649654938
J83619,98.1572248807858,97.2480287786154
J83625,84.3597828906747,92.9018070677493
J83629,98.3211819941199,99.250834638204
J83630,100.0,100.0
J83633,74.327836932377,67.1489665867591
J83645,61.036322204344096,51.992461805817904
J83646,54.416106239668004,40.374106364526604
K84012,79.0006607743947,65.151744618805
L81010,87.8252323054289,69.8069005311437
L81020,77.2613513478324,72.455048175269
L81025,64.4515586804887,26.9206024740399
L81027,94.9420320402905,93.4798611321771
L81030,82.45871465583001,71.2299358898981
L81039,58.818298646383404,31.331120210200503
L81045,77.6481815621127,39.639587569186304
L81059,79.1759908458954,61.419091747309295
L81064,67.0918210570569,43.5041494644073
L81065,82.286557592749,58.8932700071239
L81068,63.1179048213937,43.1631135933719
L81069,81.8633957030332,82.171885938391
L81070,88.56355985634859,81.254696910329
L81071,83.3193080427196,71.21961656567099
L81072,97.6465820490498,93.19491813998711
L81073,81.7232993759873,76.1431737646095
L81101,64.2290014363989,32.8732147530688
L81122,84.3931265539212,85.18510847141481
L81123,56.477193556524895,48.0060242076213
L81132,84.976998968186,70.9171516758708
L81617,82.9224179113906,89.2320679745322
L81644,79.2778285389181,73.345376994667
Y03671,66.9236410080603,41.7334815320631
E83003,71.7984897723522,59.7468066642646
E83005,62.6205318915114,61.0347982776641
E83006,57.0948251205291,46.2834368972617
E83007,38.644668041419,17.8785695279459
E83008,46.1812890204784,29.755230288984503
E83009,69.7559681025034,33.4806418235011
E83010,52.731401017462495,47.1496239704817
E83011,47.1234768517224,35.3883699223278
E83012,71.7573260995249,51.9675844387873
E83013,56.5067996825383,43.5377904487117
E83016,65.92937090474919,35.9067636268975
E83017,61.408356047187894,38.0442225163589
E83018,71.24473278187739,58.8051925833469
E83020,63.45197129322781,32.7622890681045
E83021,48.2332650600861,35.131982662668996
E83024,47.824209109181,34.9596155251321
E83025,38.2273077896752,38.3049096959876
E83026,70.8009342235042,54.893792184873305
E83027,56.4614759884641,49.7977886067178
E83028,77.1729866980849,59.3741267401522
E83030,59.778412467460996,31.766081273783904
E83031,74.3062383814214,64.1555725971771
E83032,50.4522610019051,21.5954621632245
E83034,59.48606683027911,49.219307663093694
E83035,54.643798705887,30.3928853840639
E83038,55.216668826316294,53.0947837567895
E83039,78.98088508752569,76.1214191202385
E83041,67.8629280558265,60.8828829345735
E83044,67.42224572973879,47.1484104384159
E83045,59.82669870846949,38.2218782462042
E83046,47.413111002287,26.277591092604702
E83049,23.0172880158225,11.226809996383
E83050,66.84414539531211,36.4692600149509
E83053,69.7361442536235,29.5545451601276
E83600,100.0,92.0161676080331
E83613,54.19795161994549,26.1546383086084
E83621,60.5986438251359,49.9165803388016
E83622,59.632135574139,50.537512782307004
E83637,62.0017591484801,45.9315747494677
E83638,73.7694454927629,70.8970281708344
E83639,83.8493643160994,64.6468638238989
E83649,93.8716018722692,76.7851898640292
E83653,75.7319323392974,70.0813612051759
E83657,,
E83668,60.963414981754305,48.797484679945
F83002,80.5799017399185,66.5996029728238
F83003,88.445879644764,91.30891236786461
F83004,44.6591600671864,45.0016834804617
F83005,68.4836555233731,64.1968603742329
F83006,74.9220786132978,66.7211499415959
F83007,67.9032549718934,57.9414869039789
F83008,63.9836353863815,56.5612233490156
F83010,66.62395427427789,43.0748399580356
F83011,90.6128033387314,87.7295661211994
F83012,67.80441276773111,49.2995038946796
F83015,68.6859346183532,57.5843743914871
F83017,94.09867315432369,82.0741014047053
F83018,68.09702162724331,65.4108979915171
F83019,76.7696467225143,62.282036174350495
F83020,86.1743385872896,79.9240215839603
F83021,69.4638124120052,52.9116580414418
F83022,76.6913921057651,52.2349046707472
F83023,51.5685982182996,30.1953494867161
F83025,60.963306955874195,56.4676496353992
F83032,69.4878931005271,47.9342802991753
F83033,69.51294929440131,53.9776298420696
F83034,85.3029477826302,90.1442081250442
F83039,72.963865734593,76.324839621776
F83042,76.4894240077826,71.4514583248578
F83043,80.6566272903373,74.1507648418509
F83044,76.3230101239866,61.829958900039905
F83045,81.72927753158619,77.0901435735215
F83048,65.2372791752433,34.330510586657795
F83050,81.7652842287276,74.6798573634636
F83052,90.250678418603,78.4232023707637
F83053,81.6055099972735,62.9699588574133
F83055,81.4516881494302,73.3332963170093
F83056,68.65548271591439,56.543388055676004
F83057,82.6662250018812,74.3790648490084
F83058,92.3267147992228,86.4309512853428
F83059,79.04165720630671,65.5893797161564
F83060,67.1092263433629,58.034137058831405
F83061,94.67536668505771,97.02174694821299
F83063,82.1599277747773,80.6567248406026
F83064,76.37348795261299,63.6454676030889
F83615,77.8944911934963,69.4527686099357
F83623,83.44094978733109,64.9272054763489
F83624,75.7241067424921,65.9443822731588
F83632,72.6249307704936,54.1839462855528
F83633,78.0548384962943,79.3289947693989
F83635,51.09577472749321,36.548557910248505
F83652,75.23868948774741,76.711697243192
F83658,75.22240697089559,62.8160668319086
F83660,44.524512234270105,26.468940364451
F83664,83.32156618728351,61.8352321968626
F83665,73.1925745169646,48.9143524452427
F83666,73.7934931444876,65.7809907006931
F83671,70.9553205302475,64.40149927868801
F83672,83.6051549903218,88.0014041757506
F83673,84.475936187381,79.7246238786699
F83674,50.9374656976695,40.8532330280284
F83678,75.6181319504285,66.781838880222
F83680,85.4594886439771,83.7279657457519
F83681,55.1536558940941,38.745229003341194
F83683,52.8248697044408,49.8456635815293
F83686,93.1878195936568,89.0588032314092
F85002,62.2198531806368,36.4314174124478
F85004,41.654148227361596,18.4787635282015
F85007,61.2509164087593,56.1994784072597
F85008,62.489230249492,36.9896302205083
F85010,67.760751738065,71.3432612818931
F85013,67.3812848329423,58.0025897931257
F85014,72.7313961485746,70.2376979820011
F85016,61.88812697546609,52.887013079925204
F85017,84.1485096659388,73.1717859577949
F85019,61.788424901816796,34.1697017447551
F85020,77.3730271384394,66.7303472092372
F85023,47.3712835141151,38.8734550174264
F85025,55.61799771781531,49.2909531760001
F85028,69.6725853629519,66.2702542625274
F85029,65.675254802263,42.649185641897105
F85030,46.9668944871965,23.0413748696415
F85031,77.7854073842317,61.7966890148156
F85032,54.025445651016405,30.518189132229402
F85033,73.7329349918501,55.396361339189106
F85034,77.5910951162878,72.4554753842597
F85035,49.2168838193355,38.8391848491202
F85039,57.047683566555996,55.627260446786195
F85044,74.2903378283696,59.2472637766604
F85046,72.49226429601529,80.600910199525
F85058,55.866367692673805,48.679660069750405
F85060,66.83648428796441,54.1456460192393
F85061,74.2929424111079,77.0551998224998
F85063,91.76114067280061,76.1215515396499
F85064,70.3981594141036,72.0018857303358
F85065,72.9543442216858,75.72810048821
F85066,75.7935787798315,46.5377872363137
F85067,73.93341334918941,72.50209364581181
F85069,82.1053854549903,81.3345960087716
F85071,69.96894098570729,45.078612347029804
F85072,69.5057182037541,56.8303755985937
F85615,71.9835900678637,65.47048357681881
F85623,77.3667577757701,65.9009312828541
F85625,73.9761213430039,59.561962980744
F85628,61.9449689418162,50.991605811016605
F85634,52.5858621638556,29.7007378139858
F85640,81.5683109059967,78.49613059971911
F85642,52.0195210722189,40.1737716097809
F85650,67.7096432934335,55.8288275956493
F85663,58.6337709578827,31.3203306952764
F85666,57.896048008035294,49.0704616835692
F85669,74.7278557996787,72.7751445660607
F85675,63.4945194674078,54.8929846841498
F85676,48.7791367209473,40.395218015610304
F85678,83.0038245580239,82.2963889806869
F85682,74.2427002856377,57.31576951391511
F85687,69.60474937387279,42.6461109073552
F85688,60.5637656294295,54.3508402419844
F85697,79.3328165337026,73.740636144356
F85700,57.413537351712996,41.6840968514829
F85701,74.3561475863336,46.766329916050296
F85705,74.48511023058491,53.5695025314489
Y00057,61.7094057661793,41.847609353551
Y00316,46.2606293503138,37.5259527232164
Y00612,58.038689037898706,46.5179238045138
Y01066,51.143747993511504,23.128799225181602
Y01655,78.55489302891449,58.488363291381795
Y02117,37.1968611508917,16.9919644253332
Y02674,91.5823996992901,95.2387626810695
Y02986,76.2701121518124,52.844012432813805
Y03035,71.48590392982939,39.141448529045
Y03103,48.4339605094491,41.6936479397267
Y03135,61.857898358460595,54.0451570981383
Y03402,47.4856408425309,24.6086758680849
Y03663,27.488589236961303,13.8894346362298
Y03664,33.8757460404137,25.8888699937044
Y05330,51.8783151373019,50.9647828022759
G81002,60.84104470082911,44.3835545569616
G81003,66.0493425344993,60.1826360112148
G81004,38.9705378826287,15.097719658327598
G81008,48.0155953602112,18.9554644477878
G81012,74.48933600426349,44.8829564864046
G81016,64.9437333659928,48.285224159531495
G81017,52.271707549284294,23.5652498906523
G81019,72.1467587823121,52.0940721980965
G81021,63.3007388392527,38.292682959667104
G81022,48.7700722181765,25.146617723999398
G81023,87.0305442462475,82.3021127331584
G81024,88.4575578632597,71.21921754053659
G81029,65.816036571387,28.1503910601213
G81030,62.2970444336424,21.4316677520604
G81031,47.123834444878796,13.5920163276744
G81032,54.4203460142669,25.408160431711902
G81037,64.704580440438,46.1716950387758
G81039,71.02362092074,61.090960338788406
G81040,87.28949482948521,81.9872934342929
G81041,48.1026925120832,28.142321324469798
G81043,69.5763130995241,44.654959213415204
G81048,64.7091036198046,49.8259954209458
G81049,51.703289240872095,34.5474586007039
G81050,73.60819178578811,62.218244680496404
G81051,88.49429201139371,79.0950494556305
G81052,79.2860173169156,70.2762033052457
G81055,62.64363447890759,43.1240609913382
G81057,71.6192713389802,54.2469747659292
G81059,66.1968268394868,40.6502146573265
G81061,56.968056851777305,42.5600187320441
G81074,50.6427172022746,29.265154083446298
G81077,56.0337486527024,34.9888631353633
G81082,91.0597442300122,93.3534898813486
G81085,69.0513485671412,51.27875076106459
G81086,65.1278386837707,43.4458100097498
G81087,100.0,100.0
G81088,71.8026437116167,40.8620262346833
G81089,68.3956387273943,72.1572144227459
G81095,51.2699518457762,28.962701245736998
G81096,82.57770951871301,81.7119623625283
G81098,88.07638328909529,73.2340938421387
G81099,61.0469265524875,42.3663565644502
G81100,57.551000943229404,33.556156439434396
G81102,40.2963937376561,23.721226063499003
G81104,73.3455329881864,47.8967460475806
G81614,91.4779431804015,79.5601152625414
G81634,87.3595044005096,67.770277319271
G81641,88.3345187605582,71.7634389705222
G81658,54.5835124993051,32.0523859486969
Y00080,67.93483921397599,46.940180810281504
N82001,61.942691600231704,48.3890833743027
N82002,46.395772239515495,20.091584826248297
N82003,84.18930947564151,68.6734090154148
N82004,63.361377896007596,51.156084318816895
N82009,75.2060224020563,54.64863427336431
N82011,55.1755866606169,29.4684967587603
N82014,69.6573685043904,39.1322877597095
N82018,54.040704795280604,31.843704941115803
N82019,75.39934331384171,61.894574256896895
N82022,62.559709174629795,35.0112898323399
N82024,47.0625445671636,15.556725670181601
N82026,78.1488168565498,69.02489656555491
N82033,55.884151891204006,37.3798283834249
N82034,77.1076810355219,52.174516762912205
N82035,71.885768414718,62.1008723302552
N82036,36.098831851783,26.652577767812204
N82037,41.8512280521476,24.171708333998197
N82039,80.648884074911,66.3740383083159
N82041,56.5221579941979,27.751761974799997
N82046,85.6546035520186,59.059019119561796
N82048,60.6521460082982,47.4301819789478
N82049,47.0781852976552,20.4212440264808
N82050,68.5220003817853,58.8998863641336
N82052,55.4414022481312,41.8903860191053
N82053,44.775467668973704,15.7695468595252
N82054,60.2731265083718,50.5638382223668
N82058,86.5259343422641,69.35788628261011
N82059,85.60590722626699,79.3995502971499
N82062,77.9393866704306,79.7774688105547
N82065,60.472055986337004,36.9949234570913
N82066,65.9474413185814,38.0376784910533
N82067,71.9713677876733,49.913143103893795
N82070,69.1414430552422,55.756968594147104
N82073,62.0654317817832,49.1417913601695
N82074,72.0351526744773,38.5868222663588
N82076,67.8323175635757,48.1390919397943
N82077,52.274830862558495,30.7577535670024
N82078,52.0414685002641,29.9625265577321
N82079,77.4481233711617,83.0221288317378
N82081,88.8093383378531,66.8577979211608
N82082,80.8362510333943,70.34076909492521
N82083,68.3206982952541,51.0842578759475
N82084,51.6639214519352,24.1044364891095
N82086,53.510416025526595,15.6353234623742
N82087,71.0549649082553,58.2846747949196
N82089,76.2046528542842,61.119903158549704
N82090,69.2410290204069,44.6709394648535
N82091,59.22023884369651,43.0323488519494
N82092,63.8169946996555,33.3072048714485
N82093,82.8500522959877,71.43399752089779
N82094,66.4203576883899,43.4041776644578
N82095,76.17151228156919,66.4412976988639
N82097,50.0018041214814,24.3508529043265
N82099,59.392999825948,34.8867760691831
N82101,45.866749982496,40.6009532865036
N82103,64.9321275052395,38.9834363937065
N82104,57.58082624354151,20.7322293994762
N82106,84.8724375945591,90.51430444066591
N82107,67.09932225237219,57.252514099700605
N82108,81.0380521879201,83.958677501506
N82109,55.3062904413109,25.0868933501961
N82110,67.0675774908272,47.2299979457384
N82113,52.4419716812353,28.523254758912397
N82115,67.87006995411589,47.7634566685149
N82116,80.9442540457763,60.322316723694
N82117,71.62334070943331,35.2699952348377
N82617,58.2439635821209,54.2648727579663
N82633,79.152587790037,75.38871682760801
N82641,49.6667417866523,45.8450760152316
N82645,74.4631981604262,65.4553778572805
N82646,59.3375271532696,36.906953516879796
N82648,88.9555466577434,77.8300544134557
N82650,68.65285169353011,47.8809932704266
N82651,43.6768481790972,30.0381081622985
N82655,88.1327454155042,81.5024384400655
N82662,67.7439527126156,43.904298800433
N82663,77.5030257189379,61.35130951054229
N82664,36.4344508616241,32.5984621457482
N82668,71.1150175601929,62.8688207266547
N82669,74.2017339223109,63.2565764401003
N82671,33.6131938943584,23.6199326564785
N82676,41.441249980284,19.358369823586
N82678,78.5738549363418,63.5893371663963
A86005,67.3279029038976,58.614658330763106
A86016,66.6452531930716,38.8448955143649
A86041,86.0522886402524,83.6008871184809
A87002,87.2981951760281,65.7204801058671
A87004,48.168486108113804,24.896469249112798
A87005,90.5795522571808,71.8066150672732
A87006,80.4039654995053,59.0117996391725
A87007,62.29686364075761,54.0670910960237
A87008,88.3832230154974,81.40747033171361
A87009,61.197716881525,38.8439768686644
A87011,80.371520490444,83.4777884076785
A87012,73.7168785379128,47.3836115590941
A87013,72.7486190152252,43.478125421941
A87016,81.959971860133,59.330609794675105
A87017,73.6086371665942,64.1736530931125
A87019,70.996491143021,61.4805557146316
A87020,75.8704339223432,63.3319795553006
A87022,81.0470409748874,63.1315797753806
A87023,82.22940449774711,78.42281639249539
A87029,62.0413259417807,44.1731984375631
A87030,69.9801787997834,37.4166077663461
A87600,85.4139981084805,78.1314591348591
A87612,77.366909175274,66.2574272572172
A87615,71.739255187979,80.8309866924558
F81006,45.8421305982379,44.3376763289779
F81013,84.3823273155336,70.0346157432025
F81023,68.902176604836,43.9764988038219
F81025,77.7575883885794,71.0392765714708
F81029,52.7148074807288,30.407461404238
F81031,60.3346250113204,25.7883554452939
F81036,59.7883498161824,22.2491714998209
F81038,68.0713502960687,41.023051138156106
F81041,62.098916884408396,32.315173452455795
F81045,50.5646516866168,39.3830038648929
F81055,79.9938553892911,54.086945450389
F81060,47.256156171554295,33.3606368038476
F81080,71.9106635342136,38.9965227488845
F81085,52.0332689638425,29.61924286448
F81102,85.592263415912,68.8036694564942
F81104,53.3789612513225,40.372151905249
F81108,62.0085307526166,42.142130211982696
F81150,67.7022406343654,56.3970814119568
F81158,64.4301831147849,64.357085047019
F81163,57.6086630018885,22.1389352742213
F81186,57.031504627487095,61.389065441290704
F81215,72.479062664634,42.9503977743525
F81222,64.5137911678934,27.8943228840722
F81640,85.31697407125,77.5165062208891
F81645,57.81017982411289,52.0661127005423
F81651,54.010844457319095,27.7733669706957
F81666,46.9717228053812,31.602590580409302
F81707,55.9599517900623,35.7602211603775
F81711,66.10128715485149,54.457367205703896
F81729,73.36744841293769,70.6402801668924
F81732,64.0451482951546,38.8645751052628
F81737,95.08729078681209,97.0864455671038
Y00469,67.7648826083293,37.570624759389396
Y00758,58.5971186484061,47.3800142047221
Y03052,60.8113097088187,28.672583765597597
F81001,57.923425794096595,29.9226321316248
F81007,55.8165779232639,26.6106802819073
F81032,66.5885699261766,57.183020057505594
F81051,62.6972835561901,45.1771307532821
F81061,75.09113229624779,54.6553814082396
F81065,68.6768657246592,42.2930390756627
F81066,87.95589092975659,72.1961439143863
F81075,65.08707097111039,52.3082005834018
F81089,57.144174271481994,30.9083855971429
F81096,57.4255281501339,52.7501728141909
F81101,71.3782561639331,51.0994507151057
F81123,61.0913796388809,20.225354879562598
F81125,74.94925383537971,49.611838260542
F81142,63.699523405749204,53.134837087959795
F81205,88.98800439254309,88.0576846128477
F81618,63.8261120606018,50.36273295748121
F81675,88.5070303881928,81.27880090768869
F81690,87.3536145383648,92.41000250407289
F81700,64.196169243087,41.0918926302313
F81704,62.734091575781804,48.5256054691051
F81713,83.4736100326698,81.3764386194773
F81739,61.2326393518594,64.0372701106932
F81740,56.134747176137,59.2250726393461
F81003,69.8340064881374,39.506752629047796
F81046,56.1174755484932,33.2201032994436
F81081,74.1516759619338,41.339156250805196
F81086,45.9946452461793,28.227244237550902
F81092,67.13860520198949,54.5843445674029
F81097,61.0775334130367,30.5426382070389
F81112,68.6273154355218,33.6512968396954
F81121,45.4166273068751,19.2344342592164
F81128,65.03502162321169,49.043360082855095
F81144,59.7746064394454,26.474418962068004
F81147,60.764726673064494,54.5152994902786
F81159,77.7655309326573,46.4987526467881
F81164,35.029486393964895,14.142202534179901
F81176,89.4605450207631,86.0010025751969
F81207,78.7903029662515,72.39060421848839
F81223,64.7063866408582,59.592396273229596
F81613,55.6784178037515,28.5521472533159
F81649,87.48099498370911,66.4583163645182
F81656,92.3768512511862,92.92009011121401
F81696,73.37841660512629,62.745297320802095
F81744,91.9003461011046,92.4335246854342
Y02177,65.8341157256215,51.1120167443417
Y02707,73.0020076680105,42.1328072716919
F82001,37.8376848404416,27.5779368105851
F82002,92.29550788744409,83.44975293082581
F82003,49.0862158338032,47.1049877118146
F82005,55.4003063051457,38.6747822520965
F82006,90.41180896589151,79.81218079998949
F82007,60.097237950388006,43.2897173169144
F82008,47.0076905998175,11.9485683831225
F82009,56.0649511663985,26.0914101569165
F82010,65.383938926583,52.869935166899
F82011,58.672255628486305,36.1482509359302
F82012,58.9670074945979,42.9785787569212
F82013,66.8779109675275,51.5560210656393
F82014,75.58151038177489,65.4662796414185
F82015,67.96075177529231,39.8812516041135
F82016,57.2830107201227,31.239556801713903
F82017,30.289692447159698,29.632947059023802
F82018,37.109802813466196,29.907316082059797
F82019,55.362428857984504,33.670014959688096
F82021,62.27282978186351,42.3166151898573
F82022,62.905059034789105,37.5299051969079
F82023,70.5296390642029,70.731260704799
F82025,63.113953574242096,46.3995720554363
F82027,60.3107139363269,43.8722375522589
F82028,48.3771428865874,17.7681218886994
F82030,67.29170170587861,63.6087870901857
F82031,65.4655106628329,46.471107605108095
F82033,69.8824183106436,61.301450773278
F82034,55.631316035352896,45.679858564479694
F82038,35.451921511234204,19.8700814880334
F82039,86.5947888821252,87.3054852525415
F82040,73.5055163916315,70.5770915449546
F82042,44.2177694941604,31.5802696449713
F82045,83.65972966444471,80.03248316294341
F82051,36.9099755443152,25.4451222943412
F82053,71.4338269189845,69.8623696283171
F82055,84.5772118494164,78.6589578649356
F82604,71.1954165378057,54.242013953213
F82607,70.1112294844599,68.7427733760677
F82609,75.4821486431521,79.2181912628274
F82610,72.2821136133326,63.3243891549451
F82612,46.410375666702905,22.8844063794831
F82619,79.08887864259209,75.1903080395503
F82621,,
F82624,70.412112591212,73.52230704574289
F82625,73.32322788986289,58.524119129098494
F82627,44.299352062729,30.235152264229498
F82630,84.6735305331134,71.2366970464523
F82634,78.0633655430799,56.4083827894328
F82638,78.2189694991504,64.7018174062068
F82642,61.650215916247696,40.7749690420436
F82647,48.5530860753207,49.4642695784445
F82648,73.3218385202257,62.8589941555335
F82649,51.8225576950247,62.1129276340511
F82650,69.7250546944134,50.320738175337794
F82660,41.448309882580496,22.5172838450439
F82661,70.8783263561697,69.7611784743868
F82663,65.91811248785609,49.575968754835195
F82666,,
F82670,85.300753192944,78.0101596449837
F82671,69.7973064744139,77.17182934978591
F82674,87.55217542477371,74.41202949432841
F82675,46.292440097257696,22.3659823206085
F82677,73.2303689979975,71.04657887557741
F82678,75.7238277017801,61.04533415583
F82679,53.310385440267304,41.0047538368065
F82680,79.822207228654,68.2151856263411
F82686,51.68771886258819,36.5377611599745
F84003,70.13640718076401,59.778716821621
F84004,39.7452210613913,25.271014833217
F84006,60.666679805776305,43.7318990410991
F84008,68.3262069548911,57.845430783504405
F84009,57.401855319306705,44.8309215696454
F84010,54.035886818006,35.7168786645367
F84012,44.0561145974777,21.923398404843798
F84013,54.5568988876205,28.4525066511635
F84014,61.6377614895096,56.035232143703496
F84015,89.93927644694159,69.8707276421504
F84016,40.5652709214788,11.4537052335767
F84017,65.81274511665511,50.621669960563096
F84018,86.017741742613,64.50423716718
F84021,80.1954442214746,67.592137466208
F84022,79.5499279127129,72.3417618730591
F84025,42.440098999184,19.056180858433
F84030,54.215016244758296,43.801511406411095
F84031,54.534346851053705,30.005011665683902
F84033,83.696744159043,62.9861812391955
F84034,49.7070075628813,27.950892507965904
F84035,77.271106396384,73.6475805180036
F84036,70.95299935696751,66.8860988006206
F84038,73.8578037210356,62.7812305896417
F84039,48.4674212522464,33.1668609930415
F84044,56.3468612709183,44.7354064310189
F84047,49.6993521172461,36.3947474595342
F84050,62.360770004031494,47.34560501469
F84051,71.36827465060969,52.028696941474195
F84052,67.7329704265433,61.430039319106996
F84053,73.8221143593932,65.6481013996262
F84054,60.2130068506205,50.976206918768
F84055,60.782339756283,71.72808281102661
F84060,86.9506224637824,87.6283773396012
F84062,55.4950428350932,52.549843120312104
F84063,80.4295761542126,74.75119743359629
F84069,71.4658663173272,52.0608504965335
F84070,74.9535434983716,67.5709053668088
F84072,82.16378701864821,69.6542803564099
F84074,43.487569922057304,32.5367200346998
F84077,68.5918886667906,49.1831230992072
F84079,50.977135735976496,40.6767606809165
F84080,66.7090306040081,55.2157767940461
F84081,52.9456053900618,49.8071852956255
F84083,56.3066948764288,50.2124835904369
F84086,76.1220163879658,73.16602629750881
F84087,40.423846555599404,29.287510253579303
F84088,71.6738829153031,56.4953357767819
F84092,54.3065867071393,39.3614821808123
F84093,60.44652112807219,36.3940183320143
F84096,68.0387813898041,51.46886113375339
F84097,64.1304677533316,53.254909113315996
F84105,90.7837086854109,77.9788592288289
F84111,76.2361373750845,60.3052288237258
F84114,42.3852913637578,27.081431111586202
F84115,83.0330147722487,66.33107151136241
F84117,63.5548590726537,44.0601339373834
F84118,61.992512095373996,60.8159123432604
F84119,73.372207958806,46.7637828128313
F84121,66.4213924748221,43.276409646860195
F84122,58.181332895076295,45.5757769406052
F84123,55.192077901908696,39.485358523430705
F84124,63.3263935675489,60.2607398025943
F84601,76.495067574852,68.6711709679106
F84619,81.8174269504826,82.9385969932807
F84620,87.5907837844787,86.6745730073901
F84621,72.8512957348741,67.9397157150198
F84632,77.4657250120733,66.1253959674911
F84635,94.73413912730561,96.6950489502863
F84636,81.7096867210953,76.5566159749141
F84640,68.0112173537903,49.6956371195605
F84641,83.652271582211,84.3409888718351
F84642,58.8342558828962,58.357298945972104
F84647,69.18557816176461,74.3888994398601
F84656,70.4130752437612,60.154888305047905
F84658,61.1763392720594,54.795340776130494
F84660,75.2704338724042,71.59578382224761
F84666,54.7217698672296,53.127380013895994
F84668,62.390779533776694,63.9546575006102
F84669,45.9810190344334,33.2243345193905
F84670,77.1848049661348,65.9168382991068
F84672,57.0058426551474,51.399931500185104
F84677,67.7044092579993,57.2206590766954
F84681,70.1394602922163,51.62507297858
F84685,77.5292149234422,63.5365764186676
F84686,67.1377389992984,64.279271296754
F84692,75.9235780214474,57.6614747533067
F84694,83.9941653501908,86.4539610012118
F84696,79.0074837208773,64.2122433593449
F84698,73.1985288156585,68.63583647495119
F84710,48.660127362871805,22.0027139059953
F84711,77.331381522872,73.2213583186312
F84716,66.6549607145941,64.569565621376
F84717,66.3580554037955,61.3268528004176
F84718,54.8422213409124,51.258698542181605
F84719,90.48866996470039,87.3769849186516
F84720,74.5742600378976,78.3093852858059
F84724,79.6880089827601,47.0911365563168
F84729,55.48276978632,47.6635912002068
F84730,57.1634139864313,45.2230907472139
F84731,99.2950576875908,96.63059929884919
F84733,88.0696388692487,88.2950150108714
F84735,87.9911843412096,78.7355806686575
F84739,75.765974251301,73.5594498317829
F84740,90.4487951787434,78.52692276315861
F84741,65.4084498114384,55.1590020916896
F84747,51.232194827065605,28.778532002741
F84749,39.9329505435664,25.8768796969437
F86001,75.78416903426421,47.7142768648769
F86004,55.940874591318604,32.8654359788448
F86005,46.184303179025,30.098279609811
F86006,65.1413341728862,43.3130396795817
F86007,68.2074786420042,55.04437177792521
F86008,45.15294205532,20.3527628048232
F86009,51.278053661427705,21.1697903992674
F86010,58.899118107071004,43.1686537411144
F86011,56.561146124075904,40.0700381936288
F86012,67.55908551487529,47.372684043104
F86013,32.7564834548957,14.7923611526957
F86018,65.0810305210409,40.5149626677137
F86020,81.6506497179412,80.2108949957741
F86022,50.364284698270204,31.0658320038634
F86023,80.751969717859,45.663589451823796
F86025,45.7589540145758,24.4417180336997
F86026,37.5589762440804,12.9310933893141
F86028,41.5727473325946,25.690475775091397
F86030,71.314424070658,69.175828913397
F86032,70.870637425113,51.133110589236395
F86034,56.791448350737596,42.693051497760095
F86036,43.7831800352534,25.5538330526242
F86038,73.9460084782434,64.03597613799849
F86040,53.4614329147247,38.9708693777444
F86042,56.6705735833495,42.6717695887653
F86044,68.2977925408052,50.365698061653596
F86045,78.01348003541369,65.47685671283689
F86057,66.1931731782699,43.2051138717271
F86058,50.9934141703665,29.438109017410202
F86060,42.4473511963257,18.4150119941956
F86062,65.5694846374615,55.2702771061957
F86064,84.24064875918789,76.8758371656041
F86066,56.1096045310984,40.5818794632098
F86074,54.585318323037605,34.2474216162725
F86078,63.04533756516339,46.728389906358395
F86081,87.6911779426075,78.4616753523324
F86082,54.8098659582559,39.6626178890723
F86083,45.470682360086,26.4531045426901
F86085,84.59042821121649,80.5743160450043
F86086,58.8462097487466,42.172736658752
F86087,41.235178330549296,25.1949476843821
F86088,52.4733730645416,38.1821216689664
F86607,70.85528580747649,42.0531868071269
F86612,67.8589970851252,71.7073269453499
F86616,80.93581134246351,52.986502724199205
F86621,84.5166279546839,73.7012883980121
F86624,77.0262321367042,72.9334694601527
F86625,59.5187782442798,34.1317624189292
F86626,58.4878965847116,53.119338735405194
F86627,55.919565711789296,31.5730433251939
F86637,49.2773170727643,40.2206464474773
F86638,65.8467050095807,57.5587870165436
F86641,88.7666814626631,77.0034463496764
F86642,36.4256801700556,19.7252493751055
F86644,41.9413790341524,32.3299233183033
F86650,71.185524547827,46.4410117396031
F86652,60.8211763158008,42.6002487107612
F86657,78.3820451611126,54.92795868006199
F86658,85.37522070385461,75.7471059536592
F86664,68.51446780898999,60.020388885171805
F86666,60.161388682413495,42.736133616932996
F86679,72.64839851673331,79.0637028571248
F86689,79.3385085128062,86.0900795417476
F86691,78.9348178081296,72.0947446110743
F86692,64.7241556847216,60.0322003275951
F86696,56.7661790630306,46.055716363092195
F86698,75.8561552259467,54.5419146827835
F86700,78.3743274096534,70.7681121102947
F86701,79.6673777283649,83.8693773230106
F86702,49.390986522380295,26.3474145434895
F86703,37.5093262783556,20.735024525795
F86705,83.1013832620688,74.9485819960401
F86707,58.14590784281361,40.4885470608907
F86708,73.0794310119917,53.0332227258164
F86712,70.5022436832478,57.2706098778216
F86731,66.09714522237779,45.6951975794117
Y00090,47.7708077372216,25.950203244565902
Y00155,43.643472929929,28.9475601255137
Y00312,41.9935940090156,33.4360178629909
Y00403,60.3922354172941,45.4997294033887
Y00918,57.9463431049713,26.138252009897002
Y01280,61.3351232952087,65.4238662049209
Y01291,66.0525437960031,48.164220671840305
Y01719,63.825353476416204,59.962044619724594
Y01795,60.8414491386326,62.896957438296994
Y01839,52.1093551883331,40.928881238123196
Y02575,55.2904726235324,37.3647464308076
Y02928,40.282513430677604,22.303322533851798
Y02973,66.4765104105936,55.755774998543
Y02987,42.2815150931319,18.4080045197796
Y03023,61.982575126000405,36.6039537078652
Y03049,76.6910745472468,64.2486875185965
Y04273,63.4008062992406,44.1178563851973
Y06592,41.656253915772304,50.692243145579596
M84001,45.788741361252,17.1504332792835
M84002,88.074014156264,90.168095560269
M84003,66.3139022504602,40.440104581068
M84004,76.3283870850626,45.2933392787093
M84005,82.76306567033541,67.1984514285422
M84006,55.7819378302545,25.610502594178403
M84007,57.462257165375,38.3356347646083
M84008,39.348652108743096,14.413514304056498
M84009,92.6370595275324,85.61239557527351
M84010,80.26113046140179,61.4905346050173
M84011,69.4797499988942,32.51090384082
M84012,82.3651005220243,69.7079202784123
M84013,74.0275113107144,62.0983511158721
M84014,92.3977805461524,82.2171510979744
M84015,60.5065382567547,44.6952106296441
M84016,96.5426930328452,87.4404043783465
M84017,66.8764381103273,56.913308663760795
M84018,85.5764412637771,77.1994565688117
M84019,73.1769723592965,47.7368376891839
M84020,61.67707661788731,25.681266163715
M84021,78.69449556146671,76.777888019028
M84022,60.4596154907859,49.9530537820887
M84023,46.765411221566,16.1617237721264
M84024,96.2197049670247,88.5011548260918
M84025,64.7029965198452,54.645662103728895
M84026,79.7732505506775,66.8803926319775
M84028,62.1267619507672,38.199736347186196
M84029,82.0516069233172,64.9333552057409
M84030,83.59344613831,76.0625863952385
M84031,82.1628754613,81.7734670362327
M84032,85.95014941394061,67.1247918072612
M84034,45.4966007880606,36.0314120341164
M84035,79.9263214024422,59.5044751816279
M84036,72.1175436176695,64.6346582833772
M84037,64.738913754172,25.284562878842298
M84040,80.6371856472574,66.2914259802834
M84041,77.1496274467688,66.1442592412709
M84042,64.5790905599256,23.1125466576706
M84043,86.0240920049268,66.9717890065855
M84044,89.1797826663275,79.9105945304497
M84046,94.2943178927023,85.0466997710982
M84047,87.98937159382379,66.7263499103331
M84049,83.4147786113144,80.147516857408
M84050,54.684485385063695,44.245082151623
M84051,64.41417132661739,37.5832873178304
M84055,66.7416428898057,57.5870497927278
M84059,70.1928932952976,66.9429374615706
M84060,98.1202565990916,94.488869682414
M84061,82.955106775676,66.5798522442775
M84062,88.8435962637225,85.3835509826207
M84063,79.2038622995957,56.4392487725175
M84064,89.6282464801226,84.4809532449206
M84065,81.4137575570104,63.345460355106994
M84066,92.885909563813,93.6016034652438
M84067,66.0536428196709,46.1394468382964
M84069,96.0209613416186,93.36282980149339
M84070,76.63115684288721,62.9249585400675
M84609,69.0665590894908,78.6175833231525
M84612,79.4504676002406,70.0243352645215
M84615,67.5532247479038,58.81930090713941
M84616,85.5893993495278,77.504421600914
M84618,79.9369675241264,64.5569516266128
M84620,92.1262470837661,93.1104371240711
M84621,78.88480307874481,70.12613713901939
M84627,60.4400547533457,33.3651178737056
M84629,89.8892151404507,93.7636819853398
M86001,79.0057470724494,60.66918743531849
M86002,65.3177579942882,57.0168051013261
M86003,67.3283888047969,55.61387965027001
M86004,94.0506726905996,94.8848340488309
M86005,70.485413569694,39.3065425755395
M86006,70.2679425545257,43.7938403402794
M86007,44.5607304272043,16.3634344474734
M86008,58.8906110407446,34.4099890344256
M86009,74.97649941849551,62.4721271736991
M86010,59.2893489619323,47.0501048070398
M86012,78.7259831597417,79.3588750814457
M86014,82.60079775056049,69.9346946428327
M86015,58.6335418200119,67.0773675193258
M86016,86.27153232082601,75.0356498380311
M86017,64.6765110076425,41.5050456366871
M86018,68.8074372703158,53.694014117647406
M86019,80.3336550557799,71.9627343750987
M86020,63.738935300537705,48.3748549813797
M86021,74.7150345094928,63.4005658871798
M86027,86.84763676245791,83.835529853181
M86028,82.0655983637065,75.3131182896051
M86029,90.4108602683788,66.4973333195221
M86030,59.2630376754273,28.016045233818097
M86032,48.0284259842792,29.0208548450082
M86033,71.839519836647,70.7359901784032
M86034,57.093288666865405,33.799406085287096
M86035,57.3641397372769,41.1428061193928
M86037,49.5037132046972,43.1073863235597
M86038,81.4079760687488,77.083248642208
M86039,77.2658744782662,63.2876397602081
M86040,72.8152875873718,72.7128929184761
M86041,70.2165028156833,57.797711687382204
M86044,74.1236244150968,75.9630623882683
M86045,31.1053189298679,28.3805256922646
M86046,84.48935010130461,78.9553070476392
M86048,57.06827306837749,41.6685961504836
M86605,88.52717059051601,84.7440284276275
M86610,73.2139097720482,71.5338730445628
M86612,81.18679376853311,77.55002728284151
M86617,65.9222857282596,61.0788993516792
M86622,69.66534037997289,61.0740244172434
M86624,67.9140508342101,61.9145467154147
M86627,73.14766332768839,65.8715384619706
M86633,78.3868227764527,57.578577204720204
M86638,81.1941192808164,69.22019129760601
Y00060,95.88884200027779,85.2186802807968
Y00140,93.30822395515021,96.62539722826659
Y00996,68.6234767023551,56.7078486848585
Y04882,60.389682198332295,43.9082488662267
Y04884,67.4916705660564,50.1027288939921
Y04965,70.8277899000905,55.0773162187068
Y04969,50.430188939211796,20.3633325799459
Y06218,65.2930751693919,39.4436909411382
Y07274,86.04317818564789,83.9184946948144
M87001,62.4193306480369,46.3751798045965
M87003,61.5686981935682,28.4969912473941
M87005,61.503009788943096,30.702768489180897
M87006,80.8912758936014,67.7153051310159
M87007,87.8121165546196,77.848433429045
M87008,74.3482605787934,56.5060604749545
M87009,54.2748292741169,29.043034220563
M87010,73.1672531897274,60.2030472874412
M87011,42.2281136554541,10.361885383031598
M87012,66.8329091395104,45.3574634739866
M87013,46.481624138399106,27.109510670660804
M87014,74.5393875289908,45.7028135325735
M87015,57.6950835424158,39.2588226467585
M87016,54.03997380976679,26.735744625191998
M87017,75.9777839291237,44.454997368461
M87018,83.6378290980268,84.0607330417575
M87019,61.919890363308404,39.131968502882096
M87020,53.2473231852211,33.3567633702593
M87021,71.7347314307635,54.33646866139979
M87023,76.4841139479097,65.6595034904359
M87024,69.3857458079642,53.4969704977416
M87025,71.90734229007751,59.1076986510094
M87026,79.92611839257509,49.2215061002749
M87027,62.20345711674929,51.2933781025968
M87028,86.1957733134394,69.87469398505391
M87030,76.1002514300867,60.765122411509594
M87034,62.99280008289389,35.4577403715154
M87036,46.2549253029659,22.0866296119225
M87037,87.3220914876177,78.4774219189632
M87041,85.651170582964,68.6646984930685
M87601,46.9424233962335,30.8194810991704
M87602,74.53742364934321,46.9699953349287
M87605,52.1634390628185,51.9058490586797
M87612,79.5399629115636,55.682249281973995
M87617,65.8479593725684,62.5272874780141
M87618,82.7017893809685,77.4461609422562
M87620,86.87774246672501,87.5932077549342
M87621,51.392815638929704,39.3075083527833
M87623,72.0392404626281,51.875183482168495
M87628,55.4534635666751,50.235204669409804
M87638,86.786853334654,85.5668236340511
M88001,54.2922956040058,32.4263541989261
M88002,30.712384965759696,17.0817678029278
M88003,61.192794681974505,49.210581119880096
M88004,22.2350206426819,7.41986014301381
M88006,37.6243070072235,22.3838410669409
M88007,56.067920570114204,28.6689002519951
M88008,42.862187562406,27.8812226687258
M88009,46.2129207012753,33.1715091392015
M88010,33.4669732733046,18.4798363804641
M88013,27.5107912460675,16.3958736371758
M88014,54.35073624006041,36.7973121135789
M88015,35.3311967632073,18.109431756434898
M88016,83.49368822313849,82.81957307774151
M88018,61.6477958175071,35.739059965049
M88019,72.0885182394882,62.51162097817971
M88021,31.125183986660097,17.4242232677675
M88022,32.3691471313296,17.0588169433363
M88023,73.7195697416203,63.697682549024
M88026,56.227776222286096,41.199414815050304
M88030,59.5038338877056,52.28460542621411
M88031,51.9418971154501,53.9935799214684
M88035,37.909981550457,25.394433169081697
M88038,31.9611212909365,19.100819850779597
M88040,37.9196364882279,21.4361119448696
M88041,34.681811111935204,30.7655752063264
M88042,72.6767537334314,65.0424757349321
M88043,73.701227264878,66.65206340482011
M88600,60.8665313565954,59.8896765428751
M88610,66.44676429395821,46.5438849415779
M88612,79.3414221561188,84.4016450124932
M88616,28.8744115698355,14.120586279212999
M88618,52.8307963687396,35.8381143682579
M88619,50.060056803360595,37.917086420359404
M88620,59.5648798695345,47.1774823932136
M88625,66.7071247865902,57.3354111952872
M88626,68.0549967021808,56.7170666736987
M88628,58.9417720637503,56.2952205030895
M88630,34.6981706101964,24.3130983498487
M88633,57.5294903099884,41.926561109466796
M88635,77.58106119957921,68.4745152024529
M88639,61.8892813050042,53.6287959193687
M88640,52.819719873568204,48.9848911488819
M88643,63.431312206032,55.2701596918745
M88645,19.175235396440602,6.79741883647539
M88646,76.012042303417,75.5776087706074
M88647,70.3256853329802,66.1596759768505
M91003,66.91409978166139,55.4376318369481
M91004,39.3498554167859,23.1495221762771
M91006,78.950428269839,76.0406307368238
M91007,46.1649947367967,29.1310250221329
M91008,53.0789745277228,25.408191286193897
M91009,82.1790822840494,74.0071880586256
M91010,90.6480008492327,81.07172827258941
M91013,73.5883024204685,60.3086264340184
M91014,56.2240286920727,47.0514017850006
M91015,71.0323758267257,46.4513465277539
M91016,58.5622544072937,52.198025969227004
M91017,86.2305878594575,70.05756232700669
M91018,68.55213845223301,50.48412676867579
M91019,68.6643299970609,40.2292860868457
M91021,75.30809520512271,65.565691956393
M91024,91.9263415542813,97.0791852354577
M91026,49.567842955228905,31.351905373191403
M91028,75.5668338557117,54.8468913512166
M91029,63.1848309273095,48.205342232644895
M91032,60.40744075844871,38.3617982062239
M91033,83.7199551702434,82.2848689701549
M91034,80.8521141397692,69.7548986773858
M91036,70.0847311457008,59.87487772668
M91602,79.7001509622785,80.4544586453111
M91609,72.3404745178271,74.0578375076056
M91611,74.9680833979123,66.6915565593399
M91612,83.8669704042756,86.9982671212756
M91613,58.714248054135396,40.7035938672979
M91614,81.7137642692252,73.0658220309344
M91616,45.9428821524711,30.4252308251811
M91619,68.0112378064594,57.559106679253404
M91621,50.6149765877685,35.5824519504394
M91623,68.9542241643046,65.6864321642696
M91624,75.187252910891,81.577811533038
M91626,70.8505106030368,64.3632139058205
M91628,75.381444028513,82.2683516180285
M91629,77.1398185288582,69.347363466927
M91637,82.0382700109224,65.205829490993
M91639,83.10238578745181,83.1429376643639
M91640,80.2460336730788,74.4354477419516
M91641,60.25524190445049,46.1215281734761
M91647,74.5986116839456,53.7067432608202
M91650,53.0353231595529,43.7405968129281
M91654,57.857050331583004,50.1416341982987
M91659,50.3134963685309,33.0314675695814
M91660,69.2487750143575,54.7781764433333
M92001,75.0805696637477,63.7938847020205
M92004,71.9022072928135,60.9998197889118
M92006,67.6377598335831,32.9900415865004
M92007,71.8725203110737,44.9612332513836
M92008,70.0971975300121,49.446768567712304
M92009,44.9133418736074,23.5432295449571
M92010,67.5977833256006,47.7051892423861
M92011,56.272124517605405,30.2523573957499
M92012,69.040840780454,45.9046327868191
M92013,63.091869450166406,55.783540326389605
M92015,64.0987015845747,63.469727773428595
M92016,61.5229521092613,41.027945097748706
M92019,66.6204206663703,50.0451127565258
M92022,43.9507730200231,34.2514921865639
M92026,70.0530751295846,61.4757630222838
M92028,52.567209893808595,30.140594824797102
M92029,85.1448262216186,85.82222287354881
M92039,44.8957748036072,30.2317477389635
M92040,75.592037531194,65.2645351753018
M92041,83.8137799345396,82.9070507500408
M92043,82.94143754001499,75.2891843749003
M92607,59.1209644366693,45.287140298728104
M92609,78.4983189293842,65.6708490564647
M92612,43.3577895834073,31.989425326326998
M92627,74.8087587644405,68.1734870869819
M92629,54.701835532461494,43.1170617433891
M92630,73.1067176614537,74.4897907025356
M92640,87.1604313666711,77.645464418526
M92649,80.8576694833743,78.0726032406336
M92654,57.494406948667795,39.428142294726
Y00228,68.9420059169459,62.7652545915025
Y00278,76.4754065379491,57.4201994307012
Y01756,85.5041971551454,77.4756634379562
Y02212,53.5536399029388,56.3668302695846
Y02626,69.304364282135,58.661534066007604
Y02627,38.0319545609673,20.7748549627023
Y02636,75.7366626800562,58.0671403640452
Y02653,74.7966699104424,56.675351267918096
Y02701,25.527411290265402,7.9968969980303894
Y02736,46.7882582618689,34.1872575487196
Y02757,39.905823600033905,23.857377148110402
H81013,57.627826939149394,30.329749840592
H81027,45.7839735078989,23.7544712416767
H81039,63.551803905499604,52.6909811673908
H81040,89.3642029184636,87.2725780266897
H81047,67.9239870896389,44.8630500852034
H81069,72.0049531539811,68.96413609657131
H81075,54.218066281703805,35.1404691252914
H81082,84.1428247065097,58.314435671200705
H81088,64.0357204892444,52.917500075450896
H81110,72.2312524314186,69.3906600011334
H81130,88.738793530143,86.3185612733019
H81615,64.33884241210531,40.8070840584275
J82015,66.0583342843714,46.770535162475305
J82049,58.325755183000105,43.4875101988009
J82066,61.0046048405706,34.8262992835256
J82067,72.5277080747131,64.0960600918705
J82099,86.32700607792509,65.7367228955274
J82110,49.982843028723,27.1988569092053
J82120,80.4202291481289,67.2077191909068
J82125,63.963119991551395,43.8629194846746
J82142,67.0565301294752,54.116660783830596
J82178,82.647957081695,80.5651437654472
J82181,49.795558086361204,46.8865042750151
J82198,79.4529635394903,72.5965799524084
J82628,73.1115942703191,82.7360147722913
J82630,84.1436194349828,79.3921995794926
K81001,32.032710856667,14.500555400281002
K81005,52.45753411542991,43.5978497341859
K81010,63.8810605299583,62.408454303265806
K81015,85.83749658078649,79.02352056508461
K81018,68.7067819670239,61.2258705711389
K81019,75.4795061091932,55.4880190048207
K81020,74.3672304351565,55.1174283334137
K81021,41.8314476782755,18.0792434092551
K81024,63.117869526499305,38.061128063495595
K81028,72.1526173542304,57.02228066880009
K81030,47.2522910547939,20.4774410706483
K81034,46.9772698708097,38.513885710016496
K81036,79.1920404628266,80.6230079552143
K81042,78.7197515270764,78.2214389292729
K81043,73.1899192499048,36.7655749150706
K81046,69.9007196239667,68.42687611045321
K81060,59.264941174508,32.760061141269794
K81066,50.46646430873621,31.3780639591022
K81068,71.8458978244608,51.7356666433761
K81074,65.1448511389511,56.47980553212491
K81075,54.5700904725465,17.8064183352207
K81076,45.089790107282,33.389562788271
K81082,62.157109333752004,54.9655569228342
K81083,46.5548697803113,31.0647475531172
K81084,72.8165683347246,61.220027318067906
K81085,58.66609334722111,44.4191790573024
K81086,44.186040053991896,36.2363635515501
K81087,76.9867628320995,52.8723388855907
K81089,54.086706024948505,45.9509932567847
K81094,69.0702396084415,66.0008901294048
K81097,70.8280198815844,61.8838262631068
K81607,45.8675327278504,42.5532012083614
K81608,44.5237028107274,22.5122504156555
K81610,48.7089589423354,14.6175403979568
K81616,69.0054418384952,66.06638811942929
K81630,78.35651970308311,70.933380934836
K81645,58.3616787387606,47.7127769866431
K81655,72.4344576470683,61.2144184427559
K81656,90.6655561082601,89.6722366658643
K81657,84.0113294508219,74.67859948278391
Y00265,63.3178070485595,51.0822454545583
Y00437,41.1200389510344,26.947520609165398
J82001,79.3906939793872,83.7592079235296
J82002,81.4774035991869,77.5750896939585
J82005,92.4801033302374,79.3237187902641
J82007,77.31022297466261,47.008713749354605
J82009,72.512346211156,58.615664727151795
J82010,68.33782887641419,44.6599668252887
J82012,81.7092441561532,77.32281167324359
J82016,92.9991984204305,87.789242508863
J82017,67.8793199268295,47.219981585390705
J82018,57.104252840136006,15.7522070504351
J82019,89.1847539029075,77.7988387056335
J82020,70.728874775507,73.8116085266854
J82021,73.9818378964244,58.1896948293234
J82022,50.765709112784094,29.892772442239202
J82024,54.1758201337151,36.8245897527423
J82025,85.05891284074279,71.8133902230905
J82026,78.2792449084439,60.374458773734794
J82033,43.4470104617263,24.101877732233802
J82034,84.9844206100202,73.8081815150924
J82035,77.4014572255423,60.4096677837066
J82036,88.443175481155,94.1796538890368
J82039,77.6482556933061,51.5317229535462
J82040,72.4146370702367,70.6925882009372
J82042,70.2411059083751,33.9023139544104
J82050,78.3343513396363,52.34584509409051
J82051,73.49684416592,43.1393610553298
J82053,69.21946499685629,75.3273536510385
J82056,52.5880536727103,28.8748113161203
J82058,56.8957157123685,41.6721623861848
J82059,83.9948332537629,83.1105768871158
J82061,84.0922368378256,72.25457482887761
J82062,83.1994744309296,70.6047696786202
J82063,81.8437574978618,69.8802863724165
J82064,72.3742210736869,41.8021253386542
J82069,53.5863013216063,21.502605873011397
J82071,88.6444451008113,74.5312995057276
J82072,55.861112690381496,39.0070692375702
J82074,66.9167575079834,48.0380006942423
J82075,92.93632330693899,86.3842214491067
J82076,70.7237798105121,44.1914681679322
J82079,80.4847480148258,67.8135639684746
J82080,71.88541269558701,78.0151732122445
J82081,64.5236281762494,44.358819805896296
J82082,67.4440144972474,59.1312544034429
J82083,49.052253173224194,14.3722564756139
J82084,76.42339228226889,58.86548418092929
J82087,84.6840727682587,90.4125544008447
J82088,58.6974045316969,36.0449047193535
J82089,55.0885834632571,33.5515812129254
J82092,70.2763218465096,54.9776937211565
J82094,46.079800012449404,29.4712103431234
J82098,76.2642221810342,60.7933945275506
J82101,68.9430376416517,44.6420283015273
J82103,94.2041104930996,82.8154457605993
J82104,54.1405112821015,21.3117468718139
J82106,82.141158247011,76.1421217957777
J82112,49.316866293771696,25.894693278289598
J82115,73.9602602866741,62.8723441739096
J82116,88.5899459895449,90.80152530720859
J82119,83.546565492663,75.5515574784468
J82121,65.1671536706575,42.943790589754
J82122,44.2611058469449,30.0621761411069
J82124,62.4603933996845,37.8422102953491
J82126,78.3784821995503,74.3762297250234
J82128,58.32924651924441,34.999468553145604
J82129,72.893026853257,53.45246966391301
J82130,89.8260463309349,66.18368094191341
J82131,64.8292110866888,33.2182013836301
J82132,81.0753300838815,62.35826738734131
J82134,40.8681798214374,17.464383108032
J82136,85.5204741039561,71.190428218983
J82138,43.2771105103986,12.3383421326942
J82139,71.2621703404614,48.67086066149
J82143,75.52300665305751,46.9712562016469
J82144,62.9387968624796,29.9646356945305
J82145,47.1633278463212,10.1212139492449
J82146,75.249840504708,63.941553951808906
J82147,75.5423225497299,63.3418755971216
J82150,66.1860688636321,38.4363026334826
J82151,91.23824238791039,84.7787745771613
J82152,43.7165250747966,24.6286636233906
J82154,41.6548271485268,14.225210251138101
J82156,72.0596239491782,38.716077041245796
J82157,65.250358067274,22.208439413642
J82161,70.168878744779,54.764725354293795
J82163,36.5725914290161,16.582768211911
J82169,73.8891426296115,73.7120813441999
J82174,62.047801578331594,45.9954565980925
J82183,72.1328592047059,57.74363380373529
J82184,70.9244030815399,59.8261894792685
J82196,64.4814476233357,42.6051083616419
J82201,88.9959444320785,78.9723097148362
J82207,91.1364766682391,87.69810063812629
J82208,65.3966072210032,59.3586111507524
J82210,76.61775850163511,74.447928871004
J82213,61.7103687068846,51.5585228102155
J82214,82.7719250752174,70.5099780741747
J82215,55.434455327458295,38.4507485363531
J82216,77.4589144987678,52.1990486753973
J82217,89.5141142723841,96.4580925139001
J82218,58.4102960874742,35.0910676748355
J82605,73.9364177300633,62.2425372187406
J82622,47.226522716450795,20.7169311714383
J82625,96.0362106102311,90.7199960268515
J82633,84.1585136419919,75.2935516679801
J82639,80.5510971822129,83.3636220210291
J82640,81.23970215123781,71.8231388744433
J82646,78.55568360171969,74.3596442004369
J82663,87.67083054669,82.959715051059
J82669,50.3667756200619,23.623452096676502
J84003,67.42314607789869,42.269899975844396
J84004,67.7293084756149,46.583535437567505
J84005,64.5271780400798,44.7833930723364
J84007,76.93968699471951,58.32560683370001
J84008,82.65192326241319,70.77208935113251
J84011,64.581746852759,39.3131856038712
J84012,65.04964126567549,46.1358936429549
J84013,71.6513561115718,45.285912835488304
J84015,70.5534781965357,29.767870075160502
J84016,75.30078170896701,68.5862996917735
J84017,74.0812862804206,50.66551231133371
J84019,68.6144982200326,58.199564225088594
Y01281,98.028165666676,99.1095751687796
Y07014,46.7180803717855,45.9927392983008
Y07819,,
E81002,76.9559696456191,71.1237734336572
E81003,66.924760841532,42.7911537289513
E81004,49.5607976123528,24.111067738636798
E81005,59.15852709617631,32.9893652832612
E81006,57.0485006490581,33.3605349892363
E81007,88.3686911798337,89.9329035760631
E81008,48.050299899436496,33.7323682573944
E81009,72.0446362782325,46.2287162011107
E81010,76.3784523110272,60.229977428692706
E81012,65.51437146719469,29.7069845170512
E81013,36.8332741557332,24.1447629077465
E81014,50.956271046368194,40.069610775666
E81015,62.616084154712205,46.281631555056904
E81016,30.3146141303754,24.9336026116896
E81018,41.7762442488181,29.6284846456052
E81019,53.5904301459169,36.0508663278395
E81021,45.564497059194096,26.4025246433022
E81022,19.189698808085,6.05254281223903
E81024,86.3173624928107,84.6176841304217
E81025,51.7622392024178,30.8590162284881
E81026,56.700367885199896,31.778916817055098
E81027,45.7399144243667,28.541750850436397
E81028,42.625677292430396,27.5188563494419
E81029,79.35308438080901,59.53173814617681
E81030,42.5271884335409,26.8275524464334
E81031,54.6611260233784,41.9451449712487
E81032,60.3648330625833,32.0315135214519
E81033,61.4739565697385,29.5208038727079
E81034,57.528174761615006,37.0112881389345
E81035,69.7626615397439,33.0822339729208
E81036,33.8173094629596,17.3346827052067
E81037,58.189838920820605,25.2041291717794
E81038,49.1424533578761,32.8092960583415
E81040,51.952205781565695,37.1868022339106
E81041,44.1728482809065,23.5064143054858
E81043,44.828242084167705,28.1358493041812
E81044,53.2849068185002,31.3220430804157
E81045,66.9135224123623,46.3650349183931
E81046,68.00132482329701,50.245424059228306
E81047,62.7522365833592,50.9108290718144
E81048,38.5877565501699,24.8130425269709
E81049,64.15541540178211,49.669305170027
E81050,85.1507034063931,79.3234952890081
E81052,60.4402130732793,51.531091885495805
E81057,47.4913857744331,11.6970003521668
E81060,62.733157552113504,49.6597986671755
E81061,50.8406142289617,28.5592259578473
E81063,52.6084715123869,32.0139012952218
E81064,40.1569424582054,22.7472564913184
E81069,58.0412012543943,21.388005171605602
E81073,58.023952358798404,50.757691063159605
E81074,70.27221867578079,61.4653815532193
E81076,82.0374324479523,76.6458028700996
E81612,60.3796563907126,41.7132701498042
E81615,81.650475561845,77.5417227779551
E81617,83.1682244268951,87.7049384525441
E81631,54.5463678549176,50.3037830320176
E81632,56.3383609661685,42.9105539025041
E81633,79.0127894720484,66.2644860001391
E81635,91.86254670288831,77.3546318796472
K82003,56.5957512528047,24.5755547227832
K82009,85.62237571563949,61.41113313915459
K82013,68.80404711199989,48.5756517729547
K82015,42.6403733172314,25.0035367392201
K82016,55.128228439743495,23.926571568583498
K82025,77.35953052322489,54.7839058610374
K82026,60.52659441839759,43.105824873459
K82027,32.896967580501,17.8248110695151
K82032,54.183282466076,22.776156200823
K82039,64.1208626155889,40.8689956375281
K82054,39.282781811301795,13.992802503924501
K82057,72.0128808009551,37.810159924874895
K82059,61.3209609968892,49.291548084335005
K82064,79.4436756216738,55.263681932009504
K82065,49.6366150930552,36.0154372467248
K82067,73.9721586905074,53.2614705409282
K82074,60.457291839015404,51.8355623168887
K82076,50.343040586095,25.541236102528497
K82610,64.28410091447951,40.3124600879867
K82615,52.3258765106863,24.88978201682
K82617,89.2132396592999,84.9984512142897
K82631,73.8665752381887,51.1030181310845
K82633,55.19316776306879,30.2517504616703
Y00328,78.8363990478677,85.08228695241141
Y00522,54.091854152013596,35.8687572840619
Y00560,62.65450343340599,43.0464920806786
Y02332,22.4251427963715,12.5082374674438
Y02463,44.8793634711539,28.4025893624482
Y02900,22.4405177195041,9.0441105920697
Y06810,40.0133107943577,24.784824616874502
Y07040,,26.9282792702768
M82002,65.9924942218755,33.8192281566701
M82003,54.9393384644617,21.9585959591686
M82004,45.0766180394808,21.7503944111646
M82005,60.010132480587096,55.6996464572963
M82006,54.6087720402372,32.9336115328096
M82007,41.187158080792905,12.5843365905246
M82008,86.2769064110518,70.72898472925509
M82009,53.825910357024,43.4895894333276
M82010,58.735143232322294,26.5747247318582
M82011,76.897324526498,67.0099484881368
M82012,30.9129651593471,22.4810310742822
M82013,68.1119180940537,73.3536622705937
M82014,85.2589108133223,76.569601252582
M82016,72.8492329573826,51.23442121863489
M82017,77.5045791543317,64.3711815114989
M82018,80.2795044507981,61.682677789615404
M82019,80.7447408509009,70.8010413994683
M82020,89.6839745836407,91.10854426211151
M82021,81.558836189001,78.134395410073
M82022,84.7893174985206,74.5736698778062
M82023,76.83177002428691,66.1160663327206
M82024,97.9137179076657,100.0
M82025,66.9288471418075,44.3600635960981
M82026,70.84375475048151,49.8372472630923
M82028,60.7236824120678,26.4025953218144
M82030,74.5445423177149,48.7602807607868
M82031,71.3383727983405,50.335638755899005
M82032,51.262088460018994,23.6533391722426
M82033,92.74821658785089,90.9890791822259
M82034,89.2801198782511,90.4680442207467
M82035,66.7188131025701,56.561845056912496
M82038,48.9021693448358,24.2795133818647
M82039,36.4440738132901,13.3985529327739
M82040,76.7521240957761,74.32556839787861
M82041,94.3065012983992,92.0431404648838
M82042,61.4826886591833,40.6571596184218
M82043,77.55590853001961,73.0050419866585
M82046,86.2576108216314,90.5856697536439
M82047,58.7670324077131,43.3551446950273
M82048,87.123737824599,80.4361803527867
M82051,73.3254942531038,70.22417610910911
M82056,81.0117390903466,40.0696084576143
M82057,84.4147468079777,83.44752860457531
M82058,88.5364555277943,90.4278787259188
M82059,91.4480378542738,87.1561312072662
M82060,86.3956038362087,80.3429380655488
M82601,77.1766340934377,82.7088185010291
M82606,76.0484572292357,73.2142152368504
M82616,83.48098952615601,74.9612343867455
M82620,94.58627558012441,97.9985211900088
Y01929,36.2832549276768,18.0632534962218
E84002,81.4133749763477,67.8785863598973
E84003,70.0992742524932,56.7579464179336
E84004,47.60476860914,20.326396984845
E84005,64.436129991482,50.2608479460122
E84006,66.4810488955651,39.633864175155196
E84007,68.1074466127464,51.3544778246827
E84008,77.09923104185211,49.4455113415288
E84009,68.0615236057464,45.0432784139797
E84011,65.9331945112409,56.548095845781695
E84012,90.4843010988057,90.1199495528261
E84013,73.5075207086791,60.4271966775394
E84014,65.984061783202,58.3098817525736
E84015,70.839355519722,46.207752173254505
E84017,59.6910517035803,49.599114520139196
E84018,68.7805572999373,46.6258106236108
E84020,70.5126719584079,59.8216303249536
E84021,63.5942848932468,38.474031701663804
E84022,52.4617426711944,41.2657082142462
E84024,69.4234639097821,24.2274539319883
E84025,49.6780372164317,27.8921077232944
E84028,47.0896284925322,37.9701150317678
E84030,72.6963196584222,66.5948286694235
E84031,75.5978854701461,46.6080316759206
E84032,54.6843739069667,37.9464201905297
E84033,68.5304515032082,55.6231479011416
E84036,66.9611157772552,47.7773518757034
E84039,72.00508127825,61.7174110552139
E84040,50.0322275032264,58.890782211166304
E84042,69.59521158489889,71.9509607612289
E84044,71.7958216851909,47.2083108401272
E84048,79.30247364773419,64.1101795105938
E84049,70.3328279864119,58.82391463094609
E84051,74.54163767857331,55.878822180445695
E84053,72.12138243420921,74.6038576622231
E84057,37.6872724325572,8.02518177857316
E84058,82.984043975888,75.3927424937486
E84059,58.074850930634305,48.333884721451
E84061,90.6247027739682,80.6900643416942
E84062,67.6607220103379,47.6982898569708
E84063,68.3823767996043,49.317313417738504
E84066,44.3326541227826,46.1046120539813
E84067,73.19120769726109,65.49586453925271
E84068,51.148639750885906,24.995709070898002
E84069,74.4904528743142,53.646029745593005
E84070,74.6304773229202,64.563541421975
E84074,73.626735663605,66.40370437141429
E84075,58.9000388831574,46.858073264753806
E84076,50.197532934218,29.4719231626082
E84078,73.8315269040871,76.6831886802686
E84080,83.1126647968758,67.17015068726599
E84083,83.4187070852398,74.4815776567511
E84086,83.6433177113311,73.77275297647759
E84601,70.8806232530857,68.1517677702294
E84617,61.141790514958004,57.8685602097177
E84620,54.1959532723716,35.4433638491262
E84626,83.1452702393023,69.7962982936144
E84635,76.5430799361974,71.1018026480571
E84637,75.5028173025119,60.8984105934307
E84638,66.2985401554084,65.93265458862399
E84645,63.8298420097513,43.4841968961305
E84646,83.70348380059191,79.9104645837249
E84647,84.4411152616366,85.2150704783228
E84653,82.2778924362064,86.4865477710692
E84656,76.6832504719098,59.13295002157311
E84658,71.2890090494384,60.6522332589352
E84663,75.4639819703738,65.41376474461251
E84665,49.951702232063,40.6665186730143
E84674,63.7685881581861,53.7625442992307
E84676,78.6040955881409,90.9010151288285
E84678,77.2406497210956,72.5711486699864
E84680,72.7554949793669,80.3276099066996
E84681,70.68220331435529,55.5858613292204
E84684,71.09462325433739,62.5279579417124
E84685,59.08552205686261,31.374208638004298
E84693,91.8234289063956,70.8804230909689
E84699,76.1713353931344,63.7015820753827
E84701,77.64763281604789,62.2219534491945
E84702,86.9593137604742,88.27710148704449
E84704,84.5878015468236,87.1481353193303
E84709,56.9441518167607,56.36029676248499
E85001,74.8874650722373,58.6192272671748
E85003,63.2381160945077,50.214880260084904
E85004,59.749632279866205,49.817528047972196
E85005,66.0516889970827,59.9494434847008
E85006,56.4511724528177,46.8880489917576
E85007,80.5217393144092,67.258364562668
E85008,88.68807087706469,69.04571814514931
E85012,60.6396387934261,39.66158682634
E85013,76.7024283204938,65.7800390448472
E85014,57.504293415429494,36.532146644234096
E85015,74.67239666897821,70.2651500575698
E85016,69.4635705826114,64.14276786802459
E85019,59.9521557958235,42.1454957580501
E85020,83.0130186144028,64.93616050460051
E85021,80.3230418820698,70.4137547362487
E85023,58.305214845106,51.921586863008194
E85024,77.8918995627645,66.826777153674
E85025,65.6489261358977,60.7176173027542
E85026,78.1071414896221,65.8217607949796
E85028,76.5769790112641,62.170523743726704
E85029,63.3396542749057,64.9619461526814
E85030,88.1125700239078,87.2191221056227
E85032,65.8108965894336,60.803150101284395
E85033,72.8139335184177,58.8656057747736
E85034,66.0653042842676,33.016013711991796
E85035,83.6333978378281,77.4297483540096
E85038,70.63319235307401,74.938224281739
E85040,55.792899153903996,26.323440286308504
E85041,76.4352231216583,69.335884515417
E85042,96.9249487789586,90.38831910526
E85045,77.04109383407601,72.2145394626056
E85046,65.45739206062021,56.66826108084489
E85048,75.2594053476645,76.4633092066219
E85049,53.8708187199522,48.0727573306023
E85050,72.7000849255532,77.6055554344484
E85051,84.5084017465496,74.48868435255271
E85052,67.28332831349981,47.5844964280177
E85053,45.049280347631395,31.7019388365463
E85054,74.76334245169039,63.9582845251106
E85055,73.1916900602831,67.2034009189571
E85056,71.9210760911614,40.2088941979326
E85057,70.514187348722,43.3086223513165
E85058,65.0561470873386,47.3600099706621
E85059,66.3362199196215,45.1518159767552
E85060,79.2469034972304,72.00796606256709
E85061,66.47906040657729,67.79793154131501
E85062,66.1053809376787,51.06032557311379
E85064,84.71489135028149,78.2435169259991
E85066,87.60905470831179,83.36779412402299
E85069,85.8367649258532,85.3117554654024
E85071,88.8622095559137,93.5271097399505
E85074,78.481839737204,67.7108257149052
E85075,81.0376669979437,74.2905423281078
E85077,66.25099092817081,79.0175979808063
E85083,77.0858580373137,76.9218451991117
E85088,76.170280347321,71.98899284599621
E85090,65.622341125411,55.0098558845159
E85091,77.92114155536221,79.98436977534709
E85096,81.4942333863212,67.2517006263718
E85098,64.97126799878589,59.187553320535
E85099,83.9196358364244,75.5391813148629
E85103,58.219726577993406,50.443582395880206
E85107,77.6205426205573,58.7107456576901
E85108,74.863262768678,65.20509333257391
E85109,62.5970051900924,49.6702171957986
E85111,67.05996568085641,59.4830322502083
E85112,77.16467254765061,68.2492624405312
E85113,90.6118505641178,86.4565243951222
E85114,71.74682852363941,59.9924384247054
E85115,74.2913394608789,53.1454998447183
E85116,79.0159639851622,71.3296552908325
E85118,79.6183497012281,72.4988484702407
E85119,79.5521365406024,74.7119039348707
E85120,61.213010101155895,40.4283888571408
E85121,58.364999891313,42.945076105062505
E85122,72.47398162825061,46.8872802761123
E85123,61.060633516760696,62.7258072574175
E85124,70.1101041460473,47.7471495901071
E85125,78.9370872797212,58.85254430376649
E85126,60.952620918965195,51.547765544493295
E85127,52.0781563961589,27.594445688125504
E85128,72.80934426190349,51.07407343516041
E85129,76.8092527239477,62.7141403369374
E85130,79.4856008069107,64.7025765993642
E85600,83.0813023501029,68.6579094042614
E85605,71.0816561845202,47.1071951792221
E85617,83.58083516794579,82.5262335198381
E85623,69.8796415272829,61.795711663637896
E85624,57.008253988123904,48.745484132107904
E85625,79.6483621685657,75.35974912971119
E85628,59.6250157480952,36.7570075606957
E85633,57.9902771445788,49.544654695552296
E85635,68.67126855936691,67.881433053118
E85636,79.4606978731057,63.849554667310706
E85640,56.645922960391005,57.6928819262884
E85643,72.2888397384547,42.3832253155913
E85649,66.9217494082021,68.3428394600935
E85656,53.886141352506996,44.6095314700022
E85657,61.8112093953319,52.0344255791882
E85658,91.7598423574191,92.4616297678957
E85659,62.6547592405913,49.0000686608569
E85663,63.974409117425104,34.876603489776095
E85677,81.60356747093171,80.1869970312684
E85680,65.4613462777524,51.1136997312461
E85681,68.8899633959009,43.1697973793487
E85682,42.3462807053197,28.768323369894798
E85683,65.96727528057869,44.800996219469
E85685,74.7475282786349,50.463016625467006
E85687,88.6074912260729,86.2833991770965
E85692,76.7487690911218,67.2425987391294
E85693,67.3076267937321,45.64663039906
E85694,81.4683559512974,64.6766417978955
E85696,81.93639170083429,62.765688114005705
E85697,79.92717008944959,78.2840054960192
E85699,67.2421874500191,65.9168423364145
E85707,73.22204858868609,59.1078395994038
E85708,70.7145278389232,71.90628994229999
E85712,54.586917951866496,35.4100380966453
E85713,81.130479764951,73.2551254616194
E85715,64.3963353050269,59.887962087130994
E85716,63.8848007470179,44.7254938313505
E85718,79.61574123645711,72.5940838192783
E85719,71.47467129311,64.1079127876564
E85721,94.314554667147,88.2095687435786
E85725,87.9747819703864,87.3414074095892
E85726,87.1495573866039,75.1124181815547
E85734,56.612746863460906,50.588175012000804
E85735,78.9146035657558,78.1982990467444
E85736,74.7875210523801,59.545265218136
E85739,71.1329644505192,64.7907313312146
E85743,80.57844947473049,62.31059840733379
E85744,55.345002359187404,37.981605778210294
E85745,69.2578518480009,46.4994528285246
E85746,56.07636476632371,55.187551945842095
E85748,62.261617716462005,46.145637577786204
E85750,84.5080618172624,81.43333859512441
E86001,64.7564662277589,58.1428042389206
E86004,46.8077633822723,29.855300233631798
E86005,59.130643113162996,33.3716809046532
E86006,69.27931216172391,45.040195059077796
E86007,53.349181156593595,28.6548808364709
E86009,80.8482793896978,69.82045946952489
E86010,68.7103971308577,50.1675013771081
E86011,94.9239438386388,83.98538006135429
E86012,59.273225004698006,42.029494721758894
E86014,82.7426348847891,72.3100177079691
E86015,63.4891149996241,45.7869082408924
E86016,82.8081375331564,65.9927685059872
E86017,53.18863629407859,43.3046657150011
E86018,50.154653348350195,27.0956676330113
E86019,72.6821473922261,47.6116958005436
E86020,64.521303867748,60.3527021428905
E86022,78.7724069449221,62.889745862999305
E86024,77.8597461791034,77.39067652618459
E86026,54.2208252267423,35.5335048108929
E86027,70.3147932055592,58.15657383081761
E86028,71.6838177773153,50.5385928279133
E86029,61.9979910714089,40.497319929311296
E86030,60.5066462806892,45.2174115084778
E86033,55.513329924539,35.9181402505161
E86034,61.8131625638457,68.1847373140771
E86036,61.1008430305671,43.981015802989596
E86038,76.1269835461474,61.81756704340901
E86041,65.3790251517561,53.44532330298139
E86042,76.5808015646957,66.71153723065349
E86605,71.5571473126699,72.66964330636671
E86609,80.300243120239,75.6046948377041
E86610,49.7450011522672,34.0780403792048
E86612,66.6241036574307,43.7414588043459
E86615,74.3764840152674,60.8485313711049
E86618,69.6574982124141,57.496757808263396
E86619,74.7581833603218,66.67917781702411
E86620,70.7387994428114,73.47687522897411
E86625,62.9272866623146,57.641978170993
E86626,72.3203848895965,72.5306191372481
E86629,60.8089918863537,69.826646802676
E86632,70.7294618011628,54.2309814481196
E86637,72.5624822270173,56.8110858468449
E86640,88.2426303876151,83.5786986340732
E87002,55.4025398463659,47.509067468709496
E87003,75.7057920427716,72.6995723490861
E87004,75.4950425932866,63.612316355481504
E87005,66.6709966712916,60.9838794333365
E87006,73.7866621620515,64.435676805385
E87008,70.4704757943742,62.3605883072883
E87009,79.16078719819551,77.244207884712
E87010,74.5332289839207,69.1082838573257
E87011,73.20374515962949,64.45369302377219
E87013,77.2869238502831,72.546552853487
E87016,86.0660258213938,88.8262683707754
E87021,85.079268634119,78.5126464401966
E87024,83.0089709898955,92.16757263026551
E87026,81.8202098675658,91.6386666158163
E87029,75.7187774998429,56.0507006853592
E87034,67.0952540724326,65.6658779919266
E87037,49.145845651799206,38.4658575783768
E87038,90.6706122133096,86.8410416303865
E87043,82.0310341941949,74.20939886514381
E87045,92.1598467663258,87.7348327734626
E87046,64.876431597801,35.885497960375204
E87047,66.69597949818031,69.062320888319
E87048,87.9165774721122,87.1224145729182
E87052,61.8042148209702,50.5235352305435
E87061,85.0861712974523,76.7939951044621
E87063,69.4603171059282,53.6050406485044
E87065,81.5793600934296,79.8576743277589
E87066,62.707446690775,69.5950519038357
E87067,80.6931606714536,86.17831751187501
E87069,82.45629211076489,75.3407612624096
E87070,78.0549103649329,72.5747560286661
E87609,93.3621655216905,65.3274793638423
E87637,82.74064117244329,80.8515127214542
E87648,88.53140345809281,90.78266954529181
E87663,76.66763594432791,73.3975892093969
E87665,92.2087974996746,92.6614016272863
E87677,84.672193456035,86.6740963702655
E87681,88.1207807292578,72.7627752238678
E87694,74.418485882408,79.9686734238073
E87701,95.33401019576509,91.6889295504489
E87702,73.7215769544545,80.01367575576481
E87706,55.739782640479994,42.0896768219642
E87711,98.0798339016157,97.7673022581737
E87714,74.8728499987174,72.7568036486096
E87715,65.6328417656629,74.93299100966499
E87720,76.3711833622247,70.2850121400562
E87722,71.3127355649834,70.4695050513784
E87733,78.5910495849505,68.6268946840513
E87737,76.4939849330496,85.3454349434012
E87738,65.2801774979941,53.285578673284796
E87739,68.7126399575332,55.151045300344606
E87741,67.1545495347454,64.06363385033809
E87742,90.60404265499051,83.9079114108126
E87745,68.74053372912951,68.8532291330661
E87746,79.2175310758087,76.1651003009005
E87750,77.97502297442371,80.6551581604776
E87751,92.4464736938051,82.5674094068467
E87753,73.0035829883964,66.917011064641
E87754,81.26725919453351,77.699827974539
E87755,68.3877536964375,72.6769253236958
E87756,74.7116853097088,67.7934909209245
E87762,94.3976983725158,88.6538299857562
E87768,70.1682793240115,59.070559468137695
E87772,84.4974148901271,89.99724231514
Y00200,66.16078131723981,56.375455040860004
Y00206,53.594670607252105,35.9009278672999
Y00352,71.1825874134264,56.9625094286792
Y00507,85.5420538603202,77.4616033092216
Y00902,57.4406593558316,41.9534895246204
Y01011,70.2289304510647,52.455631371558496
Y01090,76.14107102259901,72.235549134095
Y01221,58.3856480078594,45.1714131433124
Y02342,68.43699082661941,63.8927822055087
Y02589,71.8105634470453,60.176305808113895
Y02671,70.359977021429,51.965719017509805
Y02672,71.348319568655,60.8274807786125
Y02692,55.6478114699798,43.970750270985896
Y02842,76.0405263264812,79.13410986795179
Y02906,39.5641002536471,27.224541718509197
Y03441,55.06921534225489,44.4812682065809
Y04225,76.3864865580268,70.4930084058988
Y05080,65.8650808973772,48.7604564119748
B85001,51.32435421618789,36.8698711689022
B85002,94.77006688536301,88.1269071828564
B85004,81.5348878027658,71.15824374663569
B85005,79.9215869710698,60.0023748083148
B85006,91.0989049884333,92.68446546330141
B85008,83.8961493213595,84.4887958711296
B85009,73.4791445986644,54.2670216937867
B85010,85.1336367314255,66.73368890803421
B85012,49.443127762711,29.5390104472819
B85014,77.5127349391059,51.7249818932361
B85015,62.2139480518299,63.320979614193696
B85016,59.610729186174105,32.0996650858453
B85018,85.2614505975107,66.4270610914068
B85019,71.7917359607162,48.7808443690433
B85020,85.69230398954511,73.455209234188
B85021,62.7952871187254,35.4727375344531
B85022,88.3493516771654,74.93745524622561
B85023,68.76451780480059,37.0285797165885
B85024,67.2143045125772,27.735005442163
B85025,49.710316141088704,21.707079552448
B85026,65.1771779811277,36.1324033796434
B85027,66.0835529859798,30.253403991795302
B85028,73.1179578308609,60.036615239659994
B85030,91.1950202697454,76.98998280742741
B85031,73.52341923727221,64.428225234211
B85032,72.0210719647633,53.444250836593795
B85033,60.0770315409959,33.8568335623957
B85036,72.2764678744576,59.8162541448891
B85037,71.2697381667046,51.868960395043096
B85038,88.3960852472835,79.82674373890269
B85041,54.632011556709706,33.2214737196608
B85042,74.3811147821377,61.7550848723291
B85044,55.735357516958594,37.9965497081759
B85048,56.46579181250569,30.466923977953297
B85051,78.04705110069091,68.8740225674806
B85054,85.3799881123318,65.17508635599239
B85055,57.7287113933828,42.143019666392604
B85058,86.8616530314097,91.413464269814
B85059,88.5803509650724,69.4604018467854
B85060,74.3881579247487,81.2875715282552
B85061,74.8602014631749,57.8598297302356
B85062,78.4076017236699,61.2318321978825
B85606,50.4223292668155,35.3374371891673
B85610,89.6782289844991,81.2739602022408
B85611,65.0344530190943,57.787299937276
B85612,82.2597838094614,77.1849961210738
B85614,37.8993705112729,21.5565046971912
B85619,78.9087356437128,71.6214582642668
B85620,89.5510679208801,85.6922318222953
B85623,56.428767699531605,40.593825989018
B85634,68.8331866238084,61.527906414486196
B85636,89.0129911184543,84.6885692646863
B85640,73.92966735758229,62.819675904052
B85641,71.885394426595,72.0329046239717
B85645,55.2475385115452,36.9153366445491
B85646,66.5504072744973,46.6888891349494
B85650,47.898883071430895,23.9158266738294
B85652,52.717876868603994,27.587529170589697
B85655,95.37807455806801,84.4711346630133
B85659,87.0254243549951,87.6744407044429
B85660,82.3825399451462,76.7789591453703
Y04266,74.8353162236791,69.1710472437748
Y06659,69.1985589685338,59.54563932331149
Y07275,50.59800705120699,36.0229930329319
