dictionary_file,dictionary_sha256,dictionary_url,first_release_period,last_release_period,YEAR,QUALITY_SERVICE,INDICATOR_ID,INDICATOR_DESCRIPTION,RULESET_ID,INDICATOR_TYPE
389117c8c2__NCDes_Data_Dictionary_23_24_v2.0.xlsx,1d5ea89c5654049c06682b26b110275f34591cca2d79242ccd0319b8a7adbb70,https://files.digital.nhs.uk/28/BA6DA6/NCDes_Data_Dictionary_23_24_v2.0.xlsx,202304,202305,2023/24,NCD2324,NCD001,Percentage of registered patients referred to a social prescribing service.,Personalised Care,MI
389117c8c2__NCDes_Data_Dictionary_23_24_v2.0.xlsx,1d5ea89c5654049c06682b26b110275f34591cca2d79242ccd0319b8a7adbb70,https://files.digital.nhs.uk/28/BA6DA6/NCDes_Data_Dictionary_23_24_v2.0.xlsx,202304,202305,2023/24,NCD2324,NCD003,Percentage of at-risk patients aged 18 to 64 years inclusive who received a seasonal influenza vaccination between 1 September and 31 March.,Vaccination & Immunisation,Payment
389117c8c2__NCDes_Data_Dictionary_23_24_v2.0.xlsx,1d5ea89c5654049c06682b26b110275f34591cca2d79242ccd0319b8a7adbb70,https://files.digital.nhs.uk/28/BA6DA6/NCDes_Data_Dictionary_23_24_v2.0.xlsx,202304,202305,2023/24,NCD2324,NCD004,Percentage of patients aged two or three years on 31 August of the relevant financial year who received a seasonal influenza vaccination between 1 September and 31 March.,Vaccination & Immunisation,Payment
389117c8c2__NCDes_Data_Dictionary_23_24_v2.0.xlsx,1d5ea89c5654049c06682b26b110275f34591cca2d79242ccd0319b8a7adbb70,https://files.digital.nhs.uk/28/BA6DA6/NCDes_Data_Dictionary_23_24_v2.0.xlsx,202304,202305,2023/24,NCD2324,NCD011,"Percentage of patients aged 18 years or over, not on the QOF Hypertension Register as of 31 March 2023, and who have (i) a last recorded blood pressure reading in the 3 years prior to 1 April 2023 >= 140/90mmHg (with the exception of patients whose first blood pressure reading >= 140/90mmHg in this period is on or after 1 October 2022) for whom there is evidence of clinically appropriate follow-up to confirm or exclude a diagnosis of hypertension by 31 March 2024 OR (ii) a blood pressure reading >= 140/90mmHg on or after 1 October 2022, for whom there is evidence of clinically appropriate follow-up to confirm or exclude a diagnosis of hypertension within 6 months of elevated reading.",Cardiovascular Disease Prevention,MI
389117c8c2__NCDes_Data_Dictionary_23_24_v2.0.xlsx,1d5ea89c5654049c06682b26b110275f34591cca2d79242ccd0319b8a7adbb70,https://files.digital.nhs.uk/28/BA6DA6/NCDes_Data_Dictionary_23_24_v2.0.xlsx,202304,202305,2023/24,NCD2324,NCD012,"Number of patients aged 18 years or over and recorded as living in a care home, as a percentage of care home beds eligible to receive the Enhanced Health in Care Homes service",Enhanced Health in Care Homes,MI
389117c8c2__NCDes_Data_Dictionary_23_24_v2.0.xlsx,1d5ea89c5654049c06682b26b110275f34591cca2d79242ccd0319b8a7adbb70,https://files.digital.nhs.uk/28/BA6DA6/NCDes_Data_Dictionary_23_24_v2.0.xlsx,202304,202305,2023/24,NCD2324,NCD014,Metered Dose Inhaler (MDI) prescriptions as a percentage of all non-salbutamol inhaler prescriptions issued to patients aged 12 years or over.,Environmental Sustainability,MI
389117c8c2__NCDes_Data_Dictionary_23_24_v2.0.xlsx,1d5ea89c5654049c06682b26b110275f34591cca2d79242ccd0319b8a7adbb70,https://files.digital.nhs.uk/28/BA6DA6/NCDes_Data_Dictionary_23_24_v2.0.xlsx,202304,202305,2023/24,NCD2324,NCD018,"Percentage of care home residents aged 18 years or over, who had a Personalised Care and Support Plan agreed or reviewed.",Enhanced Health in Care Homes,MI
389117c8c2__NCDes_Data_Dictionary_23_24_v2.0.xlsx,1d5ea89c5654049c06682b26b110275f34591cca2d79242ccd0319b8a7adbb70,https://files.digital.nhs.uk/28/BA6DA6/NCDes_Data_Dictionary_23_24_v2.0.xlsx,202304,202305,2023/24,NCD2324,NCD102,Percentage of patients aged 29 and under with a total cholesterol greater than 7.5mmol/L OR aged 30 and over with a total cholesterol greater than 9.0mmol/L who have been either: (i) diagnosed with secondary hyperlipidaemia; (ii) clinically assessed for familial hypercholesterolaemia; (iii) referred for assessment for familial hypercholesterolemia; or (iv) genetically diagnosed with familial hypercholesterolaemia.,Cardiovascular Disease Prevention,MI
389117c8c2__NCDes_Data_Dictionary_23_24_v2.0.xlsx,1d5ea89c5654049c06682b26b110275f34591cca2d79242ccd0319b8a7adbb70,https://files.digital.nhs.uk/28/BA6DA6/NCDes_Data_Dictionary_23_24_v2.0.xlsx,202304,202305,2023/24,NCD2324,NCD107,"Percentage of patients aged 18 years or over prescribed both a Non-Steroidal Anti-Inflammatory Drug (NSAID) and an oral anticoagulant in the last 3 months of the previous financial year, who, in the three months to the end of the reporting period, were either (i) no longer prescribed an NSAID or (ii) prescribed a gastro-protective in addition to an NSAID.",Structured Medication Reviews & Medicines Optimisation,MI
389117c8c2__NCDes_Data_Dictionary_23_24_v2.0.xlsx,1d5ea89c5654049c06682b26b110275f34591cca2d79242ccd0319b8a7adbb70,https://files.digital.nhs.uk/28/BA6DA6/NCDes_Data_Dictionary_23_24_v2.0.xlsx,202304,202305,2023/24,NCD2324,NCD108,"Percentage of patients aged 65 years or over prescribed a Non-Steroidal Anti-Inflammatory Drug (NSAID) and not an oral anticoagulant in the last 3 months of the previous financial year, who, in the three months to the end of the reporting period, were either (i) no longer prescribed an NSAID or (ii) prescribed a gastro-protective in addition to an NSAID.",Structured Medication Reviews & Medicines Optimisation,MI
389117c8c2__NCDes_Data_Dictionary_23_24_v2.0.xlsx,1d5ea89c5654049c06682b26b110275f34591cca2d79242ccd0319b8a7adbb70,https://files.digital.nhs.uk/28/BA6DA6/NCDes_Data_Dictionary_23_24_v2.0.xlsx,202304,202305,2023/24,NCD2324,NCD109,"Percentage of patients aged 18 years or over prescribed both an oral anticoagulant and an anti-platelet in the last 3 months of the previous financial year, who, in the three months to the end of the reporting period, were either (i) no longer prescribed an anti-platelet or (ii) prescribed a gastro-protective in addition to an anti-platelet.",Structured Medication Reviews & Medicines Optimisation,MI
389117c8c2__NCDes_Data_Dictionary_23_24_v2.0.xlsx,1d5ea89c5654049c06682b26b110275f34591cca2d79242ccd0319b8a7adbb70,https://files.digital.nhs.uk/28/BA6DA6/NCDes_Data_Dictionary_23_24_v2.0.xlsx,202304,202305,2023/24,NCD2324,NCD110,"Percentage of patients aged 18 years or over prescribed aspirin and another anti-platelet in the last 3 months of the previous financial year, who, in the three months to the end of the reporting period, were either (i) no longer prescribed aspirin and/or no longer prescribed an anti-platelet or (ii) prescribed a gastro-protective in addition to both aspirin and another anti-platelet.",Structured Medication Reviews & Medicines Optimisation,MI
389117c8c2__NCDes_Data_Dictionary_23_24_v2.0.xlsx,1d5ea89c5654049c06682b26b110275f34591cca2d79242ccd0319b8a7adbb70,https://files.digital.nhs.uk/28/BA6DA6/NCDes_Data_Dictionary_23_24_v2.0.xlsx,202304,202305,2023/24,NCD2324,NCD111,"Percentage of patients prescribed a direct-acting oral anticoagulant, who received a renal function test and a recording of their weight and Creatinine Clearance Rate, along with a change or confirmation of their medication dose.",Structured Medication Reviews & Medicines Optimisation,MI
389117c8c2__NCDes_Data_Dictionary_23_24_v2.0.xlsx,1d5ea89c5654049c06682b26b110275f34591cca2d79242ccd0319b8a7adbb70,https://files.digital.nhs.uk/28/BA6DA6/NCDes_Data_Dictionary_23_24_v2.0.xlsx,202304,202305,2023/24,NCD2324,NCD112,"Percentage of lower gastrointestinal two week wait (fast track) cancer referrals accompanied by a faecal immunochemical test result, with the result recorded either in the twenty-one days leading up to the referral, or in the fourteen days after the referral.",Cancer,MI
389117c8c2__NCDes_Data_Dictionary_23_24_v2.0.xlsx,1d5ea89c5654049c06682b26b110275f34591cca2d79242ccd0319b8a7adbb70,https://files.digital.nhs.uk/28/BA6DA6/NCDes_Data_Dictionary_23_24_v2.0.xlsx,202304,202305,2023/24,NCD2324,NCD113,Number of referrals to the Community Pharmacist Consultation Service per registered patient,Access,MI
389117c8c2__NCDes_Data_Dictionary_23_24_v2.0.xlsx,1d5ea89c5654049c06682b26b110275f34591cca2d79242ccd0319b8a7adbb70,https://files.digital.nhs.uk/28/BA6DA6/NCDes_Data_Dictionary_23_24_v2.0.xlsx,202304,202305,2023/24,NCD2324,NCD117,"Percentage of men aged 50 years or over and women aged 55 years or over, without established Cardiovascular Disease and not on lipid lowering therapy, who have a QRISK score recorded on their GP record in the preceding five years and who have a recording of cholesterol levels, blood pressure and smoking status in the 12 months preceding recording of the most recent QRISK score",Cardiovascular Disease Prevention,MI
389117c8c2__NCDes_Data_Dictionary_23_24_v2.0.xlsx,1d5ea89c5654049c06682b26b110275f34591cca2d79242ccd0319b8a7adbb70,https://files.digital.nhs.uk/28/BA6DA6/NCDes_Data_Dictionary_23_24_v2.0.xlsx,202304,202305,2023/24,NCD2324,NCD120,"Percentage of patients on the QOF Learning Disability register aged 14 or over, who received an annual Learning Disability Health Check and have a completed Health Action Plan, in addition to a recording of ethnicity.",Tackling Health Inequalities,Payment
389117c8c2__NCDes_Data_Dictionary_23_24_v2.0.xlsx,1d5ea89c5654049c06682b26b110275f34591cca2d79242ccd0319b8a7adbb70,https://files.digital.nhs.uk/28/BA6DA6/NCDes_Data_Dictionary_23_24_v2.0.xlsx,202304,202305,2023/24,NCD2324,NCD121,"Percentage of patients aged 25 to 84 years inclusive without established cardiovascular disease or diabetes and with a last recorded CVD risk score (QRISK2 or 3) greater than 20 percent, who are currently treated with statins, or where a statin is declined or clinically unsuitable, another lipid-lowering therapy.",Cardiovascular Disease Prevention,MI
389117c8c2__NCDes_Data_Dictionary_23_24_v2.0.xlsx,1d5ea89c5654049c06682b26b110275f34591cca2d79242ccd0319b8a7adbb70,https://files.digital.nhs.uk/28/BA6DA6/NCDes_Data_Dictionary_23_24_v2.0.xlsx,202304,202305,2023/24,NCD2324,NCDMI001,Percentage of registered patients who had a Personalised Care and Support Plan agreed.,Personalised Care,MI
389117c8c2__NCDes_Data_Dictionary_23_24_v2.0.xlsx,1d5ea89c5654049c06682b26b110275f34591cca2d79242ccd0319b8a7adbb70,https://files.digital.nhs.uk/28/BA6DA6/NCDes_Data_Dictionary_23_24_v2.0.xlsx,202304,202305,2023/24,NCD2324,NCDMI002,Percentage of registered patients who had a Personalised Care and Support Plan reviewed.,Personalised Care,MI
389117c8c2__NCDes_Data_Dictionary_23_24_v2.0.xlsx,1d5ea89c5654049c06682b26b110275f34591cca2d79242ccd0319b8a7adbb70,https://files.digital.nhs.uk/28/BA6DA6/NCDes_Data_Dictionary_23_24_v2.0.xlsx,202304,202305,2023/24,NCD2324,NCDMI003,Percentage of registered patients whose care has been discussed as part of a shared decision-making process.,Personalised Care,MI
389117c8c2__NCDes_Data_Dictionary_23_24_v2.0.xlsx,1d5ea89c5654049c06682b26b110275f34591cca2d79242ccd0319b8a7adbb70,https://files.digital.nhs.uk/28/BA6DA6/NCDes_Data_Dictionary_23_24_v2.0.xlsx,202304,202305,2023/24,NCD2324,NCDMI010,"Percentage of permanent care home residents aged 18 years or over, and recorded as experiencing acute confusion, who received a delirium assessment.",Enhanced Health in Care Homes,MI
389117c8c2__NCDes_Data_Dictionary_23_24_v2.0.xlsx,1d5ea89c5654049c06682b26b110275f34591cca2d79242ccd0319b8a7adbb70,https://files.digital.nhs.uk/28/BA6DA6/NCDes_Data_Dictionary_23_24_v2.0.xlsx,202304,202305,2023/24,NCD2324,NCDMI023,Percentage of patients who were placed on an urgent referral pathway for suspected cancer.,Early Cancer Diagnosis,MI
389117c8c2__NCDes_Data_Dictionary_23_24_v2.0.xlsx,1d5ea89c5654049c06682b26b110275f34591cca2d79242ccd0319b8a7adbb70,https://files.digital.nhs.uk/28/BA6DA6/NCDes_Data_Dictionary_23_24_v2.0.xlsx,202304,202305,2023/24,NCD2324,NCDMI024,Percentage of patients placed on an urgent referral pathway for suspected cancer where safety netting was recorded.,Early Cancer Diagnosis,MI
389117c8c2__NCDes_Data_Dictionary_23_24_v2.0.xlsx,1d5ea89c5654049c06682b26b110275f34591cca2d79242ccd0319b8a7adbb70,https://files.digital.nhs.uk/28/BA6DA6/NCDes_Data_Dictionary_23_24_v2.0.xlsx,202304,202305,2023/24,NCD2324,NCDMI025,Percentage of patients in long stay residential or homes who received a seasonal influenza vaccination between 1 September and 31 March.,Vaccination & Immunisation,MI
389117c8c2__NCDes_Data_Dictionary_23_24_v2.0.xlsx,1d5ea89c5654049c06682b26b110275f34591cca2d79242ccd0319b8a7adbb70,https://files.digital.nhs.uk/28/BA6DA6/NCDes_Data_Dictionary_23_24_v2.0.xlsx,202304,202305,2023/24,NCD2324,NCDMI026,Percentage of patients on the Learning Disability register aged 18 years or over who received a seasonal influenza vaccination between 1 September and 31 March.,Vaccination & Immunisation,MI
389117c8c2__NCDes_Data_Dictionary_23_24_v2.0.xlsx,1d5ea89c5654049c06682b26b110275f34591cca2d79242ccd0319b8a7adbb70,https://files.digital.nhs.uk/28/BA6DA6/NCDes_Data_Dictionary_23_24_v2.0.xlsx,202304,202305,2023/24,NCD2324,NCDMI027,"Percentage of patients on the QOF Mental Health register for schizophrenia, bipolar affective disorder and other psychoses and either aged 65 years or over, or aged between 18 and 64 years inclusive and in a clinical at-risk group, who received a seasonal influenza vaccination between 1 September and 31 March.",Vaccination & Immunisation,MI
389117c8c2__NCDes_Data_Dictionary_23_24_v2.0.xlsx,1d5ea89c5654049c06682b26b110275f34591cca2d79242ccd0319b8a7adbb70,https://files.digital.nhs.uk/28/BA6DA6/NCDes_Data_Dictionary_23_24_v2.0.xlsx,202304,202305,2023/24,NCD2324,NCDMI028,Percentage of patients aged 14 years or over and on the QOF Learning Disability Register who received a Learning Disability Annual Health Check.,Tackling Health Inequalities,MI
389117c8c2__NCDes_Data_Dictionary_23_24_v2.0.xlsx,1d5ea89c5654049c06682b26b110275f34591cca2d79242ccd0319b8a7adbb70,https://files.digital.nhs.uk/28/BA6DA6/NCDes_Data_Dictionary_23_24_v2.0.xlsx,202304,202305,2023/24,NCD2324,NCDMI060,Percentage of registered patients who were given the opportunity to state their ethnicity but chose not to.,Tackling Health Inequalities,MI
389117c8c2__NCDes_Data_Dictionary_23_24_v2.0.xlsx,1d5ea89c5654049c06682b26b110275f34591cca2d79242ccd0319b8a7adbb70,https://files.digital.nhs.uk/28/BA6DA6/NCDes_Data_Dictionary_23_24_v2.0.xlsx,202304,202305,2023/24,NCD2324,NCDMI061,"Percentage of patients aged 25 to 84 years inclusive and with a last recorded CVD risk score (QRISK2 or 3) greater than or equal to 10 percent, who are currently treated with statins.",Cardiovascular Disease Prevention,MI
389117c8c2__NCDes_Data_Dictionary_23_24_v2.0.xlsx,1d5ea89c5654049c06682b26b110275f34591cca2d79242ccd0319b8a7adbb70,https://files.digital.nhs.uk/28/BA6DA6/NCDes_Data_Dictionary_23_24_v2.0.xlsx,202304,202305,2023/24,NCD2324,NCDMI063,Percentage of registered patients currently being seen by a social prescribing service.,Personalised Care,MI
389117c8c2__NCDes_Data_Dictionary_23_24_v2.0.xlsx,1d5ea89c5654049c06682b26b110275f34591cca2d79242ccd0319b8a7adbb70,https://files.digital.nhs.uk/28/BA6DA6/NCDes_Data_Dictionary_23_24_v2.0.xlsx,202304,202305,2023/24,NCD2324,NCDMI064,"Percentage of patients with a long-term condition, whose care was discussed as part of a shared decision-making conversation.",Personalised Care,MI
389117c8c2__NCDes_Data_Dictionary_23_24_v2.0.xlsx,1d5ea89c5654049c06682b26b110275f34591cca2d79242ccd0319b8a7adbb70,https://files.digital.nhs.uk/28/BA6DA6/NCDes_Data_Dictionary_23_24_v2.0.xlsx,202304,202305,2023/24,NCD2324,NCDMI068,Mean number of structured medication reviews undertaken per registered patient.,Structured Medication Reviews & Medicines Optimisation,MI
389117c8c2__NCDes_Data_Dictionary_23_24_v2.0.xlsx,1d5ea89c5654049c06682b26b110275f34591cca2d79242ccd0319b8a7adbb70,https://files.digital.nhs.uk/28/BA6DA6/NCDes_Data_Dictionary_23_24_v2.0.xlsx,202304,202305,2023/24,NCD2324,NCDMI074,Percentage of registered patients prescribed opioids.,Structured Medication Reviews & Medicines Optimisation,MI
389117c8c2__NCDes_Data_Dictionary_23_24_v2.0.xlsx,1d5ea89c5654049c06682b26b110275f34591cca2d79242ccd0319b8a7adbb70,https://files.digital.nhs.uk/28/BA6DA6/NCDes_Data_Dictionary_23_24_v2.0.xlsx,202304,202305,2023/24,NCD2324,NCDMI075,Percentage of registered patients prescribed antimicrobials.,Structured Medication Reviews & Medicines Optimisation,MI
389117c8c2__NCDes_Data_Dictionary_23_24_v2.0.xlsx,1d5ea89c5654049c06682b26b110275f34591cca2d79242ccd0319b8a7adbb70,https://files.digital.nhs.uk/28/BA6DA6/NCDes_Data_Dictionary_23_24_v2.0.xlsx,202304,202305,2023/24,NCD2324,NCDMI076,Percentage of registered patients prescribed benzodiazepines.,Structured Medication Reviews & Medicines Optimisation,MI
389117c8c2__NCDes_Data_Dictionary_23_24_v2.0.xlsx,1d5ea89c5654049c06682b26b110275f34591cca2d79242ccd0319b8a7adbb70,https://files.digital.nhs.uk/28/BA6DA6/NCDes_Data_Dictionary_23_24_v2.0.xlsx,202304,202305,2023/24,NCD2324,NCDMI089,Percentage of salbutamol inhaler prescriptions that are lower carbon.,Environmental Sustainability,MI
389117c8c2__NCDes_Data_Dictionary_23_24_v2.0.xlsx,1d5ea89c5654049c06682b26b110275f34591cca2d79242ccd0319b8a7adbb70,https://files.digital.nhs.uk/28/BA6DA6/NCDes_Data_Dictionary_23_24_v2.0.xlsx,202304,202305,2023/24,NCD2324,NCDMI101,"Percentage of patients aged 65 years or over and who received a blood pressure check, who received a pulse check",Cardiovascular Disease Prevention,MI
389117c8c2__NCDes_Data_Dictionary_23_24_v2.0.xlsx,1d5ea89c5654049c06682b26b110275f34591cca2d79242ccd0319b8a7adbb70,https://files.digital.nhs.uk/28/BA6DA6/NCDes_Data_Dictionary_23_24_v2.0.xlsx,202304,202305,2023/24,NCD2324,NCDMI102,"Percentage of patients aged 18 years or over with an observation indicating suspected atrial fibrillation recorded during the financial year (including presentations of breathlessness, palpitations, syncope or dizziness, or chest discomfort) who received a pulse check.",Cardiovascular Disease Prevention,MI
389117c8c2__NCDes_Data_Dictionary_23_24_v2.0.xlsx,1d5ea89c5654049c06682b26b110275f34591cca2d79242ccd0319b8a7adbb70,https://files.digital.nhs.uk/28/BA6DA6/NCDes_Data_Dictionary_23_24_v2.0.xlsx,202304,202305,2023/24,NCD2324,NCDMI103,Percentage of patients aged 65 years or over and with an irregular pulse who either received an electrocardiogram or were referred for an electrocardiogram.,Cardiovascular Disease Prevention,MI
389117c8c2__NCDes_Data_Dictionary_23_24_v2.0.xlsx,1d5ea89c5654049c06682b26b110275f34591cca2d79242ccd0319b8a7adbb70,https://files.digital.nhs.uk/28/BA6DA6/NCDes_Data_Dictionary_23_24_v2.0.xlsx,202304,202305,2023/24,NCD2324,NCDMI105,Number of Social Prescribing Link Worker consultations per patient currently being seen by a social prescribing service.,Personalised Care,MI
389117c8c2__NCDes_Data_Dictionary_23_24_v2.0.xlsx,1d5ea89c5654049c06682b26b110275f34591cca2d79242ccd0319b8a7adbb70,https://files.digital.nhs.uk/28/BA6DA6/NCDes_Data_Dictionary_23_24_v2.0.xlsx,202304,202305,2023/24,NCD2324,NCDMI106,Number of General Practitioner consultations per patient currently being seen by a social prescribing service.,Personalised Care,MI
389117c8c2__NCDes_Data_Dictionary_23_24_v2.0.xlsx,1d5ea89c5654049c06682b26b110275f34591cca2d79242ccd0319b8a7adbb70,https://files.digital.nhs.uk/28/BA6DA6/NCDes_Data_Dictionary_23_24_v2.0.xlsx,202304,202305,2023/24,NCD2324,NCDMI107,Percentage of patients currently being seen by a social prescribing service who received at least one consultation with a Social Prescribing Link Worker.,Personalised Care,MI
389117c8c2__NCDes_Data_Dictionary_23_24_v2.0.xlsx,1d5ea89c5654049c06682b26b110275f34591cca2d79242ccd0319b8a7adbb70,https://files.digital.nhs.uk/28/BA6DA6/NCDes_Data_Dictionary_23_24_v2.0.xlsx,202304,202305,2023/24,NCD2324,NCDMI108,Number of General Practitioner consultations per registered patient.,Personalised Care,MI
389117c8c2__NCDes_Data_Dictionary_23_24_v2.0.xlsx,1d5ea89c5654049c06682b26b110275f34591cca2d79242ccd0319b8a7adbb70,https://files.digital.nhs.uk/28/BA6DA6/NCDes_Data_Dictionary_23_24_v2.0.xlsx,202304,202305,2023/24,NCD2324,NCDMI109,Number of consultations per patient currently being seen by a social prescribing service.,Personalised Care,MI
389117c8c2__NCDes_Data_Dictionary_23_24_v2.0.xlsx,1d5ea89c5654049c06682b26b110275f34591cca2d79242ccd0319b8a7adbb70,https://files.digital.nhs.uk/28/BA6DA6/NCDes_Data_Dictionary_23_24_v2.0.xlsx,202304,202305,2023/24,NCD2324,NCDMI110,Number of consultations per registered patient.,Personalised Care,MI
389117c8c2__NCDes_Data_Dictionary_23_24_v2.0.xlsx,1d5ea89c5654049c06682b26b110275f34591cca2d79242ccd0319b8a7adbb70,https://files.digital.nhs.uk/28/BA6DA6/NCDes_Data_Dictionary_23_24_v2.0.xlsx,202304,202305,2023/24,NCD2324,NCDMI112,Percentage of care home residents aged 18 years or over on the QOF Dementia Register.,Enhanced Health in Care Homes,MI
389117c8c2__NCDes_Data_Dictionary_23_24_v2.0.xlsx,1d5ea89c5654049c06682b26b110275f34591cca2d79242ccd0319b8a7adbb70,https://files.digital.nhs.uk/28/BA6DA6/NCDes_Data_Dictionary_23_24_v2.0.xlsx,202304,202305,2023/24,NCD2324,NCDMI113,Percentage of permanent care home residents aged 18 years or over with a preferred place of death recorded.,Enhanced Health in Care Homes,MI
389117c8c2__NCDes_Data_Dictionary_23_24_v2.0.xlsx,1d5ea89c5654049c06682b26b110275f34591cca2d79242ccd0319b8a7adbb70,https://files.digital.nhs.uk/28/BA6DA6/NCDes_Data_Dictionary_23_24_v2.0.xlsx,202304,202305,2023/24,NCD2324,NCDMI114,Mean number of Multidisciplinary Team meetings per care home resident aged 18 years or over.,Enhanced Health in Care Homes,MI
389117c8c2__NCDes_Data_Dictionary_23_24_v2.0.xlsx,1d5ea89c5654049c06682b26b110275f34591cca2d79242ccd0319b8a7adbb70,https://files.digital.nhs.uk/28/BA6DA6/NCDes_Data_Dictionary_23_24_v2.0.xlsx,202304,202305,2023/24,NCD2324,NCDMI116,"Percentage of patients aged 65 years or over prescribed an oral non-steroidal anti-inflammatory drug (NSAID), who were not prescribed a gastro-protective",Structured Medication Reviews & Medicines Optimisation,MI
389117c8c2__NCDes_Data_Dictionary_23_24_v2.0.xlsx,1d5ea89c5654049c06682b26b110275f34591cca2d79242ccd0319b8a7adbb70,https://files.digital.nhs.uk/28/BA6DA6/NCDes_Data_Dictionary_23_24_v2.0.xlsx,202304,202305,2023/24,NCD2324,NCDMI117,"Percentage of patients aged 18 years or over with a history of peptic ulceration and prescribed an oral non-steroidal anti-inflammatory drug (NSAID), who were not prescribed a gastro-protective.",Structured Medication Reviews & Medicines Optimisation,MI
389117c8c2__NCDes_Data_Dictionary_23_24_v2.0.xlsx,1d5ea89c5654049c06682b26b110275f34591cca2d79242ccd0319b8a7adbb70,https://files.digital.nhs.uk/28/BA6DA6/NCDes_Data_Dictionary_23_24_v2.0.xlsx,202304,202305,2023/24,NCD2324,NCDMI118,"Percentage of patients aged 18 years or over with a history of peptic ulceration and prescribed an anti-platelet, who were not prescribed a gastro-protective",Structured Medication Reviews & Medicines Optimisation,MI
389117c8c2__NCDes_Data_Dictionary_23_24_v2.0.xlsx,1d5ea89c5654049c06682b26b110275f34591cca2d79242ccd0319b8a7adbb70,https://files.digital.nhs.uk/28/BA6DA6/NCDes_Data_Dictionary_23_24_v2.0.xlsx,202304,202305,2023/24,NCD2324,NCDMI119,"Percentage of patients aged 18 years or over prescribed an oral anticoagulant, who were prescribed an oral NSAID.",Structured Medication Reviews & Medicines Optimisation,MI
389117c8c2__NCDes_Data_Dictionary_23_24_v2.0.xlsx,1d5ea89c5654049c06682b26b110275f34591cca2d79242ccd0319b8a7adbb70,https://files.digital.nhs.uk/28/BA6DA6/NCDes_Data_Dictionary_23_24_v2.0.xlsx,202304,202305,2023/24,NCD2324,NCDMI120,"Percentage of patients aged 18 years or over prescribed an oral anticoagulant and an anti-platelet, who were not prescribed a gastro-protective.",Structured Medication Reviews & Medicines Optimisation,MI
389117c8c2__NCDes_Data_Dictionary_23_24_v2.0.xlsx,1d5ea89c5654049c06682b26b110275f34591cca2d79242ccd0319b8a7adbb70,https://files.digital.nhs.uk/28/BA6DA6/NCDes_Data_Dictionary_23_24_v2.0.xlsx,202304,202305,2023/24,NCD2324,NCDMI121,"Percentage of patients aged 18 years or over prescribed aspirin and another anti-platelet, who were not prescribed a gastro-protective.",Structured Medication Reviews & Medicines Optimisation,MI
389117c8c2__NCDes_Data_Dictionary_23_24_v2.0.xlsx,1d5ea89c5654049c06682b26b110275f34591cca2d79242ccd0319b8a7adbb70,https://files.digital.nhs.uk/28/BA6DA6/NCDes_Data_Dictionary_23_24_v2.0.xlsx,202304,202305,2023/24,NCD2324,NCDMI122,Percentage of patients aged 18 years or over with heart failure who were prescribed an oral non-steroidal anti-inflammatory drug (NSAID).,Structured Medication Reviews & Medicines Optimisation,MI
389117c8c2__NCDes_Data_Dictionary_23_24_v2.0.xlsx,1d5ea89c5654049c06682b26b110275f34591cca2d79242ccd0319b8a7adbb70,https://files.digital.nhs.uk/28/BA6DA6/NCDes_Data_Dictionary_23_24_v2.0.xlsx,202304,202305,2023/24,NCD2324,NCDMI123,Percentage of patients aged 18 years or over with an eGFR less than 45 who were prescribed an oral non-steroidal anti-inflammatory drug (NSAID).,Structured Medication Reviews & Medicines Optimisation,MI
389117c8c2__NCDes_Data_Dictionary_23_24_v2.0.xlsx,1d5ea89c5654049c06682b26b110275f34591cca2d79242ccd0319b8a7adbb70,https://files.digital.nhs.uk/28/BA6DA6/NCDes_Data_Dictionary_23_24_v2.0.xlsx,202304,202305,2023/24,NCD2324,NCDMI124,Percentage of patients aged 18 years or over with an unresolved asthma diagnosis who were prescribed a non-selective beta-blocker.,Structured Medication Reviews & Medicines Optimisation,MI
389117c8c2__NCDes_Data_Dictionary_23_24_v2.0.xlsx,1d5ea89c5654049c06682b26b110275f34591cca2d79242ccd0319b8a7adbb70,https://files.digital.nhs.uk/28/BA6DA6/NCDes_Data_Dictionary_23_24_v2.0.xlsx,202304,202305,2023/24,NCD2324,NCDMI125,Percentage of registered patients under the care of Anticipatory Care service,Anticipatory Care,MI
389117c8c2__NCDes_Data_Dictionary_23_24_v2.0.xlsx,1d5ea89c5654049c06682b26b110275f34591cca2d79242ccd0319b8a7adbb70,https://files.digital.nhs.uk/28/BA6DA6/NCDes_Data_Dictionary_23_24_v2.0.xlsx,202304,202305,2023/24,NCD2324,NCDMI126,Percentage of registered patients who declined an offer of Anticipatory Care,Anticipatory Care,MI
389117c8c2__NCDes_Data_Dictionary_23_24_v2.0.xlsx,1d5ea89c5654049c06682b26b110275f34591cca2d79242ccd0319b8a7adbb70,https://files.digital.nhs.uk/28/BA6DA6/NCDes_Data_Dictionary_23_24_v2.0.xlsx,202304,202305,2023/24,NCD2324,NCDMI127,Percentage of registered patients discharged from Anticipatory Care service,Anticipatory Care,MI
389117c8c2__NCDes_Data_Dictionary_23_24_v2.0.xlsx,1d5ea89c5654049c06682b26b110275f34591cca2d79242ccd0319b8a7adbb70,https://files.digital.nhs.uk/28/BA6DA6/NCDes_Data_Dictionary_23_24_v2.0.xlsx,202304,202305,2023/24,NCD2324,NCDMI129,Percentage of at-risk patients recorded as being from an ethnic minority and aged 18 to 64 years inclusive who received a seasonal influenza vaccination between 1 September and 31 March,Tackling Health Inequalities,MI
389117c8c2__NCDes_Data_Dictionary_23_24_v2.0.xlsx,1d5ea89c5654049c06682b26b110275f34591cca2d79242ccd0319b8a7adbb70,https://files.digital.nhs.uk/28/BA6DA6/NCDes_Data_Dictionary_23_24_v2.0.xlsx,202304,202305,2023/24,NCD2324,NCDMI130,Percentage of patients aged 16 years or over who have received a second dose of a Covid 19 vaccination,Tackling Health Inequalities,MI
389117c8c2__NCDes_Data_Dictionary_23_24_v2.0.xlsx,1d5ea89c5654049c06682b26b110275f34591cca2d79242ccd0319b8a7adbb70,https://files.digital.nhs.uk/28/BA6DA6/NCDes_Data_Dictionary_23_24_v2.0.xlsx,202304,202305,2023/24,NCD2324,NCDMI131,Percentage of patients aged 16 years or over and recorded as being from an ethnic minority who have received a second dose of a Covid 19 vaccination,Tackling Health Inequalities,MI
389117c8c2__NCDes_Data_Dictionary_23_24_v2.0.xlsx,1d5ea89c5654049c06682b26b110275f34591cca2d79242ccd0319b8a7adbb70,https://files.digital.nhs.uk/28/BA6DA6/NCDes_Data_Dictionary_23_24_v2.0.xlsx,202304,202305,2023/24,NCD2324,NCDMI132,"Percentage of patients aged 18 years or over, recorded as being from an ethnic minority, not on the QOF Hypertension Register as of 31 March 2023, and who have (i) a last recorded blood pressure reading in the 3 years prior to 1 April 2023 >= 140/90 mmHg (with the exception of patients whose first blood pressure reading >= 140/90 mmHg in this period is on or after 1 October 2022) for whom there is evidence of clinically appropriate follow-up to confirm or exclude a diagnosis of hypertension by 31 March 2024 OR (ii) a blood pressure reading >= 140/90mmHg on or after 1 October 2022, for whom there is evidence of clinically appropriate follow-up to confirm or exclude a diagnosis of hypertension within 6 months of elevated reading.",Tackling Health Inequalities,MI
389117c8c2__NCDes_Data_Dictionary_23_24_v2.0.xlsx,1d5ea89c5654049c06682b26b110275f34591cca2d79242ccd0319b8a7adbb70,https://files.digital.nhs.uk/28/BA6DA6/NCDes_Data_Dictionary_23_24_v2.0.xlsx,202304,202305,2023/24,NCD2324,NCDMI133,Percentage of patients aged 45 or over and recorded as being from an ethnic minority who have a record of blood pressure in the preceding 5 years,Tackling Health Inequalities,MI
389117c8c2__NCDes_Data_Dictionary_23_24_v2.0.xlsx,1d5ea89c5654049c06682b26b110275f34591cca2d79242ccd0319b8a7adbb70,https://files.digital.nhs.uk/28/BA6DA6/NCDes_Data_Dictionary_23_24_v2.0.xlsx,202304,202305,2023/24,NCD2324,NCDMI134,"Percentage of patients with schizophrenia, bipolar affective disorder and other psychoses who received all six elements of the Physical Health Check for people with Severe Mental Illness.",Tackling Health Inequalities,MI
389117c8c2__NCDes_Data_Dictionary_23_24_v2.0.xlsx,1d5ea89c5654049c06682b26b110275f34591cca2d79242ccd0319b8a7adbb70,https://files.digital.nhs.uk/28/BA6DA6/NCDes_Data_Dictionary_23_24_v2.0.xlsx,202304,202305,2023/24,NCD2324,NCDMI135,"Percentage of patients with schizophrenia, bipolar affective disorder and other psychoses and recorded as being from an ethnic minority who received all six elements of the Physical Health Check for people with Severe Mental Illness",Tackling Health Inequalities,MI
389117c8c2__NCDes_Data_Dictionary_23_24_v2.0.xlsx,1d5ea89c5654049c06682b26b110275f34591cca2d79242ccd0319b8a7adbb70,https://files.digital.nhs.uk/28/BA6DA6/NCDes_Data_Dictionary_23_24_v2.0.xlsx,202304,202305,2023/24,NCD2324,NCDMI136,Number of registered patients with a Type 1 Opt Out,Tackling Health Inequalities,MI
389117c8c2__NCDes_Data_Dictionary_23_24_v2.0.xlsx,1d5ea89c5654049c06682b26b110275f34591cca2d79242ccd0319b8a7adbb70,https://files.digital.nhs.uk/28/BA6DA6/NCDes_Data_Dictionary_23_24_v2.0.xlsx,202304,202305,2023/24,NCD2324,NCDMI137,Number of patients recorded as having a diagnosis of autism,Tackling Health Inequalities,MI
389117c8c2__NCDes_Data_Dictionary_23_24_v2.0.xlsx,1d5ea89c5654049c06682b26b110275f34591cca2d79242ccd0319b8a7adbb70,https://files.digital.nhs.uk/28/BA6DA6/NCDes_Data_Dictionary_23_24_v2.0.xlsx,202304,202305,2023/24,NCD2324,NCDMI138,"Number of encounters with a Clinical Pharmacist, per registered patient.",Workforce,MI
389117c8c2__NCDes_Data_Dictionary_23_24_v2.0.xlsx,1d5ea89c5654049c06682b26b110275f34591cca2d79242ccd0319b8a7adbb70,https://files.digital.nhs.uk/28/BA6DA6/NCDes_Data_Dictionary_23_24_v2.0.xlsx,202304,202305,2023/24,NCD2324,NCDMI139,Percentage of registered patients who had at least one encounter with a Clinical Pharmacist.,Workforce,MI
389117c8c2__NCDes_Data_Dictionary_23_24_v2.0.xlsx,1d5ea89c5654049c06682b26b110275f34591cca2d79242ccd0319b8a7adbb70,https://files.digital.nhs.uk/28/BA6DA6/NCDes_Data_Dictionary_23_24_v2.0.xlsx,202304,202305,2023/24,NCD2324,NCDMI140,"Number of encounters with a First Contact Physiotherapist, per registered patient.",Workforce,MI
389117c8c2__NCDes_Data_Dictionary_23_24_v2.0.xlsx,1d5ea89c5654049c06682b26b110275f34591cca2d79242ccd0319b8a7adbb70,https://files.digital.nhs.uk/28/BA6DA6/NCDes_Data_Dictionary_23_24_v2.0.xlsx,202304,202305,2023/24,NCD2324,NCDMI141,Percentage of registered patients who had at least one encounter with a First Contact Physiotherapist.,Workforce,MI
389117c8c2__NCDes_Data_Dictionary_23_24_v2.0.xlsx,1d5ea89c5654049c06682b26b110275f34591cca2d79242ccd0319b8a7adbb70,https://files.digital.nhs.uk/28/BA6DA6/NCDes_Data_Dictionary_23_24_v2.0.xlsx,202304,202305,2023/24,NCD2324,NCDMI142,"Number of encounters with a Physician Associate, per registered patient.",Workforce,MI
389117c8c2__NCDes_Data_Dictionary_23_24_v2.0.xlsx,1d5ea89c5654049c06682b26b110275f34591cca2d79242ccd0319b8a7adbb70,https://files.digital.nhs.uk/28/BA6DA6/NCDes_Data_Dictionary_23_24_v2.0.xlsx,202304,202305,2023/24,NCD2324,NCDMI143,Percentage of registered patients who had at least one encounter with a Physician Associate.,Workforce,MI
389117c8c2__NCDes_Data_Dictionary_23_24_v2.0.xlsx,1d5ea89c5654049c06682b26b110275f34591cca2d79242ccd0319b8a7adbb70,https://files.digital.nhs.uk/28/BA6DA6/NCDes_Data_Dictionary_23_24_v2.0.xlsx,202304,202305,2023/24,NCD2324,NCDMI144,"Number of encounters with a Dietitian, per registered patient.",Workforce,MI
389117c8c2__NCDes_Data_Dictionary_23_24_v2.0.xlsx,1d5ea89c5654049c06682b26b110275f34591cca2d79242ccd0319b8a7adbb70,https://files.digital.nhs.uk/28/BA6DA6/NCDes_Data_Dictionary_23_24_v2.0.xlsx,202304,202305,2023/24,NCD2324,NCDMI145,Percentage of registered patients who had at least one encounter with a Dietitian.,Workforce,MI
389117c8c2__NCDes_Data_Dictionary_23_24_v2.0.xlsx,1d5ea89c5654049c06682b26b110275f34591cca2d79242ccd0319b8a7adbb70,https://files.digital.nhs.uk/28/BA6DA6/NCDes_Data_Dictionary_23_24_v2.0.xlsx,202304,202305,2023/24,NCD2324,NCDMI146,"Number of encounters with a Podiatrist, per registered patient.",Workforce,MI
389117c8c2__NCDes_Data_Dictionary_23_24_v2.0.xlsx,1d5ea89c5654049c06682b26b110275f34591cca2d79242ccd0319b8a7adbb70,https://files.digital.nhs.uk/28/BA6DA6/NCDes_Data_Dictionary_23_24_v2.0.xlsx,202304,202305,2023/24,NCD2324,NCDMI147,Percentage of registered patients who had at least one encounter with a Podiatrist.,Workforce,MI
389117c8c2__NCDes_Data_Dictionary_23_24_v2.0.xlsx,1d5ea89c5654049c06682b26b110275f34591cca2d79242ccd0319b8a7adbb70,https://files.digital.nhs.uk/28/BA6DA6/NCDes_Data_Dictionary_23_24_v2.0.xlsx,202304,202305,2023/24,NCD2324,NCDMI148,"Number of encounters with a Pharmacy Technician, per registered patient.",Workforce,MI
389117c8c2__NCDes_Data_Dictionary_23_24_v2.0.xlsx,1d5ea89c5654049c06682b26b110275f34591cca2d79242ccd0319b8a7adbb70,https://files.digital.nhs.uk/28/BA6DA6/NCDes_Data_Dictionary_23_24_v2.0.xlsx,202304,202305,2023/24,NCD2324,NCDMI149,Percentage of registered patients who had at least one encounter with a Pharmacy Technician.,Workforce,MI
389117c8c2__NCDes_Data_Dictionary_23_24_v2.0.xlsx,1d5ea89c5654049c06682b26b110275f34591cca2d79242ccd0319b8a7adbb70,https://files.digital.nhs.uk/28/BA6DA6/NCDes_Data_Dictionary_23_24_v2.0.xlsx,202304,202305,2023/24,NCD2324,NCDMI150,"Number of encounters with an Occupational Therapist, per registered patient.",Workforce,MI
389117c8c2__NCDes_Data_Dictionary_23_24_v2.0.xlsx,1d5ea89c5654049c06682b26b110275f34591cca2d79242ccd0319b8a7adbb70,https://files.digital.nhs.uk/28/BA6DA6/NCDes_Data_Dictionary_23_24_v2.0.xlsx,202304,202305,2023/24,NCD2324,NCDMI151,Percentage of registered patients who had at least one encounter with an Occupational Therapist.,Workforce,MI
389117c8c2__NCDes_Data_Dictionary_23_24_v2.0.xlsx,1d5ea89c5654049c06682b26b110275f34591cca2d79242ccd0319b8a7adbb70,https://files.digital.nhs.uk/28/BA6DA6/NCDes_Data_Dictionary_23_24_v2.0.xlsx,202304,202305,2023/24,NCD2324,NCDMI152,"Number of encounters with a Social Prescribing Link Worker, per registered patient.",Workforce,MI
389117c8c2__NCDes_Data_Dictionary_23_24_v2.0.xlsx,1d5ea89c5654049c06682b26b110275f34591cca2d79242ccd0319b8a7adbb70,https://files.digital.nhs.uk/28/BA6DA6/NCDes_Data_Dictionary_23_24_v2.0.xlsx,202304,202305,2023/24,NCD2324,NCDMI153,Percentage of registered patients who had at least one encounter with a Social Prescribing Link Worker.,Workforce,MI
389117c8c2__NCDes_Data_Dictionary_23_24_v2.0.xlsx,1d5ea89c5654049c06682b26b110275f34591cca2d79242ccd0319b8a7adbb70,https://files.digital.nhs.uk/28/BA6DA6/NCDes_Data_Dictionary_23_24_v2.0.xlsx,202304,202305,2023/24,NCD2324,NCDMI154,"Number of encounters with a Health and Wellbeing Coach, per registered patient.",Workforce,MI
389117c8c2__NCDes_Data_Dictionary_23_24_v2.0.xlsx,1d5ea89c5654049c06682b26b110275f34591cca2d79242ccd0319b8a7adbb70,https://files.digital.nhs.uk/28/BA6DA6/NCDes_Data_Dictionary_23_24_v2.0.xlsx,202304,202305,2023/24,NCD2324,NCDMI155,Percentage of registered patients who had at least one encounter with a Health and Wellbeing Coach.,Workforce,MI
389117c8c2__NCDes_Data_Dictionary_23_24_v2.0.xlsx,1d5ea89c5654049c06682b26b110275f34591cca2d79242ccd0319b8a7adbb70,https://files.digital.nhs.uk/28/BA6DA6/NCDes_Data_Dictionary_23_24_v2.0.xlsx,202304,202305,2023/24,NCD2324,NCDMI156,Number of encounters with a Care Coordinator per registered patient.,Workforce,MI
389117c8c2__NCDes_Data_Dictionary_23_24_v2.0.xlsx,1d5ea89c5654049c06682b26b110275f34591cca2d79242ccd0319b8a7adbb70,https://files.digital.nhs.uk/28/BA6DA6/NCDes_Data_Dictionary_23_24_v2.0.xlsx,202304,202305,2023/24,NCD2324,NCDMI157,Percentage of registered patients who had at least one encounter with a Care Coordinator.,Workforce,MI
389117c8c2__NCDes_Data_Dictionary_23_24_v2.0.xlsx,1d5ea89c5654049c06682b26b110275f34591cca2d79242ccd0319b8a7adbb70,https://files.digital.nhs.uk/28/BA6DA6/NCDes_Data_Dictionary_23_24_v2.0.xlsx,202304,202305,2023/24,NCD2324,NCDMI158,"Number of encounters with a Trainee Nursing Associate, per registered patient.",Workforce,MI
389117c8c2__NCDes_Data_Dictionary_23_24_v2.0.xlsx,1d5ea89c5654049c06682b26b110275f34591cca2d79242ccd0319b8a7adbb70,https://files.digital.nhs.uk/28/BA6DA6/NCDes_Data_Dictionary_23_24_v2.0.xlsx,202304,202305,2023/24,NCD2324,NCDMI159,Percentage of registered patients who had at least one encounter with a Trainee Nursing Associate.,Workforce,MI
389117c8c2__NCDes_Data_Dictionary_23_24_v2.0.xlsx,1d5ea89c5654049c06682b26b110275f34591cca2d79242ccd0319b8a7adbb70,https://files.digital.nhs.uk/28/BA6DA6/NCDes_Data_Dictionary_23_24_v2.0.xlsx,202304,202305,2023/24,NCD2324,NCDMI160,"Number of encounters with a Nursing Associate, per registered patient.",Workforce,MI
389117c8c2__NCDes_Data_Dictionary_23_24_v2.0.xlsx,1d5ea89c5654049c06682b26b110275f34591cca2d79242ccd0319b8a7adbb70,https://files.digital.nhs.uk/28/BA6DA6/NCDes_Data_Dictionary_23_24_v2.0.xlsx,202304,202305,2023/24,NCD2324,NCDMI161,Percentage of registered patients who had at least one encounter with a Nursing Associate.,Workforce,MI
389117c8c2__NCDes_Data_Dictionary_23_24_v2.0.xlsx,1d5ea89c5654049c06682b26b110275f34591cca2d79242ccd0319b8a7adbb70,https://files.digital.nhs.uk/28/BA6DA6/NCDes_Data_Dictionary_23_24_v2.0.xlsx,202304,202305,2023/24,NCD2324,NCDMI162,"Number of encounters with a Paramedic, per registered patient.",Workforce,MI
389117c8c2__NCDes_Data_Dictionary_23_24_v2.0.xlsx,1d5ea89c5654049c06682b26b110275f34591cca2d79242ccd0319b8a7adbb70,https://files.digital.nhs.uk/28/BA6DA6/NCDes_Data_Dictionary_23_24_v2.0.xlsx,202304,202305,2023/24,NCD2324,NCDMI163,Percentage of registered patients who had at least one encounter with a Paramedic.,Workforce,MI
389117c8c2__NCDes_Data_Dictionary_23_24_v2.0.xlsx,1d5ea89c5654049c06682b26b110275f34591cca2d79242ccd0319b8a7adbb70,https://files.digital.nhs.uk/28/BA6DA6/NCDes_Data_Dictionary_23_24_v2.0.xlsx,202304,202305,2023/24,NCD2324,NCDMI164,"Number of encounters with a Mental Health Practitioner, per registered patient.",Workforce,MI
389117c8c2__NCDes_Data_Dictionary_23_24_v2.0.xlsx,1d5ea89c5654049c06682b26b110275f34591cca2d79242ccd0319b8a7adbb70,https://files.digital.nhs.uk/28/BA6DA6/NCDes_Data_Dictionary_23_24_v2.0.xlsx,202304,202305,2023/24,NCD2324,NCDMI165,Percentage of registered patients who had at least one encounter with a Mental Health Practitioner.,Workforce,MI
389117c8c2__NCDes_Data_Dictionary_23_24_v2.0.xlsx,1d5ea89c5654049c06682b26b110275f34591cca2d79242ccd0319b8a7adbb70,https://files.digital.nhs.uk/28/BA6DA6/NCDes_Data_Dictionary_23_24_v2.0.xlsx,202304,202305,2023/24,NCD2324,NCDMI166,Number of declined referrals to the Community Pharmacy Consultation Service per registered patient,Access,MI
389117c8c2__NCDes_Data_Dictionary_23_24_v2.0.xlsx,1d5ea89c5654049c06682b26b110275f34591cca2d79242ccd0319b8a7adbb70,https://files.digital.nhs.uk/28/BA6DA6/NCDes_Data_Dictionary_23_24_v2.0.xlsx,202304,202305,2023/24,NCD2324,NCDMI167,Percentage of permanent care home residents aged 18 years or over who received a falls risk assessment.,Enhanced Health in Care Homes,MI
389117c8c2__NCDes_Data_Dictionary_23_24_v2.0.xlsx,1d5ea89c5654049c06682b26b110275f34591cca2d79242ccd0319b8a7adbb70,https://files.digital.nhs.uk/28/BA6DA6/NCDes_Data_Dictionary_23_24_v2.0.xlsx,202304,202305,2023/24,NCD2324,NCDMI170,Percentage of permanent care home residents aged 18 years or over who received a psychosocial assessment,Enhanced Health in Care Homes,MI
389117c8c2__NCDes_Data_Dictionary_23_24_v2.0.xlsx,1d5ea89c5654049c06682b26b110275f34591cca2d79242ccd0319b8a7adbb70,https://files.digital.nhs.uk/28/BA6DA6/NCDes_Data_Dictionary_23_24_v2.0.xlsx,202304,202305,2023/24,NCD2324,NCDMI171,Percentage of patients aged 75 years or over on a long-term prescription of an angiotensin converting enzyme (ACE) inhibitor or a loop diuretic who have not had their renal function and electrolytes recorded in the previous 15 months.,Structured Medication Reviews & Medicines Optimisation,MI
389117c8c2__NCDes_Data_Dictionary_23_24_v2.0.xlsx,1d5ea89c5654049c06682b26b110275f34591cca2d79242ccd0319b8a7adbb70,https://files.digital.nhs.uk/28/BA6DA6/NCDes_Data_Dictionary_23_24_v2.0.xlsx,202304,202305,2023/24,NCD2324,NCDMI172,Percentage of patients aged 18 years or over prescribed methotrexate for at least 3 months without a full blood count in the previous 3 months.,Structured Medication Reviews & Medicines Optimisation,MI
389117c8c2__NCDes_Data_Dictionary_23_24_v2.0.xlsx,1d5ea89c5654049c06682b26b110275f34591cca2d79242ccd0319b8a7adbb70,https://files.digital.nhs.uk/28/BA6DA6/NCDes_Data_Dictionary_23_24_v2.0.xlsx,202304,202305,2023/24,NCD2324,NCDMI173,Percentage of patients aged 18 years or over prescribed methotrexate for at least 3 months without a liver function test in the previous 3 months.,Structured Medication Reviews & Medicines Optimisation,MI
389117c8c2__NCDes_Data_Dictionary_23_24_v2.0.xlsx,1d5ea89c5654049c06682b26b110275f34591cca2d79242ccd0319b8a7adbb70,https://files.digital.nhs.uk/28/BA6DA6/NCDes_Data_Dictionary_23_24_v2.0.xlsx,202304,202305,2023/24,NCD2324,NCDMI174,Percentage of patients aged 18 years or over prescribed lithium for at least 3 months without a lithium concentration check in the previous 3 months.,Structured Medication Reviews & Medicines Optimisation,MI
389117c8c2__NCDes_Data_Dictionary_23_24_v2.0.xlsx,1d5ea89c5654049c06682b26b110275f34591cca2d79242ccd0319b8a7adbb70,https://files.digital.nhs.uk/28/BA6DA6/NCDes_Data_Dictionary_23_24_v2.0.xlsx,202304,202305,2023/24,NCD2324,NCDMI175,Percentage of patients aged 18 years or over prescribed amiodarone for at least 6 months without a thyroid function test (TFT) in the previous 6 months.,Structured Medication Reviews & Medicines Optimisation,MI
389117c8c2__NCDes_Data_Dictionary_23_24_v2.0.xlsx,1d5ea89c5654049c06682b26b110275f34591cca2d79242ccd0319b8a7adbb70,https://files.digital.nhs.uk/28/BA6DA6/NCDes_Data_Dictionary_23_24_v2.0.xlsx,202304,202305,2023/24,NCD2324,NCDMI176,"Percentage of patients aged 25 to 84 years inclusive without established cardiovascular disease and with a last recorded CVD risk score (QRISK2 or 3) greater than 20 percent, who are currently treated with statins.",Cardiovascular Disease Prevention,MI
389117c8c2__NCDes_Data_Dictionary_23_24_v2.0.xlsx,1d5ea89c5654049c06682b26b110275f34591cca2d79242ccd0319b8a7adbb70,https://files.digital.nhs.uk/28/BA6DA6/NCDes_Data_Dictionary_23_24_v2.0.xlsx,202304,202305,2023/24,NCD2324,NCDMI177,"Percentage of patients on the QOF Asthma Register who received three or more inhaled corticosteroid (ICS, inclusive of ICS/LABA) prescriptions over the previous 12 months.",Respiratory Care,MI
389117c8c2__NCDes_Data_Dictionary_23_24_v2.0.xlsx,1d5ea89c5654049c06682b26b110275f34591cca2d79242ccd0319b8a7adbb70,https://files.digital.nhs.uk/28/BA6DA6/NCDes_Data_Dictionary_23_24_v2.0.xlsx,202304,202305,2023/24,NCD2324,NCDMI178,Percentage of patients on the QOF asthma register who received 6 or more Short Acting Beta-2 Agonist (SABA) inhaler prescriptions over the previous 12 months.,Respiratory Care,MI
389117c8c2__NCDes_Data_Dictionary_23_24_v2.0.xlsx,1d5ea89c5654049c06682b26b110275f34591cca2d79242ccd0319b8a7adbb70,https://files.digital.nhs.uk/28/BA6DA6/NCDes_Data_Dictionary_23_24_v2.0.xlsx,202304,202305,2023/24,NCD2324,NCDMI180,Percentage of patients at risk of harm due to medication errors who received a Structured Medication Review.,Structured Medication Reviews & Medicines Optimisation,MI
389117c8c2__NCDes_Data_Dictionary_23_24_v2.0.xlsx,1d5ea89c5654049c06682b26b110275f34591cca2d79242ccd0319b8a7adbb70,https://files.digital.nhs.uk/28/BA6DA6/NCDes_Data_Dictionary_23_24_v2.0.xlsx,202304,202305,2023/24,NCD2324,NCDMI181,Percentage of patients living with severe frailty who received a Structured Medication Review.,Structured Medication Reviews & Medicines Optimisation,MI
389117c8c2__NCDes_Data_Dictionary_23_24_v2.0.xlsx,1d5ea89c5654049c06682b26b110275f34591cca2d79242ccd0319b8a7adbb70,https://files.digital.nhs.uk/28/BA6DA6/NCDes_Data_Dictionary_23_24_v2.0.xlsx,202304,202305,2023/24,NCD2324,NCDMI182,"Percentage of patients on the QOF Learning Disability register aged 14 years or over, who received an annual Learning Disability Health Check and a completed Health Action Plan.",Tackling Health Inequalities,MI
389117c8c2__NCDes_Data_Dictionary_23_24_v2.0.xlsx,1d5ea89c5654049c06682b26b110275f34591cca2d79242ccd0319b8a7adbb70,https://files.digital.nhs.uk/28/BA6DA6/NCDes_Data_Dictionary_23_24_v2.0.xlsx,202304,202305,2023/24,NCD2324,NCDMI188,Percentage of patients using potentially addictive medicines who received a Structured Medication Review.,Structured Medication Reviews & Medicines Optimisation,MI
389117c8c2__NCDes_Data_Dictionary_23_24_v2.0.xlsx,1d5ea89c5654049c06682b26b110275f34591cca2d79242ccd0319b8a7adbb70,https://files.digital.nhs.uk/28/BA6DA6/NCDes_Data_Dictionary_23_24_v2.0.xlsx,202304,202305,2023/24,NCD2324,NCDMI189,"Percentage of permanent care home residents aged 18 years or over, who received a Structured Medication Review.",Structured Medication Reviews & Medicines Optimisation,MI
389117c8c2__NCDes_Data_Dictionary_23_24_v2.0.xlsx,1d5ea89c5654049c06682b26b110275f34591cca2d79242ccd0319b8a7adbb70,https://files.digital.nhs.uk/28/BA6DA6/NCDes_Data_Dictionary_23_24_v2.0.xlsx,202304,202305,2023/24,NCD2324,NCDMI198,Mean number of patient contacts as part of weekly care home round per care home resident aged 18 years and over.,Enhanced Health in Care Homes,MI
389117c8c2__NCDes_Data_Dictionary_23_24_v2.0.xlsx,1d5ea89c5654049c06682b26b110275f34591cca2d79242ccd0319b8a7adbb70,https://files.digital.nhs.uk/28/BA6DA6/NCDes_Data_Dictionary_23_24_v2.0.xlsx,202304,202305,2023/24,NCD2324,NCDMI199,"Percentage of patients aged 65 years or over, who received a seasonal influenza vaccination between 1 September and 31 March.",Vaccination & Immunisation,MI
389117c8c2__NCDes_Data_Dictionary_23_24_v2.0.xlsx,1d5ea89c5654049c06682b26b110275f34591cca2d79242ccd0319b8a7adbb70,https://files.digital.nhs.uk/28/BA6DA6/NCDes_Data_Dictionary_23_24_v2.0.xlsx,202304,202305,2023/24,NCD2324,NCDMI200,Percentage of registered patients with a recording of ethnicity.,Tackling Health Inequalities,MI
389117c8c2__NCDes_Data_Dictionary_23_24_v2.0.xlsx,1d5ea89c5654049c06682b26b110275f34591cca2d79242ccd0319b8a7adbb70,https://files.digital.nhs.uk/28/BA6DA6/NCDes_Data_Dictionary_23_24_v2.0.xlsx,202304,202305,2023/24,NCD2324,NCDMI205,"Percentage of patients on the QOF Coronary Heart Disease, Peripheral Arterial Disease, or Stroke/TIA Register, who have a recording of non-HDL cholesterol in the preceding 12 months that is lower than 2.5 mmol/L, or where non-HDL cholesterol is not recorded then  a recording of LDL cholesterol in the preceding 12 months that is lower than 1.8 mmol/L.",Cardiovascular Disease Prevention,MI
31bea1e4b0__NCDes_Data_Dictionary_23_24_phase_2_v1.0.xlsx,961872f067d3491195a13402942a0c2d65054005593f70cd547a1ce6aa5a33af,https://files.digital.nhs.uk/A3/AED51A/NCDes_Data_Dictionary_23_24_phase_2_v1.0.xlsx,202306,202306,2023/24,NCD2324,NCD001,Percentage of registered patients referred to a social prescribing service.,Personalised Care,MI
31bea1e4b0__NCDes_Data_Dictionary_23_24_phase_2_v1.0.xlsx,961872f067d3491195a13402942a0c2d65054005593f70cd547a1ce6aa5a33af,https://files.digital.nhs.uk/A3/AED51A/NCDes_Data_Dictionary_23_24_phase_2_v1.0.xlsx,202306,202306,2023/24,NCD2324,NCD003,Percentage of at-risk patients aged 18 to 64 years inclusive who received a seasonal influenza vaccination between 1 September and 31 March.,Vaccination & Immunisation,Payment
31bea1e4b0__NCDes_Data_Dictionary_23_24_phase_2_v1.0.xlsx,961872f067d3491195a13402942a0c2d65054005593f70cd547a1ce6aa5a33af,https://files.digital.nhs.uk/A3/AED51A/NCDes_Data_Dictionary_23_24_phase_2_v1.0.xlsx,202306,202306,2023/24,NCD2324,NCD004,Percentage of patients aged two or three years on 31 August of the relevant financial year who received a seasonal influenza vaccination between 1 September and 31 March.,Vaccination & Immunisation,Payment
31bea1e4b0__NCDes_Data_Dictionary_23_24_phase_2_v1.0.xlsx,961872f067d3491195a13402942a0c2d65054005593f70cd547a1ce6aa5a33af,https://files.digital.nhs.uk/A3/AED51A/NCDes_Data_Dictionary_23_24_phase_2_v1.0.xlsx,202306,202306,2023/24,NCD2324,NCD011,"Percentage of patients aged 18 years or over, not on the QOF Hypertension Register as of 31 March 2023, and who have (i) a last recorded blood pressure reading in the 3 years prior to 1 April 2023 >= 140/90mmHg (with the exception of patients whose first blood pressure reading >= 140/90mmHg in this period is on or after 1 October 2022) for whom there is evidence of clinically appropriate follow-up to confirm or exclude a diagnosis of hypertension by 31 March 2024 OR (ii) a blood pressure reading >= 140/90mmHg on or after 1 October 2022, for whom there is evidence of clinically appropriate follow-up to confirm or exclude a diagnosis of hypertension within 6 months of elevated reading.",Cardiovascular Disease Prevention,MI
31bea1e4b0__NCDes_Data_Dictionary_23_24_phase_2_v1.0.xlsx,961872f067d3491195a13402942a0c2d65054005593f70cd547a1ce6aa5a33af,https://files.digital.nhs.uk/A3/AED51A/NCDes_Data_Dictionary_23_24_phase_2_v1.0.xlsx,202306,202306,2023/24,NCD2324,NCD012,"Number of patients aged 18 years or over and recorded as living in a care home, as a percentage of care home beds eligible to receive the Enhanced Health in Care Homes service",Enhanced Health in Care Homes,MI
31bea1e4b0__NCDes_Data_Dictionary_23_24_phase_2_v1.0.xlsx,961872f067d3491195a13402942a0c2d65054005593f70cd547a1ce6aa5a33af,https://files.digital.nhs.uk/A3/AED51A/NCDes_Data_Dictionary_23_24_phase_2_v1.0.xlsx,202306,202306,2023/24,NCD2324,NCD014,Metered Dose Inhaler (MDI) prescriptions as a percentage of all non-salbutamol inhaler prescriptions issued to patients aged 12 years or over.,Environmental Sustainability,MI
31bea1e4b0__NCDes_Data_Dictionary_23_24_phase_2_v1.0.xlsx,961872f067d3491195a13402942a0c2d65054005593f70cd547a1ce6aa5a33af,https://files.digital.nhs.uk/A3/AED51A/NCDes_Data_Dictionary_23_24_phase_2_v1.0.xlsx,202306,202306,2023/24,NCD2324,NCD018,"Percentage of care home residents aged 18 years or over, who had a Personalised Care and Support Plan agreed or reviewed.",Enhanced Health in Care Homes,MI
31bea1e4b0__NCDes_Data_Dictionary_23_24_phase_2_v1.0.xlsx,961872f067d3491195a13402942a0c2d65054005593f70cd547a1ce6aa5a33af,https://files.digital.nhs.uk/A3/AED51A/NCDes_Data_Dictionary_23_24_phase_2_v1.0.xlsx,202306,202306,2023/24,NCD2324,NCD102,Percentage of patients aged 29 and under with a total cholesterol greater than 7.5mmol/L OR aged 30 and over with a total cholesterol greater than 9.0mmol/L who have been either: (i) diagnosed with secondary hyperlipidaemia; (ii) clinically assessed for familial hypercholesterolaemia; (iii) referred for assessment for familial hypercholesterolemia; or (iv) genetically diagnosed with familial hypercholesterolaemia.,Cardiovascular Disease Prevention,MI
31bea1e4b0__NCDes_Data_Dictionary_23_24_phase_2_v1.0.xlsx,961872f067d3491195a13402942a0c2d65054005593f70cd547a1ce6aa5a33af,https://files.digital.nhs.uk/A3/AED51A/NCDes_Data_Dictionary_23_24_phase_2_v1.0.xlsx,202306,202306,2023/24,NCD2324,NCD107,"Percentage of patients aged 18 years or over prescribed both a Non-Steroidal Anti-Inflammatory Drug (NSAID) and an oral anticoagulant in the last 3 months of the previous financial year, who, in the three months to the end of the reporting period, were either (i) no longer prescribed an NSAID or (ii) prescribed a gastro-protective in addition to an NSAID.",Structured Medication Reviews & Medicines Optimisation,MI
31bea1e4b0__NCDes_Data_Dictionary_23_24_phase_2_v1.0.xlsx,961872f067d3491195a13402942a0c2d65054005593f70cd547a1ce6aa5a33af,https://files.digital.nhs.uk/A3/AED51A/NCDes_Data_Dictionary_23_24_phase_2_v1.0.xlsx,202306,202306,2023/24,NCD2324,NCD108,"Percentage of patients aged 65 years or over prescribed a Non-Steroidal Anti-Inflammatory Drug (NSAID) and not an oral anticoagulant in the last 3 months of the previous financial year, who, in the three months to the end of the reporting period, were either (i) no longer prescribed an NSAID or (ii) prescribed a gastro-protective in addition to an NSAID.",Structured Medication Reviews & Medicines Optimisation,MI
31bea1e4b0__NCDes_Data_Dictionary_23_24_phase_2_v1.0.xlsx,961872f067d3491195a13402942a0c2d65054005593f70cd547a1ce6aa5a33af,https://files.digital.nhs.uk/A3/AED51A/NCDes_Data_Dictionary_23_24_phase_2_v1.0.xlsx,202306,202306,2023/24,NCD2324,NCD109,"Percentage of patients aged 18 years or over prescribed both an oral anticoagulant and an anti-platelet in the last 3 months of the previous financial year, who, in the three months to the end of the reporting period, were either (i) no longer prescribed an anti-platelet or (ii) prescribed a gastro-protective in addition to an anti-platelet.",Structured Medication Reviews & Medicines Optimisation,MI
31bea1e4b0__NCDes_Data_Dictionary_23_24_phase_2_v1.0.xlsx,961872f067d3491195a13402942a0c2d65054005593f70cd547a1ce6aa5a33af,https://files.digital.nhs.uk/A3/AED51A/NCDes_Data_Dictionary_23_24_phase_2_v1.0.xlsx,202306,202306,2023/24,NCD2324,NCD110,"Percentage of patients aged 18 years or over prescribed aspirin and another anti-platelet in the last 3 months of the previous financial year, who, in the three months to the end of the reporting period, were either (i) no longer prescribed aspirin and/or no longer prescribed an anti-platelet or (ii) prescribed a gastro-protective in addition to both aspirin and another anti-platelet.",Structured Medication Reviews & Medicines Optimisation,MI
31bea1e4b0__NCDes_Data_Dictionary_23_24_phase_2_v1.0.xlsx,961872f067d3491195a13402942a0c2d65054005593f70cd547a1ce6aa5a33af,https://files.digital.nhs.uk/A3/AED51A/NCDes_Data_Dictionary_23_24_phase_2_v1.0.xlsx,202306,202306,2023/24,NCD2324,NCD111,"Percentage of patients prescribed a direct-acting oral anticoagulant, who received a renal function test and a recording of their weight and Creatinine Clearance Rate, along with a change or confirmation of their medication dose.",Structured Medication Reviews & Medicines Optimisation,MI
31bea1e4b0__NCDes_Data_Dictionary_23_24_phase_2_v1.0.xlsx,961872f067d3491195a13402942a0c2d65054005593f70cd547a1ce6aa5a33af,https://files.digital.nhs.uk/A3/AED51A/NCDes_Data_Dictionary_23_24_phase_2_v1.0.xlsx,202306,202306,2023/24,NCD2324,NCD112,"Percentage of lower gastrointestinal two week wait (fast track) cancer referrals accompanied by a faecal immunochemical test result, with the result recorded either in the twenty-one days leading up to the referral, or in the fourteen days after the referral.",Cancer,MI
31bea1e4b0__NCDes_Data_Dictionary_23_24_phase_2_v1.0.xlsx,961872f067d3491195a13402942a0c2d65054005593f70cd547a1ce6aa5a33af,https://files.digital.nhs.uk/A3/AED51A/NCDes_Data_Dictionary_23_24_phase_2_v1.0.xlsx,202306,202306,2023/24,NCD2324,NCD113,Number of referrals to the Community Pharmacist Consultation Service per registered patient,Access,MI
31bea1e4b0__NCDes_Data_Dictionary_23_24_phase_2_v1.0.xlsx,961872f067d3491195a13402942a0c2d65054005593f70cd547a1ce6aa5a33af,https://files.digital.nhs.uk/A3/AED51A/NCDes_Data_Dictionary_23_24_phase_2_v1.0.xlsx,202306,202306,2023/24,NCD2324,NCD117,"Percentage of men aged 50 years or over and women aged 55 years or over, without established Cardiovascular Disease and not on lipid lowering therapy, who have a QRISK score recorded on their GP record in the preceding five years and who have a recording of cholesterol levels, blood pressure and smoking status in the 12 months preceding recording of the most recent QRISK score",Cardiovascular Disease Prevention,MI
31bea1e4b0__NCDes_Data_Dictionary_23_24_phase_2_v1.0.xlsx,961872f067d3491195a13402942a0c2d65054005593f70cd547a1ce6aa5a33af,https://files.digital.nhs.uk/A3/AED51A/NCDes_Data_Dictionary_23_24_phase_2_v1.0.xlsx,202306,202306,2023/24,NCD2324,NCD120,"Percentage of patients on the QOF Learning Disability register aged 14 or over, who received an annual Learning Disability Health Check and have a completed Health Action Plan, in addition to a recording of ethnicity.",Tackling Health Inequalities,Payment
31bea1e4b0__NCDes_Data_Dictionary_23_24_phase_2_v1.0.xlsx,961872f067d3491195a13402942a0c2d65054005593f70cd547a1ce6aa5a33af,https://files.digital.nhs.uk/A3/AED51A/NCDes_Data_Dictionary_23_24_phase_2_v1.0.xlsx,202306,202306,2023/24,NCD2324,NCD121,"Percentage of patients aged 25 to 84 years inclusive without established cardiovascular disease or diabetes and with a last recorded CVD risk score (QRISK2 or 3) greater than 20 percent, who are currently treated with statins, or where a statin is declined or clinically unsuitable, another lipid-lowering therapy.",Cardiovascular Disease Prevention,MI
31bea1e4b0__NCDes_Data_Dictionary_23_24_phase_2_v1.0.xlsx,961872f067d3491195a13402942a0c2d65054005593f70cd547a1ce6aa5a33af,https://files.digital.nhs.uk/A3/AED51A/NCDes_Data_Dictionary_23_24_phase_2_v1.0.xlsx,202306,202306,2023/24,NCD2324,NCD123,"Percentage of lower gastrointestinal two week wait (fast track) cancer referrals accompanied by a faecal immunochemical test result, with the result recorded in the twenty-one days leading up to the referral.",Cancer,Payment
31bea1e4b0__NCDes_Data_Dictionary_23_24_phase_2_v1.0.xlsx,961872f067d3491195a13402942a0c2d65054005593f70cd547a1ce6aa5a33af,https://files.digital.nhs.uk/A3/AED51A/NCDes_Data_Dictionary_23_24_phase_2_v1.0.xlsx,202306,202306,2023/24,NCD2324,NCDMI001,Percentage of registered patients who had a Personalised Care and Support Plan agreed.,Personalised Care,MI
31bea1e4b0__NCDes_Data_Dictionary_23_24_phase_2_v1.0.xlsx,961872f067d3491195a13402942a0c2d65054005593f70cd547a1ce6aa5a33af,https://files.digital.nhs.uk/A3/AED51A/NCDes_Data_Dictionary_23_24_phase_2_v1.0.xlsx,202306,202306,2023/24,NCD2324,NCDMI002,Percentage of registered patients who had a Personalised Care and Support Plan reviewed.,Personalised Care,MI
31bea1e4b0__NCDes_Data_Dictionary_23_24_phase_2_v1.0.xlsx,961872f067d3491195a13402942a0c2d65054005593f70cd547a1ce6aa5a33af,https://files.digital.nhs.uk/A3/AED51A/NCDes_Data_Dictionary_23_24_phase_2_v1.0.xlsx,202306,202306,2023/24,NCD2324,NCDMI003,Percentage of registered patients whose care has been discussed as part of a shared decision-making process.,Personalised Care,MI
31bea1e4b0__NCDes_Data_Dictionary_23_24_phase_2_v1.0.xlsx,961872f067d3491195a13402942a0c2d65054005593f70cd547a1ce6aa5a33af,https://files.digital.nhs.uk/A3/AED51A/NCDes_Data_Dictionary_23_24_phase_2_v1.0.xlsx,202306,202306,2023/24,NCD2324,NCDMI010,"Percentage of permanent care home residents aged 18 years or over, and recorded as experiencing acute confusion, who received a delirium assessment.",Enhanced Health in Care Homes,MI
31bea1e4b0__NCDes_Data_Dictionary_23_24_phase_2_v1.0.xlsx,961872f067d3491195a13402942a0c2d65054005593f70cd547a1ce6aa5a33af,https://files.digital.nhs.uk/A3/AED51A/NCDes_Data_Dictionary_23_24_phase_2_v1.0.xlsx,202306,202306,2023/24,NCD2324,NCDMI023,Percentage of patients who were placed on an urgent referral pathway for suspected cancer.,Early Cancer Diagnosis,MI
31bea1e4b0__NCDes_Data_Dictionary_23_24_phase_2_v1.0.xlsx,961872f067d3491195a13402942a0c2d65054005593f70cd547a1ce6aa5a33af,https://files.digital.nhs.uk/A3/AED51A/NCDes_Data_Dictionary_23_24_phase_2_v1.0.xlsx,202306,202306,2023/24,NCD2324,NCDMI024,Percentage of patients placed on an urgent referral pathway for suspected cancer where safety netting was recorded.,Early Cancer Diagnosis,MI
31bea1e4b0__NCDes_Data_Dictionary_23_24_phase_2_v1.0.xlsx,961872f067d3491195a13402942a0c2d65054005593f70cd547a1ce6aa5a33af,https://files.digital.nhs.uk/A3/AED51A/NCDes_Data_Dictionary_23_24_phase_2_v1.0.xlsx,202306,202306,2023/24,NCD2324,NCDMI025,Percentage of patients in long stay residential or homes who received a seasonal influenza vaccination between 1 September and 31 March.,Vaccination & Immunisation,MI
31bea1e4b0__NCDes_Data_Dictionary_23_24_phase_2_v1.0.xlsx,961872f067d3491195a13402942a0c2d65054005593f70cd547a1ce6aa5a33af,https://files.digital.nhs.uk/A3/AED51A/NCDes_Data_Dictionary_23_24_phase_2_v1.0.xlsx,202306,202306,2023/24,NCD2324,NCDMI026,Percentage of patients on the Learning Disability register aged 18 years or over who received a seasonal influenza vaccination between 1 September and 31 March.,Vaccination & Immunisation,MI
31bea1e4b0__NCDes_Data_Dictionary_23_24_phase_2_v1.0.xlsx,961872f067d3491195a13402942a0c2d65054005593f70cd547a1ce6aa5a33af,https://files.digital.nhs.uk/A3/AED51A/NCDes_Data_Dictionary_23_24_phase_2_v1.0.xlsx,202306,202306,2023/24,NCD2324,NCDMI027,"Percentage of patients on the QOF Mental Health register for schizophrenia, bipolar affective disorder and other psychoses and either aged 65 years or over, or aged between 18 and 64 years inclusive and in a clinical at-risk group, who received a seasonal influenza vaccination between 1 September and 31 March.",Vaccination & Immunisation,MI
31bea1e4b0__NCDes_Data_Dictionary_23_24_phase_2_v1.0.xlsx,961872f067d3491195a13402942a0c2d65054005593f70cd547a1ce6aa5a33af,https://files.digital.nhs.uk/A3/AED51A/NCDes_Data_Dictionary_23_24_phase_2_v1.0.xlsx,202306,202306,2023/24,NCD2324,NCDMI028,Percentage of patients aged 14 years or over and on the QOF Learning Disability Register who received a Learning Disability Annual Health Check.,Tackling Health Inequalities,MI
31bea1e4b0__NCDes_Data_Dictionary_23_24_phase_2_v1.0.xlsx,961872f067d3491195a13402942a0c2d65054005593f70cd547a1ce6aa5a33af,https://files.digital.nhs.uk/A3/AED51A/NCDes_Data_Dictionary_23_24_phase_2_v1.0.xlsx,202306,202306,2023/24,NCD2324,NCDMI060,Percentage of registered patients who were given the opportunity to state their ethnicity but chose not to.,Tackling Health Inequalities,MI
31bea1e4b0__NCDes_Data_Dictionary_23_24_phase_2_v1.0.xlsx,961872f067d3491195a13402942a0c2d65054005593f70cd547a1ce6aa5a33af,https://files.digital.nhs.uk/A3/AED51A/NCDes_Data_Dictionary_23_24_phase_2_v1.0.xlsx,202306,202306,2023/24,NCD2324,NCDMI061,"Percentage of patients aged 25 to 84 years inclusive and with a last recorded CVD risk score (QRISK2 or 3) greater than or equal to 10 percent, who are currently treated with statins.",Cardiovascular Disease Prevention,MI
31bea1e4b0__NCDes_Data_Dictionary_23_24_phase_2_v1.0.xlsx,961872f067d3491195a13402942a0c2d65054005593f70cd547a1ce6aa5a33af,https://files.digital.nhs.uk/A3/AED51A/NCDes_Data_Dictionary_23_24_phase_2_v1.0.xlsx,202306,202306,2023/24,NCD2324,NCDMI063,Percentage of registered patients currently being seen by a social prescribing service.,Personalised Care,MI
31bea1e4b0__NCDes_Data_Dictionary_23_24_phase_2_v1.0.xlsx,961872f067d3491195a13402942a0c2d65054005593f70cd547a1ce6aa5a33af,https://files.digital.nhs.uk/A3/AED51A/NCDes_Data_Dictionary_23_24_phase_2_v1.0.xlsx,202306,202306,2023/24,NCD2324,NCDMI064,"Percentage of patients with a long-term condition, whose care was discussed as part of a shared decision-making conversation.",Personalised Care,MI
31bea1e4b0__NCDes_Data_Dictionary_23_24_phase_2_v1.0.xlsx,961872f067d3491195a13402942a0c2d65054005593f70cd547a1ce6aa5a33af,https://files.digital.nhs.uk/A3/AED51A/NCDes_Data_Dictionary_23_24_phase_2_v1.0.xlsx,202306,202306,2023/24,NCD2324,NCDMI068,Mean number of structured medication reviews undertaken per registered patient.,Structured Medication Reviews & Medicines Optimisation,MI
31bea1e4b0__NCDes_Data_Dictionary_23_24_phase_2_v1.0.xlsx,961872f067d3491195a13402942a0c2d65054005593f70cd547a1ce6aa5a33af,https://files.digital.nhs.uk/A3/AED51A/NCDes_Data_Dictionary_23_24_phase_2_v1.0.xlsx,202306,202306,2023/24,NCD2324,NCDMI074,Percentage of registered patients prescribed opioids.,Structured Medication Reviews & Medicines Optimisation,MI
31bea1e4b0__NCDes_Data_Dictionary_23_24_phase_2_v1.0.xlsx,961872f067d3491195a13402942a0c2d65054005593f70cd547a1ce6aa5a33af,https://files.digital.nhs.uk/A3/AED51A/NCDes_Data_Dictionary_23_24_phase_2_v1.0.xlsx,202306,202306,2023/24,NCD2324,NCDMI075,Percentage of registered patients prescribed antimicrobials.,Structured Medication Reviews & Medicines Optimisation,MI
31bea1e4b0__NCDes_Data_Dictionary_23_24_phase_2_v1.0.xlsx,961872f067d3491195a13402942a0c2d65054005593f70cd547a1ce6aa5a33af,https://files.digital.nhs.uk/A3/AED51A/NCDes_Data_Dictionary_23_24_phase_2_v1.0.xlsx,202306,202306,2023/24,NCD2324,NCDMI076,Percentage of registered patients prescribed benzodiazepines.,Structured Medication Reviews & Medicines Optimisation,MI
31bea1e4b0__NCDes_Data_Dictionary_23_24_phase_2_v1.0.xlsx,961872f067d3491195a13402942a0c2d65054005593f70cd547a1ce6aa5a33af,https://files.digital.nhs.uk/A3/AED51A/NCDes_Data_Dictionary_23_24_phase_2_v1.0.xlsx,202306,202306,2023/24,NCD2324,NCDMI089,Percentage of salbutamol inhaler prescriptions that are lower carbon.,Environmental Sustainability,MI
31bea1e4b0__NCDes_Data_Dictionary_23_24_phase_2_v1.0.xlsx,961872f067d3491195a13402942a0c2d65054005593f70cd547a1ce6aa5a33af,https://files.digital.nhs.uk/A3/AED51A/NCDes_Data_Dictionary_23_24_phase_2_v1.0.xlsx,202306,202306,2023/24,NCD2324,NCDMI101,"Percentage of patients aged 65 years or over and who received a blood pressure check, who received a pulse check",Cardiovascular Disease Prevention,MI
31bea1e4b0__NCDes_Data_Dictionary_23_24_phase_2_v1.0.xlsx,961872f067d3491195a13402942a0c2d65054005593f70cd547a1ce6aa5a33af,https://files.digital.nhs.uk/A3/AED51A/NCDes_Data_Dictionary_23_24_phase_2_v1.0.xlsx,202306,202306,2023/24,NCD2324,NCDMI102,"Percentage of patients aged 18 years or over with an observation indicating suspected atrial fibrillation recorded during the financial year (including presentations of breathlessness, palpitations, syncope or dizziness, or chest discomfort) who received a pulse check.",Cardiovascular Disease Prevention,MI
31bea1e4b0__NCDes_Data_Dictionary_23_24_phase_2_v1.0.xlsx,961872f067d3491195a13402942a0c2d65054005593f70cd547a1ce6aa5a33af,https://files.digital.nhs.uk/A3/AED51A/NCDes_Data_Dictionary_23_24_phase_2_v1.0.xlsx,202306,202306,2023/24,NCD2324,NCDMI103,Percentage of patients aged 65 years or over and with an irregular pulse who either received an electrocardiogram or were referred for an electrocardiogram.,Cardiovascular Disease Prevention,MI
31bea1e4b0__NCDes_Data_Dictionary_23_24_phase_2_v1.0.xlsx,961872f067d3491195a13402942a0c2d65054005593f70cd547a1ce6aa5a33af,https://files.digital.nhs.uk/A3/AED51A/NCDes_Data_Dictionary_23_24_phase_2_v1.0.xlsx,202306,202306,2023/24,NCD2324,NCDMI105,Number of Social Prescribing Link Worker consultations per patient currently being seen by a social prescribing service.,Personalised Care,MI
31bea1e4b0__NCDes_Data_Dictionary_23_24_phase_2_v1.0.xlsx,961872f067d3491195a13402942a0c2d65054005593f70cd547a1ce6aa5a33af,https://files.digital.nhs.uk/A3/AED51A/NCDes_Data_Dictionary_23_24_phase_2_v1.0.xlsx,202306,202306,2023/24,NCD2324,NCDMI106,Number of General Practitioner consultations per patient currently being seen by a social prescribing service.,Personalised Care,MI
31bea1e4b0__NCDes_Data_Dictionary_23_24_phase_2_v1.0.xlsx,961872f067d3491195a13402942a0c2d65054005593f70cd547a1ce6aa5a33af,https://files.digital.nhs.uk/A3/AED51A/NCDes_Data_Dictionary_23_24_phase_2_v1.0.xlsx,202306,202306,2023/24,NCD2324,NCDMI107,Percentage of patients currently being seen by a social prescribing service who received at least one consultation with a Social Prescribing Link Worker.,Personalised Care,MI
31bea1e4b0__NCDes_Data_Dictionary_23_24_phase_2_v1.0.xlsx,961872f067d3491195a13402942a0c2d65054005593f70cd547a1ce6aa5a33af,https://files.digital.nhs.uk/A3/AED51A/NCDes_Data_Dictionary_23_24_phase_2_v1.0.xlsx,202306,202306,2023/24,NCD2324,NCDMI108,Number of General Practitioner consultations per registered patient.,Personalised Care,MI
31bea1e4b0__NCDes_Data_Dictionary_23_24_phase_2_v1.0.xlsx,961872f067d3491195a13402942a0c2d65054005593f70cd547a1ce6aa5a33af,https://files.digital.nhs.uk/A3/AED51A/NCDes_Data_Dictionary_23_24_phase_2_v1.0.xlsx,202306,202306,2023/24,NCD2324,NCDMI109,Number of consultations per patient currently being seen by a social prescribing service.,Personalised Care,MI
31bea1e4b0__NCDes_Data_Dictionary_23_24_phase_2_v1.0.xlsx,961872f067d3491195a13402942a0c2d65054005593f70cd547a1ce6aa5a33af,https://files.digital.nhs.uk/A3/AED51A/NCDes_Data_Dictionary_23_24_phase_2_v1.0.xlsx,202306,202306,2023/24,NCD2324,NCDMI110,Number of consultations per registered patient.,Personalised Care,MI
31bea1e4b0__NCDes_Data_Dictionary_23_24_phase_2_v1.0.xlsx,961872f067d3491195a13402942a0c2d65054005593f70cd547a1ce6aa5a33af,https://files.digital.nhs.uk/A3/AED51A/NCDes_Data_Dictionary_23_24_phase_2_v1.0.xlsx,202306,202306,2023/24,NCD2324,NCDMI112,Percentage of care home residents aged 18 years or over on the QOF Dementia Register.,Enhanced Health in Care Homes,MI
31bea1e4b0__NCDes_Data_Dictionary_23_24_phase_2_v1.0.xlsx,961872f067d3491195a13402942a0c2d65054005593f70cd547a1ce6aa5a33af,https://files.digital.nhs.uk/A3/AED51A/NCDes_Data_Dictionary_23_24_phase_2_v1.0.xlsx,202306,202306,2023/24,NCD2324,NCDMI113,Percentage of permanent care home residents aged 18 years or over with a preferred place of death recorded.,Enhanced Health in Care Homes,MI
31bea1e4b0__NCDes_Data_Dictionary_23_24_phase_2_v1.0.xlsx,961872f067d3491195a13402942a0c2d65054005593f70cd547a1ce6aa5a33af,https://files.digital.nhs.uk/A3/AED51A/NCDes_Data_Dictionary_23_24_phase_2_v1.0.xlsx,202306,202306,2023/24,NCD2324,NCDMI114,Mean number of Multidisciplinary Team meetings per care home resident aged 18 years or over.,Enhanced Health in Care Homes,MI
31bea1e4b0__NCDes_Data_Dictionary_23_24_phase_2_v1.0.xlsx,961872f067d3491195a13402942a0c2d65054005593f70cd547a1ce6aa5a33af,https://files.digital.nhs.uk/A3/AED51A/NCDes_Data_Dictionary_23_24_phase_2_v1.0.xlsx,202306,202306,2023/24,NCD2324,NCDMI116,"Percentage of patients aged 65 years or over prescribed an oral non-steroidal anti-inflammatory drug (NSAID), who were not prescribed a gastro-protective",Structured Medication Reviews & Medicines Optimisation,MI
31bea1e4b0__NCDes_Data_Dictionary_23_24_phase_2_v1.0.xlsx,961872f067d3491195a13402942a0c2d65054005593f70cd547a1ce6aa5a33af,https://files.digital.nhs.uk/A3/AED51A/NCDes_Data_Dictionary_23_24_phase_2_v1.0.xlsx,202306,202306,2023/24,NCD2324,NCDMI117,"Percentage of patients aged 18 years or over with a history of peptic ulceration and prescribed an oral non-steroidal anti-inflammatory drug (NSAID), who were not prescribed a gastro-protective.",Structured Medication Reviews & Medicines Optimisation,MI
31bea1e4b0__NCDes_Data_Dictionary_23_24_phase_2_v1.0.xlsx,961872f067d3491195a13402942a0c2d65054005593f70cd547a1ce6aa5a33af,https://files.digital.nhs.uk/A3/AED51A/NCDes_Data_Dictionary_23_24_phase_2_v1.0.xlsx,202306,202306,2023/24,NCD2324,NCDMI118,"Percentage of patients aged 18 years or over with a history of peptic ulceration and prescribed an anti-platelet, who were not prescribed a gastro-protective",Structured Medication Reviews & Medicines Optimisation,MI
31bea1e4b0__NCDes_Data_Dictionary_23_24_phase_2_v1.0.xlsx,961872f067d3491195a13402942a0c2d65054005593f70cd547a1ce6aa5a33af,https://files.digital.nhs.uk/A3/AED51A/NCDes_Data_Dictionary_23_24_phase_2_v1.0.xlsx,202306,202306,2023/24,NCD2324,NCDMI119,"Percentage of patients aged 18 years or over prescribed an oral anticoagulant, who were prescribed an oral NSAID.",Structured Medication Reviews & Medicines Optimisation,MI
31bea1e4b0__NCDes_Data_Dictionary_23_24_phase_2_v1.0.xlsx,961872f067d3491195a13402942a0c2d65054005593f70cd547a1ce6aa5a33af,https://files.digital.nhs.uk/A3/AED51A/NCDes_Data_Dictionary_23_24_phase_2_v1.0.xlsx,202306,202306,2023/24,NCD2324,NCDMI120,"Percentage of patients aged 18 years or over prescribed an oral anticoagulant and an anti-platelet, who were not prescribed a gastro-protective.",Structured Medication Reviews & Medicines Optimisation,MI
31bea1e4b0__NCDes_Data_Dictionary_23_24_phase_2_v1.0.xlsx,961872f067d3491195a13402942a0c2d65054005593f70cd547a1ce6aa5a33af,https://files.digital.nhs.uk/A3/AED51A/NCDes_Data_Dictionary_23_24_phase_2_v1.0.xlsx,202306,202306,2023/24,NCD2324,NCDMI121,"Percentage of patients aged 18 years or over prescribed aspirin and another anti-platelet, who were not prescribed a gastro-protective.",Structured Medication Reviews & Medicines Optimisation,MI
31bea1e4b0__NCDes_Data_Dictionary_23_24_phase_2_v1.0.xlsx,961872f067d3491195a13402942a0c2d65054005593f70cd547a1ce6aa5a33af,https://files.digital.nhs.uk/A3/AED51A/NCDes_Data_Dictionary_23_24_phase_2_v1.0.xlsx,202306,202306,2023/24,NCD2324,NCDMI122,Percentage of patients aged 18 years or over with heart failure who were prescribed an oral non-steroidal anti-inflammatory drug (NSAID).,Structured Medication Reviews & Medicines Optimisation,MI
31bea1e4b0__NCDes_Data_Dictionary_23_24_phase_2_v1.0.xlsx,961872f067d3491195a13402942a0c2d65054005593f70cd547a1ce6aa5a33af,https://files.digital.nhs.uk/A3/AED51A/NCDes_Data_Dictionary_23_24_phase_2_v1.0.xlsx,202306,202306,2023/24,NCD2324,NCDMI123,Percentage of patients aged 18 years or over with an eGFR less than 45 who were prescribed an oral non-steroidal anti-inflammatory drug (NSAID).,Structured Medication Reviews & Medicines Optimisation,MI
31bea1e4b0__NCDes_Data_Dictionary_23_24_phase_2_v1.0.xlsx,961872f067d3491195a13402942a0c2d65054005593f70cd547a1ce6aa5a33af,https://files.digital.nhs.uk/A3/AED51A/NCDes_Data_Dictionary_23_24_phase_2_v1.0.xlsx,202306,202306,2023/24,NCD2324,NCDMI124,Percentage of patients aged 18 years or over with an unresolved asthma diagnosis who were prescribed a non-selective beta-blocker.,Structured Medication Reviews & Medicines Optimisation,MI
31bea1e4b0__NCDes_Data_Dictionary_23_24_phase_2_v1.0.xlsx,961872f067d3491195a13402942a0c2d65054005593f70cd547a1ce6aa5a33af,https://files.digital.nhs.uk/A3/AED51A/NCDes_Data_Dictionary_23_24_phase_2_v1.0.xlsx,202306,202306,2023/24,NCD2324,NCDMI125,Percentage of registered patients under the care of Anticipatory Care service,Anticipatory Care,MI
31bea1e4b0__NCDes_Data_Dictionary_23_24_phase_2_v1.0.xlsx,961872f067d3491195a13402942a0c2d65054005593f70cd547a1ce6aa5a33af,https://files.digital.nhs.uk/A3/AED51A/NCDes_Data_Dictionary_23_24_phase_2_v1.0.xlsx,202306,202306,2023/24,NCD2324,NCDMI126,Percentage of registered patients who declined an offer of Anticipatory Care,Anticipatory Care,MI
31bea1e4b0__NCDes_Data_Dictionary_23_24_phase_2_v1.0.xlsx,961872f067d3491195a13402942a0c2d65054005593f70cd547a1ce6aa5a33af,https://files.digital.nhs.uk/A3/AED51A/NCDes_Data_Dictionary_23_24_phase_2_v1.0.xlsx,202306,202306,2023/24,NCD2324,NCDMI127,Percentage of registered patients discharged from Anticipatory Care service,Anticipatory Care,MI
31bea1e4b0__NCDes_Data_Dictionary_23_24_phase_2_v1.0.xlsx,961872f067d3491195a13402942a0c2d65054005593f70cd547a1ce6aa5a33af,https://files.digital.nhs.uk/A3/AED51A/NCDes_Data_Dictionary_23_24_phase_2_v1.0.xlsx,202306,202306,2023/24,NCD2324,NCDMI129,Percentage of at-risk patients recorded as being from an ethnic minority and aged 18 to 64 years inclusive who received a seasonal influenza vaccination between 1 September and 31 March,Tackling Health Inequalities,MI
31bea1e4b0__NCDes_Data_Dictionary_23_24_phase_2_v1.0.xlsx,961872f067d3491195a13402942a0c2d65054005593f70cd547a1ce6aa5a33af,https://files.digital.nhs.uk/A3/AED51A/NCDes_Data_Dictionary_23_24_phase_2_v1.0.xlsx,202306,202306,2023/24,NCD2324,NCDMI130,Percentage of patients aged 16 years or over who have received a second dose of a Covid 19 vaccination,Tackling Health Inequalities,MI
31bea1e4b0__NCDes_Data_Dictionary_23_24_phase_2_v1.0.xlsx,961872f067d3491195a13402942a0c2d65054005593f70cd547a1ce6aa5a33af,https://files.digital.nhs.uk/A3/AED51A/NCDes_Data_Dictionary_23_24_phase_2_v1.0.xlsx,202306,202306,2023/24,NCD2324,NCDMI131,Percentage of patients aged 16 years or over and recorded as being from an ethnic minority who have received a second dose of a Covid 19 vaccination,Tackling Health Inequalities,MI
31bea1e4b0__NCDes_Data_Dictionary_23_24_phase_2_v1.0.xlsx,961872f067d3491195a13402942a0c2d65054005593f70cd547a1ce6aa5a33af,https://files.digital.nhs.uk/A3/AED51A/NCDes_Data_Dictionary_23_24_phase_2_v1.0.xlsx,202306,202306,2023/24,NCD2324,NCDMI132,"Percentage of patients aged 18 years or over, recorded as being from an ethnic minority, not on the QOF Hypertension Register as of 31 March 2023, and who have (i) a last recorded blood pressure reading in the 3 years prior to 1 April 2023 >= 140/90 mmHg (with the exception of patients whose first blood pressure reading >= 140/90 mmHg in this period is on or after 1 October 2022) for whom there is evidence of clinically appropriate follow-up to confirm or exclude a diagnosis of hypertension by 31 March 2024 OR (ii) a blood pressure reading >= 140/90mmHg on or after 1 October 2022, for whom there is evidence of clinically appropriate follow-up to confirm or exclude a diagnosis of hypertension within 6 months of elevated reading.",Tackling Health Inequalities,MI
31bea1e4b0__NCDes_Data_Dictionary_23_24_phase_2_v1.0.xlsx,961872f067d3491195a13402942a0c2d65054005593f70cd547a1ce6aa5a33af,https://files.digital.nhs.uk/A3/AED51A/NCDes_Data_Dictionary_23_24_phase_2_v1.0.xlsx,202306,202306,2023/24,NCD2324,NCDMI133,Percentage of patients aged 45 or over and recorded as being from an ethnic minority who have a record of blood pressure in the preceding 5 years,Tackling Health Inequalities,MI
31bea1e4b0__NCDes_Data_Dictionary_23_24_phase_2_v1.0.xlsx,961872f067d3491195a13402942a0c2d65054005593f70cd547a1ce6aa5a33af,https://files.digital.nhs.uk/A3/AED51A/NCDes_Data_Dictionary_23_24_phase_2_v1.0.xlsx,202306,202306,2023/24,NCD2324,NCDMI134,"Percentage of patients with schizophrenia, bipolar affective disorder and other psychoses who received all six elements of the Physical Health Check for people with Severe Mental Illness.",Tackling Health Inequalities,MI
31bea1e4b0__NCDes_Data_Dictionary_23_24_phase_2_v1.0.xlsx,961872f067d3491195a13402942a0c2d65054005593f70cd547a1ce6aa5a33af,https://files.digital.nhs.uk/A3/AED51A/NCDes_Data_Dictionary_23_24_phase_2_v1.0.xlsx,202306,202306,2023/24,NCD2324,NCDMI135,"Percentage of patients with schizophrenia, bipolar affective disorder and other psychoses and recorded as being from an ethnic minority who received all six elements of the Physical Health Check for people with Severe Mental Illness",Tackling Health Inequalities,MI
31bea1e4b0__NCDes_Data_Dictionary_23_24_phase_2_v1.0.xlsx,961872f067d3491195a13402942a0c2d65054005593f70cd547a1ce6aa5a33af,https://files.digital.nhs.uk/A3/AED51A/NCDes_Data_Dictionary_23_24_phase_2_v1.0.xlsx,202306,202306,2023/24,NCD2324,NCDMI136,Number of registered patients with a Type 1 Opt Out,Tackling Health Inequalities,MI
31bea1e4b0__NCDes_Data_Dictionary_23_24_phase_2_v1.0.xlsx,961872f067d3491195a13402942a0c2d65054005593f70cd547a1ce6aa5a33af,https://files.digital.nhs.uk/A3/AED51A/NCDes_Data_Dictionary_23_24_phase_2_v1.0.xlsx,202306,202306,2023/24,NCD2324,NCDMI137,Number of patients recorded as having a diagnosis of autism,Tackling Health Inequalities,MI
31bea1e4b0__NCDes_Data_Dictionary_23_24_phase_2_v1.0.xlsx,961872f067d3491195a13402942a0c2d65054005593f70cd547a1ce6aa5a33af,https://files.digital.nhs.uk/A3/AED51A/NCDes_Data_Dictionary_23_24_phase_2_v1.0.xlsx,202306,202306,2023/24,NCD2324,NCDMI138,"Number of encounters with a Clinical Pharmacist, per registered patient.",Workforce,MI
31bea1e4b0__NCDes_Data_Dictionary_23_24_phase_2_v1.0.xlsx,961872f067d3491195a13402942a0c2d65054005593f70cd547a1ce6aa5a33af,https://files.digital.nhs.uk/A3/AED51A/NCDes_Data_Dictionary_23_24_phase_2_v1.0.xlsx,202306,202306,2023/24,NCD2324,NCDMI139,Percentage of registered patients who had at least one encounter with a Clinical Pharmacist.,Workforce,MI
31bea1e4b0__NCDes_Data_Dictionary_23_24_phase_2_v1.0.xlsx,961872f067d3491195a13402942a0c2d65054005593f70cd547a1ce6aa5a33af,https://files.digital.nhs.uk/A3/AED51A/NCDes_Data_Dictionary_23_24_phase_2_v1.0.xlsx,202306,202306,2023/24,NCD2324,NCDMI140,"Number of encounters with a First Contact Physiotherapist, per registered patient.",Workforce,MI
31bea1e4b0__NCDes_Data_Dictionary_23_24_phase_2_v1.0.xlsx,961872f067d3491195a13402942a0c2d65054005593f70cd547a1ce6aa5a33af,https://files.digital.nhs.uk/A3/AED51A/NCDes_Data_Dictionary_23_24_phase_2_v1.0.xlsx,202306,202306,2023/24,NCD2324,NCDMI141,Percentage of registered patients who had at least one encounter with a First Contact Physiotherapist.,Workforce,MI
31bea1e4b0__NCDes_Data_Dictionary_23_24_phase_2_v1.0.xlsx,961872f067d3491195a13402942a0c2d65054005593f70cd547a1ce6aa5a33af,https://files.digital.nhs.uk/A3/AED51A/NCDes_Data_Dictionary_23_24_phase_2_v1.0.xlsx,202306,202306,2023/24,NCD2324,NCDMI142,"Number of encounters with a Physician Associate, per registered patient.",Workforce,MI
31bea1e4b0__NCDes_Data_Dictionary_23_24_phase_2_v1.0.xlsx,961872f067d3491195a13402942a0c2d65054005593f70cd547a1ce6aa5a33af,https://files.digital.nhs.uk/A3/AED51A/NCDes_Data_Dictionary_23_24_phase_2_v1.0.xlsx,202306,202306,2023/24,NCD2324,NCDMI143,Percentage of registered patients who had at least one encounter with a Physician Associate.,Workforce,MI
31bea1e4b0__NCDes_Data_Dictionary_23_24_phase_2_v1.0.xlsx,961872f067d3491195a13402942a0c2d65054005593f70cd547a1ce6aa5a33af,https://files.digital.nhs.uk/A3/AED51A/NCDes_Data_Dictionary_23_24_phase_2_v1.0.xlsx,202306,202306,2023/24,NCD2324,NCDMI144,"Number of encounters with a Dietitian, per registered patient.",Workforce,MI
31bea1e4b0__NCDes_Data_Dictionary_23_24_phase_2_v1.0.xlsx,961872f067d3491195a13402942a0c2d65054005593f70cd547a1ce6aa5a33af,https://files.digital.nhs.uk/A3/AED51A/NCDes_Data_Dictionary_23_24_phase_2_v1.0.xlsx,202306,202306,2023/24,NCD2324,NCDMI145,Percentage of registered patients who had at least one encounter with a Dietitian.,Workforce,MI
31bea1e4b0__NCDes_Data_Dictionary_23_24_phase_2_v1.0.xlsx,961872f067d3491195a13402942a0c2d65054005593f70cd547a1ce6aa5a33af,https://files.digital.nhs.uk/A3/AED51A/NCDes_Data_Dictionary_23_24_phase_2_v1.0.xlsx,202306,202306,2023/24,NCD2324,NCDMI146,"Number of encounters with a Podiatrist, per registered patient.",Workforce,MI
31bea1e4b0__NCDes_Data_Dictionary_23_24_phase_2_v1.0.xlsx,961872f067d3491195a13402942a0c2d65054005593f70cd547a1ce6aa5a33af,https://files.digital.nhs.uk/A3/AED51A/NCDes_Data_Dictionary_23_24_phase_2_v1.0.xlsx,202306,202306,2023/24,NCD2324,NCDMI147,Percentage of registered patients who had at least one encounter with a Podiatrist.,Workforce,MI
31bea1e4b0__NCDes_Data_Dictionary_23_24_phase_2_v1.0.xlsx,961872f067d3491195a13402942a0c2d65054005593f70cd547a1ce6aa5a33af,https://files.digital.nhs.uk/A3/AED51A/NCDes_Data_Dictionary_23_24_phase_2_v1.0.xlsx,202306,202306,2023/24,NCD2324,NCDMI148,"Number of encounters with a Pharmacy Technician, per registered patient.",Workforce,MI
31bea1e4b0__NCDes_Data_Dictionary_23_24_phase_2_v1.0.xlsx,961872f067d3491195a13402942a0c2d65054005593f70cd547a1ce6aa5a33af,https://files.digital.nhs.uk/A3/AED51A/NCDes_Data_Dictionary_23_24_phase_2_v1.0.xlsx,202306,202306,2023/24,NCD2324,NCDMI149,Percentage of registered patients who had at least one encounter with a Pharmacy Technician.,Workforce,MI
31bea1e4b0__NCDes_Data_Dictionary_23_24_phase_2_v1.0.xlsx,961872f067d3491195a13402942a0c2d65054005593f70cd547a1ce6aa5a33af,https://files.digital.nhs.uk/A3/AED51A/NCDes_Data_Dictionary_23_24_phase_2_v1.0.xlsx,202306,202306,2023/24,NCD2324,NCDMI150,"Number of encounters with an Occupational Therapist, per registered patient.",Workforce,MI
31bea1e4b0__NCDes_Data_Dictionary_23_24_phase_2_v1.0.xlsx,961872f067d3491195a13402942a0c2d65054005593f70cd547a1ce6aa5a33af,https://files.digital.nhs.uk/A3/AED51A/NCDes_Data_Dictionary_23_24_phase_2_v1.0.xlsx,202306,202306,2023/24,NCD2324,NCDMI151,Percentage of registered patients who had at least one encounter with an Occupational Therapist.,Workforce,MI
31bea1e4b0__NCDes_Data_Dictionary_23_24_phase_2_v1.0.xlsx,961872f067d3491195a13402942a0c2d65054005593f70cd547a1ce6aa5a33af,https://files.digital.nhs.uk/A3/AED51A/NCDes_Data_Dictionary_23_24_phase_2_v1.0.xlsx,202306,202306,2023/24,NCD2324,NCDMI152,"Number of encounters with a Social Prescribing Link Worker, per registered patient.",Workforce,MI
31bea1e4b0__NCDes_Data_Dictionary_23_24_phase_2_v1.0.xlsx,961872f067d3491195a13402942a0c2d65054005593f70cd547a1ce6aa5a33af,https://files.digital.nhs.uk/A3/AED51A/NCDes_Data_Dictionary_23_24_phase_2_v1.0.xlsx,202306,202306,2023/24,NCD2324,NCDMI153,Percentage of registered patients who had at least one encounter with a Social Prescribing Link Worker.,Workforce,MI
31bea1e4b0__NCDes_Data_Dictionary_23_24_phase_2_v1.0.xlsx,961872f067d3491195a13402942a0c2d65054005593f70cd547a1ce6aa5a33af,https://files.digital.nhs.uk/A3/AED51A/NCDes_Data_Dictionary_23_24_phase_2_v1.0.xlsx,202306,202306,2023/24,NCD2324,NCDMI154,"Number of encounters with a Health and Wellbeing Coach, per registered patient.",Workforce,MI
31bea1e4b0__NCDes_Data_Dictionary_23_24_phase_2_v1.0.xlsx,961872f067d3491195a13402942a0c2d65054005593f70cd547a1ce6aa5a33af,https://files.digital.nhs.uk/A3/AED51A/NCDes_Data_Dictionary_23_24_phase_2_v1.0.xlsx,202306,202306,2023/24,NCD2324,NCDMI155,Percentage of registered patients who had at least one encounter with a Health and Wellbeing Coach.,Workforce,MI
31bea1e4b0__NCDes_Data_Dictionary_23_24_phase_2_v1.0.xlsx,961872f067d3491195a13402942a0c2d65054005593f70cd547a1ce6aa5a33af,https://files.digital.nhs.uk/A3/AED51A/NCDes_Data_Dictionary_23_24_phase_2_v1.0.xlsx,202306,202306,2023/24,NCD2324,NCDMI156,Number of encounters with a Care Coordinator per registered patient.,Workforce,MI
31bea1e4b0__NCDes_Data_Dictionary_23_24_phase_2_v1.0.xlsx,961872f067d3491195a13402942a0c2d65054005593f70cd547a1ce6aa5a33af,https://files.digital.nhs.uk/A3/AED51A/NCDes_Data_Dictionary_23_24_phase_2_v1.0.xlsx,202306,202306,2023/24,NCD2324,NCDMI157,Percentage of registered patients who had at least one encounter with a Care Coordinator.,Workforce,MI
31bea1e4b0__NCDes_Data_Dictionary_23_24_phase_2_v1.0.xlsx,961872f067d3491195a13402942a0c2d65054005593f70cd547a1ce6aa5a33af,https://files.digital.nhs.uk/A3/AED51A/NCDes_Data_Dictionary_23_24_phase_2_v1.0.xlsx,202306,202306,2023/24,NCD2324,NCDMI158,"Number of encounters with a Trainee Nursing Associate, per registered patient.",Workforce,MI
31bea1e4b0__NCDes_Data_Dictionary_23_24_phase_2_v1.0.xlsx,961872f067d3491195a13402942a0c2d65054005593f70cd547a1ce6aa5a33af,https://files.digital.nhs.uk/A3/AED51A/NCDes_Data_Dictionary_23_24_phase_2_v1.0.xlsx,202306,202306,2023/24,NCD2324,NCDMI159,Percentage of registered patients who had at least one encounter with a Trainee Nursing Associate.,Workforce,MI
31bea1e4b0__NCDes_Data_Dictionary_23_24_phase_2_v1.0.xlsx,961872f067d3491195a13402942a0c2d65054005593f70cd547a1ce6aa5a33af,https://files.digital.nhs.uk/A3/AED51A/NCDes_Data_Dictionary_23_24_phase_2_v1.0.xlsx,202306,202306,2023/24,NCD2324,NCDMI160,"Number of encounters with a Nursing Associate, per registered patient.",Workforce,MI
31bea1e4b0__NCDes_Data_Dictionary_23_24_phase_2_v1.0.xlsx,961872f067d3491195a13402942a0c2d65054005593f70cd547a1ce6aa5a33af,https://files.digital.nhs.uk/A3/AED51A/NCDes_Data_Dictionary_23_24_phase_2_v1.0.xlsx,202306,202306,2023/24,NCD2324,NCDMI161,Percentage of registered patients who had at least one encounter with a Nursing Associate.,Workforce,MI
31bea1e4b0__NCDes_Data_Dictionary_23_24_phase_2_v1.0.xlsx,961872f067d3491195a13402942a0c2d65054005593f70cd547a1ce6aa5a33af,https://files.digital.nhs.uk/A3/AED51A/NCDes_Data_Dictionary_23_24_phase_2_v1.0.xlsx,202306,202306,2023/24,NCD2324,NCDMI162,"Number of encounters with a Paramedic, per registered patient.",Workforce,MI
31bea1e4b0__NCDes_Data_Dictionary_23_24_phase_2_v1.0.xlsx,961872f067d3491195a13402942a0c2d65054005593f70cd547a1ce6aa5a33af,https://files.digital.nhs.uk/A3/AED51A/NCDes_Data_Dictionary_23_24_phase_2_v1.0.xlsx,202306,202306,2023/24,NCD2324,NCDMI163,Percentage of registered patients who had at least one encounter with a Paramedic.,Workforce,MI
31bea1e4b0__NCDes_Data_Dictionary_23_24_phase_2_v1.0.xlsx,961872f067d3491195a13402942a0c2d65054005593f70cd547a1ce6aa5a33af,https://files.digital.nhs.uk/A3/AED51A/NCDes_Data_Dictionary_23_24_phase_2_v1.0.xlsx,202306,202306,2023/24,NCD2324,NCDMI164,"Number of encounters with a Mental Health Practitioner, per registered patient.",Workforce,MI
31bea1e4b0__NCDes_Data_Dictionary_23_24_phase_2_v1.0.xlsx,961872f067d3491195a13402942a0c2d65054005593f70cd547a1ce6aa5a33af,https://files.digital.nhs.uk/A3/AED51A/NCDes_Data_Dictionary_23_24_phase_2_v1.0.xlsx,202306,202306,2023/24,NCD2324,NCDMI165,Percentage of registered patients who had at least one encounter with a Mental Health Practitioner.,Workforce,MI
31bea1e4b0__NCDes_Data_Dictionary_23_24_phase_2_v1.0.xlsx,961872f067d3491195a13402942a0c2d65054005593f70cd547a1ce6aa5a33af,https://files.digital.nhs.uk/A3/AED51A/NCDes_Data_Dictionary_23_24_phase_2_v1.0.xlsx,202306,202306,2023/24,NCD2324,NCDMI166,Number of declined referrals to the Community Pharmacy Consultation Service per registered patient,Access,MI
31bea1e4b0__NCDes_Data_Dictionary_23_24_phase_2_v1.0.xlsx,961872f067d3491195a13402942a0c2d65054005593f70cd547a1ce6aa5a33af,https://files.digital.nhs.uk/A3/AED51A/NCDes_Data_Dictionary_23_24_phase_2_v1.0.xlsx,202306,202306,2023/24,NCD2324,NCDMI167,Percentage of permanent care home residents aged 18 years or over who received a falls risk assessment.,Enhanced Health in Care Homes,MI
31bea1e4b0__NCDes_Data_Dictionary_23_24_phase_2_v1.0.xlsx,961872f067d3491195a13402942a0c2d65054005593f70cd547a1ce6aa5a33af,https://files.digital.nhs.uk/A3/AED51A/NCDes_Data_Dictionary_23_24_phase_2_v1.0.xlsx,202306,202306,2023/24,NCD2324,NCDMI170,Percentage of permanent care home residents aged 18 years or over who received a psychosocial assessment,Enhanced Health in Care Homes,MI
31bea1e4b0__NCDes_Data_Dictionary_23_24_phase_2_v1.0.xlsx,961872f067d3491195a13402942a0c2d65054005593f70cd547a1ce6aa5a33af,https://files.digital.nhs.uk/A3/AED51A/NCDes_Data_Dictionary_23_24_phase_2_v1.0.xlsx,202306,202306,2023/24,NCD2324,NCDMI171,Percentage of patients aged 75 years or over on a long-term prescription of an angiotensin converting enzyme (ACE) inhibitor or a loop diuretic who have not had their renal function and electrolytes recorded in the previous 15 months.,Structured Medication Reviews & Medicines Optimisation,MI
31bea1e4b0__NCDes_Data_Dictionary_23_24_phase_2_v1.0.xlsx,961872f067d3491195a13402942a0c2d65054005593f70cd547a1ce6aa5a33af,https://files.digital.nhs.uk/A3/AED51A/NCDes_Data_Dictionary_23_24_phase_2_v1.0.xlsx,202306,202306,2023/24,NCD2324,NCDMI172,Percentage of patients aged 18 years or over prescribed methotrexate for at least 3 months without a full blood count in the previous 3 months.,Structured Medication Reviews & Medicines Optimisation,MI
31bea1e4b0__NCDes_Data_Dictionary_23_24_phase_2_v1.0.xlsx,961872f067d3491195a13402942a0c2d65054005593f70cd547a1ce6aa5a33af,https://files.digital.nhs.uk/A3/AED51A/NCDes_Data_Dictionary_23_24_phase_2_v1.0.xlsx,202306,202306,2023/24,NCD2324,NCDMI173,Percentage of patients aged 18 years or over prescribed methotrexate for at least 3 months without a liver function test in the previous 3 months.,Structured Medication Reviews & Medicines Optimisation,MI
31bea1e4b0__NCDes_Data_Dictionary_23_24_phase_2_v1.0.xlsx,961872f067d3491195a13402942a0c2d65054005593f70cd547a1ce6aa5a33af,https://files.digital.nhs.uk/A3/AED51A/NCDes_Data_Dictionary_23_24_phase_2_v1.0.xlsx,202306,202306,2023/24,NCD2324,NCDMI174,Percentage of patients aged 18 years or over prescribed lithium for at least 3 months without a lithium concentration check in the previous 3 months.,Structured Medication Reviews & Medicines Optimisation,MI
31bea1e4b0__NCDes_Data_Dictionary_23_24_phase_2_v1.0.xlsx,961872f067d3491195a13402942a0c2d65054005593f70cd547a1ce6aa5a33af,https://files.digital.nhs.uk/A3/AED51A/NCDes_Data_Dictionary_23_24_phase_2_v1.0.xlsx,202306,202306,2023/24,NCD2324,NCDMI175,Percentage of patients aged 18 years or over prescribed amiodarone for at least 6 months without a thyroid function test (TFT) in the previous 6 months.,Structured Medication Reviews & Medicines Optimisation,MI
31bea1e4b0__NCDes_Data_Dictionary_23_24_phase_2_v1.0.xlsx,961872f067d3491195a13402942a0c2d65054005593f70cd547a1ce6aa5a33af,https://files.digital.nhs.uk/A3/AED51A/NCDes_Data_Dictionary_23_24_phase_2_v1.0.xlsx,202306,202306,2023/24,NCD2324,NCDMI176,"Percentage of patients aged 25 to 84 years inclusive without established cardiovascular disease and with a last recorded CVD risk score (QRISK2 or 3) greater than 20 percent, who are currently treated with statins.",Cardiovascular Disease Prevention,MI
31bea1e4b0__NCDes_Data_Dictionary_23_24_phase_2_v1.0.xlsx,961872f067d3491195a13402942a0c2d65054005593f70cd547a1ce6aa5a33af,https://files.digital.nhs.uk/A3/AED51A/NCDes_Data_Dictionary_23_24_phase_2_v1.0.xlsx,202306,202306,2023/24,NCD2324,NCDMI177,"Percentage of patients on the QOF Asthma Register who received three or more inhaled corticosteroid (ICS, inclusive of ICS/LABA) prescriptions over the previous 12 months.",Respiratory Care,MI
31bea1e4b0__NCDes_Data_Dictionary_23_24_phase_2_v1.0.xlsx,961872f067d3491195a13402942a0c2d65054005593f70cd547a1ce6aa5a33af,https://files.digital.nhs.uk/A3/AED51A/NCDes_Data_Dictionary_23_24_phase_2_v1.0.xlsx,202306,202306,2023/24,NCD2324,NCDMI178,Percentage of patients on the QOF asthma register who received 6 or more Short Acting Beta-2 Agonist (SABA) inhaler prescriptions over the previous 12 months.,Respiratory Care,MI
31bea1e4b0__NCDes_Data_Dictionary_23_24_phase_2_v1.0.xlsx,961872f067d3491195a13402942a0c2d65054005593f70cd547a1ce6aa5a33af,https://files.digital.nhs.uk/A3/AED51A/NCDes_Data_Dictionary_23_24_phase_2_v1.0.xlsx,202306,202306,2023/24,NCD2324,NCDMI180,Percentage of patients at risk of harm due to medication errors who received a Structured Medication Review.,Structured Medication Reviews & Medicines Optimisation,MI
31bea1e4b0__NCDes_Data_Dictionary_23_24_phase_2_v1.0.xlsx,961872f067d3491195a13402942a0c2d65054005593f70cd547a1ce6aa5a33af,https://files.digital.nhs.uk/A3/AED51A/NCDes_Data_Dictionary_23_24_phase_2_v1.0.xlsx,202306,202306,2023/24,NCD2324,NCDMI181,Percentage of patients living with severe frailty who received a Structured Medication Review.,Structured Medication Reviews & Medicines Optimisation,MI
31bea1e4b0__NCDes_Data_Dictionary_23_24_phase_2_v1.0.xlsx,961872f067d3491195a13402942a0c2d65054005593f70cd547a1ce6aa5a33af,https://files.digital.nhs.uk/A3/AED51A/NCDes_Data_Dictionary_23_24_phase_2_v1.0.xlsx,202306,202306,2023/24,NCD2324,NCDMI182,"Percentage of patients on the QOF Learning Disability register aged 14 years or over, who received an annual Learning Disability Health Check and a completed Health Action Plan.",Tackling Health Inequalities,MI
31bea1e4b0__NCDes_Data_Dictionary_23_24_phase_2_v1.0.xlsx,961872f067d3491195a13402942a0c2d65054005593f70cd547a1ce6aa5a33af,https://files.digital.nhs.uk/A3/AED51A/NCDes_Data_Dictionary_23_24_phase_2_v1.0.xlsx,202306,202306,2023/24,NCD2324,NCDMI188,Percentage of patients using potentially addictive medicines who received a Structured Medication Review.,Structured Medication Reviews & Medicines Optimisation,MI
31bea1e4b0__NCDes_Data_Dictionary_23_24_phase_2_v1.0.xlsx,961872f067d3491195a13402942a0c2d65054005593f70cd547a1ce6aa5a33af,https://files.digital.nhs.uk/A3/AED51A/NCDes_Data_Dictionary_23_24_phase_2_v1.0.xlsx,202306,202306,2023/24,NCD2324,NCDMI189,"Percentage of permanent care home residents aged 18 years or over, who received a Structured Medication Review.",Structured Medication Reviews & Medicines Optimisation,MI
31bea1e4b0__NCDes_Data_Dictionary_23_24_phase_2_v1.0.xlsx,961872f067d3491195a13402942a0c2d65054005593f70cd547a1ce6aa5a33af,https://files.digital.nhs.uk/A3/AED51A/NCDes_Data_Dictionary_23_24_phase_2_v1.0.xlsx,202306,202306,2023/24,NCD2324,NCDMI198,Mean number of patient contacts as part of weekly care home round per care home resident aged 18 years and over.,Enhanced Health in Care Homes,MI
31bea1e4b0__NCDes_Data_Dictionary_23_24_phase_2_v1.0.xlsx,961872f067d3491195a13402942a0c2d65054005593f70cd547a1ce6aa5a33af,https://files.digital.nhs.uk/A3/AED51A/NCDes_Data_Dictionary_23_24_phase_2_v1.0.xlsx,202306,202306,2023/24,NCD2324,NCDMI199,"Percentage of patients aged 65 years or over, who received a seasonal influenza vaccination between 1 September and 31 March.",Vaccination & Immunisation,MI
31bea1e4b0__NCDes_Data_Dictionary_23_24_phase_2_v1.0.xlsx,961872f067d3491195a13402942a0c2d65054005593f70cd547a1ce6aa5a33af,https://files.digital.nhs.uk/A3/AED51A/NCDes_Data_Dictionary_23_24_phase_2_v1.0.xlsx,202306,202306,2023/24,NCD2324,NCDMI200,Percentage of registered patients with a recording of ethnicity.,Tackling Health Inequalities,MI
31bea1e4b0__NCDes_Data_Dictionary_23_24_phase_2_v1.0.xlsx,961872f067d3491195a13402942a0c2d65054005593f70cd547a1ce6aa5a33af,https://files.digital.nhs.uk/A3/AED51A/NCDes_Data_Dictionary_23_24_phase_2_v1.0.xlsx,202306,202306,2023/24,NCD2324,NCDMI205,"Percentage of patients on the QOF Coronary Heart Disease, Peripheral Arterial Disease, or Stroke/TIA Register, who have a recording of non-HDL cholesterol in the preceding 12 months that is lower than 2.5 mmol/L, or where non-HDL cholesterol is not recorded then  a recording of LDL cholesterol in the preceding 12 months that is lower than 1.8 mmol/L.",Cardiovascular Disease Prevention,MI
2ea73027fe__NCDes_Data_Dictionary_23_24_phase_2_v1.0.xlsx,437a621d39b9ffdc884153308514af8d2f57d23e8873849c4ad270df427a2a5a,https://files.digital.nhs.uk/03/49DC1C/NCDes_Data_Dictionary_23_24_phase_2_v1.0.xlsx,202307,202403,2023/24,NCD2324,NCD001,Percentage of registered patients referred to a social prescribing service.,Personalised Care,MI
2ea73027fe__NCDes_Data_Dictionary_23_24_phase_2_v1.0.xlsx,437a621d39b9ffdc884153308514af8d2f57d23e8873849c4ad270df427a2a5a,https://files.digital.nhs.uk/03/49DC1C/NCDes_Data_Dictionary_23_24_phase_2_v1.0.xlsx,202307,202403,2023/24,NCD2324,NCD003,Percentage of at-risk patients aged 18 to 64 years inclusive who received a seasonal influenza vaccination between 1 September and 31 March.,Vaccination & Immunisation,Payment
2ea73027fe__NCDes_Data_Dictionary_23_24_phase_2_v1.0.xlsx,437a621d39b9ffdc884153308514af8d2f57d23e8873849c4ad270df427a2a5a,https://files.digital.nhs.uk/03/49DC1C/NCDes_Data_Dictionary_23_24_phase_2_v1.0.xlsx,202307,202403,2023/24,NCD2324,NCD004,Percentage of patients aged two or three years on 31 August of the relevant financial year who received a seasonal influenza vaccination between 1 September and 31 March.,Vaccination & Immunisation,Payment
2ea73027fe__NCDes_Data_Dictionary_23_24_phase_2_v1.0.xlsx,437a621d39b9ffdc884153308514af8d2f57d23e8873849c4ad270df427a2a5a,https://files.digital.nhs.uk/03/49DC1C/NCDes_Data_Dictionary_23_24_phase_2_v1.0.xlsx,202307,202403,2023/24,NCD2324,NCD011,"Percentage of patients aged 18 years or over, not on the QOF Hypertension Register as of 31 March 2023, and who have (i) a last recorded blood pressure reading in the 3 years prior to 1 April 2023 >= 140/90mmHg (with the exception of patients whose first blood pressure reading >= 140/90mmHg in this period is on or after 1 October 2022) for whom there is evidence of clinically appropriate follow-up to confirm or exclude a diagnosis of hypertension by 31 March 2024 OR (ii) a blood pressure reading >= 140/90mmHg on or after 1 October 2022, for whom there is evidence of clinically appropriate follow-up to confirm or exclude a diagnosis of hypertension within 6 months of elevated reading.",Cardiovascular Disease Prevention,MI
2ea73027fe__NCDes_Data_Dictionary_23_24_phase_2_v1.0.xlsx,437a621d39b9ffdc884153308514af8d2f57d23e8873849c4ad270df427a2a5a,https://files.digital.nhs.uk/03/49DC1C/NCDes_Data_Dictionary_23_24_phase_2_v1.0.xlsx,202307,202403,2023/24,NCD2324,NCD012,"Number of patients aged 18 years or over and recorded as living in a care home, as a percentage of care home beds eligible to receive the Enhanced Health in Care Homes service",Enhanced Health in Care Homes,MI
2ea73027fe__NCDes_Data_Dictionary_23_24_phase_2_v1.0.xlsx,437a621d39b9ffdc884153308514af8d2f57d23e8873849c4ad270df427a2a5a,https://files.digital.nhs.uk/03/49DC1C/NCDes_Data_Dictionary_23_24_phase_2_v1.0.xlsx,202307,202403,2023/24,NCD2324,NCD014,Metered Dose Inhaler (MDI) prescriptions as a percentage of all non-salbutamol inhaler prescriptions issued to patients aged 12 years or over.,Environmental Sustainability,MI
2ea73027fe__NCDes_Data_Dictionary_23_24_phase_2_v1.0.xlsx,437a621d39b9ffdc884153308514af8d2f57d23e8873849c4ad270df427a2a5a,https://files.digital.nhs.uk/03/49DC1C/NCDes_Data_Dictionary_23_24_phase_2_v1.0.xlsx,202307,202403,2023/24,NCD2324,NCD018,"Percentage of care home residents aged 18 years or over, who had a Personalised Care and Support Plan agreed or reviewed.",Enhanced Health in Care Homes,MI
2ea73027fe__NCDes_Data_Dictionary_23_24_phase_2_v1.0.xlsx,437a621d39b9ffdc884153308514af8d2f57d23e8873849c4ad270df427a2a5a,https://files.digital.nhs.uk/03/49DC1C/NCDes_Data_Dictionary_23_24_phase_2_v1.0.xlsx,202307,202403,2023/24,NCD2324,NCD102,Percentage of patients aged 29 and under with a total cholesterol greater than 7.5mmol/L OR aged 30 and over with a total cholesterol greater than 9.0mmol/L who have been either: (i) diagnosed with secondary hyperlipidaemia; (ii) clinically assessed for familial hypercholesterolaemia; (iii) referred for assessment for familial hypercholesterolemia; or (iv) genetically diagnosed with familial hypercholesterolaemia.,Cardiovascular Disease Prevention,MI
2ea73027fe__NCDes_Data_Dictionary_23_24_phase_2_v1.0.xlsx,437a621d39b9ffdc884153308514af8d2f57d23e8873849c4ad270df427a2a5a,https://files.digital.nhs.uk/03/49DC1C/NCDes_Data_Dictionary_23_24_phase_2_v1.0.xlsx,202307,202403,2023/24,NCD2324,NCD107,"Percentage of patients aged 18 years or over prescribed both a Non-Steroidal Anti-Inflammatory Drug (NSAID) and an oral anticoagulant in the last 3 months of the previous financial year, who, in the three months to the end of the reporting period, were either (i) no longer prescribed an NSAID or (ii) prescribed a gastro-protective in addition to an NSAID.",Structured Medication Reviews & Medicines Optimisation,MI
2ea73027fe__NCDes_Data_Dictionary_23_24_phase_2_v1.0.xlsx,437a621d39b9ffdc884153308514af8d2f57d23e8873849c4ad270df427a2a5a,https://files.digital.nhs.uk/03/49DC1C/NCDes_Data_Dictionary_23_24_phase_2_v1.0.xlsx,202307,202403,2023/24,NCD2324,NCD108,"Percentage of patients aged 65 years or over prescribed a Non-Steroidal Anti-Inflammatory Drug (NSAID) and not an oral anticoagulant in the last 3 months of the previous financial year, who, in the three months to the end of the reporting period, were either (i) no longer prescribed an NSAID or (ii) prescribed a gastro-protective in addition to an NSAID.",Structured Medication Reviews & Medicines Optimisation,MI
2ea73027fe__NCDes_Data_Dictionary_23_24_phase_2_v1.0.xlsx,437a621d39b9ffdc884153308514af8d2f57d23e8873849c4ad270df427a2a5a,https://files.digital.nhs.uk/03/49DC1C/NCDes_Data_Dictionary_23_24_phase_2_v1.0.xlsx,202307,202403,2023/24,NCD2324,NCD109,"Percentage of patients aged 18 years or over prescribed both an oral anticoagulant and an anti-platelet in the last 3 months of the previous financial year, who, in the three months to the end of the reporting period, were either (i) no longer prescribed an anti-platelet or (ii) prescribed a gastro-protective in addition to an anti-platelet.",Structured Medication Reviews & Medicines Optimisation,MI
2ea73027fe__NCDes_Data_Dictionary_23_24_phase_2_v1.0.xlsx,437a621d39b9ffdc884153308514af8d2f57d23e8873849c4ad270df427a2a5a,https://files.digital.nhs.uk/03/49DC1C/NCDes_Data_Dictionary_23_24_phase_2_v1.0.xlsx,202307,202403,2023/24,NCD2324,NCD110,"Percentage of patients aged 18 years or over prescribed aspirin and another anti-platelet in the last 3 months of the previous financial year, who, in the three months to the end of the reporting period, were either (i) no longer prescribed aspirin and/or no longer prescribed an anti-platelet or (ii) prescribed a gastro-protective in addition to both aspirin and another anti-platelet.",Structured Medication Reviews & Medicines Optimisation,MI
2ea73027fe__NCDes_Data_Dictionary_23_24_phase_2_v1.0.xlsx,437a621d39b9ffdc884153308514af8d2f57d23e8873849c4ad270df427a2a5a,https://files.digital.nhs.uk/03/49DC1C/NCDes_Data_Dictionary_23_24_phase_2_v1.0.xlsx,202307,202403,2023/24,NCD2324,NCD111,"Percentage of patients prescribed a direct-acting oral anticoagulant, who received a renal function test and a recording of their weight and Creatinine Clearance Rate, along with a change or confirmation of their medication dose.",Structured Medication Reviews & Medicines Optimisation,MI
2ea73027fe__NCDes_Data_Dictionary_23_24_phase_2_v1.0.xlsx,437a621d39b9ffdc884153308514af8d2f57d23e8873849c4ad270df427a2a5a,https://files.digital.nhs.uk/03/49DC1C/NCDes_Data_Dictionary_23_24_phase_2_v1.0.xlsx,202307,202403,2023/24,NCD2324,NCD112,"Percentage of lower gastrointestinal two week wait (fast track) cancer referrals accompanied by a faecal immunochemical test result, with the result recorded either in the twenty-one days leading up to the referral, or in the fourteen days after the referral.",Cancer,MI
2ea73027fe__NCDes_Data_Dictionary_23_24_phase_2_v1.0.xlsx,437a621d39b9ffdc884153308514af8d2f57d23e8873849c4ad270df427a2a5a,https://files.digital.nhs.uk/03/49DC1C/NCDes_Data_Dictionary_23_24_phase_2_v1.0.xlsx,202307,202403,2023/24,NCD2324,NCD113,Number of referrals to the Community Pharmacist Consultation Service per registered patient,Access,MI
2ea73027fe__NCDes_Data_Dictionary_23_24_phase_2_v1.0.xlsx,437a621d39b9ffdc884153308514af8d2f57d23e8873849c4ad270df427a2a5a,https://files.digital.nhs.uk/03/49DC1C/NCDes_Data_Dictionary_23_24_phase_2_v1.0.xlsx,202307,202403,2023/24,NCD2324,NCD117,"Percentage of men aged 50 years or over and women aged 55 years or over, without established Cardiovascular Disease and not on lipid lowering therapy, who have a QRISK score recorded on their GP record in the preceding five years and who have a recording of cholesterol levels, blood pressure and smoking status in the 12 months preceding recording of the most recent QRISK score",Cardiovascular Disease Prevention,MI
2ea73027fe__NCDes_Data_Dictionary_23_24_phase_2_v1.0.xlsx,437a621d39b9ffdc884153308514af8d2f57d23e8873849c4ad270df427a2a5a,https://files.digital.nhs.uk/03/49DC1C/NCDes_Data_Dictionary_23_24_phase_2_v1.0.xlsx,202307,202403,2023/24,NCD2324,NCD120,"Percentage of patients on the QOF Learning Disability register aged 14 or over, who received an annual Learning Disability Health Check and have a completed Health Action Plan, in addition to a recording of ethnicity.",Tackling Health Inequalities,Payment
2ea73027fe__NCDes_Data_Dictionary_23_24_phase_2_v1.0.xlsx,437a621d39b9ffdc884153308514af8d2f57d23e8873849c4ad270df427a2a5a,https://files.digital.nhs.uk/03/49DC1C/NCDes_Data_Dictionary_23_24_phase_2_v1.0.xlsx,202307,202403,2023/24,NCD2324,NCD121,"Percentage of patients aged 25 to 84 years inclusive without established cardiovascular disease or diabetes and with a last recorded CVD risk score (QRISK2 or 3) greater than 20 percent, who are currently treated with statins, or where a statin is declined or clinically unsuitable, another lipid-lowering therapy.",Cardiovascular Disease Prevention,MI
2ea73027fe__NCDes_Data_Dictionary_23_24_phase_2_v1.0.xlsx,437a621d39b9ffdc884153308514af8d2f57d23e8873849c4ad270df427a2a5a,https://files.digital.nhs.uk/03/49DC1C/NCDes_Data_Dictionary_23_24_phase_2_v1.0.xlsx,202307,202403,2023/24,NCD2324,NCD123,"Percentage of lower gastrointestinal two week wait (fast track) cancer referrals accompanied by a faecal immunochemical test result, with the result recorded in the twenty-one days leading up to the referral.",Cancer,Payment
2ea73027fe__NCDes_Data_Dictionary_23_24_phase_2_v1.0.xlsx,437a621d39b9ffdc884153308514af8d2f57d23e8873849c4ad270df427a2a5a,https://files.digital.nhs.uk/03/49DC1C/NCDes_Data_Dictionary_23_24_phase_2_v1.0.xlsx,202307,202403,2023/24,NCD2324,NCDMI001,Percentage of registered patients who had a Personalised Care and Support Plan agreed.,Personalised Care,MI
2ea73027fe__NCDes_Data_Dictionary_23_24_phase_2_v1.0.xlsx,437a621d39b9ffdc884153308514af8d2f57d23e8873849c4ad270df427a2a5a,https://files.digital.nhs.uk/03/49DC1C/NCDes_Data_Dictionary_23_24_phase_2_v1.0.xlsx,202307,202403,2023/24,NCD2324,NCDMI002,Percentage of registered patients who had a Personalised Care and Support Plan reviewed.,Personalised Care,MI
2ea73027fe__NCDes_Data_Dictionary_23_24_phase_2_v1.0.xlsx,437a621d39b9ffdc884153308514af8d2f57d23e8873849c4ad270df427a2a5a,https://files.digital.nhs.uk/03/49DC1C/NCDes_Data_Dictionary_23_24_phase_2_v1.0.xlsx,202307,202403,2023/24,NCD2324,NCDMI003,Percentage of registered patients whose care has been discussed as part of a shared decision-making process.,Personalised Care,MI
2ea73027fe__NCDes_Data_Dictionary_23_24_phase_2_v1.0.xlsx,437a621d39b9ffdc884153308514af8d2f57d23e8873849c4ad270df427a2a5a,https://files.digital.nhs.uk/03/49DC1C/NCDes_Data_Dictionary_23_24_phase_2_v1.0.xlsx,202307,202403,2023/24,NCD2324,NCDMI010,"Percentage of permanent care home residents aged 18 years or over, and recorded as experiencing acute confusion, who received a delirium assessment.",Enhanced Health in Care Homes,MI
2ea73027fe__NCDes_Data_Dictionary_23_24_phase_2_v1.0.xlsx,437a621d39b9ffdc884153308514af8d2f57d23e8873849c4ad270df427a2a5a,https://files.digital.nhs.uk/03/49DC1C/NCDes_Data_Dictionary_23_24_phase_2_v1.0.xlsx,202307,202403,2023/24,NCD2324,NCDMI023,Percentage of patients who were placed on an urgent referral pathway for suspected cancer.,Early Cancer Diagnosis,MI
2ea73027fe__NCDes_Data_Dictionary_23_24_phase_2_v1.0.xlsx,437a621d39b9ffdc884153308514af8d2f57d23e8873849c4ad270df427a2a5a,https://files.digital.nhs.uk/03/49DC1C/NCDes_Data_Dictionary_23_24_phase_2_v1.0.xlsx,202307,202403,2023/24,NCD2324,NCDMI024,Percentage of patients placed on an urgent referral pathway for suspected cancer where safety netting was recorded.,Early Cancer Diagnosis,MI
2ea73027fe__NCDes_Data_Dictionary_23_24_phase_2_v1.0.xlsx,437a621d39b9ffdc884153308514af8d2f57d23e8873849c4ad270df427a2a5a,https://files.digital.nhs.uk/03/49DC1C/NCDes_Data_Dictionary_23_24_phase_2_v1.0.xlsx,202307,202403,2023/24,NCD2324,NCDMI025,Percentage of patients in long stay residential or homes who received a seasonal influenza vaccination between 1 September and 31 March.,Vaccination & Immunisation,MI
2ea73027fe__NCDes_Data_Dictionary_23_24_phase_2_v1.0.xlsx,437a621d39b9ffdc884153308514af8d2f57d23e8873849c4ad270df427a2a5a,https://files.digital.nhs.uk/03/49DC1C/NCDes_Data_Dictionary_23_24_phase_2_v1.0.xlsx,202307,202403,2023/24,NCD2324,NCDMI026,Percentage of patients on the Learning Disability register aged 18 years or over who received a seasonal influenza vaccination between 1 September and 31 March.,Vaccination & Immunisation,MI
2ea73027fe__NCDes_Data_Dictionary_23_24_phase_2_v1.0.xlsx,437a621d39b9ffdc884153308514af8d2f57d23e8873849c4ad270df427a2a5a,https://files.digital.nhs.uk/03/49DC1C/NCDes_Data_Dictionary_23_24_phase_2_v1.0.xlsx,202307,202403,2023/24,NCD2324,NCDMI027,"Percentage of patients on the QOF Mental Health register for schizophrenia, bipolar affective disorder and other psychoses and either aged 65 years or over, or aged between 18 and 64 years inclusive and in a clinical at-risk group, who received a seasonal influenza vaccination between 1 September and 31 March.",Vaccination & Immunisation,MI
2ea73027fe__NCDes_Data_Dictionary_23_24_phase_2_v1.0.xlsx,437a621d39b9ffdc884153308514af8d2f57d23e8873849c4ad270df427a2a5a,https://files.digital.nhs.uk/03/49DC1C/NCDes_Data_Dictionary_23_24_phase_2_v1.0.xlsx,202307,202403,2023/24,NCD2324,NCDMI028,Percentage of patients aged 14 years or over and on the QOF Learning Disability Register who received a Learning Disability Annual Health Check.,Tackling Health Inequalities,MI
2ea73027fe__NCDes_Data_Dictionary_23_24_phase_2_v1.0.xlsx,437a621d39b9ffdc884153308514af8d2f57d23e8873849c4ad270df427a2a5a,https://files.digital.nhs.uk/03/49DC1C/NCDes_Data_Dictionary_23_24_phase_2_v1.0.xlsx,202307,202403,2023/24,NCD2324,NCDMI060,Percentage of registered patients who were given the opportunity to state their ethnicity but chose not to.,Tackling Health Inequalities,MI
2ea73027fe__NCDes_Data_Dictionary_23_24_phase_2_v1.0.xlsx,437a621d39b9ffdc884153308514af8d2f57d23e8873849c4ad270df427a2a5a,https://files.digital.nhs.uk/03/49DC1C/NCDes_Data_Dictionary_23_24_phase_2_v1.0.xlsx,202307,202403,2023/24,NCD2324,NCDMI061,"Percentage of patients aged 25 to 84 years inclusive and with a last recorded CVD risk score (QRISK2 or 3) greater than or equal to 10 percent, who are currently treated with statins.",Cardiovascular Disease Prevention,MI
2ea73027fe__NCDes_Data_Dictionary_23_24_phase_2_v1.0.xlsx,437a621d39b9ffdc884153308514af8d2f57d23e8873849c4ad270df427a2a5a,https://files.digital.nhs.uk/03/49DC1C/NCDes_Data_Dictionary_23_24_phase_2_v1.0.xlsx,202307,202403,2023/24,NCD2324,NCDMI063,Percentage of registered patients currently being seen by a social prescribing service.,Personalised Care,MI
2ea73027fe__NCDes_Data_Dictionary_23_24_phase_2_v1.0.xlsx,437a621d39b9ffdc884153308514af8d2f57d23e8873849c4ad270df427a2a5a,https://files.digital.nhs.uk/03/49DC1C/NCDes_Data_Dictionary_23_24_phase_2_v1.0.xlsx,202307,202403,2023/24,NCD2324,NCDMI064,"Percentage of patients with a long-term condition, whose care was discussed as part of a shared decision-making conversation.",Personalised Care,MI
2ea73027fe__NCDes_Data_Dictionary_23_24_phase_2_v1.0.xlsx,437a621d39b9ffdc884153308514af8d2f57d23e8873849c4ad270df427a2a5a,https://files.digital.nhs.uk/03/49DC1C/NCDes_Data_Dictionary_23_24_phase_2_v1.0.xlsx,202307,202403,2023/24,NCD2324,NCDMI068,Mean number of structured medication reviews undertaken per registered patient.,Structured Medication Reviews & Medicines Optimisation,MI
2ea73027fe__NCDes_Data_Dictionary_23_24_phase_2_v1.0.xlsx,437a621d39b9ffdc884153308514af8d2f57d23e8873849c4ad270df427a2a5a,https://files.digital.nhs.uk/03/49DC1C/NCDes_Data_Dictionary_23_24_phase_2_v1.0.xlsx,202307,202403,2023/24,NCD2324,NCDMI074,Percentage of registered patients prescribed opioids.,Structured Medication Reviews & Medicines Optimisation,MI
2ea73027fe__NCDes_Data_Dictionary_23_24_phase_2_v1.0.xlsx,437a621d39b9ffdc884153308514af8d2f57d23e8873849c4ad270df427a2a5a,https://files.digital.nhs.uk/03/49DC1C/NCDes_Data_Dictionary_23_24_phase_2_v1.0.xlsx,202307,202403,2023/24,NCD2324,NCDMI075,Percentage of registered patients prescribed antimicrobials.,Structured Medication Reviews & Medicines Optimisation,MI
2ea73027fe__NCDes_Data_Dictionary_23_24_phase_2_v1.0.xlsx,437a621d39b9ffdc884153308514af8d2f57d23e8873849c4ad270df427a2a5a,https://files.digital.nhs.uk/03/49DC1C/NCDes_Data_Dictionary_23_24_phase_2_v1.0.xlsx,202307,202403,2023/24,NCD2324,NCDMI076,Percentage of registered patients prescribed benzodiazepines.,Structured Medication Reviews & Medicines Optimisation,MI
2ea73027fe__NCDes_Data_Dictionary_23_24_phase_2_v1.0.xlsx,437a621d39b9ffdc884153308514af8d2f57d23e8873849c4ad270df427a2a5a,https://files.digital.nhs.uk/03/49DC1C/NCDes_Data_Dictionary_23_24_phase_2_v1.0.xlsx,202307,202403,2023/24,NCD2324,NCDMI089,Percentage of salbutamol inhaler prescriptions that are lower carbon.,Environmental Sustainability,MI
2ea73027fe__NCDes_Data_Dictionary_23_24_phase_2_v1.0.xlsx,437a621d39b9ffdc884153308514af8d2f57d23e8873849c4ad270df427a2a5a,https://files.digital.nhs.uk/03/49DC1C/NCDes_Data_Dictionary_23_24_phase_2_v1.0.xlsx,202307,202403,2023/24,NCD2324,NCDMI101,"Percentage of patients aged 65 years or over and who received a blood pressure check, who received a pulse check",Cardiovascular Disease Prevention,MI
2ea73027fe__NCDes_Data_Dictionary_23_24_phase_2_v1.0.xlsx,437a621d39b9ffdc884153308514af8d2f57d23e8873849c4ad270df427a2a5a,https://files.digital.nhs.uk/03/49DC1C/NCDes_Data_Dictionary_23_24_phase_2_v1.0.xlsx,202307,202403,2023/24,NCD2324,NCDMI102,"Percentage of patients aged 18 years or over with an observation indicating suspected atrial fibrillation recorded during the financial year (including presentations of breathlessness, palpitations, syncope or dizziness, or chest discomfort) who received a pulse check.",Cardiovascular Disease Prevention,MI
2ea73027fe__NCDes_Data_Dictionary_23_24_phase_2_v1.0.xlsx,437a621d39b9ffdc884153308514af8d2f57d23e8873849c4ad270df427a2a5a,https://files.digital.nhs.uk/03/49DC1C/NCDes_Data_Dictionary_23_24_phase_2_v1.0.xlsx,202307,202403,2023/24,NCD2324,NCDMI103,Percentage of patients aged 65 years or over and with an irregular pulse who either received an electrocardiogram or were referred for an electrocardiogram.,Cardiovascular Disease Prevention,MI
2ea73027fe__NCDes_Data_Dictionary_23_24_phase_2_v1.0.xlsx,437a621d39b9ffdc884153308514af8d2f57d23e8873849c4ad270df427a2a5a,https://files.digital.nhs.uk/03/49DC1C/NCDes_Data_Dictionary_23_24_phase_2_v1.0.xlsx,202307,202403,2023/24,NCD2324,NCDMI105,Number of Social Prescribing Link Worker consultations per patient currently being seen by a social prescribing service.,Personalised Care,MI
2ea73027fe__NCDes_Data_Dictionary_23_24_phase_2_v1.0.xlsx,437a621d39b9ffdc884153308514af8d2f57d23e8873849c4ad270df427a2a5a,https://files.digital.nhs.uk/03/49DC1C/NCDes_Data_Dictionary_23_24_phase_2_v1.0.xlsx,202307,202403,2023/24,NCD2324,NCDMI106,Number of General Practitioner consultations per patient currently being seen by a social prescribing service.,Personalised Care,MI
2ea73027fe__NCDes_Data_Dictionary_23_24_phase_2_v1.0.xlsx,437a621d39b9ffdc884153308514af8d2f57d23e8873849c4ad270df427a2a5a,https://files.digital.nhs.uk/03/49DC1C/NCDes_Data_Dictionary_23_24_phase_2_v1.0.xlsx,202307,202403,2023/24,NCD2324,NCDMI107,Percentage of patients currently being seen by a social prescribing service who received at least one consultation with a Social Prescribing Link Worker.,Personalised Care,MI
2ea73027fe__NCDes_Data_Dictionary_23_24_phase_2_v1.0.xlsx,437a621d39b9ffdc884153308514af8d2f57d23e8873849c4ad270df427a2a5a,https://files.digital.nhs.uk/03/49DC1C/NCDes_Data_Dictionary_23_24_phase_2_v1.0.xlsx,202307,202403,2023/24,NCD2324,NCDMI108,Number of General Practitioner consultations per registered patient.,Personalised Care,MI
2ea73027fe__NCDes_Data_Dictionary_23_24_phase_2_v1.0.xlsx,437a621d39b9ffdc884153308514af8d2f57d23e8873849c4ad270df427a2a5a,https://files.digital.nhs.uk/03/49DC1C/NCDes_Data_Dictionary_23_24_phase_2_v1.0.xlsx,202307,202403,2023/24,NCD2324,NCDMI109,Number of consultations per patient currently being seen by a social prescribing service.,Personalised Care,MI
2ea73027fe__NCDes_Data_Dictionary_23_24_phase_2_v1.0.xlsx,437a621d39b9ffdc884153308514af8d2f57d23e8873849c4ad270df427a2a5a,https://files.digital.nhs.uk/03/49DC1C/NCDes_Data_Dictionary_23_24_phase_2_v1.0.xlsx,202307,202403,2023/24,NCD2324,NCDMI110,Number of consultations per registered patient.,Personalised Care,MI
2ea73027fe__NCDes_Data_Dictionary_23_24_phase_2_v1.0.xlsx,437a621d39b9ffdc884153308514af8d2f57d23e8873849c4ad270df427a2a5a,https://files.digital.nhs.uk/03/49DC1C/NCDes_Data_Dictionary_23_24_phase_2_v1.0.xlsx,202307,202403,2023/24,NCD2324,NCDMI112,Percentage of care home residents aged 18 years or over on the QOF Dementia Register.,Enhanced Health in Care Homes,MI
2ea73027fe__NCDes_Data_Dictionary_23_24_phase_2_v1.0.xlsx,437a621d39b9ffdc884153308514af8d2f57d23e8873849c4ad270df427a2a5a,https://files.digital.nhs.uk/03/49DC1C/NCDes_Data_Dictionary_23_24_phase_2_v1.0.xlsx,202307,202403,2023/24,NCD2324,NCDMI113,Percentage of permanent care home residents aged 18 years or over with a preferred place of death recorded.,Enhanced Health in Care Homes,MI
2ea73027fe__NCDes_Data_Dictionary_23_24_phase_2_v1.0.xlsx,437a621d39b9ffdc884153308514af8d2f57d23e8873849c4ad270df427a2a5a,https://files.digital.nhs.uk/03/49DC1C/NCDes_Data_Dictionary_23_24_phase_2_v1.0.xlsx,202307,202403,2023/24,NCD2324,NCDMI114,Mean number of Multidisciplinary Team meetings per care home resident aged 18 years or over.,Enhanced Health in Care Homes,MI
2ea73027fe__NCDes_Data_Dictionary_23_24_phase_2_v1.0.xlsx,437a621d39b9ffdc884153308514af8d2f57d23e8873849c4ad270df427a2a5a,https://files.digital.nhs.uk/03/49DC1C/NCDes_Data_Dictionary_23_24_phase_2_v1.0.xlsx,202307,202403,2023/24,NCD2324,NCDMI116,"Percentage of patients aged 65 years or over prescribed an oral non-steroidal anti-inflammatory drug (NSAID), who were not prescribed a gastro-protective",Structured Medication Reviews & Medicines Optimisation,MI
2ea73027fe__NCDes_Data_Dictionary_23_24_phase_2_v1.0.xlsx,437a621d39b9ffdc884153308514af8d2f57d23e8873849c4ad270df427a2a5a,https://files.digital.nhs.uk/03/49DC1C/NCDes_Data_Dictionary_23_24_phase_2_v1.0.xlsx,202307,202403,2023/24,NCD2324,NCDMI117,"Percentage of patients aged 18 years or over with a history of peptic ulceration and prescribed an oral non-steroidal anti-inflammatory drug (NSAID), who were not prescribed a gastro-protective.",Structured Medication Reviews & Medicines Optimisation,MI
2ea73027fe__NCDes_Data_Dictionary_23_24_phase_2_v1.0.xlsx,437a621d39b9ffdc884153308514af8d2f57d23e8873849c4ad270df427a2a5a,https://files.digital.nhs.uk/03/49DC1C/NCDes_Data_Dictionary_23_24_phase_2_v1.0.xlsx,202307,202403,2023/24,NCD2324,NCDMI118,"Percentage of patients aged 18 years or over with a history of peptic ulceration and prescribed an anti-platelet, who were not prescribed a gastro-protective",Structured Medication Reviews & Medicines Optimisation,MI
2ea73027fe__NCDes_Data_Dictionary_23_24_phase_2_v1.0.xlsx,437a621d39b9ffdc884153308514af8d2f57d23e8873849c4ad270df427a2a5a,https://files.digital.nhs.uk/03/49DC1C/NCDes_Data_Dictionary_23_24_phase_2_v1.0.xlsx,202307,202403,2023/24,NCD2324,NCDMI119,"Percentage of patients aged 18 years or over prescribed an oral anticoagulant, who were prescribed an oral NSAID.",Structured Medication Reviews & Medicines Optimisation,MI
2ea73027fe__NCDes_Data_Dictionary_23_24_phase_2_v1.0.xlsx,437a621d39b9ffdc884153308514af8d2f57d23e8873849c4ad270df427a2a5a,https://files.digital.nhs.uk/03/49DC1C/NCDes_Data_Dictionary_23_24_phase_2_v1.0.xlsx,202307,202403,2023/24,NCD2324,NCDMI120,"Percentage of patients aged 18 years or over prescribed an oral anticoagulant and an anti-platelet, who were not prescribed a gastro-protective.",Structured Medication Reviews & Medicines Optimisation,MI
2ea73027fe__NCDes_Data_Dictionary_23_24_phase_2_v1.0.xlsx,437a621d39b9ffdc884153308514af8d2f57d23e8873849c4ad270df427a2a5a,https://files.digital.nhs.uk/03/49DC1C/NCDes_Data_Dictionary_23_24_phase_2_v1.0.xlsx,202307,202403,2023/24,NCD2324,NCDMI121,"Percentage of patients aged 18 years or over prescribed aspirin and another anti-platelet, who were not prescribed a gastro-protective.",Structured Medication Reviews & Medicines Optimisation,MI
2ea73027fe__NCDes_Data_Dictionary_23_24_phase_2_v1.0.xlsx,437a621d39b9ffdc884153308514af8d2f57d23e8873849c4ad270df427a2a5a,https://files.digital.nhs.uk/03/49DC1C/NCDes_Data_Dictionary_23_24_phase_2_v1.0.xlsx,202307,202403,2023/24,NCD2324,NCDMI122,Percentage of patients aged 18 years or over with heart failure who were prescribed an oral non-steroidal anti-inflammatory drug (NSAID).,Structured Medication Reviews & Medicines Optimisation,MI
2ea73027fe__NCDes_Data_Dictionary_23_24_phase_2_v1.0.xlsx,437a621d39b9ffdc884153308514af8d2f57d23e8873849c4ad270df427a2a5a,https://files.digital.nhs.uk/03/49DC1C/NCDes_Data_Dictionary_23_24_phase_2_v1.0.xlsx,202307,202403,2023/24,NCD2324,NCDMI123,Percentage of patients aged 18 years or over with an eGFR less than 45 who were prescribed an oral non-steroidal anti-inflammatory drug (NSAID).,Structured Medication Reviews & Medicines Optimisation,MI
2ea73027fe__NCDes_Data_Dictionary_23_24_phase_2_v1.0.xlsx,437a621d39b9ffdc884153308514af8d2f57d23e8873849c4ad270df427a2a5a,https://files.digital.nhs.uk/03/49DC1C/NCDes_Data_Dictionary_23_24_phase_2_v1.0.xlsx,202307,202403,2023/24,NCD2324,NCDMI124,Percentage of patients aged 18 years or over with an unresolved asthma diagnosis who were prescribed a non-selective beta-blocker.,Structured Medication Reviews & Medicines Optimisation,MI
2ea73027fe__NCDes_Data_Dictionary_23_24_phase_2_v1.0.xlsx,437a621d39b9ffdc884153308514af8d2f57d23e8873849c4ad270df427a2a5a,https://files.digital.nhs.uk/03/49DC1C/NCDes_Data_Dictionary_23_24_phase_2_v1.0.xlsx,202307,202403,2023/24,NCD2324,NCDMI125,Percentage of registered patients under the care of Anticipatory Care service,Anticipatory Care,MI
2ea73027fe__NCDes_Data_Dictionary_23_24_phase_2_v1.0.xlsx,437a621d39b9ffdc884153308514af8d2f57d23e8873849c4ad270df427a2a5a,https://files.digital.nhs.uk/03/49DC1C/NCDes_Data_Dictionary_23_24_phase_2_v1.0.xlsx,202307,202403,2023/24,NCD2324,NCDMI126,Percentage of registered patients who declined an offer of Anticipatory Care,Anticipatory Care,MI
2ea73027fe__NCDes_Data_Dictionary_23_24_phase_2_v1.0.xlsx,437a621d39b9ffdc884153308514af8d2f57d23e8873849c4ad270df427a2a5a,https://files.digital.nhs.uk/03/49DC1C/NCDes_Data_Dictionary_23_24_phase_2_v1.0.xlsx,202307,202403,2023/24,NCD2324,NCDMI127,Percentage of registered patients discharged from Anticipatory Care service,Anticipatory Care,MI
2ea73027fe__NCDes_Data_Dictionary_23_24_phase_2_v1.0.xlsx,437a621d39b9ffdc884153308514af8d2f57d23e8873849c4ad270df427a2a5a,https://files.digital.nhs.uk/03/49DC1C/NCDes_Data_Dictionary_23_24_phase_2_v1.0.xlsx,202307,202403,2023/24,NCD2324,NCDMI129,Percentage of at-risk patients recorded as being from an ethnic minority and aged 18 to 64 years inclusive who received a seasonal influenza vaccination between 1 September and 31 March,Tackling Health Inequalities,MI
2ea73027fe__NCDes_Data_Dictionary_23_24_phase_2_v1.0.xlsx,437a621d39b9ffdc884153308514af8d2f57d23e8873849c4ad270df427a2a5a,https://files.digital.nhs.uk/03/49DC1C/NCDes_Data_Dictionary_23_24_phase_2_v1.0.xlsx,202307,202403,2023/24,NCD2324,NCDMI130,Percentage of patients aged 16 years or over who have received a second dose of a Covid 19 vaccination,Tackling Health Inequalities,MI
2ea73027fe__NCDes_Data_Dictionary_23_24_phase_2_v1.0.xlsx,437a621d39b9ffdc884153308514af8d2f57d23e8873849c4ad270df427a2a5a,https://files.digital.nhs.uk/03/49DC1C/NCDes_Data_Dictionary_23_24_phase_2_v1.0.xlsx,202307,202403,2023/24,NCD2324,NCDMI131,Percentage of patients aged 16 years or over and recorded as being from an ethnic minority who have received a second dose of a Covid 19 vaccination,Tackling Health Inequalities,MI
2ea73027fe__NCDes_Data_Dictionary_23_24_phase_2_v1.0.xlsx,437a621d39b9ffdc884153308514af8d2f57d23e8873849c4ad270df427a2a5a,https://files.digital.nhs.uk/03/49DC1C/NCDes_Data_Dictionary_23_24_phase_2_v1.0.xlsx,202307,202403,2023/24,NCD2324,NCDMI132,"Percentage of patients aged 18 years or over, recorded as being from an ethnic minority, not on the QOF Hypertension Register as of 31 March 2023, and who have (i) a last recorded blood pressure reading in the 3 years prior to 1 April 2023 >= 140/90 mmHg (with the exception of patients whose first blood pressure reading >= 140/90 mmHg in this period is on or after 1 October 2022) for whom there is evidence of clinically appropriate follow-up to confirm or exclude a diagnosis of hypertension by 31 March 2024 OR (ii) a blood pressure reading >= 140/90mmHg on or after 1 October 2022, for whom there is evidence of clinically appropriate follow-up to confirm or exclude a diagnosis of hypertension within 6 months of elevated reading.",Tackling Health Inequalities,MI
2ea73027fe__NCDes_Data_Dictionary_23_24_phase_2_v1.0.xlsx,437a621d39b9ffdc884153308514af8d2f57d23e8873849c4ad270df427a2a5a,https://files.digital.nhs.uk/03/49DC1C/NCDes_Data_Dictionary_23_24_phase_2_v1.0.xlsx,202307,202403,2023/24,NCD2324,NCDMI133,Percentage of patients aged 45 or over and recorded as being from an ethnic minority who have a record of blood pressure in the preceding 5 years,Tackling Health Inequalities,MI
2ea73027fe__NCDes_Data_Dictionary_23_24_phase_2_v1.0.xlsx,437a621d39b9ffdc884153308514af8d2f57d23e8873849c4ad270df427a2a5a,https://files.digital.nhs.uk/03/49DC1C/NCDes_Data_Dictionary_23_24_phase_2_v1.0.xlsx,202307,202403,2023/24,NCD2324,NCDMI134,"Percentage of patients with schizophrenia, bipolar affective disorder and other psychoses who received all six elements of the Physical Health Check for people with Severe Mental Illness.",Tackling Health Inequalities,MI
2ea73027fe__NCDes_Data_Dictionary_23_24_phase_2_v1.0.xlsx,437a621d39b9ffdc884153308514af8d2f57d23e8873849c4ad270df427a2a5a,https://files.digital.nhs.uk/03/49DC1C/NCDes_Data_Dictionary_23_24_phase_2_v1.0.xlsx,202307,202403,2023/24,NCD2324,NCDMI135,"Percentage of patients with schizophrenia, bipolar affective disorder and other psychoses and recorded as being from an ethnic minority who received all six elements of the Physical Health Check for people with Severe Mental Illness",Tackling Health Inequalities,MI
2ea73027fe__NCDes_Data_Dictionary_23_24_phase_2_v1.0.xlsx,437a621d39b9ffdc884153308514af8d2f57d23e8873849c4ad270df427a2a5a,https://files.digital.nhs.uk/03/49DC1C/NCDes_Data_Dictionary_23_24_phase_2_v1.0.xlsx,202307,202403,2023/24,NCD2324,NCDMI136,Number of registered patients with a Type 1 Opt Out,Tackling Health Inequalities,MI
2ea73027fe__NCDes_Data_Dictionary_23_24_phase_2_v1.0.xlsx,437a621d39b9ffdc884153308514af8d2f57d23e8873849c4ad270df427a2a5a,https://files.digital.nhs.uk/03/49DC1C/NCDes_Data_Dictionary_23_24_phase_2_v1.0.xlsx,202307,202403,2023/24,NCD2324,NCDMI137,Number of patients recorded as having a diagnosis of autism,Tackling Health Inequalities,MI
2ea73027fe__NCDes_Data_Dictionary_23_24_phase_2_v1.0.xlsx,437a621d39b9ffdc884153308514af8d2f57d23e8873849c4ad270df427a2a5a,https://files.digital.nhs.uk/03/49DC1C/NCDes_Data_Dictionary_23_24_phase_2_v1.0.xlsx,202307,202403,2023/24,NCD2324,NCDMI138,"Number of encounters with a Clinical Pharmacist, per registered patient.",Workforce,MI
2ea73027fe__NCDes_Data_Dictionary_23_24_phase_2_v1.0.xlsx,437a621d39b9ffdc884153308514af8d2f57d23e8873849c4ad270df427a2a5a,https://files.digital.nhs.uk/03/49DC1C/NCDes_Data_Dictionary_23_24_phase_2_v1.0.xlsx,202307,202403,2023/24,NCD2324,NCDMI139,Percentage of registered patients who had at least one encounter with a Clinical Pharmacist.,Workforce,MI
2ea73027fe__NCDes_Data_Dictionary_23_24_phase_2_v1.0.xlsx,437a621d39b9ffdc884153308514af8d2f57d23e8873849c4ad270df427a2a5a,https://files.digital.nhs.uk/03/49DC1C/NCDes_Data_Dictionary_23_24_phase_2_v1.0.xlsx,202307,202403,2023/24,NCD2324,NCDMI140,"Number of encounters with a First Contact Physiotherapist, per registered patient.",Workforce,MI
2ea73027fe__NCDes_Data_Dictionary_23_24_phase_2_v1.0.xlsx,437a621d39b9ffdc884153308514af8d2f57d23e8873849c4ad270df427a2a5a,https://files.digital.nhs.uk/03/49DC1C/NCDes_Data_Dictionary_23_24_phase_2_v1.0.xlsx,202307,202403,2023/24,NCD2324,NCDMI141,Percentage of registered patients who had at least one encounter with a First Contact Physiotherapist.,Workforce,MI
2ea73027fe__NCDes_Data_Dictionary_23_24_phase_2_v1.0.xlsx,437a621d39b9ffdc884153308514af8d2f57d23e8873849c4ad270df427a2a5a,https://files.digital.nhs.uk/03/49DC1C/NCDes_Data_Dictionary_23_24_phase_2_v1.0.xlsx,202307,202403,2023/24,NCD2324,NCDMI142,"Number of encounters with a Physician Associate, per registered patient.",Workforce,MI
2ea73027fe__NCDes_Data_Dictionary_23_24_phase_2_v1.0.xlsx,437a621d39b9ffdc884153308514af8d2f57d23e8873849c4ad270df427a2a5a,https://files.digital.nhs.uk/03/49DC1C/NCDes_Data_Dictionary_23_24_phase_2_v1.0.xlsx,202307,202403,2023/24,NCD2324,NCDMI143,Percentage of registered patients who had at least one encounter with a Physician Associate.,Workforce,MI
2ea73027fe__NCDes_Data_Dictionary_23_24_phase_2_v1.0.xlsx,437a621d39b9ffdc884153308514af8d2f57d23e8873849c4ad270df427a2a5a,https://files.digital.nhs.uk/03/49DC1C/NCDes_Data_Dictionary_23_24_phase_2_v1.0.xlsx,202307,202403,2023/24,NCD2324,NCDMI144,"Number of encounters with a Dietitian, per registered patient.",Workforce,MI
2ea73027fe__NCDes_Data_Dictionary_23_24_phase_2_v1.0.xlsx,437a621d39b9ffdc884153308514af8d2f57d23e8873849c4ad270df427a2a5a,https://files.digital.nhs.uk/03/49DC1C/NCDes_Data_Dictionary_23_24_phase_2_v1.0.xlsx,202307,202403,2023/24,NCD2324,NCDMI145,Percentage of registered patients who had at least one encounter with a Dietitian.,Workforce,MI
2ea73027fe__NCDes_Data_Dictionary_23_24_phase_2_v1.0.xlsx,437a621d39b9ffdc884153308514af8d2f57d23e8873849c4ad270df427a2a5a,https://files.digital.nhs.uk/03/49DC1C/NCDes_Data_Dictionary_23_24_phase_2_v1.0.xlsx,202307,202403,2023/24,NCD2324,NCDMI146,"Number of encounters with a Podiatrist, per registered patient.",Workforce,MI
2ea73027fe__NCDes_Data_Dictionary_23_24_phase_2_v1.0.xlsx,437a621d39b9ffdc884153308514af8d2f57d23e8873849c4ad270df427a2a5a,https://files.digital.nhs.uk/03/49DC1C/NCDes_Data_Dictionary_23_24_phase_2_v1.0.xlsx,202307,202403,2023/24,NCD2324,NCDMI147,Percentage of registered patients who had at least one encounter with a Podiatrist.,Workforce,MI
2ea73027fe__NCDes_Data_Dictionary_23_24_phase_2_v1.0.xlsx,437a621d39b9ffdc884153308514af8d2f57d23e8873849c4ad270df427a2a5a,https://files.digital.nhs.uk/03/49DC1C/NCDes_Data_Dictionary_23_24_phase_2_v1.0.xlsx,202307,202403,2023/24,NCD2324,NCDMI148,"Number of encounters with a Pharmacy Technician, per registered patient.",Workforce,MI
2ea73027fe__NCDes_Data_Dictionary_23_24_phase_2_v1.0.xlsx,437a621d39b9ffdc884153308514af8d2f57d23e8873849c4ad270df427a2a5a,https://files.digital.nhs.uk/03/49DC1C/NCDes_Data_Dictionary_23_24_phase_2_v1.0.xlsx,202307,202403,2023/24,NCD2324,NCDMI149,Percentage of registered patients who had at least one encounter with a Pharmacy Technician.,Workforce,MI
2ea73027fe__NCDes_Data_Dictionary_23_24_phase_2_v1.0.xlsx,437a621d39b9ffdc884153308514af8d2f57d23e8873849c4ad270df427a2a5a,https://files.digital.nhs.uk/03/49DC1C/NCDes_Data_Dictionary_23_24_phase_2_v1.0.xlsx,202307,202403,2023/24,NCD2324,NCDMI150,"Number of encounters with an Occupational Therapist, per registered patient.",Workforce,MI
2ea73027fe__NCDes_Data_Dictionary_23_24_phase_2_v1.0.xlsx,437a621d39b9ffdc884153308514af8d2f57d23e8873849c4ad270df427a2a5a,https://files.digital.nhs.uk/03/49DC1C/NCDes_Data_Dictionary_23_24_phase_2_v1.0.xlsx,202307,202403,2023/24,NCD2324,NCDMI151,Percentage of registered patients who had at least one encounter with an Occupational Therapist.,Workforce,MI
2ea73027fe__NCDes_Data_Dictionary_23_24_phase_2_v1.0.xlsx,437a621d39b9ffdc884153308514af8d2f57d23e8873849c4ad270df427a2a5a,https://files.digital.nhs.uk/03/49DC1C/NCDes_Data_Dictionary_23_24_phase_2_v1.0.xlsx,202307,202403,2023/24,NCD2324,NCDMI152,"Number of encounters with a Social Prescribing Link Worker, per registered patient.",Workforce,MI
2ea73027fe__NCDes_Data_Dictionary_23_24_phase_2_v1.0.xlsx,437a621d39b9ffdc884153308514af8d2f57d23e8873849c4ad270df427a2a5a,https://files.digital.nhs.uk/03/49DC1C/NCDes_Data_Dictionary_23_24_phase_2_v1.0.xlsx,202307,202403,2023/24,NCD2324,NCDMI153,Percentage of registered patients who had at least one encounter with a Social Prescribing Link Worker.,Workforce,MI
2ea73027fe__NCDes_Data_Dictionary_23_24_phase_2_v1.0.xlsx,437a621d39b9ffdc884153308514af8d2f57d23e8873849c4ad270df427a2a5a,https://files.digital.nhs.uk/03/49DC1C/NCDes_Data_Dictionary_23_24_phase_2_v1.0.xlsx,202307,202403,2023/24,NCD2324,NCDMI154,"Number of encounters with a Health and Wellbeing Coach, per registered patient.",Workforce,MI
2ea73027fe__NCDes_Data_Dictionary_23_24_phase_2_v1.0.xlsx,437a621d39b9ffdc884153308514af8d2f57d23e8873849c4ad270df427a2a5a,https://files.digital.nhs.uk/03/49DC1C/NCDes_Data_Dictionary_23_24_phase_2_v1.0.xlsx,202307,202403,2023/24,NCD2324,NCDMI155,Percentage of registered patients who had at least one encounter with a Health and Wellbeing Coach.,Workforce,MI
2ea73027fe__NCDes_Data_Dictionary_23_24_phase_2_v1.0.xlsx,437a621d39b9ffdc884153308514af8d2f57d23e8873849c4ad270df427a2a5a,https://files.digital.nhs.uk/03/49DC1C/NCDes_Data_Dictionary_23_24_phase_2_v1.0.xlsx,202307,202403,2023/24,NCD2324,NCDMI156,Number of encounters with a Care Coordinator per registered patient.,Workforce,MI
2ea73027fe__NCDes_Data_Dictionary_23_24_phase_2_v1.0.xlsx,437a621d39b9ffdc884153308514af8d2f57d23e8873849c4ad270df427a2a5a,https://files.digital.nhs.uk/03/49DC1C/NCDes_Data_Dictionary_23_24_phase_2_v1.0.xlsx,202307,202403,2023/24,NCD2324,NCDMI157,Percentage of registered patients who had at least one encounter with a Care Coordinator.,Workforce,MI
2ea73027fe__NCDes_Data_Dictionary_23_24_phase_2_v1.0.xlsx,437a621d39b9ffdc884153308514af8d2f57d23e8873849c4ad270df427a2a5a,https://files.digital.nhs.uk/03/49DC1C/NCDes_Data_Dictionary_23_24_phase_2_v1.0.xlsx,202307,202403,2023/24,NCD2324,NCDMI158,"Number of encounters with a Trainee Nursing Associate, per registered patient.",Workforce,MI
2ea73027fe__NCDes_Data_Dictionary_23_24_phase_2_v1.0.xlsx,437a621d39b9ffdc884153308514af8d2f57d23e8873849c4ad270df427a2a5a,https://files.digital.nhs.uk/03/49DC1C/NCDes_Data_Dictionary_23_24_phase_2_v1.0.xlsx,202307,202403,2023/24,NCD2324,NCDMI159,Percentage of registered patients who had at least one encounter with a Trainee Nursing Associate.,Workforce,MI
2ea73027fe__NCDes_Data_Dictionary_23_24_phase_2_v1.0.xlsx,437a621d39b9ffdc884153308514af8d2f57d23e8873849c4ad270df427a2a5a,https://files.digital.nhs.uk/03/49DC1C/NCDes_Data_Dictionary_23_24_phase_2_v1.0.xlsx,202307,202403,2023/24,NCD2324,NCDMI160,"Number of encounters with a Nursing Associate, per registered patient.",Workforce,MI
2ea73027fe__NCDes_Data_Dictionary_23_24_phase_2_v1.0.xlsx,437a621d39b9ffdc884153308514af8d2f57d23e8873849c4ad270df427a2a5a,https://files.digital.nhs.uk/03/49DC1C/NCDes_Data_Dictionary_23_24_phase_2_v1.0.xlsx,202307,202403,2023/24,NCD2324,NCDMI161,Percentage of registered patients who had at least one encounter with a Nursing Associate.,Workforce,MI
2ea73027fe__NCDes_Data_Dictionary_23_24_phase_2_v1.0.xlsx,437a621d39b9ffdc884153308514af8d2f57d23e8873849c4ad270df427a2a5a,https://files.digital.nhs.uk/03/49DC1C/NCDes_Data_Dictionary_23_24_phase_2_v1.0.xlsx,202307,202403,2023/24,NCD2324,NCDMI162,"Number of encounters with a Paramedic, per registered patient.",Workforce,MI
2ea73027fe__NCDes_Data_Dictionary_23_24_phase_2_v1.0.xlsx,437a621d39b9ffdc884153308514af8d2f57d23e8873849c4ad270df427a2a5a,https://files.digital.nhs.uk/03/49DC1C/NCDes_Data_Dictionary_23_24_phase_2_v1.0.xlsx,202307,202403,2023/24,NCD2324,NCDMI163,Percentage of registered patients who had at least one encounter with a Paramedic.,Workforce,MI
2ea73027fe__NCDes_Data_Dictionary_23_24_phase_2_v1.0.xlsx,437a621d39b9ffdc884153308514af8d2f57d23e8873849c4ad270df427a2a5a,https://files.digital.nhs.uk/03/49DC1C/NCDes_Data_Dictionary_23_24_phase_2_v1.0.xlsx,202307,202403,2023/24,NCD2324,NCDMI164,"Number of encounters with a Mental Health Practitioner, per registered patient.",Workforce,MI
2ea73027fe__NCDes_Data_Dictionary_23_24_phase_2_v1.0.xlsx,437a621d39b9ffdc884153308514af8d2f57d23e8873849c4ad270df427a2a5a,https://files.digital.nhs.uk/03/49DC1C/NCDes_Data_Dictionary_23_24_phase_2_v1.0.xlsx,202307,202403,2023/24,NCD2324,NCDMI165,Percentage of registered patients who had at least one encounter with a Mental Health Practitioner.,Workforce,MI
2ea73027fe__NCDes_Data_Dictionary_23_24_phase_2_v1.0.xlsx,437a621d39b9ffdc884153308514af8d2f57d23e8873849c4ad270df427a2a5a,https://files.digital.nhs.uk/03/49DC1C/NCDes_Data_Dictionary_23_24_phase_2_v1.0.xlsx,202307,202403,2023/24,NCD2324,NCDMI166,Number of declined referrals to the Community Pharmacy Consultation Service per registered patient,Access,MI
2ea73027fe__NCDes_Data_Dictionary_23_24_phase_2_v1.0.xlsx,437a621d39b9ffdc884153308514af8d2f57d23e8873849c4ad270df427a2a5a,https://files.digital.nhs.uk/03/49DC1C/NCDes_Data_Dictionary_23_24_phase_2_v1.0.xlsx,202307,202403,2023/24,NCD2324,NCDMI167,Percentage of permanent care home residents aged 18 years or over who received a falls risk assessment.,Enhanced Health in Care Homes,MI
2ea73027fe__NCDes_Data_Dictionary_23_24_phase_2_v1.0.xlsx,437a621d39b9ffdc884153308514af8d2f57d23e8873849c4ad270df427a2a5a,https://files.digital.nhs.uk/03/49DC1C/NCDes_Data_Dictionary_23_24_phase_2_v1.0.xlsx,202307,202403,2023/24,NCD2324,NCDMI170,Percentage of permanent care home residents aged 18 years or over who received a psychosocial assessment,Enhanced Health in Care Homes,MI
2ea73027fe__NCDes_Data_Dictionary_23_24_phase_2_v1.0.xlsx,437a621d39b9ffdc884153308514af8d2f57d23e8873849c4ad270df427a2a5a,https://files.digital.nhs.uk/03/49DC1C/NCDes_Data_Dictionary_23_24_phase_2_v1.0.xlsx,202307,202403,2023/24,NCD2324,NCDMI171,Percentage of patients aged 75 years or over on a long-term prescription of an angiotensin converting enzyme (ACE) inhibitor or a loop diuretic who have not had their renal function and electrolytes recorded in the previous 15 months.,Structured Medication Reviews & Medicines Optimisation,MI
2ea73027fe__NCDes_Data_Dictionary_23_24_phase_2_v1.0.xlsx,437a621d39b9ffdc884153308514af8d2f57d23e8873849c4ad270df427a2a5a,https://files.digital.nhs.uk/03/49DC1C/NCDes_Data_Dictionary_23_24_phase_2_v1.0.xlsx,202307,202403,2023/24,NCD2324,NCDMI172,Percentage of patients aged 18 years or over prescribed methotrexate for at least 3 months without a full blood count in the previous 3 months.,Structured Medication Reviews & Medicines Optimisation,MI
2ea73027fe__NCDes_Data_Dictionary_23_24_phase_2_v1.0.xlsx,437a621d39b9ffdc884153308514af8d2f57d23e8873849c4ad270df427a2a5a,https://files.digital.nhs.uk/03/49DC1C/NCDes_Data_Dictionary_23_24_phase_2_v1.0.xlsx,202307,202403,2023/24,NCD2324,NCDMI173,Percentage of patients aged 18 years or over prescribed methotrexate for at least 3 months without a liver function test in the previous 3 months.,Structured Medication Reviews & Medicines Optimisation,MI
2ea73027fe__NCDes_Data_Dictionary_23_24_phase_2_v1.0.xlsx,437a621d39b9ffdc884153308514af8d2f57d23e8873849c4ad270df427a2a5a,https://files.digital.nhs.uk/03/49DC1C/NCDes_Data_Dictionary_23_24_phase_2_v1.0.xlsx,202307,202403,2023/24,NCD2324,NCDMI174,Percentage of patients aged 18 years or over prescribed lithium for at least 3 months without a lithium concentration check in the previous 3 months.,Structured Medication Reviews & Medicines Optimisation,MI
2ea73027fe__NCDes_Data_Dictionary_23_24_phase_2_v1.0.xlsx,437a621d39b9ffdc884153308514af8d2f57d23e8873849c4ad270df427a2a5a,https://files.digital.nhs.uk/03/49DC1C/NCDes_Data_Dictionary_23_24_phase_2_v1.0.xlsx,202307,202403,2023/24,NCD2324,NCDMI175,Percentage of patients aged 18 years or over prescribed amiodarone for at least 6 months without a thyroid function test (TFT) in the previous 6 months.,Structured Medication Reviews & Medicines Optimisation,MI
2ea73027fe__NCDes_Data_Dictionary_23_24_phase_2_v1.0.xlsx,437a621d39b9ffdc884153308514af8d2f57d23e8873849c4ad270df427a2a5a,https://files.digital.nhs.uk/03/49DC1C/NCDes_Data_Dictionary_23_24_phase_2_v1.0.xlsx,202307,202403,2023/24,NCD2324,NCDMI176,"Percentage of patients aged 25 to 84 years inclusive without established cardiovascular disease and with a last recorded CVD risk score (QRISK2 or 3) greater than 20 percent, who are currently treated with statins.",Cardiovascular Disease Prevention,MI
2ea73027fe__NCDes_Data_Dictionary_23_24_phase_2_v1.0.xlsx,437a621d39b9ffdc884153308514af8d2f57d23e8873849c4ad270df427a2a5a,https://files.digital.nhs.uk/03/49DC1C/NCDes_Data_Dictionary_23_24_phase_2_v1.0.xlsx,202307,202403,2023/24,NCD2324,NCDMI177,"Percentage of patients on the QOF Asthma Register who received three or more inhaled corticosteroid (ICS, inclusive of ICS/LABA) prescriptions over the previous 12 months.",Respiratory Care,MI
2ea73027fe__NCDes_Data_Dictionary_23_24_phase_2_v1.0.xlsx,437a621d39b9ffdc884153308514af8d2f57d23e8873849c4ad270df427a2a5a,https://files.digital.nhs.uk/03/49DC1C/NCDes_Data_Dictionary_23_24_phase_2_v1.0.xlsx,202307,202403,2023/24,NCD2324,NCDMI178,Percentage of patients on the QOF asthma register who received 6 or more Short Acting Beta-2 Agonist (SABA) inhaler prescriptions over the previous 12 months.,Respiratory Care,MI
2ea73027fe__NCDes_Data_Dictionary_23_24_phase_2_v1.0.xlsx,437a621d39b9ffdc884153308514af8d2f57d23e8873849c4ad270df427a2a5a,https://files.digital.nhs.uk/03/49DC1C/NCDes_Data_Dictionary_23_24_phase_2_v1.0.xlsx,202307,202403,2023/24,NCD2324,NCDMI180,Percentage of patients at risk of harm due to medication errors who received a Structured Medication Review.,Structured Medication Reviews & Medicines Optimisation,MI
2ea73027fe__NCDes_Data_Dictionary_23_24_phase_2_v1.0.xlsx,437a621d39b9ffdc884153308514af8d2f57d23e8873849c4ad270df427a2a5a,https://files.digital.nhs.uk/03/49DC1C/NCDes_Data_Dictionary_23_24_phase_2_v1.0.xlsx,202307,202403,2023/24,NCD2324,NCDMI181,Percentage of patients living with severe frailty who received a Structured Medication Review.,Structured Medication Reviews & Medicines Optimisation,MI
2ea73027fe__NCDes_Data_Dictionary_23_24_phase_2_v1.0.xlsx,437a621d39b9ffdc884153308514af8d2f57d23e8873849c4ad270df427a2a5a,https://files.digital.nhs.uk/03/49DC1C/NCDes_Data_Dictionary_23_24_phase_2_v1.0.xlsx,202307,202403,2023/24,NCD2324,NCDMI182,"Percentage of patients on the QOF Learning Disability register aged 14 years or over, who received an annual Learning Disability Health Check and a completed Health Action Plan.",Tackling Health Inequalities,MI
2ea73027fe__NCDes_Data_Dictionary_23_24_phase_2_v1.0.xlsx,437a621d39b9ffdc884153308514af8d2f57d23e8873849c4ad270df427a2a5a,https://files.digital.nhs.uk/03/49DC1C/NCDes_Data_Dictionary_23_24_phase_2_v1.0.xlsx,202307,202403,2023/24,NCD2324,NCDMI188,Percentage of patients using potentially addictive medicines who received a Structured Medication Review.,Structured Medication Reviews & Medicines Optimisation,MI
2ea73027fe__NCDes_Data_Dictionary_23_24_phase_2_v1.0.xlsx,437a621d39b9ffdc884153308514af8d2f57d23e8873849c4ad270df427a2a5a,https://files.digital.nhs.uk/03/49DC1C/NCDes_Data_Dictionary_23_24_phase_2_v1.0.xlsx,202307,202403,2023/24,NCD2324,NCDMI189,"Percentage of permanent care home residents aged 18 years or over, who received a Structured Medication Review.",Structured Medication Reviews & Medicines Optimisation,MI
2ea73027fe__NCDes_Data_Dictionary_23_24_phase_2_v1.0.xlsx,437a621d39b9ffdc884153308514af8d2f57d23e8873849c4ad270df427a2a5a,https://files.digital.nhs.uk/03/49DC1C/NCDes_Data_Dictionary_23_24_phase_2_v1.0.xlsx,202307,202403,2023/24,NCD2324,NCDMI198,Mean number of patient contacts as part of weekly care home round per care home resident aged 18 years and over.,Enhanced Health in Care Homes,MI
2ea73027fe__NCDes_Data_Dictionary_23_24_phase_2_v1.0.xlsx,437a621d39b9ffdc884153308514af8d2f57d23e8873849c4ad270df427a2a5a,https://files.digital.nhs.uk/03/49DC1C/NCDes_Data_Dictionary_23_24_phase_2_v1.0.xlsx,202307,202403,2023/24,NCD2324,NCDMI199,"Percentage of patients aged 65 years or over, who received a seasonal influenza vaccination between 1 September and 31 March.",Vaccination & Immunisation,MI
2ea73027fe__NCDes_Data_Dictionary_23_24_phase_2_v1.0.xlsx,437a621d39b9ffdc884153308514af8d2f57d23e8873849c4ad270df427a2a5a,https://files.digital.nhs.uk/03/49DC1C/NCDes_Data_Dictionary_23_24_phase_2_v1.0.xlsx,202307,202403,2023/24,NCD2324,NCDMI200,Percentage of registered patients with a recording of ethnicity.,Tackling Health Inequalities,MI
2ea73027fe__NCDes_Data_Dictionary_23_24_phase_2_v1.0.xlsx,437a621d39b9ffdc884153308514af8d2f57d23e8873849c4ad270df427a2a5a,https://files.digital.nhs.uk/03/49DC1C/NCDes_Data_Dictionary_23_24_phase_2_v1.0.xlsx,202307,202403,2023/24,NCD2324,NCDMI205,"Percentage of patients on the QOF Coronary Heart Disease, Peripheral Arterial Disease, or Stroke/TIA Register, who have a recording of non-HDL cholesterol in the preceding 12 months that is lower than 2.5 mmol/L, or where non-HDL cholesterol is not recorded then  a recording of LDL cholesterol in the preceding 12 months that is lower than 1.8 mmol/L.",Cardiovascular Disease Prevention,MI
99ae18064c__NCDes_v6.0_Data_Dictionary_24_25.xlsx,435142f87550cd66d78586ed77440f5681e8ed49ae68d712eb1f151d0dbc1455,https://files.digital.nhs.uk/9C/F32D29/NCDes_v6.0_Data_Dictionary_24_25.xlsx,202404,202408,2024-25,NCD,ACC09,Number of referrals to the Community Pharmacist Consultation Service per registered patient.,Access,MI
99ae18064c__NCDes_v6.0_Data_Dictionary_24_25.xlsx,435142f87550cd66d78586ed77440f5681e8ed49ae68d712eb1f151d0dbc1455,https://files.digital.nhs.uk/9C/F32D29/NCDes_v6.0_Data_Dictionary_24_25.xlsx,202404,202408,2024-25,NCD,ACC15,Number of declined referrals to the Community Pharmacist Consultation Service per registered patient.,Access,MI
99ae18064c__NCDes_v6.0_Data_Dictionary_24_25.xlsx,435142f87550cd66d78586ed77440f5681e8ed49ae68d712eb1f151d0dbc1455,https://files.digital.nhs.uk/9C/F32D29/NCDes_v6.0_Data_Dictionary_24_25.xlsx,202404,202408,2024-25,NCD,CAN02,"Percentage of lower gastrointestinal urgent suspected cancer referrals accompanied by a faecal immunochemical test result, with the result recorded in the twenty-one days leading up to the referral.",Cancer,Payment
99ae18064c__NCDes_v6.0_Data_Dictionary_24_25.xlsx,435142f87550cd66d78586ed77440f5681e8ed49ae68d712eb1f151d0dbc1455,https://files.digital.nhs.uk/9C/F32D29/NCDes_v6.0_Data_Dictionary_24_25.xlsx,202404,202408,2024-25,NCD,CAN01,"Percentage of lower gastrointestinal urgent suspected cancer referrals accompanied by a faecal immunochemical test result, with the result recorded either in the twenty-one days leading up to the referral, or in the fourteen days after the referral.",Cancer,MI
99ae18064c__NCDes_v6.0_Data_Dictionary_24_25.xlsx,435142f87550cd66d78586ed77440f5681e8ed49ae68d712eb1f151d0dbc1455,https://files.digital.nhs.uk/9C/F32D29/NCDes_v6.0_Data_Dictionary_24_25.xlsx,202404,202408,2024-25,NCD,CVD01,"Percentage of patients aged 18 years or over, not on the QOF Hypertension Register as of 31 March 2024, and who have (i) a last recorded blood pressure reading in the 4 years prior to 1 April 2024 >= 140/90mmHg (with the exception of patients whose first blood pressure reading >= 140/90mmHg in this period is on or after 1 October 2023) for whom there is evidence of clinically appropriate follow-up to confirm or exclude a diagnosis of hypertension by 31 March 2025 OR (ii) a blood pressure reading >= 140/90mmHg on or after 1 October 2023, for whom there is evidence of clinically appropriate follow-up to confirm or exclude a diagnosis of hypertension within 6 months of elevated reading.",Cardiovascular Disease Prevention,MI
99ae18064c__NCDes_v6.0_Data_Dictionary_24_25.xlsx,435142f87550cd66d78586ed77440f5681e8ed49ae68d712eb1f151d0dbc1455,https://files.digital.nhs.uk/9C/F32D29/NCDes_v6.0_Data_Dictionary_24_25.xlsx,202404,202408,2024-25,NCD,CVD04,Percentage of patients aged 29 and under with a total cholesterol greater than 7.5mmol/L OR aged 30 and over with a total cholesterol greater than 9.0mmol/L who have been either: (i) diagnosed with secondary hyperlipidaemia; (ii) clinically assessed for familial hypercholesterolaemia; (iii) referred for assessment for familial hypercholesterolemia; or (iv) genetically diagnosed with familial hypercholesterolaemia.,Cardiovascular Disease Prevention,MI
99ae18064c__NCDes_v6.0_Data_Dictionary_24_25.xlsx,435142f87550cd66d78586ed77440f5681e8ed49ae68d712eb1f151d0dbc1455,https://files.digital.nhs.uk/9C/F32D29/NCDes_v6.0_Data_Dictionary_24_25.xlsx,202404,202408,2024-25,NCD,CVD07,"Percentage of men aged 50 years or over and women aged 55 years or over, without established Cardiovascular Disease and not on lipid lowering therapy, who have a QRISK score recorded on their GP record in the preceding five years and who have a recording of cholesterol levels, blood pressure and smoking status in the 12 months preceding recording of the most recent QRISK score.",Cardiovascular Disease Prevention,MI
99ae18064c__NCDes_v6.0_Data_Dictionary_24_25.xlsx,435142f87550cd66d78586ed77440f5681e8ed49ae68d712eb1f151d0dbc1455,https://files.digital.nhs.uk/9C/F32D29/NCDes_v6.0_Data_Dictionary_24_25.xlsx,202404,202408,2024-25,NCD,CVD08,"Percentage of patients aged 25 to 84 years inclusive without established cardiovascular disease or diabetes and with a last recorded CVD risk score (QRISK2 or 3) greater than 20 percent, who are currently treated with statins, or where a statin is declined or clinically unsuitable, another lipid-lowering therapy.",Cardiovascular Disease Prevention,MI
99ae18064c__NCDes_v6.0_Data_Dictionary_24_25.xlsx,435142f87550cd66d78586ed77440f5681e8ed49ae68d712eb1f151d0dbc1455,https://files.digital.nhs.uk/9C/F32D29/NCDes_v6.0_Data_Dictionary_24_25.xlsx,202404,202408,2024-25,NCD,CVD13,"Percentage of patients aged 25 to 84 years inclusive and with a last recorded CVD risk score (QRISK2 or 3) greater than or equal to 10 percent, who are currently treated with statins.",Cardiovascular Disease Prevention,MI
99ae18064c__NCDes_v6.0_Data_Dictionary_24_25.xlsx,435142f87550cd66d78586ed77440f5681e8ed49ae68d712eb1f151d0dbc1455,https://files.digital.nhs.uk/9C/F32D29/NCDes_v6.0_Data_Dictionary_24_25.xlsx,202404,202408,2024-25,NCD,CVD10,"Percentage of patients aged 65 years or over and who received a blood pressure check, who received a pulse check.",Cardiovascular Disease Prevention,MI
99ae18064c__NCDes_v6.0_Data_Dictionary_24_25.xlsx,435142f87550cd66d78586ed77440f5681e8ed49ae68d712eb1f151d0dbc1455,https://files.digital.nhs.uk/9C/F32D29/NCDes_v6.0_Data_Dictionary_24_25.xlsx,202404,202408,2024-25,NCD,CVD11,"Percentage of patients aged 18 years or over with an observation indicating suspected atrial fibrillation recorded during the financial year (including presentations of breathlessness, palpitations, syncope or dizziness, or chest discomfort) who received a pulse check.",Cardiovascular Disease Prevention,MI
99ae18064c__NCDes_v6.0_Data_Dictionary_24_25.xlsx,435142f87550cd66d78586ed77440f5681e8ed49ae68d712eb1f151d0dbc1455,https://files.digital.nhs.uk/9C/F32D29/NCDes_v6.0_Data_Dictionary_24_25.xlsx,202404,202408,2024-25,NCD,CVD14,Percentage of patients aged 65 years or over and with an irregular pulse who either received an electrocardiogram or were referred for an electrocardiogram.,Cardiovascular Disease Prevention,MI
99ae18064c__NCDes_v6.0_Data_Dictionary_24_25.xlsx,435142f87550cd66d78586ed77440f5681e8ed49ae68d712eb1f151d0dbc1455,https://files.digital.nhs.uk/9C/F32D29/NCDes_v6.0_Data_Dictionary_24_25.xlsx,202404,202408,2024-25,NCD,CVD03,"Percentage of patients aged 25 to 84 years inclusive without established cardiovascular disease and with a last recorded CVD risk score (QRISK2 or 3) greater than 20 percent, who are currently treated with statins.",Cardiovascular Disease Prevention,MI
99ae18064c__NCDes_v6.0_Data_Dictionary_24_25.xlsx,435142f87550cd66d78586ed77440f5681e8ed49ae68d712eb1f151d0dbc1455,https://files.digital.nhs.uk/9C/F32D29/NCDes_v6.0_Data_Dictionary_24_25.xlsx,202404,202408,2024-25,NCD,EHCH01,"Number of patients aged 18 years or over and recorded as living in a care home, as a percentage of care home beds eligible to receive the Enhanced Health in Care Homes service.",Enhanced Health in Care Homes,MI
99ae18064c__NCDes_v6.0_Data_Dictionary_24_25.xlsx,435142f87550cd66d78586ed77440f5681e8ed49ae68d712eb1f151d0dbc1455,https://files.digital.nhs.uk/9C/F32D29/NCDes_v6.0_Data_Dictionary_24_25.xlsx,202404,202408,2024-25,NCD,EHCH02,"Percentage of care home residents aged 18 years or over, who had a Personalised Care and Support Plan (PCSP) agreed or reviewed.",Enhanced Health in Care Homes,MI
99ae18064c__NCDes_v6.0_Data_Dictionary_24_25.xlsx,435142f87550cd66d78586ed77440f5681e8ed49ae68d712eb1f151d0dbc1455,https://files.digital.nhs.uk/9C/F32D29/NCDes_v6.0_Data_Dictionary_24_25.xlsx,202404,202408,2024-25,NCD,EHCH05,"Percentage of permanent care home residents aged 18 years or over, and recorded as experiencing acute confusion, who received a delirium assessment.",Enhanced Health in Care Homes,MI
99ae18064c__NCDes_v6.0_Data_Dictionary_24_25.xlsx,435142f87550cd66d78586ed77440f5681e8ed49ae68d712eb1f151d0dbc1455,https://files.digital.nhs.uk/9C/F32D29/NCDes_v6.0_Data_Dictionary_24_25.xlsx,202404,202408,2024-25,NCD,EHCH27,Percentage of care home residents aged 18 years or over on the QOF Dementia Register.,Enhanced Health in Care Homes,MI
99ae18064c__NCDes_v6.0_Data_Dictionary_24_25.xlsx,435142f87550cd66d78586ed77440f5681e8ed49ae68d712eb1f151d0dbc1455,https://files.digital.nhs.uk/9C/F32D29/NCDes_v6.0_Data_Dictionary_24_25.xlsx,202404,202408,2024-25,NCD,EHCH28,Percentage of permanent care home residents aged 18 years or over with a preferred place of death recorded.,Enhanced Health in Care Homes,MI
99ae18064c__NCDes_v6.0_Data_Dictionary_24_25.xlsx,435142f87550cd66d78586ed77440f5681e8ed49ae68d712eb1f151d0dbc1455,https://files.digital.nhs.uk/9C/F32D29/NCDes_v6.0_Data_Dictionary_24_25.xlsx,202404,202408,2024-25,NCD,EHCH29,Mean number of Multidisciplinary Team meetings per care home resident aged 18 years or over.,Enhanced Health in Care Homes,MI
99ae18064c__NCDes_v6.0_Data_Dictionary_24_25.xlsx,435142f87550cd66d78586ed77440f5681e8ed49ae68d712eb1f151d0dbc1455,https://files.digital.nhs.uk/9C/F32D29/NCDes_v6.0_Data_Dictionary_24_25.xlsx,202404,202408,2024-25,NCD,EHCH14,Percentage of permanent care home residents aged 18 years or over who received a falls risk assessment.,Enhanced Health in Care Homes,MI
99ae18064c__NCDes_v6.0_Data_Dictionary_24_25.xlsx,435142f87550cd66d78586ed77440f5681e8ed49ae68d712eb1f151d0dbc1455,https://files.digital.nhs.uk/9C/F32D29/NCDes_v6.0_Data_Dictionary_24_25.xlsx,202404,202408,2024-25,NCD,EHCH24,Percentage of permanent care home residents aged 18 years or over who received a psychosocial assessment.,Enhanced Health in Care Homes,MI
99ae18064c__NCDes_v6.0_Data_Dictionary_24_25.xlsx,435142f87550cd66d78586ed77440f5681e8ed49ae68d712eb1f151d0dbc1455,https://files.digital.nhs.uk/9C/F32D29/NCDes_v6.0_Data_Dictionary_24_25.xlsx,202404,202408,2024-25,NCD,EHCH04,Mean number of patient contacts as part of weekly care home round per care home resident aged 18 years or over.,Enhanced Health in Care Homes,MI
99ae18064c__NCDes_v6.0_Data_Dictionary_24_25.xlsx,435142f87550cd66d78586ed77440f5681e8ed49ae68d712eb1f151d0dbc1455,https://files.digital.nhs.uk/9C/F32D29/NCDes_v6.0_Data_Dictionary_24_25.xlsx,202404,202408,2024-25,NCD,ES01,Metered Dose Inhaler (MDI) prescriptions as a percentage of all non-salbutamol inhaler prescriptions issued to patients aged 12 years or over.,Environmental Sustainability,MI
99ae18064c__NCDes_v6.0_Data_Dictionary_24_25.xlsx,435142f87550cd66d78586ed77440f5681e8ed49ae68d712eb1f151d0dbc1455,https://files.digital.nhs.uk/9C/F32D29/NCDes_v6.0_Data_Dictionary_24_25.xlsx,202404,202408,2024-25,NCD,PC01,Percentage of registered patients referred to a social prescribing service.,Personalised Care,MI
99ae18064c__NCDes_v6.0_Data_Dictionary_24_25.xlsx,435142f87550cd66d78586ed77440f5681e8ed49ae68d712eb1f151d0dbc1455,https://files.digital.nhs.uk/9C/F32D29/NCDes_v6.0_Data_Dictionary_24_25.xlsx,202404,202408,2024-25,NCD,PC14,Percentage of registered patients who had a Personalised Care and Support Plan agreed.,Personalised Care,MI
99ae18064c__NCDes_v6.0_Data_Dictionary_24_25.xlsx,435142f87550cd66d78586ed77440f5681e8ed49ae68d712eb1f151d0dbc1455,https://files.digital.nhs.uk/9C/F32D29/NCDes_v6.0_Data_Dictionary_24_25.xlsx,202404,202408,2024-25,NCD,PC15,Percentage of registered patients who had a Personalised Care and Support Plan reviewed.,Personalised Care,MI
99ae18064c__NCDes_v6.0_Data_Dictionary_24_25.xlsx,435142f87550cd66d78586ed77440f5681e8ed49ae68d712eb1f151d0dbc1455,https://files.digital.nhs.uk/9C/F32D29/NCDes_v6.0_Data_Dictionary_24_25.xlsx,202404,202408,2024-25,NCD,PC17,Percentage of registered patients whose care was discussed as part of a shared decision-making process.,Personalised Care,MI
99ae18064c__NCDes_v6.0_Data_Dictionary_24_25.xlsx,435142f87550cd66d78586ed77440f5681e8ed49ae68d712eb1f151d0dbc1455,https://files.digital.nhs.uk/9C/F32D29/NCDes_v6.0_Data_Dictionary_24_25.xlsx,202404,202408,2024-25,NCD,PC02,Number of Social Prescribing Link Worker consultations per patient currently being seen by a social prescribing service.,Personalised Care,MI
99ae18064c__NCDes_v6.0_Data_Dictionary_24_25.xlsx,435142f87550cd66d78586ed77440f5681e8ed49ae68d712eb1f151d0dbc1455,https://files.digital.nhs.uk/9C/F32D29/NCDes_v6.0_Data_Dictionary_24_25.xlsx,202404,202408,2024-25,NCD,PC03,Number of General Practitioner consultations per patient currently being seen by a social prescribing service.,Personalised Care,MI
99ae18064c__NCDes_v6.0_Data_Dictionary_24_25.xlsx,435142f87550cd66d78586ed77440f5681e8ed49ae68d712eb1f151d0dbc1455,https://files.digital.nhs.uk/9C/F32D29/NCDes_v6.0_Data_Dictionary_24_25.xlsx,202404,202408,2024-25,NCD,PC20,Number of consultations per patient currently being seen by a social prescribing service.,Personalised Care,MI
99ae18064c__NCDes_v6.0_Data_Dictionary_24_25.xlsx,435142f87550cd66d78586ed77440f5681e8ed49ae68d712eb1f151d0dbc1455,https://files.digital.nhs.uk/9C/F32D29/NCDes_v6.0_Data_Dictionary_24_25.xlsx,202404,202408,2024-25,NCD,PR001,Percentage of registered patients under the care of Proactive Care service.,Proactive Care,MI
99ae18064c__NCDes_v6.0_Data_Dictionary_24_25.xlsx,435142f87550cd66d78586ed77440f5681e8ed49ae68d712eb1f151d0dbc1455,https://files.digital.nhs.uk/9C/F32D29/NCDes_v6.0_Data_Dictionary_24_25.xlsx,202404,202408,2024-25,NCD,PR002,Percentage of registered patients discharged from Proactive Care service.,Proactive Care,MI
99ae18064c__NCDes_v6.0_Data_Dictionary_24_25.xlsx,435142f87550cd66d78586ed77440f5681e8ed49ae68d712eb1f151d0dbc1455,https://files.digital.nhs.uk/9C/F32D29/NCDes_v6.0_Data_Dictionary_24_25.xlsx,202404,202408,2024-25,NCD,RESP01,"Percentage of patients on the QOF Asthma Register who received three or more inhaled corticosteroid (ICS, inclusive of ICS/LABA) prescriptions over the previous 12 months.",Respiratory Care,MI
99ae18064c__NCDes_v6.0_Data_Dictionary_24_25.xlsx,435142f87550cd66d78586ed77440f5681e8ed49ae68d712eb1f151d0dbc1455,https://files.digital.nhs.uk/9C/F32D29/NCDes_v6.0_Data_Dictionary_24_25.xlsx,202404,202408,2024-25,NCD,RESP02,Percentage of patients on the QOF Asthma Register who received six or more Short Acting Beta-2 Agonist (SABA) inhaler prescriptions over the previous 12 months.,Respiratory Care,MI
99ae18064c__NCDes_v6.0_Data_Dictionary_24_25.xlsx,435142f87550cd66d78586ed77440f5681e8ed49ae68d712eb1f151d0dbc1455,https://files.digital.nhs.uk/9C/F32D29/NCDes_v6.0_Data_Dictionary_24_25.xlsx,202404,202408,2024-25,NCD,SMR25,"Percentage of patients aged 18 years or over with a history of peptic ulceration and prescribed an oral non-steroidal anti-inflammatory drug (NSAID), who were not prescribed a gastro-protective.",SMRs & Medicines Optimisation,MI
99ae18064c__NCDes_v6.0_Data_Dictionary_24_25.xlsx,435142f87550cd66d78586ed77440f5681e8ed49ae68d712eb1f151d0dbc1455,https://files.digital.nhs.uk/9C/F32D29/NCDes_v6.0_Data_Dictionary_24_25.xlsx,202404,202408,2024-25,NCD,SMR26,"Percentage of patients aged 18 years or over with a history of peptic ulceration and prescribed an anti-platelet, who were not prescribed a gastro-protective.",SMRs & Medicines Optimisation,MI
99ae18064c__NCDes_v6.0_Data_Dictionary_24_25.xlsx,435142f87550cd66d78586ed77440f5681e8ed49ae68d712eb1f151d0dbc1455,https://files.digital.nhs.uk/9C/F32D29/NCDes_v6.0_Data_Dictionary_24_25.xlsx,202404,202408,2024-25,NCD,SMR30,Percentage of patients aged 18 years or over with heart failure who were prescribed an oral non-steroidal anti-inflammatory drug (NSAID).,SMRs & Medicines Optimisation,MI
99ae18064c__NCDes_v6.0_Data_Dictionary_24_25.xlsx,435142f87550cd66d78586ed77440f5681e8ed49ae68d712eb1f151d0dbc1455,https://files.digital.nhs.uk/9C/F32D29/NCDes_v6.0_Data_Dictionary_24_25.xlsx,202404,202408,2024-25,NCD,SMR31,Percentage of patients aged 18 years or over with an eGFR less than 45 who were prescribed an oral non-steroidal anti-inflammatory drug (NSAID).,SMRs & Medicines Optimisation,MI
99ae18064c__NCDes_v6.0_Data_Dictionary_24_25.xlsx,435142f87550cd66d78586ed77440f5681e8ed49ae68d712eb1f151d0dbc1455,https://files.digital.nhs.uk/9C/F32D29/NCDes_v6.0_Data_Dictionary_24_25.xlsx,202404,202408,2024-25,NCD,SMR32,Percentage of patients aged 18 years or over with an unresolved asthma diagnosis who were prescribed a non-selective beta-blocker.,SMRs & Medicines Optimisation,MI
99ae18064c__NCDes_v6.0_Data_Dictionary_24_25.xlsx,435142f87550cd66d78586ed77440f5681e8ed49ae68d712eb1f151d0dbc1455,https://files.digital.nhs.uk/9C/F32D29/NCDes_v6.0_Data_Dictionary_24_25.xlsx,202404,202408,2024-25,NCD,SMR33,Percentage of patients aged 75 years or over on a long-term prescription of an angiotensin converting enzyme (ACE) inhibitor or a loop diuretic who have not had their renal function and electrolytes recorded in the previous 15 months.,SMRs & Medicines Optimisation,MI
99ae18064c__NCDes_v6.0_Data_Dictionary_24_25.xlsx,435142f87550cd66d78586ed77440f5681e8ed49ae68d712eb1f151d0dbc1455,https://files.digital.nhs.uk/9C/F32D29/NCDes_v6.0_Data_Dictionary_24_25.xlsx,202404,202408,2024-25,NCD,SMR34,Percentage of patients aged 18 years or over prescribed methotrexate for at least 3 months without a full blood count in the previous 3 months.,SMRs & Medicines Optimisation,MI
99ae18064c__NCDes_v6.0_Data_Dictionary_24_25.xlsx,435142f87550cd66d78586ed77440f5681e8ed49ae68d712eb1f151d0dbc1455,https://files.digital.nhs.uk/9C/F32D29/NCDes_v6.0_Data_Dictionary_24_25.xlsx,202404,202408,2024-25,NCD,SMR35,Percentage of patients aged 18 years or over prescribed methotrexate for at least 3 months without a liver function test in the previous 3 months.,SMRs & Medicines Optimisation,MI
99ae18064c__NCDes_v6.0_Data_Dictionary_24_25.xlsx,435142f87550cd66d78586ed77440f5681e8ed49ae68d712eb1f151d0dbc1455,https://files.digital.nhs.uk/9C/F32D29/NCDes_v6.0_Data_Dictionary_24_25.xlsx,202404,202408,2024-25,NCD,SMR36,Percentage of patients aged 18 years or over prescribed lithium for at least 3 months without a lithium concentration check in the previous 3 months.,SMRs & Medicines Optimisation,MI
99ae18064c__NCDes_v6.0_Data_Dictionary_24_25.xlsx,435142f87550cd66d78586ed77440f5681e8ed49ae68d712eb1f151d0dbc1455,https://files.digital.nhs.uk/9C/F32D29/NCDes_v6.0_Data_Dictionary_24_25.xlsx,202404,202408,2024-25,NCD,SMR37,Percentage of patients aged 18 years or over prescribed amiodarone for at least 6 months without a thyroid function test (TFT) in the previous 6 months.,SMRs & Medicines Optimisation,MI
99ae18064c__NCDes_v6.0_Data_Dictionary_24_25.xlsx,435142f87550cd66d78586ed77440f5681e8ed49ae68d712eb1f151d0dbc1455,https://files.digital.nhs.uk/9C/F32D29/NCDes_v6.0_Data_Dictionary_24_25.xlsx,202404,202408,2024-25,NCD,SMR01A,Percentage of patients at risk of harm due to medication errors who received a Structured Medication Review.,SMRs & Medicines Optimisation,MI
99ae18064c__NCDes_v6.0_Data_Dictionary_24_25.xlsx,435142f87550cd66d78586ed77440f5681e8ed49ae68d712eb1f151d0dbc1455,https://files.digital.nhs.uk/9C/F32D29/NCDes_v6.0_Data_Dictionary_24_25.xlsx,202404,202408,2024-25,NCD,SMR01B,Percentage of patients living with severe frailty who received a Structured Medication Review.,SMRs & Medicines Optimisation,MI
99ae18064c__NCDes_v6.0_Data_Dictionary_24_25.xlsx,435142f87550cd66d78586ed77440f5681e8ed49ae68d712eb1f151d0dbc1455,https://files.digital.nhs.uk/9C/F32D29/NCDes_v6.0_Data_Dictionary_24_25.xlsx,202404,202408,2024-25,NCD,SMR01C,Percentage of patients using potentially addictive medicines who received a Structured Medication Review.,SMRs & Medicines Optimisation,MI
99ae18064c__NCDes_v6.0_Data_Dictionary_24_25.xlsx,435142f87550cd66d78586ed77440f5681e8ed49ae68d712eb1f151d0dbc1455,https://files.digital.nhs.uk/9C/F32D29/NCDes_v6.0_Data_Dictionary_24_25.xlsx,202404,202408,2024-25,NCD,SMR01D,Percentage of permanent care home residents aged 18 years or over who received a Structured Medication Review.,SMRs & Medicines Optimisation,MI
99ae18064c__NCDes_v6.0_Data_Dictionary_24_25.xlsx,435142f87550cd66d78586ed77440f5681e8ed49ae68d712eb1f151d0dbc1455,https://files.digital.nhs.uk/9C/F32D29/NCDes_v6.0_Data_Dictionary_24_25.xlsx,202404,202408,2024-25,NCD,SMR02A,"Percentage of patients aged 18 years or over prescribed both a Non-Steroidal Anti-Inflammatory Drug (NSAID) and an oral anticoagulant in the last 3 months of the previous financial year, who, in the three months to the end of the reporting period, were either (i) no longer prescribed an NSAID or (ii) prescribed a gastro-protective in addition to an NSAID.",SMRs & Medicines Optimisation,MI
99ae18064c__NCDes_v6.0_Data_Dictionary_24_25.xlsx,435142f87550cd66d78586ed77440f5681e8ed49ae68d712eb1f151d0dbc1455,https://files.digital.nhs.uk/9C/F32D29/NCDes_v6.0_Data_Dictionary_24_25.xlsx,202404,202408,2024-25,NCD,SMR02B,"Percentage of patients aged 65 years or over prescribed a Non-Steroidal Anti-Inflammatory Drug (NSAID) and not an oral anticoagulant in the last 3 months of the previous financial year, who, in the three months to the end of the reporting period, were either (i) no longer prescribed an NSAID or (ii) prescribed a gastro-protective in addition to an NSAID.",SMRs & Medicines Optimisation,MI
99ae18064c__NCDes_v6.0_Data_Dictionary_24_25.xlsx,435142f87550cd66d78586ed77440f5681e8ed49ae68d712eb1f151d0dbc1455,https://files.digital.nhs.uk/9C/F32D29/NCDes_v6.0_Data_Dictionary_24_25.xlsx,202404,202408,2024-25,NCD,SMR02C,"Percentage of patients aged 18 years or over prescribed both an oral anticoagulant and an anti-platelet in the last 3 months of the previous financial year, who, in the three months to the end of the reporting period, were either (i) no longer prescribed an anti-platelet or (ii) prescribed a gastro-protective in addition to an anti-platelet.",SMRs & Medicines Optimisation,MI
99ae18064c__NCDes_v6.0_Data_Dictionary_24_25.xlsx,435142f87550cd66d78586ed77440f5681e8ed49ae68d712eb1f151d0dbc1455,https://files.digital.nhs.uk/9C/F32D29/NCDes_v6.0_Data_Dictionary_24_25.xlsx,202404,202408,2024-25,NCD,SMR02D,"Percentage of patients aged 18 years or over prescribed aspirin and another anti-platelet in the last 3 months of the previous financial year, who, in the three months to the end of the reporting period, were either (i) no longer prescribed aspirin and/or no longer prescribed an anti-platelet or (ii) prescribed a gastro-protective in addition to both aspirin and another anti-platelet.",SMRs & Medicines Optimisation,MI
99ae18064c__NCDes_v6.0_Data_Dictionary_24_25.xlsx,435142f87550cd66d78586ed77440f5681e8ed49ae68d712eb1f151d0dbc1455,https://files.digital.nhs.uk/9C/F32D29/NCDes_v6.0_Data_Dictionary_24_25.xlsx,202404,202408,2024-25,NCD,SMR03,"Percentage of patients prescribed a direct-acting oral anticoagulant, who received a renal function test and a recording of their weight and Creatinine Clearance Rate, along with a change or confirmation of their medication dose.",SMRs & Medicines Optimisation,MI
99ae18064c__NCDes_v6.0_Data_Dictionary_24_25.xlsx,435142f87550cd66d78586ed77440f5681e8ed49ae68d712eb1f151d0dbc1455,https://files.digital.nhs.uk/9C/F32D29/NCDes_v6.0_Data_Dictionary_24_25.xlsx,202404,202408,2024-25,NCD,HI03,"Percentage of patients on the QOF Learning Disability register aged 14 or over, who received an annual Learning Disability Health Check and have a completed Health Action Plan, in addition to a recording of ethnicity.",Tackling Health Inequalities,Payment
99ae18064c__NCDes_v6.0_Data_Dictionary_24_25.xlsx,435142f87550cd66d78586ed77440f5681e8ed49ae68d712eb1f151d0dbc1455,https://files.digital.nhs.uk/9C/F32D29/NCDes_v6.0_Data_Dictionary_24_25.xlsx,202404,202408,2024-25,NCD,HI27,Percentage of patients aged 14 years or over and on the QOF Learning Disability Register who received a Learning Disability Annual Health Check.,Tackling Health Inequalities,MI
99ae18064c__NCDes_v6.0_Data_Dictionary_24_25.xlsx,435142f87550cd66d78586ed77440f5681e8ed49ae68d712eb1f151d0dbc1455,https://files.digital.nhs.uk/9C/F32D29/NCDes_v6.0_Data_Dictionary_24_25.xlsx,202404,202408,2024-25,NCD,HI04,Percentage of registered patients who were given the opportunity to state their ethnicity but chose not to.,Tackling Health Inequalities,MI
99ae18064c__NCDes_v6.0_Data_Dictionary_24_25.xlsx,435142f87550cd66d78586ed77440f5681e8ed49ae68d712eb1f151d0dbc1455,https://files.digital.nhs.uk/9C/F32D29/NCDes_v6.0_Data_Dictionary_24_25.xlsx,202404,202408,2024-25,NCD,HI08,"Percentage of patients aged 18 years or over, recorded as being from an ethnic minority, not on the QOF Hypertension Register as of 31 March 2024, and who have (i) a last recorded blood pressure reading in the 4 years prior to 1 April 2024 >= 140/90 mmHg (with the exception of patients whose first blood pressure reading >= 140/90 mmHg in this period is on or after 1 October 2023) for whom there is evidence of clinically appropriate follow-up to confirm or exclude a diagnosis of hypertension by 31 March 2025 OR (ii) a blood pressure reading >= 140/90mmHg on or after 1 October 2023, for whom there is evidence of clinically appropriate follow-up to confirm or exclude a diagnosis of hypertension within 6 months of elevated reading.",Tackling Health Inequalities,MI
99ae18064c__NCDes_v6.0_Data_Dictionary_24_25.xlsx,435142f87550cd66d78586ed77440f5681e8ed49ae68d712eb1f151d0dbc1455,https://files.digital.nhs.uk/9C/F32D29/NCDes_v6.0_Data_Dictionary_24_25.xlsx,202404,202408,2024-25,NCD,HI09,Percentage of patients aged 45 years or over and recorded as being from an ethnic minority who have a record of blood pressure in the preceding 5 years.,Tackling Health Inequalities,MI
99ae18064c__NCDes_v6.0_Data_Dictionary_24_25.xlsx,435142f87550cd66d78586ed77440f5681e8ed49ae68d712eb1f151d0dbc1455,https://files.digital.nhs.uk/9C/F32D29/NCDes_v6.0_Data_Dictionary_24_25.xlsx,202404,202408,2024-25,NCD,HI17,"Percentage of patients with schizophrenia, bipolar affective disorder and other psychoses and recorded as being from an ethnic minority who received all six elements of the Physical Health Check for people with Severe Mental Illness.",Tackling Health Inequalities,MI
99ae18064c__NCDes_v6.0_Data_Dictionary_24_25.xlsx,435142f87550cd66d78586ed77440f5681e8ed49ae68d712eb1f151d0dbc1455,https://files.digital.nhs.uk/9C/F32D29/NCDes_v6.0_Data_Dictionary_24_25.xlsx,202404,202408,2024-25,NCD,HI01,"Percentage of patients on the QOF Learning Disability register aged 14 years or over, who received an annual Learning Disability Health Check and a completed Health Action Plan.",Tackling Health Inequalities,MI
99ae18064c__NCDes_v6.0_Data_Dictionary_24_25.xlsx,435142f87550cd66d78586ed77440f5681e8ed49ae68d712eb1f151d0dbc1455,https://files.digital.nhs.uk/9C/F32D29/NCDes_v6.0_Data_Dictionary_24_25.xlsx,202404,202408,2024-25,NCD,HI02,Percentage of registered patients with a recording of ethnicity.,Tackling Health Inequalities,MI
99ae18064c__NCDes_v6.0_Data_Dictionary_24_25.xlsx,435142f87550cd66d78586ed77440f5681e8ed49ae68d712eb1f151d0dbc1455,https://files.digital.nhs.uk/9C/F32D29/NCDes_v6.0_Data_Dictionary_24_25.xlsx,202404,202408,2024-25,NCD,HI21,Number of patients recorded as having a diagnosis of autism.,Tackling Health Inequalities,MI
99ae18064c__NCDes_v6.0_Data_Dictionary_24_25.xlsx,435142f87550cd66d78586ed77440f5681e8ed49ae68d712eb1f151d0dbc1455,https://files.digital.nhs.uk/9C/F32D29/NCDes_v6.0_Data_Dictionary_24_25.xlsx,202404,202408,2024-25,NCD,HI18,Number of registered patients with a Type 1 Opt Out.,Tackling Health Inequalities,MI
99ae18064c__NCDes_v6.0_Data_Dictionary_24_25.xlsx,435142f87550cd66d78586ed77440f5681e8ed49ae68d712eb1f151d0dbc1455,https://files.digital.nhs.uk/9C/F32D29/NCDes_v6.0_Data_Dictionary_24_25.xlsx,202404,202408,2024-25,NCD,VI01,"Percentage of patients aged 65 years or over, who received a seasonal influenza vaccination between 1 September and 31 March.",Vaccination & Immunisation,MI
99ae18064c__NCDes_v6.0_Data_Dictionary_24_25.xlsx,435142f87550cd66d78586ed77440f5681e8ed49ae68d712eb1f151d0dbc1455,https://files.digital.nhs.uk/9C/F32D29/NCDes_v6.0_Data_Dictionary_24_25.xlsx,202404,202408,2024-25,NCD,VI02,"Percentage of at-risk patients aged 18 to 64 years inclusive, who received a seasonal influenza vaccination between 1 September and 31 March.",Vaccination & Immunisation,MI
99ae18064c__NCDes_v6.0_Data_Dictionary_24_25.xlsx,435142f87550cd66d78586ed77440f5681e8ed49ae68d712eb1f151d0dbc1455,https://files.digital.nhs.uk/9C/F32D29/NCDes_v6.0_Data_Dictionary_24_25.xlsx,202404,202408,2024-25,NCD,VI03,Percentage of patients aged two or three years on 31 August of the relevant financial year who received a seasonal influenza vaccination between 1 September and 31 March.,Vaccination & Immunisation,MI
fc7edacfd7__NCDes_v6.1_Data_Dictionary_24_25.xlsx,cc75bdfe4831a50fcc8a6f67ed8279a4b80e2edb67853b09e9d29df138f2fe8d,https://files.digital.nhs.uk/19/1E8D7F/NCDes_v6.1_Data_Dictionary_24_25.xlsx,202409,202503,2024-25,NCD,ACC09,Number of referrals to the Community Pharmacist Consultation Service per registered patient.,Access,MI
fc7edacfd7__NCDes_v6.1_Data_Dictionary_24_25.xlsx,cc75bdfe4831a50fcc8a6f67ed8279a4b80e2edb67853b09e9d29df138f2fe8d,https://files.digital.nhs.uk/19/1E8D7F/NCDes_v6.1_Data_Dictionary_24_25.xlsx,202409,202503,2024-25,NCD,ACC15,Number of declined referrals to the Community Pharmacist Consultation Service per registered patient.,Access,MI
fc7edacfd7__NCDes_v6.1_Data_Dictionary_24_25.xlsx,cc75bdfe4831a50fcc8a6f67ed8279a4b80e2edb67853b09e9d29df138f2fe8d,https://files.digital.nhs.uk/19/1E8D7F/NCDes_v6.1_Data_Dictionary_24_25.xlsx,202409,202503,2024-25,NCD,CAN04,"The proportion of patients who have had a lower gastrointestinal urgent suspected cancer referral in the reporting year where at least one urgent suspected cancer referral was accompanied by a faecal immunochemical test result, with the result recorded in the 21 days leading up to the referral.",Cancer,Payment
fc7edacfd7__NCDes_v6.1_Data_Dictionary_24_25.xlsx,cc75bdfe4831a50fcc8a6f67ed8279a4b80e2edb67853b09e9d29df138f2fe8d,https://files.digital.nhs.uk/19/1E8D7F/NCDes_v6.1_Data_Dictionary_24_25.xlsx,202409,202503,2024-25,NCD,CAN03,"The proportion of patients who have had a lower gastrointestinal urgent suspected cancer referral in the reporting year where at least one urgent suspected cancer referral was accompanied by a faecal immunochemical test result, with the result recorded in the 21 days leading up to the referral, or in the fourteen days after the referral.",Cancer,MI
fc7edacfd7__NCDes_v6.1_Data_Dictionary_24_25.xlsx,cc75bdfe4831a50fcc8a6f67ed8279a4b80e2edb67853b09e9d29df138f2fe8d,https://files.digital.nhs.uk/19/1E8D7F/NCDes_v6.1_Data_Dictionary_24_25.xlsx,202409,202503,2024-25,NCD,CVD01,"Percentage of patients aged 18 years or over, not on the QOF Hypertension Register as of 31 March 2024, and who have (i) a last recorded blood pressure reading in the 4 years prior to 1 April 2024 >= 140/90mmHg (with the exception of patients whose first blood pressure reading >= 140/90mmHg in this period is on or after 1 October 2023) for whom there is evidence of clinically appropriate follow-up to confirm or exclude a diagnosis of hypertension by 31 March 2025 OR (ii) a blood pressure reading >= 140/90mmHg on or after 1 October 2023, for whom there is evidence of clinically appropriate follow-up to confirm or exclude a diagnosis of hypertension within 6 months of elevated reading.",Cardiovascular Disease Prevention,MI
fc7edacfd7__NCDes_v6.1_Data_Dictionary_24_25.xlsx,cc75bdfe4831a50fcc8a6f67ed8279a4b80e2edb67853b09e9d29df138f2fe8d,https://files.digital.nhs.uk/19/1E8D7F/NCDes_v6.1_Data_Dictionary_24_25.xlsx,202409,202503,2024-25,NCD,CVD04,Percentage of patients aged 29 and under with a total cholesterol greater than 7.5mmol/L OR aged 30 and over with a total cholesterol greater than 9.0mmol/L who have been either: (i) diagnosed with secondary hyperlipidaemia; (ii) clinically assessed for familial hypercholesterolaemia; (iii) referred for assessment for familial hypercholesterolemia; or (iv) genetically diagnosed with familial hypercholesterolaemia.,Cardiovascular Disease Prevention,MI
fc7edacfd7__NCDes_v6.1_Data_Dictionary_24_25.xlsx,cc75bdfe4831a50fcc8a6f67ed8279a4b80e2edb67853b09e9d29df138f2fe8d,https://files.digital.nhs.uk/19/1E8D7F/NCDes_v6.1_Data_Dictionary_24_25.xlsx,202409,202503,2024-25,NCD,CVD07,"Percentage of men aged 50 years or over and women aged 55 years or over, without established Cardiovascular Disease and not on lipid lowering therapy, who have a QRISK score recorded on their GP record in the preceding five years and who have a recording of cholesterol levels, blood pressure and smoking status in the 12 months preceding recording of the most recent QRISK score.",Cardiovascular Disease Prevention,MI
fc7edacfd7__NCDes_v6.1_Data_Dictionary_24_25.xlsx,cc75bdfe4831a50fcc8a6f67ed8279a4b80e2edb67853b09e9d29df138f2fe8d,https://files.digital.nhs.uk/19/1E8D7F/NCDes_v6.1_Data_Dictionary_24_25.xlsx,202409,202503,2024-25,NCD,CVD08,"Percentage of patients aged 25 to 84 years inclusive without established cardiovascular disease or diabetes and with a last recorded CVD risk score (QRISK2 or 3) greater than 20 percent, who are currently treated with statins, or where a statin is declined or clinically unsuitable, another lipid-lowering therapy.",Cardiovascular Disease Prevention,MI
fc7edacfd7__NCDes_v6.1_Data_Dictionary_24_25.xlsx,cc75bdfe4831a50fcc8a6f67ed8279a4b80e2edb67853b09e9d29df138f2fe8d,https://files.digital.nhs.uk/19/1E8D7F/NCDes_v6.1_Data_Dictionary_24_25.xlsx,202409,202503,2024-25,NCD,CVD13,"Percentage of patients aged 25 to 84 years inclusive and with a last recorded CVD risk score (QRISK2 or 3) greater than or equal to 10 percent, who are currently treated with statins.",Cardiovascular Disease Prevention,MI
fc7edacfd7__NCDes_v6.1_Data_Dictionary_24_25.xlsx,cc75bdfe4831a50fcc8a6f67ed8279a4b80e2edb67853b09e9d29df138f2fe8d,https://files.digital.nhs.uk/19/1E8D7F/NCDes_v6.1_Data_Dictionary_24_25.xlsx,202409,202503,2024-25,NCD,CVD10,"Percentage of patients aged 65 years or over and who received a blood pressure check, who received a pulse check.",Cardiovascular Disease Prevention,MI
fc7edacfd7__NCDes_v6.1_Data_Dictionary_24_25.xlsx,cc75bdfe4831a50fcc8a6f67ed8279a4b80e2edb67853b09e9d29df138f2fe8d,https://files.digital.nhs.uk/19/1E8D7F/NCDes_v6.1_Data_Dictionary_24_25.xlsx,202409,202503,2024-25,NCD,CVD11,"Percentage of patients aged 18 years or over with an observation indicating suspected atrial fibrillation recorded during the financial year (including presentations of breathlessness, palpitations, syncope or dizziness, or chest discomfort) who received a pulse check.",Cardiovascular Disease Prevention,MI
fc7edacfd7__NCDes_v6.1_Data_Dictionary_24_25.xlsx,cc75bdfe4831a50fcc8a6f67ed8279a4b80e2edb67853b09e9d29df138f2fe8d,https://files.digital.nhs.uk/19/1E8D7F/NCDes_v6.1_Data_Dictionary_24_25.xlsx,202409,202503,2024-25,NCD,CVD14,Percentage of patients aged 65 years or over and with an irregular pulse who either received an electrocardiogram or were referred for an electrocardiogram.,Cardiovascular Disease Prevention,MI
fc7edacfd7__NCDes_v6.1_Data_Dictionary_24_25.xlsx,cc75bdfe4831a50fcc8a6f67ed8279a4b80e2edb67853b09e9d29df138f2fe8d,https://files.digital.nhs.uk/19/1E8D7F/NCDes_v6.1_Data_Dictionary_24_25.xlsx,202409,202503,2024-25,NCD,CVD03,"Percentage of patients aged 25 to 84 years inclusive without established cardiovascular disease and with a last recorded CVD risk score (QRISK2 or 3) greater than 20 percent, who are currently treated with statins.",Cardiovascular Disease Prevention,MI
fc7edacfd7__NCDes_v6.1_Data_Dictionary_24_25.xlsx,cc75bdfe4831a50fcc8a6f67ed8279a4b80e2edb67853b09e9d29df138f2fe8d,https://files.digital.nhs.uk/19/1E8D7F/NCDes_v6.1_Data_Dictionary_24_25.xlsx,202409,202503,2024-25,NCD,EHCH01,"Number of patients aged 18 years or over and recorded as living in a care home, as a percentage of care home beds eligible to receive the Enhanced Health in Care Homes service.",Enhanced Health in Care Homes,MI
fc7edacfd7__NCDes_v6.1_Data_Dictionary_24_25.xlsx,cc75bdfe4831a50fcc8a6f67ed8279a4b80e2edb67853b09e9d29df138f2fe8d,https://files.digital.nhs.uk/19/1E8D7F/NCDes_v6.1_Data_Dictionary_24_25.xlsx,202409,202503,2024-25,NCD,EHCH02,"Percentage of care home residents aged 18 years or over, who had a Personalised Care and Support Plan (PCSP) agreed or reviewed.",Enhanced Health in Care Homes,MI
fc7edacfd7__NCDes_v6.1_Data_Dictionary_24_25.xlsx,cc75bdfe4831a50fcc8a6f67ed8279a4b80e2edb67853b09e9d29df138f2fe8d,https://files.digital.nhs.uk/19/1E8D7F/NCDes_v6.1_Data_Dictionary_24_25.xlsx,202409,202503,2024-25,NCD,EHCH05,"Percentage of permanent care home residents aged 18 years or over, and recorded as experiencing acute confusion, who received a delirium assessment.",Enhanced Health in Care Homes,MI
fc7edacfd7__NCDes_v6.1_Data_Dictionary_24_25.xlsx,cc75bdfe4831a50fcc8a6f67ed8279a4b80e2edb67853b09e9d29df138f2fe8d,https://files.digital.nhs.uk/19/1E8D7F/NCDes_v6.1_Data_Dictionary_24_25.xlsx,202409,202503,2024-25,NCD,EHCH27,Percentage of care home residents aged 18 years or over on the QOF Dementia Register.,Enhanced Health in Care Homes,MI
fc7edacfd7__NCDes_v6.1_Data_Dictionary_24_25.xlsx,cc75bdfe4831a50fcc8a6f67ed8279a4b80e2edb67853b09e9d29df138f2fe8d,https://files.digital.nhs.uk/19/1E8D7F/NCDes_v6.1_Data_Dictionary_24_25.xlsx,202409,202503,2024-25,NCD,EHCH28,Percentage of permanent care home residents aged 18 years or over with a preferred place of death recorded.,Enhanced Health in Care Homes,MI
fc7edacfd7__NCDes_v6.1_Data_Dictionary_24_25.xlsx,cc75bdfe4831a50fcc8a6f67ed8279a4b80e2edb67853b09e9d29df138f2fe8d,https://files.digital.nhs.uk/19/1E8D7F/NCDes_v6.1_Data_Dictionary_24_25.xlsx,202409,202503,2024-25,NCD,EHCH29,Mean number of Multidisciplinary Team meetings per care home resident aged 18 years or over.,Enhanced Health in Care Homes,MI
fc7edacfd7__NCDes_v6.1_Data_Dictionary_24_25.xlsx,cc75bdfe4831a50fcc8a6f67ed8279a4b80e2edb67853b09e9d29df138f2fe8d,https://files.digital.nhs.uk/19/1E8D7F/NCDes_v6.1_Data_Dictionary_24_25.xlsx,202409,202503,2024-25,NCD,EHCH14,Percentage of permanent care home residents aged 18 years or over who received a falls risk assessment.,Enhanced Health in Care Homes,MI
fc7edacfd7__NCDes_v6.1_Data_Dictionary_24_25.xlsx,cc75bdfe4831a50fcc8a6f67ed8279a4b80e2edb67853b09e9d29df138f2fe8d,https://files.digital.nhs.uk/19/1E8D7F/NCDes_v6.1_Data_Dictionary_24_25.xlsx,202409,202503,2024-25,NCD,EHCH24,Percentage of permanent care home residents aged 18 years or over who received a psychosocial assessment.,Enhanced Health in Care Homes,MI
fc7edacfd7__NCDes_v6.1_Data_Dictionary_24_25.xlsx,cc75bdfe4831a50fcc8a6f67ed8279a4b80e2edb67853b09e9d29df138f2fe8d,https://files.digital.nhs.uk/19/1E8D7F/NCDes_v6.1_Data_Dictionary_24_25.xlsx,202409,202503,2024-25,NCD,EHCH04,Mean number of patient contacts as part of weekly care home round per care home resident aged 18 years or over.,Enhanced Health in Care Homes,MI
fc7edacfd7__NCDes_v6.1_Data_Dictionary_24_25.xlsx,cc75bdfe4831a50fcc8a6f67ed8279a4b80e2edb67853b09e9d29df138f2fe8d,https://files.digital.nhs.uk/19/1E8D7F/NCDes_v6.1_Data_Dictionary_24_25.xlsx,202409,202503,2024-25,NCD,ES01,Metered Dose Inhaler (MDI) prescriptions as a percentage of all non-salbutamol inhaler prescriptions issued to patients aged 12 years or over.,Environmental Sustainability,MI
fc7edacfd7__NCDes_v6.1_Data_Dictionary_24_25.xlsx,cc75bdfe4831a50fcc8a6f67ed8279a4b80e2edb67853b09e9d29df138f2fe8d,https://files.digital.nhs.uk/19/1E8D7F/NCDes_v6.1_Data_Dictionary_24_25.xlsx,202409,202503,2024-25,NCD,PC01,Percentage of registered patients referred to a social prescribing service.,Personalised Care,MI
fc7edacfd7__NCDes_v6.1_Data_Dictionary_24_25.xlsx,cc75bdfe4831a50fcc8a6f67ed8279a4b80e2edb67853b09e9d29df138f2fe8d,https://files.digital.nhs.uk/19/1E8D7F/NCDes_v6.1_Data_Dictionary_24_25.xlsx,202409,202503,2024-25,NCD,PC14,Percentage of registered patients who had a Personalised Care and Support Plan agreed.,Personalised Care,MI
fc7edacfd7__NCDes_v6.1_Data_Dictionary_24_25.xlsx,cc75bdfe4831a50fcc8a6f67ed8279a4b80e2edb67853b09e9d29df138f2fe8d,https://files.digital.nhs.uk/19/1E8D7F/NCDes_v6.1_Data_Dictionary_24_25.xlsx,202409,202503,2024-25,NCD,PC15,Percentage of registered patients who had a Personalised Care and Support Plan reviewed.,Personalised Care,MI
fc7edacfd7__NCDes_v6.1_Data_Dictionary_24_25.xlsx,cc75bdfe4831a50fcc8a6f67ed8279a4b80e2edb67853b09e9d29df138f2fe8d,https://files.digital.nhs.uk/19/1E8D7F/NCDes_v6.1_Data_Dictionary_24_25.xlsx,202409,202503,2024-25,NCD,PC17,Percentage of registered patients whose care was discussed as part of a shared decision-making process.,Personalised Care,MI
fc7edacfd7__NCDes_v6.1_Data_Dictionary_24_25.xlsx,cc75bdfe4831a50fcc8a6f67ed8279a4b80e2edb67853b09e9d29df138f2fe8d,https://files.digital.nhs.uk/19/1E8D7F/NCDes_v6.1_Data_Dictionary_24_25.xlsx,202409,202503,2024-25,NCD,PC02,Number of Social Prescribing Link Worker consultations per patient currently being seen by a social prescribing service.,Personalised Care,MI
fc7edacfd7__NCDes_v6.1_Data_Dictionary_24_25.xlsx,cc75bdfe4831a50fcc8a6f67ed8279a4b80e2edb67853b09e9d29df138f2fe8d,https://files.digital.nhs.uk/19/1E8D7F/NCDes_v6.1_Data_Dictionary_24_25.xlsx,202409,202503,2024-25,NCD,PC03,Number of General Practitioner consultations per patient currently being seen by a social prescribing service.,Personalised Care,MI
fc7edacfd7__NCDes_v6.1_Data_Dictionary_24_25.xlsx,cc75bdfe4831a50fcc8a6f67ed8279a4b80e2edb67853b09e9d29df138f2fe8d,https://files.digital.nhs.uk/19/1E8D7F/NCDes_v6.1_Data_Dictionary_24_25.xlsx,202409,202503,2024-25,NCD,PC20,Number of consultations per patient currently being seen by a social prescribing service.,Personalised Care,MI
fc7edacfd7__NCDes_v6.1_Data_Dictionary_24_25.xlsx,cc75bdfe4831a50fcc8a6f67ed8279a4b80e2edb67853b09e9d29df138f2fe8d,https://files.digital.nhs.uk/19/1E8D7F/NCDes_v6.1_Data_Dictionary_24_25.xlsx,202409,202503,2024-25,NCD,PR001,Percentage of registered patients under the care of Proactive Care service.,Proactive Care,MI
fc7edacfd7__NCDes_v6.1_Data_Dictionary_24_25.xlsx,cc75bdfe4831a50fcc8a6f67ed8279a4b80e2edb67853b09e9d29df138f2fe8d,https://files.digital.nhs.uk/19/1E8D7F/NCDes_v6.1_Data_Dictionary_24_25.xlsx,202409,202503,2024-25,NCD,PR002,Percentage of registered patients discharged from Proactive Care service.,Proactive Care,MI
fc7edacfd7__NCDes_v6.1_Data_Dictionary_24_25.xlsx,cc75bdfe4831a50fcc8a6f67ed8279a4b80e2edb67853b09e9d29df138f2fe8d,https://files.digital.nhs.uk/19/1E8D7F/NCDes_v6.1_Data_Dictionary_24_25.xlsx,202409,202503,2024-25,NCD,RESP01,"Percentage of patients on the QOF Asthma Register who received three or more inhaled corticosteroid (ICS, inclusive of ICS/LABA) prescriptions over the previous 12 months.",Respiratory Care,MI
fc7edacfd7__NCDes_v6.1_Data_Dictionary_24_25.xlsx,cc75bdfe4831a50fcc8a6f67ed8279a4b80e2edb67853b09e9d29df138f2fe8d,https://files.digital.nhs.uk/19/1E8D7F/NCDes_v6.1_Data_Dictionary_24_25.xlsx,202409,202503,2024-25,NCD,RESP02,Percentage of patients on the QOF Asthma Register who received six or more Short Acting Beta-2 Agonist (SABA) inhaler prescriptions over the previous 12 months.,Respiratory Care,MI
fc7edacfd7__NCDes_v6.1_Data_Dictionary_24_25.xlsx,cc75bdfe4831a50fcc8a6f67ed8279a4b80e2edb67853b09e9d29df138f2fe8d,https://files.digital.nhs.uk/19/1E8D7F/NCDes_v6.1_Data_Dictionary_24_25.xlsx,202409,202503,2024-25,NCD,SMR25,"Percentage of patients aged 18 years or over with a history of peptic ulceration and prescribed an oral non-steroidal anti-inflammatory drug (NSAID), who were not prescribed a gastro-protective.",SMRs & Medicines Optimisation,MI
fc7edacfd7__NCDes_v6.1_Data_Dictionary_24_25.xlsx,cc75bdfe4831a50fcc8a6f67ed8279a4b80e2edb67853b09e9d29df138f2fe8d,https://files.digital.nhs.uk/19/1E8D7F/NCDes_v6.1_Data_Dictionary_24_25.xlsx,202409,202503,2024-25,NCD,SMR26,"Percentage of patients aged 18 years or over with a history of peptic ulceration and prescribed an anti-platelet, who were not prescribed a gastro-protective.",SMRs & Medicines Optimisation,MI
fc7edacfd7__NCDes_v6.1_Data_Dictionary_24_25.xlsx,cc75bdfe4831a50fcc8a6f67ed8279a4b80e2edb67853b09e9d29df138f2fe8d,https://files.digital.nhs.uk/19/1E8D7F/NCDes_v6.1_Data_Dictionary_24_25.xlsx,202409,202503,2024-25,NCD,SMR30,Percentage of patients aged 18 years or over with heart failure who were prescribed an oral non-steroidal anti-inflammatory drug (NSAID).,SMRs & Medicines Optimisation,MI
fc7edacfd7__NCDes_v6.1_Data_Dictionary_24_25.xlsx,cc75bdfe4831a50fcc8a6f67ed8279a4b80e2edb67853b09e9d29df138f2fe8d,https://files.digital.nhs.uk/19/1E8D7F/NCDes_v6.1_Data_Dictionary_24_25.xlsx,202409,202503,2024-25,NCD,SMR31,Percentage of patients aged 18 years or over with an eGFR less than 45 who were prescribed an oral non-steroidal anti-inflammatory drug (NSAID).,SMRs & Medicines Optimisation,MI
fc7edacfd7__NCDes_v6.1_Data_Dictionary_24_25.xlsx,cc75bdfe4831a50fcc8a6f67ed8279a4b80e2edb67853b09e9d29df138f2fe8d,https://files.digital.nhs.uk/19/1E8D7F/NCDes_v6.1_Data_Dictionary_24_25.xlsx,202409,202503,2024-25,NCD,SMR32,Percentage of patients aged 18 years or over with an unresolved asthma diagnosis who were prescribed a non-selective beta-blocker.,SMRs & Medicines Optimisation,MI
fc7edacfd7__NCDes_v6.1_Data_Dictionary_24_25.xlsx,cc75bdfe4831a50fcc8a6f67ed8279a4b80e2edb67853b09e9d29df138f2fe8d,https://files.digital.nhs.uk/19/1E8D7F/NCDes_v6.1_Data_Dictionary_24_25.xlsx,202409,202503,2024-25,NCD,SMR33,Percentage of patients aged 75 years or over on a long-term prescription of an angiotensin converting enzyme (ACE) inhibitor or a loop diuretic who have not had their renal function and electrolytes recorded in the previous 15 months.,SMRs & Medicines Optimisation,MI
fc7edacfd7__NCDes_v6.1_Data_Dictionary_24_25.xlsx,cc75bdfe4831a50fcc8a6f67ed8279a4b80e2edb67853b09e9d29df138f2fe8d,https://files.digital.nhs.uk/19/1E8D7F/NCDes_v6.1_Data_Dictionary_24_25.xlsx,202409,202503,2024-25,NCD,SMR34,Percentage of patients aged 18 years or over prescribed methotrexate for at least 3 months without a full blood count in the previous 3 months.,SMRs & Medicines Optimisation,MI
fc7edacfd7__NCDes_v6.1_Data_Dictionary_24_25.xlsx,cc75bdfe4831a50fcc8a6f67ed8279a4b80e2edb67853b09e9d29df138f2fe8d,https://files.digital.nhs.uk/19/1E8D7F/NCDes_v6.1_Data_Dictionary_24_25.xlsx,202409,202503,2024-25,NCD,SMR35,Percentage of patients aged 18 years or over prescribed methotrexate for at least 3 months without a liver function test in the previous 3 months.,SMRs & Medicines Optimisation,MI
fc7edacfd7__NCDes_v6.1_Data_Dictionary_24_25.xlsx,cc75bdfe4831a50fcc8a6f67ed8279a4b80e2edb67853b09e9d29df138f2fe8d,https://files.digital.nhs.uk/19/1E8D7F/NCDes_v6.1_Data_Dictionary_24_25.xlsx,202409,202503,2024-25,NCD,SMR36,Percentage of patients aged 18 years or over prescribed lithium for at least 3 months without a lithium concentration check in the previous 3 months.,SMRs & Medicines Optimisation,MI
fc7edacfd7__NCDes_v6.1_Data_Dictionary_24_25.xlsx,cc75bdfe4831a50fcc8a6f67ed8279a4b80e2edb67853b09e9d29df138f2fe8d,https://files.digital.nhs.uk/19/1E8D7F/NCDes_v6.1_Data_Dictionary_24_25.xlsx,202409,202503,2024-25,NCD,SMR37,Percentage of patients aged 18 years or over prescribed amiodarone for at least 6 months without a thyroid function test (TFT) in the previous 6 months.,SMRs & Medicines Optimisation,MI
fc7edacfd7__NCDes_v6.1_Data_Dictionary_24_25.xlsx,cc75bdfe4831a50fcc8a6f67ed8279a4b80e2edb67853b09e9d29df138f2fe8d,https://files.digital.nhs.uk/19/1E8D7F/NCDes_v6.1_Data_Dictionary_24_25.xlsx,202409,202503,2024-25,NCD,SMR01A,Percentage of patients at risk of harm due to medication errors who received a Structured Medication Review.,SMRs & Medicines Optimisation,MI
fc7edacfd7__NCDes_v6.1_Data_Dictionary_24_25.xlsx,cc75bdfe4831a50fcc8a6f67ed8279a4b80e2edb67853b09e9d29df138f2fe8d,https://files.digital.nhs.uk/19/1E8D7F/NCDes_v6.1_Data_Dictionary_24_25.xlsx,202409,202503,2024-25,NCD,SMR01B,Percentage of patients living with severe frailty who received a Structured Medication Review.,SMRs & Medicines Optimisation,MI
fc7edacfd7__NCDes_v6.1_Data_Dictionary_24_25.xlsx,cc75bdfe4831a50fcc8a6f67ed8279a4b80e2edb67853b09e9d29df138f2fe8d,https://files.digital.nhs.uk/19/1E8D7F/NCDes_v6.1_Data_Dictionary_24_25.xlsx,202409,202503,2024-25,NCD,SMR01C,Percentage of patients using potentially addictive medicines who received a Structured Medication Review.,SMRs & Medicines Optimisation,MI
fc7edacfd7__NCDes_v6.1_Data_Dictionary_24_25.xlsx,cc75bdfe4831a50fcc8a6f67ed8279a4b80e2edb67853b09e9d29df138f2fe8d,https://files.digital.nhs.uk/19/1E8D7F/NCDes_v6.1_Data_Dictionary_24_25.xlsx,202409,202503,2024-25,NCD,SMR01D,Percentage of permanent care home residents aged 18 years or over who received a Structured Medication Review.,SMRs & Medicines Optimisation,MI
fc7edacfd7__NCDes_v6.1_Data_Dictionary_24_25.xlsx,cc75bdfe4831a50fcc8a6f67ed8279a4b80e2edb67853b09e9d29df138f2fe8d,https://files.digital.nhs.uk/19/1E8D7F/NCDes_v6.1_Data_Dictionary_24_25.xlsx,202409,202503,2024-25,NCD,SMR02A,"Percentage of patients aged 18 years or over prescribed both a Non-Steroidal Anti-Inflammatory Drug (NSAID) and an oral anticoagulant in the last 3 months of the previous financial year, who, in the three months to the end of the reporting period, were either (i) no longer prescribed an NSAID or (ii) prescribed a gastro-protective in addition to an NSAID.",SMRs & Medicines Optimisation,MI
fc7edacfd7__NCDes_v6.1_Data_Dictionary_24_25.xlsx,cc75bdfe4831a50fcc8a6f67ed8279a4b80e2edb67853b09e9d29df138f2fe8d,https://files.digital.nhs.uk/19/1E8D7F/NCDes_v6.1_Data_Dictionary_24_25.xlsx,202409,202503,2024-25,NCD,SMR02B,"Percentage of patients aged 65 years or over prescribed a Non-Steroidal Anti-Inflammatory Drug (NSAID) and not an oral anticoagulant in the last 3 months of the previous financial year, who, in the three months to the end of the reporting period, were either (i) no longer prescribed an NSAID or (ii) prescribed a gastro-protective in addition to an NSAID.",SMRs & Medicines Optimisation,MI
fc7edacfd7__NCDes_v6.1_Data_Dictionary_24_25.xlsx,cc75bdfe4831a50fcc8a6f67ed8279a4b80e2edb67853b09e9d29df138f2fe8d,https://files.digital.nhs.uk/19/1E8D7F/NCDes_v6.1_Data_Dictionary_24_25.xlsx,202409,202503,2024-25,NCD,SMR02C,"Percentage of patients aged 18 years or over prescribed both an oral anticoagulant and an anti-platelet in the last 3 months of the previous financial year, who, in the three months to the end of the reporting period, were either (i) no longer prescribed an anti-platelet or (ii) prescribed a gastro-protective in addition to an anti-platelet.",SMRs & Medicines Optimisation,MI
fc7edacfd7__NCDes_v6.1_Data_Dictionary_24_25.xlsx,cc75bdfe4831a50fcc8a6f67ed8279a4b80e2edb67853b09e9d29df138f2fe8d,https://files.digital.nhs.uk/19/1E8D7F/NCDes_v6.1_Data_Dictionary_24_25.xlsx,202409,202503,2024-25,NCD,SMR02D,"Percentage of patients aged 18 years or over prescribed aspirin and another anti-platelet in the last 3 months of the previous financial year, who, in the three months to the end of the reporting period, were either (i) no longer prescribed aspirin and/or no longer prescribed an anti-platelet or (ii) prescribed a gastro-protective in addition to both aspirin and another anti-platelet.",SMRs & Medicines Optimisation,MI
fc7edacfd7__NCDes_v6.1_Data_Dictionary_24_25.xlsx,cc75bdfe4831a50fcc8a6f67ed8279a4b80e2edb67853b09e9d29df138f2fe8d,https://files.digital.nhs.uk/19/1E8D7F/NCDes_v6.1_Data_Dictionary_24_25.xlsx,202409,202503,2024-25,NCD,SMR03,"Percentage of patients prescribed a direct-acting oral anticoagulant, who received a renal function test and a recording of their weight and Creatinine Clearance Rate, along with a change or confirmation of their medication dose.",SMRs & Medicines Optimisation,MI
fc7edacfd7__NCDes_v6.1_Data_Dictionary_24_25.xlsx,cc75bdfe4831a50fcc8a6f67ed8279a4b80e2edb67853b09e9d29df138f2fe8d,https://files.digital.nhs.uk/19/1E8D7F/NCDes_v6.1_Data_Dictionary_24_25.xlsx,202409,202503,2024-25,NCD,HI03,"Percentage of patients on the QOF Learning Disability register aged 14 or over, who received an annual Learning Disability Health Check and have a completed Health Action Plan, in addition to a recording of ethnicity.",Tackling Health Inequalities,Payment
fc7edacfd7__NCDes_v6.1_Data_Dictionary_24_25.xlsx,cc75bdfe4831a50fcc8a6f67ed8279a4b80e2edb67853b09e9d29df138f2fe8d,https://files.digital.nhs.uk/19/1E8D7F/NCDes_v6.1_Data_Dictionary_24_25.xlsx,202409,202503,2024-25,NCD,HI27,Percentage of patients aged 14 years or over and on the QOF Learning Disability Register who received a Learning Disability Annual Health Check.,Tackling Health Inequalities,MI
fc7edacfd7__NCDes_v6.1_Data_Dictionary_24_25.xlsx,cc75bdfe4831a50fcc8a6f67ed8279a4b80e2edb67853b09e9d29df138f2fe8d,https://files.digital.nhs.uk/19/1E8D7F/NCDes_v6.1_Data_Dictionary_24_25.xlsx,202409,202503,2024-25,NCD,HI04,Percentage of registered patients who were given the opportunity to state their ethnicity but chose not to.,Tackling Health Inequalities,MI
fc7edacfd7__NCDes_v6.1_Data_Dictionary_24_25.xlsx,cc75bdfe4831a50fcc8a6f67ed8279a4b80e2edb67853b09e9d29df138f2fe8d,https://files.digital.nhs.uk/19/1E8D7F/NCDes_v6.1_Data_Dictionary_24_25.xlsx,202409,202503,2024-25,NCD,HI08,"Percentage of patients aged 18 years or over, recorded as being from an ethnic minority, not on the QOF Hypertension Register as of 31 March 2024, and who have (i) a last recorded blood pressure reading in the 4 years prior to 1 April 2024 >= 140/90 mmHg (with the exception of patients whose first blood pressure reading >= 140/90 mmHg in this period is on or after 1 October 2023) for whom there is evidence of clinically appropriate follow-up to confirm or exclude a diagnosis of hypertension by 31 March 2025 OR (ii) a blood pressure reading >= 140/90mmHg on or after 1 October 2023, for whom there is evidence of clinically appropriate follow-up to confirm or exclude a diagnosis of hypertension within 6 months of elevated reading.",Tackling Health Inequalities,MI
fc7edacfd7__NCDes_v6.1_Data_Dictionary_24_25.xlsx,cc75bdfe4831a50fcc8a6f67ed8279a4b80e2edb67853b09e9d29df138f2fe8d,https://files.digital.nhs.uk/19/1E8D7F/NCDes_v6.1_Data_Dictionary_24_25.xlsx,202409,202503,2024-25,NCD,HI09,Percentage of patients aged 45 years or over and recorded as being from an ethnic minority who have a record of blood pressure in the preceding 5 years.,Tackling Health Inequalities,MI
fc7edacfd7__NCDes_v6.1_Data_Dictionary_24_25.xlsx,cc75bdfe4831a50fcc8a6f67ed8279a4b80e2edb67853b09e9d29df138f2fe8d,https://files.digital.nhs.uk/19/1E8D7F/NCDes_v6.1_Data_Dictionary_24_25.xlsx,202409,202503,2024-25,NCD,HI17,"Percentage of patients with schizophrenia, bipolar affective disorder and other psychoses and recorded as being from an ethnic minority who received all six elements of the Physical Health Check for people with Severe Mental Illness.",Tackling Health Inequalities,MI
fc7edacfd7__NCDes_v6.1_Data_Dictionary_24_25.xlsx,cc75bdfe4831a50fcc8a6f67ed8279a4b80e2edb67853b09e9d29df138f2fe8d,https://files.digital.nhs.uk/19/1E8D7F/NCDes_v6.1_Data_Dictionary_24_25.xlsx,202409,202503,2024-25,NCD,HI01,"Percentage of patients on the QOF Learning Disability register aged 14 years or over, who received an annual Learning Disability Health Check and a completed Health Action Plan.",Tackling Health Inequalities,MI
fc7edacfd7__NCDes_v6.1_Data_Dictionary_24_25.xlsx,cc75bdfe4831a50fcc8a6f67ed8279a4b80e2edb67853b09e9d29df138f2fe8d,https://files.digital.nhs.uk/19/1E8D7F/NCDes_v6.1_Data_Dictionary_24_25.xlsx,202409,202503,2024-25,NCD,HI02,Percentage of registered patients with a recording of ethnicity.,Tackling Health Inequalities,MI
fc7edacfd7__NCDes_v6.1_Data_Dictionary_24_25.xlsx,cc75bdfe4831a50fcc8a6f67ed8279a4b80e2edb67853b09e9d29df138f2fe8d,https://files.digital.nhs.uk/19/1E8D7F/NCDes_v6.1_Data_Dictionary_24_25.xlsx,202409,202503,2024-25,NCD,HI21,Number of patients recorded as having a diagnosis of autism.,Tackling Health Inequalities,MI
fc7edacfd7__NCDes_v6.1_Data_Dictionary_24_25.xlsx,cc75bdfe4831a50fcc8a6f67ed8279a4b80e2edb67853b09e9d29df138f2fe8d,https://files.digital.nhs.uk/19/1E8D7F/NCDes_v6.1_Data_Dictionary_24_25.xlsx,202409,202503,2024-25,NCD,HI18,Number of registered patients with a Type 1 Opt Out.,Tackling Health Inequalities,MI
fc7edacfd7__NCDes_v6.1_Data_Dictionary_24_25.xlsx,cc75bdfe4831a50fcc8a6f67ed8279a4b80e2edb67853b09e9d29df138f2fe8d,https://files.digital.nhs.uk/19/1E8D7F/NCDes_v6.1_Data_Dictionary_24_25.xlsx,202409,202503,2024-25,NCD,VI01,"Percentage of patients aged 65 years or over, who received a seasonal influenza vaccination between 1 September and 31 March.",Vaccination & Immunisation,MI
fc7edacfd7__NCDes_v6.1_Data_Dictionary_24_25.xlsx,cc75bdfe4831a50fcc8a6f67ed8279a4b80e2edb67853b09e9d29df138f2fe8d,https://files.digital.nhs.uk/19/1E8D7F/NCDes_v6.1_Data_Dictionary_24_25.xlsx,202409,202503,2024-25,NCD,VI02,"Percentage of at-risk patients aged 18 to 64 years inclusive, who received a seasonal influenza vaccination between 1 September and 31 March.",Vaccination & Immunisation,MI
fc7edacfd7__NCDes_v6.1_Data_Dictionary_24_25.xlsx,cc75bdfe4831a50fcc8a6f67ed8279a4b80e2edb67853b09e9d29df138f2fe8d,https://files.digital.nhs.uk/19/1E8D7F/NCDes_v6.1_Data_Dictionary_24_25.xlsx,202409,202503,2024-25,NCD,VI03,Percentage of patients aged two or three years on 31 August of the relevant financial year who received a seasonal influenza vaccination between 1 September and 31 March.,Vaccination & Immunisation,MI
83e82be45b__NCDes_v7.0_Data_Dictionary_25_26 (2).xlsx,c5f1bbd53060cfff86ecb62607f66353bb799409acae3378a9493f247c62dbff,https://files.digital.nhs.uk/75/314B00/NCDes_v7.0_Data_Dictionary_25_26%20%282%29.xlsx,202504,202504,2025-26,NCD,CAN04,"The proportion of patients who have had a lower gastrointestinal urgent suspected cancer referral in the reporting year where at least one urgent suspected cancer referral was accompanied by a faecal immunochemical test result, with the result recorded in the 21 days leading up to the referral.",Cancer,Payment
83e82be45b__NCDes_v7.0_Data_Dictionary_25_26 (2).xlsx,c5f1bbd53060cfff86ecb62607f66353bb799409acae3378a9493f247c62dbff,https://files.digital.nhs.uk/75/314B00/NCDes_v7.0_Data_Dictionary_25_26%20%282%29.xlsx,202504,202504,2025-26,NCD,SMR01A,Percentage of patients at risk of harm due to medication errors who received a Structured Medication Review.,SMRs & Medicines Optimisation,MI
83e82be45b__NCDes_v7.0_Data_Dictionary_25_26 (2).xlsx,c5f1bbd53060cfff86ecb62607f66353bb799409acae3378a9493f247c62dbff,https://files.digital.nhs.uk/75/314B00/NCDes_v7.0_Data_Dictionary_25_26%20%282%29.xlsx,202504,202504,2025-26,NCD,SMR01B,Percentage of patients living with severe frailty who received a Structured Medication Review.,SMRs & Medicines Optimisation,MI
83e82be45b__NCDes_v7.0_Data_Dictionary_25_26 (2).xlsx,c5f1bbd53060cfff86ecb62607f66353bb799409acae3378a9493f247c62dbff,https://files.digital.nhs.uk/75/314B00/NCDes_v7.0_Data_Dictionary_25_26%20%282%29.xlsx,202504,202504,2025-26,NCD,SMR01C,Percentage of patients using potentially addictive medicines who received a Structured Medication Review.,SMRs & Medicines Optimisation,MI
83e82be45b__NCDes_v7.0_Data_Dictionary_25_26 (2).xlsx,c5f1bbd53060cfff86ecb62607f66353bb799409acae3378a9493f247c62dbff,https://files.digital.nhs.uk/75/314B00/NCDes_v7.0_Data_Dictionary_25_26%20%282%29.xlsx,202504,202504,2025-26,NCD,SMR01D,Percentage of permanent care home residents aged 18 years or over who received a Structured Medication Review.,SMRs & Medicines Optimisation,MI
83e82be45b__NCDes_v7.0_Data_Dictionary_25_26 (2).xlsx,c5f1bbd53060cfff86ecb62607f66353bb799409acae3378a9493f247c62dbff,https://files.digital.nhs.uk/75/314B00/NCDes_v7.0_Data_Dictionary_25_26%20%282%29.xlsx,202504,202504,2025-26,NCD,SMR03,"Percentage of patients prescribed a direct-acting oral anticoagulant, who received a renal function test and a recording of their weight and Creatinine Clearance Rate, along with a change or confirmation of their medication dose.",SMRs & Medicines Optimisation,MI
83e82be45b__NCDes_v7.0_Data_Dictionary_25_26 (2).xlsx,c5f1bbd53060cfff86ecb62607f66353bb799409acae3378a9493f247c62dbff,https://files.digital.nhs.uk/75/314B00/NCDes_v7.0_Data_Dictionary_25_26%20%282%29.xlsx,202504,202504,2025-26,NCD,HI03,"Percentage of patients on the QOF Learning Disability (LD) register aged 14 or over, who received an annual Learning Disability Health Check and have a completed Health Action Plan in addition to a recording of ethnicity.",Tackling Health Inequalities,Payment
83e82be45b__NCDes_v7.0_Data_Dictionary_25_26 (2).xlsx,c5f1bbd53060cfff86ecb62607f66353bb799409acae3378a9493f247c62dbff,https://files.digital.nhs.uk/75/314B00/NCDes_v7.0_Data_Dictionary_25_26%20%282%29.xlsx,202504,202504,2025-26,NCD,HI21,Number of patients recorded as having a diagnosis of autism.,Tackling Health Inequalities,MI
1bf76b2e4d__NCDes_v7.0_Data_Dictionary_25_26.xlsx,c5f1bbd53060cfff86ecb62607f66353bb799409acae3378a9493f247c62dbff,https://files.digital.nhs.uk/74/72698E/NCDes_v7.0_Data_Dictionary_25_26.xlsx,202505,202603,2025-26,NCD,CAN04,"The proportion of patients who have had a lower gastrointestinal urgent suspected cancer referral in the reporting year where at least one urgent suspected cancer referral was accompanied by a faecal immunochemical test result, with the result recorded in the 21 days leading up to the referral.",Cancer,Payment
1bf76b2e4d__NCDes_v7.0_Data_Dictionary_25_26.xlsx,c5f1bbd53060cfff86ecb62607f66353bb799409acae3378a9493f247c62dbff,https://files.digital.nhs.uk/74/72698E/NCDes_v7.0_Data_Dictionary_25_26.xlsx,202505,202603,2025-26,NCD,SMR01A,Percentage of patients at risk of harm due to medication errors who received a Structured Medication Review.,SMRs & Medicines Optimisation,MI
1bf76b2e4d__NCDes_v7.0_Data_Dictionary_25_26.xlsx,c5f1bbd53060cfff86ecb62607f66353bb799409acae3378a9493f247c62dbff,https://files.digital.nhs.uk/74/72698E/NCDes_v7.0_Data_Dictionary_25_26.xlsx,202505,202603,2025-26,NCD,SMR01B,Percentage of patients living with severe frailty who received a Structured Medication Review.,SMRs & Medicines Optimisation,MI
1bf76b2e4d__NCDes_v7.0_Data_Dictionary_25_26.xlsx,c5f1bbd53060cfff86ecb62607f66353bb799409acae3378a9493f247c62dbff,https://files.digital.nhs.uk/74/72698E/NCDes_v7.0_Data_Dictionary_25_26.xlsx,202505,202603,2025-26,NCD,SMR01C,Percentage of patients using potentially addictive medicines who received a Structured Medication Review.,SMRs & Medicines Optimisation,MI
1bf76b2e4d__NCDes_v7.0_Data_Dictionary_25_26.xlsx,c5f1bbd53060cfff86ecb62607f66353bb799409acae3378a9493f247c62dbff,https://files.digital.nhs.uk/74/72698E/NCDes_v7.0_Data_Dictionary_25_26.xlsx,202505,202603,2025-26,NCD,SMR01D,Percentage of permanent care home residents aged 18 years or over who received a Structured Medication Review.,SMRs & Medicines Optimisation,MI
1bf76b2e4d__NCDes_v7.0_Data_Dictionary_25_26.xlsx,c5f1bbd53060cfff86ecb62607f66353bb799409acae3378a9493f247c62dbff,https://files.digital.nhs.uk/74/72698E/NCDes_v7.0_Data_Dictionary_25_26.xlsx,202505,202603,2025-26,NCD,SMR03,"Percentage of patients prescribed a direct-acting oral anticoagulant, who received a renal function test and a recording of their weight and Creatinine Clearance Rate, along with a change or confirmation of their medication dose.",SMRs & Medicines Optimisation,MI
1bf76b2e4d__NCDes_v7.0_Data_Dictionary_25_26.xlsx,c5f1bbd53060cfff86ecb62607f66353bb799409acae3378a9493f247c62dbff,https://files.digital.nhs.uk/74/72698E/NCDes_v7.0_Data_Dictionary_25_26.xlsx,202505,202603,2025-26,NCD,HI03,"Percentage of patients on the QOF Learning Disability (LD) register aged 14 or over, who received an annual Learning Disability Health Check and have a completed Health Action Plan in addition to a recording of ethnicity.",Tackling Health Inequalities,Payment
1bf76b2e4d__NCDes_v7.0_Data_Dictionary_25_26.xlsx,c5f1bbd53060cfff86ecb62607f66353bb799409acae3378a9493f247c62dbff,https://files.digital.nhs.uk/74/72698E/NCDes_v7.0_Data_Dictionary_25_26.xlsx,202505,202603,2025-26,NCD,HI21,Number of patients recorded as having a diagnosis of autism.,Tackling Health Inequalities,MI
de4f2e52df__NCDes_v7.0_Data_Dictionary_25_26.xlsx,c5f1bbd53060cfff86ecb62607f66353bb799409acae3378a9493f247c62dbff,https://files.digital.nhs.uk/35/F10F2D/NCDes_v7.0_Data_Dictionary_25_26.xlsx,202508,202508,2025-26,NCD,CAN04,"The proportion of patients who have had a lower gastrointestinal urgent suspected cancer referral in the reporting year where at least one urgent suspected cancer referral was accompanied by a faecal immunochemical test result, with the result recorded in the 21 days leading up to the referral.",Cancer,Payment
de4f2e52df__NCDes_v7.0_Data_Dictionary_25_26.xlsx,c5f1bbd53060cfff86ecb62607f66353bb799409acae3378a9493f247c62dbff,https://files.digital.nhs.uk/35/F10F2D/NCDes_v7.0_Data_Dictionary_25_26.xlsx,202508,202508,2025-26,NCD,SMR01A,Percentage of patients at risk of harm due to medication errors who received a Structured Medication Review.,SMRs & Medicines Optimisation,MI
de4f2e52df__NCDes_v7.0_Data_Dictionary_25_26.xlsx,c5f1bbd53060cfff86ecb62607f66353bb799409acae3378a9493f247c62dbff,https://files.digital.nhs.uk/35/F10F2D/NCDes_v7.0_Data_Dictionary_25_26.xlsx,202508,202508,2025-26,NCD,SMR01B,Percentage of patients living with severe frailty who received a Structured Medication Review.,SMRs & Medicines Optimisation,MI
de4f2e52df__NCDes_v7.0_Data_Dictionary_25_26.xlsx,c5f1bbd53060cfff86ecb62607f66353bb799409acae3378a9493f247c62dbff,https://files.digital.nhs.uk/35/F10F2D/NCDes_v7.0_Data_Dictionary_25_26.xlsx,202508,202508,2025-26,NCD,SMR01C,Percentage of patients using potentially addictive medicines who received a Structured Medication Review.,SMRs & Medicines Optimisation,MI
de4f2e52df__NCDes_v7.0_Data_Dictionary_25_26.xlsx,c5f1bbd53060cfff86ecb62607f66353bb799409acae3378a9493f247c62dbff,https://files.digital.nhs.uk/35/F10F2D/NCDes_v7.0_Data_Dictionary_25_26.xlsx,202508,202508,2025-26,NCD,SMR01D,Percentage of permanent care home residents aged 18 years or over who received a Structured Medication Review.,SMRs & Medicines Optimisation,MI
de4f2e52df__NCDes_v7.0_Data_Dictionary_25_26.xlsx,c5f1bbd53060cfff86ecb62607f66353bb799409acae3378a9493f247c62dbff,https://files.digital.nhs.uk/35/F10F2D/NCDes_v7.0_Data_Dictionary_25_26.xlsx,202508,202508,2025-26,NCD,SMR03,"Percentage of patients prescribed a direct-acting oral anticoagulant, who received a renal function test and a recording of their weight and Creatinine Clearance Rate, along with a change or confirmation of their medication dose.",SMRs & Medicines Optimisation,MI
de4f2e52df__NCDes_v7.0_Data_Dictionary_25_26.xlsx,c5f1bbd53060cfff86ecb62607f66353bb799409acae3378a9493f247c62dbff,https://files.digital.nhs.uk/35/F10F2D/NCDes_v7.0_Data_Dictionary_25_26.xlsx,202508,202508,2025-26,NCD,HI03,"Percentage of patients on the QOF Learning Disability (LD) register aged 14 or over, who received an annual Learning Disability Health Check and have a completed Health Action Plan in addition to a recording of ethnicity.",Tackling Health Inequalities,Payment
de4f2e52df__NCDes_v7.0_Data_Dictionary_25_26.xlsx,c5f1bbd53060cfff86ecb62607f66353bb799409acae3378a9493f247c62dbff,https://files.digital.nhs.uk/35/F10F2D/NCDes_v7.0_Data_Dictionary_25_26.xlsx,202508,202508,2025-26,NCD,HI21,Number of patients recorded as having a diagnosis of autism.,Tackling Health Inequalities,MI
58851672a0__NCDes_v7.0_Data_Dictionary_25_26 (5).xlsx,c5f1bbd53060cfff86ecb62607f66353bb799409acae3378a9493f247c62dbff,https://files.digital.nhs.uk/40/3D06B8/NCDes_v7.0_Data_Dictionary_25_26%20%285%29.xlsx,202511,202511,2025-26,NCD,CAN04,"The proportion of patients who have had a lower gastrointestinal urgent suspected cancer referral in the reporting year where at least one urgent suspected cancer referral was accompanied by a faecal immunochemical test result, with the result recorded in the 21 days leading up to the referral.",Cancer,Payment
58851672a0__NCDes_v7.0_Data_Dictionary_25_26 (5).xlsx,c5f1bbd53060cfff86ecb62607f66353bb799409acae3378a9493f247c62dbff,https://files.digital.nhs.uk/40/3D06B8/NCDes_v7.0_Data_Dictionary_25_26%20%285%29.xlsx,202511,202511,2025-26,NCD,SMR01A,Percentage of patients at risk of harm due to medication errors who received a Structured Medication Review.,SMRs & Medicines Optimisation,MI
58851672a0__NCDes_v7.0_Data_Dictionary_25_26 (5).xlsx,c5f1bbd53060cfff86ecb62607f66353bb799409acae3378a9493f247c62dbff,https://files.digital.nhs.uk/40/3D06B8/NCDes_v7.0_Data_Dictionary_25_26%20%285%29.xlsx,202511,202511,2025-26,NCD,SMR01B,Percentage of patients living with severe frailty who received a Structured Medication Review.,SMRs & Medicines Optimisation,MI
58851672a0__NCDes_v7.0_Data_Dictionary_25_26 (5).xlsx,c5f1bbd53060cfff86ecb62607f66353bb799409acae3378a9493f247c62dbff,https://files.digital.nhs.uk/40/3D06B8/NCDes_v7.0_Data_Dictionary_25_26%20%285%29.xlsx,202511,202511,2025-26,NCD,SMR01C,Percentage of patients using potentially addictive medicines who received a Structured Medication Review.,SMRs & Medicines Optimisation,MI
58851672a0__NCDes_v7.0_Data_Dictionary_25_26 (5).xlsx,c5f1bbd53060cfff86ecb62607f66353bb799409acae3378a9493f247c62dbff,https://files.digital.nhs.uk/40/3D06B8/NCDes_v7.0_Data_Dictionary_25_26%20%285%29.xlsx,202511,202511,2025-26,NCD,SMR01D,Percentage of permanent care home residents aged 18 years or over who received a Structured Medication Review.,SMRs & Medicines Optimisation,MI
58851672a0__NCDes_v7.0_Data_Dictionary_25_26 (5).xlsx,c5f1bbd53060cfff86ecb62607f66353bb799409acae3378a9493f247c62dbff,https://files.digital.nhs.uk/40/3D06B8/NCDes_v7.0_Data_Dictionary_25_26%20%285%29.xlsx,202511,202511,2025-26,NCD,SMR03,"Percentage of patients prescribed a direct-acting oral anticoagulant, who received a renal function test and a recording of their weight and Creatinine Clearance Rate, along with a change or confirmation of their medication dose.",SMRs & Medicines Optimisation,MI
58851672a0__NCDes_v7.0_Data_Dictionary_25_26 (5).xlsx,c5f1bbd53060cfff86ecb62607f66353bb799409acae3378a9493f247c62dbff,https://files.digital.nhs.uk/40/3D06B8/NCDes_v7.0_Data_Dictionary_25_26%20%285%29.xlsx,202511,202511,2025-26,NCD,HI03,"Percentage of patients on the QOF Learning Disability (LD) register aged 14 or over, who received an annual Learning Disability Health Check and have a completed Health Action Plan in addition to a recording of ethnicity.",Tackling Health Inequalities,Payment
58851672a0__NCDes_v7.0_Data_Dictionary_25_26 (5).xlsx,c5f1bbd53060cfff86ecb62607f66353bb799409acae3378a9493f247c62dbff,https://files.digital.nhs.uk/40/3D06B8/NCDes_v7.0_Data_Dictionary_25_26%20%285%29.xlsx,202511,202511,2025-26,NCD,HI21,Number of patients recorded as having a diagnosis of autism.,Tackling Health Inequalities,MI
0dfb3808f7__NCDes_v7.0_Data_Dictionary_25_26.xlsx,c5f1bbd53060cfff86ecb62607f66353bb799409acae3378a9493f247c62dbff,https://files.digital.nhs.uk/32/A775F7/NCDes_v7.0_Data_Dictionary_25_26.xlsx,202512,202512,2025-26,NCD,CAN04,"The proportion of patients who have had a lower gastrointestinal urgent suspected cancer referral in the reporting year where at least one urgent suspected cancer referral was accompanied by a faecal immunochemical test result, with the result recorded in the 21 days leading up to the referral.",Cancer,Payment
0dfb3808f7__NCDes_v7.0_Data_Dictionary_25_26.xlsx,c5f1bbd53060cfff86ecb62607f66353bb799409acae3378a9493f247c62dbff,https://files.digital.nhs.uk/32/A775F7/NCDes_v7.0_Data_Dictionary_25_26.xlsx,202512,202512,2025-26,NCD,SMR01A,Percentage of patients at risk of harm due to medication errors who received a Structured Medication Review.,SMRs & Medicines Optimisation,MI
0dfb3808f7__NCDes_v7.0_Data_Dictionary_25_26.xlsx,c5f1bbd53060cfff86ecb62607f66353bb799409acae3378a9493f247c62dbff,https://files.digital.nhs.uk/32/A775F7/NCDes_v7.0_Data_Dictionary_25_26.xlsx,202512,202512,2025-26,NCD,SMR01B,Percentage of patients living with severe frailty who received a Structured Medication Review.,SMRs & Medicines Optimisation,MI
0dfb3808f7__NCDes_v7.0_Data_Dictionary_25_26.xlsx,c5f1bbd53060cfff86ecb62607f66353bb799409acae3378a9493f247c62dbff,https://files.digital.nhs.uk/32/A775F7/NCDes_v7.0_Data_Dictionary_25_26.xlsx,202512,202512,2025-26,NCD,SMR01C,Percentage of patients using potentially addictive medicines who received a Structured Medication Review.,SMRs & Medicines Optimisation,MI
0dfb3808f7__NCDes_v7.0_Data_Dictionary_25_26.xlsx,c5f1bbd53060cfff86ecb62607f66353bb799409acae3378a9493f247c62dbff,https://files.digital.nhs.uk/32/A775F7/NCDes_v7.0_Data_Dictionary_25_26.xlsx,202512,202512,2025-26,NCD,SMR01D,Percentage of permanent care home residents aged 18 years or over who received a Structured Medication Review.,SMRs & Medicines Optimisation,MI
0dfb3808f7__NCDes_v7.0_Data_Dictionary_25_26.xlsx,c5f1bbd53060cfff86ecb62607f66353bb799409acae3378a9493f247c62dbff,https://files.digital.nhs.uk/32/A775F7/NCDes_v7.0_Data_Dictionary_25_26.xlsx,202512,202512,2025-26,NCD,SMR03,"Percentage of patients prescribed a direct-acting oral anticoagulant, who received a renal function test and a recording of their weight and Creatinine Clearance Rate, along with a change or confirmation of their medication dose.",SMRs & Medicines Optimisation,MI
0dfb3808f7__NCDes_v7.0_Data_Dictionary_25_26.xlsx,c5f1bbd53060cfff86ecb62607f66353bb799409acae3378a9493f247c62dbff,https://files.digital.nhs.uk/32/A775F7/NCDes_v7.0_Data_Dictionary_25_26.xlsx,202512,202512,2025-26,NCD,HI03,"Percentage of patients on the QOF Learning Disability (LD) register aged 14 or over, who received an annual Learning Disability Health Check and have a completed Health Action Plan in addition to a recording of ethnicity.",Tackling Health Inequalities,Payment
0dfb3808f7__NCDes_v7.0_Data_Dictionary_25_26.xlsx,c5f1bbd53060cfff86ecb62607f66353bb799409acae3378a9493f247c62dbff,https://files.digital.nhs.uk/32/A775F7/NCDes_v7.0_Data_Dictionary_25_26.xlsx,202512,202512,2025-26,NCD,HI21,Number of patients recorded as having a diagnosis of autism.,Tackling Health Inequalities,MI
f88f10350a__NCDes_v8.0_Data_Dictionary_26_27.xlsx,24c9c0587e486420536f165c73a69da0b5452476adfa113782deebc2e6673820,https://files.digital.nhs.uk/0D/D3F2FC/NCDes_v8.0_Data_Dictionary_26_27.xlsx,202604,202607,2026-27,NCD,CAN04,"The proportion of patients who have had a lower gastrointestinal urgent suspected cancer referral in the reporting year where at least one urgent suspected cancer referral was accompanied by a faecal immunochemical test result, with the result recorded in the 21 days leading up to the referral.",Cancer,Payment
f88f10350a__NCDes_v8.0_Data_Dictionary_26_27.xlsx,24c9c0587e486420536f165c73a69da0b5452476adfa113782deebc2e6673820,https://files.digital.nhs.uk/0D/D3F2FC/NCDes_v8.0_Data_Dictionary_26_27.xlsx,202604,202607,2026-27,NCD,SMR01A,Percentage of patients at risk of harm due to medication errors who received a Structured Medication Review.,SMRs & Medicines Optimisation,MI
f88f10350a__NCDes_v8.0_Data_Dictionary_26_27.xlsx,24c9c0587e486420536f165c73a69da0b5452476adfa113782deebc2e6673820,https://files.digital.nhs.uk/0D/D3F2FC/NCDes_v8.0_Data_Dictionary_26_27.xlsx,202604,202607,2026-27,NCD,SMR01B,Percentage of patients living with severe frailty who received a Structured Medication Review.,SMRs & Medicines Optimisation,MI
f88f10350a__NCDes_v8.0_Data_Dictionary_26_27.xlsx,24c9c0587e486420536f165c73a69da0b5452476adfa113782deebc2e6673820,https://files.digital.nhs.uk/0D/D3F2FC/NCDes_v8.0_Data_Dictionary_26_27.xlsx,202604,202607,2026-27,NCD,SMR01C,Percentage of patients using potentially addictive medicines who received a Structured Medication Review.,SMRs & Medicines Optimisation,MI
f88f10350a__NCDes_v8.0_Data_Dictionary_26_27.xlsx,24c9c0587e486420536f165c73a69da0b5452476adfa113782deebc2e6673820,https://files.digital.nhs.uk/0D/D3F2FC/NCDes_v8.0_Data_Dictionary_26_27.xlsx,202604,202607,2026-27,NCD,SMR01D,Percentage of permanent care home residents aged 18 years or over who received a Structured Medication Review.,SMRs & Medicines Optimisation,MI
f88f10350a__NCDes_v8.0_Data_Dictionary_26_27.xlsx,24c9c0587e486420536f165c73a69da0b5452476adfa113782deebc2e6673820,https://files.digital.nhs.uk/0D/D3F2FC/NCDes_v8.0_Data_Dictionary_26_27.xlsx,202604,202607,2026-27,NCD,SMR03,"Percentage of patients prescribed a direct-acting oral anticoagulant, who received a renal function test and a recording of their weight and Creatinine Clearance Rate, along with a change or confirmation of their medication dose.",SMRs & Medicines Optimisation,MI
f88f10350a__NCDes_v8.0_Data_Dictionary_26_27.xlsx,24c9c0587e486420536f165c73a69da0b5452476adfa113782deebc2e6673820,https://files.digital.nhs.uk/0D/D3F2FC/NCDes_v8.0_Data_Dictionary_26_27.xlsx,202604,202607,2026-27,NCD,HI03,"Percentage of patients on the QOF Learning Disability (LD) register aged 14 or over, who received an annual Learning Disability Health Check and have a completed Health Action Plan in addition to a recording of ethnicity.",Tackling Health Inequalities,Payment
f88f10350a__NCDes_v8.0_Data_Dictionary_26_27.xlsx,24c9c0587e486420536f165c73a69da0b5452476adfa113782deebc2e6673820,https://files.digital.nhs.uk/0D/D3F2FC/NCDes_v8.0_Data_Dictionary_26_27.xlsx,202604,202607,2026-27,NCD,HI21,Number of patients recorded as having a diagnosis of autism.,Tackling Health Inequalities,MI
