dictionary_file,dictionary_sha256,dictionary_url,first_release_period,last_release_period,MEASURE,MEASURE_DESCRIPTION,MEASURE_TYPE
389117c8c2__NCDes_Data_Dictionary_23_24_v2.0.xlsx,1d5ea89c5654049c06682b26b110275f34591cca2d79242ccd0319b8a7adbb70,https://files.digital.nhs.uk/28/BA6DA6/NCDes_Data_Dictionary_23_24_v2.0.xlsx,202304,202305,ABPDEC12M,Patients who chose not to undertake ambulatory blood pressure monitoring or home blood pressure monitoring in the 12 months up to and including the payment period end date.,PCA
389117c8c2__NCDes_Data_Dictionary_23_24_v2.0.xlsx,1d5ea89c5654049c06682b26b110275f34591cca2d79242ccd0319b8a7adbb70,https://files.digital.nhs.uk/28/BA6DA6/NCDes_Data_Dictionary_23_24_v2.0.xlsx,202304,202305,ABPDEC24M,"Patients whose first “high” blood pressure reading from 1 April 2020 to the day before the quality of service start date, was in the 6 months up to the quality of service start date and chose not to undertake ambulatory blood pressure monitoring or home blood pressure monitoring in the 24 months up to and including the payment period end date.",PCA
389117c8c2__NCDes_Data_Dictionary_23_24_v2.0.xlsx,1d5ea89c5654049c06682b26b110275f34591cca2d79242ccd0319b8a7adbb70,https://files.digital.nhs.uk/28/BA6DA6/NCDes_Data_Dictionary_23_24_v2.0.xlsx,202304,202305,AST_DAT9M,Patients who have an asthma diagnosis in the 9 months leading up to and including the payment period end date.,PCA
389117c8c2__NCDes_Data_Dictionary_23_24_v2.0.xlsx,1d5ea89c5654049c06682b26b110275f34591cca2d79242ccd0319b8a7adbb70,https://files.digital.nhs.uk/28/BA6DA6/NCDes_Data_Dictionary_23_24_v2.0.xlsx,202304,202305,BPDEC1,Patient chose not to have their blood pressure recorded in the 5 years leading up to and including the payment period end date,PCA
389117c8c2__NCDes_Data_Dictionary_23_24_v2.0.xlsx,1d5ea89c5654049c06682b26b110275f34591cca2d79242ccd0319b8a7adbb70,https://files.digital.nhs.uk/28/BA6DA6/NCDes_Data_Dictionary_23_24_v2.0.xlsx,202304,202305,BPLAT6M,Patients who had a high blood pressure reading in the 6 months up to and including the payment period end date and either (i) their latest blood pressure reading from 1 April 2020 and prior to the quality service start date was not high or (ii) they did not have a blood pressure reading from 1 April 2020 and prior to the quality service start date.,PCA
389117c8c2__NCDes_Data_Dictionary_23_24_v2.0.xlsx,1d5ea89c5654049c06682b26b110275f34591cca2d79242ccd0319b8a7adbb70,https://files.digital.nhs.uk/28/BA6DA6/NCDes_Data_Dictionary_23_24_v2.0.xlsx,202304,202305,C19CON_DAT,Patients who have a persisting COVID-19 vaccination contraindication,PCA
389117c8c2__NCDes_Data_Dictionary_23_24_v2.0.xlsx,1d5ea89c5654049c06682b26b110275f34591cca2d79242ccd0319b8a7adbb70,https://files.digital.nhs.uk/28/BA6DA6/NCDes_Data_Dictionary_23_24_v2.0.xlsx,202304,202305,C19DEC_DAT,Patients who chose not to receive a COVID-19 vaccination in the 12 months up to and including the payment period end date,PCA
389117c8c2__NCDes_Data_Dictionary_23_24_v2.0.xlsx,1d5ea89c5654049c06682b26b110275f34591cca2d79242ccd0319b8a7adbb70,https://files.digital.nhs.uk/28/BA6DA6/NCDes_Data_Dictionary_23_24_v2.0.xlsx,202304,202305,CARHOMDEC1,"Patients who have the registration with general practitioner practice aligned to care home declined code, recorded up to and including the achievement date.",PCA
389117c8c2__NCDes_Data_Dictionary_23_24_v2.0.xlsx,1d5ea89c5654049c06682b26b110275f34591cca2d79242ccd0319b8a7adbb70,https://files.digital.nhs.uk/28/BA6DA6/NCDes_Data_Dictionary_23_24_v2.0.xlsx,202304,202305,CHOLDEC,Patent chose not to have a cholesterol test in the 12 months leading up to and including the payment period end date,PCA
389117c8c2__NCDes_Data_Dictionary_23_24_v2.0.xlsx,1d5ea89c5654049c06682b26b110275f34591cca2d79242ccd0319b8a7adbb70,https://files.digital.nhs.uk/28/BA6DA6/NCDes_Data_Dictionary_23_24_v2.0.xlsx,202304,202305,CHOLMX_DAT,Patients who are receiving maximum tolerated cholesterol lowering treatment in the 12 months leading up to and including the payment period end date.,PCA
389117c8c2__NCDes_Data_Dictionary_23_24_v2.0.xlsx,1d5ea89c5654049c06682b26b110275f34591cca2d79242ccd0319b8a7adbb70,https://files.digital.nhs.uk/28/BA6DA6/NCDes_Data_Dictionary_23_24_v2.0.xlsx,202304,202305,DECTESTQR,Patient's who declined a cholesterol test or a blood pressure test or their smoking status in the 12 months up to and including their latest QRISK score.,PCA
389117c8c2__NCDes_Data_Dictionary_23_24_v2.0.xlsx,1d5ea89c5654049c06682b26b110275f34591cca2d79242ccd0319b8a7adbb70,https://files.digital.nhs.uk/28/BA6DA6/NCDes_Data_Dictionary_23_24_v2.0.xlsx,202304,202305,Denominator,Denominator count for indicator,Denominator
389117c8c2__NCDes_Data_Dictionary_23_24_v2.0.xlsx,1d5ea89c5654049c06682b26b110275f34591cca2d79242ccd0319b8a7adbb70,https://files.digital.nhs.uk/28/BA6DA6/NCDes_Data_Dictionary_23_24_v2.0.xlsx,202304,202305,DOAC3MDAT1,Patient prescribed earliest direct-acting oral anti-coagulant (DOAC) on or after quality service start date in the 3 months up to and including the quality service end date,PCA
389117c8c2__NCDes_Data_Dictionary_23_24_v2.0.xlsx,1d5ea89c5654049c06682b26b110275f34591cca2d79242ccd0319b8a7adbb70,https://files.digital.nhs.uk/28/BA6DA6/NCDes_Data_Dictionary_23_24_v2.0.xlsx,202304,202305,DOAC9MDAT1,Patients whose latest prescription for a direct-acting oral anticoagulant (DOAC) on or after the quality service start date is 9 months or more prior to the reporting period end date.,PCA
389117c8c2__NCDes_Data_Dictionary_23_24_v2.0.xlsx,1d5ea89c5654049c06682b26b110275f34591cca2d79242ccd0319b8a7adbb70,https://files.digital.nhs.uk/28/BA6DA6/NCDes_Data_Dictionary_23_24_v2.0.xlsx,202304,202305,FAMHYPRDEC,Patients who chose not to be referred for a familial hypercholesterolemia assessment in the 12 months up to and including the payment period end date.,PCA
389117c8c2__NCDes_Data_Dictionary_23_24_v2.0.xlsx,1d5ea89c5654049c06682b26b110275f34591cca2d79242ccd0319b8a7adbb70,https://files.digital.nhs.uk/28/BA6DA6/NCDes_Data_Dictionary_23_24_v2.0.xlsx,202304,202305,FITDEC,"Total number of fast-track referrals for suspected cancer where the referral does not have an accompanying faecal immunochemical test result recorded in the period between 21 days before and 14 days after the referral, and the patient the referral relates to has chosen not to have a faecal immunochemical test in the period on or after the quality service start date and up to and including the achievement date and the patient also does not have a faecal immunochemical test not indicated code recorded in the period on or after the quality service start date and up to and including the achievement date.",PCA
389117c8c2__NCDes_Data_Dictionary_23_24_v2.0.xlsx,1d5ea89c5654049c06682b26b110275f34591cca2d79242ccd0319b8a7adbb70,https://files.digital.nhs.uk/28/BA6DA6/NCDes_Data_Dictionary_23_24_v2.0.xlsx,202304,202305,FITNI2DAT,"Total number of fast-track referrals for suspected cancer where the referral does not have an accompanying faecal immunochemical test result recorded in the period between 21 days before and 14 days after the referral, and the patient the referrals relates to has a faecal immunochemical test not indicated code recorded in the period on or after the quality service start date and up to and including the achievement date.",PCA
389117c8c2__NCDes_Data_Dictionary_23_24_v2.0.xlsx,1d5ea89c5654049c06682b26b110275f34591cca2d79242ccd0319b8a7adbb70,https://files.digital.nhs.uk/28/BA6DA6/NCDes_Data_Dictionary_23_24_v2.0.xlsx,202304,202305,FLUDEC_DAT,Patient either did not receive a flu vaccination or did not consent to a flu vaccination in the 12 months leading up to and including the payment period end date.,PCA
389117c8c2__NCDes_Data_Dictionary_23_24_v2.0.xlsx,1d5ea89c5654049c06682b26b110275f34591cca2d79242ccd0319b8a7adbb70,https://files.digital.nhs.uk/28/BA6DA6/NCDes_Data_Dictionary_23_24_v2.0.xlsx,202304,202305,FLUEXPCON,Patient has flu vaccine expiring contraindication recorded on or after the service start date and up to and including the achievement date.,PCA
389117c8c2__NCDes_Data_Dictionary_23_24_v2.0.xlsx,1d5ea89c5654049c06682b26b110275f34591cca2d79242ccd0319b8a7adbb70,https://files.digital.nhs.uk/28/BA6DA6/NCDes_Data_Dictionary_23_24_v2.0.xlsx,202304,202305,FLUINVITE1,"Patient has not responded to at least two flu vaccination invitations using their preferred method of communication, made at least 7 days apart, in the flu season.",PCA
389117c8c2__NCDes_Data_Dictionary_23_24_v2.0.xlsx,1d5ea89c5654049c06682b26b110275f34591cca2d79242ccd0319b8a7adbb70,https://files.digital.nhs.uk/28/BA6DA6/NCDes_Data_Dictionary_23_24_v2.0.xlsx,202304,202305,HLTHAPDEC,Patient chose not to receive a learning disability health action plan in the 12 months leading up to and including the payment period end date.,PCA
389117c8c2__NCDes_Data_Dictionary_23_24_v2.0.xlsx,1d5ea89c5654049c06682b26b110275f34591cca2d79242ccd0319b8a7adbb70,https://files.digital.nhs.uk/28/BA6DA6/NCDes_Data_Dictionary_23_24_v2.0.xlsx,202304,202305,HLTHCHKDEC,Patient chose not to receive a learning disability health check in the 12 months leading up to and including the PPED,PCA
389117c8c2__NCDes_Data_Dictionary_23_24_v2.0.xlsx,1d5ea89c5654049c06682b26b110275f34591cca2d79242ccd0319b8a7adbb70,https://files.digital.nhs.uk/28/BA6DA6/NCDes_Data_Dictionary_23_24_v2.0.xlsx,202304,202305,Management Information,Management information count for indicator,Management information count
389117c8c2__NCDes_Data_Dictionary_23_24_v2.0.xlsx,1d5ea89c5654049c06682b26b110275f34591cca2d79242ccd0319b8a7adbb70,https://files.digital.nhs.uk/28/BA6DA6/NCDes_Data_Dictionary_23_24_v2.0.xlsx,202304,202305,MEDRVWDEC,Patient chose not to receive a structured medication review in the 12 months leading up to and including the payment period end date.,PCA
389117c8c2__NCDes_Data_Dictionary_23_24_v2.0.xlsx,1d5ea89c5654049c06682b26b110275f34591cca2d79242ccd0319b8a7adbb70,https://files.digital.nhs.uk/28/BA6DA6/NCDes_Data_Dictionary_23_24_v2.0.xlsx,202304,202305,MILDINTAST,Patients who have a diagnosis of mild asthma which has not been superseded by a more severe asthma diagnosis and have an ‘inhaled corticosteroid not indicated’ code recorded in the 12 months leading up to and including the payment period end date and also have have been prescribed less than 3 SABA prescriptions in the 12 months up to and including the achievement date if 18 years and over or have been prescribed less than 4 SABA prescriptions in the 12 months up to and including the achievement date if under 18 years.,PCA
389117c8c2__NCDes_Data_Dictionary_23_24_v2.0.xlsx,1d5ea89c5654049c06682b26b110275f34591cca2d79242ccd0319b8a7adbb70,https://files.digital.nhs.uk/28/BA6DA6/NCDes_Data_Dictionary_23_24_v2.0.xlsx,202304,202305,Numerator,Numerator count for indicator,Numerator
389117c8c2__NCDes_Data_Dictionary_23_24_v2.0.xlsx,1d5ea89c5654049c06682b26b110275f34591cca2d79242ccd0319b8a7adbb70,https://files.digital.nhs.uk/28/BA6DA6/NCDes_Data_Dictionary_23_24_v2.0.xlsx,202304,202305,PALCARDAT2,"Patients who have a palliative care code recorded on or after 1 April 2008 and who have not been subsequently identified as no longer requiring palliative care, up to and including the achievement date.",PCA
389117c8c2__NCDes_Data_Dictionary_23_24_v2.0.xlsx,1d5ea89c5654049c06682b26b110275f34591cca2d79242ccd0319b8a7adbb70,https://files.digital.nhs.uk/28/BA6DA6/NCDes_Data_Dictionary_23_24_v2.0.xlsx,202304,202305,PCSPDEC,"Patient chose not to receive a personalised care and support plan, in the 12 months leading up to and including the payment period end date.",PCA
389117c8c2__NCDes_Data_Dictionary_23_24_v2.0.xlsx,1d5ea89c5654049c06682b26b110275f34591cca2d79242ccd0319b8a7adbb70,https://files.digital.nhs.uk/28/BA6DA6/NCDes_Data_Dictionary_23_24_v2.0.xlsx,202304,202305,Register,Register count for indicator,Register
389117c8c2__NCDes_Data_Dictionary_23_24_v2.0.xlsx,1d5ea89c5654049c06682b26b110275f34591cca2d79242ccd0319b8a7adbb70,https://files.digital.nhs.uk/28/BA6DA6/NCDes_Data_Dictionary_23_24_v2.0.xlsx,202304,202305,REGL3M_DAT,Patients registered within 3 months of end of payment period,PCA
389117c8c2__NCDes_Data_Dictionary_23_24_v2.0.xlsx,1d5ea89c5654049c06682b26b110275f34591cca2d79242ccd0319b8a7adbb70,https://files.digital.nhs.uk/28/BA6DA6/NCDes_Data_Dictionary_23_24_v2.0.xlsx,202304,202305,SMOKORDEC,Patient has a smoking status or declined to provide their smoking status,PCA
389117c8c2__NCDes_Data_Dictionary_23_24_v2.0.xlsx,1d5ea89c5654049c06682b26b110275f34591cca2d79242ccd0319b8a7adbb70,https://files.digital.nhs.uk/28/BA6DA6/NCDes_Data_Dictionary_23_24_v2.0.xlsx,202304,202305,SOCPRESDEC,Patients who chose not to accept a referral to a social prescribing service up to and including the achievement date,PCA
389117c8c2__NCDes_Data_Dictionary_23_24_v2.0.xlsx,1d5ea89c5654049c06682b26b110275f34591cca2d79242ccd0319b8a7adbb70,https://files.digital.nhs.uk/28/BA6DA6/NCDes_Data_Dictionary_23_24_v2.0.xlsx,202304,202305,STATDECAW,Patients who chose not to receive a statin prescription anywhere in the patient record.,PCA
389117c8c2__NCDes_Data_Dictionary_23_24_v2.0.xlsx,1d5ea89c5654049c06682b26b110275f34591cca2d79242ccd0319b8a7adbb70,https://files.digital.nhs.uk/28/BA6DA6/NCDes_Data_Dictionary_23_24_v2.0.xlsx,202304,202305,STATINTOL,Patients who have a statin intolerance anywhere in the patient record,PCA
389117c8c2__NCDes_Data_Dictionary_23_24_v2.0.xlsx,1d5ea89c5654049c06682b26b110275f34591cca2d79242ccd0319b8a7adbb70,https://files.digital.nhs.uk/28/BA6DA6/NCDes_Data_Dictionary_23_24_v2.0.xlsx,202304,202305,STATLLTDEC,"Patients who have declined or are clinically unsuitable for all statins, ezetimibe and bempedoic acid",PCA
389117c8c2__NCDes_Data_Dictionary_23_24_v2.0.xlsx,1d5ea89c5654049c06682b26b110275f34591cca2d79242ccd0319b8a7adbb70,https://files.digital.nhs.uk/28/BA6DA6/NCDes_Data_Dictionary_23_24_v2.0.xlsx,202304,202305,STRMEDRVDC,Patients who chose not to receive a structured medication review in the 12 months up to and including the payment period end date.,PCA
389117c8c2__NCDes_Data_Dictionary_23_24_v2.0.xlsx,1d5ea89c5654049c06682b26b110275f34591cca2d79242ccd0319b8a7adbb70,https://files.digital.nhs.uk/28/BA6DA6/NCDes_Data_Dictionary_23_24_v2.0.xlsx,202304,202305,TXSTAT_DAT,Patients who have an expiring statin contraindication recorded in the 12 months leading up to and including the payment period end date.,PCA
389117c8c2__NCDes_Data_Dictionary_23_24_v2.0.xlsx,1d5ea89c5654049c06682b26b110275f34591cca2d79242ccd0319b8a7adbb70,https://files.digital.nhs.uk/28/BA6DA6/NCDes_Data_Dictionary_23_24_v2.0.xlsx,202304,202305,XFLU_DAT,Persisting Flu vaccine contraindications recorded up to and including the achievement date.,PCA
389117c8c2__NCDes_Data_Dictionary_23_24_v2.0.xlsx,1d5ea89c5654049c06682b26b110275f34591cca2d79242ccd0319b8a7adbb70,https://files.digital.nhs.uk/28/BA6DA6/NCDes_Data_Dictionary_23_24_v2.0.xlsx,202304,202305,XSTAT_DAT,Patients who have a persisting statin contraindication.,PCA
31bea1e4b0__NCDes_Data_Dictionary_23_24_phase_2_v1.0.xlsx,961872f067d3491195a13402942a0c2d65054005593f70cd547a1ce6aa5a33af,https://files.digital.nhs.uk/A3/AED51A/NCDes_Data_Dictionary_23_24_phase_2_v1.0.xlsx,202306,202306,Management Information,Management information count for indicator,
31bea1e4b0__NCDes_Data_Dictionary_23_24_phase_2_v1.0.xlsx,961872f067d3491195a13402942a0c2d65054005593f70cd547a1ce6aa5a33af,https://files.digital.nhs.uk/A3/AED51A/NCDes_Data_Dictionary_23_24_phase_2_v1.0.xlsx,202306,202306,Denominator,Denominator count for indicator,
31bea1e4b0__NCDes_Data_Dictionary_23_24_phase_2_v1.0.xlsx,961872f067d3491195a13402942a0c2d65054005593f70cd547a1ce6aa5a33af,https://files.digital.nhs.uk/A3/AED51A/NCDes_Data_Dictionary_23_24_phase_2_v1.0.xlsx,202306,202306,Numerator,Numerator count for indicator,
31bea1e4b0__NCDes_Data_Dictionary_23_24_phase_2_v1.0.xlsx,961872f067d3491195a13402942a0c2d65054005593f70cd547a1ce6aa5a33af,https://files.digital.nhs.uk/A3/AED51A/NCDes_Data_Dictionary_23_24_phase_2_v1.0.xlsx,202306,202306,ABPDEC12M,Patients who chose not to undertake ambulatory blood pressure monitoring or home blood pressure monitoring in the 12 months up to and including the payment period end date.,PCA
31bea1e4b0__NCDes_Data_Dictionary_23_24_phase_2_v1.0.xlsx,961872f067d3491195a13402942a0c2d65054005593f70cd547a1ce6aa5a33af,https://files.digital.nhs.uk/A3/AED51A/NCDes_Data_Dictionary_23_24_phase_2_v1.0.xlsx,202306,202306,ABPDEC24M,"Patients whose first “high” blood pressure reading from 1 April 2020 to the day before the quality of service start date, was in the 6 months up to the quality of service start date and chose not to undertake ambulatory blood pressure monitoring or home blood pressure monitoring in the 24 months up to and including the payment period end date.",PCA
31bea1e4b0__NCDes_Data_Dictionary_23_24_phase_2_v1.0.xlsx,961872f067d3491195a13402942a0c2d65054005593f70cd547a1ce6aa5a33af,https://files.digital.nhs.uk/A3/AED51A/NCDes_Data_Dictionary_23_24_phase_2_v1.0.xlsx,202306,202306,ACNOPQSNSD,Patients with no non-steroidal anti-inflammatory drug prescription in the 3 months prior to the quality service start date and an oral anticoagulant prescription in the 3 months prior to the quality service start date,Exclusion
31bea1e4b0__NCDes_Data_Dictionary_23_24_phase_2_v1.0.xlsx,961872f067d3491195a13402942a0c2d65054005593f70cd547a1ce6aa5a33af,https://files.digital.nhs.uk/A3/AED51A/NCDes_Data_Dictionary_23_24_phase_2_v1.0.xlsx,202306,202306,AGEUM50F55,Male patients under 50 years old and female patients under 55 years old.,Exclusion
31bea1e4b0__NCDes_Data_Dictionary_23_24_phase_2_v1.0.xlsx,961872f067d3491195a13402942a0c2d65054005593f70cd547a1ce6aa5a33af,https://files.digital.nhs.uk/A3/AED51A/NCDes_Data_Dictionary_23_24_phase_2_v1.0.xlsx,202306,202306,ANTICOAG3M,Patients who have not had an oral anticoagulant prescription code recorded in the 3 months up to and including the achievement date.,Exclusion
31bea1e4b0__NCDes_Data_Dictionary_23_24_phase_2_v1.0.xlsx,961872f067d3491195a13402942a0c2d65054005593f70cd547a1ce6aa5a33af,https://files.digital.nhs.uk/A3/AED51A/NCDes_Data_Dictionary_23_24_phase_2_v1.0.xlsx,202306,202306,ASPIRIN3M,Patients who have not had an aspirin prescription code recorded in the 3 months up to and including the achievement date.,Exclusion
31bea1e4b0__NCDes_Data_Dictionary_23_24_phase_2_v1.0.xlsx,961872f067d3491195a13402942a0c2d65054005593f70cd547a1ce6aa5a33af,https://files.digital.nhs.uk/A3/AED51A/NCDes_Data_Dictionary_23_24_phase_2_v1.0.xlsx,202306,202306,AST_DAT9M,Patients who have an asthma diagnosis in the 9 months leading up to and including the payment period end date.,PCA
31bea1e4b0__NCDes_Data_Dictionary_23_24_phase_2_v1.0.xlsx,961872f067d3491195a13402942a0c2d65054005593f70cd547a1ce6aa5a33af,https://files.digital.nhs.uk/A3/AED51A/NCDes_Data_Dictionary_23_24_phase_2_v1.0.xlsx,202306,202306,ASTB3M_DAT,Patients who have not had an asthma diagnosis code recorded at least 3 months before the achievement date.,Exclusion
31bea1e4b0__NCDes_Data_Dictionary_23_24_phase_2_v1.0.xlsx,961872f067d3491195a13402942a0c2d65054005593f70cd547a1ce6aa5a33af,https://files.digital.nhs.uk/A3/AED51A/NCDes_Data_Dictionary_23_24_phase_2_v1.0.xlsx,202306,202306,ASTRES_DAT,Patients who do not have an 'active' (unresolved and have received asthma-related drug treatment in the 12 months up to and including the achievement date) diagnosis of asthma .,Exclusion
31bea1e4b0__NCDes_Data_Dictionary_23_24_phase_2_v1.0.xlsx,961872f067d3491195a13402942a0c2d65054005593f70cd547a1ce6aa5a33af,https://files.digital.nhs.uk/A3/AED51A/NCDes_Data_Dictionary_23_24_phase_2_v1.0.xlsx,202306,202306,ASTRESLAT,Patients who have an asthma resolve code recorded up to and including the achievement date and the asthma resolve code is after their latest asthma code recorded at least 3 months before the achievement date.,Exclusion
31bea1e4b0__NCDes_Data_Dictionary_23_24_phase_2_v1.0.xlsx,961872f067d3491195a13402942a0c2d65054005593f70cd547a1ce6aa5a33af,https://files.digital.nhs.uk/A3/AED51A/NCDes_Data_Dictionary_23_24_phase_2_v1.0.xlsx,202306,202306,BPDEC1,Patient chose not to have their blood pressure recorded in the 5 years leading up to and including the payment period end date,PCA
31bea1e4b0__NCDes_Data_Dictionary_23_24_phase_2_v1.0.xlsx,961872f067d3491195a13402942a0c2d65054005593f70cd547a1ce6aa5a33af,https://files.digital.nhs.uk/A3/AED51A/NCDes_Data_Dictionary_23_24_phase_2_v1.0.xlsx,202306,202306,BPLAT_2,Patients who did not have a latest blood pressure reading from the 1 April 2020 to the quality service start date which was “high” (i.e. with systolic value >= 140 or diastolic value >= 90) nor have a “high” blood pressure reading from 6 months before the quality service start date up to and including the achievement date.,Exclusion
31bea1e4b0__NCDes_Data_Dictionary_23_24_phase_2_v1.0.xlsx,961872f067d3491195a13402942a0c2d65054005593f70cd547a1ce6aa5a33af,https://files.digital.nhs.uk/A3/AED51A/NCDes_Data_Dictionary_23_24_phase_2_v1.0.xlsx,202306,202306,BPLAT6M,Patients who had a high blood pressure reading in the 6 months up to and including the payment period end date and either (i) their latest blood pressure reading from 1 April 2020 and prior to the quality service start date was not high or (ii) they did not have a blood pressure reading from 1 April 2020 and prior to the quality service start date.,PCA
31bea1e4b0__NCDes_Data_Dictionary_23_24_phase_2_v1.0.xlsx,961872f067d3491195a13402942a0c2d65054005593f70cd547a1ce6aa5a33af,https://files.digital.nhs.uk/A3/AED51A/NCDes_Data_Dictionary_23_24_phase_2_v1.0.xlsx,202306,202306,BTHPALDIZC,"Patient with no breathlessness, palpitation, syncope/dizziness or chest discomfort between quality service start date up to and including achievement date",Exclusion
31bea1e4b0__NCDes_Data_Dictionary_23_24_phase_2_v1.0.xlsx,961872f067d3491195a13402942a0c2d65054005593f70cd547a1ce6aa5a33af,https://files.digital.nhs.uk/A3/AED51A/NCDes_Data_Dictionary_23_24_phase_2_v1.0.xlsx,202306,202306,C19CON_DAT,Patients who have a persisting COVID-19 vaccination contraindication,PCA
31bea1e4b0__NCDes_Data_Dictionary_23_24_phase_2_v1.0.xlsx,961872f067d3491195a13402942a0c2d65054005593f70cd547a1ce6aa5a33af,https://files.digital.nhs.uk/A3/AED51A/NCDes_Data_Dictionary_23_24_phase_2_v1.0.xlsx,202306,202306,C19DEC_DAT,Patients who chose not to receive a COVID-19 vaccination in the 12 months up to and including the payment period end date,PCA
31bea1e4b0__NCDes_Data_Dictionary_23_24_phase_2_v1.0.xlsx,961872f067d3491195a13402942a0c2d65054005593f70cd547a1ce6aa5a33af,https://files.digital.nhs.uk/A3/AED51A/NCDes_Data_Dictionary_23_24_phase_2_v1.0.xlsx,202306,202306,CARHOMDEC1,"Patients who have the registration with general practitioner practice aligned to care home declined code, recorded up to and including the achievement date.",PCA
31bea1e4b0__NCDes_Data_Dictionary_23_24_phase_2_v1.0.xlsx,961872f067d3491195a13402942a0c2d65054005593f70cd547a1ce6aa5a33af,https://files.digital.nhs.uk/A3/AED51A/NCDes_Data_Dictionary_23_24_phase_2_v1.0.xlsx,202306,202306,CARHOME_18,"Patient is less than 18 years of age at the quality service end date, and doesn't have the code indicating care home residency.",Exclusion
31bea1e4b0__NCDes_Data_Dictionary_23_24_phase_2_v1.0.xlsx,961872f067d3491195a13402942a0c2d65054005593f70cd547a1ce6aa5a33af,https://files.digital.nhs.uk/A3/AED51A/NCDes_Data_Dictionary_23_24_phase_2_v1.0.xlsx,202306,202306,CARHOMNP18,"Patient is less than 18 years of age at the quality service end date, and doesn't have the code indicating permanent care home residency.",Exclusion
31bea1e4b0__NCDes_Data_Dictionary_23_24_phase_2_v1.0.xlsx,961872f067d3491195a13402942a0c2d65054005593f70cd547a1ce6aa5a33af,https://files.digital.nhs.uk/A3/AED51A/NCDes_Data_Dictionary_23_24_phase_2_v1.0.xlsx,202306,202306,CHOLDEC,Patent chose not to have a cholesterol test in the 12 months leading up to and including the payment period end date,PCA
31bea1e4b0__NCDes_Data_Dictionary_23_24_phase_2_v1.0.xlsx,961872f067d3491195a13402942a0c2d65054005593f70cd547a1ce6aa5a33af,https://files.digital.nhs.uk/A3/AED51A/NCDes_Data_Dictionary_23_24_phase_2_v1.0.xlsx,202306,202306,CHOLMX_DAT,Patients who are receiving maximum tolerated cholesterol lowering treatment in the 12 months leading up to and including the payment period end date.,PCA
31bea1e4b0__NCDes_Data_Dictionary_23_24_phase_2_v1.0.xlsx,961872f067d3491195a13402942a0c2d65054005593f70cd547a1ce6aa5a33af,https://files.digital.nhs.uk/A3/AED51A/NCDes_Data_Dictionary_23_24_phase_2_v1.0.xlsx,202306,202306,CVDDIAG,"Patients with a diagnosis of stroke, TIA, coronary heart disease or peripheral arterial disease recorded up to and including the achievement date.",Exclusion
31bea1e4b0__NCDes_Data_Dictionary_23_24_phase_2_v1.0.xlsx,961872f067d3491195a13402942a0c2d65054005593f70cd547a1ce6aa5a33af,https://files.digital.nhs.uk/A3/AED51A/NCDes_Data_Dictionary_23_24_phase_2_v1.0.xlsx,202306,202306,CVDPAL_DAT,"Patients who have a diagnosis of stroke, TIA, coronary heart disease, peripheral arterial disease or a palliative care code, not been subsequently superseded by a no longer requiring palliative care code, recorded up to and including the achievement date.",Exclusion
31bea1e4b0__NCDes_Data_Dictionary_23_24_phase_2_v1.0.xlsx,961872f067d3491195a13402942a0c2d65054005593f70cd547a1ce6aa5a33af,https://files.digital.nhs.uk/A3/AED51A/NCDes_Data_Dictionary_23_24_phase_2_v1.0.xlsx,202306,202306,DECTESTQR,Patient's who declined a cholesterol test or a blood pressure test or their smoking status in the 12 months up to and including their latest QRISK score.,PCA
31bea1e4b0__NCDes_Data_Dictionary_23_24_phase_2_v1.0.xlsx,961872f067d3491195a13402942a0c2d65054005593f70cd547a1ce6aa5a33af,https://files.digital.nhs.uk/A3/AED51A/NCDes_Data_Dictionary_23_24_phase_2_v1.0.xlsx,202306,202306,DIABUNRES,Patients who have unresolved diabetes recored up to and including the achievement date.,Exclusion
31bea1e4b0__NCDes_Data_Dictionary_23_24_phase_2_v1.0.xlsx,961872f067d3491195a13402942a0c2d65054005593f70cd547a1ce6aa5a33af,https://files.digital.nhs.uk/A3/AED51A/NCDes_Data_Dictionary_23_24_phase_2_v1.0.xlsx,202306,202306,DIBFRISTAT,Patient's with an unresolved diabetes diagnosis whose latest frailty diagnosis is not moderate or severe and who have been prescribed a statin in the 6 months up to and including the achievement date.,Exclusion
31bea1e4b0__NCDes_Data_Dictionary_23_24_phase_2_v1.0.xlsx,961872f067d3491195a13402942a0c2d65054005593f70cd547a1ce6aa5a33af,https://files.digital.nhs.uk/A3/AED51A/NCDes_Data_Dictionary_23_24_phase_2_v1.0.xlsx,202306,202306,DOAC3MDAT1,Patient prescribed earliest direct-acting oral anti-coagulant (DOAC) on or after quality service start date in the 3 months up to and including the quality service end date,PCA
31bea1e4b0__NCDes_Data_Dictionary_23_24_phase_2_v1.0.xlsx,961872f067d3491195a13402942a0c2d65054005593f70cd547a1ce6aa5a33af,https://files.digital.nhs.uk/A3/AED51A/NCDes_Data_Dictionary_23_24_phase_2_v1.0.xlsx,202306,202306,DOAC9MDAT1,Patients whose latest prescription for a direct-acting oral anticoagulant (DOAC) on or after the quality service start date is 9 months or more prior to the reporting period end date.,PCA
31bea1e4b0__NCDes_Data_Dictionary_23_24_phase_2_v1.0.xlsx,961872f067d3491195a13402942a0c2d65054005593f70cd547a1ce6aa5a33af,https://files.digital.nhs.uk/A3/AED51A/NCDes_Data_Dictionary_23_24_phase_2_v1.0.xlsx,202306,202306,EGFRB3ML45,Patients who have not had an estimated glomerular filtration rate (eGFR) of less than 45ml per minute as their latest eGFR recorded at least 3 months before the achievement date.,Exclusion
31bea1e4b0__NCDes_Data_Dictionary_23_24_phase_2_v1.0.xlsx,961872f067d3491195a13402942a0c2d65054005593f70cd547a1ce6aa5a33af,https://files.digital.nhs.uk/A3/AED51A/NCDes_Data_Dictionary_23_24_phase_2_v1.0.xlsx,202306,202306,EUNRESCOAS,Patients who have unresolved COPD and who are also on the asthma register,Exclusion
31bea1e4b0__NCDes_Data_Dictionary_23_24_phase_2_v1.0.xlsx,961872f067d3491195a13402942a0c2d65054005593f70cd547a1ce6aa5a33af,https://files.digital.nhs.uk/A3/AED51A/NCDes_Data_Dictionary_23_24_phase_2_v1.0.xlsx,202306,202306,FAMHYPRDEC,Patients who chose not to be referred for a familial hypercholesterolemia assessment in the 12 months up to and including the payment period end date.,PCA
31bea1e4b0__NCDes_Data_Dictionary_23_24_phase_2_v1.0.xlsx,961872f067d3491195a13402942a0c2d65054005593f70cd547a1ce6aa5a33af,https://files.digital.nhs.uk/A3/AED51A/NCDes_Data_Dictionary_23_24_phase_2_v1.0.xlsx,202306,202306,FLUDEC_DAT,Patient either did not receive a flu vaccination or did not consent to a flu vaccination in the 12 months leading up to and including the payment period end date.,PCA
31bea1e4b0__NCDes_Data_Dictionary_23_24_phase_2_v1.0.xlsx,961872f067d3491195a13402942a0c2d65054005593f70cd547a1ce6aa5a33af,https://files.digital.nhs.uk/A3/AED51A/NCDes_Data_Dictionary_23_24_phase_2_v1.0.xlsx,202306,202306,FAECIMMDEC,Patients who have chosen not to receive a faecal immunochemical test and who have no subsequent record of a faecal immunochemical test result up to and including the achievement date,PCA
31bea1e4b0__NCDes_Data_Dictionary_23_24_phase_2_v1.0.xlsx,961872f067d3491195a13402942a0c2d65054005593f70cd547a1ce6aa5a33af,https://files.digital.nhs.uk/A3/AED51A/NCDes_Data_Dictionary_23_24_phase_2_v1.0.xlsx,202306,202306,FITNIDAT,Patients with a faecal immunochemical test not indicated code and who have no subsequent record of a faecal immunochemical test result up to and including the achievement date,PCA
31bea1e4b0__NCDes_Data_Dictionary_23_24_phase_2_v1.0.xlsx,961872f067d3491195a13402942a0c2d65054005593f70cd547a1ce6aa5a33af,https://files.digital.nhs.uk/A3/AED51A/NCDes_Data_Dictionary_23_24_phase_2_v1.0.xlsx,202306,202306,FLUEXPCON,Patient has flu vaccine expiring contraindication recorded on or after the service start date and up to and including the achievement date.,PCA
31bea1e4b0__NCDes_Data_Dictionary_23_24_phase_2_v1.0.xlsx,961872f067d3491195a13402942a0c2d65054005593f70cd547a1ce6aa5a33af,https://files.digital.nhs.uk/A3/AED51A/NCDes_Data_Dictionary_23_24_phase_2_v1.0.xlsx,202306,202306,FLUINVITE1,"Patient has not responded to at least two flu vaccination invitations using their preferred method of communication, made at least 7 days apart, in the flu season.",PCA
31bea1e4b0__NCDes_Data_Dictionary_23_24_phase_2_v1.0.xlsx,961872f067d3491195a13402942a0c2d65054005593f70cd547a1ce6aa5a33af,https://files.digital.nhs.uk/A3/AED51A/NCDes_Data_Dictionary_23_24_phase_2_v1.0.xlsx,202306,202306,GICANREF,Patients with no fast-track referral for suspected lower gastrointestinal cancer between the quality service start date up to and including the achievement date,Exclusion
31bea1e4b0__NCDes_Data_Dictionary_23_24_phase_2_v1.0.xlsx,961872f067d3491195a13402942a0c2d65054005593f70cd547a1ce6aa5a33af,https://files.digital.nhs.uk/A3/AED51A/NCDes_Data_Dictionary_23_24_phase_2_v1.0.xlsx,202306,202306,HFB3M_DAT,Patients who have not had a heart failure diagnosis code recorded at least 3 months before the achievement date.,Exclusion
31bea1e4b0__NCDes_Data_Dictionary_23_24_phase_2_v1.0.xlsx,961872f067d3491195a13402942a0c2d65054005593f70cd547a1ce6aa5a33af,https://files.digital.nhs.uk/A3/AED51A/NCDes_Data_Dictionary_23_24_phase_2_v1.0.xlsx,202306,202306,HFRESLAT,Patients who have a heart failure resolve code recorded up to and including the achievement date and the heart failure resolve code is on or after their latest heart failure code recorded at least 3 months before the achievement date.,Exclusion
31bea1e4b0__NCDes_Data_Dictionary_23_24_phase_2_v1.0.xlsx,961872f067d3491195a13402942a0c2d65054005593f70cd547a1ce6aa5a33af,https://files.digital.nhs.uk/A3/AED51A/NCDes_Data_Dictionary_23_24_phase_2_v1.0.xlsx,202306,202306,HLTHAPDEC,Patient chose not to receive a learning disability health action plan in the 12 months leading up to and including the payment period end date.,PCA
31bea1e4b0__NCDes_Data_Dictionary_23_24_phase_2_v1.0.xlsx,961872f067d3491195a13402942a0c2d65054005593f70cd547a1ce6aa5a33af,https://files.digital.nhs.uk/A3/AED51A/NCDes_Data_Dictionary_23_24_phase_2_v1.0.xlsx,202306,202306,HLTHCHKDEC,Patient chose not to receive a learning disability health check in the 12 months leading up to and including the PPED,PCA
31bea1e4b0__NCDes_Data_Dictionary_23_24_phase_2_v1.0.xlsx,961872f067d3491195a13402942a0c2d65054005593f70cd547a1ce6aa5a33af,https://files.digital.nhs.uk/A3/AED51A/NCDes_Data_Dictionary_23_24_phase_2_v1.0.xlsx,202306,202306,HOMECONF18,"Patient is less than 18 years of age at the quality service end date, and doesn’t currently live in a nursing home or residential home and doesn’t have an acute confusion diagnosis.",Exclusion
31bea1e4b0__NCDes_Data_Dictionary_23_24_phase_2_v1.0.xlsx,961872f067d3491195a13402942a0c2d65054005593f70cd547a1ce6aa5a33af,https://files.digital.nhs.uk/A3/AED51A/NCDes_Data_Dictionary_23_24_phase_2_v1.0.xlsx,202306,202306,HOMETMP_18,"Patient is less than 18 years of age at the quality service end date, and doesn’t currently live in a nursing home, residential home and isn't a temporary resident.",Exclusion
31bea1e4b0__NCDes_Data_Dictionary_23_24_phase_2_v1.0.xlsx,961872f067d3491195a13402942a0c2d65054005593f70cd547a1ce6aa5a33af,https://files.digital.nhs.uk/A3/AED51A/NCDes_Data_Dictionary_23_24_phase_2_v1.0.xlsx,202306,202306,HYPLATUNR,Patients who have an unresolved diagnosis of hypertension,Exclusion
31bea1e4b0__NCDes_Data_Dictionary_23_24_phase_2_v1.0.xlsx,961872f067d3491195a13402942a0c2d65054005593f70cd547a1ce6aa5a33af,https://files.digital.nhs.uk/A3/AED51A/NCDes_Data_Dictionary_23_24_phase_2_v1.0.xlsx,202306,202306,L12MNODOAC,Patients with no direct-acting oral anti-coagulant (DOAC) prescription in the 12 months from the quality service start date up to and including the achievement date,Exclusion
31bea1e4b0__NCDes_Data_Dictionary_23_24_phase_2_v1.0.xlsx,961872f067d3491195a13402942a0c2d65054005593f70cd547a1ce6aa5a33af,https://files.digital.nhs.uk/A3/AED51A/NCDes_Data_Dictionary_23_24_phase_2_v1.0.xlsx,202306,202306,LATNURSPER,"Patients whose latest housing status was not recorded as a permanent resident in a residential or nursing home, up to and including the achievement date.",Exclusion
31bea1e4b0__NCDes_Data_Dictionary_23_24_phase_2_v1.0.xlsx,961872f067d3491195a13402942a0c2d65054005593f70cd547a1ce6aa5a33af,https://files.digital.nhs.uk/A3/AED51A/NCDes_Data_Dictionary_23_24_phase_2_v1.0.xlsx,202306,202306,LD_DAT,Patient does not have a diagnosis of learning disabilities up to and including the achievement date.,Exclusion
31bea1e4b0__NCDes_Data_Dictionary_23_24_phase_2_v1.0.xlsx,961872f067d3491195a13402942a0c2d65054005593f70cd547a1ce6aa5a33af,https://files.digital.nhs.uk/A3/AED51A/NCDes_Data_Dictionary_23_24_phase_2_v1.0.xlsx,202306,202306,LIPIDTHER,"Patient's who received a lipid lowering therapy prescription in the 6 months leading up to and including the quality service start date where lipid lowering therapy includes: Stains, ezetimibe, bempedoic acid, inclisiran, PCSK9 inhibitors, and icosapent ethyl",Exclusion
31bea1e4b0__NCDes_Data_Dictionary_23_24_phase_2_v1.0.xlsx,961872f067d3491195a13402942a0c2d65054005593f70cd547a1ce6aa5a33af,https://files.digital.nhs.uk/A3/AED51A/NCDes_Data_Dictionary_23_24_phase_2_v1.0.xlsx,202306,202306,MEDRVWDEC,Patient chose not to receive a structured medication review in the 12 months leading up to and including the payment period end date.,PCA
31bea1e4b0__NCDes_Data_Dictionary_23_24_phase_2_v1.0.xlsx,961872f067d3491195a13402942a0c2d65054005593f70cd547a1ce6aa5a33af,https://files.digital.nhs.uk/A3/AED51A/NCDes_Data_Dictionary_23_24_phase_2_v1.0.xlsx,202306,202306,MH_MHREM,"Patient does not have an unresolved diagnosis of psychosis, schizophrenia or bipolar affective disorder.",Exclusion
31bea1e4b0__NCDes_Data_Dictionary_23_24_phase_2_v1.0.xlsx,961872f067d3491195a13402942a0c2d65054005593f70cd547a1ce6aa5a33af,https://files.digital.nhs.uk/A3/AED51A/NCDes_Data_Dictionary_23_24_phase_2_v1.0.xlsx,202306,202306,MILDINTAST,Patients who have a diagnosis of mild asthma which has not been superseded by a more severe asthma diagnosis and have an ‘inhaled corticosteroid not indicated’ code recorded in the 12 months leading up to and including the payment period end date and also have have been prescribed less than 3 SABA prescriptions in the 12 months up to and including the achievement date if 18 years and over or have been prescribed less than 4 SABA prescriptions in the 12 months up to and including the achievement date if under 18 years.,PCA
31bea1e4b0__NCDes_Data_Dictionary_23_24_phase_2_v1.0.xlsx,961872f067d3491195a13402942a0c2d65054005593f70cd547a1ce6aa5a33af,https://files.digital.nhs.uk/A3/AED51A/NCDes_Data_Dictionary_23_24_phase_2_v1.0.xlsx,202306,202306,N_AT_RISK,"Patient does not have at least one of the following conditions in their record: CRD, Unresolved Asthma, CHD, CKD, Diabetes, unresolved perstisting immunosuppression diagnosis, expiring immunosuppression diagnosis, immunosuppressive procedure, immunosuppressive drug treatment, CLD, CND, High BMI aged 16 years or over, BMI value of 40 or more, LD, splenic dysfunction or care home residency.",Exclusion
31bea1e4b0__NCDes_Data_Dictionary_23_24_phase_2_v1.0.xlsx,961872f067d3491195a13402942a0c2d65054005593f70cd547a1ce6aa5a33af,https://files.digital.nhs.uk/A3/AED51A/NCDes_Data_Dictionary_23_24_phase_2_v1.0.xlsx,202306,202306,NATRISKU18,"Patient is less than 65 years at the quality service end date OR patient is less than 18 years or greater than 65 years at the quality service end date AND does not have at least one of the following conditions: CRD, Unresolved Asthma, CHD, CKD, Diabetes, unresolved perstisting immunosuppression diagnosis, expiring immunosuppression diagnosis, immunosuppressive procedure, immunosuppressive drug treatment, CLD, CND, High BMI aged 16 years or over, BMI value of 40 or more, LD, splenic dysfunction or care home residency.",Exclusion
31bea1e4b0__NCDes_Data_Dictionary_23_24_phase_2_v1.0.xlsx,961872f067d3491195a13402942a0c2d65054005593f70cd547a1ce6aa5a33af,https://files.digital.nhs.uk/A3/AED51A/NCDes_Data_Dictionary_23_24_phase_2_v1.0.xlsx,202306,202306,NOACELOOP,Patient not on long-term prescription for either angiotensin converting enzyme (ACE) inhibitor or loop diuretic medication,Exclusion
31bea1e4b0__NCDes_Data_Dictionary_23_24_phase_2_v1.0.xlsx,961872f067d3491195a13402942a0c2d65054005593f70cd547a1ce6aa5a33af,https://files.digital.nhs.uk/A3/AED51A/NCDes_Data_Dictionary_23_24_phase_2_v1.0.xlsx,202306,202306,NOAMIO12M,Patient has no amiodarone prescription in either the 6-12 months prior to the achievement date and/or no amiodarone prescription in the 6 months up to and including the achievement date,Exclusion
31bea1e4b0__NCDes_Data_Dictionary_23_24_phase_2_v1.0.xlsx,961872f067d3491195a13402942a0c2d65054005593f70cd547a1ce6aa5a33af,https://files.digital.nhs.uk/A3/AED51A/NCDes_Data_Dictionary_23_24_phase_2_v1.0.xlsx,202306,202306,NOANTIPLT,Patients who have not been prescribed an antiplatelet in the 3 months up to and including the achievement date.,Exclusion
31bea1e4b0__NCDes_Data_Dictionary_23_24_phase_2_v1.0.xlsx,961872f067d3491195a13402942a0c2d65054005593f70cd547a1ce6aa5a33af,https://files.digital.nhs.uk/A3/AED51A/NCDes_Data_Dictionary_23_24_phase_2_v1.0.xlsx,202306,202306,NOASPLAT3M,Patients who have not been prescribed an aspirin and another antiplatelet within 28 days of each other in the 3 months up to and including the achievement date.,Exclusion
31bea1e4b0__NCDes_Data_Dictionary_23_24_phase_2_v1.0.xlsx,961872f067d3491195a13402942a0c2d65054005593f70cd547a1ce6aa5a33af,https://files.digital.nhs.uk/A3/AED51A/NCDes_Data_Dictionary_23_24_phase_2_v1.0.xlsx,202306,202306,NOBP_DAT,Patient has not had blood pressure recorded between quality service start date up to and including achievement date,Exclusion
31bea1e4b0__NCDes_Data_Dictionary_23_24_phase_2_v1.0.xlsx,961872f067d3491195a13402942a0c2d65054005593f70cd547a1ce6aa5a33af,https://files.digital.nhs.uk/A3/AED51A/NCDes_Data_Dictionary_23_24_phase_2_v1.0.xlsx,202306,202306,NOCHOL2930,Patients with no total cholesterol reading of greater than 7.5 mmol/L recorded whilst aged 29 years or younger and no total cholesterol reading of greater than 9.0 mmol/L recorded whilst aged 30 years or older,Exclusion
31bea1e4b0__NCDes_Data_Dictionary_23_24_phase_2_v1.0.xlsx,961872f067d3491195a13402942a0c2d65054005593f70cd547a1ce6aa5a33af,https://files.digital.nhs.uk/A3/AED51A/NCDes_Data_Dictionary_23_24_phase_2_v1.0.xlsx,202306,202306,NOCOAGPLAT,Patients who have not been prescribed an oral anticoagulant and an antiplatelet (including aspirin) within 28 days of each other in the 3 months up to and including the achievement date.,Exclusion
31bea1e4b0__NCDes_Data_Dictionary_23_24_phase_2_v1.0.xlsx,961872f067d3491195a13402942a0c2d65054005593f70cd547a1ce6aa5a33af,https://files.digital.nhs.uk/A3/AED51A/NCDes_Data_Dictionary_23_24_phase_2_v1.0.xlsx,202306,202306,NOCVDDIAG,"Patients without a diagnosis of stroke, TIA, coronary heart disease or peripheral arterial disease recorded up to and including the achievement date.",Exclusion
31bea1e4b0__NCDes_Data_Dictionary_23_24_phase_2_v1.0.xlsx,961872f067d3491195a13402942a0c2d65054005593f70cd547a1ce6aa5a33af,https://files.digital.nhs.uk/A3/AED51A/NCDes_Data_Dictionary_23_24_phase_2_v1.0.xlsx,202306,202306,NOIRREGPLS,Patient with no irregular pulse code between quality service start date up to and including achievement date,Exclusion
31bea1e4b0__NCDes_Data_Dictionary_23_24_phase_2_v1.0.xlsx,961872f067d3491195a13402942a0c2d65054005593f70cd547a1ce6aa5a33af,https://files.digital.nhs.uk/A3/AED51A/NCDes_Data_Dictionary_23_24_phase_2_v1.0.xlsx,202306,202306,NOLIT3M6M,Patient has no lithium prescription in either the 3-6 months prior to the achievement date and/or no lithium prescription in the 3 months up to and including the achievement date,Exclusion
31bea1e4b0__NCDes_Data_Dictionary_23_24_phase_2_v1.0.xlsx,961872f067d3491195a13402942a0c2d65054005593f70cd547a1ce6aa5a33af,https://files.digital.nhs.uk/A3/AED51A/NCDes_Data_Dictionary_23_24_phase_2_v1.0.xlsx,202306,202306,NOMEDERR1,Patients who have not had a specified medication error on or after the quality of service start date and upto and including the achievement date,Exclusion
31bea1e4b0__NCDes_Data_Dictionary_23_24_phase_2_v1.0.xlsx,961872f067d3491195a13402942a0c2d65054005593f70cd547a1ce6aa5a33af,https://files.digital.nhs.uk/A3/AED51A/NCDes_Data_Dictionary_23_24_phase_2_v1.0.xlsx,202306,202306,NOMETH3M6M,Patient has no methotrexate prescription in either the 3-6 months prior to the achievement date and/or no methotrexate prescription in the 3 months up to and including the achievement date,Exclusion
31bea1e4b0__NCDes_Data_Dictionary_23_24_phase_2_v1.0.xlsx,961872f067d3491195a13402942a0c2d65054005593f70cd547a1ce6aa5a33af,https://files.digital.nhs.uk/A3/AED51A/NCDes_Data_Dictionary_23_24_phase_2_v1.0.xlsx,202306,202306,NONSAID3M,Patients who have not been prescribed an oral non-steroidal anti-Inflammatory drug (NSAID) in the 3 months up to and including the achievement date.,Exclusion
31bea1e4b0__NCDes_Data_Dictionary_23_24_phase_2_v1.0.xlsx,961872f067d3491195a13402942a0c2d65054005593f70cd547a1ce6aa5a33af,https://files.digital.nhs.uk/A3/AED51A/NCDes_Data_Dictionary_23_24_phase_2_v1.0.xlsx,202306,202306,NOPQSACSAL,Patients with no oral anticoagulant prescription in the 3 months prior to the quality service start date and no anti-platelet prescription in the 3 months prior to the quality service start date,Exclusion
31bea1e4b0__NCDes_Data_Dictionary_23_24_phase_2_v1.0.xlsx,961872f067d3491195a13402942a0c2d65054005593f70cd547a1ce6aa5a33af,https://files.digital.nhs.uk/A3/AED51A/NCDes_Data_Dictionary_23_24_phase_2_v1.0.xlsx,202306,202306,NOPQSNSDAC,Patients with no non-steroidal anti-inflammatory drug prescription in the 3 months prior to the quality service start date and/or no oral anticoagulant prescription in the 3 months prior to the quality service start date,Exclusion
31bea1e4b0__NCDes_Data_Dictionary_23_24_phase_2_v1.0.xlsx,961872f067d3491195a13402942a0c2d65054005593f70cd547a1ce6aa5a33af,https://files.digital.nhs.uk/A3/AED51A/NCDes_Data_Dictionary_23_24_phase_2_v1.0.xlsx,202306,202306,NOPQSSAL,Patients with no aspirin prescription in the 3 months prior to the quality service start date and/or no non-aspirin anti-platelet prescription in the 3 months prior to the quality service start date,Exclusion
31bea1e4b0__NCDes_Data_Dictionary_23_24_phase_2_v1.0.xlsx,961872f067d3491195a13402942a0c2d65054005593f70cd547a1ce6aa5a33af,https://files.digital.nhs.uk/A3/AED51A/NCDes_Data_Dictionary_23_24_phase_2_v1.0.xlsx,202306,202306,NURSHOME,"Patients whose latest housing status was not recorded as a permanent resident in a residential or nursing home or temporary resident in a care home, up to and including the achievement date.",Exclusion
31bea1e4b0__NCDes_Data_Dictionary_23_24_phase_2_v1.0.xlsx,961872f067d3491195a13402942a0c2d65054005593f70cd547a1ce6aa5a33af,https://files.digital.nhs.uk/A3/AED51A/NCDes_Data_Dictionary_23_24_phase_2_v1.0.xlsx,202306,202306,P_AGE18_64,Patient age is less than 18 years or greater than 65 years at the quality service end date.,Exclusion
31bea1e4b0__NCDes_Data_Dictionary_23_24_phase_2_v1.0.xlsx,961872f067d3491195a13402942a0c2d65054005593f70cd547a1ce6aa5a33af,https://files.digital.nhs.uk/A3/AED51A/NCDes_Data_Dictionary_23_24_phase_2_v1.0.xlsx,202306,202306,P_AGE2_4,Patient age is less than 2 years or greater than 4 years the day before the flu service started (31 August),Exclusion
31bea1e4b0__NCDes_Data_Dictionary_23_24_phase_2_v1.0.xlsx,961872f067d3491195a13402942a0c2d65054005593f70cd547a1ce6aa5a33af,https://files.digital.nhs.uk/A3/AED51A/NCDes_Data_Dictionary_23_24_phase_2_v1.0.xlsx,202306,202306,P_AGE25_84,"Patients who are not aged between 25 and 84 years inclusive, at the quality service end date.",Exclusion
31bea1e4b0__NCDes_Data_Dictionary_23_24_phase_2_v1.0.xlsx,961872f067d3491195a13402942a0c2d65054005593f70cd547a1ce6aa5a33af,https://files.digital.nhs.uk/A3/AED51A/NCDes_Data_Dictionary_23_24_phase_2_v1.0.xlsx,202306,202306,PALCARDAT2,"Patients who have a palliative care code recorded on or after 1 April 2008 and who have not been subsequently identified as no longer requiring palliative care, up to and including the achievement date.",PCA
31bea1e4b0__NCDes_Data_Dictionary_23_24_phase_2_v1.0.xlsx,961872f067d3491195a13402942a0c2d65054005593f70cd547a1ce6aa5a33af,https://files.digital.nhs.uk/A3/AED51A/NCDes_Data_Dictionary_23_24_phase_2_v1.0.xlsx,202306,202306,PALCARE,Patients who have a palliative care code recorded between 1 April 2008 and up to and including the achievement date and have not been subsequently identified as no longer requiring palliative care.,Exclusion
31bea1e4b0__NCDes_Data_Dictionary_23_24_phase_2_v1.0.xlsx,961872f067d3491195a13402942a0c2d65054005593f70cd547a1ce6aa5a33af,https://files.digital.nhs.uk/A3/AED51A/NCDes_Data_Dictionary_23_24_phase_2_v1.0.xlsx,202306,202306,PAT_AGEU14,Patient age is less than 14 years at the quality service end date.,Exclusion
31bea1e4b0__NCDes_Data_Dictionary_23_24_phase_2_v1.0.xlsx,961872f067d3491195a13402942a0c2d65054005593f70cd547a1ce6aa5a33af,https://files.digital.nhs.uk/A3/AED51A/NCDes_Data_Dictionary_23_24_phase_2_v1.0.xlsx,202306,202306,PAT_AGEU16,Patient age is less than 16 years at the quality service end date,Exclusion
31bea1e4b0__NCDes_Data_Dictionary_23_24_phase_2_v1.0.xlsx,961872f067d3491195a13402942a0c2d65054005593f70cd547a1ce6aa5a33af,https://files.digital.nhs.uk/A3/AED51A/NCDes_Data_Dictionary_23_24_phase_2_v1.0.xlsx,202306,202306,PAT_AGEU18,Patient age is less than 18 years at the quality service end date.,Exclusion
31bea1e4b0__NCDes_Data_Dictionary_23_24_phase_2_v1.0.xlsx,961872f067d3491195a13402942a0c2d65054005593f70cd547a1ce6aa5a33af,https://files.digital.nhs.uk/A3/AED51A/NCDes_Data_Dictionary_23_24_phase_2_v1.0.xlsx,202306,202306,PAT_AGEU45,Patient age is under 45 years,Exclusion
31bea1e4b0__NCDes_Data_Dictionary_23_24_phase_2_v1.0.xlsx,961872f067d3491195a13402942a0c2d65054005593f70cd547a1ce6aa5a33af,https://files.digital.nhs.uk/A3/AED51A/NCDes_Data_Dictionary_23_24_phase_2_v1.0.xlsx,202306,202306,PAT_AGEU65,Patients aged under 65 years on the quality service end date,Exclusion
31bea1e4b0__NCDes_Data_Dictionary_23_24_phase_2_v1.0.xlsx,961872f067d3491195a13402942a0c2d65054005593f70cd547a1ce6aa5a33af,https://files.digital.nhs.uk/A3/AED51A/NCDes_Data_Dictionary_23_24_phase_2_v1.0.xlsx,202306,202306,PAT_AGEU75,Patient age is less than 75 years at the quality service end date.,Exclusion
31bea1e4b0__NCDes_Data_Dictionary_23_24_phase_2_v1.0.xlsx,961872f067d3491195a13402942a0c2d65054005593f70cd547a1ce6aa5a33af,https://files.digital.nhs.uk/A3/AED51A/NCDes_Data_Dictionary_23_24_phase_2_v1.0.xlsx,202306,202306,PAT_ETHWNS,Patient from white ethnic grouping or has no ethnicity stated,Exclusion
31bea1e4b0__NCDes_Data_Dictionary_23_24_phase_2_v1.0.xlsx,961872f067d3491195a13402942a0c2d65054005593f70cd547a1ce6aa5a33af,https://files.digital.nhs.uk/A3/AED51A/NCDes_Data_Dictionary_23_24_phase_2_v1.0.xlsx,202306,202306,PCSPDEC,"Patient chose not to receive a personalised care and support plan, in the 12 months leading up to and including the payment period end date.",PCA
31bea1e4b0__NCDes_Data_Dictionary_23_24_phase_2_v1.0.xlsx,961872f067d3491195a13402942a0c2d65054005593f70cd547a1ce6aa5a33af,https://files.digital.nhs.uk/A3/AED51A/NCDes_Data_Dictionary_23_24_phase_2_v1.0.xlsx,202306,202306,PEPULCB3M,Patients who have not had a upper gastrointestinal (GI) bleed code or a peptic ulceration code recorded at least 3 months before the achievement date.,Exclusion
31bea1e4b0__NCDes_Data_Dictionary_23_24_phase_2_v1.0.xlsx,961872f067d3491195a13402942a0c2d65054005593f70cd547a1ce6aa5a33af,https://files.digital.nhs.uk/A3/AED51A/NCDes_Data_Dictionary_23_24_phase_2_v1.0.xlsx,202306,202306,PRELAT6M,"Patients whose first “high” blood pressure reading from 1 April 2020 to the day before the quality of service start date, was in the 6 months up to the quality of service start date and received clinically appropriate follow-up prior to the quality service start date.",Exclusion
31bea1e4b0__NCDes_Data_Dictionary_23_24_phase_2_v1.0.xlsx,961872f067d3491195a13402942a0c2d65054005593f70cd547a1ce6aa5a33af,https://files.digital.nhs.uk/A3/AED51A/NCDes_Data_Dictionary_23_24_phase_2_v1.0.xlsx,202306,202306,QRISKVAL10,"Patients whose latest QRISK2 or QRISK3 score was under 10%, recorded at any point leading up to the achievement date.",Exclusion
31bea1e4b0__NCDes_Data_Dictionary_23_24_phase_2_v1.0.xlsx,961872f067d3491195a13402942a0c2d65054005593f70cd547a1ce6aa5a33af,https://files.digital.nhs.uk/A3/AED51A/NCDes_Data_Dictionary_23_24_phase_2_v1.0.xlsx,202306,202306,QRISKVAL20,"Patients whose latest QRISK2 or QRISK3 score was 20% or under, recorded at any point leading up to the achievement date.",Exclusion
31bea1e4b0__NCDes_Data_Dictionary_23_24_phase_2_v1.0.xlsx,961872f067d3491195a13402942a0c2d65054005593f70cd547a1ce6aa5a33af,https://files.digital.nhs.uk/A3/AED51A/NCDes_Data_Dictionary_23_24_phase_2_v1.0.xlsx,202306,202306,REGL3M_DAT,Patients registered within 3 months of end of payment period,PCA
31bea1e4b0__NCDes_Data_Dictionary_23_24_phase_2_v1.0.xlsx,961872f067d3491195a13402942a0c2d65054005593f70cd547a1ce6aa5a33af,https://files.digital.nhs.uk/A3/AED51A/NCDes_Data_Dictionary_23_24_phase_2_v1.0.xlsx,202306,202306,SEVFRAIL2,Patients whose latest frailty diagnosis is not severe frailty or who have no frailty diagnosis and have a Canadian Study of Health and Aging Clinical Frailty Scale that is not 7 or 8,Exclusion
31bea1e4b0__NCDes_Data_Dictionary_23_24_phase_2_v1.0.xlsx,961872f067d3491195a13402942a0c2d65054005593f70cd547a1ce6aa5a33af,https://files.digital.nhs.uk/A3/AED51A/NCDes_Data_Dictionary_23_24_phase_2_v1.0.xlsx,202306,202306,SMOKORDEC,Patient has a smoking status or declined to provide their smoking status,PCA
31bea1e4b0__NCDes_Data_Dictionary_23_24_phase_2_v1.0.xlsx,961872f067d3491195a13402942a0c2d65054005593f70cd547a1ce6aa5a33af,https://files.digital.nhs.uk/A3/AED51A/NCDes_Data_Dictionary_23_24_phase_2_v1.0.xlsx,202306,202306,SOCPRESDEC,Patients who chose not to accept a referral to a social prescribing service up to and including the achievement date,PCA
31bea1e4b0__NCDes_Data_Dictionary_23_24_phase_2_v1.0.xlsx,961872f067d3491195a13402942a0c2d65054005593f70cd547a1ce6aa5a33af,https://files.digital.nhs.uk/A3/AED51A/NCDes_Data_Dictionary_23_24_phase_2_v1.0.xlsx,202306,202306,STATDECAW,Patients who chose not to receive a statin prescription anywhere in the patient record.,PCA
31bea1e4b0__NCDes_Data_Dictionary_23_24_phase_2_v1.0.xlsx,961872f067d3491195a13402942a0c2d65054005593f70cd547a1ce6aa5a33af,https://files.digital.nhs.uk/A3/AED51A/NCDes_Data_Dictionary_23_24_phase_2_v1.0.xlsx,202306,202306,STATINTOL,Patients who have a statin intolerance anywhere in the patient record,PCA
31bea1e4b0__NCDes_Data_Dictionary_23_24_phase_2_v1.0.xlsx,961872f067d3491195a13402942a0c2d65054005593f70cd547a1ce6aa5a33af,https://files.digital.nhs.uk/A3/AED51A/NCDes_Data_Dictionary_23_24_phase_2_v1.0.xlsx,202306,202306,STATLLTDEC,"Patients who have declined or are clinically unsuitable for all statins, ezetimibe and bempedoic acid",PCA
31bea1e4b0__NCDes_Data_Dictionary_23_24_phase_2_v1.0.xlsx,961872f067d3491195a13402942a0c2d65054005593f70cd547a1ce6aa5a33af,https://files.digital.nhs.uk/A3/AED51A/NCDes_Data_Dictionary_23_24_phase_2_v1.0.xlsx,202306,202306,STRMEDRVDC,Patients who chose not to receive a structured medication review in the 12 months up to and including the payment period end date.,PCA
31bea1e4b0__NCDes_Data_Dictionary_23_24_phase_2_v1.0.xlsx,961872f067d3491195a13402942a0c2d65054005593f70cd547a1ce6aa5a33af,https://files.digital.nhs.uk/A3/AED51A/NCDes_Data_Dictionary_23_24_phase_2_v1.0.xlsx,202306,202306,TXSTAT_DAT,Patients who have an expiring statin contraindication recorded in the 12 months leading up to and including the payment period end date.,PCA
31bea1e4b0__NCDes_Data_Dictionary_23_24_phase_2_v1.0.xlsx,961872f067d3491195a13402942a0c2d65054005593f70cd547a1ce6aa5a33af,https://files.digital.nhs.uk/A3/AED51A/NCDes_Data_Dictionary_23_24_phase_2_v1.0.xlsx,202306,202306,UNRESAFIB,Patients with unresolved atrial fibrillation,Exclusion
31bea1e4b0__NCDes_Data_Dictionary_23_24_phase_2_v1.0.xlsx,961872f067d3491195a13402942a0c2d65054005593f70cd547a1ce6aa5a33af,https://files.digital.nhs.uk/A3/AED51A/NCDes_Data_Dictionary_23_24_phase_2_v1.0.xlsx,202306,202306,XFLU_DAT,Persisting Flu vaccine contraindications recorded up to and including the achievement date.,PCA
31bea1e4b0__NCDes_Data_Dictionary_23_24_phase_2_v1.0.xlsx,961872f067d3491195a13402942a0c2d65054005593f70cd547a1ce6aa5a33af,https://files.digital.nhs.uk/A3/AED51A/NCDes_Data_Dictionary_23_24_phase_2_v1.0.xlsx,202306,202306,XSTAT_DAT,Patients who have a persisting statin contraindication.,PCA
2ea73027fe__NCDes_Data_Dictionary_23_24_phase_2_v1.0.xlsx,437a621d39b9ffdc884153308514af8d2f57d23e8873849c4ad270df427a2a5a,https://files.digital.nhs.uk/03/49DC1C/NCDes_Data_Dictionary_23_24_phase_2_v1.0.xlsx,202307,202403,Management Information,Management information count for indicator,
2ea73027fe__NCDes_Data_Dictionary_23_24_phase_2_v1.0.xlsx,437a621d39b9ffdc884153308514af8d2f57d23e8873849c4ad270df427a2a5a,https://files.digital.nhs.uk/03/49DC1C/NCDes_Data_Dictionary_23_24_phase_2_v1.0.xlsx,202307,202403,Denominator,Denominator count for indicator,
2ea73027fe__NCDes_Data_Dictionary_23_24_phase_2_v1.0.xlsx,437a621d39b9ffdc884153308514af8d2f57d23e8873849c4ad270df427a2a5a,https://files.digital.nhs.uk/03/49DC1C/NCDes_Data_Dictionary_23_24_phase_2_v1.0.xlsx,202307,202403,Numerator,Numerator count for indicator,
2ea73027fe__NCDes_Data_Dictionary_23_24_phase_2_v1.0.xlsx,437a621d39b9ffdc884153308514af8d2f57d23e8873849c4ad270df427a2a5a,https://files.digital.nhs.uk/03/49DC1C/NCDes_Data_Dictionary_23_24_phase_2_v1.0.xlsx,202307,202403,ABPDEC12M,Patients who chose not to undertake ambulatory blood pressure monitoring or home blood pressure monitoring in the 12 months up to and including the payment period end date.,PCA
2ea73027fe__NCDes_Data_Dictionary_23_24_phase_2_v1.0.xlsx,437a621d39b9ffdc884153308514af8d2f57d23e8873849c4ad270df427a2a5a,https://files.digital.nhs.uk/03/49DC1C/NCDes_Data_Dictionary_23_24_phase_2_v1.0.xlsx,202307,202403,ABPDEC24M,"Patients whose first “high” blood pressure reading from 1 April 2020 to the day before the quality of service start date, was in the 6 months up to the quality of service start date and chose not to undertake ambulatory blood pressure monitoring or home blood pressure monitoring in the 24 months up to and including the payment period end date.",PCA
2ea73027fe__NCDes_Data_Dictionary_23_24_phase_2_v1.0.xlsx,437a621d39b9ffdc884153308514af8d2f57d23e8873849c4ad270df427a2a5a,https://files.digital.nhs.uk/03/49DC1C/NCDes_Data_Dictionary_23_24_phase_2_v1.0.xlsx,202307,202403,ACNOPQSNSD,Patients with no non-steroidal anti-inflammatory drug prescription in the 3 months prior to the quality service start date and an oral anticoagulant prescription in the 3 months prior to the quality service start date,Exclusion
2ea73027fe__NCDes_Data_Dictionary_23_24_phase_2_v1.0.xlsx,437a621d39b9ffdc884153308514af8d2f57d23e8873849c4ad270df427a2a5a,https://files.digital.nhs.uk/03/49DC1C/NCDes_Data_Dictionary_23_24_phase_2_v1.0.xlsx,202307,202403,AGEUM50F55,Male patients under 50 years old and female patients under 55 years old.,Exclusion
2ea73027fe__NCDes_Data_Dictionary_23_24_phase_2_v1.0.xlsx,437a621d39b9ffdc884153308514af8d2f57d23e8873849c4ad270df427a2a5a,https://files.digital.nhs.uk/03/49DC1C/NCDes_Data_Dictionary_23_24_phase_2_v1.0.xlsx,202307,202403,ANTICOAG3M,Patients who have not had an oral anticoagulant prescription code recorded in the 3 months up to and including the achievement date.,Exclusion
2ea73027fe__NCDes_Data_Dictionary_23_24_phase_2_v1.0.xlsx,437a621d39b9ffdc884153308514af8d2f57d23e8873849c4ad270df427a2a5a,https://files.digital.nhs.uk/03/49DC1C/NCDes_Data_Dictionary_23_24_phase_2_v1.0.xlsx,202307,202403,ASPIRIN3M,Patients who have not had an aspirin prescription code recorded in the 3 months up to and including the achievement date.,Exclusion
2ea73027fe__NCDes_Data_Dictionary_23_24_phase_2_v1.0.xlsx,437a621d39b9ffdc884153308514af8d2f57d23e8873849c4ad270df427a2a5a,https://files.digital.nhs.uk/03/49DC1C/NCDes_Data_Dictionary_23_24_phase_2_v1.0.xlsx,202307,202403,AST_DAT9M,Patients who have an asthma diagnosis in the 9 months leading up to and including the payment period end date.,PCA
2ea73027fe__NCDes_Data_Dictionary_23_24_phase_2_v1.0.xlsx,437a621d39b9ffdc884153308514af8d2f57d23e8873849c4ad270df427a2a5a,https://files.digital.nhs.uk/03/49DC1C/NCDes_Data_Dictionary_23_24_phase_2_v1.0.xlsx,202307,202403,ASTB3M_DAT,Patients who have not had an asthma diagnosis code recorded at least 3 months before the achievement date.,Exclusion
2ea73027fe__NCDes_Data_Dictionary_23_24_phase_2_v1.0.xlsx,437a621d39b9ffdc884153308514af8d2f57d23e8873849c4ad270df427a2a5a,https://files.digital.nhs.uk/03/49DC1C/NCDes_Data_Dictionary_23_24_phase_2_v1.0.xlsx,202307,202403,ASTRES_DAT,Patients who do not have an 'active' (unresolved and have received asthma-related drug treatment in the 12 months up to and including the achievement date) diagnosis of asthma .,Exclusion
2ea73027fe__NCDes_Data_Dictionary_23_24_phase_2_v1.0.xlsx,437a621d39b9ffdc884153308514af8d2f57d23e8873849c4ad270df427a2a5a,https://files.digital.nhs.uk/03/49DC1C/NCDes_Data_Dictionary_23_24_phase_2_v1.0.xlsx,202307,202403,ASTRESLAT,Patients who have an asthma resolve code recorded up to and including the achievement date and the asthma resolve code is after their latest asthma code recorded at least 3 months before the achievement date.,Exclusion
2ea73027fe__NCDes_Data_Dictionary_23_24_phase_2_v1.0.xlsx,437a621d39b9ffdc884153308514af8d2f57d23e8873849c4ad270df427a2a5a,https://files.digital.nhs.uk/03/49DC1C/NCDes_Data_Dictionary_23_24_phase_2_v1.0.xlsx,202307,202403,BPDEC1,Patient chose not to have their blood pressure recorded in the 5 years leading up to and including the payment period end date,PCA
2ea73027fe__NCDes_Data_Dictionary_23_24_phase_2_v1.0.xlsx,437a621d39b9ffdc884153308514af8d2f57d23e8873849c4ad270df427a2a5a,https://files.digital.nhs.uk/03/49DC1C/NCDes_Data_Dictionary_23_24_phase_2_v1.0.xlsx,202307,202403,BPLAT_2,Patients who did not have a latest blood pressure reading from the 1 April 2020 to the quality service start date which was “high” (i.e. with systolic value >= 140 or diastolic value >= 90) nor have a “high” blood pressure reading from 6 months before the quality service start date up to and including the achievement date.,Exclusion
2ea73027fe__NCDes_Data_Dictionary_23_24_phase_2_v1.0.xlsx,437a621d39b9ffdc884153308514af8d2f57d23e8873849c4ad270df427a2a5a,https://files.digital.nhs.uk/03/49DC1C/NCDes_Data_Dictionary_23_24_phase_2_v1.0.xlsx,202307,202403,BPLAT6M,Patients who had a high blood pressure reading in the 6 months up to and including the payment period end date and either (i) their latest blood pressure reading from 1 April 2020 and prior to the quality service start date was not high or (ii) they did not have a blood pressure reading from 1 April 2020 and prior to the quality service start date.,PCA
2ea73027fe__NCDes_Data_Dictionary_23_24_phase_2_v1.0.xlsx,437a621d39b9ffdc884153308514af8d2f57d23e8873849c4ad270df427a2a5a,https://files.digital.nhs.uk/03/49DC1C/NCDes_Data_Dictionary_23_24_phase_2_v1.0.xlsx,202307,202403,BTHPALDIZC,"Patient with no breathlessness, palpitation, syncope/dizziness or chest discomfort between quality service start date up to and including achievement date",Exclusion
2ea73027fe__NCDes_Data_Dictionary_23_24_phase_2_v1.0.xlsx,437a621d39b9ffdc884153308514af8d2f57d23e8873849c4ad270df427a2a5a,https://files.digital.nhs.uk/03/49DC1C/NCDes_Data_Dictionary_23_24_phase_2_v1.0.xlsx,202307,202403,C19CON_DAT,Patients who have a persisting COVID-19 vaccination contraindication,PCA
2ea73027fe__NCDes_Data_Dictionary_23_24_phase_2_v1.0.xlsx,437a621d39b9ffdc884153308514af8d2f57d23e8873849c4ad270df427a2a5a,https://files.digital.nhs.uk/03/49DC1C/NCDes_Data_Dictionary_23_24_phase_2_v1.0.xlsx,202307,202403,C19DEC_DAT,Patients who chose not to receive a COVID-19 vaccination in the 12 months up to and including the payment period end date,PCA
2ea73027fe__NCDes_Data_Dictionary_23_24_phase_2_v1.0.xlsx,437a621d39b9ffdc884153308514af8d2f57d23e8873849c4ad270df427a2a5a,https://files.digital.nhs.uk/03/49DC1C/NCDes_Data_Dictionary_23_24_phase_2_v1.0.xlsx,202307,202403,CARHOMDEC1,"Patients who have the registration with general practitioner practice aligned to care home declined code, recorded up to and including the achievement date.",PCA
2ea73027fe__NCDes_Data_Dictionary_23_24_phase_2_v1.0.xlsx,437a621d39b9ffdc884153308514af8d2f57d23e8873849c4ad270df427a2a5a,https://files.digital.nhs.uk/03/49DC1C/NCDes_Data_Dictionary_23_24_phase_2_v1.0.xlsx,202307,202403,CARHOME_18,"Patient is less than 18 years of age at the quality service end date, and doesn't have the code indicating care home residency.",Exclusion
2ea73027fe__NCDes_Data_Dictionary_23_24_phase_2_v1.0.xlsx,437a621d39b9ffdc884153308514af8d2f57d23e8873849c4ad270df427a2a5a,https://files.digital.nhs.uk/03/49DC1C/NCDes_Data_Dictionary_23_24_phase_2_v1.0.xlsx,202307,202403,CARHOMNP18,"Patient is less than 18 years of age at the quality service end date, and doesn't have the code indicating permanent care home residency.",Exclusion
2ea73027fe__NCDes_Data_Dictionary_23_24_phase_2_v1.0.xlsx,437a621d39b9ffdc884153308514af8d2f57d23e8873849c4ad270df427a2a5a,https://files.digital.nhs.uk/03/49DC1C/NCDes_Data_Dictionary_23_24_phase_2_v1.0.xlsx,202307,202403,CHOLDEC,Patent chose not to have a cholesterol test in the 12 months leading up to and including the payment period end date,PCA
2ea73027fe__NCDes_Data_Dictionary_23_24_phase_2_v1.0.xlsx,437a621d39b9ffdc884153308514af8d2f57d23e8873849c4ad270df427a2a5a,https://files.digital.nhs.uk/03/49DC1C/NCDes_Data_Dictionary_23_24_phase_2_v1.0.xlsx,202307,202403,CHOLMX_DAT,Patients who are receiving maximum tolerated cholesterol lowering treatment in the 12 months leading up to and including the payment period end date.,PCA
2ea73027fe__NCDes_Data_Dictionary_23_24_phase_2_v1.0.xlsx,437a621d39b9ffdc884153308514af8d2f57d23e8873849c4ad270df427a2a5a,https://files.digital.nhs.uk/03/49DC1C/NCDes_Data_Dictionary_23_24_phase_2_v1.0.xlsx,202307,202403,CVDDIAG,"Patients with a diagnosis of stroke, TIA, coronary heart disease or peripheral arterial disease recorded up to and including the achievement date.",Exclusion
2ea73027fe__NCDes_Data_Dictionary_23_24_phase_2_v1.0.xlsx,437a621d39b9ffdc884153308514af8d2f57d23e8873849c4ad270df427a2a5a,https://files.digital.nhs.uk/03/49DC1C/NCDes_Data_Dictionary_23_24_phase_2_v1.0.xlsx,202307,202403,CVDPAL_DAT,"Patients who have a diagnosis of stroke, TIA, coronary heart disease, peripheral arterial disease or a palliative care code, not been subsequently superseded by a no longer requiring palliative care code, recorded up to and including the achievement date.",Exclusion
2ea73027fe__NCDes_Data_Dictionary_23_24_phase_2_v1.0.xlsx,437a621d39b9ffdc884153308514af8d2f57d23e8873849c4ad270df427a2a5a,https://files.digital.nhs.uk/03/49DC1C/NCDes_Data_Dictionary_23_24_phase_2_v1.0.xlsx,202307,202403,DECTESTQR,Patient's who declined a cholesterol test or a blood pressure test or their smoking status in the 12 months up to and including their latest QRISK score.,PCA
2ea73027fe__NCDes_Data_Dictionary_23_24_phase_2_v1.0.xlsx,437a621d39b9ffdc884153308514af8d2f57d23e8873849c4ad270df427a2a5a,https://files.digital.nhs.uk/03/49DC1C/NCDes_Data_Dictionary_23_24_phase_2_v1.0.xlsx,202307,202403,DIABUNRES,Patients who have unresolved diabetes recored up to and including the achievement date.,Exclusion
2ea73027fe__NCDes_Data_Dictionary_23_24_phase_2_v1.0.xlsx,437a621d39b9ffdc884153308514af8d2f57d23e8873849c4ad270df427a2a5a,https://files.digital.nhs.uk/03/49DC1C/NCDes_Data_Dictionary_23_24_phase_2_v1.0.xlsx,202307,202403,DIBFRISTAT,Patient's with an unresolved diabetes diagnosis whose latest frailty diagnosis is not moderate or severe and who have been prescribed a statin in the 6 months up to and including the achievement date.,Exclusion
2ea73027fe__NCDes_Data_Dictionary_23_24_phase_2_v1.0.xlsx,437a621d39b9ffdc884153308514af8d2f57d23e8873849c4ad270df427a2a5a,https://files.digital.nhs.uk/03/49DC1C/NCDes_Data_Dictionary_23_24_phase_2_v1.0.xlsx,202307,202403,DOAC3MDAT1,Patient prescribed earliest direct-acting oral anti-coagulant (DOAC) on or after quality service start date in the 3 months up to and including the quality service end date,PCA
2ea73027fe__NCDes_Data_Dictionary_23_24_phase_2_v1.0.xlsx,437a621d39b9ffdc884153308514af8d2f57d23e8873849c4ad270df427a2a5a,https://files.digital.nhs.uk/03/49DC1C/NCDes_Data_Dictionary_23_24_phase_2_v1.0.xlsx,202307,202403,DOAC9MDAT1,Patients whose latest prescription for a direct-acting oral anticoagulant (DOAC) on or after the quality service start date is 9 months or more prior to the reporting period end date.,PCA
2ea73027fe__NCDes_Data_Dictionary_23_24_phase_2_v1.0.xlsx,437a621d39b9ffdc884153308514af8d2f57d23e8873849c4ad270df427a2a5a,https://files.digital.nhs.uk/03/49DC1C/NCDes_Data_Dictionary_23_24_phase_2_v1.0.xlsx,202307,202403,EGFRB3ML45,Patients who have not had an estimated glomerular filtration rate (eGFR) of less than 45ml per minute as their latest eGFR recorded at least 3 months before the achievement date.,Exclusion
2ea73027fe__NCDes_Data_Dictionary_23_24_phase_2_v1.0.xlsx,437a621d39b9ffdc884153308514af8d2f57d23e8873849c4ad270df427a2a5a,https://files.digital.nhs.uk/03/49DC1C/NCDes_Data_Dictionary_23_24_phase_2_v1.0.xlsx,202307,202403,EUNRESCOAS,Patients who have unresolved COPD and who are also on the asthma register,Exclusion
2ea73027fe__NCDes_Data_Dictionary_23_24_phase_2_v1.0.xlsx,437a621d39b9ffdc884153308514af8d2f57d23e8873849c4ad270df427a2a5a,https://files.digital.nhs.uk/03/49DC1C/NCDes_Data_Dictionary_23_24_phase_2_v1.0.xlsx,202307,202403,FAMHYPRDEC,Patients who chose not to be referred for a familial hypercholesterolemia assessment in the 12 months up to and including the payment period end date.,PCA
2ea73027fe__NCDes_Data_Dictionary_23_24_phase_2_v1.0.xlsx,437a621d39b9ffdc884153308514af8d2f57d23e8873849c4ad270df427a2a5a,https://files.digital.nhs.uk/03/49DC1C/NCDes_Data_Dictionary_23_24_phase_2_v1.0.xlsx,202307,202403,FLUDEC_DAT,Patient either did not receive a flu vaccination or did not consent to a flu vaccination in the 12 months leading up to and including the payment period end date.,PCA
2ea73027fe__NCDes_Data_Dictionary_23_24_phase_2_v1.0.xlsx,437a621d39b9ffdc884153308514af8d2f57d23e8873849c4ad270df427a2a5a,https://files.digital.nhs.uk/03/49DC1C/NCDes_Data_Dictionary_23_24_phase_2_v1.0.xlsx,202307,202403,FAECIMMDEC,Patients who have chosen not to receive a faecal immunochemical test and who have no subsequent record of a faecal immunochemical test result up to and including the achievement date,PCA
2ea73027fe__NCDes_Data_Dictionary_23_24_phase_2_v1.0.xlsx,437a621d39b9ffdc884153308514af8d2f57d23e8873849c4ad270df427a2a5a,https://files.digital.nhs.uk/03/49DC1C/NCDes_Data_Dictionary_23_24_phase_2_v1.0.xlsx,202307,202403,FITNIDAT,Patients with a faecal immunochemical test not indicated code and who have no subsequent record of a faecal immunochemical test result up to and including the achievement date,PCA
2ea73027fe__NCDes_Data_Dictionary_23_24_phase_2_v1.0.xlsx,437a621d39b9ffdc884153308514af8d2f57d23e8873849c4ad270df427a2a5a,https://files.digital.nhs.uk/03/49DC1C/NCDes_Data_Dictionary_23_24_phase_2_v1.0.xlsx,202307,202403,FLUEXPCON,Patient has flu vaccine expiring contraindication recorded on or after the service start date and up to and including the achievement date.,PCA
2ea73027fe__NCDes_Data_Dictionary_23_24_phase_2_v1.0.xlsx,437a621d39b9ffdc884153308514af8d2f57d23e8873849c4ad270df427a2a5a,https://files.digital.nhs.uk/03/49DC1C/NCDes_Data_Dictionary_23_24_phase_2_v1.0.xlsx,202307,202403,FLUINVITE1,"Patient has not responded to at least two flu vaccination invitations using their preferred method of communication, made at least 7 days apart, in the flu season.",PCA
2ea73027fe__NCDes_Data_Dictionary_23_24_phase_2_v1.0.xlsx,437a621d39b9ffdc884153308514af8d2f57d23e8873849c4ad270df427a2a5a,https://files.digital.nhs.uk/03/49DC1C/NCDes_Data_Dictionary_23_24_phase_2_v1.0.xlsx,202307,202403,GICANREF,Patients with no fast-track referral for suspected lower gastrointestinal cancer between the quality service start date up to and including the achievement date,Exclusion
2ea73027fe__NCDes_Data_Dictionary_23_24_phase_2_v1.0.xlsx,437a621d39b9ffdc884153308514af8d2f57d23e8873849c4ad270df427a2a5a,https://files.digital.nhs.uk/03/49DC1C/NCDes_Data_Dictionary_23_24_phase_2_v1.0.xlsx,202307,202403,HFB3M_DAT,Patients who have not had a heart failure diagnosis code recorded at least 3 months before the achievement date.,Exclusion
2ea73027fe__NCDes_Data_Dictionary_23_24_phase_2_v1.0.xlsx,437a621d39b9ffdc884153308514af8d2f57d23e8873849c4ad270df427a2a5a,https://files.digital.nhs.uk/03/49DC1C/NCDes_Data_Dictionary_23_24_phase_2_v1.0.xlsx,202307,202403,HFRESLAT,Patients who have a heart failure resolve code recorded up to and including the achievement date and the heart failure resolve code is on or after their latest heart failure code recorded at least 3 months before the achievement date.,Exclusion
2ea73027fe__NCDes_Data_Dictionary_23_24_phase_2_v1.0.xlsx,437a621d39b9ffdc884153308514af8d2f57d23e8873849c4ad270df427a2a5a,https://files.digital.nhs.uk/03/49DC1C/NCDes_Data_Dictionary_23_24_phase_2_v1.0.xlsx,202307,202403,HLTHAPDEC,Patient chose not to receive a learning disability health action plan in the 12 months leading up to and including the payment period end date.,PCA
2ea73027fe__NCDes_Data_Dictionary_23_24_phase_2_v1.0.xlsx,437a621d39b9ffdc884153308514af8d2f57d23e8873849c4ad270df427a2a5a,https://files.digital.nhs.uk/03/49DC1C/NCDes_Data_Dictionary_23_24_phase_2_v1.0.xlsx,202307,202403,HLTHCHKDEC,Patient chose not to receive a learning disability health check in the 12 months leading up to and including the PPED,PCA
2ea73027fe__NCDes_Data_Dictionary_23_24_phase_2_v1.0.xlsx,437a621d39b9ffdc884153308514af8d2f57d23e8873849c4ad270df427a2a5a,https://files.digital.nhs.uk/03/49DC1C/NCDes_Data_Dictionary_23_24_phase_2_v1.0.xlsx,202307,202403,HOMECONF18,"Patient is less than 18 years of age at the quality service end date, and doesn’t currently live in a nursing home or residential home and doesn’t have an acute confusion diagnosis.",Exclusion
2ea73027fe__NCDes_Data_Dictionary_23_24_phase_2_v1.0.xlsx,437a621d39b9ffdc884153308514af8d2f57d23e8873849c4ad270df427a2a5a,https://files.digital.nhs.uk/03/49DC1C/NCDes_Data_Dictionary_23_24_phase_2_v1.0.xlsx,202307,202403,HOMETMP_18,"Patient is less than 18 years of age at the quality service end date, and doesn’t currently live in a nursing home, residential home and isn't a temporary resident.",Exclusion
2ea73027fe__NCDes_Data_Dictionary_23_24_phase_2_v1.0.xlsx,437a621d39b9ffdc884153308514af8d2f57d23e8873849c4ad270df427a2a5a,https://files.digital.nhs.uk/03/49DC1C/NCDes_Data_Dictionary_23_24_phase_2_v1.0.xlsx,202307,202403,HYPLATUNR,Patients who have an unresolved diagnosis of hypertension,Exclusion
2ea73027fe__NCDes_Data_Dictionary_23_24_phase_2_v1.0.xlsx,437a621d39b9ffdc884153308514af8d2f57d23e8873849c4ad270df427a2a5a,https://files.digital.nhs.uk/03/49DC1C/NCDes_Data_Dictionary_23_24_phase_2_v1.0.xlsx,202307,202403,L12MNODOAC,Patients with no direct-acting oral anti-coagulant (DOAC) prescription in the 12 months from the quality service start date up to and including the achievement date,Exclusion
2ea73027fe__NCDes_Data_Dictionary_23_24_phase_2_v1.0.xlsx,437a621d39b9ffdc884153308514af8d2f57d23e8873849c4ad270df427a2a5a,https://files.digital.nhs.uk/03/49DC1C/NCDes_Data_Dictionary_23_24_phase_2_v1.0.xlsx,202307,202403,LATNURSPER,"Patients whose latest housing status was not recorded as a permanent resident in a residential or nursing home, up to and including the achievement date.",Exclusion
2ea73027fe__NCDes_Data_Dictionary_23_24_phase_2_v1.0.xlsx,437a621d39b9ffdc884153308514af8d2f57d23e8873849c4ad270df427a2a5a,https://files.digital.nhs.uk/03/49DC1C/NCDes_Data_Dictionary_23_24_phase_2_v1.0.xlsx,202307,202403,LD_DAT,Patient does not have a diagnosis of learning disabilities up to and including the achievement date.,Exclusion
2ea73027fe__NCDes_Data_Dictionary_23_24_phase_2_v1.0.xlsx,437a621d39b9ffdc884153308514af8d2f57d23e8873849c4ad270df427a2a5a,https://files.digital.nhs.uk/03/49DC1C/NCDes_Data_Dictionary_23_24_phase_2_v1.0.xlsx,202307,202403,LIPIDTHER,"Patient's who received a lipid lowering therapy prescription in the 6 months leading up to and including the quality service start date where lipid lowering therapy includes: Stains, ezetimibe, bempedoic acid, inclisiran, PCSK9 inhibitors, and icosapent ethyl",Exclusion
2ea73027fe__NCDes_Data_Dictionary_23_24_phase_2_v1.0.xlsx,437a621d39b9ffdc884153308514af8d2f57d23e8873849c4ad270df427a2a5a,https://files.digital.nhs.uk/03/49DC1C/NCDes_Data_Dictionary_23_24_phase_2_v1.0.xlsx,202307,202403,MEDRVWDEC,Patient chose not to receive a structured medication review in the 12 months leading up to and including the payment period end date.,PCA
2ea73027fe__NCDes_Data_Dictionary_23_24_phase_2_v1.0.xlsx,437a621d39b9ffdc884153308514af8d2f57d23e8873849c4ad270df427a2a5a,https://files.digital.nhs.uk/03/49DC1C/NCDes_Data_Dictionary_23_24_phase_2_v1.0.xlsx,202307,202403,MH_MHREM,"Patient does not have an unresolved diagnosis of psychosis, schizophrenia or bipolar affective disorder.",Exclusion
2ea73027fe__NCDes_Data_Dictionary_23_24_phase_2_v1.0.xlsx,437a621d39b9ffdc884153308514af8d2f57d23e8873849c4ad270df427a2a5a,https://files.digital.nhs.uk/03/49DC1C/NCDes_Data_Dictionary_23_24_phase_2_v1.0.xlsx,202307,202403,MILDINTAST,Patients who have a diagnosis of mild asthma which has not been superseded by a more severe asthma diagnosis and have an ‘inhaled corticosteroid not indicated’ code recorded in the 12 months leading up to and including the payment period end date and also have have been prescribed less than 3 SABA prescriptions in the 12 months up to and including the achievement date if 18 years and over or have been prescribed less than 4 SABA prescriptions in the 12 months up to and including the achievement date if under 18 years.,PCA
2ea73027fe__NCDes_Data_Dictionary_23_24_phase_2_v1.0.xlsx,437a621d39b9ffdc884153308514af8d2f57d23e8873849c4ad270df427a2a5a,https://files.digital.nhs.uk/03/49DC1C/NCDes_Data_Dictionary_23_24_phase_2_v1.0.xlsx,202307,202403,N_AT_RISK,"Patient does not have at least one of the following conditions in their record: CRD, Unresolved Asthma, CHD, CKD, Diabetes, unresolved perstisting immunosuppression diagnosis, expiring immunosuppression diagnosis, immunosuppressive procedure, immunosuppressive drug treatment, CLD, CND, High BMI aged 16 years or over, BMI value of 40 or more, LD, splenic dysfunction or care home residency.",Exclusion
2ea73027fe__NCDes_Data_Dictionary_23_24_phase_2_v1.0.xlsx,437a621d39b9ffdc884153308514af8d2f57d23e8873849c4ad270df427a2a5a,https://files.digital.nhs.uk/03/49DC1C/NCDes_Data_Dictionary_23_24_phase_2_v1.0.xlsx,202307,202403,NATRISKU18,"Patient is less than 65 years at the quality service end date OR patient is less than 18 years or greater than 65 years at the quality service end date AND does not have at least one of the following conditions: CRD, Unresolved Asthma, CHD, CKD, Diabetes, unresolved perstisting immunosuppression diagnosis, expiring immunosuppression diagnosis, immunosuppressive procedure, immunosuppressive drug treatment, CLD, CND, High BMI aged 16 years or over, BMI value of 40 or more, LD, splenic dysfunction or care home residency.",Exclusion
2ea73027fe__NCDes_Data_Dictionary_23_24_phase_2_v1.0.xlsx,437a621d39b9ffdc884153308514af8d2f57d23e8873849c4ad270df427a2a5a,https://files.digital.nhs.uk/03/49DC1C/NCDes_Data_Dictionary_23_24_phase_2_v1.0.xlsx,202307,202403,NOACELOOP,Patient not on long-term prescription for either angiotensin converting enzyme (ACE) inhibitor or loop diuretic medication,Exclusion
2ea73027fe__NCDes_Data_Dictionary_23_24_phase_2_v1.0.xlsx,437a621d39b9ffdc884153308514af8d2f57d23e8873849c4ad270df427a2a5a,https://files.digital.nhs.uk/03/49DC1C/NCDes_Data_Dictionary_23_24_phase_2_v1.0.xlsx,202307,202403,NOAMIO12M,Patient has no amiodarone prescription in either the 6-12 months prior to the achievement date and/or no amiodarone prescription in the 6 months up to and including the achievement date,Exclusion
2ea73027fe__NCDes_Data_Dictionary_23_24_phase_2_v1.0.xlsx,437a621d39b9ffdc884153308514af8d2f57d23e8873849c4ad270df427a2a5a,https://files.digital.nhs.uk/03/49DC1C/NCDes_Data_Dictionary_23_24_phase_2_v1.0.xlsx,202307,202403,NOANTIPLT,Patients who have not been prescribed an antiplatelet in the 3 months up to and including the achievement date.,Exclusion
2ea73027fe__NCDes_Data_Dictionary_23_24_phase_2_v1.0.xlsx,437a621d39b9ffdc884153308514af8d2f57d23e8873849c4ad270df427a2a5a,https://files.digital.nhs.uk/03/49DC1C/NCDes_Data_Dictionary_23_24_phase_2_v1.0.xlsx,202307,202403,NOASPLAT3M,Patients who have not been prescribed an aspirin and another antiplatelet within 28 days of each other in the 3 months up to and including the achievement date.,Exclusion
2ea73027fe__NCDes_Data_Dictionary_23_24_phase_2_v1.0.xlsx,437a621d39b9ffdc884153308514af8d2f57d23e8873849c4ad270df427a2a5a,https://files.digital.nhs.uk/03/49DC1C/NCDes_Data_Dictionary_23_24_phase_2_v1.0.xlsx,202307,202403,NOBP_DAT,Patient has not had blood pressure recorded between quality service start date up to and including achievement date,Exclusion
2ea73027fe__NCDes_Data_Dictionary_23_24_phase_2_v1.0.xlsx,437a621d39b9ffdc884153308514af8d2f57d23e8873849c4ad270df427a2a5a,https://files.digital.nhs.uk/03/49DC1C/NCDes_Data_Dictionary_23_24_phase_2_v1.0.xlsx,202307,202403,NOCHOL2930,Patients with no total cholesterol reading of greater than 7.5 mmol/L recorded whilst aged 29 years or younger and no total cholesterol reading of greater than 9.0 mmol/L recorded whilst aged 30 years or older,Exclusion
2ea73027fe__NCDes_Data_Dictionary_23_24_phase_2_v1.0.xlsx,437a621d39b9ffdc884153308514af8d2f57d23e8873849c4ad270df427a2a5a,https://files.digital.nhs.uk/03/49DC1C/NCDes_Data_Dictionary_23_24_phase_2_v1.0.xlsx,202307,202403,NOCOAGPLAT,Patients who have not been prescribed an oral anticoagulant and an antiplatelet (including aspirin) within 28 days of each other in the 3 months up to and including the achievement date.,Exclusion
2ea73027fe__NCDes_Data_Dictionary_23_24_phase_2_v1.0.xlsx,437a621d39b9ffdc884153308514af8d2f57d23e8873849c4ad270df427a2a5a,https://files.digital.nhs.uk/03/49DC1C/NCDes_Data_Dictionary_23_24_phase_2_v1.0.xlsx,202307,202403,NOCVDDIAG,"Patients without a diagnosis of stroke, TIA, coronary heart disease or peripheral arterial disease recorded up to and including the achievement date.",Exclusion
2ea73027fe__NCDes_Data_Dictionary_23_24_phase_2_v1.0.xlsx,437a621d39b9ffdc884153308514af8d2f57d23e8873849c4ad270df427a2a5a,https://files.digital.nhs.uk/03/49DC1C/NCDes_Data_Dictionary_23_24_phase_2_v1.0.xlsx,202307,202403,NOIRREGPLS,Patient with no irregular pulse code between quality service start date up to and including achievement date,Exclusion
2ea73027fe__NCDes_Data_Dictionary_23_24_phase_2_v1.0.xlsx,437a621d39b9ffdc884153308514af8d2f57d23e8873849c4ad270df427a2a5a,https://files.digital.nhs.uk/03/49DC1C/NCDes_Data_Dictionary_23_24_phase_2_v1.0.xlsx,202307,202403,NOLIT3M6M,Patient has no lithium prescription in either the 3-6 months prior to the achievement date and/or no lithium prescription in the 3 months up to and including the achievement date,Exclusion
2ea73027fe__NCDes_Data_Dictionary_23_24_phase_2_v1.0.xlsx,437a621d39b9ffdc884153308514af8d2f57d23e8873849c4ad270df427a2a5a,https://files.digital.nhs.uk/03/49DC1C/NCDes_Data_Dictionary_23_24_phase_2_v1.0.xlsx,202307,202403,NOMEDERR1,Patients who have not had a specified medication error on or after the quality of service start date and upto and including the achievement date,Exclusion
2ea73027fe__NCDes_Data_Dictionary_23_24_phase_2_v1.0.xlsx,437a621d39b9ffdc884153308514af8d2f57d23e8873849c4ad270df427a2a5a,https://files.digital.nhs.uk/03/49DC1C/NCDes_Data_Dictionary_23_24_phase_2_v1.0.xlsx,202307,202403,NOMETH3M6M,Patient has no methotrexate prescription in either the 3-6 months prior to the achievement date and/or no methotrexate prescription in the 3 months up to and including the achievement date,Exclusion
2ea73027fe__NCDes_Data_Dictionary_23_24_phase_2_v1.0.xlsx,437a621d39b9ffdc884153308514af8d2f57d23e8873849c4ad270df427a2a5a,https://files.digital.nhs.uk/03/49DC1C/NCDes_Data_Dictionary_23_24_phase_2_v1.0.xlsx,202307,202403,NONSAID3M,Patients who have not been prescribed an oral non-steroidal anti-Inflammatory drug (NSAID) in the 3 months up to and including the achievement date.,Exclusion
2ea73027fe__NCDes_Data_Dictionary_23_24_phase_2_v1.0.xlsx,437a621d39b9ffdc884153308514af8d2f57d23e8873849c4ad270df427a2a5a,https://files.digital.nhs.uk/03/49DC1C/NCDes_Data_Dictionary_23_24_phase_2_v1.0.xlsx,202307,202403,NOPQSACSAL,Patients with no oral anticoagulant prescription in the 3 months prior to the quality service start date and no anti-platelet prescription in the 3 months prior to the quality service start date,Exclusion
2ea73027fe__NCDes_Data_Dictionary_23_24_phase_2_v1.0.xlsx,437a621d39b9ffdc884153308514af8d2f57d23e8873849c4ad270df427a2a5a,https://files.digital.nhs.uk/03/49DC1C/NCDes_Data_Dictionary_23_24_phase_2_v1.0.xlsx,202307,202403,NOPQSNSDAC,Patients with no non-steroidal anti-inflammatory drug prescription in the 3 months prior to the quality service start date and/or no oral anticoagulant prescription in the 3 months prior to the quality service start date,Exclusion
2ea73027fe__NCDes_Data_Dictionary_23_24_phase_2_v1.0.xlsx,437a621d39b9ffdc884153308514af8d2f57d23e8873849c4ad270df427a2a5a,https://files.digital.nhs.uk/03/49DC1C/NCDes_Data_Dictionary_23_24_phase_2_v1.0.xlsx,202307,202403,NOPQSSAL,Patients with no aspirin prescription in the 3 months prior to the quality service start date and/or no non-aspirin anti-platelet prescription in the 3 months prior to the quality service start date,Exclusion
2ea73027fe__NCDes_Data_Dictionary_23_24_phase_2_v1.0.xlsx,437a621d39b9ffdc884153308514af8d2f57d23e8873849c4ad270df427a2a5a,https://files.digital.nhs.uk/03/49DC1C/NCDes_Data_Dictionary_23_24_phase_2_v1.0.xlsx,202307,202403,NURSHOME,"Patients whose latest housing status was not recorded as a permanent resident in a residential or nursing home or temporary resident in a care home, up to and including the achievement date.",Exclusion
2ea73027fe__NCDes_Data_Dictionary_23_24_phase_2_v1.0.xlsx,437a621d39b9ffdc884153308514af8d2f57d23e8873849c4ad270df427a2a5a,https://files.digital.nhs.uk/03/49DC1C/NCDes_Data_Dictionary_23_24_phase_2_v1.0.xlsx,202307,202403,P_AGE18_64,Patient age is less than 18 years or greater than 65 years at the quality service end date.,Exclusion
2ea73027fe__NCDes_Data_Dictionary_23_24_phase_2_v1.0.xlsx,437a621d39b9ffdc884153308514af8d2f57d23e8873849c4ad270df427a2a5a,https://files.digital.nhs.uk/03/49DC1C/NCDes_Data_Dictionary_23_24_phase_2_v1.0.xlsx,202307,202403,P_AGE2_4,Patient age is less than 2 years or greater than 4 years the day before the flu service started (31 August),Exclusion
2ea73027fe__NCDes_Data_Dictionary_23_24_phase_2_v1.0.xlsx,437a621d39b9ffdc884153308514af8d2f57d23e8873849c4ad270df427a2a5a,https://files.digital.nhs.uk/03/49DC1C/NCDes_Data_Dictionary_23_24_phase_2_v1.0.xlsx,202307,202403,P_AGE25_84,"Patients who are not aged between 25 and 84 years inclusive, at the quality service end date.",Exclusion
2ea73027fe__NCDes_Data_Dictionary_23_24_phase_2_v1.0.xlsx,437a621d39b9ffdc884153308514af8d2f57d23e8873849c4ad270df427a2a5a,https://files.digital.nhs.uk/03/49DC1C/NCDes_Data_Dictionary_23_24_phase_2_v1.0.xlsx,202307,202403,PALCARDAT2,"Patients who have a palliative care code recorded on or after 1 April 2008 and who have not been subsequently identified as no longer requiring palliative care, up to and including the achievement date.",PCA
2ea73027fe__NCDes_Data_Dictionary_23_24_phase_2_v1.0.xlsx,437a621d39b9ffdc884153308514af8d2f57d23e8873849c4ad270df427a2a5a,https://files.digital.nhs.uk/03/49DC1C/NCDes_Data_Dictionary_23_24_phase_2_v1.0.xlsx,202307,202403,PALCARE,Patients who have a palliative care code recorded between 1 April 2008 and up to and including the achievement date and have not been subsequently identified as no longer requiring palliative care.,Exclusion
2ea73027fe__NCDes_Data_Dictionary_23_24_phase_2_v1.0.xlsx,437a621d39b9ffdc884153308514af8d2f57d23e8873849c4ad270df427a2a5a,https://files.digital.nhs.uk/03/49DC1C/NCDes_Data_Dictionary_23_24_phase_2_v1.0.xlsx,202307,202403,PAT_AGEU14,Patient age is less than 14 years at the quality service end date.,Exclusion
2ea73027fe__NCDes_Data_Dictionary_23_24_phase_2_v1.0.xlsx,437a621d39b9ffdc884153308514af8d2f57d23e8873849c4ad270df427a2a5a,https://files.digital.nhs.uk/03/49DC1C/NCDes_Data_Dictionary_23_24_phase_2_v1.0.xlsx,202307,202403,PAT_AGEU16,Patient age is less than 16 years at the quality service end date,Exclusion
2ea73027fe__NCDes_Data_Dictionary_23_24_phase_2_v1.0.xlsx,437a621d39b9ffdc884153308514af8d2f57d23e8873849c4ad270df427a2a5a,https://files.digital.nhs.uk/03/49DC1C/NCDes_Data_Dictionary_23_24_phase_2_v1.0.xlsx,202307,202403,PAT_AGEU18,Patient age is less than 18 years at the quality service end date.,Exclusion
2ea73027fe__NCDes_Data_Dictionary_23_24_phase_2_v1.0.xlsx,437a621d39b9ffdc884153308514af8d2f57d23e8873849c4ad270df427a2a5a,https://files.digital.nhs.uk/03/49DC1C/NCDes_Data_Dictionary_23_24_phase_2_v1.0.xlsx,202307,202403,PAT_AGEU45,Patient age is under 45 years,Exclusion
2ea73027fe__NCDes_Data_Dictionary_23_24_phase_2_v1.0.xlsx,437a621d39b9ffdc884153308514af8d2f57d23e8873849c4ad270df427a2a5a,https://files.digital.nhs.uk/03/49DC1C/NCDes_Data_Dictionary_23_24_phase_2_v1.0.xlsx,202307,202403,PAT_AGEU65,Patients aged under 65 years on the quality service end date,Exclusion
2ea73027fe__NCDes_Data_Dictionary_23_24_phase_2_v1.0.xlsx,437a621d39b9ffdc884153308514af8d2f57d23e8873849c4ad270df427a2a5a,https://files.digital.nhs.uk/03/49DC1C/NCDes_Data_Dictionary_23_24_phase_2_v1.0.xlsx,202307,202403,PAT_AGEU75,Patient age is less than 75 years at the quality service end date.,Exclusion
2ea73027fe__NCDes_Data_Dictionary_23_24_phase_2_v1.0.xlsx,437a621d39b9ffdc884153308514af8d2f57d23e8873849c4ad270df427a2a5a,https://files.digital.nhs.uk/03/49DC1C/NCDes_Data_Dictionary_23_24_phase_2_v1.0.xlsx,202307,202403,PAT_ETHWNS,Patient from white ethnic grouping or has no ethnicity stated,Exclusion
2ea73027fe__NCDes_Data_Dictionary_23_24_phase_2_v1.0.xlsx,437a621d39b9ffdc884153308514af8d2f57d23e8873849c4ad270df427a2a5a,https://files.digital.nhs.uk/03/49DC1C/NCDes_Data_Dictionary_23_24_phase_2_v1.0.xlsx,202307,202403,PCSPDEC,"Patient chose not to receive a personalised care and support plan, in the 12 months leading up to and including the payment period end date.",PCA
2ea73027fe__NCDes_Data_Dictionary_23_24_phase_2_v1.0.xlsx,437a621d39b9ffdc884153308514af8d2f57d23e8873849c4ad270df427a2a5a,https://files.digital.nhs.uk/03/49DC1C/NCDes_Data_Dictionary_23_24_phase_2_v1.0.xlsx,202307,202403,PEPULCB3M,Patients who have not had a upper gastrointestinal (GI) bleed code or a peptic ulceration code recorded at least 3 months before the achievement date.,Exclusion
2ea73027fe__NCDes_Data_Dictionary_23_24_phase_2_v1.0.xlsx,437a621d39b9ffdc884153308514af8d2f57d23e8873849c4ad270df427a2a5a,https://files.digital.nhs.uk/03/49DC1C/NCDes_Data_Dictionary_23_24_phase_2_v1.0.xlsx,202307,202403,PRELAT6M,"Patients whose first “high” blood pressure reading from 1 April 2020 to the day before the quality of service start date, was in the 6 months up to the quality of service start date and received clinically appropriate follow-up prior to the quality service start date.",Exclusion
2ea73027fe__NCDes_Data_Dictionary_23_24_phase_2_v1.0.xlsx,437a621d39b9ffdc884153308514af8d2f57d23e8873849c4ad270df427a2a5a,https://files.digital.nhs.uk/03/49DC1C/NCDes_Data_Dictionary_23_24_phase_2_v1.0.xlsx,202307,202403,QRISKVAL10,"Patients whose latest QRISK2 or QRISK3 score was under 10%, recorded at any point leading up to the achievement date.",Exclusion
2ea73027fe__NCDes_Data_Dictionary_23_24_phase_2_v1.0.xlsx,437a621d39b9ffdc884153308514af8d2f57d23e8873849c4ad270df427a2a5a,https://files.digital.nhs.uk/03/49DC1C/NCDes_Data_Dictionary_23_24_phase_2_v1.0.xlsx,202307,202403,QRISKVAL20,"Patients whose latest QRISK2 or QRISK3 score was 20% or under, recorded at any point leading up to the achievement date.",Exclusion
2ea73027fe__NCDes_Data_Dictionary_23_24_phase_2_v1.0.xlsx,437a621d39b9ffdc884153308514af8d2f57d23e8873849c4ad270df427a2a5a,https://files.digital.nhs.uk/03/49DC1C/NCDes_Data_Dictionary_23_24_phase_2_v1.0.xlsx,202307,202403,REGL3M_DAT,Patients registered within 3 months of end of payment period,PCA
2ea73027fe__NCDes_Data_Dictionary_23_24_phase_2_v1.0.xlsx,437a621d39b9ffdc884153308514af8d2f57d23e8873849c4ad270df427a2a5a,https://files.digital.nhs.uk/03/49DC1C/NCDes_Data_Dictionary_23_24_phase_2_v1.0.xlsx,202307,202403,SEVFRAIL2,Patients whose latest frailty diagnosis is not severe frailty or who have no frailty diagnosis and have a Canadian Study of Health and Aging Clinical Frailty Scale that is not 7 or 8,Exclusion
2ea73027fe__NCDes_Data_Dictionary_23_24_phase_2_v1.0.xlsx,437a621d39b9ffdc884153308514af8d2f57d23e8873849c4ad270df427a2a5a,https://files.digital.nhs.uk/03/49DC1C/NCDes_Data_Dictionary_23_24_phase_2_v1.0.xlsx,202307,202403,SMOKORDEC,Patient has a smoking status or declined to provide their smoking status,PCA
2ea73027fe__NCDes_Data_Dictionary_23_24_phase_2_v1.0.xlsx,437a621d39b9ffdc884153308514af8d2f57d23e8873849c4ad270df427a2a5a,https://files.digital.nhs.uk/03/49DC1C/NCDes_Data_Dictionary_23_24_phase_2_v1.0.xlsx,202307,202403,SOCPRESDEC,Patients who chose not to accept a referral to a social prescribing service up to and including the achievement date,PCA
2ea73027fe__NCDes_Data_Dictionary_23_24_phase_2_v1.0.xlsx,437a621d39b9ffdc884153308514af8d2f57d23e8873849c4ad270df427a2a5a,https://files.digital.nhs.uk/03/49DC1C/NCDes_Data_Dictionary_23_24_phase_2_v1.0.xlsx,202307,202403,STATDECAW,Patients who chose not to receive a statin prescription anywhere in the patient record.,PCA
2ea73027fe__NCDes_Data_Dictionary_23_24_phase_2_v1.0.xlsx,437a621d39b9ffdc884153308514af8d2f57d23e8873849c4ad270df427a2a5a,https://files.digital.nhs.uk/03/49DC1C/NCDes_Data_Dictionary_23_24_phase_2_v1.0.xlsx,202307,202403,STATINTOL,Patients who have a statin intolerance anywhere in the patient record,PCA
2ea73027fe__NCDes_Data_Dictionary_23_24_phase_2_v1.0.xlsx,437a621d39b9ffdc884153308514af8d2f57d23e8873849c4ad270df427a2a5a,https://files.digital.nhs.uk/03/49DC1C/NCDes_Data_Dictionary_23_24_phase_2_v1.0.xlsx,202307,202403,STATLLTDEC,"Patients who have declined or are clinically unsuitable for all statins, ezetimibe and bempedoic acid",PCA
2ea73027fe__NCDes_Data_Dictionary_23_24_phase_2_v1.0.xlsx,437a621d39b9ffdc884153308514af8d2f57d23e8873849c4ad270df427a2a5a,https://files.digital.nhs.uk/03/49DC1C/NCDes_Data_Dictionary_23_24_phase_2_v1.0.xlsx,202307,202403,STRMEDRVDC,Patients who chose not to receive a structured medication review in the 12 months up to and including the payment period end date.,PCA
2ea73027fe__NCDes_Data_Dictionary_23_24_phase_2_v1.0.xlsx,437a621d39b9ffdc884153308514af8d2f57d23e8873849c4ad270df427a2a5a,https://files.digital.nhs.uk/03/49DC1C/NCDes_Data_Dictionary_23_24_phase_2_v1.0.xlsx,202307,202403,TXSTAT_DAT,Patients who have an expiring statin contraindication recorded in the 12 months leading up to and including the payment period end date.,PCA
2ea73027fe__NCDes_Data_Dictionary_23_24_phase_2_v1.0.xlsx,437a621d39b9ffdc884153308514af8d2f57d23e8873849c4ad270df427a2a5a,https://files.digital.nhs.uk/03/49DC1C/NCDes_Data_Dictionary_23_24_phase_2_v1.0.xlsx,202307,202403,UNRESAFIB,Patients with unresolved atrial fibrillation,Exclusion
2ea73027fe__NCDes_Data_Dictionary_23_24_phase_2_v1.0.xlsx,437a621d39b9ffdc884153308514af8d2f57d23e8873849c4ad270df427a2a5a,https://files.digital.nhs.uk/03/49DC1C/NCDes_Data_Dictionary_23_24_phase_2_v1.0.xlsx,202307,202403,XFLU_DAT,Persisting Flu vaccine contraindications recorded up to and including the achievement date.,PCA
2ea73027fe__NCDes_Data_Dictionary_23_24_phase_2_v1.0.xlsx,437a621d39b9ffdc884153308514af8d2f57d23e8873849c4ad270df427a2a5a,https://files.digital.nhs.uk/03/49DC1C/NCDes_Data_Dictionary_23_24_phase_2_v1.0.xlsx,202307,202403,XSTAT_DAT,Patients who have a persisting statin contraindication.,PCA
99ae18064c__NCDes_v6.0_Data_Dictionary_24_25.xlsx,435142f87550cd66d78586ed77440f5681e8ed49ae68d712eb1f151d0dbc1455,https://files.digital.nhs.uk/9C/F32D29/NCDes_v6.0_Data_Dictionary_24_25.xlsx,202404,202408,MI Count,Management information count for indicator,
99ae18064c__NCDes_v6.0_Data_Dictionary_24_25.xlsx,435142f87550cd66d78586ed77440f5681e8ed49ae68d712eb1f151d0dbc1455,https://files.digital.nhs.uk/9C/F32D29/NCDes_v6.0_Data_Dictionary_24_25.xlsx,202404,202408,Denominator,Denominator count for indicator,
99ae18064c__NCDes_v6.0_Data_Dictionary_24_25.xlsx,435142f87550cd66d78586ed77440f5681e8ed49ae68d712eb1f151d0dbc1455,https://files.digital.nhs.uk/9C/F32D29/NCDes_v6.0_Data_Dictionary_24_25.xlsx,202404,202408,Numerator,Numerator count for indicator,
99ae18064c__NCDes_v6.0_Data_Dictionary_24_25.xlsx,435142f87550cd66d78586ed77440f5681e8ed49ae68d712eb1f151d0dbc1455,https://files.digital.nhs.uk/9C/F32D29/NCDes_v6.0_Data_Dictionary_24_25.xlsx,202404,202408,ABPDEC12M,Patients who chose not to undertake ambulatory blood pressure monitoring or home blood pressure monitoring in the 12 months up to and including the payment period end date.,PCA
99ae18064c__NCDes_v6.0_Data_Dictionary_24_25.xlsx,435142f87550cd66d78586ed77440f5681e8ed49ae68d712eb1f151d0dbc1455,https://files.digital.nhs.uk/9C/F32D29/NCDes_v6.0_Data_Dictionary_24_25.xlsx,202404,202408,ABPDEC24M,"Patients whose first “high” blood pressure reading from 1 April 2020 to the day before the quality of service start date, was in the 6 months up to the quality of service start date and chose not to undertake ambulatory blood pressure monitoring or home blood pressure monitoring in the 24 months up to and including the payment period end date.",PCA
99ae18064c__NCDes_v6.0_Data_Dictionary_24_25.xlsx,435142f87550cd66d78586ed77440f5681e8ed49ae68d712eb1f151d0dbc1455,https://files.digital.nhs.uk/9C/F32D29/NCDes_v6.0_Data_Dictionary_24_25.xlsx,202404,202408,AST_DAT9M,Patients who have an asthma diagnosis in the 9 months leading up to and including the payment period end date.,PCA
99ae18064c__NCDes_v6.0_Data_Dictionary_24_25.xlsx,435142f87550cd66d78586ed77440f5681e8ed49ae68d712eb1f151d0dbc1455,https://files.digital.nhs.uk/9C/F32D29/NCDes_v6.0_Data_Dictionary_24_25.xlsx,202404,202408,BPDEC1,Patient chose not to have their blood pressure recorded in the 5 years leading up to and including the payment period end date,PCA
99ae18064c__NCDes_v6.0_Data_Dictionary_24_25.xlsx,435142f87550cd66d78586ed77440f5681e8ed49ae68d712eb1f151d0dbc1455,https://files.digital.nhs.uk/9C/F32D29/NCDes_v6.0_Data_Dictionary_24_25.xlsx,202404,202408,BPLAT6M,Patients who had a high blood pressure reading in the 6 months up to and including the payment period end date and either (i) their latest blood pressure reading from 1 April 2020 and prior to the quality service start date was not high or (ii) they did not have a blood pressure reading from 1 April 2020 and prior to the quality service start date.,PCA
99ae18064c__NCDes_v6.0_Data_Dictionary_24_25.xlsx,435142f87550cd66d78586ed77440f5681e8ed49ae68d712eb1f151d0dbc1455,https://files.digital.nhs.uk/9C/F32D29/NCDes_v6.0_Data_Dictionary_24_25.xlsx,202404,202408,CARHOMDEC1,"Patients who have the registration with general practitioner practice aligned to care home declined code, recorded up to and including the achievement date.",PCA
99ae18064c__NCDes_v6.0_Data_Dictionary_24_25.xlsx,435142f87550cd66d78586ed77440f5681e8ed49ae68d712eb1f151d0dbc1455,https://files.digital.nhs.uk/9C/F32D29/NCDes_v6.0_Data_Dictionary_24_25.xlsx,202404,202408,CHOLMX_DAT,Patients who are receiving maximum tolerated cholesterol lowering treatment in the 12 months leading up to and including the payment period end date.,PCA
99ae18064c__NCDes_v6.0_Data_Dictionary_24_25.xlsx,435142f87550cd66d78586ed77440f5681e8ed49ae68d712eb1f151d0dbc1455,https://files.digital.nhs.uk/9C/F32D29/NCDes_v6.0_Data_Dictionary_24_25.xlsx,202404,202408,DECTESTQR,Patient's who declined a cholesterol test or a blood pressure test or their smoking status in the 12 months up to and including their latest QRISK score.,PCA
99ae18064c__NCDes_v6.0_Data_Dictionary_24_25.xlsx,435142f87550cd66d78586ed77440f5681e8ed49ae68d712eb1f151d0dbc1455,https://files.digital.nhs.uk/9C/F32D29/NCDes_v6.0_Data_Dictionary_24_25.xlsx,202404,202408,DOAC3MDAT1,Patient prescribed earliest direct-acting oral anti-coagulant (DOAC) on or after quality service start date in the 3 months up to and including the quality service end date,PCA
99ae18064c__NCDes_v6.0_Data_Dictionary_24_25.xlsx,435142f87550cd66d78586ed77440f5681e8ed49ae68d712eb1f151d0dbc1455,https://files.digital.nhs.uk/9C/F32D29/NCDes_v6.0_Data_Dictionary_24_25.xlsx,202404,202408,DOAC9MDAT1,Patients whose latest prescription for a direct-acting oral anticoagulant (DOAC) on or after the quality service start date is 9 months or more prior to the reporting period end date.,PCA
99ae18064c__NCDes_v6.0_Data_Dictionary_24_25.xlsx,435142f87550cd66d78586ed77440f5681e8ed49ae68d712eb1f151d0dbc1455,https://files.digital.nhs.uk/9C/F32D29/NCDes_v6.0_Data_Dictionary_24_25.xlsx,202404,202408,FAECIMMDEC,Patients who have chosen not to receive a faecal immunochemical test and who have no subsequent record of a faecal immunochemical test result up to and including the achievement date,PCA
99ae18064c__NCDes_v6.0_Data_Dictionary_24_25.xlsx,435142f87550cd66d78586ed77440f5681e8ed49ae68d712eb1f151d0dbc1455,https://files.digital.nhs.uk/9C/F32D29/NCDes_v6.0_Data_Dictionary_24_25.xlsx,202404,202408,FAMHYPRDEC,Patients who chose not to be referred for a familial hypercholesterolemia assessment in the 12 months up to and including the payment period end date.,PCA
99ae18064c__NCDes_v6.0_Data_Dictionary_24_25.xlsx,435142f87550cd66d78586ed77440f5681e8ed49ae68d712eb1f151d0dbc1455,https://files.digital.nhs.uk/9C/F32D29/NCDes_v6.0_Data_Dictionary_24_25.xlsx,202404,202408,FITNIDAT,Patients with a faecal immunochemical test not indicated code and who have no subsequent record of a faecal immunochemical test result up to and including the achievement date,PCA
99ae18064c__NCDes_v6.0_Data_Dictionary_24_25.xlsx,435142f87550cd66d78586ed77440f5681e8ed49ae68d712eb1f151d0dbc1455,https://files.digital.nhs.uk/9C/F32D29/NCDes_v6.0_Data_Dictionary_24_25.xlsx,202404,202408,FLUDEC_DAT,Patient either did not receive a flu vaccination or did not consent to a flu vaccination in the 12 months leading up to and including the payment period end date.,PCA
99ae18064c__NCDes_v6.0_Data_Dictionary_24_25.xlsx,435142f87550cd66d78586ed77440f5681e8ed49ae68d712eb1f151d0dbc1455,https://files.digital.nhs.uk/9C/F32D29/NCDes_v6.0_Data_Dictionary_24_25.xlsx,202404,202408,FLUEXPCON,Patient has flu vaccine expiring contraindication recorded on or after the service start date and up to and including the achievement date.,PCA
99ae18064c__NCDes_v6.0_Data_Dictionary_24_25.xlsx,435142f87550cd66d78586ed77440f5681e8ed49ae68d712eb1f151d0dbc1455,https://files.digital.nhs.uk/9C/F32D29/NCDes_v6.0_Data_Dictionary_24_25.xlsx,202404,202408,FLUINVITE1,"Patient has not responded to at least two flu vaccination invitations using their preferred method of communication, made at least 7 days apart, in the flu season.",PCA
99ae18064c__NCDes_v6.0_Data_Dictionary_24_25.xlsx,435142f87550cd66d78586ed77440f5681e8ed49ae68d712eb1f151d0dbc1455,https://files.digital.nhs.uk/9C/F32D29/NCDes_v6.0_Data_Dictionary_24_25.xlsx,202404,202408,HLTHAPDEC,Patient chose not to receive a learning disability health action plan in the 12 months leading up to and including the payment period end date.,PCA
99ae18064c__NCDes_v6.0_Data_Dictionary_24_25.xlsx,435142f87550cd66d78586ed77440f5681e8ed49ae68d712eb1f151d0dbc1455,https://files.digital.nhs.uk/9C/F32D29/NCDes_v6.0_Data_Dictionary_24_25.xlsx,202404,202408,HLTHCHKDEC,Patient chose not to receive a learning disability health check in the 12 months leading up to and including the PPED,PCA
99ae18064c__NCDes_v6.0_Data_Dictionary_24_25.xlsx,435142f87550cd66d78586ed77440f5681e8ed49ae68d712eb1f151d0dbc1455,https://files.digital.nhs.uk/9C/F32D29/NCDes_v6.0_Data_Dictionary_24_25.xlsx,202404,202408,MEDRVWDEC,Patient chose not to receive a structured medication review in the 12 months leading up to and including the payment period end date.,PCA
99ae18064c__NCDes_v6.0_Data_Dictionary_24_25.xlsx,435142f87550cd66d78586ed77440f5681e8ed49ae68d712eb1f151d0dbc1455,https://files.digital.nhs.uk/9C/F32D29/NCDes_v6.0_Data_Dictionary_24_25.xlsx,202404,202408,MILDINTAST,Patients who have a diagnosis of mild asthma which has not been superseded by a more severe asthma diagnosis and have an ‘inhaled corticosteroid not indicated’ code recorded in the 12 months leading up to and including the payment period end date and also have have been prescribed less than 3 SABA prescriptions in the 12 months up to and including the achievement date if 18 years and over or have been prescribed less than 4 SABA prescriptions in the 12 months up to and including the achievement date if under 18 years.,PCA
99ae18064c__NCDes_v6.0_Data_Dictionary_24_25.xlsx,435142f87550cd66d78586ed77440f5681e8ed49ae68d712eb1f151d0dbc1455,https://files.digital.nhs.uk/9C/F32D29/NCDes_v6.0_Data_Dictionary_24_25.xlsx,202404,202408,PALCARDAT2,"Patients who have a palliative care code recorded on or after 1 April 2008 and who have not been subsequently identified as no longer requiring palliative care, up to and including the achievement date.",PCA
99ae18064c__NCDes_v6.0_Data_Dictionary_24_25.xlsx,435142f87550cd66d78586ed77440f5681e8ed49ae68d712eb1f151d0dbc1455,https://files.digital.nhs.uk/9C/F32D29/NCDes_v6.0_Data_Dictionary_24_25.xlsx,202404,202408,PCSPDEC,"Patient chose not to receive a personalised care and support plan, in the 12 months leading up to and including the payment period end date.",PCA
99ae18064c__NCDes_v6.0_Data_Dictionary_24_25.xlsx,435142f87550cd66d78586ed77440f5681e8ed49ae68d712eb1f151d0dbc1455,https://files.digital.nhs.uk/9C/F32D29/NCDes_v6.0_Data_Dictionary_24_25.xlsx,202404,202408,REGL3M_DAT,Patients registered within 3 months of end of payment period,PCA
99ae18064c__NCDes_v6.0_Data_Dictionary_24_25.xlsx,435142f87550cd66d78586ed77440f5681e8ed49ae68d712eb1f151d0dbc1455,https://files.digital.nhs.uk/9C/F32D29/NCDes_v6.0_Data_Dictionary_24_25.xlsx,202404,202408,SMOKORDEC,Patient has a smoking status or declined to provide their smoking status,PCA
99ae18064c__NCDes_v6.0_Data_Dictionary_24_25.xlsx,435142f87550cd66d78586ed77440f5681e8ed49ae68d712eb1f151d0dbc1455,https://files.digital.nhs.uk/9C/F32D29/NCDes_v6.0_Data_Dictionary_24_25.xlsx,202404,202408,SOCPRESDEC,Patients who chose not to accept a referral to a social prescribing service up to and including the achievement date,PCA
99ae18064c__NCDes_v6.0_Data_Dictionary_24_25.xlsx,435142f87550cd66d78586ed77440f5681e8ed49ae68d712eb1f151d0dbc1455,https://files.digital.nhs.uk/9C/F32D29/NCDes_v6.0_Data_Dictionary_24_25.xlsx,202404,202408,STATDECAW,Patients who chose not to receive a statin prescription anywhere in the patient record.,PCA
99ae18064c__NCDes_v6.0_Data_Dictionary_24_25.xlsx,435142f87550cd66d78586ed77440f5681e8ed49ae68d712eb1f151d0dbc1455,https://files.digital.nhs.uk/9C/F32D29/NCDes_v6.0_Data_Dictionary_24_25.xlsx,202404,202408,STATINTOL,Patients who have a statin intolerance anywhere in the patient record,PCA
99ae18064c__NCDes_v6.0_Data_Dictionary_24_25.xlsx,435142f87550cd66d78586ed77440f5681e8ed49ae68d712eb1f151d0dbc1455,https://files.digital.nhs.uk/9C/F32D29/NCDes_v6.0_Data_Dictionary_24_25.xlsx,202404,202408,STATLLTDEC,"Patients who have declined or are clinically unsuitable for all statins, ezetimibe and bempedoic acid",PCA
99ae18064c__NCDes_v6.0_Data_Dictionary_24_25.xlsx,435142f87550cd66d78586ed77440f5681e8ed49ae68d712eb1f151d0dbc1455,https://files.digital.nhs.uk/9C/F32D29/NCDes_v6.0_Data_Dictionary_24_25.xlsx,202404,202408,STRMEDRVDC,Patients who chose not to receive a structured medication review in the 12 months up to and including the payment period end date.,PCA
99ae18064c__NCDes_v6.0_Data_Dictionary_24_25.xlsx,435142f87550cd66d78586ed77440f5681e8ed49ae68d712eb1f151d0dbc1455,https://files.digital.nhs.uk/9C/F32D29/NCDes_v6.0_Data_Dictionary_24_25.xlsx,202404,202408,TXSTAT_DAT,Patients who have an expiring statin contraindication recorded in the 12 months leading up to and including the payment period end date.,PCA
99ae18064c__NCDes_v6.0_Data_Dictionary_24_25.xlsx,435142f87550cd66d78586ed77440f5681e8ed49ae68d712eb1f151d0dbc1455,https://files.digital.nhs.uk/9C/F32D29/NCDes_v6.0_Data_Dictionary_24_25.xlsx,202404,202408,XFLU_DAT,Persisting Flu vaccine contraindications recorded up to and including the achievement date.,PCA
99ae18064c__NCDes_v6.0_Data_Dictionary_24_25.xlsx,435142f87550cd66d78586ed77440f5681e8ed49ae68d712eb1f151d0dbc1455,https://files.digital.nhs.uk/9C/F32D29/NCDes_v6.0_Data_Dictionary_24_25.xlsx,202404,202408,XSTAT_DAT,Patients who have a persisting statin contraindication.,PCA
fc7edacfd7__NCDes_v6.1_Data_Dictionary_24_25.xlsx,cc75bdfe4831a50fcc8a6f67ed8279a4b80e2edb67853b09e9d29df138f2fe8d,https://files.digital.nhs.uk/19/1E8D7F/NCDes_v6.1_Data_Dictionary_24_25.xlsx,202409,202503,MI Count,Management information count for indicator,
fc7edacfd7__NCDes_v6.1_Data_Dictionary_24_25.xlsx,cc75bdfe4831a50fcc8a6f67ed8279a4b80e2edb67853b09e9d29df138f2fe8d,https://files.digital.nhs.uk/19/1E8D7F/NCDes_v6.1_Data_Dictionary_24_25.xlsx,202409,202503,Denominator,Denominator count for indicator,
fc7edacfd7__NCDes_v6.1_Data_Dictionary_24_25.xlsx,cc75bdfe4831a50fcc8a6f67ed8279a4b80e2edb67853b09e9d29df138f2fe8d,https://files.digital.nhs.uk/19/1E8D7F/NCDes_v6.1_Data_Dictionary_24_25.xlsx,202409,202503,Numerator,Numerator count for indicator,
fc7edacfd7__NCDes_v6.1_Data_Dictionary_24_25.xlsx,cc75bdfe4831a50fcc8a6f67ed8279a4b80e2edb67853b09e9d29df138f2fe8d,https://files.digital.nhs.uk/19/1E8D7F/NCDes_v6.1_Data_Dictionary_24_25.xlsx,202409,202503,ABPDEC12M,Patients who chose not to undertake ambulatory blood pressure monitoring or home blood pressure monitoring in the 12 months up to and including the payment period end date.,PCA
fc7edacfd7__NCDes_v6.1_Data_Dictionary_24_25.xlsx,cc75bdfe4831a50fcc8a6f67ed8279a4b80e2edb67853b09e9d29df138f2fe8d,https://files.digital.nhs.uk/19/1E8D7F/NCDes_v6.1_Data_Dictionary_24_25.xlsx,202409,202503,ABPDEC24M,"Patients whose first “high” blood pressure reading from 1 April 2020 to the day before the quality of service start date, was in the 6 months up to the quality of service start date and chose not to undertake ambulatory blood pressure monitoring or home blood pressure monitoring in the 24 months up to and including the payment period end date.",PCA
fc7edacfd7__NCDes_v6.1_Data_Dictionary_24_25.xlsx,cc75bdfe4831a50fcc8a6f67ed8279a4b80e2edb67853b09e9d29df138f2fe8d,https://files.digital.nhs.uk/19/1E8D7F/NCDes_v6.1_Data_Dictionary_24_25.xlsx,202409,202503,AST_DAT9M,Patients who have an asthma diagnosis in the 9 months leading up to and including the payment period end date.,PCA
fc7edacfd7__NCDes_v6.1_Data_Dictionary_24_25.xlsx,cc75bdfe4831a50fcc8a6f67ed8279a4b80e2edb67853b09e9d29df138f2fe8d,https://files.digital.nhs.uk/19/1E8D7F/NCDes_v6.1_Data_Dictionary_24_25.xlsx,202409,202503,BPDEC1,Patient chose not to have their blood pressure recorded in the 5 years leading up to and including the payment period end date,PCA
fc7edacfd7__NCDes_v6.1_Data_Dictionary_24_25.xlsx,cc75bdfe4831a50fcc8a6f67ed8279a4b80e2edb67853b09e9d29df138f2fe8d,https://files.digital.nhs.uk/19/1E8D7F/NCDes_v6.1_Data_Dictionary_24_25.xlsx,202409,202503,BPLAT6M,Patients who had a high blood pressure reading in the 6 months up to and including the payment period end date and either (i) their latest blood pressure reading from 1 April 2020 and prior to the quality service start date was not high or (ii) they did not have a blood pressure reading from 1 April 2020 and prior to the quality service start date.,PCA
fc7edacfd7__NCDes_v6.1_Data_Dictionary_24_25.xlsx,cc75bdfe4831a50fcc8a6f67ed8279a4b80e2edb67853b09e9d29df138f2fe8d,https://files.digital.nhs.uk/19/1E8D7F/NCDes_v6.1_Data_Dictionary_24_25.xlsx,202409,202503,CARHOMDEC1,"Patients who have the registration with general practitioner practice aligned to care home declined code, recorded up to and including the achievement date.",PCA
fc7edacfd7__NCDes_v6.1_Data_Dictionary_24_25.xlsx,cc75bdfe4831a50fcc8a6f67ed8279a4b80e2edb67853b09e9d29df138f2fe8d,https://files.digital.nhs.uk/19/1E8D7F/NCDes_v6.1_Data_Dictionary_24_25.xlsx,202409,202503,CHOLMX_DAT,Patients who are receiving maximum tolerated cholesterol lowering treatment in the 12 months leading up to and including the payment period end date.,PCA
fc7edacfd7__NCDes_v6.1_Data_Dictionary_24_25.xlsx,cc75bdfe4831a50fcc8a6f67ed8279a4b80e2edb67853b09e9d29df138f2fe8d,https://files.digital.nhs.uk/19/1E8D7F/NCDes_v6.1_Data_Dictionary_24_25.xlsx,202409,202503,DECTESTQR,Patient's who declined a cholesterol test or a blood pressure test or their smoking status in the 12 months up to and including their latest QRISK score.,PCA
fc7edacfd7__NCDes_v6.1_Data_Dictionary_24_25.xlsx,cc75bdfe4831a50fcc8a6f67ed8279a4b80e2edb67853b09e9d29df138f2fe8d,https://files.digital.nhs.uk/19/1E8D7F/NCDes_v6.1_Data_Dictionary_24_25.xlsx,202409,202503,DOAC3MDAT1,Patient prescribed earliest direct-acting oral anti-coagulant (DOAC) on or after quality service start date in the 3 months up to and including the quality service end date,PCA
fc7edacfd7__NCDes_v6.1_Data_Dictionary_24_25.xlsx,cc75bdfe4831a50fcc8a6f67ed8279a4b80e2edb67853b09e9d29df138f2fe8d,https://files.digital.nhs.uk/19/1E8D7F/NCDes_v6.1_Data_Dictionary_24_25.xlsx,202409,202503,DOAC9MDAT1,Patients whose latest prescription for a direct-acting oral anticoagulant (DOAC) on or after the quality service start date is 9 months or more prior to the reporting period end date.,PCA
fc7edacfd7__NCDes_v6.1_Data_Dictionary_24_25.xlsx,cc75bdfe4831a50fcc8a6f67ed8279a4b80e2edb67853b09e9d29df138f2fe8d,https://files.digital.nhs.uk/19/1E8D7F/NCDes_v6.1_Data_Dictionary_24_25.xlsx,202409,202503,FAECIMMDEC,Patients who have chosen not to receive a faecal immunochemical test and who have no subsequent record of a faecal immunochemical test result up to and including the achievement date,PCA
fc7edacfd7__NCDes_v6.1_Data_Dictionary_24_25.xlsx,cc75bdfe4831a50fcc8a6f67ed8279a4b80e2edb67853b09e9d29df138f2fe8d,https://files.digital.nhs.uk/19/1E8D7F/NCDes_v6.1_Data_Dictionary_24_25.xlsx,202409,202503,FAMHYPRDEC,Patients who chose not to be referred for a familial hypercholesterolemia assessment in the 12 months up to and including the payment period end date.,PCA
fc7edacfd7__NCDes_v6.1_Data_Dictionary_24_25.xlsx,cc75bdfe4831a50fcc8a6f67ed8279a4b80e2edb67853b09e9d29df138f2fe8d,https://files.digital.nhs.uk/19/1E8D7F/NCDes_v6.1_Data_Dictionary_24_25.xlsx,202409,202503,FITNIDAT,Patients with a faecal immunochemical test not indicated code and who have no subsequent record of a faecal immunochemical test result up to and including the achievement date,PCA
fc7edacfd7__NCDes_v6.1_Data_Dictionary_24_25.xlsx,cc75bdfe4831a50fcc8a6f67ed8279a4b80e2edb67853b09e9d29df138f2fe8d,https://files.digital.nhs.uk/19/1E8D7F/NCDes_v6.1_Data_Dictionary_24_25.xlsx,202409,202503,FLUDEC_DAT,Patient either did not receive a flu vaccination or did not consent to a flu vaccination in the 12 months leading up to and including the payment period end date.,PCA
fc7edacfd7__NCDes_v6.1_Data_Dictionary_24_25.xlsx,cc75bdfe4831a50fcc8a6f67ed8279a4b80e2edb67853b09e9d29df138f2fe8d,https://files.digital.nhs.uk/19/1E8D7F/NCDes_v6.1_Data_Dictionary_24_25.xlsx,202409,202503,FLUEXPCON,Patient has flu vaccine expiring contraindication recorded on or after the service start date and up to and including the achievement date.,PCA
fc7edacfd7__NCDes_v6.1_Data_Dictionary_24_25.xlsx,cc75bdfe4831a50fcc8a6f67ed8279a4b80e2edb67853b09e9d29df138f2fe8d,https://files.digital.nhs.uk/19/1E8D7F/NCDes_v6.1_Data_Dictionary_24_25.xlsx,202409,202503,FLUINVITE1,"Patient has not responded to at least two flu vaccination invitations using their preferred method of communication, made at least 7 days apart, in the flu season.",PCA
fc7edacfd7__NCDes_v6.1_Data_Dictionary_24_25.xlsx,cc75bdfe4831a50fcc8a6f67ed8279a4b80e2edb67853b09e9d29df138f2fe8d,https://files.digital.nhs.uk/19/1E8D7F/NCDes_v6.1_Data_Dictionary_24_25.xlsx,202409,202503,HLTHAPDEC,Patient chose not to receive a learning disability health action plan in the 12 months leading up to and including the payment period end date.,PCA
fc7edacfd7__NCDes_v6.1_Data_Dictionary_24_25.xlsx,cc75bdfe4831a50fcc8a6f67ed8279a4b80e2edb67853b09e9d29df138f2fe8d,https://files.digital.nhs.uk/19/1E8D7F/NCDes_v6.1_Data_Dictionary_24_25.xlsx,202409,202503,HLTHCHKDEC,Patient chose not to receive a learning disability health check in the 12 months leading up to and including the PPED,PCA
fc7edacfd7__NCDes_v6.1_Data_Dictionary_24_25.xlsx,cc75bdfe4831a50fcc8a6f67ed8279a4b80e2edb67853b09e9d29df138f2fe8d,https://files.digital.nhs.uk/19/1E8D7F/NCDes_v6.1_Data_Dictionary_24_25.xlsx,202409,202503,MEDRVWDEC,Patient chose not to receive a structured medication review in the 12 months leading up to and including the payment period end date.,PCA
fc7edacfd7__NCDes_v6.1_Data_Dictionary_24_25.xlsx,cc75bdfe4831a50fcc8a6f67ed8279a4b80e2edb67853b09e9d29df138f2fe8d,https://files.digital.nhs.uk/19/1E8D7F/NCDes_v6.1_Data_Dictionary_24_25.xlsx,202409,202503,MILDINTAST,Patients who have a diagnosis of mild asthma which has not been superseded by a more severe asthma diagnosis and have an ‘inhaled corticosteroid not indicated’ code recorded in the 12 months leading up to and including the payment period end date and also have have been prescribed less than 3 SABA prescriptions in the 12 months up to and including the achievement date if 18 years and over or have been prescribed less than 4 SABA prescriptions in the 12 months up to and including the achievement date if under 18 years.,PCA
fc7edacfd7__NCDes_v6.1_Data_Dictionary_24_25.xlsx,cc75bdfe4831a50fcc8a6f67ed8279a4b80e2edb67853b09e9d29df138f2fe8d,https://files.digital.nhs.uk/19/1E8D7F/NCDes_v6.1_Data_Dictionary_24_25.xlsx,202409,202503,PALCARDAT2,"Patients who have a palliative care code recorded on or after 1 April 2008 and who have not been subsequently identified as no longer requiring palliative care, up to and including the achievement date.",PCA
fc7edacfd7__NCDes_v6.1_Data_Dictionary_24_25.xlsx,cc75bdfe4831a50fcc8a6f67ed8279a4b80e2edb67853b09e9d29df138f2fe8d,https://files.digital.nhs.uk/19/1E8D7F/NCDes_v6.1_Data_Dictionary_24_25.xlsx,202409,202503,PCSPDEC,"Patient chose not to receive a personalised care and support plan, in the 12 months leading up to and including the payment period end date.",PCA
fc7edacfd7__NCDes_v6.1_Data_Dictionary_24_25.xlsx,cc75bdfe4831a50fcc8a6f67ed8279a4b80e2edb67853b09e9d29df138f2fe8d,https://files.digital.nhs.uk/19/1E8D7F/NCDes_v6.1_Data_Dictionary_24_25.xlsx,202409,202503,REGL3M_DAT,Patients registered within 3 months of end of payment period,PCA
fc7edacfd7__NCDes_v6.1_Data_Dictionary_24_25.xlsx,cc75bdfe4831a50fcc8a6f67ed8279a4b80e2edb67853b09e9d29df138f2fe8d,https://files.digital.nhs.uk/19/1E8D7F/NCDes_v6.1_Data_Dictionary_24_25.xlsx,202409,202503,SMOKORDEC,Patient has a smoking status or declined to provide their smoking status,PCA
fc7edacfd7__NCDes_v6.1_Data_Dictionary_24_25.xlsx,cc75bdfe4831a50fcc8a6f67ed8279a4b80e2edb67853b09e9d29df138f2fe8d,https://files.digital.nhs.uk/19/1E8D7F/NCDes_v6.1_Data_Dictionary_24_25.xlsx,202409,202503,SOCPRESDEC,Patients who chose not to accept a referral to a social prescribing service up to and including the achievement date,PCA
fc7edacfd7__NCDes_v6.1_Data_Dictionary_24_25.xlsx,cc75bdfe4831a50fcc8a6f67ed8279a4b80e2edb67853b09e9d29df138f2fe8d,https://files.digital.nhs.uk/19/1E8D7F/NCDes_v6.1_Data_Dictionary_24_25.xlsx,202409,202503,STATDECAW,Patients who chose not to receive a statin prescription anywhere in the patient record.,PCA
fc7edacfd7__NCDes_v6.1_Data_Dictionary_24_25.xlsx,cc75bdfe4831a50fcc8a6f67ed8279a4b80e2edb67853b09e9d29df138f2fe8d,https://files.digital.nhs.uk/19/1E8D7F/NCDes_v6.1_Data_Dictionary_24_25.xlsx,202409,202503,STATINTOL,Patients who have a statin intolerance anywhere in the patient record,PCA
fc7edacfd7__NCDes_v6.1_Data_Dictionary_24_25.xlsx,cc75bdfe4831a50fcc8a6f67ed8279a4b80e2edb67853b09e9d29df138f2fe8d,https://files.digital.nhs.uk/19/1E8D7F/NCDes_v6.1_Data_Dictionary_24_25.xlsx,202409,202503,STATLLTDEC,"Patients who have declined or are clinically unsuitable for all statins, ezetimibe and bempedoic acid",PCA
fc7edacfd7__NCDes_v6.1_Data_Dictionary_24_25.xlsx,cc75bdfe4831a50fcc8a6f67ed8279a4b80e2edb67853b09e9d29df138f2fe8d,https://files.digital.nhs.uk/19/1E8D7F/NCDes_v6.1_Data_Dictionary_24_25.xlsx,202409,202503,STRMEDRVDC,Patients who chose not to receive a structured medication review in the 12 months up to and including the payment period end date.,PCA
fc7edacfd7__NCDes_v6.1_Data_Dictionary_24_25.xlsx,cc75bdfe4831a50fcc8a6f67ed8279a4b80e2edb67853b09e9d29df138f2fe8d,https://files.digital.nhs.uk/19/1E8D7F/NCDes_v6.1_Data_Dictionary_24_25.xlsx,202409,202503,TXSTAT_DAT,Patients who have an expiring statin contraindication recorded in the 12 months leading up to and including the payment period end date.,PCA
fc7edacfd7__NCDes_v6.1_Data_Dictionary_24_25.xlsx,cc75bdfe4831a50fcc8a6f67ed8279a4b80e2edb67853b09e9d29df138f2fe8d,https://files.digital.nhs.uk/19/1E8D7F/NCDes_v6.1_Data_Dictionary_24_25.xlsx,202409,202503,XFLU_DAT,Persisting Flu vaccine contraindications recorded up to and including the achievement date.,PCA
fc7edacfd7__NCDes_v6.1_Data_Dictionary_24_25.xlsx,cc75bdfe4831a50fcc8a6f67ed8279a4b80e2edb67853b09e9d29df138f2fe8d,https://files.digital.nhs.uk/19/1E8D7F/NCDes_v6.1_Data_Dictionary_24_25.xlsx,202409,202503,XSTAT_DAT,Patients who have a persisting statin contraindication.,PCA
83e82be45b__NCDes_v7.0_Data_Dictionary_25_26 (2).xlsx,c5f1bbd53060cfff86ecb62607f66353bb799409acae3378a9493f247c62dbff,https://files.digital.nhs.uk/75/314B00/NCDes_v7.0_Data_Dictionary_25_26%20%282%29.xlsx,202504,202504,MI Count,Management information count for indicator,
83e82be45b__NCDes_v7.0_Data_Dictionary_25_26 (2).xlsx,c5f1bbd53060cfff86ecb62607f66353bb799409acae3378a9493f247c62dbff,https://files.digital.nhs.uk/75/314B00/NCDes_v7.0_Data_Dictionary_25_26%20%282%29.xlsx,202504,202504,Denominator,Denominator count for indicator,
83e82be45b__NCDes_v7.0_Data_Dictionary_25_26 (2).xlsx,c5f1bbd53060cfff86ecb62607f66353bb799409acae3378a9493f247c62dbff,https://files.digital.nhs.uk/75/314B00/NCDes_v7.0_Data_Dictionary_25_26%20%282%29.xlsx,202504,202504,Numerator,Numerator count for indicator,
83e82be45b__NCDes_v7.0_Data_Dictionary_25_26 (2).xlsx,c5f1bbd53060cfff86ecb62607f66353bb799409acae3378a9493f247c62dbff,https://files.digital.nhs.uk/75/314B00/NCDes_v7.0_Data_Dictionary_25_26%20%282%29.xlsx,202504,202504,CARHOMDEC1,"Patients who have the registration with general practitioner practice aligned to care home declined code, recorded up to and including the achievement date.",PCA
83e82be45b__NCDes_v7.0_Data_Dictionary_25_26 (2).xlsx,c5f1bbd53060cfff86ecb62607f66353bb799409acae3378a9493f247c62dbff,https://files.digital.nhs.uk/75/314B00/NCDes_v7.0_Data_Dictionary_25_26%20%282%29.xlsx,202504,202504,DOAC3MDAT1,Patient prescribed earliest direct-acting oral anti-coagulant (DOAC) on or after quality service start date in the 3 months up to and including the quality service end date,PCA
83e82be45b__NCDes_v7.0_Data_Dictionary_25_26 (2).xlsx,c5f1bbd53060cfff86ecb62607f66353bb799409acae3378a9493f247c62dbff,https://files.digital.nhs.uk/75/314B00/NCDes_v7.0_Data_Dictionary_25_26%20%282%29.xlsx,202504,202504,DOAC9MDAT1,Patients whose latest prescription for a direct-acting oral anticoagulant (DOAC) on or after the quality service start date is 9 months or more prior to the reporting period end date.,PCA
83e82be45b__NCDes_v7.0_Data_Dictionary_25_26 (2).xlsx,c5f1bbd53060cfff86ecb62607f66353bb799409acae3378a9493f247c62dbff,https://files.digital.nhs.uk/75/314B00/NCDes_v7.0_Data_Dictionary_25_26%20%282%29.xlsx,202504,202504,FAECIMMDEC,Patients who have chosen not to receive a faecal immunochemical test and who have no subsequent record of a faecal immunochemical test result up to and including the achievement date,PCA
83e82be45b__NCDes_v7.0_Data_Dictionary_25_26 (2).xlsx,c5f1bbd53060cfff86ecb62607f66353bb799409acae3378a9493f247c62dbff,https://files.digital.nhs.uk/75/314B00/NCDes_v7.0_Data_Dictionary_25_26%20%282%29.xlsx,202504,202504,FITNIDAT,Patients with a faecal immunochemical test not indicated code and who have no subsequent record of a faecal immunochemical test result up to and including the achievement date,PCA
83e82be45b__NCDes_v7.0_Data_Dictionary_25_26 (2).xlsx,c5f1bbd53060cfff86ecb62607f66353bb799409acae3378a9493f247c62dbff,https://files.digital.nhs.uk/75/314B00/NCDes_v7.0_Data_Dictionary_25_26%20%282%29.xlsx,202504,202504,HLTHAPDEC,Patient chose not to receive a learning disability health action plan in the 12 months leading up to and including the payment period end date.,PCA
83e82be45b__NCDes_v7.0_Data_Dictionary_25_26 (2).xlsx,c5f1bbd53060cfff86ecb62607f66353bb799409acae3378a9493f247c62dbff,https://files.digital.nhs.uk/75/314B00/NCDes_v7.0_Data_Dictionary_25_26%20%282%29.xlsx,202504,202504,HLTHCHKDEC,Patient chose not to receive a learning disability health check in the 12 months leading up to and including the PPED,PCA
83e82be45b__NCDes_v7.0_Data_Dictionary_25_26 (2).xlsx,c5f1bbd53060cfff86ecb62607f66353bb799409acae3378a9493f247c62dbff,https://files.digital.nhs.uk/75/314B00/NCDes_v7.0_Data_Dictionary_25_26%20%282%29.xlsx,202504,202504,MEDRVWDEC,Patient chose not to receive a structured medication review in the 12 months leading up to and including the payment period end date.,PCA
83e82be45b__NCDes_v7.0_Data_Dictionary_25_26 (2).xlsx,c5f1bbd53060cfff86ecb62607f66353bb799409acae3378a9493f247c62dbff,https://files.digital.nhs.uk/75/314B00/NCDes_v7.0_Data_Dictionary_25_26%20%282%29.xlsx,202504,202504,PALCARDAT2,"Patients who have a palliative care code recorded on or after 1 April 2008 and who have not been subsequently identified as no longer requiring palliative care, up to and including the achievement date.",PCA
83e82be45b__NCDes_v7.0_Data_Dictionary_25_26 (2).xlsx,c5f1bbd53060cfff86ecb62607f66353bb799409acae3378a9493f247c62dbff,https://files.digital.nhs.uk/75/314B00/NCDes_v7.0_Data_Dictionary_25_26%20%282%29.xlsx,202504,202504,STRMEDRVDC,Patients who chose not to receive a structured medication review in the 12 months up to and including the payment period end date.,PCA
1bf76b2e4d__NCDes_v7.0_Data_Dictionary_25_26.xlsx,c5f1bbd53060cfff86ecb62607f66353bb799409acae3378a9493f247c62dbff,https://files.digital.nhs.uk/74/72698E/NCDes_v7.0_Data_Dictionary_25_26.xlsx,202505,202603,MI Count,Management information count for indicator,
1bf76b2e4d__NCDes_v7.0_Data_Dictionary_25_26.xlsx,c5f1bbd53060cfff86ecb62607f66353bb799409acae3378a9493f247c62dbff,https://files.digital.nhs.uk/74/72698E/NCDes_v7.0_Data_Dictionary_25_26.xlsx,202505,202603,Denominator,Denominator count for indicator,
1bf76b2e4d__NCDes_v7.0_Data_Dictionary_25_26.xlsx,c5f1bbd53060cfff86ecb62607f66353bb799409acae3378a9493f247c62dbff,https://files.digital.nhs.uk/74/72698E/NCDes_v7.0_Data_Dictionary_25_26.xlsx,202505,202603,Numerator,Numerator count for indicator,
1bf76b2e4d__NCDes_v7.0_Data_Dictionary_25_26.xlsx,c5f1bbd53060cfff86ecb62607f66353bb799409acae3378a9493f247c62dbff,https://files.digital.nhs.uk/74/72698E/NCDes_v7.0_Data_Dictionary_25_26.xlsx,202505,202603,CARHOMDEC1,"Patients who have the registration with general practitioner practice aligned to care home declined code, recorded up to and including the achievement date.",PCA
1bf76b2e4d__NCDes_v7.0_Data_Dictionary_25_26.xlsx,c5f1bbd53060cfff86ecb62607f66353bb799409acae3378a9493f247c62dbff,https://files.digital.nhs.uk/74/72698E/NCDes_v7.0_Data_Dictionary_25_26.xlsx,202505,202603,DOAC3MDAT1,Patient prescribed earliest direct-acting oral anti-coagulant (DOAC) on or after quality service start date in the 3 months up to and including the quality service end date,PCA
1bf76b2e4d__NCDes_v7.0_Data_Dictionary_25_26.xlsx,c5f1bbd53060cfff86ecb62607f66353bb799409acae3378a9493f247c62dbff,https://files.digital.nhs.uk/74/72698E/NCDes_v7.0_Data_Dictionary_25_26.xlsx,202505,202603,DOAC9MDAT1,Patients whose latest prescription for a direct-acting oral anticoagulant (DOAC) on or after the quality service start date is 9 months or more prior to the reporting period end date.,PCA
1bf76b2e4d__NCDes_v7.0_Data_Dictionary_25_26.xlsx,c5f1bbd53060cfff86ecb62607f66353bb799409acae3378a9493f247c62dbff,https://files.digital.nhs.uk/74/72698E/NCDes_v7.0_Data_Dictionary_25_26.xlsx,202505,202603,FAECIMMDEC,Patients who have chosen not to receive a faecal immunochemical test and who have no subsequent record of a faecal immunochemical test result up to and including the achievement date,PCA
1bf76b2e4d__NCDes_v7.0_Data_Dictionary_25_26.xlsx,c5f1bbd53060cfff86ecb62607f66353bb799409acae3378a9493f247c62dbff,https://files.digital.nhs.uk/74/72698E/NCDes_v7.0_Data_Dictionary_25_26.xlsx,202505,202603,FITNIDAT,Patients with a faecal immunochemical test not indicated code and who have no subsequent record of a faecal immunochemical test result up to and including the achievement date,PCA
1bf76b2e4d__NCDes_v7.0_Data_Dictionary_25_26.xlsx,c5f1bbd53060cfff86ecb62607f66353bb799409acae3378a9493f247c62dbff,https://files.digital.nhs.uk/74/72698E/NCDes_v7.0_Data_Dictionary_25_26.xlsx,202505,202603,HLTHAPDEC,Patient chose not to receive a learning disability health action plan in the 12 months leading up to and including the payment period end date.,PCA
1bf76b2e4d__NCDes_v7.0_Data_Dictionary_25_26.xlsx,c5f1bbd53060cfff86ecb62607f66353bb799409acae3378a9493f247c62dbff,https://files.digital.nhs.uk/74/72698E/NCDes_v7.0_Data_Dictionary_25_26.xlsx,202505,202603,HLTHCHKDEC,Patient chose not to receive a learning disability health check in the 12 months leading up to and including the PPED,PCA
1bf76b2e4d__NCDes_v7.0_Data_Dictionary_25_26.xlsx,c5f1bbd53060cfff86ecb62607f66353bb799409acae3378a9493f247c62dbff,https://files.digital.nhs.uk/74/72698E/NCDes_v7.0_Data_Dictionary_25_26.xlsx,202505,202603,MEDRVWDEC,Patient chose not to receive a structured medication review in the 12 months leading up to and including the payment period end date.,PCA
1bf76b2e4d__NCDes_v7.0_Data_Dictionary_25_26.xlsx,c5f1bbd53060cfff86ecb62607f66353bb799409acae3378a9493f247c62dbff,https://files.digital.nhs.uk/74/72698E/NCDes_v7.0_Data_Dictionary_25_26.xlsx,202505,202603,PALCARDAT2,"Patients who have a palliative care code recorded on or after 1 April 2008 and who have not been subsequently identified as no longer requiring palliative care, up to and including the achievement date.",PCA
1bf76b2e4d__NCDes_v7.0_Data_Dictionary_25_26.xlsx,c5f1bbd53060cfff86ecb62607f66353bb799409acae3378a9493f247c62dbff,https://files.digital.nhs.uk/74/72698E/NCDes_v7.0_Data_Dictionary_25_26.xlsx,202505,202603,STRMEDRVDC,Patients who chose not to receive a structured medication review in the 12 months up to and including the payment period end date.,PCA
de4f2e52df__NCDes_v7.0_Data_Dictionary_25_26.xlsx,c5f1bbd53060cfff86ecb62607f66353bb799409acae3378a9493f247c62dbff,https://files.digital.nhs.uk/35/F10F2D/NCDes_v7.0_Data_Dictionary_25_26.xlsx,202508,202508,MI Count,Management information count for indicator,
de4f2e52df__NCDes_v7.0_Data_Dictionary_25_26.xlsx,c5f1bbd53060cfff86ecb62607f66353bb799409acae3378a9493f247c62dbff,https://files.digital.nhs.uk/35/F10F2D/NCDes_v7.0_Data_Dictionary_25_26.xlsx,202508,202508,Denominator,Denominator count for indicator,
de4f2e52df__NCDes_v7.0_Data_Dictionary_25_26.xlsx,c5f1bbd53060cfff86ecb62607f66353bb799409acae3378a9493f247c62dbff,https://files.digital.nhs.uk/35/F10F2D/NCDes_v7.0_Data_Dictionary_25_26.xlsx,202508,202508,Numerator,Numerator count for indicator,
de4f2e52df__NCDes_v7.0_Data_Dictionary_25_26.xlsx,c5f1bbd53060cfff86ecb62607f66353bb799409acae3378a9493f247c62dbff,https://files.digital.nhs.uk/35/F10F2D/NCDes_v7.0_Data_Dictionary_25_26.xlsx,202508,202508,CARHOMDEC1,"Patients who have the registration with general practitioner practice aligned to care home declined code, recorded up to and including the achievement date.",PCA
de4f2e52df__NCDes_v7.0_Data_Dictionary_25_26.xlsx,c5f1bbd53060cfff86ecb62607f66353bb799409acae3378a9493f247c62dbff,https://files.digital.nhs.uk/35/F10F2D/NCDes_v7.0_Data_Dictionary_25_26.xlsx,202508,202508,DOAC3MDAT1,Patient prescribed earliest direct-acting oral anti-coagulant (DOAC) on or after quality service start date in the 3 months up to and including the quality service end date,PCA
de4f2e52df__NCDes_v7.0_Data_Dictionary_25_26.xlsx,c5f1bbd53060cfff86ecb62607f66353bb799409acae3378a9493f247c62dbff,https://files.digital.nhs.uk/35/F10F2D/NCDes_v7.0_Data_Dictionary_25_26.xlsx,202508,202508,DOAC9MDAT1,Patients whose latest prescription for a direct-acting oral anticoagulant (DOAC) on or after the quality service start date is 9 months or more prior to the reporting period end date.,PCA
de4f2e52df__NCDes_v7.0_Data_Dictionary_25_26.xlsx,c5f1bbd53060cfff86ecb62607f66353bb799409acae3378a9493f247c62dbff,https://files.digital.nhs.uk/35/F10F2D/NCDes_v7.0_Data_Dictionary_25_26.xlsx,202508,202508,FAECIMMDEC,Patients who have chosen not to receive a faecal immunochemical test and who have no subsequent record of a faecal immunochemical test result up to and including the achievement date,PCA
de4f2e52df__NCDes_v7.0_Data_Dictionary_25_26.xlsx,c5f1bbd53060cfff86ecb62607f66353bb799409acae3378a9493f247c62dbff,https://files.digital.nhs.uk/35/F10F2D/NCDes_v7.0_Data_Dictionary_25_26.xlsx,202508,202508,FITNIDAT,Patients with a faecal immunochemical test not indicated code and who have no subsequent record of a faecal immunochemical test result up to and including the achievement date,PCA
de4f2e52df__NCDes_v7.0_Data_Dictionary_25_26.xlsx,c5f1bbd53060cfff86ecb62607f66353bb799409acae3378a9493f247c62dbff,https://files.digital.nhs.uk/35/F10F2D/NCDes_v7.0_Data_Dictionary_25_26.xlsx,202508,202508,HLTHAPDEC,Patient chose not to receive a learning disability health action plan in the 12 months leading up to and including the payment period end date.,PCA
de4f2e52df__NCDes_v7.0_Data_Dictionary_25_26.xlsx,c5f1bbd53060cfff86ecb62607f66353bb799409acae3378a9493f247c62dbff,https://files.digital.nhs.uk/35/F10F2D/NCDes_v7.0_Data_Dictionary_25_26.xlsx,202508,202508,HLTHCHKDEC,Patient chose not to receive a learning disability health check in the 12 months leading up to and including the PPED,PCA
de4f2e52df__NCDes_v7.0_Data_Dictionary_25_26.xlsx,c5f1bbd53060cfff86ecb62607f66353bb799409acae3378a9493f247c62dbff,https://files.digital.nhs.uk/35/F10F2D/NCDes_v7.0_Data_Dictionary_25_26.xlsx,202508,202508,MEDRVWDEC,Patient chose not to receive a structured medication review in the 12 months leading up to and including the payment period end date.,PCA
de4f2e52df__NCDes_v7.0_Data_Dictionary_25_26.xlsx,c5f1bbd53060cfff86ecb62607f66353bb799409acae3378a9493f247c62dbff,https://files.digital.nhs.uk/35/F10F2D/NCDes_v7.0_Data_Dictionary_25_26.xlsx,202508,202508,PALCARDAT2,"Patients who have a palliative care code recorded on or after 1 April 2008 and who have not been subsequently identified as no longer requiring palliative care, up to and including the achievement date.",PCA
de4f2e52df__NCDes_v7.0_Data_Dictionary_25_26.xlsx,c5f1bbd53060cfff86ecb62607f66353bb799409acae3378a9493f247c62dbff,https://files.digital.nhs.uk/35/F10F2D/NCDes_v7.0_Data_Dictionary_25_26.xlsx,202508,202508,STRMEDRVDC,Patients who chose not to receive a structured medication review in the 12 months up to and including the payment period end date.,PCA
58851672a0__NCDes_v7.0_Data_Dictionary_25_26 (5).xlsx,c5f1bbd53060cfff86ecb62607f66353bb799409acae3378a9493f247c62dbff,https://files.digital.nhs.uk/40/3D06B8/NCDes_v7.0_Data_Dictionary_25_26%20%285%29.xlsx,202511,202511,MI Count,Management information count for indicator,
58851672a0__NCDes_v7.0_Data_Dictionary_25_26 (5).xlsx,c5f1bbd53060cfff86ecb62607f66353bb799409acae3378a9493f247c62dbff,https://files.digital.nhs.uk/40/3D06B8/NCDes_v7.0_Data_Dictionary_25_26%20%285%29.xlsx,202511,202511,Denominator,Denominator count for indicator,
58851672a0__NCDes_v7.0_Data_Dictionary_25_26 (5).xlsx,c5f1bbd53060cfff86ecb62607f66353bb799409acae3378a9493f247c62dbff,https://files.digital.nhs.uk/40/3D06B8/NCDes_v7.0_Data_Dictionary_25_26%20%285%29.xlsx,202511,202511,Numerator,Numerator count for indicator,
58851672a0__NCDes_v7.0_Data_Dictionary_25_26 (5).xlsx,c5f1bbd53060cfff86ecb62607f66353bb799409acae3378a9493f247c62dbff,https://files.digital.nhs.uk/40/3D06B8/NCDes_v7.0_Data_Dictionary_25_26%20%285%29.xlsx,202511,202511,CARHOMDEC1,"Patients who have the registration with general practitioner practice aligned to care home declined code, recorded up to and including the achievement date.",PCA
58851672a0__NCDes_v7.0_Data_Dictionary_25_26 (5).xlsx,c5f1bbd53060cfff86ecb62607f66353bb799409acae3378a9493f247c62dbff,https://files.digital.nhs.uk/40/3D06B8/NCDes_v7.0_Data_Dictionary_25_26%20%285%29.xlsx,202511,202511,DOAC3MDAT1,Patient prescribed earliest direct-acting oral anti-coagulant (DOAC) on or after quality service start date in the 3 months up to and including the quality service end date,PCA
58851672a0__NCDes_v7.0_Data_Dictionary_25_26 (5).xlsx,c5f1bbd53060cfff86ecb62607f66353bb799409acae3378a9493f247c62dbff,https://files.digital.nhs.uk/40/3D06B8/NCDes_v7.0_Data_Dictionary_25_26%20%285%29.xlsx,202511,202511,DOAC9MDAT1,Patients whose latest prescription for a direct-acting oral anticoagulant (DOAC) on or after the quality service start date is 9 months or more prior to the reporting period end date.,PCA
58851672a0__NCDes_v7.0_Data_Dictionary_25_26 (5).xlsx,c5f1bbd53060cfff86ecb62607f66353bb799409acae3378a9493f247c62dbff,https://files.digital.nhs.uk/40/3D06B8/NCDes_v7.0_Data_Dictionary_25_26%20%285%29.xlsx,202511,202511,FAECIMMDEC,Patients who have chosen not to receive a faecal immunochemical test and who have no subsequent record of a faecal immunochemical test result up to and including the achievement date,PCA
58851672a0__NCDes_v7.0_Data_Dictionary_25_26 (5).xlsx,c5f1bbd53060cfff86ecb62607f66353bb799409acae3378a9493f247c62dbff,https://files.digital.nhs.uk/40/3D06B8/NCDes_v7.0_Data_Dictionary_25_26%20%285%29.xlsx,202511,202511,FITNIDAT,Patients with a faecal immunochemical test not indicated code and who have no subsequent record of a faecal immunochemical test result up to and including the achievement date,PCA
58851672a0__NCDes_v7.0_Data_Dictionary_25_26 (5).xlsx,c5f1bbd53060cfff86ecb62607f66353bb799409acae3378a9493f247c62dbff,https://files.digital.nhs.uk/40/3D06B8/NCDes_v7.0_Data_Dictionary_25_26%20%285%29.xlsx,202511,202511,HLTHAPDEC,Patient chose not to receive a learning disability health action plan in the 12 months leading up to and including the payment period end date.,PCA
58851672a0__NCDes_v7.0_Data_Dictionary_25_26 (5).xlsx,c5f1bbd53060cfff86ecb62607f66353bb799409acae3378a9493f247c62dbff,https://files.digital.nhs.uk/40/3D06B8/NCDes_v7.0_Data_Dictionary_25_26%20%285%29.xlsx,202511,202511,HLTHCHKDEC,Patient chose not to receive a learning disability health check in the 12 months leading up to and including the PPED,PCA
58851672a0__NCDes_v7.0_Data_Dictionary_25_26 (5).xlsx,c5f1bbd53060cfff86ecb62607f66353bb799409acae3378a9493f247c62dbff,https://files.digital.nhs.uk/40/3D06B8/NCDes_v7.0_Data_Dictionary_25_26%20%285%29.xlsx,202511,202511,MEDRVWDEC,Patient chose not to receive a structured medication review in the 12 months leading up to and including the payment period end date.,PCA
58851672a0__NCDes_v7.0_Data_Dictionary_25_26 (5).xlsx,c5f1bbd53060cfff86ecb62607f66353bb799409acae3378a9493f247c62dbff,https://files.digital.nhs.uk/40/3D06B8/NCDes_v7.0_Data_Dictionary_25_26%20%285%29.xlsx,202511,202511,PALCARDAT2,"Patients who have a palliative care code recorded on or after 1 April 2008 and who have not been subsequently identified as no longer requiring palliative care, up to and including the achievement date.",PCA
58851672a0__NCDes_v7.0_Data_Dictionary_25_26 (5).xlsx,c5f1bbd53060cfff86ecb62607f66353bb799409acae3378a9493f247c62dbff,https://files.digital.nhs.uk/40/3D06B8/NCDes_v7.0_Data_Dictionary_25_26%20%285%29.xlsx,202511,202511,STRMEDRVDC,Patients who chose not to receive a structured medication review in the 12 months up to and including the payment period end date.,PCA
0dfb3808f7__NCDes_v7.0_Data_Dictionary_25_26.xlsx,c5f1bbd53060cfff86ecb62607f66353bb799409acae3378a9493f247c62dbff,https://files.digital.nhs.uk/32/A775F7/NCDes_v7.0_Data_Dictionary_25_26.xlsx,202512,202512,MI Count,Management information count for indicator,
0dfb3808f7__NCDes_v7.0_Data_Dictionary_25_26.xlsx,c5f1bbd53060cfff86ecb62607f66353bb799409acae3378a9493f247c62dbff,https://files.digital.nhs.uk/32/A775F7/NCDes_v7.0_Data_Dictionary_25_26.xlsx,202512,202512,Denominator,Denominator count for indicator,
0dfb3808f7__NCDes_v7.0_Data_Dictionary_25_26.xlsx,c5f1bbd53060cfff86ecb62607f66353bb799409acae3378a9493f247c62dbff,https://files.digital.nhs.uk/32/A775F7/NCDes_v7.0_Data_Dictionary_25_26.xlsx,202512,202512,Numerator,Numerator count for indicator,
0dfb3808f7__NCDes_v7.0_Data_Dictionary_25_26.xlsx,c5f1bbd53060cfff86ecb62607f66353bb799409acae3378a9493f247c62dbff,https://files.digital.nhs.uk/32/A775F7/NCDes_v7.0_Data_Dictionary_25_26.xlsx,202512,202512,CARHOMDEC1,"Patients who have the registration with general practitioner practice aligned to care home declined code, recorded up to and including the achievement date.",PCA
0dfb3808f7__NCDes_v7.0_Data_Dictionary_25_26.xlsx,c5f1bbd53060cfff86ecb62607f66353bb799409acae3378a9493f247c62dbff,https://files.digital.nhs.uk/32/A775F7/NCDes_v7.0_Data_Dictionary_25_26.xlsx,202512,202512,DOAC3MDAT1,Patient prescribed earliest direct-acting oral anti-coagulant (DOAC) on or after quality service start date in the 3 months up to and including the quality service end date,PCA
0dfb3808f7__NCDes_v7.0_Data_Dictionary_25_26.xlsx,c5f1bbd53060cfff86ecb62607f66353bb799409acae3378a9493f247c62dbff,https://files.digital.nhs.uk/32/A775F7/NCDes_v7.0_Data_Dictionary_25_26.xlsx,202512,202512,DOAC9MDAT1,Patients whose latest prescription for a direct-acting oral anticoagulant (DOAC) on or after the quality service start date is 9 months or more prior to the reporting period end date.,PCA
0dfb3808f7__NCDes_v7.0_Data_Dictionary_25_26.xlsx,c5f1bbd53060cfff86ecb62607f66353bb799409acae3378a9493f247c62dbff,https://files.digital.nhs.uk/32/A775F7/NCDes_v7.0_Data_Dictionary_25_26.xlsx,202512,202512,FAECIMMDEC,Patients who have chosen not to receive a faecal immunochemical test and who have no subsequent record of a faecal immunochemical test result up to and including the achievement date,PCA
0dfb3808f7__NCDes_v7.0_Data_Dictionary_25_26.xlsx,c5f1bbd53060cfff86ecb62607f66353bb799409acae3378a9493f247c62dbff,https://files.digital.nhs.uk/32/A775F7/NCDes_v7.0_Data_Dictionary_25_26.xlsx,202512,202512,FITNIDAT,Patients with a faecal immunochemical test not indicated code and who have no subsequent record of a faecal immunochemical test result up to and including the achievement date,PCA
0dfb3808f7__NCDes_v7.0_Data_Dictionary_25_26.xlsx,c5f1bbd53060cfff86ecb62607f66353bb799409acae3378a9493f247c62dbff,https://files.digital.nhs.uk/32/A775F7/NCDes_v7.0_Data_Dictionary_25_26.xlsx,202512,202512,HLTHAPDEC,Patient chose not to receive a learning disability health action plan in the 12 months leading up to and including the payment period end date.,PCA
0dfb3808f7__NCDes_v7.0_Data_Dictionary_25_26.xlsx,c5f1bbd53060cfff86ecb62607f66353bb799409acae3378a9493f247c62dbff,https://files.digital.nhs.uk/32/A775F7/NCDes_v7.0_Data_Dictionary_25_26.xlsx,202512,202512,HLTHCHKDEC,Patient chose not to receive a learning disability health check in the 12 months leading up to and including the PPED,PCA
0dfb3808f7__NCDes_v7.0_Data_Dictionary_25_26.xlsx,c5f1bbd53060cfff86ecb62607f66353bb799409acae3378a9493f247c62dbff,https://files.digital.nhs.uk/32/A775F7/NCDes_v7.0_Data_Dictionary_25_26.xlsx,202512,202512,MEDRVWDEC,Patient chose not to receive a structured medication review in the 12 months leading up to and including the payment period end date.,PCA
0dfb3808f7__NCDes_v7.0_Data_Dictionary_25_26.xlsx,c5f1bbd53060cfff86ecb62607f66353bb799409acae3378a9493f247c62dbff,https://files.digital.nhs.uk/32/A775F7/NCDes_v7.0_Data_Dictionary_25_26.xlsx,202512,202512,PALCARDAT2,"Patients who have a palliative care code recorded on or after 1 April 2008 and who have not been subsequently identified as no longer requiring palliative care, up to and including the achievement date.",PCA
0dfb3808f7__NCDes_v7.0_Data_Dictionary_25_26.xlsx,c5f1bbd53060cfff86ecb62607f66353bb799409acae3378a9493f247c62dbff,https://files.digital.nhs.uk/32/A775F7/NCDes_v7.0_Data_Dictionary_25_26.xlsx,202512,202512,STRMEDRVDC,Patients who chose not to receive a structured medication review in the 12 months up to and including the payment period end date.,PCA
f88f10350a__NCDes_v8.0_Data_Dictionary_26_27.xlsx,24c9c0587e486420536f165c73a69da0b5452476adfa113782deebc2e6673820,https://files.digital.nhs.uk/0D/D3F2FC/NCDes_v8.0_Data_Dictionary_26_27.xlsx,202604,202607,MI Count,Management information count for indicator,
f88f10350a__NCDes_v8.0_Data_Dictionary_26_27.xlsx,24c9c0587e486420536f165c73a69da0b5452476adfa113782deebc2e6673820,https://files.digital.nhs.uk/0D/D3F2FC/NCDes_v8.0_Data_Dictionary_26_27.xlsx,202604,202607,Denominator,Denominator count for indicator,
f88f10350a__NCDes_v8.0_Data_Dictionary_26_27.xlsx,24c9c0587e486420536f165c73a69da0b5452476adfa113782deebc2e6673820,https://files.digital.nhs.uk/0D/D3F2FC/NCDes_v8.0_Data_Dictionary_26_27.xlsx,202604,202607,Numerator,Numerator count for indicator,
f88f10350a__NCDes_v8.0_Data_Dictionary_26_27.xlsx,24c9c0587e486420536f165c73a69da0b5452476adfa113782deebc2e6673820,https://files.digital.nhs.uk/0D/D3F2FC/NCDes_v8.0_Data_Dictionary_26_27.xlsx,202604,202607,FITNIDAT,Patients with a faecal immunochemical test not indicated code and who have no subsequent record of a faecal immunochemical test result up to and including the achievement date,PCA
f88f10350a__NCDes_v8.0_Data_Dictionary_26_27.xlsx,24c9c0587e486420536f165c73a69da0b5452476adfa113782deebc2e6673820,https://files.digital.nhs.uk/0D/D3F2FC/NCDes_v8.0_Data_Dictionary_26_27.xlsx,202604,202607,FAECIMMDEC,Patients who have chosen not to receive a faecal immunochemical test and who have no subsequent record of a faecal immunochemical test result up to and including the achievement date,PCA
f88f10350a__NCDes_v8.0_Data_Dictionary_26_27.xlsx,24c9c0587e486420536f165c73a69da0b5452476adfa113782deebc2e6673820,https://files.digital.nhs.uk/0D/D3F2FC/NCDes_v8.0_Data_Dictionary_26_27.xlsx,202604,202607,PALCARDAT2,"Patients who have a palliative care code recorded on or after 1 April 2008 and who have not been subsequently identified as no longer requiring palliative care, up to and including the achievement date.",PCA
f88f10350a__NCDes_v8.0_Data_Dictionary_26_27.xlsx,24c9c0587e486420536f165c73a69da0b5452476adfa113782deebc2e6673820,https://files.digital.nhs.uk/0D/D3F2FC/NCDes_v8.0_Data_Dictionary_26_27.xlsx,202604,202607,MEDRVWDEC,Patient chose not to receive a structured medication review in the 12 months leading up to and including the payment period end date.,PCA
f88f10350a__NCDes_v8.0_Data_Dictionary_26_27.xlsx,24c9c0587e486420536f165c73a69da0b5452476adfa113782deebc2e6673820,https://files.digital.nhs.uk/0D/D3F2FC/NCDes_v8.0_Data_Dictionary_26_27.xlsx,202604,202607,STRMEDRVDC,Patients who chose not to receive a structured medication review in the 12 months up to and including the payment period end date.,PCA
f88f10350a__NCDes_v8.0_Data_Dictionary_26_27.xlsx,24c9c0587e486420536f165c73a69da0b5452476adfa113782deebc2e6673820,https://files.digital.nhs.uk/0D/D3F2FC/NCDes_v8.0_Data_Dictionary_26_27.xlsx,202604,202607,CARHOMDEC1,"Patients who have the registration with general practitioner practice aligned to care home declined code, recorded up to and including the achievement date.",PCA
f88f10350a__NCDes_v8.0_Data_Dictionary_26_27.xlsx,24c9c0587e486420536f165c73a69da0b5452476adfa113782deebc2e6673820,https://files.digital.nhs.uk/0D/D3F2FC/NCDes_v8.0_Data_Dictionary_26_27.xlsx,202604,202607,DOAC3MDAT1,Patient prescribed earliest direct-acting oral anti-coagulant (DOAC) on or after quality service start date in the 3 months up to and including the quality service end date,PCA
f88f10350a__NCDes_v8.0_Data_Dictionary_26_27.xlsx,24c9c0587e486420536f165c73a69da0b5452476adfa113782deebc2e6673820,https://files.digital.nhs.uk/0D/D3F2FC/NCDes_v8.0_Data_Dictionary_26_27.xlsx,202604,202607,DOAC9MDAT1,Patients whose latest prescription for a direct-acting oral anticoagulant (DOAC) on or after the quality service start date is 9 months or more prior to the reporting period end date.,PCA
f88f10350a__NCDes_v8.0_Data_Dictionary_26_27.xlsx,24c9c0587e486420536f165c73a69da0b5452476adfa113782deebc2e6673820,https://files.digital.nhs.uk/0D/D3F2FC/NCDes_v8.0_Data_Dictionary_26_27.xlsx,202604,202607,HLTHCHKDEC,Patient chose not to receive a learning disability health check in the 12 months leading up to and including the payment period end date,PCA
f88f10350a__NCDes_v8.0_Data_Dictionary_26_27.xlsx,24c9c0587e486420536f165c73a69da0b5452476adfa113782deebc2e6673820,https://files.digital.nhs.uk/0D/D3F2FC/NCDes_v8.0_Data_Dictionary_26_27.xlsx,202604,202607,HLTHAPDEC,Patient chose not to receive a learning disability health action plan in the 12 months leading up to and including the payment period end date.,PCA
