gp_code,practice_name,registered_patients,weighted_patients,weighting_ratio
A81001,THE DENSHAM SURGERY,3893.75,4460.62,1.1455845906902087
A81002,QUEENS PARK MEDICAL CENTRE,18749.25,21549.98,1.1493782417963385
A81004,ACKLAM MEDICAL CENTRE,11291.0,11792.81,1.0444433619697104
A81005,SPRINGWOOD SURGERY,7742.5,9068.45,1.1712560542460446
A81006,TENNANT STREET MEDICAL PRACTICE,14693.75,16637.19,1.1322630370055295
A81007,BANKHOUSE SURGERY,10512.75,11847.16,1.1269325343035836
A81009,VILLAGE MEDICAL CENTRE,8253.5,8925.57,1.0814284848852003
A81011,CHADWICK PRACTICE,11815.5,13847.83,1.1720054166137701
A81012,WESTBOURNE MEDICAL CENTRE,5581.5,6213.79,1.113283167607274
A81013,BROTTON SURGERY,7565.0,9086.7,1.2011500330469267
A81014,QUEENSTREE PRACTICE,4151.0,4815.75,1.1601421344254397
A81016,PARK SURGERY,12186.5,12833.17,1.0530644565707956
A81017,WOODBRIDGE PRACTICE,18425.25,17066.39,0.926250118722948
A81018,BENTLEY MEDICAL PRACTICE,10179.0,11182.24,1.0985597799390903
A81019,CROSSFELL HEALTH CENTRE,8939.25,10458.16,1.1699147020163885
A81020,MARTONSIDE MEDICAL CENTRE,7910.75,9116.77,1.1524533072085454
A81021,NORMANBY MEDICAL CENTRE,22885.5,26680.28,1.1658159096371064
A81022,HILLSIDE PRACTICE,9400.0,11710.38,1.2457851063829786
A81023,THE ENDEAVOUR PRACTICE,8984.75,9468.44,1.0538345529925708
A81025,THE DOVECOT SURGERY,4168.25,4680.93,1.122996461344689
A81026,LINTHORPE SURGERY,20936.0,22972.17,1.0972568781046999
A81027,YARM MEDICAL PRACTICE,14760.75,13836.35,0.9373744559050184
A81029,PROSPECT SURGERY,7283.5,7812.37,1.0726120683737215
A81030,BOROUGH ROAD & NUNTHORPE MEDICAL GROUP,16455.75,18603.88,1.1305397809276394
A81031,HAVELOCK GRANGE PRACTICE,13714.25,15511.53,1.1310520079479374
A81032,THE GARTH,11488.5,13140.86,1.143827305566436
A81034,THORNABY & BARWICK MEDICAL GROUP,20991.75,19248.17,0.9169397501399359
A81035,NEWLANDS MEDICAL CENTRE,9844.25,11413.6,1.1594179343271453
A81036,NORTON MEDICAL CENTRE,16505.75,18172.98,1.1010090423034398
A81037,THE ERIMUS PRACTICE,6787.25,7282.91,1.0730281041658993
A81038,HIRSEL MEDICAL CENTRE,3804.25,4133.36,1.0865111388578563
A81039,EAGLESCLIFFE MEDICAL PRACTICE,12395.75,12136.76,0.9791065486154529
A81040,MARSH HOUSE MEDICAL PRACTICE,8535.75,9053.15,1.0606156459596403
A81041,HART MEDICAL PRACTICE,9420.75,11160.39,1.1846604569699863
A81042,SOUTH GRANGE MEDICAL GROUP PRACTICE,15283.75,17749.48,1.1613301709331807
A81044,MCKENZIE HOUSE SURGERY,18920.75,21490.67,1.1358254826050764
A81045,THE COATHAM ROAD SURGERY,6186.0,7107.05,1.148892660847074
A81046,WOODLANDS FAMILY MEDICAL CENTRE,12348.75,14000.76,1.1337795323413302
A81048,ZETLAND MEDICAL PRACTICE,6965.0,8549.48,1.227491744436468
A81049,KINGS MEDICAL CENTRE,6515.0,7459.59,1.144986953184958
A81051,CAMBRIDGE MEDICAL GROUP,7322.5,7715.6,1.0536838511437352
A81052,THE GREEN HOUSE SURGERY,10149.75,11434.93,1.1266218379763049
A81053,WOODSIDE SURGERY,5911.25,7273.17,1.23039458659336
A81054,THE SALTSCAR SURGERY,8563.0,9679.86,1.1304285881116432
A81056,MELROSE SURGERY,2418.75,2660.99,1.1001509043927649
A81057,KINGSWAY MEDICAL CENTRE,9740.75,10422.11,1.0699494392115598
A81058,COULBY MEDICAL PRACTICE,9277.0,10186.26,1.0980122884553196
A81060,WEST QUAY MEDICAL PRACTICE,6210.0,7205.6,1.1603220611916265
A81063,THE HEADLAND MEDICAL CENTRE,5376.25,6531.04,1.214794698907231
A81064,THE DISCOVERY PRACTICE,8746.0,9169.43,1.0484141321747085
A81065,THE ESTON SURGERY,3753.75,4217.1,1.1234365634365635
A81066,PARK LANE SURGERY,5348.5,5280.13,0.9872169767224456
A81067,ALMA MEDICAL CENTRE,11051.75,11335.56,1.025680095912412
A81070,MCKENZIE GROUP PRACTICE,6206.25,6189.2,0.9972527693856998
A81602,DR RASOOL,2227.75,2580.51,1.158348109078667
A81608,ELM TREE SURGERY,13583.75,14460.92,1.0645749516885985
A81610,THE ROSEBERRY PRACTICE,7966.5,8158.13,1.0240544781271574
A81611,PARKWAY MEDICAL CENTRE,9172.5,10007.84,1.091070046334151
A81612,THE PATEL PRACTICE,3983.5,4588.0,1.1517509727626458
A81618,HUNTCLIFF SURGERY,10081.25,12389.67,1.2289815251084935
A81621,THORNTREE SURGERY,2744.5,3031.18,1.1044561850974677
A81622,GLADSTONE HOUSE SURGERY,5737.0,6202.75,1.0811835454070071
A81629,RIVERSIDE MEDICAL PRACTICE,6885.25,7575.48,1.1002476308049816
A81631,WEST VIEW MILLENIUM SURGERY A,7518.25,8897.16,1.1834083729591327
A81634,THE ARRIVAL PRACTICE,3250.0,2971.52,0.9143138461538461
A82003,ULVERSTON MEDICAL PRACTICE,11938.75,13174.26,1.1034873835200503
A82004,THE SURGERY,2215.25,3080.44,1.3905608847759847
A82005,AMBLESIDE HEALTH CENTRE,5915.5,5854.39,0.9896695122981997
A82006,APPLEBY MEDICAL PRACTICE,5099.5,5848.31,1.1468398862633593
A82007,DUKE STREET SURGERY,11403.25,13209.34,1.158383794093789
A82008,NORWOOD MEDICAL CENTRE,12013.75,13883.93,1.155669961502445
A82009,BRIDGEGATE MEDICAL CENTRE,9241.25,10553.97,1.1420500473420803
A82010,ABBEY ROAD SURGERY,6749.25,7749.75,1.148238693188132
A82012,BRAMPTON MEDICAL PRACTICE,16755.5,19496.84,1.1636083674017488
A82013,UPPER EDEN MEDICAL PRACTICE,6593.5,8359.14,1.267784939713354
A82014,CALDBECK SURGERY,4320.75,5219.35,1.2079731528091189
A82015,CARLISLE CENTRAL PRACTICE,13698.75,13548.64,0.9890420658819234
A82016,CARLISLE HEALTHCARE,39324.75,41398.07,1.052723030661352
A82018,SPENCER ST SURGERY,13484.5,14141.43,1.0487174162927806
A82019,FUSEHILL MEDICAL PRACTICE,1.25,1.12,0.8960000000000001
A82020,EDEN MEDICAL GROUP,16114.5,17098.72,1.0610766700797418
A82021,COCKERMOUTH HEALTH CENTRE,18196.25,19493.13,1.0712718279865356
A82022,DALSTON MEDICAL GROUP,5112.0,5793.97,1.1334057120500782
A82023,DISTINGTON SURGERY,6275.75,7585.02,1.2086236704776323
A82024,SEASCALE HEALTH CENTRE,5937.75,7403.42,1.2468392909772221
A82025,CAPTAIN FRENCH SURGERY,11526.75,11369.56,0.9863630251371809
A82026,THE JAMES COCHRANE PRACT.,17339.5,17438.79,1.0057262320136107
A82027,STATION HOUSE SURGERY,9998.5,10385.47,1.038702805420813
A82028,CASTLEHEAD MEDICAL CENTRE,8320.0,9578.63,1.151277644230769
A82029,THE CROFT SURGERY,3491.5,4277.88,1.2252269798081055
A82030,LUNESDALE SURGERY,6543.25,7860.73,1.2013494822909103
A82031,SHAP MEDICAL PRACTICE,3281.25,4143.91,1.2629059047619047
A82032,MARYPORT HEALTH SERVICES,13798.0,15999.05,1.1595194955790693
A82033,WATERLOO HOUSE SURGERY,7945.0,8549.12,1.076037759597231
A82035,BIRBECK MEDICAL GROUP,14558.25,15922.19,1.0936884584342212
A82036,THE LAKES MEDICAL PRACTICE,11395.0,12207.47,1.0713005704256253
A82037,SILLOTH GROUP MEDICAL PRACTICE,4392.75,5901.35,1.3434295145410051
A82038,TEMPLE SOWERBY MEDICAL PRACTICE,4694.5,5215.07,1.110889338587709
A82039,DALTON SURGERY,8818.5,9955.53,1.128936894029597
A82041,LOWTHER MEDICAL CENTRE,13903.25,15826.09,1.1383014762735333
A82044,FELLVIEW HEALTHCARE,23267.25,26336.71,1.131921907402035
A82045,WIGTON GROUP MEDICAL PRACTICE,9070.25,10295.53,1.1350877869959484
A82046,WINDERMERE HEALTH CENTRE,4880.75,4594.5,0.9413512267581826
A82047,JAMES STREET GROUP PRACT,33166.75,36992.03,1.115334785590991
A82050,OXFORD STREET SURGERY,0.0,0.0,
A82053,NUTWOOD MEDICAL PRACTICE,7529.25,9115.17,1.2106345253511306
A82055,ASPATRIA MEDICAL GROUP,7111.25,8613.39,1.211234311829847
A82062,ATKINSON HEALTH CENTRE,6233.25,7373.48,1.1829270444792042
A82064,WESTCROFT HOUSE SURGERY,6088.5,7307.6,1.2002299416933564
A82068,ULVERSTON COMMUNITY HEALTH CENTRE,4647.75,5052.42,1.087067936098112
A82070,ST. MARY'S SURGERY,6663.75,7657.47,1.1491232414181205
A82071,BURNETT EDGAR MEDICAL CTR,4191.75,5031.64,1.2003673883222998
A82072,RISEDALE SURGERY,7411.0,8436.95,1.1384361084873837
A82075,MANSION HOUSE SURGERY,7486.0,8641.84,1.1544002137323004
A82608,SEDBERGH MEDICAL PRACTICE,4649.75,4670.52,1.0044669068229475
A82613,WRAYSDALE HOUSE SURGERY,1096.0,1121.02,1.0228284671532846
A82617,KIRKOSWALD SURGERY,2748.5,3203.71,1.1656212479534291
A82620,GLENRIDDING HEALTH CENTRE,953.0,1024.1,1.0746065057712486
A82629,THE FAMILY PRACTICE,3093.0,3700.11,1.1962851600387974
A82631,COURT THORN SURGERY,3750.75,4285.02,1.1424435112977405
A82646,LONGTOWN MEDICAL CENTRE,3829.0,5018.51,1.310658135283364
A82647,CARTMEL SURGERY,3228.75,3921.92,1.2146867982965543
A82650,HAVERTHWAITE SURGERY,2920.5,3322.25,1.1375620612908748
A82651,DUDDON VALLEY MEDICAL PRACTICE,4929.0,5800.2,1.1767498478393184
A82654,WARWICK SQUARE GROUP PRACTICE,7748.75,8259.22,1.06587772221326
A83001,ST ANDREW'S MEDICAL PRACTICE,15504.75,17530.82,1.1306741482448928
A83003,WILLINGTON MEDICAL GROUP,9212.25,11022.47,1.1965013975955927
A83005,WHINFIELD MEDICAL PRACTICE,12146.5,12849.11,1.0578446466060183
A83006,ORCHARD COURT SURGERY,8620.75,8534.68,0.9900159498883508
A83007,BLACKHALL AND PETERLEE PRACTICE,10196.75,13117.48,1.2864373452325495
A83008,HALLGARTH SURGERY,5364.0,6712.23,1.251347874720358
A83009,BRIDGE END SURGERY,7822.0,8708.48,1.1133316287394528
A83010,MOORLANDS SURGERY,13246.0,13788.91,1.0409867129699533
A83011,CLAYPATH & UNIVERSITY MEDICAL GROUP,32755.0,24582.76,0.7505040451839413
A83012,WILLIAM BROWN CENTRE,15712.0,19507.75,1.241582866598778
A83013,NEASHAM ROAD SURGERY,13357.25,13685.12,1.0245462202174849
A83014,BELMONT & SHERBURN MEDICAL GROUP,6238.0,6899.68,1.1060724591215134
A83015,STATION VIEW MEDICAL CENTRE,9768.75,11993.79,1.227771209213052
A83016,TANFIELD VIEW MEDICAL GROUP,10836.0,12971.56,1.1970801033591731
A83018,CONSETT MEDICAL CENTRE,16916.75,19547.15,1.1554908596509377
A83020,NORTH HOUSE SURGERY,13536.0,15588.04,1.1515986997635934
A83021,AUCKLAND MEDICAL GROUP,15811.0,18842.78,1.1917513123774586
A83022,THE MEDICAL GROUP,26701.0,31431.38,1.1771611550129208
A83023,STANLEY MEDICAL GROUP,12422.75,14324.22,1.1530635326316636
A83024,WEST RAINTON SURGERY,5489.5,6705.86,1.2215793788140996
A83025,BISHOPGATE MEDICAL CENTRE,13626.25,16360.48,1.2006590221080635
A83026,SACRISTON MEDICAL CENTRE,10766.0,11395.94,1.0585119821660784
A83027,COXHOE MEDICAL PRACTICE,7528.5,9127.52,1.2123955635252708
A83028,MIDDLE CHARE MEDICAL GROUP,9400.75,10490.95,1.115969470520969
A83029,GREAT LUMLEY SURGERY,5300.75,5707.5,1.0767344243739094
A83030,DUNELM MEDICAL PRACTICE,14403.0,15260.48,1.0595348191349023
A83031,CARMEL MEDICAL PRACTICE,11592.75,11655.19,1.0053861249487828
A83032,WOODVIEW MEDICAL PRACTICE,2572.75,3345.43,1.3003323292197064
A83033,PELTON & FELLROSE MEDICAL GROUP,9930.25,11343.11,1.1422783917826842
A83034,BLACKETTS MEDICAL PRACTICE,11267.0,11446.34,1.0159172805538297
A83035,THE WEARDALE PRACTICE,7192.25,9579.98,1.3319865132608015
A83036,CHASTLETON MEDICAL GROUP,10473.0,11395.2,1.0880549985677457
A83037,BEWICK CRESCENT SURGERY,13147.0,15693.83,1.1937194797292159
A83038,CEDARS MEDICAL GROUP,6132.0,6560.46,1.0698727984344423
A83040,CLIFTON COURT MEDICAL PRACTICE,12285.0,12957.53,1.0547439967439969
A83041,MURTON MEDICAL CENTRE,7344.0,9256.87,1.2604670479302833
A83043,OLD FORGE SURGERY,2665.75,3222.31,1.208781768733002
A83044,THE HORDEN GROUP PRACTICE,8251.75,10377.35,1.257593843730118
A83045,FERRYHILL AND CHILTON MEDICAL PRACTICE,14899.25,17746.4,1.19109351141836
A83046,BARNARD CASTLE SURGERY,10895.0,12723.65,1.1678430472693897
A83047,DENMARK STREET SURGERY,15096.5,15337.09,1.0159368065445633
A83048,ROCKLIFFE COURT SURGERY,6223.25,6769.73,1.0878126380910296
A83049,QUEENS ROAD SURGERY,16088.25,17655.15,1.0973940608829427
A83050,CESTRIA HEALTH CENTRE,12728.0,13634.19,1.0711965744814582
A83051,MARLBOROUGH SURGERY,11317.0,13617.89,1.2033127153839356
A83052,BISHOPS CLOSE MEDICAL PRACTICE,8667.0,10151.88,1.171325718241606
A83054,SKERNE MEDICAL GROUP,16728.5,20641.47,1.2339103924440327
A83055,CHEVELEY PARK MEDICAL CTR,5022.0,5335.25,1.0623755475906014
A83057,EAST DURHAM MEDICAL GROUP,18290.25,23784.44,1.3003890050710076
A83060,PINFOLD MEDICAL PRACTICE,2900.75,3571.95,1.2313884340256829
A83061,GAINFORD SURGERY,3663.5,4292.43,1.1716746280878942
A83066,JUBILEE MEDICAL GROUP,12518.0,14191.35,1.133675507269532
A83070,MIDDLETON AND DINSDALE MEDICAL PRACTICE,5846.75,6857.93,1.1729473639201267
A83071,THE NEW SEAHAM MEDICAL GROUP,4654.5,5334.23,1.1460371683317219
A83072,LANCHESTER MEDICAL CENTRE,4141.75,4924.33,1.1889491157119574
A83073,DRS LAMBERT & NG,5282.0,6560.37,1.24202385460053
A83074,PEASE WAY MEDICAL CENTRE,12141.75,13479.88,1.1102089896431733
A83075,BYRON MEDICAL PRACTICE,8332.5,9896.51,1.1876999699969997
A83610,WINGATE MEDICAL PRACTICE INTRAHEALTH,3497.25,4397.88,1.257525198370148
A83616,BEVAN MEDICAL GROUP,8518.25,10863.49,1.2753194611569278
A83617,BROWNEY HOUSE SURGERY,2652.0,3070.85,1.1579374057315233
A83618,OAKFIELDS HEALTH GROUP,7644.25,9068.34,1.1862955816463354
A83619,SOUTHDENE MEDICAL CENTRE,3419.75,4098.17,1.1983829227282696
A83622,THE HAVEN SURGERY,1722.0,2231.63,1.295952380952381
A83626,EVENWOOD MEDICAL PRACTICE,2245.75,2645.74,1.1781097628854502
A83627,SILVERDALE FAMILY PRACTICE,6604.0,7411.3,1.122244094488189
A83634,WEST CORNFORTH MEDICAL CENTRE,2731.5,3231.11,1.1829068277503203
A83635,BOWBURN MEDICAL CENTRE,4454.0,4610.62,1.0351638976201167
A83636,LEADGATE SURGERY,5897.25,6709.45,1.137725210903387
A83637,VILLAGES MEDICAL GROUP,4174.75,5231.43,1.2531121624049344
A83641,PARKGATE SURGERY,4832.75,4774.97,0.9880440742848275
A83644,ANNFIELD PLAIN SURGERY,3579.75,4221.49,1.1792695020601998
A84002,THE ROTHBURY PRACTICE,6149.25,8385.95,1.3637354148879945
A84005,BEDLINGTONSHIRE MED.GROUP,12693.25,14187.02,1.1176822326827252
A84006,ALNWICK MEDICAL GROUP,18882.25,21329.75,1.1296190867084166
A84007,PONTELAND MEDICAL GROUP,10806.0,11082.91,1.0256255783823802
A84008,BELFORD MEDICAL PRACTICE,4485.75,6177.84,1.377214512623307
A84009,RAILWAY MEDICAL GROUP,27137.75,29478.26,1.086245543569382
A84011,WHITE MEDICAL GROUP,8566.25,8727.07,1.0187736757624397
A84013,THE GABLES MEDICAL GROUP,6321.5,7670.86,1.2134556671676027
A84014,MARINE MEDICAL GROUP,13613.75,15230.78,1.118779175465981
A84016,PRUDHOE MEDICAL GROUP,6928.5,6817.64,0.9839994226744606
A84018,CORBRIDGE HEALTH CENTRE,7268.0,8959.21,1.2326926252063841
A84020,GUIDEPOST MEDICAL GROUP,8051.25,9792.59,1.216281943797547
A84022,COQUET MEDICAL GROUP,12108.5,15147.05,1.2509435520502126
A84024,BURN BRAE MEDICAL GROUP,10393.25,11880.85,1.1431313592956969
A84025,CRAMLINGTON MEDICAL GROUP,5341.25,5949.46,1.1138703487011468
A84026,WELL CLOSE MEDICAL GROUP,9175.75,10466.32,1.1406500830994741
A84027,BELLINGHAM PRACTICE,3438.25,4664.43,1.3566290991056498
A84028,SEATON PARK MEDICAL GROUP,19561.5,22641.24,1.1574388467142092
A84029,NORTHUMBERLAND HEALTH,4563.5,5644.83,1.2369519009532157
A84030,VILLAGE MEDICAL GROUP,11131.25,12465.11,1.1198302077484559
A84031,GREYSTOKE SURGERY,10622.5,12134.64,1.1423525535420098
A84033,THE SELE MEDICAL PRACTICE,5843.25,6666.08,1.1408171822187994
A84034,HALTWHISTLE MEDICAL GROUP,5569.75,6855.23,1.2307967143947214
A84035,RIVERSDALE SURGERY,5956.25,6509.89,1.0929511017838405
A84036,VALENS MEDICAL PARTNERSHIP,49971.5,57224.8,1.145148734778824
A84037,NETHERFIELD HOUSE,5994.75,6845.09,1.1418474498519537
A84038,FORUM FAMILY PRACTICE,8843.0,9760.59,1.103764559538618
A84039,GAS HOUSE LANE SURGERY,7052.5,8010.45,1.1358312655086849
A84040,HUMSHAUGH & WARK MED GRP,3435.0,4124.2,1.200640465793304
A84042,SCOTS GAP MEDICAL GROUP,2120.25,2707.11,1.2767881146091264
A84044,UNION BRAE & NORHAM PRAC,7192.0,8185.06,1.1380784204671859
A84045,HAYDON BRIDGE & ALLENDALE MEDICAL PRACT,5273.75,6327.56,1.199821758710595
A84047,BRANCH END SURGERY,5373.75,5607.65,1.0435264014887182
A84604,WOOLER HEALTH,4851.75,6395.85,1.318256299273458
A84614,THE ADDERLANE SURGERY,2152.25,2292.09,1.064973864560344
A84619,ELSDON AVENUE SURGERY,4240.75,4798.8,1.1315922890998056
A85001,FELL TOWER MEDICAL CENTRE,7560.0,7950.95,1.051712962962963
A85002,BENSHAM FAMILY PRACTICE,3897.75,4737.81,1.215524340965942
A85004,LONGRIGG MEDICAL CENTRE,10280.75,11678.64,1.1359715974029132
A85005,OXFORD TCE & RAWLING RD MEDICAL GROUP,17726.0,20666.22,1.16587047275189
A85006,GLENPARK & TEAMS MEDICAL SERVICES,10374.5,11478.62,1.1064263337992193
A85007,FELL COTTAGE SURGERY,8634.0,9386.71,1.087179754459115
A85008,BIRTLEY MEDICAL GROUP,15366.0,17564.91,1.143102303787583
A85009,CROWHALL MEDICAL CENTRE,6434.0,7716.4,1.1993161330432078
A85010,CHAINBRIDGE MEDICAL PARTNERSHIP,11476.75,13129.02,1.1439667153157471
A85011,ST. ALBANS MEDICAL GROUP,7346.0,9052.51,1.2323046555948816
A85012,METRO INTERCHANGE SURGERY,0.0,0.0,
A85013,MILLENNIUM FAMILY PRACTICE,3941.25,4684.32,1.1885366317792578
A85014,CRAWCROOK MEDICAL CENTRE,20399.0,22688.97,1.1122589342614835
A85016,WREKENTON MEDICAL GROUP,12105.25,13877.73,1.1464224200243696
A85017,BEWICK ROAD SURGERY,8084.75,8812.41,1.0900040199140357
A85018,OLDWELL SURGERY,4759.25,5501.18,1.1558922099070232
A85019,CENTRAL GATESHEAD MEDICAL GROUP,10640.5,12271.71,1.1533020064846575
A85020,WHICKHAM COTTAGE MEDICAL CENTRE,15664.5,17532.1,1.1192249992020171
A85021,SECOND STREET SURGERY,4753.0,4504.85,0.9477908689248896
A85023,TEAMS MEDICAL PRACTICE,4119.75,4311.01,1.0464251471569876
A85024,CHOPWELL PRIMARY HEALTHCARE CENTRE,2573.75,2976.19,1.1563632831471589
A85026,BEACON VIEW MEDICAL CENTRE,5678.25,6328.64,1.1145405714788887
A85611,PELAW MEDICAL PRACTICE,5443.75,5883.52,1.0807843857634902
A85614,THE BRIDGES MEDICAL PRACTICE,8063.0,9054.49,1.1229678779610566
A85616,HOLLYHURST MEDICAL CENTRE,4815.25,5488.98,1.1399158922174342
A85617,SUNNISIDE SURGERY,3816.75,3770.7,0.9879347612497543
A86003,SAVILLE MEDICAL GROUP,42569.5,38793.6,0.9113003441431071
A86004,PROSPECT MEDICAL CENTRE,15042.75,15400.82,1.0238034933772082
A86005,WEST FARM SURGERY,6020.25,6061.36,1.0068286200739172
A86006,ROSEWORTH SURGERY,5827.0,6109.68,1.0485120988501802
A86008,PARK MEDICAL GROUP,13241.0,13642.37,1.0303126652065555
A86010,BIDDLESTONE HEALTH GROUP,10649.75,9077.5,0.85236742646541
A86011,WALKER MEDICAL GROUP,10664.0,12844.85,1.2045058139534883
A86012,WEST ROAD MEDICAL CENTRE,12375.25,12481.83,1.008612351265631
A86013,DENTON PARK MEDICAL GROUP,7400.25,7920.26,1.070269247660552
A86016,LANE END SURGERY,9527.75,9475.22,0.9944866311563589
A86017,CRUDDAS PARK SURGERY,11578.75,13727.75,1.185598618158264
A86018,THE GROVE MEDICAL GROUP,13239.0,13644.45,1.0306254248810334
A86020,JESMOND HEALTH PARTNERSHIP,24587.0,21732.2,0.8838898604953838
A86021,HOLMSIDE MEDICAL GROUP,10114.25,11653.23,1.152159576834664
A86022,PARKWAY MEDICAL GROUP,8448.75,9021.47,1.067787542535878
A86023,BENFIELD PARK MEDICAL GROUP,10191.5,11176.93,1.0966913604474318
A86024,HEATON ROAD SURGERY,7371.25,7626.19,1.034585721553332
A86025,WESTERHOPE MEDICAL GROUP,13664.75,14058.0,1.0287784262427049
A86026,THROCKLEY PRIMARY CARE CENTRE,7342.75,8279.46,1.1275693711484116
A86027,NEWCASTLE MEDICAL CENTRE,21309.0,17994.57,0.8444586794312262
A86028,REGENT MEDICAL CENTRE,7560.5,7475.88,0.9888076185437471
A86029,THORNFIELD MEDICAL GROUP,20360.0,20781.37,1.0206959724950884
A86030,BETTS AVENUE MEDICAL GROUP,10852.75,11796.85,1.086991776277902
A86031,FENHAM HALL SURGERY,10618.75,10514.0,0.9901353737492643
A86033,BRUNTON PARK,8211.25,7424.35,0.9041680621099102
A86036,GOSFORTH MEMORIAL MED.CTR,2737.0,2512.61,0.9180160759956156
A86037,ELSWICK FAMILY PRACTICE,8145.75,8772.04,1.0768854924347053
A86038,NEWBURN SURGERY,6126.75,6698.73,1.0933578161341657
A86040,ST. ANTHONY'S HEALTH CENTRE,6694.5,7804.86,1.1658615281200986
A86041,SWARLAND AVENUE SURGERY,6701.5,6527.01,0.9739625456987242
A86601,DENTON TURRET MEDICAL CENTRE,9070.5,9974.49,1.0996626426327105
A87002,SPRING TERRACE HEALTH CENTRE,5930.0,6776.68,1.142779089376054
A87004,COLLINGWOOD HEALTH GROUP,24426.5,26434.09,1.0821890160276748
A87005,WHITLEY BAY HEALTH CENTRE,13572.25,14307.46,1.0541700897050967
A87006,49 MARINE AVENUE SURGERY,5849.75,6072.66,1.0381059019616223
A87007,STEPHENSON PARK HEALTH GROUP,17917.25,18651.86,1.041000153483375
A87008,MARINE AVENUE MEDICAL CTR,8711.5,8039.78,0.9228927280032141
A87009,PRIORY MEDICAL GROUP,15472.0,16010.08,1.0347776628748708
A87011,BEAUMONT PARK SURGERY,6486.5,6299.73,0.9712063516534339
A87012,WIDEOPEN MEDICAL CENTRE,7553.0,8342.78,1.1045650734807362
A87013,BEWICKE MEDICAL CENTRE,9356.25,10251.72,1.0957082164328658
A87016,THE VILLAGE GREEN SURGERY,12793.0,13424.9,1.0493941999530993
A87017,WOODLANDS PARK HEALTH CTR,6510.5,7204.78,1.1066400430074494
A87019,NELSON MEDICAL GROUP,4977.0,5449.17,1.0948704038577457
A87020,BRIDGE AND MONKSEATON MEDICAL PRACTICE,13325.75,13476.62,1.0113216892107386
A87022,SHIREMOOR RESOURCE CENTRE,9575.5,9518.44,0.994041042243225
A87023,BRIDGE MEDICAL,0.25,0.62,2.48
A87029,HADRIAN HEALTH CENTRE,20855.5,22145.23,1.0618412409196614
A87030,REDBURN PARK MEDICAL CENTRE,6162.5,6158.97,0.9994271805273834
A87600,PARK PARADE PRACTICE,4829.75,4692.99,0.9716838345670066
A87612,WELLSPRING MEDICAL PRACT.,6470.0,6827.89,1.0553153013910357
A87615,MALLARD MEDICAL PRACTICE,5408.0,5544.59,1.025257026627219
A88001,VICTORIA MEDICAL CENTRE,3663.5,4198.78,1.1461116418725261
A88002,FARNHAM MEDICAL CTR.,16990.25,18271.36,1.0754026574064537
A88003,MARSDEN MEDICAL GROUP,22786.25,24592.33,1.0792618355367822
A88004,MAYFIELD MEDICAL GROUP,9092.25,10292.8,1.1320410239489676
A88005,WENLOCK ROAD SURGERY,4453.25,4895.01,1.0991994610677596
A88006,TALBOT MEDICAL CENTRE,7837.0,8767.45,1.118725277529667
A88007,WAWN STREET SURGERY,0.0,0.0,
A88008,TRINITY MEDICAL CENTRE,6477.25,7174.79,1.1076907638272415
A88009,DR THORNILEY-WALKER & PARTNERS,6075.0,6405.25,1.0543621399176955
A88010,ALBERT ROAD SURGERY,3352.0,4166.32,1.2429355608591885
A88012,ELLISON VIEW SURGERY,6095.75,6748.25,1.1070417914120494
A88013,CENTRAL SURGERY,19124.25,20101.57,1.0511037034132058
A88014,WEST VIEW SURGERY,2889.75,2705.23,0.9361467254952851
A88015,ST GEORGE & RIVERSIDE MEDICAL PRACTICE,7389.25,7955.35,1.0766112934330279
A88016,COLLIERY COURT MEDICAL GROUP,8274.0,8634.72,1.0435968092820884
A88022,THE GLEN MEDICAL GROUP,11144.75,11915.31,1.0691410753942439
A88023,WHITBURN SURGERY,5385.5,5921.92,1.0996044935474887
A88025,THE G.P.SUITE,4447.0,5546.0,1.2471328985833146
A88601,IMEARY MEDICAL GROUP,4263.25,4723.0,1.1078402627103736
A88608,RAVENSWORTH SURGERY,5921.75,6842.69,1.1555182167433613
A88613,EAST WING PRACTICE,4269.25,5188.2,1.2152485799613515
A89001,DEERNESS PARK MEDICAL GROUP,13494.25,16122.94,1.1948007484669396
A89002,RIVERVIEW SURGERY,7002.0,7578.89,1.0823893173379036
A89004,HETTON GROUP PRACTICE,11826.5,14790.96,1.2506624952437322
A89005,VILLETTE SURGERY,5743.25,6936.0,1.2076785792016715
A89006,WEARSIDE MEDICAL PRACTICE - PALLION,8190.0,8657.05,1.057026862026862
A89007,PALLION FAMILY PRACTICE,10161.75,11549.0,1.1365168401112014
A89008,RED HOUSE MEDICAL CENTRE,5522.75,6299.89,1.140716128740211
A89009,HERRINGTON MEDICAL CENTRE,9527.0,10795.7,1.1331688884223785
A89010,THE STEPHENSON MEDICAL PRACTICE,12347.25,13951.38,1.1299179979347627
A89011,VILLAGE SURGERY PARTNERSHIP,4775.25,5450.42,1.1413894560494215
A89012,GALLERIES MEDICAL PRACTICE,11429.0,11799.16,1.0323877854580452
A89013,THE NEW CITY MEDICAL GROUP,5606.5,6792.63,1.2115633639525552
A89015,"FULWELL MEDICAL CENTRE,",9228.75,10168.89,1.1018707842340512
A89016,ST BEDE MEDICAL CENTRE,9294.5,10247.82,1.10256818548604
A89017,MILLFIELD MEDICAL GROUP,14608.5,16626.6,1.1381456001642878
A89018,ASHBURN MEDICAL CENTRE,5331.75,6103.69,1.1447817320767102
A89019,BRIDGE VIEW MEDICAL GROUP,14986.0,17612.68,1.1752755905511811
A89020,FORGE MEDICAL PRACTICE,8682.75,9550.77,1.099970631424376
A89021,KEPIER MEDICAL PRACTICE,8527.5,9751.71,1.143560246262093
A89022,CONCORD MEDICAL PRACTICE,5206.0,5946.86,1.1423088743757202
A89023,"HOUGHTON MEDICAL GROUP,",8333.5,9930.41,1.19162536749265
A89024,THE BROADWAY MEDICAL PRACTICE,7569.5,8913.55,1.17756126560539
A89025,SUNDERLAND GP ALLIANCE MEDICAL PRACTICE,10188.5,10026.93,0.984141924719046
A89026,NEW WASHINGTON MEDICAL GROUP,7242.75,8039.65,1.1100272686479582
A89027,SPRINGWELL MEDICAL GROUP,6407.75,7145.65,1.1151574265537825
A89028,GRANGEWOOD SURGERY,7397.25,8463.31,1.1441157186792388
A89030,WESTBOURNE MEDICAL GROUP,6613.5,7524.65,1.1377712255235504
A89031,HYLTON MEDICAL GROUP,7099.0,7615.16,1.0727088322298914
A89032,NEW SILKSWORTH MEDICAL PRACTICE,9203.0,10648.98,1.1571205041834185
A89034,PARK LANE PRACTICE,4368.5,4297.47,0.9837404143298616
A89035,SOUTHLANDS MEDICAL GROUP,10407.25,11911.94,1.1445809411708185
A89036,CASTLETOWN MEDICAL CENTRE,2112.25,2514.29,1.190337318025802
A89040,MONKWEARMOUTH HEALTH CENTRE,4652.25,5409.5,1.162770702348326
A89041,HAPPY HOUSE SURGERY,8233.5,9015.27,1.0949498997995992
A89614,SUNDERLAND GP ALLIANCE SOUTH HYLTON SURG,4566.5,5228.48,1.1449644147596627
A89616,RICKLETON MEDICAL CENTRE,2724.0,2847.41,1.0453046989720998
A89617,I J HEALTHCARE,3651.5,4196.43,1.1492345611392578
A89623,CHESTER SURGERY,3023.75,3262.7,1.0790243902439023
B81003,BEACON MEDICAL,12787.0,13858.33,1.0837827481035427
B81004,"EASTGATE MEDICAL GROUP, HORNSEA",12410.25,16190.48,1.3046054672548901
B81005,THE CENTRAL SURGERY BARTON,16967.0,19017.45,1.1208492956916367
B81006,HUMBER PRIMARY CARE,13544.75,17303.69,1.2775200723527564
B81007,WINTERTON MEDICAL PRACTICE,9816.75,11629.65,1.1846741538696615
B81008,HULL FAMILY PRACTICE,37842.75,39039.6,1.0316269298610699
B81009,MARKET WEIGHTON GROUP PRACTICE,9200.5,9604.42,1.0439019618498995
B81011,KINGSTON HEALTH (HULL),10431.25,11045.04,1.0588414619532656
B81012,DR AP KUMAR,3294.5,3552.37,1.0782728790408256
B81013,MONTAGUE MEDICAL PRACTICE,8851.75,8536.12,0.9643426441099219
B81015,CLEE MEDICAL CENTRE,16884.5,17552.97,1.0395907489117238
B81016,PELHAM MEDICAL GROUP,10263.25,10486.91,1.021792317248435
B81017,THE QUAYS MEDICAL PRACTICE,17391.75,17326.41,0.9962430462719393
B81018,ORCHARD 2000 GROUP,9300.25,9524.47,1.0241090293271686
B81020,THE SUTTON MANOR SURGERY,8273.0,8985.17,1.0860836455941012
B81022,CAMBRIDGE AVENUE & MESSINGHAM MC,12785.25,13956.45,1.091605561095794
B81024,WILLERBY AND SWANLAND SURGERY,10603.25,10880.06,1.026106146700304
B81025,HOLDERNESS HEALTH,33826.75,43171.01,1.276238775525287
B81026,ANCORA MEDICAL PRACTICE,20394.5,20575.61,1.00888033538454
B81027,ST ANDREWS SURGERY,8002.5,8736.8,1.0917588253670727
B81029,THE SNAITH AND RAWCLIFFE MEDICAL GROUP,11743.25,13695.2,1.1662188917037448
B81030,SLC MEDICAL GROUP,24494.5,25978.03,1.0605658413113148
B81031,WOODFIELD MEDICAL,21253.5,21629.99,1.0177142588279577
B81032,WILBERFORCE SURGERY,5475.25,5789.62,1.0574165563216291
B81034,LEVEN & BEEFORD MEDICAL PRACTICE,11478.5,14286.68,1.2446469486431153
B81035,THE AVENUES MEDICAL CENTRE,7166.5,7151.17,0.9978608804855927
B81036,POCKLINGTON GROUP PRACTICE,18719.0,19017.5,1.0159463646562317
B81037,THE PARK SURGERY,14584.0,18041.53,1.2370769336258913
B81038,THE OAKS MEDICAL CENTRE,8164.0,8771.99,1.0744720725134738
B81039,THE ROXTON PRACTICE,34739.25,38020.75,1.0944608763862202
B81040,DR JAD WEIR & PARTNERS,15592.0,16428.16,1.053627501282709
B81041,GILBERDYKE HEALTH CENTRE,6195.5,6941.03,1.1203341134694536
B81042,MANOR ROAD SURGERY,13817.25,14371.18,1.0400897428938465
B81043,SOUTH AXHOLME PRACTICE,14963.5,18023.48,1.204496274267384
B81045,ASHBY TURN PRIMARY CARE PARTNERS,12477.25,13197.59,1.0577322727363803
B81046,THE BRIDGE GROUP PRACTICE,8798.5,9743.78,1.107436494857078
B81047,WOLSELEY MEDICAL CENTRE,7552.25,8299.43,1.098934754543348
B81048,MODALITY PARTNERSHIP (HULL),56886.0,55941.63,0.9833989030692964
B81051,OLD FIRE STATION SURGERY,10340.0,11292.68,1.0921353965183753
B81052,PRINCES MEDICAL CENTRE,8180.75,7931.43,0.9695235766891789
B81054,CLIFTON HOUSE MEDICAL CENTRE,7900.25,8799.26,1.1137951330654094
B81061,THE RIDINGS MEDICAL GROUP,47395.5,47579.07,1.0038731525144793
B81063,BRIDGE STREET SURGERY,7261.75,8994.37,1.238595379901539
B81064,CHURCH LANE MEDICAL CENTRE,10463.75,11301.51,1.0800630749014455
B81065,TRENT VIEW MEDICAL PRACTICE,11121.5,13082.99,1.1763691948028594
B81068,BARTHOLOMEW MEDICAL GROUP,17684.0,18251.17,1.0320724949106537
B81069,DRS REDDY AND NUNN,28113.25,35354.1,1.2575600473086535
B81074,CITY HEALTH PRACTICE LTD,12492.25,13445.85,1.0763353279033
B81075,HASTINGS MEDICAL CENTRE,3534.75,3772.71,1.0673201782304265
B81082,NORTH BEVERLEY MEDICAL CENTRE,6503.5,6440.89,0.990372876143615
B81085,HAXBY GROUP HULL,5452.0,5362.08,0.9835069699192956
B81087,BIRKWOOD MEDICAL CENTRE,7907.75,8090.42,1.0231001232967658
B81088,HOWDEN MEDICAL PRACTICE,8137.25,8820.56,1.083973086730775
B81090,THE OSWALD ROAD MEDICAL SURGERY,4636.5,4814.96,1.038490240483123
B81091,LITTLEFIELD SURGERY,5347.75,5527.82,1.033672105090926
B81092,"THE MEDICAL CENTRE, DRIFFIELD",12223.75,14726.24,1.2047235913692607
B81097,DELTA HEALTHCARE,2682.5,2764.95,1.030736253494874
B81099,THE KIRTON LINDSEY AND SCOTTER SURGERY,10573.25,12462.72,1.1787028586290875
B81100,DR AC MILNER,4210.75,4386.07,1.041636288072196
B81101,GREENGATES MEDICAL GROUP,23501.25,23549.05,1.0020339343651934
B81104,CAMPUS HEALTH CENTRE,7768.25,6123.0,0.788208412448106
B81108,DR A SINHA,4535.75,4505.32,0.9932910764482169
B81109,RIVERSIDE SURGERY,11971.75,13906.69,1.1616254933489256
B81112,JAMES ALEXANDER FAMILY PRACTICE,13076.25,13407.99,1.0253696587324348
B81113,CEDAR MEDICAL PRACTICE,9778.0,10433.64,1.0670525669871138
B81118,WEST COMMON LANE TEACHING PRACTICE,7788.75,8013.15,1.0288107847857486
B81119,GOODHEART SURGERY,6440.75,6400.71,0.9937833326864107
B81603,ROXTON AT WEELSBY VIEW,0.0,0.0,
B81606,STIRLING MEDICAL CENTRE (MATHEWS),4386.25,4397.79,1.0026309489883158
B81616,DR GT HENDOW'S PRACTICE,2873.25,3095.5,1.0773514313060124
B81617,IRONSTONE CENTRE,9708.0,8993.66,0.9264173877214669
B81619,PARK VIEW SURGERY,2793.0,2691.12,0.9635230934479054
B81628,BARNETBY MEDICAL CENTRE,2843.25,3469.12,1.220124857117735
B81631,DRS RAUT AND THOUFEEQ,4663.0,4820.83,1.033847308599614
B81635,LAURBEL SURGERY,3576.5,3968.57,1.1096239340137006
B81642,DR OZ QURESHI,4322.0,4749.43,1.0988963442850532
B81645,EAST PARK PRACTICE,2513.25,2156.08,0.8578852083955038
B81647,WEST TOWN SURGERY,3094.5,3400.5,1.0988851187590887
B81648,THE KILLINGHOLME SURGERY,1623.75,1787.49,1.1008406466512701
B81653,KING STREET MEDICAL CENTRE,7452.25,7531.31,1.0106088765138046
B81655,GREENLANDS SURGERY,3197.75,3100.72,0.9696567899304198
B81656,RAJ MEDICAL CENTRE,6794.25,6292.11,0.9260933877911469
B81663,CORE CARE FAMILY PRACTICE,2903.0,2909.23,1.0021460558043402
B81665,HEALING PARTNERSHIP,2364.0,2163.66,0.9152538071065989
B81666,DR MITCHELL,2452.25,2555.49,1.0421001121419105
B81675,NEWINGTON SURGERY,14159.25,13156.04,0.9291480834083726
B81697,DR P SURESH BABU,2843.75,2883.49,1.0139745054945055
B82002,MILLFIELD SURGERY,7825.25,8717.68,1.1140449186926935
B82004,NIDDERDALE GROUP PRACTICE,11006.25,11542.91,1.04875956842703
B82005,PRIORY MEDICAL GROUP,58483.5,52060.17,0.8901685090666598
B82007,TOWNHEAD SURGERY,9639.25,11903.88,1.2349384028840418
B82008,NORTH HOUSE SURGERY,8744.0,9481.44,1.0843366880146386
B82010,RIPON SPA SURGERY,7896.75,7799.1,0.9876341532909109
B82011,SHERBURN SURGERY,5620.5,6389.16,1.1367600747264477
B82012,THE LEEDS ROAD PRACTICE,15340.0,14289.92,0.9315462842242503
B82013,MOSS HEALTHCARE HARROGATE,20333.75,18913.15,0.930135857871765
B82014,KINGSWOOD SURGERY,6890.25,6643.54,0.9641943325713871
B82016,STRAYSIDE HEALTH,8372.5,7847.51,0.9372959092266349
B82017,WHITBY GROUP PRACTICE,13559.75,16186.7,1.1937314478511774
B82018,ESCRICK SURGERY,6660.5,7649.9,1.1485474063508745
B82019,TOPCLIFFE SURGERY,4182.25,4356.67,1.0417048239583957
B82021,DALTON TERRACE SURGERY,9831.5,9786.88,0.9954615267253216
B82022,GREAT AYTON SURGERY,5672.75,6536.92,1.152337049931691
B82023,CATTERICK VILLAGE SURGERY,6270.25,6956.16,1.1093911726007735
B82024,EASTFIELD MEDICAL CENTRE,9348.0,10831.67,1.1587152332049637
B82025,DERWENT PRACTICE,21171.5,21348.18,1.0083451810216564
B82026,HAXBY GROUP PRACTICE,32514.75,33966.03,1.044634512029156
B82027,MOWBRAY SQUARE MED CENTRE,14163.25,13657.22,0.9642716184491553
B82029,DOCTORS LANE SURGERY,3243.75,4096.91,1.2630165703275529
B82030,THE HOLROYD SURGERY,5867.0,6760.83,1.1523487301857849
B82031,SHERBURN GROUP PRACTICE,10970.5,10560.87,0.9626607720705529
B82032,CHURCH LANE SURGERY,12283.0,13240.72,1.0779711796792315
B82033,PICKERING MEDICAL PRACTICE,10962.5,12655.08,1.1543972633979476
B82034,QUAKERS LANE SURGERY,6436.25,7363.58,1.1440792386871237
B82035,SCORTON MEDICAL CENTRE,3575.25,4346.93,1.2158394517865885
B82036,PARK STREET,7742.0,7952.2,1.0271506070782743
B82037,FILEY SURGERY,8867.25,11428.82,1.2888798669260482
B82038,HAXBY GROUP SCARBOROUGH,24902.25,25600.32,1.028032406710237
B82041,BEECH TREE SURGERY,15947.75,17403.72,1.0912962643633115
B82042,LAMBERT MEDICAL CENTRE,8569.25,9600.84,1.1203827639525046
B82044,STOKESLEY SURGERY,9407.75,10473.06,1.1132374903669846
B82045,CENTRAL DALES PRACTICE,4132.0,5496.63,1.330258954501452
B82046,STAITHES SURGERY,3107.5,4012.46,1.291218020917136
B82047,UNITY HEALTH,19330.75,13168.62,0.6812265432018934
B82049,THIRSK DOCTORS SURGERY,8037.5,9005.44,1.1204279937791604
B82050,MOWBRAY HOUSE SURGERY,21386.75,23934.61,1.119132640536781
B82053,DYNELEY HOUSE SURGERY,15079.75,16091.19,1.0670727299855767
B82054,SCARBOROUGH MEDICAL GROUP,15887.25,19129.35,1.2040693008544587
B82057,SPRINGBANK SURGERY,7422.5,7359.91,0.9915675311552711
B82059,CHURCH AVENUE MEDICAL GROUP,11218.0,11508.56,1.0259012301658048
B82060,EASTGATE MEDICAL GROUP,12878.75,12918.64,1.0030973502863243
B82061,BENTHAM MEDICAL PRACTICE,7437.0,8885.48,1.194766707005513
B82063,AYTON AND SNAINTON MEDICAL PRACTICE,9540.75,11953.24,1.2528616723003956
B82064,TOLLERTON SURGERY,3552.5,3735.28,1.05145109078114
B82066,GLEBE HOUSE SURGERY,9891.5,11818.4,1.1948036192690694
B82067,STOCKWELL ROAD SURGERY,8326.25,8207.27,0.9857102537156583
B82068,HELMSLEY SURGERY,3640.25,4347.19,1.1942009477371058
B82069,BEECH HOUSE SURGERY,7527.5,7720.51,1.0256406509465295
B82071,THE OLD SCHOOL MEDICAL PRACTICE,7485.25,7518.95,1.0045021876356834
B82072,THE FRIARY SURGERY,5037.5,5559.83,1.1036883374689825
B82073,SOUTH MILFORD SURGERY,10772.75,11237.3,1.0431226938339793
B82074,POSTERNGATE SURGERY,18638.5,19417.5,1.0417952088419133
B82075,MAYFORD HOUSE SURGERY,9629.75,10523.8,1.0928424933149874
B82077,KIRKBYMOORSIDE SURGERY,6115.5,6907.34,1.1294808274057722
B82078,LEYBURN MEDICAL PRACTICE,6145.5,7786.34,1.2669986168741356
B82079,STILLINGTON SURGERY,3709.25,4401.36,1.1865902810541213
B82080,MY HEALTH GROUP,18851.25,19567.5,1.0379948279291824
B82081,ELVINGTON MEDICAL PRACTICE,7267.5,7719.78,1.0622332301341588
B82083,YORK MEDICAL GROUP,44775.25,40344.08,0.9010352817683878
B82086,ESK VALLEY MEDICAL PRACTICE,5073.0,6204.97,1.2231362113148039
B82088,BROOK SQUARE SURGERY,10552.75,10913.89,1.0342223591007083
B82091,PARK PARADE SURGERY,7715.5,7419.24,0.9616019700602683
B82097,SCOTT ROAD MEDICAL CENTRE,11410.25,11289.7,0.9894349378847966
B82098,JORVIK GILLYGATE PRACTICE,26150.5,24759.67,0.9468144012542781
B82100,FRONT STREET SURGERY,8368.0,8823.87,1.0544777724665393
B82101,SLEIGHTS AND SANDSEND MEDICAL PRACTICE,5231.75,6513.68,1.2450289100205476
B82104,HAREWOOD MEDICAL PRACTICE,8390.75,7843.95,0.934833000625689
B82105,TADCASTER MEDICAL CENTRE,9408.0,9952.13,1.0578369472789115
B82106,HACKNESS ROAD SURGERY,4549.25,5120.92,1.1256624718360169
B82609,AMPLEFORTH SURGERY,4094.25,4600.43,1.1236319228185871
B82619,TERRINGTON SURGERY,1743.5,2058.82,1.180854602810439
B82622,REETH MEDICAL CENTRE,1527.75,1960.48,1.2832466044837179
B82628,HUNMANBY SURGERY,4225.75,5512.54,1.304511625155298
B83002,ILKLEY & WHARFEDALE MEDICAL PRACTICE,5485.25,5469.09,0.9970539173237318
B83005,THORNBURY MEDICAL PRACTICE,7122.75,6890.46,0.9673875960829735
B83006,SILSDEN & STEETON MEDICAL PRACTICE,0.0,0.0,
B83008,LING HOUSE MEDICAL CENTRE,20065.5,17848.28,0.8895008846029253
B83009,SUNNYBANK & COWGILL MEDICAL PRACTICE,15853.25,16979.55,1.0710453692460535
B83010,PARKLANDS MEDICAL PRACTICE,10094.25,10705.87,1.060590930480224
B83012,MANOR MEDICAL PRACTICE,11042.25,10679.65,0.9671624895288551
B83013,WESTCLIFFE MEDICAL CENTRE,0.0,0.0,
B83014,BINGLEY MEDICAL PRACTICE,13567.5,14610.96,1.0769087893864013
B83015,TONG MEDICAL PRACTICE,8742.75,9623.56,1.1007474764805123
B83016,FARROW MEDICAL CENTRE,8740.0,8650.96,0.989812356979405
B83018,IDLE MEDICAL CENTRE,12557.5,12216.75,0.9728648218196297
B83019,GRANGE PARK SURGERY,7003.25,6787.18,0.9691471816656553
B83020,THE WILLOWS MEDICAL PRACTICE,18378.25,18922.89,1.0296350305388162
B83022,BAILDON MEDICAL PRACTICE,9654.5,10214.77,1.058032005800404
B83025,DR I M RAJA & PARTNER,4476.25,4394.18,0.9816654565763754
B83026,PRIMROSE SURGERY,5854.0,5354.62,0.9146942261701401
B83028,WIBSEY & QUEENSBURY MED P,10885.75,11076.16,1.0174916748960798
B83029,LOW MOOR SURGERY,10120.75,10813.84,1.0684820788973148
B83031,OAK GLEN SURGERY,3982.5,4163.32,1.0454036409290646
B83032,BRADFORD MOOR PRACTICE,4258.0,4199.09,0.9861648661343354
B83033,MODALITY PARTNERSHIP (AWC),86723.25,91238.11,1.0520605489300736
B83034,GRANGE MEDICAL CENTRE,7077.0,6466.72,0.9137657199378268
B83035,HORTON PARK MEDICAL PRACTICE,12468.75,12317.14,0.9878408020050125
B83037,THE WILSDEN MEDICAL PRACTICE,10067.75,11263.89,1.1188090685605026
B83038,LEYLANDS LANE MEDICAL PRACTICE,18743.75,17998.26,0.9602272757585861
B83039,THE SALTAIRE & WINDHILL MEDICAL P'SHIP,24234.5,25186.13,1.0392675730879533
B83041,BOWLING HALL MED PRACTICE,14867.5,15938.92,1.0720645703716158
B83042,ROOLEY LANE MED. CENTRE,8672.75,9697.6,1.1181689775446082
B83045,HOLLYNS HEALTH & WELLBEING,12650.25,13124.77,1.0375107211319934
B83051,BRADFORD STUDENT HEALTH SERVICE,11037.25,8279.25,0.7501189154907246
B83052,KENSINGTON PARTNERSHIP,24591.5,23324.2,0.9484659333509546
B83054,HAIGH HALL MEDICAL PRACTICE,6329.5,6066.96,0.9585212102061774
B83055,THE RIDGE MEDICAL PRACT.,32230.25,30319.67,0.9407209066017173
B83056,MOORSIDE SURGERY,8350.0,8778.03,1.0512610778443114
B83058,THE AVICENNA MEDICAL PRACTICE,8768.5,7940.82,0.9056075725608713
B83062,ASHCROFT SURGERY,8930.25,8494.84,0.9512432462697014
B83063,SHIPLEY MEDICAL PRACTICE-AFFINITY CARE,20058.25,19534.52,0.9738895466952501
B83064,THE ROCKWELL AND WROSE PRACTICE,11507.0,11112.61,0.9657260797775268
B83067,THE SPRINGFIELD SURGERY (BINGLEY),7772.0,8229.37,1.0588484302624808
B83604,THE LISTER SURGERY,4533.0,4207.37,0.9281645709243327
B83611,NEW OTLEY ROAD MEDICAL PRACTICE,11657.25,10973.08,0.9413094855133072
B83614,PICTON MEDICAL CENTRE,9779.75,8713.3,0.8909532452261049
B83620,ADDINGHAM SURGERY,3451.0,4359.75,1.2633294697189221
B83621,DR A AZAM & PARTNERS,3311.25,3080.92,0.9304401661004152
B83622,DR IA GILKAR & PARTNERS,4226.75,3723.8,0.8810078665641451
B83624,I G MEDICAL,17139.25,18385.19,1.0726951296001865
B83626,VALLEY VIEW SURGERY,6484.5,5988.73,0.9235453774385072
B83627,FRIZINGHALL MEDICAL CENTRE,3660.0,3187.14,0.8708032786885246
B83628,CLARENDON MEDICAL CENTRE,9979.25,8995.64,0.901434476538818
B83629,PEEL PARK SURGERY,3172.0,3064.76,0.9661916771752838
B83641,ASHWELL MEDICAL CENTRE,9749.25,9056.01,0.9288929917685976
B83642,THE CITY MEDICAL PRACTICE,4426.75,4159.82,0.9397006833455694
B83653,DR GILKAR,7740.25,7106.79,0.9181602661412746
B83657,BEVAN COMMUNITY BENEFIT SOCIETY,5977.25,4802.37,0.803441381906395
B83659,PARK GRANGE MEDICAL CENTRE,3870.75,3526.41,0.9110404960279015
B83660,BILTON MEDICAL CENTRE,6142.5,5629.29,0.9164493284493285
B83661,MOOR PARK MEDICAL PRACTICE,2972.25,2785.33,0.9371116157792918
B84001,STATION ROAD SURGERY,10260.25,9456.93,0.921705611461709
B84003,RYDINGS HALL SURGERY,7893.0,7852.06,0.9948131255542887
B84004,HEBDEN BRIDGE GROUP PRACTICE,18528.5,20751.09,1.1199552041449659
B84006,TODMORDEN GROUP PRACTICE,16185.0,18999.87,1.1739184430027803
B84007,BRIG ROYD SURGERY,10676.25,11200.18,1.0490743472661281
B84008,THE NORTHOLME PRACTICE,16023.5,16133.77,1.0068817674041253
B84009,STAINLAND ROAD MEDICAL CENTRE,11571.25,11420.25,0.9869504159014799
B84010,KEIGHLEY ROAD SURGERY,10430.0,10574.81,1.0138839884947266
B84011,CHURCH LANE SURGERY,11122.25,11487.11,1.032804513475241
B84012,SPRING HALL GROUP PRACTICE,28811.75,28409.97,0.986054994923946
B84013,PLANE TREES GROUP PRACTICE,9136.0,10008.94,1.0955494746059544
B84014,RASTRICK HEALTH CENTRE,5283.5,5952.06,1.1265373332071544
B84016,BANKFIELD SURGERY,11251.5,11420.06,1.0149811136292939
B84019,THE BOULEVARD MEDICAL PRACTICE,16965.0,15980.77,0.941984674329502
B84021,KING CROSS PRACTICE,8817.25,8969.52,1.017269556834614
B84612,LISTER LANE SURGERY,8983.25,8752.31,0.9742921548437369
B84613,BEECHWOOD MEDICAL CENTRE,10096.0,9962.17,0.9867442551505546
B84618,CARITAS GROUP PRACTICE,8470.5,8702.37,1.027373826810696
B84623,LONGROYDE SURGERY,4983.75,4788.09,0.9607404063205418
B85001,PARKVIEW SURGERY,6925.75,7048.75,1.0177598094069233
B85002,DEARNE VALLEY HEALTH CENTRE,4536.25,4448.3,0.9806117387710114
B85004,CALDER VIEW SURGERY,6099.75,6284.49,1.0302864871511128
B85005,SHEPLEY PRIMARY CARE LIMITED,6779.0,6991.79,1.0313895854845847
B85006,ELMWOOD FAMILY DOCTORS,15355.5,15942.05,1.038198039790303
B85008,BATLEY HEALTH CENTRE SURGERY,6192.5,5958.36,0.9621897456600726
B85009,"NORTH ROAD SUITE,RAVENSTHORPE HEALTH CTR",8666.0,8948.25,1.0325698130625434
B85010,DALTON SURGERY,6917.5,7166.32,1.0359696422117817
B85012,UNDERCLIFFE SURGERY,10807.75,10612.37,0.9819222317318591
B85014,BROOKROYD HOUSE,9474.25,9981.57,1.0535472464838904
B85015,WELLINGTON HOUSE,8704.25,9083.58,1.0435798604130166
B85016,MELTHAM ROAD SURGERY,10478.5,9929.63,0.9476194111752636
B85018,GROVE HOUSE SURGERY,9301.75,9120.47,0.9805111941301368
B85019,MIRFIELD HEALTH CENTRE,17284.0,18013.14,1.0421858366118955
B85020,EIGHTLANDS SURGERY,6690.0,6694.89,1.000730941704036
B85021,CLECKHEATON GROUP PRACTICE,8996.5,9381.84,1.042832212527094
B85022,HONLEY SURGERY,7863.5,8364.15,1.0636675780504863
B85023,THE ALMONDBURY SURGERY,6293.75,6576.32,1.044896921549156
B85024,THE WATERLOO PRACTICE,9440.75,9802.89,1.0383592405264412
B85025,BLACKBURN RD.MEDICAL CTR.,12201.5,12152.09,0.9959504978896038
B85026,KIRKBURTON HEALTH CENTRE,8016.75,8048.1,1.0039105622602675
B85027,LINDLEY GROUP PRACTICE LTD,10519.0,9824.75,0.9340003802642837
B85028,THE GRANGE MEDICAL PRACTICE,16982.5,17316.23,1.0196514058589725
B85030,THE GREENWAY MEDICAL PRACTICE,9404.25,9341.51,0.9933285482627535
B85031,LEPTON AND KIRKHEATON SURGERIES,6914.75,7619.65,1.1019415018619616
B85032,MELTHAM GROUP PRACTICE,5979.25,5869.65,0.981669941882343
B85033,THE LINDLEY VILLAGE SURG.,5538.0,5071.84,0.9158252076561936
B85036,NEW STREET & NETHERTON GROUP PRACTICE,8360.75,8577.81,1.0259617857249648
B85037,NEWSOME SURGERY LIMITED,5823.5,5992.94,1.0290959045247703
B85038,THE PADDOCK SURGERY,5884.75,6387.41,1.0854173924125918
B85041,MOUNT PLEASANT MED CENTRE,15802.75,13995.15,0.8856148455173941
B85042,PADDOCK AND LONGWOOD FAMILY PRACTICE,8997.75,8632.41,0.9593965157956156
B85044,THORNTON LODGE SURGERY,3044.25,2505.59,0.8230565820809723
B85048,WOODHOUSE HILL SURGERY,4481.0,4315.35,0.9630328051774159
B85051,FIELDHEAD SURGERY,7456.75,7076.71,0.9490340966238643
B85054,COLNE VALLEY GROUP PRACTICE,10005.75,11213.45,1.120700597156635
B85055,HEALDS ROAD SURGERY,12621.75,10970.49,0.8691734505912413
B85058,ROSE MEDICAL PRACTICE,3022.25,2954.27,0.9775068243858053
B85059,SLAITHWAITE HEALTH CENTRE,8168.5,8259.09,1.0110901634326988
B85060,GREENHEAD FAMILY DOCTORS,2466.75,2815.21,1.1412627951758387
B85061,SKELMANTHORPE FAMILY DOCTORS,9534.0,9829.91,1.0310373400461506
B85062,UNIVERSITY HEALTH CENTRE,14797.75,9431.99,0.6373935226639185
B85606,THORNHILL LEES MEDICAL CENTRE,4649.75,4524.29,0.9730179041883972
B85610,OAKLANDS HEALTH CENTRE,10779.0,10294.51,0.9550524167362464
B85611,DR HANDA & PARTNER,3757.75,3653.5,0.9722573348413279
B85612,LIVERSEDGE MEDICAL CENTRE,4426.0,4290.25,0.9693289652056033
B85614,CROFT MEDICAL CENTRE,6857.25,6060.08,0.8837478581063838
B85619,COOK LANE SURGERY,3127.5,2837.62,0.907312549960032
B85620,WINDSOR MEDICAL CENTRE,2737.75,2915.3,1.0648525248835723
B85623,MARSH SURGERY,3436.0,3408.72,0.9920605355064027
B85634,BIRKBY HEALTH CENTRE,3678.75,3228.54,0.8776187563710499
B85636,WESTBOURNE SURGERY,4262.5,4578.09,1.0740387096774193
B85640,KIRKGATE SURGERY,3509.5,3492.97,0.9952899273400769
B85641,LOCKWOOD SURGERY,4449.0,4643.34,1.0436817262306137
B85645,SAVILE TOWN MEDICAL CTR.,2487.0,2085.76,0.8386650583031766
B85646,THE ALBION MOUNT MEDICAL PRACTICE,6311.0,6432.71,1.019285374742513
B85650,DR MAHMOOD & PARTNERS,4990.75,4263.16,0.8542122927415718
B85652,SIDINGS HEALTHCARE CENTRE,7703.0,6668.84,0.865745813319486
B85655,CHERRY TREE SURGERY,2691.75,2628.91,0.9766545927370669
B85659,THE WHITEHOUSE CENTRE,1914.75,1366.44,0.713638856247552
B85660,THE JUNCTION SURGERY,6636.25,6622.34,0.9979039367112451
B86002,CITY VIEW MEDICAL PRACTICE,15387.0,16010.58,1.0405264184051473
B86003,DR G LEES & PARTNERS,17187.75,15602.56,0.9077721051330162
B86004,HIGHFIELD SURGERY,8433.25,8090.87,0.9594011798535559
B86005,DR N DUMPHY & PARTNERS,5635.5,5835.92,1.0355638363942863
B86006,OULTON MEDICAL CENTRE,15235.0,15699.19,1.0304686576960946
B86007,WINDMILL HEALTH CENTRE,9058.75,9440.71,1.0421647578308264
B86008,ALWOODLEY MEDICAL CENTRE,19344.75,18335.71,0.9478390777859625
B86009,MANSTON SURGERY,8197.75,8879.66,1.0831825805861364
B86010,COLLINGHAM CHURCH VIEW SURGERY,9906.0,10728.92,1.0830728851201292
B86011,HILLFOOT SURGERY,9907.0,8910.33,0.899397395780761
B86012,LEEDS CITY MEDICAL PRACTICE,19423.0,19925.99,1.0258966174123463
B86013,THE NORTH LEEDS MEDICAL PRACTICE,20647.75,18556.86,0.8987352132798974
B86014,ROBIN LANE HEALTH AND WELLBEING CENTRE,13453.0,12870.7,0.9567159741321639
B86015,MANOR PARK SURGERY,14052.75,13731.32,0.9771268968707192
B86016,SHAFTESBURY MEDICAL CTR.,18319.25,19579.46,1.068791571707357
B86017,CRAVEN ROAD MEDICAL PRACTICE,16764.25,14861.99,0.8865287740280656
B86018,MULBERRY STREET MEDICAL PRACTICE,7663.75,7659.67,0.9994676235524385
B86019,DIAMOND MEDICAL GROUP,20015.0,19207.9,0.9596752435673246
B86020,LOFTHOUSE SURGERY,11175.5,11766.04,1.052842378417073
B86022,OAKWOOD LANE MEDICAL PRACTICE,14187.25,14136.12,0.9963960598424643
B86024,PRIORY VIEW MEDICAL CENTRE,9303.25,10175.62,1.0937704565608795
B86025,HYDE PARK SURGERY,10675.75,8263.13,0.7740093201882771
B86028,SOUTH QUEEN MEDICAL CENTRE,5197.5,4858.1,0.9346993746993748
B86029,WESTGATE SURGERY,5730.25,5634.38,0.9832694908599101
B86030,BURTON CROFT SURGERY,11406.0,10253.31,0.8989400315623356
B86032,CHEVIN MEDICAL PRACTICE,18855.25,19753.13,1.047619628485435
B86033,CROSSLEY STREET SURGERY,11884.0,12746.13,1.072545439246045
B86034,SPA SURGERY,6810.25,6876.04,1.0096604383099006
B86035,SOUTH BANK SURGERY,9394.25,10492.41,1.1168970380818053
B86036,GIBSON LANE PRACTICE,11219.25,12196.4,1.087095839739733
B86038,GUISELEY AND YEADON MEDICAL PRACTICE,11110.5,10699.35,0.9629944646955583
B86039,ALLERTON MEDICAL CENTRE,9636.0,9629.31,0.9993057285180572
B86041,VESPER ROAD,7937.75,7254.57,0.9139327895184404
B86042,LINGWELL CROFT SURGERY,15694.5,15574.46,0.9923514607027939
B86043,EAST PARK MEDICAL CENTRE,10136.5,10738.84,1.059422877719134
B86044,"DR S HUTCHINSON & PARTNERS, IW&H M PRAC",28310.0,25972.56,0.9174341222182975
B86048,GARFORTH MEDICAL CENTRE,14529.75,15413.99,1.0608572067654296
B86049,WOODHOUSE MEDICAL PRACTICE,10254.25,9529.23,0.9292956578979447
B86050,WEST LODGE SURGERY,20498.25,19435.26,0.9481424024002049
B86051,AIRE VALLEY SURGERY,14933.75,14230.91,0.9529361345944588
B86052,PARK ROAD & MENSTON,11765.5,12058.76,1.0249254175343165
B86054,THE GARDEN SURGERY,6314.5,7168.03,1.1351698471771319
B86055,ASHFIELD MEDICAL CENTRE,6445.5,7127.32,1.1057823287564967
B86057,WINDSOR HOUSE GROUP PRACTICE,19590.25,18927.15,0.9661515294598079
B86058,DR KW MCGECHAEN & PARTNER,0.0,0.0,
B86059,MEANWOOD HEALTH CENTRE,16121.5,14390.31,0.8926160717054864
B86060,THORNTON MEDICAL CENTRE,10883.75,11310.69,1.0392272883886529
B86061,HAREHILLS CORNER SURGERY,5330.0,4712.17,0.8840844277673546
B86062,THE MEDICAL CENTRE,8321.75,9560.54,1.148861717787725
B86064,LEIGH VIEW MEDICAL PRACTICE,16778.25,16560.92,0.9870469208648099
B86066,THE STREET LANE PRACTICE,14329.25,13086.05,0.9132403998813615
B86067,THE DEKEYSER GROUP PRACTICE,16999.0,16063.56,0.9449708806400376
B86068,ABBEY GRANGE MEDICAL PRACTICE,7791.75,7803.45,1.0015015882183078
B86069,BURLEY PARK MEDICAL CENTRE,14202.75,11700.0,0.823784126313566
B86070,AIREBOROUGH FAMILY PRACTICE,4592.25,4729.41,1.0298677119059285
B86071,WHITEHALL SURGERY,8596.5,8317.7,0.9675681963589834
B86075,DR T P FOX & PARTNERS,13168.25,13854.44,1.0521094298786855
B86081,BELLBROOKE SURGERY,15047.0,14570.76,0.9683498371768459
B86086,LAUREL BANK SURGERY,7482.75,6006.41,0.8027008786876483
B86089,NOVA SCOTIA MEDICAL CNTR,5958.25,5951.05,0.9987915914907901
B86092,KIPPAX HALL SURGERY,6781.5,6884.15,1.0151367691513677
B86093,PARK EDGE PRACTICE,5821.75,6265.77,1.0762691630523469
B86094,DR S M CHEN & PARTNER,4919.25,4623.27,0.9398322915078519
B86096,ARTHINGTON MEDICAL CENTRE,5623.25,6128.56,1.0898608455964078
B86100,ST MARTINS PRACTICE,7791.25,7937.46,1.018765923311407
B86101,GILDERSOME HEALTH CENTRE,3475.75,3530.61,1.015783643817881
B86103,CONWAY MEDICAL CENTRE,4579.5,4222.75,0.9220984823670706
B86104,BRAMLEY VILLAGE HEALTH & WELLBEING CTR,16879.5,15627.73,0.925840812820285
B86106,FOUNDRY LANE SURGERY,7584.25,7532.5,0.9931766489764974
B86108,CHAPELTOWN FAMILY SURGERY,6420.0,6113.14,0.9522024922118381
B86109,KIRKSTALL LANE MEDICAL CENTRE,7760.0,6179.88,0.7963762886597938
B86110,LEEDS STUDENT MEDICAL PRACTICE,42830.25,33462.75,0.7812877580681878
B86623,ASHTON VIEW MEDICAL CTR,5332.5,4548.2,0.8529207688701359
B86625,WETHERBY SURGERY,1.0,0.91,0.91
B86642,DR S HUSSAIN,3063.5,3164.79,1.0330634894728252
B86643,THE ROUNDHAY ROAD SURGERY,3750.0,3360.79,0.8962106666666667
B86648,FAMILY DOCTORS,2404.5,2679.43,1.1143397795799541
B86655,BEECH TREE MEDICAL CENTRE,2051.5,2019.27,0.984289544235925
B86658,MOORFIELD HOUSE SURGERY,10814.5,11580.45,1.0708262055573536
B86666,NEWTON SURGERY,5484.5,5117.47,0.9330786762694868
B86667,BEESTON VILLAGE SURGERY,8039.25,7917.15,0.9848120160462729
B86669,YORK STREET HEALTH PRACTICE,2812.25,2118.76,0.753403858120722
B86672,HAWTHORN SURGERY,6759.25,6508.73,0.9629367163516662
B86673,WETHERBY & BRAMHAM SURGERY,7364.5,7690.53,1.0442704867947585
B86675,LINCOLN GREEN MEDICAL CENTRE,4712.75,4692.3,0.9956607076547663
B86678,DRIGHLINGTON MEDICAL CENTRE,2874.25,3009.39,1.0470174828216057
B87001,MIDDLESTOWN,9640.25,10080.71,1.0456896864707865
B87002,ORCHARD CROFT,10804.0,11230.39,1.039465938541281
B87003,COLLEGE LANE SURGERY,10883.5,12770.78,1.1734074516469886
B87004,WARRENGATE MEDICAL CENTRE,11560.0,12015.76,1.0394256055363322
B87005,RIVERSIDE MEDICAL CENTRE,11574.0,13145.08,1.1357421807499568
B87006,PARK GREEN SURGERY,10885.5,13130.56,1.206243167516421
B87007,NORTHGATE SURGERY,15298.25,16781.76,1.0969725295376922
B87008,LUPSET HEALTH CENTRE,13563.5,14374.66,1.0598046227006304
B87009,ST THOMAS ROAD SURGERY,6291.5,7548.54,1.1997997297941667
B87011,FRIARWOOD SURGERY,13284.0,15001.2,1.129268292682927
B87012,MAYBUSH MEDICAL CENTRE,9663.25,10031.43,1.0381010529583732
B87013,OUTWOOD PARK MEDICAL CENTRE,14276.75,14947.2,1.0469609680074248
B87015,STUART ROAD,7722.5,8549.6,1.1071026222078344
B87016,WHITE ROSE SURGERY,24407.0,29004.82,1.1883812021141476
B87017,TRINITY MEDICAL CENTRE,27728.75,28818.12,1.0392866609565883
B87018,HENRY MOORE CLINIC,11496.75,12606.22,1.0965029247396003
B87019,STANLEY,7284.0,7439.22,1.0213097199341021
B87020,CHAPELTHORPE,13707.0,14532.73,1.0602414824542203
B87021,ASH GROVE,12803.5,14720.31,1.1497098449642675
B87022,HOMESTEAD,8910.5,8348.0,0.93687222939229
B87025,CASTLEFORD MEDICAL PRACTICE,8300.25,9347.49,1.1261696936839252
B87026,THE GRANGE MEDICAL CENTRE,14622.5,18460.38,1.2624640109420415
B87027,NEW SOUTHGATE SURGERY,13988.0,14821.86,1.059612525021447
B87028,CROFTON AND SHARLSTON MED PRAC,10963.75,12147.67,1.107984950404743
B87030,HEALTH CARE FIRST PARTNERSHIP,30775.25,34105.97,1.108227228048513
B87031,OSSETT SURGERY,21974.0,22377.28,1.0183525985255302
B87032,STATION LANE,8050.0,8978.73,1.1153701863354037
B87033,NEWLAND SURGERY,5325.25,6153.87,1.1556020844091826
B87036,LANGTHWAITE SURGERY,4175.25,4955.61,1.1869013831507094
B87039,KING'S MEDICAL PRACTICE,15094.0,15677.27,1.0386425069564065
B87042,TIEVE TARA,5604.5,5818.69,1.038217503791596
B87044,ALVERTHORPE,2440.5,2658.21,1.0892071296865398
B87602,PATIENCE LANE SURGERY,3387.0,3701.14,1.0927487452022437
B87604,EASTMOOR HEALTH CENTRE,2740.25,2833.54,1.0340443390201624
C81001,SPRINGS HEALTH CENTRE,11449.5,13363.05,1.167129568976811
C81002,THE VALLEYS MEDICAL PARTNERSHIP,12371.25,13272.61,1.072859250277862
C81003,SETT VALLEY MEDICAL CENTRE,10058.75,10599.43,1.053752205790978
C81004,IVY GROVE SURGERY,10320.75,10810.18,1.0474219412348909
C81005,JESSOP MEDICAL PRACTICE,16876.5,18188.24,1.0777258317779161
C81006,HORIZON HEALTHCARE,25006.0,25897.31,1.0356438454770855
C81007,VERNON STREET MEDICAL CTR,11805.0,10806.61,0.9154265141889031
C81008,ROYAL PRIMARY CARE CLAY CROSS,9749.0,11082.81,1.1368150579546619
C81009,WILSON STREET SURGERY,21442.25,21460.59,1.0008553206869615
C81010,THE MOIR MEDICAL CENTRE,13605.5,13437.18,0.9876285325787365
C81012,THE SURGERY AT WHEATBRIDGE,15925.75,16519.34,1.037272341961917
C81013,BASLOW HEALTH CENTRE,4670.5,5393.95,1.1548977625521892
C81014,DERWENT VALLEY MEDICAL PRACTICE,11805.25,12187.35,1.0323669553800217
C81015,NEWBOLD SURGERY,12092.5,13574.92,1.1225900351457514
C81016,PEAK & DALES MEDICAL PARTNERSHIP,8725.5,10566.54,1.2109953584321815
C81017,ARTHUR MEDICAL CENTRE,9093.25,9281.98,1.0207549555989333
C81018,DOVE RIVER,8992.25,9550.41,1.0620712280018905
C81020,NEWHALL SURGERY,10888.5,11718.84,1.07625843780135
C81021,OLD STATION SURGERY,15061.75,15143.81,1.0054482380865437
C81022,SOUTH STREET SURGERY,4084.0,4337.05,1.0619613124387854
C81023,THE AITUNE MEDICAL PRACTICE,7983.0,8099.34,1.0145734686208192
C81025,DRONFIELD MEDICAL PRACTICE,10351.5,10370.5,1.0018354827802733
C81026,ADAM HOUSE MEDICAL CENTRE,6474.0,6652.48,1.027568736484399
C81027,SOMERCOTES MEDICAL CENTRE,8035.5,8696.07,1.0822064588389024
C81028,IMPERIAL ROAD SURGERY,7318.25,8497.37,1.1611204864550952
C81029,STAFFA HEALTH,17258.0,20117.55,1.16569417081933
C81030,CREDAS MEDICAL,8920.5,10866.03,1.2180965192534052
C81031,PARK SURGERY,9295.25,9418.57,1.0132669912051855
C81032,SWADLINCOTE SURGERY,13877.5,14470.39,1.042723112952621
C81033,SHIRES HEALTHCARE,16167.5,18852.04,1.1660454615741458
C81034,STEWART MEDICAL CENTRE,11101.25,12065.6,1.0868685958788424
C81035,VILLAGE SURGERY,12069.5,12515.02,1.036912879572476
C81036,FRIAR GATE SURGERY,5162.75,5065.27,0.9811185898987943
C81037,CLIFTON ROAD,10441.0,11397.14,1.0915755195862464
C81038,WHITEMOOR MEDICAL CENTRE,12504.0,12210.07,0.9764931222008957
C81039,EYAM SURGERY,3611.0,4132.79,1.144500138465799
C81040,PARK LANE SURGERY,8062.75,7779.1,0.9648196955133175
C81041,WELBECK ROAD HEALTH CENTRE,11815.25,13694.06,1.1590156788895707
C81042,MICKLEOVER MEDICAL CENTRE,13083.0,11584.42,0.885455935183062
C81044,WHITTINGTON MOOR SURGERY,8545.0,9785.09,1.145124634289058
C81045,ROYAL PRIMARY CARE CHESTERFIELD WEST,13218.75,14231.24,1.076594988179669
C81046,WEST HALLAM MEDICAL CTR,4703.0,4881.91,1.0380416755262598
C81047,ALVASTON MEDICAL CENTRE,11913.75,13473.19,1.1308941349281294
C81048,APPLETREE MEDICAL PRACTICE,11110.0,11134.81,1.0022331233123312
C81049,KELVINGROVE MEDICAL CENTRE,9731.75,9867.11,1.013909111927454
C81050,THE VILLAGE SURGERY,9487.25,10156.65,1.0705578539618963
C81051,THE PARK MEDICAL PRACTICE,27590.0,25980.75,0.9416727075027184
C81052,ROYAL PRIMARY CARE BROOKLYN,7251.5,7611.31,1.0496186995793975
C81053,PARKSIDE SURGERY,10773.75,11788.91,1.0942253161619677
C81054,HOLLYBROOK MEDICAL CENTRE,35174.0,33187.64,0.9435276056177858
C81055,NORTH WINGFIELD MEDICAL CENTRE,4707.0,5205.71,1.10595071170597
C81056,CLAY CROSS MEDICAL CENTRE,6587.0,7506.29,1.1395612570214058
C81057,WILLINGTON SURGERY,10392.75,10627.15,1.0225541844073993
C81058,THE BRIMINGTON SURGERY,8813.0,9718.46,1.1027414047429933
C81059,RIPLEY MEDICAL CENTRE,6181.0,6193.55,1.0020304157903253
C81060,WOODVILLE SURGERY,10839.0,10804.13,0.9967829135529107
C81061,LITTLEWICK MEDICAL CENTRE,18054.25,18103.89,1.00274949111705
C81062,HANNAGE BROOK MEDICAL CTR,9013.75,10362.19,1.1495981139925115
C81063,THORNBROOK SURGERY,9552.0,10033.52,1.0504103852596316
C81064,PARK FARM MEDICAL CENTRE,12685.25,12261.52,0.966596637827398
C81065,BUXTON MEDICAL PRACTICE,9043.75,9391.2,1.038418797512094
C81066,OVERDALE MEDICAL PRACTICE,11917.0,12714.0,1.0668792481329195
C81067,CHATSWORTH ROAD MEDICAL CENTRE,9712.0,10196.21,1.049856878088962
C81068,CHAPEL STREET MEDICAL CENTRE,12409.25,12349.47,0.9951826258637709
C81069,RIVERSDALE SURGERY,13502.75,13851.0,1.0257910425654033
C81070,OAKHILL MEDICAL PRACTICE,3933.75,4314.26,1.096729583730537
C81071,OSMASTON SURGERY,13011.75,13493.82,1.0370488212577094
C81072,LISTER HOUSE SURGERY,30546.5,29296.01,0.9590627404121584
C81073,MACKLIN STREET SURGERY,12648.25,12895.52,1.0195497400826201
C81074,ELMWOOD MEDICAL CENTRE,5757.5,5942.04,1.0320521059487624
C81075,BRAILSFORD MEDICAL CENTRE,5197.25,5657.07,1.088473712059262
C81077,HOWARD STREET MEDICAL PRACTICE,1789.75,1811.92,1.0123872049168878
C81080,GOYT VALLEY MEDICAL PRACTICE,8201.5,8630.8,1.052344083399378
C81081,MANOR HOUSE SURGERY,18570.25,18608.68,1.002069439022092
C81082,HARTINGTON SURGERY,3373.0,4126.0,1.2232434034983695
C81083,WEST PARK SURGERY,16822.75,15480.81,0.9202306400558767
C81084,INSPIRE HEALTH - AVENUE HOUSE SURGERY,20601.75,21740.68,1.055283167692065
C81086,THE SURGERY,8146.0,8776.67,1.0774208200343727
C81087,HAVEN MEDICAL CENTRE,0.0,0.0,
C81089,STUBLEY MEDICAL CENTRE,6121.25,6384.28,1.0429699816214009
C81091,KILLAMARSH MEDICAL PRACTICE,8508.75,8102.82,0.9522926399294843
C81092,EVELYN MEDICAL CENTRE,5676.5,6755.9,1.1901523826301417
C81094,CRICH MEDICAL PRACTICE,8029.0,9119.28,1.1357927512766224
C81095,EMMETT CARR SURGERY,4953.0,5239.32,1.0578073894609328
C81096,CRAG'S HEALTH CARE,5719.0,7331.74,1.2819968525966077
C81097,COLLEGE STREET MEDICAL PRACTICE,6203.75,5831.86,0.9400539995970179
C81099,LIMES MEDICAL CENTRE,10774.5,12346.71,1.1459195322288735
C81101,LIME GROVE MEDICAL CENTRE,8349.5,9190.29,1.100699443080424
C81106,LAMBGATES HEALTH CENTRE,7203.5,7246.55,1.0059762615395293
C81108,MELBOURNE & CHELLASTON MEDICAL PRACTICE,15516.25,14980.59,0.9654774832836542
C81110,WELLBROOK MEDICAL CENTRE,11920.0,10409.78,0.8733036912751678
C81113,MICKLEOVER SURGERY,6454.75,5655.25,0.8761377280297455
C81114,GRESLEYDALE HEALTHCARE CENTRE,13412.0,13274.5,0.9897479868774232
C81115,GLADSTONE HOUSE SURGERY,5086.0,5407.21,1.0631557215886749
C81118,DERBY FAMILY MEDICAL CENTRE,8413.0,8216.02,0.9765862355877809
C81604,EDEN SURGERY,4520.75,4600.83,1.0177138749101367
C81611,MATLOCK AND ASHOVER PRACTICE,2464.5,2872.9,1.1657131263948062
C81615,COTTAGE LANE SURGERY,2283.5,2499.81,1.094727392161156
C81616,PEARTREE MEDICAL CENTRE,5349.5,5491.48,1.0265407982054398
C81634,ARDEN HOUSE MEDICAL PRACTICE,4616.0,4649.79,1.007320190641248
C81638,CASTLE STREET MEDICAL CENTRE,3911.25,4551.14,1.1636024288910196
C81640,SIMMONDLEY MEDICAL PRACTICE,3764.5,3409.35,0.9056581219285429
C81647,ST LAWRENCE ROAD SURGERY,4189.0,4832.31,1.1535712580568156
C81649,CALOW AND BRIMINGTON PRACTICE,7824.25,8600.42,1.0992005623542194
C81652,DERWENT MEDICAL CENTRE,4954.75,4584.39,0.9252515263131339
C81653,BROOK MEDICAL CENTRE,4550.25,4084.02,0.8975374979396736
C81655,FAMILY FRIENDLY SURGERY,3714.25,4626.92,1.2457212088577776
C81658,WINGERWORTH MEDICAL CTR,7556.5,7867.8,1.0411963210481043
C81661,BLACKWELL MEDICAL CENTRE,0.0,0.0,
C81662,BARLBOROUGH MEDICAL PRACTICE,8414.25,9585.07,1.139147279912054
C82001,SOUTH LEICESTERSHIRE MEDICAL GROUP,25213.0,25039.21,0.9931071272756118
C82002,COUNTESTHORPE HEALTH CENTRE,10995.75,10694.06,0.9725630357183457
C82003,GREENGATE MEDICAL CENTRE,11613.5,10409.12,0.8962948292934947
C82005,GROBY ROAD MEDICAL CENTRE (ID PATCHETT),11129.25,10448.5,0.9388323561785386
C82007,CASTLE DONINGTON SURGERY,10591.0,11150.39,1.0528174865451798
C82008,OAKMEADOW SURGERY (GJ INGRAMS),8543.25,8536.06,0.9991583999063588
C82009,MARKET HARBOROUGH MED.CTR,29152.25,28732.22,0.9855918496857018
C82010,OAKHAM MEDICAL PRACTICE,15024.25,15058.0,1.0022463683711333
C82011,PINFOLD MEDICAL PRACTICE,12464.5,11934.41,0.9574720205383288
C82012,IBSTOCK & BARLESTONE SURGERIES,11826.75,12654.89,1.070022618217177
C82013,BUSHLOE SURGERY,13158.75,12560.51,0.9545367151135177
C82014,CASTLE MEDICAL GROUP,18094.5,18083.15,0.9993727375721905
C82016,LONG CLAWSON MEDICAL PRACTICE,10948.25,12486.23,1.140477245221839
C82017,MEASHAM MEDICAL UNIT,15696.5,16761.76,1.0678660847959736
C82018,MANOR PARK MEDICAL PRACTICE,14020.0,13957.73,0.995558487874465
C82019,STURDEE ROAD HEALTH AND WELLBEING CENTRE,5939.25,5793.5,0.975459864461001
C82020,DE MONTFORT SURGERY,20784.0,14969.79,0.7202554849884527
C82021,THE CENTRAL SURGERY,7813.75,7011.45,0.897322028475444
C82022,THE BILLESDON SURGERY,7305.25,7782.08,1.0652722357208857
C82024,SPINNEY HILL MEDICAL CENTRE,20498.75,20075.98,0.9793758155985121
C82025,THE WYCLIFFE MEDICAL PRACTICE,10831.0,10567.3,0.9756532176161019
C82026,BRIDGE STREET MEDICAL PRACTICE,8197.5,8122.41,0.99083989021043
C82027,THE OLD SCHOOL SURGERY,7618.0,7477.64,0.9815752165922815
C82028,MARKFIELD MEDICAL CENTRE,7236.75,8016.43,1.1077389712232701
C82029,WILLOWBROOK MEDICAL CENTRE (JG ASTLES),0.0,0.0,
C82030,DOWNING DRIVE SURGERY,6862.75,7007.33,1.0210673563804598
C82031,JOHNSON MEDICAL PRACTICE,14905.5,12832.72,0.8609385797188956
C82032,THE ANSTEY SURGERY,7461.75,7381.33,0.9892223674071096
C82033,HUMBERSTONE MEDICAL CENTRE (IP JONES),11686.5,10587.97,0.9060000855688186
C82034,QUORN MEDICAL CENTRE,9767.5,9505.98,0.9732254927054005
C82035,PARK VIEW SURGERY,8014.5,7770.97,0.9696138249422921
C82037,EAST PARK MEDICAL CENTRE (RP PANDYA),10520.25,10822.44,1.0287246025522208
C82038,LATHAM HOUSE MEDICAL PRACTICE,36947.25,35660.1,0.9651624951789375
C82039,KINGSWAY SURGERY,10958.25,9712.43,0.8863121392558119
C82040,ORCHARD SURGERY,9108.75,9062.54,0.9949268560450117
C82041,CHARNWOOD MEDICAL GROUP,12758.0,11794.01,0.9244403511522182
C82042,THE COUNTY PRACTICE,12662.0,12220.59,0.9651389985784237
C82043,STATION VIEW HEALTH CENTRE,11190.0,11014.19,0.9842886505808758
C82044,EMPINGHAM MEDICAL CENTRE,9514.25,9811.59,1.0312520692645242
C82045,WHITWICK ROAD SURGERY,8057.5,7801.16,0.968186161960906
C82046,SAFFRON GROUP PRACTICE,17453.25,16888.85,0.9676621832609972
C82047,MAPLES FAMILY MED.PRACT.,10689.5,10183.87,0.9526984423967445
C82048,ROSEMEAD DRIVE SURGERY,4781.25,4471.7,0.9352575163398692
C82050,LONG LANE SURGERY,14085.5,14292.26,1.014678925135778
C82051,NEWBOLD VERDON MED.PRACT.,11890.0,12913.28,1.086062237174096
C82052,DR AM LEWIS' PRACTICE,3781.0,3895.88,1.030383496429516
C82053,HOCKLEY FARM MED PRACT (A NANA),11164.25,11034.52,0.9883798732561525
C82054,THE BURBAGE SURGERY,12088.75,12032.69,0.9953626305449281
C82055,THE LIMES MEDICAL CENTRE,14479.25,13946.89,0.9632329022566776
C82056,THE GLENFIELD SURGERY,14034.75,13356.78,0.9516934751242452
C82059,WESTCOTES GP SURGERY (ONE),1877.0,1614.4,0.8600958977091103
C82060,THE PRACTICE-SAYEED,4226.5,3623.76,0.857390275641784
C82061,BARWELL & HOLLYCROFT MEDICAL CENTRES,14812.5,14006.36,0.9455770464135022
C82062,BARROW HEALTH CENTRE,8920.25,8643.45,0.9689694795549453
C82063,EAST LEICESTER MED PRACT(S LONGWORTH),12567.0,11593.55,0.9225391899419113
C82064,FOREST HOUSE SURGERY,12322.75,12224.57,0.992032622588302
C82066,WARREN LANE SURGERY,16804.5,14796.58,0.8805129578386741
C82067,THE CROFT MEDICAL CENTRE,8883.25,7782.49,0.8760858919877297
C82068,NORTHFIELD MEDICAL CENTRE,12390.0,12127.07,0.9787788539144471
C82070,WOODBROOK MEDICAL CENTRE,10722.0,10197.54,0.9510856183547847
C82071,WIGSTON CENTRAL SURGERY,13925.5,12986.65,0.9325805177551972
C82072,BROOM LEYS SURGERY,8460.0,8602.09,1.0167955082742317
C82073,MERRIDALE MEDICAL CENTRE (RP TEW),14831.5,13842.96,0.9333486161210935
C82075,CASTLE MEAD MEDICAL CENTRE,10771.25,10754.93,0.9984848555181618
C82076,THE WELBY PRACTICE,6982.25,7861.01,1.1258562784202801
C82077,THE UPPINGHAM SURGERY,12809.0,14206.25,1.109083456944336
C82078,THE JUBILEE MEDICAL PRACTICE,12135.75,11692.36,0.9634641451908618
C82079,SOUTH WIGSTON HEALTH CTR.,6992.0,6688.05,0.956528890160183
C82080,SHEFA MEDICAL PRACTICE,4782.75,4303.31,0.8997564162877006
C82082,THE CENTRE SURGERY,5509.5,5337.0,0.9686904437789273
C82084,DR B MODI,3608.0,3496.36,0.9690576496674058
C82086,FOSSE MEDICAL CENTRE (DR H MUKADAM),10672.5,8966.25,0.8401264933239635
C82088,HORIZON HEALTHCARE,10275.25,9751.87,0.9490640130410453
C82091,BIRSTALL MEDICAL CENTRE,9548.75,9117.97,0.9548862416546667
C82092,AYLESTONE HEALTH CENTRE,4622.25,4498.57,0.9732424684947806
C82093,THE ORCHARD MED PRACTICE,12568.5,11087.7,0.8821816445876597
C82094,BEAUMONT LODGE MEDICAL PRACTICE,6870.0,6874.08,1.000593886462882
C82095,ALPINE HOUSE SURGERY,9073.75,7971.51,0.8785243146438904
C82096,HUGGLESCOTE SURGERY,10017.75,9623.28,0.9606228943625066
C82097,CHARNWOOD SURGERY,2656.5,2344.82,0.8826726896292114
C82098,HAZELMERE MEDICAL CENTRE,7322.25,6839.47,0.9340667144661818
C82099,AL-WAQAS MEDICAL CENTRE,4627.5,4043.16,0.8737244732576985
C82100,THE HEDGES MEDICAL CENTRE (SA BAILEY),6032.25,6169.61,1.0227709395333415
C82102,MANOR HOUSE SURGERY,4911.0,5186.99,1.0561983302789655
C82103,DISHLEY GRANGE MEDICAL PRACTICE,7332.25,6834.39,0.9320999693136487
C82105,AR-RAZI MEDICAL CENTRE,0.0,0.0,
C82107,COSSINGTON PARK SURGERY,7993.75,7692.91,0.962365598123534
C82109,HUSBANDS BOSWORTH MEDICAL CENTRE,5084.5,5359.7,1.0541252827219982
C82111,CAMPUS VIEW MEDICAL CENTRE,17282.0,9312.63,0.5388629788218956
C82112,SEVERN SURGERY,10257.25,8401.18,0.8190479904457822
C82114,DR U K ROY,2519.0,2116.51,0.8402183406113538
C82116,HIGHFIELDS SURGERY (R WADHWA),5018.75,4411.53,0.8790097135740971
C82119,NARBOROUGH ROAD SURGERY,3235.5,2965.17,0.9164487714418174
C82120,WHITWICK HEALTH CENTRE,3804.25,4003.62,1.0524071761845304
C82121,HEATH LANE SURGERY,14909.75,15181.67,1.0182377303442378
C82122,CLARENDON PARK ROAD HEALTH CENTRE,0.0,0.0,
C82124,VICTORIA PARK HEALTH CENTRE,25304.0,18836.75,0.7444178785962694
C82600,THE BANKS SURGERY,6220.75,5679.48,0.9129895912872241
C82610,THE PARKS MEDICAL CENTRE (B HAINSWORTH),6538.25,5995.48,0.9169854318816196
C82611,THE MASHARANI PRACTICE,6807.5,6204.95,0.9114873301505692
C82614,SPIRIT PRIMARY CARE LIMITED-ASQUITH,4620.25,3882.2,0.8402575618202478
C82620,DR S SHAFI,2337.75,2013.79,0.8614223077745695
C82623,HEATHERBROOK SURGERY (RP ARCHER),0.0,0.0,
C82624,SPIRIT PRIMARY CARE LTD-BEAUMONT LEYS,8521.25,7684.81,0.9018406923866804
C82626,PASLEY ROAD HEALTH CENTRE (TK KHONG),0.0,0.0,
C82627,SILVERDALE MEDICAL CENTRE,7713.0,7410.99,0.9608440295604823
C82628,GROBY SURGERY,3532.5,3151.52,0.8921500353857041
C82631,ENDERBY MEDICAL CENTRE,7165.5,6154.55,0.858914241853325
C82634,RATBY MEDICAL CENTRE,5939.75,5702.12,0.9599932657098362
C82639,WESTEND MEDICAL PRACTICE,10733.75,9929.12,0.9250373820892047
C82642,HIGHFIELDS MEDICAL CENTRE,9893.25,9177.09,0.9276112500947616
C82643,COMMUNITY HEALTH CENTRE (ZS OSAMA),14074.0,12427.49,0.8830105158448203
C82644,DR MK LAKHANI'S PRACTICE,4947.0,4426.77,0.8948392965433597
C82649,MARKET OVERTON & SOMERBY SURGERIES,5594.0,6335.63,1.1325759742581338
C82650,DESFORD MEDICAL CENTRE,5280.25,5200.39,0.9848757161119266
C82651,BROADHURST ST MED PRACT (KS MORJARIA),3837.25,3827.61,0.9974877842204705
C82653,WESTCOTES GP SURGERY (TWO),1902.75,1559.52,0.8196137169885692
C82656,FIELD STREET SURGERY,2887.25,2704.41,0.936673305048056
C82659,DR R KAPUR & PARTNERS,2955.0,2653.75,0.8980541455160744
C82660,ST PETER'S MED CENTRE (MANSINGH & MEHRA),6980.75,6557.81,0.9394133868137379
C82662,WALNUT ST MED CTR,8400.75,7342.84,0.8740695771210903
C82667,THE CHARNWOOD PRACTICE,7954.0,7483.47,0.9408436007040483
C82669,THE SURGERY @ AYLESTONE,4168.75,3695.41,0.886455172413793
C82670,INCLUSION HEALTHCARE,930.0,714.66,0.7684516129032257
C82671,BRANDON SURGERY DR R KAPUR & PARTNER,7935.0,7107.06,0.8956597353497165
C82676,ST ELIZABETH'S MEDICAL CENTRE (JA WOOD),7231.75,6638.53,0.9179700625713001
C82678,THURMASTON HEALTH CENTRE,5946.75,5828.24,0.9800714676083575
C82680,SPIRIT PRIMARY CARE LTD-RUSHEY MEAD,4996.25,4981.11,0.9969697272954715
C83001,HEART OF LINCOLN HEALTH GROUP,29034.5,25804.63,0.8887575126143037
C83002,NAVENBY CLIFF VILLAGES SURGERY,9134.0,9712.89,1.0633774906941098
C83003,BEECHFIELD MEDICAL CENTRE,21569.0,19493.94,0.9037943344614956
C83004,LIQUORPOND SURGERY,11588.25,11612.16,1.0020632968739887
C83005,SPILSBY SURGERY,7476.25,9633.28,1.288517639190771
C83007,LAKESIDE HEALTHCARE STAMFORD,27153.0,25107.22,0.9246573122675211
C83008,SWINGBRIDGE SURGERY,7384.5,6923.54,0.9375773579795518
C83009,LINDUM MEDICAL PRACTICE,8765.75,8889.72,1.0141425434218405
C83010,PARKSIDE MEDICAL CENTRE,19524.25,18465.89,0.9457925400463526
C83011,MILLVIEW MEDICAL CENTRE,12228.0,13523.95,1.1059821720641152
C83013,RUSKINGTON SURGERY,7970.5,9322.19,1.1695866005896745
C83014,BOULTHAM PARK MEDICAL PRACTICE,10430.0,10294.25,0.9869846596356664
C83015,SWINESHEAD SURGERY,8620.5,10628.89,1.2329783655240414
C83018,CLEVELAND SURGERY,12253.25,13073.98,1.0669805969844735
C83019,BEACON MEDICAL PRACTICE,22040.0,30518.35,1.3846801270417421
C83020,CAYTHORPE & ANCASTER MEDICAL PRACTICE,9915.75,11244.86,1.1340402894385195
C83022,MUNRO MEDICAL CENTRE,22639.5,21308.7,0.9412177830782482
C83023,SLEAFORD MEDICAL GROUP,17511.5,18058.16,1.0312172001256317
C83024,THE GLENSIDE COUNTRY PRACTICE,3754.0,4187.85,1.1155700586041557
C83025,RICHMOND MEDICAL CENTRE,18372.0,18695.12,1.0175876333551055
C83026,THE DEEPINGS PRACTICE,23796.0,24884.32,1.0457354177172633
C83027,HORNCASTLE MEDICAL GROUP,10252.75,12096.07,1.1797878617931774
C83028,HOLBEACH MEDICAL CENTRE,7878.0,8774.87,1.113844884488449
C83029,BRANSTON & HEIGHINGTON FAMILY PRACTICE,4848.75,5319.73,1.0971343129672595
C83030,BILLINGHAY MEDICAL PRACTICE,5181.75,6644.15,1.2822212572972451
C83031,NETTLEHAM MEDICAL PRACTICE,12500.75,13333.68,1.0666304021758695
C83032,MERTON LODGE SURGERY,6987.25,9523.24,1.3629453647715482
C83033,HIBALDSTOW MEDICAL PRACTICE,3734.75,4505.25,1.2063056429479886
C83035,HEREWARD MEDICAL CENTRE,12287.5,12669.45,1.0310844354018311
C83036,GOSBERTON MEDICAL CENTRE,8158.75,9572.5,1.1732802206220316
C83037,WELTON FAMILY HEALTH CENTRE,9781.75,9970.65,1.0193114728959543
C83038,THE GLEBE PRACTICE,8213.25,9653.31,1.1753337594740205
C83039,MOULTON MEDICAL CENTRE,5607.5,6814.73,1.2152884529647792
C83040,ST. PETERS HILL SURGERY,14681.5,14696.62,1.0010298675203488
C83041,THE WOODLAND MEDICAL PRACTICE,7789.5,8206.63,1.053550292059824
C83042,MARSH MEDICAL PRACTICE,6827.5,8734.26,1.279276455510802
C83043,MARKET RASEN SURGERY,10552.75,12957.66,1.2278941508137688
C83044,CASKGATE STREET SURGERY,12114.0,12889.59,1.064024269440317
C83045,HAWTHORN MEDICAL PRACTICE,16808.25,21637.59,1.287319619829548
C83046,THE HEATH SURGERY,6090.75,5607.75,0.9206994212535402
C83048,ST. JOHNS MEDICAL CENTRE,13500.75,12529.34,0.9280477010536452
C83049,DR SINHA & PARTNERS,9917.5,10246.31,1.0331545248298462
C83051,ABBEY MEDICAL PRACTICE,8990.0,8548.09,0.9508442714126808
C83052,THE INGHAM SURGERY,3931.75,4548.27,1.1568054937368857
C83053,COLSTERWORTH SURGERY,2443.25,2747.52,1.124534943210887
C83054,BOURNE GALLETLY PRACTICE TEAM,15249.25,15513.19,1.0173083922160107
C83055,STICKNEY SURGERY,6045.25,7822.83,1.2940457383896447
C83056,EAST LINDSEY MEDICAL GROUP,14084.25,15771.26,1.1197798959831018
C83057,KIRTON MEDICAL CENTRE,8208.25,8723.96,1.0628282520634726
C83058,WASHINGBOROUGH SURGERY,8780.5,10089.96,1.1491327373156426
C83059,GREYFRIARS SURGERY,13983.75,13522.35,0.967004558862966
C83060,THE SIDINGS MEDICAL PRACTICE,16171.0,15541.28,0.9610586853008473
C83061,NORTH THORESBY SURGERY,9013.5,10211.84,1.1329494646918512
C83062,CHURCH WALK SURGERY,5734.0,6654.62,1.160554586675968
C83063,LONG SUTTON MEDICAL CTR.,16049.25,20030.49,1.248063928220945
C83064,MARISCO MEDICAL PRACTICE,14213.5,21709.19,1.5273641256551869
C83065,LITTLEBURY MEDICAL CENTRE,9104.75,10275.5,1.1285867267085863
C83067,LONG BENNINGTON MEDICAL CENTRE,6778.25,7964.03,1.1749389591708774
C83071,NEWARK ROAD SURGERY,0.0,0.0,
C83072,MINSTER MEDICAL PRACTICE,9879.5,10731.24,1.0862128650235336
C83073,CLIFF HOUSE MEDICAL PRACTICE,8052.25,8106.77,1.0067707783538764
C83074,WILLINGHAM-BY-STOW SURGERY,4759.0,6200.79,1.3029607060306787
C83075,VINE STREET SURGERY,10275.25,10202.85,0.9929539427264544
C83078,BRANT ROAD & SPRINGCLIFFE SURGERY,9005.25,8652.64,0.96084395213903
C83079,GLEBE PARK SURGERY,6133.5,6339.19,1.0335355017526697
C83080,THE HARROWBY LANE SURGERY,5817.0,5484.91,0.9429104349320956
C83082,BIRCHWOOD MEDICAL PRACTICE,10573.0,10430.24,0.9864976827768845
C83083,THE NEW CONINGSBY SURGERY,7765.5,8213.34,1.0576704655205718
C83085,JAMES STREET FAMILY PRACTICE,13355.25,13999.91,1.048270155931188
C83611,THE BASSINGHAM SURGERY,7026.5,7207.12,1.0257055433003628
C83613,CAISTOR HEALTH CENTRE,5273.5,6483.29,1.2294093107044657
C83614,SUTTERTON SURGERY,3634.5,4392.51,1.2085596368138671
C83617,ABBEYVIEW SURGERY,9140.75,9775.13,1.0694013073325492
C83626,BRAYFORD MEDICAL PRACTICE,10520.25,9450.48,0.8983132530120481
C83634,TASBURGH LODGE SURGERY,4749.0,6164.4,1.2980416929879974
C83635,WOODHALL SPA NEW SURGERY,5364.5,7110.35,1.3254450554571722
C83641,TRENT VALLEY SURGERY,4046.5,5054.94,1.2492129000370689
C83643,BINBROOK SURGERY,2383.25,3019.56,1.2669925521871395
C83649,MARKET CROSS SURGERY,5236.0,5761.69,1.1003991596638654
C83650,THE WRAGBY SURGERY,3999.5,4916.1,1.2291786473309165
C83653,STACKYARD AND WOOLSTHORPE SURGERY,3.25,2.54,0.7815384615384615
C84001,LARWOOD SURGERY,31023.25,33806.43,1.0897127154634025
C84004,ST ALBANS MEDICAL CENTRE,9711.25,10055.74,1.0354732912858797
C84005,EAST LEAKE HEALTH CENTRE,27688.75,28153.78,1.0167949076791114
C84008,TUXFORD MEDICAL CENTRE,6059.5,7382.33,1.2183067909893555
C84009,BARNBY GATE SURGERY,13868.25,13539.11,0.9762666522452365
C84010,TRENTSIDE MEDICAL GROUP,18869.5,18937.39,1.0035978695778902
C84011,ELMSWOOD SURGERY,9317.25,9482.24,1.0177080147039095
C84012,WILLOWBROOK MEDICAL PRACTICE,12284.0,13733.36,1.1179876261803974
C84013,KINGFISHER FAMILY PRACTICE,15368.0,17176.33,1.1176685320145758
C84014,WOODLANDS MEDICAL PRACTICE,11380.25,12417.23,1.0911210210671998
C84016,OAKWOOD SURGERY,16092.5,17844.52,1.1088718347056081
C84017,BELVOIR HEALTH GROUP,26655.5,28117.73,1.0548565961996585
C84018,FAMILY MEDICAL CENTRE,12547.25,13289.58,1.0591627647492479
C84019,FOUNTAIN MEDICAL CENTRE,12708.5,12990.78,1.022211905417634
C84020,CHURCHSIDE MEDICAL PRACTICE,7169.0,7189.96,1.0029236992607058
C84021,MIDDLETON LODGE PRACTICE,13297.25,15318.6,1.1520126341912802
C84023,THE UNIV OF NOTTINGHAM HEALTH SERV,40936.5,28870.91,0.7052608307989203
C84024,NEWGATE MEDICAL GROUP,30234.0,33984.06,1.1240345306608452
C84025,EAST BRIDGFORD MED CENTRE,7777.25,8572.87,1.1023009418496257
C84026,STENHOUSE MEDICAL CENTRE,12762.75,12666.91,0.9924906466082937
C84028,THE RUDDINGTON MED CENTRE,7515.25,7497.95,0.9976980140381224
C84029,LOMBARD MEDICAL CENTRE,22051.75,21710.53,0.9845263981316675
C84030,THE OAKS MEDICAL CENTRE,11760.25,10701.42,0.9099653493760762
C84031,ST PETERS MEDICAL PRACTICE,0.0,0.0,
C84032,"EASTWOOD PRIMARY CARE CENTRE, CHURCH STREET SITE",18600.75,21243.41,1.142072765883096
C84033,WESTDALE LANE SURGERY,8948.25,8965.2,1.0018942251278184
C84034,CHURCHFIELDS MEDICAL PRACTICE,8820.75,9278.93,1.0519434288467535
C84035,CROWN HOUSE SURGERY,11658.0,13207.77,1.1329361811631498
C84036,FOREST MEDICAL,18475.5,19080.17,1.0327282076263158
C84037,THE SURGERY,12621.75,14729.82,1.1670188365321765
C84039,DERBY ROAD HEALTH CENTRE,12799.25,12158.79,0.9499611305349923
C84042,SAXON CROSS SURGERY,7366.5,7235.62,0.9822330821964298
C84043,LEEN VIEW SURGERY,12856.75,13471.13,1.047786571256344
C84044,DEER PARK FAMILY MEDICAL PRACTICE,10537.25,10087.41,0.9573095447104321
C84045,COLLINGHAM MEDICAL CENTRE,7919.0,9658.74,1.219691880287915
C84046,CLIFTON MEDICAL PRACTICE,8872.75,9108.73,1.0265960384322785
C84047,THE CALVERTON PRACTICE,10388.5,11674.0,1.123742599990374
C84049,SOUTHWELL MEDICAL CENTRE,12236.75,12261.52,1.0020242302899054
C84051,ORCHARD MEDICAL PRACTICE,19287.75,19292.31,1.000236419489054
C84053,TORKARD HILL MEDICAL CTRE,16687.0,17599.0,1.0546533229460058
C84055,HIGHCROFT SURGERY,11258.0,10629.87,0.944205898028069
C84057,PLEASLEY SURGERY,4235.75,4857.32,1.1467437879950422
C84059,SHERWOOD MEDICAL PARTNERSHIP,12595.25,13645.69,1.0833996943292115
C84060,RIVERGREEN MEDICAL CENTRE,8713.25,9026.43,1.0359429604338222
C84061,KING'S MEDICAL CENTRE,9739.75,9742.0,1.0002310120896327
C84063,GREENDALE PRIMARY CARE CENTRE,8723.5,9052.51,1.03771536653866
C84064,PARKSIDE MEDICAL CENTRE,10355.75,10762.55,1.0392825242015304
C84065,ABBEY MEDICAL CENTRE,5148.0,4713.77,0.9156507381507383
C84066,DAYBROOK MEDICAL PRACTICE,10639.0,10586.71,0.9950850643857505
C84067,ASHFIELD HOUSE (ANNESLEY),5659.5,6640.56,1.173347468857673
C84069,ROUNDWOOD SURGERY,13555.25,14194.18,1.0471352428026042
C84072,THE WELLSPRING SURGERY,10925.0,11644.25,1.0658352402745996
C84074,FAMILY MEDICAL CENTRE (KIRKBY),5033.5,5753.19,1.142980033773716
C84076,KIRKBY HEALTH CENTRE,4073.0,4560.34,1.1196513626319666
C84077,BRIERLEY PARK MED CTR,18583.25,20268.68,1.090696191462742
C84078,HUCKNALL ROAD MEDICAL CENTRE,13340.25,13505.94,1.0124203069657616
C84080,THE MANOR SURGERY,13780.75,13435.47,0.9749447599005859
C84081,JOHN RYLE MEDICAL PRACTICE,6885.5,7191.14,1.044388933265558
C84084,RADCLIFFE-ON-TRENT. HEALTH CENTRE,8422.0,8952.75,1.063019472809309
C84085,VICTORIA AND MAPPERLEY PRACTICE,10337.0,11243.14,1.0876598626293894
C84086,ST GEORGES MED PRACTICE,14911.5,13293.56,0.8914971666163699
C84087,RAINWORTH HEALTH CENTRE,5829.0,6601.98,1.1326093669583117
C84090,MUSTERS MEDICAL PRACTICE,9680.75,9024.11,0.932170544637554
C84091,ASPLEY MEDICAL CENTRE,8932.75,9303.3,1.0414821863367942
C84092,BRIDGEWAY PRACTICE,5411.75,5909.73,1.0920182935279714
C84094,RIVERSIDE HEALTH CENTRE,23307.0,25765.35,1.1054768953533272
C84095,OAKENHALL MEDICAL PRACT,7177.25,7953.08,1.1080957191124734
C84101,BAWTRY AND BLYTH MEDICAL,3760.0,4427.97,1.177651595744681
C84103,THE FOREST PRACTICE,1004.0,977.95,0.9740537848605578
C84105,FAIRFIELDS PRACTICE,7369.25,7219.63,0.9796967126912508
C84106,MILLVIEW SURGERY,8654.5,9067.99,1.047777456814374
C84107,THE LINDEN MEDICAL GROUP,7153.0,7592.4,1.0614287711449741
C84112,BRAMCOTE SURGERY,3804.0,3451.57,0.9073527865404838
C84113,MAJOR OAK MEDICAL PRACTICE,7252.5,8701.81,1.1998359186487417
C84115,PLAINS VIEW SURGERY,9182.25,8771.1,0.9552233929592421
C84116,MELBOURNE PARK MEDICAL CENTRE,8509.0,9075.31,1.066554236690563
C84117,RADFORD MEDICAL PRACTICE (KAUR),20858.0,17142.08,0.8218467734202705
C84120,CHILWELL VALLEY AND MEADOWS PRACTICE,15860.0,14963.92,0.9435006305170239
C84122,WOLLATON PARK MEDICAL CENTRE,10587.25,9820.47,0.927575149354176
C84123,BILSTHORPE SURGERY,4211.5,5380.56,1.2775875578772409
C84129,RISE PARK SURGERY,9584.75,10072.01,1.050837006703357
C84131,NEWTHORPE MEDICAL PRACTICE,8258.25,8733.16,1.0575073411437048
C84136,ST. LUKE'S SURGERY,5029.0,4697.37,0.9340564724597336
C84140,LOWMOOR ROAD SURGERY,4975.25,5760.26,1.1577830259785942
C84142,SELSTON SURGERY,5289.5,5570.54,1.0531316759618112
C84144,MEADOWS HEALTH CENTRE,5162.75,5793.91,1.122252675415234
C84150,UNITY SURGERY,4780.25,4533.46,0.9483729930442969
C84151,THE MEDICAL CENTRE,3578.0,3432.79,0.9594158747903857
C84605,CASTLE HEALTHCARE PRACTICE,17371.75,16783.57,0.9661415804395067
C84613,JUBILEE PARK MEDICAL PARTNERSHIP,12259.75,12021.88,0.9805974836354737
C84619,TUDOR HOUSE MEDICAL PRACTICE,6926.25,6701.71,0.9675813030138964
C84621,WEST BRIDGFORD MEDICAL CENTRE,5065.5,4142.01,0.817690257625111
C84624,HAMA MEDICAL CENTRE,5609.5,5599.94,0.9982957482841607
C84628,SHERWOOD RISE MEDICAL CENTRE,7915.0,7117.95,0.8992987997473152
C84629,"HEALTH CARE COMPLEX, KIRKBY",4539.75,4863.45,1.0713034858747728
C84637,SANDY LANE SURGERY,9709.5,10071.71,1.0373047015809258
C84646,LAMBLEY LANE SURGERY,6559.5,7308.15,1.114132174708438
C84654,JACKSDALE MEDICAL CENTRE,4353.5,4518.08,1.0378040656942689
C84656,HILL VIEW SURGERY,8271.25,9370.0,1.1328396554329756
C84658,MEDEN MEDICAL SERVICES,10266.25,12157.92,1.1842610495555825
C84660,HOUNSFIELD SURGERY,4420.0,5284.66,1.1956244343891402
C84664,WELBECK SURGERY,5440.5,5184.65,0.952973072327911
C84667,GILTBROOK SURGERY,5612.25,5790.84,1.031821461980489
C84676,MAYFIELD MEDICAL CENTRE,8251.75,7535.0,0.9131396370466871
C84679,ACORN MEDICAL PRACTICE,4445.25,4152.29,0.9340959451099489
C84682,SHERRINGTON PARK MEDICAL PRACTICE,4830.0,4756.38,0.9847577639751554
C84683,THE WINDMILL PRACTICE,11307.25,11767.77,1.0407278515996374
C84691,MARY POTTER CENTRE,9198.25,8176.97,0.8889701845459734
C84692,NORTH LEVERTON SURGERY,2703.25,3561.23,1.3173883288634052
C84693,BAKERSFIELD MEDICAL CENTRE,5261.5,5461.02,1.037920745034686
C84694,LIME TREE SURGERY,4434.25,4731.87,1.0671184529514575
C84695,THE ALICE MEDICAL CENTRE,4407.25,4209.76,0.9551897441715356
C84696,WEST OAK SURGERY,5029.5,4670.09,0.9285396162640421
C84703,THE GAMSTON MEDICAL CTR.,6752.25,5895.6,0.8731311784960569
C84704,JRB HEALTHCARE BEECHDALE SURGERY,7698.5,7939.66,1.0313255829057608
C84705,HICKINGS LANE MEDICAL CTR,7805.75,7414.42,0.9498664446081414
C84714,SUNRISE MEDICAL PRACTICE,6807.75,4851.5,0.7126436781609196
C85001,GOLDTHORPE MEDICAL CENTRE PMS PRACTICE,4476.5,5495.73,1.2276845750027923
C85003,ASHVILLE MEDICAL CENTRE PMS PRACTICE,13050.25,14748.22,1.1301101511465297
C85004,PENISTONE GROUP PMS PRACTICE,16604.75,17483.98,1.0529505111489181
C85005,ROYSTON GROUP PRACTICE,7540.0,8426.58,1.117583554376658
C85006,WOODLAND DRIVE MEDICAL CENTRE,5371.75,6310.83,1.1748182622050543
C85007,THE DOVE VALLEY PMS PRACTICE,10718.25,12517.8,1.1678958785249458
C85008,WALDERSLADE SURGERY,12921.25,14230.77,1.1013462319821998
C85009,THE KAKOTY PRACTICE,7246.0,7173.5,0.9899944797129451
C85010,HILL BROW SURGERY PMS PRACTICE,16842.75,19059.03,1.1315865877009395
C85013,WOMBWELL GMS PRACTICE,11201.0,12105.97,1.0807936791357915
C85014,THE ROSE TREE PMS PRACTICE,9758.0,11403.77,1.168658536585366
C85016,GARLAND HOUSE SURGERY,11162.25,13045.99,1.1687598826401486
C85017,BURLEIGH MEDICAL CENTRE,11945.75,13492.33,1.1294669652386833
C85018,GRIMETHORPE SURGERY,7385.5,8889.93,1.203700494211631
C85019,THE GROVE MEDICAL PRACTICE,10965.75,12412.58,1.1319408157216788
C85020,HUDDERSFIELD ROAD SURGERY,12518.5,14176.94,1.1324791308862883
C85022,HOYLAND MEDICAL PRACTICE,12911.75,13421.97,1.0395159447789803
C85023,HOLLYGREEN PRACTICE,11254.75,14226.3,1.2640263000066638
C85024,HIGH STREET PRACTICE,6422.5,7358.98,1.1458123783573375
C85026,APOLLO COURT MEDICAL CENTRE,0.0,0.0,
C85028,LUNDWOOD MEDICAL CENTRE PMS PRACTICE,4056.25,4579.79,1.1290699537750386
C85030,WOMBWELL MEDICAL CENTRE PRACTICE,10114.75,10943.31,1.081916013742307
C85033,VICTORIA MEDICAL CENTRE PMS PRACTICE,11660.25,12298.38,1.0547269569691902
C85614,DARTON HEALTH CENTRE PRACTICE,4315.0,4520.8,1.047694090382387
C85619,ST GEORGE'S MEDICAL CENTRE PMS PRACTICE,8677.75,9146.25,1.0539886491313992
C85622,MONK BRETTON HEALTH CENTRE PRACTICE,2243.25,2622.37,1.1690047921542404
C85623,KINGSWELL SURGERY PMS PRACTICE,5144.75,5096.36,0.9905942951552553
C86001,GREAT NORTH MEDICAL GROUP,16754.75,18416.85,1.0992017189155314
C86002,THE RANSOME PRACTICE,8289.0,8802.41,1.061938713958258
C86003,HATFIELD HEALTH CENTRE,9655.5,11357.46,1.1762684480347987
C86005,MEXBOROUGH HEALTH CENTRE,4844.5,5697.72,1.1761213747548767
C86006,REGENT SQUARE GROUP PRACTICE,10445.0,11125.97,1.065195787458114
C86007,THE BURNS PRACTICE,17709.0,19009.2,1.0734202947653735
C86009,THE MAYFLOWER MEDICAL PRACTICE,7440.75,8155.84,1.0961045593522158
C86011,MOUNT GROUP PRACTICE,13904.25,14410.91,1.0364392182246436
C86012,THE OAKWOOD SURGERY,5618.0,5735.14,1.0208508365966538
C86013,THE TICKHILL & COLLIERY MEDICAL PRACTICE,8716.75,10464.68,1.2005254251871398
C86015,THE ROSSINGTON PRACTICE,8350.75,9733.75,1.1656138670179326
C86016,THE LAKESIDE PRACTICE,9160.75,10974.29,1.197968506945392
C86017,KINGTHORNE GROUP PRACTICE,15117.75,15889.64,1.051058523920557
C86018,NORTHFIELD SURGERY,10006.5,11665.02,1.1657442662269526
C86019,THE SCOTT PRACTICE,16520.5,17951.76,1.0866353923912713
C86020,ST. JOHNS GROUP PRACTICE,8909.5,10028.27,1.1255704584993547
C86021,WHITE HOUSE FARM MEDICAL CENTRE,6225.5,6995.94,1.1237555216448478
C86023,DON VALLEY HEALTHCARE,14132.0,14616.15,1.0342591282196434
C86024,CONISBROUGH GROUP PRACTICE,11968.0,13858.47,1.1579603943850267
C86025,FRANCES STREET MEDICAL CENTRE,6775.75,7132.48,1.0526480463417334
C86026,EDLINGTON HEALTH CENTRE PRACTICE,4995.25,5190.84,1.0391551974375657
C86029,ST VINCENT MEDICAL CENTRE,14229.75,15324.88,1.0769605931235615
C86032,SCAWSBY HEALTH CENTRE PRACTICE,5585.5,5882.95,1.0532539611494047
C86033,THE NAYAR PRACTICE,5278.5,5401.81,1.0233608032585015
C86034,THE NEW SURGERY,7621.75,8658.94,1.1360829205891037
C86037,FIELD ROAD SURGERY,9489.75,10724.96,1.130162543797255
C86038,PETERSGATE MEDICAL CENTRE,9297.5,9684.3,1.0416025813390695
C86605,ASKERN MEDICAL PRACTICE,7562.25,8676.75,1.1473767727858772
C86606,BARNBURGH SURGERY,2332.5,2648.45,1.1354555198285101
C86609,ASA MEDICAL GROUP,20287.5,20514.67,1.0111975354282192
C86611,DUNSVILLE MEDICAL CENTRE,6721.25,7859.96,1.169419378835782
C86614,THORNE MOOR MEDICAL PRACTICE,9698.75,11389.36,1.174312153628045
C86616,DENABY MEDICAL PRACTICE,3646.75,3984.92,1.0927318845547405
C86621,WEST END CLINIC,4580.5,4996.96,1.0909202052177709
C86625,CONISBROUGH MEDICAL PRACTICE,1627.0,1716.86,1.0552304855562384
C86626,PARK VIEW SURGERY,2664.25,2773.09,1.040852022145069
C87002,DINNINGTON GROUP PRACTICE,20909.25,22870.76,1.0938106340495235
C87003,WOODSTOCK BOWER GROUP PRACTICE,11506.25,12397.07,1.0774205323193915
C87004,KIVETON PARK MEDICAL PRACTICE,11864.75,13100.2,1.104127773446554
C87005,ST ANN'S MEDICAL CENTRE,19017.75,21188.95,1.1141670281710507
C87006,THE MAGNA GROUP PRACTICE,14848.5,16842.48,1.1342883119507021
C87007,STAG MEDICAL CENTRE,11591.25,12818.49,1.105876415399547
C87008,SWALLOWNEST HEALTH CENTRE,16176.75,16516.76,1.0210184369542707
C87009,BRINSWORTH MEDICAL CENTRE,10644.25,10838.28,1.0182286210865021
C87010,YORK ROAD SURGERY,4667.25,5004.28,1.072211687824736
C87012,BROOM LANE MEDICAL CENTRE,15311.75,16117.86,1.0526464969712803
C87013,PARKGATE MEDICAL CENTRE,6534.75,7183.95,1.099345805118788
C87014,TREETON MEDICAL CENTRE,8984.5,8467.3,0.9424341922199343
C87015,WICKERSLEY HEALTH CENTRE,6840.75,7368.39,1.0771318934327376
C87016,MORTHEN ROAD SURGERY,12236.25,13149.31,1.074619266523649
C87017,CLIFTON MEDICAL CENTRE,13164.0,14371.91,1.091758584017016
C87018,HIGH STREET SURGERY,7845.75,8873.49,1.1309932128859574
C87020,GREENSIDE SURGERY,5212.25,6063.64,1.163344045277951
C87022,VILLAGE SURGERY,8530.0,9162.02,1.0740937866354046
C87024,RAWMARSH HEALTH CENTRE,3967.0,4097.76,1.0329619359717672
C87029,MARKET SURGERY,12398.75,13420.22,1.0823849178344591
C87030,CROWN STREET SURGERY,9480.25,10679.53,1.126502993064529
C87031,DR RAOLU'S PRACTICE,3963.75,4355.63,1.0988659728792178
C87603,GREASBROUGH MEDICAL CENTRE,4003.0,4282.23,1.0697551836122907
C87604,THORPE HESLEY SURGERY,5868.75,6508.04,1.1089312034078807
C87608,SHAKESPEARE ROAD SURGERY,5905.5,5367.3,0.9088646177292354
C87616,BLYTH ROAD MEDICAL CENTRE,6290.25,6990.29,1.1112896943682684
C87620,MANOR FIELD SURGERY,7064.5,7567.65,1.0712223087267323
C87622,GATEWAY PRIMARY CARE,10317.5,9737.85,0.9438187545432518
C88005,WALKLEY HOUSE & STANNINGTON M.C,16153.75,15974.52,0.988904743480616
C88006,NORFOLK PARK HEALTH CENTRE,5731.5,6263.32,1.0927889732181801
C88007,PORTER BROOK MEDICAL CENTRE,28069.0,20255.46,0.7216309807973209
C88008,FORGE HEALTH GROUP,14622.5,15223.15,1.0410771071978115
C88009,FOXHILL MEDICAL CENTRE,6098.0,6697.73,1.0983486388979993
C88010,CHAPELGREEN PRACTICE,14229.5,15034.72,1.0565880740714713
C88011,BUCHANAN ROAD SURGERY,4790.0,5051.22,1.0545344467640918
C88014,NORWOOD MEDICAL CENTRE,9348.25,10351.69,1.1073398764474636
C88015,MEADOWGREEN HEALTH CENTRE,19014.75,19501.92,1.0256206366110519
C88016,CARTERKNOWLE & DORE MEDICAL PRACTICE,13568.0,12874.92,0.9489180424528302
C88018,TRAMWAYS MEDICAL CENTRE (O'CONNELL),8847.75,9040.68,1.0218055437823175
C88019,GLEADLESS MEDICAL CENTRE,8725.25,8500.18,0.9742047505802126
C88020,WHITE HOUSE SURGERY,7552.0,8079.28,1.0698199152542374
C88021,FAR LANE MEDICAL CENTRE,7572.5,8191.49,1.0817418289864642
C88022,STONECROFT MEDICAL CENTRE,5091.0,5579.89,1.096030249459831
C88023,SOTHALL & BEIGHTON HEALTH CENTRES,9733.5,9147.44,0.939789387168028
C88025,BIRLEY HEALTH CENTRE,9218.25,8983.17,0.9744984134732732
C88026,SLOAN MEDICAL CENTRE,13950.5,12981.96,0.9305730977384322
C88027,UPWELL STREET SURGERY,5024.0,5039.86,1.003156847133758
C88028,BROOMHILL SURGERY,9684.25,8979.22,0.9271982858765521
C88030,DUKE MEDICAL CENTRE,8303.25,8586.38,1.0340986962936198
C88031,UPPERTHORPE MEDICAL CENTRE,13675.0,13197.75,0.9651005484460695
C88032,CHARNOCK HEALTH PRIMARY CARE CENTRE,5633.25,6128.53,1.087920827231172
C88034,NETHERGREEN SURGERY,9144.5,8398.69,0.9184416862595003
C88035,FIRTH PARK SURGERY,10654.0,10578.83,0.9929444340153932
C88036,HANDSWORTH MEDICAL PRACTICE,10626.75,10989.19,1.0341063824781802
C88037,STEEL CITY GENERAL PRACTICE,14079.75,14861.94,1.0555542534491025
C88038,THE MATHEWS PRACTICE BELGRAVE,6331.75,6284.9,0.9926007817743909
C88039,ECCLESFIELD GROUP PRACT,8770.75,9930.22,1.1321973605449933
C88040,OUGHTIBRIDGE SURGERY,6027.75,6391.18,1.0602928124092739
C88041,WOODSEATS MEDICAL CENTRE,12541.5,12085.42,0.9636343340110832
C88043,TRAMWAYS AND MIDDLEWOOD MEDICAL CENTRES,10907.0,10112.16,0.927125699092326
C88044,THE MANCHESTER RD SURGERY,5435.75,4790.23,0.881245458308421
C88045,DYKES HALL MEDICAL CENTRE,8898.0,8617.16,0.9684378512025174
C88046,BEAUCHIEF MEDICAL PRACTICE,7018.25,6638.52,0.945893919424358
C88047,WINCOBANK MEDICAL CENTRE,7775.25,8158.25,1.0492588662743962
C88048,BURNGREAVE SURGERY,8005.25,8186.23,1.0226076637206833
C88049,ELM LANE SURGERY,5943.75,6505.0,1.0944269190325973
C88050,JAUNTY SPRINGS HEALTH CENTRE,3644.25,3760.16,1.0318062701516086
C88051,PAGE HALL MEDICAL CENTRE,8357.25,7826.86,0.9365353435639714
C88052,HOLLIES MEDICAL CENTRE,10752.0,9444.77,0.8784198288690477
C88053,FALKLAND HOUSE SURGERY,4085.25,3488.21,0.8538547212532893
C88054,GRENOSIDE SURGERY,7932.25,8713.82,1.0985306817107379
C88059,HAROLD STREET MEDICAL CENTRE,2624.25,2512.32,0.957347813661046
C88060,SHARROW LANE MEDICAL CENTRE,4742.0,4034.14,0.8507254323070434
C88062,RUSTLINGS ROAD MEDICAL CENTRE,4731.25,3774.42,0.7977638044914135
C88069,CLOVER GROUP PRACTICE,15883.5,14463.44,0.910595271822961
C88070,SHIREGREEN MEDICAL CENTRE,7910.75,8068.54,1.0199462756375817
C88072,WOODHOUSE MEDICAL CENTRE,12063.75,12571.89,1.0421212309605221
C88073,HEELEY GREEN SURGERY,5468.75,5457.07,0.9978642285714285
C88074,DEEPCAR MEDICAL CENTRE,5170.25,5268.33,1.0189700691455925
C88076,DEVONSHIRE GREEN MEDICAL CENTRE,8852.25,7866.49,0.8886430003671383
C88077,GREEN CROSS GROUP PRACTICE,7853.0,8379.08,1.066990958869222
C88078,MOSBOROUGH HEALTH CENTRE,7049.0,6760.64,0.9590920697971344
C88079,CROOKES PRACTICE,8576.0,7497.76,0.8742723880597015
C88082,CARRFIELD MEDICAL CENTRE,5705.0,5545.76,0.9720876424189308
C88083,SELBORNE ROAD MEDICAL CENTRE,2461.25,2405.08,0.9771782630777044
C88084,CLOVER NORTH DARNALL HEALTH CENTRE,3196.75,3194.5,0.9992961601626652
C88085,RICHMOND MEDICAL CENTRE,9657.75,9329.33,0.9659941497760866
C88086,SOUTHEY GREEN MEDICAL CTR,2604.75,2791.13,1.0715538919282082
C88087,DOVERCOURT GROUP PRACTICE,9347.25,10145.51,1.0854005188691862
C88088,EAST BANK MEDICAL CENTRE,7415.0,7523.86,1.0146810519217802
C88090,MANOR AND PARK GROUP PRACTICE,8156.75,8778.34,1.0762055965917798
C88091,BARNSLEY ROAD SURGERY,2450.0,2551.5,1.0414285714285714
C88092,VALLEY MEDICAL CENTRE,9480.0,10352.86,1.0920738396624474
C88095,MILL ROAD SURGERY,5578.25,6111.58,1.09560883789719
C88622,SHEFFIELD MEDICAL CENTRE,2647.0,2570.99,0.9712844729882886
C88627,UNIVERSITY HEALTH SERVICE HEALTH CENTRE,38853.75,23510.09,0.605091915194801
C88631,VERITAS HEALTH CENTRE,1498.5,1383.04,0.9229496162829496
C88647,THE THORPE PRACTICE,10780.25,10504.03,0.9743772175969946
C88648,CRYSTAL PEAKS MEDICAL CENTRE,7032.75,7213.89,1.0257566385837689
C88652,GREYSTONES MEDICAL CENTRE,4009.0,2997.58,0.7477126465452731
C88655,THE MEDICAL CENTRE DR OKORIE,1168.25,1208.08,1.0340937299379414
D81001,LENSFIELD MEDICAL PRACTICE,14444.0,11715.83,0.8111208806424813
D81002,HUNTINGDON ROAD SURGERY,23030.75,17344.42,0.7530983576305591
D81003,YORK STREET MEDICAL PRACTICE,10943.5,9588.93,0.876221501347832
D81004,ALCONBURY SURGERY,14073.5,14283.02,1.0148875546239386
D81005,NEWNHAM WALK SURGERY,15787.5,10517.99,0.6662226444972288
D81008,NORTH BRINK PRACTICE,19921.0,21201.12,1.06425982631394
D81010,PRIORY FIELDS SURGERY,11525.0,10649.1,0.924
D81011,CLARKSON SURGERY,9742.0,11067.74,1.136084992814617
D81012,CORNFORD HOUSE SURGERY,11131.25,10886.68,0.978028523301516
D81013,TRUMPINGTON STREET MEDICAL PRACTICE,21160.0,15892.7,0.7510727788279774
D81014,STAPLOE MEDICAL CENTRE,23913.5,22178.52,0.9274476759989128
D81015,PARSON DROVE SURGERY,7366.25,9245.77,1.2551528932631937
D81016,ARBURY ROAD SURGERY,12993.25,11774.73,0.9062189983260539
D81017,MILL ROAD SURGERY,8996.75,7490.35,0.8325617584127603
D81018,"ORCHARD SURGERY,MELBOURN",8376.25,8786.3,1.0489538874794806
D81021,ST. GEORGE'S MEDICAL CENTRE,12668.75,13730.41,1.0838014800197335
D81022,JENNER HEALTHCARE,17596.75,19596.25,1.1136289371616919
D81023,PASTON HEALTH CENTRE,13794.75,12923.32,0.9368288660541148
D81025,CHERRY HINTON MEDICAL CENTRE,9575.75,8407.11,0.8779583844607473
D81026,BOROUGHBURY MEDICAL CENTRE,32682.0,35055.24,1.0726161189645675
D81027,WELLSIDE SURGERY,7944.5,8351.08,1.0511775442129776
D81028,FIRS HOUSE SURGERY,12727.75,12965.86,1.0187079413093438
D81029,OLD FLETTON SURGERY,13364.0,13229.16,0.9899102065249925
D81030,GROVE MEDICAL PRACTICE,15169.0,15405.53,1.0155929856945085
D81031,YAXLEY GROUP PRACTICE,20289.75,19211.02,0.946833746103328
D81033,OVER SURGERY,4967.0,5051.21,1.0169538957116973
D81034,ST MARY'S SURGERY,18287.75,18757.69,1.0256969829530695
D81035,COMBERTON SURGERY,9915.0,10282.66,1.0370811901159858
D81036,PRIORS FIELD SURGERY,5178.25,4963.29,0.9584879061458987
D81037,BRIDGE STREET MEDICAL CENTRE,11451.5,8101.63,0.707473256778588
D81038,KIMBOLTON MEDICAL CENTRE,7332.25,7922.88,1.0805523543250708
D81041,BOURN SURGERY,6824.5,6737.59,0.9872650010989816
D81042,WATERBEACH AND COTTENHAM SURGERIES,7870.0,8357.35,1.0619250317662008
D81043,GRANTA MEDICAL PRACTICES,58608.0,61006.23,1.0409198402948403
D81044,NUFFIELD ROAD MEDICAL CENTRE,14285.0,13536.5,0.947602380119006
D81045,BUCKDEN SURGERY,10410.5,10775.64,1.0350742039287257
D81046,NEW QUEEN STREET SURGERY,19004.5,18964.97,0.9979199663237655
D81047,ASHWELL SURGERY,8131.25,8573.28,1.0543618754803998
D81049,SPINNEY SURGERY,11714.5,11481.36,0.9800981689359342
D81050,THE HICKS GROUP PRACTICE,17142.0,16029.11,0.9350781705751955
D81051,BURWELL SURGERY,9469.0,9128.94,0.9640870208047313
D81052,CORNERSTONE PRACTICE,9638.25,11294.79,1.171871449692631
D81054,RED HOUSE SURGERY,21896.0,17256.25,0.7881005663134819
D81055,BOTTISHAM MEDICAL PRACTICE,5822.0,6804.72,1.1687942287873583
D81056,PETERSFIELD MEDICAL PRACTICE,7150.25,5628.0,0.7871053459669243
D81057,LAKESIDE HEALTHCARE ST NEOTS,21113.75,19650.79,0.9307105559173525
D81058,HARSTON SURGERY,7774.5,8465.41,1.0888687375393915
D81059,RAMSEY HEALTH CENTRE,7553.0,8214.01,1.087516218721038
D81060,MOAT HOUSE SURGERY,7596.0,8427.09,1.109411532385466
D81061,GEORGE CLARE SURGERY,12119.75,12448.85,1.0271540254543206
D81062,HADDENHAM SURGERY,7983.25,8215.64,1.0291096984310901
D81064,MERCHEFORD HOUSE,6726.0,7933.48,1.1795242343146
D81065,NIGHTINGALE MEDICAL CENTRE,6969.25,6616.51,0.9493862323779461
D81066,QUEEN EDITH MEDICAL PRACTICE,10644.25,9443.5,0.8871926157314982
D81070,WOODLANDS SURGERY,11067.75,8374.09,0.7566208127216463
D81073,WESTWOOD CLINIC,5859.25,5466.38,0.9329487562401332
D81078,MAPLE SURGERY BAR HILL HEALTH CENTRE,4186.25,3914.82,0.9351615407584354
D81081,GREAT STAUGHTON SURGERY,5273.25,5693.64,1.0797212345327833
D81082,ALMOND ROAD SURGERY,7632.0,6894.86,0.9034145702306079
D81084,WILLINGHAM MEDICAL PRACTICE,11886.5,10583.11,0.8903470323476212
D81085,PAPWORTH SURGERY,7549.75,7749.83,1.0265015397860857
D81086,EAST BARNWELL HEALTH CENTRE,7779.5,7511.98,0.965612185873128
D81602,COTTENHAM SURGERY,1880.25,1832.19,0.9744395692062227
D81603,RIVERSIDE PRACTICE,7483.75,8216.73,1.0979428762318355
D81606,RIVERPORT MEDICAL PRACTICE,13640.0,13008.45,0.9536986803519062
D81607,SWAVESEY SURGERY,3546.75,3249.67,0.9162388101783323
D81611,FENLAND GROUP PRACTICE,13363.25,15302.98,1.1451540605765813
D81612,MILTON SURGERY,5025.5,4841.54,0.9633946870958113
D81615,THORPE ROAD,11807.75,10901.99,0.9232910588384747
D81618,AILSWORTH MEDICAL CENTRE,3659.25,3567.23,0.9748527703764432
D81622,TRINITY SURGERY,14012.5,13894.78,0.9915989295272079
D81625,THISTLEMOOR MEDICAL CENTRE,31872.25,27411.09,0.8600299633693888
D81629,WILLOW TREE SURGERY,6186.25,5806.48,0.9386106284097797
D81630,HAMPTON MEDICAL CENTRE,12063.0,9481.33,0.785984415153776
D81631,CENTRAL MEDICAL CENTRE,15435.75,13141.46,0.8513651749995951
D81633,ACORN SURGERY,11364.0,9616.98,0.8462671594508976
D81637,MONKFIELD MEDICAL PRACTICE,13613.5,9983.56,0.7333573291218276
D81645,THE GRANGE MEDICAL CENTRE,2968.25,2555.26,0.8608641455403016
D82001,HOLT MEDICAL PRACTICE,14246.0,18361.5,1.2888881089428612
D82002,GROVE SURGERY,12784.75,12024.57,0.9405400965994641
D82003,BEACHES MEDICAL CENTRE,25182.5,25265.53,1.0032971309441079
D82004,CROMER GROUP PRACTICE,12225.5,14685.61,1.2012277616457405
D82005,SHERINGHAM MEDICAL PRACTICE,9332.5,11118.38,1.1913613715510312
D82006,CHET VALLEY MEDICAL PRACTICE,9008.75,9713.9,1.0782739003746358
D82007,EAST NORFOLK MEDICAL PRACTICE,25183.75,27792.13,1.10357393160272
D82008,ST STEPHENS GATE MEDICAL PARTNERSHIP,19263.0,19668.29,1.0210398172662618
D82009,STALHAM STAITHE SURGERY,7285.5,8746.41,1.2005229565575457
D82010,GRIMSTON MEDICAL CENTRE,5291.5,6422.7,1.2137768118680903
D82011,CASTLE PARTNERSHIP,17726.5,17858.8,1.0074634022508673
D82012,MAGDALEN MEDICAL PRACTICE,14576.25,13856.67,0.9506333933624903
D82013,OLD CATTON MEDICAL PRACTICE,8429.25,7473.64,0.8866316694842364
D82015,BRIDGE STREET SURGERY,8505.0,9712.25,1.1419459141681363
D82016,MARKET SURGERY,10165.0,11585.16,1.139710772257747
D82017,TRINITY & BOWTHORPE MEDICAL PRACTICE,11358.75,10883.34,0.9581459227467811
D82018,HELLESDON MEDICAL PRACTICE,11113.0,10592.62,0.9531737604607218
D82019,THE MILLWOOD PARTNERSHIP,19572.25,20027.01,1.0232349372197882
D82020,ORCHARD SURGERY,11661.0,11687.83,1.0023008318326043
D82022,LAWNS PRACTICE,7202.5,7080.22,0.9830225616105519
D82023,ROUNDWELL MEDICAL CENTRE,14691.0,13288.97,0.9045653801647267
D82024,MARRIOTT'S MEDICAL PRACTICES,8112.0,7257.46,0.8946572978303747
D82025,HOVETON & WROXHAM MEDICAL CENTRE,10197.5,11828.11,1.1599029173817113
D82026,LAKENHAM SURGERY,8965.75,9086.94,1.0135169952318546
D82027,HEACHAM GROUP PRACTICE,7601.25,10556.34,1.3887636901825358
D82028,LUDHAM AND STALHAM GREEN SURGERIES,5860.25,7569.09,1.2915984812934602
D82029,DRAYTON MEDICAL PRACTICE,19002.0,19039.29,1.001962425007894
D82030,REEPHAM & AYLSHAM MEDICAL PRACTICE,8861.75,10291.83,1.1613767032471014
D82031,PARISH FIELDS PRACTICE,8243.0,8039.46,0.9753075336649278
D82032,BRUNDALL MEDICAL PARTNERSHIP,8139.75,8846.81,1.0868650757087133
D82034,ATTLEBOROUGH SURGERY,18603.25,19469.83,1.0465821832206739
D82035,UPWELL HEALTH CENTRE,10979.75,13439.49,1.224025137184362
D82036,OLD MILL AND MILLGATES MEDICAL PRACTICE,8982.0,9394.03,1.0458728568247606
D82037,LONG STRATTON MEDICAL PARTNERSHIP,11329.75,12275.9,1.0835102274984
D82038,WELLS HEALTH CENTRE,3296.0,4188.23,1.270700849514563
D82039,MATTISHALL AND LENWADE SURGERIES,8642.25,10206.08,1.180951719748908
D82040,WENSUM VALLEY MEDICAL PRACTICE,12702.0,11520.48,0.9069815777042985
D82041,SCHOOL LANE SURGERY,10696.75,10181.08,0.9517918994086989
D82042,E HARLING & KENNINGHALL MEDICAL PRACTICE,8663.75,9618.84,1.1102397922377722
D82043,WATLINGTON MEDICAL CENTRE,6796.25,7231.24,1.0640044141990068
D82044,VIDA HEALTHCARE,30566.75,35518.21,1.1619884351460328
D82045,WYMONDHAM MEDICAL PARTNERSHIP,19626.25,19781.14,1.0078919814024585
D82046,CHURCH HILL SURGERY,4514.0,5188.81,1.1494926894107222
D82047,OAK STREET MEDICAL PRACT.,6985.25,7430.39,1.063725707741312
D82048,THORPEWOOD MEDICAL GROUP,12377.75,11533.75,0.9318131324352165
D82049,LITCHAM HEALTH CENTRE,3602.0,4218.72,1.1712159911160467
D82050,THEATRE ROYAL SURGERY,9518.0,10095.77,1.0607028787560413
D82051,ST JAMES MEDICAL PRACTICE,17955.0,19951.77,1.1112096908939015
D82053,MUNDESLEY MEDICAL CENTRE,5771.0,7495.03,1.2987402529890832
D82054,FAKENHAM MEDICAL PRACTICE,15623.5,17990.65,1.151512145165936
D82056,ELMHAM SURGERY,9773.0,11639.07,1.1909413690780721
D82057,CAMPINGLAND SURGERY,7372.0,9739.44,1.3211394465545307
D82058,COASTAL VILLAGES PRACTICE,17519.5,21057.19,1.2019287080110732
D82059,BIRCHWOOD MEDICAL PRACTICE,12008.75,13309.73,1.1083360049963569
D82060,BACON ROAD MEDICAL CENTRE,4984.0,4784.64,0.9600000000000001
D82062,COLTISHALL MEDICAL PRACTICE,8817.5,9859.33,1.1181548057839523
D82063,WATTON MEDICAL PRACTICE,14189.75,14385.13,1.0137690938881938
D82064,HUMBLEYARD PRACTICE,22318.5,21620.3,0.9687165356094719
D82065,MANOR FARM MEDICAL CENTRE,7796.25,9960.69,1.2776257816257817
D82066,PASTON SURGERY,6737.75,7721.32,1.145978998923973
D82067,THE PARK SURGERY,14826.25,16534.02,1.1151855661411347
D82068,HOWDALE SURGERY,7844.75,8825.72,1.125047962012811
D82070,GREAT MASSINGHAM SURGERY,6396.0,8095.39,1.265695747342089
D82071,EAST NORWICH MEDICAL PARTNERSHIP,14326.5,13937.24,0.9728293721425331
D82072,BURNHAM SURGERY,3966.0,5336.64,1.3455975794251136
D82073,THE LIONWOOD MEDICAL PRACTICE,14731.25,14064.47,0.9547370386084004
D82076,LAWSON ROAD SURGERY,8668.5,8223.93,0.9487143104343312
D82078,HEATHGATE MEDICAL PRACTICE,9890.5,9906.84,1.0016520903897679
D82079,FELTWELL SURGERY,5533.0,6632.89,1.1987872763419483
D82080,BLOFIELD SURGERY,8694.0,9428.43,1.0844755003450657
D82084,HARLESTON MEDICAL PRACTICE,7954.75,9013.51,1.1330978346271097
D82085,HINGHAM SURGERY,7740.0,8837.19,1.1417558139534885
D82087,PROSPECT MEDICAL PRACTICE,6900.25,6160.52,0.8927966378029782
D82088,UEA MEDICAL CENTRE,20251.75,13265.75,0.6550421568506425
D82096,WOODCOCK RD SURGERY,8535.25,7484.02,0.8768366480185115
D82099,SOUTHGATES SURGICAL & MEDICAL CENTRE,17344.25,17369.27,1.0014425530074809
D82100,SHIPDHAM SURGERY,4474.5,5057.76,1.1303519946362723
D82104,ACLE MEDICAL PARTNERSHIP,9544.5,11077.87,1.1606548273875008
D82105,ST CLEMENTS SURGERY,7687.5,8829.33,1.148530731707317
D82106,WEST POTTERGATE MED PRAC,5951.75,5534.84,0.9299516948796572
D82600,FLEGGBURGH SURGERY,1921.25,2365.46,1.2312088484059858
D82604,BOUGHTON SURGERY,3503.25,4612.84,1.3167316063655177
D82618,THE WOOTTONS SURGERY,5947.75,5903.43,0.9925484426884116
D82621,PLOWRIGHT MEDICAL CENTRE,6637.25,8757.7,1.3194771931146183
D82624,WINDMILL SURGERY,8216.5,7877.45,0.9587354713077344
D82628,ALDBOROUGH SURGERY,3952.0,4593.5,1.1623228744939271
D83001,CONSTABLE COUNTRY RURAL MEDICAL PRACTICE,10931.5,11805.72,1.079972556373782
D83002,ALEXANDRA & CRESTVIEW SURGERIES,15434.25,16309.09,1.056681730566759
D83003,WICKHAMBROOK SURGERY,5126.0,6004.01,1.171285602809208
D83004,FELIXSTOWE ROAD MEDICAL PRACTICE,10300.75,9974.42,0.9683197825401063
D83005,ANGEL HILL SURGERY,14171.75,14891.5,1.0507876585460512
D83006,BILDESTON HEALTH CENTRE,7253.25,8539.49,1.1773329197256401
D83007,IXWORTH SURGERY,9374.75,10692.04,1.1405146803914772
D83008,BURLINGTON PRIMARY CARE,17083.25,15654.21,0.9163484699925365
D83009,BECCLES MEDICAL CENTRE,19295.75,20652.74,1.0703258489563765
D83010,LONGSHORE SURGERIES,6328.25,7861.25,1.242247066724608
D83011,BRIDGE ROAD SURGERY,12196.75,13338.88,1.093642158771804
D83012,UNITY HEALTHCARE,25061.75,26088.56,1.040971201133201
D83013,THE GUILDHALL AND BARROW SURGERY,13502.75,14010.68,1.0376167817666773
D83014,THE LONG MELFORD PRACTICE,0.0,0.0,
D83015,HOWARD HOUSE SURGERY,8513.25,9955.14,1.1693700995507004
D83016,VICTORIA ROAD SURGERY,10628.0,11230.65,1.0567039894617989
D83017,NEEDHAM MARKET COUNTRY PRACTICE,13820.75,14423.92,1.0436423493659897
D83018,MARKET CROSS SURGERY,12710.5,12728.7,1.0014318870225405
D83019,MENDLESHAM MEDICAL GROUP,7765.5,8330.51,1.0727589981327668
D83020,THE HOLBROOK AND SHOTLEY PRACTICE,8235.5,9155.49,1.1117102786716047
D83021,HAVERHILL FAMILY PRACTICE,19409.5,17684.56,0.9111290862721864
D83022,SOLE BAY H/C,5459.5,6726.66,1.2321018408279145
D83023,HIGH STREET SURGERY,11804.5,12681.47,1.0742911601507898
D83024,IVRY STREET MEDICAL PRACTICE,13694.25,13277.11,0.9695390401080746
D83026,FRAMLINGHAM SURGERY,9367.25,10647.64,1.1366879286877152
D83027,ORCHARD HOUSE SURGERY,11957.75,11924.72,0.9972377746649662
D83028,LEISTON SURGERY,9485.75,11674.96,1.2307893419075981
D83029,THE ROOKERY MEDICAL CENTRE,14213.5,14355.55,1.009994019769937
D83030,KIRKLEY MILL HEALTH CENTRE,7340.25,7482.57,1.019388985388781
D83033,BOTESDALE HEALTH CENTRE,9971.0,11424.05,1.1457276100692007
D83034,BUNGAY MEDICAL CENTRE,11781.25,13182.32,1.1189237135278514
D83035,CUTLERS HILL SURGERY,10608.0,12903.11,1.2163565233785822
D83037,HADLEIGH HEALTH CENTRE,16224.5,17694.81,1.0906228235076583
D83038,MOUNT FARM SURGERY,15864.75,15039.82,0.9480023322145007
D83040,VICTORIA SURGERY,11105.75,11427.88,1.0290056952479572
D83041,DEBENHAM GROUP PRACTICE,9739.0,10594.42,1.0878344799260704
D83043,EYE HEALTH CENTRE,6213.0,7227.71,1.163320457106068
D83044,STOWHEALTH,22943.0,20924.32,0.912013250228828
D83045,LAKENHEATH SURGERY,5508.5,5654.97,1.026589815739312
D83046,TWO RIVERS MEDICAL CENTRE,29796.5,27108.49,0.90978772674643
D83047,ROSEDALE SURGERY,15880.75,16039.39,1.0099894526392015
D83048,GROVE MEDICAL CENTRE,17240.0,18633.67,1.0808393271461716
D83049,LITTLE ST JOHN STREET SURGERY,6920.25,7865.85,1.1366424623387883
D83050,CARDINAL MEDICAL PRACTICE,28621.75,26389.87,0.9220215395634439
D83051,THE DERBY ROAD PRACTICE,19262.25,18008.66,0.9349198561954081
D83053,SAXMUNDHAM HEALTH CENTRE,9447.5,12284.05,1.3002434506483196
D83054,THE PENINSULA PRACTICE,6783.25,8438.15,1.2439685991228393
D83055,WOOLPIT HEALTH CENTRE,16057.75,17026.77,1.0603459388768663
D83056,HAWTHORN DRIVE SURGERY,10720.75,9951.02,0.9282018515495651
D83057,FRAMFIELD HOUSE SURGERY,14291.75,14839.13,1.038300418073364
D83059,BARRACK LANE MEDICAL CENTRE,21175.0,18995.63,0.897078158205431
D83060,HARDWICKE HOUSE GROUP PRACTICE,24213.5,25812.35,1.066031346149875
D83061,WICKHAM MARKET MEDICAL CENTRE,9949.5,11533.91,1.159245188200412
D83062,FOREST SURGERY,7555.0,9416.21,1.2463547319655857
D83064,GLEMSFORD SURGERY,4684.5,4963.42,1.0595410395986764
D83067,OAKFIELD SURGERY,7951.0,7878.66,0.9909017733618413
D83069,FRESSINGFIELD MEDICAL CENTRE,6391.25,7662.96,1.1989767259925679
D83070,STANTON SURGERY,5215.5,6235.46,1.1955632250023966
D83073,DR SOLWAY AND DR ROY PRACTICE,5962.25,5176.2,0.8681621870937984
D83074,ORCHARD MEDICAL PRACTICE,14441.75,12464.8,0.8631086952758494
D83075,SIAM SURGERY,12411.75,12848.56,1.0351932644469957
D83076,CLARE GUILDHALL SURGERY,5392.25,6725.69,1.2472882377486205
D83078,THE REYNARD SURGERY,10119.25,9369.32,0.9258907527731798
D83079,COMBS FORD SURGERY,9366.25,8865.66,0.9465538502602429
D83080,MARTLESHAM SURGERY,5927.25,5644.22,0.9522493567843435
D83081,HAVEN HEALTH,8543.75,8655.3,1.0130563277249451
D83084,EMBRACE MEDICAL CENTRE,6534.5,5885.79,0.9007253806718188
D83608,ANDAMAN SURGERY,6423.0,6716.06,1.0456266542114276
D83610,SWAN SURGERY,12834.25,12162.22,0.9476377661335879
E81002,GREENSAND SURGERY (AMPTHILL),10163.75,9783.53,0.9625905792645432
E81003,DR JL HENDERSON & PARTNERS,20736.5,19380.94,0.9346292768789333
E81004,SALISBURY HOUSE SURGERY,11914.75,10994.07,0.9227277114500934
E81005,BELL HOUSE MEDICAL CENTRE,11011.5,10412.52,0.9456041411251873
E81006,STOPSLEY VILLAGE PRACTICE,9441.5,8988.34,0.9520033892919557
E81007,HARROLD MEDICAL PRACTICE,6632.25,7265.1,1.0954201062987674
E81008,WHEATFIELD SURGERY,12387.5,12077.14,0.9749457114026235
E81009,WEST STREET SURGERY,12366.25,12400.04,1.002732437076721
E81010,DR WHM MATTA'S PRACTICE,9420.5,8998.66,0.9552210604532668
E81012,GREENSANDS (POTTON),12828.5,13329.2,1.0390302841329853
E81013,CASTLE MEDICAL GROUP PRACTICE,16433.75,14857.4,0.9040784969955122
E81014,PRIORY GARDENS SURGERY,18573.75,16668.82,0.8974396661955717
E81015,FLITWICK SURGERY,14279.5,13568.8,0.9502293497671487
E81016,LISTER HOUSE SURGERY,6418.0,5947.37,0.9266703022748519
E81018,WOODLAND AVENUE PRACTICE,13218.25,12387.29,0.9371353999205644
E81019,LONDON ROAD HEALTH CENTRE,22542.5,20814.05,0.9233248308750138
E81021,QUEENS PARK HEALTH CENTRE,22582.5,19227.41,0.8514296468504373
E81022,LARKSFIELD AND ARLESEY MEDICAL PRACTICE,19598.75,18250.79,0.931222144269405
E81024,SHARNBROOK SURGERY,6130.0,7037.19,1.1479918433931484
E81025,THE OAKLEY SURGERY,7620.0,7400.21,0.9711561679790026
E81026,CHURCHFIELD MEDICAL CTR,9797.75,8978.76,0.9164104003470185
E81027,HOUGHTON REGIS MEDICAL CENTRE,13456.75,12650.55,0.940089546138555
E81028,THE BLENHEIM MEDICAL CENTRE,16432.25,14312.63,0.8710085350454136
E81029,PUTNOE MEDICAL CENTRE PARTNERSHIP,17709.25,16779.66,0.9475082231037452
E81030,CAULDWELL MEDICAL CENTRE,10853.75,9323.2,0.8589842220430728
E81031,GREAT BARFORD SURGERY,5173.5,5554.53,1.0736503334299796
E81032,LEA VALE MEDICAL PRACTICE,47452.75,42650.81,0.8988058647812824
E81033,SHEFFORD HEALTH CENTRE,19863.5,19686.02,0.9910650187529891
E81034,TODDINGTON MEDICAL CENTRE,7854.25,8083.09,1.0291358181876054
E81035,SANDY HEALTH CENTRE,9574.25,9750.21,1.018378463064992
E81036,IVEL MEDICAL CENTRE,13180.25,12728.49,0.9657244741184727
E81037,THE DE PARYS GROUP,37099.25,37369.44,1.0072828965545126
E81038,KING STREET SURGERY,21793.25,21335.46,0.9789939545501474
E81040,SUNDON MEDICAL CENTRE,9426.25,9324.37,0.9891918843654689
E81041,GARDENIA PRACTICE,13981.75,12816.02,0.916624886012123
E81043,MARSTON FOREST HEALTHCARE,10599.0,10430.1,0.9840645343900368
E81044,LEIGHTON ROAD SURGERY,20095.25,17529.01,0.872296189397992
E81045,KINGSBURY COURT SURGERY,10255.25,10156.31,0.990352258599254
E81046,DR A SULAKSHANA & PARTNERS,12049.0,12330.03,1.0233239272968713
E81047,GOLDINGTON AVENUE SURGERY,18376.75,18622.94,1.013396819350538
E81048,BUTE HOUSE MEDICAL CENTRE,10785.75,10220.58,0.9476003059592518
E81049,PRIORY MEDICAL CENTRE,7736.0,7898.05,1.0209475180972079
E81050,ASPLANDS MEDICAL CENTRE,12708.5,13396.89,1.0541676830467797
E81052,KIRBY ROAD SURGERY,8133.75,7809.66,0.9601549100968187
E81057,SAFFRON HEALTH PARTNERSHIP,21951.0,21786.62,0.9925115028928067
E81060,LINDEN ROAD SURGERY,6036.25,5852.76,0.9696019879892318
E81061,DR CARRAGHER AND NEAL AND AKHTAR,7114.25,6728.61,0.9457933021752116
E81063,CONWAY MEDICAL CENTRE,8880.25,7617.54,0.8578069311111737
E81064,BRAMINGHAM PARK MEDICAL CENTRE,2.0,4.76,2.38
E81069,CADDINGTON SURGERY,5018.75,5832.02,1.1620463262764633
E81073,THE MEDICI MEDICAL PRACTICE,18030.0,16712.62,0.9269339988907376
E81074,HOUGHTON CLOSE SURGERY,11737.0,11865.16,1.0109193149867939
E81076,DR DV SHAH'S PRACTICE,5346.75,5030.65,0.9408799738158694
E81077,OLIVER STREET SURGERY,0.0,0.0,
E81612,DRS MIRZA SUKHANI & PARTNERS,5819.5,5334.66,0.9166870006014262
E81615,ASHBURNHAM ROAD SURGERY,4213.0,3465.14,0.8224875385710895
E81617,DR PS BATH'S PRACTICE,5289.25,5137.05,0.9712246537788912
E81631,MALZEARD ROAD PRACTICE,9651.25,8387.37,0.8690449423649788
E81632,BARTON HILLS MEDICAL GROUP,8162.25,7627.46,0.9344800759594475
E81633,NEVILLE ROAD SURGERY,5158.5,4259.54,0.8257322865173985
E81635,EASTGATE SURGERY,7162.75,6925.86,0.9669275068933021
E82001,ROTHSCHILD HOUSE GROUP,43664.0,43220.47,0.9898422041040674
E82002,WRAFTON HOUSE SURGERY,10575.0,10085.47,0.9537087470449171
E82004,HATFIELD ROAD SURGERY,5190.75,4008.23,0.7721870635264654
E82005,STANMORE MEDICAL GROUP,50042.75,45244.51,0.9041171798112614
E82006,THE LIMES SURGERY,7761.75,7610.26,0.9804824942828615
E82007,HANSCOMBE HOUSE SURGERY,12385.0,11526.17,0.9306556318126766
E82008,THE NEVELLS ROAD SURGERY,11372.75,10959.27,0.9636429183794597
E82009,LINCOLN HOUSE SURGERY,22979.5,21164.73,0.921026567157684
E82012,FAIRBROOK MEDICAL CENTRE,14323.75,14264.25,0.9958460598656078
E82013,BRIDGEWATER SURGERIES,35431.5,32509.24,0.9175236724383671
E82014,"LODGE,HIGHFIELD & REDBOURN",19897.75,18549.35,0.9322335439936675
E82015,SUTHERGREY HOUSE MEDICAL CENTRE,8917.75,8558.8,0.959748815564464
E82017,GARSTON MEDICAL CENTRE,12700.75,11445.8,0.9011908745546522
E82018,LISTER HOUSE SURGERY,14755.0,13971.96,0.946930532023043
E82019,BRIDGE COTTAGE SURGERY,15613.5,16343.97,1.0467845134018636
E82020,CONSULTING ROOMS,6682.25,6627.85,0.9918590295185006
E82021,MUCH HADHAM HEALTH CENTRE,6662.0,7108.09,1.0669603722605825
E82022,FERNVILLE SURGERY,17959.0,16558.85,0.9220363049167547
E82023,BURVILL HOUSE SURGERY,12409.75,10814.52,0.8714534942283285
E82024,LEA WHARF MEDICAL,16901.25,16272.34,0.9627891428148806
E82027,PARKFIELD MEDICAL CENTRE,12812.75,12731.66,0.9936711478800414
E82031,MALTINGS SURGERY,18556.75,16417.38,0.8847120320099155
E82032,BENNETTS END SURGERY,15301.0,13937.78,0.9109064767008692
E82035,KNEBWORTH & MARYMEAD PRACTICE,13062.0,12583.95,0.963401469912724
E82037,VILLAGE SURGERY,15588.75,14059.1,0.9018747494186513
E82038,THE BUNTINGFORD & PUCKERIDGE MED PRAC.,20283.0,21065.78,1.0385929103189864
E82040,PEARTREE LANE SURGERY,21370.5,20269.43,0.948477106291383
E82041,THE GARDEN CITY PRACTICE,12565.0,11315.29,0.9005403899721449
E82042,ABBEY ROAD SURGERY,9568.75,8904.34,0.9305645983017635
E82043,SCHOPWICK SURGERY,15038.5,15208.75,1.0113209429131895
E82044,THE PORTMILL SURGERY,14224.0,13965.6,0.9818335208098988
E82045,WATFORD HEALTH CENTRE,19476.5,16652.47,0.8550032089954561
E82046,VINE HOUSE HEALTH CENTRE,10757.0,10412.8,0.9680022311053267
E82049,BALDWINS LANE SURGERY,0.0,0.0,
E82050,GROVE HILL MEDICAL CENTRE,5176.5,4686.54,0.9053491741524196
E82051,EVEREST HOUSE SURGERY,14578.5,13345.25,0.9154062489282162
E82053,BANCROFT MEDICAL CENTRE,17990.0,16788.85,0.9332323513062812
E82055,MIDWAY SURGERY,13581.5,14038.64,1.0336590214630195
E82056,SHEPHALL HEALTH CENTRE,10073.75,9183.68,0.9116446209207097
E82058,POTTERELLS MEDICAL CENTRE,16965.5,14646.93,0.8633361822522178
E82059,GRANGE STREET SURGERY,10593.75,9836.26,0.9284965191740413
E82060,PARKBURY HOUSE SURGERY,22327.0,19021.46,0.8519487615891074
E82061,AMWELL SURGERY,14029.25,13165.09,0.9384029794892813
E82062,HALL GROVE GROUP PRACTICE,16028.5,16009.56,0.9988183548055026
E82063,THE MAPLES,12597.25,10880.49,0.8637194625811189
E82064,CHORLEYWOOD HEALTH CENTRE,7413.75,6806.09,0.9180360816051256
E82066,HAVERFIELD SURGERY,3733.0,3680.53,0.9859442807393518
E82067,CHURCH STREET PARTNERSHIP,16605.75,14057.45,0.846541107748822
E82068,GADE SURGERY,12232.75,11411.55,0.9328687335227156
E82069,THE ELMS SURGERY,8913.5,7325.81,0.821878050148651
E82070,WOODHALL FARM MEDICAL CTR,3342.75,2806.21,0.839491436691347
E82071,ELMS MEDICAL PRACTICE,17082.75,14117.44,0.8264149507544161
E82073,MANOR VIEW PRACTICE,47582.5,44660.16,0.9385837230074082
E82074,SOUTH STREET SURGERY,22903.25,18813.25,0.8214227238492354
E82075,REGAL CHAMBERS SURGERY,12564.0,12172.77,0.9688610315186247
E82077,DAVENPORT HOUSE SURGERY,12738.25,10621.29,0.8338107667850765
E82078,HIGHVIEW MEDICAL CENTRE,10041.75,9796.11,0.9755381283142879
E82079,CROMWELL MEDICAL CENTRE,8957.75,8152.65,0.9101225196059278
E82081,CUFFLEY AND GOFFS OAK MEDICAL PRACTICE,13400.0,12973.8,0.9681940298507462
E82082,THE BIRCHWOOD AND SOLLERSHOTT SURGERIES,18485.5,18446.39,0.9978842876849422
E82083,COLNE HOUSE SURGERY,10329.5,9973.69,0.9655539958371655
E82084,HARVEY GROUP PRACTICE,14350.75,12720.98,0.8864331132519206
E82085,THE RED HOUSE GROUP,18905.75,18297.99,0.9678531663647304
E82086,KING GEORGE & MANOR HOUSE SURGERIES,24030.75,22172.8,0.9226844771802793
E82088,HAILEY VIEW SURGERY,10050.5,9094.51,0.9048813491866077
E82090,PARK LANE SURGERY,10213.5,9244.98,0.9051725657218387
E82091,PARKWOOD SURGERY,17813.25,16293.76,0.9146988898713037
E82092,DOLPHIN HOUSE SURGERY,16208.0,14654.03,0.9041232724580455
E82093,BEDWELL MEDICAL CENTRE,13574.75,13160.95,0.9695169340135178
E82094,THE MANOR STREET SURGERY,12400.0,11177.81,0.9014362903225807
E82096,SHEEPCOT MEDICAL CENTRE,10773.5,10022.91,0.9303299763308117
E82098,ANNANDALE MEDICAL CENTRE,7696.5,7749.24,1.0068524654063535
E82099,THE BALDOCK SURGERY,12739.0,12288.05,0.9646008320904309
E82100,CENTRAL SURGERY,13682.75,13728.24,1.0033246240704536
E82102,NEW RIVER HEALTH,18334.0,16622.21,0.9066330315261263
E82104,THE SOLLERSHOTT SURGERY,0.0,0.0,
E82105,ABBOTSWOOD MEDICAL CENTRE,4887.25,4306.57,0.8811847153307074
E82106,NEW ROAD SURGERY,14059.5,13020.34,0.9260884099719051
E82107,SUMMERFIELD HEALTH CENTRE,10373.25,9831.42,0.9477666112356301
E82111,THE SYMONDS GREEN HEALTH CENTRE,6021.25,6000.85,0.9966119991696077
E82113,VERULAM MEDICAL GROUP,7278.25,6715.83,0.9227259299969086
E82115,STOCKWELL LODGE MED.CTR.,10459.5,9651.78,0.9227764233471963
E82117,THE GROVE MEDICAL CENTRE,12950.75,12304.78,0.9501210354612668
E82121,WATTON PLACE CLINIC,5123.75,5256.64,1.0259360819712127
E82123,WARDEN LODGE MEDICAL PRACTICE,9494.5,8876.22,0.9348801937964084
E82124,ATTENBOROUGH SURGERY,33003.0,31392.34,0.9511965578886767
E82129,KINGS LANGLEY SURGERY,15433.75,15580.53,1.0095103263950758
E82132,ROYSIA SURGERY,6102.25,5708.19,0.935423819083125
E82133,HIGH STREET SURGERY,8599.75,7440.13,0.8651565452484083
E82626,WHITWELL SURGERY,2951.75,3393.44,1.149636656220886
E82638,STANHOPE SURGERY,6836.75,6070.11,0.887864848063773
E82640,HIGHFIELD SURGERY,0.0,0.0,
E82643,ARCHWAY SURGERY,2707.25,2724.56,1.0063939421922614
E82652,GOSSOMS END SURGERY,3231.5,2898.29,0.8968868946309763
E82654,HELIX MEDICAL CENTRE,9889.0,8094.83,0.8185691172009303
E82655,SOUTH OXHEY SURGERY,4132.5,4031.23,0.9754942528735632
E82657,LITTLE BUSHEY SURGERY,6356.25,6283.45,0.9885467059980334
E82661,THE GARDEN CITY SURGERY,8189.0,7439.51,0.9084760043961412
E83003,OAKLEIGH ROAD HEALTH CENTRE,10183.25,9510.45,0.93393071956399
E83005,LICHFIELD GROVE SURGERY,6291.25,5088.39,0.8088042916749454
E83006,GREENFIELD MEDICAL CENTRE,7113.5,6085.02,0.8554185703240318
E83007,SQUIRES LANE MEDICAL PRACTICE,5226.25,4681.71,0.8958067447978952
E83008,HEATHFIELDE MEDICAL CENTRE,8529.75,7201.73,0.8443072774700313
E83009,PHGH DOCTORS,12730.25,11165.12,0.8770542605211996
E83010,THE SPEEDWELL PRACTICE,12199.75,10893.76,0.8929494456853624
E83011,THE EVERGLADE MEDICAL PRACTICE,10811.75,9584.25,0.8864661132564109
E83012,THE OLD COURT HOUSE SURGERY,10076.25,10566.84,1.0486877558615557
E83013,CORNWALL HOUSE SURGERY,5898.5,5384.8,0.912910061880139
E83016,MILLWAY MEDICAL PRACTICE,23334.0,21720.09,0.9308344047312934
E83017,LONGROVE SURGERY,17582.5,17883.12,1.0170976823546138
E83018,WATLING MEDICAL CENTRE,17988.25,17464.17,0.9708654260419995
E83020,ST. GEORGES MEDICAL CENTRE,12134.5,10453.77,0.8614916148172567
E83021,TORRINGTON PARK GROUP PRACTICE,12621.0,11463.62,0.9082972823072657
E83024,ST ANDREWS MEDICAL PRACTICE.,11646.75,10758.19,0.9237074720415567
E83025,PENNINE DRIVE PRACTICE,7962.75,6913.99,0.8682917333835672
E83026,SUPREME MEDICAL CENTRE,4152.5,3777.33,0.9096520168573149
E83027,THE PRACTICE AT 188,9617.0,8664.34,0.9009400020796506
E83028,PARKVIEW SURGERY,6344.75,5720.32,0.9015831987075928
E83030,PENSHURST GARDENS SURGERY,7054.75,6761.98,0.958500301215493
E83031,THE VILLAGE SURGERY,6083.25,5662.26,0.930795216372827
E83032,OAK LODGE MEDICAL CENTRE,17677.5,15486.35,0.8760486494130958
E83034,COLNEY HATCH LANE SURGERY,5045.0,4727.83,0.9371318136769078
E83035,WENTWORTH MEDICAL PRACTICE.,18511.75,16964.82,0.9164352370791524
E83038,JAI MEDICAL CENTRE,9256.0,8827.41,0.9536959809853068
E83039,RAVENSCROFT MEDICAL CENTRE,5830.25,4747.11,0.8142206594914454
E83041,WAKEMANS HILL SURGERY,4636.5,4140.13,0.8929429526582552
E83044,ADDINGTON MEDICAL CENTRE,9764.5,9553.64,0.978405448307645
E83045,FRIERN BARNET MEDICAL CENTRE,9773.0,8895.34,0.9101954364064259
E83046,MULBERRY MEDICAL PRACTICE,8486.0,7772.47,0.9159168041480085
E83049,LANGSTONE WAY SURGERY,7929.0,6564.61,0.8279240761760626
E83050,EAST FINCHLEY MEDICAL CENTRE,7503.75,6863.06,0.9146173579876729
E83053,LANE END MEDICAL GROUP,14631.5,13101.78,0.8954502272494277
E83600,682 FINCHLEY ROAD,7491.25,5882.21,0.7852107458701819
E83613,EAST BARNET HEALTH CENTRE,11371.25,10369.17,0.9118760030779378
E83621,BRUNSWICK PARK MEDICAL PRACTICE,9127.5,8500.86,0.9313459326211997
E83622,TEMPLE FORTUNE MEDICAL GROUP,9408.25,8214.56,0.8731230568915579
E83637,COLINDALE MEDICAL CENTRE LP,12079.0,10582.63,0.8761180561304743
E83638,THE MOUNTFIELD SURGERY,5034.25,4609.42,0.9156120574067637
E83639,ROSEMARY SURGERY,6434.5,5233.49,0.8133483565156577
E83649,THE HODFORD ROAD PRACTICE,4449.0,3854.59,0.866394695437177
E83653,THE PHOENIX PRACTICE,11824.25,10316.11,0.8724536439943338
E83668,DR SP TALPAHEWA,4007.0,3508.88,0.8756875467931121
E84002,FORTY WILLOWS SURGERY,7543.75,7535.96,0.9989673570836786
E84003,PREMIER MEDICAL CENTRE,14602.0,13017.96,0.891518970004109
E84004,THE CIRCLE PRACTICE,7845.25,7444.16,0.948874796851598
E84005,KINGS ROAD SURGERY,7590.75,6720.81,0.8853947238415177
E84006,THE LAW MEDICAL GRP PRAC,16974.75,18568.95,1.0939159634162507
E84007,UXENDON CRESCENT SURGERY,5849.5,5925.95,1.01306949311907
E84008,SIMPSON HOUSE MEDICAL CENTRE,10373.75,9655.6,0.9307723822147247
E84009,ENDERLEY ROAD MEDICAL CENTRE,12217.25,11974.68,0.9801452863778674
E84011,ST ANDREWS MEDICAL CENTRE,1613.5,1774.58,1.0998326619150913
E84012,MAPESBURY MEDICAL GROUP,8305.75,8269.7,0.9956596333865094
E84013,CHURCH END MEDICAL CENTRE,8489.75,8529.29,1.0046573809593924
E84014,BACON LANE SURGERY,9792.75,8996.35,0.9186745296265094
E84015,WILLOW TREE FAMILY DOCTORS,15477.25,14484.32,0.9358458382464585
E84017,SUDBURY & ALPERTON MEDICAL CENTRE,7864.75,7350.77,0.9346476366063766
E84018,STREATFIELD HEALTH CENTRE,7857.5,7102.0,0.9038498250079542
E84020,JAI MEDICAL CENTRE (BRENT),6476.75,6495.87,1.0029520978886015
E84021,THE WILLESDEN MEDICAL CENTRE,15481.75,14795.59,0.9556794290051189
E84022,ROXBOURNE MEDICAL CENTRE,7310.25,6679.92,0.913774494716323
E84024,THE PINN MEDICAL CENTRE,20407.0,18791.74,0.9208477483216544
E84025,THE LONSDALE MEDICAL CTR.,19114.5,19398.06,1.014834811268932
E84028,THE STONEBRIDGE PRACTICE,6379.0,6808.99,1.0674071171029942
E84030,PRESTON HILL SURGERY,4466.75,4060.51,0.9090524430514356
E84031,BRENTFIELD MEDICAL CENTRE,9485.25,9824.61,1.0357776547797897
E84032,ELLIS PRACTICE,7475.5,6710.55,0.8976723964952177
E84033,CHALKHILL FAMILY PRACTICE,7106.75,6092.94,0.85734548140852
E84036,GLADSTONE MEDICAL CENTRE,9569.0,8774.79,0.9170017765701746
E84039,HONEYPOT MEDICAL CENTRE,18041.75,15544.59,0.8615899233721784
E84040,THE PINNER ROAD SURGERY,4637.5,3902.77,0.8415676549865229
E84042,KILBURN PARK MEDICAL CENTRE,6823.25,6754.93,0.9899871761990254
E84044,THE NORTHWICK SURGERY,11310.25,10472.74,0.9259512389204483
E84048,THE FRYENT WAY SURGERY,7611.5,6982.0,0.9172961965447021
E84049,BRAMPTON HEALTH CENTRE,7214.75,6302.98,0.8736241727017567
E84051,STANLEY CORNER MEDICAL CENTRE,6397.5,5880.24,0.9191465416178194
E84053,HATCH END MEDICAL CENTRE,3406.5,3392.9,0.9960076324673419
E84057,THE STANMORE MEDICAL CENTRE,12877.25,11962.49,0.928963093828263
E84058,GP DIRECT,26952.0,22191.88,0.8233852775304245
E84059,THE ALLENDALE ROAD SURGERY,4748.25,4409.49,0.9286558205654715
E84061,ELLIOTT HALL MEDICAL CTR.,11394.0,11017.17,0.9669273301737756
E84062,THE SHAFTESBURY MEDICAL CENTRE,5493.5,4857.11,0.8841558205151542
E84063,LANCELOT MEDICAL CENTRE,8652.0,6848.71,0.7915753582986593
E84066,GP PATHFINDER CLINICS,98826.25,82967.09,0.83952482260533
E84067,CHURCH LANE SURGERY,9947.25,8667.34,0.8713302671592651
E84068,THE RIDGEWAY SURGERY,15064.25,13100.07,0.8696131569776125
E84069,BELMONT HEALTH CENTRE,18465.5,16490.57,0.89304757520782
E84070,PINNER VIEW MEDICAL CENTRE,5628.25,4937.96,0.8773526406964864
E84074,FREUCHEN MEDICAL CENTRE,12352.0,12651.85,1.024275420984456
E84075,MOLLISON WAY SURGERY,12007.25,9311.62,0.7754998022028359
E84076,OXGATE GARDENS SURGERY,6638.25,6491.98,0.9779655782774074
E84078,KINGSBURY HEALTH AND WELLBEING,4841.5,4620.36,0.9543240731178353
E84080,STAVERTON SURGERY,8593.25,8466.13,0.9852069938614609
E84083,LANFRANC MEDICAL CENTRE,5958.0,5557.81,0.9328314870762001
E84086,WALM LANE SURGERY,6991.75,6820.08,0.9754467765580863
E84601,KENTON BRIDGE MEDICAL CENTRE DR GOLDEN,8117.75,6887.48,0.8484469218687444
E84617,THE CIVIC MEDICAL CENTRE,6858.0,5900.89,0.8604389034703995
E84620,PRESTON ROAD SURGERY,6510.25,5544.73,0.8516923313236818
E84626,THE SUNFLOWER MEDICAL CENTRE,4742.0,4396.7,0.9271826233656685
E84635,THE SURGERY,5598.0,5014.78,0.8958163629867809
E84637,HILLTOP MEDICAL PRACTICE,4919.75,4732.07,0.961851720107729
E84638,ALPERTON MEDICAL CENTRE,6160.5,5412.21,0.8785342098855612
E84645,PARK ROYAL MEDICAL PRACTICE,8807.0,8425.41,0.956671965482003
E84646,THE STREATFIELD MEDICAL CENTRE,7647.0,5540.27,0.7245024192493789
E84647,KENTON CLINIC,4325.5,4095.56,0.9468408276499827
E84653,ZAIN MEDICAL CENTRE,6459.25,5441.64,0.8424569415953865
E84656,ROUNDWOOD PARK MEDICAL CENTRE,6030.5,6030.91,1.000067987729044
E84658,ASPRI MEDICAL CENTRE,5178.25,4848.64,0.9363472215516826
E84663,KENTON BRIDGE MEDICAL CENTRE - DR RAJA,7880.0,6569.06,0.8336370558375635
E84665,NEASDEN MEDICAL CENTRE,9258.75,9075.64,0.9802230322667747
E84674,CHICHELE ROAD SURGERY,5199.75,4779.42,0.9191634213183326
E84676,HEADSTONE LANE MEDICAL CENTRE,3812.5,3254.45,0.8536262295081967
E84678,PRESTON MEDICAL CENTRE,4682.75,4357.9,0.9306283700816826
E84680,HEADSTONE ROAD SURGERY,5410.25,4628.19,0.8554484543228131
E84681,SAVITA MEDICAL CENTRE,1099.75,909.39,0.8269061150261423
E84684,THE TUDOR HOUSE MEDICAL CENTRE,4874.0,4672.36,0.9586294624538366
E84685,SUDBURY SURGERY,7940.0,7462.91,0.9399130982367758
E84693,ST. PETER'S MEDICAL CENTRE,9575.5,8268.73,0.8635298417837188
E84699,KINGS EDGE MEDICAL CENTRE,4010.0,3600.09,0.8977780548628429
E84701,PEARL MEDICAL PRACTICE,5188.25,4578.03,0.88238423360478
E84702,WILLESDEN GREEN SURGERY,12500.75,11598.63,0.927834729916205
E84704,ST. GEORGES MEDICAL CENTRE,2457.5,2402.92,0.9777904374364191
E84709,WEMBLEY PARK MEDICAL CENTRE,21034.5,18573.2,0.8829874729610878
E85001,THORNBURY ROAD CENTRE FOR HEALTH,8738.75,8559.05,0.9794364182520382
E85003,NORTH END MEDICAL CENTRE,18935.0,17046.08,0.900241880116187
E85004,ALBANY PRACTICE,7310.0,7518.82,1.0285663474692202
E85005,"THE SURGERY, DR DASGUPTA & PARTNERS",5088.0,4914.05,0.965811713836478
E85006,WATERSIDE MEDICAL CENTRE,4990.0,4883.54,0.9786653306613227
E85007,ST. MARGARETS PRACTICE,12925.75,13059.4,1.0103398255420382
E85008,NORTH FULHAM SURGERY,6606.0,6853.88,1.037523463518014
E85012,KS MEDICAL CENTRE,5361.25,5981.0,1.1155980415015154
E85013,WESTSEVEN GP,5894.0,5583.64,0.9473430607397354
E85014,NORTHFIELDS SURGERY,8554.75,7329.15,0.8567345626698617
E85015,HOUNSLOW MEDICAL CENTRE,9489.5,9817.28,1.0345413351599138
E85016,RICHFORD GATE MEDICAL CENTRE,11267.0,11621.56,1.0314688914529155
E85019,CROWN STREET SURGERY,8699.25,8366.78,0.9617817627956434
E85020,BROOK GREEN MEDICAL CENTRE,15790.0,14836.99,0.9396447118429385
E85021,YEADING MEDICAL CENTRE,6904.75,6535.61,0.9465382526521597
E85023,CHEPSTOW GARDENS MEDICAL CENTRE,2864.75,3060.73,1.0684108560956453
E85024,CARLTON SURGERY,5225.0,5450.02,1.0430660287081341
E85025,CASSIDY ROAD MEDICAL CENTRE,12045.25,10041.62,0.8336580809862809
E85026,GORDON HOUSE SURGERY,15251.0,13303.31,0.8722909973116517
E85028,HILLCREST SURGERY,9193.5,8614.32,0.9370011421112743
E85029,"THE MEDICAL CENTRE, DR JEFFERIES & PARTN",14397.0,12878.91,0.8945551156490935
E85030,CHISWICK HEALTH PRACTICE,6753.75,5900.09,0.8736020729224505
E85032,ASHCHURCH SURGERY,4579.5,4828.75,1.0544273392291734
E85033,HAMMERSMITH SURGERY,11698.75,11000.73,0.9403337963457634
E85034,GROSVENOR HOUSE SURGERY,5553.0,5396.14,0.9717522060147669
E85035,MOUNT MEDICAL CENTRE,7172.75,6769.55,0.9437872503572549
E85038,PALACE SURGERY,5542.25,4835.8,0.8725337182552213
E85040,WEST4 GPS,8011.25,7856.7,0.980708378842253
E85041,HANWELL HEALTH CENTRE (NAISH),6243.25,6024.15,0.9649060985864734
E85042,THE NEW SURGERY,7247.75,7096.06,0.9790707460936153
E85045,TWICKENHAM PARK MEDICAL CENTRE,3397.25,3515.35,1.0347634115828979
E85046,EASTMEAD AVENUE SURGERY,6087.5,5837.27,0.9588944558521562
E85048,"DR CANISIUS & DR HASAN, PARKVIEW CFH&W",7847.0,7284.88,0.9283649802472282
E85049,BELMONT MEDICAL CENTRE,8496.0,8226.69,0.9683015536723164
E85050,GREENFORD ROAD MED.CTR.,7822.25,7071.27,0.9039943750199751
E85051,GREENFORD AVENUE FHP,5056.25,4759.35,0.9412805933250927
E85052,CRANFORD MEDICAL CENTRE,7466.5,7413.39,0.9928868947967588
E85053,THE MEDICAL CENTRE,3330.75,3092.7,0.9285296104480972
E85054,HILLVIEW SURGERY,11357.0,9614.34,0.8465563088843885
E85055,THE BUSH DOCTORS,11200.25,10679.19,0.9534778241557108
E85056,ST DAVIDS PRACTICE,7689.75,7328.37,0.9530049741539062
E85057,QUEENS WALK PRACTICE,10528.75,9724.84,0.9236462068146741
E85058,BLUE WING FAMILY DOCTOR UNIT,7385.5,7601.92,1.0293033647011036
E85059,CHESTNUT PRACTICE,8420.75,8265.18,0.9815253985690111
E85060,KINGFISHER PRACTICE,6413.0,5840.98,0.9108030562919069
E85061,WELCOME PRACTICE,6342.75,6372.89,1.00475188207008
E85062,HIYOS,14149.75,11427.42,0.8076057880881288
E85064,WEST END SURGERY,6680.5,6726.02,1.0068138612379314
E85066,THE BEDFORD PARK SURGERY,4106.0,3516.45,0.8564174378957623
E85069,OLDFIELD FAMILY PRACTICE,5492.25,5061.63,0.9215949747371296
E85071,CLIFFORD HOUSE MEDICAL CENTRE,2058.5,2320.19,1.1271265484576147
E85074,WEST KENSINGTON GP SURGERY,5991.5,5399.94,0.9012667946257197
E85075,GP SURGERY @ ACTON GARDENS,4623.75,4146.12,0.8967007299270072
E85077,SHEPHERDS BUSH MEDICAL CENTRE,3648.25,3620.96,0.9925197012266155
E85083,DR SIVANESAN & PARTNER,6565.25,6150.08,0.936762499524009
E85088,ELMBANK SURGERY,6373.75,5851.03,0.9179886252206314
E85090,HAMMOND ROAD SURGERY,5643.0,5499.1,0.9744993797625378
E85091,BRUNSWICK SURGERY,3217.0,2642.77,0.8215013988187753
E85096,MEDICAL CENTRE,5964.5,5589.61,0.9371464498281499
E85098,ISLIP MANOR MEDICAL CENTRE,6445.75,5654.25,0.8772059108715045
E85099,THE AVENUE SURGERY,6484.5,5458.36,0.8417549541213663
E85103,LADY MARGARET ROAD MEDICAL CENTRE,3269.0,3606.84,1.1033465891710004
E85107,THE MILL HILL SURGERY,7518.5,7167.52,0.9533178160537342
E85108,MANDEVILLE MEDICAL CENTRE,4939.5,4544.89,0.9201113473023586
E85109,THE ACTON HEALTH CENTRE,4280.5,3748.17,0.8756383600046723
E85111,PERIVALE MEDICAL CLINIC,5415.75,4493.58,0.8297244149009833
E85112,ELMTREES SURGERY,8365.0,7313.41,0.8742869097429766
E85113,REDWOOD PRACTICE,7226.5,6616.83,0.9156341244032381
E85114,CROSSLANDS SURGERY,7661.0,7819.0,1.0206239394334944
E85115,PENTELOW PRACTICE,3990.75,4267.03,1.069230094593748
E85116,THE CUCKOO LANE PRACTICE,5960.75,5662.2,0.9499140208866333
E85118,THE FULHAM MEDICAL CENTRE,6655.5,6141.53,0.9227751483735256
E85119,THE MWH PRACTICE,13717.25,13526.65,0.9861050866609561
E85120,THE ARGYLE SURGERY,7935.25,6997.11,0.8817756214359975
E85121,GURU NANAK MEDICAL CENTRE,14429.0,13922.85,0.9649213389701297
E85122,THE FLORENCE ROAD SURGERY,14335.75,11957.17,0.8340805329334008
E85123,THE CORFTON ROAD SURGERY,9554.0,7578.29,0.793205987021143
E85124,GP AT HAND,94287.0,70500.27,0.7477199401826339
E85125,STERNDALE SURGERY,5532.5,5051.37,0.9130356981473113
E85126,GREEN PRACTICE,11023.0,10162.1,0.921899664338202
E85127,THE BARNABAS MEDICAL CTRE,8814.0,7783.73,0.8831098252779668
E85128,SANDS END HEALTH CLINIC,12510.5,11630.15,0.9296311098677111
E85129,THE MANSELL ROAD PRACTICE,5990.5,6006.63,1.0026925966113012
E85130,CHISWICK FAMILY PRACTICE,4517.0,4030.86,0.8923754704449857
E85600,WILLOW PRACTICE,6406.0,5698.13,0.8894989072744303
E85605,BRENTFORD GROUP PRACTICE,8446.25,8789.93,1.0406902471511026
E85617,ACTON TOWN MEDICAL CENTRE,3010.5,2448.41,0.8132901511376848
E85623,GUV HEALTH CENTRE,2863.25,2648.36,0.9249489216799093
E85624,"DR UPPAL & PARTN, PARKVIEW CTR FOR H&W",7156.5,7615.66,1.064159854677566
E85625,CHISWICK FAMILY DRS PRACTICE,1.5,1.84,1.2266666666666668
E85628,ELTHORNE PARK SURGERY,9784.75,8970.33,0.9167663966887248
E85633,THE SOUTHALL MEDICAL CTR.,9621.5,8794.28,0.9140238008626514
E85635,THE VALE SURGERY,5591.5,4883.24,0.8733327371903782
E85636,PARK MEDICAL CENTRE,14100.25,13159.27,0.9332650130316839
E85640,THE CHURCHFIELD ROAD SURGERY,3494.0,3140.88,0.8989353176874643
E85643,MEADOW VIEW,6655.25,5720.08,0.8594838661207317
E85649,FULHAM CROSS MEDICAL CENTRE,4584.25,3886.49,0.8477918961662213
E85656,SUNRISE MEDICAL CENTRE,5302.75,5159.48,0.9729819433312903
E85657,EALING PARK HEALTH CENTRE,11820.0,9708.16,0.8213333333333334
E85658,HOLLY ROAD MEDICAL CENTRE,4059.0,4001.6,0.9858585858585859
E85659,"DR RK KUKAR, PARKVIEW CTR FOR H&W",2258.5,2196.5,0.9725481514279389
E85663,THE SALUJA CLINIC,10757.75,9815.76,0.9124361506820664
E85677,THE HORN LANE SURGERY,7650.75,6574.27,0.859297454497925
E85680,CLOISTER ROAD SURGERY,10316.0,8409.14,0.8151550988755331
E85681,JERSEY PRACTICE,9573.0,8881.41,0.9277561892823566
E85682,DORMERS WELLS MEDICAL CENTRE,5918.75,5647.2,0.9541203801478353
E85683,GLEBE STREET SURGERY,4086.25,3783.99,0.9260299785867238
E85685,THE LILYVILLE SURGERY,11735.25,10748.82,0.9159429922668882
E85687,ACTON LANE MEDICAL CENTRE,5064.25,4306.51,0.8503746852939725
E85692,WELLESLEY ROAD PRACTICE,0.25,0.52,2.08
E85693,CHISWICK MEDICAL PRACTICE,22027.0,19569.47,0.8884310164797748
E85694,THE BOILEAU ROAD SURGERY,5372.25,4239.99,0.7892391456093815
E85696,CLIFFORD ROAD SURGERY,8309.75,7165.94,0.8623532597250217
E85697,GREENBROOK BEDFONT,6275.75,6197.54,0.9875377444926902
E85699,GROVE VILLAGE MEDICAL CENTRE,6620.75,7019.67,1.0602529924857456
E85707,SKYWAYS MEDICAL CENTRE,6799.25,6953.69,1.022714269956245
E85708,GILL MEDICAL PRACTICE,7882.75,7606.76,0.9649881069423742
E85712,GOODCARE PRACTICE,10815.25,9899.7,0.9153463858902938
E85713,HOUNSLOW FAMILY PRACTICE,6301.0,6055.27,0.9610014283447073
E85715,BROADMEAD SURGERY,7936.75,7347.25,0.9257252653794059
E85716,BATH ROAD SURGERY,15793.0,14833.27,0.9392306718166277
E85718,HATTON MEDICAL PRACTICE,4953.25,5002.31,1.0099046080856005
E85719,ASHVILLE SURGERY,11007.75,9145.49,0.8308228293702165
E85721,THE TOWN SURGERY,2237.75,1969.25,0.8800134063233158
E85725,THE GROVE MEDICAL PRACTICE,7441.25,6425.46,0.8634920208298337
E85726,MATTOCK LANE HEALTH CENTRE,3166.0,2972.48,0.938875552747947
E85727,GREENBROOK CHINCHILLA,0.0,0.0,
E85734,QUEENS PARK MEDICAL PRACTICE,6062.25,5776.41,0.9528491896573055
E85735,BRENTFORD FAMILY PRACTICE,6419.25,6308.72,0.9827814775869456
E85736,LITTLE PARK SURGERY,7251.25,7114.29,0.9811122220306844
E85739,HMC HEALTH HESTON GREAT WEST,10340.25,10060.34,0.9729300548826189
E85743,ST. GEORGES MEDICAL CTR.,3144.75,2875.54,0.9143938309881549
E85744,ARGYLE HEALTH-ISLEWORTH PRACTICE,10036.0,9387.36,0.9353686727779993
E85745,JUBILEE GARDENS MEDICAL CENTRE,7876.25,7662.42,0.9728512934454848
E85746,GROVE PARK TERRACE SURGERY,3980.5,3298.24,0.8285994221831428
E85748,"THE MEDICAL CENTRE, DR KUKAR",6152.0,5187.83,0.8432753576072822
E85750,SPRING GROVE MEDICAL PRACTICE,7597.25,7053.7,0.9284543749383
E86001,MOUNTWOOD SURGERY,11187.5,11239.94,1.004687374301676
E86004,THE MEDICAL CENTRE,11153.0,10765.44,0.965250605218327
E86005,THE OAKLAND MEDICAL CENTRE,7064.75,7047.44,0.9975498071410878
E86006,THE DEVONSHIRE LODGE PRACTICE,8386.25,7621.29,0.9087840214637055
E86007,HAREFIELD PRACTICE,9032.5,10646.54,1.1786924993080543
E86009,BELMONT MEDICAL CENTRE,9056.0,8531.11,0.9420395318021202
E86010,YIEWSLEY FAMILY PRACTICE,16554.0,14928.92,0.9018315814908784
E86011,OXFORD DRIVE MEDICAL CENTRE,6164.0,5635.71,0.9142942894224529
E86012,WOOD LANE MEDICAL CENTRE,11338.0,10616.22,0.9363397424589874
E86014,CEDARS MEDICAL CENTRE,7066.75,5952.63,0.8423433685923515
E86015,CENTRAL UXBRIDGE SURGERY,16662.0,16145.51,0.9690019205377506
E86016,THE PINE MEDICAL CENTRE,6414.5,6086.58,0.9488783225504716
E86017,HAYES MEDICAL CENTRE,20123.5,18045.01,0.8967132954008994
E86018,TOWNFIELD DOCTORS SURGERY,8206.25,8380.5,1.0212338156892613
E86019,THE WARREN PRACTICE,6787.5,6855.22,1.0099771639042359
E86020,YEADING COURT SURGERY,5339.75,5072.02,0.9498609485462803
E86022,THE ABBOTSBURY PRACTICE,5969.0,5469.4,0.9163008879209247
E86024,KING EDWARDS MEDICAL CENTRE,4439.75,4402.52,0.9916143927022919
E86026,PARKVIEW SURGERY,8389.5,8292.87,0.9884820311103165
E86027,OTTERFIELD MEDICAL CENTRE,7138.25,7242.53,1.0146086225615523
E86028,EASTBURY SURGERY,8399.25,7972.9,0.9492395154329255
E86029,CEDAR BROOK PRACTICE,10689.0,9912.19,0.9273262232201329
E86030,BRUNEL MEDICAL CENTRE,11943.25,8181.16,0.6850028258639818
E86033,ST MARTINS MEDICAL CENTRE,6277.75,5839.14,0.9301326112062444
E86034,CHURCH ROAD SURGERY,2753.0,2644.45,0.9605702869596803
E86036,HILLINGDON HEALTH CENTRE,8707.25,8640.94,0.9923845071635706
E86038,GLENDALE MEDICAL CENTRE,7151.75,7024.31,0.9821805851714616
E86041,ACRE SURGERY,5664.5,4913.79,0.8674710918880748
E86042,THE HIGH STREET PRACTICE,7851.0,7401.85,0.9427907272958859
E86605,LADYGATE LANE MEDICAL PRACTICE,2624.25,2507.1,0.9553586739068305
E86609,NORTH HYDE ROAD SURGERY,9476.75,8602.74,0.9077732344949482
E86610,WILLOW TREE SURGERY,3310.25,3214.77,0.971156257080281
E86612,SHAKESPEARE HEALTH CENTRE,5522.0,5178.72,0.937834118073162
E86615,ACREFIELD SURGERY,2642.0,2399.91,0.9083686601059803
E86618,CAREPOINT PRACTICE,7420.25,6539.37,0.8812870186314478
E86619,WALLASEY MEDICAL CENTRE,3465.0,3004.09,0.8669812409812411
E86620,WEST LONDON MEDICAL CENTRE,5451.0,5055.47,0.9274390020179784
E86625,KINCORA DOCTORS SURGERY,2931.25,2827.85,0.9647249466950959
E86626,QUEENS WALK MEDICAL CENTRE,6100.0,5519.6,0.9048524590163936
E86629,DR MLR SIDDIQUI'S PRACTICE,3709.5,3501.85,0.9440221054050411
E86632,ACORN MEDICAL CENTRE,5919.25,5375.84,0.9081961397136462
E86637,HEATHROW MEDICAL CENTRE,6363.5,6400.33,1.0057876954506169
E86640,SOUTHCOTE CLINIC,5566.75,5084.33,0.9133390218709301
E87002,VICTORIA MEDICAL CENTRE,17835.5,17712.69,0.9931142945249641
E87003,NORTH KENSINGTON MEDICAL CENTRE,5060.0,5728.24,1.1320632411067193
E87004,HEALTH PARTNERS AT VIOLET MELCHETT,10395.25,9917.76,0.9540665207666964
E87005,BELGRAVIA SURGERY,8743.5,8513.64,0.9737107565620174
E87006,LITTLE VENICE MEDICAL CENTRE,4511.75,4583.66,1.0159383831107662
E87008,PADDINGTON GREEN HEALTH CENTRE,11184.0,11452.85,1.0240388054363376
E87009,THE GARWAY MEDICAL PRACTICE,3880.0,3756.51,0.9681726804123711
E87010,MAIDA VALE MEDICAL CENTRE,5941.0,5768.79,0.971013297424676
E87011,LISSON GROVE HEALTH CENTRE,8002.0,9338.06,1.16696575856036
E87013,STANHOPE MEWS SURGERY,16378.5,13920.11,0.8499013951216534
E87016,HOLLAND PARK SURGERY,12755.25,11319.86,0.8874667293859392
E87021,SHIRLAND MEDICAL,4970.75,6438.32,1.2952411607906251
E87024,THE GOLBORNE MEDICAL CENTRE,5544.0,6191.24,1.1167460317460316
E87026,MEANWHILE GARDEN MEDICAL CENTRE,2345.0,2721.82,1.1606908315565032
E87029,PORTLAND ROAD PRACTICE,9110.75,8785.72,0.9643245616442114
E87034,MARVEN MEDICAL CENTRE,14448.0,13697.48,0.9480537098560354
E87037,CONNAUGHT SQUARE PRACTICE,11437.5,10258.13,0.8968856830601092
E87038,ELGIN CLINIC,4588.0,5348.37,1.1657301656495205
E87043,EMPEROR'S GATE SURGERY,6927.75,5224.36,0.7541207462740428
E87045,COVENT GARDEN MEDICAL CENTRE,5149.25,5689.7,1.1049570325775597
E87046,THE RANDOLPH SURGERY,13345.0,12612.14,0.9450835518920944
E87047,EARLS COURT MEDICAL CENTRE,6870.25,6566.14,0.9557352352534478
E87048,ROSARY GARDEN SURGERY,3616.75,3075.44,0.8503324808184143
E87052,CROMPTON MEDICAL CENTRE,3493.75,3685.9,1.0549982110912344
E87061,THE PEMBRIDGE VILLAS SURGERY,14115.5,11790.65,0.8352980765824802
E87063,KINGS ROAD MEDICAL CENTRE,15511.25,13553.22,0.8737671045209122
E87065,THE NOTTING HILL MEDICAL CENTRE,3680.25,3948.66,1.072932545343387
E87066,FITZROVIA MEDICAL CENTRE,7806.75,7562.15,0.9686681397508566
E87067,COLVILLE HEALTH CENTRE,10797.75,11863.98,1.0987455719941654
E87069,SOHO CENTRE FOR HEALTH AND CARE,2965.5,2927.15,0.9870679480694655
E87070,CRAWFORD STREET SURGERY,7242.25,5982.21,0.8260153957678898
E87609,ST JOHNS WOOD MEDICAL PRACTICE,21499.75,19131.84,0.8898633705043082
E87637,GRAND UNION HEALTH CENTRE,20779.75,21056.05,1.013296598852248
E87648,MAYFAIR MEDICAL CENTRE,3969.5,4062.44,1.0234135281521601
E87663,THIRD FLOOR LANARK ROAD MEDICAL CENTRE,3356.0,3261.71,0.971904052443385
E87665,THE CHELSEA PRACTICE,6567.0,5693.87,0.8670427897061063
E87677,IMPERIAL COLLEGE HEALTH CENTRE,20165.25,12957.62,0.6425717509081217
E87681,NEWTON MEDICAL CENTRE,15018.0,13845.05,0.9218970568650952
E87691,WESTMINSTER SCHOOL,77.75,54.94,0.7066237942122187
E87701,THE ABINGDON HEALTH CENTRE,8694.0,7389.96,0.8500069013112491
E87702,THE SURGERY,3116.75,2608.94,0.8370706665597176
E87706,THE FORELAND MEDICAL CENTRE,4367.75,4659.64,1.0668284585885182
E87711,ROYAL HOSPITAL CHELSEA,278.75,424.46,1.522726457399103
E87714,SOHO SQUARE GENERAL PRACTICE,6326.5,5937.75,0.9385521220263969
E87715,SCARSDALE MEDICAL CENTRE,7810.0,6190.63,0.7926542893725993
E87720,KENSINGTON PARK MEDICAL CENTRE,9136.75,7126.75,0.7800093030891728
E87722,LANCASTER GATE MEDICAL CENTRE,6816.5,5541.88,0.8130096090368958
E87733,THE EXMOOR SURGERY,5022.25,5413.97,1.0779969137338843
E87737,MARYLEBONE HEALTH CENTRE,9838.0,8515.01,0.86552246391543
E87738,KNIGHTSBRIDGE MEDICAL CTR,15325.25,12771.15,0.8333404022772875
E87739,MILLBANK MEDICAL CENTRE,9527.5,9234.68,0.9692658094988192
E87740,THE DR HICKEY SURGERY FOR THE HOMELESS,2359.0,2120.29,0.8988088172954641
E87741,WOODFIELD ROAD MEDICAL CENTRE,3606.0,4049.19,1.1229034941763727
E87742,THE GOLBORNE MEDICAL CENTRE,3043.75,3364.51,1.1053831622176593
E87745,CAVENDISH HEALTH CENTRE,9438.0,8296.72,0.8790760754397118
E87746,BROMPTON MEDICAL CENTRE,4828.25,3999.45,0.8283436027546212
E87750,EARLS COURT SURGERY,4356.25,4170.71,0.9574083213773315
E87751,SRIKRISHNAMURTHY HARROW ROAD SURGERY,2071.5,2424.31,1.1703161959932415
E87753,BELGRAVE MEDICAL CENTRE,11573.0,11010.81,0.9514222759872115
E87754,WELLINGTON HEALTH CENTRE,6699.75,5715.68,0.8531183999402964
E87755,QUEENS PARK HEALTH CENTRE,3223.25,3559.94,1.104456681920422
E87756,GROUND FLOOR LANARK MEDICAL CENTRE,3750.25,3702.23,0.9871955202986468
E87762,THE GOOD PRACTICE,8716.5,8167.98,0.9370710721046291
E87768,"3RD FLOOR, BUSH HOUSE",21839.25,18972.69,0.8687427452865826
E87772,GREAT CHAPEL STREET MEDICAL CENTRE,459.75,446.55,0.9712887438825449
F81001,DR KHAN & PARTNERS,13248.25,12176.84,0.9191281867416451
F81003,DR F KHAN CARNAVON ROAD SURGERY,6313.25,5932.61,0.939707757494159
F81004,THE EDEN SURGERIES,9363.0,9881.44,1.0553711417280787
F81006,CLAYHILL MEDICAL PRACTICE,5565.5,5628.51,1.0113215344533286
F81007,"DR PUZEY,DR KOTHARI AND DR NANDA",20326.75,19423.48,0.9555624976939254
F81009,THE GOLD STREET SURGERY,11053.0,10909.61,0.9870270514792364
F81010,AVELEY MEDICAL CENTRE,12327.0,12183.31,0.9883434736756712
F81011,KELVEDON & FEERING HEALTH CENTRE,7878.25,7964.07,1.0108932821375305
F81012,WEST MERSEA SURGERY,7461.75,8258.35,1.106757798103662
F81013,WESTERN ROAD SURGERY,12553.5,11601.46,0.9241613892539928
F81014,CHURCH LANE SURGERY,12116.0,11160.08,0.9211026741498844
F81015,CROCUS MEDICAL PRACTICE,12705.75,12203.37,0.9604604214627236
F81017,WALTON MEDICAL CENTRE,8282.5,10708.3,1.2928825837609417
F81019,MAYFLOWER MEDICAL CENTRE,17565.0,18138.46,1.032647879305437
F81020,THE FRESHFORD PRACTICE,7996.5,9034.03,1.129748014756456
F81021,GREAT BENTLEY SURGERY,11429.5,13870.03,1.2135290257666564
F81022,LONGFIELD MEDICAL CENTRE,16340.5,16458.19,1.0072023499892904
F81023,BEECHWOOD SURGERY,13278.75,11605.62,0.8739994351878001
F81025,DR GC CHAJED'S PRACTICE,10318.25,9980.22,0.9672395997383276
F81026,CARADOC SURGERY,8469.75,10929.58,1.2904253372295522
F81027,LISTER MEDICAL CENTRE,21020.25,19928.92,0.9480819685779188
F81028,WIVENHOE SURGERY,9107.25,8407.75,0.9231930604737983
F81029,93 THE KNARES,8137.25,7503.56,0.9221247964607208
F81030,FERN HOUSE SURGERY,16886.5,17096.6,1.0124418914517512
F81031,MURREE MEDICAL GROUP,7887.75,8039.77,1.019272923203702
F81032,P A PATEL SURGERY,3238.25,3091.68,0.954737898556319
F81034,NEWPORT SURGERY,9564.25,9667.26,1.0107703165433777
F81036,ROBERT FREW MEDICAL CENTRE,18232.75,16800.05,0.9214216176934362
F81037,EAST LYNNE MEDICAL CENTRE,8523.5,9455.91,1.109392855047809
F81038,TILE HOUSE SURGERY,13408.75,13249.63,0.9881331220285261
F81040,STOCK SURGERY,4710.75,5154.6,1.0942206654991244
F81041,LONDON ROAD SURGERY,14080.25,14211.38,1.0093130448678111
F81042,COLCHESTER MEDICAL PRACTICE,40424.5,38638.1,0.9558089772291556
F81043,THE LIMES MEDICAL CENTRE,18505.75,19815.6,1.0707807032949217
F81044,THE ARDLEIGH SURGERY,7477.25,8301.66,1.110255775853422
F81045,THE NEW SURGERY,4600.25,4220.27,0.9174001412966688
F81046,DR KRISHNAN & PTNR - KENT ELMS HC,4575.5,4636.16,1.0132575674789641
F81047,THE HAMILTON PRACTICE,11119.25,10857.16,0.9764291656361714
F81048,LOUGHTON HEALTH CENTRE,10044.75,9475.55,0.9433335822195673
F81049,ONGAR HEALTH CENTRE,12834.0,14359.69,1.1188787595449587
F81051,THIRD AVENUE HEALTH CENTRE,7779.5,7375.0,0.9480043704608265
F81052,ST. JAMES SURGERY,15116.25,18629.38,1.2324075084759778
F81053,PEACOCK SURGERY,20212.25,19012.96,0.9406651906640774
F81055,MOUNT AVENUE SURGERY,13296.75,11975.62,0.9006426382386674
F81056,OLD HARLOW HEALTH CENTRE,11612.25,11565.94,0.9960119701177637
F81057,WHITLEY HOUSE SURGERY,14813.0,13007.82,0.8781354215891447
F81060,AEGIS MEDICAL CENTRE,4901.5,4829.24,0.9852575742119759
F81061,CONNER & PARTNERS,7620.75,8178.55,1.0731948955155333
F81062,CHIGWELL MEDICAL CENTRE,9066.0,8459.36,0.9330862563423782
F81065,WILLIAM HARVEY SURGERY,4305.75,3751.35,0.8712419439122104
F81066,THE GREENSWARD SURGERY,6302.5,6006.2,0.9529869099563665
F81067,AMBROSE AVENUE GROUP PRACTICE,14481.25,14107.05,0.9741596892533448
F81068,THE ELIZABETH COURTAULD SURGERY,16633.0,15925.49,0.9574634762219684
F81069,WINSTREE MEDICAL PRACTICE,8343.0,7979.72,0.9564569099844181
F81071,RIVERMEAD GATE MED.CTR.,14393.0,12014.85,0.8347703744875982
F81072,"HIGH STREET SURGERY, EPPING",8077.5,7896.55,0.9775982667904674
F81075,THE HOLLIES,12674.0,12733.32,1.0046804481615907
F81076,THE TOLLESBURY PRACTICE,4606.5,4819.62,1.0462650602409638
F81078,CHURCH LANGLEY MEDICAL PRACTICE,11756.0,9436.33,0.8026820347056822
F81080,THE BILLERICAY MEDICAL PRACTICE,11940.0,11005.15,0.9217043551088777
F81081,THE QUEENSWAY SURGERY,21983.75,21209.68,0.9647889918689941
F81082,THE RIGG-MILNER MEDICAL CENTRE,4454.5,4497.32,1.009612751150522
F81083,BEAUCHAMP HOUSE,12139.0,10767.78,0.8870401186259165
F81085,"DR A NAEEM & PARTNERS,THE NEW SURGERY",13868.0,12557.05,0.9054694260167291
F81086,CENTRAL SURGERY - SOUTHCHURCH BLVD,7811.25,7445.65,0.9531957113138102
F81087,MOUNT CHAMBERS MEDICAL PRACTICE,13731.0,13287.36,0.9676906270482849
F81088,SOUTHEND ROAD SURGERY,2672.75,2347.72,0.878391170143111
F81089,WAKERING MEDICAL CTR.,10228.25,10265.54,1.0036457849583262
F81090,ANGEL LANE SURGERY,11473.75,12308.73,1.0727730689617605
F81091,EAST HILL SURGERY,9321.0,8876.54,0.9523162750777815
F81092,DR SOORIAKUMARAN,4892.25,4629.42,0.9462762532577035
F81095,ABBEY FIELD MEDICAL CENTRE,21874.0,20406.21,0.932897961049648
F81096,OAKLANDS SURGERY,10821.0,11122.09,1.027824600314204
F81097,THE VALKYRIE SURGERY,17672.0,16616.0,0.9402444545043006
F81098,THE WRITTLE SURGERY,8182.5,8413.01,1.02817109685304
F81099,BLACKWATER MEDICAL CENTRE,12204.5,12687.34,1.0395624564709738
F81100,BEACON HEALTH GROUP-DANBURY MEDICAL CTR,24848.0,22926.34,0.9226633934320669
F81101,34 ESSEX WAY,5563.5,5309.15,0.954282376202031
F81102,ROCKLEIGH COURT SURGERY,7257.25,6581.03,0.9068214544076613
F81104,CHAPEL STREET SURGERY,4989.75,4833.63,0.9687118593115888
F81105,LITTLE WALTHAM & GT NOTLEY SURGERY,20925.75,18882.14,0.9023399400260445
F81106,THE ROSS PRACTICE,10755.25,10310.23,0.9586229980707096
F81108,LAINDON MEDICAL GROUP,18485.25,18836.13,1.0189816204811946
F81110,TILBURY HEALTH CENTRE,12244.0,12393.68,1.0122247631492975
F81111,ELSENHAM SURGERY,0.0,0.0,
F81112,HIGHLANDS SURGERY,14454.0,13199.96,0.9132392417323923
F81113,CHAFFORD HUNDRED MEDICAL CENTRE,14677.0,10067.07,0.6859078830823737
F81114,BADDOW VILLAGE SURGERY,13223.25,13186.96,0.997255591477133
F81115,CREFFIELD MEDICAL GROUP,27943.5,27705.22,0.9914727933150823
F81116,COLNE MEDICAL CENTRE,10927.25,11887.83,1.0879068384085657
F81117,SUTHERLAND LODGE SURGERY,10033.5,8844.58,0.8815049583893955
F81118,JOHN TASKER HOUSE SURGERY,14515.0,14962.74,1.0308467102996899
F81119,THE PUMP HOUSE SURGERY,8314.25,8852.15,1.0646961541931022
F81120,NUFFIELD HOUSE HEALTH CENTRE,13105.25,12465.5,0.9511836859273956
F81121,SOUTHEND COASTAL SURGERIES - THORPE BAY,15852.5,15773.95,0.9950449455921779
F81122,CHELMER MEDICAL PARTNERSHIP,32525.0,29415.32,0.9043910837817064
F81123,AUDLEY MILLS SURGERY,20473.5,18918.94,0.9240696510122841
F81125,CHURCH VIEW SURGERY,14346.5,13620.69,0.9494085665493326
F81126,BURNHAM SURGERY,9773.75,10340.81,1.0580186724645095
F81128,EASTWOOD GROUP PRACTICE,14802.5,14829.42,1.001818611720993
F81130,WILLIAM FISHER MED.CTR.,6053.0,6459.8,1.067206343961672
F81131,THAXTED SURGERY,9177.75,9766.03,1.0640984990874671
F81132,BLANDFORD MEDICAL CENTRE,17796.75,16655.44,0.9358697514995715
F81133,TIPTREE MEDICAL CENTRE,12048.5,12760.3,1.0590778935137153
F81134,PEARTREE SURGERY & WEST HORNDON SURGERY,7653.75,8140.81,1.0636367793565247
F81136,THE LOUGHTON SURGERY,14389.25,12636.43,0.8781854509442814
F81137,ORSETT SURGERY,7344.5,7474.02,1.017634964939751
F81141,ROWHEDGE SURGERY,16290.25,10986.89,0.6744457574315925
F81142,ST GEORGES MEDICAL PRACTICE,6323.5,5716.59,0.9040230884794813
F81144,THE PALL MALL SURGERY,21734.0,19705.15,0.9066508696052269
F81147,DR NAVIN KUMAR,5084.0,5539.23,1.0895416994492524
F81149,THE LAURELS SURGERY,11306.0,11136.18,0.9849796568193879
F81150,BALLARDS WALK SURGERY,12749.0,12260.04,0.9616471880147464
F81152,FOREST PRACTICE,11892.25,11014.17,0.926163678025605
F81153,HASSENGATE MEDICAL CENTRE,12893.0,11920.24,0.9245513069107267
F81155,BALFOUR MEDICAL CENTRE,5464.5,5052.14,0.9245383841156557
F81156,RANWORTH SURGERY,9338.25,10660.52,1.141597194335127
F81158,DR NASAH & PARTNERS,3826.25,4068.22,1.0632394642273766
F81159,SOUTHEND MEDICAL CENTRE,7299.25,6543.57,0.896471555296777
F81163,THE NEW FOLLY SURGERY,7167.75,6938.71,0.9680457605245719
F81164,WEST ROAD SURGERY,9750.5,8877.12,0.9104271575816626
F81165,PALMERSTON ROAD SURGERY,4683.0,4148.34,0.8858295964125561
F81169,KINGS MEDICAL CENTRE,7973.5,7330.9,0.9194080391296168
F81170,KINGSWAY SURGERY,13817.5,11538.11,0.8350360050660395
F81173,DOUGLAS GROVE SURGERY,6534.0,5655.41,0.8655356596265686
F81176,NORTH AVENUE SURGERY,3074.75,2972.04,0.9665956581835922
F81177,NEERA MEDICAL CENTRE,4412.75,3955.5,0.8963798085094329
F81181,ADDISON HOUSE - HAQUE PRACTICE,23369.0,21127.07,0.9040639308485601
F81183,THE DENGIE MEDICAL PARTNERSHIP,5676.25,6772.68,1.193160977758203
F81184,ABRIDGE SURGERY,4162.25,4848.41,1.164853144332993
F81186,FELMORES MEDICAL CENTRE,7101.0,7060.44,0.994288128432615
F81192,STIFFORD CLAYS MEDICAL CENTRE,10222.5,10055.65,0.9836781609195402
F81193,WITHAM HEALTH CENTRE,6988.0,6664.17,0.9536591299370349
F81197,SANCTA MARIA MEDICAL CENTRE,2631.5,2722.28,1.0344974349230478
F81198,HORNDON-ON-THE-HILL SURGERY,2686.5,2673.77,0.9952614926484273
F81205,GHAURI PRACTICE,5592.25,5447.36,0.9740909294112388
F81206,COMMONWEALTH HEALTH CENTRE,5826.0,5781.67,0.992391005835908
F81207,WESTCLIFF MEDICAL CENTRE,2605.5,2350.21,0.902018806371138
F81211,DR YADAVA N PRACTICE,5207.75,4718.82,0.9061149248715855
F81212,OLD ROAD SURGERY,10048.25,10769.25,1.0717537879730301
F81213,THORPE SURGERY,7520.5,9449.22,1.2564616714314207
F81215,DEAL TREE HEALTH CENTRE,9831.25,10457.59,1.063709090909091
F81216,THE RIVER SURGERY,4532.0,4206.5,0.9281774051191527
F81219,DELL MEDICAL CENTRE,5380.0,5368.22,0.9978104089219332
F81221,FRONKS RD FAMILY SURGERY,5083.5,5321.54,1.046826005704731
F81222,QUEENS PARK SURGERY,5129.75,4348.57,0.8477157756225936
F81223,DR MALIK - KENT ELMS HC,3257.0,3137.47,0.9633005833589192
F81606,HAREWOOD SURGERY,2857.75,3403.78,1.1910698976467502
F81613,DR KUMAR & PTNR - SHOEBURY HC,8683.25,8631.66,0.9940586761869116
F81618,HIGH ROAD FAMILY DOCTORS,4259.75,3733.46,0.8764504959211221
F81619,SYDENHAM HOUSE SURGERY,3947.0,3791.52,0.9606080567519635
F81623,KADIM PRIMECARE MEDICAL CENTRE,2421.0,2319.97,0.9582693102023956
F81632,DR YASIN SA PRACTICE,5484.0,5528.21,1.0080616338439095
F81633,LAWFORD SURGERY,4704.75,4809.82,1.022332748817684
F81635,COLLINGWOOD ROAD SURGERY,2570.5,2342.9,0.9114569149970824
F81636,MILL ROAD SURGERY,17932.0,15266.65,0.8513634842739237
F81640,ARYAN MEDICAL CENTRE,4512.25,4488.33,0.9946988752839492
F81641,MILTON ROAD AND THE GRAYS SURGERY,7753.25,7186.35,0.9268822751749267
F81645,ROSE VILLA SURGERY,4267.5,4636.52,1.0864721734036322
F81649,DR PALACIN,4541.25,4606.63,1.0143969171483622
F81651,SOUTH GREEN SURGERY,2396.25,2286.36,0.9541408450704226
F81652,MEDIC HOUSE,5335.5,5987.07,1.1221197638459375
F81656,WARRIOR SQUARE SURGERY,2776.5,2697.51,0.9715505132360887
F81665,CHELMER VILLAGE SURGERY,5050.25,3956.87,0.7834998267412504
F81666,DR SHARMA & PARTNERS,3464.0,3165.53,0.9138366050808314
F81669,DERRY COURT MEDICAL PRACTICE,7232.75,6527.2,0.9024506584632401
F81674,GREENWOOD AND WYNCROFT SURGERY,11128.25,10145.55,0.9116932132186102
F81675,THE PRACTICE LEECON WAY,5458.0,4722.62,0.8652656650787834
F81679,HIGHWOODS SURGERY,7794.5,7030.8,0.9020206555904805
F81681,CLACTON COMMUNITY PRACTICES,15987.0,21174.2,1.3244636266966912
F81683,BLYTH'S MEADOW SURGERY,10119.75,8795.02,0.8690945922577139
F81690,ASHINGDON MEDICAL CENTRE,5618.5,5307.46,0.9446400284773516
F81696,THE LEIGH SURGERY,2592.75,2638.2,1.0175296499855366
F81697,DR DEVARAJA VC PRACTICE,2978.75,2915.61,0.9788031892572389
F81700,THE SURGERY,3976.75,3789.22,0.9528434022757276
F81704,DOWNHALL PARK SURGERY,3942.25,3164.56,0.8027294057961823
F81707,FRYERNS MEDICAL CENTRE,5505.5,5101.18,0.9265607120152575
F81708,SAI MEDICAL CENTRE,11738.5,11415.54,0.9724871150487712
F81711,KNIGHTS SURGERY,3560.75,3507.47,0.985036860212034
F81713,BENFLEET SURGERY,2680.5,2270.74,0.8471329975750792
F81716,TOLLGATE HEALTH CENTRE,10102.75,8790.43,0.8701026948108188
F81721,BRICKFIELDS SURGERY,0.0,0.0,
F81725,MAYNARD COURT SURGERY,9567.5,9299.57,0.9719958191795139
F81729,MATCHING GREEN SURGERY,3584.75,3537.22,0.9867410558616361
F81730,THE COGGESHALL SURGERY,6886.5,7614.26,1.1056792274740435
F81732,SWANWOOD PARTNERSHIP,6980.0,6747.16,0.9666418338108882
F81737,THE HIGHWOOD SURGERY,2923.75,2627.09,0.8985344164172724
F81739,THE ISLAND SURGERY,6824.0,7165.36,1.0500234466588512
F81740,THE COMMUNITY PRACTICE,6475.0,7119.35,1.0995135135135137
F81741,NORTH CLACTON MEDICAL PRACTICE,10888.75,13354.46,1.2264456434393296
F81744,SCOTT PARK SURGERY,2711.25,2612.93,0.9637362840018441
F81746,BLUEBELL SURGERY,3727.0,2885.66,0.7742581164475449
F81749,MARKET SQUARE SURGERY,14662.25,14585.7,0.9947791096182373
F81751,THE TRINITY MEDICAL PRACTICE,4493.0,4319.68,0.9614244380146896
F81757,THE RIVERSIDE HEALTH CTR,6716.0,7037.14,1.047817153067302
F82001,HALBUTT STREET SURGERY,5788.75,5353.54,0.9248179658820989
F82002,HAIDERIAN MEDICAL CENTRE,6812.75,6700.12,0.9834677626509118
F82003,FIRST AVENUE SURGERY,5518.0,5390.16,0.9768321855744835
F82005,DR M GOYAL'S PRACTICE,7151.5,6899.05,0.9646997133468503
F82006,CRANHAM VILLAGE SURGERY,12865.25,12993.48,1.0099671595965878
F82007,THE GREEN WOOD PRACTICE,10561.25,10713.69,1.014433897502663
F82008,MAYLANDS HEALTHCARE,13101.75,12873.23,0.9825580552216306
F82009,NORTH STREET MEDICAL CARE,20976.75,20309.42,0.9681871595933592
F82010,PETERSFIELD SURGERY,8578.5,8533.68,0.9947753103689456
F82011,ST EDWARDS MEDICAL CENTRE,9807.25,9519.73,0.9706829131509852
F82012,FIVE ELMS MEDICAL PRACTICE,1051.25,1102.54,1.0487895362663495
F82013,WESTERN ROAD MEDICAL CENTRE,18040.75,16859.51,0.9345237864279478
F82014,THE SAHEECHA'S PRACTICES,7662.0,7696.81,1.0045432002088228
F82015,HEDGEMANS MEDICAL CENTRE,5269.0,5023.21,0.9533516796356045
F82016,CENTRAL PARK SURGERY,6387.0,6172.36,0.9663942382965398
F82017,ST ALBANS SURGERY,8590.25,8367.13,0.9740263671022379
F82018,BARKING MEDICAL GROUP PRACTICE,11696.0,10220.21,0.8738209644322845
F82019,THE UPSTAIRS SURGERY,6579.25,6334.2,0.9627541133107876
F82021,THE NEW MEDICAL CENTRE,9777.25,8867.97,0.9070004346825539
F82022,THE ROSEWOOD MEDICAL CENTRE,13529.25,13451.01,0.9942169743333887
F82023,HIGH STREET SURGERY,3536.0,3564.79,1.008141968325792
F82025,DR BK JAISWAL'S PRACTICE,6157.5,5806.32,0.9429671132764921
F82027,DR P PRASAD'S PRACTICE,2138.75,2062.85,0.9645119812974868
F82028,WOOD LANE SURGERY,10517.25,9660.15,0.9185053127005633
F82030,LYNWOOD MEDICAL CENTRE,14789.25,14282.23,0.9657169903815271
F82031,THE COLLEGE PRACTICE,4262.5,4354.58,1.0216023460410557
F82033,DR VM PATEL,3484.75,3363.9,0.9653203242700338
F82034,VICTORIA & FIVE ELMS MEDICAL CENTRE,9792.5,9010.35,0.920127648710748
F82038,DR SZ HAIDER'S PRACTICE,5097.75,4757.68,0.9332901770388897
F82039,EASTBROOK SURGERY,4420.25,4205.31,0.9513737910751655
F82040,JOHN SMITH MEDICAL CENTRE,4174.5,3929.75,0.9413702239789197
F82042,AURORA MEDCARE,20361.75,19165.53,0.9412516114774024
F82045,CHOWDHURY,3470.5,3550.88,1.0231609278201987
F82051,LABURNUM HEALTH CENTRE,11070.5,10721.0,0.9684296102253738
F82053,UPMINSTER MEDICAL CENTRE,1.25,2.82,2.256
F82055,HORNCHURCH HEALTHCARE,12672.25,11193.53,0.8833103829233168
F82604,MARKS GATE HEALTH CENTRE,5881.0,5451.96,0.9270464206767557
F82607,SOUTH HORNCHURCH MEDICAL PRACTICE,5972.5,5910.26,0.989578903306823
F82609,SUTTONS AVENUE SURGERY,4796.25,4725.47,0.9852426374771958
F82610,DR GUPTA,2888.0,2799.22,0.969259002770083
F82612,THE WHITE HOUSE SURGERY,11496.75,10176.44,0.8851579794289691
F82619,HARLOW ROAD SURGERY,4243.75,4312.62,1.0162285714285715
F82621,DEWEY PRACTICE (DR CHRISTOPHER),7.75,7.66,0.9883870967741936
F82624,ST GEORGES COUNTRY PARK SURGERY,4804.75,4859.8,1.0114574119361048
F82625,ABBEY MEDICAL CENTRE,7933.5,6933.63,0.8739686141047457
F82627,RAINHAM HEALTH CENTRE,9321.5,8358.22,0.8966604087325001
F82630,CHASE CROSS MEDICAL CENTRE,7622.25,7341.68,0.9631906589261702
F82634,HEATHWAY MEDICAL CENTRE,6125.25,5886.98,0.9611003632504795
F82638,MODERN MEDICAL CENTRE,7492.25,6726.3,0.8977676932830592
F82642,GABLES SURGERY,7218.0,6839.63,0.9475796619562206
F82647,SALISBURY AVENUE SURGERY,4979.5,4463.36,0.8963470227934531
F82648,INGREBOURNE MEDICAL CENTRE,3838.5,3662.96,0.9542685945030611
F82649,BERWICK SURGERY,4547.25,4571.45,1.005321897850349
F82650,DR AA ANSARI'S PRACTICE,10169.75,9119.47,0.8967250915705892
F82660,TULASI MEDICAL CENTRE,20307.5,18945.6,0.9329361073495014
F82661,GREEN LANE SURGERY,4125.75,3636.38,0.8813864145912864
F82663,DR MARKS PRACTICE,4088.5,3606.81,0.8821841751253516
F82666,RAHMAN & TSOI,0.0,0.0,
F82670,ABBAMOOR SURGERY,4745.0,4416.38,0.9307439409905164
F82671,STRAIGHT ROAD SURGERY,3357.75,3428.92,1.0211957411957413
F82674,CRANHAM HEALTH CENTRE,5714.75,5064.05,0.8861367513889497
F82675,BILLET LANE MEDICAL PRACTICE,3532.75,3339.95,0.9454249522326799
F82677,BECONTREE MEDICAL CENTRE,8268.75,7770.67,0.9397635676492819
F82678,DR KM ALKAISY PRACTICE,4841.75,5115.11,1.0564589249754737
F82679,DR DP SHAH'S PRACTICE,5682.25,5277.45,0.9287606141933212
F82680,HIGHGROVE SURGERY,10201.75,9598.44,0.9408621069914476
F82686,ASHTON GARDENS SURGERY,4792.0,4282.28,0.8936310517529215
F83002,RIVER PLACE HEALTH CENTRE,10772.5,10899.16,1.011757716407519
F83003,PARK END SURGERY,7925.0,8270.62,1.043611356466877
F83004,ARCHWAY MEDICAL CENTRE,29354.5,26755.38,0.9114575278066396
F83005,GOWER STREET PRACTICE,18092.0,16314.55,0.9017549193013487
F83006,AMPTHILL & REGENTS PARK PRACTICE,15473.75,17001.15,1.0987091041279586
F83007,ROMAN WAY MEDICAL CENTRE,3529.5,4083.75,1.157033574160646
F83008,THE GOODINGE GROUP PRACTICE,12383.25,13680.34,1.1047455231865626
F83010,ISLINGTON CENTRAL MEDICAL CENTRE,21638.0,22048.48,1.0189703299750439
F83011,PRIMROSE HILL SURGERY,8511.25,9616.84,1.1298974886180055
F83012,ELIZABETH AVENUE GROUP PRACTICE,7493.0,8426.76,1.1246176431335915
F83015,ST JOHNS WAY MEDICAL CENTRE,12941.75,14285.74,1.1038491703208608
F83017,HAMPSTEAD GROUP PRACTICE,18060.75,17432.35,0.9652063175670998
F83018,PRINCE OF WALES GROUP SURGERY,8284.25,8807.92,1.0632127229381054
F83019,ABBEY MEDICAL CENTRE,13463.75,13991.37,1.039188190511559
F83020,ADELAIDE MEDICAL CENTRE,11576.75,11751.24,1.0150724512492713
F83021,RITCHIE STREET GROUP PRACTICE,17340.75,17331.23,0.9994510041376526
F83022,CAVERSHAM GROUP PRACTICE,16778.0,18460.25,1.1002652282751222
F83023,JAMES WIGG PRACTICE,22804.75,25080.95,1.0998125390543636
F83032,ST PETER'S STREET MEDICAL PRACTICE,11916.5,12024.34,1.009049637057861
F83033,BARNSBURY MEDICAL PRACTICE,5656.0,5996.18,1.0601449787835926
F83034,NEW NORTH HEALTH CENTRE,1380.0,1587.26,1.1501884057971015
F83039,THE RISE GROUP PRACTICE,4868.25,5588.84,1.148018281723412
F83042,GRAY'S INN MEDICAL GROUP CHANCERY LANE,8581.5,8269.26,0.9636147526656179
F83043,RIDGMOUNT PRACTICE,16726.0,13370.03,0.7993560923113715
F83044,THE BLOOMSBURY SURGERY,8652.5,8720.31,1.0078370413175382
F83045,THE MILLER PRACTICE,9271.75,10080.69,1.087247822687195
F83048,BRUNSWICK MEDICAL CENTRE UHPC,9333.5,9221.4,0.9879895001874966
F83050,GRAY'S INN MEDICAL GROUP WEST HAMPSTEAD,3335.25,3295.72,0.9881478150063713
F83052,BROOKFIELD PARK SURGERY,3785.0,4052.72,1.0707318361955085
F83053,MILDMAY MEDICAL PRACTICE,7769.25,7699.86,0.9910686359687229
F83055,WEST HAMPSTEAD MEDICAL CENTRE,23308.75,21124.04,0.9062708210435996
F83056,THE MITCHISON ROAD SURGERY,9976.5,9549.74,0.9572234751666416
F83057,PARLIAMENT HILL SURGERY,8230.5,8596.72,1.0444954741510235
F83058,HOLBORN MEDICAL CENTRE,11467.5,10954.59,0.9552727272727273
F83059,BRONDESBURY MEDICAL CENTRE,22974.75,21574.6,0.939057008237304
F83060,THE NORTHERN MEDICAL CENTRE,7547.0,7873.86,1.0433099244733006
F83061,MUSEUM PRACTICE,5596.75,6143.59,1.0977067047840265
F83063,KILLICK STREET HEALTH CENTRE,13217.25,13310.23,1.0070347462596227
F83064,CITY ROAD MEDICAL CENTRE,9350.75,9434.75,1.0089832366387723
F83615,CHOLMLEY GARDENS SURGERY,8250.75,7881.88,0.9552925491621974
F83623,KEATS GROUP PRACTICE,13301.25,12041.83,0.9053156658208815
F83624,CLERKENWELL MEDICAL PRACTICE,16777.0,15735.71,0.9379334803600167
F83632,QUEENS CRESCENT PRACTICE,6728.0,6863.03,1.020069857312723
F83633,GRAY'S INN MEDICAL GROUP HAMPSTEAD,5112.75,4198.26,0.8211353968021124
F83635,KINGS CROSS SURGERY,8886.5,8126.54,0.9144815169076689
F83652,AMWELL GROUP PRACTICE,11879.5,11665.02,0.9819453680710468
F83658,BELSIZE PRIORY MEDICAL PRACTICE (GROUP),5866.75,6442.05,1.0980611070865471
F83660,HIGHBURY GRANGE MEDICAL PRACTICE,9168.0,9294.37,1.0137838132635253
F83664,THE VILLAGE PRACTICE,11873.0,11704.29,0.9857904489177125
F83665,SWISS COTTAGE SURGERY,16959.25,13994.3,0.8251721037192092
F83666,ANDOVER MEDICAL CENTRE,6896.0,7283.46,1.0561861948955917
F83671,THE BEAUMONT PRACTICE,3273.25,3318.98,1.0139708241044834
F83672,ST PHILIPS MEDICAL CENTRE,16393.75,13789.44,0.8411400686237134
F83673,THE MEDICAL CENTRE,6146.5,6383.37,1.0385373789961767
F83674,THE JUNCTION MEDICAL PRACTICE,9201.0,9956.13,1.0820704271274861
F83678,DR SEGARAJASINGHE,2160.0,2591.66,1.1998425925925926
F83680,SOBELL MEDICAL CENTRE,4780.5,5015.49,1.0491559460307498
F83681,PARTNERSHIP PRIMARY CARE CENTRE,8949.5,9427.07,1.0533627576959605
F83683,SOMERS TOWN MEDICAL CENTRE,6378.25,6505.43,1.0199396386156079
F83686,STROUD GREEN MEDICAL CENTRE,9249.25,9280.67,1.0033970321917993
F84003,LOWER CLAPTON GENERAL PRACTICE,15063.75,16409.67,1.089348269853124
F84004,MARKET STREET HEALTH GROUP,13189.0,12673.46,0.9609113655318826
F84006,SHREWSBURY ROAD SURGERY,17304.5,16486.91,0.9527527521742899
F84008,BARTON HOUSE GROUP PRACTICE,12018.5,12363.86,1.0287356991305072
F84009,STRATFORD VILLAGE SURGERY,12763.75,12480.87,0.9778372343551073
F84010,ASPIRE MEDICAL CENTRE,10281.75,9521.02,0.9260116225350743
F84012,ALBION HEALTH CENTRE,9597.25,8906.68,0.9280450128943187
F84013,STAMFORD HILL GROUP PRACTICE,17943.5,16789.95,0.9357120963022822
F84014,UPTON LANE MEDICAL CENTRE,7626.75,7229.96,0.9479739076277576
F84015,KINGSMEAD HEALTHCARE,5322.5,5663.18,1.064007515265383
F84016,THE MISSION PRACTICE,11953.5,12350.55,1.0332162128246956
F84017,STAR LANE MEDICAL CENTRE,20572.25,21115.99,1.026430750161018
F84018,THE NIGHTINGALE PRACTICE,12376.25,12364.73,0.999069184930815
F84021,LONDON FIELDS MEDICAL CENTRE,11162.5,11654.3,1.0440582306830906
F84022,STRATFORD HEALTH CENTRE,9214.0,8715.98,0.9459496418493596
F84025,GOUGH WALK PRACTICE,12047.75,11548.48,0.9585590670457139
F84030,RUSTON STREET CLINIC,3833.0,4199.79,1.0956926689277329
F84031,THE JUBILEE STREET PRACTICE LTD,15864.0,16053.96,1.0119742813918304
F84033,SOMERFORD GROVE PRACTICE,11714.5,11269.42,0.9620060608647403
F84034,ST. STEPHENS HEALTH CENTRE,13401.0,14477.77,1.0803499738825462
F84035,RICHMOND ROAD MEDICAL CENTRE,22705.25,22529.25,0.9922484887856333
F84036,THE CEDAR PRACTICE,8573.25,8324.8,0.9710203248476365
F84038,BEECHWOOD MEDICAL CENTRE,3668.75,3792.38,1.033698126064736
F84039,GOODMAN'S FIELD HEALTH CENTRE,36023.75,32348.19,0.8979684236094243
F84044,HARLEY GROVE MEDICAL CTR.,8220.0,8128.08,0.9888175182481752
F84047,CUSTOM HOUSE SURGERY,10338.75,10506.17,1.0161934469834362
F84050,BOLEYN MEDICAL CENTRE,13306.75,11703.24,0.8794964961391775
F84051,STROUTS PLACE MEDICAL CENTRE,9527.0,9019.28,0.9467072530702215
F84052,ESSEX LODGE,16961.75,17087.29,1.007401358939968
F84053,GREENGATE MEDICAL CENTRE,7527.0,7437.74,0.9881413577786634
F84054,THE LIMEHOUSE PRACTICE,12242.5,11797.57,0.9636569328160097
F84055,THE GROVE ROAD SURGERY,3928.75,3831.18,0.9751651288577792
F84060,ATHENA MEDICAL CENTRE,5053.25,5340.69,1.0568822045218422
F84062,THE CHRISP STREET HTH CTR,14730.5,15476.12,1.0506174264281594
F84063,DALSTON PRACTICE,6405.5,6623.2,1.0339864179220981
F84069,WELL STREET SURGERY,13978.5,14630.85,1.046668097435347
F84070,LATHOM ROAD MEDICAL CENTRE,9321.5,8298.34,0.8902365499114949
F84072,DE BEAUVOIR SURGERY,13370.5,12383.17,0.9261560898994055
F84074,THE GRAHAM PRACTICE,10831.25,10503.78,0.9697661858049625
F84077,NEWHAM VICARAGE PRACTICE,9885.75,9787.6,0.9900715676605215
F84079,THE WAPPING GROUP PRACTICE,11800.75,10670.6,0.9042306633052984
F84080,FOUNTAYNE ROAD MEDICAL PRACTICE,8618.75,8831.49,1.0246833937635969
F84081,THE SPITALFIELDS PRACTICE,13626.5,12255.7,0.8994019007081789
F84083,BETHNAL GREEN HEALTH CTR.,9649.75,10218.02,1.0588896085390813
F84086,THE FOREST PRACTICE,6743.0,6732.29,0.9984116861930892
F84087,HARFORD HEALTH CENTRE,9770.25,9425.54,0.9647184053632201
F84088,PLASHET ROAD MEDICAL CENTRE,7452.75,6792.19,0.9113669450873838
F84092,GLEN ROAD MEDICAL CENTRE,13712.0,13443.25,0.9804003792298717
F84093,TOLLGATE MEDICAL CENTRE,18173.25,17382.6,0.9564937476785934
F84096,THE LAWSON PRACTICE,16671.0,17139.18,1.0280834982904445
F84097,CLAREMONT CLINIC,12101.5,11788.21,0.9741114737842416
F84105,THE LEA SURGERY,11551.0,11996.81,1.0385949268461605
F84111,ABBEY ROAD MEDICAL PRACTICE,10490.25,9965.49,0.9499764066633302
F84114,CITY SQUARE MEDICAL GROUP,11341.5,10886.72,0.959901247630384
F84115,THE STATHAM GROVE SURGERY,8946.5,8699.34,0.9723735539037612
F84117,QUEENSBRIDGE GROUP PRACTICE,9983.75,10623.13,1.0640420683610867
F84118,WELLINGTON WAY HEALTH CENTRE,11609.75,11673.85,1.0055212213871962
F84119,THE HERON PRACTICE,12673.25,12341.02,0.9737849407215987
F84121,E12 HEALTH,15418.0,15033.17,0.9750402127383577
F84122,XX PLACE HEALTH CENTRE,17467.75,17841.28,1.021383979047101
F84123,SUTTONS WHARF HEALTH CENTRE,19043.5,16763.55,0.88027673484391
F84124,THE PROJECT SURGERY,5100.25,4737.09,0.9287956472721925
F84601,ELSDALE STREET SURGERY,7626.5,8064.8,1.0574706615092113
F84619,THE RIVERSIDE PRACTICE,5245.25,4971.98,0.947901434631333
F84620,THE WICK HEALTH CENTRE,8233.5,9149.54,1.1112576668488494
F84621,SANDRINGHAM PRACTICE,4596.5,4963.43,1.0798281300989885
F84632,THE GREENHOUSE WALK-IN,1391.75,1366.94,0.9821735225435603
F84635,SHOREDITCH PARK SURGERY,9435.25,9131.13,0.9677676797117193
F84636,THE SURGERY (BARRETTS GROVE),6837.75,6289.08,0.9197586925523746
F84640,THE NEAMAN PRACTICE,9538.0,9247.89,0.9695837701824281
F84641,BIRCHDALE ROAD MEDICAL CENTRE,3282.75,3142.7,0.957337598050415
F84642,LUCAS AVENUE PRACTICE,14303.25,12221.34,0.854444968800797
F84647,ROSERTON STREET SURGERY,13740.0,12698.05,0.9241666666666666
F84656,DOCKLANDS MEDICAL CENTRE,10436.25,9129.13,0.874751946340879
F84657,CUMBERLAND MEDICAL CENTRE,0.0,0.0,
F84658,SANGAM PRACTICE,9840.5,9705.28,0.9862588283115696
F84660,DR CM PATEL'S SURGERY,2994.5,2356.71,0.7870128569043247
F84666,THE RUIZ MEDICAL PRACTICE,6143.0,6156.26,1.002158554452222
F84668,THE CLAPTON SURGERY,5989.5,5437.8,0.9078888054094666
F84669,CENTRAL PARK SURGERY,10307.75,9588.43,0.9302156144648445
F84670,WESTBURY ROAD MEDICAL PRACTICE,6473.5,5912.39,0.9133220050977061
F84672,FIRST 4 HEALTH GROUP - E7 HEALTH,7809.75,7716.52,0.9880623579499984
F84677,EAST END MEDICAL CENTRE,7299.0,7365.26,1.0090779558843677
F84681,BALAAM STREET PRACTICE,8773.0,9226.36,1.0516767354382766
F84685,THE ELM PRACTICE,762.0,758.31,0.9951574803149605
F84686,THE SURGERY (CRANWICH ROAD),8783.25,7920.85,0.901813110181311
F84692,THE HOXTON SURGERY,9161.75,8611.35,0.9399241411302426
F84694,THE SURGERY (BROOKE ROAD),4669.25,4254.47,0.9111677464260857
F84696,TREDEGAR PRACTICE,6079.0,6195.92,1.0192334265504195
F84698,ABERFELDY PRACTICE,13249.0,12265.72,0.9257845875160389
F84700,DMC HEALTHCARE 1,0.0,0.0,
F84710,ISLAND HEALTH,14099.0,12493.87,0.8861529186467126
F84711,ROSEWOOD PRACTICE,453.5,469.19,1.0345975744211686
F84714,ST.PAUL'S WAY MEDICAL CTR,0.0,0.0,
F84716,THE ALLERTON ROAD SURGERY,5765.75,5511.57,0.9559155357065429
F84717,ROYAL DOCKS MEDICAL PRACTICE,12253.5,11174.57,0.9119492389929408
F84718,THE BLITHEHALE MED.CTR.,14039.25,12859.31,0.9159541998326121
F84719,LATIMER HEALTH CENTRE,5264.0,5848.2,1.1109802431610942
F84720,HEALY MEDICAL CENTRE,5423.0,5533.61,1.0203964595242485
F84724,WOODGRANGE MEDICAL PRACTICE,17898.0,16073.73,0.8980740864901106
F84729,THE MANOR PARK PRACTICE,4821.75,4398.71,0.9122642194224089
F84730,THE VICARAGE LANE SURGERY,9573.5,9183.55,0.9592677704078967
F84731,ST. KATHERINE'S DOCK PRACTICE,2169.5,2171.49,1.000917262041945
F84733,HEALTH E1,1100.25,1014.43,0.9219995455578277
F84735,THE AZAD PRACTICE,8456.5,7815.36,0.9241837639685448
F84739,E12 MEDICAL CENTRE,5221.25,4435.7,0.8495475221450801
F84740,NEWHAM TRANSITIONAL PRACTICE,4238.25,3997.13,0.9431085943490828
F84741,PLASHET HARMONY PRACTICE,2269.25,2178.68,0.9600881348463148
F84747,THE BARKANTINE PRACTICE,27427.75,23379.53,0.8524042256473826
F84749,CARPENTERS PRACTICE,24790.25,23212.75,0.9363661116769698
F85002,MEDICUS HEALTH PARTNERS,93708.5,87064.41,0.9290983208566993
F85004,EAGLE HOUSE SURGERY,12625.75,12206.98,0.9668320693820168
F85007,LAWRENCE HOUSE SURGERY,16853.25,17266.63,1.0245282067257058
F85008,STAUNTON GROUP PRACTICE,12101.0,11626.81,0.9608139823155111
F85010,KEATS SURGERY,4612.5,4467.91,0.9686525745257453
F85013,TYNEMOUTH MEDICAL PRACTICE,9475.25,9558.14,1.0087480541410516
F85014,HIGHGATE GROUP PRACTICE,16795.0,15050.98,0.8961583804703781
F85016,COCKFOSTERS MEDICAL CTRE,7074.5,6719.04,0.9497547529860767
F85017,CHARLTON HOUSE MEDICAL CENTRE,6688.75,7122.85,1.0649000186880957
F85019,MORRIS HOUSE GROUP PRACTICE,14812.0,15274.18,1.031203078584931
F85020,THE WOODBERRY PRACTICE,10000.0,8674.24,0.867424
F85023,THE ORDNANCE UNITY CENTRE FOR HEALTH,13084.5,10994.54,0.8402720776491269
F85025,WHITE LODGE MEDICAL PRACTICE,14763.25,13399.37,0.9076165478468495
F85028,BRUCE GROVE PRIMARY HEALTH CARE CTR,7182.5,7433.61,1.0349613644274278
F85029,ABERNETHY HOUSE SURGERY,12207.5,11954.4,0.9792668441531844
F85030,SOMERSET GARDENS FAMILY HEALTH CENTRE,13484.25,14147.95,1.0492203867475018
F85031,THE SURGERY,12490.0,12146.31,0.9724827862289831
F85032,SOUTHGATE,9754.5,8509.52,0.8723686503664976
F85033,WINCHMORE HILL PRACTICE,21111.5,18905.96,0.8955289770977902
F85034,ARCADIAN GARDENS SURGERY,8041.0,7847.46,0.9759308543713469
F85035,HIGHLANDS PRACTICE,11553.5,10622.61,0.9194278789977064
F85039,RAINBOW PRACTICE,7242.75,6689.45,0.9236063649856753
F85043,BOUNDARY COURT SURGERY,0.25,0.1,0.4
F85044,BOUNCES ROAD SURGERY LTD,6956.25,6351.72,0.9130954177897574
F85046,HORNSEY PARK SURGERY,10824.5,9382.65,0.866797542611668
F85058,NIGHTINGALE HOUSE SURGERY,6292.5,6009.33,0.9549988081048868
F85060,HAVERGAL SURGERY,5413.75,5162.3,0.9535534518586932
F85061,CHRISTCHURCH HALL SURGERY,2912.25,2918.27,1.0020671302257704
F85063,THE MUSWELL HILL PRACTICE,17075.5,15317.56,0.897048988316594
F85064,HIGH ROAD SURGERY (STUART CRESCENT HC),7264.5,6969.23,0.9593543946589579
F85065,STUART CRESCENT MEDICAL PRACTICE,3178.5,3126.18,0.9835394053798961
F85066,BOUNDS GREEN GROUP PRACTICE,19015.25,17594.76,0.9252973271453175
F85067,THE 157 MEDICAL PRACTICE,4641.5,4892.47,1.0540708822578908
F85069,CROUCH HALL ROAD SURGERY,8375.75,7871.22,0.9397630062979435
F85071,FERNLEA SURGERY,12410.0,11594.84,0.934314262691378
F85072,GROVELANDS MEDICAL CENTRE,9899.0,9190.29,0.9284058995858169
F85615,TOTTENHAM HEALTH CENTRE,5846.5,5863.97,1.0029881125459676
F85623,GROVE ROAD SURGERY,4558.0,4449.05,0.9760969723562967
F85625,BINCOTE SURGERY,6847.25,6497.24,0.9488831282631713
F85628,"WELBOURNE GP SURGERY, WELBOURNE H C",6442.75,6899.15,1.0708393155096814
F85634,EAST ENFIELD MEDICAL CENTRE,9262.5,8460.92,0.913459649122807
F85640,CHESHIRE ROAD SURGERY,6735.0,6274.84,0.9316763177431329
F85642,THE NORTH LONDON HEALTH CENTRE,8901.25,8184.74,0.9195045639657351
F85650,MORECAMBE SURGERY,5926.0,5692.19,0.9605450556868038
F85663,LATYMER ROAD SURGERY,4678.75,4556.88,0.9739524445631846
F85666,DR ME SILVER'S PRACTICE,3851.25,3822.49,0.9925322947095099
F85669,WEST GREEN SURGERY,23185.25,19950.62,0.8604875944835617
F85675,THE ALEXANDRA SURGERY,5474.75,5269.66,0.9625389287182062
F85676,BOUNDARY HOUSE SURGERY,5615.0,5275.11,0.9394674977738201
F85678,THE TOWN SURGERY LTD,4338.0,3468.75,0.7996196403872753
F85682,CHALFONT SURGERY,6355.0,6038.37,0.9501762391817467
F85687,OAKWOOD MEDICAL CENTRE,8374.25,7281.84,0.8695513031017703
F85688,RUTLAND HOUSE SURGERY,10718.5,9486.69,0.8850762700004665
F85697,THE OLD SURGERY,1793.25,1720.48,0.9594200473999721
F85700,ARNOS GROVE MEDICAL CENTR,8257.25,6661.48,0.8067431650973387
F85701,GILLAN HOUSE SURGERY,12950.0,10748.59,0.8300069498069498
F85705,JS MEDICAL PRACTICE,12618.5,12597.28,0.9983183421167334
F86001,THE FIRS,11402.0,11001.03,0.9648333625679706
F86004,HANDSWORTH MEDICAL PRACTICE,15966.25,14956.68,0.9367684960463478
F86005,THE PENRHYN SURGERY,8913.75,7874.69,0.883431776749404
F86006,SEYMOUR MEDICAL CENTRE,7105.5,6790.07,0.955607627893885
F86007,THE FOREST EDGE PRACTICE,13989.25,13776.72,0.9848076201368908
F86008,GANTS HILL MED CTR & THE REDBRIDGE SURG,13697.5,11028.56,0.8051513049826611
F86009,THE PALMS MEDICAL CENTRE,7261.5,6811.79,0.9380692694346898
F86010,FULLWELL CROSS MED. CTR.,16035.25,14005.47,0.8734176267909761
F86011,THE MANOR PRACTICE,9584.25,9225.18,0.9625354096564677
F86012,RYDAL,9534.0,9248.75,0.9700807635829662
F86013,THE BROADWAY SURGERY,6402.25,5294.31,0.8269452145730017
F86018,THE ECCLESBOURNE PRACTICE,9939.75,9363.45,0.9420206745642496
F86020,GLEBELANDS PRACTICE,6312.25,5965.4,0.9450512891599667
F86022,ILFORD MEDICAL CENTRE,15525.75,13592.26,0.8754655974751623
F86023,THE EVERGREEN SURGERY,10471.0,9926.3,0.9479801356126444
F86025,OAK TREE MEDICAL CENTRE,18687.75,15465.39,0.8275683268451258
F86026,THE FOREST SURGERY,6877.0,6074.62,0.8833241238912316
F86028,CHADWELL HEATH SURGERY,11108.0,8987.08,0.809063737846597
F86030,QUEENS ROAD MEDICAL CENTRE,8136.75,7079.05,0.8700095246873752
F86032,WANSTEAD PLACE SURGERY,9164.0,8638.57,0.9426636839807944
F86034,"GREEN LANE, GOODMAYES MEDICAL PRACTICE",7106.0,6107.1,0.8594286518435126
F86036,THE ALLUM MEDICAL CENTRE,14514.75,13314.02,0.9172751855870752
F86038,SMA MEDICAL PRACTICE,11717.0,10229.42,0.8730408807715285
F86040,DR A ARIF,5547.25,4819.44,0.8687980530893685
F86042,BALFOUR ROAD SURGERY,6138.75,5046.5,0.8220728975768683
F86044,CRAWLEY ROAD MEDICAL CENTRE,10294.75,8995.79,0.8738230651545692
F86045,HIGH ROAD SURGERY,2003.75,1899.51,0.9479775421085465
F86057,THE WILLOWS PRACTICE,7642.25,7847.08,1.0268023160718374
F86058,ST JAMES MEDICAL PRACTICE LIMITED,15564.75,13644.48,0.8766269936876596
F86060,NEWBURY GROUP PRACTICE,15355.0,12895.46,0.8398215564962552
F86062,GROVE SURGERY,6657.5,6098.92,0.9160976342470898
F86064,THE ELMHURST PRACTICE,4729.0,4120.59,0.8713448932120956
F86066,SOUTHDENE SURGERY,7710.75,6771.65,0.8782089939370359
F86074,LEYTON HEALTHCARE 4TH FLOOR,14400.25,12836.11,0.8913810524122846
F86078,THE RIDGEWAY SURGERY,6668.25,6782.46,1.0171274322348443
F86081,KENWOOD MEDICAL,6788.5,5795.56,0.8537320468439273
F86082,ILFORD LANE SURGERY,6389.0,5701.83,0.8924448270464861
F86083,THE EASTERN AVENUE MEDICAL CENTRE,6278.0,5534.3,0.8815387065944569
F86085,HAINAULT SURGERY,3554.0,3262.57,0.9179994372537986
F86086,DR DHITAL PRACTICE,6193.75,5395.71,0.8711539858728558
F86087,GOODMAYES MEDICAL CENTRE,7378.0,6311.63,0.8554662510165356
F86088,THE LYNDHURST SURGERY,5046.25,4834.97,0.9581312856081249
F86607,ADDISON ROAD MEDICAL PRACTICE,17580.5,16141.1,0.9181251955291374
F86612,THE FULLWELL AVENUE SURGERY,3161.75,2663.46,0.8424005693049735
F86616,THE OLD CHURCH SURGERY,8726.0,8186.64,0.9381893192757278
F86621,DR MOHAMMED GREEN MAN MEDICAL CENTRE,6970.25,6224.91,0.8930683978336501
F86624,THE HEATHCOTE PRIMARY CARE CENTRE,3377.75,2923.24,0.8654400118422025
F86625,LL MEDICAL CARE LTD,5899.75,5750.6,0.9747192677655834
F86626,DR SHANTIR PRACTICE,8124.0,7000.95,0.861761447562777
F86627,CHURCHILL MEDICAL CENTRE,13665.5,13223.4,0.9676484577951776
F86637,SEVEN KINGS PRACTICE,5114.75,4746.79,0.9280590449191065
F86638,THE MICROFACULTY,4590.0,4299.18,0.936640522875817
F86641,THE SHRUBBERIES MEDICAL CENTRE,8471.75,7230.5,0.8534836367928704
F86644,WALTHAM FOREST COMM & FAM HTH SERV LTD,8927.0,8241.3,0.9231880811022739
F86650,LIME TREE SURGERY,8112.0,8024.28,0.9891863905325443
F86652,THE DRIVE SURGERY,7175.25,5997.63,0.8358774955576461
F86657,YORK ROAD SURGERY,8363.0,7067.77,0.8451237594164774
F86658,QUEEN MARY PRACTICE,6267.0,5224.88,0.8337131003670017
F86664,LARKSHALL MEDICAL CENTRE,8441.75,7841.65,0.9289128439008499
F86666,HARROW ROAD GP CENTRE,15462.25,14270.31,0.9229129007744669
F86679,HIGHAM HILL MEDICAL CENTRE,6571.75,5969.49,0.908356221706547
F86689,THE BAILEY PRACTICE,4497.5,4160.99,0.9251784324624791
F86691,CLAYHALL CLINIC,11066.25,9643.23,0.8714090138935954
F86692,MATHUKIA'S SURGERY,11238.75,9447.7,0.840636191747303
F86696,FRANCIS ROAD MEDICAL CENTRE,7610.25,6517.34,0.8563897375250484
F86698,CRANBROOK SURGERY,6175.0,5226.38,0.8463773279352227
F86700,KINGS HEAD MEDICAL PRACTICE,3730.0,3626.08,0.9721394101876676
F86701,KIYANI MEDICAL PRACTICE,3966.25,3709.2,0.9351906712890009
F86702,ST CLEMENT'S SURGERY,4841.0,4660.17,0.962646147490188
F86703,THE REDBRIDGE SURGERY,1852.0,1422.72,0.768207343412527
F86705,LANGTHORNE SHARMA FAMILY PRACTICE,3437.0,3152.68,0.9172766947919697
F86707,FENCE PIECE ROAD MEDICAL CENTRE,6687.25,5752.33,0.8601936520991439
F86708,CLAREMONT MEDICAL CENTRE,2876.5,2830.03,0.9838449504606293
F86712,HAMPTON MEDICAL CENTRE,3517.25,3055.46,0.8687070865022389
F86731,ALDERSBROOK MEDICAL CENTRE,4837.75,4321.9,0.8933698516872512
G81001,HOVE MEDICAL CENTRE,9139.75,9130.19,0.9989540195300747
G81002,GROVE ROAD SURGERY,6217.75,6558.65,1.0548269068392906
G81003,THE LIGHTHOUSE MEDICAL PRACTICE,18047.25,19841.76,1.0994339857873083
G81004,DOWNLANDS MEDICAL CENTRE,10169.25,11658.78,1.1464739287558081
G81006,ARDINGLY COURT SURGERY,6511.0,7186.39,1.1037306097373676
G81007,MID DOWNS MEDICAL PRACTICE,0.0,0.0,
G81008,STONE CROSS SURGERY,14652.25,15068.98,1.028441365660564
G81011,ST. PETER'S MEDICAL CENTRE,18809.5,18771.2,0.9979637948908796
G81012,BRIDGESIDE SURGERY,6691.0,6636.3,0.9918248393364221
G81014,CARDEN SURGERY,8674.25,8334.14,0.9607908464708764
G81016,QUAYSIDE MEDICAL PRACTICE,11678.0,12119.32,1.037790717588628
G81017,SEASIDE MEDICAL CENTRE,11807.5,12146.06,1.0286733008680922
G81018,PRESTON PARK SURGERY,12572.25,11214.52,0.8920058064387839
G81019,BEACON SURGERY,11086.75,11022.89,0.9942399711367172
G81021,FOUNDRY HEALTHCARE LEWES,28577.5,28736.63,1.0055683667220716
G81022,SOVEREIGN PRACTICE,14324.5,15259.68,1.065285350274006
G81023,MARTINS OAK SURGERY,8478.5,9072.88,1.070104381671286
G81024,ASHDOWN FOREST HEALTH CENTRE,10558.75,11024.74,1.0441330649934888
G81025,PEBSHAM SURGERY,0.0,0.0,
G81028,PARK CRESCENT HEALTH CENTRE,12782.0,12425.08,0.9720763573775622
G81029,SEAFORD MEDICAL PRACTICE,17994.25,19506.14,1.0840207288439363
G81030,BELMONT SURGERY,8071.75,8479.08,1.0504636541022703
G81031,THE SURGERY,20165.0,21295.08,1.0560416563352344
G81032,VICTORIA MEDICAL CENTRE,28119.25,28578.28,1.0163244041003938
G81034,CHARTER MEDICAL CENTRE,31160.25,29222.9,0.9378262369525278
G81036,WARMDENE SURGERY,9378.25,9295.62,0.9911891877482474
G81037,THE MEADS SURGERY,9630.0,9043.68,0.9391152647975078
G81038,STANFORD MEDICAL CENTRE,18409.5,16971.32,0.9218783780113529
G81039,LITTLE COMMON SURGERY,18542.5,22837.66,1.231638667925037
G81040,WOODHILL SURGERY,3755.0,3776.92,1.0058375499334222
G81041,SIDLEY MEDICAL PRACTICE,13861.75,15363.6,1.108344905946219
G81042,BEACONSFIELD MEDICAL PRACTICE,13880.75,12857.08,0.9262525439907786
G81043,ROTHERFIELD SURGERY,7441.75,7126.41,0.957625558504384
G81044,MONTPELIER SURGERY,6868.5,6706.55,0.9764213438159715
G81046,PORTSLADE HEALTH CENTRE,11596.25,11307.25,0.975078150264094
G81047,SEVEN DIALS MEDICAL CENTRE,7159.75,6663.4,0.930674953734418
G81048,CARISBROOKE SURGERY,8506.75,9582.14,1.1264160813471653
G81049,MANOR PARK MEDICAL CTR.,6838.25,7073.79,1.0344444850656236
G81050,ARLINGTON ROAD SURGERY,11688.75,13791.68,1.179910597797027
G81051,RYE MEDICAL CENTRE,7224.0,8905.84,1.23281284606866
G81052,FAIRFIELD SURGERY,4217.25,4766.62,1.1302673543185726
G81054,PAVILION SURGERY,10173.5,11433.78,1.1238787044773186
G81055,SAXONBURY HOUSE SURGERY,9671.25,9818.16,1.015190383869717
G81057,SEDLESCOMBE & WESTFIELD SURGERIES,6347.75,7335.61,1.1556236461738412
G81059,HAILSHAM MEDICAL GROUP,11392.5,11362.56,0.9973719552337064
G81061,CHAPEL STREET SURGERY,5565.0,5590.77,1.0046307277628033
G81065,WOODINGDEAN MEDICAL CENTRE,8819.75,9690.62,1.0987408940162704
G81070,TRINITY MEDICAL CENTRE,24868.25,23325.52,0.9379638695927538
G81071,UNIVERSITY OF SUSSEX HEALTH CENTRE,19410.75,13786.47,0.7102492175727367
G81073,MILE OAK MEDICAL CENTRE,8633.0,8326.04,0.9644434148036605
G81074,HIGH GLADES MEDICAL CENTRE,18517.0,19015.35,1.0269131068747637
G81075,THE AVENUE SURGERY,5952.0,5881.61,0.9881737231182796
G81076,GRAND OCEAN MED CENTRE,12744.25,14163.45,1.1113600251093632
G81077,COLLINGTON SURGERY,17536.75,19502.95,1.1121188361583532
G81082,OLDWOOD SURGERY,6292.0,6159.48,0.9789383343928798
G81083,WISH PARK SURGERY,7552.5,7146.81,0.946284011916584
G81085,FERRY ROAD HEALTH CENTRE,3901.25,4368.1,1.1196667734700418
G81086,BIRD-IN-EYE SURGERY,7790.75,6974.26,0.895197509867471
G81087,NORTHIAM SURGERY,6832.75,8061.39,1.1798163257839085
G81088,THE SURGERY,21966.0,24049.55,1.0948534098151688
G81089,SOUTH SAXON HOUSE SURGERY,3512.5,3231.4,0.9199715302491104
G81095,HASTINGS OLD TOWN SURGERY,26157.0,27899.35,1.0666112321749435
G81096,SEDLESCOMBE HOUSE,2816.25,2920.82,1.0371309365290724
G81098,QUINTINS MEDICAL CENTRE,12684.25,12701.23,1.0013386680331908
G81099,OLD SCHOOL SURGERY,9400.5,10427.75,1.1092761023349822
G81100,HAVENSHEALTH,19184.25,20428.47,1.0648563274561165
G81102,BUXTED MEDICAL CENTRE,15857.0,16623.91,1.0483641294065713
G81104,PARK PRACTICE,13118.5,12979.51,0.9894050386858254
G81613,SCHOOL HOUSE SURGERY,5031.0,5054.27,1.004625322997416
G81614,GROOMBRIDGE AND HARTFIELD MEDICAL GROUP,5388.5,5435.89,1.008794655284402
G81634,HERSTMONCEUX INTEGRATIVE HEALTH CENTRE,5803.0,6169.69,1.0631897294502843
G81638,WELLBN HEALTHCARE,25269.5,22420.65,0.8872613229387206
G81641,PRIORY ROAD SURGERY,3742.75,3797.17,1.0145401108810368
G81646,THE HAVEN PRACTICE,2697.5,2324.44,0.8617015755329008
G81656,REGENCY SURGERY,5600.5,5759.84,1.0284510311579325
G81658,THE STATION PRACTICE,18095.75,17791.89,0.9832082118729536
G81663,LINKS ROAD SURGERY,5053.25,5009.47,0.991336268737941
G81669,BROADWAY SURGERY,2189.0,2437.38,1.1134673366834171
G81689,ARCH HEALTHCARE,1523.0,1261.29,0.8281615233092581
G81694,SHIP STREET SURGERY,2990.0,2680.0,0.8963210702341137
G82002,ST JAMES' SURGERY,9420.0,9973.97,1.058807855626327
G82006,DR CJ SHIMMINS & PARTNERS,15690.75,14617.33,0.9315889935152877
G82007,CHURCH LANE HEALTH CENTRE,6429.0,8013.61,1.246478456991756
G82013,AMHERST MEDICAL PRACTICE,15034.75,14529.91,0.9664217895209432
G82014,WOODLANDS FAMILY PRACTICE,20406.25,18979.48,0.9300817151607963
G82015,PENCESTER SURGERY,12495.75,13174.29,1.0543016625652724
G82016,KINGSWOOD SURGERY,11279.25,10880.96,0.9646882549814925
G82018,SUN LANE,5396.75,6322.77,1.1715884560151943
G82019,EDENBRIDGE MED PRACTICE,13333.75,14145.46,1.060876347614137
G82020,THE GRANGE PRACTICE,12611.75,13998.56,1.109961742026285
G82021,THE SHRUBBERY SURGERY,17104.5,16691.17,0.9758350141775555
G82022,SPELDHURST & GREGGSWOOD MEDICAL GROUP,9530.75,9275.69,0.9732382026598118
G82023,SHEERNESS HEALTH CENTRE,7155.0,7621.76,1.065235499650594
G82024,GREENSAND MEDICAL GROUP,23515.0,23597.08,1.0034905379544972
G82025,THE WELLS MEDICAL PRACTICE,19814.75,17507.5,0.8835589649125021
G82026,GROVEHURST SURGERY,8018.0,7821.43,0.9754839111998005
G82027,FAVERSHAM MEDICAL PRACTICE,14191.75,14209.92,1.0012803213134391
G82028,SWANLEY MEDICAL PRACTICE,24740.5,23496.8,0.9497301994705039
G82031,BOWER MOUNT MEDICAL PRACTICE,11023.25,10553.86,0.9574181842922913
G82032,PELHAM MEDICAL PRACTICE,15175.75,14998.65,0.988330066059338
G82035,THE CHESTNUTS SURGERY,10179.75,10105.89,0.9927444190672658
G82036,BALMORAL SURGERY,11576.25,12939.82,1.1177903034229564
G82037,HILDENBOROUGH MEDICAL GROUP,16598.75,16570.5,0.9982980646132992
G82038,ST RICHARDS ROAD SURGERY,10502.5,11696.43,1.1136805522494644
G82039,NEWTON PLACE SURGERY,19360.25,18464.41,0.9537278702496094
G82041,GROSVENOR & ST JAMES MEDICAL CENTRE,14430.75,12906.57,0.8943797099942831
G82042,TONBRIDGE MEDICAL GROUP,17784.75,15933.34,0.8958990146052095
G82044,SPRINGHEAD HEALTH,22468.25,20185.72,0.8984108686702347
G82046,SUMMERHILL SURGERY,5950.0,6919.33,1.1629126050420169
G82048,HORSMAN'S PLACE SURGERY,9388.0,9291.9,0.9897635279079676
G82050,SYDENHAM HOUSE MEDICAL CENTRE,24445.5,21967.97,0.8986508764394265
G82051,CITY WAY SURGERY,12787.0,11877.77,0.9288941894111207
G82052,THE LIMES MEDICAL CENTRE,17268.5,18137.38,1.0503158931001535
G82053,WOODCHURCH SURGERY,5570.25,6893.18,1.2374992145774426
G82055,WEALD VIEW MEDICAL PRACTICE - HAWKHURST,9832.25,10835.34,1.1020203920770932
G82056,THE WELLCOME PRACTICE,11445.5,10726.35,0.9371674457210257
G82057,ST GEORGES MEDICAL CENTRE,10971.5,13191.68,1.2023588388096431
G82058,AYLESFORD MEDICAL CENTRE,6970.75,7113.0,1.0204066994225873
G82059,WARDERS MEDICAL CENTRE,18493.75,17131.01,0.9263134842852314
G82060,NORTHGATE MEDICAL PRACTICE,21118.0,20122.73,0.9528710105123591
G82062,PARROCK STREET SURGERY,2645.0,2695.55,1.0191115311909262
G82063,SANDWICH MEDICAL PRACTICE,13116.5,15440.31,1.1771669271528227
G82064,DASHWOOD MEDICAL CENTRE,11205.75,11845.01,1.0570474979363274
G82066,NORTHDOWN & DASHWOOD SURGERY,12701.5,14438.79,1.1367783332677244
G82067,OLD ROAD WEST SURGERY,9473.5,9342.02,0.9861212856916662
G82069,WHITE HOUSE SURGERY,11899.5,11974.59,1.006310349174335
G82071,WHITSTABLE MEDICAL PRACTICE,44298.0,46722.63,1.054734525260734
G82073,MEOPHAM MEDICAL CENTRE,10257.75,10225.14,0.9968209402646778
G82074,BEARSTED,15668.0,14723.15,0.9396955578248659
G82076,MOTE,9935.0,9716.89,0.9780463009562154
G82077,THE ELMS MEDICAL CENTRE,12346.25,14437.93,1.1694182444061962
G82079,WESTGATE SURGERY,10214.75,11826.02,1.157739543307472
G82080,ASHFORD MEDICAL PARTNERSHIP,37234.75,32806.72,0.8810780252318063
G82082,STURRY SURGERY,16712.5,15714.34,0.9402746447270007
G82083,THORNHILLS MEDICAL PRACTICE,14891.5,14044.71,0.9431360171910149
G82085,SNODLAND MEDICAL PRACTICE,12124.25,11978.69,0.9879943089263253
G82086,THE NEW SURGERY,10260.75,10635.16,1.0364895353653485
G82087,NEW HAYESBANK SURGERY,18103.0,16325.58,0.9018162735458212
G82088,DEVON ROAD SURGERY,0.0,0.0,
G82089,BREWER STREET,9130.75,8793.19,0.963030419187909
G82090,THE HERON MEDICAL PRACTICE,17956.0,19915.25,1.1091139451993763
G82091,GUILDHALL STREET SURGERY,10017.25,10504.66,1.0486570665601838
G82092,WESTERHAM PRACTICE,8294.5,8849.75,1.0669419494845982
G82093,LEN VALLEY PRACTICE,10253.0,11233.31,1.0956120159953184
G82094,CHARING SURGERY,11162.75,11607.44,1.0398369577389084
G82095,THORNDIKE PARTNERSHIP,12490.25,12246.83,0.9805111987350134
G82097,JUBILEE MEDICAL CENTRE,15649.25,15569.93,0.9949313864881704
G82098,BLACKTHORN,8391.75,7846.9,0.9350731373074745
G82099,THE COLLEGE PRACTICE,33049.0,29655.2,0.897310054767164
G82100,HIGHPARKS MEDICAL PRACTICE,15307.25,15496.43,1.0123588495647486
G82105,BETHESDA MEDICAL CENTRE,19026.5,21042.08,1.105935405881271
G82106,RIVERSIDE MEDICAL PRACTICE,7201.25,6467.97,0.8981732338135741
G82107,MINSTER SURGERY,9155.25,10021.12,1.0945763359820868
G82108,KING GEORGE ROAD SURGERY,6193.75,5860.78,0.9462409687184662
G82110,TOWN MEDICAL CENTRE,7251.0,6467.7,0.8919735208936698
G82111,THE CEDARS SURGERY,11128.0,13188.13,1.1851303019410495
G82112,HEADCORN SURGERY,2260.25,2429.74,1.0749872801681228
G82113,STONECROSS AND WEST DRIVE SURGERY,8225.5,7811.31,0.949645614248374
G82114,IVY COURT SURGERY,15458.25,17958.05,1.1617130011482542
G82115,NEW DOVER ROAD SURGERY,10491.25,10532.63,1.0039442392469915
G82117,HIGH STREET SURGERY,9280.0,10281.25,1.1078933189655173
G82118,WOODLANDS HEALTH CENTRE,13637.25,12999.48,0.9532332398394104
G82119,PARK SURGERY,24210.25,25249.81,1.0429388378889108
G82120,BOROUGH GREEN MEDICAL PRACTICE,15552.25,16018.89,1.030004661704898
G82121,SANDGATE ROAD,12762.5,14462.14,1.1331745347698334
G82122,SWANSCOMBE HEALTH CENTRE,35966.75,33506.95,0.931609055586062
G82125,OTFORD MEDICAL PRACTICE,11464.25,11806.75,1.0298754824781386
G82126,EAST CLIFF MEDICAL PRACTICE,15281.5,17348.09,1.1352347609855054
G82129,THE GLEBE FAMILY PRACTICE,4855.75,5058.35,1.0417237295989292
G82135,WEST MALLING GROUP PRACTICE,20962.0,18097.84,0.8633641828069841
G82137,ST ANDREWS MEDICAL CENTRE,9834.5,9199.85,0.935466978494077
G82138,ASH SURGERY,4591.5,5517.98,1.2017815528694324
G82139,MAIDSTONE ROAD SURGERY,6171.25,6008.14,0.9735693741138344
G82140,UNIVERSITY MEDICAL CENTRE,14421.5,9695.88,0.672321187116458
G82141,YALDING,6992.25,7261.7,1.0385355214701992
G82142,WYE SURGERY,10407.25,10229.83,0.9829522688510414
G82143,LOWFIELD MEDICAL CENTRE,7219.0,6883.42,0.9535143371658125
G82147,OAK HALL,5771.25,7128.43,1.2351622265540394
G82150,NEWINGTON ROAD SURGERY,6854.75,7241.0,1.0563477880301981
G82152,RUSTHALL MEDICAL PRACTICE,6783.5,6550.49,0.9656504754182944
G82154,THAMES AVE SURGERY,5932.75,6135.21,1.0341258269773714
G82155,WATERFIELD HOUSE SURGERY,6449.25,6964.87,1.0799503818273442
G82158,HOWELL SURGERY,5322.5,5127.77,0.963413809300141
G82160,OAKLANDS HEALTH CENTRE,12048.25,14319.5,1.1885128545639407
G82161,REACH HEALTHCARE,29056.0,27340.46,0.9409574614537445
G82162,ORCHARD FAMILY PRACTICE,5283.0,5700.29,1.0789873178118494
G82164,THE VINE MEDICAL CENTRE,13436.0,12072.7,0.8985337898183984
G82165,HAWKINGE AND ELHAM,10105.0,10783.95,1.0671895101434934
G82170,LAMBERHURST,3478.0,3837.27,1.1032978723404254
G82180,MAIDSTONE RD RAINHAM SURGERY,4804.25,4901.44,1.0202300046833532
G82184,WALTHAM ROAD MEDICAL CENTRE,1387.25,1493.34,1.0764750405478465
G82185,REDWOOD PRACTICE,8967.0,8396.56,0.9363845210215233
G82186,HAMSTREET SURGERY,7831.0,9003.28,1.1496973566594306
G82198,GUN LANE MEDICAL CENTRE,0.0,0.0,
G82200,WATERINGBURY,10589.5,10061.45,0.9501345672600218
G82203,COURT VIEW SURGERY,10785.25,10017.27,0.9287934911105445
G82205,ST JOHN'S MEDICAL PRACTICE,8643.25,7342.42,0.8494975848205247
G82211,AYLESHAM MEDICAL PRACTICE,8433.0,9243.55,1.0961164472904066
G82212,PILGRIMS WAY SURGERY,8342.0,7284.17,0.8731922800287701
G82215,MARDEN MEDICAL CENTRE,7569.75,7932.71,1.0479487433534793
G82217,HARBOUR MEDICAL PRACTICE,3611.75,3856.99,1.067900602201149
G82218,RIVER DARENT MEDICAL GROUP,12656.25,13762.07,1.0873734320987654
G82219,ST PETER'S SURGERY,4495.5,4872.69,1.0839039039039038
G82224,OLD PARSONAGE SURGERY,3851.5,3822.52,0.9924756588342204
G82226,WIGMORE MEDICAL CENTRE,4999.0,4997.56,0.9997119423884778
G82227,LYDDEN SURGERY,5782.25,6636.46,1.1477296899995677
G82228,CANTERBURY MEDICAL PRACTICE,24325.5,24294.12,0.9987099956835419
G82229,SUTTON VALENCE GROUP PRACTICE,7469.75,7538.32,1.009179691422069
G82231,LONDON ROAD MEDICAL CENTRE,7046.5,7161.04,1.01625487830838
G82232,MANOR CLINIC,9690.25,10696.02,1.103791955831893
G82233,ST. WERBURGH MED.PRACTICE,9438.75,9053.56,0.9591905707853264
G82234,PHOENIX MEDICAL PRACTICE,5811.0,5971.34,1.0275924969884702
G82235,OLD SCHOOL SURGERY,5725.75,6594.5,1.1517268480111775
G82600,EASTCOURT LANE SURGERY,2287.0,2350.58,1.0278006121556624
G82604,THE MEDICAL CENTRE GROUP,15533.0,14447.77,0.9301339084529712
G82605,THE CRANE,72.5,41.58,0.5735172413793104
G82631,BRYANT STREET MEDICAL PRACTICE,8212.5,7329.63,0.892496803652968
G82634,THE MEADS MEDICAL PRACTICE,11422.0,10481.58,0.9176659078970408
G82635,PUMP LANE SURGERY,2158.0,2320.19,1.0751575532900834
G82641,WALLIS AVENUE,6954.25,6481.01,0.9319495272674984
G82647,TEMPLE HILL SURGERY,21970.0,21230.78,0.9663532089212562
G82648,ROCHESTER ROAD SURGERY,3978.5,3735.94,0.9390322986050019
G82650,MOCKETTS WOOD SURGERY,9195.0,9924.73,1.0793616095704186
G82652,CHURCH ROAD,2904.0,3368.61,1.1599896694214877
G82653,CASTLE MEDICAL PRACTICE,2488.0,2431.08,0.9771221864951768
G82658,SELLINDGE SURGERY,5189.25,5273.74,1.0162817362817362
G82665,MARTELLO HEALTH CENTRE,5435.25,7637.85,1.4052435490547814
G82666,BIRCHINGTON MEDICAL CENTRE,12872.0,16792.03,1.3045393101305158
G82671,IWADE HEALTH CENTRE,0.0,0.0,
G82679,APEX MEDICAL CENTRE,7114.5,6454.51,0.9072331154684096
G82681,MALLING HEALTH FOUR,6977.25,6574.15,0.9422265219104947
G82682,THE OM MEDICAL CENTRE,6924.5,7348.46,1.0612260813055094
G82684,NEW LYMINGE SURGERY,4606.5,5016.85,1.0890806469119723
G82686,MINSTER MEDICAL CENTRE,0.0,0.0,
G82687,VEL SURGERY,9381.0,10062.87,1.0726862807803006
G82691,LANGLEY,3418.25,3471.93,1.0157039420756235
G82693,MEMORIAL MEDICAL CENTRE,17367.75,16646.03,0.9584448187013286
G82696,THE NEW GOLF ROAD SURGERY,2582.25,3265.19,1.2644747797463454
G82697,THE CHURCHILL CLINIC,10105.5,9385.42,0.928743753401613
G82698,THE MEDIC CARE SURGERY,3965.5,4201.27,1.0594553019795738
G82700,BUCKLAND MEDICAL PRACTICE,10454.75,11755.86,1.1244515650780746
G82702,GREEN PORCH MEDICAL PARTNERSHIP,8172.75,7113.47,0.8703887920222692
G82708,MARLOWE PARK MEDICAL CTR.,4287.75,3838.38,0.8951967815287739
G82711,BORSTAL VILLAGE SURGERY,4414.75,4258.27,0.9645551843252733
G82719,MATRIX MEDICAL PRACTICE,16498.75,15854.0,0.9609212819152966
G82721,PARKWOOD FAMILY PRACTICE,3350.75,3365.89,1.0045183914049094
G82729,WHITE CLIFFS MEDICAL CENTRE,9844.75,10572.9,1.07396327992077
G82730,KINGSNORTH MEDICAL PRACTICE,12606.75,10413.61,0.826034465663236
G82733,ORCHARD END,4205.0,4247.95,1.0102140309155767
G82737,LONG CATLIS ROAD SURGERY,11423.25,10264.84,0.8985919068566302
G82741,PRINCES PARK MEDICAL CTR,30193.75,27488.45,0.9104019871662182
G82744,MARITIME HEALTH PARTNERSHIP,37370.75,36173.17,0.9679540817350467
G82753,THE KINGS FAMILY PRACTICE,8126.75,7235.67,0.8903522318269911
G82754,HADLOW MEDICAL CENTRE,3563.0,3457.38,0.970356441201235
G82763,NAPIER ROAD SURGERY,3027.5,2843.32,0.9391643270024773
G82768,LONSDALE MEDICAL CENTRE,7440.0,7145.49,0.9604153225806451
G82775,MEDWAY MEDICAL CENTRE,2483.25,2325.46,0.9364582704117588
G82780,GRAVESEND MEDICAL CENTRE,16526.25,14917.18,0.9026355041222298
G82790,OLD SCHOOL SURGERY,6259.5,5965.8,0.9530793194344597
G82796,BROADSTAIRS MEDICAL PRACTICE,7471.5,7596.1,1.0166767048116174
G82799,SHEPPEY HEALTHY LIVING CENTRE,14198.75,16236.98,1.1435499603838366
G82802,CANTERBURY HEALTH CENTRE,7839.5,6287.83,0.8020702850947127
G82808,"OAKFIELD HEALTH CENTRE, PRACTICE 2",9984.5,9099.32,0.9113445841053632
G82809,DOWNS WAY MEDICAL PRACTICE,16158.75,16705.35,1.0338268739846832
G82888,SOUTH PARK MEDICAL PRACTICE,6170.5,5361.68,0.8689214812413906
G83001,MANOR BROOK PMS,12517.25,12710.55,1.015442689089057
G83002,THE WESTWOOD SURGERY,9755.5,8542.4,0.8756496335400543
G83004,BARNARD MEDICAL GROUP,13680.75,13273.99,0.9702677119309979
G83006,THE ALBION SURGERY,15725.75,14554.3,0.9255075274629191
G83009,BELLEGROVE SURGERY,11783.5,10327.49,0.8764365426231595
G83010,NORTHUMBERLAND HEATH MED.CTR.,14368.25,13940.76,0.9702475945226454
G83012,GALLIONS REACH HEALTH CENTRE,15706.75,14832.54,0.9443417638913206
G83013,BLACKHEATH STANDARD PMS,7674.75,7689.8,1.0019609759275547
G83015,ELTHAM PALACE PMS,7864.25,7719.2,0.9815557745493848
G83016,ROYAL ARSENAL MEDICAL CENTRE,11355.0,11468.14,1.0099638925583443
G83018,LAKESIDE MEDICAL,18911.5,17022.39,0.9001078708722206
G83019,PLUMSTEAD H/C PMS,15833.5,16475.33,1.040536204882054
G83021,VANBRUGH GROUP PRACTICE,18656.75,17180.24,0.9208592064534284
G83024,INGLETON AVENUE SURGERY,4850.75,4144.64,0.8544328196670619
G83025,WELLING MEDICAL PRACTICE,11281.25,11001.03,0.9751605540166206
G83026,TRIVENI PMS,8401.75,8405.99,1.0005046567679352
G83027,EVEREST HEALTH PARTNERSHIP,19159.25,19774.65,1.0321202552291975
G83028,BEXLEY GROUP PRACTICE,13866.5,12053.55,0.8692568420293513
G83029,PLAS MEDDYG SURGERY,7290.75,6806.46,0.9335747351095567
G83030,ALL SAINTS MEDICAL CENTRE PMS,6541.0,6668.29,1.0194603271670999
G83031,ABBEY WOOD SURGERY,7339.75,7342.13,1.0003242617255357
G83033,DR DAVIES & PARTNER,5607.5,5387.75,0.960811413285778
G83039,ST MARKS PMS,10009.5,10066.46,1.005690593935761
G83044,FAIRFIELD PMS,12669.0,12097.58,0.9548962033309654
G83046,BURSTED WOOD SURGERY,6368.0,5940.8,0.9329145728643217
G83047,STATION ROAD SURGERY,10085.25,9299.75,0.9221139783346967
G83049,LYNDHURST ROAD MEDICAL CENTRE,12133.75,11938.33,0.9838945091171319
G83052,BELVEDERE MEDICAL CENTRE,18009.75,16347.02,0.9076761198795097
G83053,BEXLEY MEDICAL GROUP,20979.25,19539.57,0.9313760024786396
G83057,WOODLANDS SURGERY,11578.0,10537.39,0.910121782691311
G83058,PRIMECARE PMS (SOUTH STREET),10847.0,10230.43,0.9431575550843552
G83060,GLYNDON PMS,7549.5,7513.53,0.9952354460560302
G83062,SLADE GREEN MEDICAL CTR.,11477.0,10728.36,0.9347704103859894
G83065,BURNEY STREET PMS,15823.5,13793.85,0.8717319177173192
G83066,SIDCUP MEDICAL CENTRE,20548.0,20078.34,0.9771432742846019
G83067,VALENTINE HEALTH PARTNERSHIP,32083.25,31238.25,0.9736622692526474
G83628,NEW ELTHAM AND BLACKFEN MEDICAL CENTRE,10502.75,9416.76,0.8965994620456548
G83630,RIVERSIDE SURGERY,12622.25,11501.47,0.9112060052684743
G83631,ABBEYSLADE PMS (DR CHAND),4860.75,4651.46,0.9569428586123541
G83633,CONWAY PMS,5744.0,5246.47,0.913382660167131
G83635,WAVERLEY PMS,4433.75,4497.93,1.0144753312658585
G83641,PLUMBRIDGE MEDICAL CENTRE,3313.75,3062.03,0.9240377216144852
G83642,CRAYFORD TOWN SURGERY,10473.75,9046.53,0.863733619763695
G83647,PLUMSTEAD AND WICKHAM LANE SURGERY,7644.25,7462.24,0.976189946691958
G83651,WOODLANDS SURGERY,5840.5,5735.11,0.9819553120452016
G83654,BANNOCKBURN SURGERY,5756.75,5404.03,0.9387293177574152
G83673,ELMSTEAD MEDICAL CLINIC,6162.75,5658.69,0.9182085919435317
G83680,ELTHAM MEDICAL PRACTICE,25927.0,26052.03,1.0048223859297256
G84001,SOUTH VIEW PARTNERSHIP,13695.75,12394.88,0.9050165197232718
G84002,DYSART SURGERY,13213.25,11021.95,0.8341588935348987
G84003,LINKS MEDICAL PRACTICE,11694.75,11557.32,0.988248573077663
G84004,STOCK HILL SURGERY,9598.25,9801.94,1.0212215768499466
G84005,DERRY DOWNS SURGERY,5109.25,5346.22,1.0463805842344767
G84006,SUMMERCROFT SURGERY,9722.0,9647.85,0.9923729685249949
G84007,POVEREST MEDICAL CENTRE,8241.5,8123.47,0.9856785779287751
G84008,MANOR ROAD SURGERY,6182.25,5589.9,0.904185369404343
G84009,FAMILY SURGERY,4228.75,4039.62,0.955275199527047
G84010,THE CHISLEHURST PARTNERSHIP,24169.75,23095.74,0.9555638763330196
G84011,EDEN PARK SURGERY,8458.5,7507.01,0.8875107879647692
G84013,ST MARY CRAY PRACTICE,4269.5,4227.38,0.9901346761915916
G84015,STATION ROAD SURGERY,10762.5,9998.56,0.9290183507549361
G84016,LONDON LANE CLINIC,13701.0,13055.33,0.9528742427560032
G84017,ADDINGTON ROAD SURGERY,8787.0,8394.91,0.9553783999089563
G84018,CORNERWAYS SURGERY,7785.0,7461.81,0.958485549132948
G84019,BROOMWOOD HEALTH CENTRE,11167.25,10720.14,0.9599623900244016
G84020,CHELSFIELD SURGERY,9394.25,8959.11,0.9536801767038349
G84023,SOUTHBOROUGH LANE SURGERY,10019.5,9309.37,0.9291252058485954
G84024,BROMLEY COMMON PRACTICE,10110.25,8733.05,0.8637818055933334
G84025,THE PARK PRACTICE,9013.75,8558.66,0.9495115795312716
G84027,ELM HOUSE SURGERY,20481.25,18538.65,0.9051522734208118
G84028,ST JAMES' PRACTICE,7141.75,6657.41,0.9321818881926699
G84029,ROBIN HOOD SURGERY,3870.0,3951.47,1.0210516795865632
G84030,FORGE CLOSE SURGERY,6621.5,6153.14,0.9292667824511063
G84032,KNOLL MEDICAL PRACTICE,14024.0,13853.67,0.9878543924700514
G84033,PICKHURST SURGERY,8748.0,7827.62,0.8947896662094192
G84035,TUDOR WAY SURGERY,8322.5,7366.5,0.8851306698708321
G84039,NORHEADS LANE SURGERY,3771.25,3347.44,0.8876208153795161
G84040,BALLATER SURGERY,10850.0,9488.58,0.8745235023041474
G84041,GILLMANS ROAD SURGERY,4238.5,3540.23,0.8352553969564704
G84604,HIGHLAND ROAD SURGERY,8295.25,7508.44,0.9051493324492932
G84607,WICKHAM PARK SURGERY,5597.5,5074.03,0.9064814649397052
G84609,BANK HOUSE SURGERY,3612.25,3508.06,0.9711564814173991
G84621,WHITEHOUSE SURGERY,4261.0,3604.76,0.8459892044121099
G84624,ANERLEY SURGERY,2658.25,2522.47,0.9489212827988337
G84625,OAKFIELD SURGERY,7453.5,6717.39,0.901239686053532
G84627,GREEN STREET GREEN MED CT,7146.75,6936.25,0.9705460524014412
G84629,SUNDRIDGE MEDICAL CENTRE,6479.5,5832.59,0.9001605062118991
G84630,CRESCENT SURGERY,3009.25,2879.28,0.956809836337958
G85001,FOREST HILL GROUP PRACTICE,10541.75,10549.88,1.0007712191998481
G85002,STREATHAM HIGH PRACTICE,24826.0,21122.91,0.8508382341094014
G85004,MODALITY LEWISHAM (ML),35990.0,35983.29,0.999813559322034
G85006,THE ACORN & GAUMONT HOUSE SURGERY,9126.25,9982.99,1.0938764552800986
G85011,CLAPHAM FAMILY PRACTICE,20725.75,18536.14,0.8943531597167774
G85013,CAMBERWELL GREEN SURGERY,8866.0,9661.38,1.0897112564854499
G85014,STREATHAM COMMON PRACTICE,11530.25,10761.8,0.9333535699572862
G85015,THE QRP SURGERY,9207.25,9678.06,1.0511347036302914
G85016,HERNE HILL GROUP PRACTICE,15242.5,15517.28,1.0180272265048385
G85019,TRAFALGAR SURGERY,3714.75,3803.0,1.0237566458038898
G85020,KINGFISHER MEDICAL CENTRE,16152.0,14483.04,0.8966716196136701
G85021,PRENTIS MEDICAL CENTRE,4713.75,4837.54,1.0262614691063379
G85022,NORTH WOOD GROUP PRACTICE,15659.25,15915.73,1.0163788176317512
G85023,LEWISHAM MEDICAL CENTRE,14772.25,13593.03,0.9201732979065478
G85024,SYDENHAM GREEN GROUP PRACTICE,15198.5,15052.32,0.9903819455867355
G85025,BRIXTON HILL GROUP PRACTICE,12735.25,11913.97,0.9355112777526943
G85026,CLIFTON RISE FAMILY PRACTICE,4430.75,4757.65,1.0737798341138634
G85027,LEE HEALTH CENTRE,1612.25,1704.36,1.0571313381919676
G85028,STOCKWELL GROUP PRACTICE,12833.25,13384.05,1.0429197592192156
G85029,FALMOUTH ROAD GROUP PRACTICE,17250.0,15299.13,0.8869060869565217
G85030,PARKSIDE MEDICAL CENTRE,6268.0,6620.53,1.0562428206764518
G85031,DMC CHADWICK ROAD,6841.5,6979.43,1.020160783453921
G85032,TORRIDON ROAD MEDICAL PRACTICE,11879.0,11237.54,0.9460005050930214
G85034,NEXUS HEALTH GROUP,75590.5,76056.24,1.006161356255085
G85038,THE LEWISHAM CARE PARTNERSHIP,53102.0,50662.01,0.9540508832059057
G85039,PAXTON GREEN GROUP PRACTICE,19239.75,19713.96,1.024647409659689
G85040,QUEENS ROAD SURGERY,14498.25,14740.57,1.0167137413136067
G85041,PALACE ROAD SURGERY,8036.5,8115.25,1.0097990418714615
G85042,ST GILES SURGERY,6720.25,7066.57,1.0515337971057623
G85044,VALLEY ROAD SURGERY,5650.0,5620.61,0.9947982300884955
G85045,HETHERINGTON GROUP PRACTICE,8149.75,8153.05,1.0004049203963312
G85046,LEE ROAD SURGERY,12469.75,12442.74,0.9978339581787926
G85047,KNIGHTS HILL SURGERY SUITE 1,11770.0,11349.14,0.9642429906542056
G85051,ELM LODGE SURGERY,9013.75,8653.9,0.9600776591318818
G85052,OLD KENT ROAD SURGERY,10528.5,10068.92,0.9563489575912998
G85053,HURLEY AND RIVERSIDE PRACTICES,23011.0,22070.33,0.9591208552431446
G85054,LAMBETH WALK GROUP PRACTICE,8435.75,9504.39,1.1266799039800848
G85057,ASHDOWN MEDICAL GROUP,11492.0,11154.9,0.9706665506439262
G85061,WOOLSTONE MEDICAL CENTRE,9407.25,9461.99,1.0058189162613942
G85073,VASSALL MEDICAL CENTRE,7694.25,7629.74,0.9916158170062059
G85076,NEW CROSS CENTRE (HURLEY GROUP),9904.5,9348.29,0.9438426977636428
G85083,SANDMERE PRACTICE,12468.0,12285.29,0.985345684953481
G85084,PENROSE SURGERY,15702.25,14843.68,0.9453218487796335
G85085,GROVE MEDICAL CENTRE,12860.0,11362.24,0.8835334370139969
G85086,THE SOUTH LAMBETH RD PRACTICE,9976.25,9639.55,0.9662498433780228
G85087,SILVERLOCK MEDICAL CENTRE,16650.0,15984.76,0.9600456456456457
G85091,THE THREE ZERO SIX MEDICAL CENTRE,6800.25,5930.58,0.8721120547038712
G85096,THE VALE SURGERY,11035.0,9901.67,0.8972967829632986
G85100,BECKETT HOUSE PRACTICE,8814.0,8370.25,0.9496539596097118
G85102,GRAY'S INN MEDICAL GROUP VAUXHALL,9524.0,8725.79,0.9161896262074759
G85104,MOORSIDE CLINIC,10092.25,10109.68,1.0017270677995491
G85105,VESTA ROAD SURGERY,6616.0,6182.72,0.9345102781136639
G85109,CLAPHAM PARK GROUP PRACTICE,21172.75,18407.39,0.869390608211026
G85114,WELLS PARK PRACTICE,12849.25,11965.9,0.9312527968558476
G85119,STERNHALL LANE SURGERY,6082.5,6250.97,1.027697492807234
G85120,TRIANGLE GROUP PRACTICE,6648.0,6903.71,1.038464199759326
G85121,PARKVIEW SURGERY,9685.0,9256.23,0.9557284460505937
G85123,BINFIELD ROAD SURGERY,10439.25,10118.08,0.9692343798644538
G85125,PARK MEDICAL CENTRE,6316.5,6441.3,1.0197577772500594
G85127,THE CORNER SURGERY,6643.5,6618.56,0.9962459546925567
G85129,THE DEERBROOK SURGERY,7163.25,6740.27,0.9409513837992531
G85130,MAWBEY GROUP PRACTICE,11017.75,10643.55,0.9660366227224251
G85132,TESSA JOWELL GP SURGERY,15441.5,14088.25,0.9123627885891915
G85134,THE LISTER PRIMARY CARE CENTRE,8538.0,9110.22,1.0670203794799717
G85135,MINET GREEN HEALTH PRACTICE,11794.5,12436.92,1.0544677603967951
G85136,WATERLOO HEALTH CENTRE,14393.25,14508.72,1.008022510551821
G85137,BROCKWELL PARK SURGERY,9152.0,8329.45,0.9101234702797204
G85138,ALBION STREET GROUP PRACTICE,15606.0,14093.73,0.9030968858131487
G85623,BERMONDSEY SPA MEDICAL CENTRE,11161.75,9999.38,0.8958613120702398
G85632,THE VILLA STREET MEDICAL CENTRE,9291.5,8710.67,0.9374880266910617
G85633,THE PRIMARY CARE CENTRE,21247.25,20753.38,0.9767560507830425
G85642,BLACKFRIARS MEDICAL PRACTICE,9594.0,9049.8,0.9432770481550968
G85644,THE GARDENS SURGERY,6375.75,6238.93,0.9785405638552328
G85647,THE EXCHANGE SURGERY,7433.0,7058.43,0.9496071572716266
G85651,THE DULWICH MEDICAL CENTRE,7023.75,6399.3,0.9110945008008543
G85662,THE STREATHAM HILL GROUP PRACTICE,7553.75,7406.11,0.9804547410226708
G85673,SPRINGFIELD MEDICAL CENTRE,6996.25,6266.82,0.8957398606396283
G85674,GRAFTON SQUARE SURGERY,6669.75,6002.38,0.899940777390457
G85681,THE LORDSHIP LANE SURGERY,5111.5,4816.9,0.9423652548175682
G85685,THE NUNHEAD SURGERY,9226.5,9998.86,1.0837110496938167
G85690,HERNE HILL ROAD MEDICAL PRACTICE,7157.25,7165.58,1.0011638548325126
G85695,AKERMAN MEDICAL PRACTICE,7162.5,6806.14,0.9502464223385689
G85696,VALE MEDICAL CENTRE,16395.0,14627.29,0.892179932906374
G85698,AMERSHAM VALE TRAINING PRACTICE,15707.75,14691.38,0.9352949976922219
G85706,THE OLD DAIRY HEALTH CENTRE,6024.75,5814.68,0.9651321631602972
G85708,DR CURRAN & PARTNERS,10912.5,9628.77,0.8823615120274915
G85711,DEPTFORD SURGERY,12030.25,10561.6,0.877920242721473
G85715,THE LISTER PRACTICE,11925.25,11925.89,1.000053667637995
G85716,OAKVIEW FAMILY PRACTICE,6341.25,5789.96,0.9130628819239109
G85721,EAST STREET,6906.75,6774.59,0.980865095739675
G85722,WOODLANDS HEALTH CENTRE,10559.25,10349.6,0.980145370173071
G85724,EDITH CAVELL PRACTICE,20868.25,18271.65,0.875571741760809
G85726,BRUNSWICK PARK FAMILY PRACTICE,7629.25,8006.52,1.049450470229708
G85727,NIGHTINGALE SURGERY,6732.5,6304.24,0.9363891570738953
G85736,DEPTFORD MEDICAL CENTRE,4288.75,4121.32,0.9609606528708831
H81002,KNOWLE GREEN MEDICAL,8748.75,7955.55,0.9093356193741964
H81003,SUNBURY GROUP PRACTICE,19188.5,19683.65,1.0258045183312923
H81004,SHEPPERTON MEDICAL PRACTICE,12586.0,13860.22,1.1012410614969013
H81005,POND TAIL SURGERY,6664.0,7087.97,1.0636209483793517
H81006,AUSTEN ROAD SURGERY,8522.0,7630.75,0.8954177423140108
H81007,ROWAN TREE PRACTICE,0.0,0.0,
H81009,STUDHOLME MEDICAL CENTRE,15839.75,15269.02,0.9639684969775407
H81010,GUILDOWNS GROUP PRACTICE,25333.0,20692.26,0.8168104843484782
H81011,NORK CLINIC,8541.0,7687.38,0.9000561995082543
H81013,BARTLETT GROUP PRACTICE,28425.75,29127.08,1.0246723481350537
H81015,CHOBHAM & WEST END MEDICAL PRACTICE,10721.75,10501.01,0.9794119430130342
H81016,FAIRFIELD MEDICAL CENTRE,10326.75,10781.1,1.0439973854310407
H81017,ASHLEA MEDICAL PRACTICE,19981.25,20045.87,1.003234031904911
H81019,SUNNY MEED SURGERY,13423.5,12580.01,0.9371631839684136
H81020,FORT HOUSE SURGERY,13337.5,12117.0,0.9084910965323336
H81021,THE MILL MEDICAL PRACTICE,16885.5,15370.92,0.9103029226259216
H81022,CHIDDINGFOLD SURGERY,5176.0,6163.2,1.190726429675425
H81023,LINGFIELD SURGERY,11242.75,11775.41,1.0473780881012207
H81024,GOLDSWORTH PARK HEALTH CENTRE,13120.5,12270.38,0.9352067375481117
H81025,ST JOHN'S FAMILY PRACTICE,11292.25,11200.95,0.9919148088290642
H81026,BINSCOMBE MEDICAL CENTRE,11509.0,11012.37,0.9568485533061083
H81027,FARNHAM PARK HEALTH GROUP,16441.5,16009.86,0.9737469209013776
H81028,DORKING MEDICAL PRACTICE,11218.25,12167.34,1.0846023221090633
H81029,DAPDUNE HOUSE SURGERY,12951.75,11147.9,0.8607253846005366
H81030,THE HOUSE PARTNERSHIP,28881.0,27359.21,0.9473082649492746
H81031,WITLEY SURGERY,11527.75,11883.0,1.0308169417275703
H81032,HEATHCOT MEDICAL PRACTICE,17925.0,16090.07,0.8976329149232914
H81033,CHERTSEY HEALTH CENTRE,22226.75,22667.42,1.0198261104299997
H81034,MADEIRA MEDICAL,8871.0,8604.35,0.9699413820313381
H81035,MERROW PARK SURGERY,11833.0,10036.84,0.8482075551423984
H81036,PARISHES BRIDGE MED.PRACT,9847.5,9637.28,0.9786524498603707
H81037,BIRCHWOOD MEDICAL PRACTICE,0.0,0.0,
H81038,LITTLETON SURGERY,3629.5,3171.15,0.8737153877944621
H81039,PARK HOUSE SURGERY,6565.5,6408.02,0.97601401264184
H81040,STATION ROAD SURGERY,8977.25,8366.02,0.9319134478821466
H81041,SOUTHVIEW MEDICAL PRACTICE,10841.5,10023.07,0.9245095235899091
H81042,CROUCH OAK FAMILY PRACTICE,17079.75,16636.39,0.974041774616139
H81043,WONERSH SURGERY,10487.0,11002.16,1.049123676933346
H81044,SPRINGFIELD SURGERY,4911.0,5499.93,1.1199205864386073
H81045,CATERHAM VALLEY MEDICAL PRACTICE,10643.5,10283.01,0.9661305021844319
H81046,WAYSIDE MEDICAL PRACTICE,6841.25,6431.35,0.9400840489676595
H81047,RUNNYMEDE MEDICAL PRACTICE,11928.25,12142.69,1.0179774904114183
H81048,HOLMHURST MEDICAL CENTRE,10662.25,9190.84,0.8619981711177285
H81050,WEY FAMILY PRACTICE,12293.75,11749.12,0.9556986273512964
H81051,DERBY MEDICAL CENTRE,14593.5,13800.48,0.9456593688971117
H81052,CRANLEIGH MEDICAL PRACTICE,18016.5,18768.23,1.041724530291677
H81053,VILLAGES MEDICAL CTR,8747.5,8752.84,1.000610460131466
H81055,HAWTHORNS SURGERY,9121.0,9178.2,1.0062712421883566
H81056,OXTED HEALTH CENTRE,17073.0,16594.79,0.9719902770456277
H81057,FORDBRIDGE MEDICAL CENTRE,7975.0,7420.54,0.9304752351097179
H81058,WOODLANDS ROAD MEDICAL CENTRE,9896.75,8826.5,0.8918584383762346
H81060,TOWNHILL MEDICAL PRACTICE,0.0,0.0,
H81061,HILLVIEW MEDICAL CENTRE,15912.25,14042.65,0.8825056167418184
H81062,HASLEMERE HEALTH CENTRE,18906.0,19767.36,1.0455601396382102
H81064,FAIRLANDS MEDICAL PRACTICE,14110.75,14306.02,1.0138383856279787
H81065,HERSHAM SURGERY,9937.5,9456.39,0.9515864150943396
H81066,GROVE MEDICAL CENTRE,15354.0,13717.66,0.8934258173765793
H81067,COBHAM HEALTH CENTRE,13829.25,13038.92,0.9428508415134588
H81068,BROCKWOOD MEDICAL PRACTICE,12176.75,13825.65,1.1354138008910424
H81069,PARK ROAD GROUP PRACTICE,22468.25,21818.33,0.9710738486530994
H81070,HEATHCOTE MEDICAL CENTRE,11850.75,12071.08,1.0185920722317152
H81071,ASHLEY CENTRE SURGERY,10592.0,10107.92,0.954297583081571
H81072,MEDWYN SURGERY,13884.25,13410.88,0.9659059725948467
H81073,PHOENIX FAMILY PRACTICE,24687.25,22494.14,0.9111642649545818
H81074,ST STEPHENS HOUSE SURGERY,6636.75,6423.74,0.9679044713150261
H81075,UPPER GORDON ROAD SURGERY,11566.75,10834.24,0.9366710614476841
H81076,GRAYSHOTT SURGERY,12309.0,13647.52,1.1087431960354213
H81077,SHERESURGERYANDDISPENSARY,8286.75,8614.53,1.0395547108335597
H81078,GLENLYN MEDICAL CENTRE,17260.75,15232.09,0.8824697652187767
H81080,LONGCROFT CLINIC,10364.75,11143.97,1.0751798162039605
H81081,TADWORTH MEDICAL CENTRE,9926.75,10143.15,1.0217996826755986
H81082,CAMBERLEY HEALTH CENTRE,9826.25,9487.37,0.9655127846329984
H81083,MOAT HOUSE SURGERY,0.0,0.0,
H81084,THE HORSLEY MEDICAL PRACTICE,10542.0,10634.47,1.0087715803452855
H81085,ST. LUKE'S SURGERY,11387.75,10253.36,0.9003850628965336
H81086,THORKHILL SURGERY,5051.25,4402.06,0.8714793367978224
H81087,ST DAVID'S FAMILY PRACTICE,15397.5,14209.04,0.9228147426530281
H81088,CENTRAL SURGERY,14101.0,13770.24,0.9765435075526558
H81089,THE WALL HOUSE SURGERY,22325.0,20511.28,0.9187583426651735
H81090,WOODBRIDGE HILL SURGERY,16044.75,13011.67,0.810961217843843
H81091,SPRING STREET SURGERY,10426.5,9804.06,0.9403021148036254
H81094,THE RED PRACTICE WALTON,10548.25,9736.1,0.9230061858602138
H81095,THE YELLOW PRACTICE,3723.75,3482.73,0.9352749244712991
H81097,RIVER WEY MEDICAL PRACTICE,0.0,0.0,
H81099,ESHER GREEN SURGERY,13601.0,11502.15,0.8456841408719947
H81103,EASTWICK PARK MED.PRACT.,8101.0,7877.84,0.9724527836069621
H81104,STANWELL ROAD SURGERY,8947.0,8318.08,0.9297060467195708
H81107,OXSHOTT MEDICAL PRACTICE,8001.25,7296.42,0.911910014060303
H81109,CAPELFIELD SURGERY,7811.0,6918.42,0.8857278197413904
H81110,HOLLY TREE SURGERY,6375.75,6500.42,1.0195537779869035
H81111,VIRGINIA WATER MEDICAL PRACTICE,5738.0,5738.13,1.0000226559776926
H81113,LEITH HILL PRACTICE,8064.0,8907.26,1.1045709325396826
H81116,ELIZABETH HOUSE MEDICAL PRACTICE,5944.75,6223.98,1.04697085663821
H81119,WARLINGHAM GREEN MED PRAC,21284.75,20214.6,0.9497222189595836
H81122,HYTHE MEDICAL CENTRE SURGERY,8463.25,8154.99,0.9635766401796
H81123,SHEERWATER HEALTH CENTRE,3359.5,3264.63,0.9717606786724216
H81126,TATTENHAM HEALTH CENTRE,7790.0,7647.67,0.9817291399229782
H81128,VINE MEDICAL CENTRE,8162.5,7894.23,0.9671338437978559
H81129,PIRBRIGHT SURGERY,4715.25,4302.2,0.9124012512592121
H81130,LIGHTWATER SURGERY,15531.0,14774.81,0.9513109265340287
H81131,THE WHITE PRACTICE,4140.5,3921.68,0.9471513102282333
H81132,GUILDFORD RIVERS PRACTICE,461.25,340.77,0.7387967479674796
H81133,INTEGRATED CARE PARTNERSHIP - OCH,31655.5,30048.96,0.9492492615817156
H81134,STAINES HEALTH GROUP,13094.25,12649.07,0.9660018710502701
H81613,STONELEIGH SURGERY,4225.75,3414.41,0.8080009465775306
H81615,FARNHAM DENE MEDICAL PRACTICE,14653.0,13843.34,0.944744420937692
H81618,MOLEBRIDGE PRACTICE,6206.5,6216.95,1.0016837186820269
H81620,HEATHERSIDE SURGERY,0.0,0.0,
H81632,THE ORCHARD SURGERY,2996.25,2870.51,0.9580342094284523
H81638,MODALITY EAST SURREY MEDICAL PRACTICE,38551.5,37874.31,0.9824341465312633
H81641,THE PRACTICE COLLEGE ROAD,3890.5,3404.3,0.8750289165916978
H81642,UPPER HALLIFORD MEDICAL CENTRE,4414.5,4408.13,0.9985570279759882
H81643,MAYBURY SURGERY,3906.75,3397.57,0.8696666026748576
H81644,FOUNTAIN PRACTICE,8633.0,8435.78,0.9771551025136106
H81656,SHADBOLT PARK HOUSE SURG,7139.25,6774.66,0.9489316104632839
H81658,NEW OTTERSHAW SURGERY,6031.25,6410.8,1.0629305699481866
H81663,ASHLEY MEDICAL PRACTICE,3805.25,3184.25,0.8368044149530254
H81672,LANTERN SURGERY,6319.75,5377.16,0.8508501127418014
H82003,MEADOWS SURGERY,10424.75,9223.57,0.8847761337202331
H82004,COWFOLD SURGERY,5019.75,5296.3,1.0550923850789382
H82005,CUCKFIELD MEDICAL CENTRE,12926.75,11064.46,0.8559351731873827
H82006,THE PETWORTH SURGERY,5995.5,7053.62,1.1764856976065383
H82007,WESTCOURT MEDICAL CENTRE,13087.5,14103.99,1.0776687679083095
H82009,ST. LAWRENCE SURGERY,16550.75,15517.34,0.9375611377127925
H82011,STRAND MEDICAL GROUP,15730.0,14757.96,0.9382047043865225
H82012,LEACROFT MEDICAL PRACTICE,14734.25,13445.55,0.9125371159034222
H82013,LANGLEY HOUSE SURGERY,13503.0,14432.06,1.0688039694882618
H82014,COPPICE SURGERY,13330.0,14103.89,1.0580562640660165
H82016,BERSTED GREEN SURGERY,13144.0,12801.24,0.9739227023737066
H82017,PARK SURGERY,20465.0,19188.28,0.9376144637185438
H82020,BOGNOR MEDICAL CENTRE,9601.5,9308.76,0.9695110139040775
H82021,ARUNDEL SURGERY,6469.0,7749.72,1.1979780491575205
H82022,STEYNING HEALTH CENTRE,11811.25,13087.18,1.1080266694888348
H82023,ADUR HEALTH PARTNERSHIP,36284.75,35007.11,0.9647885130805641
H82025,WOODLANDS&CLERKLANDS PARTNERSHIP,16926.75,15826.28,0.934986338192506
H82026,SAXONBROOK MEDICAL CENTRE,19759.75,15793.58,0.7992803552676526
H82027,RUDGWICK MEDICAL CENTRE,4019.0,3745.18,0.9318686240358298
H82028,THE COURTYARD SURGERY,15796.0,13294.82,0.8416573816155989
H82030,PULBOROUGH MEDICAL GROUP,13332.5,14896.38,1.1172983311456965
H82031,LOXWOOD SURGERY,6788.0,7216.38,1.0631084266352386
H82032,RIVERBANK MEDICAL CENTRE,13090.25,14282.76,1.0910991004755448
H82033,GOSSOPS GREEN MEDICAL CTR,7360.0,6593.42,0.8958451086956521
H82034,LIME TREE SURGERY,27748.75,28909.3,1.0418235055633136
H82035,LINDFIELD MEDICAL CENTRE,10984.5,10813.58,0.9844398925759024
H82036,ORCHARD SURGERY,8888.5,9102.2,1.024042301850706
H82037,SELSEY MEDICAL PRACTICE,12697.75,15192.2,1.1964481896398969
H82038,FLANSHAM PARK HEALTH CENTRE,13121.75,14065.34,1.071910377807838
H82039,PARK SURGERY,11068.75,11779.92,1.0642502540937324
H82040,MODALITY MID SUSSEX,29756.25,29018.16,0.9751954631379962
H82041,VICTORIA ROAD SURGERY,14014.75,14494.53,1.0342339321072442
H82042,CATHEDRAL MEDICAL GROUP,14001.75,13737.71,0.9811423572053493
H82043,GROVE HOUSE SURGERY,11074.5,13276.09,1.1987981398708745
H82044,DOLPHINS PRACTICE,10977.0,9920.14,0.9037205065136193
H82045,WORTHING MEDICAL GROUP,20967.5,23318.67,1.1121340169309646
H82046,BROADWATER MEDICAL CENTRE,12000.5,11366.15,0.9471397025123953
H82047,BRIDGE MEDICAL CENTRE,11624.75,10246.59,0.8814460526032818
H82048,AVISFORD MEDICAL GROUP,12110.0,14453.15,1.193488852188274
H82049,PARKLANDS SURGERY,10830.75,10685.76,0.9866131154352192
H82050,IFIELD MEDICAL PRACTICE,10717.25,9811.35,0.9154727192143507
H82051,LAVANT ROAD SURGERY,12533.5,12782.94,1.0199018630071408
H82052,POUND HILL MEDICAL GROUP,17224.75,15471.09,0.8981895237957009
H82053,FURNACE GREEN SURGERY,7463.25,7410.97,0.9929950088768298
H82055,BILLINGSHURST SURGERY,13956.75,14194.5,1.0170347681229512
H82056,NEWTONS PRACTICE,14018.75,12865.15,0.9177102095407935
H82057,MID SUSSEX HEALTH CARE,21686.0,21482.93,0.9906358941252421
H82058,MAYWOOD HEALTH CARE CENTRE,17781.75,17770.14,0.9993470833860559
H82059,WILLOW GREEN SURGERY,11444.25,13016.52,1.13738514974769
H82060,HENFIELD MEDICAL CENTRE,10154.5,11268.79,1.109733615638387
H82061,SELDEN MEDICAL CENTRE,9071.0,9439.4,1.0406129423437327
H82063,MOATFIELD SURGERY,16520.75,15379.18,0.9309008368264153
H82064,SOUTHGATE MEDICAL GROUP,11564.25,10254.39,0.8867319540826253
H82065,BALL TREE SURGERY,14700.75,15577.38,1.0596316514463546
H82066,FITZALAN MEDICAL GROUP,16238.25,16841.94,1.0371770357027388
H82067,TANGMERE MEDICAL CENTRE,8119.0,7553.41,0.9303374799852199
H82070,GLEBE SURGERY,13271.0,15449.66,1.164166980634466
H82072,SILVERDALE PRACTICE,13549.75,12016.64,0.8868532629753316
H82076,CORNERWAYS SURGERY,3932.25,4194.78,1.066763303452222
H82077,THE CROFT SURGERY,12996.25,14124.72,1.0868304318553428
H82078,SOUTHBOURNE SURGERY,10405.5,10514.29,1.0104550478112537
H82084,BROW MEDICAL CENTRE,7596.75,7216.01,0.9498811991970251
H82087,BARN SURGERY,3883.75,4754.1,1.224100418410042
H82088,BEWBUSH MEDICAL CENTRE,6563.75,5726.29,0.8724113502190058
H82089,RIVERSIDE MEDICAL PRACTICE,11039.75,9834.95,0.8908670939106411
H82091,NEW POND ROW SURGERY,8758.25,8975.43,1.0247971912197071
H82092,VILLAGE SURGERY,11014.75,9793.08,0.8890878140675004
H82095,WITTERINGS MEDICAL CENTRE,10459.25,12946.84,1.2378363649401247
H82096,THE ORCHARD SURGERY,5605.5,5702.71,1.0173418963517973
H82098,COACHMANS MEDICAL PRACTICE,10469.75,9239.45,0.8824900308030278
H82099,WEST MEADS SURGERY,8005.75,9102.88,1.1370427505230614
H82100,NORTHLANDS WOOD SURGERY,8942.0,7522.52,0.8412569894878104
H82615,OUSE VALLEY PRACTICE,9700.5,9281.96,0.9568537704242048
H82640,HOLBROOK SURGERY,16270.75,14320.56,0.8801413579582994
H83001,PORTLAND MEDICAL CENTRE,15102.5,13637.32,0.9029842741268002
H83004,FARLEY ROAD MEDICAL PRACTICE,11488.75,11195.61,0.9744846045044065
H83005,UPPER NORWOOD GROUP PRACTICE,15238.25,13580.57,0.8912158548389743
H83006,NEW ADDINGTON GROUP PRACTICE,11950.0,11596.15,0.9703891213389121
H83007,VIOLET LANE MEDICAL PRACTICE,10822.25,10196.03,0.9421358774746472
H83008,NORTHWAY ROAD SURGERY,3998.5,3769.93,0.9428360635238214
H83009,NORBURY MEDICAL PRACTICE,10789.0,9523.62,0.8827157289832237
H83010,SOUTH NORWOOD HILL MEDICAL CENTRE,6710.75,6626.28,0.9874127333010468
H83011,NORTH CROYDON MEDICAL CENTRE,7930.0,7006.11,0.8834943253467843
H83012,ST JAMES MEDICAL CENTRE,9885.25,9311.8,0.9419893275334462
H83013,OLD COULSDON MEDICAL PRACTICE,18971.25,17412.24,0.9178224945641432
H83014,QUEENHILL MEDICAL PRACTICE,6960.0,6895.21,0.9906910919540229
H83015,PARKSIDE GROUP PRACTICE,14021.25,12267.78,0.8749419630917358
H83016,KESTON MEDICAL PRACTICE,23839.0,21632.51,0.907442006795587
H83017,BRIGSTOCK MEDICAL PRACTICE,13950.25,12570.49,0.9010942456228382
H83018,SELSDON PARK MEDICAL PRACTICE,17903.0,16476.2,0.9203038596883204
H83019,FRIENDS ROAD MEDICAL PRACTICE,7450.5,6958.24,0.9339292664921817
H83020,EVERSLEY MEDICAL CENTRE,10332.5,9577.19,0.9268995886765062
H83021,LONDON ROAD MEDICAL PRACTICE,6287.75,6059.31,0.9636690390044134
H83022,THORNTON HEATH MEDICAL CENTRE,6187.5,5880.28,0.9503482828282828
H83023,MORLAND ROAD SURGERY,6618.5,6109.54,0.9231004003928382
H83024,WOODCOTE MEDICAL,17830.75,16181.09,0.907482298837682
H83028,ADDINGTON MEDICAL PRACTICE,9873.5,10029.79,1.0158292398845394
H83029,HARTLAND WAY SURGERY,4856.5,4974.01,1.0241964377638217
H83030,BROOM ROAD MEDICAL PRACTICE,3359.5,2951.09,0.8784313141836583
H83031,HALING PARK MEDICAL PRACTICE,3753.25,3461.31,0.9222167454872444
H83033,ASHBURTON PARK MEDICAL CENTRE,4413.25,3869.43,0.8767756188749787
H83034,WHITEHORSE PRACTICE,7281.25,6647.27,0.9129297854077254
H83037,AUCKLAND SURGERY,7726.25,7818.32,1.0119165183627243
H83039,STOVELL HOUSE SURGERY,8286.25,7905.04,0.9539948710212701
H83042,LEANDER FAMILY PRACTICE,9104.25,8072.81,0.8867078562209957
H83043,SHIRLEY MEDICAL CENTRE,7415.25,7529.61,1.0154222716698695
H83044,EAST CROYDON MEDICAL CENTRE,25235.75,21982.0,0.8710658490435196
H83049,HEADLEY DRIVE SURGERY,2626.5,2565.67,0.9768399010089472
H83051,THORNTON ROAD SURGERY,20040.25,17100.04,0.8532847644116217
H83052,BRAMLEY AVENUE SURGERY,2858.75,2630.29,0.9200839527765632
H83053,PARCHMORE MEDICAL CENTRE,15090.25,13942.83,0.9239628236775401
H83608,YOUR FAMILY PRACTICE,11274.5,9702.29,0.86055168743625
H83609,MERSHAM MEDICAL CENTRE,5001.0,4794.43,0.9586942611477705
H83611,SELHURST MEDICAL CENTRE,5630.5,5134.42,0.9118941479442323
H83624,FAIRVIEW MEDICAL CENTRE,8581.0,7548.38,0.8796620440508099
H83627,BIRDHURST MEDICAL PRACTICE,7879.25,7100.04,0.9011060697401403
H83631,GREENSIDE GROUP PRACTICE,11058.25,9858.85,0.8915379919969254
H84002,PARK ROAD SURGERY,12620.0,11268.22,0.8928858954041204
H84005,PARKSHOT MEDICAL PRACTICE,14265.0,12894.15,0.9039011566771818
H84006,RICHMOND MEDICAL GROUP,17480.75,15921.44,0.9107984497232671
H84007,ACORN GROUP PRACTICE,7955.25,7298.94,0.91749976430659
H84010,CANBURY MEDICAL CENTRE,9215.0,8437.31,0.9156060770482908
H84012,YORK MEDICAL PRACTICE,14714.25,12645.06,0.8593750955706203
H84014,PARADISE ROAD SURGERY,2537.0,2280.54,0.8989121009065826
H84015,BRUNSWICK SURGERY,9009.5,7825.07,0.8685354348188024
H84016,GROVES MEDICAL CENTRE,17109.5,15934.93,0.931349834887051
H84017,SEYMOUR HOUSE SURGERY,12832.25,12467.6,0.9715833154746829
H84018,BROAD LANE SURGERY,6941.0,6729.17,0.9694813427460021
H84020,FAIRHILL MEDICAL PRACTICE,23167.0,19276.93,0.8320857253852463
H84023,ESSEX HOUSE SURGERY,13138.5,11789.89,0.8973543402975986
H84025,HOOK SURGERY,7293.75,6473.98,0.8876065124250213
H84027,CHURCHILL MEDICAL CENTRE,18455.75,15934.92,0.8634122157051326
H84030,CENTRAL SURGERY,13022.0,12782.49,0.9816072799877131
H84031,JUBILEE SURGERY,5864.0,5656.23,0.9645685538881309
H84032,HAMPTON WICK SURGERY,9033.5,8462.92,0.9368373277245807
H84033,ST ALBANS MEDICAL CENTRE,6506.75,6190.71,0.9514289007569063
H84034,ORCHARD PRACTICE,8748.75,8005.47,0.9150415773681955
H84039,CROSS DEEP SURGERY,11736.25,10518.06,0.8962027904995207
H84040,HAMPTON MEDICAL CENTRE,11379.5,11316.53,0.9944663649545236
H84041,VINEYARD SURGERY,7433.5,5936.62,0.7986305239792829
H84042,HOLMWOOD CORNER SURGERY,13702.0,11996.18,0.8755057655816669
H84044,THE GREEN & FIR ROAD,8145.5,7699.74,0.9452753053833405
H84048,TWICKENHAM PARK SURGERY,8493.0,7055.07,0.8306923348640056
H84050,CHESSINGTON PARK SURGERY,7567.5,6982.38,0.9226798810703667
H84051,ROSELAWN SURGERY,7439.0,6464.91,0.8690563247748353
H84053,BERRYLANDS SURGERY,5046.25,4816.12,0.9543958384939312
H84054,RED LION ROAD SURGERY,3700.0,3210.7,0.8677567567567567
H84055,SHEEN LANE SURGERY,11781.5,10214.37,0.8669838305818445
H84057,STAINES ROAD MEDICAL CENTRE,3770.75,3391.18,0.899338327918849
H84059,THAMESIDE MEDICAL PRACTICE,5087.75,4419.41,0.8686374133949192
H84060,RICHMOND LOCK SURGERY,7665.5,7428.44,0.9690744243689257
H84061,KINGSTON HEALTH CENTRE,26889.25,22070.32,0.8207860018408843
H84062,LANGLEY MEDICAL PRACTICE,8818.5,7950.03,0.9015172648409593
H84618,SUNRAY SURGERY,5339.5,4397.93,0.8236595186815245
H84619,CLAREMONT MEDICAL CENTRE,11061.25,9057.51,0.8188504915809697
H84623,HAMPTON HILL MEDICAL CENTRE,8683.0,7978.31,0.9188425659334332
H84625,WOODLAWN MEDICAL CENTRE,5045.75,4836.91,0.9586107119853342
H84630,CRANE PARK SURGERY,3814.0,3317.67,0.8698662821185108
H84635,MANOR DRIVE MEDICAL CENTRE,15901.75,14288.79,0.8985671388369205
H84639,KEW MEDICAL PRACTICE,6250.0,5040.66,0.8065055999999999
H85001,WANDSWORTH MEDICAL CENTRE,19287.0,14981.49,0.7767662155856276
H85002,FALCON ROAD MEDICAL CENTRE,11066.0,10395.24,0.9393855051509127
H85003,QUEENSTOWN ROAD MEDICAL PRACTICE,7171.5,6804.07,0.9487652513421181
H85005,TRINITY MEDICAL CENTRE,0.0,0.0,
H85006,MAYFIELD SURGERY,6795.0,7085.53,1.042756438557763
H85007,SOUTHFIELDS GROUP PRACTICE,10967.75,10042.75,0.915661826719245
H85008,ROEHAMPTON SURGERY,6514.25,7194.13,1.104368116053268
H85009,BEDFORD HILL FAMILY PRACTICE,14105.75,12710.11,0.9010587880828741
H85011,GREYSWOOD PRACTICE,10554.5,10251.51,0.9712928134918756
H85012,PUTNEYMEAD GROUP MEDICAL PRACTICE,25201.75,22063.16,0.875461426289841
H85018,MULGRAVE ROAD SURGERY,8817.0,7979.66,0.9050311897470795
H85020,NELSON MEDICAL PRACTICE,32802.0,28415.04,0.8662593744283885
H85021,CHESSER PRACTICE,6204.5,6085.21,0.9807736320412603
H85022,PARK ROAD MEDICAL CENTRE,4425.25,4120.82,0.9312061465453928
H85023,BISHOPSFORD ROAD MEDICAL CENTRE,5024.25,5079.53,1.0110026372095338
H85024,MITCHAM & TOOTING HEALTH,8138.0,8085.46,0.9935438682723028
H85025,WRYTHE GREEN SURGERY,16600.25,15866.68,0.9558097016611196
H85026,FRANCIS GROVE SURGERY,14633.25,11691.39,0.798960586335913
H85027,WIMBLEDON VILLAGE SURGERY,13477.75,12081.57,0.8964085251618408
H85028,WIMBLEDON MEDICAL PRACTICE,10672.25,8670.86,0.8124678488603622
H85029,WIDE WAY MEDICAL CENTRE,15547.25,14193.97,0.9129569538021193
H85030,OLD COURT HOUSE SURGERY,13546.25,13319.24,0.9832418566023807
H85031,BENHILL & BELMONT GP CENTRE,12372.5,11465.31,0.9266769044251364
H85032,CARSHALTON FIELDS SURGERY,941.0,852.97,0.9064505844845909
H85033,TAMWORTH HOUSE MEDICAL CENTRE,9791.75,9273.24,0.9470462379043583
H85035,ROWANS SURGERY,0.0,0.0,
H85037,MORDEN HALL MEDICAL CENTRE,14568.25,13495.57,0.926368644140511
H85038,CRICKET GREEN MEDICAL PRACTICE,11516.25,11547.78,1.002737870400521
H85041,EARLSFIELD SURGERY,15310.25,13269.01,0.8666749399911824
H85045,BRIDGE LANE GROUP PRACTICE,14390.5,13925.99,0.9677210659810291
H85047,CHATFIELD HEALTH CARE,12237.0,11620.93,0.9496551442346981
H85048,BROCKLEBANK GROUP PRAC,16209.5,13872.68,0.855836392239119
H85049,BATTERSEA RISE GROUP PRACTICE,6965.25,5665.48,0.8133921969778543
H85051,LAMBTON ROAD MEDICAL PRACTICE,18192.25,14712.09,0.8087009578254477
H85052,STREATHAM PARK SURGERY,4628.0,4556.22,0.9844900605012965
H85053,SUTTON MEDICAL CENTRE,5494.25,4953.75,0.9016244255357874
H85055,WEST BARNES SURGERY,7341.5,6501.98,0.8856473472723557
H85057,ELBOROUGH STREET SURGERY,8194.75,6987.56,0.852687391317612
H85061,HEATHBRIDGE PRACTICE,22825.5,18386.45,0.8055223324790257
H85063,CHEAM GP CENTRE,12275.5,11823.75,0.9631990550283084
H85065,ALTON PRACTICE,4706.0,4668.19,0.9919655758606034
H85066,BALHAM PARK SURGERY,20511.25,17054.7,0.8314802852093364
H85067,DANEBURY AVENUE SURGERY,2997.75,3055.2,1.01916437327996
H85069,LAVENDER HILL GROUP PRACTICE,15429.25,13448.4,0.8716172205389114
H85070,CENTRAL MEDICAL CENTRE,9727.5,8802.11,0.9048686712927269
H85075,HAIDER PRACTICE,5640.75,4615.59,0.8182582103443691
H85076,STONECOT SURGERY,9826.5,9312.98,0.947741311759019
H85077,BOLINGBROKE MEDICAL CENTRE,6365.5,5793.61,0.9101578823344592
H85078,MITCHAM FAMILY PRACTICE,4433.75,3972.39,0.8959436143219622
H85082,TRIANGLE SURGERY,4564.5,3871.4,0.8481542337605433
H85087,OPEN DOOR SURGERY,10310.25,9967.08,0.9667156470502655
H85088,CLAPHAM JUNCTION MEDICAL PRACTICE,2447.75,2450.35,1.001062199979573
H85090,FIGGES MARSH SURGERY,10853.0,9536.21,0.8786704137104947
H85092,RIVERHOUSE MEDICAL PRACTICE,6059.25,5084.66,0.8391566613029665
H85095,ROBIN HOOD LANE HEALTH CENTRE,15259.0,13015.82,0.8529929877449374
H85100,ST PAULS COTTAGE SURGERY,7976.25,7713.0,0.9669957686882934
H85101,GRAND DRIVE SURGERY,9221.0,7800.09,0.8459049994577594
H85103,HACKBRIDGE MEDICAL CENTRE,7434.25,6700.4,0.901287957763056
H85105,CHEAM FAMILY PRACTICE,13885.5,12276.06,0.8840920384573836
H85110,RAVENSBURY PARK MEDICAL CENTRE,5521.75,5599.69,1.0141150903246252
H85111,BATTERSEA FIELDS PRACTICE,14200.75,13501.63,0.9507687974226713
H85112,VINEYARD HILL ROAD SURGERY,6091.75,4794.95,0.7871219271966183
H85113,MALDON ROAD SURGERY,4620.25,4400.77,0.9524960770521077
H85114,THURLEIGH ROAD PRACTICE,13337.0,10737.12,0.8050626077828598
H85115,SHOTFIELD MEDICAL PRACTICE,12358.5,12400.37,1.0033879516122508
H85116,MANOR PRACTICE,12301.5,10941.26,0.8894248668861521
H85618,JAMES O'RIORDAN MEDICAL CENTRE,9568.75,8343.87,0.8719916394513391
H85634,MERTON MEDICAL PRACTICE,7736.5,6055.61,0.7827325017772895
H85637,BALHAM HEALTH CENTRE,1260.75,1300.94,1.031877850485822
H85649,COLLIERS WOOD SURGERY,11331.5,9826.18,0.8671561576137317
H85653,WALLINGTON FAMILY PRACTICE,19076.25,17905.13,0.938608479129808
H85656,ALEXANDRA ROAD SURGERY,5770.0,4796.14,0.8312201039861352
H85659,ST JOHNS HILL SURGERY,11374.5,8966.34,0.7882843201898985
H85662,BEECHES SURGERY,5510.25,5288.4,0.9597386688444263
H85664,TOOTING BEC SURGERY,1878.25,1356.64,0.7222893651004926
H85680,TOOTING SOUTH MEDICAL CENTRE,10035.25,8291.82,0.8262694003637179
H85682,TUDOR LODGE HEALTH CENTRE,10886.25,10076.37,0.9256052359627972
H85683,FACCINI HOUSE SURGERY,4620.25,4263.52,0.9227898923218442
H85686,GROVE ROAD PRACTICE,11164.25,9741.61,0.8725718252457622
H85691,NIGHTINGALE PRACTICE,88.0,162.21,1.8432954545454547
H85693,CIRCLE GP SURGERY,10441.0,9472.51,0.9072416435207356
J81002,ORCHID HOUSE SURGERY,8685.25,10142.09,1.1677372556921217
J81004,POOLE ROAD MEDICAL CENTRE,0.0,0.0,
J81005,BRIDPORT MEDICAL CENTRE,0.0,0.0,
J81006,THE ADAM PRACTICE,39910.25,41026.93,1.027979779630546
J81009,ROYAL MANOR HEALTH CARE,12372.75,13305.17,1.0753607726657373
J81010,SWANAGE MEDICAL PRACTICE,10726.75,12136.79,1.1314508122217821
J81011,WAREHAM SURGERY,8148.25,9533.56,1.1700131930169053
J81012,SHORE MEDICAL,58476.25,56750.18,0.970482546332913
J81013,CANFORD HEATH GROUP PRACT,12262.75,11593.8,0.9454486147071415
J81014,WESTBOURNE MEDICAL CENTRE,21081.75,22970.32,1.0895831702776098
J81016,QUEENS AVENUE SURGERY,8749.75,8790.02,1.0046024172119203
J81017,YETMINSTER HEALTH CENTRE,4680.75,5001.46,1.0685167975217646
J81018,BEAUFORT ROAD SURGERY,12005.0,11496.96,0.9576809662640565
J81019,THE BLANDFORD GROUP PRACTICE,23648.0,24761.41,1.0470826285520973
J81020,BERE REGIS SURGERY,3863.5,4430.07,1.146646822829041
J81021,SHELLEY MANOR HOLDENHURST MEDICAL CENTRE,26885.0,25623.51,0.9530782964478333
J81022,WEST MOORS VILLAGE SURGERY,5456.75,6721.74,1.2318211389563385
J81025,THE WELLBRIDGE PRACTICE,6225.75,6625.58,1.064221981287395
J81027,WEYMOUTH BAY MEDICAL PRACTICE,26621.5,29289.92,1.1002355239186372
J81028,HIGHCLIFFE MEDICAL CENTRE,15241.5,17789.17,1.1671534953908735
J81029,THE APPLES MEDICAL CENTRE,5492.75,6536.33,1.1899922625278776
J81030,THE VERWOOD SURGERY,7924.5,7704.82,0.9722783771846804
J81033,TALBOT MEDICAL CENTRE,25659.5,22749.59,0.8865952181453263
J81034,THE QUARTER JACK SURGERY,18358.75,18437.23,1.004274800844284
J81035,MILTON ABBAS SURGERY,4799.75,5264.95,1.096921714672639
J81036,THE ROSEMARY HEALTH CTR,9488.0,9076.43,0.9566220489038786
J81039,MOORDOWN MEDICAL CENTRE,9902.25,8745.48,0.883181095205635
J81041,THE HADLEIGH PRACTICE,20489.5,19980.02,0.9751345811269186
J81042,VILLAGE SURGERY,9195.5,8801.32,0.9571333804578326
J81045,KINSON ROAD MEDICAL CENTRE,10578.5,11162.43,1.0551996974996456
J81046,THE HARVEY PRACTICE,12962.0,13062.64,1.0077642339145194
J81047,JAMES FISHER MEDICAL CENTRE,12562.25,11739.89,0.934537204720492
J81049,THE MARINE & OAKRIDGE PARTNERSHIP,10050.5,10422.39,1.0370021391970548
J81051,WYKE REGIS & LANEHOUSE MEDICAL PRACTICE,13292.75,12995.85,0.9776645163717064
J81053,CERNE ABBAS SURGERY,4144.5,5225.66,1.2608662082277717
J81056,CHRISTCHURCH MEDICAL PRACTICE,16548.75,17325.81,1.0469558123725358
J81057,FARMHOUSE SURGERY,6029.25,6594.97,1.0938292490774144
J81058,THE CRANBORNE PRACTICE,13099.5,13205.76,1.0081117599908394
J81059,SOUTHBOURNE PRACTICE,9132.75,8680.16,0.9504431852399332
J81061,PENNY'S HILL PRACTICE,7549.25,9178.22,1.2157790508990958
J81062,ST ALBANS MEDICAL CENTRE,11290.0,10298.56,0.9121842338352524
J81064,POOLE TOWN SURGERY,5213.25,5492.9,1.0536421617992615
J81066,STOUR SURGERY,10608.25,10685.06,1.007240591049419
J81067,LITTLEDOWN SURGERY,6177.0,5535.02,0.8960692892990125
J81068,ATRIUM HEALTH CENTRE,6874.25,7370.15,1.0721387787758665
J81070,THE BANKS & BEARWOOD MEDICAL CENTRE,11619.75,11205.58,0.9643563759977625
J81072,THE PANTON PRACTICE,17059.75,14770.56,0.8658133911692727
J81073,THE BRIDGES MEDICAL CTR.,17041.75,18264.42,1.0717455660363517
J81074,BARTON HOUSE MED PRACTICE,5009.0,6269.89,1.2517248951886604
J81075,CROSS ROAD SURGERY,7628.75,8098.66,1.061597247255448
J81076,AMMONITE HEALTH PARTNERSHIP,24442.0,27607.02,1.1294910400130922
J81077,WALFORD MILL MEDICAL CENTRE,7775.25,7681.59,0.9879540850776503
J81078,THE GROVE MEDICAL CENTRE,13022.75,14291.41,1.0974187479603001
J81081,GILLINGHAM MEDICAL PRACTICE,13285.5,13335.33,1.003750705656543
J81082,POUNDBURY DOCTORS SURGERY,8019.0,8587.96,1.0709514902107493
J81083,SIXPENNY HANDLEY SURGERY,4046.0,4854.9,1.1999258526940186
J81086,EVERGREEN OAK SURGERY,7758.25,7317.35,0.9431701736860761
J81087,THE BIRCHWOOD PRACTICE,10388.25,9586.93,0.9228628498544028
J81609,PRINCE OF WALES SURGERY,9730.25,10924.17,1.1227018833020734
J81612,CORFE CASTLE SURGERY,3135.75,3689.49,1.1765893326955272
J81613,THE DORCHESTER RD SURGERY,0.0,0.0,
J81616,PUDDLETOWN SURGERY,4264.75,4700.2,1.1021044609883346
J81620,BLACKMORE VALE PARTNERSHIP,26874.5,28341.72,1.0545952482836891
J81621,THE BARCELLOS FAMILY PRACTICE,8489.5,8520.1,1.0036044525590435
J81625,DENMARK ROAD MEDICAL CENTRE,15034.25,13240.06,0.8806598267289688
J81626,FORDINGTON SURGERY,5195.25,5144.32,0.9901968143977672
J81631,SANDFORD SURGERY,2108.5,2356.65,1.1176903011619634
J81633,WOODLEA HOUSE SURGERY,6654.25,6348.92,0.9541150392606229
J81634,CRESCENT PROVIDENCE SURGERY,14548.25,12996.73,0.8933534961249635
J81637,THE PRINCE OF WALES SURGERY,0.0,0.0,
J81646,GROVE SURGERY,6457.75,6604.81,1.022772637528551
J81647,LYME BAY MEDICAL PRACTICE,8819.5,9963.73,1.1297386473156075
J81648,THE NEWMAN PRACTICE (DR NEWMANS SURGERY),5432.25,5516.84,1.0155718164664733
J82001,BURGESS ROAD SURGERY,10035.0,8183.32,0.8154778276033882
J82002,LORDSHILL HEALTH CENTRE,14398.25,14142.96,0.9822693730140815
J82004,DR ATCHISON & PARTNERS,0.0,0.0,
J82005,ROWLANDS CASTLE SURGERY,4573.5,4867.9,1.064370831966765
J82007,COASTAL MEDICAL PARTNERSHIP,33388.0,38285.87,1.1466955193482689
J82009,EMSWORTH SURGERY,15219.75,16485.75,1.083181392598433
J82010,THE BOSMERE MEDICAL PRACTICE,19153.0,19783.14,1.0329003289301937
J82012,PORTCHESTER PRACTICE,11166.5,11340.29,1.0155635158733713
J82015,GIFFARD DRIVE SURGERY,9470.25,8784.5,0.927589028800718
J82016,STOCKBRIDGE SURGERY,9057.25,10997.9,1.214264815479312
J82017,THE ANDOVER HEALTH CENTRE MEDICAL PRACT,13673.75,13570.56,0.9924534235304872
J82018,STOKEWOOD SURGERY,18738.0,17114.99,0.9133840324474332
J82019,THE FRYERN SURGERY,15254.5,14283.35,0.9363368186436789
J82020,EASTLEIGH HEALTH CENTRE,12690.25,12233.39,0.9639991331928055
J82021,WATERSIDE MEDICAL PRACTICE,8639.75,10346.88,1.1975902080500014
J82022,VICTOR STREET SURGERY,11445.5,11100.24,0.9698344327464943
J82024,SOLENT GP SURGERY,22498.75,21139.36,0.9395793099616646
J82025,CHARLTON HILL SURGERY,15339.25,15320.25,0.99876134752351
J82026,CENTRE PRACTICE,16359.5,17292.1,1.0570066322320364
J82028,TRAFALGAR MEDICAL GROUP PRACTICE,27461.75,27159.07,0.9889781241180915
J82030,VICTORIA PRACTICE,0.0,0.0,
J82033,GUDGEHEATH LANE SURGERY,9466.5,9280.16,0.9803158506311731
J82034,WICKHAM SURGERY,14216.75,15773.47,1.109499006453655
J82035,ST CLEMENTS PARTNERSHIP,15935.25,15707.93,0.9857347703989583
J82036,WEST MEON SURGERY,2732.0,3169.58,1.1601683748169838
J82039,RINGWOOD MEDICAL CENTRE,11100.25,11824.04,1.06520483772888
J82040,WEST END ROAD SURGERY,17335.0,16482.65,0.9508306893567927
J82042,BADGERSWOOD SURGERY,16726.25,16517.61,0.9875261938569614
J82049,THE OAKLEY HEALTH GROUP,29740.0,28680.31,0.9643681909885676
J82050,ST PAUL'S SURGERY,24559.25,20761.85,0.8453780143937619
J82051,HAMBLE VALLEY HEALTH,18455.5,17726.12,0.9604789900029801
J82053,ADELAIDE MEDICAL CENTRE,10900.5,10948.97,1.0044465850190358
J82054,KINTBURY & WOOLTON HILL SURGERY,9494.5,9756.93,1.0276402127547528
J82055,CRANESWATER GROUP PRACTICE,11295.5,11480.48,1.0163764330928244
J82056,RED AND GREEN PRACTICE,22109.0,22655.89,1.0247360803292775
J82058,BRAMBLYS GRANGE MEDICAL PRACTICE,20256.75,20106.66,0.9925906179421674
J82059,THE WATERCRESS MEDICAL GROUP,6915.75,7478.76,1.081409825398547
J82060,THE LIGHTHOUSE GROUP PRACTICE,13386.75,12896.71,0.9633936541729695
J82061,ODIHAM HEALTH CENTRE,13061.5,14137.18,1.0823550128239483
J82062,CHEVIOT ROAD SURGERY,15589.25,14974.97,0.960595923472906
J82063,PARKSIDE PRACTICE,1989.25,1903.81,0.9570491391227849
J82064,BISHOPS WALTHAM SURGERY,13866.0,14425.52,1.0403519399971153
J82066,THE CAMBRIDGE PRACTICE,22413.0,22304.34,0.995151920760273
J82067,VOYAGER FAMILY HEALTH,19631.75,17608.57,0.8969434716721637
J82069,CAMROSE GILLIES AND HACKWOOD PARTNERSHIP,52067.0,49267.45,0.9462317782856703
J82071,ST.ANDREW'S SURGERY,13279.25,12769.16,0.9615874390496452
J82072,FORESTSIDE MEDICAL PRACTICE,11654.0,11145.26,0.9563463188604772
J82073,KIRKLANDS SURGERY,9791.5,9169.95,0.9365214727059185
J82074,ALMA ROAD SURGERY,15723.25,15593.34,0.9917377132590273
J82075,CHAWTON HOUSE SURGERY,7008.5,7696.4,1.0981522437040736
J82076,WOOLSTON AND CHARTWELL PARTNERSHIP,22223.75,22248.88,1.0011307722594072
J82079,CLIFT SURGERY,7993.0,7730.33,0.9671374953083949
J82080,UNIVERSITY HEALTH SERVICE SOUTHAMPTON,35642.25,25795.61,0.7237368572410552
J82081,ST MARY'S SURGERY,27949.0,26017.81,0.930903073455222
J82082,SHEPHERDS SPRING MEDICAL CENTRE,13389.0,12448.94,0.9297886324594817
J82083,THE WILLOW GROUP,48705.5,48676.34,0.9994012996478836
J82084,BLOSSOM HEALTH - GOSPORT,5718.5,6701.9,1.1719681734720644
J82085,ISLAND CITY PRACTICE,37338.0,35763.12,0.9578209866623816
J82087,STONEHAM LANE SURGERY,7462.25,7299.2,0.9781500217762739
J82088,THE SHIRLEY HEALTH PARTNERSHIP,13799.25,13220.29,0.9580440965994529
J82089,HEDGE END MEDICAL CENTRE,19189.5,17581.27,0.9161921884363845
J82092,ALDERMOOR SURGERY,8474.75,8128.79,0.9591775568600843
J82094,TADLEY MEDICAL P'SHIP,19630.0,19124.42,0.9742445236882322
J82098,SWAN MEDICAL GROUP,37591.25,38853.4,1.0335756326272736
J82099,RICHMOND SURGERY,15153.0,13168.67,0.8690470533887679
J82100,FORTON MEDICAL CENTRE,0.0,0.0,
J82101,THE PEARTREE PRACTICE,19399.0,19421.19,1.0011438733955358
J82102,THE DRAYTON SURGERY,23935.25,23073.95,0.9640154165926824
J82103,ST MARY'S SURGERY,12789.75,12836.4,1.0036474520612209
J82104,STUBBINGTON MEDICAL PRACTICE,12655.0,13529.93,1.06913709996049
J82106,GRATTON SURGERY,7197.0,7652.03,1.0632249548422954
J82110,HART HEALTH PARTNERSHIP,28469.75,25419.87,0.89287296165228
J82112,NEW HORIZONS MEDICAL PARTNERSHIP,23588.25,21722.63,0.9209089271141353
J82115,ATHERLEY HOUSE SURGERY,5822.0,5075.55,0.8717880453452422
J82116,TWYFORD SURGERY,10109.75,10007.43,0.9898790771285145
J82119,DENMEAD HEALTH CENTRE,10366.0,10775.57,1.0395109010225738
J82120,ALEXANDER HOUSE SURGERY,9964.0,9741.69,0.977688679245283
J82121,NORTH BADDESLEY SURGERY,9724.75,8920.48,0.9172965886012493
J82122,ALMA ROAD SURGERY,11253.5,11603.74,1.0311227618074377
J82124,ALRESFORD SURGERY,10148.0,10968.69,1.0808720930232558
J82125,JENNER HOUSE SURGERY,8096.25,7308.91,0.9027525088775668
J82126,RAYMOND ROAD SURGERY,4698.75,4895.58,1.0418898643256185
J82128,OLD FIRE STATION SURGERY,8660.5,8572.38,0.9898250678367299
J82129,NEW FOREST MEDICAL GROUP,7558.25,8950.07,1.1841458009459862
J82130,FRIARSGATE PRACTICE,24793.25,22807.74,0.9199173162050155
J82131,FORDINGBRIDGE SURGERY,12231.5,13484.82,1.102466582185341
J82132,TESTVALE SURGERY,13565.0,12764.71,0.9410033173608551
J82134,VINE MEDICAL GROUP,25742.5,24930.1,0.9684412935806544
J82136,CHAWTON PARK SURGERY,11213.75,11231.59,1.0015909040240776
J82138,THE SURGERY,17966.75,18491.62,1.0292134081010755
J82139,WISTARIA & MILFORD SURGERIES,15761.0,18254.92,1.1582336146183616
J82142,THE BORDER PRACTICE,11692.0,11173.23,0.9556303455354088
J82143,PARK SURGERY,16586.5,14317.9,0.8632261176257799
J82144,CROWN HEIGHTS MEDICAL CENTRE,27644.25,26829.0,0.9705092379066171
J82145,ABBEYWELL SURGERY,17450.25,16951.02,0.9713912408131689
J82146,LYNDHURST SURGERY,5628.25,6306.33,1.1204779460756007
J82147,THE CLANFIELD PRACTICE,7984.0,7415.56,0.9288026052104209
J82149,DERBY ROAD GROUP PRACTICE,16880.5,15336.18,0.9085145582180623
J82150,CORNERWAYS MEDICAL CENTRE,11969.0,12686.53,1.0599490350071017
J82151,TWIN OAKS MEDICAL CENTRE,5346.5,6309.87,1.180187038249322
J82152,BRIDGEMARY MEDICAL CENTRE,8451.5,8682.08,1.0272827308761758
J82154,MEON HEALTH PRACTICE,36898.0,33386.85,0.9048417258387988
J82155,PORTSDOWN GROUP PRACTICE,62602.0,59858.67,0.956178237117025
J82156,WATERFRONT AND SOLENT SURGERY,7838.75,8512.13,1.085904002551427
J82157,WILSON PRACTICE,17222.25,17262.68,1.0023475446007346
J82161,WESTLANDS MEDICAL CENTRE,10455.25,10249.29,0.9803008058152604
J82163,OAKS HEALTHCARE,16730.0,16643.1,0.9948057381948594
J82169,BOYATT WOOD SURGERY,8633.75,7811.85,0.9048038222093528
J82174,LOCKSWOOD SURGERY,13680.75,12573.89,0.9190936169435154
J82178,PRINCES GARDENS SURGERY,12426.5,12422.94,0.9997135154709693
J82180,CHARTWELL GREEN SURGERY,0.0,0.0,
J82181,MAYFIELD MEDICAL CENTRE,9392.5,8901.45,0.947718924673942
J82183,MULBERRY HOUSE SURGERY,0.0,0.0,
J82184,PINEHILL SURGERY,4279.5,4118.48,0.9623741091248976
J82190,THE BROWNHILL SURGERY,0.0,0.0,
J82194,EAST SHORE PARTNERSHIP,13454.0,12975.55,0.9644380853277835
J82196,HOMEWELL CURLEW PRACTICE,15300.75,16015.21,1.0466944430828553
J82198,THE WELLINGTON PRACTICE,6042.0,6244.34,1.033488910956637
J82199,THE UNICITY MEDICAL CENTRE,19411.5,14657.16,0.755076114674291
J82201,THE GRANGE SURGERY,7804.25,7643.45,0.9793958420091616
J82207,HILL LANE SURGERY,11486.25,10793.29,0.9396704755686147
J82208,ST. PETERS SURGERY,6915.75,6687.18,0.96694935473376
J82210,THE ELMS PRACTICE,9354.5,11126.35,1.189411513175477
J82213,BROOK HOUSE SURGERY,6379.75,5903.25,0.9253105529213527
J82214,WHITCHURCH SURGERY,9920.5,10323.14,1.04058666397863
J82215,SOLENT VIEW MEDICAL PRACTICE,13031.75,13526.14,1.0379373453296756
J82216,BROOK LANE SURGERY,13372.25,12470.51,0.9325663220475238
J82217,HOMELESS HEALTHCARE TEAM,558.5,497.98,0.8916383169203224
J82218,CHINEHAM MEDICAL PRACTICE,17890.25,15461.15,0.8642221321669624
J82605,WALNUT TREE SURGERY,4671.5,4300.0,0.9204752220914053
J82622,LIVING WELL PARTNERSHIP,46519.5,44235.96,0.9509121981104698
J82625,BOUNDARIES SURGERY,4735.75,4978.29,1.0512146967217442
J82628,CRONDALL NEW SURGERY,5945.75,5632.99,0.9473977210612622
J82630,NORTH CAMP SURGERY,6491.25,5860.12,0.9027721933371846
J82631,BARGATE MEDICAL CENTRE,0.0,0.0,
J82639,WATERSHIP DOWN HEALTH,19003.25,20751.9,1.0920184705247786
J82640,HORNDEAN SURGERY,6889.0,6522.14,0.9467469879518072
J82646,BLOSSOM HEALTH,16802.5,17004.06,1.0119958339532809
J82647,EAST BARN SURGERY,0.0,0.0,
J82663,HIGHFIELD HEALTH,2021.5,1649.31,0.8158842443729903
J82669,ROWNER HEALTH CENTRE,9273.5,8659.25,0.9337628727017847
J83001,MERCHISTON SURGERY,13509.25,13746.77,1.0175820271295595
J83002,WESTROP MEDICAL PRACTICE,48606.25,44776.49,0.921208486562942
J83003,HARCOURT MEDICAL CENTRE,13066.25,14051.57,1.0754095474983258
J83004,WHITEPARISH SURGERY,7649.25,8587.59,1.1226708500833416
J83005,BARCROFT MEDICAL CENTRE,10974.0,11104.67,1.011907235283397
J83006,PURTON SURGERY,10876.25,12428.39,1.1427091138949546
J83007,HATHAWAY SURGERY,15799.0,14210.28,0.899441736818786
J83008,LOVEMEAD GROUP PRACTICE,19431.25,17913.98,0.9219159858475394
J83009,RIDGEWAY VIEW FAMILY PRACTICE,14853.25,16293.67,1.096976755928837
J83010,PORCH SURGERY,11754.0,12227.79,1.0403088310362432
J83011,GIFFORDS PRIMARY CARE CTR,14416.0,14328.07,0.9939005271920088
J83013,BOX SURGERY,7817.25,8821.95,1.1285234577376955
J83014,CASTLE PRACTICE,16379.0,16093.72,0.9825825752487941
J83016,TROWBRIDGE HEALTH CENTRE,31685.5,28931.51,0.9130835871297596
J83017,PEWSEY SURGERY,0.0,0.0,
J83018,AVENUE SURGERY,18193.5,20859.09,1.1465133151949873
J83019,THE ORCHARD PARTNERSHIP,12323.0,15408.44,1.2503805891422544
J83021,SALISBURY MEDICAL PRACTICE,24277.25,23295.24,0.9595501961713128
J83022,OLD TOWN SURGERY,9384.75,8305.86,0.8850379605210582
J83023,AVON VALLEY PRACTICE,8623.25,9223.19,1.06957237700403
J83024,PRIORY ROAD MEDICAL CENTRE,8860.25,9546.23,1.0774221946333342
J83026,THREE CHEQUERS MEDICAL PRACTICE,23826.75,25081.47,1.052660140388429
J83027,HAWTHORN MEDICAL CENTRE,12502.25,13324.5,1.0657681617308885
J83029,TINKERS LANE SURGERY,8862.0,9421.42,1.0631257052584067
J83030,BRADFORD-ON-AVON AND MELKSHAM HEALTH,19467.0,19647.8,1.0092875122001335
J83033,WHALEBRIDGE PRACTICE,21476.75,19864.02,0.9249080982923394
J83034,LANSDOWNE SURGERY,6886.0,7719.28,1.1210107464420562
J83035,ABBEY MEADS MEDICAL PRACT,14479.75,12600.46,0.8702125381998999
J83036,ASHINGTON HOUSE SURGERY,10340.75,9522.82,0.9209022556390977
J83037,KENNET AND AVON MEDICAL PARTNERSHIP,17184.75,18461.43,1.0742914502684067
J83038,KINGSWOOD SURGERY,28980.0,26669.82,0.9202836438923395
J83039,NORTHLANDS SURGERY,13863.25,13897.57,1.0024756099760157
J83040,WESTBURY GROUP PRACTICE,24615.25,25087.7,1.019193386213831
J83041,MALMESBURY MEDICAL PARTNERSHIP,16729.25,18070.24,1.0801584051885171
J83042,ROWDEN SURGERY,19384.75,18859.51,0.9729044738776614
J83043,DOWNTON SURGERY,6734.5,7478.46,1.1104699680748384
J83045,RAMSBURY SURGERY,10138.25,11225.37,1.1072295514511874
J83046,SPA MEDICAL CENTRE,15146.0,14605.09,0.9642869404463225
J83047,ELDENE SURGERY,8412.0,8045.43,0.956422967189729
J83048,ST MELOR HOUSE SURGERY,6770.5,6935.2,1.024326120670556
J83049,SOUTHBROOM SURGERY,12357.25,12766.26,1.0330987881607963
J83050,PATFORD HOUSE PARTNERSHIP,14751.25,14296.57,0.9691768494195407
J83052,SARUM HEALTH GROUP,12584.0,11781.26,0.936209472345836
J83053,ST. JAMES SURGERY,7418.5,7928.76,1.0687820988070365
J83055,NEW COURT SURGERY,9920.0,9729.44,0.9807903225806452
J83056,MARKET LAVINGTON SURGERY,5525.0,6082.89,1.1009755656108597
J83057,NORTH SWINDON PRACTICE,20064.75,18734.8,0.9337170909181525
J83058,TISBURY SURGERY,4221.75,5204.29,1.232732871439569
J83059,THE LAWN MEDICAL CENTRE,9332.0,9363.49,1.00337441063009
J83060,MERE SURGERY,5000.5,6343.72,1.2686171382861715
J83064,RIDGE GREEN MEDICAL PRACTICE,12111.0,10141.04,0.8373412600115598
J83601,BURBAGE SURGERY,4148.0,4899.01,1.1810535197685632
J83603,JUBILEE FIELD SURGERY,4885.5,4896.37,1.0022249513867567
J83609,CRICKLADE SURGERY,3448.0,3852.78,1.117395591647332
J83615,OLD SCHOOL HOUSE SURGERY,3520.25,3789.29,1.0764263901711526
J83618,THE TOLSEY SURGERY,3433.0,3617.57,1.0537634721817652
J83619,COURTYARD SURGERY,3176.25,3839.79,1.2089067296340024
J83625,LODGE SURGERY,8376.75,7506.73,0.8961387172829558
J83629,SILTON SURGERY,2281.75,2779.65,1.2182097074613785
J83630,HINDON SURGERY,2534.0,3230.17,1.2747316495659038
J83633,VICTORIA CROSS SURGERY,10342.0,9914.15,0.9586298588280796
J83645,PHOENIX SURGERY,4310.0,3985.08,0.9246125290023202
J83646,PARK LANE PRACTICE,7602.25,7054.96,0.9280094708803315
J84003,VENTNOR MEDICAL PRACTICE,8240.5,9753.43,1.1835968691220193
J84004,EAST COWES MEDICAL CENTRE,8760.0,9212.42,1.0516461187214612
J84005,THE ESPLANADE SURGERY,8754.25,10101.54,1.1539012479652742
J84007,ST.HELENS MEDICAL CENTRE,6516.5,8366.0,1.2838180004603699
J84008,ARGYLL HOUSE,5336.0,5925.24,1.1104272863568216
J84011,22 CARISBROOKE HIGH ST,24776.5,24709.98,0.9973151978689484
J84012,TOWER HOUSE SURGERY,14595.5,15587.74,1.0679825973759036
J84013,BROADWAY,27245.5,32183.73,1.181249380631664
J84015,COWES MEDICAL CENTRE,15579.5,15215.24,0.9766192753297602
J84016,BRIGHSTONE SURGERY,6439.25,8940.01,1.3883619986799705
J84017,BRANNON WAY,8662.0,9587.01,1.1067894250750405
J84019,BROOKSIDE HEALTH CENTRE,11103.75,14241.53,1.2825874141618823
J84020,BEECH GROVE SURGERY,0.0,0.0,
J84602,18 GARFIELD ROAD,0.0,0.0,
K81001,THE WATERFIELD PRACTICE,15640.25,14504.18,0.9273624142836592
K81002,EASTFIELD HOUSE SURGERY,15526.5,14286.2,0.9201172189482498
K81003,SWALLOWFIELD MEDICAL PRACTICE,15880.5,15329.61,0.9653102862000567
K81004,THE POTTERIES,14600.0,13695.22,0.9380287671232876
K81005,WEXHAM ROAD SURGERY,2566.75,2348.16,0.9148378299405863
K81006,THE SANDHURST GROUP PRACTICE,0.0,0.0,
K81007,LONDON STREET SURGERY,5780.75,5308.0,0.9182199541581975
K81010,KINGS CORNER SURGERY,7282.75,7150.79,0.9818804709759363
K81012,THE BOAT HOUSE SURGERY,12146.25,12130.64,0.9987148296799423
K81014,BALMORE PARK SURGERY,20667.0,18294.18,0.8851879808390187
K81015,WOODLANDS PARK SURGERY,3568.5,3431.36,0.9615692868151885
K81017,FALKLAND SURGERY,14367.25,14412.0,1.0031147227200752
K81018,LINDEN MEDICAL CENTRE,10408.25,10048.0,0.9653880335310931
K81019,ROSS ROAD MEDICAL CENTRE,5577.0,4967.83,0.8907710238479469
K81020,CLAREMONT HOLYPORT SURGERY,19425.5,18809.21,0.9682741756968932
K81021,DATCHET HEALTH CENTRE,10076.5,10009.76,0.9933766684860815
K81022,WOKINGHAM MEDICAL CENTRE,29281.25,26242.98,0.8962383778014941
K81023,HEATH HILL SURGERY,0.0,0.0,
K81024,LANGLEY HEALTH CENTRE,23002.25,20994.42,0.9127115825625753
K81025,FINCHAMPSTEAD PRACTICE,18810.0,16918.77,0.8994561403508772
K81026,CHATHAM STREET SURGERY,7960.25,7264.79,0.9126333971922992
K81027,MORTIMER SURGERY,11176.5,12159.76,1.0879756632219388
K81028,MAGNOLIA HOUSE SURGERY,9327.75,9141.34,0.9800155450135349
K81030,RINGMEAD MEDICAL GROUP,40551.75,41765.74,1.0299368091389396
K81032,BOUNDARY HOUSE SURGERY,0.0,0.0,
K81034,CROSBY HOUSE SURGERY,12036.25,10971.47,0.9115355696333991
K81036,THE CEDARS SURGERY,12015.0,11207.8,0.9328173116937162
K81039,THE AVENUE MEDICAL CENTRE,0.0,0.0,
K81040,MILMAN & KENNET SURGERY,20294.75,18848.06,0.9287160472536001
K81041,EMMER GREEN SURGERY,11630.0,10653.39,0.9160266552020636
K81042,COOKHAM MEDICAL CENTRE,8035.0,8272.62,1.0295731176104543
K81043,HERSCHEL MEDICAL CENTRE,17872.25,16888.8,0.9449733525437479
K81045,PARKSIDE PRACTICE,17370.0,15127.49,0.8708975244674726
K81046,LEE HOUSE SURGERY,8201.5,7732.35,0.9427970493202463
K81047,BROOKSIDE GROUP PRACTICE,30686.25,26008.35,0.8475571306366858
K81048,LONG BARN LANE SURGERY,8883.25,8462.5,0.9526355781949174
K81050,THE DOWNLAND PRACTICE,11083.75,11702.27,1.0558042178865457
K81051,WOODLEY PRACTICE,13827.25,12119.96,0.8765271474805185
K81052,LAMBOURN SURGERY,6288.25,6904.85,1.0980558979048225
K81055,WARGRAVE PRACTICE,7704.75,8128.56,1.0550063272656478
K81056,WESTWOOD ROAD SURGERY,5600.0,5519.05,0.9855446428571429
K81057,HUNGERFORD SURGERY,7260.25,7966.95,1.0973382459281704
K81060,BINFIELD SURGERY,12681.75,12022.47,0.948013483943462
K81062,WESTERN ELMS & CIRCUIT LANE SURGERIES,27924.0,26087.76,0.9342415126772668
K81063,STRAWBERRY HILL MEDICAL CENTRE,22482.75,23074.88,1.026337080650721
K81066,THE SYMONS MEDICAL CENTRE,11539.0,10823.99,0.9380353583499437
K81068,SHEET STREET SURGERY,9150.5,8876.16,0.9700191246379979
K81069,LODDON VALE PRACTICE,14660.5,13870.04,0.9460823300705979
K81070,TWYFORD SURGERY,12272.75,11429.29,0.9312737569004502
K81073,THATCHAM HEALTH CENTRE,18372.75,16847.09,0.9169607162781838
K81074,CLARENCE MEDICAL CENTRE,16246.5,13296.49,0.8184218139291539
K81075,FARNHAM ROAD PRACTICE,35833.75,32974.39,0.920204834827502
K81076,GREEN MEADOWS SURGERY,9160.5,9805.28,1.0703869876098466
K81077,THEALE MEDICAL CENTRE,11043.75,10798.47,0.9777901528013582
K81078,GROVELANDS MEDICAL CENTRE,13938.75,12752.59,0.9149019818850327
K81080,NEW WOKINGHAM ROAD SURGERY,9685.75,10150.86,1.0480200294246704
K81081,ABBEY MEDICAL CENTRE,2376.75,2080.8,0.8754812243609973
K81082,THE VILLAGE MEDICAL CENTRE,10970.75,9602.21,0.8752555659366952
K81083,BHARANI MEDICAL CENTRE,18041.75,16984.39,0.9413937118073358
K81084,ROSEMEAD SURGERY,7535.0,7441.83,0.9876350364963503
K81085,SHREEJI MEDICAL CENTRE,9649.25,9148.28,0.9480819752830532
K81086,MANOR PARK MEDICAL CENTRE,11652.0,11180.17,0.9595065224854102
K81087,EASTHAMPSTEAD SURGERY,6739.0,6468.9,0.9599198694168274
K81089,RAGSTONE ROAD SURGERY,0.0,0.0,
K81092,WOOSEHILL PRACTICE,15359.75,12789.94,0.8326919383453507
K81094,GREAT HOLLANDS PRACTICE,4534.75,4172.27,0.9200661557969018
K81097,REDWOOD HOUSE SURGERY,5869.5,5443.34,0.9273941562313656
K81100,PEMBROKE SURGERY,6847.75,5811.42,0.8486612390931328
K81102,BURDWOOD SURGERY,10329.5,9073.17,0.8783745583038869
K81103,CHAPEL ROW SURGERY,8830.0,9229.25,1.0452151755379389
K81605,UNIVERSITY MEDICAL GROUP,31773.5,25813.16,0.8124116008623539
K81607,CORDWALLIS ROAD SURGERY,3368.25,2640.76,0.7840154382839755
K81608,DR NABI,5174.0,4324.11,0.8357383069192114
K81610,FOREST HEALTH GROUP-MOUNT LANE,31089.0,29294.44,0.9422766895043262
K81616,KUMAR MEDICAL CENTRE,5611.75,5289.53,0.9425811912505011
K81630,SOUTH MEADOW SURGERY,14221.75,12887.33,0.9061704783166629
K81633,SOUTH READING & SHINFIELD GROUP MED PRAC,11391.25,10371.02,0.9104373971249863
K81636,RUSSELL STREET SURGERY,8902.5,7795.56,0.8756596461668071
K81638,BURMA HILL PRACTICE,0.0,0.0,
K81644,TILEHURST VILLAGE SURGERY,15618.75,13838.74,0.8860337735094037
K81645,240 WEXHAM ROAD,7640.5,6759.63,0.8847104247104247
K81651,MELROSE SURGERY,16026.0,14328.6,0.89408461250468
K81655,ASCOT MEDICAL CENTRE,6677.75,6494.72,0.9725910673505298
K81656,CROWN WOOD MEDICAL CENTRE,6844.25,6013.15,0.8785696022208422
K81657,EVERGREEN PRACTICE,5996.75,5212.1,0.8691541251511236
K82001,RECTORY MEADOW SURGERY,10591.5,10710.93,1.011276023226172
K82003,WOLVERTON HEALTH CENTRE,16423.5,14747.91,0.8979760708740524
K82004,AMERSHAM HEALTH CENTRE,14374.25,12781.82,0.8892164808598709
K82006,THE IVERS PRACTICE,9344.75,8873.94,0.9496176997779502
K82007,THE SWAN PRACTICE,31236.5,29120.29,0.9322520128695597
K82008,THE HALL PRACTICE,10443.75,10464.07,1.0019456612806703
K82009,WATLING STREET PRACTICE,33041.25,31609.87,0.9566789997351794
K82010,TOWER HOUSE SURGERY,10189.5,9194.89,0.9023887335001717
K82011,MILLBARN MEDICAL CENTRE,9647.5,9460.54,0.9806208862399586
K82012,HIGHFIELD SURGERY,7073.0,6695.8,0.9466704368726142
K82013,THE RED HOUSE SURGERY,13886.5,14878.77,1.0714557303856262
K82014,OAKFIELD SURGERY,5881.75,5449.7,0.9265439707570026
K82015,PARKSIDE MEDICAL CENTRE,10416.75,9923.23,0.9526224590203278
K82016,NEWPORT PAGNELL MED.CTR.,29478.75,27478.43,0.9321436628079549
K82017,DESBOROUGH SURGERY,14143.0,13088.24,0.9254217634165312
K82019,THE MANDEVILLE PRACTICE,16393.25,14529.01,0.8862800237902796
K82020,CHILTERN HOUSE MED CENTRE,6226.5,5892.93,0.9464273668995423
K82021,THE CROSS KEYS PRACTICE,15097.25,16387.76,1.08547980592492
K82022,KINGSWOOD SURGERY,10422.25,9368.64,0.8989076255127251
K82023,MARLOW MEDICAL GROUP,27325.75,27661.35,1.012281456135696
K82024,THE NEW SURGERY CHESHAM,10972.5,10529.32,0.9596099339257234
K82025,SOVEREIGN MEDICAL CENTRE,10980.5,10794.64,0.9830736305268429
K82026,WHADDON HEALTHCARE,21996.75,20775.2,0.9444667962312615
K82027,PURBECK HEALTH CENTRE,6013.25,5502.15,0.9150043653598303
K82028,HADDENHAM MEDICAL CENTRE,9817.0,10290.8,1.0482632168686972
K82029,CHERRYMEAD SURGERY,11408.0,11150.79,0.9774535413744742
K82030,WYE VALLEY SURGERY,11752.25,10661.88,0.9072203195132846
K82031,THREEWAYS SURGERY,6270.75,6049.68,0.9647458437985887
K82032,OAKRIDGE PARK MEDICAL CENTRE,12182.25,10986.82,0.901871165014673
K82033,BURNHAM HEALTH CENTRE,19266.25,19023.99,0.9874256796210992
K82035,THE JOHN HAMPDEN SURGERY,3766.5,3543.36,0.9407566706491438
K82036,RIVERSIDE SURGERY,11078.5,10719.51,0.9675957936543756
K82037,WATER MEADOW SURGERY,13525.25,13310.4,0.9841148962126393
K82038,POPLAR GROVE PRACTICE,23774.5,21969.53,0.9240795810637448
K82039,BEDFORD STREET SURGERY,15949.25,14469.06,0.9071937551922504
K82040,WHITEHILL SURGERY,14119.75,11717.19,0.8298440128189238
K82044,CARRINGTON HOUSE SURGERY,10332.0,8968.75,0.8680555555555556
K82045,SOUTHMEAD SURGERY,6952.75,6927.72,0.9963999856172019
K82046,THE SIMPSON CENTRE,18503.5,17893.37,0.9670262382792444
K82047,UNITY HEALTH,22874.75,23685.27,1.0354329555514268
K82048,STOKENCHURCH MEDICAL CTRE,6817.5,7084.63,1.0391829849651633
K82049,HUGHENDEN VALLEY SURGERY,12204.25,12554.25,1.0286785341172133
K82051,THE MISBOURNE SURGERY,11291.75,12025.52,1.0649828414550446
K82053,PRIORY SURGERY,11755.25,11028.11,0.9381433827438804
K82054,ASHFIELD MEDICAL CENTRE,10606.5,11953.44,1.1269919389053882
K82055,DENHAM MEDICAL CENTRE,10648.5,11633.03,1.0924571535897076
K82057,COBBS GARDEN SURGERY,8823.75,8908.3,1.0095820937809887
K82058,GLADSTONE ROAD SURGERY,5917.5,5382.83,0.9096459653569919
K82059,WESTFIELD ROAD SURGERY,8709.5,8608.34,0.988385096733452
K82061,ASHCROFT SURGERY,4647.75,4855.41,1.044679683717928
K82064,FISHERMEAD MEDICAL CENTRE,7317.25,6146.66,0.8400232327718746
K82065,CENTRAL MILTON KEYNES MEDICAL CENTRE,21621.75,18812.87,0.8700900713402013
K82066,BOURNE END & WOOBURN GREEN MEDICAL CTR,13781.0,14943.13,1.0843284231913504
K82067,HILLTOPS MEDICAL CENTRE,4104.5,3663.12,0.8924643683761725
K82068,WADDESDON SURGERY,5584.5,5831.05,1.044148983794431
K82070,3W HEALTH,19488.5,21900.38,1.1237591400056444
K82073,WESTONGROVE PARTNERSHIP,33123.5,32902.32,0.9933225655501381
K82074,KINGFISHER SURGERY,0.0,0.0,
K82076,WATLING VALE MEDICAL CTR.,2995.75,2492.43,0.8319886505883334
K82078,THE ALLAN PRACTICE,9898.5,9938.93,1.0040844572409962
K82079,EDLESBOROUGH SURGERY,8653.75,9267.48,1.070920699118879
K82603,CRESSEX HEALTH CENTRE,11473.0,10289.25,0.8968229756820361
K82610,THE GROVE SURGERY,8872.0,8855.44,0.9981334535617674
K82615,WALNUT TREE HEALTH CENTRE,14724.5,11745.19,0.7976630785425651
K82617,THE STONEDEAN PRACTICE,8035.25,7737.01,0.9628835443825644
K82618,PROSPECT HOUSE SURGERY,3489.75,3323.63,0.9523977362275234
K82621,LITTLE CHALFONT SURGERY,4721.0,4198.7,0.8893666596060157
K82631,MILTON KEYNES VILLAGE SURG,16443.75,12792.06,0.7779283922462942
K82633,WESTCROFT HEALTH CENTRE,16317.75,12411.25,0.7605981216773146
K83002,LAKESIDE HEALTHCARE,46717.25,46276.37,0.9905628006785503
K83003,QUEENSVIEW MEDICAL CENTRE,9618.75,9592.46,0.9972667966211824
K83005,QUEENSWAY MEDICAL CENTRE,14590.75,13743.32,0.9419200520877953
K83006,HEADLANDS SURGERY,9653.75,9362.76,0.9698573093357504
K83007,HARBOROUGH FIELD SURGERY,13814.5,13372.74,0.9680220058634044
K83008,THE PINES SURGERY,10347.75,10058.58,0.972054794520548
K83009,MOULTON SURGERY,13951.25,13605.55,0.9752208583460263
K83010,ELEANOR CROSS HEALTHCARE,19544.5,18093.25,0.925746373660109
K83011,THE REDWELL MEDICAL CENTRE,12291.5,12610.02,1.0259138428995647
K83012,KING EDWARD ROAD SURGERY,12076.5,11811.33,0.978042479195131
K83013,ESKDAILL MEDICAL,14993.75,14272.7,0.9519099624843685
K83014,LEICESTER TCE HEALTHCARE CTR,18392.25,18466.82,1.0040544250975274
K83015,DANETRE MEDICAL PRACTICE,12540.75,13169.87,1.0501660586488049
K83017,WANSFORD,10294.25,11385.32,1.1059882944362143
K83018,SPRINGFIELD SURGERY,12535.0,11376.07,0.9075444754686877
K83019,THE LONG BUCKBY PRACTICE,6563.25,6916.79,1.053866605721251
K83020,RILLWOOD MEDICAL CENTRE,4060.0,3665.03,0.902716748768473
K83021,ROTHWELL MEDICAL CENTRE,21369.0,21281.87,0.9959225981562075
K83022,TOWCESTER MEDICAL CENTRE,11264.25,10785.26,0.9574769736112037
K83023,OUNDLE,10571.5,10364.53,0.9804218890412904
K83024,RUSHDEN MEDICAL CENTRE,9842.0,9121.98,0.9268421052631578
K83025,THE MOUNTS MEDICAL CENTRE,17600.0,17021.1,0.9671079545454545
K83026,ALBANY HOUSE MEDICAL CENTRE,20332.5,19180.7,0.9433517767121604
K83027,LANGHAM PLACE SURGERY,10394.5,10386.21,0.9992024628409254
K83028,SPINNEY BROOK MEDICAL CENTRE,11583.0,12267.85,1.059125442458776
K83029,ABINGTON PARK SURGERY,12755.0,12097.05,0.9484163073304586
K83030,THE COTTONS MEDICAL CENTRE,9728.5,9486.4,0.9751143547309451
K83031,BYFIELD MEDICAL CENTRE,8250.0,9008.39,1.0919260606060606
K83032,ABBEY HOUSE MEDICAL PRACTICE,22417.75,22104.93,0.9860458788237
K83033,THE WILLOWS PRACTICE,0.0,0.0,
K83035,KINGSTHORPE MEDICAL CTR.,6993.5,6755.62,0.9659855580181597
K83036,LINDEN MEDICAL GROUP,17109.75,16278.68,0.9514271102733821
K83037,DR SPENCER & PARTNERS,14070.75,13721.39,0.9751711884583266
K83039,DRYLAND MEDICAL CENTRE,11927.25,12477.92,1.04616906663313
K83040,WOODVIEW MEDICAL CENTRE,10678.25,10224.83,0.9575379860932269
K83041,ST LUKES PRIMARY CARE CENTRE,23473.75,21844.08,0.9305747909899357
K83042,PARK AVE MED CNT & KINGS HEATH PRACTICE,15354.75,14924.54,0.9719819599798109
K83043,ABINGTON MEDICAL CENTRE,14634.75,13807.0,0.9434394164574045
K83044,PARKLANDS MEDICAL CENTRE,13359.25,13300.6,0.9956097834833543
K83047,ABBEY MEDICAL PRACTICE,26827.0,26997.47,1.0063544190554292
K83048,BROOK MEDICAL CENTRE,6120.75,6007.54,0.9815039006657681
K83049,BRACKLEY MEDICAL CENTRE,16184.0,14938.7,0.9230536332179932
K83050,THE CRESCENT MEDICAL CTR.,7004.0,6514.6,0.9301256424900057
K83051,"WEAVERS MED, PROSPECT HSE",27352.75,25872.68,0.9458895357870781
K83052,THE PARKS MEDICAL PRACTICE,22711.0,21769.2,0.9585311082735238
K83053,CRICK MEDICAL PRACTICE,6198.5,6361.63,1.0263176574977817
K83055,WOOTTON MEDICAL CENTRE,7843.25,6828.59,0.8706327096547988
K83056,COUNTY SURGERY,4454.0,4031.69,0.9051841041760216
K83059,WOODSEND MEDICAL CENTRE,22201.75,21799.1,0.9818640422489218
K83064,THE SAXON SPIRES PRACTICE,16396.25,17278.8,1.0538263322406038
K83065,NENE VALLEY SURGERY,7175.5,6839.1,0.9531182495993311
K83066,GREENS NORTON MEDICAL CTR,14651.75,16237.23,1.1082109645605474
K83068,DENTON VILLAGE SURGERY,6241.5,6870.93,1.10084595049267
K83069,MARSHALLS ROAD SURGERY,3023.75,3043.77,1.006620917734601
K83070,BUGBROOKE MEDICAL PRACTICE,10764.75,10068.35,0.9353073689588705
K83076,MAYFIELD SURGERY,9032.5,8327.25,0.9219208414060338
K83077,GREENVIEW SURGERY,9576.75,9290.54,0.9701140783668782
K83079,WOLLASTON AND BOZEAT SURGERIES,0.0,0.0,
K83080,HIGHAM FERRERS SURGERY,5602.0,5267.34,0.9402606212067119
K83081,SUMMERLEE MEDICAL CENTRE,1779.0,1898.32,1.0670713884204608
K83601,EARLS BARTON MEDICAL CENTRE,8695.0,8139.72,0.9361380103507764
K83610,DANES CAMP MEDICAL CENTRE,10466.0,8448.73,0.8072549206955857
K83614,ASPIRO HEALTHCARE STUDFALL MED CENTRE,8237.0,8912.35,1.0819898021124197
K83616,THE MEADOWS SURGERY,5914.0,5417.28,0.9160094690564761
K83618,DR ABBAS,12713.0,11127.9,0.8753166050499488
K83620,THE BROOK HEALTH CENTRE,8972.25,8868.07,0.9883886427596199
K83621,MAPLE ACCESS PARTNERSHIP LLP,15067.25,13381.05,0.888088403656938
K83622,GREAT OAKLEY MEDICAL CENTRE,15256.5,14200.07,0.9307554157244453
K83625,MAWSLEY VILLAGE SURGERY,1464.25,1469.78,1.0037766774799386
K84001,THE HART SURGERY,10607.75,11068.73,1.043456906507035
K84002,DIDCOT HEALTH CENTRE PRACTICE,19190.25,16768.07,0.8737806959263167
K84003,ISLIP SURGERY,6901.5,7417.65,1.074788089545751
K84004,DONNINGTON MEDICAL PARTNERSHIP,13493.0,13172.89,0.9762758467353442
K84006,EYNSHAM MEDICAL GROUP,16292.75,16903.74,1.03750072885179
K84007,TEMPLE COWLEY HEALTH CENTRE,8255.0,8095.17,0.9806384009691096
K84008,CHALGROVE & WATLINGTON SURGERIES,7819.25,9124.38,1.1669124276624996
K84009,HEDENA HEALTH,26427.75,22128.75,0.8373300791781366
K84010,BAMPTON SURGERY,9213.5,9840.98,1.0681044120041243
K84011,SUMMERTOWN HEALTH CENTRE,18745.75,15482.85,0.8259392128882547
K84012,ELM TREE SURGERY,8629.5,8443.95,0.9784981748652878
K84013,ST BARTHOLOMEWS & HOLLOW WAY MED CENTRE,29586.75,23653.87,0.7994751028754425
K84014,MORLAND HOUSE SURGERY,11302.0,12194.63,1.0789798265793664
K84015,NETTLEBED SURGERY,4096.75,4553.4,1.111466406297675
K84016,BEAUMONT ELMS PRACTICE,23927.0,21113.42,0.8824098298992769
K84017,WINDRUSH MEDICAL PRACTICE,21226.0,19828.03,0.9341387920474888
K84019,NEWBURY STREET PRACTICE,15912.25,15800.33,0.9929664252384169
K84020,SONNING COMMON HEALTH CTR,9798.25,10085.14,1.0292797183170463
K84021,BANBURY ROAD MEDICAL CENTRE,10289.5,8003.98,0.7778784197482871
K84023,BERINSFIELD HEALTH CENTRE,6083.5,6608.68,1.0863285937371578
K84024,WINDRUSH SURGERY,8950.25,8719.19,0.974183961341862
K84025,BOTLEY MEDICAL CENTRE,11.5,11.56,1.0052173913043478
K84026,OBSERVATORY MEDICAL PRACTICE,12728.75,10851.31,0.8525039772169302
K84027,MALTHOUSE SURGERY,15201.75,15161.02,0.9973207032085122
K84028,BANBURY CROSS HEALTH CENTRE,42135.75,38998.54,0.9255451724485739
K84030,CHIPPING NORTON HEALTH CENTRE,15561.0,17006.88,1.0929169076537497
K84031,THE LEYS HEALTH CENTRE,12295.25,11610.79,0.9443313474715846
K84032,BARTLEMAS SURGERY,10222.5,8851.37,0.8658713621912448
K84033,CHURCH STREET PRACTICE,19436.0,18894.06,0.9721166906770942
K84034,CLIFTON HAMPDEN SURGERY,3458.25,3715.12,1.0742774524687342
K84035,THE BELL SURGERY,10816.75,11058.86,1.0223828784061757
K84036,MILL STREAM SURGERY,5770.5,6176.94,1.0704341044970105
K84037,WALLINGFORD MEDICAL PRACTICE,18963.0,19803.4,1.0443178821916363
K84038,MONTGOMERY HOUSE SURGERY,16735.5,15148.79,0.9051889695557349
K84040,HORSEFAIR SURGERY,0.0,0.0,
K84041,MARCHAM RD FAMILY HEALTH CENTRE,14569.25,14131.7,0.9699675686806116
K84042,WOODSTOCK SURGERY,9663.25,10821.3,1.1198406333272966
K84043,WOODLANDS MEDICAL CENTRE,18523.0,16947.39,0.9149376450898882
K84044,MANOR SURGERY,25502.25,25548.52,1.0018143497142409
K84045,GOSFORD HILL MEDICAL CENTRE,7435.0,6998.91,0.9413463349024882
K84046,WYCHWOOD SURGERY,6202.0,7043.7,1.1357142857142857
K84047,BURFORD SURGERY,7678.5,8216.02,1.0700032558442405
K84048,HOLLOW WAY MEDICAL CENTRE,1.0,1.0,1.0
K84049,27@NORTHGATE,0.0,0.0,
K84050,THE RYCOTE PRACTICE,13443.25,13484.44,1.0030639912223607
K84051,WHITE HORSE MEDICAL PRACTICE,19068.75,20551.66,1.0777665027859717
K84052,BICESTER HEALTH CENTRE,19009.5,17303.21,0.9102401430863515
K84054,THE ABINGDON SURGERY,19358.75,17656.05,0.9120449409181894
K84055,DEDDINGTON HEALTH CENTRE,12049.5,12772.19,1.0599767625212664
K84056,CROPREDY SURGERY,5180.5,5830.3,1.1254319081169772
K84058,BLOXHAM SURGERY,8115.75,8579.46,1.057137048331947
K84059,HIGHTOWN SURGERY,12319.25,11956.44,0.9705493435071129
K84060,ST. CLEMENT'S SURGERY,6147.5,5390.75,0.8769011793411956
K84062,WOODLANDS SURGERY,9441.25,8935.35,0.9464159936449094
K84063,COWLEY ROAD MEDICAL PRACTICE,12077.75,9785.69,0.8102245865330877
K84065,SIBFORD SURGERY,3225.25,3509.71,1.0881978141229363
K84066,LUTHER STREET MEDICAL PRACTICE,514.5,417.1,0.8106899902818271
K84071,GORING & WOODCOTE MEDICAL PRACTICE,10575.0,11251.34,1.063956501182033
K84072,NUFFIELD HEALTH CENTRE,12033.75,11849.14,0.9846589799522176
K84073,VICTORIA HOUSE SURGERY,0.0,0.0,
K84075,BROADSHIRES HEALTH CENTRE,11955.25,10016.64,0.8378444616381924
K84078,JERICHO HEALTH CENTRE,11173.5,8241.28,0.73757372354231
K84079,LONG FURLONG MEDICAL CENTRE,9256.0,7764.96,0.8389109766637857
K84080,NORTHGATE HEALTH CENTRE,13412.25,11013.26,0.8211344107066302
K84082,THE KEY MEDICAL PRACTICE,12914.0,11846.1,0.9173067988229828
K84605,KES@NORTHGATE,6584.5,4939.65,0.7501936365707342
K84610,THE CHARLBURY MEDICAL CENTRE,5480.25,5566.26,1.015694539482688
K84613,ALCHESTER MEDICAL GROUP,21770.75,18058.58,0.8294881894284764
K84618,COGGES SURGERY,8512.25,7541.31,0.8859361508414344
K84621,NORTH BICESTER SURGERY,0.0,0.0,
K84624,OAK TREE HEALTH CENTRE,10685.75,8301.56,0.7768813606906394
L81004,PORTISHEAD MEDICAL GROUP,17851.75,17069.78,0.9561964513283011
L81007,BRIDGE VIEW MEDICAL,39011.0,37053.4,0.9498192817410475
L81008,SHIREHAMPTON GROUP PRACTICE,11390.25,11809.47,1.0368051623098702
L81009,STOCKWOOD MEDICAL CENTRE,10761.75,10293.63,0.9565014983622552
L81010,HOPE HOUSE SURGERY,7946.5,7297.84,0.9183716101428302
L81012,MONTPELIER HEALTH CENTRE,20085.5,18082.87,0.9002947399865574
L81013,FISHPONDS FAMILY PRACTICE,13280.25,12646.8,0.9523013497486869
L81014,FROME VALLEY MEDICAL CENTRE,14486.25,14448.47,0.9973920096643368
L81015,CHARLOTTE KEEL HEALTH CTR,19538.0,19613.18,1.0038478861705395
L81016,GRAHAM ROAD SURGERY,9813.5,11295.89,1.1510561980944616
L81017,WESTBURY ON TRYM PRIMARY CARE CENTRE,12147.25,11243.65,0.925612793018996
L81018,SEVERN VIEW FAMILY PRACTICE,8954.25,9544.49,1.0659173018399084
L81019,CONCORD MEDICAL CENTRE,18304.25,14903.52,0.8142109073029488
L81020,WIDCOMBE SURGERY,9214.25,8395.33,0.9111246167620805
L81021,WINSCOMBE SURGERY,11227.25,12216.94,1.0881507047585117
L81022,HORFIELD HC,17902.75,16312.53,0.9111745402242672
L81023,EAST TREES HEALTH CENTRE,15695.75,14448.74,0.9205511045983785
L81024,COURTSIDE SURGERY,15415.5,14365.39,0.9318796016995881
L81025,SOMER VALLEY MEDICAL GROUP,18943.25,18441.13,0.9734934607313951
L81026,THE DOWNEND HEALTH GROUP,27864.5,25503.41,0.9152653017280051
L81027,BATHEASTON MEDICAL CENTRE,8634.0,8944.65,1.0359798471160528
L81029,THREE SHIRES MEDICAL PRACTICE,9665.5,10405.78,1.0765899332678082
L81030,HARPTREE SURGERY,6752.5,6748.64,0.9994283598667161
L81031,THE ARMADA FAMILY PRACTICE,16245.75,16110.42,0.9916698213378884
L81033,NIGHTINGALE VALLEY PRACTICE,14863.5,13658.09,0.9189013354862583
L81034,TYNTESFIELD MEDICAL GROUP,34217.25,33718.7,0.9854298635921939
L81036,CONISTON MEDICAL PRACTICE,0.0,0.0,
L81037,PIONEER MEDICAL GROUP,23093.5,23188.04,1.0040937926256306
L81038,AIR BALLOON SURGERY,13348.5,12431.02,0.9312671835786793
L81039,HEART OF BATH,25826.25,24083.52,0.9325209815594598
L81040,CLEVEDON MEDICAL CENTRE,16586.0,16902.84,1.0191028578319064
L81041,HILLVIEW FAMILY PRACTICE,7396.25,6761.8,0.9142200439411864
L81042,KENNEDY WAY SURGERY,12361.25,11455.08,0.9266926888461927
L81044,TUDOR LODGE SURGERY,12171.75,13917.16,1.1433984431162323
L81045,ST AUGUSTINE'S MEDICAL PRACTICE,19661.25,19790.39,1.0065682497297985
L81046,LEAP VALLEY MEDICAL CTR,7817.5,7394.44,0.9458829549088583
L81047,WEST WALK SURGERY,14756.75,14175.31,0.960598370237349
L81050,CLOSE FARM SURGERY,7368.75,6736.49,0.9141971162001696
L81051,168 MEDICAL GROUP,23908.0,27201.59,1.137761000501924
L81053,THE LENNARD SURGERY,8530.5,8602.2,1.0084051345173204
L81054,GRANGE ROAD SURGERY,12128.25,11406.93,0.9405256323047431
L81055,ORCHARD MEDICAL CENTRE,12699.0,11608.72,0.914144420820537
L81058,THE MILTON SURGERY,9156.75,9856.69,1.0764397848581648
L81059,ELM HAYES SURGERY,9001.25,8322.72,0.9246182474656297
L81061,THE WELLSPRING SURGERY,11410.75,11146.46,0.9768385075477072
L81062,FIRECLAY HEALTH,24514.25,21892.03,0.8930328278450289
L81063,KINGSWOOD HEALTH CENTRE,13093.5,11886.48,0.9078153282162905
L81064,TEMPLE HOUSE PRACTICE,1.0,0.76,0.76
L81065,COMBE DOWN SURGERY,13818.0,13237.98,0.9580243161094225
L81066,STAFFORD MEDICAL GROUP,10997.0,9697.51,0.8818323179048831
L81067,SOUTHMEAD HEALTH CENTRE,2812.0,2807.07,0.99824679943101
L81068,THE PULTENEY PRACTICE,12908.25,12554.68,0.972608990374373
L81069,ST. MICHAEL'S SURGERY,8245.75,7863.89,0.9536900827699119
L81070,NEWBRIDGE SURGERY,8920.75,8471.81,0.9496746349802426
L81071,FAIRFIELD PARK HEALTH CENTRE,14211.25,12907.21,0.908238895241446
L81072,CHEW MEDICAL PRACTICE,10445.25,10872.33,1.0408874847418683
L81073,WEST VIEW SURGERY,8065.75,7690.17,0.9534352044137248
L81075,THE OLD SCHOOL SURGERY,31399.5,24071.28,0.766613481106387
L81077,SEA MILLS SURGERY,2092.75,2138.35,1.0217895114084339
L81078,GLOUCESTER ROAD MEDICAL CENTRE,22346.75,17762.37,0.7948524953292984
L81079,HANHAM HEALTH,21337.0,19859.31,0.9307451844214276
L81081,PEMBROKE ROAD SURGERY,19945.25,15667.72,0.7855364059111818
L81082,BEDMINSTER FAMILY PRACTICE,13674.25,13532.51,0.989634532058431
L81083,HARTWOOD HEALTHCARE,8657.0,8111.42,0.936978167956567
L81084,PRIORY SURGERY,11490.5,10818.51,0.9415177755537183
L81085,HEYWOOD FAMILY PRACTICE,6677.0,6721.03,1.0065942788677549
L81086,MENDIP VALE MEDICAL PRACTICE,46198.5,45623.91,0.9875625832007533
L81087,BEECHWOOD MEDICAL PRACTICE,12808.25,11813.92,0.9223680049967794
L81089,LAWRENCE HILL HEALTH CENTRE,11254.5,12939.98,1.149760540228353
L81090,THE FAMILY PRACTICE,17351.25,14397.33,0.829757510265831
L81091,WHITELADIES MEDICAL GROUP,16343.25,14490.47,0.8866333195661817
L81094,THE MERRYWOOD PRACTICE,0.0,0.0,
L81095,DOWNTON ROAD SURGERY,14654.0,14097.38,0.9620158318547837
L81098,GREENWAY COMMUNITY PRACTICE,11673.25,11581.19,0.9921135930439252
L81101,SOMERTON HOUSE SURGERY,0.0,0.0,
L81103,ST MARY STREET SURGERY,8893.0,8939.64,1.0052445743843472
L81106,STREAMSIDE SURGERY,5639.25,5627.1,0.9978454581726294
L81117,PILNING SURGERY,4316.75,4373.58,1.0131649968147334
L81118,STOKES MEDICAL GROUP,19934.0,16181.91,0.81177435537273
L81120,BIRCHWOOD MEDICAL PRACTICE,9365.75,8404.98,0.8974166510957478
L81122,ST. MARY'S SURGERY,5591.25,6099.07,1.0908240554437738
L81123,HILLCREST SURGERY,5914.75,5641.02,0.9537207827887908
L81125,WELLS ROAD SURGERY,9640.75,8535.98,0.8854062183958716
L81127,ALMONDSBURY SURGERY,5880.25,5613.11,0.9545699587602567
L81130,CADBURY HEATH HEALTHCARE,12957.5,11236.67,0.8671942890218021
L81131,FALLODON WAY MEDICAL CENTRE,11600.5,9875.67,0.8513141674927804
L81132,WESTFIELD SURGERY,5235.25,4437.55,0.8476290530538179
L81133,STUDENT HEALTH SERVICE,18871.5,13553.45,0.71819675171555
L81600,HARBOURSIDE FAMILY PRACTICE,11453.25,9792.08,0.8549608189815118
L81617,UNIVERSITY MEDICAL CENTRE,13673.25,8242.27,0.6028025524290129
L81632,EMERSONS GREEN MEDICAL CENTRE,11778.75,8959.88,0.7606817361774381
L81642,WELLINGTON ROAD SURGERY,5615.75,5250.13,0.9348938254017718
L81643,THE CEDARS SURGERY,16746.25,16840.84,1.0056484287527059
L81644,RUSH HILL SURGERY,9193.5,8506.47,0.925270027736988
L81649,BRADLEY STOKE SURGERY,18848.75,13276.14,0.7043512169241992
L81669,MVMG - MONKS PARK,33228.0,31113.51,0.9363642109064644
L81670,HORIZON HEALTH CENTRE,5694.75,5739.82,1.0079143070371832
L82001,LANDER MEDICAL PRACTICE,19325.75,18535.43,0.9591053387320027
L82003,PORT ISAAC SURGERY,8722.75,9817.34,1.125486801754034
L82004,WADEBRIDGE & CAMEL ESTUARY PRACTICE,7901.5,8216.38,1.0398506612668479
L82006,PENRYN SURGERY,21523.25,19855.79,0.9225274993321176
L82007,MEDICAL CENTRE CAMELFORD (DR NASH),6636.0,7836.75,1.1809448462929475
L82008,STRATTON MEDICAL CENTRE,10716.0,11449.52,1.0684509145203434
L82010,BOSVENA HEALTH,23937.5,25863.35,1.0804532637075717
L82011,BRANNEL SURGERY,6167.0,6704.54,1.087163937084482
L82012,TAMAR VALLEY HEALTH,16944.0,19492.66,1.1504166666666666
L82013,PERRANPORTH SURGERY,7871.5,8605.75,1.093279552817125
L82015,CHACEWATER HEALTH CENTRE,6780.75,7686.5,1.1335766692475022
L82016,OAK TREE SURGERY,16970.0,19333.6,1.1392810842663523
L82017,ST MARY'S HEALTH CENTRE,2437.25,2189.41,0.8983116217047902
L82018,HELSTON MEDICAL CENTRE,14371.5,15194.87,1.0572918623664893
L82022,OLD BRIDGE SURGERY,9865.0,12352.72,1.2521763811454636
L82023,PETROC GROUP PRACTICE,16659.75,18323.74,1.0998808505529796
L82025,MEVAGISSEY SURGERY,4837.5,5820.89,1.2032847545219638
L82026,MIDDLEWAY SURGERY,6733.25,7553.8,1.121865369620911
L82028,THREE SPIRES MEDICAL PRACTICE,17784.0,17898.29,1.006426563202879
L82029,NARROWCLIFF SURGERY,16137.5,15581.64,0.9655547637490317
L82030,LAUNCESTON MEDICAL CENTRE,18682.0,20553.86,1.1001959105020875
L82035,FOWEY RIVER PRACTICE,8256.25,9831.34,1.1907754731264193
L82036,BODRIGGY HEALTH CENTRE,12470.0,13182.41,1.057129911788292
L82038,ATLANTIC MEDICAL GROUP,11988.75,13859.99,1.156082994473986
L82039,LOSTWITHIEL SURGERY,5252.75,6128.89,1.166796439960021
L82041,CARN TO COAST HEALTH CENTRES,30125.25,30813.15,1.0228346652724873
L82042,LEATSIDE HEALTH CENTRE,16751.5,18346.82,1.0952344566158254
L82043,QUAY LANE SURGERY,4612.25,5233.92,1.1347867093067374
L82044,VEOR SURGERY,8728.0,9926.42,1.13730751604033
L82045,PROBUS SURGERY,9469.75,10856.57,1.1464473718947175
L82046,SALTASH HEALTH CENTRE,12221.25,12148.87,0.994077528894344
L82047,MARAZION SURGERY,7683.25,8928.33,1.1620512153060227
L82048,ROSELAND SURGERIES,3821.5,4427.06,1.158461337171268
L82049,FALMOUTH HEALTH CENTRE,10247.75,10101.42,0.9857207679734576
L82050,ROSEDEAN SURGERY,9739.0,10800.13,1.1089567717424786
L82051,CLAYS PRACTICE,13206.0,14007.9,1.0607223989095864
L82052,TRESCOBEAS SURGERY,10688.5,10873.2,1.017280254479113
L82054,ST. AGNES SURGERY,9204.0,10090.25,1.0962896566710125
L82056,THE MULLION & CONSTANTINE GROUP PRACTICE,8390.5,9953.48,1.1862797211131637
L82057,ST KEVERNE HEALTH CENTRE,2929.0,3714.96,1.2683373164902698
L82058,BOTTREAUX SURGERY,4786.75,5977.91,1.2488452499086018
L82059,COBER VALLEY HEALTH,5452.75,5777.28,1.0595167575993765
L82061,CARNON DOWNS SURGERY,6051.75,7140.3,1.1798735902838022
L82066,PORT VIEW SURGERY,6977.25,7376.07,1.0571600558959475
L82068,GODOLPHIN HEALTH,8804.0,9647.87,1.0958507496592458
L82070,SUNNYSIDE SURGERY,6639.25,7483.8,1.1272056331663969
L82620,HARRIS MEMORIAL SURGERY,6310.5,6936.37,1.0991791458679978
L82622,WESTOVER SURGERY,7339.75,7054.02,0.9610708811608025
L83002,HONITON SURGERY,17911.5,18832.23,1.0514044049912068
L83003,QUEEN'S MEDICAL CENTRE,12013.5,12902.36,1.0739884296832731
L83004,KINGSTEIGNTON MEDICAL PRACTICE,11570.25,11242.17,0.9716445193491929
L83005,BARTON SURGERY,15287.0,17535.59,1.1470916464970236
L83006,MAYFLOWER MEDICAL GROUP,34048.25,36020.39,1.0579219196287621
L83007,SEATON & COLYTON MEDICAL PRACTICE,9129.25,10628.27,1.1641996878166334
L83008,PATHFIELDS MEDICAL GROUP,22051.0,22668.32,1.027995102262936
L83010,ASHBURTON SURGERY,7167.0,7570.17,1.0562536626203431
L83011,BUDLEIGH SALTERTON MEDICAL PRACTICE,8303.0,9617.95,1.1583704685053595
L83012,BRADWORTHY SURGERY,3150.75,4020.21,1.2759533444417996
L83013,BRUNEL MEDICAL PRACTICE,15671.75,16449.5,1.0496275144766858
L83014,MAYFIELD MEDICAL CENTRE,20646.5,22108.01,1.0707873005109825
L83015,OAKSIDE SURGERY,7928.0,7850.63,0.9902409182643794
L83016,ST THOMAS MEDICAL GROUP,40608.0,31597.73,0.7781158884948779
L83018,BEAUMONT VILLA SURGERY,7897.25,7044.44,0.8920117762512266
L83019,ELM SURGERY,9885.75,9966.05,1.0081228030245555
L83020,AXMINSTER MEDICAL PRACTICE,12758.75,15087.75,1.1825413931615558
L83021,DEAN CROSS SURGERY,10128.5,10879.71,1.074167941945994
L83023,MID DEVON MEDICAL PRACTICE,5637.25,6486.63,1.1506727571067454
L83024,BARNFIELD HILL SURGERY,8486.0,8263.76,0.9738109827951921
L83025,WALLINGBROOK HEALTH CENTRE,7463.75,9009.79,1.2071398425724336
L83026,TORRINGTON HEALTH CENTRE,5175.25,5950.23,1.1497473552002317
L83027,CROFT HALL MEDICAL PRACTICE,7964.75,7603.44,0.9546363664898458
L83028,ST NEOTS SURGERY,11420.0,11901.35,1.0421497373029773
L83029,SOUTHOVER MEDICAL PRACTICE,8471.5,8557.47,1.0101481437761908
L83030,NORTH ROAD WEST MED.CTR.,9850.75,10629.63,1.0790680912620865
L83031,KINGSKERSWELL & IPPLEPEN MED PRACTICE,12084.75,12301.36,1.017924243364571
L83034,ALBANY SURGERY,10132.0,9897.9,0.9768949861823923
L83035,LITCHDON MEDICAL CENTRE,16595.25,16572.46,0.9986267154758138
L83036,TOPSHAM SURGERY,11857.0,12101.94,1.0206578392510754
L83038,TAVYSIDE HEALTH CENTRE,13764.0,14723.15,1.0696854112176692
L83039,SOUTHWAY SURGERY,5652.25,5122.85,0.9063381839090628
L83040,PINHOE SURGERY,17777.0,16795.86,0.9448084603701412
L83041,WESTBANK PRACTICE,9182.25,9744.86,1.0612714748563805
L83042,ST LEONARDS PRACTICE,9692.25,9095.26,0.9384054270164307
L83043,LEATSIDE SURGERY,14748.0,15308.65,1.038015324111744
L83044,BLACKDOWN PRACTICE,8274.5,9236.24,1.116229379418696
L83045,BOVEY TRACEY & CHUDLEIGH PRACTICE,14990.25,17022.5,1.1355714547789397
L83046,DEVON SQUARE SURGERY,9646.5,9183.53,0.9520064272015758
L83048,ROBOROUGH SURGERY,11037.5,11869.56,1.0753848244620612
L83049,MORETONHAMPSTEAD HEALTH CENTRE,3321.0,3675.13,1.106633544113219
L83050,NORTHAM SURGERY,12965.0,15129.94,1.1669834168916313
L83051,CRICKETFIELD SURGERY,10364.0,10281.54,0.9920436125048244
L83052,CASTLE PLACE PRACTICE,13186.0,13668.96,1.0366267253147277
L83053,ROLLE MEDICAL PARTNERSHIP,0.0,0.0,
L83054,TOWNSEND HOUSE MEDICAL CENTRE,5671.75,6722.59,1.1852761493366246
L83055,COMPASS HOUSE MEDICAL CENTRES,15368.75,16981.5,1.1049369662464417
L83056,ROLLE MEDICAL PARTNERSHIP,27012.25,27484.88,1.0174968764171812
L83057,FREMINGTON MEDICAL CENTRE,7801.5,8668.99,1.1111952829584053
L83058,SOUTHERNHAY HOUSE SURGERY,7869.5,7556.41,0.9602147531609377
L83059,NORTON BROOK MEDICAL CENTRE,10100.0,10500.18,1.0396217821782179
L83064,CHURCH VIEW SURGERY,12350.25,12739.18,1.031491670209105
L83066,MOUNT PLEASANT HEALTH CENTRE,17527.75,15855.76,0.9046089771933078
L83067,SID VALLEY PRACTICE,14849.25,17807.25,1.1992019798979747
L83068,LYNTON HEALTH CENTRE,0.0,0.0,
L83069,RUBY COUNTRY MEDICAL GROUP,15337.75,18677.95,1.217776401362651
L83070,BUCKFASTLEIGH MEDICAL CENTRE,5017.5,5271.15,1.0505530642750374
L83071,STOKE SURGERY,8109.5,8933.74,1.1016388186694617
L83072,FRIARY HOUSE SURGERY,12886.0,13088.15,1.0156875679031507
L83073,BRANNAM MEDICAL CENTRE,19292.25,19240.12,0.997297878681854
L83075,SOUTH BRENT HEALTH CENTRE,5991.5,6273.21,1.0470182758908453
L83076,WYCLIFFE SURGERY,11369.5,11102.59,0.9765240335986631
L83077,HEAVITREE PRACTICE,8078.5,7152.46,0.8853698087516247
L83079,IDE LANE SURGERY,8416.0,8411.86,0.9995080798479088
L83081,YEALM MEDICAL CENTRE,6427.5,6799.42,1.0578638661999222
L83082,CHAGFORD HEALTH CENTRE,3287.5,3699.18,1.125225855513308
L83083,BIDEFORD MEDICAL CENTRE,15305.75,16216.27,1.059488754226353
L83084,SOUTH LAWN MEDICAL PRACTICE,8202.75,7906.19,0.9638462710676297
L83085,AMICUS HEALTH,18579.5,19877.23,1.0698474124707338
L83086,MODBURY HEALTH CENTRE,5056.0,5416.19,1.0712401107594935
L83087,OKEHAMPTON MEDICAL CENTRE,15153.0,15604.18,1.0297749620537187
L83088,REDFERN HEALTH CENTRE,5197.25,6228.58,1.1984376352878927
L83089,KNOWLE HOUSE SURGERY,13608.0,13820.61,1.0156238977072312
L83092,COLLEGE SURGERY PARTNERSHIP,16100.75,15892.62,0.9870732729841778
L83094,DARTMOUTH MEDICAL PRACTICE,8358.75,10077.62,1.2056372065201137
L83095,COLERIDGE MEDICAL CENTRE,15887.75,16781.57,1.0562584381048292
L83096,COMBE COASTAL PRACTICE,18247.75,21064.0,1.1543340959844364
L83097,CAEN MEDICAL CENTRE,12926.25,13728.48,1.062062082970699
L83098,CHERITON BISHOP SURGERY,5449.25,6109.84,1.12122585676928
L83099,ISCA MEDICAL PRACTICE,5657.5,5285.24,0.9342006186478126
L83100,BEACON MEDICAL GROUP,43416.25,40899.22,0.9420256240462961
L83101,ABBEY SURGERY,15179.0,16661.03,1.097636866723763
L83102,YELVERTON SURGERY,7618.5,8975.12,1.1780691737218614
L83103,CORNER PLACE SURGERY,16068.5,17014.55,1.0588760618601611
L83105,CASTLE GARDENS SURGERY,6811.5,7794.42,1.1443030169566175
L83106,WOODA SURGERY,9569.75,10219.61,1.067907730086993
L83111,CHILCOTE PRACTICE,15247.25,17238.9,1.1306235550673074
L83112,WEST HOE SURGERY,5864.5,8297.78,1.414916872708671
L83113,BUDSHEAD MEDICAL PRACTICE,7659.25,7271.13,0.9493266311975715
L83115,WHIPTON SURGERY,4880.25,4520.1,0.9262025510988168
L83116,WOODBURY SURGERY,5225.25,5260.75,1.0067939333046265
L83118,CHELSTON HALL SURGERY,18141.0,17337.1,0.9556860151039082
L83120,CHANNEL VIEW MEDICAL GROUP,17119.25,19235.95,1.1236444353578574
L83127,REDLANDS PRIMARY CARE,16187.5,15651.0,0.9668571428571429
L83128,BRAMBLEHAIES SURGERY,7635.5,7252.36,0.9498212297819396
L83129,HARTLAND SURGERY,3021.0,3846.18,1.2731479642502481
L83131,PEMBROKE MEDICAL GROUP,25658.5,27050.21,1.054239725626985
L83134,WYNDHAM HOUSE SURGERY,3971.25,4438.56,1.1176732766761097
L83136,HALDON HOUSE SURGERY,5909.25,6250.21,1.057699369632356
L83137,SOUTH MOLTON MEDICAL CENTRE,12652.5,14134.46,1.1171278403477574
L83143,HILL BARTON SURGERY,4579.5,4114.3,0.8984168577355607
L83146,CATHERINE HOUSE SURGERY,4850.5,5190.19,1.0700319554685083
L83147,LISSON GROVE MEDICAL CTR.,13677.0,12839.82,0.9387892081596841
L83148,CHILLINGTON HEALTH CENTRE,3715.0,4466.81,1.202371467025572
L83607,OLD FARM SURGERY,5681.25,5400.13,0.9505179317931793
L83616,SAMPFORD PEVERELL SURGERY,2360.0,2419.66,1.025279661016949
L83624,DEVONPORT HEALTH CENTRE,7973.25,8597.27,1.0782641959050576
L83628,IMPERIAL SURGERY,6186.75,6448.15,1.0422515860508343
L83639,WEMBURY SURGERY,2866.5,3038.1,1.0598639455782313
L83646,ST. LEVAN SURGERY,8687.75,9012.9,1.037426261114788
L83648,PEVERELL PARK SURGERY,24544.5,21058.32,0.8579649208580333
L83651,ADELAIDE STREET SURGERY,4495.0,4872.92,1.084075639599555
L83655,WONFORD GREEN SURGERY,7460.25,6438.06,0.862981803558862
L83657,TEIGN ESTUARY MEDICAL GROUP,5386.75,5817.91,1.0800408409523368
L83663,BLACK TORRINGTON SURGERY,2993.75,3680.45,1.2293778705636742
L83666,BUCKLAND SURGERY,4010.0,3323.72,0.828857855361596
L83673,INCLUSION HEALTH DEVON CIC,669.5,535.25,0.799477221807319
L84003,UNDERWOOD SURGERY,11321.0,9874.19,0.8722012189735889
L84004,WINCHCOMBE MEDICAL CENTRE,7865.25,8966.38,1.1399993642922983
L84005,MINCHINHAMPTON SURGERY,7900.75,9071.59,1.1481935259310825
L84006,STAUNTON & CORSE SURGERY,6840.0,7344.28,1.0737251461988304
L84007,ROWCROFT MEDICAL CENTRE,12232.75,11803.49,0.9649089534242096
L84008,ST. GEORGE'S SURGERY,11981.5,11446.66,0.9553611818219755
L84009,HADWEN HEALTH,19161.25,17441.12,0.9102287168112727
L84010,UPPER THAMES MEDICAL GROUP,11278.25,12332.57,1.0934825881674906
L84011,LYDNEY PRACTICE,8530.5,9283.31,1.0882492233749486
L84012,PHOENIX HEALTH GROUP,24675.0,25172.99,1.0201819655521784
L84014,HUCCLECOTE SURGERY,8998.5,9039.88,1.0045985442018113
L84015,SIXWAYS CLINIC,10964.5,10394.05,0.9479730037849422
L84016,FRITHWOOD SURGERY,6778.75,6342.9,0.9357034851558178
L84018,CIRENCESTER HEALTH GROUP,12841.0,13212.3,1.0289151935207537
L84020,ROMNEY HOUSE SURGERY,0.0,0.0,
L84021,YORKLEY HEALTH CENTRE(WG),8850.0,9963.86,1.1258598870056498
L84022,YORKLEIGH SURGERY(CT),8001.0,7809.96,0.9761229846269216
L84023,CHURCH STREET PRACTICE,13196.25,13214.15,1.0013564459600266
L84024,DRYBROOK SURGERY,3683.75,4209.75,1.1427892772310824
L84025,HOYLAND HOUSE,4704.75,5372.54,1.1419395291992136
L84026,ASPEN MEDICAL PRACTICE,31763.75,31222.93,0.982973672818858
L84027,CULVERHAY SURGERY,18021.0,20224.97,1.1223000943343877
L84028,FOREST HEALTH CARE,11771.25,13340.97,1.1333520229372411
L84029,DEAN MEDICAL PRACTICE,3265.0,3731.63,1.1429188361408882
L84030,BERKELEY PLACE SURGERY,17643.5,15517.49,0.8795017995295717
L84031,STOW SURGERY,5754.0,6865.59,1.1931856100104274
L84032,LOCKING HILL SURGERY,0.0,0.0,
L84033,WESTON HOUSE PRACTICE,19353.5,18572.33,0.9596367582091095
L84034,"PARTNERS IN HEALTH, PAVILION FAMILY DRS",12287.0,11478.47,0.9341963050378448
L84036,CLEEVELANDS MEDICAL CENTRE,11428.0,10387.34,0.9089376968848443
L84037,THE HOLTS HEALTH CENTRE,12097.75,13373.88,1.1054849042177264
L84038,COTSWOLD MEDICAL PRACTICE,11485.5,12758.69,1.1108519437551696
L84039,BEECHES GREEN SURGERY,8876.0,8622.4,0.9714285714285714
L84040,THE LECKHAMPTON SURGERY,13091.25,12899.83,0.9853780196696267
L84041,OVERTON PARK SURGERY,13104.25,12854.17,0.9809161150008585
L84043,CHIPPING CAMPDEN SURGERY,5018.75,5856.79,1.1669818181818181
L84045,MITCHELDEAN SURGERY,7185.75,8258.2,1.1492467731273703
L84046,DOCKHAM SURGERY,6309.0,7086.87,1.1232952924393722
L84047,CHURCHDOWN SURGERY,15799.75,16165.63,1.023157328438741
L84048,"THE STOKE ROAD SURGERY,",10441.75,9960.08,0.953870759211818
L84049,THE ROYAL WELL SURGERY,8197.0,7730.24,0.9430572160546541
L84050,ROSEBANK HEALTH,40291.0,36253.77,0.8997982179643096
L84051,CHIPPING SURGERY,9733.0,9691.1,0.9956950580499333
L84052,SEVERNSIDE MEDICAL PRACTICE,9678.25,10247.6,1.0588277839485445
L84053,HILARY COTTAGE SURGERY,7886.25,8476.12,1.0747972737359328
L84054,MYTHE MEDICAL PRACTICE,13814.5,13304.26,0.9630648955807304
L84056,THE CORINTHIAN SURGERY,0.0,0.0,
L84058,ST. CATHERINE'S SURGERY,9323.5,8981.17,0.963283101839438
L84059,ROYAL CRESCENT SURGERY,8218.5,7801.08,0.9492097098010586
L84060,CAM & ULEY FAMILY PRACTICE,11019.5,11501.72,1.0437606061981033
L84063,RENDCOMB SURGERY,4887.25,5010.96,1.0253128037239756
L84065,PRICES MILL SURGERY,9255.5,9698.12,1.0478223758846092
L84067,LONGLEVENS SURGERY,10090.25,8669.73,0.8592185525631179
L84068,MANN COTTAGE SURGERY,5632.25,6771.95,1.202352523414266
L84069,COLEFORD MEDICAL PRACTICE,13514.75,15294.4,1.1316820510923251
L84070,HIGH STREET MEDICAL CENTRE,0.75,0.92,1.2266666666666668
L84071,BRUNSTON PRACTICE,0.0,0.0,
L84072,WHITE HOUSE SURGERY,5124.0,5848.66,1.141424668227947
L84075,MAY LANE SURGERY,9521.75,9399.66,0.9871777771943182
L84077,FIVE VALLEYS MEDICAL PRACTICE,14935.0,14965.19,1.002021426180114
L84078,FRAMPTON SURGERY,0.0,0.0,
L84080,THE WILLOW TREE PRACTICE,11713.5,11630.18,0.9928868399709737
L84081,KINGSHOLM SURGERY,4447.5,4593.27,1.0327757166947724
L84084,BROCKWORTH SURGERY,11370.25,10874.08,0.9563624370616302
L84085,SEVERNBANK SURGERY,3831.25,4187.7,1.093037520391517
L84606,THE ALNEY PRACTICE,11865.0,12525.74,1.0556881584492204
L84613,STONEHOUSE HEALTH CLINIC,3367.5,3576.86,1.0621707498144024
L84616,PRESTBURY PARK MEDICAL,0.0,0.0,
L84617,QUEDGELEY MEDICAL CENTRE,6908.75,5806.47,0.8404516012303239
L85001,FRENCH WEIR HEALTH CENTRE,17401.25,16560.51,0.9516850800948207
L85002,WELLS HEALTH CENTRE,11975.5,12905.9,1.0776919544069141
L85003,EXMOOR MEDICAL CENTRE,3919.25,5115.1,1.3051221534732411
L85004,"CREWKERNE HEALTH CENTRE, CREWKERNE",12515.0,13278.43,1.061001198561726
L85006,CROWN MEDICAL CENTRE,10443.25,9495.72,0.9092686663634404
L85007,"CHURCH STREET SURGERY, MARTOCK",10474.75,11438.32,1.0919897849590683
L85008,FROME MEDICAL CENTRE,29239.5,28198.53,0.9643985020263685
L85009,WEST SOMERSET HEALTHCARE,10627.25,12703.56,1.195376038015479
L85010,HIGHBRIDGE MEDICAL CENTRE,13523.75,14464.73,1.0695798132914318
L85011,CHEDDAR MEDICAL CENTRE,8295.25,9135.56,1.1013001416473283
L85012,WELLINGTON MEDICAL CENTRE,16194.75,16814.2,1.03825005017058
L85013,QUANTOCK MEDICAL CENTRE,4138.25,4885.77,1.180636742584426
L85014,TAUNTON VALE HEALTHCARE,13457.25,12057.61,0.8959936093927066
L85015,"PRESTON GROVE MEDICAL CENTRE, YEOVIL",15011.5,14250.92,0.9493335109749192
L85016,BURNHAM MEDICAL CENTRE,14736.25,17011.66,1.1544090253626262
L85017,"PENN HILL SURGERY, YEOVIL",10436.25,10357.81,0.9924838902862618
L85018,CANNINGTON HEALTH CENTRE,5240.5,5794.16,1.1056502242152466
L85019,MINEHEAD MEDICAL CENTRE,11844.75,12571.91,1.0613909115853015
L85020,BECKINGTON FAMILY PRACTICE,11419.5,11842.09,1.0370059985113185
L85021,COLLEGE WAY SURGERY,14521.75,14185.34,0.9768340592559437
L85022,DIAMOND HEALTH GROUP,13859.0,13098.86,0.9451518868605239
L85023,ST JAMES MEDICAL CENTRE,17942.75,16091.71,0.8968363266500397
L85024,POLDEN MEDICAL PRACTICE,10834.0,12282.78,1.133725309211741
L85025,CRANLEIGH GARDENS MEDICAL CENTRE,13827.75,12908.29,0.9335061741787348
L85026,"HAMDON MEDICAL CENTRE, STOKE-SUB-HAMDON",6075.75,6268.48,1.0317211866847713
L85027,WINCANTON HEALTH CENTRE,8834.75,9409.92,1.0651031438354226
L85028,"SPRINGMEAD SURGERY, CHARD",0.0,0.0,
L85029,VINE SURGERY PARTNERSHIP,13171.75,13745.99,1.0435963330612865
L85030,ARIEL HEALTHCARE,19573.25,19756.89,1.0093821925331767
L85031,MILBORNE PORT SURGERY,7453.75,8341.38,1.119085024316619
L85032,BRUTON SURGERY,5222.75,5118.33,0.9800067014503853
L85033,LANGPORT SURGERY,13944.5,15668.41,1.1236265194162574
L85034,WELLS CITY PRACTICE,8473.5,9092.01,1.0729934501681715
L85035,EAST QUAY MEDICAL CENTRE,17623.75,17057.36,0.9678621178807008
L85036,QUANTOCK VALE SURGERY,5990.25,6240.5,1.0417762196903302
L85037,NORTH CURRY,4159.25,4714.04,1.1333870289114625
L85038,LISTER HOUSE PARTNERSHIP,6843.75,7911.47,1.1560138812785388
L85039,GLASTONBURY SURGERY,14000.0,14664.8,1.0474857142857141
L85040,"MILLBROOK SURGERY, CASTLE CARY",6964.75,7913.48,1.1362188161814852
L85042,TAUNTON ROAD MEDICAL CENTRE,15800.25,15080.88,0.9544709735605449
L85043,PARK MEDICAL PRACTICE,11246.0,12318.18,1.095338787124311
L85044,QUEEN CAMEL MEDICAL CENTRE,6132.75,7557.52,1.2323215523215525
L85046,MENDIP COUNTRY PRACTICE,5906.25,6251.12,1.058390687830688
L85047,GLASTONBURY HEALTH CENTRE,5982.0,6274.4,1.0488799732530925
L85048,"RYALLS PARK MEDICAL CENTRE, YEOVIL",6073.25,5614.48,0.9244605441896842
L85050,LUSON SURGERY,6782.0,7082.44,1.0442996166322618
L85051,REDGATE MEDICAL CENTRE,7304.0,6751.65,0.9243770536692223
L85052,WARWICK HOUSE MEDICAL PRACTICE,7949.25,7943.88,0.9993244645721294
L85053,GROVE HOUSE SURGERY,6451.25,6863.6,1.0639178453788025
L85054,SUMMERVALE SURGERY,8220.5,9119.31,1.1093376315309287
L85055,AXBRIDGE SURGERY,9030.25,9721.75,1.076575953046704
L85056,NORTH PETHERTON SURGERY,7264.75,6903.32,0.9502488041570597
L85061,THE MEADOWS SURGERY,4308.25,4389.9,1.018952010677189
L85062,LYNGFORD PARK,6380.75,5914.33,0.9269020099518082
L85064,OAKLANDS SURGERY,11179.25,8838.54,0.7906201221012144
L85065,DUNSTER & PORLOCK SURGERIES,7744.25,9821.18,1.2681899473803144
L85066,BUTTERCROSS HEALTH CENTRE,7873.0,8567.04,1.0881544519242983
L85601,BRENT AREA MEDICAL CENTRE,3426.75,3978.84,1.1611118406653536
L85607,SOMERSET BRIDGE MEDICAL CENTRE,5488.25,4529.18,0.8252503074750605
L85609,CREECH,5204.5,5044.23,0.9692054952444998
L85611,OAKHILL SURGERY,3169.0,3330.26,1.0508867150520669
L85624,CHURCH VIEW MEDICAL CENTRE,4345.5,5151.33,1.1854401104590957
M81001,ST STEPHEN'S MEDICAL PARTNERSHIP,17649.0,17417.06,0.9868581789336507
M81002,ELGAR HOUSE,14490.25,13980.71,0.964835665361191
M81004,RIVERSIDE SURGERY,15627.5,15407.35,0.985912653975364
M81005,NORTHUMBERLAND HOUSE SURGERY,13792.25,13554.1,0.9827330566078777
M81006,SEVERN VALLEY MEDICAL PRACTICE,21811.75,19558.01,0.8966731234311781
M81007,BREDON HILL SURGERY,5637.25,6042.91,1.0719606190961906
M81008,SPRING GARDENS GROUP MEDICAL PRACTICE,19885.0,19054.25,0.9582222780990697
M81009,GOLDEN VALLEY PRACTICE,5899.75,7310.69,1.2391525064621383
M81010,KIDDERMINSTER MEDICAL CENTRE,14504.0,13698.04,0.9444318808604524
M81011,OMBERSLEY MEDICAL CENTRE,6812.5,7478.78,1.0978025688073394
M81012,LEDBURY HEALTH PARTNERSHIP,13505.0,15193.91,1.1250581266197703
M81015,STANMORE HOUSE SURGERY,9723.25,9560.75,0.9832874810377189
M81016,RYELAND SURGERY,19360.25,21911.68,1.1317870378739945
M81017,ELBURY MOOR MEDICAL CENTRE,12378.75,11392.14,0.920298091487428
M81018,WEOBLEY & STAUNTON ON WYE SURGERIES,6494.75,8320.17,1.281060856845914
M81019,WINYATES HEALTH CENTRE,17645.5,16763.6,0.9500212518772491
M81020,THE DOW SURGERY,12138.0,11684.56,0.9626429395287527
M81021,NEW ROAD SURGERY BROMSGROVE,12937.0,12372.37,0.9563554147020176
M81022,HARESFIELD HOUSE SURGERY,18208.25,17208.91,0.9451160874878146
M81024,MUCH BIRCH SURGERY,5175.25,6129.69,1.1844239408724215
M81025,NEW ROAD SURGERY,5171.0,5291.53,1.0233088377489847
M81026,HEREFORD MEDICAL GROUP,47674.0,46807.62,0.9818269916516341
M81027,HAGLEY SURGERY,9575.0,8925.81,0.9321994778067885
M81029,NEW BARN CLOSE SURGERY,8025.0,9982.39,1.2439115264797507
M81032,CANTILUPE SURGERY,12651.0,13001.67,1.0277187574104814
M81033,GREAT WITLEY SURGERY,7426.5,8205.88,1.1049458021948426
M81034,SALTERS MEDICAL PRACTICE,8789.75,8658.22,0.9850359794078329
M81035,ST MARTIN'S GATE SURGERY,14134.25,13126.4,0.9286944832587509
M81037,THORNELOE LODGE SURGERY,11956.5,11766.04,0.9840705892192532
M81038,UPTON SURGERY,12260.0,14669.64,1.1965448613376835
M81039,WHITEACRES MEDICAL CENTRE,11910.5,12957.04,1.087867008102095
M81040,STOURPORT MEDICAL CENTRE,21756.25,23931.8,1.099996552714737
M81041,HILLVIEW MEDICAL CENTRE,11068.25,11475.99,1.0368387053057169
M81042,TENBURY SURGERY,9716.75,11344.21,1.1674901587464943
M81043,THE MORTIMER MEDICAL PRAC,8861.25,11028.69,1.2445975454930174
M81044,ALTON STREET SURGERY,11646.0,11571.71,0.9936209857461789
M81045,KNIGHTWICK SURGERY,5010.5,5758.98,1.1493822971759304
M81046,ABBOTTSWOOD MEDICAL CENTRE,12008.5,13436.57,1.118921597201982
M81047,SPA MEDICAL PRACTICE,10807.5,10090.15,0.9336247975942632
M81048,NUNWELL SURGERY,9603.0,11892.56,1.2384213266687494
M81049,BARBOURNE HEALTH CENTRE,11565.75,11086.17,0.9585344659879386
M81054,KINGTON MEDICAL PRACTICE,7365.25,9022.86,1.2250582125521876
M81055,CORNHILL SURGERY,5686.75,5751.15,1.011324570273003
M81056,THE CHURCH STREET PRACTICE,12746.0,12572.77,0.9864090695120038
M81057,BEWDLEY MEDICAL CENTRE,15237.5,17498.95,1.1484134536505333
M81058,MERSTOW GREEN MEDICAL PRACTICE,10208.25,10692.5,1.0474371219356893
M81061,PENDEEN SURGERY,8860.0,9210.64,1.0395756207674942
M81062,FRANKLEY HEALTH CENTRE,0.0,0.0,
M81063,ST JOHNS HOUSE SURGERY,13666.5,13307.98,0.973766509347675
M81064,HOLLYWOOD MEDICAL CENTRE,8194.25,8080.94,0.9861720108612746
M81066,WARGRAVE HOUSE SURGERY,8396.25,8983.81,1.0699788596099449
M81067,THE SURGERY KINGSTONE,5512.0,6137.03,1.113394412191582
M81068,AYLMER LODGE COOKLEY PARTNERSHIP,15508.75,16297.17,1.050837108084146
M81069,DAVENAL HOUSE SURGERY PARTNERSHIP,9730.25,10283.96,1.056906040440893
M81070,CHURCHFIELDS SURGERY,11759.5,11482.93,0.9764811429057358
M81072,ALBANY HOUSE SURGERY,6961.0,6861.5,0.9857060767131159
M81074,PERSHORE MEDICAL PRACTICE,10802.25,12006.05,1.1114397463491401
M81075,MALVERN HEALTH CENTRE,13012.25,13730.62,1.0552072085919038
M81076,COLWALL SURGERY,3110.25,3442.09,1.1066923880716986
M81077,THE RIDGEWAY SURGERY,4782.5,5163.49,1.0796633559853632
M81078,BARNT GREEN SURGERY,6697.0,6417.87,0.9583201433477676
M81081,ST SAVIOURS SURGERY,5460.0,5920.31,1.0843058608058609
M81082,ST. JOHNS SURGERY,15688.5,14693.25,0.93656181279281
M81083,HOLLYOAKS MEDICAL CENTRE,4855.0,5236.01,1.078477857878476
M81084,CATSHILL VILLAGE SURGERY,5667.5,5218.85,0.9208381120423468
M81090,CHADDESLEY SURGERY,3499.25,4027.98,1.1510980924483818
M81091,CORBETT MEDICAL PRACTICE,14204.75,13438.13,0.9460307291575001
M81092,THE BRIDGE SURGERY,5654.75,5526.66,0.9773482470489411
M81093,BELMONT MEDICAL CENTRE,10236.5,10004.45,0.9773311190348264
M81094,ABBEY MEDICAL PRACTICE,9741.25,9510.96,0.9763592968048248
M81600,CRADLEY SURGERY,3958.0,4340.28,1.0965841334007074
M81604,FOWNHOPE MEDICAL CENTRE,6778.0,7351.73,1.0846459132487458
M81605,THE GLEBELAND SURGERY,5487.0,5411.46,0.9862329141607435
M81608,WOLVERLEY SURGERY,3852.25,4236.72,1.0998040106431306
M81616,CRABBS CROSS MEDICAL CENTRE,3312.75,3186.38,0.9618534450230172
M81617,CRABBS CROSS SURGERY,5526.75,4973.15,0.8998326321979463
M81627,DEMONTFORT MEDICAL CENTRE,8510.25,7707.82,0.9057101730266444
M81629,NEW COURT SURGERY,10251.0,10228.39,0.9977943615257048
M82002,MYTTON OAK MEDICAL PRACT.,10049.25,9878.18,0.9829768390675921
M82003,STIRCHLEY MEDICAL PRACTICE,24773.75,24885.25,1.0045007316211716
M82004,BRIDGNORTH MEDICAL PRACTICE,19382.75,20736.37,1.069836323535102
M82005,PLAS FFYNNON MEDICAL CTRE,9565.75,10182.8,1.0645061809058358
M82006,RIVERSIDE MED PRACTICE,11933.5,11987.08,1.004489881426237
M82007,CHARLTON MEDICAL PRACTICE,15293.75,15735.82,1.0289052717613405
M82008,CHURCH STRETTON MEDICAL CENTRE,7137.25,8818.36,1.235540299134821
M82009,DAWLEY MEDICAL PRACTICE,10846.5,11381.06,1.0492841008620293
M82010,MARKET DRAYTON MEDICAL PRACTICE,17742.75,19091.46,1.0760147102337574
M82011,SHAWBURY MEDICAL PRACTICE,4487.25,5358.05,1.1940609504707784
M82012,DONNINGTON MEDICAL PRACTICE,14512.5,13917.83,0.9590236003445306
M82013,WESTBURY MEDICAL CENTRE,2723.75,3241.07,1.189929325378614
M82014,STATION DRIVE SURGERY,9449.25,10751.63,1.1378289282218164
M82016,RADBROOK GREEN SURGERY,10890.5,10912.02,1.0019760341582113
M82017,CLIVE MEDICAL PRACTICE,4677.25,5342.28,1.1421839756267036
M82018,BEECHES MEDICAL PRACTICE,7045.25,7477.74,1.061387459635925
M82019,MUCH WENLOCK & CRESSAGE MEDICAL PRACTICE,8512.5,9954.02,1.1693415565345082
M82020,KNOCKIN MEDICAL CENTRE,4127.0,5005.17,1.212786527744124
M82021,ALBRIGHTON MEDICAL PRACT,8471.75,9938.04,1.1730799421607108
M82022,THE CAXTON SURGERY,14198.5,14297.74,1.006989470718738
M82023,PRESCOTT SURGERY,7691.5,8095.21,1.052487811220178
M82024,BROWN CLEE MEDICAL CENTRE,3916.25,4537.69,1.1586824130226618
M82025,CHURCHMERE MEDICAL GROUP,20816.5,25109.8,1.2062450459971656
M82026,CAMBRIAN MEDICAL PRACTICE,13403.0,13746.45,1.0256248601059466
M82028,WELLINGTON ROAD SURGERY,15164.0,15591.56,1.0281957267211816
M82030,PONTESBURY & WORTHEN MEDICAL PRACTICE,10498.25,11903.3,1.1338365918129212
M82031,HIGHLEY MEDICAL CENTRE,0.0,0.0,
M82032,SEVERN FIELDS MEDICAL PRACTICE,16979.5,16157.65,0.9515975146500191
M82033,BISHOPS CASTLE MEDICAL PRACTICE,5585.75,7143.21,1.2788273732265139
M82034,CLAREMONT BANK SURGERY,7887.75,8255.46,1.0466178568032707
M82035,WEM AND PREES MEDICAL PRACTICE,12240.25,13527.45,1.1051612507914463
M82038,SHIFNAL & PRIORSLEE MEDICAL PRACTICE,13313.5,13058.31,0.9808322379539565
M82039,WELLINGTON MEDICAL PRACTICE,15290.0,15247.07,0.9971922825376063
M82040,MARYSVILLE MEDICAL PRACT,6225.25,5831.46,0.9367431026866391
M82041,CLEOBURY MORTIMER SURGERY,7091.0,8125.05,1.1458256945423777
M82042,WOODSIDE MEDICAL PRACTICE,6570.25,6705.25,1.0205471633499485
M82043,LUDLOW - PORTCULLIS,7559.0,8326.51,1.1015359174493982
M82046,CRAVEN ARMS SURGERY,4025.5,5034.52,1.2506570612346293
M82047,MARDEN MEDICAL PRACTICE,10991.0,11335.75,1.0313665726503503
M82048,BELVIDERE MEDICAL PRACT.,6735.0,6607.78,0.9811106161841128
M82051,BROSELEY MEDICAL PRACTICE,4691.75,5579.58,1.1892321628390259
M82056,LINDEN HALL SURGERY,15430.25,15165.19,0.982822054082079
M82057,HOLLINSWOOD SURGERY,7513.75,6798.8,0.9048477790717019
M82058,HODNET MEDICAL PRACTICE,3900.75,4796.91,1.2297404345318208
M82059,SHAWBIRCH MEDICAL CENTRE,15999.0,15288.29,0.9555778486155385
M82060,SOUTH HERMITAGE SURGERY,8807.75,8852.64,1.0050966478385512
M82601,ALVELEY MEDICAL PRACTICE,2330.25,2841.01,1.219186782534063
M82606,IRONBRIDGE MEDICAL PRACTICE,5562.75,5688.48,1.0226021302413373
M82616,COURT STREET MEDICAL PRACTICE,7866.75,8671.91,1.1023497632440333
M82620,THE MEADOWS MEDICAL PRACTICE,2937.25,3980.29,1.355107668737765
M83001,HORSEFAIR PRACTICE,12091.5,13172.72,1.0894198403837405
M83004,MAYFIELD SURGERY,9214.25,11331.73,1.2298049217245028
M83005,HEATHCOTE STREET SURGERY,5235.25,5897.61,1.1265192684208012
M83006,THE WESTGATE PRACTICE,30949.75,31001.04,1.0016572024006656
M83007,THE VILLAGE SURGERY,7700.75,7730.64,1.003881440119469
M83009,BREWOOD MEDICAL PRACTICE,10967.5,12303.42,1.1218071575108275
M83010,GORDON STREET SURGERY,10384.5,9607.27,0.9251547980162743
M83011,WERRINGTON VILLAGE SURGERY,7989.25,8473.51,1.0606139499953062
M83012,LEEK HEALTH CENTRE,8248.5,9368.01,1.1357228587015822
M83013,YOXALL,4631.0,5799.51,1.2523234722522134
M83014,TRENT VALE MEDICAL PRACTICE,10101.25,10118.41,1.0016987996535083
M83015,MADELEY PRACTICE,7739.5,8371.2,1.0816202597066995
M83016,HIGH STREET SURGERY,7304.75,7605.6,1.04118552996338
M83017,ASHLEY SURGERY,4886.75,5381.49,1.101241111167954
M83018,GRAVEL HILL SURGERY,8705.5,8608.62,0.9888714031359487
M83020,CUMBERLAND HOUSE,9685.5,10337.75,1.067342935315678
M83021,FURLONG MEDICAL CENTRE,10199.5,10949.59,1.0735418402862886
M83022,HAZELDENE HOUSE SURGERY,7972.5,9481.92,1.1893283160865475
M83023,KIDSGROVE MEDICAL CENTRE,9252.5,10201.76,1.1025949743312617
M83024,CASTLEFIELDS,9515.5,9507.61,0.9991708265461616
M83025,MILLER STREET SURGERY,6047.25,6702.32,1.1083252718177683
M83026,CARLTON STREET SURGERY,17950.75,17003.65,0.9472389733019513
M83027,TRENT MEADOWS,10541.5,10092.7,0.9574254138405351
M83028,GLEBEDALE MEDICAL PRACTICE,11436.5,12065.36,1.0549871026975037
M83030,THE LANGTON MEDICAL GROUP,13438.5,13756.66,1.0236752613758977
M83031,RUSSELL HOUSE SURGERY,6345.25,6687.78,1.0539821126039162
M83032,THE ALDERGATE MED.PRACT.,14079.5,14041.11,0.9972733406726092
M83033,HEDNESFORD MEDICAL PRACTICE,6978.25,7255.2,1.0396876007595026
M83034,SILVERDALE MEDICAL CENTRE,11962.75,13560.18,1.1335336774571065
M83035,ALREWAS,7372.25,7776.35,1.054813659330598
M83036,RISING BROOK,9050.5,8907.06,0.9841511518700624
M83037,TUTBURY HEALTH CENTRE,8528.5,8472.7,0.9934572316351059
M83038,ORCHARD SURGERY,10332.5,11512.23,1.1141766271473506
M83042,BRIDGE SURGERY,10042.0,11159.32,1.1112646883091017
M83044,STAFFORD HEALTH AND WELLBEING,13232.25,12565.68,0.9496253471631809
M83045,PENKRIDGE MEDICAL PRACTICE,10563.25,11231.08,1.0632220197382434
M83046,BIDDULPH VALLEY SURGERY,9732.25,10764.38,1.1060525572195534
M83047,MEIR PARK & WESTON COYNEY MEDICAL PRACT,6755.0,7271.38,1.0764441154700222
M83048,THE NILE PRACTICE,9831.5,10085.09,1.0257936225397957
M83049,HOLMCROFT,9896.5,9991.24,1.0095730813924115
M83050,WOLVERHAMPTON ROAD SURGERY,10235.0,9904.65,0.9677234978016609
M83051,WETMORE ROAD SURGERY,12518.25,13343.41,1.0659165618197433
M83052,WEEPING CROSS HEALTH CENTRE,21978.5,20002.56,0.9100966853970927
M83054,AUDLEY HEALTH CENTRE,10309.25,10833.57,1.0508591798627447
M83056,WOLSTANTON MEDICAL CENTRE,11088.0,11675.06,1.0529455266955265
M83057,MILL BANK,10575.75,10197.59,0.9642427251022386
M83059,ABBOTS BROMLEY SURGERY,3794.75,4239.55,1.1172145727650042
M83061,MILLRISE MEDICAL PRACTICE,8094.75,9385.4,1.1594428487599988
M83062,LAUREL HOUSE SURGERY,12727.0,13265.67,1.042324978392394
M83063,NORTON CANES HEALTH CENTRE,3843.25,3950.64,1.0279424965849215
M83065,BARTON,7356.25,7949.68,1.0806701784197112
M83066,HARTSHILL MEDICAL CENTRE,8001.25,7795.2,0.974247773785346
M83067,LYME VALLEY MEDICAL CENTRE,8157.0,8234.36,1.0094838788770382
M83068,BELGRAVE MEDICAL CENTRE,14963.25,15283.47,1.0214004310560874
M83069,MANSION HOUSE,15748.75,16589.65,1.0533947138661799
M83070,GNOSALL,8307.5,9037.13,1.0878278663857959
M83071,PARK MEDICAL CENTRE,11712.25,13150.82,1.1228261008772866
M83072,SALTERS MEADOW HEALTH CTR,11812.0,12690.5,1.0743735184558076
M83073,STAPENHILL MEDICAL CENTRE,9348.75,10146.72,1.0853557962294424
M83074,BALANCE STREET,14297.0,14306.66,1.0006756662236833
M83075,NORFOLK STREET SURGERY,20335.75,18786.01,0.9237923361567681
M83076,HARLEY STREET MEDICAL CTR,8874.25,8492.63,0.9569969293179704
M83079,DR J GREIG & PARTNERS,9422.25,10610.71,1.1261333545596857
M83084,KIDSGROVE MEDICAL CENTRE,6550.0,7343.93,1.1212106870229008
M83088,HOLLIES PRACTICE,15389.75,15896.88,1.0329524521191051
M83089,BIDDULPH DOCTORS,10803.0,11798.09,1.0921123761917986
M83090,DUNROBIN STREET MEDICAL CENTRE,5298.5,6108.55,1.152882891384354
M83092,CROWN SURGERY,8600.25,10107.41,1.1752460684282433
M83093,DALE MEDICAL PRACTICE,6433.75,6372.08,0.9904146104526909
M83094,BROOK MEDICAL CENTRE,14542.25,15588.23,1.071926971410889
M83096,THE TARDIS SURGERY,5426.25,6074.56,1.1194766182907165
M83097,BILBROOK MEDICAL CENTRE,9050.5,8835.02,0.9761913706425059
M83100,DR RAJU AND PARTNERS,4174.75,4716.06,1.1296628540631177
M83102,POTTERIES MEDICAL CENTRE,7197.25,7842.12,1.0895994998089549
M83103,ALLEN STREET CLINIC,4707.75,5328.23,1.1317996919972384
M83107,ALDERWOOD MEDICAL PRACTICE,6713.25,6956.9,1.0362938963989126
M83108,WELL STREET MEDICAL CENTRE,7621.25,8417.21,1.1044395604395603
M83109,DR MANICKAM & PARTNER,3857.75,4173.99,1.0819752446374182
M83110,HEATHVIEW MEDICAL PRACTICE,15907.0,14870.19,0.9348205192682467
M83111,RIVERSIDE SURGERY,2409.5,2490.63,1.0336708860759494
M83113,DR KHARE'S SURGERY,2476.25,2224.39,0.8982897526501766
M83117,CROWN MEDICAL PRACTICE,8537.25,8084.61,0.9469805850830185
M83121,TEAN SURGERY,5945.5,6903.33,1.161101673534606
M83122,WATERHOUSES MEDICAL CTRE,3061.75,3451.67,1.1273520045725485
M83123,BIRCHES HEAD MEDICAL CTR.,9827.25,9778.24,0.9950128469307283
M83125,CLAVERLEY,3446.5,3714.12,1.0776497896416655
M83126,LONGTON HALL SURGERY,8530.25,9620.61,1.1278227484540313
M83127,COBRIDGE SURGERY,6990.5,6976.12,0.9979429225377298
M83129,HEATH HAYES HEALTH CENTRE,10924.25,10595.14,0.9698734466897041
M83130,RED LION SURGERY,3999.0,4324.71,1.0814478619654915
M83132,LAKESIDE,5687.0,4997.28,0.8787198874626341
M83138,HANFORD HEALTH CENTRE,6895.25,6797.26,0.9857887676298902
M83139,MOSS STREET SURGERY,5034.75,5369.23,1.0664342817418937
M83140,HIGHERLAND SURGERY,4787.25,4925.51,1.0288808815081727
M83141,KINGSBRIDGE MEDICAL CENTRE,9026.0,8755.02,0.9699778417903834
M83143,GOLDENHILL MEDICAL CENTRE,5372.75,5589.62,1.040364803871388
M83146,THE MOORCROFT MEDICAL CTR,13731.0,14576.35,1.061565071735489
M83148,THE PEEL MEDICAL PRACTICE,14450.25,13794.84,0.9546436912856179
M83601,BRINSLEY AVENUE PRACTICE,5994.75,7137.88,1.1906885191208976
M83608,QUINTON PRACTICE,5348.75,5509.52,1.030057490067773
M83616,DR I RASIB & PARTNERS,5079.5,5025.45,0.989359188896545
M83617,DARWIN MEDICAL CENTRE,23465.0,24970.6,1.0641636479863625
M83619,HONEYWALL MEDICAL PRACTICE,3553.5,3583.94,1.0085662023357254
M83624,CAMBRIDGE HOUSE,3580.75,4267.96,1.1919178942958877
M83625,PRIMA CARE SURGERIES,11320.0,11315.04,0.9995618374558305
M83627,APSLEY SURGERY,8458.25,8532.08,1.0087287559483344
M83632,TRINITY MEDICAL CENTRE,5211.5,5566.9,1.068195337234961
M83637,CHADSMOOR MEDICAL PRACTICE,4885.0,4867.55,0.9964278403275333
M83638,THE COLLIERY PRACTICE,14330.5,14648.1,1.022162520498238
M83640,ALTON SURGERY,2699.0,3133.93,1.1611448684698036
M83641,MILL VIEW SURGERY,2052.75,2373.06,1.1560394592619656
M83650,TUNSTALL PRIMARY CARE CENTRE,13673.5,13658.15,0.9988773905730062
M83661,ADDERLEY GREEN SURGERY,6815.0,6870.26,1.0081085840058694
M83668,TAMAR MEDICAL CENTRE,5186.25,4717.36,0.9095897806700409
M83670,KEELE PRACTICE,7488.0,5820.21,0.7772716346153846
M83680,NORTHGATE SURGERY,6992.25,6877.84,0.9836375987700668
M83681,ALL SAINTS SURGERY,10436.0,9354.19,0.8963386354925259
M83682,LUCIE WEDGEWOOD SURGERY LTD,5988.5,6337.39,1.0582599983301328
M83691,BETLEY SURGERY,1841.5,2217.52,1.2041922345913658
M83693,TRI-LINKS MEDICAL PRACTICE,7128.25,6162.28,0.8644870760705643
M83697,MILEHOUSE MEDICAL PRACTICE,3364.0,3650.95,1.0853002378121284
M83698,SOUTHFIELD WAY SURGERY,3232.25,3351.82,1.0369928068682808
M83701,TALKE PITS CLINIC,4570.25,5018.91,1.098169684371752
M83703,BRERETON SURGERY,5567.5,6032.6,1.0835383924562192
M83709,BADDELEY GREEN SURGERY,5869.75,6265.9,1.0674900975339665
M83711,TRENTHAM MEWS MEDICAL CENTRE,4084.25,4279.15,1.0477198996143722
M83713,MEIR MEDICAL PRACTICE,5131.0,5459.42,1.064007016176184
M83715,FEATHERSTONE,4966.5,4859.15,0.9783851807107621
M83717,NORTON CANES SURGERY,3689.0,3730.84,1.011341827053402
M83718,PEEL CROFT,4069.75,4145.61,1.0186399655998526
M83719,RAWNSLEY SURGERY,4356.0,4131.7,0.9485078053259871
M83723,LOOMER MEDICAL PARTNERSHIP,23729.0,25807.43,1.0875902903620043
M83725,BLURTON MEDICAL PRACTICE,3995.75,4053.61,1.0144803854094977
M83727,NORTON CANES PRACTICE,4138.25,4641.74,1.1216673714734489
M83738,AELFGAR SURGERY,6880.25,7826.46,1.1375255259619927
M84001,RED ROOFS SURGERY,13672.25,15085.76,1.103385324288248
M84002,POOL MEDICAL CENTRE,8175.25,8250.25,1.0091740313751874
M84003,ARBURY MEDICAL CENTRE,9814.75,10399.17,1.0595450724674598
M84004,WHITEHALL MEDICAL PRACTICE,19129.5,18717.85,0.9784808803157427
M84005,CHAPEL END SURGERY,4961.5,5119.17,1.0317786959588835
M84006,PEAR TREE SURGERY,10473.25,10931.58,1.043761965006087
M84007,DORDON & POLESWORTH GROUP PRACTICE,13344.75,14078.45,1.0549804230127953
M84008,SPRING HILL MEDICAL CENTRE,8520.75,8450.81,0.9917918023648152
M84009,FENNY COMPTON SURGERY,5345.25,5848.86,1.0942163603199102
M84010,AVONSIDE HEALTH CENTRE,10487.5,9570.17,0.9125311084624553
M84011,BEDWORTH HEALTH CENTRE,21529.25,23658.24,1.0988882566740599
M84012,PARK LEYS MEDICAL PRACTICE,16449.25,17192.96,1.0452123957019317
M84013,CASTLE MEDICAL CENTRE,12514.5,12435.6,0.9936953134364138
M84014,BRIDGE HOUSE MEDICAL CENTRE,9374.5,10126.09,1.08017387594005
M84015,CROFT MEDICAL CENTRE,14767.0,13439.43,0.9100988691000204
M84016,WOLSTON SURGERY,4484.75,4976.1,1.109560176152517
M84017,CLARENDON LODGE MEDICAL CENTRE,14488.0,13749.07,0.9489971010491441
M84018,BIDFORD HEALTH CENTRE,14096.75,16290.54,1.1556238139996808
M84019,THE ATHERSTONE SURGERY,16781.5,18264.84,1.0883913833685903
M84020,CLIFTON ROAD SURGERY,14884.75,14408.27,0.9679887132803708
M84021,ROTHER HOUSE MEDICAL CENTRE,17027.5,17549.84,1.0306762589928058
M84022,MANOR COURT SURGERY,8425.25,8993.24,1.0674152102311505
M84023,CENTRAL SURGERY,20242.5,18390.61,0.9085147585525504
M84024,HENLEY-IN-ARDEN MED CTR,6598.75,8171.95,1.238408789543474
M84025,SHIPSTON MEDICAL CENTRE,12032.25,13304.58,1.1057433148413638
M84026,SOUTHAM SURGERY,7265.75,7583.03,1.0436678938856965
M84028,PRIORY ROAD,18959.25,18619.8,0.9820958107520076
M84029,VALLEY ROAD MEDICAL PRACTICE,7704.25,7697.33,0.9991017944640945
M84030,HASTINGS HOUSE SURGERY,13225.75,14399.48,1.0887458178175151
M84031,REVEL SURGERY,7951.75,8570.7,1.0778382117144025
M84032,WATERSIDE MEDICAL CENTRE,14461.0,12556.71,0.8683154691930018
M84034,WHITESTONE SURGERY,2368.25,2235.26,0.9438446109996834
M84035,WESTSIDE MEDICAL CENTRE,12023.5,11331.18,0.9424194286189546
M84036,ABBEY MEDICAL CENTRE,15588.5,14629.43,0.9384757994675562
M84037,THE GRANGE MEDICAL CENTRE,12222.5,11961.44,0.9786410308856617
M84040,SHERBOURNE MEDICAL CENTRE,10798.25,9937.19,0.9202593012756697
M84041,RIVERSLEY ROAD SURGERY,6789.5,7250.47,1.067894543044407
M84042,HAZELWOOD GROUP PRACTICE,10392.25,10994.26,1.057928744978229
M84043,TRINITY COURT SURGERY,21260.75,21294.29,1.0015775548839998
M84044,HARBURY SURGERY,5861.0,6033.99,1.0295154410510152
M84046,DUNCHURCH SURGERY,8155.5,8642.8,1.0597510882226717
M84047,TANWORTH-IN-ARDEN MED CTR,5251.5,5472.64,1.0421098733695136
M84049,ALCESTER HEALTH CENTRE,5816.25,7022.05,1.2073157102944336
M84050,MARKET QUARTER MEDICAL PRACTICE,8081.75,7410.97,0.9170006496117796
M84051,OLD MILL SURGERY,13566.25,13637.0,1.0052151478853772
M84055,STOCKINGFORD MEDICAL CENTRE,2237.75,2556.74,1.142549435817227
M84059,SPA MEDICAL CENTRE,3842.75,3569.78,0.9289649339665604
M84060,THE ARROW SURGERY,6823.0,7832.65,1.1479774292833065
M84061,BULKINGTON SURGERY,5877.25,7008.84,1.1925373261304182
M84062,VALE OF RED HORSE,7156.0,7179.78,1.0033230855226383
M84063,CHASE MEADOW HEALTH CENTRE,7112.75,6785.74,0.9540248145935116
M84064,WHITNASH MEDICAL CENTRE,7046.5,6347.05,0.9007379550131271
M84065,BEECH TREE MEDICAL PRACTICE,7968.75,7275.86,0.9130490980392156
M84066,MEON MEDICAL CENTRE,6631.75,7149.64,1.0780925095186038
M84067,BENNFIELD SURGERY,7840.0,7847.67,1.0009783163265307
M84069,BUDBROOKE MEDICAL CENTRE,6375.5,6269.27,0.9833377774292213
M84070,WARWICK GATES FAM.HTH.CTR,12144.5,9904.82,0.815580715550249
M84609,WOODLANDS SURGERY,4749.0,4865.61,1.0245546430827541
M84612,STATION STREET SURGERY,7319.0,7299.76,0.9973712255772647
M84615,HARTSHILL HEALTH CENTRE,8109.5,8154.77,1.0055823416980085
M84616,BROOKSIDE SURGERY,4423.5,4617.85,1.0439357974454617
M84618,RUGBY ROAD SURGERY,3866.0,4350.55,1.125336264873254
M84620,LAPWORTH SURGERY,3010.0,3086.32,1.0253554817275747
M84621,QUEENS ROAD SURGERY,2762.5,2803.72,1.0149212669683256
M84627,THE OLD COLE HOUSE PRACTICE,3813.5,4370.46,1.1460495607709453
M84629,ST WULFSTAN SURGERY,11168.0,10828.02,0.969557664756447
M85001,SHAH ZAMAN SURGERY,4810.25,4999.87,1.0394199885660829
M85002,HANDSWORTH WOOD MED.CTR.,13351.75,12185.86,0.9126788623214186
M85005,THE PARK MEDICAL CENTRE,7790.5,7257.86,0.9316295488094474
M85006,GREEN RIDGE SURGERY,10465.75,10286.78,0.9828994577550583
M85007,WEST HEATH SURGERY,14560.75,15773.87,1.0833143897120685
M85008,THE POOLWAY MEDICAL CENTRE,0.0,0.0,
M85009,HAMSTEAD ROAD SURGERY,6586.25,7042.97,1.0693444676409187
M85011,THE SWAN MEDICAL CENTRE,7318.5,7764.57,1.0609510145521623
M85013,CHURCH LANE - KHAN,3723.0,3921.3,1.053263497179694
M85014,KINGSBURY ROAD MEDICAL CENTRE,4001.75,4058.07,1.0140738426938214
M85016,HILLCREST SURGERY,5385.75,5506.09,1.0223441489114793
M85018,YARDLEY WOOD HEALTH CENTRE,10462.75,10894.44,1.0412597070559844
M85019,TOWER HILL PARTNERSHIP,18157.5,16778.38,0.9240468126118684
M85020,RAYDOCS NEWTOWN,20748.0,20861.93,1.0054911316753423
M85021,MOSELEY MEDICAL CENTRE,4395.25,4294.98,0.9771867356805641
M85023,MILLENNIUM MEDICAL CENTRE,9460.0,9145.33,0.9667367864693446
M85024,THE LIMES MEDICAL CENTRE,7123.25,7296.5,1.024321763240094
M85025,BATH ROW MEDICAL PRACTICE,16073.25,16546.07,1.029416577232358
M85026,ASHFIELD SURGERY,15021.0,15181.54,1.010687703881233
M85027,LEACH HEATH MEDICAL CENTRE,8146.25,8591.27,1.05462881694031
M85028,LORDSWOOD HOUSE GROUP MEDICAL PRACTICE,24976.0,24871.94,0.9958336002562459
M85029,COLLEGE GREEN MEDICAL PRACTICE,18424.75,20160.88,1.0942281442081983
M85030,ST HELIERS MEDICAL PRACTICE,17860.25,18082.86,1.0124639912655198
M85031,THE HARLEQUIN SURGERY,10811.5,11647.78,1.0773509688757343
M85033,THE MANOR PRACTICE,17535.25,16348.65,0.9323305912376498
M85034,OMNIA PRACTICE,16806.5,15534.7,0.9243268973313897
M85035,WOODGATE VALLEY HEALTH CENTRE,5514.0,5416.02,0.9822306855277476
M85037,KINGSFIELD MEDICAL CENTRE,9340.5,10390.75,1.1124404475135163
M85041,BOURNBROOK VARSITY MEDICAL CENTRE,14524.25,10296.93,0.7089474499543866
M85042,SELLY PARK SURGERY,5107.5,4785.43,0.9369417523250123
M85043,HAWKESLEY MEDICAL PRACTICE,4352.5,4619.96,1.0614497415278576
M85045,SOUTH DOC LTD,0.0,0.0,
M85046,SUTTON COLDFIELD GROUP PRACTICE,53239.25,50895.66,0.9559800335278954
M85047,WOODLAND ROAD SURGERY,6070.0,6296.07,1.0372438220757825
M85048,CHURCH ROAD SURGERY,11238.25,12263.89,1.0912633194669987
M85051,FIRSTCARE PRACTICE,7408.25,7370.94,0.9949637228765228
M85053,THE ST.CLEMENTS SURGERY,6770.5,7046.88,1.0408212096595524
M85055,SELLY OAK HEALTH CENTRE,6609.0,5378.93,0.8138795581782419
M85056,WEOLEY PARK SURGERY,7441.75,7429.18,0.9983108811771425
M85058,HARBORNE MEDICAL PRACTICE,16305.25,14928.12,0.9155407000812622
M85060,THE OAKS MEDICAL CENTRE,15082.5,14544.91,0.9643567047903199
M85061,YARDLEY GREEN MEDICAL CENTRE,11808.0,11994.22,1.0157706639566395
M85062,SHENLEY GREEN SURGERY,5034.0,5201.71,1.0333154549066348
M85063,MIDLANDS MEDICAL PARTNERSHIP,58486.75,62421.29,1.0672723309125571
M85065,POPLARS SURGERY,14375.5,15697.74,1.0919787137838683
M85066,WARD END MEDICAL CENTRE,7442.75,7798.87,1.047847905680024
M85069,LAURIE PIKE HEALTH CENTRE,11591.75,11351.7,0.9792913063169928
M85070,RESERVOIR ROAD SURGERY,13613.75,13837.98,1.016470847488752
M85071,WYCHALL LANE SURGERY,7952.25,8744.37,1.0996095444685468
M85074,WAKE GREEN SURGERY,7994.0,8850.55,1.1071491118338752
M85075,B'HAM HEARTLANDS SURGERY,0.0,0.0,
M85076,GREAT PARK MEDICAL GROUP,10688.0,11362.38,1.0630969311377245
M85077,NORTHWOOD MEDICAL CENTRE,9568.25,10407.9,1.087753768975518
M85078,OAKWOOD SURGERY,10437.75,9666.8,0.9261382960887163
M85079,EDEN COURT MEDICAL PRACTICE,10571.75,11167.81,1.056382339726157
M85081,THE DOVE MEDICAL PRACTICE,9289.5,9893.03,1.0649690510791754
M85082,HANDSWORTH MEDICAL PRACT.,5457.25,5233.85,0.9590636309496542
M85084,THE WAND MEDICAL CENTRE,6352.75,7069.37,1.1128046908819016
M85086,COFTON MEDICAL CENTRE,10650.25,10586.61,0.9940245534142391
M85087,COLLEGE ROAD SURGERY,11264.25,11367.16,1.0091359833100295
M85088,KARIS MEDICAL CENTRE,17716.0,18548.8,1.047008354030255
M85094,YARDLEY MEDICAL CENTRE,2561.25,2352.12,0.9183484626647145
M85097,CRANES PARK ROAD SURGERY,2193.0,2132.08,0.9722207022343821
M85098,ROTTON PARK MEDICAL CENTRE,5337.5,5648.9,1.058341920374707
M85105,VICTORIA ROAD SURGERY,5215.75,5455.45,1.045956957292815
M85107,FIRS SURGERY,3556.25,3368.71,0.9472646748681898
M85108,SMALL HEATH MEDICAL PRACTICE,6137.25,6169.33,1.0052270968267547
M85110,SALTLEY AND FERNBANK MEDICAL PRACTICE,10458.0,10279.81,0.9829613692866704
M85113,BUCKLANDS END LANE SURGERY,6180.5,6264.0,1.0135102337998543
M85115,SUTTON ROAD SURGERY,2042.5,2163.71,1.05934394124847
M85116,FERNLEY MEDICAL CENTRE,8489.75,8095.8,0.9535969845990754
M85117,BARTLEY GREEN MEDICAL PRACTICE,5901.0,6149.51,1.042113201152347
M85118,BALDWINS LANE SURGERY,3134.5,2973.04,0.9484893922475673
M85123,AL-SHAFA MEDICAL CENTRE,8963.5,8677.85,0.9681318681318681
M85124,BELLEVUE MEDICAL CENTRE,12665.0,12302.44,0.9713730754046586
M85128,DR WALJI AND COLLEAGUES,5092.25,5330.48,1.046782856301242
M85134,WEST HEATH PRIMARY C CTR,2217.5,2277.86,1.0272198421646
M85136,DRUIDS HEATH SURGERY,11012.5,11107.98,1.0086701475595914
M85139,ALPHA MEDICAL PRACTICE,5779.0,5595.04,0.9681675030282055
M85141,SCHOOLACRE ROAD SURGERY,3080.25,3506.82,1.1384855125395668
M85142,KEYNELL COVERT,0.0,0.0,
M85143,JIGGINS LANE MEDICAL CENTRE,7394.75,7629.35,1.0317252104533623
M85145,THE SLIEVE SURGERY,9463.0,9689.3,1.0239141921166648
M85146,THE KHATTAK MEMORIAL SURGERY,6320.5,6286.36,0.994598528597421
M85149,ALUM ROCK MEDICAL CENTRE,5805.75,5623.32,0.9685777031391293
M85153,WEATHER OAK MEDICAL CENTRE,3781.0,3768.91,0.9968024332187252
M85154,FINCH ROAD PRIMARY CARE CENTRE,4487.5,4382.32,0.9765615598885793
M85155,KINGSTANDING CIRCLE SURGERY,6694.25,6558.75,0.9797587481794077
M85156,RIVER BROOK MEDICAL CENTRE,10039.5,8861.41,0.8826545146670651
M85158,APOLLO SURGERY,2179.75,2148.98,0.9858837022594334
M85164,NEWPORT MEDICAL GROUP,13485.75,13354.15,0.9902415512670781
M85167,UNIVERSITY MEDICAL PRACTICE,14802.75,11664.96,0.7880265491209403
M85170,GATE MEDICAL CENTRE,5276.0,5400.39,1.023576573161486
M85171,ROWLANDS ROAD SURGERY,2952.0,3018.89,1.022659214092141
M85172,RIDGACRE HOUSE SURGERY,13930.0,13505.19,0.9695039483129936
M85174,THE BROOK SURGERY,4481.25,4599.05,1.026287308228731
M85175,THE HAWTHORNS SURGERY,10576.75,10596.59,1.0018758125132956
M85176,KIRPAL MEDICAL PRACTICE,5509.75,5676.91,1.0303389445982123
M85177,SWANSWELL MEDICAL CENTRE,6390.5,6187.47,0.968229403020108
M85178,MODALITY BIRMINGHAM,18349.5,18276.05,0.995997166135317
M85179,MAYPOLE HEALTH SURGERY Y,4896.75,5162.21,1.0542114667891969
M85600,REA VALLEY HEALTH PARTNERSHIP,16061.5,15933.58,0.9920356131121003
M85624,PERRY PARK SURGERY,6367.25,6085.1,0.9556873061368724
M85634,HEATHFIELD FAMILY CENTRE,9804.75,9834.03,1.0029863076570031
M85642,CAVENDISH MEDICAL PRACTICE,5692.75,6294.3,1.1056694918975891
M85669,TUDOR PRACTICE STOCKLAND GREEN,7276.0,7196.27,0.9890420560747664
M85670,GREENFIELD MEDICAL CENTRE,3692.75,3480.06,0.9424033579310812
M85671,BOURNVILLE SURGERY,0.0,0.0,
M85676,VICTORIA ROAD MEDICAL CTR,6325.75,6435.28,1.017314942892147
M85677,FERNBANK MEDICAL PRACTICE,0.0,0.0,
M85679,CHARLES ROAD SURGERY,5728.5,5398.82,0.942449157720171
M85680,COTTERILS LANE SURGERY,2644.75,2462.9,0.9312411381037906
M85684,CITY ROAD MEDICAL CENTRE,3981.5,4211.38,1.0577370337812382
M85686,DR KULSHRESTHA FAMILY PRACTICE,1501.25,1627.0,1.0837635303913407
M85693,FEATHERSTONE MEDICAL CENTRE,2464.75,2539.51,1.030331676640633
M85694,GARRETTS GREEN LANE SURGERY,3763.5,3794.81,1.0083193835525441
M85697,CHURCH ROAD SURGERY,4767.5,5135.67,1.0772249606712114
M85699,COVENTRY ROAD MEDICAL CENTRE,5301.25,5040.77,0.9508644187691583
M85701,BURBURY MEDICAL CENTRE,4743.25,4577.84,0.9651272861434671
M85706,DRUID GROUP - EMC SURGERY,14178.25,14575.17,1.0279949923298008
M85711,CITY HEALTH CENTRE,3759.75,3986.62,1.060341778043753
M85713,HIGHGATE MEDICAL CENTRE,5190.0,5354.21,1.0316396917148363
M85715,SOHO ROAD PRIMARY CARE CENTRE,11353.0,11028.15,0.971386417686955
M85716,DR KHUROO'S PRACTICE,5211.75,5032.17,0.9655432436321773
M85717,DOWNSFIELD MEDICAL CENTRE,4273.25,3938.9,0.9217574445679518
M85721,HOLYHEAD PRIMARY HEALTH CARE CENTRE,10993.0,9847.22,0.8957718548167015
M85722,NASEBY MEDICAL CENTRE,5568.75,5205.1,0.9346980920314254
M85730,DOSKI MEDICAL PRACTICE,5589.5,5236.6,0.9368637624116648
M85732,BLOOMSBURY SURGERY,2431.75,2574.13,1.0585504266474761
M85733,MOOR GREEN LANE MEDICAL CENTRE,7185.0,6718.02,0.9350062630480168
M85735,GREET MEDICAL PRACTICE,6328.0,5620.93,0.8882632743362833
M85736,ACOCKS GREEN MEDICAL CENTRE,5131.25,4704.94,0.9169188794153471
M85739,PAK HEALTH CENTRE,5471.75,5059.12,0.9245890254488965
M85746,MIRFIELD SURGERY,5652.75,5448.17,0.96380876564504
M85749,AUBREY ROAD MEDICAL CENTRE,3150.75,2956.27,0.9382750138855828
M85756,SPRINGFIELD MEDICAL PRACT,2808.75,2631.7,0.9369648420115709
M85757,SOHO ROAD HEALTH CENTRE,4126.25,3993.16,0.9677455316570736
M85759,NECHELLS PRACTICE,7352.5,7730.23,1.0513743624617475
M85766,BALSALL HEATH HEALTH CENTRE (S),4204.5,4122.2,0.980425734332263
M85770,THE SHELDON MEDICAL CENTRE,2107.0,2122.05,1.0071428571428573
M85774,SPRINGFIELD SURGERY,7394.0,6585.98,0.8907195022991614
M85778,HALCYON MEDICAL,17404.25,16272.66,0.9349819727940014
M85779,AYLESBURY SURGERY,2830.5,2855.68,1.0088959547783076
M85781,BORDESLEY GREEN SURGERY,4048.5,3830.04,0.946039273805113
M85783,STRENSHAM ROAD SURGERY,5655.75,5266.47,0.9311709322371039
M85792,COTMORE SURGERY,3339.75,3664.37,1.0971988921326445
M85794,"THE BALAJI SURGERY, THE SPARKBROOK CHC",4107.5,4106.62,0.9997857577601947
M85797,HOCKLEY MEDICAL PRACTICE,11055.75,11528.47,1.042757840942496
M85803,PEARL MEDICAL CENTRE,11231.0,9837.16,0.8758935090374855
M86001,WILLENHALL PRIMARY CARE CENTRE - 1,7250.5,7247.55,0.9995931315081719
M86002,LONGFORD PRIMARY CARE CENTRE,8471.5,9379.82,1.1072206811072418
M86003,SKY BLUE MEDICAL GROUP,16857.0,16584.05,0.9838079136263866
M86004,ALLESLEY PARK MEDICAL CTR,21588.0,18115.99,0.8391694459885122
M86005,HILLFIELDS HEALTH CENTRE - 1,6236.5,6526.49,1.046498837488976
M86006,JUBILEE HEALTHCARE,10044.0,9923.36,0.987988849064118
M86007,PHOENIX FAMILY CARE,6060.5,6212.03,1.0250028875505321
M86008,THE GABLES MEDICENTRE,10297.75,10736.41,1.0425976548275109
M86009,ENGLETON HOUSE SURGERY,25355.25,21247.3,0.8379842438942625
M86010,FORREST MEDICAL CENTRE,12735.0,11905.75,0.9348841774636828
M86012,PRIORY GATE PRACTICE,10908.25,10861.06,0.9956739165310659
M86014,THE FORUM HEALTH CENTRE,21214.5,21317.94,1.0048759103443399
M86015,KENYON MEDICAL CENTRES,13946.75,14660.41,1.0511703443454568
M86016,GODIVA GROUP PRACTICE,21523.5,21393.88,0.9939777452551862
M86017,MANSFIELD MEDICAL CENTRE,10348.25,10395.89,1.004603676950209
M86018,MOSELEY AVENUE SURGERY,11978.75,11937.8,0.996581446311176
M86019,WESTWOOD MEDICAL H/CENTRE,4350.0,4419.93,1.0160758620689656
M86020,WOOD END HEALTH CENTRE,7982.25,7709.95,0.965886811362711
M86021,SPRINGFIELD MEDICAL PRACTICE,7267.0,7522.13,1.0351080225677722
M86027,CHEYLESMORE SURGERY,13517.0,11989.39,0.8869860176074572
M86028,CENTRAL MEDICAL CENTRE,3350.75,3483.84,1.0397194657912407
M86029,BROOMFIELD PARK MED.CTR.,20193.5,16928.8,0.838329165325476
M86030,KENSINGTON ROAD SURGERY,5707.25,5148.33,0.9020684217442726
M86032,HOLBROOKS HEALTH TEAM,12593.75,12108.62,0.9614785111662532
M86033,WILLENHAL OAK MEDICAL CENTRE,4386.0,4495.71,1.025013679890561
M86034,WOODSIDE MEDICAL CENTRE,10325.25,10453.24,1.0123958257669305
M86035,HENLEY GREEN MEDICAL CENTRE,8388.25,8866.54,1.0570190444967664
M86037,QUINTON PARK MEDICAL CENTRE,3824.5,3552.98,0.9290050987057131
M86038,BREDON AVENUE SURGERY,2742.75,3277.11,1.1948263604047034
M86039,ALLESLEY VILLAGE SURGERY,4796.0,5460.97,1.1386509591326106
M86040,WALSGRAVE HEALTH CENTRE,4010.0,4301.31,1.072645885286783
M86041,CLAY LANE MEDICAL PRACTICE,10463.0,10151.23,0.970202618751792
M86044,PARK HOUSE,4681.75,4640.7,0.9912319111443371
M86045,PARADISE MEDICAL CENTRE,7685.75,8037.91,1.0458198614318706
M86046,COPSEWOOD MEDICAL CENTRE,5459.75,5643.65,1.033682860936856
M86048,WINDMILL SURGERY,8252.0,8216.45,0.9956919534658265
M86605,LIMBRICK WOOD SURGERY,3006.25,3050.14,1.014599584199584
M86610,ST GEORGES ROAD SURGERY,6448.0,6483.13,1.0054482009925558
M86612,GEORGE ELIOT MEDICAL CENTRE,4018.75,3851.98,0.9585020217729393
M86617,HILLFIELDS - DR BANO,4569.0,4891.7,1.07062814620267
M86622,GOVIND HEALTH CENTRE,3426.75,3158.14,0.9216137739840957
M86624,COVENTRY GP GROUP OF PRACTICES,12380.75,12226.25,0.9875209498616805
M86627,STOKE ALDERMOOR MED CTRE,6922.5,5902.23,0.8526153846153846
M86633,EDGWICK MEDICAL CENTRE,5700.5,5566.37,0.9764704850451714
M86638,WOODWAY MEDICAL CENTRE,6766.5,7566.04,1.118161531072194
M87001,MEADOWBROOK SURGERY,6590.75,6748.16,1.0238834730493493
M87003,MOSS GROVE SURGERY,18954.75,19461.05,1.0267109827351983
M87005,THREE VILLAGES MEDICAL PRACTICE,12878.25,12280.98,0.9536218042047638
M87006,EVE HILL MEDICAL PRACTICE,8708.25,9139.7,1.0495449717222176
M87007,THE RIDGEWAY SURGERY,11730.75,11623.27,0.9908377554717304
M87008,KINGSWINFORD MEDICAL PRACTICE,8532.75,8385.96,0.9827968708798452
M87009,AW SURGERIES,16796.25,16145.07,0.9612306318374637
M87010,THE WATERFRONT SURGERY,9112.5,8921.95,0.9790891632373114
M87011,LION HEALTH,27719.25,27328.7,0.9859105134518431
M87012,THE GREENS HEALTH CENTRE,7224.0,6790.47,0.9399875415282393
M87013,TANDON MEDICAL CENTRE (ORAM & PARTNERS),11427.0,11414.29,0.9988877220617836
M87014,LAPAL MEDICAL PRACTICE,8086.0,7825.54,0.9677887707148157
M87015,LOWER GORNAL HTH.CTR.,8072.5,8146.02,1.009107463611025
M87016,WOODSETTON MEDICAL CENTRE,6999.75,7170.08,1.0243337262045074
M87017,STEPPINGSTONES MEDICAL PRACTICE,8686.5,8645.28,0.9952547055776205
M87018,THE SUMMERHILL SURGERY,7252.25,8673.1,1.195918508049226
M87019,THE LIMES SURGERY MEDICAL CENTRE,5977.0,5899.64,0.9870570520327924
M87020,FELDON LANE PRACTICE,9375.0,9430.7,1.0059413333333334
M87021,COSELEY MEDICAL CENTRE,7747.25,7787.34,1.0051747394236665
M87023,WORDSLEY GREEN HEALTH CENTRE,9758.0,9486.23,0.9721490059438409
M87024,WYCHBURY MEDICAL GROUP,22647.25,23464.44,1.0360834096855025
M87025,LIMESTONE SURGERY,4925.5,5210.35,1.0578316922139885
M87026,ST JAMES MEDICAL PRACTICE2,6004.5,6127.21,1.0204363394121077
M87027,QUARRY BANK MEDICAL CENTRE,4484.5,4259.22,0.9497647452335823
M87028,ANCHOR MEDICAL PRACTICE,8762.5,8747.94,0.9983383737517832
M87030,PEDMORE MEDICAL PRACTICE,4442.75,4678.49,1.0530617297844802
M87034,CLEMENT ROAD MEDICAL PRACTICE,5801.25,5570.02,0.9601413488472312
M87036,BEAN MEDICAL PRACTICE,3830.25,3364.35,0.878363031133738
M87037,NORTHWAY MEDICAL CENTRE,7761.75,7622.87,0.9821071279028569
M87041,RANGEWAYS ROAD SURGERY,6057.0,5796.89,0.9570562984976061
M87601,KEELINGE HOUSE,6925.0,6749.06,0.9745935018050542
M87602,HALESOWEN MEDICAL PRACTICE,10007.0,9508.3,0.9501648845807934
M87605,CENTRAL CLINIC,4517.75,4062.79,0.8992950030435505
M87612,ST JAMES MEDICAL PRACTICE1,2450.5,2563.61,1.046157926953683
M87617,LINKS MEDICAL PRACTICE,6281.0,5787.45,0.9214217481292788
M87618,QUINCY RISE SURGERY,2915.25,2612.94,0.89630048880885
M87620,CASTLE MEADOWS SURGERY,6627.5,5782.69,0.8725296114673707
M87621,73 BATH STREET,2740.25,2581.95,0.9422315482164035
M87623,ALEXANDRA MEDICAL CENTRE,3263.25,2779.54,0.8517704742204857
M87628,CHAPEL STREET MEDICAL CENTRE,3688.0,4839.2,1.3121475054229934
M87638,THORNS ROAD SURGERY,3876.75,3909.24,1.0083807312826465
M88001,THE VILLAGE MEDICAL CENTRE,10343.75,10531.6,1.0181607250755287
M88002,THE SMETHWICK MEDICAL CENTRE,9384.75,9655.62,1.028862782705986
M88003,WARLEY MEDICAL CENTRE,11819.5,12481.36,1.0559972926096706
M88004,REGIS MEDICAL CENTRE,40722.75,40689.36,0.9991800651969722
M88006,CAPE HILL MEDICAL CENTRE,12084.5,12519.84,1.03602465968803
M88007,OAKESWELL HEALTH CENTRE,9773.5,10950.87,1.1204655445848468
M88008,STONE CROSS MEDICAL CENTRE,5249.25,5268.91,1.003745296947183
M88009,NORVIC FAMILY PRACTICE,9707.75,10230.72,1.0538713914140763
M88010,SWANPOOL MEDICAL CENTRE,8928.25,9099.97,1.0192333323999663
M88013,BLACK COUNTRY FAMILY PRACTICE,14294.75,14821.17,1.0368261074870144
M88014,DR GUDI PV & PARTNER,6584.0,6669.9,1.013046780072904
M88015,GREAT BARR PRACTICE,10770.5,10049.63,0.9330699596119028
M88016,OLD HILL MEDICAL CENTRE,3429.25,3624.14,1.0568316687322301
M88018,OLDBURY HEALTH CENTRE,21749.5,22798.16,1.048215361272673
M88019,BEARWOOD ROAD SURGERY,3106.25,2943.39,0.9475702213279678
M88020,SHERWOOD HOUSE MEDICAL PRACTICE,12803.0,13850.69,1.0818316019682888
M88021,SCOTT ARMS MEDICAL CENTRE,11098.25,11099.31,1.0000955105534657
M88022,JUBILEE HEALTH CENTRE,3690.5,4233.13,1.1470342771982116
M88023,TAME VALLEY MEDICAL CENTRE,6118.75,6245.15,1.0206578140960163
M88026,PORTWAY FAMILY PRACTICE,7658.75,7931.6,1.0356259180675698
M88030,CHURCH VIEW SURGERY,6247.5,6648.16,1.0641312525010003
M88031,HAWES LANE SURGERY,1082.25,1072.87,0.9913328713328712
M88035,NEW STREET SURGERY,3685.75,3698.94,1.0035786474937258
M88038,LINKWAY MEDICAL PRACTICE,13854.5,14644.98,1.0570558302356634
M88040,ST PAUL'S MEDICAL PRACTICE,6802.0,6706.33,0.9859350191120259
M88041,HAWTHORNS MEDICAL CENTRE,3536.25,3252.94,0.9198840579710145
M88042,BEARWOOD MEDICAL CENTRE,5762.0,5040.93,0.8748576883026727
M88043,HADEN VALE SURGERY,8151.5,7913.99,0.9708630313439244
M88600,THE VICTORIA SURGERY,4106.75,3973.08,0.9674511475010653
M88610,SAREPHED MEDICAL CENTRE,4886.0,4648.33,0.9513569381907491
M88612,GLEBEFIELDS SURGERY,3874.75,3922.42,1.012302729208336
M88616,GREAT BRIDGE PSHIP FOR HEALTH,16661.0,16100.86,0.9663801692575475
M88618,"WALFORD STREET, TIVIDALE",2031.5,1981.04,0.9751612109278858
M88619,DR ARORA RK,10880.0,11209.3,1.030266544117647
M88620,CAUSEWAY GREEN ROAD SURGERY,3388.0,3189.68,0.9414639905548996
M88625,ST PAUL'S PARTNERSHIP - LYNG MEDICAL,3392.5,3354.02,0.9886573323507738
M88626,DR UI HAQUE N,3665.5,3647.62,0.9951220842995498
M88628,DR SINGH M,3457.75,3457.58,0.999950835080616
M88630,CLIFTON LANE MEDICAL CENTRE,5129.25,5250.71,1.0236798752254228
M88633,LODGE ROAD SURGERY,7029.25,7084.75,1.0078955791869688
M88635,DOG KENNEL LANE SURGERY,2157.25,2275.91,1.0550052149727662
M88637,MARSHALL STREET SURGERY,0.0,0.0,
M88639,ST PAULS PARTNERS,3410.5,3260.33,0.9559683330889899
M88640,WARLEY ROAD SURGERY,4011.25,4184.81,1.043268307884076
M88643,THE SPIRES HEALTH CENTRE,5411.0,5657.97,1.0456422103123268
M88645,HILL TOP MEDICAL CENTRE,9399.25,9242.63,0.9833369683751362
M88646,DR DEWAN VK,2605.75,2605.54,0.9999194089993284
M88647,ROOD END MEDICAL PRACTICE,5971.5,5636.45,0.9438918194758436
M89001,PARKFIELD MEDICAL CENTRE,3613.5,3718.75,1.029126885291269
M89002,KINGSHURST MEDICAL PRACTICE,6403.0,6217.02,0.9709542401999064
M89003,GPS HEALTHCARE,39554.0,38464.32,0.9724508267179046
M89005,ST. MARGARETS MEDICAL PRACTICE,8549.25,8319.51,0.9731274673216949
M89007,RICHMOND MEDICAL CENTRE,6672.25,6371.28,0.9548922777174116
M89008,BOSWORTH MEDICAL GROUP,13642.25,14223.95,1.0426395939086295
M89009,MANOR HOUSE LANE SURGERY,11095.0,11662.75,1.0511716989634972
M89010,DORRIDGE SURGERY,10959.75,10418.55,0.950619311571888
M89012,CROFT MEDICAL CENTRE,11167.75,11464.27,1.0265514539634215
M89013,ARRAN MEDICAL CENTRE,6201.5,6044.48,0.974680319277594
M89015,NORTHBROOK HEALTH CENTRE,12302.5,11730.91,0.9535387116439747
M89016,BALSALL COMMON & MERIDEN GROUP PRACTICE,12747.5,13383.63,1.0499023337909394
M89017,SOLIHULL HEALTHCARE PARTNERSHIP,56707.75,52626.73,0.9280341752229634
M89019,HOBS MOAT MEDICAL CENTRE,11261.75,10342.32,0.9183581592558883
M89021,COVENTRY ROAD PRACTICE,4785.25,4958.94,1.036296954182122
M89024,GRAFTON ROAD SURGERY,4045.0,4002.6,0.9895179233621755
M89026,THE CASTLE PRACTICE,10754.5,11097.48,1.031891766237389
M89027,GREEN LANE SURGERY,8234.75,8533.93,1.036331400467531
M89030,ARDEN MEDICAL CENTRE,5938.75,5554.61,0.9353163544516944
M89602,CHESTER ROAD SURGERY,0.0,0.0,
M89608,HAMPTON SURGERY,3683.75,4049.18,1.0992005429250085
M91003,SINA HEALTH CENTRE,7039.25,7098.29,1.0083872571651809
M91004,ST PETER'S SURGERY,9959.75,10027.03,1.0067551896382942
M91006,PARKSIDE MEDICAL PRACTICE,4321.0,4234.28,0.9799305716269382
M91007,ST JOHN'S MEDICAL CENTRE,8944.25,9303.8,1.040199010537496
M91008,LITTLE LONDON SURGERY,9712.5,9431.83,0.9711021879021879
M91009,STREETS CORNER SURGERY,5706.5,5841.63,1.0236800140191011
M91010,PORTLAND MEDICAL PRACTICE,8906.0,9474.42,1.063824388052998
M91013,LOCKFIELD SURGERY,10297.5,10954.03,1.0637562515173586
M91014,BRACE STREET HEALTH CENTRE,3179.0,3177.48,0.9995218622208242
M91015,UMBRELLA MEDICAL,22175.75,22922.63,1.0336800333697846
M91016,NEW INVENTION HEALTH CENTRE,6985.75,6835.37,0.9784733206885445
M91017,NORTHGATE MEDICAL CENTRE,10117.25,11162.77,1.1033403345770838
M91018,SADDLERS HEALTH CENTRE,4581.5,4845.65,1.0576557895885625
M91019,RUSHALL MEDICAL CENTRE,14927.0,15076.84,1.0100381858377436
M91021,LOCKSTOWN PRACTICE,7906.0,8259.42,1.0447027573994434
M91024,CHAPEL STREET SURGERY,2526.0,2769.93,1.0965676959619952
M91026,DARLASTON FAMILY PRACTICE,5705.5,5502.24,0.9643747261414425
M91028,MODALITY KINGFISHER DARLASTON PRACTICE,8464.25,8890.11,1.0503127861298993
M91029,MOSSLEY & DUDLEY FIELDS MEDICAL PRACTICE,5725.25,5412.08,0.9453002052312126
M91032,COLLINGWOOD FAMILY PRACTICE,5015.0,4727.85,0.9427417746759722
M91033,WILLENHALL MEDICAL CENTRE,6385.0,6608.14,1.0349475332811278
M91034,BLOXWICH MEDICAL PRACTICE,5050.0,5761.72,1.1409346534653466
M91036,HARDEN HEALTH CENTRE,3824.5,3905.53,1.02118708327886
M91602,KHAN MEDICAL PRACTICE,2316.5,2342.05,1.011029570472696
M91609,NEW ROAD MEDICAL CENTRE,2149.75,2225.57,1.0352692173508549
M91611,BEECHDALE CENTRE,2928.25,2802.47,0.9570460172457952
M91612,ST MARY'S SURGERY,3426.75,3613.16,1.054398482527176
M91613,FORRESTER STREET MEDICAL CENTRE,9909.0,8688.89,0.8768685033807649
M91614,STROUD PRACTICE,8760.0,8918.92,1.0181415525114155
M91616,PLECK HEALTH CENTRE,8028.0,8160.78,1.0165396113602392
M91619,BROADWAY MEDICAL CENTRE,6170.75,5752.94,0.932291860794879
M91621,PALFREY HEALTH CENTRE,5153.5,4532.11,0.8794236926360726
M91623,LOWER FARM HEALTH CENTRE,1952.5,2198.82,1.126156209987196
M91624,MOXLEY MEDICAL CENTRE,3715.75,3855.29,1.037553656731481
M91626,HOLLAND PARK SURGERY,4662.75,4807.43,1.0310288992547316
M91628,BRACE STREET HC- KUMAR,3083.75,2990.69,0.9698224564248075
M91629,BIRCHILLS HEALTH CENTRE,7097.75,6487.63,0.9140403649043711
M91637,BLACKWOOD HEALTH CENTRE,4022.25,3533.42,0.87846851886382
M91639,WALSALL WOOD HEALTH CENTRE,1718.5,1712.53,0.9965260401512948
M91640,ROUGH HAY SURGERY,4000.25,3975.42,0.9937928879445035
M91641,DARLASTON MEDICAL CENTRE,4102.5,4045.14,0.986018281535649
M91642,QUESLETT MEDICAL CENTRE,1675.25,1520.44,0.9075899119534399
M91647,PILLAI,5555.0,6166.54,1.110088208820882
M91650,PINFOLD MEDICAL,9105.25,10005.58,1.098880316301035
M91654,HIGH STREET SURGERY,3305.5,3121.78,0.9444199062169113
M91659,BRACE STREET HC- MAHBUB (M91659),3387.5,3049.07,0.9000944649446495
M91660,MODALITY DARLASTON PRACTICE,5112.25,4915.89,0.9615902978140741
M92001,POPLARS MEDICAL CENTRE,3453.75,3472.21,1.0053449149475209
M92002,ALFRED SQUIRE ROAD SURGERY,0.0,0.0,
M92004,PRIMROSE LANE PRACTICE,2967.75,3242.78,1.0926729003453797
M92006,COALWAY ROAD SURGERY,4724.25,4758.22,1.0071905593480448
M92007,LEA ROAD MEDICAL PRACTICE,1791.0,1867.43,1.042674483528755
M92008,CASTLECROFT MEDICAL PRACTICE,12810.0,13475.38,1.0519422326307573
M92009,PRESTBURY MEDICAL PRACTICE,13411.0,14541.55,1.0843002013272687
M92010,TETTENHALL MEDICAL PRACTICE,11453.75,11954.03,1.0436782713085235
M92011,RWT PRACTICES PENN MANOR MEDICAL CENTRE,35516.25,38032.29,1.0708419385492556
M92012,DUNCAN STREET PRIMARY CARE CENTRE,11754.25,11858.44,1.0088640279048005
M92013,DR SINHA & TAHIR,7237.0,7621.53,1.053133895260467
M92015,IMPROVING HEALTH (IH) MEDICAL,4337.75,4345.67,1.0018258313641866
M92016,LEICESTER STREET MED CTR,22968.0,22492.69,0.9793055555555555
M92019,KEATS GROVE SURGERY,6350.0,6589.56,1.0377259842519686
M92022,ASHMORE PARK MEDICAL CENTRE,4205.75,3957.96,0.9410830410747192
M92026,GRIFFITHS DRIVE MEDICAL PRACTICE,4959.0,5215.38,1.0516999395039324
M92028,THORNLEY STREET SURGERY,9444.0,9052.75,0.9585715798390513
M92029,NEWBRIDGE SURGERY,5779.75,6226.67,1.0773251438210996
M92039,DR ST PIERRE-LIBBERTON,6925.0,7389.14,1.0670238267148016
M92040,MAYFIELD MEDICAL PRACTICE,12218.5,12675.87,1.037432581740803
M92041,PROBERT ROAD SURGERY,4669.0,4356.73,0.9331184407796101
M92043,PENN SURGERY,7177.0,7608.16,1.0600752403511216
M92607,WHITMORE REANS MEDICAL PRACTICE,18263.25,17916.16,0.9809951678918045
M92609,ASHFIELD ROAD SURGERY,6130.0,5880.68,0.9593278955954323
M92612,HEALTH AND BEYOND,38578.75,40705.55,1.0551287949972459
M92627,BILSTON FAMILY PRACTICE,4017.5,4403.08,1.0959751088985688
M92629,FORDHOUSES MEDICAL CENTRE,4163.0,3669.32,0.8814124429497958
M92630,EAST PARK MEDICAL PRACTICE,5869.25,6321.35,1.0770285811645441
M92640,TETTENHALL ROAD MEDICAL PRACTICE,692.25,677.49,0.9786782231852654
M92649,DR MUDIGONDA,4393.5,4717.38,1.073717992488904
M92654,BAGARY'S MEDICAL PRACTICE,7115.5,7324.49,1.0293710912796008
N81001,AUDLEM MEDICAL PRACTICE,5057.0,6370.59,1.259756772790192
N81002,KENMORE MEDICAL CENTRE,12271.5,11579.7,0.943625473658477
N81005,HELSBY HEALTH CENTRE,9849.0,10602.45,1.076500152299726
N81006,BUNBURY MEDICAL PRACTICE,5431.0,6132.9,1.129239550727306
N81007,HOLES LANE MEDICAL LTD.,10174.5,10799.73,1.0614506855373729
N81008,THE CEDARS MEDICAL CENTRE,11619.0,11902.66,1.0244134607109046
N81009,HEATH LANE MEDICAL CENTRE,7698.75,7527.47,0.9777522325052769
N81010,NANTWICH HEALTH CENTRE,8194.0,8177.76,0.9980180619965829
N81011,BEVAN GROUP PRACTICE,14588.75,15661.06,1.0735025276325936
N81012,GUARDIAN STREET MED/CTR,11918.5,12446.62,1.0443109451692747
N81013,HIGH STREET SURGERY,7056.25,7058.9,1.0003755535872454
N81014,BROOKFIELD SURGERY,9415.5,9199.31,0.9770389251765705
N81016,MILLCROFT MEDICAL CENTRE,32451.0,30009.28,0.9247567101167914
N81018,TARPORLEY HEALTH CENTRE,8192.25,9440.24,1.1523378803137112
N81019,CASTLEFIELDS HEALTH CENTRE,14739.75,17044.1,1.1563357587476042
N81020,PENKETH HEALTH CENTRE,12504.0,13520.2,1.0812699936020473
N81022,MIDDLEWOOD PARTNERSHIP,34106.25,34457.13,1.0102878504672896
N81024,SWANLOW MEDICAL CENTRE,10817.5,11668.59,1.0786771435174487
N81025,FIRDALE MEDICAL CENTRE,10765.5,10123.54,0.9403687706098185
N81026,TOFT ROAD SURGERY,0.0,0.0,
N81027,READESMOOR MEDICAL GROUP PRACTICE,14723.25,15170.93,1.0304063301241235
N81028,CAUSEWAY MEDICAL CENTRE,9415.25,8807.27,0.9354260375454715
N81029,SOUTH PARK SURGERY,12596.25,12826.42,1.0182728986801628
N81030,PRINCEWAY SURGERIES,16709.5,18564.03,1.11098656452916
N81031,DRS ADEY AND DANCY,6269.25,7215.28,1.1509000279140247
N81032,ASHFIELDS PRIMARY CARE CENTRE,28515.0,28717.09,1.0070871471155531
N81033,ALDERLEY EDGE MEDICAL CENTRE,8631.75,8761.9,1.0150780548556202
N81034,BOUGHTON MEDICAL GROUP,13219.0,13047.54,0.9870292760420607
N81035,FIR PARK MEDICAL CENTRE,12216.75,13201.68,1.0806212781631777
N81036,SPRINGFIELDS MEDICAL CENTRE,8409.75,9143.78,1.0872832129373644
N81037,THE BEECHES MEDICAL CTR,8344.25,9155.75,1.0972525990951854
N81038,LAUREL BANK SURGERY,7771.75,9382.27,1.207227458423135
N81039,OAKLANDS,11698.25,11986.53,1.0246430021584425
N81040,HIGH STREET PRACTICE WINSFORD,6917.25,7133.61,1.0312783259243197
N81041,HELSBY STREET MED/CTR,8542.5,9336.18,1.0929095697980684
N81043,HASLINGTON SURGERY,5823.5,6248.81,1.0730333991585816
N81044,HUNGERFORD MEDICAL CENTRE,10837.0,11048.61,1.0195266217587895
N81045,PEELHOUSE MEDICAL PLAZA,13690.0,15262.56,1.1148692476260043
N81046,PARK MEDICAL CENTRE,10298.5,9993.62,0.9703956886925281
N81047,THE KILTEARN MEDICAL CTR.,12514.5,12945.82,1.034465619880938
N81048,FEARNHEAD CROSS MED.CTR.,13319.25,14238.98,1.0690526869005386
N81049,KNUTSFORD MEDICAL PARTNERSHIP,23521.0,25025.44,1.0639615662599378
N81050,THE GREAT SUTTON MED.CTR.,19646.0,19832.54,1.0094950626081645
N81051,THE WEAVERHAM SURGERY,7091.25,7753.4,1.093375638991715
N81052,LAWTON HOUSE SURGERY,12776.0,13096.39,1.0250774890419536
N81053,EARNSWOOD MEDICAL CENTRE,17190.5,17101.16,0.9948029434862279
N81054,WEAVER VALE PRACTICE,9008.25,10344.68,1.1483562290122944
N81055,WATLING STREET SURGERY,7083.25,7543.58,1.064988529276815
N81056,FOLLY LANE MEDICAL CENTRE,9905.0,10335.68,1.0434810701665826
N81057,TOWER HOUSE PRACTICE,13086.0,15131.22,1.156290692342962
N81059,CULCHETH MEDICAL CENTRE,12514.25,13272.14,1.0605621591385819
N81060,NESTON SURGERY,8912.25,9945.7,1.1159583719038404
N81061,WITTON STREET SURGERY,9821.5,10511.85,1.0702896706205773
N81062,CUMBERLAND HOUSE SURGERY,15234.75,15612.78,1.0248136661251417
N81063,YORK ROAD GROUP PRACTICE,12475.5,13019.48,1.0436038635726024
N81064,NEWTOWN SURGERY,6867.75,7596.57,1.1061220923883368
N81065,LATCHFORD MEDICAL CENTRE,8175.25,8285.68,1.013507843796826
N81066,GROVE HOUSE PRACTICE,14720.5,16189.8,1.0998131856934208
N81067,OAKWOOD MEDICAL CENTRE,9149.0,8968.76,0.9802994862826538
N81068,GROSVENOR MEDICAL CENTRE,15313.0,15353.5,1.0026448115979887
N81069,CHELFORD SURGERY,4584.25,5372.2,1.171881987238916
N81070,HANDFORTH HEALTH CENTRE,10285.0,10362.43,1.0075284394749635
N81071,GREENMOSS MEDICAL CENTRE,4483.5,4980.05,1.1107505297200848
N81072,MURDISHAW,7953.0,8277.98,1.0408625675845593
N81074,LAUNCESTON CLOSE SURGERY,5428.75,5558.64,1.0239263182132168
N81075,STOCKTON HEATH MED.CENTRE,16427.25,16511.71,1.0051414570302393
N81077,THE HEALTH CENTRE (HOLMES CHAPEL),12974.75,13316.58,1.0263457870093835
N81079,THE ELMS MEDICAL CENTRE,10011.75,10029.26,1.0017489449896373
N81080,NORTHGATE MEDICAL CENTRE,8727.5,8982.87,1.0292603838441707
N81081,GARDEN LANE MEDICAL CTR.,9744.5,9377.46,0.9623336240956436
N81082,CITY WALLS MEDICAL CENTRE,15489.25,16983.7,1.0964830446922866
N81083,PARKVIEW MEDICAL CENTRE,5096.25,4908.22,0.9631042433161638
N81084,ROPE GREEN MEDICAL CENTRE,20939.25,21429.39,1.023407715176045
N81085,PARK LANE SURGERY,9658.75,9873.29,1.022211983952375
N81086,WILMSLOW HEALTH CENTRE,16292.5,13600.33,0.8347601657204236
N81087,DANEBRIDGE MEDICAL CENTRE,24983.25,25793.42,1.0324285271131657
N81088,PARK GREEN SURGERY,12551.5,12671.27,1.0095422857825758
N81089,GREENBANK SURGERY,8270.75,9270.34,1.120858446936493
N81090,TUDOR SURGERY,5172.5,5362.2,1.036674722087965
N81092,HOPE FARM MEDICAL CENTRE,14283.5,14622.33,1.0237217768754157
N81093,WHITBY HEALTH PARTNERSHIP,16113.0,17144.42,1.064011667597592
N81096,BROOKVALE PRACTICE,8917.5,9944.29,1.115143257639473
N81097,DALLAM LANE MEDICAL CENTRE,4190.5,4636.47,1.1064240544087818
N81100,UPTON VILLAGE SURGERY,7901.75,7755.45,0.9814851140570127
N81101,THE HANDBRIDGE MED.CTR.,7987.5,7858.01,0.9837884194053208
N81102,FOUNTAINS MEDICAL PRACTICE,4106.0,5831.48,1.4202338041889917
N81107,MANCHESTER ROAD SURGERY,3638.75,3842.03,1.0558653383716936
N81108,THE LAKESIDE SURGERY,10817.5,10569.71,0.9770935983360295
N81109,PADGATE MEDICAL CENTRE,6942.25,6860.84,0.9882732543483741
N81111,MEREPARK MEDICAL CENTRE,7300.5,7269.51,0.9957550852681324
N81113,MIDDLEWICH ROAD SURGERY,7283.75,7422.72,1.0190794576969282
N81114,BIRCHWOOD MEDICAL CENTRE,11047.25,11613.17,1.0512272284957795
N81115,LACHE HEALTH CENTRE,7776.75,7406.22,0.9523541325103675
N81117,OLD HALL SURGERY,5764.25,5979.01,1.0372572320770266
N81118,MEADOWSIDE MEDICAL CENTRE,8610.75,8694.58,1.009735505037308
N81119,HOUGH GREEN HEALTH PARK,5137.25,5226.5,1.0173731081804467
N81120,KELSALL MEDICAL CENTRE,5789.75,6199.72,1.070809620449933
N81121,NORTHGATE VILLAGE SURGERY,7094.0,7230.48,1.01923879334649
N81122,WESTBROOK MEDICAL CENTRE,10555.0,9810.09,0.9294258645191852
N81123,WILLOW WOOD SURGERY,7033.25,7251.52,1.0310340169907226
N81125,NESTON MEDICAL CENTRE,7730.25,8886.39,1.149560492868924
N81127,THE WEAVER VALE SURGERY,8410.0,9528.58,1.1330059453032104
N81607,WESTMINSTER SURGERY,3761.75,4101.5,1.0903170067123014
N81614,THE SURGERY,5572.25,6020.38,1.0804217326932568
N81619,OAKS PLACE SURGERY,3924.75,3889.91,0.9911230014650614
N81623,STRETTON MEDICAL CENTRE,9355.25,8859.94,0.9470553967023864
N81624,THE VILLAGE SURGERIES GROUP,8532.75,9628.3,1.128393542527321
N81626,WESTERN AVE MEDICAL CTRE,4494.25,4740.94,1.054890137397786
N81628,THE ERIC MOORE PARTNERSHIP,12748.5,12109.2,0.9498529238733969
N81632,BROKEN CROSS SURGERY,5854.0,5338.09,0.9118705158865733
N81637,COCKHEDGE MEDICAL CENTRE,3023.25,2854.37,0.944139584883817
N81642,WATERS EDGE MEDICAL CENTRE,4652.0,4559.49,0.9801139294926913
N81645,4 SEASONS MEDICAL CENTRE,2365.75,2279.81,0.9636732537250343
N81651,UPTON ROCKS PRIMARY CARE,3441.5,3269.0,0.9498765073369171
N81655,ST WERBURGH'S MEDICAL PRACTICE HOMELESS,397.0,360.26,0.907455919395466
N82001,THE MARGARET THOMPSON MED CENTRE,6180.0,7547.22,1.2212330097087378
N82002,YEW TREE CENTRE,5181.75,5944.6,1.1472186037535583
N82003,DOVECOT HEALTH CENTRE,4215.0,4855.56,1.1519715302491105
N82004,GARSTON FAMILY HEALTH CENTRE,3323.75,3649.66,1.0980549078600976
N82009,GRASSENDALE MEDICAL CENTRE,8646.75,9135.1,1.0564778674068291
N82011,PRIORY MEDICAL CENTRE,10947.5,12873.4,1.1759214432518839
N82014,LANCE LANE MEDICAL CENTRE,6480.75,6438.12,0.9934220576322185
N82018,ELLERGREEN MEDICAL CENTRE,13224.75,14128.97,1.0683733151855421
N82019,LANGBANK MEDICAL CENTRE,5043.75,5752.04,1.1404292441140025
N82022,BEACON HEALTH KENSINGTON,10001.25,11787.15,1.17856767904012
N82024,WEST DERBY MEDICAL CENTRE,12586.5,13425.59,1.066665872164621
N82026,PENNY LANE SURGERY,6334.5,6377.79,1.0068340042623727
N82033,DINGLE PARK PRACTICE,5919.75,7112.59,1.201501752607796
N82034,THE VILLAGE SURGERY,5992.75,7419.07,1.2380075925076133
N82035,MATHER AVENUE SURGERY,8835.25,9586.12,1.0849857106476897
N82036,NETHERLEY HEALTH CENTRE,3451.75,4347.07,1.2593814731657853
N82037,WESTMORELAND GP CENTRE,11792.75,13306.2,1.1283373258993874
N82039,STORRSDALE MEDICAL CENTRE,3970.25,3943.23,0.9931943832252377
N82041,OAK VALE MEDICAL CENTRE,12773.0,12806.63,1.0026328975182024
N82046,SEFTON PARK MEDICAL CENTRE,9869.0,10511.75,1.0651281791468235
N82048,WALTON MEDICAL CENTRE,7129.25,8478.17,1.1892092436090753
N82049,WESTMINSTER MEDICAL CENTRE,6519.25,7661.06,1.1751443801050736
N82050,GATEACRE MEDICAL CENTRE,2503.5,2851.36,1.1389494707409626
N82052,TOWNSEND MEDICAL CENTRE,5971.5,6514.19,1.090880013396969
N82053,AINTREE PARK GROUP PRACTICE,15759.0,16580.3,1.0521162510311568
N82054,ABERCROMBY FAMILY PRACTICE,7396.5,8354.84,1.1295666869465288
N82058,ROCK COURT SURGERY,5631.25,6294.2,1.1177269700332964
N82059,GREENBANK DRIVE SURGERY,6205.0,6462.86,1.0415568090249798
N82062,FULWOOD GREEN MEDICAL CTR,7099.75,8025.03,1.1303257156942146
N82065,EARLE ROAD MEDICAL CENTRE,4086.25,4454.92,1.0902220862649128
N82066,WOOLTON HOUSE MEDICAL CTR,9227.75,10039.82,1.0880030343258107
N82067,BENIM MEDICAL CENTRE,5947.0,6622.11,1.1135211030771817
N82070,THE ELMS MEDICAL CENTRE,9821.0,11834.57,1.2050269829956215
N82073,THE ASH SURGERY,6677.5,7404.44,1.108864095844253
N82074,OLD SWAN HEALTH CENTRE,9239.75,10245.28,1.1088265375145432
N82076,BROWNLOW HEALTH @ PRINCES PARK,10496.75,11955.02,1.1389258580036679
N82077,BOUSFIELD SURGERY - DR SHAH,2727.25,3331.52,1.221567513062609
N82078,BOUSFIELD - ROBERTS,3003.25,3712.83,1.236270706734371
N82079,GREENBANK ROAD SURGERY,6452.75,6367.83,0.9868397194994382
N82081,ISLINGTON HOUSE MEDICAL CENTRE,5844.75,7401.37,1.2663279011078319
N82082,ST. JAMES' HEALTH CENTRE,8313.75,9344.67,1.124001804239964
N82083,JUBILEE MEDICAL CENTRE,10204.0,10928.03,1.070955507644061
N82084,GATEACRE BROW SURGERY,6417.5,7255.92,1.1306458901441372
N82086,ABINGDON FAMILY HEALTH CARE CENTRE,3668.0,4179.6,1.1394765539803708
N82087,GILLMOSS MEDICAL CENTRE,2340.5,2708.22,1.1571117282631915
N82089,PICTON GREEN,3838.75,3801.14,0.9902025398892869
N82090,GREEN LANE MEDICAL CENTRE,10199.5,11291.47,1.1070611304475708
N82091,GP PRACTICE RIVERSIDE (DR JUDE),2363.0,2648.55,1.1208421498095642
N82092,THE VALLEY MEDICAL CENTRE,8514.0,9210.0,1.0817477096546864
N82093,DERBY LANE MEDICAL CENTRE,4265.0,4773.19,1.1191535756154747
N82094,BELLE VALE HEALTH CENTRE,8452.5,9616.94,1.137762792073351
N82095,ALBION SURGERY,4729.0,6072.39,1.2840748572636922
N82097,THE GREY ROAD SURGERY,8777.75,9182.79,1.0461439434934923
N82099,MERE LANE GROUP PRACTICE,8468.75,9762.03,1.1527120295202953
N82101,KIRKDALE MEDICAL CENTRE,2728.25,3555.95,1.3033812883716667
N82103,ANFIELD GROUP PRACTICE,9713.0,10376.13,1.0682724184083188
N82104,STONEYCROFT MEDICAL CENTRE,4162.0,4885.56,1.173849111004325
N82106,THE VILLAGE MEDICAL CTRE,3562.75,3848.34,1.0801599887727178
N82107,BEACON HEALTH MOSSLEY HILL,1810.75,1991.65,1.099903354963413
N82108,RUTHERFORD MEDICAL CENTRE,8285.5,7992.09,0.9645875324361837
N82109,SPEKE HC - DR THAKUR,5491.0,6473.72,1.1789692223638681
N82110,LONG LANE,8063.0,8674.33,1.075819174004713
N82113,FAIRFIELD MEDICAL CENTRE,8623.25,8892.09,1.0311761806743398
N82115,VAUXHALL HEALTH CENTRE,8851.5,11773.96,1.3301655086708466
N82116,HILLFOOT HEALTH,7867.0,8459.54,1.0753196898436508
N82117,BROWNLOW GROUP PRACTICE,58997.75,54890.88,0.9303893792559885
N82617,BROWNLOW AT MARYBONE,10163.75,11224.88,1.1044033944164309
N82633,CALVARY HEALTH CENTRE,3557.5,4602.09,1.2936303583977513
N82641,SANDRINGHAM MEDICAL CENTRE,5693.75,6041.11,1.0610072447859495
N82645,BROWNLOW HEALTH AT KENSINGTON,9043.75,9794.62,1.083026399447132
N82646,DR JUDE'S PRACTICE - RIVERSIDE,9424.75,9376.13,0.9948412424732751
N82648,POULTER ROAD MEDICAL CENTRE,2376.75,2538.28,1.0679625539076472
N82650,SPEKE HC - DR SINGH & DR BICHA,5042.75,5555.38,1.1016568340687125
N82651,STANLEY MEDICAL CENTRE,4222.75,5346.11,1.2660256941566514
N82655,MOSS WAY,2396.0,3096.69,1.292441569282137
N82662,DUNSTAN VILLAGE GROUP PRACTICE,8061.0,8726.11,1.0825096141917876
N82663,HORNSPIT MEDICAL CENTRE,4466.5,4897.49,1.096493899026083
N82664,ROCKY LANE MEDICAL CENTRE,2600.5,2403.31,0.9241722745625841
N82668,WALTON VILLAGE MEDICAL CENTRE,3443.5,3631.34,1.0545491505735445
N82669,GREAT HOMER STREET MEDICAL CENTRE,3430.0,4372.65,1.2748250728862973
N82671,BIGHAM ROAD MEDICAL CENTRE,2635.0,3045.15,1.1556546489563568
N82676,FIR TREE,4134.0,4434.77,1.0727552007740688
N82678,STOPGATE LANE MEDICAL CTR,3303.75,3486.6,1.0553461975028378
N83001,RAINBOW MEDICAL CENTRE,14634.75,16599.1,1.134225046550163
N83002,PATTERDALE LODGE MED CTRE,11877.25,13133.68,1.1057845881832915
N83003,ORMSKIRK HOUSE SURGERY,7267.25,8682.21,1.1947036361759948
N83005,VISTA ROAD SURGERY,8663.0,9986.14,1.152734618492439
N83006,PHOENIX MEDICAL CENTRE,3376.75,3873.0,1.146960835122529
N83007,LINGHOLME HEALTH CENTRE,3065.75,3537.56,1.1538970888037186
N83008,BERRYMEAD FAMILY MED.CTR.,8187.0,9392.59,1.1472566263588617
N83009,WINGATE MEDICAL CENTRE,12085.0,15047.16,1.245110467521721
N83010,RAINHILL VILLAGE SURGERY,6878.75,7960.36,1.157239324005088
N83012,MILL STREET MEDICAL CTR.,10292.5,12150.99,1.1805674034491134
N83013,THE HEALTH CENTRE SURGERY,4754.5,5358.62,1.127062782626985
N83014,DINAS LANE MEDICAL CENTRE,10582.75,11698.61,1.1054414022820156
N83015,BLUEBELL LANE SURGERY,0.0,0.0,
N83017,HALL STREET MEDICAL CENTRE,6047.0,7635.03,1.2626145195964942
N83018,STOCKBRIDGE VILLAGE HC,8788.25,10424.77,1.1862168235996928
N83019,BILLINGE MEDICAL PRACTICE,7475.5,8566.04,1.1458818808106481
N83020,MODALITY ST HELENS,15291.25,17805.2,1.164404479686095
N83021,FOUR ACRE HEALTH CENTRE,7826.0,9248.15,1.181721185790953
N83023,ATLAS MEDICAL PRACTICE,11771.25,14251.51,1.2107048954019326
N83024,PARK HOUSE MEDICAL CENTRE,8025.25,9019.31,1.1238665462135136
N83025,CORNERWAYS MEDICAL CENTRE,14644.0,16943.32,1.1570144769188746
N83026,PARKFIELD SURGERY,2573.25,3176.93,1.234598270669387
N83027,CENTRAL SURGERY,6692.25,7805.43,1.1663386753334082
N83028,ASTON HEALTHCARE LIMITED,21871.75,24314.28,1.1116751060157508
N83030,DR M SUARES' PRACTICE,5401.0,5806.57,1.0750916496945009
N83031,ROSEHEATH SURGERY,2828.75,2911.91,1.029398144056562
N83032,MILLBROOK MEDICAL CENTRE,12167.75,14535.08,1.1945577448583344
N83033,ST. LAURENCE'S MEDICAL CENTRE,5534.5,7045.29,1.2729767820037943
N83035,THE SPINNEY MEDICAL CTR.,7100.0,8166.25,1.150176056338028
N83041,RAINFORD HEALTH CENTRE,4687.75,5687.85,1.2133432883579542
N83043,LONGVIEW MEDICAL CENTRE,3881.25,4634.21,1.1939993558776167
N83045,NEWTON PRACTICE,10025.75,10141.52,1.0115472657905893
N83047,TARBOCK MEDICAL CENTRE,5156.0,5638.95,1.0936675717610551
N83049,KENNETH MACRAE MED CENTRE,4196.5,4984.58,1.1877945907303706
N83050,THE BOWERY MEDICAL CENTRE,4868.0,5382.93,1.105778553820871
N83053,LONGTON MEDICAL CENTRE,8914.0,9725.3,1.0910141350684317
N83054,BETHANY MEDICAL CENTRE,4226.5,4558.96,1.0786608304743879
N83055,TRENTHAM MEDICAL CENTRE,0.0,0.0,
N83601,THE MACMILLAN SURGERY,7661.0,8782.63,1.1464077796632293
N83603,PRESCOT MEDICAL CENTRE,7165.0,7919.97,1.1053691556175855
N83605,HOLLIES MEDICAL CENTRE,6213.5,6220.96,1.001200611571578
N83608,DR MAASSARANI & PARTNERS,15957.5,17145.3,1.0744352185492714
N83609,CEDAR CROSS MEDICAL CENTRE,4684.75,4893.67,1.0445957628475373
N83610,COLBY MEDICAL CENTRE,2307.75,2790.46,1.2091691041057306
N83614,ECCLESTON MEDICAL CENTRE,6098.75,6147.89,1.0080573888091822
N83619,ROBY MEDICAL CENTRE,4646.25,5753.53,1.2383169222491255
N83620,WINDERMERE MEDICAL CENTRE,3642.25,3851.15,1.0573546571487404
N83621,HILLSIDE HOUSE SURGERY,2811.25,3265.73,1.1616647398843931
N83622,PRIMROSE MEDICAL PRACTICE,2583.25,2848.29,1.1025994386915707
N83624,DR RAHIL'S SURGERY,2260.0,2530.45,1.1196681415929202
N83628,NEWTON COMMUNITY HOSPITAL PRACTICE,0.0,0.0,
N83633,NUTGROVE VILLA SURGERY,3808.0,4461.96,1.171733193277311
N83637,NEWHOLME SURGERY,3313.5,3762.08,1.1353795080730344
N84001,42 KINGSWAY,8999.25,9368.1,1.0409867488957414
N84002,AINTREE ROAD MEDICAL CENTRE,2488.25,2674.77,1.0749603134733245
N84003,HIGH PASTURES SURGERY,10167.0,10692.65,1.0517015835546375
N84004,GLOVERS LANE SURGERY,7755.25,8448.93,1.089446503981174
N84005,CUMBERLAND HOUSE SURGERY,12302.0,12968.6,1.0541863111689156
N84006,CHAPEL LANE SURGERY,11609.0,12493.42,1.0761839951761565
N84007,LIVERPOOL RD MEDICAL PRACTICE,6095.25,6568.5,1.0776424264796358
N84008,NORWOOD SURGERY,9861.0,10808.96,1.0961322381097252
N84010,MAGHULL FAMILY SURGERY,5595.5,5620.96,1.0045500848896434
N84011,EASTVIEW SURGERY,6481.5,6806.12,1.0500840854740414
N84012,AINSDALE MEDICAL CENTRE,11420.5,12547.7,1.0986997066678341
N84013,CHRISTIANA HARTLEY MEDICAL PRACTICE,11023.75,11971.27,1.0859526023358659
N84014,AINSDALE VILLAGE SURGERY,3670.5,3768.62,1.0267320528538346
N84015,BOOTLE VILLAGE SURGERY,5880.0,6901.2,1.173673469387755
N84016,MOORE STREET MEDICAL CENTRE,5826.0,6910.18,1.186093374527978
N84017,CHURCHTOWN MEDICAL CENTRE,9106.0,10293.26,1.1303821656050956
N84018,THE VILLAGE SURGERY FORMBY,14635.75,15706.67,1.0731715149548195
N84019,NORTH PARK HEALTH CENTRE,6526.75,7429.8,1.1383613590224844
N84020,BLUNDELLSANDS SURGERY,10301.0,10561.44,1.0252829822347345
N84021,ST MARKS MEDICAL CENTRE (TCG MEDICAL),16196.75,17082.46,1.054684427431429
N84023,BRIDGE ROAD MEDICAL CENTRE,7855.75,8855.03,1.1272036406453871
N84024,GRANGE SURGERY,9361.25,11599.79,1.2391283215382562
N84025,WESTWAY MEDICAL CENTRE,9915.0,10599.39,1.0690257186081693
N84027,ORRELL PARK MEDICAL CENTRE,5565.0,5484.96,0.9856172506738544
N84028,THE STRAND MEDICAL CENTRE,7695.75,8881.3,1.1540525614787382
N84029,FORD MEDICAL PRACTICE,5774.25,6195.23,1.0729064380655495
N84034,PARK STREET SURGERY,7405.5,8502.71,1.1481615015866584
N84035,15 SEFTON ROAD,3724.25,4497.78,1.2077008793716855
N84037,LINCOLN HOUSE SURGERY,858.0,888.05,1.03502331002331
N84038,CONCEPT HOUSE SURGERY,5720.5,6509.24,1.1378795559828685
N84041,KINGSWAY SURGERY,5829.5,5841.45,1.002049918517883
N84605,LITHERLAND PRACTICE,8702.5,8825.13,1.0140913530594655
N84613,THE CORNER SURGERY (DR MULLA),4515.75,5071.28,1.1230205392238277
N84614,THE MARSHSIDE SURGERY,3191.5,3718.43,1.1651041829860567
N84615,RAWSON ROAD MEDICAL CENTRE,3254.5,3546.47,1.0897127054847133
N84617,KEW SURGERY,5155.75,4958.52,0.9617456238180673
N84621,GREAT CROSBY AND THORNTON,6951.0,7009.56,1.008424687095382
N84624,MAGHULL HEALTH CENTRE,0.0,0.0,
N84625,THE FAMILY SURGERY,5435.5,5376.3,0.9891086376598289
N84626,HIGHTOWN VILLAGE SURGERY,1884.5,2227.49,1.1820058370920667
N85002,MARINE LAKE MEDICAL PRACTICE,19148.0,21073.04,1.1005347817004387
N85005,EASTHAM GROUP PRACTICE,11094.0,11654.09,1.0504858482062376
N85006,CIVIC MEDICAL CENTRE,9436.0,10521.81,1.1150710046629928
N85007,MYRTLE GROUP PRACTICE,21613.5,24051.62,1.1128054225368404
N85008,WEST WIRRAL GROUP PRACTICE,13630.0,15130.76,1.1101071166544387
N85009,COMMONFIELD RD SURGERY,0.0,0.0,
N85012,ST GEORGES MEDICAL CENTRE,9416.0,10486.69,1.1137096431605777
N85013,UPTON GROUP PRACTICE,7671.25,9375.14,1.222113736353267
N85015,DEVANEY MED CTR,7784.0,8700.82,1.1177826310380268
N85016,RIVERSIDE SURGERY,8618.75,10246.46,1.1888568527918781
N85017,CAVENDISH MEDICAL CENTRE,5583.0,6588.76,1.1801468744402652
N85018,THE VILLA MEDICAL CENTRE,6185.0,6948.89,1.1235068714632175
N85019,WHETSTONE LANE MED CTR,8878.5,10468.67,1.1791034521597117
N85020,ST CATHERINE'S SURGERY,15480.5,17864.38,1.1539924421045833
N85021,HAMILTON MED CTR,2996.75,3865.42,1.289870693251022
N85022,HOLMLANDS MED CTR,4255.25,4663.72,1.0959920098701605
N85023,MANOR HEALTH CTR,5768.0,6333.77,1.0980877253814147
N85024,SOMERVILLE MED CTR,9380.25,10247.43,1.092447429439514
N85025,ST HILARY GROUP PRACTICE,5845.75,6295.73,1.0769755805499721
N85027,CENTRAL PARK MEDICAL CENTRE,9271.75,9912.93,1.0691541510502334
N85028,MORETON GROUP PRACTICE,13227.5,15179.41,1.1475645435645436
N85031,GLADSTONE MED CTR,3897.75,4666.43,1.197211211596434
N85032,GREASBY GROUP PRACTICE,6649.25,7273.86,1.0939369101778396
N85037,HEATHERLANDS MED CTR,5503.75,5816.76,1.0568721326368387
N85038,VITTORIA MED CTR G,4343.5,5370.52,1.2364498676182802
N85044,PAXTON MEDICAL GROUP,20723.75,24169.62,1.1662763737257977
N85046,HOYLAKE RD MET CTR,5038.25,5630.05,1.1174614201359598
N85047,ORCHARD SURGERY,6847.75,7650.89,1.1172852396772663
N85048,MORETON MEDICAL CENTRE,5278.25,6011.28,1.1388774688580494
N85051,SUNLIGHT GROUP PRACTICE,17883.25,20131.27,1.1257053387946823
N85052,GROVE RD SURGERY,4537.25,4976.03,1.0967061546090693
N85054,KINGS LANE MEDICAL PRACTICE,5143.25,5436.7,1.0570553638263744
N85057,TEEHEY LANE SURGERY,1939.75,2238.79,1.1541641964170641
N85059,HOYLAKE & MEOLS MEDICAL CTR,7989.5,8464.72,1.0594805682458226
N85616,LISCARD GROUP PRACTICE,4627.75,5073.96,1.0964205067257307
N85617,SPITAL SURGERY,4806.75,5328.19,1.1084807822333176
N85620,THE VILLAGE MEDICAL CENTRE,6445.0,7117.7,1.1043754848719938
N85625,MIRIAM PRIMARY CARE GROUP,16418.75,19018.71,1.1583531023981728
N85629,EGREMONT MED CTR,4641.75,5009.07,1.0791339473259007
N85633,CHURCH ROAD MEDICAL PRACTICE,4832.75,4783.9,0.9898918835031814
N85634,VITTORIA MED CTR K,1865.25,2416.46,1.2955153464683018
N85640,LEASOWE MEDICAL PRACTICE,2869.5,2872.67,1.0011047220770168
N85643,PRENTON & WOODCHURCH MEDICAL CENTRE,4025.5,4176.73,1.0375680039746615
N85648,BLACKHEATH MED CTR,4047.25,4560.04,1.126700846253629
P81002,LANCASTER MEDICAL PRACTICE,65404.5,57152.95,0.8738381915617427
P81003,ST JAMES' MEDICAL CENTRE,8763.0,10256.98,1.1704872760470157
P81005,LITTLE HARWOOD HEALTH CENTRE,12251.0,12742.61,1.0401281528038528
P81006,GARSTANG MEDICAL PRACTICE,20623.0,23376.65,1.1335232507394657
P81008,YORKSHIRE STREET MEDICAL CENTRE,7170.5,8292.98,1.1565413848406665
P81010,WITHNELL HEALTH CENTRE,5584.25,5804.51,1.0394430765098268
P81013,QUEEN SQUARE MEDICAL PRACTICE,15778.25,15870.46,1.0058441208625797
P81014,ORMSKIRK MEDICAL PRACTICE,9591.25,10568.51,1.1018907858725402
P81015,LYTHAM ROAD SURGERY,13169.5,13078.11,0.9930604806560615
P81016,WATERLOO MEDICAL CENTRE,12369.0,13288.92,1.0743730293475624
P81017,WHALLEY MEDICAL CENTRE,14731.0,15611.65,1.0597820921865453
P81018,ST FILLAN'S MEDICAL CTRE,8240.0,7982.44,0.9687427184466019
P81020,BURNLEY GROUP PRACTICE,24621.25,26757.38,1.0867596080621416
P81022,WITTON MEDICAL CENTRE,10846.5,11585.61,1.0681427188493984
P81025,THE RICHMOND HILL PRACTICE,12718.75,14204.19,1.1167913513513514
P81027,IRWELL MEDICAL PRACTICE,15168.0,16660.93,1.0984262921940928
P81029,ASH TREES SURGERY,24522.25,28846.64,1.1763455637227416
P81031,POPLAR HOUSE SURGERY,6776.25,7435.91,1.0973488286294042
P81032,REEDYFORD HLTH CARE GROUP,14366.5,15796.64,1.0995468624926044
P81033,COPPULL MEDICAL PRACTICE,7991.75,8741.9,1.0938655488472486
P81035,COLNE ROAD SURGERY,8345.75,8533.12,1.02245094808735
P81036,PEEL HOUSE MEDICAL PRACTICE,17346.0,19310.74,1.1132676121295977
P81037,ANSDELL MEDICAL CENTRE,12419.25,14892.58,1.1991529279143265
P81038,THE CHORLEY SURGERY,10007.0,10118.57,1.0111491955631058
P81039,MANOR PRIMARY CARE,5650.5,6119.32,1.0829696487036544
P81040,LONGTON HEALTH CENTRE,10464.25,11040.22,1.0550416895620804
P81041,PARKGATE SURGERY,9519.75,10146.46,1.0658326111505028
P81042,ADELAIDE STREET SURGERY,15282.0,17129.3,1.1208807747677005
P81043,SOUTH KING STREET MEDICAL CENTRE,6712.5,7711.48,1.1488238361266294
P81044,LIBRARY HOUSE SURGERY,16846.0,17522.7,1.0401697732399382
P81045,THE ELMS PRACTICE,4751.0,5091.57,1.0716838560303092
P81046,PARK VIEW SURGERY,6637.25,7469.47,1.1253862669027082
P81047,PARKSIDE SURGERY,16232.25,17934.85,1.1048899567219577
P81051,DARWEN HEALTHCARE,14248.0,14952.01,1.0494111454239192
P81053,BRIERCLIFFE SURGERY,8213.25,8401.11,1.02287279700484
P81054,MARTON MEDICAL PRACTICE,9445.25,10025.52,1.0614351128874302
P81055,BERRY LANE MEDICAL CENTRE,13993.75,14477.01,1.0345339883876732
P81057,WORDEN MEDICAL CENTRE,14011.0,14926.02,1.0653072585825423
P81058,ST GEORGES SURGERY,10058.75,10801.47,1.0738382005716416
P81059,GREAT ECCLESTON HLTH CTR,7800.0,9046.06,1.159751282051282
P81061,REDLAM SURGERY,4468.0,5088.43,1.13886078782453
P81062,REGENT HOUSE SURGERY,7614.0,7943.91,1.0433293932230103
P81063,ST PAULS MEDICAL CENTRE,11331.0,13163.0,1.1616803459535787
P81065,THE PENDLE MEDICAL PARTNERSHIP,15081.75,16635.93,1.103050375453777
P81066,LAYTON MEDICAL CENTRE,8250.25,9117.78,1.105151965091967
P81067,THE HEALTHCARE CENTRE,12807.75,12656.06,0.9881563896859323
P81069,PENDLESIDE MEDICAL PRACT,11810.75,11892.62,1.006931820587177
P81070,PENDLE VIEW MEDICAL CENTRE,8205.25,8398.97,1.0236092745498309
P81071,THE NEW HALL LANE PRACTICE,7196.75,8046.48,1.1180713516517873
P81072,GLENROYD MEDICAL CENTRE,14170.25,15972.1,1.1271572484606835
P81073,CLEVELEYS GROUP PRACTICE,13118.0,15265.68,1.1637200792803781
P81074,HIGHFIELD SURGERY,13609.75,15333.32,1.1266422968827494
P81076,SANDY LANE SURGERY,10849.25,11214.41,1.033657626103187
P81077,HOLLAND HOUSE SURGERY,11041.75,12932.74,1.1712581791835532
P81078,BARNOLDSWICK MED CTR,11964.25,12081.37,1.009789163549742
P81079,THE THORNTON PRACTICE,12980.75,14082.14,1.0848479479228859
P81081,ARNOLD MEDICAL CENTRE,6024.5,6750.72,1.120544443522284
P81082,THE RYAN MEDICAL CENTRE,10553.75,10953.82,1.0379078526590075
P81083,ROSLEA SURGERY,8634.5,8917.05,1.0327233771498059
P81084,HALL GREEN SURGERY,8264.5,9571.28,1.158119668461492
P81086,BROADWAY MEDICAL CENTRE,9755.75,10639.22,1.0905589011608539
P81087,THE OVER-WYRE MED.CTR.,11546.25,14508.68,1.2565707480783805
P81088,WHITWORTH MEDICAL CENTRE,7005.75,7686.31,1.097143061056989
P81089,THE MOUNT VIEW PRACTICE,12312.0,14266.21,1.158724009096816
P81092,THE CRESCENT SURGERY,7693.0,9096.28,1.182409983101521
P81095,THURSBY SURGERY,8619.25,9084.05,1.0539258056095366
P81096,PARBOLD SURGERY,6998.0,7590.33,1.0846427550728779
P81099,HASLINGDEN HEALTHCARE,10865.75,12010.47,1.1053512182776153
P81100,THE CASTLE MEDICAL GROUP,15579.0,15847.5,1.0172347390718275
P81103,NORTH PRESTON MEDICAL PRACTICE,11789.5,11330.45,0.961062810127656
P81107,STONEBRIDGE SURGERY,8195.5,8214.62,1.0023329876151548
P81112,BEACON PRIMARY CARE,16889.0,18503.21,1.095577594884244
P81113,PARK VIEW SURGERY,7269.0,8701.22,1.1970312285046085
P81115,BLOOMFIELD MEDICAL CENTRE,16740.25,18262.32,1.0909227759442064
P81117,CENTRAL PARK SURGERY,5370.75,5379.7,1.0016664339244985
P81118,ILEX VIEW MEDICAL PRACTICE,9795.0,10147.95,1.0360336906584993
P81119,LANE ENDS SURGERY,10454.75,9951.36,0.9518505942275043
P81123,PWE PENDLE VALLEY MILL,13109.5,12847.15,0.9799877951104161
P81125,OAKENHURST MEDICAL PRACTICE,10109.75,10866.59,1.074862385321101
P81127,GAB HEALTHCARE,9802.5,9701.98,0.9897454730935985
P81128,KIRKHAM HEALTH CENTRE,9829.0,9987.64,1.016139993895615
P81129,ASH TREE HOUSE SURGERY,11902.0,12490.63,1.049456393883381
P81130,PADIHAM GROUP PRACTICE,13861.25,15095.59,1.089049688880873
P81132,WATERFOOT MEDICAL PRACTICE,9362.5,10695.12,1.142335914552737
P81133,THE VILLAGE PRACTICE,8913.75,9951.16,1.1163831159725144
P81136,DR A BISARYA,2909.0,3365.19,1.1568202131316603
P81137,BURNLEY WOOD MEDICAL CENTRE,6788.5,7527.24,1.1088222729616262
P81138,BURSCOUGH FAMILY PRACTICE,3015.25,3511.02,1.1644208606251554
P81140,DARWEN HEALTHLINK,15602.0,16611.65,1.0647128573259839
P81143,WHITTLE SURGERY,11549.5,11285.65,0.9771548551885363
P81147,ARG HEALTHCARE,5005.75,5480.71,1.094882884682615
P81149,LOCKWOOD GP SURGERY,8868.25,9198.41,1.0372294421109012
P81150,PARCLIFFE MEDICAL CENTRE,12197.0,13903.98,1.1399508075756333
P81154,GRANVILLE HOUSE MED CTRE,8092.75,9471.05,1.1703129344166074
P81155,BROWNHILL SURGERY,5970.5,5914.02,0.9905401557658489
P81157,FERNBANK SURGERY,11332.0,12904.23,1.1387424991175432
P81159,STONYHILL MEDICAL PRACTICE,12316.25,13990.53,1.1359407287120675
P81160,OSWALD MEDICAL CENTRE,16092.5,17441.5,1.083827870125835
P81165,IGHTENHILL MEDICAL CENTRE,2705.0,2817.7,1.0416635859519408
P81166,DR BELLO'S SURGERY,2430.0,2646.38,1.089045267489712
P81167,STEPPING STONE PRACTICE,5908.75,6170.37,1.044276708271631
P81169,FISHERGATE HILL SURGERY,6651.75,6640.45,0.9983011989326117
P81170,NELSON MEDICAL PRACTICE,10930.5,10445.63,0.9556406385801198
P81171,THE EUXTON MEDICAL CENTRE,4600.75,4735.28,1.029240884638374
P81172,NEWTON DRIVE HEALTH CENTRE,12258.25,13015.72,1.0617926702424898
P81179,LOSTOCK HALL MEDICAL CTR.,6284.25,6166.1,0.9811990293193301
P81180,CLAYTON BROOK SURGERY,3484.5,3678.47,1.0556665231740565
P81181,KINGSFOLD MEDICAL CENTRE,5233.75,5361.15,1.0243420109863863
P81182,RICHMOND MEDICAL CENTRE,6657.25,6704.04,1.0070284276540613
P81184,RIBBLETON MEDICAL CENTRE,8918.75,9282.03,1.0407321653819201
P81185,RIVERSIDE MEDICAL CENTRE,10708.25,10636.62,0.9933107650643196
P81186,MOSS SIDE MEDICAL CENTRE,4775.25,4933.49,1.0331375320663838
P81191,QUEENSWAY MEDICAL CENTRE,9662.0,10131.18,1.0485593044918238
P81196,ISSA MEDICAL CENTRE - PATEL,35485.25,34537.61,0.9732948196785989
P81197,ROSEGROVE SURGERY,5041.5,5368.09,1.0647803233164732
P81201,ASHURST PRIMARY CARE,6037.5,6037.96,1.0000761904761906
P81204,EWOOD MEDICAL CENTRE,0.0,0.0,
P81208,EXCEL PRIMARY CARE,18109.75,19676.34,1.086505335523682
P81212,HAZELVALLEY FAMILY PRACTICE,6071.5,6622.35,1.0907271679156716
P81213,ST. MARY'S HEALTH CENTRE,17156.0,15986.13,0.9318098624387968
P81214,LIMEFIELD SURGERY,4666.5,4565.65,0.9783885138754955
P81218,THE CLAYTON MEDICAL CTR.,6213.5,6480.67,1.042998310131166
P81620,SLAIDBURN HEALTH CENTRE,1477.75,1674.74,1.1333040094738622
P81622,SHIFA SURGERY,11475.75,10272.04,0.8951083807158574
P81633,SPRING-FENISCO HEALTHLINK,3681.5,3963.57,1.0766182262664674
P81646,LATHOM HOUSE SURGERY,4234.75,4807.65,1.1352854359761497
P81647,GUTTERIDGE MEDICAL CENTRE,4175.75,4035.72,0.9664659043285637
P81655,THE VILLAGE SURGERIES CROSTON&ECCLESTON,10310.25,10613.37,1.029399869062341
P81664,THE PARK MEDICAL PRACTICE,18192.75,18344.64,1.0083489302057138
P81668,FLEETWOOD SURGERY,6441.0,6802.95,1.0561946902654866
P81674,STANLEY COURT SURGERY,5763.0,6324.89,1.0974995661981608
P81681,NORTH SHORE SURGERY,13742.5,14474.0,1.0532290340185555
P81683,OLIVE MEDICAL CENTRE,7711.5,6952.89,0.9016261427737795
P81685,DR ALI GUTTRIDGE MEDICAL CENTRE,4347.75,4449.26,1.0233477085849003
P81686,ROSSENDALE VALLEY MEDICAL PRACTICE,2542.75,2585.3,1.0167338511454136
P81687,NEW LONGTON SURGERY,2081.0,2229.18,1.0712061508889956
P81692,BEECHES MEDICAL CENTRE,2064.0,2265.28,1.0975193798449614
P81694,FAMILY PRACTICE,5343.25,5047.14,0.9445824170682637
P81695,AUGHTON SURGERY,6331.25,6610.12,1.0440465942744324
P81699,HIGHER HEYS SURGERY,2211.5,2425.86,1.096929685733665
P81701,DR DAWOUD'S SURGERY,2937.25,3222.27,1.0970363435185972
P81704,BLAKEWATER HEALTHCARE,11148.0,11065.98,0.992642626480086
P81707,WILLIAM HOPWOOD STREET SURGERY,5386.75,5379.98,0.9987432125121826
P81709,ROMAN ROAD HEALTH CENTRE,5837.75,5953.19,1.0197747419810714
P81710,TARLETON GROUP PRACTICE,10020.0,11014.79,1.0992804391217565
P81711,DILL HALL SURGERY,2736.25,2866.21,1.0474956601187757
P81714,ABBEY DALE MEDICAL CENTRE,5861.75,6103.52,1.0412453618799846
P81721,HOLLINS GROVE SURGERY,2495.5,2540.02,1.0178401122019636
P81724,PRINGLE STREET SURGERY,2686.75,2652.4,0.9872150367544431
P81726,KING STREET MEDICAL CTR,1727.0,1803.89,1.0445222929936306
P81730,GREAT HARWOOD MEDICAL GROUP,8877.0,9180.61,1.0342018700011266
P81731,DR JEHANGIR (SH),2661.5,2634.42,0.9898252864925794
P81732,HARAMBEE SURGERY,4649.25,4756.31,1.023027370005915
P81734,THE CORNERSTONE PRACTICE,19674.75,20542.03,1.044080865068171
P81735,DR A HUSSAIN,3442.25,3407.25,0.9898322318251144
P81736,WHITEFIELD HEALTHCARE,4093.25,3997.33,0.9765662981738228
P81738,GREAT HARWOOD SURGERY,0.0,0.0,
P81740,ADLINGTON MEDICAL CENTRE,10844.25,11343.75,1.0460612767134656
P81741,STATION SURGERY,2439.0,2109.42,0.8648708487084871
P81742,BEECHWOOD SURGERY,2550.75,2977.04,1.1671233950798785
P81748,BRIARWOOD MEDICAL CENTRE,7385.5,7252.92,0.9820486087604089
P81755,THE WEAVERS PRACTICE,8901.75,9144.28,1.0272452045946023
P81757,BARROWFORD SURGERY,3540.5,3629.07,1.025016240643977
P81770,AVENHAM SURGERY,7554.0,7831.94,1.0367937516547523
P81771,PRIMROSE BANK MEDICAL CENTRE,9620.5,9710.99,1.0094059560313913
P81780,RIVERSIDE FAMILY PRACTICE,5767.75,5568.25,0.9654111221880283
P82001,THE DUNSTAN PARTNERSHIP,10303.25,10841.94,1.0522835027782496
P82002,PIKES LANE 1,7343.5,7774.09,1.0586355280179751
P82003,KILDONAN HOUSE,15235.0,15247.15,1.000797505743354
P82004,SWAN LANE MEDICAL CENTRE,9811.0,10117.24,1.0312139435327694
P82005,STABLE FOLD SURGERY,7163.75,7249.8,1.012011865294015
P82006,"PIKE VIEW, DR MALHOTRA & PARTNERS",9591.25,10164.78,1.059797210999609
P82007,KEARSLEY MEDICAL CENTRE,13471.25,14574.26,1.0818788159970307
P82008,STONEHILL MEDICAL CENTRE,14783.75,15967.8,1.0800913164792423
P82009,ST HELENS ROAD PRACTICE,7426.5,8153.39,1.0978778697906146
P82010,DALEFIELD SURGERY,8161.5,8046.07,0.9858567665257612
P82011,TONGE FOLD HEALTH CENTRE,6877.0,7687.62,1.1178740729969463
P82012,OCTAGON MEDICAL CENTRE,6058.25,6712.81,1.1080444022613791
P82013,GREAT LEVER HEALTH CENTRE,3857.0,4063.85,1.0536297640653358
P82014,SPRING HOUSE SURGERY,6552.75,7107.75,1.0846972645072679
P82015,UNSWORTH GROUP PRACTICE,20459.5,21102.17,1.031411813582932
P82016,HARWOOD MEDICAL CENTRE,12007.75,13017.12,1.0840598779954613
P82018,THE ALASTAIR ROSS MEDICAL PRACTICE,7323.75,6999.57,0.9557357910906298
P82020,LITTLE LEVER HEALTH CENTRE 1,4730.0,4839.18,1.0230824524312898
P82021,THE OAKS FAMILY PRACTICE,7042.25,6963.11,0.9887621143810571
P82022,DR RIZWAN AND DR AWAN,5248.25,5709.79,1.0879416948506646
P82023,MANDALAY MEDICAL CENTRE,8826.5,8798.08,0.9967801506826035
P82025,BURNSIDE SURGERY,4617.5,4672.08,1.0118202490525177
P82029,HALLIWELL SURGERY 2,3644.75,3982.17,1.0925769943068797
P82030,DEANE MEDICAL CENTRE,3995.75,3889.93,0.9735168616655195
P82031,HEATON MEDICAL CENTRE,10803.0,10985.52,1.016895306859206
P82033,BRADFORD STREET SURGERY,2040.75,2147.03,1.0520788925640083
P82034,EDGWORTH MEDICAL CENTRE,3896.5,4025.7,1.0331579622738354
P82036,LITTLE LEVER HEALTH CENTRE 2,2974.5,3211.83,1.0797881996974281
P82037,FIG TREE MEDICAL PRACTICE,4613.75,4976.99,1.0787298835004064
P82607,CROMPTON VIEW SURGERY,5930.75,5886.89,0.992604645280951
P82609,SHANTI MEDICAL CENTRE,6329.5,5653.66,0.8932237933486057
P82613,SPRING VIEW MEDICAL CENTRE,5088.75,5213.95,1.0246032915745518
P82616,BEEHIVE SURGERY,4013.75,3615.07,0.9006714419184055
P82624,ORIENT HOUSE MEDICAL CENTRE,3617.75,3313.05,0.9157763803469008
P82625,CHARLOTTE STREET SURGERY,2437.0,2341.45,0.9607919573245793
P82626,HALLIWELL SURGERY 3,5159.75,5455.78,1.0573729347352099
P82627,CORNERSTONE SURGERY,4140.0,3956.15,0.9555917874396136
P82629,DR S NASEEF,2065.0,2109.01,1.021312348668281
P82633,GREAT LEVER ONE,2516.75,2612.13,1.037898082844939
P82634,WYRESDALE ROAD SURGERY,4178.25,4071.38,0.9744223059893496
P82640,AL FAL MEDICAL GROUP,5125.25,4779.93,0.9326237744500269
P82643,BROMLEY MEADOWS SURGERY,7436.75,6836.57,0.9192953911318789
P82652,FARNWORTH FAMILY PRACTICE,4303.25,4671.19,1.0855028176378319
P82660,DEANE CLINIC 1,3630.75,3226.78,0.8887364869517318
P83001,FAIRFAX GROUP PRACTICE,14010.75,13427.24,0.958352693467516
P83004,THE UPLANDS MEDICAL PRACTICE,7859.25,7594.16,0.966270318414607
P83005,TOWNSIDE SURGERY,4631.75,5211.11,1.125084471312139
P83006,RAMSBOTTOM MEDICAL PRACTICE,8206.5,8049.5,0.9808688234935722
P83007,RADCLIFFE MEDICAL PRACTICE,10813.25,10703.0,0.989804175432918
P83009,BLACKFORD HOUSE MEDICAL CENTRE,7721.0,8287.47,1.0733674394508483
P83010,MONARCH MEDICAL CENTRE,3671.25,3582.9,0.9759346271705822
P83011,UNSWORTH MEDICAL CENTRE,7242.75,7592.19,1.0482468675572123
P83012,TOWER FAMILY HEALTHCARE,48358.5,49915.24,1.032191651932959
P83015,RIBBLESDALE MEDICAL PRACTICE,7377.75,8135.25,1.1026735793432958
P83017,WOODBANK SURGERY,6760.5,6745.83,0.9978300421566452
P83021,PEEL GPS,10055.0,9872.73,0.9818727001491795
P83024,KNOWSLEY MEDICAL CENTRE,4500.25,4523.1,1.0050774956946837
P83025,ST GABRIEL'S MEDICAL CENTRE,9041.75,8105.46,0.8964481433350845
P83027,GREYLAND MEDICAL CENTRE,1835.25,1916.4,1.0442174090723335
P83603,RED BANK GROUP PRACTICE,9390.5,10270.95,1.093759650710825
P83605,WHITTAKER LANE MED CENTRE,7588.75,7134.26,0.9401100312963269
P83608,THE ELMS MEDICAL CENTRE,6309.25,6586.63,1.0439640210801602
P83609,THE BIRCHES MEDICAL CENTRE,3890.5,3613.56,0.9288163475131731
P83611,WALMERSLEY ROAD MEDICAL PRACTICE,4511.25,4020.09,0.8911255195344971
P83612,MILE LANE HEALTH CENTRE,5309.5,5408.82,1.0187060928524343
P83620,GARDEN CITY MEDICAL CENTRE,5066.0,5629.36,1.111204105803395
P83621,HUNTLEY MOUNT MEDICAL CENTRE,3267.0,3416.16,1.0456565656565655
P83623,LONGFIELD MEDICAL PRACTICE,4998.75,4800.78,0.9603960990247561
P84004,FIVE OAKS FAMILY PRACTICE,8865.75,11290.29,1.2734726334489468
P84005,VALLANCE MEDICAL,15061.75,16025.88,1.0640118180158347
P84009,AILSA CRAIG MEDICAL CENTRE,11694.25,12047.06,1.030169527759369
P84010,THE BORCHARDT MEDICAL CENTRE,10447.75,9987.09,0.9559082099016535
P84012,NORTHENDEN GROUP PRACTICE,8707.0,9964.17,1.1443861261054324
P84014,RK MEDICAL PRACTICE,5363.0,6461.2,1.2047734476971843
P84016,LEVENSHULME MEDICAL PRACTICE,9325.75,9738.47,1.0442559579658472
P84017,LADYBARN GROUP PRACTICE,12831.0,12576.29,0.9801488582339647
P84018,MAULDETH MEDICAL CENTRE,4402.0,3909.13,0.8880349840981372
P84019,VALENTINE MEDICAL CENTRE,10814.75,13791.96,1.2752916156175593
P84020,PEEL HALL MEDICAL CENTRE,9751.0,11144.2,1.1428776535739924
P84021,THE MAPLES MEDICAL CENTRE,9335.5,9819.95,1.0518933104814954
P84022,KINGSWAY MEDICAL PRACTICE,6328.0,6623.43,1.0466861567635903
P84023,SURREY LODGE PRACTICE,9555.25,9979.68,1.0444185133826953
P84024,BOWLAND MEDICAL PRACTICE,8211.75,9312.54,1.1340505982281488
P84025,ST GEORGE'S MEDICAL CENTRE,7643.75,8536.06,1.1167372035977106
P84026,DICKENSON ROAD MEDICAL CENTRE,9468.25,9910.25,1.0466823330604917
P84027,WEST POINT MEDICAL CENTRE,8129.75,8553.19,1.0520852424736309
P84028,GORTON MEDICAL CENTRE,10166.5,11766.74,1.1574032361186248
P84029,BENCHILL MEDICAL PRACTICE,10691.5,12998.3,1.2157601833232006
P84030,NEW COLLEGIATE MEDICAL CENTRE,13710.75,15152.46,1.1051517969476505
P84032,DRS HANIF & BANNURU,6087.5,7351.07,1.2075679671457904
P84033,BEACON MEDICAL CENTRE,4409.25,4961.89,1.1253365084764984
P84034,BARLOW MEDICAL CENTRE,16376.25,16034.55,0.9791344172200594
P84035,BODEY MEDICAL CENTRE,16690.25,16210.84,0.971276044397178
P84037,ARDWICK MEDICAL PRACTICE,6467.25,7775.93,1.2023549422088213
P84038,ASHVILLE SURGERY,13465.75,13263.85,0.9850064051389636
P84039,THE RANGE MEDICAL CENTRE,11388.25,12476.86,1.095590630693917
P84040,CONRAN MEDICAL CENTRE,7571.0,9198.56,1.2149729229956412
P84041,CORNERSTONE FAMILY PRACTICE,7856.5,9570.23,1.2181289378221853
P84042,FLORENCE HOUSE MEDICAL PRACTICE,11371.0,13329.66,1.1722504617008178
P84043,CORNISHWAY GROUP PRACTICE,9760.75,11049.4,1.132023666214174
P84045,THE PARK MEDICAL CENTRE,5290.5,5770.7,1.090766468197713
P84046,CHEETHAM HILL MEDICAL CENTRE,20152.5,21165.38,1.0502607616920978
P84047,ALL SAINTS MEDICAL CENTRE,5715.5,7471.45,1.3072259644825475
P84048,TREGENNA GROUP PRACTICE,6860.75,8209.7,1.1966184455052291
P84049,THE AVENUE MEDICAL CENTRE,11274.25,13485.82,1.1961611637137726
P84050,MOUNT ROAD SURGERY,8158.0,8796.51,1.0782679578328023
P84051,EASTLANDS MEDICAL CENTRE,5738.0,7117.27,1.240374695015685
P84052,WEST GORTON MEDICAL PRACTICE,7521.5,9337.65,1.2414611447184736
P84053,ASHCROFT SURGERY,7986.75,8094.31,1.0134673052242777
P84054,WHITLEY ROAD MEDICAL CENTRE,6580.25,8758.33,1.3310026214809467
P84056,PRINCESS ROAD SURGERY,4465.5,4598.08,1.0296898443623335
P84059,LIME SQUARE MEDICAL CENTRE,8802.75,10294.22,1.1694322796853256
P84061,BROOKLANDS MEDICAL PRACTICE,6191.25,6760.88,1.0920056531395115
P84064,NEW ISLINGTON MEDICAL CENTRE,11579.0,13288.82,1.147665601519993
P84065,CHURCH VIEW MEDICAL CENTRE,4545.0,5545.3,1.22008800880088
P84066,DAVID MEDICAL CENTRE,7709.25,7995.83,1.0371735253105037
P84067,HAZELDENE MEDICAL CENTRE,8394.75,10201.55,1.2152297566931713
P84068,CHORLTON FAMILY PRACTICE,22399.25,21611.92,0.96485016239383
P84070,NEWTON HEATH MEDICAL CENTRE,8404.0,10092.39,1.2009031413612565
P84071,WILBRAHAM SURGERY,4795.75,4768.42,0.9943012041912109
P84072,THE ROBERT DARBISHIRE PRACTICE,33670.25,32553.3,0.9668267981378219
P84074,WELLFIELD MEDICAL CENTRE,11202.75,11658.16,1.0406516257168998
P84605,FERNCLOUGH SURGERY,2022.25,2517.94,1.2451180615650883
P84611,BRUNSWICK MEDICAL PRACTICE,7906.0,9457.98,1.1963040728560586
P84626,WILMSLOW ROAD SURGERY,5788.0,5548.57,0.9586333794056668
P84630,THE ARCH MEDICAL PRACTICE,22845.0,23631.67,1.0344351061501422
P84635,THE WHITSWOOD PRACTICE,5283.25,5568.76,1.054040600009464
P84637,DR KHAN'S PRACTICE,2824.0,3437.57,1.2172698300283287
P84639,FALLOWFIELD MEDICAL CENTRE,3870.0,3500.59,0.904545219638243
P84640,QUEENS MEDICAL CENTRE,0.0,0.0,
P84644,PARKSIDE SURGERY,7209.5,7327.94,1.0164283237395104
P84645,PARK VIEW MEDICAL CENTRE,6552.75,7089.4,1.081896913509595
P84650,THE ALEXANDRA PRACTICE,6305.0,6676.21,1.0588754956383823
P84651,NORTHERN MOOR MEDICAL PRACTICE,5690.25,5604.73,0.9849707833574974
P84663,THE NEVILLE FAMILY CENTRE,5694.75,6558.07,1.151599280038632
P84665,WITHINGTON MEDICAL PRACTICE,4547.75,4487.55,0.9867626848441537
P84669,CORNBROOK MEDICAL PRACTICE,17323.25,18037.52,1.041231870463106
P84672,WOODLANDS MEDICAL PRACTICE,3702.25,3800.55,1.0265514214329126
P84673,ANCOATS URBAN VILLAGE MEDICAL PRACTICE,13540.5,15710.04,1.160225988700565
P84678,DIDSBURY MEDICAL CENTRE - DR WHITAKER,16108.0,14558.06,0.9037782468338713
P84679,WILLOWBANK SURGERY,2174.5,2545.06,1.1704115888710047
P84683,THE DOC'S SURGERY,12947.25,14023.24,1.083105678812103
P84684,CRUMPSALL MEDICAL PRACTICE,6181.5,6478.58,1.0480595324759363
P84689,MANCHESTER INTEGRATIVE MEDICAL PRACTICE,13419.5,14111.38,1.051557807667946
P84690,DAM HEAD MEDICAL CENTRE,2892.0,3356.66,1.16067081604426
P85002,ST MARY'S MEDICAL CENTRE,6725.25,7653.49,1.1380231218170327
P85003,THE CHOWDHURY PRACTICE,6227.5,5712.72,0.9173376154154959
P85004,CHADDERTON MEDICAL PRACTICE,5992.0,5874.28,0.9803538050734312
P85005,LEESBROOK SURGERY,9430.5,11078.69,1.1747722814272838
P85007,OLDHAM FAMILY PRACTICE,4020.75,4572.11,1.1371286451532674
P85010,WOODLANDS MEDICAL PRACTICE,14047.25,14842.14,1.0565868764348894
P85011,CH MEDICAL PRACTICE,12668.0,13639.22,1.0766671929270604
P85012,OLDHAM MEDICAL SERVICES,5835.75,5995.28,1.0273366748061517
P85013,THE ROYTON & CROMPTON FAMILY PRACTICE,21543.0,23342.87,1.083547788144641
P85014,HOPWOOD HOUSE MEDICAL PRACTICE,6541.75,6922.42,1.0581908510719609
P85015,ALEXANDRA GROUP MED PRACT,7641.0,8213.57,1.0749339091741918
P85016,SADDLEWORTH MEDICAL PRACTICE,14007.5,15074.82,1.0761963233981795
P85017,OAK GABLES MEDICAL PRACTICE,9294.0,10866.96,1.169244673983215
P85018,MD FAMILY PRACTICE,4463.75,4681.31,1.0487392887146458
P85019,ROYTON MEDICAL CENTRE,6618.0,6769.62,1.0229102447869447
P85020,SPRINGFIELD HOUSE,7670.25,8231.42,1.07316189172452
P85021,GREENBANK MEDICAL PRACTICE,10477.75,10923.84,1.0425749803154303
P85022,LEES MEDICAL PRACTICE,5080.5,5384.43,1.059822852081488
P85026,QUAYSIDE MEDICAL PRACTICE,16206.25,16901.93,1.0429266486694948
P85601,JALAL PRACTICE,3195.5,3459.43,1.0825942731966829
P85602,SARAF MEDICAL PRACTICE,0.0,0.0,
P85605,LITTLETOWN FAMILY MED PRACT,7619.5,7623.52,1.0005275936741256
P85606,MOORSIDE MEDICAL PRACTICE,6632.75,6979.17,1.05222871358034
P85608,PERKINS PRACTICE,2528.0,2806.73,1.1102571202531646
P85610,MEDLOCK MEDICAL PRACTICE,7525.5,7185.17,0.954776426815494
P85612,WERNETH MEDICAL PRACTICE,3976.5,3686.17,0.9269885577769396
P85614,VILLAGE MEDICAL PRACTICE,4325.25,4502.05,1.04087624992775
P85615,KAPUR FAMILY CARE,12003.5,11181.25,0.9314991460823926
P85621,SUNVALLEY MEDICAL PRACTICE,0.0,0.0,
P85622,GLODWICK MEDICAL PRACTICE,11249.0,11139.43,0.9902595786292115
P86001,MILNROW VILLAGE PRACTICE,7924.0,8481.26,1.0703255931347804
P86002,DR GWD BHIMA,1681.25,1909.92,1.1360118959107808
P86003,EDENFIELD ROAD SURGERY,10928.25,10938.94,1.0009781987051907
P86004,PETERLOO MEDICAL CENTRE,8862.0,9561.37,1.07891785150079
P86005,YORKSHIRE ST SURGERY,6243.75,6588.91,1.055280880880881
P86006,ASHWORTH STREET SURGERY,16884.25,17777.2,1.0528865658824051
P86007,WELLFIELD HEALTH CENTRE,13773.5,14640.63,1.0629564017860385
P86008,MARK STREET SURGERY,10259.5,10682.64,1.041243725327745
P86009,CASTLETON HEALTH CENTRE,10296.25,11529.81,1.119806725749666
P86010,THE JUNCTION SURGERY,8614.5,8856.55,1.02809797434558
P86011,LONGFORD STREET MEDICAL CENTRE,8623.0,9790.08,1.1353450075379798
P86012,WOODSIDE MEDICAL CENTRE,9065.0,10005.84,1.103788196359625
P86013,HEALEY SURGERY,6224.75,6071.68,0.9754094541949476
P86014,CROFT SHIFA HEALTH CENTRE,8044.0,7338.08,0.9122426653406266
P86015,ROCHDALE ROAD MEDICAL CENTRE,5734.0,6349.34,1.1073142657830486
P86016,HEYWOOD HEALTH,8804.75,9259.41,1.0516380362872313
P86017,INSPIRE MEDICAL CENTRE,4772.5,4396.16,0.9211440544787847
P86018,LITTLEBOROUGH GROUP PRACTICE,8616.75,9293.67,1.0785586212899294
P86019,DURNFORD MEDICAL CENTRE,9880.5,11315.85,1.1452709883103083
P86021,PENNINE SURGERY,3664.5,4030.27,1.0998144358029744
P86022,STONEFIELD STREET SURGERY,8726.75,9207.21,1.0550560059586902
P86023,HOPWOOD MEDICAL CENTRE,9320.0,9960.98,1.0687746781115879
P86026,THE DAWES FAMILY PRACTICE,7581.75,8107.6,1.069357338345369
P86602,HEADY HILL SURGERY,3424.75,3671.9,1.072165851522009
P86606,FAMILY PRACTICE,4514.5,4793.16,1.0617255510023258
P86608,THE VILLAGE MEDICAL CTR.,4351.0,4430.18,1.0181981153757758
P86609,THE DALE MEDICAL PRACTICE,2496.75,2454.73,0.9831701211575048
P86614,DR A HAMID,4771.0,4365.4,0.9149863760217983
P86619,DR MB GHAFOOR & PARTNERS,6543.5,6069.75,0.9275999083059525
P86620,WINDERMERE SURGERY,2862.25,2964.42,1.0356956939470696
P86624,TRINITY MEDICAL CENTRE,4254.25,4643.78,1.0915625550919668
P87002,THE POPLARS MEDICAL PRACTICE,11559.25,12152.32,1.0513069619568742
P87004,1/SALFORD MEDICAL PRACTICE,13891.25,14958.7,1.0768433366327725
P87008,WALKDEN MEDICAL CENTRE,8803.25,9334.85,1.0603867889699827
P87015,PENDLETON MEDICAL CENTRE,7427.75,9115.64,1.2272410891588974
P87016,THE SIDES MEDICAL PRACTICE,13633.5,14175.74,1.0397726189166392
P87017,THE LIMES MEDICAL PRACTICE,4955.75,5389.55,1.087534681935126
P87019,SILVERDALE MEDICAL PRACTICE,12925.25,13943.4,1.0787721707510494
P87020,ST ANDREWS MEDICAL CENTRE,15913.5,17414.19,1.0943029503251955
P87022,MOCHA PARADE MEDICAL PRACTICE,2177.25,2804.96,1.288304053278218
P87024,3/SPRINGFIELD HOUSE MEDICAL PRACTICE,11620.5,12233.95,1.0527903274385784
P87025,THE LAKES MEDICAL PRACTICE,10214.0,9984.36,0.9775171333463873
P87026,NEWBURY GREEN MEDICAL PRACTICE,13451.0,15184.87,1.1289026838153298
P87027,LANGWORTHY MEDICAL PRACTICE,18856.75,19419.79,1.029858803876596
P87028,THE GILL MEDICAL PRACTICE,9683.0,10209.59,1.0543829391717443
P87032,ORIENT ROAD MEDICAL PRACTICE,6200.75,6691.03,1.0790678546949966
P87035,ORDSALL HEALTH SURGERY,11598.75,12874.88,1.1100230628300463
P87040,SORREL BANK MEDICAL PRACTICE,8696.5,9802.8,1.12721209682056
P87610,THE MOSSLANDS MEDICAL PRACTICE,12760.25,12873.07,1.0088415195627045
P87613,CLEGGS LANE MEDICAL PRACTICE/129,4658.5,5016.33,1.0768122786304604
P87620,1/MONTON MEDICAL PRACTICE,9369.75,9848.56,1.051101683609488
P87624,ELLENBROOK MEDICAL CENTRE,5082.25,4952.12,0.9743951989768311
P87625,DEARDEN AVENUE MEDICAL PRACTICE,2749.25,2871.23,1.04436846412658
P87627,ORCHARD MEDICAL PRACTICE,3428.75,3338.62,0.9737134524243529
P87630,CHERRY MEDICAL PRACTICE,3163.0,3367.18,1.06455263989883
P87634,CLARENDON SURGERY,10467.5,12384.97,1.1831831860520658
P87639,CORNERSTONE MEDICAL PRACTICE,4324.0,4510.49,1.0431290471785384
P87648,REUT MEDICAL PRACTICE,6859.25,6379.17,0.9300098407260269
P87649,CHAPEL GROUP MEDICAL CENTRE,6306.5,6526.89,1.0349464837865694
P87651,LIMEFIELD ROAD MEDICAL PRACTICE,5266.25,4525.04,0.8592527889864704
P87654,DR A CHAUDHRY & DR I JEET,11630.0,13924.4,1.1972828890799656
P87657,(IRLAM) SALFORD CARE CTRS MEDICAL PRACTI,4074.75,4392.71,1.0780317810908644
P87658,THE WILLOWS MEDICAL PRACTICE,3708.5,3927.04,1.0589294863152219
P87661,MANCHESTER ROAD EAST MEDICAL PRACTICE,2374.5,2392.9,1.0077489997894293
P88002,MARPLE BRIDGE SURGERY,6299.5,6529.35,1.0364870227795857
P88003,MANOR MEDICAL PRACTICE,9572.25,10365.18,1.0828363237483352
P88005,FAMILY SURGERY,11525.5,11787.58,1.02273914363802
P88006,MARPLE COTTAGE SURGERY,11369.0,11670.11,1.026485178995514
P88007,CHEADLE HULME MEDICAL GROUP,14457.75,13482.61,0.9325524372741264
P88008,HEATON MERSEY MED.PRACT.,8473.5,7721.09,0.9112043429515548
P88009,WOODLEY VILLAGE SURGERY,3191.5,3209.93,1.0057747140842863
P88011,HEATON NORRIS MEDICAL PRACTICE,10642.75,11294.8,1.0612670597355007
P88012,BEECH HOUSE MEDICAL PRACT,7921.25,7711.44,0.9735130187786019
P88013,CARITAS GENERAL PRACTICE PARTNERSHIP,12620.0,13092.93,1.0374746434231379
P88014,ADSHALL ROAD MEDICAL PRAC,4879.5,4708.61,0.9649779690542063
P88015,BRAMHALL HEALTH CENTRE,12077.5,11514.22,0.9533612088594493
P88016,BRAMHALL & SHAW HEATH MEDICAL GROUP,13774.0,13317.03,0.9668237258603166
P88017,CHADSFIELD MEDICAL PRACTICE,6651.0,7460.24,1.121671929033228
P88018,PARK VIEW GROUP PRACTICE,10409.75,10397.68,0.9988405100987056
P88019,ALVANLEY FAMILY PRACTICE,5625.75,5634.78,1.0016051193174242
P88020,CHEADLE MEDICAL PRACTICE,11671.75,10956.66,0.9387332662197185
P88021,MARPLE MEDICAL PRACTICE,6913.5,6941.9,1.0041079048238952
P88023,HEALD GREEN HEALTH CENTRE 2,7490.0,6966.64,0.9301255006675568
P88024,GATLEY MEDICAL CENTRE,10275.75,9417.43,0.9164713037977763
P88025,HULME HALL MEDICAL GROUP,10605.25,9976.29,0.9406935244336532
P88026,HEATON MOOR MEDICAL GROUP,54111.25,51259.89,0.947305597264894
P88031,BRACONDALE MEDICAL CENTRE,5796.25,5696.48,0.9827871468621953
P88041,THE VILLAGE SURGERY,8352.25,7354.12,0.8804956748181627
P88042,FINNEY LANE SURGERY,6842.75,6471.07,0.9456826568265683
P88043,BRINNINGTON SURGERY,9467.75,11115.08,1.1739938211296241
P88044,BREDBURY MEDICAL CENTRE,5105.5,5288.63,1.0358691607090393
P88606,SPRINGFIELD SURGERY,5756.75,5250.5,0.9120597559386807
P88615,VERNON PARK SURGERY,3401.75,3839.26,1.1286132137870215
P88623,HIGH LANE MEDICAL CENTRE,7279.0,7469.93,1.0262302514081605
P88625,ARCHWOOD MEDICAL PRACTICE,7820.5,8252.87,1.0552867463717155
P88632,STOCKPORT MEDICAL GROUP,18369.0,17144.98,0.9333649082693668
P89002,THE BROOKE SURGERY,19795.75,21523.82,1.0872950001894346
P89003,ALBION MEDICAL PRACTICE,9974.75,11193.4,1.1221734880573448
P89004,AWBURN HOUSE MEDICAL PRACTICE,6330.25,7441.5,1.1755459894948856
P89005,LOCKSIDE MEDICAL CENTRE,8356.25,8416.74,1.0072388930441287
P89006,PENNINE MEDICAL CENTRE,11510.75,12557.06,1.0908985079165128
P89007,STAVELEIGH MEDICAL CENTRE,7554.25,8273.55,1.0952179236853425
P89008,ASHTON MEDICAL GROUP,17258.25,18756.83,1.0868326742282677
P89010,MEDLOCK VALE MEDICAL PRACTICE,7604.25,8373.88,1.101210507282112
P89011,GORDON STREET MEDICAL CENTRE,5175.5,5164.99,0.997969278330596
P89012,CLARENDON MEDICAL CENTRE,6875.0,7940.53,1.1549861818181817
P89013,HATTERSLEY GROUP PRACTICE,5012.5,5181.83,1.0337815461346633
P89014,HAUGHTON THORNLEY MEDICAL CENTRES,12739.0,13524.92,1.061694010518879
P89015,MILLGATE HEALTHCARE PARTNERSHIP,20736.75,21787.03,1.0506482452650487
P89016,DONNEYBROOK MEDICAL CENTRE,8118.0,9267.09,1.141548410938655
P89018,DENTON MEDICAL PRACTICE,8652.5,8716.91,1.0074440913030915
P89020,HT PRACTICE,7789.5,8693.38,1.1160382566275113
P89021,DUKINFIELD MEDICAL PRACTICE,11075.75,12083.89,1.091022278401011
P89022,KING STREET MEDICAL CENTRE,3408.0,3516.9,1.0319542253521128
P89023,ST. ANDREW'S HOUSE SURGERY,5732.0,6249.93,1.0903576413119331
P89025,TOWN HALL SURGERY,3010.5,3233.61,1.0741106128550075
P89026,GROSVENOR MEDICAL CENTRE,6431.5,6788.28,1.0554738396952499
P89029,MARKET STREET MEDICAL PRACTICE,7050.0,7525.62,1.067463829787234
P89030,WEST END MEDICAL CENTRE,3919.25,4588.01,1.1706346877591376
P89602,THE SMITHY SURGERY,3858.0,4302.01,1.1150881285640228
P89609,STAMFORD HOUSE,5070.0,4861.82,0.958938856015779
P89612,MOSSLEY MEDICAL PRACTICE,2238.25,2349.01,1.0494850887970513
P89613,WATERLOO MEDICAL CENTRE,3404.0,3264.36,0.9589776733254994
P89618,PIKE MEDICAL PRACTICE,2942.75,3154.51,1.0719599014527228
P91003,PARK MEDICAL PRACTICE,7933.75,7838.7,0.9880195367890342
P91004,ALTRINCHAM MEDICAL PRACTICE,8491.75,7211.06,0.8491842082020785
P91006,URMSTON GROUP PRACTICE,13276.25,13657.44,1.0287121739949159
P91007,TIMPERLEY HEALTH CENTRE (WESTWOOD),6348.25,6381.43,1.0052266372622376
P91008,SHAY LANE MEDICAL CENTRE (KELMAN),6206.5,6223.69,1.002769676951583
P91009,DAVYHULME MEDICAL CENTRE,10949.25,11565.67,1.056297919948855
P91011,SHAY LANE MEDICAL CENTRE (PATEL),5633.75,5315.77,0.9435580208564456
P91012,PRIMROSE SURGERY,7516.25,7943.02,1.0567796441044404
P91013,BOUNDARY HOUSE MEDICAL CENTRE,11533.75,11434.9,0.9914295003793215
P91014,WASHWAY ROAD MEDICAL CENTRE,16405.5,14975.9,0.9128584925787083
P91016,WEST TIMPERLEY MEDICAL CENTRE,9432.75,8437.11,0.8944485966446689
P91017,BODMIN ROAD HEALTH CENTRE,8926.75,8963.48,1.0041145993782732
P91018,DELAMERE MEDICAL PRACTICE,14876.25,15044.2,1.0112898075791952
P91019,PARTINGTON CENTRAL SURGERY,3650.5,4218.68,1.1556444322695523
P91020,LIMELIGHT HEALTH AND WELLBEING HUB,9696.5,10063.92,1.037892022894859
P91021,FIRSWAY HEALTH CENTRE,15286.75,15184.6,0.9933177424894107
P91026,PARTINGTON FAMILY PRACTICE,6362.0,7639.34,1.2007764853819554
P91029,FLIXTON ROAD MEDICAL CENTRE,11781.5,11850.98,1.005897381487926
P91035,CONWAY ROAD MEDICAL PRACTICE,13389.5,12425.44,0.9279988050337952
P91603,BARRINGTON MEDICAL CENTRE,7387.25,6626.82,0.8970618295035364
P91604,ST JOHNS MEDICAL CENTRE,16695.25,15323.27,0.9178221350384091
P91617,FAMILY SURGERY,2494.0,2117.1,0.8488773055332798
P91623,VILLAGE SURGERY,7564.75,7851.82,1.0379483789946793
P91627,LOSTOCK MEDICAL CENTRE,8725.75,9042.16,1.0362616394006245
P91629,NORTH TRAFFORD GROUP PRACTICE,15210.25,15252.26,1.0027619532880787
P91631,RIDDINGS FAMILY HEALTH CENTRE,3586.25,3226.75,0.8997560125479261
P92001,MEDICENTRE,5588.0,6087.32,1.0893557623478882
P92002,BRAITHWAITE RD SURGERY,5160.25,5800.68,1.1241083280848796
P92003,THE DICCONSON GROUP PRACTICE,9625.25,10550.23,1.09609932209553
P92004,DR TUN & PARTNERS,7515.5,8881.17,1.1817137914975717
P92005,ZAMAN,4246.5,4944.93,1.164471918050159
P92006,DR AHMAD & PTNRS,6148.75,7456.21,1.2126383411262451
P92007,OLD HENRY STREET MED CTR,6459.0,7003.93,1.0843675491562161
P92008,BRADSHAW MEDICAL CENTRE,8750.0,9952.52,1.1374308571428573
P92010,BEECH HILL MEDICAL PRACTICE,11760.5,12736.23,1.082966710599039
P92011,SULLIVAN WAY SURGERY,8021.25,9045.27,1.127663394109397
P92012,HIGH STREET SURGERY,4532.0,4863.65,1.0731796116504853
P92014,STANDISH MEDICAL PRACTICE,13421.25,13571.63,1.0112046195399087
P92015,ASPULL SURGERY,6020.25,6621.76,1.09991445537976
P92016,PENNYGATE MEDICAL CENTRE,18894.75,21518.64,1.1388687333783194
P92017,SHEVINGTON SURGERY,13188.5,14022.29,1.063220987981954
P92019,PEMBERTON SURGERY,10406.5,11690.27,1.123362321625907
P92020,SIVAKUMAR & PARTNER,5013.0,5166.0,1.030520646319569
P92021,NEWTOWN MEDICAL PRACTICE,6013.5,7442.04,1.2375555001247194
P92023,BROOKMILL MEDICAL CENTRE,8940.25,10154.5,1.1358183495987249
P92024,KUMAR FAMILY PRACTICE,5106.5,5447.07,1.0666934299422304
P92026,LONGSHOOT MEDICAL PRACTICE,7535.0,8254.96,1.0955487723954875
P92028,ELLIOTT STREET SURGERY,4803.5,5003.15,1.041563443322577
P92029,WESTLEIGH MEDICAL PRACTICE,4527.75,4832.32,1.0672674065485064
P92030,DR SEABROOK,4566.25,4738.21,1.0376589104845333
P92031,PLATT HOUSE SURGERY,4455.5,5264.54,1.18158231399394
P92033,"THE SURGERY, TYLDESLEY",4763.0,4949.34,1.039122401847575
P92034,BRYN CROSS SURGERY,5575.5,6166.81,1.1060550623262488
P92038,SAXENA L,3182.5,3168.88,0.9957203456402199
P92041,SSP HEALTH LIMITED ASHTON MEDICAL CENTRE,8564.75,8980.63,1.0485571674596454
P92042,DR KK CHAN & PARTNERS,9130.75,10441.28,1.1435292829176136
P92602,FOXLEIGH FAMILY SURGERY,2499.25,2706.78,1.083036911073322
P92605,BOOTHSTOWN MEDICAL CENTRE,7912.0,7616.23,0.9626175429726996
P92607,GRASMERE SURGERY,7923.75,9079.84,1.1459018772677079
P92615,THE AVENUE SURGERY,4880.0,5351.47,1.0966127049180328
P92620,INCE SURGERY,8031.0,8994.11,1.1199240443282281
P92621,PREMIER HEALTH TEAM,4268.0,4588.33,1.0750538894095596
P92626,MEADOWVIEW SURGERY,6181.0,7140.2,1.1551852451059699
P92630,GOLBORNE SURGERY,2905.75,3046.67,1.0484969457110902
P92633,BEE FOLD MEDICAL CENTRE,3418.5,3890.9,1.1381892642972065
P92634,MESNES VIEW SURGERY,4833.25,5219.45,1.0799048259452748
P92635,DR VASANTH,2030.5,2357.17,1.1608815562669295
P92637,ASTLEY GENERAL PRACTICE,4097.75,3840.88,0.9373143798425966
P92639,SHAHBAZI SS,3060.0,3076.22,1.0053006535947713
P92642,MARUS BRIDGE PRACTICE,5372.25,5852.87,1.0894634464144446
P92646,DR VARDHAN'S SURGERY,3554.75,3713.94,1.044782333497433
P92647,SOUTH WIGAN MEDICAL PRACTICE,6469.0,7257.84,1.1219415674756532
P92648,SLAG LANE MC,5508.5,6050.88,1.0984623763274939
P92651,LOWTON & PLATT BRIDGE SURGERY,5564.25,6293.04,1.1309772206496833
P92653,SHAKESPEARE SURGERY,0.0,0.0,
Y00020,THE GRANTHAM PRACTICE,8833.0,8358.69,0.9463025019812069
Y00026,THE OM SURGERY,2528.5,2550.12,1.0085505240261023
Y00028,KINGS HEALTH & LINGS BROOK PRACTICE,0.0,0.0,
Y00033,PURFLEET CARE CENTRE,6800.5,6256.88,0.9200617601646938
Y00050,LILFORD & PENNINGTON PARK SURGERY,7001.0,7105.68,1.014952149692901
Y00056,CAMBRIDGE ACCESS SURGERY,755.5,630.4,0.8344142951687624
Y00057,ANGEL SURGERY,15250.0,13843.82,0.9077914754098361
Y00058,CARFAX MEDICAL CENTRE,0.0,0.0,
Y00060,THE ANCHOR CENTRE,592.0,526.69,0.8896790540540541
Y00075,GRANGE HILL SURGERY,0.0,0.0,
Y00078,WINSHILL,5279.5,4926.31,0.9331016194715409
Y00080,HARBOUR MEDICAL PRACTICE,7025.75,7024.34,0.9997993096822404
Y00081,LOCALA KIRKLEES SAS,20.75,14.34,0.6910843373493976
Y00090,THE DOCTORS HOUSE,8259.25,6991.23,0.8464727426824469
Y00137,WILLOWS HEALTH,32932.75,31653.12,0.9611441498204675
Y00140,TORCROSS MEDICAL CENTRE,2153.25,2412.8,1.1205387205387207
Y00155,GROVE SURGERY,10842.5,8705.16,0.8028738759511183
Y00159,HALL GREEN HEALTH,31480.0,29618.2,0.9408576874205845
Y00184,DILSTON MEDICAL CENTRE,9584.0,7968.51,0.831438856427379
Y00185,CATHEDRAL MEDICAL CENTRE,11521.0,9959.59,0.8644727020223939
Y00186,3D MEDICAL CENTRE,1761.75,1581.24,0.8975393784589187
Y00200,PORTOBELLO MEDICAL CENTRE,4479.75,4266.31,0.9523544840671914
Y00206,BURNLEY PRACTICE,10234.5,9270.4,0.9057990131418242
Y00228,AMBAR MEDICAL CENTRE,2494.5,2094.91,0.8398115854880737
Y00252,DR SJC CLAY'S PRACTICE,3107.25,3120.61,1.00429962185212
Y00265,CHAPEL MEDICAL CENTRE,15797.75,13466.33,0.8524207561203336
Y00278,DARLASTON HEALTH CENTRE,3653.25,3632.0,0.9941832614795045
Y00286,THE RAVENSCAR SURGERY,3348.75,3644.16,1.088215005599104
Y00293,HEDINGHAM MEDICAL CENTRE,9341.5,10386.0,1.111812878017449
Y00297,THE HOLLIES SURGERY,4912.75,4818.3,0.9807745152918427
Y00312,"THE ROBINS SURGERY, HAROLD HILL HEALTH C",4664.5,4347.2,0.9319755600814663
Y00316,WOODLANDS MEDICAL PRACTICE,5343.25,4848.11,0.9073335516773499
Y00328,GOLDINGTON ROAD SURGERY,0.0,0.0,
Y00344,LEICESTER CITY ASSIST PRACTICE,1622.25,1041.89,0.6422499614732625
Y00347,DR JACOBS SURGERY,5500.5,5600.12,1.0181110808108353
Y00351,LANGLEY CORNER SURGERY,12245.25,11264.16,0.9198799534513382
Y00352,HESA MEDICAL CENTRE - Y00352,23129.0,20736.7,0.8965670802888149
Y00399,DR PASQUALI,4031.0,4266.88,1.05851649714711
Y00403,TROWBRIDGE PRACTICE,7983.25,7829.24,0.9807083581248238
Y00411,DEARNE VALLEY GROUP PRACTICE,11734.75,13595.45,1.1585632416540617
Y00412,SOHO HEALTH CENTRE,5788.0,5787.38,0.9998928818244645
Y00437,THE ORCHARD SURGERY,10561.0,9025.37,0.8545942619070165
Y00445,4 LONGSHAW DRIVE,19871.25,20189.55,1.0160181166257785
Y00446,MAGHULL PRACTICE,3133.75,3137.35,1.0011487834064619
Y00469,DR SIMS AND PARTNERS,11869.25,12695.6,1.0696210796806875
Y00471,BROADWAY HEALTH CENTRE,7525.5,8062.12,1.0713068899076472
Y00475,GARSWOOD SURGERY,5293.75,5606.3,1.0590413223140496
Y00486,BOTOLPH BRIDGE COMMUNITY HEALTH CENTRE,7612.25,6596.7,0.8665900357975631
Y00492,SUMMERFIELD GROUP PRACTICE,8814.75,8263.99,0.9375183641056184
Y00507,ST. QUINTIN HEALTH CENTRE,3242.0,3647.8,1.1251696483652067
Y00522,THE VILLAGE MEDICAL CTR,1.0,1.84,1.84
Y00560,WOOTTON VALE AND SHORTSTOWN SURGERY,17058.5,15468.95,0.9068177155083976
Y00568,FOXHAYES PRACTICE,4756.75,4080.89,0.8579155936301046
Y00589,GREENWOOD SURGERY,0.0,0.0,
Y00612,GREEN CEDARS MEDICAL CENTRE,4901.0,4264.8,0.8701897571924098
Y00726,THE HIVE HEALTH CENTRE,5598.5,5882.06,1.0506492810574262
Y00758,DR JO ARAYOMI'S PRACTICE,2571.0,2513.82,0.9777596266044342
Y00774,BRANDON MEDICAL PRACTICE,5242.25,6218.68,1.186261624302542
Y00902,THE WESTBOURNE GREEN SURGERY,3470.75,3598.91,1.0369257365122813
Y00918,GRANVILLE MEDICAL CENTRE,6778.0,6256.1,0.9230008852168782
Y00969,RAME GROUP PRACTICE,11845.0,12662.89,1.0690493879273955
Y00996,MERIDIAN PRACTICE,4497.0,2964.86,0.6592973093173227
Y00999,ODDFELLOWS HALL & ST CLEMENTS,11799.25,10416.65,0.8828230607877618
Y01008,BAY MEDICAL GROUP,54746.75,62106.24,1.1344278884134675
Y01011,BARLBY SURGERY,11324.5,11381.64,1.0050456973817827
Y01050,ROSMELLYN SURGERY,7536.5,8290.53,1.100050421283089
Y01051,MORRAB SURGERY,8908.75,9903.91,1.1117059071137927
Y01057,HOMELESS HEALTH EXCHANGE,1251.5,1090.18,0.8710986815821016
Y01066,HANLEY PRIMARY CARE CENTRE,9350.5,9054.98,0.9683952729800545
Y01068,AMAANAH MEDICAL PRACTICE,4902.0,4575.65,0.9334251325989391
Y01090,SMS MEDICAL PRACTICE,8254.0,7106.24,0.8609449963653986
Y01108,FAIRFIELD SURGERY,3750.25,3771.99,1.0057969468702086
Y01118,ECCLESHILL VILLAGE SURGERY,3439.0,3533.89,1.027592323349811
Y01124,THE DURU PRACTICE,0.0,0.0,
Y01127,NEETSIDE SURGERY,6385.0,6874.74,1.076701644479248
Y01132,CHARTFIELD SURGERY,13377.0,11810.71,0.8829117141362038
Y01163,WEST COKER SURGERY,4041.75,4154.67,1.0279383930228243
Y01206,GLEBE ROAD SURGERY,10138.25,9585.84,0.9455122925554214
Y01221,SOMERSET FHP O,3373.25,3166.47,0.9387000667012524
Y01280,SHIFA MEDICAL PRACTICE,2371.0,2095.49,0.8838000843525937
Y01281,THE VILLAGE SURGERY,4589.0,4835.5,1.0537154064066245
Y01291,CHINGFORD MEDICAL PRACTICE,10257.5,9744.95,0.9500316841335609
Y01652,THE NEW SPRINGWELLS PRACTICE,6155.25,7786.3,1.2649851752568946
Y01655,THE VALE PRACTICE,10116.75,8360.15,0.8263671633676822
Y01690,SCHOOL LANE PMS PRACTICE,6904.75,5962.81,0.8635808682428764
Y01695,MP VICTORIA MILL,4150.5,4862.71,1.1715961932297314
Y01719,PRIME PRACTICE PARTNERSHIP,9134.0,8426.78,0.9225728049047516
Y01756,STOURSIDE MEDICAL PRACTICE,6203.0,6171.7,0.994954054489763
Y01794,RAVENSWOOD MEDICAL PRACTICE,15075.75,14529.41,0.9637603435981626
Y01795,THE OVAL PRACTICE,7466.0,7201.49,0.9645713903027056
Y01812,HEARTWOOD MEDICAL PRACTICE,11175.75,11413.77,1.0212978994698343
Y01839,SINNOTT MEDICAL CENTRE,7276.25,7185.41,0.9875155471568459
Y01922,STENNACK SURGERY,11909.0,13031.62,1.0942665211184819
Y01924,GARDENS AND JACOBS MEDICAL PARTNERSHIP,92.25,120.31,1.3041734417344173
Y01929,TELDOC,52812.25,49863.44,0.944164280067598
Y01948,OPEN DOOR,2539.25,2277.59,0.8969538249483116
Y01964,BERRYCROFT COMMUNITY HEALTH CENTRE,28506.25,26773.25,0.9392063144047358
Y02002,ONE MEDICARE LLP-THE LIGHT,20197.25,18379.14,0.909982299570486
Y02045,VERNOVA HEALTHCARE CIC,6.75,7.11,1.0533333333333335
Y02117,ST ANN'S ROAD SURGERY,16181.0,15432.26,0.9537272109263951
Y02177,THE PRACTICE NORTHUMBERLAND AVENUE,6757.0,5911.98,0.8749415421044842
Y02212,DUDLEY WOOD SURGERY,2757.5,2737.01,0.9925693563009974
Y02274,RIVINGTON WAY SURGERY,3879.75,3890.46,1.0027604871447902
Y02319,BOLTON GENERAL PRACTICE,7676.5,6913.34,0.9005849019735557
Y02321,POPLAR STREET SURGERY,5759.25,5833.26,1.0128506315926553
Y02322,LEIGH FAMILY PRACTICE,9326.25,9589.6,1.0282375016753786
Y02325,CHARLESTOWN MD,5398.5,5595.6,1.0365101417060296
Y02332,KINGSWAY & BRAMINGHAM SURGERY,19086.0,16551.14,0.8671874672534842
Y02342,FEATHERSTONE ROAD HEALTH CENTRE,9711.0,8616.69,0.887312326227989
Y02354,SANDY LANE SURGERY,9323.75,10306.2,1.1053706931224025
Y02378,BRYN STREET SURGERY,6318.75,6539.06,1.0348660731948567
Y02414,BURNTWOOD HEALTH & WELLBEING CENTRE,0.5,0.45,0.9
Y02423,GRAFTON MEDICAL PARTNERS,43892.75,38542.12,0.8780976357143264
Y02424,COTTINGHAM ROAD,0.0,0.0,
Y02442,ST THOMAS ROAD SURGERY,0.5,0.39,0.78
Y02463,THE TOWN CENTRE PRACTICE,12864.75,10422.1,0.810128451777143
Y02466,BUCKSHAW VILLAGE HEALTH CENTRE,12083.5,9654.34,0.7989688418090785
Y02469,HERON GP PRACTICE,9941.5,8765.64,0.881722074133682
Y02476,BROAD STREET HEALTH CENTRE,14195.0,11765.5,0.8288481859809792
Y02494,SHAKESPEARE MEDICAL PRACTICE,8191.0,7406.55,0.9042302527163961
Y02506,SHEPPEY NHS HEALTHCARE CENTRE,0.0,0.0,
Y02509,LCD WAKEFIELD WIC,0.0,0.0,
Y02510,MARSHALLS CROSS MEDICAL CENTRE,6819.5,7792.48,1.1426761492778061
Y02517,NEWQUAY HEALTH CENTRE,17156.0,16085.54,0.9376043366752157
Y02519,GLOUCESTER HEALTH ACCESS CENTRE,9893.75,8627.73,0.8720384080859128
Y02520,SIMPSON MEDICAL PRACTICE,5571.25,5762.8,1.034381871213821
Y02521,WILLOW BANK SURGERY,10425.0,9462.82,0.9077045563549161
Y02526,PHL SAS SERVICE,87.75,82.44,0.9394871794871794
Y02567,HODGE HILL FAMILY PRACTICE,6489.75,5718.28,0.881124850726145
Y02571,POPLAR PRIMARY CARE CENTRE,8220.25,8137.39,0.9899200145980962
Y02572,CALDER COMMUNITY PRACTICE,0.0,0.0,
Y02575,OMNES HEALTHCARE LTD,22185.25,19277.08,0.8689142560935758
Y02578,BROADMEAD MEDICAL CENTRE,12022.5,10576.26,0.8797055520898316
Y02586,ASHTON PRIMARY CARE CTR.,5198.0,5248.12,1.0096421700654097
Y02589,HAMMERSMITH & FULHAM CENTRES FOR HEALTH,10216.75,8980.73,0.8790202363765385
Y02594,ESSINGTON MEDICAL CENTRE,2898.75,2930.92,1.0110978870202674
Y02605,ACCRINGTON VICTORIA GP PRACTICE,3743.5,3662.22,0.9782876986777079
Y02606,FAIRMORE MEDICAL PRACTICE,6065.5,5994.69,0.9883257769351248
Y02611,NORTH CHELMSFORD NHS HCC,15437.25,11616.73,0.75251291518891
Y02614,INTRAHEALTH AT HEALTHWORKS WIC,0.0,0.0,
Y02622,BLACKFRIARS,15680.5,15845.7,1.0105353783361501
Y02625,CARE HOMES MEDICAL PRACTICE,1207.75,3645.57,3.018480645829021
Y02626,THE KEYS FAMILY PRACTICE,4735.25,4514.27,0.9533329813631805
Y02627,HARDEN BLAKENALL,12077.5,11805.11,0.9774464914096461
Y02633,BOW MEDICAL PRACTICE,5835.5,6488.25,1.111858452574758
Y02636,PENNFIELDS MEDICAL CENTRE,6742.75,6256.48,0.9278825405064699
Y02639,SPRING HOUSE HEALTH,9825.0,8255.17,0.8402208651399491
Y02646,TURNER ROAD SURGERY,10575.75,7954.62,0.7521565846393873
Y02653,HIGH OAK SURGERY,4283.5,4247.69,0.991640014007237
Y02657,BENTHAM ROAD HEALTH CENTRE,8294.5,8064.53,0.9722743986979323
Y02658,BLAYDON GP LED PRACTICE,0.0,0.0,
Y02663,DROYLSDEN MEDICAL PRACTICE,4396.25,4078.66,0.9277588854137049
Y02669,CASTLE HEALTH CENTRE,4959.5,4745.26,0.9568020969855833
Y02671,THE PRACTICE HEART OF HOUNSLOW,18348.25,15655.55,0.8532448598640197
Y02672,THE PRACTICE FELTHAM,13179.25,12141.26,0.921240586528065
Y02674,CAMDEN HEALTH IMPROVEMENT PRACTICE,633.5,643.76,1.0161957379636937
Y02676,BRIGHTON STATION HEALTH CENTRE,9483.0,7333.26,0.7733059158494148
Y02684,QUAYSIDE MEDICAL CENTRE,3775.25,3619.03,0.9586199589431164
Y02686,BOWLING GREEN STREET SURGERY,8681.25,7655.15,0.8818027357811374
Y02692,THE WEMBLEY PRACTICE,16548.5,12908.56,0.7800441127594646
Y02701,GREAT BRIDGE HEALTH CENTRE,8837.0,7760.11,0.8781385085436234
Y02707,ST LUKE'S HEALTH CENTRE,6772.5,5903.86,0.8717401255075673
Y02713,GUIDE BRIDGE MEDICAL PRACTICE,4694.5,4346.79,0.9259324741719033
Y02718,BIRTLE VIEW MEDICAL PRACTICE,4300.0,4544.88,1.0569488372093023
Y02720,THE KINGSWAY PRACTICE,4350.0,4116.26,0.9462666666666667
Y02721,KIRKHOLT MEDICAL PRACTICE,4820.0,4447.25,0.9226659751037345
Y02736,SHOWELL PARK HEALTH CENTRE,7069.5,6275.89,0.8877417073343236
Y02747,HAXBY GROUP HULL,18495.0,15821.41,0.8554425520410922
Y02751,NORWICH PRACTICES HEALTH CENTRE,11179.75,9893.33,0.8849330262304613
Y02753,HILL TOP SURGERY,5769.5,6173.39,1.0700043331311206
Y02754,BANBURY HEALTH CENTRE,0.0,0.0,
Y02755,ROCK HEALTHCARE LIMITED,10028.75,8789.54,0.8764342515268604
Y02757,BILSTON URBAN VILLAGE MEDICAL CENTRE,13496.0,12619.82,0.93507854179016
Y02767,THE HEIGHT GENERAL PRACTICE,6587.0,5961.21,0.9049962046455139
Y02769,ST NEOTS HEALTH CENTRE,8152.0,6528.89,0.800894259077527
Y02787,THE OAK TREE MEDICAL PRACTICE,7280.0,5975.23,0.8207733516483516
Y02790,BOLTON MEDICAL CENTRE,7554.0,7047.3,0.932922954725973
Y02794,OAKLEAF,12568.25,11444.75,0.9106080798838343
Y02795,MIDDLETON HEALTH CENTRE,5023.5,4957.51,0.9868637404200259
Y02807,THURROCK HEALTH CENTRE,12918.5,10315.54,0.7985091148353137
Y02808,MK URGENT CARE SERVICES OOH,0.0,0.0,
Y02811,BECKENHAM BEACON,12373.0,10490.56,0.8478590479269377
Y02827,JOHN STREET MEDICAL PRACTICE,5142.5,4807.24,0.9348060281964025
Y02834,NHS HARROW,0.0,0.0,
Y02842,HALF PENNY STEPS HEALTH CENTRE,8196.0,8835.58,1.0780356271351879
Y02847,PARLIAMENT STREET MEDICAL CENTRE,9584.0,9217.28,0.9617362270450752
Y02849,CITY HEALTH CENTRE,15134.0,15347.24,1.0140901281881856
Y02854,GP LED HEALTH CENTRE,0.0,0.0,
Y02867,MIDDLEPORT MEDICAL CENTRE,4718.0,5063.15,1.0731559983043661
Y02873,COMPASS HEALTH,62.0,61.85,0.9975806451612903
Y02875,LINDLEY HOUSE HEALTH CENTRE,5051.75,5105.63,1.0106656109269065
Y02885,MARSH GREEN MEDICAL PRACTICE,4025.5,3999.0,0.9934169668364179
Y02886,LEIGH SPORTS VILLAGE,4436.0,4378.3,0.9869927862939586
Y02890,HAWTHORN MC,6724.5,6299.44,0.9367893523682057
Y02893,IRIDIUM MEDICAL PRACTICE,22046.25,21887.18,0.9927847139536202
Y02900,BROOKLANDS HEALTH CENTRE,22167.75,16405.76,0.7400733046881167
Y02906,CANBERRA OLD OAK SURGERY,10158.5,9124.43,0.898206428114387
Y02928,THE PRACTICE ALBERT ROAD,23163.0,22445.63,0.9690294866813453
Y02933,HOLLINWOOD MEDICAL PRACTICE,8468.0,8884.7,1.04920878601795
Y02936,MILLBROOK MEDICAL PRACTICE,3575.0,3266.01,0.9135692307692308
Y02946,JUNCTION HEALTH CENTRE,8666.75,6652.05,0.7675368506072057
Y02960,NEW BANK HEALTH,6475.0,6517.95,1.0066332046332047
Y02962,EDRIDGE ROAD COMMUNITY HEALTH CENTRE,822.75,516.31,0.6275417806137952
Y02973,KINGS PARK SURGERY,9045.0,7490.52,0.8281393034825871
Y02974,AT MEDICS,12814.0,11163.05,0.8711604495083501
Y02986,CRICKLEWOOD HEALTH CENTRE,5208.25,4296.53,0.8249469591513464
Y02987,AT MEDICS - THE LOXFORD PRACTICE,32947.5,27475.91,0.8339300402154943
Y03007,ERDINGTON GP HEALTH & WELLBEING WIC,0.0,0.0,
Y03023,ST ANDREWS HEALTH CENTRE,33086.75,32489.03,0.9819347624048902
Y03035,QUEENSWOOD MEDICAL PRACTICE,21846.75,20064.83,0.918435465229382
Y03049,SPRING HILL PRACTICE,16850.75,15372.23,0.9122579113689301
Y03052,DR SALAKO AND PARTNERS,14599.75,13637.63,0.9341002414424904
Y03063,HETHERINGTON AT THE PAVILION,8192.75,7764.44,0.9477208507521894
Y03079,BOLTON COMMUNITY PRACTICE,15842.75,16461.69,1.0390677123605434
Y03103,MEDICUS SELECT CARE,304.0,312.07,1.0265460526315788
Y03124,17A TREMAYNE ROAD,5756.75,6257.97,1.0870664871672384
Y03135,BRIDGE HOUSE MEDICAL PRACTICE,9228.0,8135.63,0.881624403987863
Y03222,ST JOHN'S SURGERY,6538.75,7505.1,1.1477881858153318
Y03366,OLIVE FAMILY PRACTICE,5577.0,5294.03,0.9492612515689438
Y03402,EVERGREEN PRIMARY CARE CENTRE,19850.25,17772.23,0.895315172352993
Y03434,PATIENT FIRST SOCIAL ENTERPRISE,0.0,0.0,
Y03441,"HEALTH AND WELLBEING CENTRE, EARLS COURT",9552.25,7443.9,0.779282368028475
Y03595,BEECHCROFT AND OLD PALACE,6976.75,7204.84,1.0326928727559395
Y03597,HAMD MEDICAL PRACTICE,7103.0,6759.41,0.9516274813459101
Y03602,GREY GABLE SURGERY,6001.5,6186.79,1.0308739481796219
Y03663,HENDON WAY SURGERY,9491.0,8109.16,0.8544052260035824
Y03664,DR AZIM & PARTNERS,8796.25,7479.27,0.8502793804177917
Y03671,SPARCELLS SURGERY,0.25,0.11,0.44
Y03755,GREENWICH PENINSULA,13859.25,14054.54,1.0140909500874868
Y04266,CROSLAND MOOR SURGERY,4019.0,4017.04,0.999512316496641
Y04273,LIBERTY BRIDGE ROAD PRACTICE,20379.25,18284.24,0.8971988664941056
Y04662,CRANBROOK MEDICAL PRACTICE,5630.0,4733.55,0.8407726465364121
Y04664,THE WILLASTON SURGERY,4501.0,4969.79,1.1041524105754277
Y04809,LAKESIDE SURGERY,2394.5,2564.51,1.0710002088118606
Y04882,CHAUCER SURGERY,3184.75,3276.35,1.0287620692362038
Y04884,SATIS HOUSE,3308.25,3420.38,1.0338940527469207
Y04925,CHAPELFORD PRIMARY CARE CENTRE,7987.25,6447.41,0.8072127453128424
Y04957,ST AUSTELL HEALTH GROUP,32681.25,33309.91,1.0192361063300823
Y04965,ALLIANCE TEACHING PRACTICES,22917.25,20959.92,0.9145914104004624
Y04968,FARRIER HOUSE SURGERY,285.75,160.91,0.5631146106736657
Y04969,CAMP HILL GP LED HEALTH CENTRE,4971.25,4559.0,0.9170731707317074
Y04977,CRESWELL AND LANGWITH MEDICAL CENTRE,5569.0,6841.86,1.228561680732627
Y04995,ROYAL PRIMARY CARE CHESTERFIELD,19068.5,21491.1,1.1270472244801635
Y05023,SILVER END SURGERY,4981.75,4888.38,0.9812575902042455
Y05080,FIRST CHOICE MEDICAL CARE,3047.75,2381.96,0.7815470429005004
Y05167,THE FLYING SCOTSMAN HEALTH CENTRE,13289.25,11441.89,0.8609883928739395
Y05212,WEST CHELTENHAM MEDICAL,5904.0,5060.59,0.8571460027100272
Y05248,BRIERLEY MEDICAL CENTRE,3313.5,4069.1,1.2280368190734872
Y05286,LISTER HOUSE CHELLASTON,17191.5,15191.5,0.8836634383270803
Y05291,TOFTWOOD MEDICAL CENTRE,3058.0,3158.25,1.032782864617397
Y05317,COUNTRY PARK PRACTICE,7263.25,6841.12,0.9418813891852821
Y05318,DENMARK ROAD SURGERY,5875.0,5465.31,0.9302655319148937
Y05330,"WELBOURNE MED PRAC, WELBOURNE H C",5042.25,4425.01,0.8775863949625664
Y05346,WESTWOOD PRIMARY CARE CENTRE,3569.0,3692.5,1.0346035304006724
Y05349,CLOVER CITY PRACTICE,5418.75,4413.82,0.8145457900807381
Y05363,BHF HIGHGATE SURGERY,3122.5,3653.59,1.1700848678943154
Y05364,BHF LUNDWOOD SURGERY,3495.25,3602.45,1.0306701952650024
Y05369,BALDERTON SURGERY,6507.75,6082.86,0.9347101532787829
Y05622,SOUTHGLADE MEDICAL PRACTICE,5261.0,4707.33,0.8947595514160805
Y05690,KIRKBY COMMUNITY PRIMARY CARE CENTRE (3),7117.0,7014.86,0.9856484473795138
Y05733,PARKFIELDS SURGERY,6812.0,6587.34,0.9670199647680564
Y05826,THE HILL GP PRACTICE,6337.75,5179.23,0.8172032661433474
Y06007,WELLSBOURNE HEALTHCARE CIC,8631.25,9449.79,1.0948344677769732
Y06113,QHS GP CARE HOME SERVICE,446.0,1778.59,3.9878699551569503
Y06218,BROWNSOVER MEDICAL CENTRE,9705.75,8319.58,0.8571805373103573
Y06275,NELSON MEDICAL CENTRE,6224.0,5974.88,0.959974293059126
Y06320,FEDERATED4HEALTH LTD (APMS),0.0,0.0,
Y06345,BROMLEAG CARE PRACTICE,1448.5,5110.25,3.527959958577839
Y06356,BILBOROUGH MEDICAL CENTRE,9849.0,10226.36,1.0383145497004773
Y06378,HEATH STREET HEALTH CENTRE,7010.25,7013.13,1.0004108270033165
Y06389,SAS MID AND SOUTH ESSEX STP,1001.0,719.21,0.7184915084915086
Y06443,WHYBURN MEDICAL PRACTICE,12861.75,13619.05,1.0588800124399866
Y06507,PEACOCK HEALTHCARE,0.0,0.0,
Y06545,MARVELS CLINIC,253.25,384.49,1.51822309970385
Y06592,MARVELS CLINIC,189.25,195.08,1.0308058124174373
Y06659,NOOK SURGERY,3470.25,3105.09,0.894774151718176
Y06792,BROAD OAK MEDICAL PRACTICE,7428.75,7464.37,1.0047948847383477
Y06810,WHITEHOUSE HEALTH CENTRE,14815.5,12663.14,0.8547224190881171
Y07014,SHAKESPEARE ROAD MEDICAL PRACTICE,14013.75,13721.24,0.9791269289091071
Y07020,C/O AKERMAN MED PRACTICE,535.0,1859.36,3.4754392523364483
Y07025,PARK MEDICAL CENTRE,8340.75,8358.23,1.0020957347960315
Y07040,MEDICUS SELECT CARE BLMK CCG,111.25,109.5,0.9842696629213483
Y07057,BRETTON MEDICAL PRACTICE,12172.5,11613.48,0.9540751694393099
Y07059,NENE VALLEY AND HODGSON MEDICAL PRACTICE,19283.75,18772.9,0.9735087833020031
Y07060,THOMAS WALKER WESTGATE HEALTHCARE,25193.75,24218.45,0.9612880178615728
Y07274,WINDERMERE AVENUE,655.25,673.17,1.027348340328119
Y07275,BROUGHTON HOUSE GP SURGERY,2886.75,2890.91,1.001441066943795
Y08371,BEAM PARK MEDICAL PRACTICE,2123.75,2539.39,1.1957104178928781
