gp_code,extract_date,total_list,female_total,a0_14,a15_44,a45_64,a65_74,a75_84,a85plus,pct_0_14,pct_15_44,pct_45_64,pct_65_74,pct_75_84,pct_85plus,pct_female,pct_65plus
A81001,2026-07-01,3733,1876,598,1361,891,412,322,149,16.019,36.459,23.868,11.037,8.626,3.991,50.254,23.654
A81002,2026-07-01,18558,9362,2773,6691,4698,2315,1527,554,14.942,36.055,25.315,12.474,8.228,2.985,50.447,23.688
A81004,2026-07-01,11484,5597,1977,4529,2622,1224,810,322,17.215,39.437,22.832,10.658,7.053,2.804,48.737,20.515
A81005,2026-07-01,7505,3838,925,2167,1990,1074,1021,328,12.325,28.874,26.516,14.31,13.604,4.37,51.139,32.285
A81006,2026-07-01,14566,7347,2362,5512,3629,1641,1085,337,16.216,37.842,24.914,11.266,7.449,2.314,50.439,21.028
A81007,2026-07-01,10412,5234,1670,4095,2580,1091,708,268,16.039,39.33,24.779,10.478,6.8,2.574,50.269,19.852
A81009,2026-07-01,7815,3865,1282,3014,2026,870,469,154,16.404,38.567,25.925,11.132,6.001,1.971,49.456,19.104
A81011,2026-07-01,12018,6172,1899,4262,3083,1467,968,339,15.801,35.463,25.653,12.207,8.055,2.821,51.356,23.082
A81012,2026-07-01,5596,2682,1095,2440,1285,496,195,85,19.568,43.603,22.963,8.863,3.485,1.519,47.927,13.867
A81013,2026-07-01,7868,4040,1187,2756,2157,908,670,190,15.086,35.028,27.415,11.54,8.516,2.415,51.347,22.471
A81014,2026-07-01,4096,2030,579,1362,996,571,428,160,14.136,33.252,24.316,13.94,10.449,3.906,49.561,28.296
A81016,2026-07-01,12819,5994,2569,6245,2423,897,517,168,20.041,48.717,18.902,6.997,4.033,1.311,46.759,12.341
A81017,2026-07-01,18174,9136,2955,6814,5073,1870,1131,331,16.259,37.493,27.914,10.289,6.223,1.821,50.27,18.334
A81018,2026-07-01,10003,4882,1533,3537,2640,1205,809,279,15.325,35.359,26.392,12.046,8.088,2.789,48.805,22.923
A81019,2026-07-01,8826,4502,1679,3526,2110,906,465,140,19.023,39.95,23.907,10.265,5.269,1.586,51.008,17.12
A81020,2026-07-01,7886,3989,1407,3019,1790,832,608,230,17.842,38.283,22.698,10.55,7.71,2.917,50.583,21.177
A81021,2026-07-01,26437,13529,4662,9775,6596,2860,1890,654,17.634,36.975,24.95,10.818,7.149,2.474,51.174,20.441
A81022,2026-07-01,9322,4677,1317,3077,2584,1193,911,240,14.128,33.008,27.719,12.798,9.773,2.575,50.172,25.145
A81023,2026-07-01,7610,3667,1344,3867,1417,612,288,82,17.661,50.815,18.62,8.042,3.784,1.078,48.187,12.904
A81025,2026-07-01,4019,1977,652,1536,969,459,279,124,16.223,38.218,24.11,11.421,6.942,3.085,49.191,21.448
A81026,2026-07-01,20390,9993,4094,8575,4484,1810,1063,364,20.078,42.055,21.991,8.877,5.213,1.785,49.009,15.875
A81027,2026-07-01,14199,7182,2112,4773,3816,1692,1353,453,14.874,33.615,26.875,11.916,9.529,3.19,50.581,24.636
A81029,2026-07-01,6557,3061,1172,3368,1139,514,281,83,17.874,51.365,17.371,7.839,4.285,1.266,46.683,13.39
A81030,2026-07-01,17245,8612,3016,6917,3956,1681,1184,491,17.489,40.11,22.94,9.748,6.866,2.847,49.939,19.461
A81031,2026-07-01,13422,6870,2307,5121,3332,1391,908,363,17.188,38.154,24.825,10.364,6.765,2.705,51.185,19.833
A81032,2026-07-01,11723,6053,1647,3805,3067,1483,1254,467,14.049,32.458,26.162,12.65,10.697,3.984,51.634,27.331
A81034,2026-07-01,20785,10322,3545,7984,5665,2057,1178,356,17.056,38.412,27.255,9.897,5.668,1.713,49.661,17.277
A81035,2026-07-01,9258,4362,1557,3767,2204,989,565,176,16.818,40.689,23.806,10.683,6.103,1.901,47.116,18.687
A81036,2026-07-01,15776,8018,2414,5717,4110,1743,1311,481,15.302,36.239,26.052,11.048,8.31,3.049,50.824,22.407
A81037,2026-07-01,5714,2712,871,2571,1361,534,281,96,15.243,44.995,23.819,9.345,4.918,1.68,47.462,15.943
A81038,2026-07-01,3636,1803,774,1551,838,288,136,49,21.287,42.657,23.047,7.921,3.74,1.348,49.587,13.009
A81039,2026-07-01,13256,6860,2242,4597,3541,1448,1075,353,16.913,34.679,26.712,10.923,8.11,2.663,51.75,21.696
A81040,2026-07-01,8490,4282,1323,3018,2231,1083,621,214,15.583,35.548,26.278,12.756,7.314,2.521,50.436,22.591
A81041,2026-07-01,9390,4686,1466,3344,2322,1260,739,259,15.612,35.612,24.728,13.419,7.87,2.758,49.904,24.047
A81042,2026-07-01,15848,7890,2913,6475,3675,1643,840,302,18.381,40.857,23.189,10.367,5.3,1.906,49.785,17.573
A81044,2026-07-01,19574,9780,3100,7392,4979,2250,1363,490,15.837,37.764,25.437,11.495,6.963,2.503,49.964,20.961
A81045,2026-07-01,6227,3059,867,2284,1686,688,503,199,13.923,36.679,27.076,11.049,8.078,3.196,49.125,22.322
A81046,2026-07-01,12149,6082,1987,4512,2927,1405,928,390,16.355,37.139,24.093,11.565,7.638,3.21,50.062,22.413
A81048,2026-07-01,7201,3635,841,2105,2080,937,874,364,11.679,29.232,28.885,13.012,12.137,5.055,50.479,30.204
A81049,2026-07-01,6304,3168,1190,2554,1502,611,336,111,18.877,40.514,23.826,9.692,5.33,1.761,50.254,16.783
A81051,2026-07-01,7223,3588,1259,2821,1763,777,447,156,17.43,39.056,24.408,10.757,6.189,2.16,49.675,19.106
A81052,2026-07-01,10268,5359,1626,3543,2733,1216,848,302,15.836,34.505,26.617,11.843,8.259,2.941,52.191,23.042
A81053,2026-07-01,5733,2801,859,1949,1500,732,534,159,14.983,33.996,26.164,12.768,9.314,2.773,48.857,24.856
A81054,2026-07-01,8398,4267,1247,3024,2220,1013,651,243,14.849,36.009,26.435,12.062,7.752,2.894,50.81,22.708
A81056,2026-07-01,2437,1233,331,804,690,361,173,78,13.582,32.991,28.314,14.813,7.099,3.201,50.595,25.113
A81057,2026-07-01,10132,5321,1708,3883,2513,1169,662,197,16.857,38.324,24.803,11.538,6.534,1.944,52.517,20.016
A81058,2026-07-01,9175,4857,1615,3289,2243,1064,729,235,17.602,35.847,24.447,11.597,7.946,2.561,52.937,22.104
A81060,2026-07-01,6238,3215,965,2250,1581,778,509,155,15.47,36.069,25.345,12.472,8.16,2.485,51.539,23.116
A81063,2026-07-01,5325,2501,813,1977,1423,601,383,128,15.268,37.127,26.723,11.286,7.192,2.404,46.967,20.883
A81064,2026-07-01,7556,3486,1351,4064,1307,458,287,89,17.88,53.785,17.298,6.061,3.798,1.178,46.136,11.038
A81066,2026-07-01,5587,2897,833,1850,1624,700,467,113,14.91,33.113,29.067,12.529,8.359,2.023,51.853,22.91
A81067,2026-07-01,10184,4920,1817,4309,2334,1011,567,146,17.842,42.311,22.918,9.927,5.568,1.434,48.311,16.929
A81070,2026-07-01,6145,3093,1053,2500,1674,493,320,105,17.136,40.683,27.242,8.023,5.207,1.709,50.334,14.939
A81602,2026-07-01,2309,1155,291,705,646,303,280,84,12.603,30.533,27.977,13.123,12.126,3.638,50.022,28.887
A81608,2026-07-01,18787,8775,2942,11726,2695,891,434,99,15.66,62.416,14.345,4.743,2.31,0.527,46.708,7.58
A81610,2026-07-01,7634,3907,1295,2929,1867,873,493,177,16.964,38.368,24.456,11.436,6.458,2.319,51.179,20.212
A81611,2026-07-01,9865,5074,1756,3731,2389,1065,692,232,17.8,37.821,24.217,10.796,7.015,2.352,51.434,20.162
A81612,2026-07-01,4175,2155,630,1419,1131,539,338,118,15.09,33.988,27.09,12.91,8.096,2.826,51.617,23.832
A81618,2026-07-01,9838,5058,1141,2769,2940,1379,1185,424,11.598,28.146,29.884,14.017,12.045,4.31,51.413,30.372
A81621,2026-07-01,2891,1475,705,1316,557,205,76,32,24.386,45.521,19.267,7.091,2.629,1.107,51.02,10.827
A81622,2026-07-01,5621,2778,1049,2250,1390,474,333,125,18.662,40.028,24.729,8.433,5.924,2.224,49.422,16.581
A81629,2026-07-01,10988,5174,2134,5297,2259,725,466,107,19.421,48.207,20.559,6.598,4.241,0.974,47.088,11.813
A81631,2026-07-01,7509,3887,1191,2719,1994,841,577,187,15.861,36.21,26.555,11.2,7.684,2.49,51.765,21.374
A82003,2026-07-01,11892,5985,1503,3943,3320,1488,1209,429,12.639,33.157,27.918,12.513,10.166,3.607,50.328,26.287
A82004,2026-07-01,2213,1099,255,585,679,387,233,74,11.523,26.435,30.682,17.488,10.529,3.344,49.661,31.36
A82005,2026-07-01,5562,2748,464,2000,1584,786,530,198,8.342,35.958,28.479,14.132,9.529,3.56,49.407,27.22
A82006,2026-07-01,5131,2604,638,1396,1443,807,641,206,12.434,27.207,28.123,15.728,12.493,4.015,50.75,32.235
A82007,2026-07-01,11468,5801,1747,4414,2956,1170,927,254,15.234,38.49,25.776,10.202,8.083,2.215,50.584,20.501
A82008,2026-07-01,11893,5881,1764,4517,2890,1293,1044,385,14.832,37.98,24.3,10.872,8.778,3.237,49.449,22.887
A82009,2026-07-01,9121,4637,1429,3409,2301,944,789,249,15.667,37.375,25.227,10.35,8.65,2.73,50.839,21.73
A82010,2026-07-01,6707,3443,934,2307,1792,893,585,196,13.926,34.397,26.718,13.314,8.722,2.922,51.334,24.959
A82012,2026-07-01,16695,8426,2015,4561,4815,2690,1908,706,12.069,27.32,28.841,16.113,11.429,4.229,50.47,31.77
A82013,2026-07-01,6421,3228,809,1718,1864,976,749,305,12.599,26.756,29.03,15.2,11.665,4.75,50.273,31.615
A82014,2026-07-01,4188,2099,400,1090,1266,715,531,186,9.551,26.027,30.229,17.073,12.679,4.441,50.119,34.193
A82015,2026-07-01,13074,6405,2055,5820,3100,1105,719,275,15.718,44.516,23.711,8.452,5.499,2.103,48.99,16.055
A82016,2026-07-01,41014,20711,6466,15368,10373,4471,3154,1182,15.765,37.47,25.291,10.901,7.69,2.882,50.497,21.473
A82018,2026-07-01,13800,6996,2102,5270,3493,1549,998,388,15.232,38.188,25.312,11.225,7.232,2.812,50.696,21.268
A82020,2026-07-01,14945,7519,2529,5602,3629,1643,1181,361,16.922,37.484,24.282,10.994,7.902,2.416,50.311,21.311
A82021,2026-07-01,17627,8928,2138,5373,5087,2506,1878,645,12.129,30.482,28.859,14.217,10.654,3.659,50.65,28.53
A82022,2026-07-01,5215,2637,719,1498,1482,711,590,215,13.787,28.725,28.418,13.634,11.314,4.123,50.566,29.07
A82023,2026-07-01,6655,3358,920,2198,1730,918,697,192,13.824,33.028,25.995,13.794,10.473,2.885,50.458,27.153
A82024,2026-07-01,5928,2977,715,1643,1720,942,682,226,12.061,27.716,29.015,15.891,11.505,3.812,50.219,31.208
A82025,2026-07-01,11854,6071,1628,4097,3306,1439,1045,339,13.734,34.562,27.889,12.139,8.816,2.86,51.215,23.815
A82026,2026-07-01,17084,8780,2215,5510,4689,2179,1757,734,12.965,32.252,27.447,12.755,10.284,4.296,51.393,27.336
A82027,2026-07-01,9989,5009,1143,3329,2760,1305,1063,389,11.443,33.327,27.63,13.064,10.642,3.894,50.145,27.6
A82028,2026-07-01,8404,4225,834,2536,2523,1200,926,385,9.924,30.176,30.021,14.279,11.019,4.581,50.274,29.879
A82029,2026-07-01,3535,1759,410,915,1075,599,409,127,11.598,25.884,30.41,16.945,11.57,3.593,49.76,32.107
A82030,2026-07-01,6481,3319,805,1700,1856,1030,792,298,12.421,26.231,28.638,15.893,12.22,4.598,51.211,32.711
A82031,2026-07-01,3334,1668,399,940,992,568,332,103,11.968,28.194,29.754,17.037,9.958,3.089,50.03,30.084
A82032,2026-07-01,13905,7044,2120,4728,3745,1600,1296,416,15.246,34.002,26.933,11.507,9.32,2.992,50.658,23.819
A82033,2026-07-01,7894,3971,1094,2459,2148,1130,780,283,13.859,31.15,27.211,14.315,9.881,3.585,50.304,27.781
A82035,2026-07-01,14311,7266,1741,4597,3882,1930,1538,623,12.165,32.122,27.126,13.486,10.747,4.353,50.772,28.586
A82036,2026-07-01,11703,5938,1613,3951,3224,1438,1053,424,13.783,33.761,27.548,12.287,8.998,3.623,50.739,24.908
A82037,2026-07-01,4416,2246,496,1193,1196,766,554,211,11.232,27.015,27.083,17.346,12.545,4.778,50.861,34.669
A82038,2026-07-01,4604,2321,638,1400,1338,641,463,124,13.858,30.408,29.062,13.923,10.056,2.693,50.413,26.672
A82039,2026-07-01,8731,4409,1260,3042,2294,1081,738,316,14.431,34.841,26.274,12.381,8.453,3.619,50.498,24.453
A82041,2026-07-01,13706,6765,1915,4830,3772,1643,1134,412,13.972,35.24,27.521,11.987,8.274,3.006,49.358,23.267
A82044,2026-07-01,22882,11294,3641,8332,6032,2616,1706,555,15.912,36.413,26.361,11.433,7.456,2.425,49.358,21.314
A82045,2026-07-01,9282,4751,1395,2994,2591,1123,894,285,15.029,32.256,27.914,12.099,9.632,3.07,51.185,24.801
A82046,2026-07-01,4476,2129,462,1702,1343,490,333,146,10.322,38.025,30.004,10.947,7.44,3.262,47.565,21.649
A82047,2026-07-01,33375,16687,5148,12167,8646,3740,2733,941,15.425,36.455,25.906,11.206,8.189,2.819,49.999,22.214
A82053,2026-07-01,7432,3826,732,1809,1899,1344,1150,498,9.849,24.341,25.552,18.084,15.474,6.701,51.48,40.258
A82055,2026-07-01,7446,3772,1042,2309,2095,1042,733,225,13.994,31.01,28.136,13.994,9.844,3.022,50.658,26.86
A82062,2026-07-01,6517,3201,1072,2532,1591,697,482,143,16.449,38.852,24.413,10.695,7.396,2.194,49.118,20.285
A82064,2026-07-01,6389,3240,807,1974,1787,960,674,187,12.631,30.897,27.97,15.026,10.549,2.927,50.712,28.502
A82068,2026-07-01,4783,2401,628,1622,1378,557,471,127,13.13,33.912,28.81,11.645,9.847,2.655,50.199,24.148
A82070,2026-07-01,6571,3315,645,2021,1929,892,793,291,9.816,30.756,29.356,13.575,12.068,4.429,50.449,30.072
A82071,2026-07-01,4099,1967,524,1465,1100,470,403,137,12.784,35.74,26.836,11.466,9.832,3.342,47.987,24.64
A82072,2026-07-01,7314,3474,1112,2801,1888,784,551,178,15.204,38.296,25.814,10.719,7.533,2.434,47.498,20.686
A82075,2026-07-01,7701,3959,1107,2915,1962,932,578,207,14.375,37.852,25.477,12.102,7.506,2.688,51.409,22.296
A82608,2026-07-01,4595,2246,606,1650,1145,620,437,137,13.188,35.909,24.918,13.493,9.51,2.982,48.879,25.985
A82613,2026-07-01,860,413,97,277,206,125,114,41,11.279,32.209,23.953,14.535,13.256,4.767,48.023,32.558
A82617,2026-07-01,2796,1375,370,736,801,511,292,86,13.233,26.323,28.648,18.276,10.443,3.076,49.177,31.795
A82620,2026-07-01,1028,489,97,338,335,140,81,37,9.436,32.879,32.588,13.619,7.879,3.599,47.568,25.097
A82629,2026-07-01,2907,1311,352,1040,809,371,258,77,12.109,35.776,27.829,12.762,8.875,2.649,45.098,24.286
A82631,2026-07-01,3773,1919,507,1045,1131,572,397,121,13.438,27.697,29.976,15.16,10.522,3.207,50.861,28.889
A82646,2026-07-01,3870,1922,550,1252,1039,555,335,139,14.212,32.351,26.848,14.341,8.656,3.592,49.664,26.589
A82647,2026-07-01,3351,1745,327,901,1003,552,416,152,9.758,26.887,29.931,16.473,12.414,4.536,52.074,33.423
A82650,2026-07-01,3039,1494,324,837,915,488,377,98,10.661,27.542,30.109,16.058,12.405,3.225,49.161,31.688
A82651,2026-07-01,5041,2404,665,1513,1394,749,541,179,13.192,30.014,27.653,14.858,10.732,3.551,47.689,29.141
A82654,2026-07-01,7908,3847,1122,2922,2182,861,576,245,14.188,36.95,27.592,10.888,7.284,3.098,48.647,21.27
A83001,2026-07-01,16004,8183,2667,5983,4065,1755,1185,349,16.665,37.384,25.4,10.966,7.404,2.181,51.131,20.551
A83003,2026-07-01,9151,4539,1263,3107,2579,1209,780,213,13.802,33.953,28.183,13.212,8.524,2.328,49.601,24.063
A83005,2026-07-01,12204,6306,1958,4375,3074,1437,1026,334,16.044,35.849,25.188,11.775,8.407,2.737,51.672,22.919
A83006,2026-07-01,8687,4404,1435,3367,2233,859,581,212,16.519,38.759,25.705,9.888,6.688,2.44,50.696,19.017
A83007,2026-07-01,10227,5184,1434,3636,2681,1377,812,287,14.022,35.553,26.215,13.464,7.94,2.806,50.689,24.21
A83008,2026-07-01,5348,2640,844,2037,1335,581,417,134,15.782,38.089,24.963,10.864,7.797,2.506,49.364,21.167
A83009,2026-07-01,7500,3797,866,2475,2170,933,734,322,11.547,33.0,28.933,12.44,9.787,4.293,50.627,26.52
A83010,2026-07-01,13108,6606,1804,4408,3598,1566,1229,503,13.763,33.628,27.449,11.947,9.376,3.837,50.397,25.16
A83011,2026-07-01,32380,15982,1735,24128,3356,1475,1175,511,5.358,74.515,10.364,4.555,3.629,1.578,49.358,9.762
A83012,2026-07-01,15513,7927,2393,5759,4081,1752,1103,425,15.426,37.124,26.307,11.294,7.11,2.74,51.099,21.144
A83013,2026-07-01,13185,6617,2413,5518,3073,1204,719,258,18.301,41.851,23.307,9.132,5.453,1.957,50.186,16.542
A83014,2026-07-01,6386,3149,895,2270,1716,770,554,181,14.015,35.547,26.871,12.058,8.675,2.834,49.311,23.567
A83015,2026-07-01,9695,4916,1368,3227,2666,1150,927,357,14.11,33.285,27.499,11.862,9.562,3.682,50.707,25.106
A83016,2026-07-01,10794,5436,1595,3823,2825,1368,927,256,14.777,35.418,26.172,12.674,8.588,2.372,50.361,23.634
A83018,2026-07-01,16309,8159,2118,5655,4568,2040,1396,532,12.987,34.674,28.009,12.508,8.56,3.262,50.028,24.33
A83020,2026-07-01,13551,6880,2037,4536,3660,1717,1200,401,15.032,33.474,27.009,12.671,8.855,2.959,50.771,24.485
A83021,2026-07-01,16129,8136,2619,5959,4178,1742,1271,360,16.238,36.946,25.904,10.8,7.88,2.232,50.443,20.913
A83022,2026-07-01,26472,13464,4074,9370,7111,3178,2096,643,15.39,35.396,26.862,12.005,7.918,2.429,50.861,22.352
A83023,2026-07-01,12628,6254,2028,4966,3149,1314,934,237,16.06,39.325,24.937,10.405,7.396,1.877,49.525,19.678
A83024,2026-07-01,5534,2810,788,1791,1497,746,532,180,14.239,32.364,27.051,13.48,9.613,3.253,50.777,26.346
A83025,2026-07-01,13636,6826,2034,4929,3747,1610,1020,296,14.916,36.147,27.479,11.807,7.48,2.171,50.059,21.458
A83026,2026-07-01,10638,5334,1667,3920,2870,1149,790,242,15.67,36.849,26.979,10.801,7.426,2.275,50.141,20.502
A83027,2026-07-01,7662,3941,1167,2960,2059,790,529,157,15.231,38.632,26.873,10.311,6.904,2.049,51.436,19.264
A83028,2026-07-01,9222,4712,1137,3026,2593,1313,872,281,12.329,32.813,28.118,14.238,9.456,3.047,51.095,26.74
A83029,2026-07-01,5272,2699,717,1716,1484,682,505,168,13.6,32.549,28.149,12.936,9.579,3.187,51.195,25.702
A83030,2026-07-01,14113,7123,2329,5438,3751,1363,924,308,16.503,38.532,26.578,9.658,6.547,2.182,50.471,18.387
A83031,2026-07-01,11868,6056,1678,3912,3247,1481,1107,443,14.139,32.963,27.359,12.479,9.328,3.733,51.028,25.539
A83032,2026-07-01,2626,1354,287,755,766,411,301,106,10.929,28.751,29.17,15.651,11.462,4.037,51.561,31.15
A83033,2026-07-01,10385,5252,1675,3796,2678,1133,833,270,16.129,36.553,25.787,10.91,8.021,2.6,50.573,21.531
A83034,2026-07-01,11620,5865,1925,4527,2898,1148,786,336,16.566,38.959,24.94,9.88,6.764,2.892,50.473,19.535
A83035,2026-07-01,7121,3574,709,1813,2268,1188,888,255,9.956,25.46,31.849,16.683,12.47,3.581,50.19,32.734
A83036,2026-07-01,10073,5178,1296,2972,2614,1447,1326,418,12.866,29.505,25.951,14.365,13.164,4.15,51.405,31.679
A83037,2026-07-01,12866,6551,1765,4168,3575,1640,1243,475,13.718,32.395,27.786,12.747,9.661,3.692,50.917,26.1
A83038,2026-07-01,6282,3284,968,2295,1754,671,434,160,15.409,36.533,27.921,10.681,6.909,2.547,52.276,20.137
A83040,2026-07-01,12230,6136,2005,4987,3023,1221,730,264,16.394,40.777,24.718,9.984,5.969,2.159,50.172,18.111
A83041,2026-07-01,7322,3699,1090,2645,1922,864,581,220,14.887,36.124,26.25,11.8,7.935,3.005,50.519,22.74
A83043,2026-07-01,2720,1337,258,706,812,476,367,101,9.485,25.956,29.853,17.5,13.493,3.713,49.154,34.706
A83044,2026-07-01,8359,4262,1284,3122,2239,911,592,211,15.361,37.349,26.786,10.898,7.082,2.524,50.987,20.505
A83045,2026-07-01,14844,7501,2162,5245,4020,1792,1259,366,14.565,35.334,27.082,12.072,8.482,2.466,50.532,23.019
A83046,2026-07-01,11051,5713,1312,3118,3152,1724,1249,496,11.872,28.215,28.522,15.6,11.302,4.488,51.697,31.391
A83047,2026-07-01,14606,7304,2324,5659,3742,1471,1047,363,15.911,38.744,25.62,10.071,7.168,2.485,50.007,19.725
A83048,2026-07-01,6299,3226,840,1938,1834,839,638,210,13.335,30.767,29.116,13.32,10.129,3.334,51.214,26.782
A83049,2026-07-01,16798,8637,2672,6074,4669,1832,1159,392,15.907,36.159,27.795,10.906,6.9,2.334,51.417,20.139
A83050,2026-07-01,12563,6411,1701,4387,3549,1549,1025,352,13.54,34.92,28.25,12.33,8.159,2.802,51.031,23.291
A83051,2026-07-01,11547,5852,1788,4196,2995,1372,864,332,15.485,36.338,25.937,11.882,7.482,2.875,50.68,22.24
A83052,2026-07-01,8609,4357,1248,2969,2237,1114,832,209,14.496,34.487,25.984,12.94,9.664,2.428,50.61,25.032
A83054,2026-07-01,17167,8718,2635,5686,4842,2043,1537,424,15.349,33.122,28.205,11.901,8.953,2.47,50.783,23.324
A83055,2026-07-01,5136,2723,742,1708,1288,615,606,177,14.447,33.255,25.078,11.974,11.799,3.446,53.018,27.22
A83057,2026-07-01,18030,9006,2850,6517,4895,1997,1338,433,15.807,36.145,27.149,11.076,7.421,2.402,49.95,20.899
A83060,2026-07-01,2851,1428,363,844,866,443,261,74,12.732,29.604,30.375,15.538,9.155,2.596,50.088,27.289
A83061,2026-07-01,3702,1887,414,1039,1131,574,414,130,11.183,28.066,30.551,15.505,11.183,3.512,50.972,30.2
A83066,2026-07-01,13155,6521,2335,5116,3380,1306,764,254,17.75,38.89,25.694,9.928,5.808,1.931,49.571,17.666
A83070,2026-07-01,5945,3005,807,1826,1670,788,602,252,13.574,30.715,28.091,13.255,10.126,4.239,50.547,27.62
A83071,2026-07-01,4633,2390,723,1732,1248,552,284,94,15.605,37.384,26.937,11.915,6.13,2.029,51.586,20.073
A83072,2026-07-01,4032,2051,583,1185,1124,486,478,176,14.459,29.39,27.877,12.054,11.855,4.365,50.868,28.274
A83073,2026-07-01,5276,2664,726,1857,1380,635,506,172,13.76,35.197,26.156,12.036,9.591,3.26,50.493,24.886
A83074,2026-07-01,11745,5995,2010,4432,2946,1325,810,222,17.114,37.735,25.083,11.281,6.897,1.89,51.043,20.068
A83075,2026-07-01,8316,4082,1159,2940,2325,1068,602,222,13.937,35.354,27.958,12.843,7.239,2.67,49.086,22.751
A83610,2026-07-01,3565,1781,583,1330,996,376,235,45,16.353,37.307,27.938,10.547,6.592,1.262,49.958,18.401
A83616,2026-07-01,8787,4353,1468,3354,2274,959,581,151,16.706,38.17,25.879,10.914,6.612,1.718,49.539,19.244
A83617,2026-07-01,2722,1388,342,970,781,338,220,71,12.564,35.636,28.692,12.417,8.082,2.608,50.992,23.108
A83618,2026-07-01,7615,3863,1114,2590,2100,969,639,203,14.629,34.012,27.577,12.725,8.391,2.666,50.729,23.782
A83619,2026-07-01,3438,1717,572,1336,916,370,188,56,16.638,38.86,26.643,10.762,5.468,1.629,49.942,17.859
A83622,2026-07-01,1787,872,262,577,500,245,164,39,14.661,32.289,27.98,13.71,9.177,2.182,48.797,25.07
A83626,2026-07-01,2327,1161,350,771,661,310,186,49,15.041,33.133,28.406,13.322,7.993,2.106,49.893,23.421
A83627,2026-07-01,6614,3354,1226,2633,1689,646,342,78,18.536,39.809,25.537,9.767,5.171,1.179,50.711,16.117
A83634,2026-07-01,2845,1389,466,981,726,353,237,82,16.38,34.482,25.518,12.408,8.33,2.882,48.822,23.62
A83635,2026-07-01,4635,2319,852,2028,1054,382,226,93,18.382,43.754,22.74,8.242,4.876,2.006,50.032,15.124
A83636,2026-07-01,5697,2905,861,2072,1558,655,396,155,15.113,36.37,27.348,11.497,6.951,2.721,50.992,21.169
A83637,2026-07-01,4109,1933,542,1437,1155,533,340,102,13.191,34.972,28.109,12.972,8.275,2.482,47.043,23.728
A83641,2026-07-01,4678,2148,788,1973,1218,382,249,68,16.845,42.176,26.037,8.166,5.323,1.454,45.917,14.942
A83644,2026-07-01,3579,1731,509,1323,975,406,264,102,14.222,36.966,27.242,11.344,7.376,2.85,48.365,21.57
A84002,2026-07-01,6334,3241,609,1398,1904,1304,853,266,9.615,22.071,30.06,20.587,13.467,4.2,51.168,38.254
A84005,2026-07-01,12978,6724,1942,4530,3518,1597,1046,345,14.964,34.905,27.107,12.305,8.06,2.658,51.811,23.024
A84006,2026-07-01,18868,9691,2168,5249,5260,3154,2238,799,11.49,27.82,27.878,16.716,11.861,4.235,51.362,32.812
A84007,2026-07-01,10943,5520,1527,3396,2918,1421,1154,527,13.954,31.034,26.665,12.985,10.546,4.816,50.443,28.347
A84008,2026-07-01,4521,2341,387,1037,1339,924,631,203,8.56,22.937,29.617,20.438,13.957,4.49,51.781,38.885
A84009,2026-07-01,26813,13412,4442,10221,6531,2986,2045,588,16.567,38.12,24.358,11.136,7.627,2.193,50.021,20.956
A84011,2026-07-01,8655,4431,1321,2596,2360,1070,923,385,15.263,29.994,27.267,12.363,10.664,4.448,51.196,27.475
A84013,2026-07-01,6282,3206,917,2235,1697,738,519,176,14.597,35.578,27.014,11.748,8.262,2.802,51.035,22.811
A84014,2026-07-01,14162,7247,2257,5215,3592,1573,1169,356,15.937,36.824,25.364,11.107,8.254,2.514,51.172,21.875
A84016,2026-07-01,6771,3464,974,2345,1947,803,542,160,14.385,34.633,28.755,11.859,8.005,2.363,51.159,22.227
A84018,2026-07-01,7365,3838,876,1863,1969,1363,913,381,11.894,25.295,26.735,18.506,12.396,5.173,52.111,36.076
A84020,2026-07-01,8090,4081,1101,2637,2213,1060,754,325,13.609,32.596,27.355,13.103,9.32,4.017,50.445,26.44
A84022,2026-07-01,12403,6444,1553,3465,3518,2070,1359,438,12.521,27.937,28.364,16.69,10.957,3.531,51.955,31.178
A84024,2026-07-01,10386,5382,1259,3102,2794,1526,1241,464,12.122,29.867,26.902,14.693,11.949,4.468,51.82,31.109
A84025,2026-07-01,5557,2776,813,1960,1350,766,529,139,14.63,35.271,24.294,13.784,9.52,2.501,49.955,25.805
A84026,2026-07-01,9148,4672,1059,2869,2419,1325,1061,415,11.576,31.362,26.443,14.484,11.598,4.537,51.071,30.619
A84027,2026-07-01,3434,1740,380,877,1045,656,361,115,11.066,25.539,30.431,19.103,10.513,3.349,50.67,32.964
A84028,2026-07-01,20145,10084,2905,7455,5314,2406,1583,482,14.42,37.007,26.379,11.943,7.858,2.393,50.057,22.194
A84029,2026-07-01,4833,2452,575,1377,1379,845,531,126,11.897,28.492,28.533,17.484,10.987,2.607,50.735,31.078
A84030,2026-07-01,11960,6260,1689,4255,3058,1318,1288,352,14.122,35.577,25.569,11.02,10.769,2.943,52.341,24.732
A84031,2026-07-01,11267,5869,1442,3308,3160,1695,1214,448,12.798,29.36,28.047,15.044,10.775,3.976,52.09,29.795
A84033,2026-07-01,5892,2991,716,1693,1644,903,690,246,12.152,28.734,27.902,15.326,11.711,4.175,50.764,31.212
A84034,2026-07-01,5609,2845,680,1615,1475,918,697,224,12.123,28.793,26.297,16.367,12.426,3.994,50.722,32.787
A84035,2026-07-01,5996,3076,791,1765,1700,808,684,248,13.192,29.436,28.352,13.476,11.408,4.136,51.301,29.019
A84036,2026-07-01,49131,24884,7416,17059,13037,6219,4185,1215,15.094,34.721,26.535,12.658,8.518,2.473,50.648,23.649
A84037,2026-07-01,6009,3016,780,1943,1724,798,608,156,12.981,32.335,28.69,13.28,10.118,2.596,50.191,25.994
A84038,2026-07-01,9409,4916,1489,3326,2333,1050,1014,197,15.825,35.349,24.795,11.16,10.777,2.094,52.248,24.03
A84039,2026-07-01,7294,3792,1020,2241,1967,1059,749,258,13.984,30.724,26.967,14.519,10.269,3.537,51.988,28.325
A84040,2026-07-01,3289,1645,375,812,988,607,397,110,11.402,24.688,30.04,18.455,12.071,3.344,50.015,33.87
A84042,2026-07-01,2197,1087,223,579,666,403,241,85,10.15,26.354,30.314,18.343,10.97,3.869,49.477,33.182
A84044,2026-07-01,7054,3612,914,2122,1864,1105,816,233,12.957,30.082,26.425,15.665,11.568,3.303,51.205,30.536
A84045,2026-07-01,5237,2610,596,1355,1569,896,635,186,11.381,25.874,29.96,17.109,12.125,3.552,49.838,32.786
A84047,2026-07-01,5419,2790,634,1540,1628,770,626,221,11.7,28.419,30.042,14.209,11.552,4.078,51.486,29.839
A84604,2026-07-01,4961,2561,489,1173,1426,990,695,188,9.857,23.644,28.744,19.956,14.009,3.79,51.623,37.754
A84614,2026-07-01,2218,1105,322,770,650,233,192,51,14.518,34.716,29.306,10.505,8.656,2.299,49.82,21.461
A84619,2026-07-01,4383,2247,648,1562,1134,568,362,109,14.784,35.638,25.873,12.959,8.259,2.487,51.266,23.705
A85001,2026-07-01,7368,3719,1077,2507,2193,784,602,205,14.617,34.026,29.764,10.641,8.17,2.782,50.475,21.593
A85002,2026-07-01,3664,1755,453,1267,1055,463,308,118,12.364,34.58,28.794,12.636,8.406,3.221,47.898,24.263
A85004,2026-07-01,9853,5036,1531,3632,2466,1242,725,257,15.538,36.862,25.028,12.605,7.358,2.608,51.111,22.572
A85005,2026-07-01,17781,8588,2828,7441,4324,1626,1076,486,15.905,41.848,24.318,9.145,6.051,2.733,48.299,17.929
A85006,2026-07-01,14553,7264,2111,5897,3908,1427,895,315,14.506,40.521,26.854,9.806,6.15,2.165,49.914,18.12
A85007,2026-07-01,8849,4613,1274,3192,2380,983,726,294,14.397,36.072,26.896,11.109,8.204,3.322,52.13,22.635
A85008,2026-07-01,15178,7727,2244,5301,4052,1709,1363,509,14.785,34.926,26.697,11.26,8.98,3.354,50.909,23.593
A85009,2026-07-01,6471,3147,984,2587,1630,689,435,146,15.206,39.978,25.189,10.648,6.722,2.256,48.632,19.626
A85010,2026-07-01,11529,5916,1684,4047,3183,1305,960,350,14.607,35.103,27.609,11.319,8.327,3.036,51.314,22.682
A85011,2026-07-01,7006,3559,1107,2572,1773,827,472,255,15.801,36.711,25.307,11.804,6.737,3.64,50.799,22.181
A85013,2026-07-01,3636,1659,458,1512,957,391,229,89,12.596,41.584,26.32,10.754,6.298,2.448,45.627,19.499
A85014,2026-07-01,19900,10177,2923,6986,5345,2191,1797,658,14.688,35.106,26.859,11.01,9.03,3.307,51.141,23.347
A85016,2026-07-01,12311,6297,2069,4872,2998,1264,827,281,16.806,39.574,24.352,10.267,6.718,2.283,51.149,19.267
A85017,2026-07-01,8664,4301,2247,4400,1128,470,299,120,25.935,50.785,13.019,5.425,3.451,1.385,49.642,10.261
A85018,2026-07-01,4692,2376,671,1643,1228,564,406,180,14.301,35.017,26.172,12.02,8.653,3.836,50.639,24.51
A85019,2026-07-01,10252,4906,1479,4233,2745,1048,552,195,14.426,41.29,26.775,10.222,5.384,1.902,47.854,17.509
A85020,2026-07-01,15592,7974,2118,4873,3997,2027,1843,734,13.584,31.253,25.635,13.0,11.82,4.708,51.142,29.528
A85021,2026-07-01,4074,1448,497,2630,593,188,125,41,12.199,64.556,14.556,4.615,3.068,1.006,35.542,8.689
A85024,2026-07-01,2573,1251,360,983,605,345,216,64,13.991,38.204,23.513,13.408,8.395,2.487,48.62,24.291
A85026,2026-07-01,5819,2867,935,2393,1520,538,328,105,16.068,41.124,26.121,9.246,5.637,1.804,49.27,16.687
A85611,2026-07-01,5773,2922,857,2248,1623,622,327,96,14.845,38.94,28.114,10.774,5.664,1.663,50.615,18.102
A85614,2026-07-01,8343,4051,849,5236,1392,504,268,94,10.176,62.759,16.685,6.041,3.212,1.127,48.556,10.38
A85616,2026-07-01,5178,2597,668,1827,1401,671,458,153,12.901,35.284,27.057,12.959,8.845,2.955,50.154,24.759
A85617,2026-07-01,3942,2048,655,1372,1101,378,347,89,16.616,34.805,27.93,9.589,8.803,2.258,51.953,20.649
A86003,2026-07-01,41152,18903,2904,30165,5177,1594,949,363,7.057,73.301,12.58,3.873,2.306,0.882,45.935,7.062
A86004,2026-07-01,13839,6233,2824,6563,2909,849,456,238,20.406,47.424,21.02,6.135,3.295,1.72,45.039,11.15
A86005,2026-07-01,5883,2934,1005,2456,1396,552,329,145,17.083,41.747,23.729,9.383,5.592,2.465,49.873,17.44
A86006,2026-07-01,5710,2886,815,2107,1379,767,490,152,14.273,36.9,24.151,13.433,8.581,2.662,50.543,24.676
A86008,2026-07-01,13064,6558,2283,5019,3361,1381,785,235,17.476,38.419,25.727,10.571,6.009,1.799,50.199,18.379
A86010,2026-07-01,10579,5208,1359,5631,2209,775,445,160,12.846,53.228,20.881,7.326,4.206,1.512,49.23,13.045
A86011,2026-07-01,10608,5292,1846,4253,2483,1154,637,235,17.402,40.092,23.407,10.879,6.005,2.215,49.887,19.099
A86012,2026-07-01,12310,5705,2461,6162,2446,703,363,175,19.992,50.057,19.87,5.711,2.949,1.422,46.344,10.081
A86013,2026-07-01,7533,3897,1309,2781,1790,857,576,220,17.377,36.918,23.762,11.377,7.646,2.92,51.732,21.943
A86016,2026-07-01,9366,4818,1392,3465,2563,1056,669,221,14.862,36.996,27.365,11.275,7.143,2.36,51.441,20.777
A86017,2026-07-01,11781,5469,1896,5528,2665,1031,453,208,16.094,46.923,22.621,8.751,3.845,1.766,46.422,14.362
A86018,2026-07-01,13003,6684,1729,4460,3499,1550,1219,546,13.297,34.3,26.909,11.92,9.375,4.199,51.404,25.494
A86020,2026-07-01,27048,13409,3401,13070,5936,2363,1621,657,12.574,48.322,21.946,8.736,5.993,2.429,49.575,17.158
A86021,2026-07-01,9902,4930,1745,3886,2240,965,721,345,17.623,39.245,22.622,9.746,7.281,3.484,49.788,20.511
A86022,2026-07-01,8495,4424,1267,2913,2153,1084,797,281,14.915,34.291,25.344,12.76,9.382,3.308,52.078,25.45
A86023,2026-07-01,10276,5147,1492,4550,2374,1126,564,170,14.519,44.278,23.102,10.958,5.489,1.654,50.088,18.1
A86024,2026-07-01,6971,3298,1012,3526,1495,509,297,132,14.517,50.581,21.446,7.302,4.261,1.894,47.31,13.456
A86025,2026-07-01,13673,6981,2617,5730,3161,1246,721,198,19.14,41.907,23.119,9.113,5.273,1.448,51.057,15.834
A86026,2026-07-01,7848,4095,1390,2965,1879,749,621,244,17.712,37.78,23.942,9.544,7.913,3.109,52.179,20.566
A86027,2026-07-01,20763,9069,408,19275,775,200,90,15,1.965,92.833,3.733,0.963,0.433,0.072,43.679,1.469
A86028,2026-07-01,8136,4019,1359,3576,1804,767,483,147,16.704,43.953,22.173,9.427,5.937,1.807,49.398,17.171
A86029,2026-07-01,19791,9128,2125,11595,3703,1298,761,309,10.737,58.587,18.711,6.559,3.845,1.561,46.122,11.965
A86030,2026-07-01,10420,5168,1879,4147,2630,996,559,209,18.033,39.798,25.24,9.559,5.365,2.006,49.597,16.929
A86031,2026-07-01,10875,5434,2095,4973,2394,821,417,175,19.264,45.729,22.014,7.549,3.834,1.609,49.968,12.993
A86033,2026-07-01,8122,4159,1961,3186,1945,517,326,187,24.144,39.227,23.947,6.365,4.014,2.302,51.207,12.682
A86037,2026-07-01,8457,3425,1476,4492,1697,467,249,76,17.453,53.116,20.066,5.522,2.944,0.899,40.499,9.365
A86038,2026-07-01,6327,3254,984,2447,1607,668,444,177,15.552,38.676,25.399,10.558,7.018,2.798,51.43,20.373
A86040,2026-07-01,6566,3381,1451,2782,1481,524,248,80,22.099,42.37,22.556,7.981,3.777,1.218,51.493,12.976
A86041,2026-07-01,6679,3365,1132,2679,1579,688,436,165,16.949,40.111,23.641,10.301,6.528,2.47,50.382,19.299
A86601,2026-07-01,8976,4494,1415,3382,2366,954,636,223,15.764,37.678,26.359,10.628,7.086,2.484,50.067,20.198
A87002,2026-07-01,21443,10721,2703,7351,6039,2627,1879,844,12.606,34.282,28.163,12.251,8.763,3.936,49.998,24.95
A87004,2026-07-01,24316,12455,3475,8930,6373,2775,2067,696,14.291,36.725,26.209,11.412,8.501,2.862,51.221,22.775
A87005,2026-07-01,13542,7074,1966,4140,3666,1813,1405,552,14.518,30.572,27.071,13.388,10.375,4.076,52.237,27.839
A87007,2026-07-01,17632,8846,2707,6502,4685,2002,1341,395,15.353,36.876,26.571,11.354,7.605,2.24,50.17,21.2
A87008,2026-07-01,9387,4924,1674,3261,2605,833,747,267,17.833,34.74,27.751,8.874,7.958,2.844,52.456,19.676
A87009,2026-07-01,15465,7871,2294,5496,4401,1816,1115,343,14.833,35.538,28.458,11.743,7.21,2.218,50.896,21.17
A87011,2026-07-01,6165,3090,850,1856,1800,790,664,205,13.788,30.105,29.197,12.814,10.77,3.325,50.122,26.91
A87012,2026-07-01,7312,3770,1095,2482,1903,925,689,218,14.975,33.944,26.026,12.65,9.423,2.981,51.559,25.055
A87013,2026-07-01,9273,4688,1390,3683,2306,1068,618,208,14.99,39.717,24.868,11.517,6.665,2.243,50.555,20.425
A87016,2026-07-01,12822,6380,1947,5204,3237,1386,819,229,15.185,40.586,25.246,10.81,6.387,1.786,49.758,18.983
A87017,2026-07-01,7001,3664,1171,2468,1635,825,663,239,16.726,35.252,23.354,11.784,9.47,3.414,52.335,24.668
A87020,2026-07-01,13316,6806,1747,4303,3942,1658,1233,433,13.12,32.315,29.603,12.451,9.26,3.252,51.111,24.962
A87022,2026-07-01,9669,4867,1833,4031,2464,829,397,115,18.957,41.69,25.484,8.574,4.106,1.189,50.336,13.869
A87029,2026-07-01,21218,10658,3318,8545,5223,2346,1339,447,15.638,40.272,24.616,11.057,6.311,2.107,50.231,19.474
A87030,2026-07-01,6307,3200,1144,2907,1458,488,240,70,18.139,46.092,23.117,7.737,3.805,1.11,50.737,12.653
A87612,2026-07-01,6604,3464,1049,2425,1768,723,494,145,15.884,36.72,26.772,10.948,7.48,2.196,52.453,20.624
A87615,2026-07-01,5609,2842,930,2289,1338,518,430,104,16.58,40.809,23.855,9.235,7.666,1.854,50.669,18.756
A88001,2026-07-01,3606,1730,588,1358,909,361,270,120,16.306,37.659,25.208,10.011,7.488,3.328,47.976,20.826
A88002,2026-07-01,16470,8073,2563,6201,4133,2001,1155,417,15.562,37.65,25.094,12.149,7.013,2.532,49.016,21.694
A88003,2026-07-01,22597,11139,3052,8259,6025,2779,1791,691,13.506,36.549,26.663,12.298,7.926,3.058,49.294,23.282
A88004,2026-07-01,8986,4533,1357,3337,2421,1018,653,200,15.101,37.136,26.942,11.329,7.267,2.226,50.445,20.821
A88005,2026-07-01,4449,2098,777,1737,1067,477,308,83,17.465,39.042,23.983,10.722,6.923,1.866,47.157,19.51
A88006,2026-07-01,7653,3973,1209,2741,1951,979,590,183,15.798,35.816,25.493,12.792,7.709,2.391,51.914,22.893
A88008,2026-07-01,6199,2945,861,2415,1545,745,487,146,13.889,38.958,24.923,12.018,7.856,2.355,47.508,22.229
A88009,2026-07-01,5859,2924,789,1888,1673,754,519,236,13.466,32.224,28.554,12.869,8.858,4.028,49.906,25.755
A88010,2026-07-01,3678,1839,548,1340,965,421,306,98,14.899,36.433,26.237,11.446,8.32,2.664,50.0,22.431
A88012,2026-07-01,6051,3087,986,2239,1514,766,421,125,16.295,37.002,25.021,12.659,6.958,2.066,51.016,21.682
A88013,2026-07-01,19289,9817,3336,7353,4829,2009,1305,457,17.295,38.12,25.035,10.415,6.766,2.369,50.894,19.55
A88014,2026-07-01,2771,1109,365,1308,689,232,135,42,13.172,47.203,24.865,8.372,4.872,1.516,40.022,14.76
A88015,2026-07-01,7224,3449,1110,2793,1890,824,454,153,15.365,38.663,26.163,11.406,6.285,2.118,47.744,19.809
A88016,2026-07-01,8424,4405,1261,2871,2338,996,706,252,14.969,34.081,27.754,11.823,8.381,2.991,52.291,23.196
A88022,2026-07-01,11161,5725,1981,4523,2759,1101,577,220,17.749,40.525,24.72,9.865,5.17,1.971,51.295,17.006
A88023,2026-07-01,5250,2692,709,1652,1484,678,539,188,13.505,31.467,28.267,12.914,10.267,3.581,51.276,26.762
A88025,2026-07-01,4236,2188,504,1361,1213,640,386,132,11.898,32.129,28.636,15.109,9.112,3.116,51.653,27.337
A88601,2026-07-01,4456,2250,596,1680,1161,527,374,118,13.375,37.702,26.055,11.827,8.393,2.648,50.494,22.868
A88608,2026-07-01,5933,2866,855,2224,1541,704,447,162,14.411,37.485,25.973,11.866,7.534,2.73,48.306,22.13
A88613,2026-07-01,4121,2106,664,1556,1017,419,344,121,16.113,37.758,24.678,10.167,8.347,2.936,51.104,21.451
A89001,2026-07-01,13594,6873,2272,5401,3289,1518,802,312,16.713,39.731,24.194,11.167,5.9,2.295,50.559,19.361
A89002,2026-07-01,6690,3048,868,3200,1607,574,348,93,12.975,47.833,24.021,8.58,5.202,1.39,45.561,15.172
A89004,2026-07-01,11907,5980,1865,4392,2899,1330,1056,365,15.663,36.886,24.347,11.17,8.869,3.065,50.223,23.104
A89005,2026-07-01,5846,2889,862,2121,1457,706,501,199,14.745,36.281,24.923,12.077,8.57,3.404,49.418,24.051
A89006,2026-07-01,7709,3779,1326,3377,1791,670,399,146,17.201,43.806,23.233,8.691,5.176,1.894,49.021,15.761
A89007,2026-07-01,10024,5055,1482,3973,2471,1061,763,274,14.785,39.635,24.651,10.585,7.612,2.733,50.429,20.93
A89008,2026-07-01,5434,2678,923,2191,1354,550,280,136,16.986,40.32,24.917,10.121,5.153,2.503,49.282,17.777
A89009,2026-07-01,9929,5082,1683,3732,2537,1057,644,276,16.95,37.587,25.551,10.646,6.486,2.78,51.183,19.911
A89010,2026-07-01,12082,6149,1730,4092,3254,1523,1101,382,14.319,33.869,26.933,12.606,9.113,3.162,50.894,24.88
A89011,2026-07-01,4914,2497,826,1820,1244,559,346,119,16.809,37.037,25.315,11.376,7.041,2.422,50.814,20.838
A89012,2026-07-01,11712,5823,1836,4532,2809,1410,978,147,15.676,38.695,23.984,12.039,8.35,1.255,49.718,21.644
A89013,2026-07-01,5516,2618,542,2593,1189,559,458,175,9.826,47.009,21.555,10.134,8.303,3.173,47.462,21.61
A89015,2026-07-01,9159,4803,1045,2769,2648,1299,968,430,11.41,30.233,28.911,14.183,10.569,4.695,52.44,29.446
A89016,2026-07-01,9275,4519,1087,3850,2267,1068,715,288,11.72,41.509,24.442,11.515,7.709,3.105,48.722,22.329
A89017,2026-07-01,14090,6919,2155,5773,3476,1589,805,292,15.295,40.972,24.67,11.278,5.713,2.072,49.106,19.063
A89018,2026-07-01,5110,2452,707,2009,1362,550,341,141,13.836,39.315,26.654,10.763,6.673,2.759,47.984,20.196
A89019,2026-07-01,14595,7455,2358,5606,3646,1643,987,355,16.156,38.41,24.981,11.257,6.763,2.432,51.079,20.452
A89020,2026-07-01,8443,3868,1123,3512,2230,883,527,168,13.301,41.597,26.412,10.458,6.242,1.99,45.813,18.69
A89021,2026-07-01,8500,4298,1308,3163,2228,951,632,218,15.388,37.212,26.212,11.188,7.435,2.565,50.565,21.188
A89022,2026-07-01,5243,2682,731,1857,1329,618,553,155,13.942,35.419,25.348,11.787,10.547,2.956,51.154,25.291
A89023,2026-07-01,8368,4339,1349,3040,2084,1000,644,251,16.121,36.329,24.904,11.95,7.696,3.0,51.852,22.646
A89024,2026-07-01,8119,4182,1255,3117,2092,819,631,205,15.458,38.391,25.767,10.087,7.772,2.525,51.509,20.384
A89025,2026-07-01,9823,4960,1547,3852,2587,1023,664,150,15.749,39.214,26.336,10.414,6.76,1.527,50.494,18.701
A89026,2026-07-01,7126,3574,965,2517,1884,926,654,180,13.542,35.321,26.438,12.995,9.178,2.526,50.154,24.698
A89027,2026-07-01,6320,3324,1010,2429,1660,696,388,137,15.981,38.434,26.266,11.013,6.139,2.168,52.595,19.32
A89028,2026-07-01,7560,3796,1095,2609,2157,832,663,204,14.484,34.511,28.532,11.005,8.77,2.698,50.212,22.474
A89030,2026-07-01,6606,3368,972,2439,1678,745,546,226,14.714,36.921,25.401,11.278,8.265,3.421,50.984,22.964
A89031,2026-07-01,7526,3664,1150,3879,1573,522,304,98,15.28,51.541,20.901,6.936,4.039,1.302,48.685,12.277
A89032,2026-07-01,9198,4706,1332,3282,2448,1132,713,291,14.481,35.682,26.614,12.307,7.752,3.164,51.163,23.222
A89034,2026-07-01,4081,1780,484,2227,865,291,159,55,11.86,54.57,21.196,7.131,3.896,1.348,43.617,12.374
A89035,2026-07-01,11006,5725,1932,4234,2707,1188,679,266,17.554,38.47,24.596,10.794,6.169,2.417,52.017,19.38
A89036,2026-07-01,2347,1082,337,965,578,263,158,46,14.359,41.116,24.627,11.206,6.732,1.96,46.101,19.898
A89040,2026-07-01,4439,2027,457,1756,1104,586,383,153,10.295,39.558,24.87,13.201,8.628,3.447,45.663,25.276
A89041,2026-07-01,8069,4148,1426,3192,2030,818,464,139,17.673,39.559,25.158,10.138,5.75,1.723,51.407,17.611
A89614,2026-07-01,4521,2256,708,1788,1136,450,301,138,15.66,39.549,25.127,9.954,6.658,3.052,49.9,19.664
A89616,2026-07-01,3002,1562,455,1125,810,345,228,39,15.157,37.475,26.982,11.492,7.595,1.299,52.032,20.386
A89617,2026-07-01,3502,1687,463,1153,969,507,304,106,13.221,32.924,27.67,14.477,8.681,3.027,48.172,26.185
A89623,2026-07-01,3078,1414,495,1402,662,275,178,66,16.082,45.549,21.507,8.934,5.783,2.144,45.939,16.862
B81003,2026-07-01,12699,6497,1746,4168,3271,1586,1352,576,13.749,32.821,25.758,12.489,10.647,4.536,51.162,27.671
B81004,2026-07-01,12476,6364,1381,3139,3460,2194,1786,516,11.069,25.16,27.733,17.586,14.315,4.136,51.01,36.037
B81005,2026-07-01,16839,8537,2351,5398,4785,2173,1616,516,13.962,32.057,28.416,12.905,9.597,3.064,50.698,25.566
B81007,2026-07-01,9981,5075,1251,3107,2789,1410,1096,328,12.534,31.129,27.943,14.127,10.981,3.286,50.847,28.394
B81008,2026-07-01,37952,18784,6712,15161,9234,3856,2254,735,17.685,39.948,24.331,10.16,5.939,1.937,49.494,18.036
B81009,2026-07-01,8464,4285,1234,2814,2335,985,842,254,14.579,33.247,27.587,11.638,9.948,3.001,50.626,24.586
B81011,2026-07-01,10632,5413,1809,4196,2628,1080,689,230,17.015,39.466,24.718,10.158,6.48,2.163,50.912,18.802
B81012,2026-07-01,3199,1501,463,1193,857,382,229,75,14.473,37.293,26.79,11.941,7.158,2.344,46.921,21.444
B81013,2026-07-01,8727,4263,1380,3594,2229,739,564,221,15.813,41.183,25.541,8.468,6.463,2.532,48.848,17.463
B81015,2026-07-01,17089,8508,2541,6399,4496,1850,1328,475,14.869,37.445,26.309,10.826,7.771,2.78,49.786,21.376
B81016,2026-07-01,10127,5156,1787,4064,2488,951,632,205,17.646,40.13,24.568,9.391,6.241,2.024,50.913,17.656
B81017,2026-07-01,15668,5982,2346,8071,3785,881,430,155,14.973,51.513,24.158,5.623,2.744,0.989,38.18,9.357
B81018,2026-07-01,9289,4647,1836,3873,2145,847,440,148,19.765,41.694,23.092,9.118,4.737,1.593,50.027,15.448
B81020,2026-07-01,8611,4545,1327,2956,2329,1021,762,216,15.411,34.328,27.047,11.857,8.849,2.508,52.781,23.214
B81022,2026-07-01,12630,6441,1684,4126,3360,1650,1292,518,13.333,32.668,26.603,13.064,10.23,4.101,50.998,27.395
B81024,2026-07-01,11542,5943,1633,3518,3042,1521,1258,570,14.148,30.48,26.356,13.178,10.899,4.938,51.49,29.016
B81025,2026-07-01,33503,16862,4168,9803,9146,5124,4012,1250,12.441,29.26,27.299,15.294,11.975,3.731,50.33,31.0
B81026,2026-07-01,20165,9752,3451,8288,4965,1869,1191,401,17.114,41.101,24.622,9.269,5.906,1.989,48.361,17.163
B81027,2026-07-01,7753,3751,1235,3198,1985,776,412,147,15.929,41.249,25.603,10.009,5.314,1.896,48.381,17.219
B81029,2026-07-01,11979,6063,1679,3989,3473,1455,1062,321,14.016,33.3,28.992,12.146,8.866,2.68,50.614,23.691
B81030,2026-07-01,25004,12878,3616,8227,6428,3044,2571,1118,14.462,32.903,25.708,12.174,10.282,4.471,51.504,26.928
B81031,2026-07-01,21089,10645,3178,7486,5674,2581,1628,542,15.069,35.497,26.905,12.239,7.72,2.57,50.477,22.528
B81032,2026-07-01,5952,2735,832,3320,1301,329,141,29,13.978,55.78,21.858,5.528,2.369,0.487,45.951,8.384
B81034,2026-07-01,11470,5768,1396,3068,3216,1887,1498,405,12.171,26.748,28.038,16.452,13.06,3.531,50.288,33.043
B81035,2026-07-01,6881,3403,978,2686,1783,715,530,189,14.213,39.035,25.912,10.391,7.702,2.747,49.455,20.84
B81036,2026-07-01,19136,9818,2698,6390,5141,2377,1955,575,14.099,33.393,26.866,12.422,10.216,3.005,51.306,25.643
B81037,2026-07-01,14692,7486,1865,4221,4052,2128,1812,614,12.694,28.73,27.58,14.484,12.333,4.179,50.953,30.996
B81038,2026-07-01,8138,4165,1306,2994,2027,938,656,217,16.048,36.79,24.908,11.526,8.061,2.667,51.18,22.254
B81039,2026-07-01,34841,17312,5726,12941,8891,3861,2539,883,16.435,37.143,25.519,11.082,7.287,2.534,49.689,20.904
B81040,2026-07-01,16013,7984,3171,6657,3663,1482,773,267,19.803,41.572,22.875,9.255,4.827,1.667,49.859,15.75
B81041,2026-07-01,6204,3101,778,2010,1744,832,644,196,12.54,32.398,28.111,13.411,10.38,3.159,49.984,26.95
B81042,2026-07-01,13775,7250,1916,4179,3602,1960,1546,572,13.909,30.338,26.149,14.229,11.223,4.152,52.632,29.604
B81043,2026-07-01,14962,7576,1867,4355,4326,2201,1682,531,12.478,29.107,28.913,14.711,11.242,3.549,50.635,29.501
B81045,2026-07-01,12283,6252,1896,4451,3172,1392,1039,333,15.436,36.237,25.824,11.333,8.459,2.711,50.9,22.503
B81046,2026-07-01,8998,4432,1645,3692,2179,866,448,168,18.282,41.031,24.216,9.624,4.979,1.867,49.255,16.47
B81047,2026-07-01,7507,3416,1109,3214,2035,650,388,111,14.773,42.813,27.108,8.659,5.169,1.479,45.504,15.306
B81048,2026-07-01,55899,27459,8852,23844,13686,5148,3244,1125,15.836,42.656,24.483,9.209,5.803,2.013,49.123,17.025
B81051,2026-07-01,11133,5793,1216,3142,3040,1819,1429,487,10.922,28.222,27.306,16.339,12.836,4.374,52.034,33.549
B81054,2026-07-01,8164,3863,1031,3168,2268,931,590,176,12.629,38.805,27.78,11.404,7.227,2.156,47.317,20.786
B81061,2026-07-01,48913,25216,7419,16430,13408,5797,4257,1602,15.168,33.59,27.412,11.852,8.703,3.275,51.553,23.83
B81063,2026-07-01,7314,3785,888,2123,2119,1098,827,259,12.141,29.027,28.972,15.012,11.307,3.541,51.75,29.861
B81064,2026-07-01,10867,5543,1902,4315,2547,1041,775,287,17.503,39.707,23.438,9.579,7.132,2.641,51.008,19.352
B81068,2026-07-01,17589,8757,2804,6604,4422,1897,1374,488,15.942,37.546,25.141,10.785,7.812,2.774,49.787,21.371
B81069,2026-07-01,41954,21161,5387,12299,10707,6491,5349,1721,12.84,29.315,25.521,15.472,12.75,4.102,50.439,32.323
B81074,2026-07-01,11236,5520,1564,4022,3026,1343,974,307,13.92,35.796,26.931,11.953,8.669,2.732,49.128,23.354
B81075,2026-07-01,4074,2095,520,1426,1059,518,411,140,12.764,35.002,25.994,12.715,10.088,3.436,51.424,26.24
B81082,2026-07-01,6792,3517,969,2106,2096,814,602,205,14.267,31.007,30.86,11.985,8.863,3.018,51.782,23.866
B81085,2026-07-01,39082,19570,8315,18146,8401,2512,1289,419,21.276,46.431,21.496,6.428,3.298,1.072,50.074,10.798
B81087,2026-07-01,7859,3949,1134,2792,2158,926,636,213,14.429,35.526,27.459,11.783,8.093,2.71,50.248,22.586
B81088,2026-07-01,8282,4178,1076,2698,2419,1134,716,239,12.992,32.577,29.208,13.692,8.645,2.886,50.447,25.223
B81090,2026-07-01,4821,2380,779,2057,1170,439,271,105,16.158,42.667,24.269,9.106,5.621,2.178,49.367,16.905
B81091,2026-07-01,5121,2564,744,1705,1430,641,448,153,14.528,33.294,27.924,12.517,8.748,2.988,50.068,24.253
B81092,2026-07-01,12549,6456,1662,3865,3447,1838,1322,415,13.244,30.799,27.468,14.647,10.535,3.307,51.446,28.488
B81097,2026-07-01,2481,1172,421,981,634,231,164,50,16.969,39.541,25.554,9.311,6.61,2.015,47.239,17.936
B81099,2026-07-01,10662,5402,1441,3236,3112,1444,1087,342,13.515,30.351,29.188,13.543,10.195,3.208,50.666,26.946
B81100,2026-07-01,4249,2220,665,1194,1004,523,567,296,15.651,28.101,23.629,12.309,13.344,6.966,52.248,32.619
B81101,2026-07-01,31457,16114,4412,10442,8644,3771,2903,1285,14.025,33.195,27.479,11.988,9.228,4.085,51.225,25.301
B81104,2026-07-01,7073,3286,541,5226,876,261,116,53,7.649,73.887,12.385,3.69,1.64,0.749,46.458,6.079
B81108,2026-07-01,4412,2251,686,1520,1268,487,338,113,15.549,34.451,28.74,11.038,7.661,2.561,51.02,21.26
B81109,2026-07-01,22411,11264,2995,7181,6222,2946,2304,763,13.364,32.042,27.763,13.145,10.281,3.405,50.261,26.831
B81112,2026-07-01,24106,11867,4299,10256,6050,1851,1188,462,17.834,42.545,25.097,7.679,4.928,1.917,49.228,14.523
B81113,2026-07-01,10078,5133,1759,3840,2504,1036,704,235,17.454,38.103,24.846,10.28,6.986,2.332,50.933,19.597
B81118,2026-07-01,7714,3808,1439,2966,1839,741,552,177,18.654,38.45,23.84,9.606,7.156,2.295,49.365,19.056
B81119,2026-07-01,6359,3213,1148,2668,1594,553,313,83,18.053,41.956,25.067,8.696,4.922,1.305,50.527,14.924
B81606,2026-07-01,4314,2055,796,1811,1051,391,197,68,18.452,41.98,24.363,9.064,4.567,1.576,47.636,15.206
B81616,2026-07-01,1,0,0,0,1,0,0,0,0.0,0.0,100.0,0.0,0.0,0.0,0.0,0.0
B81617,2026-07-01,16060,7545,3457,7774,3457,805,420,147,21.526,48.406,21.526,5.012,2.615,0.915,46.98,8.543
B81619,2026-07-01,2344,1136,349,849,604,260,196,86,14.889,36.22,25.768,11.092,8.362,3.669,48.464,23.123
B81628,2026-07-01,2829,1433,366,822,826,433,288,94,12.937,29.056,29.198,15.306,10.18,3.323,50.654,28.809
B81631,2026-07-01,4734,2307,865,1872,1173,457,313,54,18.272,39.544,24.778,9.654,6.612,1.141,48.733,17.406
B81635,2026-07-01,3727,1855,474,1109,1013,582,424,125,12.718,29.756,27.18,15.616,11.376,3.354,49.772,30.346
B81642,2026-07-01,4338,2242,563,1287,1177,640,477,194,12.978,29.668,27.132,14.753,10.996,4.472,51.683,30.221
B81645,2026-07-01,1942,893,301,883,490,171,78,19,15.499,45.469,25.232,8.805,4.016,0.978,45.984,13.8
B81647,2026-07-01,3098,1586,432,939,912,460,289,66,13.944,30.31,29.438,14.848,9.329,2.13,51.194,26.307
B81648,2026-07-01,1611,756,203,537,474,259,116,22,12.601,33.333,29.423,16.077,7.2,1.366,46.927,24.643
B81655,2026-07-01,3255,1653,581,1262,854,314,181,63,17.849,38.771,26.237,9.647,5.561,1.935,50.783,17.143
B81656,2026-07-01,6846,3394,1522,2962,1458,521,290,93,22.232,43.266,21.297,7.61,4.236,1.358,49.576,13.205
B81663,2026-07-01,2905,1376,553,1145,684,307,182,34,19.036,39.415,23.546,10.568,6.265,1.17,47.367,18.003
B81665,2026-07-01,2357,1139,375,846,673,281,140,42,15.91,35.893,28.553,11.922,5.94,1.782,48.324,19.644
B81666,2026-07-01,2756,1400,332,836,784,350,327,127,12.046,30.334,28.447,12.7,11.865,4.608,50.798,29.173
B81697,2026-07-01,3014,1489,549,1080,801,316,199,69,18.215,35.833,26.576,10.484,6.603,2.289,49.403,19.376
B82002,2026-07-01,8132,4215,1164,2451,2157,1129,874,357,14.314,30.14,26.525,13.883,10.748,4.39,51.832,29.021
B82004,2026-07-01,11042,5607,1436,3102,3284,1575,1218,427,13.005,28.093,29.741,14.264,11.031,3.867,50.779,29.161
B82005,2026-07-01,57287,28616,9024,25458,13889,4472,3159,1285,15.752,44.439,24.245,7.806,5.514,2.243,49.952,15.564
B82007,2026-07-01,9488,4774,1040,2434,2641,1647,1284,442,10.961,25.653,27.835,17.359,13.533,4.659,50.316,35.55
B82008,2026-07-01,8761,4411,991,2605,2425,1204,1078,458,11.311,29.734,27.679,13.743,12.305,5.228,50.348,31.275
B82010,2026-07-01,7639,3868,1079,2572,2098,898,677,315,14.125,33.669,27.464,11.755,8.862,4.124,50.635,24.741
B82011,2026-07-01,5817,2953,797,1799,1675,859,543,144,13.701,30.927,28.795,14.767,9.335,2.476,50.765,26.577
B82012,2026-07-01,15729,8048,2455,4874,4503,1827,1452,618,15.608,30.987,28.629,11.615,9.231,3.929,51.167,24.776
B82013,2026-07-01,20425,10214,2766,7782,5710,2201,1385,581,13.542,38.1,27.956,10.776,6.781,2.845,50.007,20.401
B82014,2026-07-01,6740,3363,979,2317,1892,694,594,264,14.525,34.377,28.071,10.297,8.813,3.917,49.896,23.027
B82016,2026-07-01,15659,8129,2288,5796,4270,1573,1236,496,14.611,37.014,27.269,10.045,7.893,3.168,51.913,21.106
B82017,2026-07-01,13256,6729,1454,3928,3685,2123,1567,499,10.969,29.632,27.799,16.015,11.821,3.764,50.762,31.601
B82018,2026-07-01,6881,3511,887,1951,2032,1049,753,209,12.891,28.353,29.531,15.245,10.943,3.037,51.025,29.225
B82019,2026-07-01,4409,2293,788,1505,1213,499,336,68,17.873,34.135,27.512,11.318,7.621,1.542,52.007,20.481
B82021,2026-07-01,9946,5249,1340,3738,2710,1058,815,285,13.473,37.583,27.247,10.637,8.194,2.865,52.775,21.697
B82022,2026-07-01,5655,2933,674,1477,1584,836,791,293,11.919,26.118,28.011,14.783,13.988,5.181,51.866,33.952
B82023,2026-07-01,6063,3091,927,2028,1656,757,499,196,15.289,33.449,27.313,12.486,8.23,3.233,50.981,23.949
B82024,2026-07-01,8753,4508,1560,3047,2170,1022,731,223,17.822,34.811,24.792,11.676,8.351,2.548,51.502,22.575
B82025,2026-07-01,21025,10524,3016,7280,5641,2520,1891,677,14.345,34.625,26.83,11.986,8.994,3.22,50.055,24.2
B82026,2026-07-01,31673,16340,4234,9872,8197,4156,3671,1543,13.368,31.169,25.88,13.122,11.59,4.872,51.59,29.584
B82027,2026-07-01,13976,7180,1885,4843,4058,1547,1152,491,13.487,34.652,29.035,11.069,8.243,3.513,51.374,22.825
B82029,2026-07-01,3218,1617,335,822,940,600,394,127,10.41,25.544,29.211,18.645,12.244,3.947,50.249,34.835
B82030,2026-07-01,5846,2994,694,1477,1755,940,745,235,11.871,25.265,30.021,16.079,12.744,4.02,51.215,32.843
B82031,2026-07-01,11208,5702,2164,4188,2809,1060,738,249,19.308,37.366,25.062,9.458,6.585,2.222,50.874,18.264
B82032,2026-07-01,12328,6360,1869,3748,3379,1691,1199,442,15.161,30.402,27.409,13.717,9.726,3.585,51.59,27.028
B82033,2026-07-01,10795,5582,1175,2845,2895,1772,1547,561,10.885,26.355,26.818,16.415,14.331,5.197,51.709,35.943
B82034,2026-07-01,6329,3300,629,1625,1934,1066,781,294,9.938,25.675,30.558,16.843,12.34,4.645,52.141,33.828
B82035,2026-07-01,3644,1847,432,1083,1106,484,397,142,11.855,29.72,30.351,13.282,10.895,3.897,50.686,28.074
B82036,2026-07-01,7800,4066,1098,2482,2184,926,796,314,14.077,31.821,28.0,11.872,10.205,4.026,52.128,26.103
B82037,2026-07-01,8735,4528,902,2134,2218,1599,1416,466,10.326,24.43,25.392,18.306,16.211,5.335,51.837,39.851
B82038,2026-07-01,23897,11661,3459,8861,6200,2654,1992,731,14.475,37.08,25.945,11.106,8.336,3.059,48.797,22.501
B82041,2026-07-01,15848,7993,2433,5257,4224,1960,1476,498,15.352,33.171,26.653,12.367,9.313,3.142,50.435,24.823
B82042,2026-07-01,8559,4411,1084,2542,2442,1214,886,391,12.665,29.7,28.531,14.184,10.352,4.568,51.536,29.104
B82044,2026-07-01,9530,4890,1117,2566,2612,1500,1253,482,11.721,26.925,27.408,15.74,13.148,5.058,51.312,33.945
B82045,2026-07-01,5587,2733,522,1252,1807,1056,734,216,9.343,22.409,32.343,18.901,13.138,3.866,48.917,35.905
B82046,2026-07-01,3060,1492,384,868,877,502,335,94,12.549,28.366,28.66,16.405,10.948,3.072,48.758,30.425
B82047,2026-07-01,15708,8293,788,12097,1521,544,498,260,5.017,77.012,9.683,3.463,3.17,1.655,52.795,8.289
B82049,2026-07-01,8207,4309,1120,2693,2115,1123,835,321,13.647,32.813,25.771,13.683,10.174,3.911,52.504,27.769
B82050,2026-07-01,21815,11256,3018,6605,5869,3048,2458,817,13.835,30.277,26.904,13.972,11.267,3.745,51.598,28.985
B82053,2026-07-01,15639,7995,2212,5176,4126,2112,1507,506,14.144,33.097,26.383,13.505,9.636,3.236,51.122,26.376
B82054,2026-07-01,16774,8672,1991,4715,4544,2599,2089,836,11.87,28.109,27.09,15.494,12.454,4.984,51.699,32.932
B82057,2026-07-01,7596,3867,1273,2473,2106,939,600,205,16.759,32.557,27.725,12.362,7.899,2.699,50.908,22.959
B82059,2026-07-01,11391,5714,1546,3812,3111,1399,1045,478,13.572,33.465,27.311,12.282,9.174,4.196,50.162,25.652
B82060,2026-07-01,12891,6576,1928,4410,3372,1490,1188,503,14.956,34.21,26.158,11.558,9.216,3.902,51.012,24.676
B82061,2026-07-01,7434,3734,901,1963,2091,1253,915,311,12.12,26.406,28.128,16.855,12.308,4.183,50.229,33.347
B82063,2026-07-01,9817,5103,1142,2614,2677,1623,1347,414,11.633,26.627,27.269,16.533,13.721,4.217,51.981,34.471
B82064,2026-07-01,3623,1849,448,1113,1089,518,361,94,12.365,30.72,30.058,14.298,9.964,2.595,51.035,26.856
B82066,2026-07-01,10281,5250,1398,3016,2809,1530,1115,413,13.598,29.336,27.322,14.882,10.845,4.017,51.065,29.744
B82067,2026-07-01,8844,4551,1353,2975,2336,1066,808,306,15.299,33.639,26.413,12.053,9.136,3.46,51.459,24.649
B82068,2026-07-01,3589,1804,442,983,979,552,429,204,12.315,27.389,27.278,15.38,11.953,5.684,50.265,33.018
B82069,2026-07-01,7693,3933,1008,2429,2153,1015,808,280,13.103,31.574,27.986,13.194,10.503,3.64,51.124,27.337
B82071,2026-07-01,7373,3753,1015,2027,2117,1041,900,273,13.766,27.492,28.713,14.119,12.207,3.703,50.902,30.028
B82072,2026-07-01,5121,2593,564,1418,1480,801,656,202,11.013,27.69,28.901,15.641,12.81,3.945,50.635,32.396
B82073,2026-07-01,10856,5492,1719,3894,2876,1205,901,261,15.835,35.87,26.492,11.1,8.3,2.404,50.59,21.804
B82074,2026-07-01,18641,9483,2892,6872,4890,1902,1552,533,15.514,36.865,26.232,10.203,8.326,2.859,50.872,21.388
B82075,2026-07-01,9385,4861,1190,2823,2599,1375,1021,377,12.68,30.08,27.693,14.651,10.879,4.017,51.795,29.547
B82077,2026-07-01,6168,3157,740,1658,1738,962,777,293,11.997,26.881,28.178,15.597,12.597,4.75,51.184,32.944
B82078,2026-07-01,6094,3146,597,1517,1676,1142,841,321,9.797,24.893,27.502,18.74,13.8,5.267,51.625,37.808
B82079,2026-07-01,3751,1941,420,998,1084,598,456,195,11.197,26.606,28.899,15.942,12.157,5.199,51.746,33.298
B82080,2026-07-01,18673,9585,2600,5720,5288,2331,2042,692,13.924,30.632,28.319,12.483,10.936,3.706,51.331,27.125
B82081,2026-07-01,7218,3730,969,2160,2166,921,703,299,13.425,29.925,30.008,12.76,9.74,4.142,51.676,26.642
B82083,2026-07-01,43366,22012,5425,20448,10320,3637,2563,973,12.51,47.152,23.797,8.387,5.91,2.244,50.759,16.541
B82086,2026-07-01,5124,2584,606,1417,1522,826,578,175,11.827,27.654,29.703,16.12,11.28,3.415,50.429,30.816
B82088,2026-07-01,10664,5221,1472,4093,2803,1135,834,327,13.803,38.381,26.285,10.643,7.821,3.066,48.959,21.53
B82097,2026-07-01,11155,5575,1906,4403,2765,1284,639,158,17.087,39.471,24.787,11.511,5.728,1.416,49.978,18.655
B82098,2026-07-01,27531,14181,3088,12671,6945,2439,1782,606,11.216,46.024,25.226,8.859,6.473,2.201,51.509,17.533
B82100,2026-07-01,8733,4559,1085,2968,2344,1210,863,263,12.424,33.986,26.841,13.855,9.882,3.012,52.204,26.749
B82101,2026-07-01,5310,2724,615,1429,1473,904,677,212,11.582,26.911,27.74,17.024,12.75,3.992,51.299,33.766
B82104,2026-07-01,8318,4573,2040,3549,1883,477,269,100,24.525,42.667,22.638,5.735,3.234,1.202,54.977,10.171
B82105,2026-07-01,9494,4821,1418,3036,2698,1175,879,288,14.936,31.978,28.418,12.376,9.258,3.033,50.779,24.668
B82106,2026-07-01,4811,2520,610,1411,1249,754,562,225,12.679,29.329,25.961,15.672,11.682,4.677,52.38,32.031
B82609,2026-07-01,4141,2134,524,1259,1143,668,415,132,12.654,30.403,27.602,16.131,10.022,3.188,51.533,29.341
B82619,2026-07-01,1868,966,292,480,551,284,197,64,15.632,25.696,29.497,15.203,10.546,3.426,51.713,29.176
B82628,2026-07-01,4611,2406,490,1152,1275,882,616,196,10.627,24.984,27.651,19.128,13.359,4.251,52.18,36.738
B83002,2026-07-01,5698,2965,778,1765,1583,676,646,250,13.654,30.976,27.782,11.864,11.337,4.388,52.036,27.589
B83005,2026-07-01,6794,3303,1533,3219,1349,422,187,84,22.564,47.38,19.856,6.211,2.752,1.236,48.616,10.2
B83008,2026-07-01,19861,9665,4173,9228,4125,1385,690,260,21.011,46.463,20.769,6.973,3.474,1.309,48.663,11.757
B83010,2026-07-01,10014,4906,1763,4146,2467,890,520,228,17.605,41.402,24.636,8.888,5.193,2.277,48.991,16.357
B83012,2026-07-01,11086,5485,2289,4836,2580,731,445,205,20.648,43.623,23.273,6.594,4.014,1.849,49.477,12.457
B83014,2026-07-01,13806,7019,1958,4680,3706,1665,1287,510,14.182,33.898,26.843,12.06,9.322,3.694,50.84,25.076
B83015,2026-07-01,8849,4439,1843,3844,1999,673,367,123,20.827,43.44,22.59,7.605,4.147,1.39,50.164,13.143
B83016,2026-07-01,8777,4524,2071,4114,1823,470,210,89,23.596,46.873,20.77,5.355,2.393,1.014,51.544,8.762
B83018,2026-07-01,12452,6324,2140,4700,3245,1264,812,291,17.186,37.745,26.06,10.151,6.521,2.337,50.787,19.009
B83019,2026-07-01,7314,3743,1179,2227,2059,853,734,262,16.12,30.448,28.151,11.663,10.036,3.582,51.176,25.28
B83022,2026-07-01,10125,5132,1356,3008,2786,1387,1202,386,13.393,29.709,27.516,13.699,11.872,3.812,50.686,29.383
B83025,2026-07-01,4473,2144,965,2088,974,277,125,44,21.574,46.68,21.775,6.193,2.795,0.984,47.932,9.971
B83026,2026-07-01,5910,2782,1454,3033,1114,198,77,34,24.602,51.32,18.849,3.35,1.303,0.575,47.073,5.228
B83028,2026-07-01,10851,5501,1858,4052,2770,1163,765,243,17.123,37.342,25.528,10.718,7.05,2.239,50.696,20.007
B83029,2026-07-01,10277,5218,1781,3744,2650,1099,749,254,17.33,36.431,25.786,10.694,7.288,2.472,50.774,20.453
B83031,2026-07-01,3913,1994,593,1267,1092,533,331,97,15.155,32.379,27.907,13.621,8.459,2.479,50.958,24.559
B83032,2026-07-01,4403,2006,1024,2072,920,240,107,40,23.257,47.059,20.895,5.451,2.43,0.908,45.56,8.789
B83033,2026-07-01,86424,43751,13464,30469,23036,9866,7129,2460,15.579,35.255,26.655,11.416,8.249,2.846,50.624,22.511
B83034,2026-07-01,6768,3286,1476,3237,1437,389,143,86,21.809,47.828,21.232,5.748,2.113,1.271,48.552,9.131
B83035,2026-07-01,15660,7592,3479,7736,3099,814,385,147,22.216,49.4,19.789,5.198,2.458,0.939,48.48,8.595
B83037,2026-07-01,9959,5220,1377,3034,2793,1312,1109,334,13.827,30.465,28.045,13.174,11.136,3.354,52.415,27.663
B83038,2026-07-01,18468,9374,3860,8262,3979,1278,760,329,20.901,44.737,21.545,6.92,4.115,1.781,50.758,12.817
B83039,2026-07-01,24282,12394,3851,8756,6610,2491,1895,679,15.859,36.06,27.222,10.259,7.804,2.796,51.042,20.859
B83041,2026-07-01,14306,7075,2813,6305,3377,1098,539,174,19.663,44.072,23.605,7.675,3.768,1.216,49.455,12.659
B83042,2026-07-01,9166,4726,1986,3835,2090,706,399,150,21.667,41.839,22.802,7.702,4.353,1.636,51.56,13.692
B83045,2026-07-01,12300,6364,2094,4701,3172,1251,783,299,17.024,38.22,25.789,10.171,6.366,2.431,51.74,18.967
B83051,2026-07-01,8728,3162,1114,6861,693,44,14,2,12.764,78.609,7.94,0.504,0.16,0.023,36.228,0.687
B83052,2026-07-01,23315,11618,5295,11009,4900,1256,590,265,22.711,47.219,21.017,5.387,2.531,1.137,49.831,9.054
B83055,2026-07-01,31106,15664,6581,13571,6949,2354,1225,426,21.157,43.628,22.34,7.568,3.938,1.37,50.357,12.875
B83056,2026-07-01,8656,4437,1700,3464,1963,791,510,228,19.64,40.018,22.678,9.138,5.892,2.634,51.259,17.664
B83058,2026-07-01,8758,4155,2143,4617,1608,254,85,51,24.469,52.718,18.36,2.9,0.971,0.582,47.442,4.453
B83062,2026-07-01,9211,4662,1961,3885,2148,749,344,124,21.29,42.178,23.32,8.132,3.735,1.346,50.613,13.212
B83063,2026-07-01,58884,29907,10088,23012,15037,5776,3738,1233,17.132,39.08,25.537,9.809,6.348,2.094,50.79,18.251
B83064,2026-07-01,11502,5887,2392,4681,2547,1028,619,235,20.796,40.697,22.144,8.938,5.382,2.043,51.182,16.362
B83067,2026-07-01,7836,4001,1026,2578,2287,1003,686,256,13.093,32.899,29.186,12.8,8.754,3.267,51.059,24.821
B83604,2026-07-01,4747,2308,1099,2321,933,252,88,54,23.151,48.894,19.655,5.309,1.854,1.138,48.62,8.3
B83611,2026-07-01,11862,5508,2787,5978,2285,513,205,94,23.495,50.396,19.263,4.325,1.728,0.792,46.434,6.845
B83614,2026-07-01,9893,4846,2288,5024,1863,426,196,96,23.127,50.783,18.831,4.306,1.981,0.97,48.984,7.258
B83620,2026-07-01,3537,1867,386,765,894,679,590,223,10.913,21.628,25.276,19.197,16.681,6.305,52.785,42.183
B83622,2026-07-01,4267,2067,947,2068,886,251,83,32,22.194,48.465,20.764,5.882,1.945,0.75,48.442,8.577
B83624,2026-07-01,16948,8712,1920,4586,5214,2307,1872,1049,11.329,27.059,30.765,13.612,11.046,6.19,51.404,30.847
B83626,2026-07-01,6400,3167,1535,3166,1236,281,133,49,23.984,49.469,19.312,4.391,2.078,0.766,49.484,7.234
B83627,2026-07-01,3347,1548,656,1499,803,225,115,49,19.6,44.786,23.992,6.722,3.436,1.464,46.25,11.622
B83628,2026-07-01,10044,4707,2209,5334,1894,398,136,73,21.993,53.106,18.857,3.963,1.354,0.727,46.864,6.043
B83629,2026-07-01,3150,1540,711,1411,682,206,109,31,22.571,44.794,21.651,6.54,3.46,0.984,48.889,10.984
B83641,2026-07-01,11138,5502,2680,5529,2125,506,203,95,24.062,49.641,19.079,4.543,1.823,0.853,49.398,7.219
B83642,2026-07-01,4773,2296,1061,2351,978,253,94,36,22.229,49.256,20.49,5.301,1.969,0.754,48.104,8.024
B83653,2026-07-01,7732,3780,1794,3838,1534,367,135,64,23.202,49.638,19.84,4.747,1.746,0.828,48.888,7.32
B83657,2026-07-01,5379,1552,779,3554,963,72,9,2,14.482,66.072,17.903,1.339,0.167,0.037,28.853,1.543
B83659,2026-07-01,3982,1925,915,1994,819,149,59,46,22.978,50.075,20.568,3.742,1.482,1.155,48.343,6.379
B83660,2026-07-01,5561,2527,1226,2809,1130,251,103,42,22.046,50.512,20.32,4.514,1.852,0.755,45.441,7.121
B83661,2026-07-01,2934,1453,660,1369,658,162,52,33,22.495,46.66,22.427,5.521,1.772,1.125,49.523,8.419
B84001,2026-07-01,10135,4966,1561,3983,2759,1068,623,141,15.402,39.299,27.222,10.538,6.147,1.391,48.999,18.076
B84003,2026-07-01,7702,3890,982,2579,2251,936,711,243,12.75,33.485,29.226,12.153,9.231,3.155,50.506,24.539
B84004,2026-07-01,18645,9571,2263,5854,5995,2519,1593,421,12.137,31.397,32.153,13.51,8.544,2.258,51.333,24.312
B84006,2026-07-01,15900,8133,2303,5705,4549,1770,1239,334,14.484,35.881,28.61,11.132,7.792,2.101,51.151,21.025
B84007,2026-07-01,10585,5376,1481,3334,3376,1289,906,199,13.991,31.497,31.894,12.178,8.559,1.88,50.789,22.617
B84008,2026-07-01,16560,8548,2371,5552,4597,2024,1511,505,14.318,33.527,27.76,12.222,9.124,3.05,51.618,24.396
B84009,2026-07-01,11555,5913,1708,3904,3331,1354,982,276,14.781,33.786,28.827,11.718,8.498,2.389,51.173,22.605
B84010,2026-07-01,10004,5033,1677,3807,2614,969,754,183,16.763,38.055,26.13,9.686,7.537,1.829,50.31,19.052
B84011,2026-07-01,10901,5544,1337,3583,3121,1309,1161,390,12.265,32.869,28.63,12.008,10.65,3.578,50.858,26.236
B84012,2026-07-01,28339,13785,5308,11729,6700,2347,1603,652,18.73,41.388,23.642,8.282,5.657,2.301,48.643,16.239
B84013,2026-07-01,9351,4784,1649,3380,2354,1052,668,248,17.634,36.146,25.174,11.25,7.144,2.652,51.16,21.046
B84014,2026-07-01,5653,2864,791,1902,1483,696,588,193,13.993,33.646,26.234,12.312,10.402,3.414,50.663,26.128
B84016,2026-07-01,11343,5793,1863,4328,2946,1114,793,299,16.424,38.156,25.972,9.821,6.991,2.636,51.071,19.448
B84019,2026-07-01,17060,8430,3325,7380,3976,1236,832,311,19.49,43.259,23.306,7.245,4.877,1.823,49.414,13.945
B84021,2026-07-01,8616,4475,1429,3267,2039,896,719,266,16.585,37.918,23.665,10.399,8.345,3.087,51.938,21.831
B84612,2026-07-01,8990,4227,1557,4101,2182,658,365,127,17.319,45.617,24.271,7.319,4.06,1.413,47.019,12.792
B84613,2026-07-01,10825,5578,2228,4582,2543,817,503,152,20.582,42.328,23.492,7.547,4.647,1.404,51.529,13.598
B84618,2026-07-01,7836,3811,1425,3178,2013,657,417,146,18.185,40.556,25.689,8.384,5.322,1.863,48.635,15.569
B84623,2026-07-01,5169,2720,880,2059,1376,439,333,82,17.025,39.834,26.62,8.493,6.442,1.586,52.621,16.522
B85001,2026-07-01,6653,3312,1029,2379,1827,706,519,193,15.467,35.758,27.461,10.612,7.801,2.901,49.782,21.314
B85002,2026-07-01,4610,2395,720,1581,1341,475,366,127,15.618,34.295,29.089,10.304,7.939,2.755,51.952,20.998
B85004,2026-07-01,6113,3031,1222,2585,1412,479,296,119,19.99,42.287,23.098,7.836,4.842,1.947,49.583,14.625
B85005,2026-07-01,6716,3401,918,2028,1937,897,756,180,13.669,30.197,28.842,13.356,11.257,2.68,50.64,27.293
B85006,2026-07-01,15345,7823,1949,4780,4646,1978,1519,473,12.701,31.15,30.277,12.89,9.899,3.082,50.981,25.872
B85008,2026-07-01,6134,3059,1296,2659,1349,397,306,127,21.128,43.349,21.992,6.472,4.989,2.07,49.87,13.531
B85009,2026-07-01,8620,4296,1560,3629,1947,739,546,199,18.097,42.1,22.587,8.573,6.334,2.309,49.838,17.216
B85010,2026-07-01,7192,3740,1227,2743,1850,697,489,186,17.061,38.14,25.723,9.691,6.799,2.586,52.002,19.077
B85012,2026-07-01,10660,5379,2032,4079,2698,1001,641,209,19.062,38.265,25.31,9.39,6.013,1.961,50.46,17.364
B85014,2026-07-01,9259,4745,1310,3254,2544,1049,857,245,14.148,35.144,27.476,11.33,9.256,2.646,51.247,23.231
B85015,2026-07-01,8362,4229,1288,3068,2248,838,685,235,15.403,36.69,26.884,10.022,8.192,2.81,50.574,21.024
B85016,2026-07-01,10566,5275,2083,4390,2496,889,523,185,19.714,41.548,23.623,8.414,4.95,1.751,49.924,15.115
B85018,2026-07-01,9520,4764,1871,3971,2227,738,528,185,19.653,41.712,23.393,7.752,5.546,1.943,50.042,15.242
B85019,2026-07-01,17192,8804,2401,5835,4676,1895,1760,625,13.966,33.94,27.199,11.023,10.237,3.635,51.21,24.895
B85020,2026-07-01,6625,3269,1288,2727,1543,601,367,99,19.442,41.162,23.291,9.072,5.54,1.494,49.343,16.106
B85021,2026-07-01,8922,4484,1264,3154,2415,1030,789,270,14.167,35.351,27.068,11.544,8.843,3.026,50.258,23.414
B85022,2026-07-01,7981,4053,1009,2488,2234,1066,891,293,12.643,31.174,27.991,13.357,11.164,3.671,50.783,28.192
B85023,2026-07-01,6281,3260,929,2236,1738,677,532,169,14.791,35.599,27.671,10.779,8.47,2.691,51.903,21.939
B85024,2026-07-01,9195,4689,1374,3315,2481,1006,773,246,14.943,36.052,26.982,10.941,8.407,2.675,50.995,22.023
B85025,2026-07-01,12379,6355,2143,4478,3263,1215,918,362,17.312,36.174,26.359,9.815,7.416,2.924,51.337,20.155
B85026,2026-07-01,7995,4151,1109,2503,2333,1005,811,234,13.871,31.307,29.181,12.57,10.144,2.927,51.92,25.641
B85027,2026-07-01,10229,5360,1735,3600,2779,1079,772,264,16.962,35.194,27.168,10.548,7.547,2.581,52.4,20.677
B85028,2026-07-01,17510,8845,3414,7271,4220,1393,900,312,19.497,41.525,24.101,7.955,5.14,1.782,50.514,14.877
B85030,2026-07-01,9512,4867,1539,3655,2601,841,682,194,16.18,38.425,27.344,8.841,7.17,2.04,51.167,18.051
B85031,2026-07-01,6963,3562,898,2260,2001,840,711,253,12.897,32.457,28.738,12.064,10.211,3.633,51.156,25.908
B85032,2026-07-01,5929,3064,914,2007,1556,685,586,181,15.416,33.851,26.244,11.553,9.884,3.053,51.678,24.49
B85033,2026-07-01,5827,2986,1058,2108,1479,550,438,194,18.157,36.176,25.382,9.439,7.517,3.329,51.244,20.285
B85036,2026-07-01,8580,4383,1432,3191,2246,932,575,204,16.69,37.191,26.177,10.862,6.702,2.378,51.084,19.942
B85037,2026-07-01,5685,2754,1042,2221,1381,506,418,117,18.329,39.068,24.292,8.901,7.353,2.058,48.443,18.311
B85038,2026-07-01,5835,2961,952,2116,1539,656,420,152,16.315,36.264,26.375,11.243,7.198,2.605,50.746,21.045
B85041,2026-07-01,15880,7871,3319,7212,3640,1025,524,160,20.901,45.416,22.922,6.455,3.3,1.008,49.565,10.762
B85042,2026-07-01,9036,4372,1646,3709,2364,736,406,175,18.216,41.047,26.162,8.145,4.493,1.937,48.384,14.575
B85044,2026-07-01,2871,1330,663,1456,554,140,34,24,23.093,50.714,19.296,4.876,1.184,0.836,46.325,6.897
B85048,2026-07-01,4406,2138,1021,2015,936,247,136,51,23.173,45.733,21.244,5.606,3.087,1.158,48.525,9.85
B85051,2026-07-01,6865,3460,1127,2531,1794,742,504,167,16.417,36.868,26.133,10.808,7.342,2.433,50.401,20.583
B85054,2026-07-01,10434,5222,1403,3493,3083,1281,906,268,13.446,33.477,29.548,12.277,8.683,2.569,50.048,23.529
B85055,2026-07-01,13099,6419,3114,6571,2466,608,221,119,23.773,50.164,18.826,4.642,1.687,0.908,49.004,7.237
B85058,2026-07-01,3041,1457,496,1489,718,183,106,49,16.31,48.964,23.611,6.018,3.486,1.611,47.912,11.115
B85059,2026-07-01,8611,4528,1425,3194,2405,895,552,140,16.549,37.092,27.929,10.394,6.41,1.626,52.584,18.43
B85060,2026-07-01,2309,1107,300,807,612,249,254,87,12.993,34.95,26.505,10.784,11.0,3.768,47.943,25.552
B85061,2026-07-01,9615,4944,1281,3107,2825,1142,959,301,13.323,32.314,29.381,11.877,9.974,3.131,51.42,24.982
B85062,2026-07-01,13107,4940,877,11218,910,77,23,2,6.691,85.588,6.943,0.587,0.175,0.015,37.69,0.778
B85606,2026-07-01,4500,2053,797,1904,1110,396,214,79,17.711,42.311,24.667,8.8,4.756,1.756,45.622,15.311
B85610,2026-07-01,10963,5625,1710,3720,3248,1187,902,196,15.598,33.932,29.627,10.827,8.228,1.788,51.309,20.843
B85611,2026-07-01,3646,1697,645,1461,990,310,143,97,17.691,40.071,27.153,8.502,3.922,2.66,46.544,15.085
B85612,2026-07-01,4876,2442,919,1996,1215,373,281,92,18.847,40.935,24.918,7.65,5.763,1.887,50.082,15.299
B85614,2026-07-01,6821,3108,1577,3222,1418,353,158,93,23.12,47.236,20.789,5.175,2.316,1.363,45.565,8.855
B85619,2026-07-01,3201,1553,634,1452,680,250,147,38,19.806,45.361,21.243,7.81,4.592,1.187,48.516,13.59
B85620,2026-07-01,3040,1516,598,1278,681,247,177,59,19.671,42.039,22.401,8.125,5.822,1.941,49.868,15.888
B85623,2026-07-01,3408,1656,606,1414,834,313,159,82,17.782,41.491,24.472,9.184,4.665,2.406,48.592,16.256
B85634,2026-07-01,3627,1722,852,1656,783,207,94,35,23.49,45.658,21.588,5.707,2.592,0.965,47.477,9.264
B85636,2026-07-01,4459,2357,675,1588,1220,459,356,161,15.138,35.613,27.36,10.294,7.984,3.611,52.859,21.888
B85640,2026-07-01,3632,1851,527,1404,985,393,264,59,14.51,38.656,27.12,10.82,7.269,1.624,50.964,19.714
B85641,2026-07-01,4093,2086,660,1622,1056,350,279,126,16.125,39.629,25.8,8.551,6.817,3.078,50.965,18.446
B85645,2026-07-01,2480,1220,564,1263,502,107,39,5,22.742,50.927,20.242,4.315,1.573,0.202,49.194,6.089
B85646,2026-07-01,6175,2971,1109,2539,1463,544,370,150,17.96,41.117,23.692,8.81,5.992,2.429,48.113,17.231
B85650,2026-07-01,4705,2214,1192,2387,881,153,68,24,25.335,50.733,18.725,3.252,1.445,0.51,47.056,5.207
B85652,2026-07-01,7699,3796,1686,3631,1683,432,199,68,21.899,47.162,21.86,5.611,2.585,0.883,49.305,9.079
B85655,2026-07-01,2801,1404,520,1229,630,227,144,51,18.565,43.877,22.492,8.104,5.141,1.821,50.125,15.066
B85659,2026-07-01,1672,462,228,1209,216,15,4,0,13.636,72.309,12.919,0.897,0.239,0.0,27.632,1.136
B85660,2026-07-01,6719,3396,1193,2750,1633,633,376,134,17.756,40.929,24.304,9.421,5.596,1.994,50.543,17.011
B86002,2026-07-01,14448,6521,2859,6875,3358,778,397,181,19.788,47.584,23.242,5.385,2.748,1.253,45.134,9.385
B86003,2026-07-01,16615,7827,3166,7957,3766,993,544,189,19.055,47.89,22.666,5.977,3.274,1.138,47.108,10.388
B86004,2026-07-01,8561,4425,1361,3221,2107,911,704,257,15.898,37.624,24.612,10.641,8.223,3.002,51.688,21.867
B86005,2026-07-01,5559,2715,1020,2598,1322,356,200,63,18.349,46.735,23.781,6.404,3.598,1.133,48.84,11.135
B86006,2026-07-01,15074,7772,2272,5508,4108,1538,1173,475,15.072,36.54,27.252,10.203,7.782,3.151,51.559,21.136
B86007,2026-07-01,9374,4798,1810,3871,2151,837,517,188,19.309,41.295,22.946,8.929,5.515,2.006,51.184,16.45
B86008,2026-07-01,19051,9837,3609,6495,4963,1985,1481,518,18.944,34.093,26.051,10.419,7.774,2.719,51.635,20.912
B86010,2026-07-01,10038,5159,1538,2782,2817,1289,1201,411,15.322,27.715,28.063,12.841,11.965,4.094,51.395,28.9
B86011,2026-07-01,9565,4847,1589,3767,2510,889,592,218,16.613,39.383,26.242,9.294,6.189,2.279,50.674,17.763
B86012,2026-07-01,19227,9352,3783,9612,4135,1046,487,164,19.675,49.992,21.506,5.44,2.533,0.853,48.64,8.826
B86013,2026-07-01,19717,9802,4612,8598,4545,969,661,332,23.391,43.607,23.051,4.915,3.352,1.684,49.713,9.951
B86014,2026-07-01,13394,6875,2330,5119,3524,1216,858,347,17.396,38.219,26.31,9.079,6.406,2.591,51.329,18.075
B86015,2026-07-01,13889,7104,2393,5786,3522,1234,721,233,17.229,41.659,25.358,8.885,5.191,1.678,51.148,15.753
B86016,2026-07-01,18318,9341,3514,7602,4277,1569,1005,351,19.183,41.5,23.349,8.565,5.486,1.916,50.994,15.968
B86017,2026-07-01,16635,8032,2172,8930,3453,1058,774,248,13.057,53.682,20.757,6.36,4.653,1.491,48.284,12.504
B86018,2026-07-01,7315,3749,934,2710,1947,925,593,206,12.768,37.047,26.617,12.645,8.107,2.816,51.251,23.568
B86019,2026-07-01,20258,10150,3698,8288,5195,1572,1042,463,18.255,40.912,25.644,7.76,5.144,2.286,50.104,15.189
B86020,2026-07-01,11176,5726,1779,3941,3121,1111,931,293,15.918,35.263,27.926,9.941,8.33,2.622,51.235,20.893
B86022,2026-07-01,14012,7069,2811,6126,3282,941,596,256,20.061,43.72,23.423,6.716,4.253,1.827,50.45,12.796
B86024,2026-07-01,9610,4751,1413,4215,2377,892,531,182,14.703,43.861,24.735,9.282,5.525,1.894,49.438,16.701
B86025,2026-07-01,10704,4883,1162,7661,1293,368,164,56,10.856,71.571,12.08,3.438,1.532,0.523,45.618,5.493
B86028,2026-07-01,5170,2531,854,2169,1278,435,331,103,16.518,41.954,24.72,8.414,6.402,1.992,48.956,16.809
B86029,2026-07-01,5749,2907,833,1897,1632,682,557,148,14.489,32.997,28.388,11.863,9.689,2.574,50.565,24.126
B86030,2026-07-01,10494,5261,1046,5499,2035,855,720,339,9.968,52.401,19.392,8.148,6.861,3.23,50.133,18.239
B86032,2026-07-01,18662,9501,2698,5562,5199,2429,2016,758,14.457,29.804,27.859,13.016,10.803,4.062,50.911,27.88
B86033,2026-07-01,11848,6174,1623,3428,3138,1547,1489,623,13.699,28.933,26.485,13.057,12.568,5.258,52.11,30.883
B86034,2026-07-01,6847,3550,1068,2024,1942,792,763,258,15.598,29.56,28.363,11.567,11.144,3.768,51.848,26.479
B86035,2026-07-01,9256,4601,1645,3776,2304,854,477,200,17.772,40.795,24.892,9.226,5.153,2.161,49.708,16.541
B86036,2026-07-01,11002,5644,1592,3541,2908,1321,1282,358,14.47,32.185,26.432,12.007,11.652,3.254,51.3,26.913
B86038,2026-07-01,10555,5344,1540,3804,2753,1130,944,384,14.59,36.04,26.082,10.706,8.944,3.638,50.63,23.288
B86039,2026-07-01,9570,4692,1603,4258,2284,817,464,144,16.75,44.493,23.866,8.537,4.848,1.505,49.028,14.89
B86041,2026-07-01,7676,3762,1312,3858,1589,510,318,89,17.092,50.261,20.701,6.644,4.143,1.159,49.01,11.946
B86042,2026-07-01,15726,8037,3173,6723,3773,1128,686,243,20.177,42.751,23.992,7.173,4.362,1.545,51.106,13.08
B86043,2026-07-01,10211,5146,2191,4722,2076,639,427,156,21.457,46.244,20.331,6.258,4.182,1.528,50.397,11.967
B86044,2026-07-01,28312,14530,5101,11178,6812,2323,1995,903,18.017,39.481,24.06,8.205,7.046,3.189,51.321,18.441
B86048,2026-07-01,14552,7475,2179,5036,3853,1542,1371,571,14.974,34.607,26.477,10.596,9.421,3.924,51.368,23.942
B86049,2026-07-01,9965,4975,1740,5081,2112,591,301,140,17.461,50.988,21.194,5.931,3.021,1.405,49.925,10.356
B86050,2026-07-01,20365,10419,3531,8000,5281,1758,1357,438,17.339,39.283,25.932,8.632,6.663,2.151,51.161,17.447
B86051,2026-07-01,15018,7689,2274,5251,4372,1568,1165,388,15.142,34.965,29.112,10.441,7.757,2.584,51.199,20.782
B86052,2026-07-01,12139,6224,1881,3860,3343,1431,1152,472,15.496,31.798,27.539,11.788,9.49,3.888,51.273,25.167
B86054,2026-07-01,6187,3096,1122,2610,1459,579,300,117,18.135,42.185,23.582,9.358,4.849,1.891,50.04,16.098
B86055,2026-07-01,13667,6942,2123,5033,3489,1460,1091,471,15.534,36.826,25.529,10.683,7.983,3.446,50.794,22.112
B86057,2026-07-01,19928,10187,3267,7971,5166,1846,1259,419,16.394,39.999,25.923,9.263,6.318,2.103,51.119,17.684
B86059,2026-07-01,16256,8233,2616,7261,4011,1336,774,258,16.093,44.667,24.674,8.219,4.761,1.587,50.646,14.567
B86060,2026-07-01,10910,5456,1941,5069,2414,809,489,188,17.791,46.462,22.126,7.415,4.482,1.723,50.009,13.621
B86061,2026-07-01,4807,2161,1092,2551,865,189,71,39,22.717,53.068,17.995,3.932,1.477,0.811,44.955,6.22
B86062,2026-07-01,8270,4061,1135,3033,2318,922,660,202,13.724,36.675,28.029,11.149,7.981,2.443,49.105,21.572
B86064,2026-07-01,17077,8645,2771,6419,4666,1722,1120,379,16.227,37.589,27.323,10.084,6.559,2.219,50.624,18.862
B86066,2026-07-01,14508,7396,2656,5340,3707,1409,1014,382,18.307,36.807,25.551,9.712,6.989,2.633,50.979,19.334
B86067,2026-07-01,16756,8293,2524,6342,4778,1539,1254,319,15.063,37.849,28.515,9.185,7.484,1.904,49.493,18.572
B86068,2026-07-01,7736,3882,1131,3232,1909,776,478,210,14.62,41.779,24.677,10.031,6.179,2.715,50.181,18.925
B86069,2026-07-01,13323,6060,1252,9115,1989,535,307,125,9.397,68.416,14.929,4.016,2.304,0.938,45.485,7.258
B86070,2026-07-01,4508,2265,612,1566,1195,531,418,186,13.576,34.738,26.508,11.779,9.272,4.126,50.244,25.177
B86071,2026-07-01,8311,4195,1458,3499,2075,684,447,148,17.543,42.101,24.967,8.23,5.378,1.781,50.475,15.389
B86075,2026-07-01,14256,7366,2380,5488,3737,1343,895,413,16.695,38.496,26.214,9.421,6.278,2.897,51.669,18.596
B86081,2026-07-01,14115,6794,3500,6513,2959,669,323,151,24.796,46.142,20.964,4.74,2.288,1.07,48.133,8.098
B86086,2026-07-01,7105,3260,647,4700,1041,396,258,63,9.106,66.151,14.652,5.574,3.631,0.887,45.883,10.091
B86089,2026-07-01,6046,3005,938,2306,1617,570,459,156,15.514,38.141,26.745,9.428,7.592,2.58,49.702,19.6
B86092,2026-07-01,6780,3523,1054,2388,1857,757,570,154,15.546,35.221,27.389,11.165,8.407,2.271,51.962,21.844
B86093,2026-07-01,5736,2907,1074,2270,1363,530,368,131,18.724,39.575,23.762,9.24,6.416,2.284,50.68,17.939
B86094,2026-07-01,4869,2376,885,1930,1231,404,313,106,18.176,39.639,25.282,8.297,6.428,2.177,48.799,16.903
B86096,2026-07-01,5572,2659,1033,2389,1354,454,255,87,18.539,42.875,24.3,8.148,4.576,1.561,47.721,14.286
B86100,2026-07-01,7480,3739,1069,3404,1936,656,276,139,14.291,45.508,25.882,8.77,3.69,1.858,49.987,14.318
B86101,2026-07-01,3501,1740,544,1225,876,382,344,130,15.538,34.99,25.021,10.911,9.826,3.713,49.7,24.45
B86103,2026-07-01,9509,4189,2607,4944,1596,228,100,34,27.416,51.993,16.784,2.398,1.052,0.358,44.053,3.807
B86104,2026-07-01,17483,8574,3770,8636,3642,864,440,131,21.564,49.397,20.832,4.942,2.517,0.749,49.042,8.208
B86106,2026-07-01,7670,3886,1758,3512,1665,450,233,52,22.92,45.789,21.708,5.867,3.038,0.678,50.665,9.583
B86108,2026-07-01,6573,3180,1379,3281,1446,283,124,60,20.98,49.916,21.999,4.305,1.887,0.913,48.38,7.105
B86109,2026-07-01,7591,3448,911,4676,1330,381,202,91,12.001,61.599,17.521,5.019,2.661,1.199,45.422,8.879
B86110,2026-07-01,39339,20030,301,38896,136,5,1,0,0.765,98.874,0.346,0.013,0.003,0.0,50.916,0.015
B86642,2026-07-01,2766,1340,514,1337,612,178,99,26,18.583,48.337,22.126,6.435,3.579,0.94,48.445,10.954
B86643,2026-07-01,3759,1652,835,1902,746,166,66,44,22.213,50.599,19.846,4.416,1.756,1.171,43.948,7.342
B86648,2026-07-01,2476,1227,270,746,693,378,268,121,10.905,30.129,27.989,15.267,10.824,4.887,49.556,30.977
B86655,2026-07-01,2285,1071,388,998,588,176,102,33,16.98,43.676,25.733,7.702,4.464,1.444,46.871,13.611
B86658,2026-07-01,11510,5784,1802,4276,2998,1132,982,320,15.656,37.15,26.047,9.835,8.532,2.78,50.252,21.147
B86666,2026-07-01,5696,2566,1125,2738,1244,362,151,76,19.751,48.069,21.84,6.355,2.651,1.334,45.049,10.341
B86667,2026-07-01,7761,3835,1754,3621,1591,459,245,91,22.6,46.656,20.5,5.914,3.157,1.173,49.414,10.244
B86669,2026-07-01,2774,393,120,2149,477,25,3,0,4.326,77.469,17.195,0.901,0.108,0.0,14.167,1.009
B86672,2026-07-01,6906,3469,1243,3019,1651,532,320,141,17.999,43.716,23.907,7.703,4.634,2.042,50.232,14.379
B86673,2026-07-01,7014,3425,939,2211,1932,938,716,278,13.388,31.523,27.545,13.373,10.208,3.964,48.831,27.545
B86675,2026-07-01,5036,2268,863,2706,1084,249,104,30,17.137,53.733,21.525,4.944,2.065,0.596,45.036,7.605
B86678,2026-07-01,2992,1541,406,1029,842,374,246,95,13.57,34.392,28.142,12.5,8.222,3.175,51.504,23.897
B87001,2026-07-01,9935,5051,1428,3263,2881,1244,897,222,14.373,32.843,28.998,12.521,9.029,2.235,50.84,23.785
B87002,2026-07-01,10452,5286,1399,3517,3011,1269,974,282,13.385,33.649,28.808,12.141,9.319,2.698,50.574,24.158
B87003,2026-07-01,11016,5630,1638,3742,3007,1325,994,310,14.869,33.969,27.297,12.028,9.023,2.814,51.107,23.865
B87004,2026-07-01,11710,5573,2255,5221,2692,791,545,206,19.257,44.586,22.989,6.755,4.654,1.759,47.592,13.168
B87005,2026-07-01,11615,5855,1798,4260,3278,1169,868,242,15.48,36.677,28.222,10.065,7.473,2.084,50.409,19.621
B87006,2026-07-01,10583,5254,1879,3964,2644,1165,692,239,17.755,37.456,24.983,11.008,6.539,2.258,49.646,19.805
B87007,2026-07-01,16389,8498,2796,6655,4048,1466,1055,369,17.06,40.607,24.699,8.945,6.437,2.252,51.852,17.634
B87008,2026-07-01,13302,6747,2290,5134,3342,1271,918,347,17.215,38.596,25.124,9.555,6.901,2.609,50.722,19.065
B87009,2026-07-01,6252,3070,996,2290,1566,716,513,171,15.931,36.628,25.048,11.452,8.205,2.735,49.104,22.393
B87011,2026-07-01,13162,6693,2059,4592,3435,1506,1115,455,15.644,34.888,26.098,11.442,8.471,3.457,50.851,23.37
B87012,2026-07-01,9861,4756,1760,4243,2322,826,532,178,17.848,43.028,23.547,8.376,5.395,1.805,48.23,15.577
B87013,2026-07-01,14494,7451,2168,5130,3861,1669,1321,345,14.958,35.394,26.639,11.515,9.114,2.38,51.407,23.01
B87015,2026-07-01,7199,3551,1070,2597,1950,779,604,199,14.863,36.074,27.087,10.821,8.39,2.764,49.326,21.975
B87016,2026-07-01,24414,12333,4019,9549,6392,2465,1497,492,16.462,39.113,26.182,10.097,6.132,2.015,50.516,18.244
B87017,2026-07-01,26922,12791,4153,11835,6646,2220,1508,560,15.426,43.96,24.686,8.246,5.601,2.08,47.511,15.927
B87018,2026-07-01,11734,5818,1922,4767,3016,1140,652,237,16.38,40.626,25.703,9.715,5.557,2.02,49.582,17.292
B87019,2026-07-01,7356,3752,1106,2691,1988,860,532,179,15.035,36.582,27.026,11.691,7.232,2.433,51.006,21.357
B87020,2026-07-01,13798,7112,2115,4660,3517,1764,1348,394,15.328,33.773,25.489,12.784,9.77,2.855,51.544,25.409
B87021,2026-07-01,12806,6352,2211,4946,3134,1285,910,320,17.265,38.623,24.473,10.034,7.106,2.499,49.602,19.639
B87022,2026-07-01,9011,4436,1885,4163,2020,555,299,89,20.919,46.199,22.417,6.159,3.318,0.988,49.229,10.465
B87025,2026-07-01,8467,4252,1494,3688,1936,676,508,165,17.645,43.557,22.865,7.984,6.0,1.949,50.218,15.932
B87026,2026-07-01,14554,7193,2505,5625,3541,1559,1037,287,17.212,38.649,24.33,10.712,7.125,1.972,49.423,19.809
B87027,2026-07-01,13930,7062,2232,5149,3890,1354,994,311,16.023,36.963,27.925,9.72,7.136,2.233,50.696,19.088
B87028,2026-07-01,11033,5613,1710,3867,2945,1261,1001,249,15.499,35.049,26.693,11.429,9.073,2.257,50.875,22.759
B87030,2026-07-01,29807,14797,4945,11538,7855,2804,2011,654,16.59,38.709,26.353,9.407,6.747,2.194,49.643,18.348
B87031,2026-07-01,22088,11291,3406,7845,5978,2309,1931,619,15.42,35.517,27.064,10.454,8.742,2.802,51.118,21.998
B87032,2026-07-01,8140,4115,1474,3325,1955,731,468,187,18.108,40.848,24.017,8.98,5.749,2.297,50.553,17.027
B87033,2026-07-01,5809,2905,985,2209,1453,655,408,99,16.956,38.027,25.013,11.276,7.024,1.704,50.009,20.003
B87036,2026-07-01,4257,2086,647,1711,1059,512,263,65,15.198,40.193,24.877,12.027,6.178,1.527,49.002,19.732
B87039,2026-07-01,14589,7285,2408,6017,3785,1264,797,318,16.506,41.243,25.944,8.664,5.463,2.18,49.935,16.307
B87042,2026-07-01,5446,2710,1027,2301,1359,459,243,57,18.858,42.251,24.954,8.428,4.462,1.047,49.761,13.937
B87044,2026-07-01,2415,1126,352,895,628,307,184,49,14.576,37.06,26.004,12.712,7.619,2.029,46.625,22.36
B87602,2026-07-01,3810,1963,601,1485,958,391,293,82,15.774,38.976,25.144,10.262,7.69,2.152,51.522,20.105
B87604,2026-07-01,2933,1416,608,1329,639,211,116,30,20.73,45.312,21.787,7.194,3.955,1.023,48.278,12.172
C81001,2026-07-01,11457,5749,1769,4159,2973,1300,972,284,15.44,36.301,25.949,11.347,8.484,2.479,50.179,22.31
C81002,2026-07-01,12271,6319,1673,4035,3399,1469,1223,472,13.634,32.882,27.699,11.971,9.967,3.846,51.495,25.784
C81003,2026-07-01,10088,5020,1232,3302,2967,1334,977,276,12.213,32.732,29.411,13.224,9.685,2.736,49.762,25.644
C81004,2026-07-01,10437,5338,1446,3495,2794,1304,1078,320,13.855,33.487,26.77,12.494,10.329,3.066,51.145,25.889
C81005,2026-07-01,16760,8403,2514,5848,4530,1947,1531,390,15.0,34.893,27.029,11.617,9.135,2.327,50.137,23.079
C81006,2026-07-01,29276,14307,5383,14868,5962,1723,985,355,18.387,50.786,20.365,5.885,3.365,1.213,48.869,10.462
C81007,2026-07-01,11796,5855,2016,5352,2634,897,647,250,17.091,45.371,22.33,7.604,5.485,2.119,49.635,15.209
C81008,2026-07-01,9705,4899,1525,3409,2493,1080,879,319,15.714,35.126,25.688,11.128,9.057,3.287,50.479,23.472
C81009,2026-07-01,21177,8996,3359,10545,4955,1375,702,241,15.862,49.795,23.398,6.493,3.315,1.138,42.48,10.946
C81010,2026-07-01,13782,6638,1822,5290,3668,1448,1146,408,13.22,38.383,26.614,10.506,8.315,2.96,48.164,21.782
C81012,2026-07-01,15657,7860,2315,5749,4098,1802,1252,441,14.786,36.718,26.174,11.509,7.996,2.817,50.201,22.322
C81013,2026-07-01,4672,2455,517,1106,1360,796,671,222,11.066,23.673,29.11,17.038,14.362,4.752,52.547,36.152
C81014,2026-07-01,11721,5862,1972,4568,2871,1055,945,310,16.825,38.973,24.494,9.001,8.062,2.645,50.013,19.708
C81015,2026-07-01,12449,6422,1773,4187,3270,1581,1252,386,14.242,33.633,26.267,12.7,10.057,3.101,51.586,25.857
C81016,2026-07-01,8453,4270,916,2339,2537,1340,967,354,10.836,27.671,30.013,15.852,11.44,4.188,50.515,31.48
C81017,2026-07-01,8928,4505,1285,2921,2502,1118,851,251,14.393,32.717,28.024,12.522,9.532,2.811,50.459,24.866
C81018,2026-07-01,9226,4718,1264,2753,2718,1238,930,323,13.7,29.84,29.46,13.419,10.08,3.501,51.138,27.0
C81020,2026-07-01,11217,5625,1780,4258,2800,1274,860,245,15.869,37.96,24.962,11.358,7.667,2.184,50.147,21.209
C81021,2026-07-01,14963,7514,2506,5668,3884,1473,1094,338,16.748,37.88,25.957,9.844,7.311,2.259,50.217,19.415
C81022,2026-07-01,4127,2116,566,1537,1079,431,383,131,13.715,37.243,26.145,10.443,9.28,3.174,51.272,22.898
C81023,2026-07-01,7878,3996,983,2672,2198,956,837,232,12.478,33.917,27.9,12.135,10.625,2.945,50.724,25.704
C81025,2026-07-01,10425,5489,1546,3341,2744,1305,1114,375,14.83,32.048,26.321,12.518,10.686,3.597,52.652,26.801
C81026,2026-07-01,6688,3356,969,2451,1797,748,523,200,14.489,36.648,26.869,11.184,7.82,2.99,50.179,21.995
C81027,2026-07-01,8503,4277,1339,3266,2243,845,643,167,15.747,38.41,26.379,9.938,7.562,1.964,50.3,19.464
C81029,2026-07-01,17226,8705,2717,6129,4506,2055,1413,406,15.773,35.58,26.158,11.93,8.203,2.357,50.534,22.489
C81030,2026-07-01,9260,4759,1096,2589,2580,1379,1142,474,11.836,27.959,27.862,14.892,12.333,5.119,51.393,32.343
C81031,2026-07-01,9740,4943,1504,3719,2541,1007,732,237,15.441,38.183,26.088,10.339,7.515,2.433,50.749,20.287
C81032,2026-07-01,13787,6921,1998,5086,3729,1462,1200,312,14.492,36.89,27.047,10.604,8.704,2.263,50.199,21.571
C81033,2026-07-01,15837,8124,2618,6128,4099,1584,1051,357,16.531,38.694,25.882,10.002,6.636,2.254,51.298,18.892
C81034,2026-07-01,16579,8310,2256,5615,4666,2030,1457,555,13.608,33.868,28.144,12.244,8.788,3.348,50.124,24.38
C81035,2026-07-01,12479,6263,2152,5005,2991,1179,833,319,17.245,40.107,23.968,9.448,6.675,2.556,50.188,18.679
C81036,2026-07-01,4607,2126,515,2470,948,330,233,111,11.179,53.614,20.577,7.163,5.058,2.409,46.147,14.63
C81037,2026-07-01,10852,5562,1442,3371,3104,1498,1089,348,13.288,31.063,28.603,13.804,10.035,3.207,51.253,27.046
C81038,2026-07-01,12514,6400,1712,4084,3641,1465,1212,400,13.681,32.635,29.095,11.707,9.685,3.196,51.143,24.588
C81039,2026-07-01,3600,1831,427,984,1080,575,411,123,11.861,27.333,30.0,15.972,11.417,3.417,50.861,30.806
C81040,2026-07-01,8505,4362,1215,2634,2393,1078,860,325,14.286,30.97,28.136,12.675,10.112,3.821,51.287,26.608
C81041,2026-07-01,11959,6075,1983,4377,3092,1303,931,273,16.582,36.6,25.855,10.896,7.785,2.283,50.799,20.963
C81042,2026-07-01,13052,6721,2154,4516,3292,1499,1171,420,16.503,34.6,25.222,11.485,8.972,3.218,51.494,23.675
C81044,2026-07-01,8507,4248,1202,3128,2289,973,692,223,14.13,36.77,26.907,11.438,8.134,2.621,49.935,22.193
C81045,2026-07-01,13027,6341,1765,5015,3441,1466,988,352,13.549,38.497,26.414,11.254,7.584,2.702,48.676,21.54
C81046,2026-07-01,4652,2344,557,1483,1290,631,514,177,11.973,31.879,27.73,13.564,11.049,3.805,50.387,28.418
C81047,2026-07-01,12976,6647,1883,4493,3378,1432,1234,556,14.511,34.625,26.033,11.036,9.51,4.285,51.225,24.83
C81048,2026-07-01,11065,5684,1512,3186,3272,1334,1250,511,13.665,28.793,29.571,12.056,11.297,4.618,51.369,27.971
C81049,2026-07-01,9744,4882,1475,3614,2700,993,750,212,15.138,37.089,27.709,10.191,7.697,2.176,50.103,20.064
C81050,2026-07-01,9637,4748,1512,3584,2556,971,752,262,15.69,37.19,26.523,10.076,7.803,2.719,49.268,20.598
C81051,2026-07-01,26185,13190,3585,11608,6134,2382,1798,678,13.691,44.331,23.426,9.097,6.867,2.589,50.372,18.553
C81052,2026-07-01,7017,3448,1015,2571,1895,780,592,164,14.465,36.64,27.006,11.116,8.437,2.337,49.138,21.89
C81053,2026-07-01,10978,5567,1712,4074,2921,1212,833,226,15.595,37.111,26.608,11.04,7.588,2.059,50.711,20.687
C81054,2026-07-01,41516,20616,7849,17375,10209,3220,2057,806,18.906,41.851,24.591,7.756,4.955,1.941,49.658,14.652
C81055,2026-07-01,5134,2602,869,1993,1220,568,379,105,16.926,38.82,23.763,11.063,7.382,2.045,50.682,20.491
C81056,2026-07-01,6834,3461,1141,2452,1656,760,625,200,16.696,35.879,24.232,11.121,9.145,2.927,50.644,23.193
C81057,2026-07-01,10709,5493,1484,3385,3115,1426,1022,277,13.858,31.609,29.088,13.316,9.543,2.587,51.293,25.446
C81058,2026-07-01,8927,4459,1337,3264,2384,950,710,282,14.977,36.563,26.706,10.642,7.953,3.159,49.95,21.754
C81059,2026-07-01,6031,3041,888,2179,1653,649,505,157,14.724,36.13,27.408,10.761,8.373,2.603,50.423,21.738
C81060,2026-07-01,10917,5456,1731,4123,3042,1087,709,225,15.856,37.767,27.865,9.957,6.494,2.061,49.977,18.512
C81061,2026-07-01,17510,8684,2548,6561,4658,1895,1413,435,14.552,37.47,26.602,10.822,8.07,2.484,49.595,21.376
C81062,2026-07-01,8767,4515,968,2422,2745,1338,1008,286,11.041,27.626,31.311,15.262,11.498,3.262,51.5,30.022
C81063,2026-07-01,9518,4826,1415,3011,2528,1281,976,307,14.867,31.635,26.56,13.459,10.254,3.225,50.704,26.938
C81064,2026-07-01,12861,6664,1926,4673,3292,1220,1120,630,14.976,36.335,25.597,9.486,8.708,4.899,51.816,23.093
C81065,2026-07-01,8936,4451,1299,3323,2438,980,645,251,14.537,37.187,27.283,10.967,7.218,2.809,49.81,20.994
C81066,2026-07-01,12007,6129,1618,4035,3349,1458,1177,370,13.475,33.605,27.892,12.143,9.803,3.082,51.045,25.027
C81067,2026-07-01,9953,5208,1194,2715,2868,1513,1223,440,11.996,27.278,28.815,15.201,12.288,4.421,52.326,31.91
C81068,2026-07-01,12087,6106,1929,4478,3174,1223,933,350,15.959,37.048,26.26,10.118,7.719,2.896,50.517,20.733
C81069,2026-07-01,13658,7024,1680,4281,4164,1739,1369,425,12.3,31.344,30.488,12.732,10.023,3.112,51.428,25.868
C81070,2026-07-01,3786,1913,402,1056,1075,486,518,249,10.618,27.892,28.394,12.837,13.682,6.577,50.528,33.096
C81071,2026-07-01,11762,5473,1990,5003,3074,901,549,245,16.919,42.535,26.135,7.66,4.668,2.083,46.531,14.411
C81072,2026-07-01,45702,22594,10054,20625,10177,2731,1498,617,21.999,45.129,22.268,5.976,3.278,1.35,49.438,10.603
C81073,2026-07-01,12841,5914,1955,6143,2816,996,660,271,15.225,47.839,21.93,7.756,5.14,2.11,46.056,15.007
C81075,2026-07-01,5214,2610,672,1492,1551,735,564,200,12.888,28.615,29.747,14.097,10.817,3.836,50.058,28.75
C81080,2026-07-01,8043,4027,1051,2407,2410,1127,802,246,13.067,29.927,29.964,14.012,9.971,3.059,50.068,27.042
C81081,2026-07-01,20065,10264,2860,7082,5561,2378,1682,502,14.254,35.295,27.715,11.851,8.383,2.502,51.154,22.736
C81082,2026-07-01,3527,1730,409,973,1091,605,357,92,11.596,27.587,30.933,17.153,10.122,2.608,49.05,29.884
C81083,2026-07-01,16889,8448,2716,6657,4356,1686,1101,373,16.081,39.416,25.792,9.983,6.519,2.209,50.021,18.71
C81084,2026-07-01,20293,10327,3031,7266,5527,2210,1632,627,14.936,35.805,27.236,10.89,8.042,3.09,50.889,22.022
C81086,2026-07-01,7916,3980,987,2443,2374,951,863,298,12.468,30.862,29.99,12.014,10.902,3.765,50.278,26.68
C81089,2026-07-01,6084,3027,927,1836,1611,629,805,276,15.237,30.178,26.479,10.339,13.231,4.536,49.753,28.107
C81091,2026-07-01,8461,4289,1233,2911,2178,1177,766,196,14.573,34.405,25.742,13.911,9.053,2.317,50.691,25.281
C81092,2026-07-01,5669,2904,566,1481,1735,885,700,302,9.984,26.125,30.605,15.611,12.348,5.327,51.226,33.286
C81094,2026-07-01,8242,4166,1069,2291,2401,1270,953,258,12.97,27.797,29.131,15.409,11.563,3.13,50.546,30.102
C81095,2026-07-01,4811,2405,769,1766,1338,499,339,100,15.984,36.708,27.811,10.372,7.046,2.079,49.99,19.497
C81096,2026-07-01,5726,2844,832,2018,1554,677,504,141,14.53,35.243,27.139,11.823,8.802,2.462,49.668,23.088
C81097,2026-07-01,5617,2711,826,2015,1685,522,419,150,14.705,35.873,29.998,9.293,7.459,2.67,48.264,19.423
C81099,2026-07-01,10485,5256,1351,3669,2994,1197,952,322,12.885,34.993,28.555,11.416,9.08,3.071,50.129,23.567
C81101,2026-07-01,8346,4268,1023,2657,2468,1079,838,281,12.257,31.836,29.571,12.928,10.041,3.367,51.138,26.336
C81106,2026-07-01,7522,3839,1153,2892,2039,744,535,159,15.328,38.447,27.107,9.891,7.112,2.114,51.037,19.117
C81108,2026-07-01,15472,7869,2414,5300,4417,1725,1187,429,15.602,34.255,28.548,11.149,7.672,2.773,50.86,21.594
C81110,2026-07-01,12233,6200,2139,4725,3370,1014,737,248,17.485,38.625,27.548,8.289,6.025,2.027,50.683,16.341
C81113,2026-07-01,6547,3339,1192,2323,1617,716,509,190,18.207,35.482,24.698,10.936,7.775,2.902,51.0,21.613
C81114,2026-07-01,14198,7171,2655,5658,3756,1208,710,211,18.7,39.851,26.454,8.508,5.001,1.486,50.507,14.995
C81115,2026-07-01,4934,2533,702,1717,1321,583,423,188,14.228,34.799,26.773,11.816,8.573,3.81,51.338,24.199
C81118,2026-07-01,8525,4166,1809,3887,1887,524,278,140,21.22,45.595,22.135,6.147,3.261,1.642,48.868,11.05
C81604,2026-07-01,5064,2630,886,1978,1310,457,345,88,17.496,39.06,25.869,9.024,6.813,1.738,51.935,17.575
C81611,2026-07-01,9763,4978,1124,2623,2858,1517,1228,413,11.513,26.867,29.274,15.538,12.578,4.23,50.988,32.347
C81615,2026-07-01,2328,1179,379,944,608,223,128,46,16.28,40.55,26.117,9.579,5.498,1.976,50.644,17.053
C81616,2026-07-01,5415,2674,1161,2431,1239,316,163,105,21.44,44.894,22.881,5.836,3.01,1.939,49.381,10.785
C81634,2026-07-01,4644,2331,712,1631,1348,509,352,92,15.332,35.121,29.027,10.96,7.58,1.981,50.194,20.521
C81638,2026-07-01,4068,2024,629,1540,1132,430,257,80,15.462,37.856,27.827,10.57,6.318,1.967,49.754,18.854
C81640,2026-07-01,3593,1795,548,1183,1017,433,332,80,15.252,32.925,28.305,12.051,9.24,2.227,49.958,23.518
C81647,2026-07-01,4076,2091,525,1276,1174,536,426,139,12.88,31.305,28.803,13.15,10.451,3.41,51.3,27.012
C81649,2026-07-01,8082,4163,1217,2923,2179,935,627,201,15.058,36.167,26.961,11.569,7.758,2.487,51.51,21.814
C81652,2026-07-01,4900,2251,678,2231,1280,396,242,73,13.837,45.531,26.122,8.082,4.939,1.49,45.939,14.51
C81653,2026-07-01,4441,2110,826,1835,1147,328,217,88,18.599,41.32,25.828,7.386,4.886,1.982,47.512,14.254
C81655,2026-07-01,3731,1862,475,1249,1026,465,405,111,12.731,33.476,27.499,12.463,10.855,2.975,49.906,26.293
C81658,2026-07-01,8163,4234,1269,2647,2139,1022,821,265,15.546,32.427,26.204,12.52,10.058,3.246,51.868,25.824
C81662,2026-07-01,8620,4435,1266,3085,2486,961,642,180,14.687,35.789,28.84,11.148,7.448,2.088,51.45,20.684
C82001,2026-07-01,25976,13337,4156,8434,7233,2934,2420,799,15.999,32.468,27.845,11.295,9.316,3.076,51.344,23.687
C82002,2026-07-01,10858,5559,1581,3621,2922,1346,1067,321,14.561,33.349,26.911,12.396,9.827,2.956,51.197,25.18
C82003,2026-07-01,11494,5908,1713,4062,3073,1278,947,421,14.903,35.34,26.736,11.119,8.239,3.663,51.401,23.021
C82005,2026-07-01,10802,5326,1892,4759,2632,787,531,201,17.515,44.057,24.366,7.286,4.916,1.861,49.306,14.062
C82007,2026-07-01,10706,5399,1566,3709,3021,1199,928,283,14.627,34.644,28.218,11.199,8.668,2.643,50.43,22.511
C82008,2026-07-01,8322,4243,1508,3421,2053,653,523,164,18.121,41.108,24.67,7.847,6.285,1.971,50.985,16.102
C82009,2026-07-01,29416,14886,4391,10284,7798,3249,2584,1110,14.927,34.961,26.509,11.045,8.784,3.773,50.605,23.603
C82010,2026-07-01,14938,7638,1974,4960,3809,1801,1649,745,13.215,33.204,25.499,12.057,11.039,4.987,51.131,28.083
C82011,2026-07-01,12482,6171,2015,5397,2909,1099,791,271,16.143,43.238,23.306,8.805,6.337,2.171,49.439,17.313
C82012,2026-07-01,12210,6146,2032,4385,3302,1244,975,272,16.642,35.913,27.043,10.188,7.985,2.228,50.336,20.401
C82013,2026-07-01,13493,6928,2332,4955,3185,1385,1195,441,17.283,36.723,23.605,10.265,8.856,3.268,51.345,22.389
C82014,2026-07-01,18115,9249,2775,6343,4835,2006,1651,505,15.319,35.015,26.691,11.074,9.114,2.788,51.057,22.975
C82016,2026-07-01,11023,5633,1505,3178,3418,1523,1107,292,13.653,28.831,31.008,13.817,10.043,2.649,51.102,26.508
C82017,2026-07-01,16066,8071,2361,5369,4565,1914,1468,389,14.696,33.418,28.414,11.913,9.137,2.421,50.237,23.472
C82018,2026-07-01,13946,6812,2310,5760,3505,1436,712,223,16.564,41.302,25.133,10.297,5.105,1.599,48.846,17.001
C82019,2026-07-01,5841,2910,1159,2414,1307,547,289,125,19.842,41.329,22.376,9.365,4.948,2.14,49.82,16.453
C82020,2026-07-01,19456,7979,1255,16596,1229,245,105,26,6.45,85.3,6.317,1.259,0.54,0.134,41.01,1.933
C82021,2026-07-01,7141,3547,1107,2592,1858,742,531,311,15.502,36.297,26.019,10.391,7.436,4.355,49.671,22.182
C82022,2026-07-01,7356,3705,1067,2167,2057,1010,777,278,14.505,29.459,27.964,13.73,10.563,3.779,50.367,28.072
C82024,2026-07-01,19826,9523,2875,8696,4897,2168,868,322,14.501,43.862,24.7,10.935,4.378,1.624,48.033,16.937
C82025,2026-07-01,10709,5371,1481,3442,2983,1291,1121,391,13.829,32.141,27.855,12.055,10.468,3.651,50.154,26.174
C82026,2026-07-01,8239,4027,1095,3340,2059,902,609,234,13.29,40.539,24.991,10.948,7.392,2.84,48.877,21.18
C82027,2026-07-01,7398,3757,1298,2518,1857,791,738,196,17.545,34.036,25.101,10.692,9.976,2.649,50.784,23.317
C82028,2026-07-01,7330,3784,985,2283,1941,960,882,279,13.438,31.146,26.48,13.097,12.033,3.806,51.623,28.936
C82030,2026-07-01,7033,3651,966,2509,1694,911,656,297,13.735,35.675,24.086,12.953,9.327,4.223,51.912,26.504
C82031,2026-07-01,14906,7527,3233,6569,3468,983,490,163,21.689,44.07,23.266,6.595,3.287,1.094,50.496,10.975
C82032,2026-07-01,7350,3792,1204,2505,1920,788,709,224,16.381,34.082,26.122,10.721,9.646,3.048,51.592,23.415
C82033,2026-07-01,11477,5803,2195,4998,2667,905,519,193,19.125,43.548,23.238,7.885,4.522,1.682,50.562,14.089
C82034,2026-07-01,9635,4964,1401,3160,2730,1069,920,355,14.541,32.797,28.334,11.095,9.549,3.684,51.52,24.328
C82035,2026-07-01,7813,3720,1067,3262,1979,759,560,186,13.657,41.751,25.33,9.715,7.168,2.381,47.613,19.263
C82037,2026-07-01,10265,4888,1434,4441,2236,1253,664,237,13.97,43.264,21.783,12.207,6.469,2.309,47.618,20.984
C82038,2026-07-01,37468,19015,5795,13013,9968,4247,3320,1125,15.467,34.731,26.604,11.335,8.861,3.003,50.75,23.198
C82039,2026-07-01,11071,5591,1969,4560,2694,986,623,239,17.785,41.189,24.334,8.906,5.627,2.159,50.501,16.692
C82040,2026-07-01,9169,4760,1121,3855,2231,997,721,244,12.226,42.044,24.332,10.874,7.863,2.661,51.914,21.398
C82041,2026-07-01,12990,6374,1987,5315,3246,1240,895,307,15.296,40.916,24.988,9.546,6.89,2.363,49.069,18.799
C82042,2026-07-01,12850,6521,1866,4180,3494,1596,1297,417,14.521,32.529,27.191,12.42,10.093,3.245,50.747,25.759
C82043,2026-07-01,10872,5374,1503,3723,3008,1138,1077,423,13.825,34.244,27.667,10.467,9.906,3.891,49.43,24.264
C82044,2026-07-01,9468,5013,1447,2619,2725,1270,1065,342,15.283,27.662,28.781,13.414,11.248,3.612,52.947,28.274
C82045,2026-07-01,8768,4505,1599,3583,2106,795,502,183,18.237,40.865,24.019,9.067,5.725,2.087,51.38,16.88
C82046,2026-07-01,17087,8625,3257,7252,4230,1322,771,255,19.061,42.442,24.756,7.737,4.512,1.492,50.477,13.741
C82047,2026-07-01,10656,5268,1565,3905,2927,1177,830,252,14.687,36.646,27.468,11.045,7.789,2.365,49.437,21.199
C82048,2026-07-01,5439,2785,951,1878,1289,595,531,195,17.485,34.528,23.699,10.94,9.763,3.585,51.204,24.288
C82050,2026-07-01,13878,6884,2110,5022,3881,1358,1155,352,15.204,36.187,27.965,9.785,8.323,2.536,49.604,20.644
C82051,2026-07-01,11881,6067,1814,3666,3166,1542,1315,378,15.268,30.856,26.648,12.979,11.068,3.182,51.065,27.228
C82052,2026-07-01,3692,1755,456,1190,1039,473,417,117,12.351,32.232,28.142,12.811,11.295,3.169,47.535,27.275
C82053,2026-07-01,11000,5480,2109,4652,2701,945,455,138,19.173,42.291,24.555,8.591,4.136,1.255,49.818,13.982
C82054,2026-07-01,12565,6463,1988,4240,3299,1409,1214,415,15.822,33.745,26.255,11.214,9.662,3.303,51.437,24.178
C82055,2026-07-01,14363,7294,2075,4852,4011,1668,1309,448,14.447,33.781,27.926,11.613,9.114,3.119,50.783,23.846
C82056,2026-07-01,14011,7105,2113,4749,3750,1621,1279,499,15.081,33.895,26.765,11.569,9.129,3.561,50.71,24.26
C82059,2026-07-01,1866,830,330,986,379,80,71,20,17.685,52.84,20.311,4.287,3.805,1.072,44.48,9.164
C82060,2026-07-01,4116,1952,827,2021,904,221,109,34,20.092,49.101,21.963,5.369,2.648,0.826,47.425,8.844
C82061,2026-07-01,15665,7773,2718,6460,3826,1402,992,267,17.351,41.238,24.424,8.95,6.333,1.704,49.62,16.987
C82062,2026-07-01,9025,4657,1331,2884,2520,1128,897,265,14.748,31.956,27.922,12.499,9.939,2.936,51.601,25.374
C82063,2026-07-01,12041,5745,2105,5563,2793,911,493,176,17.482,46.2,23.196,7.566,4.094,1.462,47.712,13.122
C82064,2026-07-01,12288,6273,1877,4362,3154,1424,1102,369,15.275,35.498,25.667,11.589,8.968,3.003,51.05,23.56
C82066,2026-07-01,17625,8975,3282,6739,4205,1635,1211,553,18.621,38.235,23.858,9.277,6.871,3.138,50.922,19.285
C82067,2026-07-01,8628,4421,1414,2917,2271,1005,691,330,16.389,33.809,26.321,11.648,8.009,3.825,51.24,23.482
C82068,2026-07-01,12374,6377,1873,4189,3177,1440,1224,471,15.137,33.853,25.675,11.637,9.892,3.806,51.535,25.335
C82070,2026-07-01,10058,4876,1485,4165,2513,1003,646,246,14.764,41.41,24.985,9.972,6.423,2.446,48.479,18.841
C82071,2026-07-01,14381,7287,2325,5412,3636,1474,1075,459,16.167,37.633,25.283,10.25,7.475,3.192,50.671,20.916
C82072,2026-07-01,8753,4456,1399,3377,2256,860,648,213,15.983,38.581,25.774,9.825,7.403,2.433,50.908,19.662
C82073,2026-07-01,13749,6669,2434,6191,3438,996,516,174,17.703,45.029,25.005,7.244,3.753,1.266,48.505,12.263
C82075,2026-07-01,11054,5621,1709,3725,2962,1314,1027,317,15.46,33.698,26.796,11.887,9.291,2.868,50.85,24.046
C82076,2026-07-01,6805,3384,823,1961,2010,1027,737,247,12.094,28.817,29.537,15.092,10.83,3.63,49.728,29.552
C82077,2026-07-01,12697,6448,1560,3988,3568,1795,1373,413,12.286,31.409,28.101,14.137,10.814,3.253,50.784,28.204
C82078,2026-07-01,11848,6014,1681,4104,3243,1398,1049,373,14.188,34.639,27.372,11.799,8.854,3.148,50.76,23.801
C82079,2026-07-01,6727,3403,1081,2579,1734,672,453,208,16.07,38.338,25.777,9.99,6.734,3.092,50.587,19.816
C82080,2026-07-01,4626,2132,939,2021,1119,339,164,44,20.298,43.688,24.189,7.328,3.545,0.951,46.087,11.824
C82082,2026-07-01,5525,2681,737,2228,1394,536,478,152,13.339,40.326,25.231,9.701,8.652,2.751,48.525,21.104
C82084,2026-07-01,3722,1796,602,1727,880,308,157,48,16.174,46.4,23.643,8.275,4.218,1.29,48.254,13.783
C82086,2026-07-01,10072,4811,1858,4941,2230,640,301,102,18.447,49.057,22.141,6.354,2.988,1.013,47.766,10.355
C82088,2026-07-01,10384,4988,1772,4544,2427,1006,477,158,17.065,43.76,23.372,9.688,4.594,1.522,48.035,15.803
C82091,2026-07-01,10184,5126,2036,4269,2379,807,470,223,19.992,41.919,23.36,7.924,4.615,2.19,50.334,14.729
C82092,2026-07-01,4786,2299,833,2137,1117,402,225,72,17.405,44.651,23.339,8.399,4.701,1.504,48.036,14.605
C82093,2026-07-01,12656,6428,1937,4442,3564,1432,1015,266,15.305,35.098,28.161,11.315,8.02,2.102,50.79,21.436
C82094,2026-07-01,6784,3403,1241,2869,1717,551,339,67,18.293,42.291,25.31,8.122,4.997,0.988,50.162,14.107
C82095,2026-07-01,9109,4702,1532,3172,2404,957,720,324,16.819,34.823,26.391,10.506,7.904,3.557,51.619,21.967
C82096,2026-07-01,10259,5131,1948,4228,2534,837,549,163,18.988,41.213,24.7,8.159,5.351,1.589,50.015,15.099
C82097,2026-07-01,3088,1516,572,1309,720,273,162,52,18.523,42.39,23.316,8.841,5.246,1.684,49.093,15.771
C82098,2026-07-01,7210,3643,1107,2553,1908,802,636,204,15.354,35.409,26.463,11.123,8.821,2.829,50.527,22.774
C82099,2026-07-01,4548,2164,907,2115,954,373,149,50,19.943,46.504,20.976,8.201,3.276,1.099,47.581,12.577
C82100,2026-07-01,6532,3324,1315,2697,1450,555,348,167,20.132,41.289,22.198,8.497,5.328,2.557,50.888,16.381
C82102,2026-07-01,4850,2485,631,1467,1546,668,431,107,13.01,30.247,31.876,13.773,8.887,2.206,51.237,24.866
C82103,2026-07-01,6743,3295,1095,2555,1805,671,473,144,16.239,37.891,26.769,9.951,7.015,2.136,48.865,19.101
C82107,2026-07-01,7727,3887,1343,3565,1774,620,310,115,17.381,46.137,22.958,8.024,4.012,1.488,50.304,13.524
C82109,2026-07-01,5347,2705,807,1741,1522,666,475,136,15.093,32.56,28.465,12.456,8.883,2.543,50.589,23.883
C82111,2026-07-01,15295,5485,361,14389,381,70,40,54,2.36,94.076,2.491,0.458,0.262,0.353,35.861,1.072
C82112,2026-07-01,9648,4987,1859,4009,2400,793,426,161,19.268,41.553,24.876,8.219,4.415,1.669,51.689,14.303
C82114,2026-07-01,2365,1036,330,1180,597,159,78,21,13.953,49.894,25.243,6.723,3.298,0.888,43.805,10.909
C82116,2026-07-01,5114,2260,791,2788,1040,280,152,63,15.467,54.517,20.336,5.475,2.972,1.232,44.192,9.679
C82119,2026-07-01,3295,1524,561,1650,680,212,136,56,17.026,50.076,20.637,6.434,4.127,1.7,46.252,12.261
C82120,2026-07-01,4005,2028,533,1411,1039,542,380,100,13.308,35.231,25.943,13.533,9.488,2.497,50.637,25.518
C82121,2026-07-01,14806,7481,2195,5371,3842,1706,1294,398,14.825,36.276,25.949,11.522,8.74,2.688,50.527,22.95
C82124,2026-07-01,23519,10318,1702,17938,2898,577,299,105,7.237,76.27,12.322,2.453,1.271,0.446,43.871,4.171
C82600,2026-07-01,6289,3184,1126,2481,1578,608,389,107,17.904,39.45,25.091,9.668,6.185,1.701,50.628,17.554
C82610,2026-07-01,6879,3461,1693,3043,1469,393,218,63,24.611,44.236,21.355,5.713,3.169,0.916,50.313,9.798
C82611,2026-07-01,7040,3545,1127,2426,2021,732,538,196,16.009,34.46,28.707,10.398,7.642,2.784,50.355,20.824
C82614,2026-07-01,4241,2137,804,1646,1068,350,262,111,18.958,38.812,25.183,8.253,6.178,2.617,50.389,17.048
C82620,2026-07-01,2284,960,314,1238,482,171,57,22,13.748,54.203,21.103,7.487,2.496,0.963,42.032,10.946
C82624,2026-07-01,8215,4088,1879,3972,1662,418,197,87,22.873,48.351,20.231,5.088,2.398,1.059,49.763,8.545
C82627,2026-07-01,8283,4147,1494,3446,1844,813,495,191,18.037,41.603,22.262,9.815,5.976,2.306,50.066,18.097
C82628,2026-07-01,3532,1742,570,1166,910,481,312,93,16.138,33.012,25.764,13.618,8.834,2.633,49.32,25.085
C82631,2026-07-01,7047,3603,1320,2855,1804,604,371,93,18.731,40.514,25.6,8.571,5.265,1.32,51.128,15.155
C82634,2026-07-01,6551,3360,1235,2630,1591,571,413,111,18.852,40.147,24.286,8.716,6.304,1.694,51.29,16.715
C82639,2026-07-01,10084,4790,1693,4274,2564,806,532,215,16.789,42.384,25.426,7.993,5.276,2.132,47.501,15.401
C82642,2026-07-01,9522,4734,1769,4480,2176,696,318,83,18.578,47.049,22.852,7.309,3.34,0.872,49.716,11.521
C82643,2026-07-01,14388,7020,3155,6706,3182,850,397,98,21.928,46.608,22.116,5.908,2.759,0.681,48.791,9.348
C82644,2026-07-01,5106,2655,1085,2042,1171,451,271,86,21.25,39.992,22.934,8.833,5.307,1.684,51.998,15.825
C82649,2026-07-01,5811,3060,838,1625,1678,839,644,187,14.421,27.964,28.876,14.438,11.082,3.218,52.659,28.739
C82650,2026-07-01,5451,2778,968,1871,1501,566,402,143,17.758,34.324,27.536,10.383,7.375,2.623,50.963,20.382
C82651,2026-07-01,3876,1853,556,1748,892,396,203,81,14.345,45.098,23.013,10.217,5.237,2.09,47.807,17.544
C82653,2026-07-01,2055,895,353,1174,400,74,49,5,17.178,57.129,19.465,3.601,2.384,0.243,43.552,6.229
C82656,2026-07-01,3163,1628,586,1275,727,271,243,61,18.527,40.31,22.985,8.568,7.683,1.929,51.47,18.179
C82659,2026-07-01,2912,1395,489,1399,716,200,84,24,16.793,48.043,24.588,6.868,2.885,0.824,47.905,10.577
C82660,2026-07-01,7488,3525,1236,3552,1741,535,287,137,16.506,47.436,23.251,7.145,3.833,1.83,47.075,12.807
C82662,2026-07-01,8715,4179,1581,5189,1527,289,98,31,18.141,59.541,17.522,3.316,1.124,0.356,47.952,4.796
C82667,2026-07-01,8224,4173,1669,3680,1879,580,313,103,20.294,44.747,22.848,7.053,3.806,1.252,50.742,12.111
C82669,2026-07-01,4195,2085,763,1854,1046,309,169,54,18.188,44.195,24.934,7.366,4.029,1.287,49.702,12.682
C82670,2026-07-01,779,128,0,504,257,16,2,0,0.0,64.698,32.991,2.054,0.257,0.0,16.431,2.311
C82671,2026-07-01,8320,4073,1528,4012,1971,550,214,45,18.365,48.221,23.69,6.611,2.572,0.541,48.954,9.724
C82676,2026-07-01,7525,3807,1603,3164,1648,564,380,166,21.302,42.047,21.9,7.495,5.05,2.206,50.591,14.751
C82678,2026-07-01,5377,2722,767,2048,1430,561,426,145,14.264,38.088,26.595,10.433,7.923,2.697,50.623,21.053
C82680,2026-07-01,4710,2260,676,2066,1109,435,283,141,14.352,43.864,23.546,9.236,6.008,2.994,47.983,18.238
C83001,2026-07-01,26569,12728,2951,15718,4834,1643,1046,377,11.107,59.159,18.194,6.184,3.937,1.419,47.905,11.54
C83002,2026-07-01,8493,4567,1375,2647,2194,1039,896,342,16.19,31.167,25.833,12.234,10.55,4.027,53.774,26.81
C83003,2026-07-01,20765,10241,3402,8388,5271,1774,1371,559,16.383,40.395,25.384,8.543,6.602,2.692,49.319,17.838
C83004,2026-07-01,11633,5703,1650,4535,3243,1073,812,320,14.184,38.984,27.878,9.224,6.98,2.751,49.024,18.955
C83005,2026-07-01,7286,3710,941,1983,1990,1151,906,315,12.915,27.217,27.313,15.797,12.435,4.323,50.92,32.556
C83007,2026-07-01,26819,13737,3694,8814,7565,2975,2650,1121,13.774,32.865,28.208,11.093,9.881,4.18,51.221,25.154
C83008,2026-07-01,7878,4051,1580,3182,1825,616,495,180,20.056,40.391,23.166,7.819,6.283,2.285,51.422,16.387
C83009,2026-07-01,8516,4322,1471,3437,2061,783,531,233,17.273,40.359,24.202,9.194,6.235,2.736,50.752,18.166
C83010,2026-07-01,18694,9138,3470,7905,4273,1530,1109,407,18.562,42.286,22.858,8.184,5.932,2.177,48.882,16.294
C83011,2026-07-01,12681,6618,1880,4180,3463,1480,1250,428,14.825,32.963,27.309,11.671,9.857,3.375,52.188,24.903
C83013,2026-07-01,7888,4069,1117,2282,2206,1072,873,338,14.161,28.93,27.967,13.59,11.067,4.285,51.585,28.943
C83014,2026-07-01,10227,5175,1669,3939,2610,960,741,308,16.32,38.516,25.521,9.387,7.246,3.012,50.601,19.644
C83015,2026-07-01,8730,4315,1144,2635,2356,1284,963,348,13.104,30.183,26.987,14.708,11.031,3.986,49.427,29.725
C83018,2026-07-01,11926,5954,2013,4495,3043,1195,891,289,16.879,37.691,25.516,10.02,7.471,2.423,49.925,19.914
C83019,2026-07-01,22334,11162,2762,6623,6148,3501,2583,717,12.367,29.654,27.528,15.676,11.565,3.21,49.978,30.451
C83020,2026-07-01,10400,5391,1364,3000,3043,1493,1138,362,13.115,28.846,29.26,14.356,10.942,3.481,51.837,28.779
C83022,2026-07-01,22705,11285,3582,8339,5979,2247,1842,716,15.776,36.728,26.333,9.896,8.113,3.153,49.703,21.163
C83023,2026-07-01,17233,8839,2367,6019,4606,1986,1634,621,13.735,34.927,26.728,11.524,9.482,3.604,51.291,24.61
C83024,2026-07-01,3660,1839,423,1072,1122,543,404,96,11.557,29.29,30.656,14.836,11.038,2.623,50.246,28.497
C83025,2026-07-01,18951,9742,3034,6892,4764,1973,1668,620,16.01,36.367,25.139,10.411,8.802,3.272,51.406,22.484
C83026,2026-07-01,23014,11887,3196,6936,6426,3206,2453,797,13.887,30.138,27.922,13.931,10.659,3.463,51.651,28.052
C83027,2026-07-01,10342,5353,1319,3044,2774,1516,1238,451,12.754,29.433,26.823,14.659,11.971,4.361,51.76,30.99
C83028,2026-07-01,7916,3960,1179,2554,2100,965,777,341,14.894,32.264,26.529,12.191,9.816,4.308,50.025,26.314
C83029,2026-07-01,4199,2112,598,1400,1190,452,409,150,14.241,33.341,28.34,10.764,9.74,3.572,50.298,24.077
C83030,2026-07-01,5265,2713,769,1538,1507,695,576,180,14.606,29.212,28.623,13.2,10.94,3.419,51.529,27.559
C83031,2026-07-01,12150,6217,1632,3614,3136,1632,1533,603,13.432,29.745,25.811,13.432,12.617,4.963,51.169,31.012
C83032,2026-07-01,6865,3511,785,1787,1799,1176,981,337,11.435,26.031,26.205,17.13,14.29,4.909,51.143,36.329
C83033,2026-07-01,3811,1926,469,1113,1073,559,444,153,12.306,29.205,28.155,14.668,11.65,4.015,50.538,30.333
C83035,2026-07-01,12663,6574,2036,4406,3374,1263,1155,429,16.078,34.794,26.645,9.974,9.121,3.388,51.915,22.483
C83036,2026-07-01,8455,4330,1225,2521,2308,1192,902,307,14.488,29.817,27.297,14.098,10.668,3.631,51.212,28.397
C83037,2026-07-01,9901,5096,1560,3329,2590,1211,920,291,15.756,33.623,26.159,12.231,9.292,2.939,51.47,24.462
C83038,2026-07-01,7930,4036,1053,2267,2206,1112,987,305,13.279,28.588,27.818,14.023,12.446,3.846,50.895,30.315
C83039,2026-07-01,5638,2851,654,1482,1696,877,688,241,11.6,26.286,30.082,15.555,12.203,4.275,50.568,32.033
C83040,2026-07-01,14387,7090,1959,5179,3837,1554,1352,506,13.616,35.998,26.67,10.801,9.397,3.517,49.281,23.716
C83041,2026-07-01,7573,3936,1129,2700,1805,874,761,304,14.908,35.653,23.835,11.541,10.049,4.014,51.974,25.604
C83042,2026-07-01,7014,3606,801,1808,2004,1238,917,246,11.42,25.777,28.571,17.65,13.074,3.507,51.411,34.232
C83043,2026-07-01,10608,5434,1366,3125,2944,1618,1180,375,12.877,29.459,27.753,15.253,11.124,3.535,51.225,29.911
C83044,2026-07-01,12568,6336,2297,4913,2932,1215,899,312,18.277,39.091,23.329,9.667,7.153,2.482,50.414,19.303
C83045,2026-07-01,16695,8272,1985,5153,4630,2496,1882,549,11.89,30.866,27.733,14.951,11.273,3.288,49.548,29.512
C83046,2026-07-01,6069,3027,876,2238,1738,645,419,153,14.434,36.876,28.637,10.628,6.904,2.521,49.876,20.053
C83048,2026-07-01,13068,6549,2141,5051,3380,1187,984,325,16.384,38.652,25.865,9.083,7.53,2.487,50.115,19.1
C83049,2026-07-01,9964,3775,791,4730,2300,1070,786,287,7.939,47.471,23.083,10.739,7.888,2.88,37.886,21.507
C83051,2026-07-01,8443,3862,1443,4284,1914,475,243,84,17.091,50.74,22.67,5.626,2.878,0.995,45.742,9.499
C83052,2026-07-01,4208,2139,585,1376,1235,567,361,84,13.902,32.7,29.349,13.474,8.579,1.996,50.832,24.049
C83053,2026-07-01,2452,1203,352,719,709,327,255,90,14.356,29.323,28.915,13.336,10.4,3.67,49.062,27.406
C83054,2026-07-01,16249,8296,2754,5507,4298,1814,1423,453,16.949,33.891,26.451,11.164,8.757,2.788,51.055,22.709
C83055,2026-07-01,6216,3077,762,1649,1836,1045,702,222,12.259,26.528,29.537,16.811,11.293,3.571,49.501,31.676
C83056,2026-07-01,14169,7325,1778,4129,3986,1997,1735,544,12.549,29.141,28.132,14.094,12.245,3.839,51.697,30.179
C83057,2026-07-01,8386,4288,1476,3160,1978,908,615,249,17.601,37.682,23.587,10.828,7.334,2.969,51.133,21.13
C83058,2026-07-01,9519,4974,1279,2769,2624,1274,1188,385,13.436,29.089,27.566,13.384,12.48,4.045,52.253,29.909
C83059,2026-07-01,13823,6990,2310,5612,3529,1219,832,321,16.711,40.599,25.53,8.819,6.019,2.322,50.568,17.16
C83060,2026-07-01,15314,7319,2405,6209,3994,1455,913,338,15.705,40.545,26.081,9.501,5.962,2.207,47.793,17.67
C83061,2026-07-01,9016,4677,1034,2460,2512,1430,1242,338,11.469,27.285,27.862,15.861,13.776,3.749,51.874,33.385
C83062,2026-07-01,5946,3091,905,1840,1651,756,601,193,15.22,30.945,27.767,12.714,10.108,3.246,51.985,26.068
C83063,2026-07-01,15784,7983,2160,4546,4259,2221,1908,690,13.685,28.801,26.983,14.071,12.088,4.372,50.577,30.531
C83064,2026-07-01,14273,7238,1357,3140,3751,3112,2292,621,9.507,22.0,26.28,21.803,16.058,4.351,50.711,42.213
C83065,2026-07-01,9730,4923,1460,3326,2537,1191,884,332,15.005,34.183,26.074,12.24,9.085,3.412,50.596,24.738
C83067,2026-07-01,7108,3696,928,1794,2127,1135,869,255,13.056,25.239,29.924,15.968,12.226,3.588,51.998,31.781
C83072,2026-07-01,9463,4843,1475,3157,2584,1154,784,309,15.587,33.362,27.306,12.195,8.285,3.265,51.178,23.745
C83073,2026-07-01,8352,4153,1295,3985,1984,572,371,145,15.505,47.713,23.755,6.849,4.442,1.736,49.725,13.027
C83074,2026-07-01,5036,2525,571,1315,1485,834,636,195,11.338,26.112,29.488,16.561,12.629,3.872,50.139,33.062
C83075,2026-07-01,10325,5419,1660,3520,2764,1205,895,281,16.077,34.092,26.77,11.671,8.668,2.722,52.484,23.061
C83078,2026-07-01,8816,4502,1391,3313,2236,941,695,240,15.778,37.579,25.363,10.674,7.883,2.722,51.066,21.279
C83079,2026-07-01,7557,3905,1414,3176,1729,646,465,127,18.711,42.027,22.879,8.548,6.153,1.681,51.674,16.382
C83080,2026-07-01,5889,2990,977,2076,1619,657,442,118,16.59,35.252,27.492,11.156,7.506,2.004,50.773,20.666
C83082,2026-07-01,10942,5547,1796,4246,2665,1140,827,268,16.414,38.805,24.356,10.419,7.558,2.449,50.695,20.426
C83083,2026-07-01,7537,3889,1182,2468,1958,985,701,243,15.683,32.745,25.979,13.069,9.301,3.224,51.599,25.594
C83085,2026-07-01,13477,6814,1867,4477,3499,1832,1333,469,13.853,33.22,25.963,13.594,9.891,3.48,50.56,26.964
C83611,2026-07-01,7331,3755,1349,2589,2007,701,546,139,18.401,35.316,27.377,9.562,7.448,1.896,51.221,18.906
C83613,2026-07-01,5271,2621,678,1549,1535,772,574,163,12.863,29.387,29.122,14.646,10.89,3.092,49.725,28.628
C83614,2026-07-01,3602,1825,410,1067,1087,524,414,100,11.383,29.622,30.178,14.547,11.494,2.776,50.666,28.817
C83617,2026-07-01,9310,4731,1496,3238,2542,1078,761,195,16.069,34.78,27.304,11.579,8.174,2.095,50.816,21.847
C83626,2026-07-01,11138,5440,1623,6432,2075,591,325,92,14.572,57.748,18.63,5.306,2.918,0.826,48.842,9.05
C83634,2026-07-01,5092,2693,635,1260,1293,816,791,297,12.471,24.745,25.393,16.025,15.534,5.833,52.887,37.392
C83635,2026-07-01,5373,2764,590,1388,1473,945,761,216,10.981,25.833,27.415,17.588,14.163,4.02,51.442,35.771
C83641,2026-07-01,4009,1983,480,1078,1066,674,537,174,11.973,26.889,26.59,16.812,13.395,4.34,49.464,34.547
C83643,2026-07-01,2370,1188,248,603,704,459,293,63,10.464,25.443,29.705,19.367,12.363,2.658,50.127,34.388
C83649,2026-07-01,5106,2623,738,1592,1564,670,432,110,14.454,31.179,30.631,13.122,8.461,2.154,51.371,23.737
C83650,2026-07-01,4213,2161,522,1282,1161,636,457,155,12.39,30.43,27.558,15.096,10.847,3.679,51.294,29.623
C84001,2026-07-01,35084,17848,6327,13191,9046,3381,2357,782,18.034,37.598,25.784,9.637,6.718,2.229,50.872,18.584
C84004,2026-07-01,9729,4757,1835,4088,2401,771,482,152,18.861,42.019,24.679,7.925,4.954,1.562,48.895,14.441
C84005,2026-07-01,28239,14427,4327,9264,7270,3342,2927,1109,15.323,32.806,25.745,11.835,10.365,3.927,51.089,26.127
C84008,2026-07-01,6228,3125,919,1923,1760,794,641,191,14.756,30.877,28.259,12.749,10.292,3.067,50.177,26.108
C84009,2026-07-01,13556,6799,2091,5016,3595,1424,1066,364,15.425,37.002,26.52,10.505,7.864,2.685,50.155,21.053
C84010,2026-07-01,18680,9436,2951,7424,4914,1779,1109,503,15.798,39.743,26.306,9.524,5.937,2.693,50.514,18.153
C84011,2026-07-01,8872,4617,1253,3135,2504,980,687,313,14.123,35.336,28.224,11.046,7.743,3.528,52.04,22.317
C84012,2026-07-01,11904,5930,1686,4272,3200,1302,1057,387,14.163,35.887,26.882,10.938,8.879,3.251,49.815,23.068
C84013,2026-07-01,15881,8194,2298,5251,4310,2042,1538,442,14.47,33.065,27.139,12.858,9.685,2.783,51.596,25.326
C84014,2026-07-01,11779,5994,1790,4316,3398,1198,823,254,15.197,36.641,28.848,10.171,6.987,2.156,50.887,19.314
C84016,2026-07-01,15924,7958,2402,5721,4068,1845,1424,464,15.084,35.927,25.546,11.586,8.942,2.914,49.975,23.443
C84017,2026-07-01,26878,13767,4314,9143,7200,2959,2425,837,16.05,34.017,26.788,11.009,9.022,3.114,51.22,23.145
C84018,2026-07-01,12308,6016,2300,5754,2816,813,493,132,18.687,46.75,22.879,6.605,4.006,1.072,48.879,11.683
C84019,2026-07-01,12097,6052,1772,4140,3285,1415,1057,428,14.648,34.223,27.155,11.697,8.738,3.538,50.029,23.973
C84020,2026-07-01,6758,3346,1153,2711,1766,610,402,116,17.061,40.115,26.132,9.026,5.949,1.716,49.512,16.691
C84021,2026-07-01,13003,6483,2091,4680,3372,1513,1055,292,16.081,35.992,25.932,11.636,8.114,2.246,49.858,21.995
C84023,2026-07-01,36556,16188,1000,33610,1327,325,233,61,2.736,91.941,3.63,0.889,0.637,0.167,44.283,1.693
C84024,2026-07-01,29333,14390,4141,10784,7906,3200,2461,841,14.117,36.764,26.953,10.909,8.39,2.867,49.057,22.166
C84025,2026-07-01,8227,4243,1033,2412,2457,1150,889,286,12.556,29.318,29.865,13.978,10.806,3.476,51.574,28.261
C84026,2026-07-01,12686,6651,1813,4297,3343,1509,1300,424,14.291,33.872,26.352,11.895,10.248,3.342,52.428,25.485
C84028,2026-07-01,7757,3992,1274,2879,1966,779,594,265,16.424,37.115,25.345,10.043,7.658,3.416,51.463,21.116
C84029,2026-07-01,22536,11182,3697,8944,5566,2244,1542,543,16.405,39.688,24.698,9.957,6.842,2.409,49.618,19.209
C84030,2026-07-01,11980,5914,1672,5540,2862,890,723,293,13.957,46.244,23.89,7.429,6.035,2.446,49.366,15.91
C84032,2026-07-01,17665,9009,2277,5576,4712,2388,2070,642,12.89,31.565,26.674,13.518,11.718,3.634,50.999,28.871
C84033,2026-07-01,9407,4816,1470,3458,2379,1000,843,257,15.627,36.76,25.29,10.63,8.961,2.732,51.196,22.324
C84034,2026-07-01,8528,4242,1273,3384,2341,858,522,150,14.927,39.681,27.451,10.061,6.121,1.759,49.742,17.941
C84035,2026-07-01,11422,5791,1623,3578,3069,1532,1181,439,14.209,31.326,26.869,13.413,10.34,3.843,50.7,27.596
C84036,2026-07-01,18934,9499,3320,7526,4727,1865,1148,348,17.535,39.749,24.966,9.85,6.063,1.838,50.169,17.751
C84037,2026-07-01,12712,6466,1784,4040,3587,1561,1315,425,14.034,31.781,28.217,12.28,10.345,3.343,50.865,25.968
C84039,2026-07-01,11915,5547,1592,6241,2620,820,441,201,13.361,52.379,21.989,6.882,3.701,1.687,46.555,12.27
C84042,2026-07-01,7047,3623,1174,2542,1899,665,541,226,16.66,36.072,26.948,9.437,7.677,3.207,51.412,20.321
C84043,2026-07-01,12385,6230,2316,5038,3067,1015,698,251,18.7,40.678,24.764,8.195,5.636,2.027,50.303,15.858
C84044,2026-07-01,10413,5304,1800,3450,2666,1163,957,377,17.286,33.132,25.603,11.169,9.19,3.62,50.936,23.98
C84045,2026-07-01,8023,4060,967,2241,2288,1164,1067,296,12.053,27.932,28.518,14.508,13.299,3.689,50.605,31.497
C84046,2026-07-01,9118,4585,1670,3849,2034,851,459,255,18.315,42.213,22.308,9.333,5.034,2.797,50.285,17.164
C84047,2026-07-01,10682,5467,1618,3453,2722,1425,1106,358,15.147,32.325,25.482,13.34,10.354,3.351,51.18,27.045
C84049,2026-07-01,12048,6284,1422,3326,3384,1737,1602,577,11.803,27.606,28.088,14.417,13.297,4.789,52.158,32.503
C84051,2026-07-01,18894,9692,3043,7232,4913,1910,1304,492,16.106,38.277,26.003,10.109,6.902,2.604,51.297,19.615
C84053,2026-07-01,16901,8640,2969,6465,4278,1531,1208,450,17.567,38.252,25.312,9.059,7.148,2.663,51.121,18.869
C84055,2026-07-01,11111,5662,1803,4159,2883,1038,831,397,16.227,37.431,25.947,9.342,7.479,3.573,50.959,20.394
C84057,2026-07-01,4413,2213,698,1600,1173,477,374,91,15.817,36.257,26.581,10.809,8.475,2.062,50.147,21.346
C84059,2026-07-01,13138,6705,2389,5231,3399,1184,690,245,18.184,39.816,25.872,9.012,5.252,1.865,51.035,16.129
C84060,2026-07-01,8585,4354,1482,3307,2128,928,501,239,17.263,38.521,24.787,10.81,5.836,2.784,50.716,19.429
C84061,2026-07-01,9596,4749,1826,4032,2232,797,514,195,19.029,42.018,23.26,8.306,5.356,2.032,49.489,15.694
C84063,2026-07-01,8554,4029,1568,3843,2125,578,324,116,18.331,44.926,24.842,6.757,3.788,1.356,47.101,11.901
C84064,2026-07-01,10587,5514,2186,4654,2368,741,475,163,20.648,43.96,22.367,6.999,4.487,1.54,52.083,13.025
C84065,2026-07-01,5219,2585,932,2165,1193,429,363,137,17.858,41.483,22.859,8.22,6.955,2.625,49.531,17.8
C84066,2026-07-01,10520,5300,1642,3841,2715,1161,835,326,15.608,36.511,25.808,11.036,7.937,3.099,50.38,22.072
C84067,2026-07-01,5546,2765,782,1819,1546,688,560,151,14.1,32.798,27.876,12.405,10.097,2.723,49.856,25.225
C84069,2026-07-01,13014,6398,1926,4830,3498,1365,995,400,14.799,37.114,26.879,10.489,7.646,3.074,49.162,21.208
C84072,2026-07-01,10495,5288,2243,4779,2354,650,335,134,21.372,45.536,22.43,6.193,3.192,1.277,50.386,10.662
C84074,2026-07-01,5418,2810,978,2104,1286,569,360,121,18.051,38.834,23.736,10.502,6.645,2.233,51.864,19.38
C84076,2026-07-01,4069,2060,627,1515,1115,390,322,100,15.409,37.233,27.402,9.585,7.913,2.458,50.627,19.956
C84077,2026-07-01,18907,9540,3095,6917,4905,2004,1523,463,16.37,36.584,25.943,10.599,8.055,2.449,50.458,21.103
C84078,2026-07-01,12888,6606,2180,5275,3254,1206,711,262,16.915,40.93,25.248,9.358,5.517,2.033,51.257,16.907
C84080,2026-07-01,13585,6798,1817,5418,3337,1473,1096,444,13.375,39.882,24.564,10.843,8.068,3.268,50.04,22.179
C84081,2026-07-01,6888,3486,1260,2685,1609,765,389,180,18.293,38.981,23.359,11.106,5.648,2.613,50.61,19.367
C84084,2026-07-01,8631,4521,1207,2609,2294,1065,1006,450,13.984,30.228,26.579,12.339,11.656,5.214,52.381,29.209
C84085,2026-07-01,10558,5270,1238,5029,2623,962,533,173,11.726,47.632,24.844,9.112,5.048,1.639,49.915,15.798
C84086,2026-07-01,15087,7698,2922,5968,3723,1142,980,352,19.368,39.557,24.677,7.569,6.496,2.333,51.024,16.398
C84087,2026-07-01,5552,2849,832,2016,1536,601,421,146,14.986,36.311,27.666,10.825,7.583,2.63,51.315,21.037
C84090,2026-07-01,9240,4562,1305,3293,2705,1026,667,244,14.123,35.639,29.275,11.104,7.219,2.641,49.372,20.963
C84091,2026-07-01,8751,4495,1779,3720,2044,650,402,156,20.329,42.509,23.357,7.428,4.594,1.783,51.366,13.804
C84092,2026-07-01,5239,2400,932,2617,1145,315,173,57,17.79,49.952,21.855,6.013,3.302,1.088,45.81,10.403
C84094,2026-07-01,24659,12449,4126,9025,6433,2526,1885,664,16.732,36.599,26.088,10.244,7.644,2.693,50.485,20.581
C84095,2026-07-01,7003,3543,1079,2517,1904,685,603,215,15.408,35.942,27.188,9.782,8.611,3.07,50.593,21.462
C84101,2026-07-01,1,0,0,0,0,0,1,0,0.0,0.0,0.0,0.0,100.0,0.0,0.0,100.0
C84105,2026-07-01,7409,3569,1516,3537,1702,405,177,72,20.462,47.739,22.972,5.466,2.389,0.972,48.171,8.827
C84106,2026-07-01,8081,4012,1187,3227,1941,826,636,264,14.689,39.933,24.019,10.222,7.87,3.267,49.647,21.359
C84107,2026-07-01,6771,3359,807,2263,1912,844,699,246,11.918,33.422,28.238,12.465,10.323,3.633,49.609,26.422
C84112,2026-07-01,3841,1891,626,1356,981,407,359,112,16.298,35.303,25.54,10.596,9.347,2.916,49.232,22.859
C84113,2026-07-01,7544,3880,1112,2525,1981,916,754,256,14.74,33.47,26.259,12.142,9.995,3.393,51.432,25.53
C84115,2026-07-01,10150,5285,1561,3828,2631,1114,732,284,15.379,37.714,25.921,10.975,7.212,2.798,52.069,20.985
C84116,2026-07-01,8307,4209,1476,3398,2077,732,485,139,17.768,40.905,25.003,8.812,5.838,1.673,50.668,16.324
C84117,2026-07-01,18430,7968,1047,15804,1127,292,126,34,5.681,85.751,6.115,1.584,0.684,0.184,43.234,2.453
C84120,2026-07-01,15714,8055,2548,5695,4152,1502,1268,549,16.215,36.242,26.422,9.558,8.069,3.494,51.26,21.121
C84122,2026-07-01,10791,5520,2095,4321,2661,847,632,235,19.414,40.043,24.659,7.849,5.857,2.178,51.154,15.884
C84123,2026-07-01,4391,2273,682,1547,1191,498,378,95,15.532,35.231,27.124,11.341,8.609,2.164,51.765,22.113
C84129,2026-07-01,9675,5091,1624,3569,2431,1008,752,291,16.786,36.889,25.127,10.419,7.773,3.008,52.62,21.199
C84131,2026-07-01,8783,4564,1409,3178,2277,942,746,231,16.042,36.184,25.925,10.725,8.494,2.63,51.964,21.849
C84136,2026-07-01,4833,2186,811,2293,1170,347,151,61,16.78,47.445,24.209,7.18,3.124,1.262,45.231,11.566
C84140,2026-07-01,4939,2447,632,1730,1343,665,444,125,12.796,35.027,27.192,13.464,8.99,2.531,49.544,24.985
C84142,2026-07-01,5218,2579,754,1714,1464,646,483,157,14.45,32.848,28.057,12.38,9.256,3.009,49.425,24.645
C84144,2026-07-01,5084,2414,865,2777,947,274,159,62,17.014,54.622,18.627,5.389,3.127,1.22,47.482,9.736
C84150,2026-07-01,4852,2434,785,1923,1271,434,311,128,16.179,39.633,26.195,8.945,6.41,2.638,50.165,17.993
C84151,2026-07-01,3572,1647,731,1776,798,156,85,26,20.465,49.72,22.34,4.367,2.38,0.728,46.109,7.475
C84605,2026-07-01,17844,8996,2580,6355,5280,1866,1258,505,14.459,35.614,29.59,10.457,7.05,2.83,50.415,20.337
C84613,2026-07-01,12227,6333,2032,4526,3262,1212,912,283,16.619,37.016,26.679,9.912,7.459,2.315,51.795,19.686
C84619,2026-07-01,6831,3498,1193,2903,1733,546,329,127,17.465,42.497,25.37,7.993,4.816,1.859,51.208,14.668
C84621,2026-07-01,5287,2557,955,2352,1341,297,214,128,18.063,44.486,25.364,5.618,4.048,2.421,48.364,12.086
C84624,2026-07-01,5719,2871,867,2025,1657,608,450,112,15.16,35.408,28.974,10.631,7.869,1.958,50.201,20.458
C84628,2026-07-01,8013,3671,1620,4211,1619,358,147,58,20.217,52.552,20.205,4.468,1.835,0.724,45.813,7.026
C84629,2026-07-01,4325,2122,760,1622,1109,459,298,77,17.572,37.503,25.642,10.613,6.89,1.78,49.064,19.283
C84637,2026-07-01,9739,4728,1652,3946,2458,908,597,178,16.963,40.518,25.239,9.323,6.13,1.828,48.547,17.281
C84646,2026-07-01,6353,3219,757,1818,1842,846,800,290,11.916,28.616,28.994,13.317,12.592,4.565,50.669,30.474
C84654,2026-07-01,4648,2366,707,1621,1233,576,405,106,15.211,34.875,26.528,12.392,8.713,2.281,50.904,23.386
C84656,2026-07-01,8642,4435,1333,2904,2416,1050,704,235,15.425,33.603,27.956,12.15,8.146,2.719,51.319,23.016
C84658,2026-07-01,10418,5364,1815,3899,2546,1183,747,228,17.422,37.426,24.438,11.355,7.17,2.189,51.488,20.714
C84660,2026-07-01,4516,2281,615,1296,1334,646,502,123,13.618,28.698,29.539,14.305,11.116,2.724,50.509,28.144
C84664,2026-07-01,4911,2474,798,2276,1233,360,190,54,16.249,46.345,25.107,7.33,3.869,1.1,50.377,12.299
C84667,2026-07-01,6004,3042,957,2234,1579,608,474,152,15.939,37.209,26.299,10.127,7.895,2.532,50.666,20.553
C84676,2026-07-01,8361,3604,1683,4322,1811,340,140,65,20.129,51.692,21.66,4.066,1.674,0.777,43.105,6.518
C84679,2026-07-01,4469,2117,785,2054,1135,300,152,43,17.565,45.961,25.397,6.713,3.401,0.962,47.371,11.076
C84682,2026-07-01,5080,2473,759,2202,1426,415,197,81,14.941,43.346,28.071,8.169,3.878,1.594,48.681,13.642
C84683,2026-07-01,11329,5321,1774,6213,2355,610,288,89,15.659,54.842,20.787,5.384,2.542,0.786,46.968,8.712
C84691,2026-07-01,8830,3781,1743,4731,1834,329,141,52,19.74,53.579,20.77,3.726,1.597,0.589,42.82,5.912
C84692,2026-07-01,2716,1351,334,735,778,436,325,108,12.297,27.062,28.645,16.053,11.966,3.976,49.742,31.996
C84693,2026-07-01,5165,2440,790,2032,1367,530,316,130,15.295,39.342,26.467,10.261,6.118,2.517,47.241,18.896
C84694,2026-07-01,4768,2392,955,1979,1190,316,233,95,20.029,41.506,24.958,6.628,4.887,1.992,50.168,13.507
C84695,2026-07-01,4534,2262,890,2126,1040,267,142,69,19.629,46.89,22.938,5.889,3.132,1.522,49.89,10.543
C84696,2026-07-01,4809,2460,726,1680,1379,528,382,114,15.097,34.934,28.675,10.979,7.943,2.371,51.154,21.293
C84703,2026-07-01,6958,3500,1259,2541,2087,546,348,177,18.094,36.519,29.994,7.847,5.001,2.544,50.302,15.392
C84704,2026-07-01,8219,3998,1561,3555,2012,585,384,122,18.993,43.253,24.48,7.118,4.672,1.484,48.643,13.274
C84705,2026-07-01,8171,4185,1570,3331,1988,643,464,175,19.214,40.766,24.33,7.869,5.679,2.142,51.218,15.69
C84714,2026-07-01,5585,2318,0,5508,68,6,2,1,0.0,98.621,1.218,0.107,0.036,0.018,41.504,0.161
C84720,2026-07-01,28,3,0,20,8,0,0,0,0.0,71.429,28.571,0.0,0.0,0.0,10.714,0.0
C85001,2026-07-01,4457,2174,722,1654,1216,442,312,111,16.199,37.11,27.283,9.917,7.0,2.49,48.777,19.408
C85003,2026-07-01,13299,6718,2317,5331,3240,1185,935,291,17.422,40.086,24.363,8.91,7.031,2.188,50.515,18.129
C85004,2026-07-01,16297,8258,2377,5000,4781,2050,1602,487,14.586,30.68,29.337,12.579,9.83,2.988,50.672,25.397
C85005,2026-07-01,7251,3613,1105,2636,1877,805,631,197,15.239,36.354,25.886,11.102,8.702,2.717,49.828,22.521
C85006,2026-07-01,5693,2870,770,2087,1468,675,525,168,13.525,36.659,25.786,11.857,9.222,2.951,50.413,24.03
C85007,2026-07-01,10433,5251,1503,3765,2827,1247,783,308,14.406,36.087,27.097,11.952,7.505,2.952,50.331,22.41
C85008,2026-07-01,12790,6481,1742,4309,3553,1675,1149,362,13.62,33.69,27.78,13.096,8.984,2.83,50.672,24.91
C85009,2026-07-01,7474,3469,1255,3566,1831,441,284,97,16.792,47.712,24.498,5.9,3.8,1.298,46.414,10.998
C85010,2026-07-01,16598,8544,2524,5745,4524,1884,1469,452,15.207,34.613,27.256,11.351,8.85,2.723,51.476,22.924
C85013,2026-07-01,11147,5646,2015,4334,2799,1014,703,282,18.077,38.88,25.11,9.097,6.307,2.53,50.65,17.933
C85014,2026-07-01,9785,4984,1726,3616,2332,1195,681,235,17.639,36.955,23.832,12.213,6.96,2.402,50.935,21.574
C85016,2026-07-01,10732,5449,1584,3697,2938,1265,954,294,14.76,34.448,27.376,11.787,8.889,2.739,50.773,23.416
C85017,2026-07-01,11673,5723,1749,4807,2955,1105,777,280,14.983,41.181,25.315,9.466,6.656,2.399,49.028,18.521
C85018,2026-07-01,7396,3846,1425,2820,1750,754,489,158,19.267,38.129,23.661,10.195,6.612,2.136,52.001,18.943
C85019,2026-07-01,11511,5598,1718,4327,3068,1218,903,277,14.925,37.59,26.653,10.581,7.845,2.406,48.632,20.832
C85020,2026-07-01,12068,6018,1615,4217,3376,1415,1109,336,13.382,34.944,27.975,11.725,9.19,2.784,49.867,23.699
C85022,2026-07-01,13227,6657,2173,5029,3471,1347,936,271,16.429,38.021,26.242,10.184,7.076,2.049,50.329,19.309
C85023,2026-07-01,11470,5815,1852,4441,2857,1262,812,246,16.146,38.718,24.908,11.003,7.079,2.145,50.697,20.227
C85024,2026-07-01,6254,3132,867,2184,1684,757,561,201,13.863,34.922,26.927,12.104,8.97,3.214,50.08,24.288
C85028,2026-07-01,3621,1588,478,1353,1046,419,242,83,13.201,37.365,28.887,11.571,6.683,2.292,43.855,20.547
C85030,2026-07-01,10058,4992,1656,3819,2684,1047,640,212,16.465,37.97,26.685,10.41,6.363,2.108,49.632,18.88
C85033,2026-07-01,10911,5568,1789,4226,2796,1079,755,266,16.396,38.732,25.626,9.889,6.92,2.438,51.031,19.247
C85614,2026-07-01,4677,2353,788,1787,1215,485,312,90,16.848,38.208,25.978,10.37,6.671,1.924,50.31,18.965
C85619,2026-07-01,8643,4405,1661,3527,2134,694,447,180,19.218,40.808,24.691,8.03,5.172,2.083,50.966,15.284
C85622,2026-07-01,2327,1184,308,893,631,262,168,65,13.236,38.376,27.116,11.259,7.22,2.793,50.881,21.272
C85623,2026-07-01,5800,2991,958,1979,1711,666,397,89,16.517,34.121,29.5,11.483,6.845,1.534,51.569,19.862
C86001,2026-07-01,16654,8354,2836,6313,4073,1847,1168,417,17.029,37.907,24.457,11.09,7.013,2.504,50.162,20.608
C86002,2026-07-01,8250,4040,1572,3280,2054,737,464,143,19.055,39.758,24.897,8.933,5.624,1.733,48.97,16.291
C86003,2026-07-01,9751,4963,1640,3432,2376,1050,886,367,16.819,35.196,24.367,10.768,9.086,3.764,50.897,23.618
C86005,2026-07-01,4676,2313,688,1708,1123,572,439,146,14.713,36.527,24.016,12.233,9.388,3.122,49.465,24.743
C86006,2026-07-01,10402,5167,1706,3977,2754,1075,651,239,16.401,38.233,26.476,10.335,6.258,2.298,49.673,18.891
C86007,2026-07-01,19992,10209,3535,7657,4678,2155,1546,421,17.682,38.3,23.399,10.779,7.733,2.106,51.065,20.618
C86009,2026-07-01,7426,3861,981,2275,2245,942,750,233,13.21,30.636,30.232,12.685,10.1,3.138,51.993,25.922
C86011,2026-07-01,13999,6978,2255,5284,3702,1461,963,334,16.108,37.746,26.445,10.436,6.879,2.386,49.846,19.701
C86012,2026-07-01,9170,4617,1235,3052,2368,1270,933,312,13.468,33.282,25.823,13.85,10.174,3.402,50.349,27.426
C86013,2026-07-01,8666,4466,1183,2558,2260,1171,1088,406,13.651,29.518,26.079,13.513,12.555,4.685,51.535,30.752
C86015,2026-07-01,8342,4199,1482,3155,1963,898,629,215,17.766,37.821,23.532,10.765,7.54,2.577,50.336,20.882
C86016,2026-07-01,9106,4715,1459,3298,2400,1012,690,247,16.022,36.218,26.356,11.114,7.577,2.712,51.779,21.403
C86017,2026-07-01,15930,7825,2658,6943,3831,1331,868,299,16.685,43.584,24.049,8.355,5.449,1.877,49.121,15.681
C86018,2026-07-01,9852,4862,1584,3748,2460,1083,728,249,16.078,38.043,24.97,10.993,7.389,2.527,49.35,20.909
C86019,2026-07-01,16637,8237,2951,6854,3913,1435,1111,373,17.738,41.197,23.52,8.625,6.678,2.242,49.51,17.545
C86020,2026-07-01,8600,4244,1390,3355,2122,894,617,222,16.163,39.012,24.674,10.395,7.174,2.581,49.349,20.151
C86021,2026-07-01,6227,3198,936,2183,1574,709,535,290,15.031,35.057,25.277,11.386,8.592,4.657,51.357,24.635
C86023,2026-07-01,13773,6955,2446,5440,3442,1331,812,302,17.759,39.498,24.991,9.664,5.896,2.193,50.497,17.752
C86024,2026-07-01,12034,6133,1953,4547,3028,1330,854,322,16.229,37.785,25.162,11.052,7.097,2.676,50.964,20.824
C86025,2026-07-01,6449,2886,1011,2844,1576,576,353,89,15.677,44.1,24.438,8.932,5.474,1.38,44.751,15.785
C86026,2026-07-01,4957,2412,871,2001,1216,505,259,105,17.571,40.367,24.531,10.188,5.225,2.118,48.658,17.531
C86029,2026-07-01,13708,6748,2063,5062,3811,1462,944,366,15.05,36.927,27.801,10.665,6.886,2.67,49.227,20.222
C86032,2026-07-01,5417,2744,813,1923,1471,646,429,135,15.008,35.499,27.155,11.925,7.92,2.492,50.655,22.337
C86033,2026-07-01,5116,2626,996,2016,1258,505,263,78,19.468,39.406,24.59,9.871,5.141,1.525,51.329,16.536
C86034,2026-07-01,10013,5093,1674,3672,2533,1137,757,240,16.718,36.672,25.297,11.355,7.56,2.397,50.864,21.312
C86037,2026-07-01,9283,4603,1688,3436,2188,936,789,246,18.184,37.014,23.57,10.083,8.499,2.65,49.585,21.232
C86038,2026-07-01,9523,4941,1571,3552,2542,1031,597,230,16.497,37.299,26.693,10.826,6.269,2.415,51.885,19.511
C86605,2026-07-01,7883,3783,1296,3159,1993,823,495,117,16.44,40.074,25.282,10.44,6.279,1.484,47.989,18.204
C86609,2026-07-01,19834,9838,3401,7803,4945,1987,1324,374,17.147,39.342,24.932,10.018,6.675,1.886,49.602,18.579
C86611,2026-07-01,6989,3632,1076,2464,1962,799,524,164,15.396,35.255,28.073,11.432,7.497,2.347,51.967,21.276
C86614,2026-07-01,9708,4901,1642,3623,2417,1038,738,250,16.914,37.32,24.897,10.692,7.602,2.575,50.484,20.869
C86616,2026-07-01,3703,1826,710,1532,848,355,206,52,19.174,41.372,22.9,9.587,5.563,1.404,49.311,16.554
C86621,2026-07-01,4472,2235,781,1849,1062,452,261,67,17.464,41.346,23.748,10.107,5.836,1.498,49.978,17.442
C86625,2026-07-01,1726,812,319,735,444,123,81,24,18.482,42.584,25.724,7.126,4.693,1.39,47.045,13.21
C86626,2026-07-01,2824,1462,420,1059,774,308,176,87,14.873,37.5,27.408,10.907,6.232,3.081,51.771,20.22
C87002,2026-07-01,21117,10675,3157,7455,5463,2422,2040,580,14.95,35.303,25.87,11.469,9.66,2.747,50.552,23.876
C87003,2026-07-01,11214,5390,2107,4726,2582,1009,613,177,18.789,42.144,23.025,8.998,5.466,1.578,48.065,16.042
C87004,2026-07-01,12058,6188,1803,4147,3308,1291,1157,352,14.953,34.392,27.434,10.707,9.595,2.919,51.319,23.221
C87005,2026-07-01,18935,9425,3118,7788,4576,1762,1204,487,16.467,41.13,24.167,9.306,6.359,2.572,49.776,18.236
C87006,2026-07-01,15107,7626,2729,5846,3646,1505,1034,347,18.064,38.697,24.135,9.962,6.845,2.297,50.48,19.104
C87007,2026-07-01,11662,5991,1583,3737,3179,1431,1276,456,13.574,32.044,27.259,12.271,10.942,3.91,51.372,27.122
C87008,2026-07-01,16088,8182,2564,5658,4117,1836,1451,462,15.937,35.169,25.591,11.412,9.019,2.872,50.858,23.303
C87009,2026-07-01,10752,5407,1818,4155,2782,914,788,295,16.908,38.644,25.874,8.501,7.329,2.744,50.288,18.573
C87010,2026-07-01,4689,2250,959,1908,1096,370,267,89,20.452,40.691,23.374,7.891,5.694,1.898,47.985,15.483
C87012,2026-07-01,15744,7970,2747,6124,3920,1457,1083,413,17.448,38.897,24.898,9.254,6.879,2.623,50.622,18.756
C87013,2026-07-01,6563,3347,1064,2507,1703,699,450,140,16.212,38.199,25.948,10.651,6.857,2.133,50.998,19.64
C87014,2026-07-01,9682,4966,1993,4255,2142,708,434,150,20.585,43.948,22.124,7.313,4.483,1.549,51.291,13.344
C87015,2026-07-01,6789,3481,1029,2313,1762,808,648,229,15.157,34.07,25.954,11.902,9.545,3.373,51.274,24.82
C87016,2026-07-01,12265,6277,1798,4102,3433,1471,1115,346,14.66,33.445,27.99,11.993,9.091,2.821,51.178,23.905
C87017,2026-07-01,12716,6359,2146,4865,3198,1353,829,325,16.876,38.259,25.149,10.64,6.519,2.556,50.008,19.715
C87018,2026-07-01,7708,3931,1145,2724,2144,806,655,234,14.855,35.34,27.815,10.457,8.498,3.036,50.999,21.99
C87020,2026-07-01,5093,2548,666,1754,1421,659,430,163,13.077,34.439,27.901,12.939,8.443,3.2,50.029,24.583
C87022,2026-07-01,8613,4443,1643,3348,2093,773,552,204,19.076,38.871,24.3,8.975,6.409,2.369,51.585,17.752
C87024,2026-07-01,4365,2156,838,1865,1000,384,218,60,19.198,42.726,22.91,8.797,4.994,1.375,49.393,15.166
C87029,2026-07-01,12571,6491,2133,4805,3136,1372,802,323,16.968,38.223,24.946,10.914,6.38,2.569,51.635,19.863
C87030,2026-07-01,9432,4761,1327,3395,2454,1092,880,284,14.069,35.994,26.018,11.578,9.33,3.011,50.477,23.919
C87031,2026-07-01,3921,1946,680,1465,910,476,293,97,17.343,37.363,23.208,12.14,7.473,2.474,49.63,22.086
C87603,2026-07-01,4114,2037,682,1749,1058,331,224,70,16.578,42.513,25.717,8.046,5.445,1.702,49.514,15.192
C87604,2026-07-01,5990,2980,956,2214,1557,715,412,136,15.96,36.962,25.993,11.937,6.878,2.27,49.75,21.085
C87608,2026-07-01,5675,2684,1377,2757,1141,226,118,56,24.264,48.581,20.106,3.982,2.079,0.987,47.295,7.048
C87616,2026-07-01,6425,3284,990,2359,1666,748,492,170,15.409,36.716,25.93,11.642,7.658,2.646,51.113,21.946
C87620,2026-07-01,7180,3582,1246,2735,1764,761,528,146,17.354,38.092,24.568,10.599,7.354,2.033,49.889,19.986
C87622,2026-07-01,10207,4608,2006,4975,2221,611,314,80,19.653,48.741,21.76,5.986,3.076,0.784,45.145,9.846
C88005,2026-07-01,15765,8001,2386,6337,3844,1602,1139,457,15.135,40.197,24.383,10.162,7.225,2.899,50.752,20.285
C88006,2026-07-01,6061,3073,1204,2852,1289,368,262,86,19.865,47.055,21.267,6.072,4.323,1.419,50.701,11.813
C88007,2026-07-01,25859,10778,1775,19876,3081,616,331,180,6.864,76.863,11.915,2.382,1.28,0.696,41.68,4.358
C88008,2026-07-01,13938,6726,2848,6348,3108,912,501,221,20.433,45.545,22.299,6.543,3.594,1.586,48.257,11.723
C88009,2026-07-01,6185,3107,1116,2489,1545,522,374,139,18.044,40.243,24.98,8.44,6.047,2.247,50.234,16.734
C88010,2026-07-01,14212,7183,1831,4685,3755,1871,1554,516,12.883,32.965,26.421,13.165,10.934,3.631,50.542,27.73
C88011,2026-07-01,4755,2368,986,2036,1051,368,226,88,20.736,42.818,22.103,7.739,4.753,1.851,49.8,14.343
C88014,2026-07-01,9752,5024,2003,3943,2268,812,515,211,20.539,40.433,23.257,8.326,5.281,2.164,51.518,15.771
C88015,2026-07-01,18845,9486,3073,6660,4850,1967,1630,665,16.307,35.341,25.736,10.438,8.65,3.529,50.337,22.616
C88016,2026-07-01,13509,6657,2186,4680,3523,1382,1233,505,16.182,34.644,26.079,10.23,9.127,3.738,49.278,23.096
C88018,2026-07-01,8748,4451,1135,3243,2387,912,772,299,12.974,37.071,27.286,10.425,8.825,3.418,50.88,22.668
C88019,2026-07-01,8578,4317,1745,3667,1969,610,414,173,20.343,42.749,22.954,7.111,4.826,2.017,50.326,13.954
C88020,2026-07-01,7696,3898,1607,3325,1798,555,311,100,20.881,43.204,23.363,7.212,4.041,1.299,50.65,12.552
C88021,2026-07-01,7443,3684,1021,2772,1841,920,669,220,13.718,37.243,24.735,12.361,8.988,2.956,49.496,24.305
C88022,2026-07-01,5292,2698,736,1850,1282,682,562,180,13.908,34.958,24.225,12.887,10.62,3.401,50.983,26.909
C88023,2026-07-01,9507,4742,1384,3312,2665,1163,753,230,14.558,34.837,28.032,12.233,7.92,2.419,49.879,22.573
C88025,2026-07-01,9366,4750,1487,3630,2432,887,682,248,15.877,38.757,25.966,9.47,7.282,2.648,50.715,19.4
C88026,2026-07-01,13917,7079,2540,5728,3572,1103,710,264,18.251,41.158,25.666,7.926,5.102,1.897,50.866,14.924
C88027,2026-07-01,5104,2491,1183,2365,981,309,181,85,23.178,46.336,19.22,6.054,3.546,1.665,48.805,11.266
C88028,2026-07-01,10025,5105,1491,3544,2679,969,944,398,14.873,35.352,26.723,9.666,9.416,3.97,50.923,23.052
C88030,2026-07-01,8146,3940,1293,3864,1882,644,344,119,15.873,47.434,23.103,7.906,4.223,1.461,48.367,13.589
C88031,2026-07-01,13840,6734,2249,5972,3096,1257,875,391,16.25,43.15,22.37,9.082,6.322,2.825,48.656,18.23
C88032,2026-07-01,5550,2837,742,1801,1472,699,548,288,13.369,32.45,26.523,12.595,9.874,5.189,51.117,27.658
C88034,2026-07-01,9095,4721,1240,2737,2582,1308,972,256,13.634,30.093,28.389,14.382,10.687,2.815,51.908,27.883
C88035,2026-07-01,10552,5326,2441,4815,2091,692,379,134,23.133,45.631,19.816,6.558,3.592,1.27,50.474,11.42
C88036,2026-07-01,10618,5443,1961,4081,2642,921,736,277,18.469,38.435,24.882,8.674,6.932,2.609,51.262,18.214
C88037,2026-07-01,14187,7046,2411,6260,3093,1149,891,383,16.994,44.125,21.802,8.099,6.28,2.7,49.665,17.079
C88038,2026-07-01,5870,2582,764,2551,1477,525,389,164,13.015,43.458,25.162,8.944,6.627,2.794,43.986,18.365
C88039,2026-07-01,8957,4590,1547,3267,2200,901,757,285,17.271,36.474,24.562,10.059,8.451,3.182,51.245,21.693
C88040,2026-07-01,6159,3097,886,2054,1745,725,574,175,14.385,33.35,28.333,11.771,9.32,2.841,50.284,23.932
C88041,2026-07-01,12860,6626,2143,5060,3107,1250,943,357,16.664,39.347,24.16,9.72,7.333,2.776,51.524,19.829
C88043,2026-07-01,10899,5459,1773,4364,3077,928,594,163,16.268,40.04,28.232,8.515,5.45,1.496,50.087,15.46
C88044,2026-07-01,5406,2721,885,2013,1440,531,379,158,16.371,37.236,26.637,9.822,7.011,2.923,50.333,19.756
C88045,2026-07-01,8726,4397,1214,3267,2341,976,657,271,13.912,37.44,26.828,11.185,7.529,3.106,50.39,21.82
C88046,2026-07-01,6995,3529,1210,2502,1892,678,536,177,17.298,35.768,27.048,9.693,7.663,2.53,50.45,19.886
C88047,2026-07-01,7688,3815,1319,3139,1917,671,499,143,17.157,40.83,24.935,8.728,6.491,1.86,49.623,17.079
C88048,2026-07-01,8623,3972,2202,4102,1581,401,247,90,25.536,47.57,18.335,4.65,2.864,1.044,46.063,8.559
C88049,2026-07-01,5984,3048,879,2214,1623,599,486,183,14.689,36.999,27.122,10.01,8.122,3.058,50.936,21.19
C88050,2026-07-01,3470,1738,461,1165,899,452,355,138,13.285,33.573,25.908,13.026,10.231,3.977,50.086,27.233
C88051,2026-07-01,7737,3678,1867,3765,1500,333,172,100,24.131,48.662,19.387,4.304,2.223,1.292,47.538,7.82
C88052,2026-07-01,11113,5651,1726,4672,2692,1030,719,274,15.531,42.041,24.224,9.268,6.47,2.466,50.85,18.204
C88053,2026-07-01,3936,1953,624,1213,1161,433,367,138,15.854,30.818,29.497,11.001,9.324,3.506,49.619,23.831
C88054,2026-07-01,7770,3905,1130,2630,2255,904,617,234,14.543,33.848,29.022,11.634,7.941,3.012,50.257,22.587
C88059,2026-07-01,2441,938,333,1018,720,218,99,53,13.642,41.704,29.496,8.931,4.056,2.171,38.427,15.158
C88060,2026-07-01,4898,2216,830,2580,1050,254,130,54,16.946,52.675,21.437,5.186,2.654,1.102,45.243,8.942
C88062,2026-07-01,4565,2337,716,1693,1421,369,269,97,15.685,37.087,31.128,8.083,5.893,2.125,51.194,16.101
C88069,2026-07-01,15666,7112,3356,8264,2832,628,394,192,21.422,52.751,18.077,4.009,2.515,1.226,45.398,7.749
C88070,2026-07-01,7970,4043,1675,3440,1828,564,322,141,21.016,43.162,22.936,7.077,4.04,1.769,50.728,12.886
C88072,2026-07-01,11914,6071,1764,4401,3090,1298,953,408,14.806,36.94,25.936,10.895,7.999,3.425,50.957,22.318
C88073,2026-07-01,5208,2605,788,2089,1414,515,276,126,15.131,40.111,27.151,9.889,5.3,2.419,50.019,17.608
C88074,2026-07-01,5148,2548,785,1884,1376,549,439,115,15.249,36.597,26.729,10.664,8.528,2.234,49.495,21.426
C88076,2026-07-01,9347,4200,1106,5649,1796,463,247,86,11.833,60.437,19.215,4.953,2.643,0.92,44.934,8.516
C88077,2026-07-01,7806,3963,1572,3238,1772,664,353,207,20.138,41.481,22.7,8.506,4.522,2.652,50.769,15.68
C88078,2026-07-01,7126,3630,1124,2522,1894,805,574,207,15.773,35.392,26.579,11.297,8.055,2.905,50.94,22.257
C88079,2026-07-01,8241,4160,1187,4001,1975,608,346,124,14.404,48.55,23.966,7.378,4.199,1.505,50.479,13.081
C88082,2026-07-01,6388,2973,678,4493,856,195,118,48,10.614,70.335,13.4,3.053,1.847,0.751,46.54,5.651
C88083,2026-07-01,2340,1164,226,699,698,358,278,81,9.658,29.872,29.829,15.299,11.88,3.462,49.744,30.641
C88084,2026-07-01,3086,1409,631,1377,668,212,146,52,20.447,44.621,21.646,6.87,4.731,1.685,45.658,13.286
C88085,2026-07-01,9719,4975,1871,3876,2387,799,581,205,19.251,39.881,24.56,8.221,5.978,2.109,51.188,16.308
C88086,2026-07-01,2594,1275,538,1128,531,207,138,52,20.74,43.485,20.47,7.98,5.32,2.005,49.152,15.305
C88087,2026-07-01,9551,4692,1849,3935,2269,821,499,178,19.359,41.2,23.757,8.596,5.225,1.864,49.126,15.684
C88088,2026-07-01,7657,3989,1731,3395,1667,501,283,80,22.607,44.339,21.771,6.543,3.696,1.045,52.096,11.284
C88090,2026-07-01,7951,3790,1444,3405,2011,617,342,132,18.161,42.825,25.292,7.76,4.301,1.66,47.667,13.722
C88091,2026-07-01,2263,1117,486,920,519,191,114,33,21.476,40.654,22.934,8.44,5.038,1.458,49.359,14.936
C88092,2026-07-01,9573,4856,1152,3165,2689,1137,1065,365,12.034,33.062,28.089,11.877,11.125,3.813,50.726,26.815
C88095,2026-07-01,5526,2851,699,1897,1529,651,563,187,12.649,34.329,27.669,11.781,10.188,3.384,51.592,25.353
C88622,2026-07-01,2417,1037,0,1705,503,94,69,46,0.0,70.542,20.811,3.889,2.855,1.903,42.904,8.647
C88627,2026-07-01,31173,12235,333,30740,100,0,0,0,1.068,98.611,0.321,0.0,0.0,0.0,39.249,0.0
C88631,2026-07-01,1355,535,168,615,359,109,78,26,12.399,45.387,26.494,8.044,5.756,1.919,39.483,15.72
C88647,2026-07-01,10546,5294,1402,3784,2882,1257,920,301,13.294,35.881,27.328,11.919,8.724,2.854,50.199,23.497
C88648,2026-07-01,7205,3732,920,2399,1949,1042,684,211,12.769,33.296,27.051,14.462,9.493,2.929,51.797,26.884
C88652,2026-07-01,4261,2107,788,1887,1018,266,225,77,18.493,44.285,23.891,6.243,5.28,1.807,49.448,13.33
C88655,2026-07-01,1131,538,184,458,323,83,58,25,16.269,40.495,28.559,7.339,5.128,2.21,47.569,14.677
D81001,2026-07-01,13973,6627,1079,8808,2491,787,598,210,7.722,63.036,17.827,5.632,4.28,1.503,47.427,11.415
D81002,2026-07-01,23330,10942,2543,14202,3752,1339,1019,475,10.9,60.874,16.082,5.739,4.368,2.036,46.901,12.143
D81003,2026-07-01,10600,5267,1334,5436,2509,717,462,142,12.585,51.283,23.67,6.764,4.358,1.34,49.689,12.462
D81004,2026-07-01,14766,7636,2690,5532,3673,1454,1095,322,18.218,37.464,24.875,9.847,7.416,2.181,51.713,19.443
D81005,2026-07-01,14339,6433,933,10160,1736,733,555,222,6.507,70.856,12.107,5.112,3.871,1.548,44.864,10.531
D81008,2026-07-01,18532,8989,2630,6748,4973,2028,1549,604,14.192,36.413,26.835,10.943,8.359,3.259,48.505,22.561
D81010,2026-07-01,11013,5317,1550,4460,2955,964,749,335,14.074,40.498,26.832,8.753,6.801,3.042,48.279,18.596
D81011,2026-07-01,9118,4432,1126,3023,2459,1183,942,385,12.349,33.154,26.969,12.974,10.331,4.222,48.607,27.528
D81012,2026-07-01,11238,5744,1682,4427,2877,1063,842,347,14.967,39.393,25.601,9.459,7.492,3.088,51.112,20.039
D81013,2026-07-01,20622,9638,3114,12379,3753,758,475,143,15.1,60.028,18.199,3.676,2.303,0.693,46.736,6.672
D81014,2026-07-01,23819,10214,3192,11035,5698,1992,1357,545,13.401,46.329,23.922,8.363,5.697,2.288,42.882,16.348
D81015,2026-07-01,6975,3467,939,2092,2019,1040,697,188,13.462,29.993,28.946,14.91,9.993,2.695,49.706,27.599
D81016,2026-07-01,12256,5949,2087,6034,2630,724,562,219,17.028,49.233,21.459,5.907,4.586,1.787,48.539,12.28
D81017,2026-07-01,9019,4411,1294,5162,1759,389,296,119,14.347,57.235,19.503,4.313,3.282,1.319,48.908,8.915
D81018,2026-07-01,8266,4167,1385,2720,2269,814,757,321,16.755,32.906,27.45,9.848,9.158,3.883,50.411,22.889
D81021,2026-07-01,12960,6411,2240,5154,3161,1276,834,295,17.284,39.769,24.39,9.846,6.435,2.276,49.468,18.557
D81022,2026-07-01,17415,8843,2780,5887,4527,2030,1628,563,15.963,33.804,25.995,11.657,9.348,3.233,50.778,24.238
D81025,2026-07-01,9121,4407,1382,4002,2254,798,498,187,15.152,43.877,24.712,8.749,5.46,2.05,48.317,16.259
D81026,2026-07-01,47890,23617,8181,20378,11377,4048,2805,1101,17.083,42.552,23.757,8.453,5.857,2.299,49.315,16.609
D81027,2026-07-01,8081,4073,1390,2811,2204,845,645,186,17.201,34.785,27.274,10.457,7.982,2.302,50.402,20.74
D81028,2026-07-01,13116,6789,2186,4348,3548,1395,1107,532,16.667,33.15,27.051,10.636,8.44,4.056,51.761,23.132
D81029,2026-07-01,13224,6687,2332,5124,3371,1203,874,320,17.635,38.748,25.492,9.097,6.609,2.42,50.567,18.126
D81030,2026-07-01,15092,7477,2009,5034,4102,1864,1524,559,13.312,33.355,27.18,12.351,10.098,3.704,49.543,26.153
D81031,2026-07-01,20859,10481,3825,8241,5309,1812,1297,375,18.337,39.508,25.452,8.687,6.218,1.798,50.247,16.703
D81033,2026-07-01,5025,2564,768,1738,1361,579,463,116,15.284,34.587,27.085,11.522,9.214,2.308,51.025,23.045
D81034,2026-07-01,18885,9724,2689,6829,4863,2042,1798,664,14.239,36.161,25.751,10.813,9.521,3.516,51.491,23.85
D81035,2026-07-01,10068,5089,1579,3197,2968,1116,900,308,15.683,31.754,29.48,11.085,8.939,3.059,50.546,23.083
D81036,2026-07-01,5092,2561,771,1735,1403,566,469,148,15.141,34.073,27.553,11.115,9.211,2.907,50.295,23.233
D81037,2026-07-01,10914,4667,685,7691,1700,439,296,103,6.276,70.469,15.576,4.022,2.712,0.944,42.762,7.678
D81038,2026-07-01,7308,3746,821,2125,2363,1022,740,237,11.234,29.078,32.334,13.985,10.126,3.243,51.259,27.354
D81041,2026-07-01,6930,3518,1145,2214,2078,722,572,199,16.522,31.948,29.986,10.418,8.254,2.872,50.765,21.544
D81042,2026-07-01,9680,4831,1746,3845,2448,738,632,271,18.037,39.721,25.289,7.624,6.529,2.8,49.907,16.952
D81043,2026-07-01,58582,29653,9092,19912,16067,6243,5295,1973,15.52,33.99,27.427,10.657,9.039,3.368,50.618,23.063
D81044,2026-07-01,13935,6657,1924,6710,3249,975,707,370,13.807,48.152,23.315,6.997,5.074,2.655,47.772,14.726
D81045,2026-07-01,10475,5284,1625,3455,2799,1188,1092,316,15.513,32.983,26.721,11.341,10.425,3.017,50.444,24.783
D81046,2026-07-01,19451,9791,3812,7658,4599,1738,1210,434,19.598,39.371,23.644,8.935,6.221,2.231,50.337,17.387
D81047,2026-07-01,8072,4111,1222,2471,2363,980,805,231,15.139,30.612,29.274,12.141,9.973,2.862,50.929,24.975
D81049,2026-07-01,11786,6048,1818,4329,3050,1140,1115,334,15.425,36.73,25.878,9.672,9.46,2.834,51.315,21.967
D81050,2026-07-01,17042,8520,2911,6728,4200,1615,1120,468,17.081,39.479,24.645,9.477,6.572,2.746,49.994,18.795
D81051,2026-07-01,9751,4939,1506,3310,2709,1132,807,287,15.445,33.945,27.782,11.609,8.276,2.943,50.651,22.828
D81052,2026-07-01,9550,4875,1374,3152,2500,1155,992,377,14.387,33.005,26.178,12.094,10.387,3.948,51.047,26.429
D81054,2026-07-01,19935,8906,1720,12411,3963,991,610,240,8.628,62.257,19.88,4.971,3.06,1.204,44.675,9.235
D81055,2026-07-01,5845,3011,812,1781,1659,672,627,294,13.892,30.47,28.383,11.497,10.727,5.03,51.514,27.254
D81056,2026-07-01,6818,3201,635,3824,1709,361,208,81,9.314,56.087,25.066,5.295,3.051,1.188,46.949,9.534
D81057,2026-07-01,20985,10438,3124,7690,5696,2018,1759,698,14.887,36.645,27.143,9.616,8.382,3.326,49.74,21.325
D81058,2026-07-01,7828,3935,1266,2532,2088,899,759,284,16.173,32.345,26.673,11.484,9.696,3.628,50.268,24.808
D81059,2026-07-01,7693,3896,1268,2663,1936,925,664,237,16.483,34.616,25.166,12.024,8.631,3.081,50.643,23.736
D81060,2026-07-01,7565,3941,1135,2467,2004,1020,718,221,15.003,32.611,26.49,13.483,9.491,2.921,52.095,25.896
D81061,2026-07-01,11960,6036,1862,4342,3158,1258,991,349,15.569,36.304,26.405,10.518,8.286,2.918,50.468,21.722
D81062,2026-07-01,8211,4145,1301,2655,2307,1000,760,188,15.845,32.335,28.096,12.179,9.256,2.29,50.481,23.724
D81064,2026-07-01,7159,3676,1081,2407,1741,937,713,280,15.1,33.622,24.319,13.088,9.959,3.911,51.348,26.959
D81065,2026-07-01,7264,3582,1683,3477,1490,368,189,57,23.169,47.866,20.512,5.066,2.602,0.785,49.312,8.453
D81066,2026-07-01,10631,5562,1573,5064,2421,774,521,278,14.796,47.634,22.773,7.281,4.901,2.615,52.319,14.796
D81070,2026-07-01,10747,5169,1160,6736,2043,483,241,84,10.794,62.678,19.01,4.494,2.242,0.782,48.097,7.518
D81073,2026-07-01,5726,2806,1164,2495,1396,357,252,62,20.328,43.573,24.38,6.235,4.401,1.083,49.005,11.718
D81078,2026-07-01,4163,2028,675,1667,1075,410,257,79,16.214,40.043,25.823,9.849,6.173,1.898,48.715,17.92
D81081,2026-07-01,5139,2635,655,1520,1495,746,576,147,12.746,29.578,29.091,14.516,11.208,2.86,51.275,28.585
D81082,2026-07-01,8106,4123,1257,3102,2175,788,605,179,15.507,38.268,26.832,9.721,7.464,2.208,50.864,19.393
D81084,2026-07-01,12506,6344,2772,5026,3095,877,575,161,22.165,40.189,24.748,7.013,4.598,1.287,50.728,12.898
D81085,2026-07-01,7479,3773,1243,2675,2188,707,532,134,16.62,35.767,29.255,9.453,7.113,1.792,50.448,18.358
D81086,2026-07-01,7802,3822,1258,3625,1854,612,327,126,16.124,46.462,23.763,7.844,4.191,1.615,48.987,13.65
D81603,2026-07-01,7571,3774,1239,2691,2019,782,620,220,16.365,35.544,26.668,10.329,8.189,2.906,49.848,21.424
D81606,2026-07-01,13314,6623,2020,4606,3683,1639,1055,311,15.172,34.595,27.663,12.31,7.924,2.336,49.745,22.57
D81607,2026-07-01,3604,1785,633,1284,1039,321,248,79,17.564,35.627,28.829,8.907,6.881,2.192,49.528,17.98
D81611,2026-07-01,13595,6933,2182,4607,3718,1553,1173,362,16.05,33.887,27.348,11.423,8.628,2.663,50.997,22.714
D81612,2026-07-01,4950,2439,673,1903,1396,488,357,133,13.596,38.444,28.202,9.859,7.212,2.687,49.273,19.758
D81615,2026-07-01,11566,5810,2296,5158,2572,790,537,213,19.851,44.596,22.238,6.83,4.643,1.842,50.233,13.315
D81618,2026-07-01,3422,1669,575,1309,942,331,207,58,16.803,38.252,27.528,9.673,6.049,1.695,48.773,17.417
D81622,2026-07-01,14966,7589,2853,6342,3619,1161,729,262,19.063,42.376,24.181,7.758,4.871,1.751,50.708,14.379
D81625,2026-07-01,32645,15632,6843,16168,7335,1630,522,147,20.962,49.527,22.469,4.993,1.599,0.45,47.885,7.042
D81629,2026-07-01,6379,2937,1086,2969,1350,532,338,104,17.025,46.543,21.163,8.34,5.299,1.63,46.042,15.269
D81630,2026-07-01,13298,6793,3187,6230,2956,463,284,178,23.966,46.849,22.229,3.482,2.136,1.339,51.083,6.956
D81631,2026-07-01,14807,6680,3431,7628,2938,527,213,70,23.171,51.516,19.842,3.559,1.439,0.473,45.114,5.47
D81633,2026-07-01,11216,5565,2124,5130,2771,583,406,202,18.937,45.738,24.706,5.198,3.62,1.801,49.617,10.619
D81637,2026-07-01,14329,7258,3341,6227,3858,474,308,121,23.316,43.457,26.924,3.308,2.149,0.844,50.653,6.302
D81645,2026-07-01,2675,1241,532,1250,577,167,109,40,19.888,46.729,21.57,6.243,4.075,1.495,46.393,11.813
D82001,2026-07-01,14306,7409,1628,3433,3687,2519,2221,818,11.38,23.997,25.772,17.608,15.525,5.718,51.789,38.851
D82002,2026-07-01,12273,5954,1909,4897,3173,1202,780,312,15.554,39.901,25.853,9.794,6.355,2.542,48.513,18.691
D82003,2026-07-01,24666,12380,3770,8851,6318,2738,2191,798,15.284,35.883,25.614,11.1,8.883,3.235,50.191,23.218
D82004,2026-07-01,12048,6193,1195,3160,3105,2120,1819,649,9.919,26.228,25.772,17.596,15.098,5.387,51.403,38.081
D82005,2026-07-01,9357,4827,833,2138,2374,1745,1589,678,8.902,22.849,25.371,18.649,16.982,7.246,51.587,42.877
D82006,2026-07-01,8893,4534,1189,2690,2415,1262,1000,337,13.37,30.249,27.156,14.191,11.245,3.789,50.984,29.225
D82007,2026-07-01,25055,12143,3792,9687,6566,2585,1778,647,15.135,38.663,26.206,10.317,7.096,2.582,48.465,19.996
D82008,2026-07-01,19293,9919,2178,8157,4968,1868,1562,560,11.289,42.28,25.75,9.682,8.096,2.903,51.412,20.681
D82009,2026-07-01,7037,3541,747,1767,1987,1277,974,285,10.615,25.11,28.236,18.147,13.841,4.05,50.32,36.038
D82010,2026-07-01,5316,2701,643,1435,1562,838,645,193,12.096,26.994,29.383,15.764,12.133,3.631,50.809,31.527
D82011,2026-07-01,17579,8911,2473,6832,4446,1812,1381,635,14.068,38.865,25.292,10.308,7.856,3.612,50.691,21.776
D82012,2026-07-01,14446,7403,2015,5910,3684,1311,1107,419,13.948,40.911,25.502,9.075,7.663,2.9,51.246,19.639
D82013,2026-07-01,8898,4429,1514,3597,2131,850,607,199,17.015,40.425,23.949,9.553,6.822,2.236,49.775,18.611
D82015,2026-07-01,8353,4331,1056,2404,2209,1108,1070,506,12.642,28.78,26.446,13.265,12.81,6.058,51.85,32.132
D82016,2026-07-01,10003,5191,1294,2939,2676,1433,1267,394,12.936,29.381,26.752,14.326,12.666,3.939,51.894,30.931
D82017,2026-07-01,10943,5402,1811,4798,2490,954,694,196,16.549,43.845,22.754,8.718,6.342,1.791,49.365,16.851
D82018,2026-07-01,11066,5573,1524,3662,2964,1342,1085,489,13.772,33.092,26.785,12.127,9.805,4.419,50.361,26.351
D82019,2026-07-01,19453,9901,2652,6362,5120,2566,2029,724,13.633,32.704,26.32,13.191,10.43,3.722,50.897,27.343
D82020,2026-07-01,12725,6527,1996,4489,3212,1364,1175,489,15.686,35.277,25.242,10.719,9.234,3.843,51.293,23.796
D82022,2026-07-01,7010,3518,866,2252,1847,932,767,346,12.354,32.126,26.348,13.295,10.942,4.936,50.185,29.173
D82023,2026-07-01,15059,7574,2781,6245,3605,1179,929,320,18.467,41.47,23.939,7.829,6.169,2.125,50.296,16.123
D82024,2026-07-01,12976,6536,1940,4684,3535,1297,1068,452,14.951,36.097,27.243,9.995,8.231,3.483,50.37,21.709
D82025,2026-07-01,10447,5228,1304,3070,2655,1578,1329,511,12.482,29.386,25.414,15.105,12.721,4.891,50.043,32.718
D82026,2026-07-01,8630,4198,1150,3602,2135,835,685,223,13.326,41.738,24.739,9.676,7.937,2.584,48.644,20.197
D82027,2026-07-01,7564,3976,631,1595,2112,1343,1408,475,8.342,21.087,27.922,17.755,18.614,6.28,52.565,42.649
D82028,2026-07-01,5901,3011,616,1423,1614,1005,933,310,10.439,24.115,27.351,17.031,15.811,5.253,51.025,38.095
D82029,2026-07-01,19362,9870,2859,6372,5290,2215,1907,719,14.766,32.91,27.322,11.44,9.849,3.713,50.976,25.003
D82030,2026-07-01,8905,4569,1060,2507,2526,1356,1120,336,11.903,28.153,28.366,15.227,12.577,3.773,51.308,31.578
D82031,2026-07-01,8131,4155,1014,2643,2182,1034,912,346,12.471,32.505,26.836,12.717,11.216,4.255,51.101,28.188
D82032,2026-07-01,8496,4338,1141,2598,2311,1189,942,315,13.43,30.579,27.201,13.995,11.088,3.708,51.059,28.79
D82034,2026-07-01,18854,9427,2844,6781,4754,2092,1759,624,15.084,35.966,25.215,11.096,9.33,3.31,50.0,23.735
D82035,2026-07-01,10925,5559,1497,3281,3112,1526,1155,354,13.703,30.032,28.485,13.968,10.572,3.24,50.883,27.78
D82036,2026-07-01,9028,4657,1348,2740,2402,1240,961,337,14.931,30.35,26.606,13.735,10.645,3.733,51.584,28.113
D82037,2026-07-01,11150,5636,1573,3503,3126,1435,1108,405,14.108,31.417,28.036,12.87,9.937,3.632,50.547,26.439
D82038,2026-07-01,3276,1691,373,838,901,518,430,216,11.386,25.58,27.503,15.812,13.126,6.593,51.618,35.531
D82039,2026-07-01,8625,4379,1094,2442,2453,1241,1087,308,12.684,28.313,28.441,14.388,12.603,3.571,50.771,30.562
D82040,2026-07-01,12976,6231,2446,6088,2869,832,578,163,18.85,46.917,22.11,6.412,4.454,1.256,48.019,12.122
D82041,2026-07-01,9657,4856,1543,3489,2630,976,754,265,15.978,36.129,27.234,10.107,7.808,2.744,50.285,20.659
D82042,2026-07-01,8621,4349,1167,2475,2569,1183,914,313,13.537,28.709,29.799,13.722,10.602,3.631,50.447,27.955
D82043,2026-07-01,6708,3416,943,1987,1935,933,693,217,14.058,29.621,28.846,13.909,10.331,3.235,50.924,27.475
D82044,2026-07-01,29712,15299,4364,9664,7172,3768,3369,1375,14.688,32.526,24.138,12.682,11.339,4.628,51.491,28.648
D82045,2026-07-01,19412,9949,3079,6682,5047,2064,1864,676,15.861,34.422,25.999,10.633,9.602,3.482,51.252,23.717
D82046,2026-07-01,4512,2315,578,1257,1266,685,547,179,12.81,27.859,28.059,15.182,12.123,3.967,51.308,31.272
D82047,2026-07-01,6524,3080,550,2894,1709,698,515,158,8.43,44.359,26.196,10.699,7.894,2.422,47.21,21.015
D82048,2026-07-01,12425,6243,1949,4598,3207,1256,955,460,15.686,37.006,25.811,10.109,7.686,3.702,50.245,21.497
D82049,2026-07-01,3489,1735,409,985,1015,555,407,118,11.723,28.232,29.091,15.907,11.665,3.382,49.728,30.954
D82050,2026-07-01,11150,5707,1463,3673,3012,1307,1227,468,13.121,32.942,27.013,11.722,11.004,4.197,51.184,26.924
D82051,2026-07-01,18336,9203,2908,7018,4492,1981,1389,548,15.86,38.274,24.498,10.804,7.575,2.989,50.191,21.368
D82053,2026-07-01,5756,2931,567,1417,1541,1089,864,278,9.851,24.618,26.772,18.919,15.01,4.83,50.921,38.76
D82054,2026-07-01,15653,7966,1927,4765,4046,2260,1912,743,12.311,30.441,25.848,14.438,12.215,4.747,50.891,31.4
D82056,2026-07-01,9965,5076,1269,2778,2784,1451,1247,436,12.735,27.878,27.938,14.561,12.514,4.375,50.938,31.45
D82057,2026-07-01,7048,3649,841,1981,1772,1076,985,393,11.932,28.107,25.142,15.267,13.976,5.576,51.774,34.818
D82058,2026-07-01,17505,8918,1875,4706,4763,3025,2399,737,10.711,26.884,27.209,17.281,13.705,4.21,50.945,35.196
D82059,2026-07-01,11919,6174,1552,3547,3114,1718,1438,550,13.021,29.759,26.126,14.414,12.065,4.614,51.8,31.093
D82062,2026-07-01,8872,4543,1205,2713,2392,1181,1023,358,13.582,30.579,26.961,13.312,11.531,4.035,51.206,28.877
D82063,2026-07-01,13995,7005,2115,4884,3421,1577,1468,530,15.113,34.898,24.444,11.268,10.489,3.787,50.054,25.545
D82064,2026-07-01,22700,11714,4110,7930,5681,2281,1949,749,18.106,34.934,25.026,10.048,8.586,3.3,51.604,21.934
D82065,2026-07-01,7819,4056,1077,2322,1952,1218,924,326,13.774,29.697,24.965,15.577,11.817,4.169,51.874,31.564
D82066,2026-07-01,6694,3373,784,1977,1735,1024,835,339,11.712,29.534,25.919,15.297,12.474,5.064,50.388,32.835
D82067,2026-07-01,15034,7475,2482,6113,3769,1338,1015,317,16.509,40.661,25.07,8.9,6.751,2.109,49.721,17.76
D82068,2026-07-01,7943,4156,1202,2448,2025,1063,863,342,15.133,30.82,25.494,13.383,10.865,4.306,52.323,28.553
D82070,2026-07-01,6443,3230,813,1786,1867,1024,748,205,12.618,27.72,28.977,15.893,11.609,3.182,50.132,30.684
D82071,2026-07-01,13921,6941,1968,4749,3673,1633,1298,600,14.137,34.114,26.385,11.73,9.324,4.31,49.86,25.365
D82072,2026-07-01,3938,2007,379,935,1071,684,648,221,9.624,23.743,27.197,17.369,16.455,5.612,50.965,39.436
D82073,2026-07-01,15352,7686,2395,6329,3989,1349,947,343,15.601,41.226,25.984,8.787,6.169,2.234,50.065,17.19
D82076,2026-07-01,8761,4480,1286,3537,2271,789,615,263,14.679,40.372,25.922,9.006,7.02,3.002,51.136,19.028
D82078,2026-07-01,10063,5118,1466,3054,2851,1286,1040,366,14.568,30.349,28.332,12.779,10.335,3.637,50.86,26.751
D82079,2026-07-01,5602,2806,782,1702,1612,776,545,185,13.959,30.382,28.775,13.852,9.729,3.302,50.089,26.883
D82080,2026-07-01,8989,4645,1373,2918,2459,999,915,325,15.274,32.462,27.356,11.114,10.179,3.616,51.674,24.908
D82084,2026-07-01,8137,4129,982,2323,2170,1191,1085,386,12.068,28.549,26.668,14.637,13.334,4.744,50.744,32.715
D82085,2026-07-01,8107,4196,1097,2411,2300,1193,856,250,13.532,29.74,28.371,14.716,10.559,3.084,51.758,28.358
D82087,2026-07-01,6849,3281,1149,3237,1644,469,269,81,16.776,47.262,24.004,6.848,3.928,1.183,47.905,11.958
D82088,2026-07-01,19255,9343,929,17031,1071,169,49,6,4.825,88.45,5.562,0.878,0.254,0.031,48.522,1.163
D82096,2026-07-01,8267,4031,1494,3793,1926,541,378,135,18.072,45.881,23.297,6.544,4.572,1.633,48.76,12.749
D82099,2026-07-01,16746,8297,2541,7155,4508,1380,858,304,15.174,42.727,26.92,8.241,5.124,1.815,49.546,15.18
D82100,2026-07-01,4668,2353,612,1407,1271,691,535,152,13.111,30.141,27.228,14.803,11.461,3.256,50.407,29.52
D82104,2026-07-01,9493,4847,1225,2752,2660,1344,1111,401,12.904,28.99,28.021,14.158,11.703,4.224,51.059,30.085
D82105,2026-07-01,7815,4037,1266,2643,1970,967,735,234,16.2,33.82,25.208,12.374,9.405,2.994,51.657,24.773
D82106,2026-07-01,5911,2966,833,2812,1334,469,320,143,14.092,47.572,22.568,7.934,5.414,2.419,50.178,15.767
D82600,2026-07-01,2002,985,218,507,583,356,284,54,10.889,25.325,29.121,17.782,14.186,2.697,49.201,34.665
D82604,2026-07-01,3584,1760,444,1015,1077,510,412,126,12.388,28.32,30.05,14.23,11.496,3.516,49.107,29.241
D82618,2026-07-01,5667,2930,812,1869,1548,710,541,187,14.329,32.98,27.316,12.529,9.546,3.3,51.703,25.375
D82621,2026-07-01,7046,3638,936,1990,1871,1062,923,264,13.284,28.243,26.554,15.072,13.1,3.747,51.632,31.919
D82624,2026-07-01,8809,4621,1617,3219,2359,859,585,170,18.356,36.542,26.779,9.751,6.641,1.93,52.458,18.322
D82628,2026-07-01,4121,2066,451,1025,1239,691,565,150,10.944,24.873,30.066,16.768,13.71,3.64,50.133,34.118
D83001,2026-07-01,11268,5679,1530,3496,3116,1366,1325,435,13.578,31.026,27.654,12.123,11.759,3.86,50.399,27.742
D83002,2026-07-01,15364,7670,2379,5764,3825,1592,1364,440,15.484,37.516,24.896,10.362,8.878,2.864,49.922,22.104
D83003,2026-07-01,5030,2549,624,1306,1450,790,674,186,12.406,25.964,28.827,15.706,13.4,3.698,50.676,32.803
D83004,2026-07-01,9985,5019,1511,3436,2651,1179,848,360,15.133,34.412,26.55,11.808,8.493,3.605,50.265,23.906
D83005,2026-07-01,13686,7014,1648,4680,3599,1601,1543,615,12.042,34.196,26.297,11.698,11.274,4.494,51.249,27.466
D83006,2026-07-01,7599,3929,979,2032,2147,1219,946,276,12.883,26.74,28.254,16.042,12.449,3.632,51.704,32.123
D83007,2026-07-01,9629,4996,1367,2913,2644,1310,1057,338,14.197,30.252,27.459,13.605,10.977,3.51,51.885,28.092
D83008,2026-07-01,15969,7579,2792,7005,3672,1355,845,300,17.484,43.866,22.995,8.485,5.292,1.879,47.461,15.655
D83009,2026-07-01,19128,9748,2301,5672,5209,2626,2383,937,12.029,29.653,27.232,13.729,12.458,4.899,50.962,31.085
D83010,2026-07-01,6391,3280,694,1606,1782,1110,919,280,10.859,25.129,27.883,17.368,14.38,4.381,51.322,36.129
D83011,2026-07-01,11756,5944,1486,3543,3102,1642,1454,529,12.64,30.138,26.387,13.967,12.368,4.5,50.561,30.835
D83012,2026-07-01,27704,13731,3900,8770,7616,3466,2935,1017,14.077,31.656,27.491,12.511,10.594,3.671,49.563,26.776
D83013,2026-07-01,13790,7122,1882,4651,3594,1510,1505,648,13.648,33.727,26.062,10.95,10.914,4.699,51.646,26.563
D83015,2026-07-01,8178,4273,844,2200,2139,1270,1235,490,10.32,26.901,26.156,15.529,15.101,5.992,52.25,36.623
D83016,2026-07-01,10487,5305,1407,3427,2726,1341,1137,449,13.417,32.679,25.994,12.787,10.842,4.281,50.586,27.911
D83017,2026-07-01,13809,7002,1889,4656,3609,1773,1369,513,13.679,33.717,26.135,12.839,9.914,3.715,50.706,26.468
D83018,2026-07-01,12897,6492,2106,4508,3314,1413,1149,407,16.329,34.954,25.696,10.956,8.909,3.156,50.337,23.021
D83019,2026-07-01,7928,3962,977,2338,2266,1234,885,228,12.323,29.49,28.582,15.565,11.163,2.876,49.975,29.604
D83020,2026-07-01,8047,4137,1045,2414,2202,1150,867,369,12.986,29.999,27.364,14.291,10.774,4.586,51.41,29.651
D83021,2026-07-01,20458,10501,3682,8424,4941,1630,1362,419,17.998,41.177,24.152,7.968,6.658,2.048,51.33,16.673
D83022,2026-07-01,5341,2776,554,1303,1340,1030,791,323,10.373,24.396,25.089,19.285,14.81,6.048,51.975,40.142
D83023,2026-07-01,11451,5677,1730,4175,2798,1240,1118,390,15.108,36.46,24.435,10.829,9.763,3.406,49.576,23.998
D83024,2026-07-01,13749,6916,1843,5095,3805,1507,1094,405,13.405,37.057,27.675,10.961,7.957,2.946,50.302,21.863
D83026,2026-07-01,9038,4615,1107,2569,2560,1319,1061,422,12.248,28.424,28.325,14.594,11.739,4.669,51.062,31.002
D83027,2026-07-01,11621,5892,1830,4450,3016,1186,834,305,15.747,38.293,25.953,10.206,7.177,2.625,50.701,20.007
D83028,2026-07-01,9178,4772,1297,2698,2212,1419,1168,384,14.132,29.396,24.101,15.461,12.726,4.184,51.994,32.371
D83029,2026-07-01,13780,6588,1786,5321,3658,1388,1164,463,12.961,38.614,26.546,10.073,8.447,3.36,47.808,21.88
D83030,2026-07-01,7550,3498,1172,2975,1974,805,491,133,15.523,39.404,26.146,10.662,6.503,1.762,46.331,18.927
D83033,2026-07-01,10171,5149,1178,2804,2941,1557,1341,350,11.582,27.569,28.916,15.308,13.185,3.441,50.624,31.934
D83034,2026-07-01,11683,5926,1483,3475,3161,1745,1325,494,12.694,29.744,27.056,14.936,11.341,4.228,50.723,30.506
D83035,2026-07-01,10710,5441,1307,2836,2651,1851,1531,534,12.204,26.48,24.753,17.283,14.295,4.986,50.803,36.564
D83037,2026-07-01,16341,8490,2379,4922,4417,2034,1881,708,14.558,30.121,27.03,12.447,11.511,4.333,51.955,28.291
D83038,2026-07-01,16183,8361,2589,5717,4370,1646,1369,492,15.998,35.327,27.004,10.171,8.459,3.04,51.665,21.671
D83040,2026-07-01,11229,5697,1548,3919,2875,1243,1190,454,13.786,34.901,25.603,11.07,10.598,4.043,50.735,25.71
D83041,2026-07-01,10061,5150,1264,2790,3095,1532,1064,316,12.563,27.731,30.762,15.227,10.575,3.141,51.188,28.943
D83043,2026-07-01,6319,3123,766,1868,1743,879,787,276,12.122,29.562,27.583,13.91,12.455,4.368,49.422,30.733
D83044,2026-07-01,23771,12104,3954,9299,5758,2307,1707,746,16.634,39.119,24.223,9.705,7.181,3.138,50.919,20.024
D83045,2026-07-01,5523,2805,752,1868,1512,668,535,188,13.616,33.822,27.376,12.095,9.687,3.404,50.788,25.186
D83046,2026-07-01,29358,14825,4604,11181,7596,2826,2255,896,15.682,38.085,25.874,9.626,7.681,3.052,50.497,20.359
D83047,2026-07-01,15879,8206,2430,5435,3983,1839,1598,594,15.303,34.228,25.083,11.581,10.064,3.741,51.678,25.386
D83048,2026-07-01,17901,9082,2177,5488,4754,2680,2069,733,12.161,30.658,26.557,14.971,11.558,4.095,50.735,30.624
D83049,2026-07-01,6857,3654,784,1851,1925,944,948,405,11.434,26.994,28.074,13.767,13.825,5.906,53.289,33.499
D83050,2026-07-01,28298,13853,4877,11013,7047,2584,2015,762,17.234,38.918,24.903,9.131,7.121,2.693,48.954,18.945
D83051,2026-07-01,19476,9893,3252,7881,4955,1689,1257,442,16.697,40.465,25.442,8.672,6.454,2.269,50.796,17.396
D83053,2026-07-01,9344,4782,1257,2645,2518,1395,1151,378,13.452,28.307,26.948,14.929,12.318,4.045,51.177,31.293
D83054,2026-07-01,6917,3478,712,1763,1916,1268,908,350,10.293,25.488,27.7,18.332,13.127,5.06,50.282,36.519
D83055,2026-07-01,16202,8200,2399,5143,4304,2101,1722,533,14.807,31.743,26.565,12.968,10.628,3.29,50.611,26.886
D83056,2026-07-01,10991,5610,2212,4681,2415,839,596,248,20.126,42.589,21.973,7.634,5.423,2.256,51.042,15.313
D83057,2026-07-01,14634,7614,2238,4472,3828,1824,1592,680,15.293,30.559,26.158,12.464,10.879,4.647,52.03,27.99
D83059,2026-07-01,21400,10487,4254,9535,4927,1439,944,301,19.879,44.556,23.023,6.724,4.411,1.407,49.005,12.542
D83060,2026-07-01,24072,12318,3396,7938,6586,2718,2573,861,14.108,32.976,27.36,11.291,10.689,3.577,51.171,25.557
D83061,2026-07-01,9966,5032,1280,2982,2821,1344,1161,378,12.844,29.922,28.306,13.486,11.65,3.793,50.492,28.928
D83062,2026-07-01,7549,3804,1024,2394,2045,982,816,288,13.565,31.713,27.09,13.008,10.809,3.815,50.391,27.633
D83067,2026-07-01,8542,4351,1416,3295,2352,736,539,204,16.577,38.574,27.535,8.616,6.31,2.388,50.937,17.314
D83069,2026-07-01,6399,3234,828,1636,1846,1034,804,251,12.94,25.566,28.848,16.159,12.564,3.922,50.539,32.646
D83070,2026-07-01,5103,2616,704,1415,1390,734,655,205,13.796,27.729,27.239,14.384,12.836,4.017,51.264,31.237
D83073,2026-07-01,5385,2564,918,2232,1368,423,300,144,17.047,41.448,25.404,7.855,5.571,2.674,47.614,16.1
D83074,2026-07-01,14018,6683,2242,6281,3517,1034,657,287,15.994,44.807,25.089,7.376,4.687,2.047,47.674,14.11
D83075,2026-07-01,13428,6914,2089,4673,3507,1555,1170,434,15.557,34.8,26.117,11.58,8.713,3.232,51.489,23.525
D83076,2026-07-01,5693,2880,682,1470,1621,886,813,221,11.98,25.821,28.474,15.563,14.281,3.882,50.588,33.726
D83078,2026-07-01,10262,5264,2157,4214,2402,895,448,146,21.019,41.064,23.407,8.721,4.366,1.423,51.296,14.51
D83079,2026-07-01,9257,4621,1147,3267,2682,1100,790,271,12.391,35.292,28.973,11.883,8.534,2.928,49.919,23.344
D83080,2026-07-01,6015,3008,881,1917,1584,767,649,217,14.647,31.87,26.334,12.751,10.79,3.608,50.008,27.149
D83081,2026-07-01,8218,4196,1132,2810,2365,987,699,225,13.775,34.193,28.778,12.01,8.506,2.738,51.059,23.254
D83084,2026-07-01,6553,3282,991,2281,1757,663,588,273,15.123,34.808,26.812,10.118,8.973,4.166,50.084,23.257
D83608,2026-07-01,6628,3498,876,2043,1803,855,796,255,13.217,30.824,27.203,12.9,12.01,3.847,52.776,28.757
D83610,2026-07-01,12734,6456,1876,4811,3591,1243,855,358,14.732,37.781,28.2,9.761,6.714,2.811,50.699,19.287
E81002,2026-07-01,10184,5324,1889,3638,2743,1057,621,236,18.549,35.723,26.934,10.379,6.098,2.317,52.278,18.794
E81003,2026-07-01,21378,11027,4040,8014,5149,1987,1629,559,18.898,37.487,24.086,9.295,7.62,2.615,51.581,19.529
E81004,2026-07-01,12475,6350,2246,4913,2924,1181,875,336,18.004,39.383,23.439,9.467,7.014,2.693,50.902,19.174
E81005,2026-07-01,10462,4930,2070,4750,2335,677,443,187,19.786,45.402,22.319,6.471,4.234,1.787,47.123,12.493
E81006,2026-07-01,9516,4639,1641,3830,2375,795,644,231,17.245,40.248,24.958,8.354,6.768,2.427,48.749,17.549
E81007,2026-07-01,6681,3382,911,2048,2092,812,613,205,13.636,30.654,31.313,12.154,9.175,3.068,50.621,24.398
E81008,2026-07-01,11933,5926,2061,4933,3109,987,598,245,17.271,41.339,26.054,8.271,5.011,2.053,49.661,15.336
E81009,2026-07-01,12346,6202,1986,4495,3231,1251,996,387,16.086,36.409,26.17,10.133,8.067,3.135,50.235,21.335
E81010,2026-07-01,9106,4536,1894,4045,1999,583,395,190,20.799,44.421,21.953,6.402,4.338,2.087,49.813,12.827
E81012,2026-07-01,13045,6680,2130,4199,3534,1541,1241,400,16.328,32.189,27.091,11.813,9.513,3.066,51.207,24.392
E81013,2026-07-01,14448,6790,2123,6956,3401,1144,615,209,14.694,48.145,23.54,7.918,4.257,1.447,46.996,13.621
E81014,2026-07-01,18385,9202,3963,8116,3928,1334,812,232,21.556,44.145,21.365,7.256,4.417,1.262,50.052,12.934
E81015,2026-07-01,14414,7210,2058,5133,3978,1714,1173,358,14.278,35.611,27.598,11.891,8.138,2.484,50.021,22.513
E81016,2026-07-01,6342,3009,1289,2937,1414,387,209,106,20.325,46.31,22.296,6.102,3.295,1.671,47.446,11.069
E81018,2026-07-01,13005,6111,2252,5836,3039,995,635,248,17.316,44.875,23.368,7.651,4.883,1.907,46.99,14.441
E81019,2026-07-01,22919,11718,4593,10190,5495,1447,889,305,20.04,44.461,23.976,6.314,3.879,1.331,51.128,11.523
E81021,2026-07-01,22648,11377,4996,9778,5308,1374,870,322,22.059,43.174,23.437,6.067,3.841,1.422,50.234,11.33
E81022,2026-07-01,19445,9953,3852,7125,5182,1743,1168,375,19.81,36.642,26.65,8.964,6.007,1.929,51.185,16.899
E81024,2026-07-01,5957,3040,778,1833,1759,731,632,224,13.06,30.771,29.528,12.271,10.609,3.76,51.032,26.641
E81025,2026-07-01,7583,3743,1626,3263,1672,491,349,182,21.443,43.03,22.049,6.475,4.602,2.4,49.36,13.478
E81026,2026-07-01,10100,5029,1906,4224,2511,813,482,164,18.871,41.822,24.861,8.05,4.772,1.624,49.792,14.446
E81027,2026-07-01,13712,6828,2968,5969,3108,986,505,176,21.645,43.531,22.666,7.191,3.683,1.284,49.796,12.157
E81028,2026-07-01,15998,7617,3683,7781,3210,818,358,148,23.022,48.637,20.065,5.113,2.238,0.925,47.612,8.276
E81029,2026-07-01,18080,9260,3048,7009,4679,1611,1220,513,16.858,38.767,25.879,8.91,6.748,2.837,51.217,18.496
E81031,2026-07-01,5172,2555,747,1658,1475,633,514,145,14.443,32.057,28.519,12.239,9.938,2.804,49.401,24.981
E81032,2026-07-01,47418,22187,9525,24068,9884,2293,1162,486,20.087,50.757,20.844,4.836,2.451,1.025,46.79,8.311
E81033,2026-07-01,20579,10536,3692,7280,5428,2119,1510,550,17.941,35.376,26.376,10.297,7.338,2.673,51.198,20.307
E81034,2026-07-01,8622,4406,1408,3162,2318,865,628,241,16.33,36.674,26.885,10.032,7.284,2.795,51.102,20.111
E81035,2026-07-01,10143,5141,1611,3794,2646,1085,771,236,15.883,37.405,26.087,10.697,7.601,2.327,50.685,20.625
E81036,2026-07-01,13008,6597,2486,4709,3131,1350,1001,331,19.111,36.201,24.07,10.378,7.695,2.545,50.715,20.618
E81037,2026-07-01,46527,22997,7052,18682,12221,4227,3051,1294,15.157,40.153,26.266,9.085,6.557,2.781,49.427,18.424
E81038,2026-07-01,21050,10495,3264,7893,5485,2238,1618,552,15.506,37.496,26.057,10.632,7.686,2.622,49.857,20.941
E81040,2026-07-01,9508,4760,1642,3529,2434,923,650,330,17.27,37.116,25.599,9.708,6.836,3.471,50.063,20.015
E81041,2026-07-01,13907,6816,2895,6183,3266,856,499,208,20.817,44.46,23.485,6.155,3.588,1.496,49.011,11.239
E81043,2026-07-01,10642,5139,1947,4621,2409,816,613,236,18.295,43.422,22.637,7.668,5.76,2.218,48.29,15.646
E81044,2026-07-01,19352,9432,3510,7507,5050,1731,1183,371,18.138,38.792,26.095,8.945,6.113,1.917,48.739,16.975
E81045,2026-07-01,10608,5361,1797,4177,2615,871,803,345,16.94,39.376,24.651,8.211,7.57,3.252,50.537,19.033
E81046,2026-07-01,12179,6137,1719,3881,3517,1429,1201,432,14.114,31.866,28.878,11.733,9.861,3.547,50.39,25.142
E81047,2026-07-01,18113,9110,2993,7165,4807,1563,1127,458,16.524,39.557,26.539,8.629,6.222,2.529,50.295,17.38
E81048,2026-07-01,10977,5189,2057,5608,2226,651,297,138,18.739,51.089,20.279,5.931,2.706,1.257,47.272,9.893
E81049,2026-07-01,7677,3789,1107,2576,2267,850,634,243,14.42,33.555,29.53,11.072,8.258,3.165,49.355,22.496
E81050,2026-07-01,12784,6470,1915,4170,3645,1462,1181,411,14.98,32.619,28.512,11.436,9.238,3.215,50.61,23.889
E81052,2026-07-01,8099,3956,1222,3061,2183,826,582,225,15.088,37.795,26.954,10.199,7.186,2.778,48.846,20.163
E81057,2026-07-01,21739,11057,3653,8184,5647,2119,1584,552,16.804,37.647,25.976,9.747,7.286,2.539,50.863,19.573
E81060,2026-07-01,6239,3100,1093,2536,1504,544,373,189,17.519,40.648,24.106,8.719,5.979,3.029,49.687,17.727
E81061,2026-07-01,7241,3691,1418,2697,1858,679,456,133,19.583,37.246,25.659,9.377,6.297,1.837,50.974,17.511
E81063,2026-07-01,9473,4611,2049,4782,1853,478,219,92,21.63,50.48,19.561,5.046,2.312,0.971,48.675,8.329
E81069,2026-07-01,4942,2551,692,1505,1351,604,592,198,14.002,30.453,27.337,12.222,11.979,4.006,51.619,28.207
E81073,2026-07-01,17356,8472,3619,8347,3668,979,549,194,20.852,48.093,21.134,5.641,3.163,1.118,48.813,9.922
E81074,2026-07-01,11677,6025,1736,3875,3340,1300,1052,374,14.867,33.185,28.603,11.133,9.009,3.203,51.597,23.345
E81076,2026-07-01,5956,3005,1378,2692,1282,316,186,102,23.136,45.198,21.525,5.306,3.123,1.713,50.453,10.141
E81612,2026-07-01,5546,2657,1085,2451,1310,425,199,76,19.564,44.194,23.621,7.663,3.588,1.37,47.908,12.622
E81615,2026-07-01,4136,1895,802,2118,897,208,80,31,19.391,51.209,21.688,5.029,1.934,0.75,45.817,7.713
E81617,2026-07-01,5227,2623,870,1891,1413,577,346,130,16.644,36.178,27.033,11.039,6.619,2.487,50.182,20.145
E81631,2026-07-01,9758,4300,2013,4852,2141,429,207,116,20.629,49.723,21.941,4.396,2.121,1.189,44.066,7.706
E81632,2026-07-01,8375,4239,1382,3168,2140,888,558,239,16.501,37.827,25.552,10.603,6.663,2.854,50.615,20.119
E81633,2026-07-01,5480,2660,1311,2535,1154,267,146,67,23.923,46.259,21.058,4.872,2.664,1.223,48.54,8.759
E81635,2026-07-01,8914,4642,1984,4196,1763,527,319,125,22.257,47.072,19.778,5.912,3.579,1.402,52.075,10.893
E82001,2026-07-01,43809,22267,7018,14839,12580,4684,3511,1177,16.02,33.872,28.716,10.692,8.014,2.687,50.827,21.393
E82002,2026-07-01,10820,5244,1740,5005,2585,768,522,200,16.081,46.257,23.891,7.098,4.824,1.848,48.466,13.771
E82004,2026-07-01,4794,2163,872,2312,1157,235,159,59,18.189,48.227,24.134,4.902,3.317,1.231,45.119,9.449
E82005,2026-07-01,48036,23637,8463,19480,12544,3997,2495,1057,17.618,40.553,26.114,8.321,5.194,2.2,49.207,15.715
E82006,2026-07-01,7732,3771,1000,2728,2163,829,731,281,12.933,35.282,27.975,10.722,9.454,3.634,48.771,23.81
E82007,2026-07-01,11737,6074,2139,3999,3307,1212,794,286,18.224,34.072,28.176,10.326,6.765,2.437,51.751,19.528
E82008,2026-07-01,11088,5713,1966,4028,2901,995,819,379,17.731,36.328,26.163,8.974,7.386,3.418,51.524,19.778
E82009,2026-07-01,23585,11780,4617,10231,5404,1757,1112,464,19.576,43.379,22.913,7.45,4.715,1.967,49.947,14.132
E82012,2026-07-01,14700,7429,2642,6022,3888,1116,744,288,17.973,40.966,26.449,7.592,5.061,1.959,50.537,14.612
E82013,2026-07-01,36665,18638,6835,16003,9147,2465,1586,629,18.642,43.647,24.947,6.723,4.326,1.716,50.833,12.764
E82014,2026-07-01,19837,10119,3436,7118,5859,1639,1237,548,17.321,35.882,29.536,8.262,6.236,2.763,51.011,17.261
E82015,2026-07-01,8358,4020,1159,3233,2376,826,526,238,13.867,38.682,28.428,9.883,6.293,2.848,48.098,19.024
E82017,2026-07-01,13324,6648,2512,5685,3386,958,563,220,18.853,42.667,25.413,7.19,4.225,1.651,49.895,13.067
E82018,2026-07-01,14869,7242,2468,6898,3489,1022,701,291,16.598,46.392,23.465,6.873,4.715,1.957,48.705,13.545
E82019,2026-07-01,15938,8043,2223,4862,4533,1984,1679,657,13.948,30.506,28.441,12.448,10.535,4.122,50.464,27.105
E82020,2026-07-01,6608,3196,1049,2709,1748,600,350,152,15.875,40.996,26.453,9.08,5.297,2.3,48.366,16.677
E82021,2026-07-01,6629,3313,968,2136,1958,820,562,185,14.603,32.222,29.537,12.37,8.478,2.791,49.977,23.639
E82022,2026-07-01,18593,9373,3270,7818,4667,1438,981,419,17.587,42.048,25.101,7.734,5.276,2.254,50.411,15.264
E82023,2026-07-01,12127,5844,2132,5926,2737,741,404,187,17.581,48.866,22.569,6.11,3.331,1.542,48.19,10.984
E82024,2026-07-01,18120,9189,2769,7411,4867,1496,1067,510,15.281,40.9,26.86,8.256,5.889,2.815,50.712,16.959
E82027,2026-07-01,12568,6363,1731,4664,3338,1234,1046,555,13.773,37.11,26.56,9.819,8.323,4.416,50.629,22.557
E82031,2026-07-01,19699,9789,3088,8706,5527,1357,649,372,15.676,44.195,28.057,6.889,3.295,1.888,49.693,12.072
E82032,2026-07-01,14952,7516,2489,5754,3991,1497,908,313,16.647,38.483,26.692,10.012,6.073,2.093,50.268,18.178
E82035,2026-07-01,12562,6328,2079,4631,3217,1245,936,454,16.55,36.865,25.609,9.911,7.451,3.614,50.374,20.976
E82037,2026-07-01,15478,7990,2686,4747,4488,1587,1401,569,17.354,30.669,28.996,10.253,9.052,3.676,51.622,22.981
E82038,2026-07-01,20264,10292,3452,6516,5674,2275,1762,585,17.035,32.156,28.0,11.227,8.695,2.887,50.79,22.809
E82040,2026-07-01,20858,10332,3417,8294,5491,2004,1128,524,16.382,39.764,26.326,9.608,5.408,2.512,49.535,17.528
E82041,2026-07-01,12762,6529,2378,5342,3252,930,587,273,18.633,41.859,25.482,7.287,4.6,2.139,51.16,14.026
E82042,2026-07-01,9233,4710,1540,3790,2508,730,481,184,16.679,41.048,27.163,7.906,5.21,1.993,51.013,15.109
E82043,2026-07-01,15243,7840,2481,5518,3903,1576,1232,533,16.276,36.2,25.605,10.339,8.082,3.497,51.433,21.918
E82044,2026-07-01,14634,7556,2225,5282,4027,1489,1115,496,15.204,36.094,27.518,10.175,7.619,3.389,51.633,21.184
E82045,2026-07-01,18113,8435,2893,9276,4228,975,504,237,15.972,51.212,23.342,5.383,2.783,1.308,46.569,9.474
E82046,2026-07-01,10419,5216,1502,3550,3034,1175,858,300,14.416,34.072,29.12,11.277,8.235,2.879,50.062,22.392
E82050,2026-07-01,5380,2687,993,2212,1286,524,317,48,18.457,41.115,23.903,9.74,5.892,0.892,49.944,16.524
E82051,2026-07-01,14739,7389,2725,5828,3602,1401,839,344,18.488,39.541,24.439,9.505,5.692,2.334,50.132,17.532
E82053,2026-07-01,17907,8996,3294,7168,4438,1429,1070,508,18.395,40.029,24.784,7.98,5.975,2.837,50.237,16.792
E82055,2026-07-01,13387,6781,2157,4331,3790,1327,1272,510,16.113,32.352,28.311,9.913,9.502,3.81,50.654,23.224
E82056,2026-07-01,10437,5295,1964,4346,2494,893,507,233,18.818,41.64,23.896,8.556,4.858,2.232,50.733,15.646
E82058,2026-07-01,16801,7703,1394,10720,2531,1104,741,311,8.297,63.806,15.065,6.571,4.41,1.851,45.848,12.833
E82059,2026-07-01,10280,5279,1741,3577,3072,860,741,289,16.936,34.796,29.883,8.366,7.208,2.811,51.352,18.385
E82060,2026-07-01,21610,11007,4075,8272,5905,1793,1176,389,18.857,38.279,27.325,8.297,5.442,1.8,50.935,15.539
E82061,2026-07-01,14259,7225,2281,5372,3707,1352,1070,477,15.997,37.674,25.998,9.482,7.504,3.345,50.67,20.331
E82062,2026-07-01,16093,8219,2553,5886,4264,1670,1204,516,15.864,36.575,26.496,10.377,7.482,3.206,51.072,21.065
E82063,2026-07-01,12248,6355,2489,4763,3116,966,660,254,20.322,38.888,25.441,7.887,5.389,2.074,51.886,15.349
E82066,2026-07-01,3753,1877,546,1332,1136,362,256,121,14.548,35.492,30.269,9.646,6.821,3.224,50.013,19.691
E82067,2026-07-01,16581,8226,2594,6273,4752,1491,981,490,15.644,37.832,28.659,8.992,5.916,2.955,49.611,17.864
E82068,2026-07-01,19394,9768,2974,6630,5804,1876,1443,667,15.335,34.186,29.927,9.673,7.44,3.439,50.366,20.553
E82069,2026-07-01,8788,4323,1754,4369,1891,390,283,101,19.959,49.716,21.518,4.438,3.22,1.149,49.192,8.807
E82070,2026-07-01,3666,1801,825,1641,823,237,114,26,22.504,44.763,22.45,6.465,3.11,0.709,49.127,10.284
E82071,2026-07-01,17361,8688,3421,5950,5175,1374,1062,379,19.705,34.272,29.808,7.914,6.117,2.183,50.043,16.215
E82073,2026-07-01,48526,24531,9103,20642,12027,3579,2283,892,18.759,42.538,24.785,7.375,4.705,1.838,50.552,13.918
E82074,2026-07-01,23099,11591,3680,9992,5781,1843,1256,547,15.931,43.257,25.027,7.979,5.437,2.368,50.18,15.784
E82075,2026-07-01,12484,6305,2102,4473,3486,1101,901,421,16.838,35.83,27.924,8.819,7.217,3.372,50.505,19.409
E82077,2026-07-01,12461,6183,2026,4174,3894,1089,867,411,16.259,33.497,31.249,8.739,6.958,3.298,49.619,18.995
E82078,2026-07-01,10182,5383,1691,4063,2543,922,701,262,16.608,39.904,24.975,9.055,6.885,2.573,52.868,18.513
E82079,2026-07-01,8924,4533,1635,3530,2338,736,465,220,18.321,39.556,26.199,8.247,5.211,2.465,50.796,15.923
E82081,2026-07-01,13623,7028,2197,4590,3809,1471,1099,457,16.127,33.693,27.96,10.798,8.067,3.355,51.589,22.22
E82082,2026-07-01,18337,9468,2749,6344,4988,1986,1628,642,14.992,34.597,27.202,10.831,8.878,3.501,51.633,23.21
E82083,2026-07-01,10231,5284,1559,3672,2898,1050,755,297,15.238,35.891,28.326,10.263,7.38,2.903,51.647,20.545
E82084,2026-07-01,13534,6779,2326,4870,4060,1131,798,349,17.186,35.983,29.999,8.357,5.896,2.579,50.089,16.832
E82085,2026-07-01,18599,9282,2899,6484,5270,1944,1453,549,15.587,34.862,28.335,10.452,7.812,2.952,49.906,21.216
E82086,2026-07-01,24388,12122,4130,10522,6161,1881,1237,457,16.935,43.144,25.262,7.713,5.072,1.874,49.705,14.659
E82088,2026-07-01,10176,5182,1540,4087,2597,851,805,296,15.134,40.163,25.521,8.363,7.911,2.909,50.924,19.182
E82090,2026-07-01,9895,4936,1487,3237,2759,1136,900,376,15.028,32.713,27.883,11.481,9.096,3.8,49.884,24.376
E82091,2026-07-01,15997,7965,2773,6099,4114,1539,1008,464,17.335,38.126,25.717,9.621,6.301,2.901,49.791,18.822
E82092,2026-07-01,16759,8609,2654,6418,4505,1511,1156,515,15.836,38.296,26.881,9.016,6.898,3.073,51.369,18.987
E82093,2026-07-01,13665,6722,2410,5658,3373,1205,731,288,17.636,41.405,24.683,8.818,5.349,2.108,49.191,16.275
E82094,2026-07-01,12693,6495,2230,4330,3661,1141,918,413,17.569,34.113,28.843,8.989,7.232,3.254,51.17,19.475
E82096,2026-07-01,10280,5264,1710,3795,2905,921,692,257,16.634,36.916,28.259,8.959,6.732,2.5,51.206,18.191
E82098,2026-07-01,7572,3882,1096,2517,2136,829,671,323,14.474,33.241,28.209,10.948,8.862,4.266,51.268,24.076
E82099,2026-07-01,12666,6402,1732,4562,3593,1398,947,434,13.674,36.018,28.367,11.037,7.477,3.426,50.545,21.941
E82100,2026-07-01,13822,6887,2344,4826,3718,1437,1102,395,16.958,34.915,26.899,10.396,7.973,2.858,49.826,21.227
E82102,2026-07-01,17014,8546,2743,5885,4951,1599,1311,525,16.122,34.589,29.1,9.398,7.705,3.086,50.229,20.189
E82105,2026-07-01,4986,2458,921,2005,1348,392,248,72,18.472,40.213,27.036,7.862,4.974,1.444,49.298,14.28
E82106,2026-07-01,14001,7172,2245,4537,4037,1467,1153,562,16.035,32.405,28.834,10.478,8.235,4.014,51.225,22.727
E82107,2026-07-01,10827,5461,1971,4355,2823,910,576,192,18.204,40.224,26.074,8.405,5.32,1.773,50.439,15.498
E82111,2026-07-01,7764,3844,1309,3590,1756,621,373,115,16.86,46.239,22.617,7.998,4.804,1.481,49.511,14.284
E82113,2026-07-01,7204,3523,1386,2885,1932,512,371,118,19.239,40.047,26.818,7.107,5.15,1.638,48.903,13.895
E82115,2026-07-01,10459,5149,1482,3973,2779,1184,772,269,14.17,37.986,26.57,11.32,7.381,2.572,49.23,21.274
E82117,2026-07-01,12414,6276,2312,5100,3304,824,583,291,18.624,41.083,26.615,6.638,4.696,2.344,50.556,13.678
E82121,2026-07-01,5193,2591,758,1741,1460,613,465,156,14.597,33.526,28.115,11.804,8.954,3.004,49.894,23.763
E82123,2026-07-01,9630,4930,1478,3619,2439,928,750,416,15.348,37.58,25.327,9.637,7.788,4.32,51.194,21.745
E82124,2026-07-01,33375,16938,5623,13342,8988,2681,1909,832,16.848,39.976,26.93,8.033,5.72,2.493,50.751,16.246
E82129,2026-07-01,15580,8008,2518,5601,4282,1553,1177,449,16.162,35.95,27.484,9.968,7.555,2.882,51.399,20.404
E82132,2026-07-01,6179,3127,1151,2386,1588,542,357,155,18.628,38.615,25.7,8.772,5.778,2.508,50.607,17.058
E82133,2026-07-01,9691,4933,2032,4391,2121,591,393,163,20.968,45.31,21.886,6.098,4.055,1.682,50.903,11.836
E82626,2026-07-01,2755,1393,427,826,858,326,231,87,15.499,29.982,31.143,11.833,8.385,3.158,50.563,23.376
E82638,2026-07-01,6805,3434,1305,2999,1701,449,242,109,19.177,44.071,24.996,6.598,3.556,1.602,50.463,11.756
E82643,2026-07-01,3006,1530,465,1117,798,301,239,86,15.469,37.159,26.547,10.013,7.951,2.861,50.898,20.825
E82652,2026-07-01,3175,1541,610,1175,813,260,227,90,19.213,37.008,25.606,8.189,7.15,2.835,48.535,18.173
E82654,2026-07-01,10830,5553,2405,4649,2577,625,457,117,22.207,42.927,23.795,5.771,4.22,1.08,51.274,11.071
E82655,2026-07-01,4277,2214,785,1890,1077,299,170,56,18.354,44.19,25.181,6.991,3.975,1.309,51.765,12.275
E82657,2026-07-01,6174,3238,937,2105,1663,599,579,291,15.177,34.095,26.936,9.702,9.378,4.713,52.446,23.793
E82661,2026-07-01,8045,4062,1467,3307,2115,591,408,157,18.235,41.106,26.29,7.346,5.071,1.952,50.491,14.369
E83003,2026-07-01,10489,5433,1743,4134,2784,956,660,212,16.617,39.413,26.542,9.114,6.292,2.021,51.797,17.428
E83005,2026-07-01,5838,2934,1003,2484,1610,361,267,113,17.181,42.549,27.578,6.184,4.573,1.936,50.257,12.693
E83006,2026-07-01,6627,3321,951,2881,1795,520,286,194,14.35,43.474,27.086,7.847,4.316,2.927,50.113,15.09
E83007,2026-07-01,4756,2333,665,1963,1341,410,253,124,13.982,41.274,28.196,8.621,5.32,2.607,49.054,16.548
E83008,2026-07-01,8059,4146,1470,2894,2240,683,567,205,18.24,35.91,27.795,8.475,7.036,2.544,51.446,18.054
E83009,2026-07-01,12789,6685,2350,4946,3116,1049,934,394,18.375,38.674,24.365,8.202,7.303,3.081,52.271,18.586
E83010,2026-07-01,12614,6368,2024,5326,3162,1109,750,243,16.046,42.223,25.067,8.792,5.946,1.926,50.484,16.664
E83011,2026-07-01,11184,5688,1943,5917,2450,570,242,62,17.373,52.906,21.906,5.097,2.164,0.554,50.858,7.815
E83012,2026-07-01,10235,5327,1674,3970,2619,963,737,272,16.356,38.788,25.589,9.409,7.201,2.658,52.047,19.267
E83013,2026-07-01,5288,2658,706,2283,1426,442,303,128,13.351,43.173,26.967,8.359,5.73,2.421,50.265,16.509
E83016,2026-07-01,25404,13319,4673,10872,6096,1857,1423,483,18.395,42.796,23.996,7.31,5.601,1.901,52.429,14.813
E83017,2026-07-01,17184,8734,2689,6295,4875,1675,1187,463,15.648,36.633,28.369,9.747,6.908,2.694,50.826,19.349
E83018,2026-07-01,17953,9264,2949,7540,4578,1622,886,378,16.426,41.999,25.5,9.035,4.935,2.105,51.601,16.075
E83020,2026-07-01,11497,5863,1987,5210,2755,757,598,190,17.283,45.316,23.963,6.584,5.201,1.653,50.996,13.438
E83021,2026-07-01,12367,6306,1869,4980,3335,1078,755,350,15.113,40.268,26.967,8.717,6.105,2.83,50.991,17.652
E83024,2026-07-01,11275,5801,1770,4140,3120,1039,806,400,15.698,36.718,27.672,9.215,7.149,3.548,51.45,19.911
E83025,2026-07-01,7789,3802,1254,3264,2012,661,437,161,16.1,41.905,25.831,8.486,5.61,2.067,48.812,16.164
E83026,2026-07-01,3610,1805,502,1323,938,410,316,121,13.906,36.648,25.983,11.357,8.753,3.352,50.0,23.463
E83027,2026-07-01,10808,5263,1354,5693,2403,591,433,334,12.528,52.674,22.234,5.468,4.006,3.09,48.695,12.565
E83028,2026-07-01,5995,2980,1113,2581,1616,441,193,51,18.565,43.053,26.956,7.356,3.219,0.851,49.708,11.426
E83030,2026-07-01,7496,3799,1291,3245,1635,647,429,249,17.223,43.29,21.812,8.631,5.723,3.322,50.68,17.676
E83031,2026-07-01,6339,3266,1185,2477,1660,512,354,151,18.694,39.076,26.187,8.077,5.584,2.382,51.522,16.044
E83032,2026-07-01,16657,8306,3045,7772,4019,1045,569,207,18.281,46.659,24.128,6.274,3.416,1.243,49.865,10.932
E83034,2026-07-01,5066,2544,701,2076,1414,470,291,114,13.837,40.979,27.912,9.278,5.744,2.25,50.217,17.272
E83035,2026-07-01,24772,12345,4283,10030,6421,1923,1346,769,17.29,40.489,25.92,7.763,5.434,3.104,49.834,16.301
E83038,2026-07-01,8871,4323,1322,3965,2201,689,437,257,14.902,44.696,24.811,7.767,4.926,2.897,48.732,15.59
E83039,2026-07-01,5253,2532,861,2492,1142,394,241,123,16.391,47.44,21.74,7.5,4.588,2.342,48.201,14.43
E83041,2026-07-01,4634,1994,697,2200,1187,321,139,90,15.041,47.475,25.615,6.927,3.0,1.942,43.03,11.869
E83044,2026-07-01,9806,5106,1594,3613,2721,976,612,290,16.255,36.845,27.748,9.953,6.241,2.957,52.07,19.152
E83045,2026-07-01,9630,4911,1633,3772,2762,792,471,200,16.957,39.169,28.681,8.224,4.891,2.077,50.997,15.192
E83046,2026-07-01,7591,3771,1239,3247,2038,621,305,141,16.322,42.774,26.848,8.181,4.018,1.857,49.677,14.056
E83050,2026-07-01,7177,3586,984,2900,2110,626,396,161,13.71,40.407,29.399,8.722,5.518,2.243,49.965,16.483
E83053,2026-07-01,14506,7106,2927,5913,3178,1225,913,350,20.178,40.762,21.908,8.445,6.294,2.413,48.987,17.152
E83600,2026-07-01,7910,3827,2837,3472,895,375,214,117,35.866,43.894,11.315,4.741,2.705,1.479,48.382,8.925
E83613,2026-07-01,11289,5760,1927,4433,2944,1027,708,250,17.07,39.268,26.078,9.097,6.272,2.215,51.023,17.583
E83621,2026-07-01,9266,4614,1435,3520,2573,853,627,258,15.487,37.988,27.768,9.206,6.767,2.784,49.795,18.757
E83622,2026-07-01,8749,4547,1876,3636,1805,647,501,284,21.442,41.559,20.631,7.395,5.726,3.246,51.972,16.368
E83637,2026-07-01,12487,6227,2149,7083,2393,530,240,92,17.21,56.723,19.164,4.244,1.922,0.737,49.868,6.903
E83638,2026-07-01,5344,2658,822,2065,1417,518,399,123,15.382,38.641,26.516,9.693,7.466,2.302,49.738,19.461
E83639,2026-07-01,5844,2945,1063,2755,1379,395,191,61,18.19,47.142,23.597,6.759,3.268,1.044,50.394,11.071
E83649,2026-07-01,4335,2220,707,2050,1032,282,182,82,16.309,47.29,23.806,6.505,4.198,1.892,51.211,12.595
E83653,2026-07-01,11960,6088,2088,5548,2738,769,554,263,17.458,46.388,22.893,6.43,4.632,2.199,50.903,13.261
E83668,2026-07-01,3944,1762,549,1695,1162,334,155,49,13.92,42.977,29.462,8.469,3.93,1.242,44.675,13.641
E84002,2026-07-01,7194,3717,1033,3098,1854,662,380,167,14.359,43.064,25.771,9.202,5.282,2.321,51.668,16.806
E84003,2026-07-01,14324,6969,2118,8432,2521,769,367,117,14.786,58.866,17.6,5.369,2.562,0.817,48.653,8.748
E84004,2026-07-01,7377,3777,1078,2844,1865,865,496,229,14.613,38.552,25.281,11.726,6.724,3.104,51.2,21.553
E84005,2026-07-01,7205,3438,1022,3210,1803,566,409,195,14.185,44.552,25.024,7.856,5.677,2.706,47.717,16.239
E84006,2026-07-01,16445,8224,2160,6644,4885,1519,780,457,13.135,40.401,29.705,9.237,4.743,2.779,50.009,16.759
E84007,2026-07-01,5803,2882,935,2394,1267,563,441,203,16.112,41.255,21.834,9.702,7.6,3.498,49.664,20.8
E84008,2026-07-01,10354,5202,1524,4353,2449,1118,664,246,14.719,42.042,23.653,10.798,6.413,2.376,50.241,19.587
E84009,2026-07-01,11908,5937,1841,4924,2860,1138,792,353,15.46,41.35,24.017,9.557,6.651,2.964,49.857,19.172
E84011,2026-07-01,1630,692,151,685,485,160,105,44,9.264,42.025,29.755,9.816,6.442,2.699,42.454,18.957
E84012,2026-07-01,8016,3967,976,3430,2327,732,414,137,12.176,42.789,29.029,9.132,5.165,1.709,49.489,16.005
E84013,2026-07-01,8443,4279,1497,3871,2089,573,292,121,17.731,45.849,24.742,6.787,3.458,1.433,50.681,11.678
E84014,2026-07-01,10294,4995,1690,4669,2269,844,577,245,16.417,45.357,22.042,8.199,5.605,2.38,48.523,16.184
E84015,2026-07-01,14296,7238,2212,5994,3641,1383,773,293,15.473,41.928,25.469,9.674,5.407,2.05,50.63,17.131
E84017,2026-07-01,7475,3631,991,3202,1988,690,423,181,13.258,42.836,26.595,9.231,5.659,2.421,48.575,17.311
E84018,2026-07-01,7750,3971,1151,3138,1782,858,609,212,14.852,40.49,22.994,11.071,7.858,2.735,51.239,21.665
E84020,2026-07-01,6212,2979,975,2617,1532,594,346,148,15.695,42.128,24.662,9.562,5.57,2.382,47.956,17.514
E84021,2026-07-01,17191,8428,2599,9214,3801,985,420,172,15.118,53.598,22.11,5.73,2.443,1.001,49.026,9.173
E84022,2026-07-01,6899,3363,998,3105,1701,614,309,172,14.466,45.007,24.656,8.9,4.479,2.493,48.746,15.872
E84024,2026-07-01,22067,11458,3754,8156,5825,2096,1588,648,17.012,36.96,26.397,9.498,7.196,2.937,51.924,19.631
E84025,2026-07-01,19582,10295,2768,8799,5612,1410,752,241,14.135,44.934,28.659,7.2,3.84,1.231,52.574,12.271
E84028,2026-07-01,6061,2936,892,2613,1680,548,200,128,14.717,43.112,27.718,9.041,3.3,2.112,48.441,14.453
E84030,2026-07-01,4428,2128,828,1973,1032,331,191,73,18.699,44.557,23.306,7.475,4.313,1.649,48.058,13.437
E84031,2026-07-01,9447,4701,1627,4231,2397,722,323,147,17.222,44.787,25.373,7.643,3.419,1.556,49.762,12.618
E84032,2026-07-01,6269,3130,949,3009,1529,434,221,127,15.138,47.998,24.39,6.923,3.525,2.026,49.928,12.474
E84033,2026-07-01,6580,3289,1295,3194,1448,350,199,94,19.681,48.541,22.006,5.319,3.024,1.429,49.985,9.772
E84036,2026-07-01,8679,4218,1534,3764,2410,590,258,123,17.675,43.369,27.768,6.798,2.973,1.417,48.6,11.188
E84039,2026-07-01,18823,8755,3314,9181,3760,1429,775,364,17.606,48.775,19.976,7.592,4.117,1.934,46.512,13.643
E84040,2026-07-01,4458,2108,674,2229,961,311,204,79,15.119,50.0,21.557,6.976,4.576,1.772,47.286,13.324
E84042,2026-07-01,6918,3219,846,3197,2061,486,240,88,12.229,46.213,29.792,7.025,3.469,1.272,46.531,11.766
E84044,2026-07-01,11271,5562,1743,5431,2477,857,514,249,15.464,48.186,21.977,7.604,4.56,2.209,49.348,14.373
E84048,2026-07-01,7687,3591,906,3470,1926,804,403,178,11.786,45.141,25.055,10.459,5.243,2.316,46.715,18.017
E84049,2026-07-01,7530,3500,1543,3764,1507,391,228,97,20.491,49.987,20.013,5.193,3.028,1.288,46.481,9.509
E84051,2026-07-01,6395,3127,1018,3045,1484,488,256,104,15.919,47.615,23.206,7.631,4.003,1.626,48.898,13.26
E84053,2026-07-01,3142,1559,364,997,881,407,368,125,11.585,31.731,28.039,12.954,11.712,3.978,49.618,28.644
E84057,2026-07-01,12341,6252,1972,4835,3155,1075,861,443,15.979,39.178,25.565,8.711,6.977,3.59,50.66,19.277
E84058,2026-07-01,26248,12993,4975,12666,6062,1447,821,277,18.954,48.255,23.095,5.513,3.128,1.055,49.501,9.696
E84059,2026-07-01,4625,2204,627,2097,1166,388,242,105,13.557,45.341,25.211,8.389,5.232,2.27,47.654,15.892
E84061,2026-07-01,11410,5987,1706,4011,2931,1368,962,432,14.952,35.153,25.688,11.989,8.431,3.786,52.472,24.207
E84062,2026-07-01,5486,2733,879,2626,1334,379,169,99,16.023,47.867,24.316,6.908,3.081,1.805,49.818,11.794
E84063,2026-07-01,8911,3312,1067,5304,1997,352,142,49,11.974,59.522,22.411,3.95,1.594,0.55,37.168,6.094
E84066,2026-07-01,118653,50259,3938,101803,10912,1352,450,198,3.319,85.799,9.197,1.139,0.379,0.167,42.358,1.686
E84067,2026-07-01,9206,4230,1543,4232,2610,560,188,73,16.761,45.97,28.351,6.083,2.042,0.793,45.948,8.918
E84068,2026-07-01,14682,7279,2302,5974,3735,1363,931,377,15.679,40.689,25.439,9.283,6.341,2.568,49.578,18.192
E84069,2026-07-01,19031,9288,3556,8391,4316,1453,946,369,18.685,44.091,22.679,7.635,4.971,1.939,48.805,14.545
E84070,2026-07-01,5899,2890,1058,2586,1351,503,293,108,17.935,43.838,22.902,8.527,4.967,1.831,48.991,15.325
E84074,2026-07-01,12279,5965,1993,5989,3108,774,288,127,16.231,48.774,25.312,6.303,2.345,1.034,48.579,9.683
E84075,2026-07-01,11610,5343,2220,6502,2002,576,240,70,19.121,56.003,17.244,4.961,2.067,0.603,46.021,7.631
E84076,2026-07-01,6337,3149,1013,2739,1606,539,305,135,15.985,43.222,25.343,8.506,4.813,2.13,49.692,15.449
E84078,2026-07-01,5472,2601,682,2622,1206,556,280,126,12.463,47.917,22.039,10.161,5.117,2.303,47.533,17.58
E84080,2026-07-01,7922,4063,1205,3155,2373,625,402,162,15.211,39.826,29.955,7.889,5.074,2.045,51.288,15.009
E84083,2026-07-01,5848,2848,806,2455,1516,598,349,124,13.782,41.98,25.923,10.226,5.968,2.12,48.7,18.314
E84086,2026-07-01,6472,3128,743,2803,1988,532,313,93,11.48,43.31,30.717,8.22,4.836,1.437,48.331,14.493
E84601,2026-07-01,7667,3644,1249,3744,1688,531,308,147,16.291,48.833,22.016,6.926,4.017,1.917,47.528,12.86
E84617,2026-07-01,7511,3453,1308,4162,1481,313,177,70,17.414,55.412,19.718,4.167,2.357,0.932,45.973,7.456
E84620,2026-07-01,5968,2813,984,2761,1480,457,208,78,16.488,46.263,24.799,7.658,3.485,1.307,47.135,12.45
E84626,2026-07-01,4829,2290,719,2503,1075,313,155,64,14.889,51.833,22.261,6.482,3.21,1.325,47.422,11.017
E84635,2026-07-01,5368,2497,839,2509,1457,378,131,54,15.63,46.74,27.142,7.042,2.44,1.006,46.516,10.488
E84637,2026-07-01,4901,2351,1115,2313,1129,222,96,26,22.75,47.194,23.036,4.53,1.959,0.531,47.97,7.019
E84638,2026-07-01,6272,2993,996,3174,1334,474,208,86,15.88,50.606,21.269,7.557,3.316,1.371,47.72,12.245
E84645,2026-07-01,8763,4280,1588,4298,2042,525,219,91,18.122,49.047,23.303,5.991,2.499,1.038,48.842,9.529
E84646,2026-07-01,7169,3446,1851,3511,1339,297,114,57,25.82,48.975,18.678,4.143,1.59,0.795,48.068,6.528
E84647,2026-07-01,5054,2463,835,2711,831,335,256,86,16.522,53.641,16.442,6.628,5.065,1.702,48.734,13.395
E84653,2026-07-01,7019,3345,1321,3299,1564,442,240,153,18.82,47.001,22.282,6.297,3.419,2.18,47.656,11.896
E84656,2026-07-01,5909,2997,1067,2730,1429,442,177,64,18.057,46.201,24.183,7.48,2.995,1.083,50.719,11.559
E84658,2026-07-01,5282,2605,857,2299,1261,452,303,110,16.225,43.525,23.874,8.557,5.736,2.083,49.318,16.376
E84663,2026-07-01,7790,3981,1231,4196,1417,485,334,127,15.802,53.864,18.19,6.226,4.288,1.63,51.104,12.144
E84665,2026-07-01,8640,3875,1372,3903,2260,712,288,105,15.88,45.174,26.157,8.241,3.333,1.215,44.85,12.789
E84674,2026-07-01,4952,2057,512,2177,1676,361,170,56,10.339,43.962,33.845,7.29,3.433,1.131,41.539,11.854
E84676,2026-07-01,3891,1871,617,1734,1079,261,162,38,15.857,44.564,27.731,6.708,4.163,0.977,48.085,11.848
E84678,2026-07-01,4528,2174,711,1949,1097,430,221,120,15.702,43.043,24.227,9.496,4.881,2.65,48.012,17.027
E84680,2026-07-01,4996,2517,926,2641,997,233,142,57,18.535,52.862,19.956,4.664,2.842,1.141,50.38,8.647
E84684,2026-07-01,4985,2447,914,2325,1155,323,187,81,18.335,46.64,23.17,6.479,3.751,1.625,49.087,11.856
E84685,2026-07-01,7624,3749,1172,3264,1854,741,407,186,15.373,42.812,24.318,9.719,5.338,2.44,49.174,17.497
E84693,2026-07-01,10104,5178,1675,4707,2622,688,305,107,16.578,46.586,25.95,6.809,3.019,1.059,51.247,10.887
E84699,2026-07-01,3934,1834,600,1740,961,371,184,78,15.252,44.23,24.428,9.431,4.677,1.983,46.619,16.09
E84701,2026-07-01,5088,2480,830,2551,1183,342,133,49,16.313,50.138,23.251,6.722,2.614,0.963,48.742,10.299
E84702,2026-07-01,15093,7409,2862,8397,2788,671,296,79,18.962,55.635,18.472,4.446,1.961,0.523,49.089,6.93
E84704,2026-07-01,2556,1296,406,1148,606,220,127,49,15.884,44.914,23.709,8.607,4.969,1.917,50.704,15.493
E84709,2026-07-01,26120,13459,3068,17761,3780,920,435,156,11.746,67.998,14.472,3.522,1.665,0.597,51.528,5.785
E85001,2026-07-01,9097,4556,1376,4037,2286,732,465,201,15.126,44.377,25.129,8.047,5.112,2.21,50.082,15.368
E85003,2026-07-01,17721,8882,1882,9289,4725,1097,568,160,10.62,52.418,26.663,6.19,3.205,0.903,50.121,10.299
E85004,2026-07-01,7353,3610,1132,3339,1910,514,316,142,15.395,45.41,25.976,6.99,4.298,1.931,49.096,13.219
E85005,2026-07-01,5109,2442,675,2739,1136,336,171,52,13.212,53.611,22.235,6.577,3.347,1.018,47.798,10.941
E85006,2026-07-01,5028,2464,855,2443,1256,306,117,51,17.005,48.588,24.98,6.086,2.327,1.014,49.006,9.427
E85007,2026-07-01,12955,6459,1927,5392,3585,1147,638,266,14.875,41.621,27.673,8.854,4.925,2.053,49.857,15.832
E85008,2026-07-01,6206,3180,706,2690,1716,578,372,144,11.376,43.345,27.651,9.314,5.994,2.32,51.241,17.628
E85012,2026-07-01,5150,2499,730,2155,1291,521,302,151,14.175,41.845,25.068,10.117,5.864,2.932,48.524,18.913
E85013,2026-07-01,5827,2941,966,2822,1419,398,172,50,16.578,48.43,24.352,6.83,2.952,0.858,50.472,10.64
E85014,2026-07-01,8124,3975,1238,3003,2483,765,484,151,15.239,36.965,30.564,9.417,5.958,1.859,48.929,17.233
E85015,2026-07-01,9555,4536,1416,4534,2152,809,463,181,14.819,47.452,22.522,8.467,4.846,1.894,47.473,15.207
E85016,2026-07-01,12233,6360,1429,6126,3213,794,469,202,11.682,50.078,26.265,6.491,3.834,1.651,51.991,11.976
E85019,2026-07-01,10966,5481,1537,5368,2673,797,409,182,14.016,48.951,24.375,7.268,3.73,1.66,49.982,12.657
E85020,2026-07-01,15157,7961,2152,7113,4096,918,629,249,14.198,46.929,27.024,6.057,4.15,1.643,52.524,11.849
E85021,2026-07-01,6991,3388,1190,3338,1760,412,203,88,17.022,47.747,25.175,5.893,2.904,1.259,48.462,10.056
E85023,2026-07-01,3226,1567,413,1579,750,246,172,66,12.802,48.946,23.249,7.626,5.332,2.046,48.574,15.003
E85024,2026-07-01,5273,2627,843,2299,1371,401,256,103,15.987,43.599,26.0,7.605,4.855,1.953,49.82,14.413
E85025,2026-07-01,11043,5953,1444,6954,1880,411,259,95,13.076,62.972,17.024,3.722,2.345,0.86,53.907,6.927
E85026,2026-07-01,15129,7443,2194,7026,3856,1015,770,268,14.502,46.441,25.487,6.709,5.09,1.771,49.197,13.57
E85028,2026-07-01,8119,4032,1156,3567,2214,649,415,118,14.238,43.934,27.269,7.994,5.111,1.453,49.661,14.558
E85029,2026-07-01,14440,7266,1411,7926,3685,805,444,169,9.771,54.889,25.519,5.575,3.075,1.17,50.319,9.82
E85030,2026-07-01,7230,3766,1023,3103,2047,546,386,125,14.149,42.918,28.313,7.552,5.339,1.729,52.089,14.62
E85032,2026-07-01,4456,2224,484,1925,1330,342,273,102,10.862,43.2,29.847,7.675,6.127,2.289,49.91,16.091
E85033,2026-07-01,10781,5476,1131,5733,2582,755,419,161,10.491,53.177,23.95,7.003,3.886,1.493,50.793,12.383
E85034,2026-07-01,5103,2427,715,2174,1340,432,298,144,14.011,42.602,26.259,8.466,5.84,2.822,47.56,17.127
E85035,2026-07-01,7315,3281,1221,3579,1713,471,258,73,16.692,48.927,23.418,6.439,3.527,0.998,44.853,10.964
E85038,2026-07-01,5465,2909,700,2721,1338,351,260,95,12.809,49.79,24.483,6.423,4.758,1.738,53.23,12.919
E85040,2026-07-01,7720,3967,886,2824,2302,816,678,214,11.477,36.58,29.819,10.57,8.782,2.772,51.386,22.124
E85041,2026-07-01,6120,2952,948,2626,1763,443,263,77,15.49,42.908,28.807,7.239,4.297,1.258,48.235,12.794
E85042,2026-07-01,7902,4045,993,4325,1870,402,222,90,12.566,54.733,23.665,5.087,2.809,1.139,51.19,9.036
E85045,2026-07-01,3228,1545,416,1222,944,332,240,74,12.887,37.856,29.244,10.285,7.435,2.292,47.862,20.012
E85046,2026-07-01,6009,2988,862,2668,1614,459,270,136,14.345,44.4,26.86,7.639,4.493,2.263,49.725,14.395
E85048,2026-07-01,7200,3714,1296,3679,1570,419,183,53,18.0,51.097,21.806,5.819,2.542,0.736,51.583,9.097
E85049,2026-07-01,8365,3658,1294,4566,1613,525,270,97,15.469,54.585,19.283,6.276,3.228,1.16,43.73,10.663
E85050,2026-07-01,7471,3651,1080,3238,2093,576,351,133,14.456,43.341,28.015,7.71,4.698,1.78,48.869,14.188
E85051,2026-07-01,4698,2269,606,1940,1325,438,270,119,12.899,41.294,28.203,9.323,5.747,2.533,48.297,17.603
E85052,2026-07-01,7144,3223,1181,3424,1697,463,278,101,16.531,47.928,23.754,6.481,3.891,1.414,45.115,11.786
E85053,2026-07-01,3362,1700,532,1428,866,321,162,53,15.824,42.475,25.758,9.548,4.819,1.576,50.565,15.943
E85054,2026-07-01,11628,5505,1695,5257,3072,901,498,205,14.577,45.21,26.419,7.749,4.283,1.763,47.343,13.794
E85055,2026-07-01,10360,4921,1034,5083,2888,775,427,153,9.981,49.064,27.876,7.481,4.122,1.477,47.5,13.079
E85056,2026-07-01,6862,3509,1189,2863,1864,540,296,110,17.327,41.723,27.164,7.869,4.314,1.603,51.137,13.786
E85057,2026-07-01,10240,5283,1444,3748,2910,1080,787,271,14.102,36.602,28.418,10.547,7.686,2.646,51.592,20.879
E85058,2026-07-01,7072,3513,1060,2828,1952,662,397,173,14.989,39.989,27.602,9.361,5.614,2.446,49.675,17.421
E85059,2026-07-01,7580,3649,1122,3178,2054,697,384,145,14.802,41.926,27.098,9.195,5.066,1.913,48.14,16.174
E85060,2026-07-01,6285,3100,971,2722,1673,546,287,86,15.449,43.309,26.619,8.687,4.566,1.368,49.324,14.622
E85061,2026-07-01,6389,2923,1165,3230,1324,391,203,76,18.234,50.556,20.723,6.12,3.177,1.19,45.751,10.487
E85062,2026-07-01,13154,6116,2695,7415,2377,385,204,78,20.488,56.371,18.071,2.927,1.551,0.593,46.495,5.071
E85064,2026-07-01,7448,3762,1355,3515,1778,486,238,76,18.193,47.194,23.872,6.525,3.195,1.02,50.51,10.741
E85066,2026-07-01,3883,1996,642,1516,1074,340,246,65,16.534,39.042,27.659,8.756,6.335,1.674,51.404,16.765
E85069,2026-07-01,5549,2742,994,2493,1381,364,210,107,17.913,44.927,24.887,6.56,3.784,1.928,49.414,12.272
E85071,2026-07-01,2279,1116,311,1060,533,184,144,47,13.646,46.512,23.387,8.074,6.319,2.062,48.969,16.455
E85074,2026-07-01,5970,3063,543,3549,1345,308,166,59,9.095,59.447,22.529,5.159,2.781,0.988,51.307,8.928
E85075,2026-07-01,5136,2624,793,2397,1433,306,152,55,15.44,46.671,27.901,5.958,2.96,1.071,51.09,9.988
E85077,2026-07-01,3153,1434,303,1668,772,230,118,62,9.61,52.902,24.485,7.295,3.742,1.966,45.48,13.003
E85083,2026-07-01,6529,3191,1201,2828,1789,411,206,94,18.395,43.314,27.401,6.295,3.155,1.44,48.874,10.89
E85088,2026-07-01,6495,3184,1234,2893,1591,443,228,106,18.999,44.542,24.496,6.821,3.51,1.632,49.022,11.963
E85090,2026-07-01,5403,2269,784,2936,1082,358,179,64,14.51,54.34,20.026,6.626,3.313,1.185,41.995,11.123
E85091,2026-07-01,3367,1550,487,1660,863,212,112,33,14.464,49.302,25.631,6.296,3.326,0.98,46.035,10.603
E85096,2026-07-01,5633,2500,761,2802,1381,426,190,73,13.51,49.743,24.516,7.563,3.373,1.296,44.381,12.231
E85098,2026-07-01,6402,3128,1239,3072,1538,348,166,39,19.353,47.985,24.024,5.436,2.593,0.609,48.86,8.638
E85099,2026-07-01,7025,3677,1258,3782,1473,285,172,55,17.907,53.836,20.968,4.057,2.448,0.783,52.342,7.288
E85103,2026-07-01,3072,1399,258,1333,835,358,223,65,8.398,43.392,27.181,11.654,7.259,2.116,45.54,21.029
E85107,2026-07-01,7704,3946,1265,3569,1948,523,319,80,16.42,46.327,25.286,6.789,4.141,1.038,51.22,11.968
E85108,2026-07-01,4734,2317,755,2056,1227,385,227,84,15.948,43.431,25.919,8.133,4.795,1.774,48.944,14.702
E85109,2026-07-01,3886,1813,613,2018,893,220,94,48,15.775,51.93,22.98,5.661,2.419,1.235,46.655,9.315
E85111,2026-07-01,5257,2455,881,2370,1386,352,197,71,16.759,45.083,26.365,6.696,3.747,1.351,46.7,11.794
E85112,2026-07-01,9237,4530,1467,5008,1891,515,262,94,15.882,54.217,20.472,5.575,2.836,1.018,49.042,9.429
E85113,2026-07-01,6810,3360,1115,2741,1877,631,336,110,16.373,40.25,27.562,9.266,4.934,1.615,49.339,15.815
E85114,2026-07-01,7498,3778,1161,3210,1820,756,415,136,15.484,42.811,24.273,10.083,5.535,1.814,50.387,17.431
E85115,2026-07-01,4052,1949,687,1868,901,320,196,80,16.955,46.101,22.236,7.897,4.837,1.974,48.1,14.709
E85116,2026-07-01,5858,3037,969,2450,1671,447,234,87,16.541,41.823,28.525,7.631,3.995,1.485,51.844,13.11
E85118,2026-07-01,7016,3644,741,3514,1754,574,320,113,10.562,50.086,25.0,8.181,4.561,1.611,51.938,14.353
E85119,2026-07-01,13695,6512,2194,6736,3432,806,398,129,16.02,49.186,25.06,5.885,2.906,0.942,47.55,9.733
E85120,2026-07-01,7164,3562,1081,2830,2075,688,364,126,15.089,39.503,28.964,9.604,5.081,1.759,49.721,16.443
E85121,2026-07-01,14458,6094,2184,7351,3351,995,418,159,15.106,50.844,23.177,6.882,2.891,1.1,42.15,10.873
E85122,2026-07-01,14102,6885,1856,6614,3881,982,571,198,13.161,46.901,27.521,6.964,4.049,1.404,48.823,12.417
E85123,2026-07-01,8695,4360,1497,4309,2007,507,287,88,17.217,49.557,23.082,5.831,3.301,1.012,50.144,10.144
E85124,2026-07-01,93531,37878,2796,79705,9810,958,219,43,2.989,85.218,10.489,1.024,0.234,0.046,40.498,1.304
E85125,2026-07-01,5844,3029,565,3190,1501,346,188,54,9.668,54.586,25.684,5.921,3.217,0.924,51.831,10.062
E85126,2026-07-01,10814,4766,1654,5519,2515,649,328,149,15.295,51.036,23.257,6.001,3.033,1.378,44.072,10.412
E85127,2026-07-01,8126,3946,1116,3351,2445,710,378,126,13.734,41.238,30.089,8.737,4.652,1.551,48.56,14.94
E85128,2026-07-01,12217,6393,1752,6094,2939,799,441,192,14.341,49.881,24.057,6.54,3.61,1.572,52.329,11.721
E85129,2026-07-01,5702,2795,821,2389,1498,544,310,140,14.398,41.898,26.271,9.541,5.437,2.455,49.018,17.432
E85130,2026-07-01,4160,2173,589,1856,1188,337,147,43,14.159,44.615,28.558,8.101,3.534,1.034,52.236,12.668
E85600,2026-07-01,7154,3431,1152,3600,1654,392,265,91,16.103,50.321,23.12,5.479,3.704,1.272,47.959,10.456
E85605,2026-07-01,8167,4106,1254,3371,2273,674,438,157,15.354,41.276,27.832,8.253,5.363,1.922,50.275,15.538
E85623,2026-07-01,3023,1317,522,1545,664,182,81,29,17.268,51.108,21.965,6.021,2.679,0.959,43.566,9.659
E85624,2026-07-01,7032,3288,1000,3361,1744,555,275,97,14.221,47.796,24.801,7.892,3.911,1.379,46.758,13.183
E85628,2026-07-01,10026,5022,1683,4066,3062,668,403,144,16.786,40.555,30.541,6.663,4.02,1.436,50.09,12.118
E85633,2026-07-01,9280,3813,1275,5393,1827,529,196,60,13.739,58.114,19.688,5.7,2.112,0.647,41.088,8.459
E85635,2026-07-01,5554,2661,894,2667,1422,318,177,76,16.097,48.019,25.603,5.726,3.187,1.368,47.911,10.281
E85636,2026-07-01,14844,7996,2238,7448,3603,864,495,196,15.077,50.175,24.272,5.821,3.335,1.32,53.867,10.476
E85640,2026-07-01,3444,1551,299,1844,948,190,108,55,8.682,53.542,27.526,5.517,3.136,1.597,45.035,10.25
E85643,2026-07-01,6993,3266,1070,3201,2068,402,183,69,15.301,45.774,29.572,5.749,2.617,0.987,46.704,9.352
E85649,2026-07-01,4209,2111,435,2715,735,177,100,47,10.335,64.505,17.463,4.205,2.376,1.117,50.154,7.698
E85656,2026-07-01,5583,2422,918,2956,1167,319,168,55,16.443,52.946,20.903,5.714,3.009,0.985,43.382,9.708
E85657,2026-07-01,11571,5716,1832,5616,2912,697,374,140,15.833,48.535,25.166,6.024,3.232,1.21,49.399,10.466
E85658,2026-07-01,4523,2187,457,2041,1290,412,216,107,10.104,45.125,28.521,9.109,4.776,2.366,48.353,16.25
E85659,2026-07-01,2303,1120,305,1158,572,164,72,32,13.244,50.282,24.837,7.121,3.126,1.389,48.632,11.637
E85663,2026-07-01,9770,3964,1460,4964,2442,552,245,107,14.944,50.809,24.995,5.65,2.508,1.095,40.573,9.253
E85677,2026-07-01,8437,3908,1258,4886,1724,375,151,43,14.911,57.912,20.434,4.445,1.79,0.51,46.32,6.744
E85680,2026-07-01,10161,4785,1407,6108,1854,439,247,106,13.847,60.112,18.246,4.32,2.431,1.043,47.092,7.795
E85681,2026-07-01,8866,4275,1626,4194,2027,579,319,121,18.34,47.304,22.863,6.531,3.598,1.365,48.218,11.493
E85682,2026-07-01,5569,2673,816,2755,1398,365,168,67,14.653,49.47,25.103,6.554,3.017,1.203,47.998,10.774
E85683,2026-07-01,3913,1995,433,1461,1318,404,223,74,11.066,37.337,33.683,10.325,5.699,1.891,50.984,17.915
E85685,2026-07-01,12391,6726,2021,6128,2699,764,560,219,16.31,49.455,21.782,6.166,4.519,1.767,54.281,12.453
E85687,2026-07-01,5727,2930,838,3659,971,164,73,22,14.632,63.89,16.955,2.864,1.275,0.384,51.161,4.522
E85693,2026-07-01,22401,11482,3223,10135,6087,1649,1011,296,14.388,45.244,27.173,7.361,4.513,1.321,51.257,13.196
E85694,2026-07-01,5102,2414,776,2171,1497,343,240,75,15.21,42.552,29.341,6.723,4.704,1.47,47.315,12.897
E85696,2026-07-01,7646,2983,1249,4046,1719,420,171,41,16.335,52.917,22.482,5.493,2.236,0.536,39.014,8.266
E85697,2026-07-01,6128,3021,1080,2794,1576,414,199,65,17.624,45.594,25.718,6.756,3.247,1.061,49.298,11.064
E85699,2026-07-01,6665,3319,1166,2875,1651,481,322,170,17.494,43.136,24.771,7.217,4.831,2.551,49.797,14.599
E85707,2026-07-01,7290,3120,939,3818,1582,558,287,106,12.881,52.373,21.701,7.654,3.937,1.454,42.798,13.045
E85708,2026-07-01,7618,3613,1266,3580,1917,514,236,105,16.619,46.994,25.164,6.747,3.098,1.378,47.427,11.223
E85712,2026-07-01,10421,5128,2158,4750,2467,628,299,119,20.708,45.581,23.673,6.026,2.869,1.142,49.208,10.037
E85713,2026-07-01,6304,2937,990,3320,1288,380,219,107,15.704,52.665,20.431,6.028,3.474,1.697,46.589,11.199
E85715,2026-07-01,7804,3997,1600,3538,1864,480,225,97,20.502,45.336,23.885,6.151,2.883,1.243,51.217,10.277
E85716,2026-07-01,16085,7384,2639,8147,3794,877,427,201,16.407,50.65,23.587,5.452,2.655,1.25,45.906,9.357
E85718,2026-07-01,4884,2187,752,2320,1252,327,182,51,15.397,47.502,25.635,6.695,3.726,1.044,44.779,11.466
E85719,2026-07-01,9643,5089,1575,4468,2562,555,363,120,16.333,46.334,26.568,5.755,3.764,1.244,52.774,10.764
E85721,2026-07-01,2142,960,327,1002,670,101,33,9,15.266,46.779,31.279,4.715,1.541,0.42,44.818,6.676
E85725,2026-07-01,7395,3570,1113,3426,1894,576,297,89,15.051,46.329,25.612,7.789,4.016,1.204,48.276,13.009
E85726,2026-07-01,3255,1614,436,1540,785,281,157,56,13.395,47.312,24.117,8.633,4.823,1.72,49.585,15.177
E85734,2026-07-01,5716,2771,936,2635,1496,399,184,66,16.375,46.099,26.172,6.98,3.219,1.155,48.478,11.354
E85735,2026-07-01,7108,3611,1332,3601,1521,412,185,57,18.739,50.661,21.398,5.796,2.603,0.802,50.802,9.201
E85736,2026-07-01,7676,4114,1389,3522,1904,487,287,87,18.095,45.883,24.805,6.344,3.739,1.133,53.596,11.217
E85739,2026-07-01,10420,4980,1879,4918,2442,691,359,131,18.033,47.198,23.436,6.631,3.445,1.257,47.793,11.334
E85743,2026-07-01,2997,1393,459,1378,818,214,86,42,15.315,45.979,27.294,7.14,2.87,1.401,46.48,11.411
E85744,2026-07-01,9412,4663,1603,4329,2568,531,288,93,17.031,45.994,27.284,5.642,3.06,0.988,49.543,9.69
E85745,2026-07-01,7929,3649,1227,3757,1995,567,260,123,15.475,47.383,25.161,7.151,3.279,1.551,46.021,11.981
E85746,2026-07-01,3755,1928,637,1671,1046,231,139,31,16.964,44.501,27.856,6.152,3.702,0.826,51.345,10.679
E85748,2026-07-01,5985,2515,614,3165,1759,285,118,44,10.259,52.882,29.39,4.762,1.972,0.735,42.022,7.469
E85750,2026-07-01,6881,3390,1078,2954,1867,524,327,131,15.666,42.93,27.133,7.615,4.752,1.904,49.266,14.271
E86001,2026-07-01,11220,5891,1565,3665,3150,1365,1066,409,13.948,32.665,28.075,12.166,9.501,3.645,52.504,25.312
E86004,2026-07-01,11047,5364,2066,4908,2738,763,401,171,18.702,44.428,24.785,6.907,3.63,1.548,48.556,12.085
E86005,2026-07-01,6877,3486,1207,2641,1758,622,451,198,17.551,38.403,25.563,9.045,6.558,2.879,50.691,18.482
E86006,2026-07-01,8267,4291,1308,2967,2144,921,638,289,15.822,35.89,25.934,11.141,7.717,3.496,51.905,22.354
E86007,2026-07-01,8872,4461,1323,3355,2357,938,654,245,14.912,37.816,26.567,10.573,7.372,2.761,50.282,20.706
E86009,2026-07-01,8750,4549,1612,3837,2077,635,436,153,18.423,43.851,23.737,7.257,4.983,1.749,51.989,13.989
E86010,2026-07-01,16475,8114,3417,8314,3465,762,409,108,20.741,50.464,21.032,4.625,2.483,0.656,49.25,7.763
E86011,2026-07-01,6273,3216,1143,2358,1734,471,395,172,18.221,37.59,27.642,7.508,6.297,2.742,51.267,16.547
E86012,2026-07-01,11072,5594,1690,4052,2951,1121,873,385,15.264,36.597,26.653,10.125,7.885,3.477,50.524,21.487
E86014,2026-07-01,7655,3886,1659,3451,1739,432,273,101,21.672,45.082,22.717,5.643,3.566,1.319,50.764,10.529
E86015,2026-07-01,17245,8576,2908,7359,4306,1426,909,337,16.863,42.673,24.97,8.269,5.271,1.954,49.73,15.494
E86016,2026-07-01,6048,2915,1027,2817,1396,416,256,136,16.981,46.577,23.082,6.878,4.233,2.249,48.198,13.36
E86017,2026-07-01,22225,9772,3562,13097,4100,865,433,168,16.027,58.929,18.448,3.892,1.948,0.756,43.969,6.596
E86018,2026-07-01,7905,3819,1316,3475,1983,576,357,198,16.648,43.96,25.085,7.287,4.516,2.505,48.311,14.307
E86019,2026-07-01,6847,3273,1004,3059,1723,559,362,140,14.663,44.677,25.164,8.164,5.287,2.045,47.802,15.496
E86020,2026-07-01,4971,2436,935,2356,1112,329,172,67,18.809,47.395,22.37,6.618,3.46,1.348,49.004,11.426
E86022,2026-07-01,5810,2959,769,1980,1640,680,498,243,13.236,34.079,28.227,11.704,8.571,4.182,50.929,24.458
E86024,2026-07-01,4184,2062,486,1463,1224,487,372,152,11.616,34.967,29.254,11.64,8.891,3.633,49.283,24.163
E86026,2026-07-01,8191,4040,1471,3869,1843,583,292,133,17.959,47.235,22.5,7.118,3.565,1.624,49.322,12.306
E86027,2026-07-01,7176,3574,1336,2962,1857,514,316,191,18.618,41.276,25.878,7.163,4.404,2.662,49.805,14.228
E86028,2026-07-01,8041,4241,1289,2834,2253,745,604,316,16.03,35.244,28.019,9.265,7.512,3.93,52.742,20.706
E86029,2026-07-01,10328,5156,1845,4614,2537,708,429,195,17.864,44.675,24.564,6.855,4.154,1.888,49.923,12.897
E86030,2026-07-01,11140,4008,891,8694,1195,209,111,40,7.998,78.043,10.727,1.876,0.996,0.359,35.978,3.232
E86033,2026-07-01,6545,3293,1077,2648,1592,590,434,204,16.455,40.458,24.324,9.015,6.631,3.117,50.313,18.762
E86034,2026-07-01,2616,1226,475,1091,641,251,120,38,18.157,41.705,24.503,9.595,4.587,1.453,46.865,15.635
E86036,2026-07-01,9051,4590,1581,3632,2213,819,533,273,17.468,40.128,24.45,9.049,5.889,3.016,50.713,17.954
E86038,2026-07-01,7140,3400,1166,3277,1943,460,214,80,16.331,45.896,27.213,6.443,2.997,1.12,47.619,10.56
E86041,2026-07-01,5469,2711,992,2282,1372,413,289,121,18.139,41.726,25.087,7.552,5.284,2.212,49.57,15.048
E86042,2026-07-01,7588,3717,1382,3731,1757,443,216,59,18.213,49.17,23.155,5.838,2.847,0.778,48.985,9.462
E86605,2026-07-01,2568,1272,385,954,685,302,179,63,14.992,37.15,26.674,11.76,6.97,2.453,49.533,21.184
E86609,2026-07-01,10164,4585,1703,6240,1649,370,156,46,16.755,61.393,16.224,3.64,1.535,0.453,45.11,5.628
E86610,2026-07-01,3273,1614,545,1426,872,260,131,39,16.651,43.569,26.642,7.944,4.002,1.192,49.313,13.138
E86612,2026-07-01,6038,2885,1023,3359,1196,310,117,33,16.943,55.631,19.808,5.134,1.938,0.547,47.781,7.618
E86615,2026-07-01,2470,1155,436,1019,645,202,115,53,17.652,41.255,26.113,8.178,4.656,2.146,46.761,14.98
E86618,2026-07-01,7086,3547,1321,2909,1738,543,426,149,18.642,41.053,24.527,7.663,6.012,2.103,50.056,15.778
E86619,2026-07-01,3313,1699,722,1189,862,297,182,61,21.793,35.889,26.019,8.965,5.494,1.841,51.283,16.299
E86620,2026-07-01,5079,2489,1046,2279,1200,299,182,73,20.595,44.871,23.627,5.887,3.583,1.437,49.006,10.908
E86625,2026-07-01,2829,1347,495,1222,730,231,97,54,17.497,43.195,25.804,8.165,3.429,1.909,47.614,13.503
E86626,2026-07-01,5906,2915,979,2280,1688,595,270,94,16.576,38.605,28.581,10.075,4.572,1.592,49.357,16.238
E86629,2026-07-01,3623,1826,710,1577,861,244,157,74,19.597,43.527,23.765,6.735,4.333,2.043,50.4,13.111
E86632,2026-07-01,5730,2842,932,2490,1544,481,223,60,16.265,43.455,26.946,8.394,3.892,1.047,49.599,13.333
E86637,2026-07-01,6412,2701,837,3221,1588,460,224,82,13.054,50.234,24.766,7.174,3.493,1.279,42.124,11.946
E86640,2026-07-01,5999,3113,1211,2281,1495,478,390,144,20.187,38.023,24.921,7.968,6.501,2.4,51.892,16.869
E87002,2026-07-01,16487,8146,1724,7671,4501,1344,891,356,10.457,46.528,27.3,8.152,5.404,2.159,49.409,15.715
E87003,2026-07-01,5179,2654,585,2428,1424,407,247,88,11.296,46.882,27.496,7.859,4.769,1.699,51.245,14.327
E87004,2026-07-01,10967,5646,1133,4501,3445,1054,645,189,10.331,41.041,31.412,9.611,5.881,1.723,51.482,17.215
E87005,2026-07-01,8527,4352,722,3735,2588,772,510,200,8.467,43.802,30.351,9.054,5.981,2.345,51.038,17.38
E87006,2026-07-01,4882,2377,458,2492,1306,353,192,81,9.381,51.045,26.751,7.231,3.933,1.659,48.689,12.823
E87007,2026-07-01,1,0,0,1,0,0,0,0,0.0,100.0,0.0,0.0,0.0,0.0,0.0,0.0
E87008,2026-07-01,11713,5738,1172,6820,2459,695,385,182,10.006,58.226,20.994,5.934,3.287,1.554,48.988,10.774
E87009,2026-07-01,3589,1685,322,1622,979,338,241,87,8.972,45.194,27.278,9.418,6.715,2.424,46.949,18.557
E87010,2026-07-01,5897,2708,503,2658,1945,442,273,76,8.53,45.074,32.983,7.495,4.629,1.289,45.922,13.414
E87011,2026-07-01,7644,3756,974,3825,1783,561,352,149,12.742,50.039,23.325,7.339,4.605,1.949,49.137,13.893
E87013,2026-07-01,15940,8387,2019,7119,4450,1190,837,325,12.666,44.661,27.917,7.465,5.251,2.039,52.616,14.755
E87016,2026-07-01,13451,7343,1846,5834,3608,1086,763,314,13.724,43.372,26.823,8.074,5.672,2.334,54.591,16.081
E87021,2026-07-01,5166,2734,578,2371,1264,507,302,144,11.189,45.896,24.468,9.814,5.846,2.787,52.923,18.448
E87024,2026-07-01,5468,2611,745,2372,1520,467,232,132,13.625,43.38,27.798,8.541,4.243,2.414,47.751,15.198
E87026,2026-07-01,2272,1009,201,898,716,267,137,53,8.847,39.525,31.514,11.752,6.03,2.333,44.41,20.114
E87029,2026-07-01,9038,4858,1273,3656,2708,747,471,183,14.085,40.451,29.962,8.265,5.211,2.025,53.751,15.501
E87034,2026-07-01,14172,7280,1497,7087,3593,1159,621,215,10.563,50.007,25.353,8.178,4.382,1.517,51.369,14.077
E87037,2026-07-01,11023,5212,1038,5835,2812,717,466,155,9.417,52.935,25.51,6.505,4.228,1.406,47.283,12.138
E87038,2026-07-01,4669,2366,535,2138,1242,443,225,86,11.459,45.791,26.601,9.488,4.819,1.842,50.675,16.149
E87043,2026-07-01,6684,3495,846,3099,2019,364,268,88,12.657,46.364,30.206,5.446,4.01,1.317,52.289,10.772
E87045,2026-07-01,5057,2495,272,2807,1304,394,213,67,5.379,55.507,25.786,7.791,4.212,1.325,49.338,13.328
E87046,2026-07-01,12374,6534,1765,6648,2842,658,348,113,14.264,53.726,22.968,5.318,2.812,0.913,52.804,9.043
E87047,2026-07-01,6681,3337,323,3647,1801,517,325,68,4.835,54.588,26.957,7.738,4.865,1.018,49.948,13.621
E87048,2026-07-01,3458,1673,319,1601,1031,245,195,67,9.225,46.298,29.815,7.085,5.639,1.938,48.381,14.662
E87052,2026-07-01,3222,1391,392,1423,914,277,159,57,12.166,44.165,28.367,8.597,4.935,1.769,43.172,15.301
E87061,2026-07-01,13449,7020,1879,6305,3656,859,553,197,13.971,46.881,27.184,6.387,4.112,1.465,52.197,11.964
E87063,2026-07-01,15745,8417,1783,9420,3387,702,354,99,11.324,59.829,21.512,4.459,2.248,0.629,53.458,7.336
E87065,2026-07-01,3734,2012,377,1904,951,308,141,53,10.096,50.991,25.469,8.249,3.776,1.419,53.883,13.444
E87066,2026-07-01,7682,3580,515,4408,1973,456,257,73,6.704,57.381,25.683,5.936,3.345,0.95,46.602,10.232
E87067,2026-07-01,10413,5157,1263,4157,3223,1030,581,159,12.129,39.921,30.952,9.891,5.58,1.527,49.525,16.998
E87069,2026-07-01,2803,1159,124,1373,961,222,96,27,4.424,48.983,34.285,7.92,3.425,0.963,41.349,12.308
E87070,2026-07-01,7035,3448,649,3892,1753,411,249,81,9.225,55.323,24.918,5.842,3.539,1.151,49.012,10.533
E87609,2026-07-01,23836,12480,3386,11285,6136,1503,1099,427,14.205,47.344,25.743,6.306,4.611,1.791,52.358,12.708
E87637,2026-07-01,20850,10434,2541,10928,5350,1252,574,205,12.187,52.412,25.659,6.005,2.753,0.983,50.043,9.741
E87648,2026-07-01,4433,2155,333,2358,1114,370,183,75,7.512,53.192,25.13,8.346,4.128,1.692,48.613,14.166
E87663,2026-07-01,4562,1891,585,1844,1506,408,163,56,12.823,40.421,33.012,8.943,3.573,1.228,41.451,13.744
E87665,2026-07-01,6412,3454,671,2604,1868,691,408,170,10.465,40.611,29.133,10.777,6.363,2.651,53.868,19.791
E87677,2026-07-01,18149,5895,135,17296,422,134,99,63,0.744,95.3,2.325,0.738,0.545,0.347,32.481,1.631
E87681,2026-07-01,14423,7142,1630,7571,3650,821,553,198,11.301,52.493,25.307,5.692,3.834,1.373,49.518,10.899
E87701,2026-07-01,8741,4453,880,3442,2712,825,634,248,10.067,39.378,31.026,9.438,7.253,2.837,50.944,19.529
E87702,2026-07-01,2848,1460,288,1231,842,248,174,65,10.112,43.223,29.565,8.708,6.11,2.282,51.264,17.1
E87706,2026-07-01,4237,1973,559,1731,1275,379,213,80,13.193,40.854,30.092,8.945,5.027,1.888,46.566,15.86
E87711,2026-07-01,287,20,0,0,2,58,130,97,0.0,0.0,0.697,20.209,45.296,33.798,6.969,99.303
E87714,2026-07-01,5611,2374,216,3094,1860,316,103,22,3.85,55.142,33.149,5.632,1.836,0.392,42.31,7.86
E87715,2026-07-01,7080,3548,879,2920,2291,544,346,100,12.415,41.243,32.359,7.684,4.887,1.412,50.113,13.983
E87720,2026-07-01,9108,4622,962,4797,2473,538,258,80,10.562,52.668,27.152,5.907,2.833,0.878,50.747,9.618
E87722,2026-07-01,6721,3276,547,4075,1561,303,180,55,8.139,60.631,23.226,4.508,2.678,0.818,48.743,8.005
E87733,2026-07-01,4713,2392,572,2070,1363,441,203,64,12.137,43.921,28.92,9.357,4.307,1.358,50.753,15.022
E87737,2026-07-01,9046,4491,614,4948,2327,625,375,157,6.788,54.698,25.724,6.909,4.145,1.736,49.646,12.79
E87738,2026-07-01,14726,7480,1374,6031,4761,1402,839,319,9.33,40.955,32.331,9.521,5.697,2.166,50.795,17.384
E87739,2026-07-01,9656,4944,1019,5450,2173,560,344,110,10.553,56.442,22.504,5.8,3.563,1.139,51.201,10.501
E87740,2026-07-01,2127,378,0,969,992,148,16,2,0.0,45.557,46.638,6.958,0.752,0.094,17.772,7.804
E87741,2026-07-01,3437,1759,420,1467,1105,291,103,51,12.22,42.683,32.15,8.467,2.997,1.484,51.178,12.947
E87742,2026-07-01,3021,1460,387,1431,780,239,129,55,12.81,47.368,25.819,7.911,4.27,1.821,48.328,14.002
E87745,2026-07-01,8892,4600,817,4589,2427,575,358,126,9.188,51.608,27.294,6.466,4.026,1.417,51.732,11.91
E87746,2026-07-01,5023,2507,519,2863,1211,281,115,34,10.332,56.998,24.109,5.594,2.289,0.677,49.91,8.561
E87750,2026-07-01,4104,1940,387,1937,1295,270,172,43,9.43,47.198,31.555,6.579,4.191,1.048,47.271,11.818
E87751,2026-07-01,2112,1059,273,934,580,199,96,30,12.926,44.223,27.462,9.422,4.545,1.42,50.142,15.388
E87753,2026-07-01,11118,5839,1311,5100,3234,887,452,134,11.792,45.872,29.088,7.978,4.065,1.205,52.518,13.249
E87754,2026-07-01,6098,3007,647,2985,1746,384,255,81,10.61,48.95,28.632,6.297,4.182,1.328,49.311,11.807
E87755,2026-07-01,3205,1581,423,1650,780,206,99,47,13.198,51.482,24.337,6.427,3.089,1.466,49.329,10.983
E87762,2026-07-01,8615,4497,835,4106,2384,687,437,166,9.692,47.661,27.673,7.974,5.073,1.927,52.2,14.974
E87768,2026-07-01,22268,12186,0,21893,341,25,8,1,0.0,98.316,1.531,0.112,0.036,0.004,54.724,0.153
E87772,2026-07-01,502,120,0,263,218,16,5,0,0.0,52.39,43.426,3.187,0.996,0.0,23.904,4.183
F81001,2026-07-01,13515,6992,2197,4642,3378,1377,1324,597,16.256,34.347,24.994,10.189,9.797,4.417,51.735,24.403
F81003,2026-07-01,5896,2843,915,2322,1637,561,368,93,15.519,39.383,27.765,9.515,6.242,1.577,48.219,17.334
F81004,2026-07-01,9270,4696,1339,2979,2801,1084,804,263,14.444,32.136,30.216,11.694,8.673,2.837,50.658,23.204
F81006,2026-07-01,5157,2531,969,2102,1286,418,284,98,18.79,40.76,24.937,8.105,5.507,1.9,49.079,15.513
F81007,2026-07-01,19815,10061,3043,7279,5284,1973,1580,656,15.357,36.735,26.667,9.957,7.974,3.311,50.775,21.241
F81009,2026-07-01,11042,5648,1752,3700,2943,1242,972,433,15.867,33.508,26.653,11.248,8.803,3.921,51.15,23.972
F81010,2026-07-01,12217,6065,2218,4888,3258,956,653,244,18.155,40.01,26.668,7.825,5.345,1.997,49.644,15.167
F81011,2026-07-01,8289,4189,1373,2873,2245,901,691,206,16.564,34.66,27.084,10.87,8.336,2.485,50.537,21.691
F81012,2026-07-01,7011,3608,652,1630,1974,1126,1195,434,9.3,23.249,28.156,16.06,17.045,6.19,51.462,39.295
F81013,2026-07-01,13047,6697,2231,4485,3494,1260,1134,443,17.1,34.376,26.78,9.657,8.692,3.395,51.33,21.744
F81014,2026-07-01,11829,5839,2153,4650,2868,1010,814,334,18.201,39.31,24.245,8.538,6.881,2.824,49.362,18.243
F81015,2026-07-01,12692,6492,2118,4344,3534,1321,988,387,16.688,34.226,27.844,10.408,7.784,3.049,51.15,21.242
F81017,2026-07-01,8292,4353,993,2147,1977,1360,1337,478,11.975,25.892,23.842,16.401,16.124,5.765,52.496,38.29
F81019,2026-07-01,18008,9230,3027,6266,4410,2013,1656,636,16.809,34.796,24.489,11.178,9.196,3.532,51.255,23.906
F81020,2026-07-01,8360,4186,1028,2453,2591,1219,843,226,12.297,29.342,30.993,14.581,10.084,2.703,50.072,27.368
F81021,2026-07-01,12223,6215,1678,3627,3449,1728,1407,334,13.728,29.674,28.217,14.137,11.511,2.733,50.847,28.381
F81022,2026-07-01,16361,8481,2537,5492,4222,1826,1626,658,15.506,33.568,25.805,11.161,9.938,4.022,51.837,25.121
F81023,2026-07-01,13785,7038,2379,5851,3464,1106,726,259,17.258,42.445,25.129,8.023,5.267,1.879,51.055,15.169
F81025,2026-07-01,10302,5189,2014,4592,2283,766,468,179,19.55,44.574,22.161,7.435,4.543,1.738,50.369,13.716
F81026,2026-07-01,8977,4784,868,1989,2224,1625,1604,667,9.669,22.157,24.774,18.102,17.868,7.43,53.292,43.4
F81027,2026-07-01,20787,10310,4077,8670,5047,1473,1102,418,19.613,41.709,24.28,7.086,5.301,2.011,49.598,14.398
F81028,2026-07-01,9100,4679,1409,2971,2436,1079,934,271,15.484,32.648,26.769,11.857,10.264,2.978,51.418,25.099
F81029,2026-07-01,8278,4243,1848,3575,1853,582,304,116,22.324,43.187,22.385,7.031,3.672,1.401,51.256,12.104
F81030,2026-07-01,17215,8845,2738,6379,4396,1679,1461,562,15.905,37.055,25.536,9.753,8.487,3.265,51.38,21.505
F81031,2026-07-01,7520,3714,1419,3130,1775,650,365,181,18.87,41.622,23.604,8.644,4.854,2.407,49.388,15.904
F81032,2026-07-01,3118,1567,436,978,819,391,345,149,13.983,31.366,26.267,12.54,11.065,4.779,50.257,28.384
F81034,2026-07-01,9874,5045,1495,2974,2808,1260,981,356,15.141,30.12,28.438,12.761,9.935,3.605,51.094,26.301
F81036,2026-07-01,18223,9226,2968,6737,4956,1653,1360,549,16.287,36.97,27.196,9.071,7.463,3.013,50.628,19.547
F81037,2026-07-01,8785,4411,1390,3247,2184,932,733,299,15.822,36.961,24.861,10.609,8.344,3.404,50.211,22.356
F81038,2026-07-01,13021,6744,2088,4516,3298,1480,1168,471,16.036,34.682,25.328,11.366,8.97,3.617,51.793,23.954
F81040,2026-07-01,4817,2432,626,1377,1417,673,523,201,12.996,28.586,29.417,13.971,10.857,4.173,50.488,29.001
F81041,2026-07-01,14448,7443,2369,5375,3384,1422,1382,516,16.397,37.202,23.422,9.842,9.565,3.571,51.516,22.979
F81042,2026-07-01,43304,22006,7542,18192,10425,3500,2678,967,17.416,42.01,24.074,8.082,6.184,2.233,50.817,16.5
F81043,2026-07-01,17865,9169,2684,5768,4903,2009,1774,727,15.024,32.287,27.445,11.245,9.93,4.069,51.324,25.245
F81044,2026-07-01,7309,3774,967,2166,2146,1025,741,264,13.23,29.635,29.361,14.024,10.138,3.612,51.635,27.774
F81045,2026-07-01,6796,3364,1123,2477,1713,658,596,229,16.524,36.448,25.206,9.682,8.77,3.37,49.5,21.822
F81046,2026-07-01,4453,2230,566,1439,1139,597,506,206,12.711,32.315,25.578,13.407,11.363,4.626,50.079,29.396
F81047,2026-07-01,11167,5677,2025,4469,2735,1069,576,293,18.134,40.02,24.492,9.573,5.158,2.624,50.837,17.355
F81048,2026-07-01,10059,5096,1374,3659,2878,1031,762,355,13.659,36.375,28.611,10.25,7.575,3.529,50.661,21.354
F81049,2026-07-01,12862,6646,2045,4321,3362,1498,1167,469,15.9,33.595,26.139,11.647,9.073,3.646,51.672,24.366
F81051,2026-07-01,7726,3878,1355,2822,1851,864,660,174,17.538,36.526,23.958,11.183,8.543,2.252,50.194,21.978
F81052,2026-07-01,15922,8438,2148,4705,3934,2261,2054,820,13.491,29.55,24.708,14.2,12.9,5.15,52.996,32.251
F81053,2026-07-01,21587,10888,3978,8162,5656,1927,1380,484,18.428,37.81,26.201,8.927,6.393,2.242,50.438,17.561
F81055,2026-07-01,13348,6829,2205,4701,3584,1355,1021,482,16.519,35.219,26.85,10.151,7.649,3.611,51.161,21.411
F81056,2026-07-01,11950,6129,2194,4622,2860,1179,822,273,18.36,38.678,23.933,9.866,6.879,2.285,51.289,19.029
F81057,2026-07-01,14616,7418,2304,6104,3779,1135,865,429,15.764,41.762,25.855,7.765,5.918,2.935,50.753,16.619
F81060,2026-07-01,5001,2558,1105,2113,1106,395,197,85,22.096,42.252,22.116,7.898,3.939,1.7,51.15,13.537
F81061,2026-07-01,7993,4122,1203,2570,1974,970,989,287,15.051,32.153,24.697,12.136,12.373,3.591,51.57,28.1
F81062,2026-07-01,8513,4351,1517,3294,2109,762,566,265,17.82,38.694,24.774,8.951,6.649,3.113,51.11,18.713
F81065,2026-07-01,4313,2174,694,1589,1175,396,361,98,16.091,36.842,27.243,9.182,8.37,2.272,50.406,19.824
F81066,2026-07-01,6521,3378,930,2089,1693,837,721,251,14.262,32.035,25.962,12.835,11.057,3.849,51.802,27.741
F81067,2026-07-01,13896,7137,2075,4605,3747,1554,1357,558,14.932,33.139,26.965,11.183,9.765,4.016,51.36,24.964
F81068,2026-07-01,17091,8781,2714,5968,4551,1796,1489,573,15.88,34.919,26.628,10.508,8.712,3.353,51.378,22.573
F81069,2026-07-01,8956,4525,1653,3369,2269,800,666,199,18.457,37.617,25.335,8.933,7.436,2.222,50.525,18.591
F81071,2026-07-01,13586,6780,1962,6884,2906,912,652,270,14.441,50.67,21.39,6.713,4.799,1.987,49.904,13.499
F81072,2026-07-01,8547,4331,1524,3187,2174,799,642,221,17.831,37.288,25.436,9.348,7.511,2.586,50.673,19.445
F81075,2026-07-01,11130,5687,1476,3512,2993,1364,1294,491,13.261,31.554,26.891,12.255,11.626,4.412,51.096,28.293
F81076,2026-07-01,4765,2405,628,1436,1357,707,497,140,13.179,30.136,28.478,14.837,10.43,2.938,50.472,28.206
F81078,2026-07-01,11719,5914,2288,4806,3029,882,556,158,19.524,41.01,25.847,7.526,4.744,1.348,50.465,13.619
F81080,2026-07-01,12223,6278,1835,4004,3464,1343,1201,376,15.013,32.758,28.34,10.987,9.826,3.076,51.362,23.889
F81081,2026-07-01,21951,11075,3770,9230,5538,1855,1132,426,17.175,42.048,25.229,8.451,5.157,1.941,50.453,15.548
F81082,2026-07-01,4191,2035,696,1545,1003,412,399,136,16.607,36.865,23.932,9.831,9.52,3.245,48.556,22.596
F81083,2026-07-01,11776,5935,1838,4677,3032,921,901,407,15.608,39.716,25.747,7.821,7.651,3.456,50.399,18.928
F81085,2026-07-01,13425,6779,2322,5350,3198,1140,973,442,17.296,39.851,23.821,8.492,7.248,3.292,50.495,19.032
F81086,2026-07-01,7621,3815,1326,2756,2061,703,573,202,17.399,36.163,27.044,9.225,7.519,2.651,50.059,19.394
F81087,2026-07-01,13658,6903,2027,5033,3532,1374,1208,484,14.841,36.85,25.86,10.06,8.845,3.544,50.542,22.448
F81088,2026-07-01,2751,1379,510,1044,680,246,225,46,18.539,37.95,24.718,8.942,8.179,1.672,50.127,18.793
F81089,2026-07-01,10115,5175,1438,3396,2654,1215,1060,352,14.217,33.574,26.238,12.012,10.479,3.48,51.162,25.971
F81090,2026-07-01,12046,6203,2088,4256,3108,1247,978,369,17.334,35.331,25.801,10.352,8.119,3.063,51.494,21.534
F81091,2026-07-01,9413,4814,1377,4282,2117,759,644,234,14.629,45.49,22.49,8.063,6.842,2.486,51.142,17.391
F81092,2026-07-01,4599,2246,740,1525,1254,525,392,163,16.09,33.159,27.267,11.416,8.524,3.544,48.837,23.483
F81095,2026-07-01,21861,10767,4334,9692,4870,1610,1028,327,19.825,44.335,22.277,7.365,4.702,1.496,49.252,13.563
F81096,2026-07-01,10788,5541,1639,3610,2602,1348,1196,393,15.193,33.463,24.119,12.495,11.086,3.643,51.363,27.225
F81097,2026-07-01,17701,8794,3097,7023,4672,1437,1047,425,17.496,39.676,26.394,8.118,5.915,2.401,49.681,16.434
F81098,2026-07-01,8011,4136,1174,2587,2190,961,808,291,14.655,32.293,27.337,11.996,10.086,3.633,51.629,25.715
F81099,2026-07-01,12901,6575,1708,4123,3428,1703,1461,478,13.239,31.959,26.572,13.201,11.325,3.705,50.965,28.23
F81100,2026-07-01,23425,11680,3653,8018,6395,2510,2069,780,15.594,34.228,27.3,10.715,8.832,3.33,49.861,22.877
F81101,2026-07-01,5485,2813,747,1741,1532,596,630,239,13.619,31.741,27.931,10.866,11.486,4.357,51.285,26.709
F81102,2026-07-01,7280,3744,1275,2694,1987,591,488,245,17.514,37.005,27.294,8.118,6.703,3.365,51.429,18.187
F81104,2026-07-01,4273,2132,712,1515,1025,463,407,151,16.663,35.455,23.988,10.835,9.525,3.534,49.895,23.894
F81105,2026-07-01,20923,10752,3549,7430,5957,1939,1574,474,16.962,35.511,28.471,9.267,7.523,2.265,51.388,19.056
F81106,2026-07-01,10854,5529,2115,4460,2575,1005,467,232,19.486,41.091,23.724,9.259,4.303,2.137,50.94,15.699
F81108,2026-07-01,18771,9584,3209,7606,4556,1698,1247,455,17.096,40.52,24.271,9.046,6.643,2.424,51.057,18.113
F81110,2026-07-01,12160,6210,2746,5125,2729,872,501,187,22.582,42.146,22.442,7.171,4.12,1.538,51.069,12.829
F81112,2026-07-01,15582,8130,2377,5184,4237,1728,1537,519,15.255,33.269,27.192,11.09,9.864,3.331,52.176,24.284
F81113,2026-07-01,14069,7145,2646,5878,4182,823,405,135,18.807,41.78,29.725,5.85,2.879,0.96,50.785,9.688
F81114,2026-07-01,13628,7011,1992,4692,3650,1384,1340,570,14.617,34.429,26.783,10.156,9.833,4.183,51.446,24.171
F81115,2026-07-01,26944,13795,4124,9114,7335,2911,2478,982,15.306,33.826,27.223,10.804,9.197,3.645,51.199,23.645
F81116,2026-07-01,10874,5581,1480,3321,2910,1401,1297,465,13.61,30.541,26.761,12.884,11.928,4.276,51.324,29.088
F81117,2026-07-01,10279,4905,1598,4254,2723,822,576,306,15.546,41.385,26.491,7.997,5.604,2.977,47.719,16.577
F81118,2026-07-01,14712,7485,2527,5211,3967,1497,1077,433,17.176,35.42,26.964,10.175,7.321,2.943,50.877,20.439
F81119,2026-07-01,8283,4220,1217,2585,2313,1068,826,274,14.693,31.208,27.925,12.894,9.972,3.308,50.948,26.174
F81120,2026-07-01,12683,6371,2319,5239,3036,1176,668,245,18.284,41.307,23.938,9.272,5.267,1.932,50.233,16.471
F81121,2026-07-01,15398,7892,2389,5387,4122,1636,1426,438,15.515,34.985,26.77,10.625,9.261,2.845,51.253,22.73
F81122,2026-07-01,32054,16171,5421,12133,8183,3002,2443,872,16.912,37.852,25.529,9.365,7.622,2.72,50.449,19.707
F81123,2026-07-01,20868,10734,3177,6922,5587,2109,2162,911,15.224,33.17,26.773,10.106,10.36,4.366,51.438,24.832
F81125,2026-07-01,13908,7079,1789,4671,3801,1731,1394,522,12.863,33.585,27.33,12.446,10.023,3.753,50.899,26.222
F81126,2026-07-01,9952,5020,1366,2939,2710,1411,1153,373,13.726,29.532,27.231,14.178,11.586,3.748,50.442,29.512
F81128,2026-07-01,14515,7409,2171,4693,3799,1635,1621,596,14.957,32.332,26.173,11.264,11.168,4.106,51.044,26.538
F81130,2026-07-01,6002,3036,835,1948,1725,740,589,165,13.912,32.456,28.74,12.329,9.813,2.749,50.583,24.892
F81131,2026-07-01,9251,4705,1405,2999,2632,1098,830,287,15.188,32.418,28.451,11.869,8.972,3.102,50.859,23.943
F81132,2026-07-01,17220,8721,2870,6372,4308,1733,1450,487,16.667,37.003,25.017,10.064,8.42,2.828,50.645,21.312
F81133,2026-07-01,12262,6311,1768,3862,3214,1487,1514,417,14.419,31.496,26.211,12.127,12.347,3.401,51.468,27.875
F81134,2026-07-01,7470,3818,1355,2840,1975,674,469,157,18.139,38.019,26.439,9.023,6.278,2.102,51.111,17.403
F81136,2026-07-01,15108,7731,2921,6412,3760,1040,702,273,19.334,42.441,24.887,6.884,4.647,1.807,51.172,13.337
F81137,2026-07-01,7212,3676,1125,2438,2039,813,600,197,15.599,33.805,28.272,11.273,8.319,2.732,50.971,22.324
F81141,2026-07-01,14338,5467,680,11177,1341,603,378,159,4.743,77.954,9.353,4.206,2.636,1.109,38.129,7.951
F81142,2026-07-01,6766,3450,1036,2400,1690,739,691,210,15.312,35.471,24.978,10.922,10.213,3.104,50.99,24.239
F81144,2026-07-01,21969,11358,3758,7852,6050,2023,1489,797,17.106,35.741,27.539,9.208,6.778,3.628,51.7,19.614
F81147,2026-07-01,4920,2403,701,1760,1247,520,418,274,14.248,35.772,25.346,10.569,8.496,5.569,48.841,24.634
F81149,2026-07-01,11392,5803,1760,3951,3040,1293,985,363,15.449,34.682,26.685,11.35,8.646,3.186,50.939,23.183
F81150,2026-07-01,13218,6657,2813,5844,3035,844,437,245,21.282,44.212,22.961,6.385,3.306,1.854,50.363,11.545
F81152,2026-07-01,11883,6130,2122,4702,3041,1069,695,254,17.857,39.569,25.591,8.996,5.849,2.138,51.586,16.982
F81153,2026-07-01,13499,7007,2255,5089,3490,1188,1134,343,16.705,37.699,25.854,8.801,8.401,2.541,51.908,19.742
F81155,2026-07-01,5435,2701,986,2173,1414,476,277,109,18.142,39.982,26.017,8.758,5.097,2.006,49.696,15.86
F81156,2026-07-01,9296,4767,1609,3359,2092,1074,802,360,17.309,36.134,22.504,11.553,8.627,3.873,51.28,24.053
F81158,2026-07-01,3733,1943,678,1432,928,392,232,71,18.162,38.361,24.859,10.501,6.215,1.902,52.049,18.618
F81159,2026-07-01,7099,3435,1206,3811,1526,317,179,60,16.988,53.684,21.496,4.465,2.521,0.845,48.387,7.832
F81163,2026-07-01,7246,3702,1261,2506,1954,711,548,266,17.403,34.585,26.967,9.812,7.563,3.671,51.09,21.046
F81164,2026-07-01,9338,4659,1553,3714,2528,830,527,186,16.631,39.773,27.072,8.888,5.644,1.992,49.893,16.524
F81165,2026-07-01,4558,2306,783,1588,1203,533,335,116,17.179,34.84,26.393,11.694,7.35,2.545,50.592,21.588
F81169,2026-07-01,7874,4023,1230,2844,2200,712,621,267,15.621,36.119,27.94,9.042,7.887,3.391,51.092,20.32
F81170,2026-07-01,13700,6950,2025,4896,3571,1612,1300,296,14.781,35.737,26.066,11.766,9.489,2.161,50.73,23.416
F81173,2026-07-01,6344,3198,1366,2602,1457,480,379,60,21.532,41.015,22.967,7.566,5.974,0.946,50.41,14.486
F81176,2026-07-01,3304,1653,619,1298,802,316,214,55,18.735,39.286,24.274,9.564,6.477,1.665,50.03,17.706
F81177,2026-07-01,4309,2176,839,1756,969,381,274,90,19.471,40.752,22.488,8.842,6.359,2.089,50.499,17.289
F81181,2026-07-01,22989,11377,4577,10631,5120,1602,784,275,19.91,46.244,22.272,6.969,3.41,1.196,49.489,11.575
F81183,2026-07-01,5998,2981,810,1798,1695,871,624,200,13.505,29.977,28.259,14.522,10.403,3.334,49.7,28.259
F81184,2026-07-01,4249,2109,613,1407,1164,556,397,112,14.427,33.114,27.395,13.085,9.343,2.636,49.635,25.065
F81186,2026-07-01,7085,3593,1549,3096,1571,482,296,91,21.863,43.698,22.174,6.803,4.178,1.284,50.713,12.265
F81192,2026-07-01,10297,5262,1659,3848,2580,1026,874,310,16.111,37.37,25.056,9.964,8.488,3.011,51.102,21.463
F81193,2026-07-01,7238,3689,1426,2941,1638,607,484,142,19.702,40.633,22.631,8.386,6.687,1.962,50.967,17.035
F81197,2026-07-01,2647,1305,472,1069,724,232,127,23,17.832,40.385,27.352,8.765,4.798,0.869,49.301,14.431
F81198,2026-07-01,2583,1279,361,870,735,288,254,75,13.976,33.682,28.455,11.15,9.834,2.904,49.516,23.887
F81205,2026-07-01,5789,2862,928,1991,1470,701,547,152,16.03,34.393,25.393,12.109,9.449,2.626,49.439,24.184
F81206,2026-07-01,5773,2931,1377,2567,1285,343,148,53,23.852,44.466,22.259,5.941,2.564,0.918,50.771,9.423
F81207,2026-07-01,2896,1325,507,1342,725,171,107,44,17.507,46.34,25.035,5.905,3.695,1.519,45.753,11.119
F81211,2026-07-01,5165,2546,943,2203,1328,380,240,71,18.258,42.652,25.712,7.357,4.647,1.375,49.293,13.379
F81212,2026-07-01,9582,4688,1674,3614,2352,1026,688,228,17.47,37.717,24.546,10.708,7.18,2.379,48.925,20.267
F81213,2026-07-01,7580,3880,1002,2090,2051,1201,948,288,13.219,27.573,27.058,15.844,12.507,3.799,51.187,32.15
F81215,2026-07-01,10084,5093,1632,3222,2719,1166,977,368,16.184,31.952,26.964,11.563,9.689,3.649,50.506,24.901
F81216,2026-07-01,4446,2329,705,1637,1234,395,303,172,15.857,36.82,27.755,8.884,6.815,3.869,52.384,19.568
F81219,2026-07-01,5358,2714,949,2009,1385,493,388,134,17.712,37.495,25.849,9.201,7.242,2.501,50.653,18.944
F81221,2026-07-01,5066,2521,734,1726,1369,646,459,132,14.489,34.07,27.023,12.752,9.06,2.606,49.763,24.418
F81222,2026-07-01,5067,2550,831,1909,1400,511,272,144,16.4,37.675,27.63,10.085,5.368,2.842,50.326,18.295
F81223,2026-07-01,3328,1618,492,1155,945,357,291,88,14.784,34.706,28.395,10.727,8.744,2.644,48.618,22.115
F81606,2026-07-01,2914,1490,350,842,838,457,339,88,12.011,28.895,28.758,15.683,11.633,3.02,51.132,30.336
F81613,2026-07-01,8777,4505,1443,3258,2283,938,626,229,16.441,37.12,26.011,10.687,7.132,2.609,51.327,20.428
F81618,2026-07-01,4544,2338,796,1717,1162,362,377,130,17.518,37.786,25.572,7.967,8.297,2.861,51.452,19.124
F81619,2026-07-01,3941,1930,760,1588,945,387,190,71,19.284,40.294,23.979,9.82,4.821,1.802,48.972,16.443
F81623,2026-07-01,2242,1043,338,880,637,197,147,43,15.076,39.251,28.412,8.787,6.557,1.918,46.521,17.261
F81632,2026-07-01,6163,3185,1443,2736,1438,303,193,50,23.414,44.394,23.333,4.916,3.132,0.811,51.679,8.859
F81633,2026-07-01,5380,2768,924,1976,1324,589,435,132,17.175,36.729,24.61,10.948,8.086,2.454,51.45,21.487
F81635,2026-07-01,2444,1190,494,1038,561,188,129,34,20.213,42.471,22.954,7.692,5.278,1.391,48.691,14.362
F81636,2026-07-01,18356,9325,3702,7831,4673,1106,814,230,20.168,42.662,25.458,6.025,4.435,1.253,50.801,11.713
F81640,2026-07-01,4351,2183,868,1739,1077,406,219,42,19.949,39.968,24.753,9.331,5.033,0.965,50.172,15.33
F81641,2026-07-01,7455,3580,1414,3358,1712,534,308,129,18.967,45.044,22.964,7.163,4.131,1.73,48.021,13.025
F81645,2026-07-01,4290,2196,757,1621,1083,460,315,54,17.646,37.786,25.245,10.723,7.343,1.259,51.189,19.324
F81649,2026-07-01,4526,2286,708,1615,1155,556,379,113,15.643,35.683,25.519,12.285,8.374,2.497,50.508,23.155
F81652,2026-07-01,5490,2817,1060,2151,1178,469,425,207,19.308,39.18,21.457,8.543,7.741,3.77,51.311,20.055
F81656,2026-07-01,2704,1307,419,1118,693,265,158,51,15.496,41.346,25.629,9.8,5.843,1.886,48.336,17.53
F81665,2026-07-01,5109,2500,935,2012,1406,405,277,74,18.301,39.381,27.52,7.927,5.422,1.448,48.933,14.797
F81666,2026-07-01,3294,1614,524,1285,894,324,208,59,15.908,39.01,27.14,9.836,6.315,1.791,48.998,17.942
F81669,2026-07-01,7022,3525,1683,3094,1690,351,170,34,23.968,44.062,24.067,4.999,2.421,0.484,50.199,7.904
F81674,2026-07-01,11774,5935,1979,4141,3016,1490,902,246,16.808,35.171,25.616,12.655,7.661,2.089,50.408,22.405
F81675,2026-07-01,5858,2935,1176,2435,1397,466,300,84,20.075,41.567,23.848,7.955,5.121,1.434,50.102,14.51
F81679,2026-07-01,7655,3827,1347,3136,1978,562,432,200,17.596,40.967,25.839,7.342,5.643,2.613,49.993,15.598
F81681,2026-07-01,15870,8047,1727,4093,3946,2799,2518,787,10.882,25.791,24.865,17.637,15.866,4.959,50.706,38.463
F81683,2026-07-01,11525,5897,2057,4888,3025,797,541,217,17.848,42.412,26.247,6.915,4.694,1.883,51.167,13.492
F81690,2026-07-01,6261,3259,1062,2289,1525,742,494,149,16.962,36.56,24.357,11.851,7.89,2.38,52.052,22.121
F81696,2026-07-01,2824,1421,458,938,738,360,256,74,16.218,33.215,26.133,12.748,9.065,2.62,50.319,24.433
F81697,2026-07-01,2769,1319,385,1008,724,283,284,85,13.904,36.403,26.147,10.22,10.256,3.07,47.635,23.546
F81700,2026-07-01,3837,1896,550,1366,1016,489,323,93,14.334,35.601,26.479,12.744,8.418,2.424,49.414,23.586
F81704,2026-07-01,3874,1913,687,1484,1102,345,218,38,17.734,38.307,28.446,8.906,5.627,0.981,49.38,15.514
F81707,2026-07-01,6003,3064,1544,2851,1152,285,147,24,25.72,47.493,19.19,4.748,2.449,0.4,51.041,7.596
F81708,2026-07-01,11522,5854,2482,4958,2618,804,507,153,21.541,43.031,22.722,6.978,4.4,1.328,50.807,12.706
F81711,2026-07-01,3535,1758,744,1680,740,209,118,44,21.047,47.525,20.934,5.912,3.338,1.245,49.731,10.495
F81713,2026-07-01,2515,1239,284,910,803,238,220,60,11.292,36.183,31.928,9.463,8.748,2.386,49.264,20.596
F81716,2026-07-01,10110,5286,2073,4183,2487,666,501,200,20.504,41.375,24.599,6.588,4.955,1.978,52.285,13.521
F81725,2026-07-01,9710,4831,1687,3737,2596,821,609,260,17.374,38.486,26.735,8.455,6.272,2.678,49.753,17.405
F81729,2026-07-01,3454,1746,653,1351,928,310,167,45,18.906,39.114,26.867,8.975,4.835,1.303,50.55,15.113
F81730,2026-07-01,7303,3751,1107,2306,2035,883,731,241,15.158,31.576,27.865,12.091,10.01,3.3,51.362,25.401
F81732,2026-07-01,6764,3372,1185,2328,1733,698,606,214,17.519,34.418,25.621,10.319,8.959,3.164,49.852,22.442
F81737,2026-07-01,3468,1791,655,1496,861,259,156,41,18.887,43.137,24.827,7.468,4.498,1.182,51.644,13.149
F81739,2026-07-01,6687,3461,1000,2115,1664,849,800,259,14.954,31.629,24.884,12.696,11.964,3.873,51.757,28.533
F81740,2026-07-01,6499,3274,862,2027,1647,810,885,268,13.264,31.189,25.342,12.463,13.617,4.124,50.377,30.205
F81741,2026-07-01,11052,5616,1517,3350,2700,1615,1397,473,13.726,30.311,24.43,14.613,12.64,4.28,50.814,31.533
F81744,2026-07-01,2662,1326,353,885,717,363,259,85,13.261,33.246,26.935,13.636,9.73,3.193,49.812,26.559
F81746,2026-07-01,3635,1812,767,1640,953,181,70,24,21.1,45.117,26.217,4.979,1.926,0.66,49.849,7.565
F81749,2026-07-01,14781,7477,2657,5711,3773,1349,929,362,17.976,38.637,25.526,9.127,6.285,2.449,50.585,17.861
F81751,2026-07-01,4299,2142,762,1480,1190,478,312,77,17.725,34.427,27.681,11.119,7.258,1.791,49.826,20.167
F81757,2026-07-01,6528,3413,979,2035,1895,822,593,204,14.997,31.173,29.029,12.592,9.084,3.125,52.282,24.801
F82001,2026-07-01,5424,2663,1042,2467,1426,316,120,53,19.211,45.483,26.291,5.826,2.212,0.977,49.097,9.015
F82002,2026-07-01,7548,3830,1208,2618,1961,860,657,244,16.004,34.685,25.98,11.394,8.704,3.233,50.742,23.331
F82003,2026-07-01,4988,2449,983,2188,1205,373,170,69,19.707,43.865,24.158,7.478,3.408,1.383,49.098,12.269
F82005,2026-07-01,6944,3544,1633,3140,1520,356,216,79,23.517,45.219,21.889,5.127,3.111,1.138,51.037,9.375
F82006,2026-07-01,13605,7003,1991,4427,3613,1519,1400,655,14.634,32.54,26.556,11.165,10.29,4.814,51.474,26.27
F82007,2026-07-01,10177,5213,1447,3571,2601,1170,1001,387,14.218,35.089,25.558,11.497,9.836,3.803,51.223,25.135
F82008,2026-07-01,12702,6424,1790,4421,3322,1595,1131,443,14.092,34.806,26.153,12.557,8.904,3.488,50.575,24.949
F82009,2026-07-01,21590,11054,4132,9063,4842,1719,1329,505,19.138,41.978,22.427,7.962,6.156,2.339,51.2,16.457
F82010,2026-07-01,8597,4285,1746,3490,2145,705,395,116,20.309,40.596,24.951,8.201,4.595,1.349,49.843,14.144
F82011,2026-07-01,9396,4849,1649,3760,2357,809,564,257,17.55,40.017,25.085,8.61,6.003,2.735,51.607,17.348
F82013,2026-07-01,17920,9225,3181,7155,4326,1536,1157,565,17.751,39.927,24.141,8.571,6.456,3.153,51.479,18.181
F82014,2026-07-01,7226,3755,1396,2932,1748,621,390,139,19.319,40.576,24.19,8.594,5.397,1.924,51.965,15.915
F82015,2026-07-01,4927,2311,854,2295,1249,329,155,45,17.333,46.58,25.35,6.677,3.146,0.913,46.905,10.737
F82016,2026-07-01,5862,2961,977,2500,1574,449,264,98,16.667,42.648,26.851,7.66,4.504,1.672,50.512,13.835
F82017,2026-07-01,8467,4251,1646,3750,2101,564,326,80,19.44,44.29,24.814,6.661,3.85,0.945,50.207,11.456
F82018,2026-07-01,11623,5835,2271,5579,2591,689,348,145,19.539,48.0,22.292,5.928,2.994,1.248,50.202,10.169
F82019,2026-07-01,6416,3194,1153,2692,1594,498,331,148,17.971,41.958,24.844,7.762,5.159,2.307,49.782,15.228
F82021,2026-07-01,9640,4908,1589,3714,2482,882,724,249,16.483,38.527,25.747,9.149,7.51,2.583,50.913,19.243
F82022,2026-07-01,12722,6518,1959,4629,3271,1382,1097,384,15.399,36.386,25.711,10.863,8.623,3.018,51.234,22.504
F82023,2026-07-01,3472,1728,503,1379,883,338,259,110,14.487,39.718,25.432,9.735,7.46,3.168,49.77,20.363
F82025,2026-07-01,5883,2935,1258,2631,1425,350,172,47,21.384,44.722,24.222,5.949,2.924,0.799,49.89,9.672
F82027,2026-07-01,2154,1069,349,939,510,190,117,49,16.202,43.593,23.677,8.821,5.432,2.275,49.629,16.527
F82028,2026-07-01,10142,5114,1881,4106,2457,884,592,222,18.547,40.485,24.226,8.716,5.837,2.189,50.424,16.742
F82030,2026-07-01,15046,7752,2873,6205,3499,1222,888,359,19.095,41.24,23.255,8.122,5.902,2.386,51.522,16.41
F82031,2026-07-01,4220,2169,724,1715,1034,384,254,109,17.156,40.64,24.502,9.1,6.019,2.583,51.398,17.701
F82033,2026-07-01,3443,1748,487,1199,848,424,355,130,14.145,34.824,24.63,12.315,10.311,3.776,50.77,26.401
F82034,2026-07-01,10441,5088,2197,5180,2195,514,257,98,21.042,49.612,21.023,4.923,2.461,0.939,48.731,8.323
F82038,2026-07-01,4795,2401,964,2046,1209,319,187,70,20.104,42.669,25.214,6.653,3.9,1.46,50.073,12.013
F82039,2026-07-01,4765,2411,945,2107,1142,322,180,69,19.832,44.218,23.966,6.758,3.778,1.448,50.598,11.983
F82040,2026-07-01,4517,2161,877,2581,800,160,59,40,19.416,57.14,17.711,3.542,1.306,0.886,47.841,5.734
F82042,2026-07-01,20608,10375,4535,10224,4652,817,294,86,22.006,49.612,22.574,3.964,1.427,0.417,50.345,5.808
F82045,2026-07-01,3391,1691,497,1288,875,315,297,119,14.656,37.983,25.804,9.289,8.758,3.509,49.867,21.557
F82051,2026-07-01,10453,5216,2085,4610,2576,667,386,129,19.946,44.102,24.644,6.381,3.693,1.234,49.9,11.308
F82055,2026-07-01,13552,6993,2779,5726,2922,1108,736,281,20.506,42.252,21.561,8.176,5.431,2.073,51.601,15.68
F82604,2026-07-01,6094,3128,1443,2693,1392,323,181,62,23.679,44.191,22.842,5.3,2.97,1.017,51.329,9.288
F82607,2026-07-01,6688,3463,1410,2804,1491,464,350,169,21.083,41.926,22.294,6.938,5.233,2.527,51.779,14.698
F82609,2026-07-01,4334,2184,633,1440,1125,474,463,199,14.605,33.226,25.958,10.937,10.683,4.592,50.392,26.211
F82610,2026-07-01,2915,1477,508,1082,772,269,215,69,17.427,37.118,26.484,9.228,7.376,2.367,50.669,18.971
F82612,2026-07-01,11323,5419,2233,5626,2397,639,313,115,19.721,49.686,21.169,5.643,2.764,1.016,47.858,9.423
F82619,2026-07-01,3916,1972,799,1641,884,271,206,115,20.403,41.905,22.574,6.92,5.26,2.937,50.358,15.117
F82624,2026-07-01,6333,3348,1045,2383,1491,706,519,189,16.501,37.628,23.543,11.148,8.195,2.984,52.866,22.327
F82625,2026-07-01,7766,3688,1468,3953,1788,367,143,47,18.903,50.901,23.023,4.726,1.841,0.605,47.489,7.172
F82627,2026-07-01,7065,3423,1534,3237,1553,441,192,108,21.713,45.817,21.982,6.242,2.718,1.529,48.45,10.488
F82630,2026-07-01,7814,4042,1479,3118,1907,665,468,177,18.928,39.903,24.405,8.51,5.989,2.265,51.728,16.765
F82634,2026-07-01,6671,3339,1396,3321,1474,313,126,41,20.926,49.783,22.096,4.692,1.889,0.615,50.052,7.195
F82638,2026-07-01,7706,3916,1663,3658,1632,419,222,112,21.581,47.47,21.178,5.437,2.881,1.453,50.818,9.772
F82642,2026-07-01,7033,3520,1503,3057,1687,438,231,117,21.371,43.467,23.987,6.228,3.285,1.664,50.05,11.176
F82647,2026-07-01,5997,2657,929,3252,1297,313,147,59,15.491,54.227,21.627,5.219,2.451,0.984,44.305,8.654
F82648,2026-07-01,3827,1890,821,1596,897,316,155,42,21.453,41.704,23.439,8.257,4.05,1.097,49.386,13.405
F82649,2026-07-01,4416,2282,688,1661,1118,475,343,131,15.58,37.613,25.317,10.756,7.767,2.966,51.676,21.49
F82650,2026-07-01,9967,4659,2112,4806,2339,458,196,56,21.19,48.219,23.467,4.595,1.966,0.562,46.744,7.124
F82660,2026-07-01,18869,9318,3622,8512,4805,1186,524,220,19.196,45.111,25.465,6.285,2.777,1.166,49.383,10.228
F82661,2026-07-01,3767,1773,770,1832,854,215,66,30,20.441,48.633,22.671,5.707,1.752,0.796,47.067,8.256
F82663,2026-07-01,4010,1924,772,1770,914,315,187,52,19.252,44.14,22.793,7.855,4.663,1.297,47.98,13.815
F82670,2026-07-01,6116,3122,1551,2866,1255,296,113,35,25.36,46.861,20.52,4.84,1.848,0.572,51.046,7.26
F82671,2026-07-01,3524,1797,716,1521,792,215,185,95,20.318,43.161,22.474,6.101,5.25,2.696,50.993,14.047
F82674,2026-07-01,5963,3086,1151,2247,1490,473,378,224,19.302,37.682,24.987,7.932,6.339,3.756,51.752,18.028
F82675,2026-07-01,3372,1767,511,1174,881,414,263,129,15.154,34.816,26.127,12.278,7.8,3.826,52.402,23.903
F82677,2026-07-01,9035,4624,2151,4088,2105,422,195,74,23.807,45.246,23.298,4.671,2.158,0.819,51.179,7.648
F82678,2026-07-01,4766,2365,845,1883,1256,372,237,173,17.73,39.509,26.353,7.805,4.973,3.63,49.622,16.408
F82679,2026-07-01,5427,2671,1001,2480,1378,339,169,60,18.445,45.697,25.392,6.247,3.114,1.106,49.217,10.466
F82680,2026-07-01,10041,5127,2091,4639,2235,649,307,120,20.825,46.201,22.259,6.463,3.057,1.195,51.061,10.716
F82686,2026-07-01,4934,2408,1063,2421,1062,265,93,30,21.544,49.068,21.524,5.371,1.885,0.608,48.804,7.864
F83002,2026-07-01,10951,5759,1468,6000,2363,657,355,108,13.405,54.79,21.578,5.999,3.242,0.986,52.589,10.227
F83003,2026-07-01,7363,3922,882,3071,1972,677,546,215,11.979,41.709,26.783,9.195,7.415,2.92,53.266,19.53
F83004,2026-07-01,31951,15789,604,26764,3712,567,217,87,1.89,83.766,11.618,1.775,0.679,0.272,49.416,2.726
F83005,2026-07-01,20989,12175,214,19652,786,198,111,28,1.02,93.63,3.745,0.943,0.529,0.133,58.007,1.606
F83006,2026-07-01,15282,7780,1905,8118,3545,1031,486,197,12.466,53.121,23.197,6.746,3.18,1.289,50.91,11.216
F83008,2026-07-01,11842,5943,1513,6142,2676,892,474,145,12.777,51.866,22.598,7.533,4.003,1.224,50.186,12.76
F83010,2026-07-01,25327,13185,3122,13763,5880,1464,838,260,12.327,54.341,23.216,5.78,3.309,1.027,52.059,10.116
F83011,2026-07-01,8584,4563,1076,4065,2205,671,426,141,12.535,47.356,25.687,7.817,4.963,1.643,53.157,14.422
F83012,2026-07-01,7234,3718,791,3570,1745,627,385,116,10.934,49.35,24.122,8.667,5.322,1.604,51.396,15.593
F83015,2026-07-01,12953,6756,1840,6159,3250,923,592,189,14.205,47.549,25.091,7.126,4.57,1.459,52.158,13.155
F83017,2026-07-01,17367,9070,2072,8611,4425,1114,798,347,11.931,49.583,25.479,6.414,4.595,1.998,52.225,13.007
F83018,2026-07-01,7807,3883,950,3928,1993,526,281,129,12.169,50.314,25.528,6.738,3.599,1.652,49.737,11.989
F83019,2026-07-01,12576,6361,1632,5717,3474,895,614,244,12.977,45.46,27.624,7.117,4.882,1.94,50.58,13.939
F83020,2026-07-01,11635,5924,1334,5401,3110,852,663,275,11.465,46.42,26.73,7.323,5.698,2.364,50.915,15.385
F83021,2026-07-01,15717,7756,1500,8902,3649,946,550,170,9.544,56.639,23.217,6.019,3.499,1.082,49.348,10.6
F83022,2026-07-01,16389,8676,2004,8398,3761,1165,819,242,12.228,51.242,22.948,7.108,4.997,1.477,52.938,13.582
F83023,2026-07-01,23696,12418,2850,12594,5574,1578,821,279,12.027,53.148,23.523,6.659,3.465,1.177,52.405,11.301
F83032,2026-07-01,11360,5638,1251,6278,2641,716,361,113,11.012,55.264,23.248,6.303,3.178,0.995,49.63,10.475
F83033,2026-07-01,6778,3673,709,4795,849,246,111,68,10.46,70.744,12.526,3.629,1.638,1.003,54.19,6.27
F83034,2026-07-01,1576,703,81,846,394,124,97,34,5.14,53.68,25.0,7.868,6.155,2.157,44.607,16.18
F83039,2026-07-01,4726,2440,655,1929,1329,494,252,67,13.86,40.817,28.121,10.453,5.332,1.418,51.629,17.203
F83042,2026-07-01,8406,4199,494,6129,1288,300,150,45,5.877,72.912,15.322,3.569,1.784,0.535,49.952,5.889
F83043,2026-07-01,16166,7821,53,15609,273,120,81,30,0.328,96.554,1.689,0.742,0.501,0.186,48.379,1.429
F83044,2026-07-01,9029,4872,517,6718,1246,322,172,54,5.726,74.405,13.8,3.566,1.905,0.598,53.959,6.069
F83045,2026-07-01,9038,4659,998,4265,2348,795,486,146,11.042,47.19,25.979,8.796,5.377,1.615,51.549,15.789
F83048,2026-07-01,8758,4525,673,6020,1406,385,217,57,7.684,68.737,16.054,4.396,2.478,0.651,51.667,7.525
F83050,2026-07-01,3565,1792,414,1759,897,263,180,52,11.613,49.341,25.161,7.377,5.049,1.459,50.266,13.885
F83052,2026-07-01,3821,1986,495,1748,957,344,210,67,12.955,45.747,25.046,9.003,5.496,1.753,51.976,16.252
F83053,2026-07-01,7877,4141,993,4387,1797,422,202,76,12.606,55.694,22.813,5.357,2.564,0.965,52.571,8.887
F83055,2026-07-01,22962,12257,2760,14323,4259,877,565,178,12.02,62.377,18.548,3.819,2.461,0.775,53.379,7.055
F83056,2026-07-01,8884,4586,931,5982,1469,315,142,45,10.48,67.335,16.535,3.546,1.598,0.507,51.621,5.651
F83057,2026-07-01,8324,4401,995,4330,1975,575,342,107,11.953,52.018,23.727,6.908,4.109,1.285,52.871,12.302
F83058,2026-07-01,10262,4844,557,7356,1569,462,232,86,5.428,71.682,15.289,4.502,2.261,0.838,47.203,7.601
F83059,2026-07-01,22610,10513,2794,12216,5657,1167,590,186,12.357,54.029,25.02,5.161,2.609,0.823,46.497,8.594
F83060,2026-07-01,7081,3588,898,3672,1776,453,197,85,12.682,51.857,25.081,6.397,2.782,1.2,50.671,10.38
F83061,2026-07-01,5488,2812,369,3173,1274,374,227,71,6.724,57.817,23.214,6.815,4.136,1.294,51.239,12.245
F83063,2026-07-01,13527,7034,1575,8191,2611,677,342,131,11.643,60.553,19.302,5.005,2.528,0.968,52.0,8.502
F83064,2026-07-01,9193,4603,1090,5633,1797,388,192,93,11.857,61.275,19.547,4.221,2.089,1.012,50.071,7.321
F83615,2026-07-01,7752,3842,1199,3320,2189,493,418,133,15.467,42.828,28.238,6.36,5.392,1.716,49.561,13.467
F83623,2026-07-01,13053,6638,2249,4915,3836,1004,780,269,17.23,37.654,29.388,7.692,5.976,2.061,50.854,15.728
F83624,2026-07-01,16580,8124,1277,11514,2939,567,217,66,7.702,69.445,17.726,3.42,1.309,0.398,48.999,5.127
F83632,2026-07-01,6497,3113,730,3635,1466,407,193,66,11.236,55.949,22.564,6.264,2.971,1.016,47.914,10.251
F83633,2026-07-01,4964,2491,651,2641,1200,265,153,54,13.114,53.203,24.174,5.338,3.082,1.088,50.181,9.508
F83635,2026-07-01,7320,3569,499,5686,899,146,63,27,6.817,77.678,12.281,1.995,0.861,0.369,48.757,3.224
F83652,2026-07-01,11276,5471,1199,6880,2264,594,267,72,10.633,61.015,20.078,5.268,2.368,0.639,48.519,8.274
F83658,2026-07-01,6452,3353,935,3420,1466,369,198,64,14.492,53.007,22.722,5.719,3.069,0.992,51.968,9.78
F83660,2026-07-01,8847,4407,1416,4181,2363,525,273,89,16.005,47.259,26.71,5.934,3.086,1.006,49.813,10.026
F83664,2026-07-01,13188,6816,1565,8577,2329,447,213,57,11.867,65.036,17.66,3.389,1.615,0.432,51.683,5.437
F83665,2026-07-01,17097,8769,2304,9408,4112,761,384,128,13.476,55.027,24.051,4.451,2.246,0.749,51.29,7.446
F83666,2026-07-01,6541,3296,951,3626,1328,301,228,107,14.539,55.435,20.303,4.602,3.486,1.636,50.39,9.723
F83671,2026-07-01,3131,1550,480,1552,789,207,71,32,15.331,49.569,25.2,6.611,2.268,1.022,49.505,9.901
F83672,2026-07-01,15256,8292,70,14221,773,120,57,15,0.459,93.216,5.067,0.787,0.374,0.098,54.352,1.259
F83673,2026-07-01,6033,3035,767,3292,1376,396,141,61,12.713,54.567,22.808,6.564,2.337,1.011,50.307,9.912
F83674,2026-07-01,8783,4259,930,4321,2389,667,356,120,10.589,49.197,27.2,7.594,4.053,1.366,48.491,13.014
F83678,2026-07-01,2073,986,242,785,621,258,123,44,11.674,37.868,29.957,12.446,5.933,2.123,47.564,20.502
F83680,2026-07-01,4689,2333,394,2928,954,244,126,43,8.403,62.444,20.345,5.204,2.687,0.917,49.755,8.808
F83681,2026-07-01,8407,3995,983,4371,2055,559,311,128,11.693,51.992,24.444,6.649,3.699,1.523,47.52,11.871
F83683,2026-07-01,5386,2560,680,3283,1028,246,118,31,12.625,60.954,19.087,4.567,2.191,0.576,47.531,7.334
F83686,2026-07-01,10860,5727,1169,7272,1819,361,176,63,10.764,66.961,16.75,3.324,1.621,0.58,52.735,5.525
F84003,2026-07-01,14918,7647,2032,7363,3767,1096,508,152,13.621,49.356,25.251,7.347,3.405,1.019,51.26,11.771
F84004,2026-07-01,13236,6501,2380,6397,3034,822,423,180,17.981,48.33,22.922,6.21,3.196,1.36,49.116,10.766
F84006,2026-07-01,16780,7612,3080,8838,3381,918,425,138,18.355,52.67,20.149,5.471,2.533,0.822,45.364,8.826
F84008,2026-07-01,12231,6362,1687,5568,3416,940,451,169,13.793,45.524,27.929,7.685,3.687,1.382,52.015,12.754
F84009,2026-07-01,14151,7351,1577,9436,2361,475,219,83,11.144,66.681,16.684,3.357,1.548,0.587,51.947,5.491
F84010,2026-07-01,10370,4830,1806,5260,2331,575,276,122,17.416,50.723,22.478,5.545,2.662,1.176,46.577,9.383
F84012,2026-07-01,8889,3988,1501,5082,1687,376,160,83,16.886,57.172,18.979,4.23,1.8,0.934,44.864,6.964
F84013,2026-07-01,18288,9070,7160,7794,2197,646,386,105,39.151,42.618,12.013,3.532,2.111,0.574,49.595,6.217
F84014,2026-07-01,7629,3335,1240,3966,1580,512,229,102,16.254,51.986,20.71,6.711,3.002,1.337,43.715,11.05
F84015,2026-07-01,5042,2531,809,2332,1274,403,174,50,16.045,46.251,25.268,7.993,3.451,0.992,50.198,12.436
F84016,2026-07-01,11348,5519,1595,6331,2411,612,304,95,14.055,55.79,21.246,5.393,2.679,0.837,48.634,8.909
F84017,2026-07-01,19980,9867,3159,10676,4431,1094,452,168,15.811,53.433,22.177,5.475,2.262,0.841,49.384,8.579
F84018,2026-07-01,12390,6429,1966,6469,2922,649,271,113,15.868,52.211,23.584,5.238,2.187,0.912,51.889,8.337
F84021,2026-07-01,10884,5476,1245,6070,2664,584,242,79,11.439,55.77,24.476,5.366,2.223,0.726,50.312,8.315
F84022,2026-07-01,8677,4028,1043,5079,1890,417,185,63,12.02,58.534,21.782,4.806,2.132,0.726,46.422,7.664
F84025,2026-07-01,11489,5371,2067,6325,2272,492,242,91,17.991,55.053,19.775,4.282,2.106,0.792,46.749,7.181
F84030,2026-07-01,3853,1920,571,2221,760,172,94,35,14.82,57.643,19.725,4.464,2.44,0.908,49.831,7.812
F84031,2026-07-01,16456,8135,2717,9287,3109,770,396,177,16.511,56.435,18.893,4.679,2.406,1.076,49.435,8.161
F84033,2026-07-01,11023,5486,1393,5414,3073,745,313,85,12.637,49.115,27.878,6.759,2.84,0.771,49.769,10.369
F84034,2026-07-01,12879,6364,2126,6414,2997,840,394,108,16.507,49.802,23.27,6.522,3.059,0.839,49.414,10.42
F84035,2026-07-01,26228,14405,2576,19845,2949,564,222,72,9.822,75.663,11.244,2.15,0.846,0.275,54.922,3.271
F84036,2026-07-01,9082,4619,1012,5444,1838,511,212,65,11.143,59.943,20.238,5.627,2.334,0.716,50.859,8.677
F84038,2026-07-01,3300,1555,335,1703,845,267,120,30,10.152,51.606,25.606,8.091,3.636,0.909,47.121,12.636
F84039,2026-07-01,37380,18074,4596,26094,5376,913,271,130,12.295,69.807,14.382,2.442,0.725,0.348,48.352,3.515
F84044,2026-07-01,7964,3791,1299,4535,1598,351,133,48,16.311,56.944,20.065,4.407,1.67,0.603,47.602,6.68
F84047,2026-07-01,10844,5249,1619,6049,2357,498,261,60,14.93,55.782,21.736,4.592,2.407,0.553,48.405,7.553
F84050,2026-07-01,12039,5641,2437,6244,2570,520,193,75,20.243,51.865,21.347,4.319,1.603,0.623,46.856,6.545
F84051,2026-07-01,9861,4789,929,7034,1469,277,114,38,9.421,71.332,14.897,2.809,1.156,0.385,48.565,4.35
F84052,2026-07-01,17003,8362,2873,8563,4076,982,389,120,16.897,50.362,23.972,5.775,2.288,0.706,49.18,8.769
F84053,2026-07-01,6930,3133,1060,3196,1933,475,198,68,15.296,46.118,27.893,6.854,2.857,0.981,45.209,10.693
F84054,2026-07-01,11983,5807,1875,6688,2514,608,234,64,15.647,55.812,20.98,5.074,1.953,0.534,48.46,7.561
F84055,2026-07-01,3763,1749,470,2158,814,177,97,47,12.49,57.348,21.632,4.704,2.578,1.249,46.479,8.53
F84060,2026-07-01,4725,2273,546,2439,1199,324,137,80,11.556,51.619,25.376,6.857,2.899,1.693,48.106,11.45
F84062,2026-07-01,14215,7038,2522,7691,2840,752,312,98,17.742,54.105,19.979,5.29,2.195,0.689,49.511,8.174
F84063,2026-07-01,6248,3055,669,3497,1477,384,169,52,10.707,55.97,23.64,6.146,2.705,0.832,48.896,9.683
F84069,2026-07-01,13484,6840,1892,6775,3407,882,407,121,14.031,50.245,25.267,6.541,3.018,0.897,50.727,10.457
F84070,2026-07-01,9786,4348,1608,5702,1797,404,206,69,16.432,58.267,18.363,4.128,2.105,0.705,44.431,6.938
F84072,2026-07-01,13656,6892,1625,8743,2674,359,187,68,11.9,64.023,19.581,2.629,1.369,0.498,50.469,4.496
F84074,2026-07-01,9946,4608,1700,4691,2228,832,366,129,17.092,47.165,22.401,8.365,3.68,1.297,46.33,13.342
F84077,2026-07-01,9591,4754,1484,5243,2069,486,245,64,15.473,54.666,21.572,5.067,2.554,0.667,49.567,8.289
F84079,2026-07-01,10621,5078,1231,6015,2443,599,269,64,11.59,56.633,23.002,5.64,2.533,0.603,47.811,8.775
F84080,2026-07-01,9430,4628,1949,3936,2291,804,325,125,20.668,41.739,24.295,8.526,3.446,1.326,49.077,13.298
F84081,2026-07-01,13066,5708,1516,8419,2242,556,232,101,11.603,64.434,17.159,4.255,1.776,0.773,43.686,6.804
F84083,2026-07-01,9815,4832,1437,5391,2077,514,266,130,14.641,54.926,21.161,5.237,2.71,1.325,49.231,9.272
F84086,2026-07-01,6262,2852,947,2785,1668,535,231,96,15.123,44.475,26.637,8.544,3.689,1.533,45.545,13.766
F84087,2026-07-01,9190,4466,1591,5005,1901,429,175,89,17.312,54.461,20.686,4.668,1.904,0.968,48.596,7.541
F84088,2026-07-01,7973,3349,1328,4626,1436,340,157,86,16.656,58.021,18.011,4.264,1.969,1.079,42.004,7.312
F84092,2026-07-01,14103,6824,2330,7498,3132,739,310,94,16.521,53.166,22.208,5.24,2.198,0.667,48.387,8.105
F84093,2026-07-01,17545,8812,3032,8447,4471,1119,389,87,17.281,48.145,25.483,6.378,2.217,0.496,50.225,9.091
F84096,2026-07-01,17106,8691,1860,10170,3570,982,380,144,10.873,59.453,20.87,5.741,2.221,0.842,50.807,8.804
F84097,2026-07-01,12439,6062,2369,6070,2724,771,374,131,19.045,48.798,21.899,6.198,3.007,1.053,48.734,10.258
F84105,2026-07-01,11286,5652,1620,5974,2766,599,234,93,14.354,52.933,24.508,5.307,2.073,0.824,50.08,8.205
F84111,2026-07-01,10394,4732,1360,5733,2486,517,229,69,13.084,55.157,23.918,4.974,2.203,0.664,45.526,7.841
F84114,2026-07-01,11000,5018,1931,6024,2167,503,247,128,17.555,54.764,19.7,4.573,2.245,1.164,45.618,7.982
F84115,2026-07-01,8958,4665,1171,4835,2134,532,226,60,13.072,53.974,23.822,5.939,2.523,0.67,52.076,9.132
F84117,2026-07-01,9599,4896,1169,4887,2493,624,312,114,12.178,50.912,25.971,6.501,3.25,1.188,51.005,10.939
F84118,2026-07-01,12584,6054,1569,8269,2123,413,146,64,12.468,65.71,16.871,3.282,1.16,0.509,48.109,4.951
F84119,2026-07-01,12388,6338,1832,6574,2832,779,286,85,14.789,53.067,22.861,6.288,2.309,0.686,51.162,9.283
F84121,2026-07-01,15530,7475,3153,8083,3071,737,316,170,20.303,52.048,19.775,4.746,2.035,1.095,48.133,7.875
F84122,2026-07-01,16739,8110,2679,9438,3267,811,376,168,16.005,56.383,19.517,4.845,2.246,1.004,48.45,8.095
F84123,2026-07-01,17745,8648,1714,13310,2084,423,158,56,9.659,75.007,11.744,2.384,0.89,0.316,48.735,3.59
F84124,2026-07-01,5155,2433,895,2798,1168,208,69,17,17.362,54.277,22.658,4.035,1.339,0.33,47.197,5.703
F84601,2026-07-01,7392,3778,1033,3900,1859,399,146,55,13.975,52.76,25.149,5.398,1.975,0.744,51.109,8.117
F84619,2026-07-01,5098,2493,842,2655,1194,258,105,44,16.516,52.079,23.421,5.061,2.06,0.863,48.902,7.984
F84620,2026-07-01,8177,4110,1154,4386,1815,528,220,74,14.113,53.638,22.196,6.457,2.69,0.905,50.263,10.053
F84621,2026-07-01,4104,2039,467,2239,923,297,115,63,11.379,54.557,22.49,7.237,2.802,1.535,49.683,11.574
F84632,2026-07-01,826,147,0,439,340,45,2,0,0.0,53.148,41.162,5.448,0.242,0.0,17.797,5.69
F84635,2026-07-01,9509,4589,1050,5741,2057,437,167,57,11.042,60.374,21.632,4.596,1.756,0.599,48.26,6.951
F84636,2026-07-01,6302,3155,705,4050,1188,214,115,30,11.187,64.265,18.851,3.396,1.825,0.476,50.063,5.697
F84640,2026-07-01,9445,4262,669,4952,2318,820,527,159,7.083,52.43,24.542,8.682,5.58,1.683,45.124,15.945
F84641,2026-07-01,3047,1293,484,1571,652,217,79,44,15.884,51.559,21.398,7.122,2.593,1.444,42.435,11.159
F84642,2026-07-01,13713,5753,2267,8466,2300,492,140,48,16.532,61.737,16.772,3.588,1.021,0.35,41.953,4.959
F84647,2026-07-01,16982,8675,1986,11816,2543,413,167,57,11.695,69.58,14.975,2.432,0.983,0.336,51.084,3.751
F84656,2026-07-01,10103,4909,1289,6271,1883,418,187,55,12.759,62.071,18.638,4.137,1.851,0.544,48.59,6.533
F84658,2026-07-01,8966,4086,1537,4091,2298,685,257,98,17.143,45.628,25.63,7.64,2.866,1.093,45.572,11.599
F84660,2026-07-01,3227,1212,420,2242,445,99,14,7,13.015,69.476,13.79,3.068,0.434,0.217,37.558,3.719
F84666,2026-07-01,5891,2837,918,3344,1247,278,90,14,15.583,56.765,21.168,4.719,1.528,0.238,48.158,6.484
F84668,2026-07-01,5704,2684,1534,2738,1025,275,96,36,26.893,48.001,17.97,4.821,1.683,0.631,47.055,7.135
F84669,2026-07-01,9501,4425,1847,4771,2099,495,212,77,19.44,50.216,22.092,5.21,2.231,0.81,46.574,8.252
F84670,2026-07-01,6547,2924,1261,3556,1295,295,91,49,19.261,54.315,19.78,4.506,1.39,0.748,44.662,6.644
F84672,2026-07-01,8139,3863,1282,4578,1632,428,159,60,15.751,56.248,20.052,5.259,1.954,0.737,47.463,7.949
F84677,2026-07-01,7303,3494,1381,3575,1545,499,205,98,18.91,48.952,21.156,6.833,2.807,1.342,47.843,10.982
F84681,2026-07-01,10240,5078,1770,5776,2026,438,163,67,17.285,56.406,19.785,4.277,1.592,0.654,49.59,6.523
F84686,2026-07-01,9225,4544,4002,3908,913,251,115,36,43.382,42.363,9.897,2.721,1.247,0.39,49.257,4.358
F84692,2026-07-01,9205,4544,841,6220,1633,336,137,38,9.136,67.572,17.74,3.65,1.488,0.413,49.364,5.551
F84694,2026-07-01,4757,2446,562,3087,845,173,66,24,11.814,64.894,17.763,3.637,1.387,0.505,51.419,5.529
F84696,2026-07-01,5779,2920,775,3356,1183,277,141,47,13.411,58.072,20.471,4.793,2.44,0.813,50.528,8.046
F84698,2026-07-01,14485,7184,2136,9951,1976,302,89,31,14.746,68.699,13.642,2.085,0.614,0.214,49.596,2.913
F84710,2026-07-01,13090,6216,1551,7827,2692,611,315,94,11.849,59.794,20.565,4.668,2.406,0.718,47.487,7.792
F84716,2026-07-01,5347,2541,1237,2813,875,215,144,63,23.134,52.609,16.364,4.021,2.693,1.178,47.522,7.892
F84717,2026-07-01,11988,5949,1926,6832,2431,544,204,51,16.066,56.99,20.279,4.538,1.702,0.425,49.625,6.665
F84718,2026-07-01,14050,6253,1956,8794,2523,536,179,62,13.922,62.591,17.957,3.815,1.274,0.441,44.505,5.53
F84719,2026-07-01,5773,2813,590,3209,1363,386,150,75,10.22,55.586,23.61,6.686,2.598,1.299,48.727,10.584
F84720,2026-07-01,5134,2490,1046,2135,1276,395,209,73,20.374,41.586,24.854,7.694,4.071,1.422,48.5,13.187
F84724,2026-07-01,16943,7769,3339,8824,3633,811,250,86,19.707,52.081,21.442,4.787,1.476,0.508,45.854,6.77
F84729,2026-07-01,4973,2212,918,2625,1130,200,72,28,18.46,52.785,22.723,4.022,1.448,0.563,44.48,6.033
F84730,2026-07-01,9369,4378,1395,4806,2494,483,150,41,14.89,51.297,26.62,5.155,1.601,0.438,46.729,7.194
F84731,2026-07-01,2360,1169,205,1279,557,206,90,23,8.686,54.195,23.602,8.729,3.814,0.975,49.534,13.517
F84733,2026-07-01,1076,162,0,556,461,52,6,1,0.0,51.673,42.844,4.833,0.558,0.093,15.056,5.483
F84735,2026-07-01,8463,4047,1531,4113,2107,439,204,69,18.091,48.6,24.897,5.187,2.41,0.815,47.82,8.413
F84739,2026-07-01,5048,2236,851,2652,1307,172,51,15,16.858,52.536,25.891,3.407,1.01,0.297,44.295,4.715
F84740,2026-07-01,3839,1464,542,1879,1168,201,39,10,14.118,48.945,30.425,5.236,1.016,0.26,38.135,6.512
F84741,2026-07-01,2323,989,301,1272,488,152,68,42,12.957,54.757,21.007,6.543,2.927,1.808,42.574,11.279
F84747,2026-07-01,26379,12619,3993,15981,5162,849,298,96,15.137,60.582,19.569,3.218,1.13,0.364,47.837,4.712
F84749,2026-07-01,24856,11660,3552,16443,3915,675,212,59,14.29,66.153,15.751,2.716,0.853,0.237,46.91,3.806
F85002,2026-07-01,93735,47258,16953,40213,23907,7028,3963,1671,18.086,42.901,25.505,7.498,4.228,1.783,50.417,13.508
F85004,2026-07-01,12049,6085,1923,4974,3231,1097,599,225,15.96,41.281,26.816,9.104,4.971,1.867,50.502,15.943
F85007,2026-07-01,15607,7301,2174,6817,4625,1236,551,204,13.93,43.679,29.634,7.92,3.53,1.307,46.78,12.757
F85008,2026-07-01,11161,5372,1369,5038,3187,968,433,166,12.266,45.139,28.555,8.673,3.88,1.487,48.132,14.04
F85010,2026-07-01,4156,2007,615,1657,1112,419,246,107,14.798,39.87,26.756,10.082,5.919,2.575,48.292,18.576
F85013,2026-07-01,9013,4506,1376,4328,2378,579,238,114,15.267,48.02,26.384,6.424,2.641,1.265,49.994,10.33
F85014,2026-07-01,15995,8403,2023,6683,4440,1327,1106,416,12.648,41.782,27.759,8.296,6.915,2.601,52.535,17.812
F85016,2026-07-01,6847,3458,1033,2411,1754,779,594,276,15.087,35.213,25.617,11.377,8.675,4.031,50.504,24.084
F85017,2026-07-01,6338,2971,768,2855,1859,542,213,101,12.117,45.046,29.331,8.552,3.361,1.594,46.876,13.506
F85019,2026-07-01,14484,7354,2227,6476,3985,1126,502,168,15.376,44.711,27.513,7.774,3.466,1.16,50.773,12.4
F85020,2026-07-01,10103,5123,1756,3853,2659,984,617,234,17.381,38.137,26.319,9.74,6.107,2.316,50.708,18.163
F85023,2026-07-01,12440,6333,3011,5812,2759,521,243,94,24.204,46.72,22.178,4.188,1.953,0.756,50.908,6.897
F85025,2026-07-01,14917,7738,2595,6121,3868,1220,829,284,17.396,41.034,25.93,8.179,5.557,1.904,51.874,15.64
F85028,2026-07-01,6537,2873,745,2834,2067,559,226,106,11.397,43.353,31.62,8.551,3.457,1.622,43.95,13.63
F85029,2026-07-01,11725,6139,1747,3971,3294,1251,1005,457,14.9,33.868,28.094,10.67,8.571,3.898,52.358,23.139
F85030,2026-07-01,12567,6188,2085,5513,3405,901,439,224,16.591,43.869,27.095,7.17,3.493,1.782,49.24,12.445
F85031,2026-07-01,12152,6073,1715,6125,3037,745,373,157,14.113,50.403,24.992,6.131,3.069,1.292,49.975,10.492
F85032,2026-07-01,9339,4693,1559,3603,2501,804,567,305,16.693,38.58,26.78,8.609,6.071,3.266,50.252,17.946
F85033,2026-07-01,20391,10427,2915,7090,5849,2394,1538,605,14.296,34.77,28.684,11.74,7.543,2.967,51.135,22.25
F85034,2026-07-01,8926,4426,1382,4613,1945,550,290,146,15.483,51.68,21.79,6.162,3.249,1.636,49.585,11.046
F85035,2026-07-01,11608,6047,1931,4165,3261,1069,748,434,16.635,35.88,28.093,9.209,6.444,3.739,52.093,19.392
F85039,2026-07-01,7088,3711,1504,3212,1645,433,217,77,21.219,45.316,23.208,6.109,3.062,1.086,52.356,10.257
F85044,2026-07-01,6990,3507,1366,3237,1631,465,201,90,19.542,46.309,23.333,6.652,2.876,1.288,50.172,10.815
F85046,2026-07-01,10412,4941,1136,6776,1929,375,154,42,10.91,65.079,18.527,3.602,1.479,0.403,47.455,5.484
F85058,2026-07-01,5945,3004,993,2481,1543,560,262,106,16.703,41.733,25.955,9.42,4.407,1.783,50.53,15.61
F85060,2026-07-01,5104,2450,618,2466,1394,347,180,99,12.108,48.315,27.312,6.799,3.527,1.94,48.002,12.265
F85061,2026-07-01,2742,1393,323,972,929,291,180,47,11.78,35.449,33.88,10.613,6.565,1.714,50.802,18.891
F85063,2026-07-01,17767,9359,2906,7314,4820,1450,1016,261,16.356,41.166,27.129,8.161,5.718,1.469,52.676,15.349
F85064,2026-07-01,7656,3680,1062,3971,1762,518,242,101,13.871,51.868,23.015,6.766,3.161,1.319,48.067,11.246
F85065,2026-07-01,3284,1615,473,1566,806,257,127,55,14.403,47.686,24.543,7.826,3.867,1.675,49.178,13.368
F85066,2026-07-01,18390,9196,2767,7796,5327,1466,769,265,15.046,42.393,28.967,7.972,4.182,1.441,50.005,13.594
F85067,2026-07-01,4138,1955,373,2003,1167,323,178,94,9.014,48.405,28.202,7.806,4.302,2.272,47.245,14.379
F85069,2026-07-01,9282,4930,1112,4355,2476,789,439,111,11.98,46.919,26.675,8.5,4.73,1.196,53.114,14.426
F85071,2026-07-01,12067,5744,2389,5921,2805,607,240,105,19.798,49.068,23.245,5.03,1.989,0.87,47.601,7.889
F85072,2026-07-01,9127,4554,1395,3569,2516,865,542,240,15.284,39.104,27.567,9.477,5.938,2.63,49.896,18.045
F85615,2026-07-01,5697,2732,915,2656,1598,354,110,64,16.061,46.621,28.05,6.214,1.931,1.123,47.955,9.268
F85623,2026-07-01,4569,2292,679,2223,1197,289,124,57,14.861,48.654,26.198,6.325,2.714,1.248,50.164,10.287
F85625,2026-07-01,6947,3555,1076,2534,1979,693,444,221,15.489,36.476,28.487,9.976,6.391,3.181,51.173,19.548
F85628,2026-07-01,10060,5423,1335,6292,1745,398,199,91,13.27,62.545,17.346,3.956,1.978,0.905,53.907,6.839
F85634,2026-07-01,9636,4769,1847,4630,2250,551,249,109,19.168,48.049,23.35,5.718,2.584,1.131,49.491,9.433
F85640,2026-07-01,6443,3101,987,2780,1903,412,275,86,15.319,43.148,29.536,6.395,4.268,1.335,48.13,11.998
F85642,2026-07-01,8980,4674,1374,3521,2536,754,533,262,15.301,39.209,28.241,8.396,5.935,2.918,52.049,17.249
F85650,2026-07-01,5946,2938,1026,2677,1411,444,285,103,17.255,45.022,23.73,7.467,4.793,1.732,49.411,13.993
F85663,2026-07-01,4718,2345,792,2070,1160,406,196,94,16.787,43.875,24.587,8.605,4.154,1.992,49.703,14.752
F85666,2026-07-01,4010,1987,634,1748,1103,316,139,70,15.81,43.591,27.506,7.88,3.466,1.746,49.551,13.092
F85669,2026-07-01,23394,11425,3324,13992,4932,812,248,86,14.209,59.81,21.082,3.471,1.06,0.368,48.837,4.899
F85675,2026-07-01,5538,2722,737,2144,1732,449,341,135,13.308,38.714,31.275,8.108,6.157,2.438,49.151,16.703
F85676,2026-07-01,5662,2896,1050,2484,1416,420,205,87,18.545,43.871,25.009,7.418,3.621,1.537,51.148,12.575
F85678,2026-07-01,4036,1964,737,1750,1117,258,130,44,18.261,43.36,27.676,6.392,3.221,1.09,48.662,10.704
F85682,2026-07-01,6075,3052,974,2720,1639,459,214,69,16.033,44.774,26.979,7.556,3.523,1.136,50.239,12.214
F85687,2026-07-01,8531,4273,1381,3511,2379,607,441,212,16.188,41.156,27.887,7.115,5.169,2.485,50.088,14.77
F85688,2026-07-01,10323,5167,1653,3934,3249,793,483,211,16.013,38.109,31.473,7.682,4.679,2.044,50.053,14.405
F85697,2026-07-01,1609,688,155,726,481,137,65,45,9.633,45.121,29.894,8.515,4.04,2.797,42.759,15.351
F85700,2026-07-01,8027,3819,1428,3976,1918,400,214,91,17.79,49.533,23.894,4.983,2.666,1.134,47.577,8.783
F85701,2026-07-01,12294,6126,2329,5390,3130,775,461,209,18.944,43.843,25.46,6.304,3.75,1.7,49.829,11.754
F85705,2026-07-01,13191,6179,2168,6413,3348,779,353,130,16.435,48.616,25.381,5.906,2.676,0.986,46.843,9.567
F86001,2026-07-01,11917,6065,1753,6584,2475,692,311,102,14.71,55.249,20.769,5.807,2.61,0.856,50.894,9.272
F86004,2026-07-01,15298,7846,2779,5832,4141,1335,914,297,18.166,38.123,27.069,8.727,5.975,1.941,51.288,16.643
F86005,2026-07-01,7740,3862,1553,3515,1968,430,213,61,20.065,45.413,25.426,5.556,2.752,0.788,49.897,9.096
F86006,2026-07-01,6278,3095,1021,2832,1747,419,183,76,16.263,45.11,27.827,6.674,2.915,1.211,49.299,10.8
F86007,2026-07-01,13565,6913,2571,5829,3318,998,635,214,18.953,42.971,24.46,7.357,4.681,1.578,50.962,13.616
F86008,2026-07-01,15130,7286,2503,7693,3156,939,561,278,16.543,50.846,20.859,6.206,3.708,1.837,48.156,11.751
F86009,2026-07-01,7037,3408,911,3132,1769,650,414,161,12.946,44.508,25.139,9.237,5.883,2.288,48.43,17.408
F86010,2026-07-01,16668,8363,2945,7590,3894,1156,764,319,17.669,45.536,23.362,6.935,4.584,1.914,50.174,13.433
F86011,2026-07-01,9174,4067,1379,4294,2385,656,301,159,15.032,46.806,25.997,7.151,3.281,1.733,44.332,12.165
F86012,2026-07-01,9358,4765,1219,3268,2662,1027,838,344,13.026,34.922,28.446,10.975,8.955,3.676,50.919,23.605
F86013,2026-07-01,5757,2874,986,2211,1658,471,321,110,17.127,38.405,28.8,8.181,5.576,1.911,49.922,15.668
F86018,2026-07-01,9822,4963,1662,4193,2567,765,448,187,16.921,42.69,26.135,7.789,4.561,1.904,50.529,14.254
F86020,2026-07-01,6570,3415,1117,2735,1567,569,416,166,17.002,41.629,23.851,8.661,6.332,2.527,51.979,17.519
F86022,2026-07-01,15020,6803,2667,7729,3162,844,448,170,17.756,51.458,21.052,5.619,2.983,1.132,45.293,9.734
F86023,2026-07-01,10397,5264,1689,4325,2631,799,661,292,16.245,41.599,25.305,7.685,6.358,2.809,50.63,16.851
F86025,2026-07-01,18669,8731,3596,9749,3787,904,448,185,19.262,52.22,20.285,4.842,2.4,0.991,46.767,8.233
F86026,2026-07-01,7405,3638,1284,3457,1830,500,249,85,17.34,46.685,24.713,6.752,3.363,1.148,49.129,11.263
F86028,2026-07-01,11181,5627,2307,5144,2574,659,308,189,20.633,46.007,23.021,5.894,2.755,1.69,50.326,10.339
F86030,2026-07-01,8080,3727,1459,4143,1843,379,189,67,18.057,51.275,22.809,4.691,2.339,0.829,46.126,7.859
F86032,2026-07-01,9020,4639,1563,3431,2418,817,561,230,17.328,38.038,26.807,9.058,6.22,2.55,51.43,17.827
F86034,2026-07-01,7528,3683,1531,3764,1535,437,196,65,20.337,50.0,20.391,5.805,2.604,0.863,48.924,9.272
F86036,2026-07-01,14289,7167,2439,6303,3781,1105,496,165,17.069,44.111,26.461,7.733,3.471,1.155,50.157,12.359
F86038,2026-07-01,11076,5118,2071,5424,2642,608,237,94,18.698,48.971,23.853,5.489,2.14,0.849,46.208,8.478
F86040,2026-07-01,5300,2467,1079,2444,1305,300,128,44,20.358,46.113,24.623,5.66,2.415,0.83,46.547,8.906
F86042,2026-07-01,5941,2831,1269,2799,1292,349,170,62,21.36,47.113,21.747,5.874,2.861,1.044,47.652,9.779
F86044,2026-07-01,10371,4858,1780,5518,2282,494,212,85,17.163,53.206,22.004,4.763,2.044,0.82,46.842,7.627
F86045,2026-07-01,1885,768,214,935,525,129,61,21,11.353,49.602,27.851,6.844,3.236,1.114,40.743,11.194
F86057,2026-07-01,9103,4634,1715,4076,2175,610,376,151,18.84,44.776,23.893,6.701,4.131,1.659,50.906,12.49
F86058,2026-07-01,14774,7050,2576,7334,3698,766,290,110,17.436,49.641,25.03,5.185,1.963,0.745,47.719,7.892
F86060,2026-07-01,14364,7148,2761,6608,3355,900,534,206,19.222,46.004,23.357,6.266,3.718,1.434,49.763,11.417
F86062,2026-07-01,5975,2744,934,2807,1529,403,213,89,15.632,46.979,25.59,6.745,3.565,1.49,45.925,11.799
F86064,2026-07-01,4605,2379,653,1777,1405,411,252,107,14.18,38.588,30.51,8.925,5.472,2.324,51.661,16.721
F86066,2026-07-01,7200,3714,1192,2705,2063,627,438,175,16.556,37.569,28.653,8.708,6.083,2.431,51.583,17.222
F86074,2026-07-01,13171,6358,2212,6306,3388,811,346,108,16.794,47.878,25.723,6.157,2.627,0.82,48.273,9.604
F86078,2026-07-01,6423,3247,834,2271,1814,733,538,233,12.985,35.357,28.242,11.412,8.376,3.628,50.553,23.416
F86081,2026-07-01,7103,3617,1283,3052,1760,542,326,140,18.063,42.968,24.778,7.631,4.59,1.971,50.922,14.191
F86082,2026-07-01,6076,2813,1051,3156,1257,396,157,59,17.298,51.942,20.688,6.517,2.584,0.971,46.297,10.072
F86083,2026-07-01,6049,2874,877,2589,1463,618,384,118,14.498,42.8,24.186,10.217,6.348,1.951,47.512,18.515
F86085,2026-07-01,3497,1656,538,1574,899,282,140,64,15.385,45.01,25.708,8.064,4.003,1.83,47.355,13.898
F86086,2026-07-01,5837,2879,1204,2612,1521,330,128,42,20.627,44.749,26.058,5.654,2.193,0.72,49.323,8.566
F86087,2026-07-01,7045,3392,1314,3369,1564,493,226,79,18.652,47.821,22.2,6.998,3.208,1.121,48.148,11.327
F86088,2026-07-01,5044,2356,725,2451,1216,375,183,94,14.374,48.592,24.108,7.435,3.628,1.864,46.709,12.926
F86607,2026-07-01,19671,10186,3601,10085,4608,804,439,134,18.306,51.268,23.425,4.087,2.232,0.681,51.782,7.0
F86612,2026-07-01,3165,1593,548,1332,774,257,175,79,17.314,42.085,24.455,8.12,5.529,2.496,50.332,16.145
F86616,2026-07-01,8998,4679,1918,3701,2119,608,430,222,21.316,41.131,23.55,6.757,4.779,2.467,52.0,14.003
F86621,2026-07-01,6627,3166,1091,3237,1510,461,257,71,16.463,48.846,22.786,6.956,3.878,1.071,47.774,11.906
F86624,2026-07-01,3349,1646,499,1352,880,336,206,76,14.9,40.37,26.277,10.033,6.151,2.269,49.149,18.453
F86625,2026-07-01,5560,2647,746,2581,1534,434,182,83,13.417,46.421,27.59,7.806,3.273,1.493,47.608,12.572
F86626,2026-07-01,8641,4033,1609,4453,1984,373,166,56,18.621,51.533,22.96,4.317,1.921,0.648,46.673,6.886
F86627,2026-07-01,13739,6956,2170,5706,3616,1211,742,294,15.794,41.531,26.319,8.814,5.401,2.14,50.63,16.355
F86637,2026-07-01,4885,2281,818,2088,1165,482,240,92,16.745,42.743,23.849,9.867,4.913,1.883,46.694,16.663
F86638,2026-07-01,4252,2097,709,1700,1150,373,226,94,16.675,39.981,27.046,8.772,5.315,2.211,49.318,16.298
F86641,2026-07-01,8532,4376,1728,3512,2243,604,339,106,20.253,41.163,26.289,7.079,3.973,1.242,51.289,12.295
F86644,2026-07-01,7933,3841,1185,3541,2202,555,290,160,14.938,44.636,27.757,6.996,3.656,2.017,48.418,12.669
F86650,2026-07-01,9583,4978,1509,5082,2140,513,256,83,15.747,53.031,22.331,5.353,2.671,0.866,51.946,8.891
F86652,2026-07-01,6949,3326,1320,3241,1522,503,253,110,18.996,46.64,21.902,7.238,3.641,1.583,47.863,12.462
F86657,2026-07-01,7762,3733,1373,3880,1807,435,204,63,17.689,49.987,23.28,5.604,2.628,0.812,48.093,9.044
F86658,2026-07-01,6565,3372,1370,3037,1417,414,228,99,20.868,46.26,21.584,6.306,3.473,1.508,51.363,11.287
F86664,2026-07-01,8059,4082,1374,3198,2243,651,428,165,17.049,39.682,27.832,8.078,5.311,2.047,50.651,15.436
F86666,2026-07-01,15279,7231,2569,7889,3608,780,332,101,16.814,51.633,23.614,5.105,2.173,0.661,47.326,7.939
F86679,2026-07-01,7284,3650,1483,3736,1630,294,116,25,20.36,51.29,22.378,4.036,1.593,0.343,50.11,5.972
F86689,2026-07-01,4372,2328,1068,1763,1142,257,112,30,24.428,40.325,26.121,5.878,2.562,0.686,53.248,9.126
F86691,2026-07-01,11352,5683,1932,4856,2856,894,579,235,17.019,42.777,25.159,7.875,5.1,2.07,50.062,15.046
F86692,2026-07-01,11311,5240,2318,5666,2322,669,239,97,20.493,50.093,20.529,5.915,2.113,0.858,46.327,8.885
F86696,2026-07-01,7837,3712,1242,4571,1520,316,146,42,15.848,58.326,19.395,4.032,1.863,0.536,47.365,6.431
F86698,2026-07-01,5988,2947,1065,2876,1402,362,189,94,17.786,48.029,23.413,6.045,3.156,1.57,49.215,10.772
F86700,2026-07-01,3703,1833,599,1404,971,323,284,122,16.176,37.915,26.222,8.723,7.669,3.295,49.5,19.687
F86701,2026-07-01,3759,1728,598,1788,971,236,131,35,15.908,47.566,25.831,6.278,3.485,0.931,45.97,10.694
F86702,2026-07-01,4620,2292,860,1885,1103,389,249,134,18.615,40.801,23.874,8.42,5.39,2.9,49.61,16.71
F86705,2026-07-01,3310,1536,473,1659,833,225,89,31,14.29,50.121,25.166,6.798,2.689,0.937,46.405,10.423
F86707,2026-07-01,6874,3426,1195,2994,1747,482,325,131,17.384,43.555,25.415,7.012,4.728,1.906,49.84,13.646
F86708,2026-07-01,2997,1520,486,1380,782,220,100,29,16.216,46.046,26.093,7.341,3.337,0.968,50.717,11.645
F86712,2026-07-01,3190,1527,490,1566,804,166,123,41,15.361,49.091,25.204,5.204,3.856,1.285,47.868,10.345
F86731,2026-07-01,5089,2578,998,2119,1247,432,227,66,19.611,41.639,24.504,8.489,4.461,1.297,50.658,14.246
G81001,2026-07-01,9053,4523,1469,3301,2455,864,645,319,16.227,36.463,27.118,9.544,7.125,3.524,49.961,20.192
G81002,2026-07-01,5739,2786,720,2058,1638,628,487,208,12.546,35.86,28.542,10.943,8.486,3.624,48.545,23.053
G81003,2026-07-01,17692,9055,2588,6465,4188,2024,1689,738,14.628,36.542,23.672,11.44,9.547,4.171,51.181,25.158
G81004,2026-07-01,10095,5224,1308,2843,2583,1401,1369,591,12.957,28.162,25.587,13.878,13.561,5.854,51.748,33.294
G81006,2026-07-01,6341,2937,593,3054,1725,528,340,101,9.352,48.163,27.204,8.327,5.362,1.593,46.318,15.282
G81008,2026-07-01,15066,7748,2420,4994,3855,1825,1507,465,16.063,33.147,25.587,12.113,10.003,3.086,51.427,25.202
G81011,2026-07-01,18259,8929,1924,8700,5001,1571,796,267,10.537,47.648,27.389,8.604,4.359,1.462,48.902,14.426
G81012,2026-07-01,6927,3631,1184,2429,1645,726,699,244,17.093,35.066,23.748,10.481,10.091,3.522,52.418,24.094
G81014,2026-07-01,8469,4295,1328,3688,2124,660,478,191,15.681,43.547,25.08,7.793,5.644,2.255,50.714,15.693
G81016,2026-07-01,12017,6205,2100,4617,2957,1191,877,275,17.475,38.421,24.607,9.911,7.298,2.288,51.635,19.497
G81017,2026-07-01,11697,5778,1592,4806,3089,1119,793,298,13.61,41.087,26.408,9.567,6.78,2.548,49.397,18.894
G81018,2026-07-01,12587,6230,1594,5619,3825,852,508,189,12.664,44.641,30.388,6.769,4.036,1.502,49.496,12.306
G81019,2026-07-01,11779,6020,1737,3694,3145,1463,1273,467,14.747,31.361,26.7,12.42,10.807,3.965,51.108,27.192
G81021,2026-07-01,28397,14643,3822,8994,8377,3417,2745,1042,13.459,31.672,29.5,12.033,9.667,3.669,51.565,25.369
G81022,2026-07-01,13802,7243,1929,4531,3492,1739,1585,526,13.976,32.829,25.301,12.6,11.484,3.811,52.478,27.895
G81023,2026-07-01,8450,4395,1074,2541,2239,1154,1034,408,12.71,30.071,26.497,13.657,12.237,4.828,52.012,30.722
G81024,2026-07-01,10921,5704,1455,3303,3268,1475,1086,334,13.323,30.244,29.924,13.506,9.944,3.058,52.23,26.509
G81028,2026-07-01,11829,5785,1572,5589,3312,787,418,151,13.289,47.248,27.999,6.653,3.534,1.277,48.905,11.463
G81029,2026-07-01,18164,9543,2262,5003,4502,2733,2582,1082,12.453,27.543,24.785,15.046,14.215,5.957,52.538,35.218
G81030,2026-07-01,7432,3782,1014,2281,2100,961,735,341,13.644,30.692,28.256,12.931,9.89,4.588,50.888,27.409
G81031,2026-07-01,19947,10276,2778,6437,5364,2516,2120,732,13.927,32.271,26.891,12.613,10.628,3.67,51.517,26.911
G81032,2026-07-01,27440,13481,3620,9998,7274,3023,2454,1071,13.192,36.436,26.509,11.017,8.943,3.903,49.129,23.863
G81034,2026-07-01,31676,16227,3901,13927,9504,2348,1463,533,12.315,43.967,30.004,7.413,4.619,1.683,51.228,13.714
G81036,2026-07-01,9166,4623,1336,3144,2663,936,733,354,14.576,34.301,29.053,10.212,7.997,3.862,50.436,22.071
G81037,2026-07-01,9850,5120,1528,3376,2509,1202,984,251,15.513,34.274,25.472,12.203,9.99,2.548,51.98,24.741
G81038,2026-07-01,17167,8524,2025,8870,4066,1127,767,312,11.796,51.669,23.685,6.565,4.468,1.817,49.653,12.85
G81039,2026-07-01,20069,10741,2219,5220,4797,3128,3322,1383,11.057,26.01,23.903,15.586,16.553,6.891,53.52,39.03
G81040,2026-07-01,4212,2325,634,1221,1163,587,439,168,15.052,28.989,27.612,13.936,10.423,3.989,55.199,28.348
G81041,2026-07-01,13422,6963,1868,4456,3265,1679,1518,636,13.917,33.199,24.326,12.509,11.31,4.738,51.878,28.558
G81042,2026-07-01,13503,6830,1800,4988,4238,1318,869,290,13.33,36.94,31.386,9.761,6.436,2.148,50.581,18.344
G81043,2026-07-01,7071,3608,1125,2259,2037,846,603,201,15.91,31.947,28.808,11.964,8.528,2.843,51.025,23.335
G81044,2026-07-01,6576,3205,511,3246,1922,558,283,56,7.771,49.361,29.227,8.485,4.304,0.852,48.738,13.641
G81046,2026-07-01,11240,5801,1642,4122,3328,1109,760,279,14.609,36.673,29.609,9.867,6.762,2.482,51.61,19.11
G81047,2026-07-01,6774,2976,576,3133,2077,576,317,95,8.503,46.25,30.661,8.503,4.68,1.402,43.933,14.585
G81048,2026-07-01,8525,4373,967,2694,2602,1242,754,266,11.343,31.601,30.522,14.569,8.845,3.12,51.296,26.534
G81049,2026-07-01,6638,3403,1041,2147,1796,810,616,228,15.682,32.344,27.056,12.202,9.28,3.435,51.265,24.917
G81050,2026-07-01,12002,6366,1241,3637,3257,1601,1577,689,10.34,30.303,27.137,13.339,13.139,5.741,53.041,32.22
G81051,2026-07-01,7313,3720,776,1844,1988,1312,1072,321,10.611,25.215,27.184,17.941,14.659,4.389,50.868,36.989
G81052,2026-07-01,4220,2134,506,1144,1235,632,513,190,11.991,27.109,29.265,14.976,12.156,4.502,50.569,31.635
G81054,2026-07-01,10263,4771,794,4484,3218,942,623,202,7.737,43.691,31.355,9.179,6.07,1.968,46.487,17.217
G81055,2026-07-01,9328,4753,1272,2833,2437,1226,1145,415,13.636,30.371,26.126,13.143,12.275,4.449,50.954,29.867
G81057,2026-07-01,6207,3129,741,1695,1694,1037,787,253,11.938,27.308,27.292,16.707,12.679,4.076,50.411,33.462
G81061,2026-07-01,5088,2494,814,1860,1342,581,384,107,15.998,36.557,26.376,11.419,7.547,2.103,49.017,21.069
G81065,2026-07-01,8743,4522,1271,2945,2473,933,762,359,14.537,33.684,28.285,10.671,8.716,4.106,51.721,23.493
G81070,2026-07-01,24873,12510,3030,10899,7220,1921,1287,516,12.182,43.819,29.027,7.723,5.174,2.075,50.296,14.972
G81071,2026-07-01,15023,7396,145,14293,460,92,25,8,0.965,95.141,3.062,0.612,0.166,0.053,49.231,0.832
G81073,2026-07-01,8798,4598,1548,3343,2426,708,570,203,17.595,37.997,27.574,8.047,6.479,2.307,52.262,16.833
G81074,2026-07-01,19299,9790,3145,6947,5105,1998,1582,522,16.296,35.997,26.452,10.353,8.197,2.705,50.728,21.255
G81075,2026-07-01,6535,3229,922,3481,1426,415,213,78,14.109,53.267,21.821,6.35,3.259,1.194,49.411,10.803
G81076,2026-07-01,12872,6599,1539,3617,3870,1743,1506,597,11.956,28.1,30.065,13.541,11.7,4.638,51.266,29.879
G81077,2026-07-01,16515,8509,2223,5009,4146,2254,2064,819,13.46,30.33,25.104,13.648,12.498,4.959,51.523,31.105
G81082,2026-07-01,6222,3148,1063,2041,1770,694,503,151,17.085,32.803,28.447,11.154,8.084,2.427,50.595,21.665
G81083,2026-07-01,11774,5885,1779,4341,3534,1078,715,327,15.11,36.869,30.015,9.156,6.073,2.777,49.983,18.006
G81085,2026-07-01,3883,1919,481,1167,1121,506,450,158,12.387,30.054,28.869,13.031,11.589,4.069,49.421,28.689
G81086,2026-07-01,7747,3988,1146,2527,2316,949,630,179,14.793,32.619,29.895,12.25,8.132,2.311,51.478,22.693
G81087,2026-07-01,6802,3514,752,1657,1900,1221,962,310,11.056,24.36,27.933,17.951,14.143,4.557,51.661,36.651
G81088,2026-07-01,21863,11186,3058,6379,6153,2885,2454,934,13.987,29.177,28.143,13.196,11.224,4.272,51.164,28.692
G81089,2026-07-01,3452,1709,607,1364,906,346,184,45,17.584,39.513,26.246,10.023,5.33,1.304,49.508,16.657
G81095,2026-07-01,25398,12493,3711,9563,6930,2793,1862,539,14.611,37.653,27.286,10.997,7.331,2.122,49.189,20.45
G81096,2026-07-01,2915,1438,386,977,884,342,240,86,13.242,33.516,30.326,11.732,8.233,2.95,49.331,22.916
G81098,2026-07-01,13972,7261,2286,5238,3082,1513,1313,540,16.361,37.489,22.058,10.829,9.397,3.865,51.968,24.091
G81099,2026-07-01,8860,4628,924,2167,2506,1424,1324,515,10.429,24.458,28.284,16.072,14.944,5.813,52.235,36.828
G81100,2026-07-01,19265,9832,2879,6638,5101,2204,1774,669,14.944,34.456,26.478,11.44,9.208,3.473,51.036,24.121
G81102,2026-07-01,15367,7863,2178,4579,4337,2026,1657,590,14.173,29.798,28.223,13.184,10.783,3.839,51.168,27.806
G81104,2026-07-01,13304,6869,2204,4910,3296,1349,1104,441,16.566,36.906,24.775,10.14,8.298,3.315,51.631,21.753
G81613,2026-07-01,5154,2395,679,2481,1298,384,226,86,13.174,48.137,25.184,7.451,4.385,1.669,46.469,13.504
G81614,2026-07-01,5404,2721,677,1594,1740,710,504,179,12.528,29.497,32.198,13.138,9.326,3.312,50.352,25.777
G81634,2026-07-01,5891,3068,891,1919,1541,819,561,160,15.125,32.575,26.159,13.903,9.523,2.716,52.079,26.142
G81638,2026-07-01,24119,12481,2525,13226,6213,1256,682,217,10.469,54.836,25.76,5.208,2.828,0.9,51.748,8.935
G81641,2026-07-01,3888,1956,696,1477,1052,397,208,58,17.901,37.989,27.058,10.211,5.35,1.492,50.309,17.052
G81646,2026-07-01,2652,1252,436,1052,800,251,95,18,16.44,39.668,30.166,9.465,3.582,0.679,47.21,13.725
G81656,2026-07-01,5383,2435,485,2729,1410,442,256,61,9.01,50.697,26.194,8.211,4.756,1.133,45.235,14.1
G81658,2026-07-01,17809,8793,2991,7500,4433,1563,986,336,16.795,42.114,24.892,8.776,5.537,1.887,49.374,16.2
G81669,2026-07-01,2311,1152,347,968,628,208,123,37,15.015,41.887,27.174,9.0,5.322,1.601,49.849,15.924
G81689,2026-07-01,1363,302,31,769,505,57,1,0,2.274,56.42,37.051,4.182,0.073,0.0,22.157,4.255
G81694,2026-07-01,2820,1251,165,1617,780,137,86,35,5.851,57.34,27.66,4.858,3.05,1.241,44.362,9.149
G82002,2026-07-01,9643,4779,1740,3924,2243,901,637,198,18.044,40.693,23.26,9.344,6.606,2.053,49.559,18.003
G82006,2026-07-01,15326,7677,2883,6126,4160,1134,717,306,18.811,39.971,27.143,7.399,4.678,1.997,50.091,14.074
G82007,2026-07-01,6458,3273,717,1855,1748,1033,833,272,11.103,28.724,27.067,15.996,12.899,4.212,50.681,33.106
G82013,2026-07-01,14911,7641,2567,5126,3830,1561,1271,556,17.215,34.377,25.686,10.469,8.524,3.729,51.244,22.721
G82014,2026-07-01,20295,10247,3809,8212,5171,1766,1072,265,18.768,40.463,25.479,8.702,5.282,1.306,50.49,15.289
G82015,2026-07-01,11623,5540,1855,4663,2967,1151,755,232,15.96,40.119,25.527,9.903,6.496,1.996,47.664,18.395
G82016,2026-07-01,11240,5821,1893,3753,3201,1042,895,456,16.842,33.39,28.479,9.27,7.963,4.057,51.788,21.29
G82018,2026-07-01,5331,2681,540,1557,1389,794,714,337,10.129,29.207,26.055,14.894,13.393,6.322,50.291,34.609
G82019,2026-07-01,13461,6895,2340,4620,3583,1400,1067,451,17.384,34.321,26.618,10.4,7.927,3.35,51.222,21.677
G82020,2026-07-01,12376,6302,1980,4542,3250,1250,1023,331,15.999,36.7,26.261,10.1,8.266,2.675,50.921,21.041
G82021,2026-07-01,17177,8885,3240,6615,4150,1515,1164,493,18.862,38.511,24.16,8.82,6.777,2.87,51.726,18.467
G82022,2026-07-01,9530,4868,1880,3622,2356,796,638,238,19.727,38.006,24.722,8.353,6.695,2.497,51.081,17.545
G82023,2026-07-01,6800,3390,1303,2708,1641,585,418,145,19.162,39.824,24.132,8.603,6.147,2.132,49.853,16.882
G82024,2026-07-01,25674,13072,4570,8892,6580,2645,2215,772,17.8,34.634,25.629,10.302,8.627,3.007,50.915,21.937
G82025,2026-07-01,18991,9409,3098,7480,5285,1556,1142,430,16.313,39.387,27.829,8.193,6.013,2.264,49.545,16.471
G82026,2026-07-01,8145,4202,1392,3109,2123,789,569,163,17.09,38.171,26.065,9.687,6.986,2.001,51.59,18.674
G82027,2026-07-01,14253,7128,2176,4948,3750,1610,1330,439,15.267,34.715,26.31,11.296,9.331,3.08,50.011,23.707
G82028,2026-07-01,24909,12845,4401,9350,6056,2425,1880,797,17.668,37.537,24.312,9.735,7.547,3.2,51.568,20.483
G82031,2026-07-01,11057,5494,1597,3939,3165,996,967,393,14.443,35.624,28.624,9.008,8.746,3.554,49.688,21.308
G82032,2026-07-01,15340,7739,2697,6576,3626,1205,859,377,17.581,42.868,23.638,7.855,5.6,2.458,50.45,15.913
G82035,2026-07-01,9456,4779,1649,3280,2348,1022,847,310,17.439,34.687,24.831,10.808,8.957,3.278,50.539,23.044
G82036,2026-07-01,11563,5952,1536,3549,3030,1726,1303,419,13.284,30.693,26.204,14.927,11.269,3.624,51.475,29.819
G82037,2026-07-01,16718,8602,2637,5417,4772,1716,1531,645,15.773,32.402,28.544,10.264,9.158,3.858,51.454,23.28
G82038,2026-07-01,10410,5342,1558,3428,2658,1349,1036,381,14.966,32.93,25.533,12.959,9.952,3.66,51.316,26.571
G82039,2026-07-01,18274,9252,2840,6610,4849,1960,1475,540,15.541,36.172,26.535,10.726,8.072,2.955,50.629,21.752
G82041,2026-07-01,14003,6957,2199,5453,4030,1090,838,393,15.704,38.942,28.78,7.784,5.984,2.807,49.682,16.575
G82042,2026-07-01,18076,9180,3198,7162,4638,1441,1122,515,17.692,39.622,25.658,7.972,6.207,2.849,50.786,17.028
G82044,2026-07-01,21783,10877,4742,9436,5114,1424,758,309,21.769,43.318,23.477,6.537,3.48,1.419,49.933,11.436
G82046,2026-07-01,5970,2949,937,2274,1459,676,484,140,15.695,38.09,24.439,11.323,8.107,2.345,49.397,21.776
G82048,2026-07-01,9622,4833,1541,3961,2527,819,550,224,16.015,41.166,26.263,8.512,5.716,2.328,50.229,16.556
G82050,2026-07-01,23802,11901,4254,10058,5895,1782,1386,427,17.872,42.257,24.767,7.487,5.823,1.794,50.0,15.104
G82051,2026-07-01,13156,6653,2362,5343,3379,1061,759,252,17.954,40.613,25.684,8.065,5.769,1.915,50.57,15.749
G82052,2026-07-01,16983,8555,2989,7094,4208,1435,955,302,17.6,41.771,24.778,8.45,5.623,1.778,50.374,15.851
G82053,2026-07-01,5959,3090,829,1770,1610,765,713,272,13.912,29.703,27.018,12.838,11.965,4.565,51.854,29.367
G82055,2026-07-01,9908,5013,1446,3090,2752,1248,1006,366,14.594,31.187,27.776,12.596,10.153,3.694,50.595,26.443
G82056,2026-07-01,10860,5399,1753,4002,3059,946,781,319,16.142,36.851,28.168,8.711,7.192,2.937,49.715,18.84
G82057,2026-07-01,10858,5353,1795,3751,2746,1345,965,256,16.532,34.546,25.29,12.387,8.887,2.358,49.3,23.632
G82058,2026-07-01,7406,3795,1239,2745,1899,710,573,240,16.73,37.065,25.641,9.587,7.737,3.241,51.242,20.564
G82059,2026-07-01,18585,9262,2986,6589,5220,1803,1407,580,16.067,35.453,28.087,9.701,7.571,3.121,49.836,20.393
G82060,2026-07-01,20617,10093,3156,9476,4468,1647,1351,519,15.308,45.962,21.671,7.989,6.553,2.517,48.955,17.059
G82062,2026-07-01,2122,1006,360,827,542,220,132,41,16.965,38.973,25.542,10.368,6.221,1.932,47.408,18.52
G82063,2026-07-01,12852,6523,1608,3681,3574,1993,1519,477,12.512,28.641,27.809,15.507,11.819,3.711,50.755,31.038
G82066,2026-07-01,25479,13095,4791,10268,5779,2192,1681,768,18.804,40.3,22.681,8.603,6.598,3.014,51.395,18.215
G82067,2026-07-01,9610,4897,1576,3651,2557,914,666,246,16.4,37.992,26.608,9.511,6.93,2.56,50.957,19.001
G82069,2026-07-01,11821,6093,1910,4783,2863,1057,914,294,16.158,40.462,24.22,8.942,7.732,2.487,51.544,19.161
G82071,2026-07-01,45374,23464,6086,13846,12983,6112,4782,1565,13.413,30.515,28.613,13.47,10.539,3.449,51.712,27.458
G82073,2026-07-01,10284,5265,1594,3336,2836,1234,921,363,15.5,32.439,27.577,11.999,8.956,3.53,51.196,24.485
G82074,2026-07-01,16083,8301,2471,5116,4420,1806,1697,573,15.364,31.81,27.482,11.229,10.552,3.563,51.614,25.344
G82076,2026-07-01,16962,8636,3314,6453,4114,1511,1159,411,19.538,38.044,24.254,8.908,6.833,2.423,50.914,18.164
G82077,2026-07-01,12550,6504,2275,4386,3009,1374,1175,331,18.127,34.948,23.976,10.948,9.363,2.637,51.825,22.948
G82079,2026-07-01,9886,5112,1283,3231,2572,1356,1120,324,12.978,32.683,26.017,13.716,11.329,3.277,51.709,28.323
G82080,2026-07-01,38179,19254,7712,16804,8805,2567,1681,610,20.2,44.014,23.062,6.724,4.403,1.598,50.431,12.724
G82082,2026-07-01,16053,8024,2634,7181,3669,1332,943,294,16.408,44.733,22.856,8.298,5.874,1.831,49.984,16.003
G82083,2026-07-01,14794,7591,2649,5301,3732,1494,1185,433,17.906,35.832,25.226,10.099,8.01,2.927,51.311,21.036
G82085,2026-07-01,12034,6087,2129,4530,3027,1158,908,282,17.692,37.643,25.154,9.623,7.545,2.343,50.582,19.511
G82086,2026-07-01,10242,5213,1688,4042,2596,1024,698,194,16.481,39.465,25.347,9.998,6.815,1.894,50.898,18.707
G82087,2026-07-01,17687,9149,2820,6720,4571,1687,1395,494,15.944,37.994,25.844,9.538,7.887,2.793,51.727,20.218
G82089,2026-07-01,8906,4510,1336,3191,2473,939,731,236,15.001,35.83,27.768,10.543,8.208,2.65,50.64,21.401
G82090,2026-07-01,17920,9109,2343,5688,4574,2388,2180,747,13.075,31.741,25.525,13.326,12.165,4.169,50.831,29.66
G82091,2026-07-01,10237,5011,1677,4469,2473,876,548,194,16.382,43.655,24.157,8.557,5.353,1.895,48.95,15.805
G82092,2026-07-01,8409,4357,1295,2627,2380,1048,769,290,15.4,31.24,28.303,12.463,9.145,3.449,51.814,25.056
G82093,2026-07-01,10209,5216,1668,3180,2744,1293,985,339,16.339,31.149,26.878,12.665,9.648,3.321,51.092,25.634
G82094,2026-07-01,11296,5702,1660,3628,3296,1390,1011,311,14.695,32.118,29.178,12.305,8.95,2.753,50.478,24.008
G82095,2026-07-01,12058,6061,1661,4791,3318,1166,808,314,13.775,39.733,27.517,9.67,6.701,2.604,50.265,18.975
G82097,2026-07-01,15553,7976,2426,5074,3791,1901,1728,633,15.598,32.624,24.375,12.223,11.11,4.07,51.283,27.403
G82098,2026-07-01,8910,4613,1564,3341,2352,779,606,268,17.553,37.497,26.397,8.743,6.801,3.008,51.773,18.552
G82099,2026-07-01,33514,16529,6148,14933,7807,2221,1736,669,18.345,44.557,23.295,6.627,5.18,1.996,49.32,13.803
G82100,2026-07-01,15102,7707,2569,5105,4074,1682,1317,355,17.011,33.803,26.977,11.138,8.721,2.351,51.033,22.209
G82105,2026-07-01,18639,9445,3085,6908,4520,1986,1571,569,16.551,37.062,24.25,10.655,8.429,3.053,50.673,22.136
G82106,2026-07-01,7302,3704,1386,2652,1970,642,516,136,18.981,36.319,26.979,8.792,7.067,1.863,50.726,17.721
G82107,2026-07-01,9523,4864,1316,2912,2537,1355,1077,326,13.819,30.579,26.641,14.229,11.309,3.423,51.076,28.961
G82108,2026-07-01,6965,3573,1224,2814,1675,628,483,141,17.574,40.402,24.049,9.017,6.935,2.024,51.299,17.976
G82110,2026-07-01,7088,3611,1296,2477,2053,559,431,272,18.284,34.946,28.964,7.887,6.081,3.837,50.945,17.805
G82111,2026-07-01,11309,5862,1354,3130,3173,1710,1470,472,11.973,27.677,28.057,15.121,12.998,4.174,51.835,32.293
G82113,2026-07-01,7767,3818,1302,2947,2075,780,503,160,16.763,37.943,26.716,10.042,6.476,2.06,49.157,18.579
G82114,2026-07-01,15588,8110,2021,4328,4004,2249,2170,816,12.965,27.765,25.686,14.428,13.921,5.235,52.027,33.584
G82115,2026-07-01,10486,5263,1476,4414,2440,978,853,325,14.076,42.094,23.269,9.327,8.135,3.099,50.191,20.561
G82117,2026-07-01,9632,4934,1681,3753,2213,967,713,305,17.452,38.964,22.975,10.039,7.402,3.167,51.225,20.608
G82118,2026-07-01,13952,7154,2501,4926,3662,1374,1141,348,17.926,35.307,26.247,9.848,8.178,2.494,51.276,20.52
G82119,2026-07-01,24956,12788,3757,8268,6474,3193,2419,845,15.054,33.13,25.942,12.795,9.693,3.386,51.242,25.874
G82120,2026-07-01,15229,7838,2471,4959,4319,1626,1390,464,16.226,32.563,28.36,10.677,9.127,3.047,51.468,22.851
G82121,2026-07-01,12610,6493,1827,4188,3386,1465,1296,448,14.489,33.212,26.852,11.618,10.278,3.553,51.491,25.448
G82122,2026-07-01,37547,19238,8622,16272,8469,2330,1419,435,22.963,43.338,22.556,6.206,3.779,1.159,51.237,11.143
G82125,2026-07-01,11738,6010,2001,3898,3195,1181,1011,452,17.047,33.208,27.219,10.061,8.613,3.851,51.201,22.525
G82126,2026-07-01,15318,7872,2106,4982,4307,1989,1503,431,13.749,32.524,28.117,12.985,9.812,2.814,51.391,25.61
G82129,2026-07-01,4778,2489,682,1727,1268,621,374,106,14.274,36.145,26.538,12.997,7.828,2.219,52.093,23.043
G82135,2026-07-01,21256,10737,3997,7756,5870,1820,1380,433,18.804,36.489,27.616,8.562,6.492,2.037,50.513,17.092
G82137,2026-07-01,9863,5011,1816,3647,2726,738,626,310,18.412,36.977,27.639,7.483,6.347,3.143,50.806,16.973
G82138,2026-07-01,4694,2271,554,1517,1260,623,551,189,11.802,32.318,26.843,13.272,11.738,4.026,48.381,29.037
G82139,2026-07-01,8777,4564,1648,3561,2207,720,486,155,18.776,40.572,25.145,8.203,5.537,1.766,52.0,15.506
G82140,2026-07-01,13073,6418,1055,9711,1461,401,364,81,8.07,74.283,11.176,3.067,2.784,0.62,49.094,6.471
G82141,2026-07-01,7124,3563,1133,2413,2041,788,564,185,15.904,33.871,28.65,11.061,7.917,2.597,50.014,21.575
G82142,2026-07-01,10895,5563,1739,3664,3094,1205,896,297,15.961,33.63,28.398,11.06,8.224,2.726,51.06,22.01
G82143,2026-07-01,7535,3850,1411,3206,1798,568,406,146,18.726,42.548,23.862,7.538,5.388,1.938,51.095,14.864
G82147,2026-07-01,5996,3027,707,1596,1578,1017,838,260,11.791,26.618,26.318,16.961,13.976,4.336,50.484,35.274
G82150,2026-07-01,7126,3464,1363,2964,1670,635,383,111,19.127,41.594,23.435,8.911,5.375,1.558,48.611,15.843
G82152,2026-07-01,6798,3472,1203,2231,1885,651,578,250,17.696,32.818,27.729,9.576,8.503,3.678,51.074,21.756
G82154,2026-07-01,6023,3101,873,1956,1591,676,687,240,14.494,32.476,26.415,11.224,11.406,3.985,51.486,26.615
G82155,2026-07-01,6437,3335,1006,2176,1763,694,612,186,15.628,33.805,27.389,10.781,9.508,2.89,51.81,23.178
G82158,2026-07-01,5370,2711,810,1725,1566,627,484,158,15.084,32.123,29.162,11.676,9.013,2.942,50.484,23.631
G82160,2026-07-01,12299,6517,1392,3197,3246,1984,1789,691,11.318,25.994,26.392,16.131,14.546,5.618,52.988,36.296
G82161,2026-07-01,30774,15288,5099,11791,8122,3101,2094,567,16.569,38.315,26.392,10.077,6.804,1.842,49.678,18.724
G82162,2026-07-01,5473,2927,818,1733,1426,652,615,229,14.946,31.665,26.055,11.913,11.237,4.184,53.481,27.334
G82164,2026-07-01,13152,6675,2294,5602,3263,962,741,290,17.442,42.594,24.81,7.314,5.634,2.205,50.753,15.154
G82165,2026-07-01,9903,5060,1523,3453,2714,986,932,295,15.379,34.868,27.406,9.957,9.411,2.979,51.096,22.347
G82170,2026-07-01,3868,1981,540,1129,1182,524,386,107,13.961,29.188,30.558,13.547,9.979,2.766,51.215,26.293
G82180,2026-07-01,4685,2353,712,1516,1188,619,501,149,15.197,32.359,25.358,13.212,10.694,3.18,50.224,27.086
G82184,2026-07-01,1350,694,167,430,360,224,123,46,12.37,31.852,26.667,16.593,9.111,3.407,51.407,29.111
G82185,2026-07-01,8911,4488,1453,3347,2428,767,694,222,16.306,37.56,27.247,8.607,7.788,2.491,50.365,18.887
G82186,2026-07-01,7953,4066,1139,2505,2268,1005,809,227,14.322,31.498,28.518,12.637,10.172,2.854,51.125,25.663
G82200,2026-07-01,10965,5615,1911,3776,3065,1232,775,206,17.428,34.437,27.953,11.236,7.068,1.879,51.208,20.182
G82203,2026-07-01,10504,5329,2184,4321,2492,764,535,208,20.792,41.137,23.724,7.273,5.093,1.98,50.733,14.347
G82205,2026-07-01,8287,4172,1576,3033,2422,605,479,172,19.018,36.599,29.226,7.301,5.78,2.076,50.344,15.156
G82211,2026-07-01,8898,4527,1858,3627,2026,756,480,151,20.881,40.762,22.769,8.496,5.394,1.697,50.877,15.588
G82212,2026-07-01,9006,4594,2050,3941,2075,567,298,75,22.763,43.76,23.04,6.296,3.309,0.833,51.01,10.437
G82215,2026-07-01,7629,3835,1301,2672,2060,792,616,188,17.053,35.024,27.002,10.381,8.074,2.464,50.269,20.92
G82217,2026-07-01,3388,1702,565,1312,908,340,207,56,16.677,38.725,26.8,10.035,6.11,1.653,50.236,17.798
G82218,2026-07-01,12339,6324,1842,4093,3319,1536,1137,412,14.928,33.171,26.898,12.448,9.215,3.339,51.252,25.002
G82219,2026-07-01,4845,2564,689,1495,1232,688,578,163,14.221,30.857,25.428,14.2,11.93,3.364,52.921,29.494
G82224,2026-07-01,3905,1979,569,1227,1237,487,309,76,14.571,31.421,31.677,12.471,7.913,1.946,50.679,22.33
G82226,2026-07-01,5597,2842,867,1918,1356,643,603,210,15.49,34.268,24.227,11.488,10.774,3.752,50.777,26.014
G82227,2026-07-01,6181,3217,836,1864,1773,853,649,206,13.525,30.157,28.685,13.8,10.5,3.333,52.047,27.633
G82228,2026-07-01,23930,12008,3512,9672,5766,2409,1762,809,14.676,40.418,24.095,10.067,7.363,3.381,50.18,20.811
G82229,2026-07-01,7316,3698,1190,2644,1956,786,555,185,16.266,36.14,26.736,10.744,7.586,2.529,50.547,20.858
G82231,2026-07-01,6915,3489,1023,2450,1769,724,708,241,14.794,35.43,25.582,10.47,10.239,3.485,50.456,24.194
G82232,2026-07-01,9520,4760,1444,3585,2657,892,678,264,15.168,37.658,27.91,9.37,7.122,2.773,50.0,19.265
G82233,2026-07-01,8595,4329,1552,3355,2270,823,471,124,18.057,39.034,26.411,9.575,5.48,1.443,50.366,16.498
G82234,2026-07-01,6258,3228,1308,2445,1491,534,375,105,20.901,39.07,23.826,8.533,5.992,1.678,51.582,16.203
G82235,2026-07-01,5722,2844,910,1898,1466,690,515,243,15.904,33.17,25.62,12.059,9.0,4.247,49.703,25.306
G82600,2026-07-01,2347,1198,392,820,578,299,198,60,16.702,34.938,24.627,12.74,8.436,2.556,51.044,23.732
G82604,2026-07-01,15635,7978,2975,5809,4042,1395,981,433,19.028,37.154,25.852,8.922,6.274,2.769,51.027,17.966
G82631,2026-07-01,7829,3697,1701,3443,1785,550,258,92,21.727,43.978,22.8,7.025,3.295,1.175,47.222,11.496
G82634,2026-07-01,12238,6188,2350,4898,3027,927,823,213,19.202,40.023,24.734,7.575,6.725,1.74,50.564,16.04
G82635,2026-07-01,2174,1118,295,695,583,253,238,110,13.569,31.969,26.817,11.638,10.948,5.06,51.426,27.645
G82641,2026-07-01,7480,3893,2024,3315,1483,367,222,69,27.059,44.318,19.826,4.906,2.968,0.922,52.045,8.797
G82647,2026-07-01,23587,11953,5578,10446,5081,1293,884,305,23.649,44.287,21.542,5.482,3.748,1.293,50.676,10.523
G82648,2026-07-01,3879,1820,675,1715,944,299,173,73,17.401,44.212,24.336,7.708,4.46,1.882,46.919,14.05
G82650,2026-07-01,9420,4904,1175,2763,2539,1332,1217,394,12.473,29.331,26.953,14.14,12.919,4.183,52.059,31.242
G82652,2026-07-01,3201,1634,409,810,885,474,506,117,12.777,25.305,27.648,14.808,15.808,3.655,51.047,34.271
G82658,2026-07-01,5110,2563,874,1627,1413,602,457,137,17.104,31.84,27.652,11.781,8.943,2.681,50.157,23.405
G82665,2026-07-01,5485,2812,571,1318,1493,941,896,266,10.41,24.029,27.22,17.156,16.335,4.85,51.267,38.341
G82666,2026-07-01,12720,6512,1467,3402,3211,2093,1851,696,11.533,26.745,25.244,16.454,14.552,5.472,51.195,36.478
G82679,2026-07-01,6821,3378,1211,2760,1744,630,364,112,17.754,40.463,25.568,9.236,5.336,1.642,49.524,16.215
G82682,2026-07-01,7374,3618,1361,2894,1854,700,420,145,18.457,39.246,25.142,9.493,5.696,1.966,49.064,17.155
G82684,2026-07-01,4447,2257,604,1312,1233,653,482,163,13.582,29.503,27.727,14.684,10.839,3.665,50.753,29.188
G82687,2026-07-01,9692,4855,1741,3701,2419,1002,648,181,17.963,38.186,24.959,10.338,6.686,1.868,50.093,18.892
G82691,2026-07-01,3434,1777,612,1132,891,411,275,113,17.822,32.964,25.946,11.969,8.008,3.291,51.747,23.267
G82693,2026-07-01,17959,9192,3224,6886,4559,1568,1310,412,17.952,38.343,25.386,8.731,7.294,2.294,51.183,18.32
G82696,2026-07-01,2633,1396,324,663,659,434,393,160,12.305,25.18,25.028,16.483,14.926,6.077,53.019,37.486
G82697,2026-07-01,9730,4890,1806,3969,2497,799,523,136,18.561,40.791,25.663,8.212,5.375,1.398,50.257,14.985
G82698,2026-07-01,4501,2261,894,1791,1043,377,303,93,19.862,39.791,23.173,8.376,6.732,2.066,50.233,17.174
G82700,2026-07-01,10160,5076,1689,3573,2540,1186,842,330,16.624,35.167,25.0,11.673,8.287,3.248,49.961,23.209
G82702,2026-07-01,7983,3952,1772,3400,1921,502,306,82,22.197,42.591,24.064,6.288,3.833,1.027,49.505,11.149
G82708,2026-07-01,4283,2103,839,1868,1069,321,152,34,19.589,43.614,24.959,7.495,3.549,0.794,49.101,11.837
G82711,2026-07-01,4239,2147,784,1572,1125,381,280,97,18.495,37.084,26.539,8.988,6.605,2.288,50.649,17.882
G82719,2026-07-01,16846,8553,3223,6862,3985,1583,885,308,19.132,40.734,23.655,9.397,5.253,1.828,50.772,16.479
G82721,2026-07-01,3218,1588,405,1046,842,436,398,91,12.585,32.505,26.165,13.549,12.368,2.828,49.347,28.745
G82729,2026-07-01,9874,4970,1642,3771,2464,1083,689,225,16.63,38.191,24.954,10.968,6.978,2.279,50.334,20.225
G82730,2026-07-01,12738,6488,2323,5093,3405,1068,655,194,18.237,39.983,26.731,8.384,5.142,1.523,50.934,15.049
G82733,2026-07-01,4318,2417,819,1541,1125,424,316,93,18.967,35.688,26.054,9.819,7.318,2.154,55.975,19.291
G82737,2026-07-01,11179,5644,2162,4274,2802,898,821,222,19.34,38.232,25.065,8.033,7.344,1.986,50.488,17.363
G82741,2026-07-01,30502,15260,6563,14443,6502,1654,870,470,21.517,47.351,21.317,5.423,2.852,1.541,50.03,9.816
G82744,2026-07-01,38673,19442,7435,17044,8947,2693,1782,772,19.225,44.072,23.135,6.964,4.608,1.996,50.273,13.568
G82753,2026-07-01,8402,4180,1875,3922,1889,461,203,52,22.316,46.679,22.483,5.487,2.416,0.619,49.75,8.522
G82754,2026-07-01,3616,1862,558,1181,1033,403,339,102,15.431,32.66,28.567,11.145,9.375,2.821,51.493,23.341
G82763,2026-07-01,3051,1449,573,1333,749,208,147,41,18.781,43.691,24.549,6.817,4.818,1.344,47.493,12.979
G82768,2026-07-01,8068,4186,1345,3018,2108,609,582,406,16.671,37.407,26.128,7.548,7.214,5.032,51.884,19.794
G82780,2026-07-01,16864,8225,3385,8094,3694,925,572,194,20.072,47.996,21.905,5.485,3.392,1.15,48.773,10.027
G82790,2026-07-01,6200,3089,959,2159,1806,666,449,161,15.468,34.823,29.129,10.742,7.242,2.597,49.823,20.581
G82796,2026-07-01,7439,3798,1040,2263,2079,1027,803,227,13.98,30.421,27.947,13.806,10.794,3.051,51.055,27.652
G82799,2026-07-01,14342,7232,2501,4920,3681,1726,1193,321,17.438,34.305,25.666,12.035,8.318,2.238,50.425,22.591
G82802,2026-07-01,7466,3552,1024,4515,1280,374,209,64,13.716,60.474,17.144,5.009,2.799,0.857,47.576,8.666
G82808,2026-07-01,10049,5163,2110,4085,2416,760,501,177,20.997,40.651,24.042,7.563,4.986,1.761,51.378,14.31
G82809,2026-07-01,15961,8114,2394,5152,4375,1818,1616,606,14.999,32.279,27.411,11.39,10.125,3.797,50.836,25.312
G82888,2026-07-01,6079,3163,1101,2131,1876,393,355,223,18.112,35.055,30.86,6.465,5.84,3.668,52.032,15.973
G83001,2026-07-01,12150,6416,1967,4659,3462,1050,770,242,16.189,38.346,28.494,8.642,6.337,1.992,52.807,16.971
G83002,2026-07-01,9647,4806,1739,3772,2422,872,559,283,18.026,39.1,25.106,9.039,5.795,2.934,49.819,17.767
G83004,2026-07-01,13382,6984,2083,4435,3534,1525,1311,494,15.566,33.142,26.409,11.396,9.797,3.692,52.19,24.884
G83006,2026-07-01,15986,8305,2667,6123,4011,1424,1205,556,16.683,38.302,25.091,8.908,7.538,3.478,51.952,19.924
G83009,2026-07-01,11336,5888,1909,4150,3208,1089,694,286,16.84,36.609,28.299,9.607,6.122,2.523,51.941,18.252
G83010,2026-07-01,14555,7344,2417,5948,3750,1294,790,356,16.606,40.866,25.764,8.89,5.428,2.446,50.457,16.764
G83012,2026-07-01,15694,7691,2632,6813,4542,1147,451,109,16.771,43.411,28.941,7.309,2.874,0.695,49.006,10.877
G83013,2026-07-01,8162,4223,1223,3786,2046,568,411,128,14.984,46.386,25.067,6.959,5.036,1.568,51.74,13.563
G83015,2026-07-01,4241,2031,781,2099,1032,208,79,42,18.415,49.493,24.334,4.905,1.863,0.99,47.89,7.758
G83016,2026-07-01,11649,5704,1530,6576,2536,620,318,69,13.134,56.451,21.77,5.322,2.73,0.592,48.966,8.645
G83018,2026-07-01,19134,9765,3358,9014,4800,1209,579,174,17.55,47.11,25.086,6.319,3.026,0.909,51.035,10.254
G83019,2026-07-01,15253,7745,2634,6238,3862,1475,767,277,17.269,40.897,25.32,9.67,5.029,1.816,50.777,16.515
G83021,2026-07-01,17755,9276,2982,9063,4022,967,543,178,16.795,51.045,22.653,5.446,3.058,1.003,52.244,9.507
G83024,2026-07-01,4866,2451,861,1838,1257,465,323,122,17.694,37.772,25.832,9.556,6.638,2.507,50.37,18.701
G83025,2026-07-01,11126,5651,1581,4186,2932,1236,874,317,14.21,37.624,26.353,11.109,7.855,2.849,50.791,21.814
G83026,2026-07-01,8089,3905,1508,3954,1944,446,166,71,18.643,48.881,24.033,5.514,2.052,0.878,48.275,8.444
G83027,2026-07-01,21216,10990,3745,9953,4810,1523,897,288,17.652,46.913,22.672,7.179,4.228,1.357,51.801,12.764
G83028,2026-07-01,14781,7501,2661,6643,3428,1135,659,255,18.003,44.943,23.192,7.679,4.458,1.725,50.748,13.862
G83029,2026-07-01,7345,3809,1141,2535,2065,729,580,295,15.534,34.513,28.114,9.925,7.897,4.016,51.858,21.838
G83030,2026-07-01,6544,3302,1241,3004,1563,430,233,73,18.964,45.905,23.884,6.571,3.561,1.116,50.458,11.247
G83031,2026-07-01,7023,3468,1085,3101,1821,597,328,91,15.449,44.155,25.929,8.501,4.67,1.296,49.381,14.467
G83033,2026-07-01,5513,2746,836,1945,1405,622,536,169,15.164,35.28,25.485,11.282,9.722,3.065,49.81,24.07
G83039,2026-07-01,10468,5309,1961,4766,2603,756,297,85,18.733,45.529,24.866,7.222,2.837,0.812,50.716,10.871
G83044,2026-07-01,12792,6546,2282,5979,3131,888,402,110,17.839,46.74,24.476,6.942,3.143,0.86,51.173,10.944
G83049,2026-07-01,19306,9993,3525,7378,4603,1828,1404,568,18.259,38.216,23.842,9.469,7.272,2.942,51.761,19.683
G83052,2026-07-01,17529,8902,3272,7583,4164,1406,802,302,18.666,43.26,23.755,8.021,4.575,1.723,50.784,14.319
G83053,2026-07-01,21222,10983,4089,8704,5222,1599,1175,433,19.268,41.014,24.607,7.535,5.537,2.04,51.753,15.112
G83057,2026-07-01,11542,5922,1967,4364,2813,1220,890,288,17.042,37.81,24.372,10.57,7.711,2.495,51.308,20.776
G83058,2026-07-01,12272,6345,1565,6930,2818,595,285,79,12.753,56.47,22.963,4.848,2.322,0.644,51.703,7.815
G83060,2026-07-01,7112,3426,1265,3261,1757,541,230,58,17.787,45.852,24.705,7.607,3.234,0.816,48.172,11.656
G83062,2026-07-01,11519,5980,2458,5164,2935,643,231,88,21.339,44.83,25.48,5.582,2.005,0.764,51.914,8.351
G83065,2026-07-01,14792,7505,2183,7787,3591,721,375,135,14.758,52.643,24.277,4.874,2.535,0.913,50.737,8.322
G83066,2026-07-01,30644,15970,4836,11925,7782,2716,2161,1224,15.781,38.915,25.395,8.863,7.052,3.994,52.115,19.909
G83067,2026-07-01,31600,15575,5477,16021,7735,1604,604,159,17.332,50.699,24.478,5.076,1.911,0.503,49.288,7.491
G83628,2026-07-01,10829,5472,2276,4501,2630,733,505,184,21.018,41.564,24.287,6.769,4.663,1.699,50.531,13.131
G83630,2026-07-01,12268,6145,2486,5280,3094,867,375,166,20.264,43.039,25.22,7.067,3.057,1.353,50.09,11.477
G83631,2026-07-01,4811,2301,744,2351,1211,348,126,31,15.465,48.867,25.171,7.233,2.619,0.644,47.828,10.497
G83633,2026-07-01,5037,2303,827,2648,1059,319,138,46,16.419,52.571,21.024,6.333,2.74,0.913,45.722,9.986
G83635,2026-07-01,4515,2201,679,1972,1148,403,237,76,15.039,43.677,25.426,8.926,5.249,1.683,48.749,15.858
G83641,2026-07-01,3635,1732,433,2068,797,241,76,20,11.912,56.891,21.926,6.63,2.091,0.55,47.648,9.271
G83642,2026-07-01,10234,5243,2077,4641,2449,601,357,109,20.295,45.349,23.93,5.873,3.488,1.065,51.231,10.426
G83647,2026-07-01,8481,4172,1394,4222,2009,538,250,68,16.437,49.782,23.688,6.344,2.948,0.802,49.192,10.093
G83651,2026-07-01,6534,3287,791,3621,1428,392,214,88,12.106,55.418,21.855,5.999,3.275,1.347,50.306,10.621
G83654,2026-07-01,5609,2632,881,2860,1332,313,176,47,15.707,50.989,23.748,5.58,3.138,0.838,46.925,9.556
G83673,2026-07-01,7167,3569,1229,3626,1584,439,215,74,17.148,50.593,22.101,6.125,3.0,1.033,49.798,10.158
G83680,2026-07-01,28551,14722,4984,11076,7429,2493,1902,667,17.456,38.794,26.02,8.732,6.662,2.336,51.564,17.73
G84001,2026-07-01,13216,6838,2204,4911,3724,1203,866,308,16.677,37.16,28.178,9.103,6.553,2.331,51.74,17.986
G84002,2026-07-01,13159,6797,2373,5570,3287,971,688,270,18.033,42.328,24.979,7.379,5.228,2.052,51.653,14.659
G84003,2026-07-01,11922,6004,2088,5112,3013,967,554,188,17.514,42.879,25.273,8.111,4.647,1.577,50.361,14.335
G84004,2026-07-01,9505,4835,1294,3057,2475,1140,1141,398,13.614,32.162,26.039,11.994,12.004,4.187,50.868,28.185
G84005,2026-07-01,5258,2720,894,2030,1331,466,367,170,17.003,38.608,25.314,8.863,6.98,3.233,51.731,19.076
G84006,2026-07-01,9648,5007,1246,3158,2725,1150,952,417,12.915,32.732,28.244,11.92,9.867,4.322,51.897,26.109
G84007,2026-07-01,7981,4056,1270,3004,2220,775,531,181,15.913,37.639,27.816,9.711,6.653,2.268,50.821,18.632
G84008,2026-07-01,6341,3270,930,2430,1781,619,446,135,14.666,38.322,28.087,9.762,7.034,2.129,51.569,18.924
G84009,2026-07-01,4327,2099,729,1433,1163,452,386,164,16.848,33.118,26.878,10.446,8.921,3.79,48.509,23.157
G84010,2026-07-01,23536,12200,3835,8002,6900,2227,1828,744,16.294,33.999,29.317,9.462,7.767,3.161,51.835,20.39
G84011,2026-07-01,8254,4183,1213,2934,2583,765,554,205,14.696,35.546,31.294,9.268,6.712,2.484,50.678,18.464
G84013,2026-07-01,4347,2221,865,1851,1034,299,218,80,19.899,42.581,23.787,6.878,5.015,1.84,51.093,13.734
G84015,2026-07-01,10561,5313,1269,3409,3106,1353,1027,397,12.016,32.279,29.41,12.811,9.724,3.759,50.308,26.295
G84016,2026-07-01,12994,6531,1910,4581,3897,1340,927,339,14.699,35.255,29.991,10.312,7.134,2.609,50.262,20.055
G84017,2026-07-01,8758,4414,1215,2982,2440,977,815,329,13.873,34.049,27.86,11.156,9.306,3.757,50.4,24.218
G84018,2026-07-01,7521,3813,990,2533,2104,838,756,300,13.163,33.679,27.975,11.142,10.052,3.989,50.698,25.183
G84019,2026-07-01,11148,5651,2060,4687,2822,869,524,186,18.479,42.043,25.314,7.795,4.7,1.668,50.691,14.164
G84020,2026-07-01,9009,4583,1425,2943,2540,992,816,293,15.818,32.667,28.194,11.011,9.058,3.252,50.871,23.321
G84023,2026-07-01,10009,5145,1582,3677,2758,964,749,279,15.806,36.737,27.555,9.631,7.483,2.787,51.404,19.902
G84024,2026-07-01,9614,4917,1923,3719,2581,686,504,201,20.002,38.683,26.846,7.135,5.242,2.091,51.144,14.468
G84025,2026-07-01,9096,4662,1468,4154,2513,624,264,73,16.139,45.668,27.628,6.86,2.902,0.803,51.253,10.565
G84027,2026-07-01,32948,17308,6661,12493,9269,2468,1524,533,20.217,37.917,28.132,7.491,4.625,1.618,52.531,13.734
G84028,2026-07-01,7120,3730,1148,2822,1792,696,455,207,16.124,39.635,25.169,9.775,6.39,2.907,52.388,19.073
G84029,2026-07-01,3499,1708,403,1314,1058,397,242,85,11.518,37.554,30.237,11.346,6.916,2.429,48.814,20.692
G84030,2026-07-01,6884,3475,1039,2353,2089,690,528,185,15.093,34.181,30.346,10.023,7.67,2.687,50.479,20.381
G84032,2026-07-01,14558,7623,2400,5473,3688,1324,1166,507,16.486,37.594,25.333,9.095,8.009,3.483,52.363,20.587
G84033,2026-07-01,8683,4329,1655,3062,2330,704,706,226,19.06,35.264,26.834,8.108,8.131,2.603,49.856,18.841
G84035,2026-07-01,8614,4409,1615,3076,2346,744,605,228,18.749,35.709,27.235,8.637,7.023,2.647,51.184,18.307
G84039,2026-07-01,3816,1917,712,1437,995,309,295,68,18.658,37.657,26.074,8.097,7.731,1.782,50.236,17.61
G84040,2026-07-01,10559,5392,2211,3830,2808,850,635,225,20.939,36.272,26.593,8.05,6.014,2.131,51.065,16.195
G84041,2026-07-01,4199,2053,816,1865,1088,235,145,50,19.433,44.415,25.911,5.597,3.453,1.191,48.893,10.241
G84604,2026-07-01,8817,4347,1606,3871,2171,603,393,173,18.215,43.904,24.623,6.839,4.457,1.962,49.302,13.258
G84607,2026-07-01,5392,2930,869,1912,1439,587,412,173,16.116,35.46,26.688,10.886,7.641,3.208,54.34,21.736
G84609,2026-07-01,3402,1709,507,1127,943,357,356,112,14.903,33.128,27.719,10.494,10.464,3.292,50.235,24.25
G84621,2026-07-01,4071,2085,751,1527,1131,293,246,123,18.448,37.509,27.782,7.197,6.043,3.021,51.216,16.261
G84624,2026-07-01,2457,1124,300,1209,648,180,88,32,12.21,49.206,26.374,7.326,3.582,1.302,45.747,12.21
G84625,2026-07-01,7656,3926,1385,4083,1707,333,125,23,18.09,53.331,22.296,4.35,1.633,0.3,51.28,6.283
G84627,2026-07-01,6985,3565,1041,2217,1988,842,668,229,14.903,31.739,28.461,12.054,9.563,3.278,51.038,24.896
G84629,2026-07-01,6538,3323,1149,2736,1758,467,311,117,17.574,41.848,26.889,7.143,4.757,1.79,50.826,13.689
G84630,2026-07-01,2839,1424,476,1148,767,249,164,35,16.766,40.437,27.017,8.771,5.777,1.233,50.159,15.78
G85001,2026-07-01,10290,5242,1559,4288,2786,968,511,178,15.151,41.672,27.075,9.407,4.966,1.73,50.943,16.103
G85002,2026-07-01,23178,11378,3838,13106,5076,763,304,91,16.559,56.545,21.9,3.292,1.312,0.393,49.09,4.996
G85004,2026-07-01,34368,17624,5524,13962,9660,3045,1548,629,16.073,40.625,28.108,8.86,4.504,1.83,51.28,15.194
G85006,2026-07-01,8707,4258,1207,3689,2731,686,267,127,13.862,42.368,31.366,7.879,3.066,1.459,48.903,12.404
G85011,2026-07-01,18849,9601,1589,11649,4232,857,387,135,8.43,61.802,22.452,4.547,2.053,0.716,50.936,7.316
G85013,2026-07-01,9216,4477,975,4531,2539,740,312,119,10.579,49.164,27.55,8.03,3.385,1.291,48.579,12.706
G85014,2026-07-01,12073,6116,1938,5578,3019,909,454,175,16.052,46.202,25.006,7.529,3.76,1.45,50.658,12.739
G85015,2026-07-01,8687,4209,980,4066,2437,745,314,145,11.281,46.806,28.053,8.576,3.615,1.669,48.452,13.86
G85016,2026-07-01,14685,7368,1890,6887,4070,1113,543,182,12.87,46.898,27.715,7.579,3.698,1.239,50.174,12.516
G85020,2026-07-01,15490,7475,1628,9792,3013,701,259,97,10.51,63.215,19.451,4.526,1.672,0.626,48.257,6.824
G85021,2026-07-01,4831,2192,516,2209,1423,390,193,100,10.681,45.726,29.456,8.073,3.995,2.07,45.374,14.138
G85022,2026-07-01,15756,8003,2156,6894,4549,1258,645,254,13.684,43.755,28.872,7.984,4.094,1.612,50.793,13.69
G85023,2026-07-01,13854,6823,2112,7467,3106,718,323,128,15.245,53.898,22.42,5.183,2.331,0.924,49.249,8.438
G85024,2026-07-01,14261,7222,2143,5851,4089,1226,658,294,15.027,41.028,28.673,8.597,4.614,2.062,50.642,15.272
G85025,2026-07-01,12846,6400,1262,7739,2901,637,220,87,9.824,60.244,22.583,4.959,1.713,0.677,49.821,7.349
G85026,2026-07-01,4244,2150,577,1855,1138,382,178,114,13.596,43.709,26.814,9.001,4.194,2.686,50.66,15.881
G85028,2026-07-01,12605,6334,1213,6499,3203,1048,439,203,9.623,51.559,25.411,8.314,3.483,1.61,50.25,13.407
G85029,2026-07-01,16773,8261,1466,11622,2762,610,225,88,8.74,69.29,16.467,3.637,1.341,0.525,49.252,5.503
G85030,2026-07-01,5588,2685,789,2588,1599,379,176,57,14.12,46.314,28.615,6.782,3.15,1.02,48.049,10.952
G85031,2026-07-01,6864,3427,892,3383,1820,448,235,86,12.995,49.286,26.515,6.527,3.424,1.253,49.927,11.203
G85032,2026-07-01,11372,5744,1895,4631,3134,1027,502,183,16.664,40.723,27.559,9.031,4.414,1.609,50.51,15.055
G85034,2026-07-01,76320,37149,9296,39114,19962,5144,2074,730,12.18,51.25,26.156,6.74,2.718,0.956,48.675,10.414
G85038,2026-07-01,51738,26304,8136,23522,14211,3444,1737,688,15.725,45.464,27.467,6.657,3.357,1.33,50.841,11.344
G85039,2026-07-01,19331,10054,3347,8122,5321,1419,869,253,17.314,42.015,27.526,7.341,4.495,1.309,52.01,13.145
G85040,2026-07-01,13869,7018,1745,8620,2590,584,224,106,12.582,62.153,18.675,4.211,1.615,0.764,50.602,6.59
G85041,2026-07-01,7908,3999,1129,3519,2205,658,296,101,14.277,44.499,27.883,8.321,3.743,1.277,50.569,13.341
G85042,2026-07-01,6720,3633,923,3791,1401,403,150,52,13.735,56.414,20.848,5.997,2.232,0.774,54.062,9.003
G85044,2026-07-01,5618,2831,820,2484,1533,444,243,94,14.596,44.215,27.287,7.903,4.325,1.673,50.392,13.902
G85045,2026-07-01,7818,3897,768,3938,2078,615,317,102,9.823,50.371,26.58,7.866,4.055,1.305,49.847,13.226
G85046,2026-07-01,11811,6183,1924,4660,3356,869,708,294,16.29,39.455,28.414,7.358,5.994,2.489,52.35,15.841
G85047,2026-07-01,11175,5658,2112,5569,2665,483,241,105,18.899,49.834,23.848,4.322,2.157,0.94,50.631,7.418
G85051,2026-07-01,9211,4704,1590,3615,2579,812,448,167,17.262,39.247,27.999,8.816,4.864,1.813,51.069,15.492
G85052,2026-07-01,10327,4877,1495,5098,3017,529,146,42,14.477,49.366,29.215,5.122,1.414,0.407,47.226,6.943
G85053,2026-07-01,22893,10751,2016,13115,5821,1293,477,171,8.806,57.288,25.427,5.648,2.084,0.747,46.962,8.479
G85054,2026-07-01,7040,3439,815,3067,2005,638,393,122,11.577,43.565,28.48,9.062,5.582,1.733,48.849,16.378
G85057,2026-07-01,12592,6436,2209,5290,3341,977,534,241,17.543,42.011,26.533,7.759,4.241,1.914,51.112,13.914
G85061,2026-07-01,9801,5126,1654,4736,2282,649,352,128,16.876,48.322,23.283,6.622,3.591,1.306,52.301,11.519
G85073,2026-07-01,6895,3187,716,3690,1737,509,161,82,10.384,53.517,25.192,7.382,2.335,1.189,46.222,10.906
G85076,2026-07-01,9316,4425,1162,4667,2655,579,181,72,12.473,50.097,28.499,6.215,1.943,0.773,47.499,8.931
G85083,2026-07-01,12201,5917,1027,6768,3128,824,323,131,8.417,55.471,25.637,6.754,2.647,1.074,48.496,10.475
G85084,2026-07-01,15791,7976,1669,10325,2822,621,271,83,10.569,65.385,17.871,3.933,1.716,0.526,50.51,6.174
G85085,2026-07-01,12923,6486,1479,8149,2500,530,202,63,11.445,63.058,19.345,4.101,1.563,0.488,50.19,6.152
G85086,2026-07-01,10955,5687,990,6896,2263,509,231,66,9.037,62.948,20.657,4.646,2.109,0.602,51.912,7.357
G85087,2026-07-01,17415,8896,2318,10905,3187,699,235,71,13.31,62.618,18.3,4.014,1.349,0.408,51.082,5.771
G85091,2026-07-01,6651,3416,1442,3338,1369,307,143,52,21.681,50.188,20.583,4.616,2.15,0.782,51.361,7.548
G85096,2026-07-01,10300,4661,1526,4800,2858,677,297,142,14.816,46.602,27.748,6.573,2.883,1.379,45.252,10.835
G85100,2026-07-01,8361,4124,683,5057,2025,422,124,50,8.169,60.483,24.22,5.047,1.483,0.598,49.324,7.128
G85102,2026-07-01,9606,4819,741,6887,1455,339,140,44,7.714,71.695,15.147,3.529,1.457,0.458,50.167,5.445
G85104,2026-07-01,9783,4917,1551,4068,2646,866,463,189,15.854,41.582,27.047,8.852,4.733,1.932,50.261,15.517
G85105,2026-07-01,6613,3364,1054,3431,1588,332,145,63,15.938,51.883,24.013,5.02,2.193,0.953,50.869,8.166
G85109,2026-07-01,21240,10903,2395,13587,3702,936,472,148,11.276,63.969,17.429,4.407,2.222,0.697,51.332,7.326
G85114,2026-07-01,12865,6659,2284,5722,3424,860,407,168,17.754,44.477,26.615,6.685,3.164,1.306,51.761,11.154
G85119,2026-07-01,6514,3277,860,3635,1383,375,157,104,13.202,55.803,21.231,5.757,2.41,1.597,50.307,9.764
G85120,2026-07-01,6454,3311,957,2844,1749,587,232,85,14.828,44.066,27.099,9.095,3.595,1.317,51.302,14.007
G85121,2026-07-01,10019,5139,1793,5368,2065,452,224,117,17.896,53.578,20.611,4.511,2.236,1.168,51.293,7.915
G85123,2026-07-01,9861,4801,987,5738,2264,576,235,61,10.009,58.189,22.959,5.841,2.383,0.619,48.687,8.843
G85125,2026-07-01,5999,3073,886,2935,1428,455,217,78,14.769,48.925,23.804,7.585,3.617,1.3,51.225,12.502
G85127,2026-07-01,6147,3008,758,3240,1683,337,96,33,12.331,52.709,27.379,5.482,1.562,0.537,48.934,7.581
G85129,2026-07-01,7829,4057,1054,4629,1642,323,134,47,13.463,59.126,20.973,4.126,1.712,0.6,51.82,6.438
G85130,2026-07-01,9729,4651,1170,5227,2329,626,274,103,12.026,53.726,23.939,6.434,2.816,1.059,47.806,10.309
G85132,2026-07-01,15636,8191,2649,8066,3631,801,341,148,16.942,51.586,23.222,5.123,2.181,0.947,52.386,8.25
G85134,2026-07-01,8709,4197,1257,4166,2422,593,199,72,14.433,47.836,27.81,6.809,2.285,0.827,48.192,9.921
G85135,2026-07-01,11439,5850,1571,5427,3067,964,303,107,13.734,47.443,26.812,8.427,2.649,0.935,51.141,12.012
G85136,2026-07-01,15264,7662,1000,10185,2949,694,334,102,6.551,66.726,19.32,4.547,2.188,0.668,50.197,7.403
G85137,2026-07-01,8584,4490,1527,4471,1861,452,218,55,17.789,52.085,21.68,5.266,2.54,0.641,52.307,8.446
G85138,2026-07-01,14624,6932,1772,8205,3325,876,356,90,12.117,56.106,22.737,5.99,2.434,0.615,47.402,9.04
G85623,2026-07-01,10489,5255,1439,5689,2414,597,266,84,13.719,54.238,23.015,5.692,2.536,0.801,50.1,9.029
G85632,2026-07-01,8963,4524,1294,5016,1987,433,176,57,14.437,55.963,22.169,4.831,1.964,0.636,50.474,7.431
G85633,2026-07-01,20024,9916,3543,8718,5472,1434,580,277,17.694,43.538,27.327,7.161,2.897,1.383,49.521,11.441
G85642,2026-07-01,9277,4414,701,5925,1837,476,255,83,7.556,63.868,19.802,5.131,2.749,0.895,47.58,8.774
G85644,2026-07-01,6086,3223,896,2671,1759,455,232,73,14.722,43.888,28.902,7.476,3.812,1.199,52.958,12.488
G85647,2026-07-01,7679,3923,1193,3675,2085,436,200,90,15.536,47.858,27.152,5.678,2.605,1.172,51.087,9.454
G85651,2026-07-01,6679,3297,939,2788,2246,422,200,84,14.059,41.743,33.628,6.318,2.994,1.258,49.364,10.57
G85662,2026-07-01,7195,3506,755,3575,1904,583,271,107,10.493,49.687,26.463,8.103,3.767,1.487,48.728,13.356
G85673,2026-07-01,6912,3369,907,3867,1665,320,113,40,13.122,55.946,24.089,4.63,1.635,0.579,48.741,6.843
G85674,2026-07-01,7420,3704,864,4896,1255,266,110,29,11.644,65.984,16.914,3.585,1.482,0.391,49.919,5.458
G85681,2026-07-01,4661,2232,744,2095,1313,312,146,51,15.962,44.947,28.17,6.694,3.132,1.094,47.887,10.92
G85685,2026-07-01,9421,4937,1536,4553,2190,672,326,144,16.304,48.328,23.246,7.133,3.46,1.529,52.404,12.122
G85690,2026-07-01,7158,3573,948,4013,1641,374,127,55,13.244,56.063,22.925,5.225,1.774,0.768,49.916,7.768
G85695,2026-07-01,6922,3181,750,3932,1532,373,193,142,10.835,56.804,22.132,5.389,2.788,2.051,45.955,10.228
G85696,2026-07-01,17648,9176,3430,8854,4157,735,339,133,19.436,50.17,23.555,4.165,1.921,0.754,51.995,6.839
G85698,2026-07-01,16004,8556,1722,10415,2979,616,204,68,10.76,65.077,18.614,3.849,1.275,0.425,53.462,5.549
G85705,2026-07-01,6979,3496,459,4478,1470,361,172,39,6.577,64.164,21.063,5.173,2.465,0.559,50.093,8.196
G85706,2026-07-01,5970,2938,984,2423,1749,445,278,91,16.482,40.586,29.296,7.454,4.657,1.524,49.213,13.635
G85708,2026-07-01,10036,4991,1066,6048,2083,533,240,66,10.622,60.263,20.755,5.311,2.391,0.658,49.731,8.36
G85711,2026-07-01,11235,5738,1358,7709,1729,297,115,27,12.087,68.616,15.389,2.644,1.024,0.24,51.073,3.907
G85715,2026-07-01,11663,5659,1695,5965,2995,688,233,87,14.533,51.145,25.679,5.899,1.998,0.746,48.521,8.643
G85716,2026-07-01,6450,3356,1378,2998,1535,349,148,42,21.364,46.481,23.798,5.411,2.295,0.651,52.031,8.357
G85721,2026-07-01,6284,2959,853,2755,2007,457,162,50,13.574,43.842,31.938,7.272,2.578,0.796,47.088,10.646
G85722,2026-07-01,11531,5969,2248,6050,2485,494,182,72,19.495,52.467,21.551,4.284,1.578,0.624,51.765,6.487
G85724,2026-07-01,19048,9550,2467,10813,4615,768,272,113,12.951,56.767,24.228,4.032,1.428,0.593,50.136,6.053
G85726,2026-07-01,7382,3850,1101,3788,1697,533,189,74,14.915,51.314,22.988,7.22,2.56,1.002,52.154,10.783
G85727,2026-07-01,7660,3913,1530,3602,1846,421,194,67,19.974,47.023,24.099,5.496,2.533,0.875,51.084,8.903
G85736,2026-07-01,4435,2034,590,2316,1160,230,91,48,13.303,52.221,26.156,5.186,2.052,1.082,45.862,8.32
H81002,2026-07-01,8494,4176,1412,3431,2312,695,471,173,16.623,40.393,27.219,8.182,5.545,2.037,49.164,15.764
H81003,2026-07-01,19176,9756,3273,7046,5213,1686,1385,573,17.068,36.744,27.185,8.792,7.223,2.988,50.876,19.003
H81004,2026-07-01,12455,6357,1775,3765,3370,1529,1325,691,14.251,30.229,27.057,12.276,10.638,5.548,51.04,28.462
H81005,2026-07-01,6489,3316,1102,2217,1663,764,521,222,16.983,34.166,25.628,11.774,8.029,3.421,51.102,23.224
H81006,2026-07-01,8556,4335,1196,3357,2347,813,564,279,13.978,39.236,27.431,9.502,6.592,3.261,50.666,19.355
H81009,2026-07-01,16530,8297,2598,6293,4440,1553,1155,491,15.717,38.07,26.86,9.395,6.987,2.97,50.194,19.353
H81010,2026-07-01,23860,11908,2981,13995,4242,1364,889,389,12.494,58.655,17.779,5.717,3.726,1.63,49.908,11.073
H81011,2026-07-01,8555,4391,1517,2893,2381,804,696,264,17.732,33.816,27.832,9.398,8.136,3.086,51.327,20.62
H81013,2026-07-01,28403,14479,4708,10209,7666,2796,2231,793,16.576,35.943,26.99,9.844,7.855,2.792,50.977,20.491
H81015,2026-07-01,10533,5210,1874,3652,2879,1008,768,352,17.792,34.672,27.333,9.57,7.291,3.342,49.464,20.203
H81016,2026-07-01,10065,5208,1227,2958,2839,1334,1148,559,12.191,29.389,28.207,13.254,11.406,5.554,51.744,30.214
H81017,2026-07-01,19806,10221,3087,6746,5526,2028,1654,765,15.586,34.06,27.901,10.239,8.351,3.862,51.606,22.453
H81019,2026-07-01,14319,7175,2336,6282,3623,1033,739,306,16.314,43.872,25.302,7.214,5.161,2.137,50.108,14.512
H81020,2026-07-01,13950,7397,2872,4625,4086,1163,857,347,20.588,33.154,29.29,8.337,6.143,2.487,53.025,16.968
H81021,2026-07-01,17007,8691,2956,6591,4278,1417,1213,552,17.381,38.755,25.154,8.332,7.132,3.246,51.102,18.71
H81022,2026-07-01,5303,2676,838,1519,1595,628,528,195,15.802,28.644,30.077,11.842,9.957,3.677,50.462,25.476
H81023,2026-07-01,11421,5849,1821,3765,3140,1257,997,441,15.944,32.966,27.493,11.006,8.73,3.861,51.213,23.597
H81024,2026-07-01,12645,6341,1988,5000,3269,1224,813,351,15.722,39.541,25.852,9.68,6.429,2.776,50.146,18.885
H81025,2026-07-01,11289,5668,1528,3806,3177,1227,1074,477,13.535,33.714,28.142,10.869,9.514,4.225,50.208,24.608
H81026,2026-07-01,11579,5898,1897,4096,3184,1111,873,418,16.383,35.374,27.498,9.595,7.54,3.61,50.937,20.744
H81027,2026-07-01,15444,7697,2458,5437,4310,1413,1331,495,15.916,35.205,27.907,9.149,8.618,3.205,49.838,20.973
H81028,2026-07-01,11270,5718,1327,3648,3295,1411,1101,488,11.775,32.369,29.237,12.52,9.769,4.33,50.736,26.619
H81029,2026-07-01,12476,6153,1552,6091,3066,897,646,224,12.44,48.822,24.575,7.19,5.178,1.795,49.319,14.163
H81030,2026-07-01,39214,19738,6976,15985,10014,3063,2266,910,17.79,40.764,25.537,7.811,5.779,2.321,50.334,15.91
H81031,2026-07-01,11181,5756,1788,3797,3328,1137,811,320,15.991,33.959,29.765,10.169,7.253,2.862,51.48,20.284
H81032,2026-07-01,17104,8334,3024,6541,4944,1341,929,325,17.68,38.243,28.906,7.84,5.431,1.9,48.725,15.172
H81033,2026-07-01,22990,11587,4108,8974,5954,1989,1432,533,17.869,39.034,25.898,8.652,6.229,2.318,50.4,17.199
H81034,2026-07-01,8815,4427,1341,3036,2498,849,720,371,15.213,34.441,28.338,9.631,8.168,4.209,50.221,22.008
H81035,2026-07-01,11532,5736,1914,4146,3397,1092,725,258,16.597,35.952,29.457,9.469,6.287,2.237,49.74,17.993
H81036,2026-07-01,9731,4829,1348,3462,2753,988,835,345,13.853,35.577,28.291,10.153,8.581,3.545,49.625,22.279
H81038,2026-07-01,3427,1585,428,1279,1031,349,236,104,12.489,37.321,30.085,10.184,6.886,3.035,46.25,20.105
H81039,2026-07-01,6314,3150,1023,2197,1710,617,525,242,16.202,34.796,27.083,9.772,8.315,3.833,49.889,21.92
H81040,2026-07-01,9133,4667,1373,3719,2374,755,641,271,15.033,40.72,25.994,8.267,7.019,2.967,51.1,18.252
H81041,2026-07-01,10430,5200,1806,4073,2936,784,614,217,17.315,39.051,28.15,7.517,5.887,2.081,49.856,15.484
H81042,2026-07-01,16675,8375,2882,6647,4308,1388,1008,442,17.283,39.862,25.835,8.324,6.045,2.651,50.225,17.019
H81043,2026-07-01,10519,5582,1586,3303,3113,1186,938,393,15.077,31.4,29.594,11.275,8.917,3.736,53.066,23.928
H81044,2026-07-01,4724,2428,664,1371,1388,603,466,232,14.056,29.022,29.382,12.765,9.865,4.911,51.397,27.54
H81047,2026-07-01,11801,5918,1533,4396,3346,1167,949,410,12.99,37.251,28.354,9.889,8.042,3.474,50.148,21.405
H81048,2026-07-01,10540,5354,2032,4499,2731,620,479,179,19.279,42.685,25.911,5.882,4.545,1.698,50.797,12.125
H81050,2026-07-01,12213,6296,2242,4143,3306,1083,1023,416,18.357,33.923,27.07,8.868,8.376,3.406,51.552,20.65
H81051,2026-07-01,13950,7189,2393,5368,3861,1045,912,371,17.154,38.48,27.677,7.491,6.538,2.659,51.534,16.688
H81052,2026-07-01,17763,9283,2771,5745,4407,2020,1979,841,15.6,32.343,24.81,11.372,11.141,4.735,52.26,27.248
H81053,2026-07-01,8904,4558,1323,2897,2626,1022,752,284,14.858,32.536,29.492,11.478,8.446,3.19,51.19,23.113
H81055,2026-07-01,8653,4409,1367,3186,2187,884,672,357,15.798,36.82,25.274,10.216,7.766,4.126,50.953,22.108
H81056,2026-07-01,16869,8668,2742,5503,4679,1781,1489,675,16.255,32.622,27.737,10.558,8.827,4.001,51.384,23.386
H81057,2026-07-01,7807,3899,1307,3042,2053,700,487,218,16.741,38.965,26.297,8.966,6.238,2.792,49.942,17.997
H81058,2026-07-01,10106,5063,1631,3916,2897,845,632,185,16.139,38.749,28.666,8.361,6.254,1.831,50.099,16.446
H81061,2026-07-01,15204,7562,2674,6606,3858,1077,686,303,17.587,43.449,25.375,7.084,4.512,1.993,49.737,13.589
H81062,2026-07-01,19079,9678,3072,6059,5652,1992,1602,702,16.101,31.757,29.624,10.441,8.397,3.679,50.726,22.517
H81064,2026-07-01,14031,7215,2278,4750,3801,1531,1193,478,16.235,33.854,27.09,10.912,8.503,3.407,51.422,22.821
H81065,2026-07-01,9941,5096,1930,3629,2478,781,746,377,19.415,36.505,24.927,7.856,7.504,3.792,51.262,19.153
H81066,2026-07-01,14719,7428,2208,5995,4079,1239,795,403,15.001,40.73,27.712,8.418,5.401,2.738,50.465,16.557
H81067,2026-07-01,12858,6661,1987,4449,3538,1231,1082,571,15.453,34.601,27.516,9.574,8.415,4.441,51.804,22.43
H81068,2026-07-01,11965,5989,1493,3661,3520,1559,1202,530,12.478,30.598,29.419,13.03,10.046,4.43,50.054,27.505
H81069,2026-07-01,22613,11518,3691,8395,6173,1875,1698,781,16.322,37.125,27.298,8.292,7.509,3.454,50.935,19.254
H81070,2026-07-01,11900,6069,1666,3827,3400,1440,1132,435,14.0,32.16,28.571,12.101,9.513,3.655,51.0,25.269
H81071,2026-07-01,11202,5813,1866,4725,2943,867,600,201,16.658,42.18,26.272,7.74,5.356,1.794,51.893,14.89
H81072,2026-07-01,14054,7090,2313,5006,4058,1371,963,343,16.458,35.62,28.874,9.755,6.852,2.441,50.448,19.048
H81073,2026-07-01,24381,12330,3910,8413,7452,2139,1731,736,16.037,34.506,30.565,8.773,7.1,3.019,50.572,18.892
H81074,2026-07-01,6578,3365,1199,2104,1786,699,544,246,18.227,31.985,27.151,10.626,8.27,3.74,51.155,22.636
H81075,2026-07-01,10836,5435,1498,4049,3069,1114,733,373,13.824,37.366,28.322,10.281,6.764,3.442,50.157,20.487
H81076,2026-07-01,12262,6352,1558,3423,3633,1590,1361,697,12.706,27.916,29.628,12.967,11.099,5.684,51.802,29.75
H81077,2026-07-01,8123,4134,955,2709,2454,991,752,262,11.757,33.35,30.211,12.2,9.258,3.225,50.893,24.683
H81078,2026-07-01,15732,7639,2448,5553,4874,1382,1008,467,15.561,35.297,30.981,8.785,6.407,2.968,48.557,18.16
H81080,2026-07-01,10360,5388,1357,2987,2903,1337,1202,574,13.098,28.832,28.021,12.905,11.602,5.541,52.008,30.048
H81081,2026-07-01,9623,4893,1701,3411,2379,952,835,345,17.676,35.446,24.722,9.893,8.677,3.585,50.847,22.155
H81082,2026-07-01,9576,4811,1436,3906,2460,946,608,220,14.996,40.789,25.689,9.879,6.349,2.297,50.24,18.525
H81084,2026-07-01,10655,5378,1536,3173,3158,1276,1032,480,14.416,29.779,29.639,11.976,9.686,4.505,50.474,26.166
H81085,2026-07-01,11386,5807,1725,4184,3442,929,764,342,15.15,36.747,30.23,8.159,6.71,3.004,51.001,17.873
H81086,2026-07-01,4678,2333,704,1595,1451,491,336,101,15.049,34.096,31.018,10.496,7.183,2.159,49.872,19.838
H81087,2026-07-01,15432,7473,2866,6940,3820,1000,565,241,18.572,44.971,24.754,6.48,3.661,1.562,48.425,11.703
H81088,2026-07-01,14430,7402,2199,5548,3634,1378,1206,465,15.239,38.448,25.184,9.55,8.358,3.222,51.296,21.13
H81089,2026-07-01,22458,11461,4345,8430,6263,1628,1271,521,19.347,37.537,27.888,7.249,5.659,2.32,51.033,15.228
H81090,2026-07-01,17069,8236,2136,9928,3309,901,600,195,12.514,58.164,19.386,5.279,3.515,1.142,48.251,9.936
H81091,2026-07-01,14877,7578,3085,5514,3884,1094,939,361,20.737,37.064,26.107,7.354,6.312,2.427,50.938,16.092
H81094,2026-07-01,10461,5362,1842,4029,2783,886,617,304,17.608,38.514,26.604,8.47,5.898,2.906,51.257,17.274
H81095,2026-07-01,3433,1620,528,1228,995,354,218,110,15.38,35.77,28.983,10.312,6.35,3.204,47.189,19.866
H81099,2026-07-01,13984,7193,2623,4945,4129,1206,790,291,18.757,35.362,29.527,8.624,5.649,2.081,51.437,16.354
H81103,2026-07-01,8394,4216,1298,2613,2420,949,814,300,15.463,31.129,28.83,11.306,9.697,3.574,50.226,24.577
H81104,2026-07-01,8353,4156,1480,3342,2210,696,470,155,17.718,40.01,26.458,8.332,5.627,1.856,49.755,15.815
H81107,2026-07-01,8041,4068,1443,2664,2413,775,536,210,17.946,33.13,30.009,9.638,6.666,2.612,50.591,18.916
H81109,2026-07-01,7767,3990,1251,2511,2303,829,614,259,16.107,32.329,29.651,10.673,7.905,3.335,51.371,21.913
H81110,2026-07-01,6491,3294,1058,2034,1916,693,551,239,16.299,31.336,29.518,10.676,8.489,3.682,50.747,22.847
H81111,2026-07-01,6152,3210,951,2115,1747,630,482,227,15.458,34.379,28.397,10.241,7.835,3.69,52.178,21.765
H81113,2026-07-01,7909,3966,971,2419,2385,1062,836,236,12.277,30.585,30.156,13.428,10.57,2.984,50.145,26.982
H81116,2026-07-01,5982,3124,956,1893,1602,710,591,230,15.981,31.645,26.78,11.869,9.88,3.845,52.223,25.593
H81119,2026-07-01,21995,11246,3939,8485,5860,1906,1330,475,17.909,38.577,26.642,8.666,6.047,2.16,51.13,16.872
H81122,2026-07-01,9112,4542,1519,3817,2275,805,509,187,16.67,41.89,24.967,8.835,5.586,2.052,49.846,16.473
H81123,2026-07-01,3515,1785,789,1624,754,223,94,31,22.447,46.202,21.451,6.344,2.674,0.882,50.782,9.9
H81126,2026-07-01,8104,4243,1285,2693,2223,905,655,343,15.856,33.231,27.431,11.167,8.082,4.232,52.357,23.482
H81128,2026-07-01,8960,4719,1508,3128,2443,921,695,265,16.83,34.911,27.266,10.279,7.757,2.958,52.667,20.993
H81129,2026-07-01,4786,2499,968,1838,1250,368,263,99,20.226,38.404,26.118,7.689,5.495,2.069,52.215,15.253
H81130,2026-07-01,15745,8127,2455,5108,4567,1811,1292,512,15.592,32.442,29.006,11.502,8.206,3.252,51.616,22.96
H81131,2026-07-01,4308,2118,729,1811,1076,363,225,104,16.922,42.038,24.977,8.426,5.223,2.414,49.164,16.063
H81133,2026-07-01,30800,15547,4900,10710,8763,3211,2352,864,15.909,34.773,28.451,10.425,7.636,2.805,50.477,20.867
H81134,2026-07-01,12947,6497,1922,5009,3545,1167,901,403,14.845,38.688,27.381,9.014,6.959,3.113,50.182,19.086
H81615,2026-07-01,14624,7613,2731,4942,4239,1340,995,377,18.675,33.794,28.987,9.163,6.804,2.578,52.058,18.545
H81618,2026-07-01,6011,2985,957,2381,1486,533,442,212,15.921,39.611,24.721,8.867,7.353,3.527,49.659,19.747
H81632,2026-07-01,3027,1523,546,1136,787,258,226,74,18.038,37.529,25.999,8.523,7.466,2.445,50.314,18.434
H81638,2026-07-01,45247,22671,7879,17104,11717,4235,3154,1158,17.413,37.801,25.896,9.36,6.971,2.559,50.105,18.89
H81641,2026-07-01,4010,1888,758,1996,904,223,91,38,18.903,49.776,22.544,5.561,2.269,0.948,47.082,8.778
H81642,2026-07-01,4287,2154,717,1695,1120,385,241,129,16.725,39.538,26.125,8.981,5.622,3.009,50.245,17.611
H81643,2026-07-01,3926,1849,748,2072,837,181,60,28,19.052,52.776,21.319,4.61,1.528,0.713,47.096,6.852
H81644,2026-07-01,8337,4222,1162,2967,2419,736,732,321,13.938,35.588,29.015,8.828,8.78,3.85,50.642,21.459
H81656,2026-07-01,7027,3518,1052,2207,2033,813,652,270,14.971,31.407,28.931,11.57,9.278,3.842,50.064,24.69
H81658,2026-07-01,6482,3405,1037,2226,1804,679,537,199,15.998,34.341,27.831,10.475,8.284,3.07,52.53,21.83
H81663,2026-07-01,3498,1662,641,1536,895,192,145,89,18.325,43.911,25.586,5.489,4.145,2.544,47.513,12.178
H81672,2026-07-01,6157,3153,1079,1959,1957,478,459,225,17.525,31.817,31.785,7.764,7.455,3.654,51.21,18.873
H82003,2026-07-01,10911,5675,1761,4257,2764,1078,763,288,16.14,39.016,25.332,9.88,6.993,2.64,52.012,19.512
H82004,2026-07-01,5041,2522,677,1556,1513,679,453,163,13.43,30.867,30.014,13.47,8.986,3.233,50.03,25.689
H82005,2026-07-01,13025,6607,2498,5174,3346,1032,732,243,19.179,39.724,25.689,7.923,5.62,1.866,50.726,15.409
H82006,2026-07-01,6017,3070,772,1720,1635,840,726,324,12.83,28.586,27.173,13.96,12.066,5.385,51.022,31.411
H82007,2026-07-01,12629,6663,1578,3592,3160,1852,1804,643,12.495,28.442,25.022,14.665,14.285,5.091,52.76,34.041
H82009,2026-07-01,16587,8608,2518,5743,4687,1704,1415,520,15.181,34.624,28.257,10.273,8.531,3.135,51.896,21.939
H82011,2026-07-01,15823,8041,2451,5802,4025,1754,1339,452,15.49,36.668,25.438,11.085,8.462,2.857,50.818,22.404
H82012,2026-07-01,15338,7300,2935,7431,3282,985,513,192,19.135,48.448,21.398,6.422,3.345,1.252,47.594,11.018
H82013,2026-07-01,13379,7176,1781,4115,3422,1886,1497,678,13.312,30.757,25.577,14.097,11.189,5.068,53.636,30.354
H82014,2026-07-01,11241,5906,0,3815,3441,1638,1620,727,0.0,33.938,30.611,14.572,14.412,6.467,52.54,35.451
H82016,2026-07-01,12814,6267,1951,4910,3133,1458,961,401,15.226,38.317,24.45,11.378,7.5,3.129,48.907,22.007
H82017,2026-07-01,19599,9809,2848,6625,5489,1943,1715,979,14.531,33.803,28.007,9.914,8.75,4.995,50.048,23.659
H82020,2026-07-01,9386,4341,1108,3997,2628,865,556,232,11.805,42.585,27.999,9.216,5.924,2.472,46.25,17.611
H82021,2026-07-01,6683,3467,807,1780,1853,1087,886,270,12.075,26.635,27.727,16.265,13.258,4.04,51.878,33.563
H82022,2026-07-01,11693,6084,1527,3321,3281,1591,1413,560,13.059,28.402,28.06,13.606,12.084,4.789,52.031,30.48
H82023,2026-07-01,36259,18681,5599,11941,10177,3856,3381,1305,15.442,32.933,28.068,10.635,9.325,3.599,51.521,23.558
H82025,2026-07-01,17378,8488,3001,7231,4475,1463,851,357,17.269,41.61,25.751,8.419,4.897,2.054,48.843,15.37
H82026,2026-07-01,19949,9838,3774,8782,5330,1206,678,179,18.918,44.022,26.718,6.045,3.399,0.897,49.316,10.341
H82027,2026-07-01,3968,1989,569,1385,1046,490,371,107,14.34,34.904,26.361,12.349,9.35,2.697,50.126,24.395
H82028,2026-07-01,15366,7604,3021,6396,3516,1230,882,321,19.66,41.624,22.882,8.005,5.74,2.089,49.486,15.834
H82030,2026-07-01,13462,6902,1709,3779,3648,2050,1685,591,12.695,28.072,27.098,15.228,12.517,4.39,51.27,32.135
H82031,2026-07-01,7078,3516,1055,2180,2017,915,698,213,14.905,30.8,28.497,12.927,9.862,3.009,49.675,25.798
H82032,2026-07-01,12839,6622,1543,3727,3611,1840,1534,584,12.018,29.029,28.125,14.331,11.948,4.549,51.577,30.828
H82033,2026-07-01,7277,3568,1266,3047,1826,660,333,145,17.397,41.872,25.093,9.07,4.576,1.993,49.031,15.638
H82034,2026-07-01,27809,14281,3673,8683,7478,3539,3211,1225,13.208,31.224,26.891,12.726,11.547,4.405,51.354,28.678
H82035,2026-07-01,10717,5557,1678,3051,2986,1257,1242,503,15.657,28.469,27.862,11.729,11.589,4.693,51.852,28.012
H82036,2026-07-01,8794,4539,1106,2718,2439,1041,1048,442,12.577,30.907,27.735,11.838,11.917,5.026,51.615,28.781
H82037,2026-07-01,12488,6457,1305,3389,3237,2114,1771,672,10.45,27.138,25.921,16.928,14.182,5.381,51.706,36.491
H82038,2026-07-01,12798,6659,1570,3743,3335,1776,1745,629,12.268,29.247,26.059,13.877,13.635,4.915,52.032,32.427
H82039,2026-07-01,11224,5819,1740,3908,2818,1296,1043,419,15.502,34.818,25.107,11.547,9.293,3.733,51.844,24.572
H82040,2026-07-01,28098,14028,4170,9089,7848,3318,2692,981,14.841,32.347,27.931,11.809,9.581,3.491,49.925,24.881
H82041,2026-07-01,14151,7241,2150,5586,3776,1304,931,404,15.193,39.474,26.684,9.215,6.579,2.855,51.17,18.649
H82042,2026-07-01,14113,7309,2001,5542,3421,1466,1175,508,14.178,39.269,24.24,10.388,8.326,3.6,51.789,22.313
H82043,2026-07-01,11212,5771,1175,2695,2796,1830,1995,721,10.48,24.037,24.938,16.322,17.793,6.431,51.472,40.546
H82044,2026-07-01,10501,5219,1588,3383,3155,1096,860,419,15.122,32.216,30.045,10.437,8.19,3.99,49.7,22.617
H82045,2026-07-01,20287,10267,2670,7560,5340,1918,1721,1078,13.161,37.265,26.322,9.454,8.483,5.314,50.609,23.251
H82046,2026-07-01,11637,5891,1732,4186,3307,1192,878,342,14.884,35.971,28.418,10.243,7.545,2.939,50.623,20.727
H82047,2026-07-01,13172,6470,2486,5812,3032,972,643,227,18.873,44.124,23.019,7.379,4.882,1.723,49.119,13.984
H82048,2026-07-01,12278,6385,1627,3509,3153,1954,1482,553,13.251,28.58,25.68,15.915,12.07,4.504,52.004,32.489
H82049,2026-07-01,10222,5256,1562,3607,2530,1145,946,432,15.281,35.287,24.751,11.201,9.255,4.226,51.419,24.682
H82050,2026-07-01,10968,5416,2088,4747,2599,831,522,181,19.037,43.28,23.696,7.577,4.759,1.65,49.38,13.986
H82051,2026-07-01,12559,6611,1738,4411,3049,1504,1308,549,13.839,35.122,24.277,11.975,10.415,4.371,52.64,26.762
H82052,2026-07-01,16897,8506,2923,6176,4442,1716,1242,398,17.299,36.551,26.289,10.156,7.35,2.355,50.34,19.862
H82053,2026-07-01,6934,3447,1038,2633,1664,795,574,230,14.97,37.972,23.998,11.465,8.278,3.317,49.712,23.06
H82055,2026-07-01,13864,6984,2288,4730,3822,1469,1123,432,16.503,34.117,27.568,10.596,8.1,3.116,50.375,21.812
H82056,2026-07-01,15023,7744,2532,5862,3744,1178,1170,537,16.854,39.02,24.922,7.841,7.788,3.575,51.548,19.204
H82057,2026-07-01,22688,11726,3779,7278,6482,2308,1991,850,16.656,32.079,28.57,10.173,8.776,3.746,51.684,22.695
H82058,2026-07-01,17796,9090,2622,6748,4618,1797,1444,567,14.734,37.919,25.95,10.098,8.114,3.186,51.079,21.398
H82059,2026-07-01,12042,6516,1466,3218,2961,1833,1836,728,12.174,26.723,24.589,15.222,15.247,6.046,54.111,36.514
H82060,2026-07-01,10029,5175,1346,2882,2743,1404,1176,478,13.421,28.737,27.351,13.999,11.726,4.766,51.6,30.492
H82061,2026-07-01,9124,4514,1155,3507,2699,867,654,242,12.659,38.437,29.581,9.502,7.168,2.652,49.474,19.323
H82063,2026-07-01,17851,9242,2944,6234,4684,1864,1610,515,16.492,34.922,26.239,10.442,9.019,2.885,51.773,22.346
H82064,2026-07-01,11602,5562,2173,5386,2702,741,408,192,18.73,46.423,23.289,6.387,3.517,1.655,47.94,11.558
H82065,2026-07-01,15470,7990,2312,5209,3967,1726,1625,631,14.945,33.672,25.643,11.157,10.504,4.079,51.648,25.74
H82066,2026-07-01,18279,9016,4579,6235,4027,1664,1252,522,25.051,34.11,22.031,9.103,6.849,2.856,49.324,18.808
H82067,2026-07-01,8662,4473,1720,3394,2015,836,530,167,19.857,39.183,23.263,9.651,6.119,1.928,51.639,17.698
H82070,2026-07-01,13179,6778,1580,3546,3650,1970,1820,613,11.989,26.906,27.696,14.948,13.81,4.651,51.43,33.409
H82072,2026-07-01,13697,6985,2387,5039,3525,1338,1033,375,17.427,36.789,25.736,9.769,7.542,2.738,50.997,20.048
H82076,2026-07-01,4019,2130,479,1230,1100,558,461,191,11.918,30.605,27.37,13.884,11.471,4.752,52.998,30.107
H82077,2026-07-01,13901,7069,2288,4869,3629,1551,1120,444,16.459,35.026,26.106,11.157,8.057,3.194,50.852,22.408
H82078,2026-07-01,10346,5379,1655,3302,2551,1403,1033,402,15.997,31.916,24.657,13.561,9.985,3.886,51.991,27.431
H82084,2026-07-01,7834,4111,1123,3104,1861,689,660,397,14.335,39.622,23.755,8.795,8.425,5.068,52.476,22.287
H82087,2026-07-01,3834,2057,259,622,923,761,917,352,6.755,16.223,24.074,19.849,23.918,9.181,53.652,52.947
H82088,2026-07-01,6154,3008,1167,2628,1619,542,162,36,18.963,42.704,26.308,8.807,2.632,0.585,48.879,12.025
H82089,2026-07-01,11489,5929,1969,4729,2862,1084,666,179,17.138,41.161,24.911,9.435,5.797,1.558,51.606,16.79
H82091,2026-07-01,8441,4304,1285,2976,2207,949,737,287,15.223,35.256,26.146,11.243,8.731,3.4,50.989,23.374
H82092,2026-07-01,11253,5674,1951,4078,3063,1181,737,243,17.338,36.239,27.219,10.495,6.549,2.159,50.422,19.204
H82095,2026-07-01,10371,5405,1305,2648,2753,1626,1471,568,12.583,25.533,26.545,15.678,14.184,5.477,52.116,35.339
H82096,2026-07-01,5398,2604,791,1785,1457,647,526,192,14.654,33.068,26.991,11.986,9.744,3.557,48.24,25.287
H82098,2026-07-01,10052,4950,1804,4511,2507,749,413,68,17.947,44.877,24.94,7.451,4.109,0.676,49.244,12.236
H82099,2026-07-01,8001,4094,925,2448,2108,1065,1044,411,11.561,30.596,26.347,13.311,13.048,5.137,51.169,31.496
H82100,2026-07-01,8682,4454,1730,3229,2165,735,619,204,19.926,37.192,24.937,8.466,7.13,2.35,51.302,17.945
H82615,2026-07-01,9988,5119,2038,3732,2584,828,585,221,20.404,37.365,25.871,8.29,5.857,2.213,51.252,16.36
H82640,2026-07-01,16562,8442,2527,5733,4905,1781,1215,401,15.258,34.615,29.616,10.754,7.336,2.421,50.972,20.511
H83001,2026-07-01,15214,7819,2638,7339,3635,977,432,193,17.339,48.238,23.892,6.422,2.839,1.269,51.393,10.53
H83004,2026-07-01,11761,6078,1814,4269,3019,1239,1064,356,15.424,36.298,25.67,10.535,9.047,3.027,51.679,22.609
H83005,2026-07-01,14874,7371,2402,7063,4106,788,374,141,16.149,47.486,27.605,5.298,2.514,0.948,49.556,8.76
H83006,2026-07-01,12055,6235,2494,5512,2802,737,354,156,20.689,45.724,23.243,6.114,2.937,1.294,51.721,10.344
H83007,2026-07-01,10457,5338,1950,4480,2719,745,382,181,18.648,42.842,26.002,7.124,3.653,1.731,51.047,12.508
H83008,2026-07-01,4111,2064,771,1886,913,317,142,82,18.755,45.877,22.209,7.711,3.454,1.995,50.207,13.16
H83009,2026-07-01,10446,5100,1614,4707,2539,854,518,214,15.451,45.06,24.306,8.175,4.959,2.049,48.823,15.183
H83010,2026-07-01,6675,3284,962,3025,1733,545,286,124,14.412,45.318,25.963,8.165,4.285,1.858,49.199,14.307
H83011,2026-07-01,7759,3443,1346,3667,1996,486,186,78,17.348,47.261,25.725,6.264,2.397,1.005,44.374,9.666
H83012,2026-07-01,9121,4542,1698,4148,2249,603,309,114,18.616,45.477,24.657,6.611,3.388,1.25,49.797,11.249
H83013,2026-07-01,19459,9978,3798,7422,4884,1681,1282,392,19.518,38.142,25.099,8.639,6.588,2.014,51.277,17.241
H83014,2026-07-01,6855,3484,924,2415,1759,829,684,244,13.479,35.23,25.66,12.093,9.978,3.559,50.824,25.631
H83015,2026-07-01,13547,6907,2418,5522,3548,1117,685,257,17.849,40.762,26.19,8.245,5.056,1.897,50.985,15.199
H83016,2026-07-01,24943,12759,4504,10364,6060,1934,1390,691,18.057,41.551,24.295,7.754,5.573,2.77,51.153,16.097
H83017,2026-07-01,12996,6390,1887,5432,3717,1211,528,221,14.52,41.797,28.601,9.318,4.063,1.701,49.169,15.082
H83018,2026-07-01,17664,8974,2946,6502,4737,1727,1260,492,16.678,36.809,26.817,9.777,7.133,2.785,50.804,19.695
H83019,2026-07-01,7247,3663,1048,3314,1791,543,339,212,14.461,45.729,24.714,7.493,4.678,2.925,50.545,15.096
H83020,2026-07-01,10041,5028,1625,4356,2737,821,375,127,16.184,43.382,27.258,8.176,3.735,1.265,50.075,13.176
H83021,2026-07-01,5553,2716,906,2389,1344,546,251,117,16.316,43.022,24.203,9.833,4.52,2.107,48.91,16.46
H83022,2026-07-01,5644,2816,870,2328,1449,588,287,122,15.415,41.247,25.673,10.418,5.085,2.162,49.894,17.665
H83023,2026-07-01,6350,3110,981,2579,1832,538,305,115,15.449,40.614,28.85,8.472,4.803,1.811,48.976,15.087
H83024,2026-07-01,17782,8981,3099,6851,4486,1716,1152,478,17.428,38.528,25.228,9.65,6.478,2.688,50.506,18.817
H83028,2026-07-01,9696,4972,1599,4011,2632,772,498,184,16.491,41.368,27.145,7.962,5.136,1.898,51.279,14.996
H83029,2026-07-01,4892,2540,670,1661,1231,641,482,207,13.696,33.953,25.164,13.103,9.853,4.231,51.922,27.187
H83030,2026-07-01,3194,1690,635,1320,780,217,150,92,19.881,41.327,24.421,6.794,4.696,2.88,52.912,14.371
H83031,2026-07-01,3572,1779,587,1623,869,255,163,75,16.433,45.437,24.328,7.139,4.563,2.1,49.804,13.802
H83033,2026-07-01,4601,2363,881,2071,1135,300,158,56,19.148,45.012,24.669,6.52,3.434,1.217,51.358,11.171
H83034,2026-07-01,6865,3366,1146,3005,1922,481,213,98,16.693,43.773,27.997,7.007,3.103,1.428,49.031,11.537
H83037,2026-07-01,7412,3876,1154,3116,2019,569,392,162,15.569,42.04,27.24,7.677,5.289,2.186,52.294,15.151
H83039,2026-07-01,8315,4166,1302,3423,2142,778,464,206,15.658,41.167,25.761,9.357,5.58,2.477,50.102,17.414
H83042,2026-07-01,9306,4668,1769,4338,2035,663,321,180,19.009,46.615,21.868,7.124,3.449,1.934,50.161,12.508
H83043,2026-07-01,7426,3749,968,2486,2072,916,735,249,13.035,33.477,27.902,12.335,9.898,3.353,50.485,25.586
H83044,2026-07-01,25327,12394,4258,12795,5851,1380,746,297,16.812,50.519,23.102,5.449,2.945,1.173,48.936,9.567
H83049,2026-07-01,2751,1349,466,1244,730,209,80,22,16.939,45.22,26.536,7.597,2.908,0.8,49.037,11.305
H83051,2026-07-01,20306,9647,3674,11212,4239,793,302,86,18.093,55.215,20.876,3.905,1.487,0.424,47.508,5.816
H83052,2026-07-01,2887,1409,486,996,774,292,267,72,16.834,34.499,26.81,10.114,9.248,2.494,48.805,21.857
H83053,2026-07-01,14125,7010,2157,6077,3867,1208,554,262,15.271,43.023,27.377,8.552,3.922,1.855,49.628,14.329
H83608,2026-07-01,11527,5515,2026,5624,2741,736,293,107,17.576,48.79,23.779,6.385,2.542,0.928,47.844,9.855
H83609,2026-07-01,4942,2437,886,2212,1198,365,205,76,17.928,44.759,24.241,7.386,4.148,1.538,49.312,13.072
H83611,2026-07-01,6145,3153,1270,3083,1341,285,120,46,20.667,50.171,21.823,4.638,1.953,0.749,51.31,7.339
H83624,2026-07-01,8368,3995,1242,3808,2220,636,321,141,14.842,45.507,26.53,7.6,3.836,1.685,47.741,13.121
H83627,2026-07-01,7967,4048,1402,3714,1892,464,310,185,17.598,46.617,23.748,5.824,3.891,2.322,50.81,12.037
H83631,2026-07-01,11343,5438,2173,5825,2588,480,196,81,19.157,51.353,22.816,4.232,1.728,0.714,47.941,6.674
H84002,2026-07-01,12524,6424,1963,4235,3948,1233,900,245,15.674,33.815,31.523,9.845,7.186,1.956,51.294,18.988
H84005,2026-07-01,13968,6861,1939,5585,4200,1232,746,266,13.882,39.984,30.069,8.82,5.341,1.904,49.119,16.065
H84006,2026-07-01,17352,8891,2908,6493,4938,1366,1154,493,16.759,37.419,28.458,7.872,6.651,2.841,51.239,17.364
H84007,2026-07-01,7284,3695,1057,2481,2244,817,542,143,14.511,34.061,30.807,11.216,7.441,1.963,50.728,20.621
H84010,2026-07-01,16312,8421,2574,7245,4024,1346,848,275,15.78,44.415,24.669,8.252,5.199,1.686,51.625,15.136
H84012,2026-07-01,14861,7565,2594,6204,3990,1035,839,199,17.455,41.747,26.849,6.965,5.646,1.339,50.905,13.949
H84014,2026-07-01,2418,1143,293,878,838,209,145,55,12.117,36.311,34.657,8.644,5.997,2.275,47.27,16.915
H84015,2026-07-01,9009,4610,1544,3826,2413,655,417,154,17.138,42.469,26.784,7.271,4.629,1.709,51.171,13.609
H84016,2026-07-01,16380,8536,2399,6210,4674,1514,1076,507,14.646,37.912,28.535,9.243,6.569,3.095,52.112,18.907
H84017,2026-07-01,12051,6023,1765,4198,3617,1117,969,385,14.646,34.835,30.014,9.269,8.041,3.195,49.979,20.505
H84018,2026-07-01,7351,3853,1377,2733,1978,654,448,161,18.732,37.179,26.908,8.897,6.094,2.19,52.415,17.181
H84020,2026-07-01,22812,11811,2358,14483,4160,942,668,201,10.337,63.489,18.236,4.129,2.928,0.881,51.775,7.939
H84023,2026-07-01,13752,7098,2355,5783,3781,968,673,192,17.125,42.052,27.494,7.039,4.894,1.396,51.614,13.329
H84025,2026-07-01,7542,3765,1422,2975,2050,573,370,152,18.854,39.446,27.181,7.597,4.906,2.015,49.92,14.519
H84027,2026-07-01,17161,8501,2881,7147,4868,1244,787,234,16.788,41.647,28.367,7.249,4.586,1.364,49.537,13.199
H84030,2026-07-01,12745,6513,1723,4490,3718,1299,1037,478,13.519,35.23,29.172,10.192,8.137,3.75,51.102,22.079
H84031,2026-07-01,5729,2973,951,2101,1636,493,413,135,16.6,36.673,28.556,8.605,7.209,2.356,51.894,18.171
H84032,2026-07-01,8820,4339,1128,3015,2803,912,664,298,12.789,34.184,31.78,10.34,7.528,3.379,49.195,21.247
H84033,2026-07-01,6465,3258,968,2091,2037,693,491,185,14.973,32.343,31.508,10.719,7.595,2.862,50.394,21.176
H84034,2026-07-01,8448,4236,1327,3330,2243,775,584,189,15.708,39.418,26.551,9.174,6.913,2.237,50.142,18.324
H84039,2026-07-01,11618,5998,1845,4098,3686,1007,725,257,15.881,35.273,31.727,8.668,6.24,2.212,51.627,17.12
H84040,2026-07-01,11273,5594,1672,3811,3251,1238,930,371,14.832,33.806,28.839,10.982,8.25,3.291,49.623,22.523
H84041,2026-07-01,7375,3741,1473,3258,1929,388,254,73,19.973,44.176,26.156,5.261,3.444,0.99,50.725,9.695
H84042,2026-07-01,13427,6833,2207,5158,3882,1087,766,327,16.437,38.415,28.912,8.096,5.705,2.435,50.89,16.236
H84044,2026-07-01,8282,4263,1402,3236,2533,544,450,117,16.928,39.073,30.584,6.568,5.433,1.413,51.473,13.415
H84048,2026-07-01,8715,4446,1474,3285,2790,573,425,168,16.913,37.694,32.014,6.575,4.877,1.928,51.015,13.379
H84050,2026-07-01,7482,3805,1342,2903,1898,735,474,130,17.936,38.8,25.368,9.824,6.335,1.738,50.855,17.896
H84051,2026-07-01,7216,3626,1222,3138,1896,506,333,121,16.935,43.487,26.275,7.012,4.615,1.677,50.249,13.304
H84054,2026-07-01,3471,1575,503,1591,904,247,161,65,14.492,45.837,26.044,7.116,4.638,1.873,45.376,13.627
H84055,2026-07-01,11130,5648,1969,4114,3128,959,749,211,17.691,36.963,28.104,8.616,6.73,1.896,50.746,17.242
H84057,2026-07-01,3719,1883,679,1469,1140,242,154,35,18.258,39.5,30.653,6.507,4.141,0.941,50.632,11.589
H84059,2026-07-01,5269,2709,871,2148,1538,352,252,108,16.531,40.767,29.19,6.681,4.783,2.05,51.414,13.513
H84060,2026-07-01,7581,3927,1321,2663,2408,625,439,125,17.425,35.127,31.764,8.244,5.791,1.649,51.801,15.684
H84061,2026-07-01,29040,15180,5201,14644,7116,1252,672,155,17.91,50.427,24.504,4.311,2.314,0.534,52.273,7.159
H84062,2026-07-01,8611,4479,1463,3512,2302,653,470,211,16.99,40.785,26.733,7.583,5.458,2.45,52.015,15.492
H84618,2026-07-01,5293,2593,850,2286,1455,427,221,54,16.059,43.189,27.489,8.067,4.175,1.02,48.989,13.263
H84619,2026-07-01,10644,5342,1775,4485,3294,618,366,106,16.676,42.136,30.947,5.806,3.439,0.996,50.188,10.241
H84623,2026-07-01,8479,4450,1326,3103,2625,732,515,178,15.639,36.596,30.959,8.633,6.074,2.099,52.483,16.806
H84625,2026-07-01,5200,2528,826,2207,1399,392,257,119,15.885,42.442,26.904,7.538,4.942,2.288,48.615,14.769
H84630,2026-07-01,3625,1819,755,1491,1003,229,114,33,20.828,41.131,27.669,6.317,3.145,0.91,50.179,10.372
H84635,2026-07-01,16519,8392,3259,6251,4345,1307,1010,347,19.729,37.841,26.303,7.912,6.114,2.101,50.802,16.127
H84639,2026-07-01,5721,2876,993,2630,1570,307,168,53,17.357,45.971,27.443,5.366,2.937,0.926,50.271,9.229
H85001,2026-07-01,18818,9657,2235,11771,3719,662,339,92,11.877,62.552,19.763,3.518,1.801,0.489,51.318,5.808
H85002,2026-07-01,11986,6077,1335,7246,2460,566,271,108,11.138,60.454,20.524,4.722,2.261,0.901,50.701,7.884
H85003,2026-07-01,6881,3420,698,3580,1716,487,305,95,10.144,52.027,24.938,7.077,4.432,1.381,49.702,12.891
H85006,2026-07-01,6487,3250,1062,2911,1654,422,302,136,16.371,44.874,25.497,6.505,4.655,2.097,50.1,13.257
H85007,2026-07-01,10526,5457,1738,4350,2686,899,644,209,16.511,41.326,25.518,8.541,6.118,1.986,51.843,16.644
H85008,2026-07-01,6657,3406,915,2981,1637,529,377,218,13.745,44.78,24.591,7.947,5.663,3.275,51.164,16.884
H85009,2026-07-01,13879,7193,1780,7262,3220,942,500,175,12.825,52.324,23.201,6.787,3.603,1.261,51.827,11.651
H85011,2026-07-01,10293,5311,1852,4535,2526,760,455,165,17.993,44.059,24.541,7.384,4.42,1.603,51.598,13.407
H85012,2026-07-01,23511,11816,2739,11837,6238,1415,937,345,11.65,50.347,26.532,6.018,3.985,1.467,50.257,11.471
H85018,2026-07-01,8670,4376,1401,3410,2444,699,508,208,16.159,39.331,28.189,8.062,5.859,2.399,50.473,16.321
H85020,2026-07-01,32318,16339,5451,13531,8638,2438,1632,628,16.867,41.868,26.728,7.544,5.05,1.943,50.557,14.537
H85021,2026-07-01,5987,2965,895,2430,1753,504,284,121,14.949,40.588,29.28,8.418,4.744,2.021,49.524,15.183
H85022,2026-07-01,5003,2535,876,2093,1350,351,251,82,17.509,41.835,26.984,7.016,5.017,1.639,50.67,13.672
H85023,2026-07-01,4900,2501,851,2124,1247,387,199,92,17.367,43.347,25.449,7.898,4.061,1.878,51.041,13.837
H85024,2026-07-01,7888,3697,925,3684,2053,696,392,138,11.727,46.704,26.027,8.824,4.97,1.749,46.869,15.543
H85025,2026-07-01,16762,8725,3232,6460,4474,1325,887,384,19.282,38.54,26.691,7.905,5.292,2.291,52.052,15.487
H85026,2026-07-01,14761,7497,2520,6687,3976,904,494,180,17.072,45.302,26.936,6.124,3.347,1.219,50.789,10.69
H85027,2026-07-01,13145,6770,1684,4835,3772,1408,996,450,12.811,36.782,28.695,10.711,7.577,3.423,51.502,21.712
H85028,2026-07-01,10871,5404,1684,5365,2677,594,401,150,15.491,49.351,24.625,5.464,3.689,1.38,49.71,10.533
H85029,2026-07-01,15318,7610,2569,6813,3873,1180,577,306,16.771,44.477,25.284,7.703,3.767,1.998,49.68,13.468
H85030,2026-07-01,13065,6755,2034,5101,3524,1155,901,350,15.568,39.043,26.973,8.84,6.896,2.679,51.703,18.416
H85031,2026-07-01,11718,5919,2152,4568,3178,884,661,275,18.365,38.983,27.121,7.544,5.641,2.347,50.512,15.532
H85033,2026-07-01,9527,4798,1360,4122,2523,873,482,167,14.275,43.267,26.483,9.163,5.059,1.753,50.362,15.976
H85037,2026-07-01,13753,6694,1983,5869,3756,1113,711,321,14.419,42.674,27.31,8.093,5.17,2.334,48.673,15.597
H85038,2026-07-01,11119,5741,1978,4791,2804,868,451,227,17.789,43.088,25.218,7.806,4.056,2.042,51.632,13.904
H85041,2026-07-01,14820,7738,2555,8260,2840,622,386,157,17.24,55.735,19.163,4.197,2.605,1.059,52.213,7.861
H85045,2026-07-01,13495,6723,1832,5942,3740,1010,731,240,13.575,44.031,27.714,7.484,5.417,1.778,49.818,14.68
H85047,2026-07-01,12449,6342,1440,6472,3077,850,453,157,11.567,51.988,24.717,6.828,3.639,1.261,50.944,11.728
H85048,2026-07-01,16089,8206,2383,8039,3971,950,545,201,14.811,49.966,24.681,5.905,3.387,1.249,51.004,10.541
H85049,2026-07-01,6667,3349,917,3397,1781,310,196,66,13.754,50.952,26.714,4.65,2.94,0.99,50.232,8.58
H85051,2026-07-01,18355,9285,3059,8024,4975,1193,775,329,16.666,43.716,27.104,6.5,4.222,1.792,50.586,12.514
H85052,2026-07-01,4263,2028,560,1993,1042,304,225,139,13.136,46.751,24.443,7.131,5.278,3.261,47.572,15.67
H85053,2026-07-01,5612,2675,989,2607,1383,350,213,70,17.623,46.454,24.644,6.237,3.795,1.247,47.666,11.279
H85055,2026-07-01,7158,3503,941,2724,2021,791,497,184,13.146,38.055,28.234,11.051,6.943,2.571,48.938,20.564
H85057,2026-07-01,7882,4214,1618,3810,1734,416,234,70,20.528,48.338,21.999,5.278,2.969,0.888,53.464,9.135
H85061,2026-07-01,23081,11436,2545,12920,5574,1077,764,201,11.026,55.977,24.15,4.666,3.31,0.871,49.547,8.847
H85063,2026-07-01,11869,5996,1500,4002,3475,1365,1108,419,12.638,33.718,29.278,11.501,9.335,3.53,50.518,24.366
H85065,2026-07-01,4311,2077,763,2131,1012,237,133,35,17.699,49.432,23.475,5.498,3.085,0.812,48.179,9.395
H85066,2026-07-01,19611,10282,2620,10858,4148,1112,621,252,13.36,55.367,21.151,5.67,3.167,1.285,52.43,10.122
H85067,2026-07-01,2912,1388,463,1369,746,190,95,49,15.9,47.012,25.618,6.525,3.262,1.683,47.665,11.47
H85069,2026-07-01,14857,7856,1872,8669,3033,731,419,133,12.6,58.35,20.415,4.92,2.82,0.895,52.877,8.636
H85070,2026-07-01,9760,4708,1494,4286,2875,671,303,131,15.307,43.914,29.457,6.875,3.105,1.342,48.238,11.322
H85075,2026-07-01,5474,2758,833,2956,1247,250,141,47,15.217,54.001,22.78,4.567,2.576,0.859,50.384,8.001
H85076,2026-07-01,10130,5117,1583,4017,2656,962,639,273,15.627,39.654,26.219,9.497,6.308,2.695,50.513,18.5
H85077,2026-07-01,6542,3398,1037,3318,1503,378,240,66,15.851,50.718,22.975,5.778,3.669,1.009,51.941,10.456
H85078,2026-07-01,4300,1916,690,2091,1038,271,149,61,16.047,48.628,24.14,6.302,3.465,1.419,44.558,11.186
H85082,2026-07-01,4503,2108,509,2361,1160,272,146,55,11.304,52.432,25.761,6.04,3.242,1.221,46.813,10.504
H85087,2026-07-01,9688,4310,1100,4508,2558,872,457,193,11.354,46.532,26.404,9.001,4.717,1.992,44.488,15.71
H85088,2026-07-01,2426,1178,239,1183,675,187,105,37,9.852,48.763,27.824,7.708,4.328,1.525,48.557,13.561
H85090,2026-07-01,11000,5156,1791,5446,2626,692,315,130,16.282,49.509,23.873,6.291,2.864,1.182,46.873,10.336
H85092,2026-07-01,6079,2969,1044,2802,1555,374,213,91,17.174,46.093,25.58,6.152,3.504,1.497,48.84,11.153
H85095,2026-07-01,16040,8162,3265,7038,4016,971,569,181,20.355,43.878,25.037,6.054,3.547,1.128,50.885,10.729
H85100,2026-07-01,7374,3698,1168,3575,1848,429,258,96,15.839,48.481,25.061,5.818,3.499,1.302,50.149,10.618
H85101,2026-07-01,9159,4546,1549,3663,2608,671,470,198,16.912,39.993,28.475,7.326,5.132,2.162,49.634,14.619
H85103,2026-07-01,7620,3931,1634,3586,1745,363,223,69,21.444,47.06,22.9,4.764,2.927,0.906,51.588,8.596
H85105,2026-07-01,13823,7204,2471,4913,4006,1203,793,437,17.876,35.542,28.981,8.703,5.737,3.161,52.116,17.601
H85110,2026-07-01,5354,2609,819,2302,1456,444,240,93,15.297,42.996,27.195,8.293,4.483,1.737,48.73,14.513
H85111,2026-07-01,14542,7615,1992,8674,2840,608,276,152,13.698,59.648,19.53,4.181,1.898,1.045,52.366,7.124
H85112,2026-07-01,5825,2958,980,2985,1243,368,204,45,16.824,51.245,21.339,6.318,3.502,0.773,50.781,10.592
H85113,2026-07-01,4783,2410,887,1861,1242,443,263,87,18.545,38.909,25.967,9.262,5.499,1.819,50.387,16.58
H85114,2026-07-01,13261,6765,2422,5789,3574,858,462,156,18.264,43.654,26.951,6.47,3.484,1.176,51.014,11.13
H85115,2026-07-01,12187,6313,1640,4121,3707,1360,929,430,13.457,33.815,30.418,11.159,7.623,3.528,51.801,22.311
H85116,2026-07-01,11694,5924,2135,4953,3230,769,455,152,18.257,42.355,27.621,6.576,3.891,1.3,50.658,11.767
H85618,2026-07-01,9228,4630,1725,3582,2421,794,535,171,18.693,38.817,26.235,8.604,5.798,1.853,50.173,16.255
H85634,2026-07-01,7907,3795,1183,4213,1922,373,161,55,14.961,53.282,24.308,4.717,2.036,0.696,47.995,7.449
H85637,2026-07-01,1177,629,137,443,358,134,73,32,11.64,37.638,30.416,11.385,6.202,2.719,53.441,20.306
H85649,2026-07-01,10555,4991,1340,5283,2770,739,319,104,12.695,50.052,26.243,7.001,3.022,0.985,47.286,11.009
H85653,2026-07-01,19280,9814,3478,7155,5208,1694,1249,496,18.039,37.111,27.012,8.786,6.478,2.573,50.902,17.837
H85656,2026-07-01,5273,2570,723,2442,1429,400,217,62,13.711,46.311,27.1,7.586,4.115,1.176,48.739,12.877
H85659,2026-07-01,12223,6458,1544,8259,1830,331,170,89,12.632,67.569,14.972,2.708,1.391,0.728,52.835,4.827
H85662,2026-07-01,5472,2714,841,1834,1660,579,441,117,15.369,33.516,30.336,10.581,8.059,2.138,49.598,20.779
H85664,2026-07-01,1861,893,75,1537,194,22,22,11,4.03,82.59,10.425,1.182,1.182,0.591,47.985,2.955
H85680,2026-07-01,10233,4785,1491,5668,2338,448,197,91,14.571,55.389,22.848,4.378,1.925,0.889,46.76,7.192
H85682,2026-07-01,11233,5467,1626,6016,2763,527,235,66,14.475,53.556,24.597,4.692,2.092,0.588,48.669,7.371
H85683,2026-07-01,4215,1965,657,1853,1198,273,156,78,15.587,43.962,28.422,6.477,3.701,1.851,46.619,12.028
H85686,2026-07-01,11533,6018,2081,4457,3300,864,624,207,18.044,38.646,28.614,7.492,5.411,1.795,52.181,14.697
H85691,2026-07-01,78,53,0,0,2,4,21,51,0.0,0.0,2.564,5.128,26.923,65.385,67.949,97.436
H85693,2026-07-01,10263,5228,2034,4484,2699,680,274,92,19.819,43.691,26.298,6.626,2.67,0.896,50.94,10.192
J81002,2026-07-01,8645,4561,801,2149,2101,1373,1484,737,9.265,24.858,24.303,15.882,17.166,8.525,52.759,41.573
J81006,2026-07-01,39217,19801,5964,13946,10121,4377,3533,1276,15.208,35.561,25.808,11.161,9.009,3.254,50.491,23.424
J81009,2026-07-01,12300,6190,1683,3977,3403,1742,1200,295,13.683,32.333,27.667,14.163,9.756,2.398,50.325,26.317
J81010,2026-07-01,10614,5425,1061,2742,2825,1853,1526,607,9.996,25.834,26.616,17.458,14.377,5.719,51.112,37.554
J81011,2026-07-01,8174,4212,984,2223,2102,1240,1185,440,12.038,27.196,25.716,15.17,14.497,5.383,51.529,35.05
J81012,2026-07-01,58383,28500,8086,21933,15751,5865,4647,2101,13.85,37.567,26.979,10.046,7.96,3.599,48.816,21.604
J81013,2026-07-01,12118,6172,1924,4291,3204,1362,1012,325,15.877,35.41,26.44,11.239,8.351,2.682,50.932,22.273
J81014,2026-07-01,20946,10559,2313,7490,5323,2425,2294,1101,11.043,35.759,25.413,11.577,10.952,5.256,50.411,27.786
J81016,2026-07-01,8765,4559,1134,2894,2365,1033,958,381,12.938,33.018,26.982,11.786,10.93,4.347,52.014,27.062
J81017,2026-07-01,4716,2117,573,1492,1133,740,595,183,12.15,31.637,24.025,15.691,12.617,3.88,44.89,32.188
J81018,2026-07-01,11665,5968,1669,4177,3319,1195,934,371,14.308,35.808,28.453,10.244,8.007,3.18,51.162,21.432
J81019,2026-07-01,23494,12160,3501,7158,6227,3073,2615,920,14.902,30.467,26.505,13.08,11.131,3.916,51.758,28.126
J81020,2026-07-01,3898,1994,583,1182,1067,525,423,118,14.956,30.323,27.373,13.468,10.852,3.027,51.154,27.347
J81021,2026-07-01,26034,12204,3651,11807,6865,1978,1297,436,14.024,45.352,26.369,7.598,4.982,1.675,46.877,14.254
J81022,2026-07-01,5353,2783,540,1267,1250,885,986,425,10.088,23.669,23.351,16.533,18.42,7.939,51.99,42.892
J81025,2026-07-01,6038,3122,939,1828,1659,787,634,191,15.552,30.275,27.476,13.034,10.5,3.163,51.706,26.698
J81027,2026-07-01,26938,13544,2978,8362,7464,3889,3152,1093,11.055,31.042,27.708,14.437,11.701,4.057,50.278,30.195
J81028,2026-07-01,15314,8161,1721,3778,3780,2405,2585,1045,11.238,24.67,24.683,15.705,16.88,6.824,53.291,39.408
J81029,2026-07-01,5283,2738,530,1246,1388,874,879,366,10.032,23.585,26.273,16.544,16.638,6.928,51.827,40.11
J81030,2026-07-01,7823,3985,1027,2421,2036,1049,917,373,13.128,30.947,26.026,13.409,11.722,4.768,50.94,29.899
J81033,2026-07-01,23016,11425,2528,12658,4202,1783,1324,521,10.984,54.997,18.257,7.747,5.753,2.264,49.639,15.763
J81034,2026-07-01,17836,9167,2428,6091,4352,2060,2056,849,13.613,34.15,24.4,11.55,11.527,4.76,51.396,27.837
J81035,2026-07-01,5012,2554,591,1565,1437,747,516,156,11.792,31.225,28.671,14.904,10.295,3.113,50.958,28.312
J81036,2026-07-01,9348,4683,1554,3667,2373,910,608,236,16.624,39.228,25.385,9.735,6.504,2.525,50.096,18.763
J81039,2026-07-01,10103,5122,1762,3785,2701,942,665,248,17.44,37.464,26.735,9.324,6.582,2.455,50.698,18.361
J81041,2026-07-01,20594,10577,2752,6309,5548,2727,2354,904,13.363,30.635,26.94,13.242,11.431,4.39,51.36,29.062
J81042,2026-07-01,8267,4313,917,3740,1946,808,650,206,11.092,45.24,23.539,9.774,7.863,2.492,52.171,20.128
J81045,2026-07-01,10829,5537,1707,3954,2683,1232,940,313,15.763,36.513,24.776,11.377,8.68,2.89,51.131,22.948
J81046,2026-07-01,13337,6835,1796,4182,3436,1791,1559,573,13.466,31.356,25.763,13.429,11.689,4.296,51.248,29.414
J81047,2026-07-01,12458,6318,2058,4503,3295,1331,962,309,16.52,36.145,26.449,10.684,7.722,2.48,50.714,20.886
J81049,2026-07-01,10040,5226,1287,3177,2816,1209,1043,508,12.819,31.643,28.048,12.042,10.388,5.06,52.052,27.49
J81051,2026-07-01,12117,6080,1569,4030,3294,1547,1195,482,12.949,33.259,27.185,12.767,9.862,3.978,50.177,26.607
J81053,2026-07-01,4184,2189,465,976,1185,717,627,214,11.114,23.327,28.322,17.137,14.986,5.115,52.318,37.237
J81056,2026-07-01,15535,7752,1818,4905,4161,2152,1785,714,11.703,31.574,26.785,13.853,11.49,4.596,49.9,29.939
J81057,2026-07-01,5754,2942,713,1693,1478,790,777,303,12.391,29.423,25.686,13.73,13.504,5.266,51.13,32.499
J81058,2026-07-01,13984,7250,2066,4550,3817,1770,1321,460,14.774,32.537,27.295,12.657,9.447,3.289,51.845,25.393
J81059,2026-07-01,8784,4508,1309,2919,2635,919,726,276,14.902,33.231,29.998,10.462,8.265,3.142,51.321,21.869
J81061,2026-07-01,7409,3815,624,1687,1690,1247,1450,711,8.422,22.77,22.81,16.831,19.571,9.596,51.491,45.998
J81062,2026-07-01,11273,5679,1660,4152,3146,1031,923,361,14.725,36.831,27.907,9.146,8.188,3.202,50.377,20.536
J81064,2026-07-01,5148,2645,649,2047,1233,533,466,220,12.607,39.763,23.951,10.354,9.052,4.274,51.379,23.679
J81066,2026-07-01,10927,5652,1413,3413,3147,1293,1193,468,12.931,31.235,28.8,11.833,10.918,4.283,51.725,27.034
J81067,2026-07-01,6150,3085,1027,2238,1667,620,443,155,16.699,36.39,27.106,10.081,7.203,2.52,50.163,19.805
J81068,2026-07-01,6543,3308,870,2153,1689,789,749,293,13.297,32.905,25.814,12.059,11.447,4.478,50.558,27.984
J81070,2026-07-01,11480,5737,1890,4593,2838,1101,763,295,16.463,40.009,24.721,9.591,6.646,2.57,49.974,18.807
J81072,2026-07-01,16815,7802,2105,9631,3235,873,644,327,12.519,57.276,19.239,5.192,3.83,1.945,46.399,10.966
J81073,2026-07-01,17204,8760,2286,6003,4398,2186,1674,657,13.288,34.893,25.564,12.706,9.73,3.819,50.918,26.256
J81074,2026-07-01,4940,2577,459,1153,1306,965,766,291,9.291,23.34,26.437,19.534,15.506,5.891,52.166,40.931
J81075,2026-07-01,8680,4559,1030,2667,2398,1297,1011,277,11.866,30.726,27.627,14.942,11.647,3.191,52.523,29.781
J81076,2026-07-01,24303,12527,2786,6542,6510,4105,3287,1073,11.464,26.918,26.787,16.891,13.525,4.415,51.545,34.831
J81077,2026-07-01,8406,4362,1187,2558,2390,1156,849,266,14.121,30.431,28.432,13.752,10.1,3.164,51.892,27.016
J81078,2026-07-01,12996,7052,1815,3940,3167,1731,1628,715,13.966,30.317,24.369,13.319,12.527,5.502,54.263,31.348
J81081,2026-07-01,13270,6829,1765,4198,3552,1772,1396,587,13.301,31.635,26.767,13.353,10.52,4.424,51.462,28.297
J81082,2026-07-01,8202,4282,1102,2547,2098,1133,962,360,13.436,31.053,25.579,13.814,11.729,4.389,52.207,29.932
J81086,2026-07-01,7646,3980,1201,2865,2029,768,579,204,15.708,37.471,26.537,10.044,7.573,2.668,52.053,20.285
J81087,2026-07-01,10469,5337,1704,3863,2793,1180,727,202,16.277,36.899,26.679,11.271,6.944,1.93,50.979,20.145
J81609,2026-07-01,9929,5195,1164,2699,2724,1452,1395,495,11.723,27.183,27.435,14.624,14.05,4.985,52.321,33.659
J81612,2026-07-01,3267,1676,365,806,918,562,487,129,11.172,24.671,28.099,17.202,14.907,3.949,51.301,36.058
J81616,2026-07-01,4331,2192,485,1216,1253,727,509,141,11.198,28.077,28.931,16.786,11.752,3.256,50.612,31.794
J81620,2026-07-01,26883,13816,3779,8002,7128,3890,2929,1155,14.057,29.766,26.515,14.47,10.895,4.296,51.393,29.662
J81621,2026-07-01,8946,4607,1390,2791,2258,1195,918,394,15.538,31.198,25.24,13.358,10.262,4.404,51.498,28.024
J81625,2026-07-01,14503,7128,2424,5938,3850,1157,819,315,16.714,40.943,26.546,7.978,5.647,2.172,49.148,15.797
J81626,2026-07-01,5380,2802,767,1787,1419,624,547,236,14.257,33.216,26.375,11.599,10.167,4.387,52.082,26.152
J81631,2026-07-01,1950,988,218,557,535,346,246,48,11.179,28.564,27.436,17.744,12.615,2.462,50.667,32.821
J81633,2026-07-01,6861,3498,1083,2548,1871,734,440,185,15.785,37.137,27.27,10.698,6.413,2.696,50.984,19.808
J81634,2026-07-01,13669,5453,1839,7393,3288,699,350,100,13.454,54.086,24.054,5.114,2.561,0.732,39.893,8.406
J81646,2026-07-01,6742,3468,950,2127,1792,768,724,381,14.091,31.549,26.58,11.391,10.739,5.651,51.439,27.781
J81647,2026-07-01,8757,4505,813,1997,2590,1576,1280,501,9.284,22.805,29.576,17.997,14.617,5.721,51.445,38.335
J81648,2026-07-01,5528,2821,732,2102,1509,568,452,165,13.242,38.025,27.297,10.275,8.177,2.985,51.031,21.436
J82001,2026-07-01,9698,4562,1621,4802,2215,608,339,113,16.715,49.515,22.84,6.269,3.496,1.165,47.041,10.93
J82002,2026-07-01,14755,7612,2613,5869,3562,1438,1009,264,17.709,39.776,24.141,9.746,6.838,1.789,51.589,18.373
J82005,2026-07-01,4616,2427,554,1206,1362,731,552,211,12.002,26.127,29.506,15.836,11.958,4.571,52.578,32.366
J82007,2026-07-01,33391,17443,3460,8855,8666,5151,5097,2162,10.362,26.519,25.953,15.426,15.265,6.475,52.239,37.166
J82009,2026-07-01,15485,8156,2104,4421,4036,2226,1866,832,13.587,28.55,26.064,14.375,12.05,5.373,52.67,31.799
J82010,2026-07-01,19229,9900,3245,6911,4870,2130,1482,591,16.876,35.941,25.326,11.077,7.707,3.073,51.485,21.858
J82012,2026-07-01,11291,5795,1497,3753,3097,1376,1164,404,13.258,33.239,27.429,12.187,10.309,3.578,51.324,26.074
J82015,2026-07-01,9818,4964,1659,3972,2484,850,645,208,16.898,40.456,25.3,8.658,6.57,2.119,50.56,17.346
J82016,2026-07-01,9107,4736,1407,2418,2620,1307,1038,317,15.45,26.551,28.769,14.352,11.398,3.481,52.004,29.23
J82017,2026-07-01,13136,6559,2041,4606,3563,1405,1071,450,15.537,35.064,27.124,10.696,8.153,3.426,49.931,22.275
J82018,2026-07-01,18578,9453,2928,6512,4831,2039,1611,657,15.761,35.052,26.004,10.975,8.672,3.536,50.883,23.183
J82019,2026-07-01,15279,7919,2490,4922,3967,1643,1592,665,16.297,32.214,25.964,10.753,10.42,4.352,51.829,25.525
J82020,2026-07-01,14101,6849,2253,5542,3739,1381,848,338,15.978,39.302,26.516,9.794,6.014,2.397,48.571,18.204
J82021,2026-07-01,8496,4348,846,2081,2265,1511,1289,504,9.958,24.494,26.66,17.785,15.172,5.932,51.177,38.889
J82024,2026-07-01,22199,9686,4002,12461,4249,902,434,151,18.028,56.133,19.141,4.063,1.955,0.68,43.633,6.698
J82025,2026-07-01,15828,8073,2718,5987,4227,1398,1111,387,17.172,37.825,26.706,8.832,7.019,2.445,51.005,18.297
J82026,2026-07-01,16735,8639,2195,5745,4381,1868,1750,796,13.116,34.329,26.179,11.162,10.457,4.756,51.622,26.376
J82028,2026-07-01,28008,13712,3702,11989,7487,2461,1708,661,13.218,42.806,26.732,8.787,6.098,2.36,48.957,17.245
J82033,2026-07-01,9354,4827,1455,3181,2475,1099,863,281,15.555,34.007,26.459,11.749,9.226,3.004,51.604,23.979
J82034,2026-07-01,14350,7311,2218,4549,3937,1851,1283,512,15.456,31.7,27.436,12.899,8.941,3.568,50.948,25.408
J82035,2026-07-01,15870,8019,1818,6954,3680,1488,1300,630,11.456,43.819,23.188,9.376,8.192,3.97,50.529,21.537
J82036,2026-07-01,2720,1379,361,701,846,453,262,97,13.272,25.772,31.103,16.654,9.632,3.566,50.699,29.853
J82039,2026-07-01,11131,5787,1461,3364,2929,1466,1341,570,13.126,30.222,26.314,13.17,12.047,5.121,51.99,30.339
J82040,2026-07-01,18529,9489,3520,7826,4313,1526,1000,344,18.997,42.236,23.277,8.236,5.397,1.857,51.212,15.489
J82042,2026-07-01,17189,8695,3119,6387,4417,1747,1166,353,18.145,37.157,25.697,10.163,6.783,2.054,50.585,19.001
J82049,2026-07-01,29747,15074,4635,10338,7880,3239,2755,900,15.581,34.753,26.49,10.888,9.261,3.026,50.674,23.175
J82050,2026-07-01,23504,12029,3651,10915,5521,1729,1211,477,15.534,46.439,23.49,7.356,5.152,2.029,51.179,14.538
J82051,2026-07-01,36896,18725,6308,13445,9492,3765,2797,1089,17.097,36.44,25.726,10.204,7.581,2.952,50.751,20.737
J82053,2026-07-01,10972,5480,1720,4405,2796,981,816,254,15.676,40.148,25.483,8.941,7.437,2.315,49.945,18.693
J82054,2026-07-01,9750,5000,1552,2929,2793,1198,940,338,15.918,30.041,28.646,12.287,9.641,3.467,51.282,25.395
J82055,2026-07-01,11026,5378,1400,4313,2959,1126,830,398,12.697,39.117,26.837,10.212,7.528,3.61,48.776,21.35
J82056,2026-07-01,21688,10868,3000,6981,5645,2940,2290,832,13.833,32.188,26.028,13.556,10.559,3.836,50.111,27.951
J82058,2026-07-01,19857,10073,3743,8352,5020,1406,948,388,18.85,42.061,25.281,7.081,4.774,1.954,50.728,13.809
J82059,2026-07-01,6807,3479,833,1846,2056,1035,783,254,12.237,27.119,30.204,15.205,11.503,3.731,51.109,30.439
J82060,2026-07-01,12129,5674,1835,5510,2957,957,633,237,15.129,45.428,24.38,7.89,5.219,1.954,46.78,15.063
J82061,2026-07-01,13364,6950,2116,4423,3620,1553,1179,473,15.834,33.096,27.088,11.621,8.822,3.539,52.005,23.982
J82062,2026-07-01,15612,7819,2682,6578,3994,1312,768,278,17.179,42.134,25.583,8.404,4.919,1.781,50.083,15.104
J82064,2026-07-01,14066,7178,2202,4417,3824,1759,1434,430,15.655,31.402,27.186,12.505,10.195,3.057,51.031,25.757
J82066,2026-07-01,21882,11135,3965,8943,5528,1852,1201,393,18.12,40.869,25.263,8.464,5.489,1.796,50.887,15.748
J82067,2026-07-01,19649,9840,3342,7701,5476,1660,1096,374,17.008,39.193,27.869,8.448,5.578,1.903,50.079,15.93
J82069,2026-07-01,52815,26342,8623,21621,13980,4290,3216,1085,16.327,40.937,26.47,8.123,6.089,2.054,49.876,16.266
J82071,2026-07-01,14120,7269,2699,6339,3122,1050,644,266,19.115,44.894,22.11,7.436,4.561,1.884,51.48,13.881
J82072,2026-07-01,11482,5909,1903,3837,3020,1293,1003,426,16.574,33.418,26.302,11.261,8.735,3.71,51.463,23.707
J82073,2026-07-01,9771,5038,1598,3974,2479,892,630,198,16.355,40.671,25.371,9.129,6.448,2.026,51.561,17.603
J82074,2026-07-01,16072,8390,2406,4969,4126,1837,1918,816,14.97,30.917,25.672,11.43,11.934,5.077,52.203,28.441
J82075,2026-07-01,7086,3670,855,1907,1912,1061,957,394,12.066,26.912,26.983,14.973,13.506,5.56,51.792,34.039
J82076,2026-07-01,21812,11131,3585,8299,5553,2216,1616,543,16.436,38.048,25.458,10.16,7.409,2.489,51.032,20.058
J82079,2026-07-01,7968,4083,1377,2688,2317,795,557,234,17.282,33.735,29.079,9.977,6.99,2.937,51.242,19.905
J82080,2026-07-01,37153,17162,1505,31896,2544,648,442,118,4.051,85.85,6.847,1.744,1.19,0.318,46.193,3.251
J82081,2026-07-01,36220,16546,4680,18886,7928,2472,1674,580,12.921,52.142,21.888,6.825,4.622,1.601,45.682,13.048
J82082,2026-07-01,13228,6736,2801,5698,3196,776,580,177,21.175,43.075,24.161,5.866,4.385,1.338,50.922,11.589
J82083,2026-07-01,47461,23963,7180,17041,12553,5389,3917,1381,15.128,35.905,26.449,11.355,8.253,2.91,50.49,22.517
J82084,2026-07-01,6034,3190,778,1822,1623,867,702,242,12.894,30.196,26.898,14.369,11.634,4.011,52.867,30.013
J82085,2026-07-01,36653,18010,6505,16441,8603,2788,1744,572,17.748,44.856,23.471,7.606,4.758,1.561,49.136,13.925
J82087,2026-07-01,7590,3734,1062,3077,1920,791,547,193,13.992,40.54,25.296,10.422,7.207,2.543,49.196,20.171
J82088,2026-07-01,13752,6797,2100,5739,3680,1264,724,245,15.271,41.732,26.76,9.191,5.265,1.782,49.426,16.238
J82092,2026-07-01,8327,4150,1424,3328,2088,709,579,199,17.101,39.966,25.075,8.514,6.953,2.39,49.838,17.858
J82094,2026-07-01,19518,9769,2907,6509,5298,2323,1888,593,14.894,33.349,27.144,11.902,9.673,3.038,50.051,24.613
J82098,2026-07-01,37010,19000,5458,11853,10304,4337,3540,1518,14.747,32.026,27.841,11.718,9.565,4.102,51.337,25.385
J82099,2026-07-01,15204,7774,2740,5261,4308,1231,1119,545,18.022,34.603,28.335,8.097,7.36,3.585,51.131,19.041
J82101,2026-07-01,19200,9455,2784,7445,5106,2024,1371,470,14.5,38.776,26.594,10.542,7.141,2.448,49.245,20.13
J82102,2026-07-01,24180,12477,3885,9007,6232,2464,1834,758,16.067,37.25,25.773,10.19,7.585,3.135,51.6,20.91
J82103,2026-07-01,12644,6478,2010,4428,3526,1264,1038,378,15.897,35.021,27.887,9.997,8.209,2.99,51.234,21.196
J82104,2026-07-01,12690,6775,1534,3354,3252,1944,1842,764,12.088,26.43,25.626,15.319,14.515,6.02,53.388,35.855
J82106,2026-07-01,7234,3762,1244,2174,2012,856,681,267,17.197,30.053,27.813,11.833,9.414,3.691,52.004,24.938
J82110,2026-07-01,27826,14103,4284,9548,8228,2544,2181,1041,15.396,34.313,29.569,9.143,7.838,3.741,50.683,20.722
J82112,2026-07-01,22853,11448,3283,7601,6303,2800,2060,806,14.366,33.26,27.581,12.252,9.014,3.527,50.094,24.793
J82115,2026-07-01,5598,2663,892,2788,1347,334,173,64,15.934,49.804,24.062,5.966,3.09,1.143,47.571,10.2
J82116,2026-07-01,10068,5164,1517,3156,2905,1184,940,366,15.068,31.347,28.854,11.76,9.337,3.635,51.291,24.732
J82119,2026-07-01,10640,5518,1448,3127,2928,1548,1171,418,13.609,29.389,27.519,14.549,11.006,3.929,51.861,29.483
J82120,2026-07-01,10753,5516,1551,4306,2743,980,826,347,14.424,40.045,25.509,9.114,7.682,3.227,51.297,20.022
J82121,2026-07-01,9794,4998,1553,3378,2581,1081,915,286,15.857,34.491,26.353,11.037,9.342,2.92,51.031,23.3
J82122,2026-07-01,10040,4421,1378,5131,2260,637,433,201,13.725,51.106,22.51,6.345,4.313,2.002,44.034,12.659
J82124,2026-07-01,10045,5257,1301,2860,2913,1282,1174,515,12.952,28.472,29.0,12.763,11.687,5.127,52.334,29.577
J82125,2026-07-01,7786,3856,1136,2917,2116,851,568,198,14.59,37.465,27.177,10.93,7.295,2.543,49.525,20.768
J82126,2026-07-01,4544,2252,695,1689,1137,420,363,240,15.295,37.17,25.022,9.243,7.989,5.282,49.56,22.513
J82128,2026-07-01,8426,4214,1300,3219,2275,811,612,209,15.428,38.203,27.0,9.625,7.263,2.48,50.012,19.369
J82129,2026-07-01,7323,3763,776,1737,2102,1144,1083,481,10.597,23.72,28.704,15.622,14.789,6.568,51.386,36.979
J82130,2026-07-01,24704,12610,4049,8883,6661,2383,1884,844,16.39,35.958,26.963,9.646,7.626,3.416,51.044,20.689
J82131,2026-07-01,12188,6249,1523,3318,3350,1888,1546,563,12.496,27.223,27.486,15.491,12.685,4.619,51.272,32.795
J82132,2026-07-01,14135,7220,2100,5132,3696,1527,1187,493,14.857,36.307,26.148,10.803,8.398,3.488,51.079,22.688
J82134,2026-07-01,23898,11948,3793,8560,5961,2587,2073,924,15.872,35.819,24.944,10.825,8.674,3.866,49.996,23.366
J82136,2026-07-01,11497,5941,1564,3713,3301,1480,1069,370,13.604,32.295,28.712,12.873,9.298,3.218,51.674,25.389
J82138,2026-07-01,18052,9331,2863,5821,5080,2013,1665,610,15.86,32.246,28.141,11.151,9.223,3.379,51.69,23.754
J82139,2026-07-01,15396,8118,1639,3672,4011,2517,2526,1031,10.646,23.85,26.052,16.348,16.407,6.697,52.728,39.452
J82142,2026-07-01,11806,5856,2197,4796,2925,1045,649,194,18.609,40.623,24.776,8.851,5.497,1.643,49.602,15.992
J82143,2026-07-01,16359,8301,2350,5324,4753,1870,1484,578,14.365,32.545,29.054,11.431,9.071,3.533,50.743,24.036
J82144,2026-07-01,26552,12950,4260,11505,6462,2253,1492,580,16.044,43.33,24.337,8.485,5.619,2.184,48.772,16.289
J82145,2026-07-01,16843,8583,2262,5110,4549,2270,1934,718,13.43,30.339,27.008,13.477,11.483,4.263,50.959,29.223
J82146,2026-07-01,5717,2927,597,1472,1800,842,710,296,10.443,25.748,31.485,14.728,12.419,5.178,51.198,32.325
J82147,2026-07-01,7827,3968,1224,2426,2128,1074,728,247,15.638,30.995,27.188,13.722,9.301,3.156,50.696,26.179
J82149,2026-07-01,16455,8348,2899,6892,4141,1425,850,248,17.618,41.884,25.166,8.66,5.166,1.507,50.732,15.333
J82150,2026-07-01,11656,5937,1474,3208,3128,1666,1609,571,12.646,27.522,26.836,14.293,13.804,4.899,50.935,32.996
J82151,2026-07-01,5615,2926,688,1457,1586,905,748,231,12.253,25.948,28.246,16.118,13.321,4.114,52.11,33.553
J82152,2026-07-01,8274,4150,1200,2971,2146,1018,726,213,14.503,35.908,25.937,12.304,8.774,2.574,50.157,23.652
J82154,2026-07-01,35758,17978,5992,12906,9478,3658,2631,1093,16.757,36.093,26.506,10.23,7.358,3.057,50.277,20.644
J82155,2026-07-01,62391,30674,11043,27606,14580,4994,3098,1070,17.7,44.247,23.369,8.004,4.965,1.715,49.164,14.685
J82156,2026-07-01,8108,4167,996,2642,1967,1153,958,392,12.284,32.585,24.26,14.221,11.815,4.835,51.394,30.871
J82157,2026-07-01,17072,8776,2524,5891,4482,1795,1625,755,14.784,34.507,26.254,10.514,9.519,4.422,51.406,24.455
J82161,2026-07-01,10306,5187,1464,3253,2757,1335,1137,360,14.205,31.564,26.751,12.954,11.032,3.493,50.33,27.479
J82163,2026-07-01,17170,8863,2759,5912,4196,2068,1626,609,16.069,34.432,24.438,12.044,9.47,3.547,51.619,25.061
J82169,2026-07-01,8842,4406,1659,3545,2234,788,477,139,18.763,40.093,25.266,8.912,5.395,1.572,49.83,15.879
J82174,2026-07-01,14115,7296,1933,4338,4102,1946,1362,434,13.695,30.733,29.061,13.787,9.649,3.075,51.69,26.511
J82178,2026-07-01,13046,6708,2178,6039,2933,893,769,234,16.695,46.29,22.482,6.845,5.895,1.794,51.418,14.533
J82181,2026-07-01,9022,4605,1451,3803,2288,749,569,162,16.083,42.153,25.36,8.302,6.307,1.796,51.042,16.404
J82184,2026-07-01,4516,2214,824,1927,1107,398,199,61,18.246,42.671,24.513,8.813,4.407,1.351,49.026,14.57
J82194,2026-07-01,13515,6678,1970,5224,3755,1371,872,323,14.576,38.653,27.784,10.144,6.452,2.39,49.412,18.986
J82196,2026-07-01,15208,7623,2577,6089,3622,1494,1030,396,16.945,40.038,23.816,9.824,6.773,2.604,50.125,19.2
J82198,2026-07-01,6411,3362,1411,2974,1246,316,310,154,22.009,46.389,19.435,4.929,4.835,2.402,52.441,12.167
J82199,2026-07-01,17341,7564,1337,13956,1327,381,266,74,7.71,80.48,7.652,2.197,1.534,0.427,43.619,4.158
J82201,2026-07-01,8202,4267,1225,2600,2445,972,709,251,14.935,31.7,29.81,11.851,8.644,3.06,52.024,23.555
J82207,2026-07-01,10932,5352,1443,5604,2436,780,499,170,13.2,51.262,22.283,7.135,4.565,1.555,48.957,13.255
J82208,2026-07-01,7725,3907,1312,3506,1801,597,384,125,16.984,45.385,23.314,7.728,4.971,1.618,50.576,14.317
J82210,2026-07-01,9450,4808,981,2428,2638,1484,1397,522,10.381,25.693,27.915,15.704,14.783,5.524,50.878,36.011
J82213,2026-07-01,6172,3103,1177,2728,1510,454,238,65,19.07,44.2,24.465,7.356,3.856,1.053,50.275,12.265
J82214,2026-07-01,9892,5024,1635,3316,2804,1071,783,283,16.529,33.522,28.346,10.827,7.915,2.861,50.789,21.603
J82215,2026-07-01,13451,7066,1796,4067,3599,1795,1638,556,13.352,30.236,26.756,13.345,12.178,4.134,52.531,29.656
J82216,2026-07-01,13531,7038,2041,4300,3618,1543,1387,642,15.084,31.779,26.739,11.403,10.251,4.745,52.014,26.399
J82217,2026-07-01,474,113,0,266,189,19,0,0,0.0,56.118,39.873,4.008,0.0,0.0,23.84,4.008
J82218,2026-07-01,18397,9384,3763,7683,4612,1346,755,238,20.454,41.762,25.069,7.316,4.104,1.294,51.008,12.714
J82605,2026-07-01,4818,2175,498,3191,774,176,135,44,10.336,66.231,16.065,3.653,2.802,0.913,45.143,7.368
J82622,2026-07-01,49857,25293,9003,20229,12531,4298,2688,1108,18.058,40.574,25.134,8.621,5.391,2.222,50.731,16.234
J82625,2026-07-01,4854,2529,705,1428,1332,660,556,173,14.524,29.419,27.441,13.597,11.454,3.564,52.101,28.616
J82628,2026-07-01,6017,3139,1144,1948,1678,573,402,272,19.013,32.375,27.888,9.523,6.681,4.521,52.169,20.725
J82630,2026-07-01,6188,3165,1262,2731,1584,349,197,65,20.394,44.134,25.598,5.64,3.184,1.05,51.147,9.874
J82639,2026-07-01,19383,9918,2931,5989,5401,2395,2078,589,15.121,30.898,27.865,12.356,10.721,3.039,51.169,26.116
J82640,2026-07-01,7365,3761,1155,2523,1971,899,635,182,15.682,34.257,26.762,12.206,8.622,2.471,51.066,23.299
J82646,2026-07-01,16916,8628,3150,6719,4155,1631,909,352,18.621,39.72,24.563,9.642,5.374,2.081,51.005,17.096
J82669,2026-07-01,9101,4743,1886,3732,2067,799,468,149,20.723,41.006,22.712,8.779,5.142,1.637,52.115,15.559
J83001,2026-07-01,13302,6801,1889,4433,3564,1614,1225,577,14.201,33.326,26.793,12.134,9.209,4.338,51.128,25.68
J83002,2026-07-01,50271,25281,9296,20228,12923,4031,2841,952,18.492,40.238,25.707,8.019,5.651,1.894,50.289,15.564
J83003,2026-07-01,13037,6858,1899,4164,3305,1563,1423,683,14.566,31.94,25.351,11.989,10.915,5.239,52.604,28.143
J83004,2026-07-01,7882,4087,1044,2167,2262,1178,891,340,13.245,27.493,28.698,14.945,11.304,4.314,51.852,30.563
J83005,2026-07-01,10707,5528,1798,3894,2822,1149,753,291,16.793,36.369,26.357,10.731,7.033,2.718,51.63,20.482
J83006,2026-07-01,11003,5582,1566,3550,3125,1345,1000,417,14.232,32.264,28.401,12.224,9.088,3.79,50.732,25.102
J83007,2026-07-01,15344,7665,2334,5901,4296,1408,963,442,15.211,38.458,27.998,9.176,6.276,2.881,49.954,18.333
J83008,2026-07-01,18735,9530,3006,6823,4819,1875,1677,535,16.045,36.418,25.722,10.008,8.951,2.856,50.867,21.815
J83009,2026-07-01,15007,7713,2314,4975,4080,1630,1388,620,15.419,33.151,27.187,10.862,9.249,4.131,51.396,24.242
J83010,2026-07-01,11584,6008,1903,3767,3054,1300,1145,415,16.428,32.519,26.364,11.222,9.884,3.583,51.865,24.689
J83011,2026-07-01,14409,7236,2097,4771,3668,1746,1508,619,14.553,33.111,25.456,12.117,10.466,4.296,50.219,26.879
J83013,2026-07-01,7823,4126,1205,2295,2215,948,824,336,15.403,29.337,28.314,12.118,10.533,4.295,52.742,26.946
J83014,2026-07-01,16439,8794,3342,6567,3884,1454,888,304,20.33,39.948,23.627,8.845,5.402,1.849,53.495,16.096
J83016,2026-07-01,31916,16001,4874,12097,8443,3334,2366,802,15.271,37.903,26.454,10.446,7.413,2.513,50.135,20.372
J83018,2026-07-01,17909,9313,2393,5736,4669,2307,2010,794,13.362,32.029,26.071,12.882,11.223,4.434,52.002,28.539
J83019,2026-07-01,12357,6417,1463,3277,3641,1844,1588,544,11.839,26.519,29.465,14.923,12.851,4.402,51.93,32.176
J83021,2026-07-01,24577,12636,4244,9279,6235,2322,1749,748,17.268,37.755,25.369,9.448,7.116,3.043,51.414,19.608
J83022,2026-07-01,9143,4496,1376,3714,2586,819,490,158,15.05,40.621,28.284,8.958,5.359,1.728,49.174,16.045
J83023,2026-07-01,8962,4759,1521,2941,2405,1161,734,200,16.972,32.816,26.836,12.955,8.19,2.232,53.102,23.376
J83024,2026-07-01,8694,4474,1496,3461,2103,847,575,212,17.207,39.809,24.189,9.742,6.614,2.438,51.461,18.795
J83026,2026-07-01,23555,11984,3161,7750,6355,2970,2332,987,13.42,32.902,26.979,12.609,9.9,4.19,50.877,26.699
J83027,2026-07-01,11999,5880,2021,4568,3093,1227,798,292,16.843,38.07,25.777,10.226,6.651,2.434,49.004,19.31
J83029,2026-07-01,8562,4449,1250,2689,2279,1088,906,350,14.599,31.406,26.618,12.707,10.582,4.088,51.962,27.377
J83030,2026-07-01,18519,9529,2542,5575,5093,2383,2083,843,13.726,30.104,27.501,12.868,11.248,4.552,51.455,28.668
J83033,2026-07-01,21316,10221,3713,9484,5413,1537,854,315,17.419,44.492,25.394,7.211,4.006,1.478,47.95,12.695
J83034,2026-07-01,6598,3390,743,2024,1752,962,806,311,11.261,30.676,26.554,14.58,12.216,4.714,51.379,31.51
J83035,2026-07-01,14837,7458,2847,5994,4153,1067,603,173,19.189,40.399,27.991,7.191,4.064,1.166,50.266,12.422
J83036,2026-07-01,10194,5141,1641,3808,2609,1294,670,172,16.098,37.355,25.593,12.694,6.572,1.687,50.432,20.954
J83037,2026-07-01,16600,8399,2129,5276,4487,2157,1768,783,12.825,31.783,27.03,12.994,10.651,4.717,50.596,28.361
J83038,2026-07-01,29388,13903,5425,13865,7170,1856,789,283,18.46,47.179,24.398,6.316,2.685,0.963,47.308,9.963
J83039,2026-07-01,13720,7001,2239,4774,3525,1581,1235,366,16.319,34.796,25.692,11.523,9.001,2.668,51.028,23.192
J83040,2026-07-01,24983,12762,3952,9052,6598,2626,1995,760,15.819,36.233,26.41,10.511,7.985,3.042,51.083,21.539
J83041,2026-07-01,16686,8552,2436,5068,4718,2158,1724,582,14.599,30.373,28.275,12.933,10.332,3.488,51.253,26.753
J83042,2026-07-01,20057,10163,3052,7702,5008,2089,1566,640,15.217,38.401,24.969,10.415,7.808,3.191,50.671,21.414
J83043,2026-07-01,6602,3372,824,1808,1823,980,832,335,12.481,27.386,27.613,14.844,12.602,5.074,51.075,32.52
J83045,2026-07-01,10422,5347,1450,3225,3015,1378,1005,349,13.913,30.944,28.929,13.222,9.643,3.349,51.305,26.214
J83046,2026-07-01,15896,8225,2572,5569,4171,1821,1333,430,16.18,35.034,26.239,11.456,8.386,2.705,51.743,22.547
J83047,2026-07-01,8396,4214,1487,3185,2152,811,566,195,17.711,37.935,25.631,9.659,6.741,2.323,50.191,18.723
J83048,2026-07-01,6948,3603,1139,2602,1768,732,518,189,16.393,37.45,25.446,10.535,7.455,2.72,51.857,20.711
J83049,2026-07-01,12567,6642,1798,4236,3468,1523,1076,466,14.307,33.707,27.596,12.119,8.562,3.708,52.853,24.389
J83050,2026-07-01,14864,7558,2268,5007,4441,1660,1142,346,15.258,33.685,29.878,11.168,7.683,2.328,50.848,21.179
J83052,2026-07-01,16441,8489,3083,5992,4169,1723,1130,344,18.752,36.445,25.357,10.48,6.873,2.092,51.633,19.445
J83053,2026-07-01,7367,3842,982,2321,2035,993,755,281,13.33,31.505,27.623,13.479,10.248,3.814,52.151,27.542
J83055,2026-07-01,9916,5107,1452,3272,2780,1198,903,311,14.643,32.997,28.035,12.081,9.106,3.136,51.503,24.324
J83056,2026-07-01,5428,2745,680,1511,1610,876,576,175,12.528,27.837,29.661,16.139,10.612,3.224,50.571,29.974
J83057,2026-07-01,19852,10194,3287,7371,5367,1818,1398,611,16.558,37.13,27.035,9.158,7.042,3.078,51.35,19.278
J83058,2026-07-01,4325,2245,540,1147,1185,720,526,207,12.486,26.52,27.399,16.647,12.162,4.786,51.908,33.595
J83059,2026-07-01,9761,5054,1743,3584,2497,961,660,316,17.857,36.718,25.581,9.845,6.762,3.237,51.777,19.844
J83060,2026-07-01,5098,2644,647,1343,1313,783,762,250,12.691,26.344,25.755,15.359,14.947,4.904,51.863,35.21
J83064,2026-07-01,12335,6285,2230,5006,3173,1186,590,150,18.079,40.584,25.724,9.615,4.783,1.216,50.953,15.614
J83601,2026-07-01,4221,2166,561,1178,1310,612,427,133,13.291,27.908,31.035,14.499,10.116,3.151,51.315,27.766
J83603,2026-07-01,4862,2504,639,1388,1494,719,475,147,13.143,28.548,30.728,14.788,9.77,3.023,51.501,27.581
J83609,2026-07-01,3487,1783,556,1085,1000,427,350,69,15.945,31.116,28.678,12.245,10.037,1.979,51.133,24.262
J83615,2026-07-01,3458,1753,474,944,1095,484,331,130,13.707,27.299,31.666,13.997,9.572,3.759,50.694,27.328
J83618,2026-07-01,3337,1705,441,918,1073,420,391,94,13.215,27.51,32.155,12.586,11.717,2.817,51.094,27.12
J83619,2026-07-01,3414,1735,414,918,1080,470,414,118,12.127,26.889,31.634,13.767,12.127,3.456,50.82,29.35
J83625,2026-07-01,8348,4255,1144,3092,2512,959,466,175,13.704,37.039,30.091,11.488,5.582,2.096,50.97,19.166
J83629,2026-07-01,2428,1235,255,604,692,435,336,106,10.502,24.876,28.501,17.916,13.839,4.366,50.865,36.12
J83630,2026-07-01,2527,1314,296,610,719,420,350,132,11.713,24.139,28.453,16.62,13.85,5.224,51.998,35.694
J83633,2026-07-01,10412,4907,1592,4454,2539,983,639,205,15.29,42.778,24.385,9.441,6.137,1.969,47.128,17.547
J83645,2026-07-01,4325,2143,716,1697,1212,428,231,41,16.555,39.237,28.023,9.896,5.341,0.948,49.549,16.185
J83646,2026-07-01,7673,3514,1236,3665,1943,475,265,89,16.108,47.765,25.323,6.191,3.454,1.16,45.797,10.804
J84003,2026-07-01,8173,4079,856,2191,2306,1349,1163,308,10.474,26.808,28.215,16.506,14.23,3.769,49.908,34.504
J84004,2026-07-01,8728,4454,1178,2852,2281,1131,1027,259,13.497,32.676,26.134,12.958,11.767,2.967,51.031,27.692
J84005,2026-07-01,8278,4203,850,2322,2472,1222,1012,400,10.268,28.05,29.862,14.762,12.225,4.832,50.773,31.819
J84007,2026-07-01,6595,3434,641,1408,1668,1215,1189,474,9.719,21.35,25.292,18.423,18.029,7.187,52.07,43.639
J84008,2026-07-01,5472,2782,699,1743,1560,755,536,179,12.774,31.853,28.509,13.798,9.795,3.271,50.841,26.864
J84011,2026-07-01,24710,12613,3987,9026,6305,2595,2097,700,16.135,36.528,25.516,10.502,8.486,2.833,51.044,21.821
J84012,2026-07-01,14577,7340,2069,4905,3934,1851,1416,402,14.194,33.649,26.988,12.698,9.714,2.758,50.353,25.17
J84013,2026-07-01,26988,13847,3170,7736,7236,4381,3390,1075,11.746,28.665,26.812,16.233,12.561,3.983,51.308,32.778
J84015,2026-07-01,15482,7971,2123,4879,4351,1936,1597,596,13.713,31.514,28.104,12.505,10.315,3.85,51.486,26.67
J84016,2026-07-01,6520,3381,665,1447,1776,1304,1033,295,10.199,22.193,27.239,20.0,15.844,4.525,51.856,40.368
J84017,2026-07-01,8479,4352,1015,2610,2268,1162,1026,398,11.971,30.782,26.748,13.704,12.1,4.694,51.327,30.499
J84019,2026-07-01,10962,5720,1020,2517,2812,2058,1896,659,9.305,22.961,25.652,18.774,17.296,6.012,52.18,42.082
K81001,2026-07-01,15291,7795,2818,6141,3959,1288,712,373,18.429,40.161,25.891,8.423,4.656,2.439,50.978,15.519
K81002,2026-07-01,15176,7471,2681,6480,3843,1121,773,278,17.666,42.699,25.323,7.387,5.094,1.832,49.229,14.312
K81003,2026-07-01,15477,7858,3120,5747,4112,1299,886,313,20.159,37.133,26.568,8.393,5.725,2.022,50.772,16.14
K81004,2026-07-01,14391,7387,2327,5261,3712,1464,1138,489,16.17,36.558,25.794,10.173,7.908,3.398,51.331,21.479
K81007,2026-07-01,5371,2470,781,2717,1306,342,172,53,14.541,50.586,24.316,6.368,3.202,0.987,45.988,10.557
K81010,2026-07-01,7065,3659,920,2299,2234,760,591,261,13.022,32.541,31.621,10.757,8.365,3.694,51.791,22.817
K81012,2026-07-01,12136,6212,1842,3837,3569,1382,1132,374,15.178,31.617,29.408,11.388,9.328,3.082,51.187,23.797
K81014,2026-07-01,19905,9994,3257,7202,5636,1828,1375,607,16.363,36.182,28.314,9.184,6.908,3.049,50.208,19.141
K81015,2026-07-01,3586,1822,666,1240,917,432,274,57,18.572,34.579,25.572,12.047,7.641,1.59,50.809,21.277
K81017,2026-07-01,14532,7236,2135,4981,4050,1509,1353,504,14.692,34.276,27.87,10.384,9.31,3.468,49.794,23.163
K81018,2026-07-01,10224,5221,1603,3616,2784,1031,884,306,15.679,35.368,27.23,10.084,8.646,2.993,51.066,21.723
K81019,2026-07-01,6084,2892,1207,3005,1330,301,165,76,19.839,49.392,21.861,4.947,2.712,1.249,47.535,8.909
K81020,2026-07-01,18766,9377,2977,7208,4926,1696,1389,570,15.864,38.41,26.25,9.038,7.402,3.037,49.968,19.477
K81021,2026-07-01,10060,4979,1550,3552,2876,1034,761,287,15.408,35.308,28.588,10.278,7.565,2.853,49.493,20.696
K81022,2026-07-01,28531,14477,4976,10573,7678,2171,2154,979,17.441,37.058,26.911,7.609,7.55,3.431,50.741,18.59
K81024,2026-07-01,23590,11634,4882,10350,5773,1459,810,316,20.695,43.875,24.472,6.185,3.434,1.34,49.318,10.958
K81025,2026-07-01,19758,10069,3407,7019,5572,1924,1416,420,17.244,35.525,28.201,9.738,7.167,2.126,50.962,19.03
K81026,2026-07-01,7933,3693,1134,4203,1777,501,233,85,14.295,52.981,22.4,6.315,2.937,1.071,46.552,10.324
K81027,2026-07-01,11224,5702,1781,3542,3359,1192,987,363,15.868,31.557,29.927,10.62,8.794,3.234,50.802,22.648
K81028,2026-07-01,8867,4587,1253,3078,2440,1028,739,329,14.131,34.713,27.518,11.594,8.334,3.71,51.731,23.638
K81030,2026-07-01,40497,20457,6302,14965,10952,4123,3166,989,15.562,36.953,27.044,10.181,7.818,2.442,50.515,20.441
K81034,2026-07-01,11453,5169,2140,5599,2583,660,332,139,18.685,48.887,22.553,5.763,2.899,1.214,45.132,9.875
K81036,2026-07-01,12034,6170,1970,5255,2948,929,658,274,16.37,43.668,24.497,7.72,5.468,2.277,51.271,15.465
K81040,2026-07-01,19371,9042,3146,8929,4922,1348,767,259,16.241,46.095,25.409,6.959,3.96,1.337,46.678,12.255
K81041,2026-07-01,11719,5993,1856,4137,3214,1099,1027,386,15.838,35.302,27.426,9.378,8.764,3.294,51.139,21.435
K81042,2026-07-01,7952,4082,1250,2435,2361,901,729,276,15.719,30.621,29.691,11.33,9.168,3.471,51.333,23.969
K81043,2026-07-01,18830,9477,3789,9060,4216,1001,549,215,20.122,48.115,22.39,5.316,2.916,1.142,50.329,9.373
K81045,2026-07-01,16642,8241,2863,6694,4487,1278,888,432,17.203,40.224,26.962,7.679,5.336,2.596,49.519,15.611
K81046,2026-07-01,8562,4370,1325,3460,2428,682,492,175,15.475,40.411,28.358,7.965,5.746,2.044,51.039,15.756
K81047,2026-07-01,30748,15262,4916,11199,9009,2969,1941,714,15.988,36.422,29.299,9.656,6.313,2.322,49.636,18.291
K81048,2026-07-01,9202,4481,1767,4459,1967,605,307,97,19.202,48.457,21.376,6.575,3.336,1.054,48.696,10.965
K81050,2026-07-01,11108,5689,1791,3596,3412,1199,848,262,16.124,32.373,30.717,10.794,7.634,2.359,51.215,20.787
K81051,2026-07-01,13764,6936,2629,5415,3567,1059,804,290,19.101,39.342,25.915,7.694,5.841,2.107,50.392,15.642
K81052,2026-07-01,6136,3000,771,2044,1814,748,596,163,12.565,33.312,29.563,12.19,9.713,2.656,48.892,24.56
K81055,2026-07-01,7658,3876,1142,2275,2242,899,758,342,14.913,29.707,29.277,11.739,9.898,4.466,50.614,26.103
K81056,2026-07-01,6545,3269,1091,2777,1571,575,403,128,16.669,42.429,24.003,8.785,6.157,1.956,49.947,16.898
K81057,2026-07-01,7197,3654,1040,2295,1973,911,725,253,14.45,31.888,27.414,12.658,10.074,3.515,50.771,26.247
K81060,2026-07-01,12702,6453,2384,4754,3522,1120,677,245,18.769,37.427,27.728,8.818,5.33,1.929,50.803,16.076
K81062,2026-07-01,26482,12823,4352,11596,6684,2032,1305,513,16.434,43.788,25.24,7.673,4.928,1.937,48.422,14.538
K81063,2026-07-01,22324,11333,3623,8816,5611,2075,1563,636,16.229,39.491,25.134,9.295,7.001,2.849,50.766,19.145
K81066,2026-07-01,11205,5640,1718,4112,3334,1013,663,365,15.332,36.698,29.755,9.041,5.917,3.257,50.335,18.215
K81068,2026-07-01,8938,4531,1158,2924,2883,1044,650,279,12.956,32.714,32.256,11.68,7.272,3.122,50.694,22.074
K81069,2026-07-01,14571,7192,2246,4974,4037,1577,1237,500,15.414,34.136,27.706,10.823,8.489,3.431,49.358,22.744
K81070,2026-07-01,12110,6036,1910,4090,3729,1091,934,356,15.772,33.774,30.793,9.009,7.713,2.94,49.843,19.661
K81073,2026-07-01,17912,8901,2844,6556,4810,1858,1393,451,15.878,36.601,26.854,10.373,7.777,2.518,49.693,20.668
K81074,2026-07-01,14321,7439,1634,7775,3195,806,677,234,11.41,54.291,22.31,5.628,4.727,1.634,51.945,11.989
K81075,2026-07-01,37432,18303,7208,16952,9315,2343,1147,467,19.256,45.287,24.885,6.259,3.064,1.248,48.897,10.571
K81076,2026-07-01,9351,4838,1098,2815,2880,1183,991,384,11.742,30.104,30.799,12.651,10.598,4.107,51.738,27.355
K81077,2026-07-01,10917,5459,1785,4090,2945,1129,719,249,16.351,37.465,26.976,10.342,6.586,2.281,50.005,19.209
K81078,2026-07-01,13097,6523,2245,5295,3457,1057,725,318,17.141,40.429,26.395,8.071,5.536,2.428,49.805,16.034
K81080,2026-07-01,9878,4948,1672,3140,2917,960,847,342,16.927,31.788,29.53,9.719,8.575,3.462,50.091,21.755
K81081,2026-07-01,2489,1088,314,1324,609,145,76,21,12.616,53.194,24.468,5.826,3.053,0.844,43.712,9.723
K81082,2026-07-01,10521,5224,2070,4426,2909,648,359,109,19.675,42.068,27.649,6.159,3.412,1.036,49.653,10.607
K81083,2026-07-01,17503,8388,3674,8035,3925,1093,502,274,20.991,45.906,22.425,6.245,2.868,1.565,47.923,10.678
K81084,2026-07-01,7735,4016,1322,2770,2109,763,519,252,17.091,35.811,27.266,9.864,6.71,3.258,51.92,19.832
K81085,2026-07-01,10171,4806,1928,5181,1912,757,276,117,18.956,50.939,18.799,7.443,2.714,1.15,47.252,11.307
K81086,2026-07-01,12024,5960,2337,5631,2530,944,413,169,19.436,46.831,21.041,7.851,3.435,1.406,49.568,12.691
K81087,2026-07-01,7558,3780,1462,3353,1900,500,248,95,19.344,44.364,25.139,6.616,3.281,1.257,50.013,11.154
K81092,2026-07-01,15294,7996,2940,5350,4303,1464,966,271,19.223,34.981,28.135,9.572,6.316,1.772,52.282,17.661
K81094,2026-07-01,4525,2136,840,2053,1104,295,178,55,18.564,45.37,24.398,6.519,3.934,1.215,47.204,11.669
K81097,2026-07-01,5722,2841,999,2005,1666,480,420,152,17.459,35.04,29.116,8.389,7.34,2.656,49.65,18.385
K81100,2026-07-01,6241,2953,942,3237,1511,358,146,47,15.094,51.867,24.211,5.736,2.339,0.753,47.316,8.829
K81102,2026-07-01,10370,5511,1828,4051,2810,976,568,137,17.628,39.065,27.097,9.412,5.477,1.321,53.144,16.21
K81103,2026-07-01,8913,4411,1368,3124,2497,993,719,212,15.348,35.05,28.015,11.141,8.067,2.379,49.49,21.586
K81605,2026-07-01,31304,15038,4652,18848,5623,1192,748,241,14.861,60.21,17.963,3.808,2.389,0.77,48.039,6.967
K81607,2026-07-01,3280,1510,656,1582,691,205,87,59,20.0,48.232,21.067,6.25,2.652,1.799,46.037,10.701
K81608,2026-07-01,4972,2271,998,2351,1199,279,99,46,20.072,47.285,24.115,5.611,1.991,0.925,45.676,8.528
K81610,2026-07-01,30963,15643,5073,12348,8695,2735,1531,581,16.384,39.88,28.082,8.833,4.945,1.876,50.522,15.654
K81616,2026-07-01,5662,2693,1076,2702,1224,395,188,77,19.004,47.722,21.618,6.976,3.32,1.36,47.563,11.657
K81630,2026-07-01,14339,6704,2562,5920,3460,1154,843,400,17.867,41.286,24.13,8.048,5.879,2.79,46.754,16.717
K81633,2026-07-01,11675,5776,2403,5389,2724,600,346,213,20.582,46.158,23.332,5.139,2.964,1.824,49.473,9.927
K81636,2026-07-01,8751,4134,1781,4038,2193,448,228,63,20.352,46.143,25.06,5.119,2.605,0.72,47.24,8.445
K81644,2026-07-01,14648,7165,2232,6789,3641,1100,650,236,15.238,46.348,24.857,7.51,4.437,1.611,48.915,13.558
K81645,2026-07-01,7330,3583,1639,3710,1399,358,167,57,22.36,50.614,19.086,4.884,2.278,0.778,48.881,7.94
K81651,2026-07-01,17597,8427,2844,9565,3750,841,450,147,16.162,54.356,21.31,4.779,2.557,0.835,47.889,8.172
K81655,2026-07-01,7236,3748,1292,2661,2072,588,408,215,17.855,36.774,28.635,8.126,5.638,2.971,51.797,16.736
K81656,2026-07-01,7055,3508,1322,3011,1843,557,249,73,18.738,42.679,26.123,7.895,3.529,1.035,49.724,12.459
K81657,2026-07-01,6015,2993,1123,3026,1415,304,110,37,18.67,50.308,23.525,5.054,1.829,0.615,49.759,7.498
K82001,2026-07-01,10660,5488,1667,3258,3086,1156,1066,427,15.638,30.563,28.949,10.844,10.0,4.006,51.482,24.85
K82003,2026-07-01,15779,7554,3196,7082,3654,1088,612,147,20.255,44.882,23.157,6.895,3.879,0.932,47.874,11.705
K82004,2026-07-01,14208,7168,2614,4950,4058,1203,934,449,18.398,34.84,28.561,8.467,6.574,3.16,50.45,18.201
K82006,2026-07-01,9164,4527,1477,3485,2402,942,616,242,16.117,38.029,26.211,10.279,6.722,2.641,49.4,19.642
K82007,2026-07-01,30848,15575,4992,11349,8204,3207,2269,827,16.183,36.79,26.595,10.396,7.355,2.681,50.489,20.432
K82008,2026-07-01,10470,5386,1695,3450,2865,1106,878,476,16.189,32.951,27.364,10.564,8.386,4.546,51.442,23.496
K82009,2026-07-01,41577,20859,6724,15725,11785,3878,2620,845,16.172,37.821,28.345,9.327,6.302,2.032,50.17,17.661
K82010,2026-07-01,9732,4752,1800,3971,2605,666,517,173,18.496,40.804,26.767,6.843,5.312,1.778,48.829,13.933
K82011,2026-07-01,10672,5623,1963,3906,2934,865,701,303,18.394,36.6,27.493,8.105,6.569,2.839,52.689,17.513
K82012,2026-07-01,7057,3679,1108,2176,1914,863,744,252,15.701,30.835,27.122,12.229,10.543,3.571,52.133,26.343
K82013,2026-07-01,14392,7445,2210,5258,3690,1556,1238,440,15.356,36.534,25.639,10.812,8.602,3.057,51.73,22.471
K82014,2026-07-01,5919,2988,973,2167,1689,526,390,174,16.439,36.611,28.535,8.887,6.589,2.94,50.482,18.415
K82015,2026-07-01,9874,4925,1684,3815,2558,893,663,261,17.055,38.637,25.906,9.044,6.715,2.643,49.878,18.402
K82016,2026-07-01,28621,14492,4548,10623,7378,3084,2251,737,15.89,37.116,25.778,10.775,7.865,2.575,50.634,21.215
K82017,2026-07-01,14021,7017,2567,5860,3429,1057,781,327,18.308,41.794,24.456,7.539,5.57,2.332,50.046,15.441
K82019,2026-07-01,16571,8217,3289,7236,4112,1139,619,176,19.848,43.667,24.814,6.873,3.735,1.062,49.587,11.671
K82020,2026-07-01,6403,3170,880,2924,1614,515,303,167,13.744,45.666,25.207,8.043,4.732,2.608,49.508,15.383
K82021,2026-07-01,15314,7956,2210,4736,4129,1971,1619,649,14.431,30.926,26.962,12.871,10.572,4.238,51.952,27.681
K82022,2026-07-01,10611,5286,2107,4588,2606,731,418,161,19.857,43.238,24.559,6.889,3.939,1.517,49.816,12.346
K82023,2026-07-01,38058,19518,6184,12436,10808,4031,3259,1340,16.249,32.676,28.399,10.592,8.563,3.521,51.285,22.676
K82024,2026-07-01,10892,5441,1924,3965,2843,1051,804,305,17.664,36.403,26.102,9.649,7.382,2.8,49.954,19.831
K82025,2026-07-01,10694,5371,1412,3854,2815,1372,938,303,13.204,36.039,26.323,12.83,8.771,2.833,50.224,24.434
K82026,2026-07-01,21759,11140,4355,8810,5134,1725,1304,431,20.015,40.489,23.595,7.928,5.993,1.981,51.197,15.901
K82027,2026-07-01,6020,2908,947,2595,1553,527,320,78,15.731,43.106,25.797,8.754,5.316,1.296,48.306,15.365
K82028,2026-07-01,9984,5154,1845,3192,2527,1086,939,395,18.48,31.971,25.31,10.877,9.405,3.956,51.623,24.239
K82030,2026-07-01,11125,5887,1961,5179,2502,755,478,250,17.627,46.553,22.49,6.787,4.297,2.247,52.917,13.33
K82031,2026-07-01,6303,3231,1090,2115,1810,647,431,210,17.293,33.555,28.716,10.265,6.838,3.332,51.261,20.435
K82032,2026-07-01,12306,6113,2078,5112,3233,1089,599,195,16.886,41.541,26.272,8.849,4.868,1.585,49.675,15.301
K82033,2026-07-01,18713,9599,3047,6694,5329,1785,1314,544,16.283,35.772,28.478,9.539,7.022,2.907,51.296,19.468
K82035,2026-07-01,3881,2043,709,1184,1095,431,343,119,18.268,30.508,28.214,11.105,8.838,3.066,52.641,23.01
K82036,2026-07-01,11754,5958,2119,5320,2579,937,563,236,18.028,45.261,21.941,7.972,4.79,2.008,50.689,14.769
K82037,2026-07-01,13415,6846,2157,4759,3757,1273,1024,445,16.079,35.475,28.006,9.489,7.633,3.317,51.032,20.44
K82038,2026-07-01,24682,12430,4951,10185,5938,1886,1245,477,20.059,41.265,24.058,7.641,5.044,1.933,50.361,14.618
K82039,2026-07-01,16303,8115,2993,7096,4147,1087,729,251,18.359,43.526,25.437,6.667,4.472,1.54,49.776,12.679
K82040,2026-07-01,13836,6842,2713,6004,3359,931,603,226,19.608,43.394,24.277,6.729,4.358,1.633,49.451,12.72
K82044,2026-07-01,9823,4919,1988,4226,2474,632,348,155,20.238,43.021,25.186,6.434,3.543,1.578,50.076,11.555
K82045,2026-07-01,6869,3572,1064,2127,1944,785,653,296,15.49,30.965,28.301,11.428,9.506,4.309,52.002,25.244
K82046,2026-07-01,19091,9760,3128,6383,5428,2010,1505,637,16.385,33.435,28.432,10.529,7.883,3.337,51.124,21.748
K82047,2026-07-01,22834,11663,3775,7282,6344,2637,2099,697,16.532,31.891,27.783,11.549,9.192,3.052,51.077,23.793
K82048,2026-07-01,6902,3469,1131,2259,1896,822,569,225,16.387,32.73,27.47,11.91,8.244,3.26,50.261,23.414
K82049,2026-07-01,11986,6186,1736,3599,3257,1429,1422,543,14.484,30.027,27.173,11.922,11.864,4.53,51.61,28.316
K82051,2026-07-01,10835,5502,1590,3252,3128,1325,1057,483,14.675,30.014,28.869,12.229,9.755,4.458,50.78,26.442
K82053,2026-07-01,10893,5292,1709,4383,2914,918,639,330,15.689,40.237,26.751,8.427,5.866,3.029,48.582,17.323
K82054,2026-07-01,10162,5012,1622,4163,2779,869,553,176,15.961,40.966,27.347,8.551,5.442,1.732,49.321,15.725
K82055,2026-07-01,10422,5367,1782,3623,2756,1105,759,397,17.098,34.763,26.444,10.603,7.283,3.809,51.497,21.694
K82057,2026-07-01,9007,4690,1283,2749,2568,1148,903,356,14.244,30.521,28.511,12.746,10.026,3.952,52.071,26.724
K82058,2026-07-01,5670,2796,970,2171,1565,497,336,131,17.108,38.289,27.601,8.765,5.926,2.31,49.312,17.002
K82059,2026-07-01,8947,4563,1781,3858,2066,679,437,126,19.906,43.121,23.092,7.589,4.884,1.408,51.0,13.882
K82061,2026-07-01,4848,2458,752,1555,1425,572,440,104,15.512,32.075,29.394,11.799,9.076,2.145,50.701,23.02
K82064,2026-07-01,7768,3595,1384,3953,1752,454,179,46,17.817,50.888,22.554,5.844,2.304,0.592,46.28,8.741
K82065,2026-07-01,20556,9530,2843,10929,4580,1330,702,172,13.831,53.167,22.281,6.47,3.415,0.837,46.361,10.722
K82066,2026-07-01,13592,6982,1941,4362,3877,1617,1269,526,14.28,32.092,28.524,11.897,9.336,3.87,51.368,25.103
K82068,2026-07-01,5600,2836,858,1892,1756,599,387,108,15.321,33.786,31.357,10.696,6.911,1.929,50.643,19.536
K82070,2026-07-01,19800,10124,2966,6119,5614,2625,1903,573,14.98,30.904,28.354,13.258,9.611,2.894,51.131,25.763
K82073,2026-07-01,33486,17273,6063,11443,8840,3396,2683,1061,18.106,34.172,26.399,10.142,8.012,3.168,51.583,21.322
K82078,2026-07-01,10388,5344,1616,3689,2719,1113,836,415,15.556,35.512,26.174,10.714,8.048,3.995,51.444,22.757
K82079,2026-07-01,8867,4527,1337,2686,2561,1159,857,267,15.078,30.292,28.882,13.071,9.665,3.011,51.054,25.747
K82603,2026-07-01,12433,6152,2628,5567,2918,740,407,173,21.137,44.776,23.47,5.952,3.274,1.391,49.481,10.617
K82610,2026-07-01,8186,4030,1567,3813,2049,537,174,46,19.142,46.58,25.031,6.56,2.126,0.562,49.23,9.247
K82615,2026-07-01,15080,7703,3020,6468,3948,1050,470,124,20.027,42.891,26.18,6.963,3.117,0.822,51.081,10.902
K82617,2026-07-01,8297,4295,1387,3035,2360,788,546,181,16.717,36.579,28.444,9.497,6.581,2.182,51.766,18.26
K82618,2026-07-01,3484,1723,558,1088,1082,365,284,107,16.016,31.228,31.056,10.476,8.152,3.071,49.455,21.699
K82621,2026-07-01,4667,2430,872,1542,1425,431,274,123,18.684,33.04,30.534,9.235,5.871,2.636,52.068,17.742
K82631,2026-07-01,16029,8071,3043,6497,4924,992,473,100,18.984,40.533,30.719,6.189,2.951,0.624,50.352,9.764
K82633,2026-07-01,16250,8257,3320,7039,4614,715,389,173,20.431,43.317,28.394,4.4,2.394,1.065,50.812,7.858
K83002,2026-07-01,45985,22368,7895,19103,11693,4082,2410,802,17.169,41.542,25.428,8.877,5.241,1.744,48.642,15.862
K83003,2026-07-01,9760,4821,1648,3992,2417,897,613,193,16.885,40.902,24.764,9.191,6.281,1.977,49.395,17.449
K83005,2026-07-01,14786,7414,2904,6192,3480,1180,798,232,19.64,41.877,23.536,7.981,5.397,1.569,50.142,14.947
K83006,2026-07-01,9586,4733,1486,3683,2684,874,630,229,15.502,38.421,27.999,9.117,6.572,2.389,49.374,18.078
K83007,2026-07-01,14179,7284,2444,5053,3826,1365,1173,318,17.237,35.637,26.984,9.627,8.273,2.243,51.372,20.142
K83008,2026-07-01,11292,5785,2091,4341,2561,1049,923,327,18.518,38.443,22.68,9.29,8.174,2.896,51.231,20.36
K83009,2026-07-01,14386,7537,2145,6879,2956,1203,888,315,14.91,47.817,20.548,8.362,6.173,2.19,52.391,16.725
K83010,2026-07-01,19716,9981,3933,8354,4711,1463,952,303,19.948,42.372,23.894,7.42,4.829,1.537,50.624,13.786
K83011,2026-07-01,12262,6143,2014,4500,3176,1237,990,345,16.425,36.699,25.901,10.088,8.074,2.814,50.098,20.975
K83012,2026-07-01,11676,5869,1776,4484,3255,1003,767,391,15.211,38.404,27.878,8.59,6.569,3.349,50.266,18.508
K83013,2026-07-01,15330,7733,2653,6283,3947,1234,904,309,17.306,40.985,25.747,8.05,5.897,2.016,50.444,15.962
K83014,2026-07-01,17526,8468,2893,7812,4308,1288,904,321,16.507,44.574,24.581,7.349,5.158,1.832,48.317,14.339
K83015,2026-07-01,12919,6535,2038,4779,3337,1264,1130,371,15.775,36.992,25.83,9.784,8.747,2.872,50.584,21.403
K83017,2026-07-01,10754,5597,1597,3082,3237,1446,1052,340,14.85,28.659,30.1,13.446,9.782,3.162,52.046,26.39
K83018,2026-07-01,12508,6285,2041,4591,3330,1262,954,330,16.318,36.705,26.623,10.09,7.627,2.638,50.248,20.355
K83019,2026-07-01,6577,3339,895,2054,1930,877,639,182,13.608,31.23,29.345,13.334,9.716,2.767,50.768,25.817
K83021,2026-07-01,22276,11387,3690,8198,5646,2366,1891,485,16.565,36.802,25.346,10.621,8.489,2.177,51.118,21.287
K83022,2026-07-01,11839,6076,2024,4649,3020,1146,759,241,17.096,39.269,25.509,9.68,6.411,2.036,51.322,18.127
K83023,2026-07-01,10531,5331,1537,3317,2806,1323,1130,418,14.595,31.497,26.645,12.563,10.73,3.969,50.622,27.262
K83024,2026-07-01,8631,4233,1363,3303,2385,782,593,205,15.792,38.269,27.633,9.06,6.871,2.375,49.044,18.306
K83025,2026-07-01,16488,7551,2761,8457,3687,875,531,177,16.746,51.292,22.362,5.307,3.221,1.074,45.797,9.601
K83026,2026-07-01,19858,9602,3477,8670,4818,1489,1056,348,17.509,43.66,24.262,7.498,5.318,1.752,48.353,14.568
K83027,2026-07-01,10171,4928,1571,4622,2597,660,493,228,15.446,45.443,25.533,6.489,4.847,2.242,48.451,13.578
K83028,2026-07-01,11579,5911,1848,4272,3015,1236,900,308,15.96,36.894,26.039,10.674,7.773,2.66,51.049,21.107
K83029,2026-07-01,12803,6215,1935,5010,3481,1177,872,328,15.114,39.131,27.189,9.193,6.811,2.562,48.543,18.566
K83030,2026-07-01,9289,4755,1474,3101,2487,1056,910,261,15.868,33.384,26.774,11.368,9.797,2.81,51.19,23.975
K83031,2026-07-01,8262,4128,1236,2611,2481,993,729,212,14.96,31.603,30.029,12.019,8.824,2.566,49.964,23.408
K83032,2026-07-01,22000,10900,3685,8615,5761,1986,1493,460,16.75,39.159,26.186,9.027,6.786,2.091,49.545,17.905
K83035,2026-07-01,6568,3243,1198,2770,1508,567,373,152,18.24,42.174,22.96,8.633,5.679,2.314,49.376,16.626
K83036,2026-07-01,16821,8530,3083,6590,4261,1429,1135,323,18.328,39.177,25.331,8.495,6.748,1.92,50.71,17.163
K83037,2026-07-01,13816,6956,2407,5006,3717,1277,1081,328,17.422,36.233,26.904,9.243,7.824,2.374,50.347,19.441
K83039,2026-07-01,12037,5943,1732,4471,3185,1154,1054,441,14.389,37.144,26.46,9.587,8.756,3.664,49.373,22.007
K83040,2026-07-01,11191,5585,2106,4689,2666,915,667,148,18.819,41.9,23.823,8.176,5.96,1.322,49.906,15.459
K83041,2026-07-01,23992,12275,4500,9599,5831,1885,1572,605,18.756,40.009,24.304,7.857,6.552,2.522,51.163,16.931
K83042,2026-07-01,15310,7679,2753,6415,3793,1169,896,284,17.982,41.901,24.775,7.636,5.852,1.855,50.157,15.343
K83043,2026-07-01,14633,7306,2432,5979,3790,1251,801,380,16.62,40.86,25.9,8.549,5.474,2.597,49.928,16.62
K83044,2026-07-01,13690,6999,2070,4827,3643,1449,1249,452,15.121,35.259,26.611,10.584,9.123,3.302,51.125,23.009
K83047,2026-07-01,28793,14601,5162,12034,6977,2414,1622,584,17.928,41.795,24.232,8.384,5.633,2.028,50.71,16.046
K83048,2026-07-01,5603,2747,919,2146,1466,589,377,106,16.402,38.301,26.165,10.512,6.729,1.892,49.027,19.133
K83049,2026-07-01,16180,8154,2522,5769,4493,1744,1221,431,15.587,35.655,27.769,10.779,7.546,2.664,50.396,20.989
K83050,2026-07-01,7127,3370,1162,3587,1617,381,256,124,16.304,50.33,22.688,5.346,3.592,1.74,47.285,10.678
K83051,2026-07-01,29311,14575,5217,11883,7540,2438,1671,562,17.799,40.541,25.724,8.318,5.701,1.917,49.725,15.936
K83052,2026-07-01,22830,11602,3984,8179,6397,2099,1650,521,17.451,35.826,28.02,9.194,7.227,2.282,50.819,18.703
K83053,2026-07-01,6552,3042,923,2343,1791,767,543,185,14.087,35.76,27.335,11.706,8.288,2.824,46.429,22.817
K83055,2026-07-01,7933,4093,1385,3009,2284,617,476,162,17.459,37.93,28.791,7.778,6.0,2.042,51.595,15.82
K83056,2026-07-01,4081,1868,578,1833,1057,356,207,50,14.163,44.915,25.901,8.723,5.072,1.225,45.773,15.021
K83059,2026-07-01,31213,15616,5654,12988,7876,2589,1607,499,18.114,41.611,25.233,8.295,5.148,1.599,50.03,15.042
K83064,2026-07-01,16291,8324,2296,5235,4930,1986,1463,381,14.094,32.134,30.262,12.191,8.98,2.339,51.096,23.51
K83065,2026-07-01,6828,3471,1019,2162,1996,823,623,205,14.924,31.664,29.233,12.053,9.124,3.002,50.835,24.18
K83066,2026-07-01,14663,7400,2007,4538,4205,1894,1540,479,13.688,30.949,28.678,12.917,10.503,3.267,50.467,26.686
K83068,2026-07-01,6327,3227,815,1744,2057,910,621,180,12.881,27.564,32.511,14.383,9.815,2.845,51.004,27.043
K83069,2026-07-01,3290,1668,597,1173,802,332,302,84,18.146,35.653,24.377,10.091,9.179,2.553,50.699,21.824
K83070,2026-07-01,10716,5290,1724,3903,3015,1067,766,241,16.088,36.422,28.135,9.957,7.148,2.249,49.365,19.354
K83076,2026-07-01,8768,4298,1648,3895,2074,648,414,89,18.796,44.423,23.654,7.391,4.722,1.015,49.019,13.127
K83077,2026-07-01,9434,4878,1532,3712,2460,856,605,269,16.239,39.347,26.076,9.074,6.413,2.851,51.707,18.338
K83080,2026-07-01,5555,2805,922,2031,1519,530,399,154,16.598,36.562,27.345,9.541,7.183,2.772,50.495,19.496
K83081,2026-07-01,1928,949,344,723,528,186,114,33,17.842,37.5,27.386,9.647,5.913,1.712,49.222,17.272
K83601,2026-07-01,8262,4079,1226,2928,2436,872,631,169,14.839,35.439,29.484,10.554,7.637,2.046,49.371,20.237
K83610,2026-07-01,15160,7658,2975,6420,3700,1210,682,173,19.624,42.348,24.406,7.982,4.499,1.141,50.515,13.621
K83616,2026-07-01,6469,3268,1074,2447,1794,654,405,95,16.602,37.827,27.732,10.11,6.261,1.469,50.518,17.839
K83618,2026-07-01,12313,6083,2511,5580,2947,776,391,108,20.393,45.318,23.934,6.302,3.176,0.877,49.403,10.355
K83620,2026-07-01,9240,4565,1424,3240,2595,1007,770,204,15.411,35.065,28.084,10.898,8.333,2.208,49.405,21.439
K83621,2026-07-01,14362,6590,2634,8477,2704,376,116,55,18.34,59.024,18.827,2.618,0.808,0.383,45.885,3.809
K83622,2026-07-01,15455,7797,2959,6354,4152,1215,631,144,19.146,41.113,26.865,7.862,4.083,0.932,50.45,12.876
K84001,2026-07-01,10357,5274,1321,3293,3150,1102,976,515,12.755,31.795,30.414,10.64,9.424,4.972,50.922,25.036
K84002,2026-07-01,19766,9817,3481,8186,5003,1598,1097,401,17.611,41.415,25.311,8.085,5.55,2.029,49.666,15.663
K84003,2026-07-01,6979,3536,1023,2205,1987,959,607,198,14.658,31.595,28.471,13.741,8.698,2.837,50.666,25.276
K84004,2026-07-01,13018,6322,1965,5667,3255,1066,802,263,15.094,43.532,25.004,8.189,6.161,2.02,48.564,16.37
K84006,2026-07-01,16209,8204,2386,5340,4407,1882,1588,606,14.72,32.945,27.189,11.611,9.797,3.739,50.614,25.147
K84007,2026-07-01,8268,3951,1126,3909,1924,643,459,207,13.619,47.279,23.27,7.777,5.552,2.504,47.787,15.832
K84008,2026-07-01,8073,4164,1249,2631,2207,985,723,278,15.471,32.59,27.338,12.201,8.956,3.444,51.579,24.601
K84009,2026-07-01,25548,12751,3043,14767,5241,1322,869,306,11.911,57.801,20.514,5.175,3.401,1.198,49.91,9.774
K84010,2026-07-01,8901,4592,1428,2929,2242,1104,860,338,16.043,32.906,25.188,12.403,9.662,3.797,51.59,25.862
K84011,2026-07-01,18448,8887,2509,9291,4042,1264,931,411,13.6,50.363,21.91,6.852,5.047,2.228,48.173,14.126
K84012,2026-07-01,8888,4637,1849,3043,2261,875,679,181,20.803,34.237,25.439,9.845,7.64,2.036,52.171,19.521
K84013,2026-07-01,28442,13224,3031,17714,5274,1405,779,239,10.657,62.281,18.543,4.94,2.739,0.84,46.495,8.519
K84014,2026-07-01,11274,5701,1552,3725,3234,1332,1036,395,13.766,33.041,28.685,11.815,9.189,3.504,50.568,24.508
K84015,2026-07-01,3869,1958,470,1075,1248,516,417,143,12.148,27.785,32.256,13.337,10.778,3.696,50.607,27.811
K84016,2026-07-01,21977,10284,1672,13507,3820,1458,1086,434,7.608,61.46,17.382,6.634,4.942,1.975,46.794,13.551
K84017,2026-07-01,21300,10908,3407,8360,5172,2006,1683,672,15.995,39.249,24.282,9.418,7.901,3.155,51.211,20.474
K84019,2026-07-01,15955,8007,2597,5710,3971,1702,1390,585,16.277,35.788,24.889,10.668,8.712,3.667,50.185,23.046
K84020,2026-07-01,9823,4995,1385,3003,2911,1185,941,398,14.1,30.571,29.635,12.064,9.58,4.052,50.85,25.695
K84021,2026-07-01,9047,4445,709,5849,1441,447,426,175,7.837,64.651,15.928,4.941,4.709,1.934,49.132,11.584
K84023,2026-07-01,6345,3204,981,2305,1611,702,495,251,15.461,36.328,25.39,11.064,7.801,3.956,50.496,22.821
K84024,2026-07-01,9096,4552,1513,3633,2281,752,651,266,16.634,39.941,25.077,8.267,7.157,2.924,50.044,18.349
K84026,2026-07-01,11965,6025,1219,6045,2947,956,624,174,10.188,50.522,24.63,7.99,5.215,1.454,50.355,14.659
K84027,2026-07-01,15093,7569,2054,5065,4067,1783,1527,597,13.609,33.559,26.946,11.813,10.117,3.955,50.149,25.886
K84028,2026-07-01,41384,20119,6969,17973,10005,3102,2422,913,16.84,43.43,24.176,7.496,5.853,2.206,48.615,15.554
K84030,2026-07-01,15206,7748,2006,4961,4135,1846,1621,637,13.192,32.625,27.193,12.14,10.66,4.189,50.954,26.989
K84031,2026-07-01,12413,5896,2165,5816,2992,839,407,194,17.441,46.854,24.104,6.759,3.279,1.563,47.499,11.601
K84032,2026-07-01,9482,4487,1492,4854,2122,557,325,132,15.735,51.192,22.379,5.874,3.428,1.392,47.321,10.694
K84033,2026-07-01,20749,10596,4030,8220,4721,1917,1275,586,19.423,39.616,22.753,9.239,6.145,2.824,51.068,18.208
K84034,2026-07-01,3380,1649,520,1088,989,452,252,79,15.385,32.189,29.26,13.373,7.456,2.337,48.787,23.166
K84035,2026-07-01,11003,5661,1479,3841,3168,1069,1015,431,13.442,34.909,28.792,9.716,9.225,3.917,51.45,22.857
K84036,2026-07-01,6121,3198,1080,1997,1583,666,585,210,17.644,32.625,25.862,10.881,9.557,3.431,52.246,23.869
K84037,2026-07-01,19039,9776,3051,6494,5346,1892,1560,696,16.025,34.109,28.079,9.937,8.194,3.656,51.347,21.787
K84038,2026-07-01,16114,8050,2778,6390,4026,1530,989,401,17.24,39.655,24.984,9.495,6.138,2.489,49.957,18.121
K84041,2026-07-01,14729,7412,2324,5343,3896,1536,1199,431,15.778,36.275,26.451,10.428,8.14,2.926,50.322,21.495
K84042,2026-07-01,9745,5052,1373,3184,2761,1123,932,372,14.089,32.673,28.332,11.524,9.564,3.817,51.842,24.905
K84043,2026-07-01,18964,9614,3910,8136,4038,1484,1004,392,20.618,42.902,21.293,7.825,5.294,2.067,50.696,15.187
K84044,2026-07-01,26567,13743,4076,11824,6115,2167,1622,763,15.342,44.506,23.017,8.157,6.105,2.872,51.73,17.134
K84045,2026-07-01,7386,3709,1046,2823,1856,739,575,347,14.162,38.221,25.129,10.005,7.785,4.698,50.217,22.488
K84046,2026-07-01,6204,3183,891,1797,1749,843,676,248,14.362,28.965,28.191,13.588,10.896,3.997,51.306,28.482
K84047,2026-07-01,8073,4210,1185,2547,2129,1116,804,292,14.679,31.55,26.372,13.824,9.959,3.617,52.149,27.4
K84050,2026-07-01,13934,7272,2224,4742,3633,1518,1314,503,15.961,34.032,26.073,10.894,9.43,3.61,52.189,23.934
K84051,2026-07-01,19476,10004,3221,6898,5306,1986,1541,524,16.538,35.418,27.244,10.197,7.912,2.69,51.366,20.8
K84052,2026-07-01,20326,10255,3270,8964,4884,1741,1068,399,16.088,44.101,24.028,8.565,5.254,1.963,50.453,15.783
K84054,2026-07-01,19905,10157,3761,7931,4720,1643,1346,504,18.895,39.844,23.713,8.254,6.762,2.532,51.027,17.548
K84055,2026-07-01,12153,6207,1972,3795,3496,1347,1139,404,16.226,31.227,28.767,11.084,9.372,3.324,51.074,23.78
K84056,2026-07-01,5249,2778,718,1463,1543,775,545,205,13.679,27.872,29.396,14.765,10.383,3.906,52.924,29.053
K84058,2026-07-01,8031,4096,1172,2417,2346,947,859,290,14.593,30.096,29.212,11.792,10.696,3.611,51.002,26.099
K84059,2026-07-01,12489,6437,2059,4643,3272,1204,984,327,16.487,37.177,26.199,9.64,7.879,2.618,51.541,20.138
K84060,2026-07-01,5757,2887,622,3336,1099,361,234,105,10.804,57.947,19.09,6.271,4.065,1.824,50.148,12.159
K84062,2026-07-01,10121,5101,1864,4591,2423,676,415,152,18.417,45.361,23.94,6.679,4.1,1.502,50.4,12.281
K84063,2026-07-01,11599,5319,1726,6847,2198,515,254,59,14.881,59.031,18.95,4.44,2.19,0.509,45.857,7.139
K84065,2026-07-01,3188,1607,415,930,941,482,330,90,13.018,29.172,29.517,15.119,10.351,2.823,50.408,28.294
K84066,2026-07-01,478,82,0,238,217,21,2,0,0.0,49.791,45.397,4.393,0.418,0.0,17.155,4.812
K84071,2026-07-01,10351,5161,1430,3258,3019,1128,1061,455,13.815,31.475,29.166,10.897,10.25,4.396,49.86,25.543
K84072,2026-07-01,11433,5810,1532,3953,2990,1346,1093,519,13.4,34.575,26.152,11.773,9.56,4.539,50.818,25.872
K84075,2026-07-01,12450,6468,2729,5079,3048,889,497,208,21.92,40.795,24.482,7.141,3.992,1.671,51.952,12.803
K84078,2026-07-01,11464,5487,693,8741,1277,399,274,80,6.045,76.247,11.139,3.48,2.39,0.698,47.863,6.568
K84079,2026-07-01,9283,4409,1640,3595,2378,923,569,178,17.667,38.727,25.617,9.943,6.129,1.917,47.495,17.99
K84080,2026-07-01,12666,5961,817,8470,2038,671,459,211,6.45,66.872,16.09,5.298,3.624,1.666,47.063,10.587
K84082,2026-07-01,12454,6156,1792,4509,3293,1422,1022,416,14.389,36.205,26.441,11.418,8.206,3.34,49.43,22.965
K84605,2026-07-01,5937,2662,332,4600,617,194,149,45,5.592,77.48,10.392,3.268,2.51,0.758,44.837,6.535
K84610,2026-07-01,5037,2529,750,1497,1395,660,552,183,14.89,29.72,27.695,13.103,10.959,3.633,50.208,27.695
K84613,2026-07-01,21423,10876,3762,8571,6179,1652,971,288,17.561,40.008,28.843,7.711,4.533,1.344,50.768,13.588
K84618,2026-07-01,8532,4333,1346,3101,2521,773,558,233,15.776,36.346,29.548,9.06,6.54,2.731,50.785,18.331
K84624,2026-07-01,11242,5726,2246,4692,3160,635,378,131,19.979,41.736,28.109,5.648,3.362,1.165,50.934,10.176
L81004,2026-07-01,17325,8749,2456,5370,4633,2064,2046,756,14.176,30.996,26.742,11.913,11.81,4.364,50.499,28.087
L81007,2026-07-01,39371,18998,5372,21318,8224,2358,1567,532,13.645,54.146,20.888,5.989,3.98,1.351,48.254,11.321
L81008,2026-07-01,11214,5547,1904,4745,2681,960,679,245,16.979,42.313,23.908,8.561,6.055,2.185,49.465,16.8
L81009,2026-07-01,10748,5536,1924,4094,2460,1052,838,380,17.901,38.091,22.888,9.788,7.797,3.536,51.507,21.12
L81010,2026-07-01,8459,4295,1487,3441,2080,804,495,152,17.579,40.679,24.589,9.505,5.852,1.797,50.774,17.153
L81012,2026-07-01,18226,8086,2072,10612,4193,870,384,95,11.368,58.225,23.006,4.773,2.107,0.521,44.365,7.402
L81013,2026-07-01,12719,6214,2012,5142,3248,1150,898,269,15.819,40.428,25.537,9.042,7.06,2.115,48.856,18.217
L81014,2026-07-01,14360,7257,2158,4778,3863,1558,1383,620,15.028,33.273,26.901,10.85,9.631,4.318,50.536,24.798
L81015,2026-07-01,18710,8514,2974,9903,4206,1045,380,202,15.895,52.929,22.48,5.585,2.031,1.08,45.505,8.696
L81016,2026-07-01,14792,7216,2336,5978,3763,1402,931,382,15.792,40.414,25.439,9.478,6.294,2.582,48.783,18.355
L81017,2026-07-01,12712,6567,2227,4638,3379,1120,970,378,17.519,36.485,26.581,8.811,7.631,2.974,51.66,19.415
L81018,2026-07-01,9016,4589,1263,2860,2256,1089,1153,395,14.008,31.721,25.022,12.079,12.788,4.381,50.898,29.248
L81019,2026-07-01,18149,9053,3157,7840,4317,1473,1037,325,17.395,43.198,23.786,8.116,5.714,1.791,49.882,15.621
L81020,2026-07-01,8770,4375,1113,3668,2327,884,566,212,12.691,41.824,26.534,10.08,6.454,2.417,49.886,18.951
L81021,2026-07-01,11591,6048,1762,3801,2893,1355,1255,525,15.201,32.793,24.959,11.69,10.827,4.529,52.178,27.047
L81022,2026-07-01,18366,9038,3089,9388,3627,1211,806,245,16.819,51.116,19.748,6.594,4.389,1.334,49.21,12.316
L81023,2026-07-01,15272,7119,2564,8123,3343,724,374,144,16.789,53.189,21.89,4.741,2.449,0.943,46.615,8.133
L81024,2026-07-01,15267,7714,2501,5647,3851,1496,1315,457,16.382,36.988,25.224,9.799,8.613,2.993,50.527,21.406
L81025,2026-07-01,18575,9402,2692,6131,4926,2120,1870,836,14.493,33.007,26.52,11.413,10.067,4.501,50.616,25.981
L81026,2026-07-01,28114,14382,4770,10774,6990,2513,2135,932,16.967,38.323,24.863,8.939,7.594,3.315,51.156,19.848
L81027,2026-07-01,8871,4612,1250,2794,2603,1015,851,358,14.091,31.496,29.343,11.442,9.593,4.036,51.99,25.07
L81029,2026-07-01,9560,4832,1450,3011,2555,1242,936,366,15.167,31.496,26.726,12.992,9.791,3.828,50.544,26.611
L81030,2026-07-01,6612,3292,967,2132,1929,839,571,174,14.625,32.244,29.174,12.689,8.636,2.632,49.788,23.956
L81031,2026-07-01,16239,8148,2612,6240,3730,1867,1312,478,16.085,38.426,22.969,11.497,8.079,2.944,50.176,22.52
L81033,2026-07-01,14639,7172,2189,6503,3718,1186,786,257,14.953,44.422,25.398,8.102,5.369,1.756,48.992,15.226
L81034,2026-07-01,34951,17805,5268,11145,9512,3997,3633,1396,15.073,31.887,27.215,11.436,10.395,3.994,50.943,25.825
L81037,2026-07-01,23546,11557,4331,10475,5492,1707,1137,404,18.394,44.487,23.325,7.25,4.829,1.716,49.083,13.794
L81038,2026-07-01,13093,6386,1878,5940,3221,975,771,308,14.344,45.368,24.601,7.447,5.889,2.352,48.774,15.688
L81039,2026-07-01,25672,12747,3047,10982,6625,2511,1816,691,11.869,42.778,25.806,9.781,7.074,2.692,49.653,19.547
L81040,2026-07-01,16730,8612,2365,5433,4296,2104,1750,782,14.136,32.475,25.678,12.576,10.46,4.674,51.476,27.711
L81041,2026-07-01,7410,3801,1785,3267,1556,472,238,92,24.089,44.089,20.999,6.37,3.212,1.242,51.296,10.823
L81042,2026-07-01,12329,6175,1922,4495,3113,1549,943,307,15.589,36.459,25.249,12.564,7.649,2.49,50.085,22.703
L81044,2026-07-01,12243,6249,1674,4256,3324,1396,1184,409,13.673,34.763,27.15,11.402,9.671,3.341,51.041,24.414
L81045,2026-07-01,19666,10108,3206,6698,4744,2068,2096,854,16.302,34.059,24.123,10.516,10.658,4.343,51.398,25.516
L81046,2026-07-01,7886,3944,1137,2911,2063,771,693,311,14.418,36.914,26.16,9.777,8.788,3.944,50.013,22.508
L81047,2026-07-01,15136,7683,2474,5590,3819,1307,1364,582,16.345,36.932,25.231,8.635,9.012,3.845,50.76,21.492
L81050,2026-07-01,7392,3782,1057,2608,1907,980,646,194,14.299,35.281,25.798,13.258,8.739,2.624,51.163,24.621
L81051,2026-07-01,24988,12599,3620,9701,6137,2469,2210,851,14.487,38.823,24.56,9.881,8.844,3.406,50.42,22.131
L81053,2026-07-01,8303,4195,1343,3477,1929,772,540,242,16.175,41.876,23.233,9.298,6.504,2.915,50.524,18.716
L81054,2026-07-01,12143,6153,2376,5359,2693,965,524,226,19.567,44.132,22.177,7.947,4.315,1.861,50.671,14.123
L81055,2026-07-01,12792,6393,1797,5427,3287,1037,866,378,14.048,42.425,25.696,8.107,6.77,2.955,49.977,17.831
L81058,2026-07-01,8972,4653,1065,2982,2488,1083,984,370,11.87,33.237,27.731,12.071,10.967,4.124,51.861,27.162
L81059,2026-07-01,8898,4476,1571,3101,2216,979,774,257,17.656,34.851,24.904,11.002,8.699,2.888,50.303,22.589
L81061,2026-07-01,11039,5369,1880,6241,2141,440,257,80,17.031,56.536,19.395,3.986,2.328,0.725,48.637,7.039
L81062,2026-07-01,24708,12325,4123,11418,5801,1759,1234,373,16.687,46.212,23.478,7.119,4.994,1.51,49.883,13.623
L81063,2026-07-01,12660,6364,2019,5397,2754,1132,901,457,15.948,42.63,21.754,8.942,7.117,3.61,50.269,19.668
L81065,2026-07-01,14147,7367,2429,5350,3531,1353,1011,473,17.17,37.817,24.959,9.564,7.146,3.343,52.075,20.054
L81066,2026-07-01,10635,5260,1891,4357,2882,823,536,146,17.781,40.969,27.099,7.739,5.04,1.373,49.459,14.151
L81068,2026-07-01,12039,5980,1221,4853,3331,1261,992,381,10.142,40.311,27.668,10.474,8.24,3.165,49.672,21.879
L81069,2026-07-01,8297,4217,1510,3550,1951,652,479,155,18.199,42.787,23.515,7.858,5.773,1.868,50.826,15.5
L81070,2026-07-01,9031,4711,1285,3388,2359,941,744,314,14.229,37.515,26.121,10.42,8.238,3.477,52.165,22.135
L81071,2026-07-01,14411,7759,1506,7257,3373,1192,784,299,10.45,50.357,23.406,8.271,5.44,2.075,53.841,15.787
L81072,2026-07-01,10653,5402,1700,3308,3001,1196,1079,369,15.958,31.052,28.17,11.227,10.129,3.464,50.709,24.819
L81073,2026-07-01,8279,4277,1294,3186,2004,854,645,296,15.63,38.483,24.206,10.315,7.791,3.575,51.661,21.681
L81075,2026-07-01,31293,14752,2515,24016,2957,873,593,339,8.037,76.746,9.449,2.79,1.895,1.083,47.142,5.768
L81078,2026-07-01,22714,11314,3851,10627,5474,1551,916,295,16.954,46.786,24.1,6.828,4.033,1.299,49.811,12.16
L81079,2026-07-01,21219,10704,3219,7440,5636,2265,1879,780,15.17,35.063,26.561,10.674,8.855,3.676,50.445,23.206
L81081,2026-07-01,19674,9762,2096,10801,4108,1426,949,294,10.654,54.9,20.88,7.248,4.824,1.494,49.619,13.566
L81082,2026-07-01,13968,6833,1736,7973,2867,800,456,136,12.428,57.08,20.525,5.727,3.265,0.974,48.919,9.966
L81083,2026-07-01,8755,4379,1892,4010,1798,615,285,155,21.611,45.802,20.537,7.025,3.255,1.77,50.017,12.05
L81084,2026-07-01,11295,5657,1800,4595,2878,970,775,277,15.936,40.682,25.48,8.588,6.861,2.452,50.084,17.902
L81085,2026-07-01,6578,3265,879,2105,1858,708,728,300,13.363,32.001,28.246,10.763,11.067,4.561,49.635,26.391
L81086,2026-07-01,46385,23755,7320,16217,11983,5147,4202,1516,15.781,34.962,25.834,11.096,9.059,3.268,51.213,23.424
L81087,2026-07-01,12612,6177,2012,5655,3113,1017,625,190,15.953,44.838,24.683,8.064,4.956,1.507,48.977,14.526
L81089,2026-07-01,12062,5622,1832,6900,2265,538,346,181,15.188,57.204,18.778,4.46,2.869,1.501,46.609,8.829
L81090,2026-07-01,17026,8388,1774,9518,3702,1022,769,241,10.419,55.903,21.743,6.003,4.517,1.415,49.266,11.935
L81091,2026-07-01,15916,7764,1366,7392,4092,1586,1136,344,8.583,46.444,25.71,9.965,7.137,2.161,48.781,19.264
L81095,2026-07-01,14566,7266,2915,6679,3368,971,479,154,20.012,45.853,23.122,6.666,3.288,1.057,49.883,11.012
L81098,2026-07-01,12587,6427,2194,5783,2833,842,642,293,17.431,45.944,22.507,6.689,5.101,2.328,51.061,14.118
L81103,2026-07-01,8998,4651,1550,3029,2324,881,816,398,17.226,33.663,25.828,9.791,9.069,4.423,51.689,23.283
L81106,2026-07-01,5779,2953,981,1928,1445,671,566,188,16.975,33.362,25.004,11.611,9.794,3.253,51.099,24.658
L81118,2026-07-01,39040,18769,6403,18461,9722,2383,1509,562,16.401,47.287,24.903,6.104,3.865,1.44,48.076,11.409
L81120,2026-07-01,8964,4420,1586,4301,1976,582,399,120,17.693,47.981,22.044,6.493,4.451,1.339,49.308,12.282
L81122,2026-07-01,5581,2789,836,1670,1446,797,615,217,14.979,29.923,25.909,14.281,11.02,3.888,49.973,29.188
L81123,2026-07-01,5749,2871,811,1953,1667,681,482,155,14.107,33.971,28.996,11.846,8.384,2.696,49.939,22.926
L81125,2026-07-01,10015,4967,1502,5135,2276,647,340,115,14.998,51.273,22.726,6.46,3.395,1.148,49.596,11.003
L81127,2026-07-01,10271,5110,1588,3581,2819,1142,830,311,15.461,34.865,27.446,11.119,8.081,3.028,49.752,22.228
L81130,2026-07-01,12991,6608,2206,5220,3139,1311,812,303,16.981,40.182,24.163,10.092,6.25,2.332,50.866,18.674
L81131,2026-07-01,11231,5663,1700,3913,3105,1185,903,425,15.137,34.841,27.647,10.551,8.04,3.784,50.423,22.376
L81132,2026-07-01,5143,2588,980,2034,1296,448,306,79,19.055,39.549,25.199,8.711,5.95,1.536,50.321,16.197
L81133,2026-07-01,17073,9843,42,17001,30,0,0,0,0.246,99.578,0.176,0.0,0.0,0.0,57.652,0.0
L81600,2026-07-01,12015,6083,1936,4332,3531,1092,822,302,16.113,36.055,29.388,9.089,6.841,2.514,50.628,18.444
L81617,2026-07-01,12665,5999,100,12182,273,61,41,8,0.79,96.186,2.156,0.482,0.324,0.063,47.367,0.869
L81632,2026-07-01,10662,5354,2196,4358,2910,653,406,139,20.597,40.874,27.293,6.125,3.808,1.304,50.216,11.236
L81642,2026-07-01,6631,3471,1281,2825,1373,574,405,173,19.318,42.603,20.706,8.656,6.108,2.609,52.345,17.373
L81643,2026-07-01,16899,8529,2532,5916,4366,1846,1668,571,14.983,35.008,25.836,10.924,9.87,3.379,50.47,24.173
L81644,2026-07-01,8803,4622,1482,3662,2224,677,464,294,16.835,41.599,25.264,7.691,5.271,3.34,52.505,16.301
L81669,2026-07-01,38121,18834,6111,17104,8844,2904,2130,1028,16.031,44.868,23.2,7.618,5.587,2.697,49.406,15.902
L82001,2026-07-01,19477,9708,2804,7727,5064,1877,1491,514,14.396,39.672,26.0,9.637,7.655,2.639,49.843,19.931
L82003,2026-07-01,8738,4534,1124,2553,2329,1255,1107,370,12.863,29.217,26.654,14.363,12.669,4.234,51.888,31.266
L82004,2026-07-01,8045,4162,998,2498,2259,1025,914,351,12.405,31.05,28.08,12.741,11.361,4.363,51.734,28.465
L82006,2026-07-01,20089,10272,2155,10230,3985,1832,1419,468,10.727,50.923,19.837,9.119,7.064,2.33,51.132,18.513
L82007,2026-07-01,6658,3397,919,1999,1825,960,740,215,13.803,30.024,27.411,14.419,11.114,3.229,51.021,28.762
L82008,2026-07-01,10746,5323,1436,3249,2897,1531,1173,460,13.363,30.235,26.959,14.247,10.916,4.281,49.535,29.444
L82010,2026-07-01,23891,12062,3839,8504,6136,2689,2026,697,16.069,35.595,25.683,11.255,8.48,2.917,50.488,22.653
L82011,2026-07-01,6447,3247,1010,2265,1738,781,505,148,15.666,35.133,26.958,12.114,7.833,2.296,50.365,22.243
L82012,2026-07-01,17013,8580,2003,4770,4696,2804,2124,616,11.773,28.037,27.602,16.482,12.485,3.621,50.432,32.587
L82013,2026-07-01,8022,4060,1071,2460,2334,1014,862,281,13.351,30.666,29.095,12.64,10.745,3.503,50.611,26.889
L82015,2026-07-01,6987,3601,921,2087,1980,961,807,231,13.182,29.87,28.338,13.754,11.55,3.306,51.539,28.61
L82016,2026-07-01,17582,9032,2528,5414,4777,2430,1901,532,14.378,30.793,27.17,13.821,10.812,3.026,51.371,27.659
L82017,2026-07-01,2297,1142,276,866,619,221,229,86,12.016,37.701,26.948,9.621,9.97,3.744,49.717,23.335
L82018,2026-07-01,13902,7203,2134,4477,3737,1745,1329,480,15.35,32.204,26.881,12.552,9.56,3.453,51.813,25.565
L82022,2026-07-01,9918,5131,1026,2457,2912,1717,1343,463,10.345,24.773,29.361,17.312,13.541,4.668,51.734,35.521
L82023,2026-07-01,16076,8072,2354,5260,4505,1943,1555,459,14.643,32.72,28.023,12.086,9.673,2.855,50.211,24.614
L82025,2026-07-01,4791,2435,467,1238,1417,773,671,225,9.747,25.84,29.576,16.134,14.005,4.696,50.824,34.836
L82026,2026-07-01,6619,3405,871,2054,1772,895,776,251,13.159,31.032,26.771,13.522,11.724,3.792,51.443,29.038
L82028,2026-07-01,17728,9207,2617,6972,4299,1801,1434,605,14.762,39.328,24.25,10.159,8.089,3.413,51.935,21.661
L82029,2026-07-01,16543,8397,2354,6094,4563,1710,1356,466,14.23,36.837,27.583,10.337,8.197,2.817,50.759,21.35
L82030,2026-07-01,18530,9316,2717,5907,5096,2370,1812,628,14.663,31.878,27.501,12.79,9.779,3.389,50.275,25.958
L82035,2026-07-01,8518,4369,1017,2382,2373,1326,1042,378,11.939,27.964,27.859,15.567,12.233,4.438,51.291,32.238
L82036,2026-07-01,12332,6391,1857,4103,3293,1426,1260,393,15.058,33.271,26.703,11.563,10.217,3.187,51.825,24.968
L82038,2026-07-01,11987,6130,1446,3339,3401,1924,1426,451,12.063,27.855,28.372,16.051,11.896,3.762,51.139,31.709
L82039,2026-07-01,5387,2791,621,1474,1495,865,720,212,11.528,27.362,27.752,16.057,13.366,3.935,51.81,33.358
L82041,2026-07-01,29245,14826,5035,10756,7449,3080,2262,663,17.217,36.779,25.471,10.532,7.735,2.267,50.696,20.533
L82042,2026-07-01,16636,8355,2408,5769,4501,1844,1565,549,14.475,34.678,27.056,11.084,9.407,3.3,50.222,23.792
L82043,2026-07-01,4646,2415,455,1210,1475,791,555,160,9.793,26.044,31.748,17.025,11.946,3.444,51.98,32.415
L82044,2026-07-01,8867,4442,1208,2939,2216,1133,977,394,13.624,33.145,24.992,12.778,11.018,4.443,50.096,28.24
L82045,2026-07-01,9495,4878,1223,2879,2707,1309,1072,305,12.88,30.321,28.51,13.786,11.29,3.212,51.374,28.289
L82046,2026-07-01,12158,6284,1743,3879,3229,1560,1344,403,14.336,31.905,26.559,12.831,11.054,3.315,51.686,27.2
L82047,2026-07-01,7755,3941,868,1967,2194,1322,1078,326,11.193,25.364,28.291,17.047,13.901,4.204,50.819,35.152
L82048,2026-07-01,3851,1944,407,988,1077,647,560,172,10.569,25.656,27.967,16.801,14.542,4.466,50.48,35.809
L82049,2026-07-01,10571,5464,1473,4262,2463,1199,867,307,13.934,40.318,23.3,11.342,8.202,2.904,51.689,22.448
L82050,2026-07-01,8706,4461,1268,2790,2280,1223,870,275,14.565,32.047,26.189,14.048,9.993,3.159,51.241,27.2
L82051,2026-07-01,13162,6539,2142,4625,3570,1548,1038,239,16.274,35.139,27.124,11.761,7.886,1.816,49.681,21.463
L82052,2026-07-01,10440,5404,1410,3594,2679,1302,1073,382,13.506,34.425,25.661,12.471,10.278,3.659,51.762,26.408
L82054,2026-07-01,9418,4903,1476,2959,2693,1095,916,279,15.672,31.419,28.594,11.627,9.726,2.962,52.06,24.315
L82056,2026-07-01,8532,4396,1073,2302,2389,1354,1095,319,12.576,26.981,28.0,15.87,12.834,3.739,51.524,32.443
L82057,2026-07-01,2915,1488,332,709,828,526,410,110,11.389,24.322,28.405,18.045,14.065,3.774,51.046,35.883
L82058,2026-07-01,4859,2495,490,1166,1550,887,607,159,10.084,23.997,31.9,18.255,12.492,3.272,51.348,34.019
L82059,2026-07-01,5839,3119,882,1802,1533,841,576,205,15.105,30.861,26.254,14.403,9.865,3.511,53.417,27.779
L82061,2026-07-01,6125,3192,705,1425,1662,989,975,369,11.51,23.265,27.135,16.147,15.918,6.024,52.114,38.09
L82066,2026-07-01,7171,3789,933,2204,1963,938,877,256,13.011,30.735,27.374,13.08,12.23,3.57,52.838,28.88
L82068,2026-07-01,9289,4725,1364,3072,2704,1106,810,233,14.684,33.071,29.11,11.907,8.72,2.508,50.867,23.135
L82070,2026-07-01,6694,3497,865,2137,1730,916,773,273,12.922,31.924,25.844,13.684,11.548,4.078,52.241,29.31
L82620,2026-07-01,6343,3233,980,2078,1787,770,550,178,15.45,32.761,28.173,12.139,8.671,2.806,50.97,23.617
L82622,2026-07-01,7187,3731,764,2986,1771,800,650,216,10.63,41.547,24.642,11.131,9.044,3.005,51.913,23.181
L83002,2026-07-01,17743,9155,2422,5417,4617,2399,2016,872,13.65,30.53,26.022,13.521,11.362,4.915,51.598,29.798
L83003,2026-07-01,11363,5472,1599,4387,2978,1266,828,305,14.072,38.608,26.208,11.141,7.287,2.684,48.156,21.112
L83004,2026-07-01,11608,5996,1729,3971,3037,1360,1109,402,14.895,34.209,26.163,11.716,9.554,3.463,51.654,24.733
L83005,2026-07-01,15598,8128,1858,4593,4157,2471,1843,676,11.912,29.446,26.651,15.842,11.816,4.334,52.109,31.991
L83006,2026-07-01,32506,16194,4839,12502,8383,3452,2446,884,14.886,38.461,25.789,10.62,7.525,2.719,49.818,20.864
L83007,2026-07-01,9156,4856,1046,2103,2317,1605,1473,612,11.424,22.969,25.306,17.529,16.088,6.684,53.036,40.301
L83008,2026-07-01,29671,14455,4598,13006,7078,2549,1810,630,15.497,43.834,23.855,8.591,6.1,2.123,48.718,16.814
L83010,2026-07-01,7179,3758,1001,2191,2145,924,682,236,13.943,30.52,29.879,12.871,9.5,3.287,52.347,25.658
L83011,2026-07-01,8179,4310,777,1762,2059,1482,1464,635,9.5,21.543,25.174,18.12,17.899,7.764,52.696,43.783
L83012,2026-07-01,3237,1599,404,859,920,561,378,115,12.481,26.537,28.421,17.331,11.677,3.553,49.398,32.561
L83013,2026-07-01,15250,7723,2144,5197,3927,1773,1523,686,14.059,34.079,25.751,11.626,9.987,4.498,50.643,26.111
L83014,2026-07-01,20158,10247,2455,6016,5311,2920,2572,884,12.179,29.844,26.347,14.486,12.759,4.385,50.833,31.63
L83015,2026-07-01,8280,4243,1584,3434,1940,707,485,130,19.13,41.473,23.43,8.539,5.857,1.57,51.244,15.966
L83016,2026-07-01,38901,18912,2845,26625,4973,2054,1699,705,7.313,68.443,12.784,5.28,4.367,1.812,48.616,11.46
L83019,2026-07-01,9908,5136,1442,3625,2312,1284,1029,216,14.554,36.587,23.335,12.959,10.386,2.18,51.837,25.525
L83020,2026-07-01,12667,6533,1687,3540,3356,1816,1646,622,13.318,27.947,26.494,14.336,12.994,4.91,51.575,32.241
L83021,2026-07-01,10262,5382,1374,3037,2731,1297,1317,506,13.389,29.595,26.613,12.639,12.834,4.931,52.446,30.403
L83023,2026-07-01,5872,3045,792,1685,1654,907,625,209,13.488,28.696,28.168,15.446,10.644,3.559,51.856,29.649
L83024,2026-07-01,8631,4409,1124,3700,2121,863,610,213,13.023,42.869,24.574,9.999,7.068,2.468,51.083,19.534
L83025,2026-07-01,7676,3913,845,2083,2229,1305,935,279,11.008,27.137,29.039,17.001,12.181,3.635,50.977,32.817
L83026,2026-07-01,5236,2618,692,1482,1425,825,632,180,13.216,28.304,27.215,15.756,12.07,3.438,50.0,31.264
L83027,2026-07-01,7225,3309,994,2762,2039,782,488,160,13.758,38.228,28.221,10.824,6.754,2.215,45.799,19.792
L83028,2026-07-01,11384,5847,1948,4396,2873,1239,703,225,17.112,38.616,25.237,10.884,6.175,1.976,51.362,19.035
L83029,2026-07-01,8547,4330,1267,3241,2296,809,684,250,14.824,37.92,26.863,9.465,8.003,2.925,50.661,20.393
L83030,2026-07-01,10030,4723,1303,4956,2227,863,491,190,12.991,49.412,22.203,8.604,4.895,1.894,47.089,15.394
L83031,2026-07-01,12333,6432,1659,3632,3324,1764,1483,471,13.452,29.449,26.952,14.303,12.025,3.819,52.153,30.147
L83034,2026-07-01,9875,4963,1432,3507,2600,1121,859,356,14.501,35.514,26.329,11.352,8.699,3.605,50.258,23.656
L83035,2026-07-01,16778,8493,2513,5499,4534,2123,1589,520,14.978,32.775,27.023,12.653,9.471,3.099,50.62,25.224
L83036,2026-07-01,11948,6265,1733,3973,2981,1411,1318,532,14.505,33.252,24.95,11.81,11.031,4.453,52.436,27.293
L83038,2026-07-01,14054,7339,1824,4070,3937,2099,1613,511,12.979,28.96,28.013,14.935,11.477,3.636,52.22,30.048
L83039,2026-07-01,5637,2914,1060,2286,1311,528,326,126,18.804,40.553,23.257,9.367,5.783,2.235,51.694,17.385
L83040,2026-07-01,18470,9541,3762,7563,4248,1323,1095,479,20.368,40.947,22.999,7.163,5.929,2.593,51.657,15.685
L83041,2026-07-01,9136,4700,1355,2968,2470,1120,964,259,14.831,32.487,27.036,12.259,10.552,2.835,51.445,25.646
L83042,2026-07-01,9866,4961,1431,4195,2553,864,620,203,14.504,42.52,25.877,8.757,6.284,2.058,50.284,17.099
L83043,2026-07-01,14359,7483,1806,4193,4199,2070,1610,481,12.577,29.201,29.243,14.416,11.212,3.35,52.114,28.978
L83044,2026-07-01,8330,4178,1064,2212,2508,1228,981,337,12.773,26.555,30.108,14.742,11.777,4.046,50.156,30.564
L83045,2026-07-01,14952,7756,2034,4419,4004,2104,1726,665,13.604,29.555,26.779,14.072,11.544,4.448,51.873,30.063
L83046,2026-07-01,9558,4822,1425,3486,2472,1086,810,279,14.909,36.472,25.863,11.362,8.475,2.919,50.45,22.756
L83048,2026-07-01,10862,5740,1696,3581,2634,1377,1136,438,15.614,32.968,24.25,12.677,10.458,4.032,52.845,27.168
L83049,2026-07-01,3254,1674,337,810,972,552,455,128,10.356,24.892,29.871,16.964,13.983,3.934,51.444,34.88
L83050,2026-07-01,13272,6864,1567,3642,3706,1959,1773,625,11.807,27.441,27.923,14.76,13.359,4.709,51.718,32.829
L83051,2026-07-01,10303,5165,1448,3583,2731,1255,942,344,14.054,34.776,26.507,12.181,9.143,3.339,50.131,24.663
L83052,2026-07-01,12878,6471,1716,4555,3437,1533,1205,432,13.325,35.37,26.689,11.904,9.357,3.355,50.248,24.616
L83054,2026-07-01,5589,2902,535,1258,1465,913,986,432,9.572,22.508,26.212,16.336,17.642,7.729,51.923,41.707
L83055,2026-07-01,15569,8024,1613,4033,4335,2700,2149,739,10.36,25.904,27.844,17.342,13.803,4.747,51.538,35.892
L83056,2026-07-01,25903,13315,3364,7835,6837,3580,3078,1209,12.987,30.247,26.395,13.821,11.883,4.667,51.403,30.371
L83057,2026-07-01,7966,4150,1018,2170,2133,1230,1062,353,12.779,27.241,26.776,15.441,13.332,4.431,52.096,33.204
L83058,2026-07-01,7576,3731,982,3231,1954,681,528,200,12.962,42.648,25.792,8.989,6.969,2.64,49.248,18.598
L83059,2026-07-01,9994,5090,1291,3096,2707,1420,1061,419,12.918,30.979,27.086,14.209,10.616,4.193,50.931,29.017
L83064,2026-07-01,12641,6648,1838,4120,3236,1496,1321,630,14.54,32.592,25.599,11.835,10.45,4.984,52.591,27.268
L83066,2026-07-01,17486,8715,2445,7932,4119,1488,1064,438,13.983,45.362,23.556,8.51,6.085,2.505,49.84,17.099
L83067,2026-07-01,14966,7987,1378,3285,3772,2548,2759,1224,9.208,21.95,25.204,17.025,18.435,8.179,53.368,43.639
L83069,2026-07-01,15110,7631,1956,4311,4202,2361,1714,566,12.945,28.531,27.809,15.625,11.343,3.746,50.503,30.715
L83070,2026-07-01,5133,2562,706,1660,1460,622,537,148,13.754,32.34,28.443,12.118,10.462,2.883,49.912,25.463
L83071,2026-07-01,7916,3932,1040,3030,2219,831,569,227,13.138,38.277,28.032,10.498,7.188,2.868,49.672,20.553
L83072,2026-07-01,11476,5448,1537,5260,2788,1003,645,243,13.393,45.835,24.294,8.74,5.62,2.117,47.473,16.478
L83073,2026-07-01,19464,10130,2979,6900,4960,2201,1794,630,15.305,35.45,25.483,11.308,9.217,3.237,52.045,23.762
L83075,2026-07-01,6184,3246,870,1764,1790,903,651,206,14.069,28.525,28.946,14.602,10.527,3.331,52.49,28.461
L83076,2026-07-01,12078,5966,2142,5294,2754,1089,619,180,17.735,43.832,22.802,9.016,5.125,1.49,49.396,15.632
L83077,2026-07-01,7850,4112,1118,3547,1821,658,476,230,14.242,45.185,23.197,8.382,6.064,2.93,52.382,17.376
L83079,2026-07-01,9091,4651,1423,3337,2289,965,760,317,15.653,36.707,25.179,10.615,8.36,3.487,51.16,22.462
L83081,2026-07-01,6254,3154,821,1680,1738,906,818,291,13.128,26.863,27.79,14.487,13.08,4.653,50.432,32.219
L83082,2026-07-01,3305,1671,371,827,986,563,428,130,11.225,25.023,29.834,17.035,12.95,3.933,50.56,33.918
L83083,2026-07-01,15181,7645,2192,4944,3908,2023,1556,558,14.439,32.567,25.743,13.326,10.25,3.676,50.359,27.251
L83084,2026-07-01,7926,4127,1109,3068,2014,810,625,300,13.992,38.708,25.41,10.22,7.885,3.785,52.069,21.89
L83085,2026-07-01,18652,9508,2671,6407,4771,2307,1860,636,14.32,34.35,25.579,12.369,9.972,3.41,50.976,25.751
L83086,2026-07-01,5374,2783,754,1465,1491,861,645,158,14.031,27.261,27.745,16.022,12.002,2.94,51.786,30.964
L83087,2026-07-01,15285,7718,2256,5028,4012,1936,1488,565,14.76,32.895,26.248,12.666,9.735,3.696,50.494,26.097
L83088,2026-07-01,5266,2732,605,1374,1415,917,711,244,11.489,26.092,26.87,17.414,13.502,4.633,51.88,35.549
L83089,2026-07-01,13948,7321,2267,4936,3633,1540,1156,416,16.253,35.389,26.047,11.041,8.288,2.983,52.488,22.311
L83092,2026-07-01,16400,8341,2710,5494,4253,1924,1520,499,16.524,33.5,25.933,11.732,9.268,3.043,50.86,24.043
L83094,2026-07-01,8596,4372,963,2284,2350,1436,1128,435,11.203,26.57,27.338,16.705,13.122,5.06,50.861,34.888
L83095,2026-07-01,15933,8266,2200,4515,4498,2150,1919,651,13.808,28.337,28.231,13.494,12.044,4.086,51.88,29.624
L83096,2026-07-01,18004,9076,2191,5650,5152,2466,1942,603,12.17,31.382,28.616,13.697,10.786,3.349,50.411,27.833
L83097,2026-07-01,12791,6667,1959,3873,3691,1442,1317,509,15.315,30.279,28.856,11.274,10.296,3.979,52.123,25.549
L83098,2026-07-01,5484,2844,727,1526,1541,878,641,171,13.257,27.826,28.1,16.01,11.689,3.118,51.86,30.817
L83099,2026-07-01,5431,2680,709,2265,1381,508,423,145,13.055,41.705,25.428,9.354,7.789,2.67,49.346,19.812
L83100,2026-07-01,43286,22335,6624,15132,11312,4850,3914,1454,15.303,34.958,26.133,11.205,9.042,3.359,51.599,23.606
L83101,2026-07-01,14987,7770,1663,4186,4208,2295,1933,702,11.096,27.931,28.078,15.313,12.898,4.684,51.845,32.895
L83102,2026-07-01,7498,3927,817,1951,2184,1226,952,368,10.896,26.02,29.128,16.351,12.697,4.908,52.374,33.956
L83103,2026-07-01,16174,8188,2096,5227,4284,2054,1769,744,12.959,32.317,26.487,12.699,10.937,4.6,50.624,28.237
L83105,2026-07-01,6712,3438,889,1867,1822,1049,818,267,13.245,27.816,27.145,15.629,12.187,3.978,51.222,31.794
L83106,2026-07-01,9983,5175,1412,3250,2681,1343,993,304,14.144,32.555,26.856,13.453,9.947,3.045,51.838,26.445
L83111,2026-07-01,16076,8445,2082,5021,4292,2153,1848,680,12.951,31.233,26.698,13.393,11.495,4.23,52.532,29.118
L83112,2026-07-01,5978,2961,432,2481,1526,768,563,208,7.226,41.502,25.527,12.847,9.418,3.479,49.532,25.744
L83113,2026-07-01,7384,3842,1384,2980,1765,716,431,108,18.743,40.358,23.903,9.697,5.837,1.463,52.031,16.996
L83115,2026-07-01,4956,2562,990,2047,1129,387,291,112,19.976,41.303,22.78,7.809,5.872,2.26,51.695,15.94
L83116,2026-07-01,5366,2825,748,1507,1542,847,559,163,13.94,28.084,28.736,15.785,10.417,3.038,52.646,29.24
L83118,2026-07-01,17824,8842,2701,6547,4746,1905,1454,471,15.154,36.731,26.627,10.688,8.158,2.643,49.607,21.488
L83120,2026-07-01,22127,11410,2465,6076,6012,3580,2948,1046,11.14,27.46,27.17,16.179,13.323,4.727,51.566,34.23
L83127,2026-07-01,15824,8045,2292,5126,4243,2010,1597,556,14.484,32.394,26.814,12.702,10.092,3.514,50.84,26.308
L83128,2026-07-01,7621,3915,1195,2769,2020,829,599,209,15.68,36.334,26.506,10.878,7.86,2.742,51.371,21.48
L83129,2026-07-01,3049,1528,396,801,910,470,364,108,12.988,26.271,29.846,15.415,11.938,3.542,50.115,30.895
L83131,2026-07-01,24996,12672,3157,7949,6751,3373,2785,981,12.63,31.801,27.008,13.494,11.142,3.925,50.696,28.561
L83134,2026-07-01,4066,2128,516,1113,1203,565,488,181,12.691,27.373,29.587,13.896,12.002,4.452,52.336,30.349
L83136,2026-07-01,6083,3141,688,1831,1645,883,758,278,11.31,30.1,27.043,14.516,12.461,4.57,51.636,31.547
L83137,2026-07-01,12700,6518,1746,3773,3240,1933,1484,524,13.748,29.709,25.512,15.22,11.685,4.126,51.323,31.031
L83143,2026-07-01,4630,2275,787,1846,1237,401,281,78,16.998,39.87,26.717,8.661,6.069,1.685,49.136,16.415
L83146,2026-07-01,5109,2751,731,1600,1400,706,517,155,14.308,31.317,27.403,13.819,10.119,3.034,53.846,26.972
L83147,2026-07-01,14552,7248,1949,7335,3185,1096,736,251,13.393,50.405,21.887,7.532,5.058,1.725,49.808,14.314
L83148,2026-07-01,3711,1908,409,852,998,670,588,194,11.021,22.959,26.893,18.054,15.845,5.228,51.415,39.127
L83607,2026-07-01,5595,2791,940,1980,1533,620,406,116,16.801,35.389,27.399,11.081,7.256,2.073,49.884,20.411
L83616,2026-07-01,2463,1205,383,710,726,324,237,83,15.55,28.827,29.476,13.155,9.622,3.37,48.924,26.147
L83624,2026-07-01,7628,3664,1351,3192,1898,652,417,118,17.711,41.846,24.882,8.547,5.467,1.547,48.034,15.561
L83628,2026-07-01,6772,3612,870,2275,1814,833,725,255,12.847,33.594,26.787,12.301,10.706,3.766,53.337,26.772
L83639,2026-07-01,2896,1506,366,676,829,456,425,144,12.638,23.343,28.626,15.746,14.675,4.972,52.003,35.394
L83646,2026-07-01,9239,4607,1564,3934,2437,772,421,111,16.928,42.58,26.377,8.356,4.557,1.201,49.865,14.114
L83648,2026-07-01,22007,11487,2298,13139,3957,1342,937,334,10.442,59.704,17.981,6.098,4.258,1.518,52.197,11.873
L83651,2026-07-01,4470,2066,720,2195,1092,267,158,38,16.107,49.105,24.43,5.973,3.535,0.85,46.219,10.358
L83655,2026-07-01,7649,3835,1468,3731,1653,481,244,72,19.192,48.778,21.611,6.288,3.19,0.941,50.137,10.42
L83663,2026-07-01,2992,1497,372,733,869,508,388,122,12.433,24.499,29.044,16.979,12.968,4.078,50.033,34.024
L83666,2026-07-01,3937,1987,700,1536,976,400,248,77,17.78,39.014,24.79,10.16,6.299,1.956,50.47,18.415
L83673,2026-07-01,750,154,0,444,280,25,1,0,0.0,59.2,37.333,3.333,0.133,0.0,20.533,3.467
L84003,2026-07-01,11379,5557,1509,5890,2283,753,603,341,13.261,51.762,20.063,6.617,5.299,2.997,48.836,14.913
L84004,2026-07-01,7992,4089,1086,2217,2114,1193,1069,313,13.589,27.74,26.451,14.927,13.376,3.916,51.164,32.22
L84005,2026-07-01,8665,4522,1095,2286,2529,1225,1139,391,12.637,26.382,29.186,14.137,13.145,4.512,52.187,31.795
L84006,2026-07-01,6851,3542,835,2602,1682,883,619,230,12.188,37.98,24.551,12.889,9.035,3.357,51.7,25.281
L84007,2026-07-01,12398,6426,1822,4306,3581,1329,1025,335,14.696,34.731,28.884,10.719,8.267,2.702,51.831,21.689
L84008,2026-07-01,12373,6166,1918,5388,2839,1102,813,313,15.501,43.546,22.945,8.906,6.571,2.53,49.834,18.007
L84009,2026-07-01,19461,9989,3298,7347,5012,2011,1360,433,16.947,37.752,25.754,10.333,6.988,2.225,51.328,19.547
L84010,2026-07-01,10808,5478,1317,2982,3221,1579,1239,470,12.185,27.591,29.802,14.61,11.464,4.349,50.685,30.422
L84011,2026-07-01,8169,4241,1274,2859,1994,989,780,273,15.596,34.998,24.409,12.107,9.548,3.342,51.916,24.997
L84012,2026-07-01,24620,12812,3556,8368,6559,2942,2294,901,14.444,33.989,26.641,11.95,9.318,3.66,52.039,24.927
L84014,2026-07-01,8973,4588,1196,2795,2392,1094,1047,449,13.329,31.149,26.658,12.192,11.668,5.004,51.131,28.864
L84015,2026-07-01,10813,5525,1625,3402,3159,1164,1007,456,15.028,31.462,29.215,10.765,9.313,4.217,51.096,24.295
L84016,2026-07-01,6865,3469,929,2031,2129,866,681,229,13.532,29.585,31.012,12.615,9.92,3.336,50.532,25.87
L84018,2026-07-01,12626,6389,1623,4242,3437,1541,1274,509,12.854,33.597,27.222,12.205,10.09,4.031,50.602,26.327
L84021,2026-07-01,9136,4698,1331,2922,2559,1209,885,230,14.569,31.983,28.01,13.233,9.687,2.518,51.423,25.438
L84022,2026-07-01,7406,3557,1054,2710,2072,811,560,199,14.232,36.592,27.977,10.951,7.561,2.687,48.029,21.199
L84023,2026-07-01,13156,6616,1810,4435,3541,1628,1266,476,13.758,33.711,26.915,12.375,9.623,3.618,50.289,25.616
L84024,2026-07-01,4206,2130,554,1327,1205,583,417,120,13.172,31.55,28.65,13.861,9.914,2.853,50.642,26.629
L84025,2026-07-01,4623,2381,562,1107,1259,745,654,296,12.157,23.945,27.233,16.115,14.147,6.403,51.503,36.665
L84026,2026-07-01,32648,16109,5328,13558,7737,3022,2230,773,16.32,41.528,23.698,9.256,6.83,2.368,49.341,18.454
L84027,2026-07-01,18175,9219,2658,5800,5103,2317,1728,569,14.624,31.912,28.077,12.748,9.508,3.131,50.724,25.387
L84028,2026-07-01,11834,5949,1662,4103,3156,1456,1135,322,14.044,34.671,26.669,12.304,9.591,2.721,50.27,24.616
L84029,2026-07-01,16734,8441,2137,5146,4661,2384,1798,608,12.77,30.752,27.853,14.246,10.745,3.633,50.442,28.624
L84030,2026-07-01,18298,9032,2807,7633,4646,1655,1146,411,15.34,41.715,25.391,9.045,6.263,2.246,49.361,17.554
L84031,2026-07-01,5801,3055,684,1617,1653,839,713,295,11.791,27.875,28.495,14.463,12.291,5.085,52.663,31.839
L84033,2026-07-01,19239,9553,2870,6869,5254,2021,1510,715,14.918,35.704,27.309,10.505,7.849,3.716,49.654,22.07
L84034,2026-07-01,11893,5972,1890,4696,3184,1126,749,248,15.892,39.485,26.772,9.468,6.298,2.085,50.214,17.851
L84036,2026-07-01,11122,5742,1973,4108,2712,1063,877,389,17.74,36.936,24.384,9.558,7.885,3.498,51.627,20.94
L84037,2026-07-01,12037,6190,1755,3774,3067,1568,1416,457,14.58,31.353,25.48,13.027,11.764,3.797,51.425,28.587
L84038,2026-07-01,11264,5785,1566,3333,3226,1468,1214,457,13.903,29.59,28.64,13.033,10.778,4.057,51.358,27.868
L84039,2026-07-01,9010,4579,1241,3060,2615,1088,785,221,13.774,33.962,29.023,12.075,8.713,2.453,50.821,23.241
L84040,2026-07-01,12406,6413,1941,3631,3415,1556,1314,549,15.646,29.268,27.527,12.542,10.592,4.425,51.693,27.559
L84041,2026-07-01,13105,7269,1887,4867,3556,1353,994,448,14.399,37.138,27.135,10.324,7.585,3.419,55.467,21.328
L84043,2026-07-01,4874,2543,564,1286,1398,747,614,265,11.572,26.385,28.683,15.326,12.597,5.437,52.175,33.361
L84045,2026-07-01,7261,3707,987,2225,1996,1006,752,295,13.593,30.643,27.489,13.855,10.357,4.063,51.054,28.274
L84046,2026-07-01,5729,2824,872,1937,1531,689,501,199,15.221,33.81,26.724,12.027,8.745,3.474,49.293,24.245
L84047,2026-07-01,16759,8758,3043,6149,4063,1637,1323,544,18.157,36.691,24.244,9.768,7.894,3.246,52.258,20.908
L84048,2026-07-01,10274,5349,1615,3189,2616,1187,1193,474,15.719,31.04,25.462,11.553,11.612,4.614,52.063,27.779
L84049,2026-07-01,8466,4193,1207,3909,2023,640,494,193,14.257,46.173,23.896,7.56,5.835,2.28,49.528,15.674
L84050,2026-07-01,40647,20308,8054,18131,9360,2875,1656,571,19.815,44.606,23.028,7.073,4.074,1.405,49.962,12.552
L84051,2026-07-01,9990,5075,1569,3370,2819,1171,834,227,15.706,33.734,28.218,11.722,8.348,2.272,50.801,22.342
L84052,2026-07-01,10041,4963,1458,4667,2367,787,508,254,14.52,46.479,23.573,7.838,5.059,2.53,49.427,15.427
L84053,2026-07-01,7658,3931,1112,2164,2157,1031,908,286,14.521,28.258,28.167,13.463,11.857,3.735,51.332,29.055
L84054,2026-07-01,13948,7022,2129,4884,3789,1537,1195,414,15.264,35.016,27.165,11.02,8.568,2.968,50.344,22.555
L84058,2026-07-01,9111,4438,1372,3907,2135,815,649,233,15.059,42.882,23.433,8.945,7.123,2.557,48.71,18.626
L84059,2026-07-01,8108,4058,1224,3214,2003,786,611,270,15.096,39.64,24.704,9.694,7.536,3.33,50.049,20.56
L84060,2026-07-01,11118,5617,1612,3630,2890,1485,1115,386,14.499,32.65,25.994,13.357,10.029,3.472,50.522,26.857
L84063,2026-07-01,5024,2588,670,1496,1506,737,471,144,13.336,29.777,29.976,14.67,9.375,2.866,51.513,26.911
L84065,2026-07-01,8943,4564,1210,2805,2552,1205,855,316,13.53,31.365,28.536,13.474,9.561,3.533,51.034,26.568
L84067,2026-07-01,10063,5153,1843,3737,2499,1045,736,203,18.315,37.136,24.834,10.385,7.314,2.017,51.207,19.716
L84068,2026-07-01,5984,3199,861,1734,1625,845,680,239,14.388,28.977,27.156,14.121,11.364,3.994,53.459,29.479
L84072,2026-07-01,5110,2605,644,1536,1451,706,534,239,12.603,30.059,28.395,13.816,10.45,4.677,50.978,28.943
L84075,2026-07-01,9318,4728,1390,3243,2521,1018,817,329,14.917,34.804,27.055,10.925,8.768,3.531,50.741,23.224
L84077,2026-07-01,14416,7315,1991,4939,4002,1735,1255,494,13.811,34.261,27.761,12.035,8.706,3.427,50.742,24.168
L84080,2026-07-01,11515,5779,1849,4180,3016,1313,885,272,16.057,36.3,26.192,11.403,7.686,2.362,50.187,21.45
L84081,2026-07-01,4419,2133,678,1977,1082,336,234,112,15.343,44.739,24.485,7.604,5.295,2.535,48.269,15.433
L84084,2026-07-01,11711,5948,2389,4657,2710,1038,680,237,20.4,39.766,23.141,8.863,5.807,2.024,50.79,16.694
L84085,2026-07-01,3832,1869,592,1234,997,452,412,145,15.449,32.203,26.018,11.795,10.752,3.784,48.773,26.331
L84606,2026-07-01,12057,6145,1699,4165,3069,1501,1165,458,14.091,34.544,25.454,12.449,9.662,3.799,50.966,25.91
L84613,2026-07-01,3779,1927,617,1339,958,425,301,139,16.327,35.433,25.351,11.246,7.965,3.678,50.992,22.89
L84617,2026-07-01,8020,4121,1539,3384,2031,665,298,103,19.19,42.195,25.324,8.292,3.716,1.284,51.384,13.292
L85001,2026-07-01,17596,8896,2518,6732,4439,1853,1496,558,14.31,38.259,25.227,10.531,8.502,3.171,50.557,22.204
L85002,2026-07-01,11785,6134,1437,3586,3078,1614,1405,665,12.193,30.429,26.118,13.695,11.922,5.643,52.049,31.26
L85003,2026-07-01,3876,1987,377,903,1091,765,559,181,9.727,23.297,28.148,19.737,14.422,4.67,51.264,38.829
L85004,2026-07-01,28468,14593,3627,8194,7742,4171,3471,1263,12.741,28.783,27.195,14.652,12.193,4.437,51.261,31.281
L85006,2026-07-01,9977,5120,1593,3606,2741,1031,780,226,15.967,36.143,27.473,10.334,7.818,2.265,51.318,20.417
L85008,2026-07-01,29249,14781,4496,10427,7897,3159,2422,848,15.371,35.649,26.999,10.8,8.281,2.899,50.535,21.98
L85009,2026-07-01,10720,5557,1276,2857,2739,1832,1524,492,11.903,26.651,25.55,17.09,14.216,4.59,51.838,35.896
L85011,2026-07-01,8466,4343,1136,2511,2442,1037,988,352,13.418,29.66,28.845,12.249,11.67,4.158,51.299,28.077
L85012,2026-07-01,22531,11567,3394,7457,5773,2739,2341,827,15.064,33.097,25.622,12.157,10.39,3.67,51.338,26.217
L85013,2026-07-01,4200,2103,523,1169,1217,624,504,163,12.452,27.833,28.976,14.857,12.0,3.881,50.071,30.738
L85014,2026-07-01,13271,6493,2118,5458,3379,1266,760,290,15.96,41.127,25.462,9.54,5.727,2.185,48.926,17.452
L85015,2026-07-01,16246,8361,2641,6237,4024,1575,1318,451,16.256,38.391,24.769,9.695,8.113,2.776,51.465,20.584
L85016,2026-07-01,28196,14131,3515,8480,7505,4044,3407,1245,12.466,30.075,26.617,14.342,12.083,4.416,50.117,30.841
L85017,2026-07-01,10350,5227,1502,3837,2563,1089,955,404,14.512,37.072,24.763,10.522,9.227,3.903,50.502,23.652
L85018,2026-07-01,5103,2539,680,1540,1408,725,546,204,13.325,30.178,27.592,14.207,10.7,3.998,49.755,28.905
L85019,2026-07-01,10705,5294,1276,3466,2576,1427,1349,611,11.92,32.377,24.064,13.33,12.602,5.708,49.454,31.639
L85020,2026-07-01,11522,6070,1835,3422,3168,1402,1309,386,15.926,29.7,27.495,12.168,11.361,3.35,52.682,26.879
L85021,2026-07-01,14935,7803,2418,4893,3528,1745,1621,730,16.19,32.762,23.622,11.684,10.854,4.888,52.246,27.426
L85022,2026-07-01,13310,6654,2016,4697,3484,1432,1220,461,15.147,35.289,26.176,10.759,9.166,3.464,49.992,23.388
L85023,2026-07-01,17553,8913,3227,7560,3838,1418,1002,508,18.384,43.07,21.865,8.078,5.708,2.894,50.778,16.681
L85024,2026-07-01,11153,5671,1418,3295,3044,1725,1306,365,12.714,29.544,27.293,15.467,11.71,3.273,50.847,30.449
L85025,2026-07-01,13952,6852,2630,5785,3288,1125,853,271,18.85,41.464,23.567,8.063,6.114,1.942,49.111,16.12
L85026,2026-07-01,1,0,0,0,0,0,1,0,0.0,0.0,0.0,0.0,100.0,0.0,0.0,100.0
L85027,2026-07-01,8648,4362,1318,2884,2225,1103,842,276,15.241,33.349,25.728,12.754,9.736,3.191,50.439,25.682
L85029,2026-07-01,13017,6594,1798,4221,3618,1553,1314,513,13.813,32.427,27.794,11.931,10.094,3.941,50.657,25.966
L85030,2026-07-01,17920,8862,2514,5750,4635,2301,1998,722,14.029,32.087,25.865,12.84,11.15,4.029,49.453,28.019
L85031,2026-07-01,7552,3901,1052,2257,1912,1129,970,232,13.93,29.886,25.318,14.95,12.844,3.072,51.655,30.866
L85032,2026-07-01,5001,2523,642,1706,1445,636,434,138,12.837,34.113,28.894,12.717,8.678,2.759,50.45,24.155
L85033,2026-07-01,13952,7173,1688,3814,3857,2136,1853,604,12.099,27.337,27.645,15.31,13.281,4.329,51.412,32.92
L85034,2026-07-01,8512,4413,1147,2509,2303,1196,1007,350,13.475,29.476,27.056,14.051,11.83,4.112,51.844,29.993
L85035,2026-07-01,17308,8564,2913,6845,4231,1678,1218,423,16.83,39.548,24.445,9.695,7.037,2.444,49.48,19.176
L85036,2026-07-01,6179,3177,871,1914,1708,837,644,205,14.096,30.976,27.642,13.546,10.422,3.318,51.416,27.286
L85037,2026-07-01,4236,2188,503,1162,1239,620,552,160,11.874,27.432,29.249,14.636,13.031,3.777,51.653,31.445
L85038,2026-07-01,6887,3464,851,1934,2004,1033,787,278,12.357,28.082,29.098,14.999,11.427,4.037,50.298,30.463
L85039,2026-07-01,13730,6942,1885,4749,3574,1769,1348,405,13.729,34.588,26.031,12.884,9.818,2.95,50.561,25.652
L85040,2026-07-01,7038,3721,1031,2130,1876,958,751,292,14.649,30.264,26.655,13.612,10.671,4.149,52.87,28.431
L85042,2026-07-01,15453,7447,2391,6266,3899,1451,1083,363,15.473,40.549,25.231,9.39,7.008,2.349,48.191,18.747
L85043,2026-07-01,10888,5467,1637,3781,2942,1178,984,366,15.035,34.726,27.021,10.819,9.037,3.361,50.211,23.218
L85044,2026-07-01,6142,3107,759,1549,1706,1009,864,255,12.358,25.22,27.776,16.428,14.067,4.152,50.586,34.647
L85046,2026-07-01,6061,3101,920,1900,1731,734,592,184,15.179,31.348,28.56,12.11,9.767,3.036,51.163,24.913
L85047,2026-07-01,5955,3060,669,1874,1962,799,505,146,11.234,31.469,32.947,13.417,8.48,2.452,51.385,24.349
L85051,2026-07-01,7346,3510,1243,3052,1812,639,423,177,16.921,41.546,24.666,8.699,5.758,2.409,47.781,16.866
L85052,2026-07-01,7770,4044,998,2735,1987,964,803,283,12.844,35.199,25.573,12.407,10.335,3.642,52.046,26.384
L85053,2026-07-01,6368,3091,878,2152,1789,787,579,183,13.788,33.794,28.094,12.359,9.092,2.874,48.54,24.325
L85054,2026-07-01,9081,4782,1136,2591,2375,1396,1195,388,12.51,28.532,26.154,15.373,13.159,4.273,52.659,32.805
L85055,2026-07-01,9204,4688,1188,2694,2714,1294,1010,304,12.907,29.27,29.487,14.059,10.973,3.303,50.934,28.336
L85056,2026-07-01,7286,3592,1165,2743,1860,757,578,183,15.99,37.648,25.528,10.39,7.933,2.512,49.3,20.834
L85061,2026-07-01,4027,2011,605,1275,1052,569,378,148,15.024,31.661,26.124,14.13,9.387,3.675,49.938,27.191
L85062,2026-07-01,6370,3190,1034,2481,1603,722,391,139,16.232,38.948,25.165,11.334,6.138,2.182,50.078,19.655
L85064,2026-07-01,16467,8141,3107,7203,3878,1267,756,256,18.868,43.742,23.55,7.694,4.591,1.555,49.438,13.84
L85065,2026-07-01,8525,4491,768,1846,2282,1761,1380,488,9.009,21.654,26.768,20.657,16.188,5.724,52.68,42.569
L85066,2026-07-01,7799,4066,1258,2412,2024,1018,764,323,16.13,30.927,25.952,13.053,9.796,4.142,52.135,26.991
L85601,2026-07-01,3615,1855,386,940,1099,612,428,150,10.678,26.003,30.401,16.929,11.84,4.149,51.314,32.918
L85607,2026-07-01,5563,2711,1134,2440,1383,356,194,56,20.385,43.861,24.861,6.399,3.487,1.007,48.733,10.893
L85609,2026-07-01,5402,2754,939,1899,1330,596,472,166,17.382,35.154,24.621,11.033,8.738,3.073,50.981,22.843
L85611,2026-07-01,3167,1556,451,1119,911,375,241,70,14.241,35.333,28.765,11.841,7.61,2.21,49.132,21.661
L85624,2026-07-01,5343,2833,653,1387,1502,874,690,237,12.222,25.959,28.112,16.358,12.914,4.436,53.023,33.708
M81001,2026-07-01,17678,8924,3109,6927,4255,1785,1250,352,17.587,39.184,24.069,10.097,7.071,1.991,50.481,19.159
M81002,2026-07-01,14182,6907,2254,5924,3406,1339,959,300,15.893,41.771,24.016,9.442,6.762,2.115,48.703,18.319
M81004,2026-07-01,15762,7861,2247,5680,4136,1884,1375,440,14.256,36.036,26.24,11.953,8.724,2.792,49.873,23.468
M81005,2026-07-01,13939,7011,2403,5198,3569,1344,1120,305,17.239,37.291,25.604,9.642,8.035,2.188,50.298,19.865
M81006,2026-07-01,22103,11408,3193,9052,5828,1988,1470,572,14.446,40.954,26.367,8.994,6.651,2.588,51.613,18.233
M81007,2026-07-01,5686,2934,703,1616,1655,808,693,211,12.364,28.421,29.107,14.21,12.188,3.711,51.6,30.109
M81008,2026-07-01,20133,9888,2814,9350,4650,1574,1286,459,13.977,46.441,23.096,7.818,6.388,2.28,49.113,16.485
M81009,2026-07-01,5691,2848,754,1593,1527,902,668,247,13.249,27.992,26.832,15.85,11.738,4.34,50.044,31.928
M81010,2026-07-01,14665,7206,2427,5913,3593,1317,1071,344,16.55,40.32,24.501,8.981,7.303,2.346,49.137,18.629
M81011,2026-07-01,7558,3890,1111,2349,2140,1034,733,191,14.7,31.08,28.314,13.681,9.698,2.527,51.469,25.906
M81012,2026-07-01,13766,6990,1668,4165,3770,1862,1693,608,12.117,30.256,27.386,13.526,12.298,4.417,50.777,30.241
M81015,2026-07-01,9601,4957,1501,3184,2520,1050,957,389,15.634,33.163,26.247,10.936,9.968,4.052,51.63,24.956
M81016,2026-07-01,19317,9735,2725,6105,5157,2521,2086,723,14.107,31.604,26.697,13.051,10.799,3.743,50.396,27.592
M81017,2026-07-01,12319,6146,2306,5193,2935,1055,595,235,18.719,42.154,23.825,8.564,4.83,1.908,49.89,15.302
M81018,2026-07-01,6578,3413,767,1601,1830,1170,938,272,11.66,24.339,27.82,17.787,14.26,4.135,51.885,36.181
M81019,2026-07-01,16794,8341,2815,6390,4132,1779,1444,234,16.762,38.049,24.604,10.593,8.598,1.393,49.667,20.585
M81020,2026-07-01,11820,5785,2024,4847,2910,1011,757,271,17.124,41.007,24.619,8.553,6.404,2.293,48.942,17.25
M81021,2026-07-01,13206,6659,1956,4613,3794,1388,1096,359,14.811,34.931,28.729,10.51,8.299,2.718,50.424,21.528
M81022,2026-07-01,18132,9199,3028,7087,4691,1665,1221,440,16.7,39.086,25.871,9.183,6.734,2.427,50.734,18.343
M81024,2026-07-01,5146,2617,644,1337,1533,827,581,224,12.515,25.981,29.79,16.071,11.29,4.353,50.855,31.714
M81025,2026-07-01,5055,2558,728,1823,1337,603,411,153,14.402,36.063,26.449,11.929,8.131,3.027,50.603,23.086
M81026,2026-07-01,46724,23575,7514,18151,11764,4717,3269,1309,16.082,38.847,25.178,10.095,6.996,2.802,50.456,19.893
M81027,2026-07-01,9976,5172,1658,3339,2778,897,908,396,16.62,33.47,27.847,8.992,9.102,3.97,51.844,22.063
M81029,2026-07-01,8068,4228,819,1993,2153,1429,1223,451,10.151,24.703,26.686,17.712,15.159,5.59,52.405,38.461
M81032,2026-07-01,12457,6410,1695,4074,3333,1573,1226,556,13.607,32.705,26.756,12.627,9.842,4.463,51.457,26.933
M81033,2026-07-01,7493,3770,882,2163,2385,1080,758,225,11.771,28.867,31.83,14.413,10.116,3.003,50.314,27.532
M81034,2026-07-01,8723,4418,1208,2962,2231,1078,896,348,13.848,33.956,25.576,12.358,10.272,3.989,50.648,26.619
M81035,2026-07-01,14261,7249,2336,5691,3611,1347,937,339,16.38,39.906,25.321,9.445,6.57,2.377,50.831,18.393
M81037,2026-07-01,11665,5832,1569,4171,3227,1305,1040,353,13.45,35.757,27.664,11.187,8.916,3.026,49.996,23.129
M81038,2026-07-01,12414,6385,1436,3287,3573,1976,1544,598,11.568,26.478,28.782,15.918,12.438,4.817,51.434,33.172
M81039,2026-07-01,12053,6294,1605,3604,3278,1671,1358,537,13.316,29.901,27.197,13.864,11.267,4.455,52.219,29.586
M81040,2026-07-01,21817,11015,2925,6851,5822,2736,2540,943,13.407,31.402,26.686,12.541,11.642,4.322,50.488,28.505
M81041,2026-07-01,11133,5655,1779,3980,3047,1210,856,261,15.98,35.75,27.369,10.869,7.689,2.344,50.795,20.902
M81042,2026-07-01,9704,4892,1270,2619,2615,1502,1297,401,13.087,26.989,26.948,15.478,13.366,4.132,50.412,32.976
M81043,2026-07-01,8920,4574,1043,2180,2541,1592,1171,393,11.693,24.439,28.487,17.848,13.128,4.406,51.278,35.381
M81044,2026-07-01,11684,5844,1480,3693,3173,1693,1222,423,12.667,31.607,27.157,14.49,10.459,3.62,50.017,28.569
M81045,2026-07-01,5090,2590,639,1361,1541,805,570,174,12.554,26.739,30.275,15.815,11.198,3.418,50.884,30.432
M81046,2026-07-01,12059,6258,1524,3391,3202,1834,1560,548,12.638,28.12,26.553,15.209,12.936,4.544,51.895,32.689
M81047,2026-07-01,10673,5465,1861,3897,2587,1056,955,317,17.437,36.513,24.239,9.894,8.948,2.97,51.204,21.812
M81048,2026-07-01,9670,4872,1103,2689,2628,1654,1180,416,11.406,27.808,27.177,17.104,12.203,4.302,50.383,33.609
M81049,2026-07-01,11371,5676,1856,4040,3109,1106,897,363,16.322,35.529,27.341,9.726,7.888,3.192,49.916,20.807
M81054,2026-07-01,7151,3554,890,1918,1892,1191,919,341,12.446,26.821,26.458,16.655,12.851,4.769,49.699,34.275
M81055,2026-07-01,5806,2931,969,2154,1608,540,387,148,16.69,37.1,27.695,9.301,6.666,2.549,50.482,18.515
M81056,2026-07-01,12211,6027,1567,4322,3360,1326,1228,408,12.833,35.394,27.516,10.859,10.057,3.341,49.357,24.257
M81057,2026-07-01,15269,7585,1668,4090,4282,2389,2202,638,10.924,26.786,28.044,15.646,14.421,4.178,49.676,34.246
M81058,2026-07-01,10169,5129,1343,3445,2720,1199,1006,456,13.207,33.877,26.748,11.791,9.893,4.484,50.438,26.168
M81061,2026-07-01,8814,4505,1035,2613,2365,1346,1060,395,11.743,29.646,26.832,15.271,12.026,4.482,51.112,31.779
M81063,2026-07-01,14085,7049,2274,5633,3347,1310,1067,454,16.145,39.993,23.763,9.301,7.575,3.223,50.046,20.099
M81064,2026-07-01,8325,4313,1400,2714,2097,973,839,302,16.817,32.601,25.189,11.688,10.078,3.628,51.808,25.393
M81066,2026-07-01,8268,4154,1115,2771,2272,1000,802,308,13.486,33.515,27.479,12.095,9.7,3.725,50.242,25.52
M81067,2026-07-01,5778,2901,968,1812,1449,774,618,157,16.753,31.36,25.078,13.396,10.696,2.717,50.208,26.809
M81068,2026-07-01,15784,8126,2371,5373,4163,1701,1652,524,15.022,34.041,26.375,10.777,10.466,3.32,51.483,24.563
M81069,2026-07-01,9497,4813,1384,3260,2402,1088,949,414,14.573,34.327,25.292,11.456,9.993,4.359,50.679,25.808
M81070,2026-07-01,11598,5793,1828,4169,2965,1217,1003,416,15.761,35.946,25.565,10.493,8.648,3.587,49.948,22.728
M81072,2026-07-01,6883,3414,879,2669,1866,767,545,157,12.771,38.777,27.11,11.143,7.918,2.281,49.6,21.342
M81074,2026-07-01,11066,5603,1440,3445,2896,1492,1322,471,13.013,31.131,26.17,13.483,11.947,4.256,50.633,29.686
M81075,2026-07-01,12730,6425,1664,4292,3219,1595,1397,563,13.071,33.716,25.287,12.529,10.974,4.423,50.471,27.926
M81076,2026-07-01,3102,1616,391,679,885,536,454,157,12.605,21.889,28.53,17.279,14.636,5.061,52.095,36.976
M81077,2026-07-01,4865,2472,604,1393,1447,673,570,178,12.415,28.633,29.743,13.834,11.716,3.659,50.812,29.209
M81078,2026-07-01,6656,3391,943,1910,1940,916,694,253,14.168,28.696,29.147,13.762,10.427,3.801,50.947,27.99
M81081,2026-07-01,5707,2950,779,1783,1512,771,627,235,13.65,31.242,26.494,13.51,10.987,4.118,51.691,28.614
M81082,2026-07-01,15566,7899,2800,5804,4002,1627,1027,306,17.988,37.286,25.71,10.452,6.598,1.966,50.745,19.016
M81083,2026-07-01,5108,2576,697,1653,1308,636,557,257,13.645,32.361,25.607,12.451,10.904,5.031,50.431,28.387
M81084,2026-07-01,5860,2967,1030,2006,1557,643,501,123,17.577,34.232,26.57,10.973,8.549,2.099,50.631,21.621
M81090,2026-07-01,3425,1708,359,929,1042,501,446,148,10.482,27.124,30.423,14.628,13.022,4.321,49.869,31.971
M81091,2026-07-01,14126,7279,2092,4592,3885,1639,1351,567,14.81,32.507,27.502,11.603,9.564,4.014,51.529,25.181
M81092,2026-07-01,5567,2771,845,2083,1408,675,405,151,15.179,37.417,25.292,12.125,7.275,2.712,49.775,22.112
M81093,2026-07-01,10874,5520,2042,4229,2707,999,673,224,18.779,38.891,24.894,9.187,6.189,2.06,50.763,17.436
M81094,2026-07-01,9467,4798,1549,3319,2563,1027,723,286,16.362,35.059,27.073,10.848,7.637,3.021,50.681,21.506
M81600,2026-07-01,3971,2009,487,1096,1124,677,468,119,12.264,27.6,28.305,17.049,11.785,2.997,50.592,31.831
M81604,2026-07-01,6680,3394,869,1897,1961,977,723,253,13.009,28.398,29.356,14.626,10.823,3.787,50.808,29.237
M81605,2026-07-01,5595,2857,764,1769,1772,666,460,164,13.655,31.618,31.671,11.903,8.222,2.931,51.063,23.056
M81608,2026-07-01,4154,2150,580,1252,1176,554,434,158,13.962,30.14,28.31,13.337,10.448,3.804,51.757,27.588
M81616,2026-07-01,3403,1631,543,1314,842,426,218,60,15.957,38.613,24.743,12.518,6.406,1.763,47.928,20.688
M81617,2026-07-01,5334,2703,1016,2012,1397,526,306,77,19.048,37.72,26.19,9.861,5.737,1.444,50.675,17.042
M81627,2026-07-01,8375,4136,1309,3394,2242,717,534,179,15.63,40.525,26.77,8.561,6.376,2.137,49.385,17.075
M81629,2026-07-01,9873,5051,1176,3596,2547,1153,1010,391,11.911,36.423,25.798,11.678,10.23,3.96,51.16,25.869
M82002,2026-07-01,10001,5112,1522,3515,2650,1115,876,323,15.218,35.146,26.497,11.149,8.759,3.23,51.115,23.138
M82003,2026-07-01,24524,12097,4424,9825,5980,2188,1633,474,18.039,40.063,24.384,8.922,6.659,1.933,49.327,17.513
M82004,2026-07-01,19169,9633,2437,5437,5336,2705,2353,901,12.713,28.364,27.837,14.111,12.275,4.7,50.253,31.087
M82005,2026-07-01,9664,4941,1307,3104,2582,1265,987,419,13.524,32.119,26.718,13.09,10.213,4.336,51.128,27.639
M82006,2026-07-01,11388,5724,1578,4578,2745,1145,975,367,13.857,40.2,24.104,10.054,8.562,3.223,50.263,21.839
M82007,2026-07-01,15400,7896,2531,5608,4106,1614,1169,372,16.435,36.416,26.662,10.481,7.591,2.416,51.273,20.487
M82008,2026-07-01,7048,3618,579,1565,1931,1313,1159,501,8.215,22.205,27.398,18.629,16.444,7.108,51.334,42.182
M82009,2026-07-01,11621,5887,1920,4419,2913,1227,845,297,16.522,38.026,25.067,10.558,7.271,2.556,50.658,20.386
M82010,2026-07-01,17630,8921,2672,5784,4677,2072,1769,656,15.156,32.808,26.529,11.753,10.034,3.721,50.601,25.508
M82011,2026-07-01,4537,2306,706,1404,1230,593,444,160,15.561,30.946,27.11,13.07,9.786,3.527,50.827,26.383
M82012,2026-07-01,14034,7108,2662,5613,3482,1162,846,269,18.968,39.996,24.811,8.28,6.028,1.917,50.648,16.225
M82013,2026-07-01,2716,1301,299,779,780,431,320,107,11.009,28.682,28.719,15.869,11.782,3.94,47.901,31.591
M82014,2026-07-01,9585,5032,1202,2826,2522,1336,1210,489,12.54,29.484,26.312,13.938,12.624,5.102,52.499,31.664
M82016,2026-07-01,10626,5402,1439,3540,2597,1388,1147,515,13.542,33.315,24.44,13.062,10.794,4.847,50.838,28.703
M82017,2026-07-01,4571,2349,588,1238,1279,731,559,176,12.864,27.084,27.981,15.992,12.229,3.85,51.389,32.072
M82018,2026-07-01,7216,3634,1122,2306,1799,908,793,288,15.549,31.957,24.931,12.583,10.989,3.991,50.36,27.564
M82019,2026-07-01,8463,4333,897,2592,2327,1262,1063,322,10.599,30.627,27.496,14.912,12.561,3.805,51.199,31.277
M82020,2026-07-01,4200,2111,497,1197,1240,660,456,150,11.833,28.5,29.524,15.714,10.857,3.571,50.262,30.143
M82021,2026-07-01,8515,4482,1096,2304,2283,1229,1103,500,12.871,27.058,26.812,14.433,12.954,5.872,52.637,33.259
M82022,2026-07-01,13945,7258,2070,4734,3794,1630,1297,420,14.844,33.948,27.207,11.689,9.301,3.012,52.047,24.001
M82023,2026-07-01,7714,3983,1157,2569,2110,970,686,222,14.999,33.303,27.353,12.575,8.893,2.878,51.633,24.345
M82024,2026-07-01,3816,1932,452,993,1117,624,471,159,11.845,26.022,29.271,16.352,12.343,4.167,50.629,32.862
M82025,2026-07-01,21406,10740,2839,6811,5819,2925,2195,817,13.263,31.818,27.184,13.664,10.254,3.817,50.173,27.735
M82026,2026-07-01,13205,6665,1817,4563,3517,1580,1218,510,13.76,34.555,26.634,11.965,9.224,3.862,50.473,25.051
M82028,2026-07-01,14710,7435,1905,4522,4277,1771,1649,586,12.95,30.741,29.075,12.039,11.21,3.984,50.544,27.233
M82030,2026-07-01,10284,5209,1441,3075,2791,1460,1152,365,14.012,29.901,27.139,14.197,11.202,3.549,50.651,28.948
M82032,2026-07-01,16408,8153,2820,6525,4046,1659,977,381,17.187,39.767,24.659,10.111,5.954,2.322,49.689,18.387
M82033,2026-07-01,5668,2815,688,1554,1562,894,730,240,12.138,27.417,27.558,15.773,12.879,4.234,49.665,32.886
M82034,2026-07-01,7960,4081,895,2647,2211,1107,840,260,11.244,33.254,27.776,13.907,10.553,3.266,51.269,27.726
M82035,2026-07-01,12002,5997,1553,3826,3337,1634,1224,428,12.94,31.878,27.804,13.614,10.198,3.566,49.967,27.379
M82038,2026-07-01,14191,7256,2633,5308,3653,1293,964,340,18.554,37.404,25.742,9.111,6.793,2.396,51.131,18.3
M82039,2026-07-01,14845,7120,2360,5987,3562,1399,1107,430,15.898,40.33,23.995,9.424,7.457,2.897,47.962,19.778
M82040,2026-07-01,6446,3205,923,2446,1871,655,412,139,14.319,37.946,29.026,10.161,6.392,2.156,49.721,18.709
M82041,2026-07-01,7124,3544,872,1971,2102,1106,826,247,12.24,27.667,29.506,15.525,11.595,3.467,49.747,30.587
M82042,2026-07-01,6354,3118,1357,2696,1387,445,353,116,21.357,42.43,21.829,7.003,5.556,1.826,49.071,14.385
M82043,2026-07-01,7475,3775,898,2215,1927,1213,873,349,12.013,29.632,25.779,16.227,11.679,4.669,50.502,32.575
M82046,2026-07-01,3922,1955,579,1134,1008,598,469,134,14.763,28.914,25.701,15.247,11.958,3.417,49.847,30.622
M82047,2026-07-01,11143,5861,1771,3808,2839,1279,965,481,15.893,34.174,25.478,11.478,8.66,4.317,52.598,24.455
M82048,2026-07-01,6955,3584,1074,2541,1728,809,581,222,15.442,36.535,24.845,11.632,8.354,3.192,51.531,23.178
M82051,2026-07-01,4626,2373,626,1304,1277,711,546,162,13.532,28.188,27.605,15.37,11.803,3.502,51.297,30.674
M82056,2026-07-01,16193,8445,2197,6403,4169,1727,1315,382,13.568,39.542,25.746,10.665,8.121,2.359,52.152,21.145
M82057,2026-07-01,7491,3630,1322,3147,1910,692,348,72,17.648,42.01,25.497,9.238,4.646,0.961,48.458,14.844
M82058,2026-07-01,4173,2102,464,1228,1248,617,427,189,11.119,29.427,29.907,14.786,10.232,4.529,50.371,29.547
M82059,2026-07-01,17308,8946,2651,6187,4782,1952,1321,415,15.317,35.746,27.629,11.278,7.632,2.398,51.687,21.308
M82060,2026-07-01,9124,4766,1283,3071,2573,1027,837,333,14.062,33.658,28.2,11.256,9.174,3.65,52.236,24.079
M82601,2026-07-01,2415,1218,289,589,675,357,380,125,11.967,24.389,27.95,14.783,15.735,5.176,50.435,35.694
M82606,2026-07-01,5596,2831,773,1914,1852,646,343,68,13.813,34.203,33.095,11.544,6.129,1.215,50.59,18.888
M82616,2026-07-01,8623,4494,1413,3284,2284,880,604,158,16.386,38.084,26.487,10.205,7.005,1.832,52.116,19.042
M82620,2026-07-01,2945,1482,262,636,846,591,483,127,8.896,21.596,28.727,20.068,16.401,4.312,50.323,40.781
M83001,2026-07-01,12089,6100,2017,4322,3106,1367,999,278,16.685,35.752,25.693,11.308,8.264,2.3,50.459,21.871
M83004,2026-07-01,9239,4758,1084,2846,2483,1419,1025,382,11.733,30.804,26.875,15.359,11.094,4.135,51.499,30.588
M83005,2026-07-01,5509,2632,831,2086,1329,681,420,162,15.084,37.865,24.124,12.362,7.624,2.941,47.776,22.926
M83006,2026-07-01,31294,16060,4728,10370,8258,3493,3215,1230,15.108,33.137,26.388,11.162,10.274,3.93,51.32,25.366
M83007,2026-07-01,8260,4053,1374,3373,2175,695,474,169,16.634,40.835,26.332,8.414,5.738,2.046,49.068,16.199
M83009,2026-07-01,10606,5355,1424,2981,3003,1443,1306,449,13.426,28.107,28.314,13.606,12.314,4.233,50.49,30.153
M83010,2026-07-01,10645,5187,2329,4927,2176,702,375,136,21.879,46.285,20.442,6.595,3.523,1.278,48.727,11.395
M83011,2026-07-01,7969,4071,1050,2545,2126,1046,890,312,13.176,31.936,26.678,13.126,11.168,3.915,51.085,28.209
M83012,2026-07-01,8205,4129,1127,2699,2199,1010,857,313,13.736,32.895,26.801,12.31,10.445,3.815,50.323,26.569
M83013,2026-07-01,4720,2407,534,1203,1470,686,636,191,11.314,25.487,31.144,14.534,13.475,4.047,50.996,32.055
M83014,2026-07-01,9989,4947,1770,4149,2482,784,560,244,17.719,41.536,24.847,7.849,5.606,2.443,49.524,15.897
M83015,2026-07-01,8943,4555,1220,2633,2592,1168,983,347,13.642,29.442,28.984,13.06,10.992,3.88,50.934,27.932
M83016,2026-07-01,7425,3822,1083,2407,1786,1084,808,257,14.586,32.418,24.054,14.599,10.882,3.461,51.475,28.943
M83017,2026-07-01,5160,2588,710,1491,1411,789,599,160,13.76,28.895,27.345,15.291,11.609,3.101,50.155,30.0
M83018,2026-07-01,8828,4535,1299,2740,2359,1179,868,383,14.715,31.038,26.722,13.355,9.832,4.338,51.371,27.526
M83020,2026-07-01,9456,4796,1254,2936,2735,1181,993,357,13.261,31.049,28.923,12.489,10.501,3.775,50.719,26.766
M83021,2026-07-01,10217,5061,1818,4038,2550,936,679,196,17.794,39.522,24.958,9.161,6.646,1.918,49.535,17.725
M83022,2026-07-01,7877,4059,938,2105,2222,1216,1060,336,11.908,26.723,28.209,15.437,13.457,4.266,51.53,33.16
M83023,2026-07-01,9270,4633,1271,3145,2473,1167,932,282,13.711,33.927,26.677,12.589,10.054,3.042,49.978,25.685
M83024,2026-07-01,11730,5948,1914,4876,2875,1063,738,264,16.317,41.569,24.51,9.062,6.292,2.251,50.708,17.604
M83025,2026-07-01,5853,2849,662,2045,1613,726,577,230,11.31,34.939,27.559,12.404,9.858,3.93,48.676,26.192
M83026,2026-07-01,16654,8437,3791,7299,3546,1054,688,276,22.763,43.827,21.292,6.329,4.131,1.657,50.661,12.117
M83027,2026-07-01,11167,5732,1834,4116,3029,1177,757,254,16.423,36.859,27.125,10.54,6.779,2.275,51.33,19.593
M83028,2026-07-01,10798,5378,1880,4240,2682,1047,741,208,17.411,39.267,24.838,9.696,6.862,1.926,49.806,18.485
M83030,2026-07-01,13648,6886,2041,4703,3736,1459,1248,461,14.955,34.459,27.374,10.69,9.144,3.378,50.454,23.212
M83031,2026-07-01,6321,3287,880,1809,1688,829,773,342,13.922,28.619,26.705,13.115,12.229,5.411,52.001,30.755
M83032,2026-07-01,14131,7124,2152,5257,3831,1480,1068,343,15.229,37.202,27.111,10.473,7.558,2.427,50.414,20.459
M83033,2026-07-01,7071,3493,1154,2788,1760,671,512,186,16.32,39.429,24.89,9.489,7.241,2.63,49.399,19.361
M83034,2026-07-01,11753,5995,1787,4298,2949,1306,977,436,15.205,36.569,25.091,11.112,8.313,3.71,51.008,23.135
M83035,2026-07-01,7795,4022,1226,2557,2091,948,719,254,15.728,32.803,26.825,12.162,9.224,3.258,51.597,24.644
M83036,2026-07-01,8774,4430,1551,3236,2196,873,680,238,17.677,36.882,25.028,9.95,7.75,2.713,50.49,20.413
M83037,2026-07-01,8463,4299,1190,2697,2463,1058,782,273,14.061,31.868,29.103,12.501,9.24,3.226,50.798,24.968
M83038,2026-07-01,10275,5206,1569,3418,2672,1257,927,432,15.27,33.265,26.005,12.234,9.022,4.204,50.667,25.46
M83042,2026-07-01,9665,4965,1289,3132,2587,1317,958,382,13.337,32.406,26.767,13.626,9.912,3.952,51.371,27.491
M83044,2026-07-01,13242,6694,2302,5508,3016,1212,862,342,17.384,41.595,22.776,9.153,6.51,2.583,50.551,18.245
M83045,2026-07-01,10691,5497,1542,3300,2870,1348,1254,377,14.423,30.867,26.845,12.609,11.729,3.526,51.417,27.865
M83046,2026-07-01,9692,4967,1245,3045,2699,1272,1098,333,12.846,31.418,27.848,13.124,11.329,3.436,51.248,27.889
M83047,2026-07-01,6801,3292,1150,2456,1706,751,566,172,16.909,36.112,25.085,11.042,8.322,2.529,48.405,21.894
M83048,2026-07-01,9915,4961,1621,3518,2692,1027,843,214,16.349,35.482,27.151,10.358,8.502,2.158,50.035,21.019
M83049,2026-07-01,8865,4405,1358,3181,2340,910,786,290,15.319,35.883,26.396,10.265,8.866,3.271,49.69,22.403
M83050,2026-07-01,9805,4769,1375,3730,2568,986,814,332,14.023,38.042,26.191,10.056,8.302,3.386,48.638,21.744
M83051,2026-07-01,12519,6231,1985,4894,3192,1247,917,284,15.856,39.093,25.497,9.961,7.325,2.269,49.772,19.554
M83052,2026-07-01,22487,11217,3817,8323,5925,2099,1717,606,16.974,37.012,26.349,9.334,7.636,2.695,49.882,19.665
M83054,2026-07-01,10518,5338,1441,3640,2984,1279,890,284,13.7,34.607,28.37,12.16,8.462,2.7,50.751,23.322
M83056,2026-07-01,10969,5577,1474,3799,3039,1262,1018,377,13.438,34.634,27.705,11.505,9.281,3.437,50.843,24.223
M83057,2026-07-01,10110,5131,1470,3740,2742,1016,836,306,14.54,36.993,27.122,10.049,8.269,3.027,50.752,21.345
M83059,2026-07-01,3717,1877,423,996,1126,581,451,140,11.38,26.796,30.293,15.631,12.133,3.766,50.498,31.531
M83061,2026-07-01,8007,4056,1126,2664,2160,877,876,304,14.063,33.271,26.976,10.953,10.94,3.797,50.656,25.69
M83062,2026-07-01,12783,6427,1869,4681,3295,1337,1179,422,14.621,36.619,25.776,10.459,9.223,3.301,50.278,22.984
M83063,2026-07-01,3816,1943,639,1488,1019,378,225,67,16.745,38.994,26.703,9.906,5.896,1.756,50.917,17.558
M83065,2026-07-01,7230,3683,1016,2062,2208,908,797,239,14.053,28.52,30.539,12.559,11.024,3.306,50.941,26.888
M83066,2026-07-01,7763,3915,1324,3132,1925,705,519,158,17.055,40.345,24.797,9.082,6.686,2.035,50.432,17.802
M83067,2026-07-01,7922,3890,1125,3364,2005,770,438,220,14.201,42.464,25.309,9.72,5.529,2.777,49.104,18.026
M83068,2026-07-01,14680,7299,2747,5732,3653,1326,962,260,18.713,39.046,24.884,9.033,6.553,1.771,49.721,17.357
M83069,2026-07-01,15948,8121,2396,5332,4254,1892,1533,541,15.024,33.434,26.674,11.864,9.612,3.392,50.922,24.868
M83070,2026-07-01,8149,3962,944,2600,2314,1101,915,275,11.584,31.906,28.396,13.511,11.228,3.375,48.619,28.114
M83071,2026-07-01,11456,5730,1525,3738,3083,1501,1197,412,13.312,32.629,26.912,13.102,10.449,3.596,50.017,27.147
M83072,2026-07-01,11388,5683,1498,3595,2982,1518,1347,448,13.154,31.568,26.185,13.33,11.828,3.934,49.903,29.092
M83073,2026-07-01,8963,4426,1411,3256,2370,970,699,257,15.742,36.327,26.442,10.822,7.799,2.867,49.381,21.488
M83074,2026-07-01,14217,7105,1959,5076,3931,1633,1213,405,13.779,35.704,27.65,11.486,8.532,2.849,49.975,22.867
M83075,2026-07-01,20239,9034,3930,10986,3685,928,524,186,19.418,54.281,18.207,4.585,2.589,0.919,44.637,8.093
M83076,2026-07-01,8010,3577,999,4416,1532,578,344,141,12.472,55.131,19.126,7.216,4.295,1.76,44.657,13.271
M83079,2026-07-01,9538,4861,1397,3059,2668,1133,956,325,14.647,32.072,27.972,11.879,10.023,3.407,50.965,25.309
M83084,2026-07-01,6573,3342,898,2206,1737,809,708,215,13.662,33.562,26.426,12.308,10.771,3.271,50.844,26.35
M83088,2026-07-01,14865,7448,2095,5164,3978,1760,1391,477,14.094,34.739,26.761,11.84,9.358,3.209,50.104,24.406
M83089,2026-07-01,10758,5388,1513,3430,2894,1348,1185,388,14.064,31.883,26.901,12.53,11.015,3.607,50.084,27.152
M83090,2026-07-01,5247,2491,766,1873,1289,623,548,148,14.599,35.697,24.566,11.873,10.444,2.821,47.475,25.138
M83092,2026-07-01,8628,4395,1164,2382,2485,1272,992,333,13.491,27.608,28.802,14.743,11.497,3.86,50.939,30.1
M83093,2026-07-01,6579,3374,1008,2083,1718,803,601,366,15.321,31.661,26.113,12.206,9.135,5.563,51.284,26.904
M83094,2026-07-01,14481,7242,2457,5547,3621,1425,1051,380,16.967,38.305,25.005,9.84,7.258,2.624,50.01,19.722
M83096,2026-07-01,5170,2527,634,1663,1458,633,573,209,12.263,32.166,28.201,12.244,11.083,4.043,48.878,27.369
M83097,2026-07-01,9172,4790,1454,3243,2403,1004,775,293,15.853,35.358,26.199,10.946,8.45,3.195,52.224,22.59
M83100,2026-07-01,4223,2152,645,1483,1057,486,385,167,15.274,35.117,25.03,11.508,9.117,3.955,50.959,24.58
M83102,2026-07-01,7404,3826,1497,3070,1679,638,377,143,20.219,41.464,22.677,8.617,5.092,1.931,51.675,15.64
M83103,2026-07-01,4865,2465,690,1533,1288,627,570,157,14.183,31.511,26.475,12.888,11.716,3.227,50.668,27.831
M83107,2026-07-01,6666,3320,1078,2484,1685,732,498,189,16.172,37.264,25.278,10.981,7.471,2.835,49.805,21.287
M83108,2026-07-01,7952,4084,1196,2662,2168,952,745,229,15.04,33.476,27.264,11.972,9.369,2.88,51.358,24.22
M83109,2026-07-01,3946,2048,632,1450,1002,418,332,112,16.016,36.746,25.393,10.593,8.414,2.838,51.901,21.845
M83110,2026-07-01,18037,9098,3269,7391,4178,1729,1216,254,18.124,40.977,23.163,9.586,6.742,1.408,50.441,17.736
M83111,2026-07-01,2416,1123,339,996,582,245,204,50,14.031,41.225,24.089,10.141,8.444,2.07,46.482,20.654
M83113,2026-07-01,1122,495,180,550,314,58,18,2,16.043,49.02,27.986,5.169,1.604,0.178,44.118,6.952
M83117,2026-07-01,8156,4008,1307,3112,2066,978,554,139,16.025,38.156,25.331,11.991,6.793,1.704,49.142,20.488
M83121,2026-07-01,5872,2957,710,1682,1614,864,755,247,12.091,28.644,27.486,14.714,12.858,4.206,50.358,31.778
M83122,2026-07-01,3087,1504,411,890,924,482,294,86,13.314,28.831,29.932,15.614,9.524,2.786,48.72,27.924
M83123,2026-07-01,10280,5135,1880,4361,2405,945,524,165,18.288,42.422,23.395,9.193,5.097,1.605,49.951,15.895
M83125,2026-07-01,3493,1731,395,982,1119,500,366,131,11.308,28.113,32.035,14.314,10.478,3.75,49.556,28.543
M83126,2026-07-01,9463,4950,1652,3702,2269,953,655,232,17.457,39.121,23.978,10.071,6.922,2.452,52.309,19.444
M83127,2026-07-01,6697,3295,1602,3125,1360,347,193,70,23.921,46.663,20.308,5.181,2.882,1.045,49.201,9.109
M83129,2026-07-01,10707,5487,1789,3860,2822,1184,740,312,16.709,36.051,26.357,11.058,6.911,2.914,51.247,20.884
M83130,2026-07-01,4279,2140,596,1598,1159,417,380,129,13.928,37.345,27.086,9.745,8.881,3.015,50.012,21.641
M83132,2026-07-01,5652,2840,848,1973,1410,837,476,108,15.004,34.908,24.947,14.809,8.422,1.911,50.248,25.142
M83138,2026-07-01,6884,3423,1009,2406,1759,917,584,209,14.657,34.951,25.552,13.321,8.483,3.036,49.724,24.84
M83139,2026-07-01,4961,2514,725,1850,1367,534,394,91,14.614,37.291,27.555,10.764,7.942,1.834,50.675,20.54
M83140,2026-07-01,4952,2534,841,1888,1176,535,355,157,16.983,38.126,23.748,10.804,7.169,3.17,51.171,21.143
M83141,2026-07-01,9500,4827,1490,3289,2454,1086,855,326,15.684,34.621,25.832,11.432,9.0,3.432,50.811,23.863
M83143,2026-07-01,5326,2678,958,2188,1250,507,314,109,17.987,41.081,23.47,9.519,5.896,2.047,50.282,17.462
M83146,2026-07-01,12751,6389,2471,5322,2994,1022,660,282,19.379,41.738,23.481,8.015,5.176,2.212,50.106,15.403
M83148,2026-07-01,14232,7233,2334,5523,3770,1310,940,355,16.4,38.807,26.49,9.205,6.605,2.494,50.822,18.304
M83601,2026-07-01,5916,3048,777,1640,1554,765,817,363,13.134,27.721,26.268,12.931,13.81,6.136,51.521,32.877
M83608,2026-07-01,5397,2757,800,1850,1454,538,579,176,14.823,34.278,26.941,9.969,10.728,3.261,51.084,23.958
M83616,2026-07-01,5205,2522,755,2156,1410,474,304,106,14.505,41.422,27.089,9.107,5.841,2.037,48.453,16.984
M83617,2026-07-01,24520,12608,3957,8748,6580,2316,2263,656,16.138,35.677,26.835,9.445,9.229,2.675,51.419,21.35
M83619,2026-07-01,3579,1741,503,1548,910,316,214,88,14.054,43.252,25.426,8.829,5.979,2.459,48.645,17.267
M83624,2026-07-01,4406,2204,788,1693,1121,424,300,80,17.885,38.425,25.443,9.623,6.809,1.816,50.023,18.248
M83625,2026-07-01,11418,5379,1969,5089,2544,1057,574,185,17.245,44.57,22.281,9.257,5.027,1.62,47.11,15.905
M83627,2026-07-01,8071,3655,1825,3752,1735,415,253,91,22.612,46.487,21.497,5.142,3.135,1.127,45.286,9.404
M83632,2026-07-01,5487,2797,894,1950,1430,582,465,166,16.293,35.539,26.062,10.607,8.475,3.025,50.975,22.107
M83637,2026-07-01,4964,2427,872,2050,1256,411,286,89,17.566,41.297,25.302,8.28,5.761,1.793,48.892,15.834
M83638,2026-07-01,13966,7304,2246,5060,3812,1483,1063,302,16.082,36.231,27.295,10.619,7.611,2.162,52.298,20.392
M83640,2026-07-01,2714,1341,297,733,849,392,344,99,10.943,27.008,31.282,14.444,12.675,3.648,49.41,30.766
M83641,2026-07-01,1946,940,280,704,502,213,175,72,14.388,36.177,25.797,10.946,8.993,3.7,48.304,23.638
M83650,2026-07-01,13833,6869,3043,6060,2996,932,616,186,21.998,43.808,21.658,6.738,4.453,1.345,49.657,12.535
M83661,2026-07-01,6908,3365,1345,2915,1642,572,335,99,19.47,42.197,23.77,8.28,4.849,1.433,48.712,14.563
M83668,2026-07-01,5385,2795,904,1941,1305,671,408,156,16.787,36.045,24.234,12.461,7.577,2.897,51.903,22.934
M83670,2026-07-01,6258,3521,414,4776,640,229,143,56,6.616,76.318,10.227,3.659,2.285,0.895,56.264,6.839
M83680,2026-07-01,7374,3829,1224,2798,1866,805,498,183,16.599,37.944,25.305,10.917,6.753,2.482,51.926,20.152
M83681,2026-07-01,10996,5022,2165,5387,2444,533,314,153,19.689,48.991,22.226,4.847,2.856,1.391,45.671,9.094
M83682,2026-07-01,5942,2826,1091,2412,1513,507,330,89,18.361,40.592,25.463,8.532,5.554,1.498,47.56,15.584
M83693,2026-07-01,7080,3549,1428,2931,1763,578,326,54,20.169,41.398,24.901,8.164,4.605,0.763,50.127,13.531
M83697,2026-07-01,3803,1885,750,1689,806,255,187,116,19.721,44.412,21.194,6.705,4.917,3.05,49.566,14.673
M83698,2026-07-01,3198,1609,434,1046,850,308,362,198,13.571,32.708,26.579,9.631,11.32,6.191,50.313,27.142
M83701,2026-07-01,4557,2315,731,1682,1124,487,384,149,16.041,36.91,24.665,10.687,8.427,3.27,50.801,22.383
M83703,2026-07-01,5798,2963,918,2092,1580,596,485,127,15.833,36.081,27.251,10.279,8.365,2.19,51.104,20.835
M83709,2026-07-01,6076,3080,922,2090,1720,734,450,160,15.174,34.398,28.308,12.08,7.406,2.633,50.691,22.12
M83711,2026-07-01,4311,2265,671,1427,1151,501,407,154,15.565,33.101,26.699,11.621,9.441,3.572,52.54,24.635
M83713,2026-07-01,5483,2743,978,2196,1256,531,389,133,17.837,40.051,22.907,9.684,7.095,2.426,50.027,19.205
M83715,2026-07-01,5002,2541,824,1827,1329,582,335,105,16.473,36.525,26.569,11.635,6.697,2.099,50.8,20.432
M83717,2026-07-01,3524,1780,613,1369,917,300,268,57,17.395,38.848,26.022,8.513,7.605,1.617,50.511,17.736
M83718,2026-07-01,3853,1870,665,1712,886,312,204,74,17.259,44.433,22.995,8.098,5.295,1.921,48.534,15.313
M83719,2026-07-01,4365,2159,687,1599,1179,509,295,96,15.739,36.632,27.01,11.661,6.758,2.199,49.462,20.619
M83723,2026-07-01,23276,11565,4062,9360,5695,2100,1498,561,17.451,40.213,24.467,9.022,6.436,2.41,49.686,17.868
M83725,2026-07-01,4087,2030,900,1824,850,294,174,45,22.021,44.629,20.798,7.194,4.257,1.101,49.67,12.552
M83727,2026-07-01,4358,2171,703,1560,1066,541,366,122,16.131,35.796,24.461,12.414,8.398,2.799,49.816,23.612
M83738,2026-07-01,6996,3596,966,2487,1814,817,686,226,13.808,35.549,25.929,11.678,9.806,3.23,51.401,24.714
M84001,2026-07-01,13198,6671,1963,4856,3422,1389,1132,436,14.873,36.793,25.928,10.524,8.577,3.304,50.546,22.405
M84002,2026-07-01,8391,4277,1289,2842,2223,913,790,334,15.362,33.87,26.493,10.881,9.415,3.98,50.971,24.276
M84003,2026-07-01,9721,4835,1739,3720,2294,999,739,230,17.889,38.268,23.598,10.277,7.602,2.366,49.738,20.245
M84004,2026-07-01,21333,10596,3941,8945,4989,1648,1347,463,18.474,41.93,23.386,7.725,6.314,2.17,49.67,16.21
M84005,2026-07-01,5144,2567,959,2027,1287,481,324,66,18.643,39.405,25.019,9.351,6.299,1.283,49.903,16.932
M84006,2026-07-01,10557,5346,1525,3682,2730,1358,994,268,14.445,34.877,25.86,12.864,9.416,2.539,50.639,24.818
M84007,2026-07-01,13438,6817,2137,4957,3462,1334,1156,392,15.903,36.888,25.763,9.927,8.602,2.917,50.729,21.447
M84008,2026-07-01,7785,3892,1337,2897,2139,791,502,119,17.174,37.213,27.476,10.161,6.448,1.529,49.994,18.137
M84009,2026-07-01,5212,2582,694,1454,1633,757,520,154,13.315,27.897,31.332,14.524,9.977,2.955,49.54,27.456
M84010,2026-07-01,10466,5184,1592,4312,2554,933,809,266,15.211,41.2,24.403,8.915,7.73,2.542,49.532,19.186
M84011,2026-07-01,21492,10978,3565,7946,5382,2198,1825,576,16.588,36.972,25.042,10.227,8.492,2.68,51.079,21.399
M84012,2026-07-01,17438,8916,3226,6878,4356,1525,990,463,18.5,39.443,24.98,8.745,5.677,2.655,51.13,17.078
M84013,2026-07-01,12919,6556,1793,4182,3490,1506,1370,578,13.879,32.371,27.014,11.657,10.605,4.474,50.747,26.736
M84014,2026-07-01,9331,4636,966,2948,2696,1154,1088,479,10.353,31.594,28.893,12.367,11.66,5.133,49.684,29.161
M84015,2026-07-01,14383,6765,2356,6063,3650,1172,806,336,16.38,42.154,25.377,8.149,5.604,2.336,47.035,16.088
M84016,2026-07-01,4551,2237,617,1529,1202,542,518,143,13.557,33.597,26.412,11.909,11.382,3.142,49.154,26.434
M84017,2026-07-01,14210,7119,1949,5784,3676,1179,1123,499,13.716,40.704,25.869,8.297,7.903,3.512,50.099,19.711
M84018,2026-07-01,14319,7298,2024,4331,4091,1971,1459,443,14.135,30.247,28.57,13.765,10.189,3.094,50.967,27.048
M84019,2026-07-01,17069,8642,2657,5993,4528,1900,1476,515,15.566,35.11,26.528,11.131,8.647,3.017,50.63,22.796
M84020,2026-07-01,14257,7021,2401,5496,3692,1247,1055,366,16.841,38.549,25.896,8.747,7.4,2.567,49.246,18.714
M84021,2026-07-01,16847,8606,2312,5774,4437,1957,1647,720,13.724,34.273,26.337,11.616,9.776,4.274,51.083,25.666
M84022,2026-07-01,8467,4215,1310,3372,2157,849,588,191,15.472,39.825,25.475,10.027,6.945,2.256,49.782,19.228
M84023,2026-07-01,20096,9804,3421,8056,5552,1565,1068,434,17.023,40.088,27.627,7.788,5.314,2.16,48.786,15.262
M84024,2026-07-01,6567,3406,720,1769,1856,971,883,368,10.964,26.938,28.263,14.786,13.446,5.604,51.865,33.836
M84025,2026-07-01,11912,6060,1594,3478,3275,1658,1375,532,13.381,29.197,27.493,13.919,11.543,4.466,50.873,29.928
M84026,2026-07-01,7106,3577,991,2397,1889,849,716,264,13.946,33.732,26.583,11.948,10.076,3.715,50.338,25.739
M84028,2026-07-01,18837,9328,2681,7304,4837,2010,1498,507,14.233,38.775,25.678,10.67,7.952,2.692,49.52,21.314
M84029,2026-07-01,8124,4106,1346,2956,2144,731,664,283,16.568,36.386,26.391,8.998,8.173,3.484,50.542,20.655
M84030,2026-07-01,13360,6801,1954,4341,3535,1633,1387,510,14.626,32.493,26.46,12.223,10.382,3.817,50.906,26.422
M84031,2026-07-01,7818,3922,1206,2801,2136,847,627,201,15.426,35.828,27.322,10.834,8.02,2.571,50.166,21.425
M84032,2026-07-01,14653,6920,2519,7365,3081,829,621,238,17.191,50.263,21.026,5.658,4.238,1.624,47.226,11.52
M84035,2026-07-01,12032,5982,2063,4950,3110,941,661,307,17.146,41.14,25.848,7.821,5.494,2.552,49.717,15.866
M84036,2026-07-01,16038,8065,2495,5558,4225,1719,1465,576,15.557,34.655,26.344,10.718,9.135,3.591,50.287,23.444
M84037,2026-07-01,11927,6021,2004,4088,3101,1301,1049,384,16.802,34.275,26.0,10.908,8.795,3.22,50.482,22.923
M84040,2026-07-01,10122,4815,1124,4424,2514,990,748,322,11.105,43.707,24.837,9.781,7.39,3.181,47.57,20.352
M84041,2026-07-01,7389,3628,1285,3201,1622,668,458,155,17.391,43.321,21.952,9.04,6.198,2.098,49.1,17.337
M84042,2026-07-01,10222,5220,1525,3258,2777,1287,994,381,14.919,31.872,27.167,12.59,9.724,3.727,51.066,26.042
M84043,2026-07-01,21323,10677,2953,7496,5925,2435,1861,653,13.849,35.155,27.787,11.42,8.728,3.062,50.073,23.21
M84044,2026-07-01,5758,2874,855,1867,1510,679,648,199,14.849,32.424,26.224,11.792,11.254,3.456,49.913,26.502
M84046,2026-07-01,8068,4170,1228,2446,2196,831,973,394,15.221,30.317,27.219,10.3,12.06,4.883,51.686,27.243
M84047,2026-07-01,5389,2698,719,1528,1551,775,620,196,13.342,28.354,28.781,14.381,11.505,3.637,50.065,29.523
M84049,2026-07-01,6093,3091,825,1827,1608,806,739,288,13.54,29.985,26.391,13.228,12.129,4.727,50.73,30.084
M84050,2026-07-01,8400,4164,1581,3604,2048,630,380,157,18.821,42.905,24.381,7.5,4.524,1.869,49.571,13.893
M84051,2026-07-01,13644,6843,2491,5697,3305,1190,757,204,18.257,41.755,24.223,8.722,5.548,1.495,50.154,15.765
M84055,2026-07-01,2172,1069,227,720,647,317,224,37,10.451,33.149,29.788,14.595,10.313,1.703,49.217,26.611
M84059,2026-07-01,3581,1659,484,1514,917,353,223,90,13.516,42.279,25.607,9.858,6.227,2.513,46.328,18.598
M84060,2026-07-01,6719,3473,929,2079,1860,840,758,253,13.826,30.942,27.683,12.502,11.281,3.765,51.689,27.549
M84061,2026-07-01,6899,3557,989,2141,1787,922,764,296,14.335,31.033,25.902,13.364,11.074,4.29,51.558,28.729
M84062,2026-07-01,7606,3833,1334,2872,2052,799,451,98,17.539,37.76,26.979,10.505,5.93,1.288,50.394,17.723
M84063,2026-07-01,7388,3582,1306,2970,1938,550,457,167,17.677,40.2,26.232,7.445,6.186,2.26,48.484,15.891
M84064,2026-07-01,6907,3434,1280,2815,1627,618,400,167,18.532,40.756,23.556,8.947,5.791,2.418,49.718,17.157
M84065,2026-07-01,8206,3982,1572,3758,1899,506,339,132,19.157,45.796,23.142,6.166,4.131,1.609,48.525,11.906
M84066,2026-07-01,7180,3691,1348,2565,1843,727,553,144,18.774,35.724,25.669,10.125,7.702,2.006,51.407,19.833
M84067,2026-07-01,7602,3869,1160,2844,1981,738,620,259,15.259,37.411,26.059,9.708,8.156,3.407,50.895,21.271
M84069,2026-07-01,6757,3434,1069,2376,1935,766,495,116,15.821,35.164,28.637,11.336,7.326,1.717,50.821,20.379
M84070,2026-07-01,12481,6432,2798,5380,2900,752,455,196,22.418,43.106,23.235,6.025,3.646,1.57,51.534,11.241
M84609,2026-07-01,4953,2461,1033,2027,1110,412,259,112,20.856,40.925,22.411,8.318,5.229,2.261,49.687,15.809
M84612,2026-07-01,9632,4857,2041,4017,2267,700,464,143,21.19,41.705,23.536,7.267,4.817,1.485,50.426,13.569
M84615,2026-07-01,8905,4562,1691,3584,2161,783,552,134,18.989,40.247,24.267,8.793,6.199,1.505,51.23,16.496
M84616,2026-07-01,4511,2267,701,1514,1316,536,342,102,15.54,33.562,29.173,11.882,7.581,2.261,50.255,21.725
M84618,2026-07-01,4041,2037,642,1415,1107,403,346,128,15.887,35.016,27.394,9.973,8.562,3.168,50.408,21.703
M84620,2026-07-01,2954,1471,402,875,829,429,309,110,13.609,29.621,28.064,14.523,10.46,3.724,49.797,28.707
M84621,2026-07-01,2764,1336,430,1228,733,201,131,41,15.557,44.428,26.52,7.272,4.74,1.483,48.336,13.495
M84627,2026-07-01,3762,1875,506,1228,1001,506,403,118,13.45,32.642,26.608,13.45,10.712,3.137,49.841,27.299
M84629,2026-07-01,12298,6291,2237,4813,3233,1104,664,247,18.19,39.136,26.289,8.977,5.399,2.008,51.155,16.385
M85001,2026-07-01,4830,2501,989,1993,1168,401,214,65,20.476,41.263,24.182,8.302,4.431,1.346,51.781,14.079
M85005,2026-07-01,7155,3392,1544,3570,1451,332,160,98,21.579,49.895,20.28,4.64,2.236,1.37,47.407,8.246
M85006,2026-07-01,10607,5288,2164,4572,2370,836,484,181,20.402,43.104,22.344,7.882,4.563,1.706,49.854,14.151
M85007,2026-07-01,17274,8870,3495,7325,3603,1294,1004,553,20.233,42.405,20.858,7.491,5.812,3.201,51.349,16.505
M85009,2026-07-01,6227,3034,1075,2665,1447,512,341,187,17.264,42.797,23.238,8.222,5.476,3.003,48.723,16.701
M85011,2026-07-01,6947,3489,1219,2818,1596,637,437,240,17.547,40.564,22.974,9.169,6.29,3.455,50.223,18.915
M85013,2026-07-01,4544,2248,984,2042,951,312,175,80,21.655,44.938,20.929,6.866,3.851,1.761,49.472,12.478
M85014,2026-07-01,4643,2260,976,2201,954,294,153,65,21.021,47.405,20.547,6.332,3.295,1.4,48.675,11.027
M85016,2026-07-01,4995,2467,962,2043,1171,440,293,86,19.259,40.901,23.443,8.809,5.866,1.722,49.389,16.396
M85018,2026-07-01,10832,5550,2012,4228,2524,1054,704,310,18.575,39.032,23.301,9.73,6.499,2.862,51.237,19.092
M85019,2026-07-01,18283,9386,3505,7716,4246,1420,980,416,19.171,42.203,23.224,7.767,5.36,2.275,51.337,15.402
M85020,2026-07-01,20651,10028,4599,9971,4425,1042,404,210,22.27,48.283,21.428,5.046,1.956,1.017,48.559,8.019
M85021,2026-07-01,4191,2006,615,2323,921,205,95,32,14.674,55.428,21.976,4.891,2.267,0.764,47.864,7.922
M85023,2026-07-01,8986,4568,1760,3676,2194,726,426,204,19.586,40.908,24.416,8.079,4.741,2.27,50.835,15.09
M85024,2026-07-01,6902,3233,1466,3310,1522,373,155,76,21.24,47.957,22.052,5.404,2.246,1.101,46.841,8.751
M85025,2026-07-01,16932,7789,1914,11663,2431,564,258,102,11.304,68.881,14.357,3.331,1.524,0.602,46.002,5.457
M85026,2026-07-01,14749,7396,2040,4752,3925,2019,1530,483,13.831,32.219,26.612,13.689,10.374,3.275,50.146,27.337
M85027,2026-07-01,7761,3886,1303,2924,2033,806,507,188,16.789,37.676,26.195,10.385,6.533,2.422,50.071,19.34
M85028,2026-07-01,24949,12623,4579,9919,6176,2156,1525,594,18.353,39.757,24.754,8.642,6.112,2.381,50.595,17.135
M85029,2026-07-01,20424,10560,3229,8069,5044,1970,1429,683,15.81,39.507,24.696,9.646,6.997,3.344,51.704,19.986
M85030,2026-07-01,17544,8804,3268,7151,4289,1606,910,320,18.627,40.76,24.447,9.154,5.187,1.824,50.182,16.165
M85031,2026-07-01,10426,5384,1884,4119,2514,941,729,239,18.07,39.507,24.113,9.026,6.992,2.292,51.64,18.31
M85033,2026-07-01,17575,8995,3061,6108,4779,1751,1391,485,17.417,34.754,27.192,9.963,7.915,2.76,51.181,20.637
M85034,2026-07-01,15970,7884,3664,7836,3230,743,348,149,22.943,49.067,20.225,4.652,2.179,0.933,49.368,7.765
M85035,2026-07-01,5426,2778,1061,2254,1401,365,292,53,19.554,41.541,25.82,6.727,5.381,0.977,51.198,13.085
M85037,2026-07-01,9397,4795,1495,3294,2585,1021,763,239,15.909,35.054,27.509,10.865,8.12,2.543,51.027,21.528
M85041,2026-07-01,13806,6489,779,11362,990,319,229,127,5.642,82.298,7.171,2.311,1.659,0.92,47.001,4.889
M85042,2026-07-01,4824,2337,628,2217,1115,456,293,115,13.018,45.958,23.114,9.453,6.074,2.384,48.445,17.91
M85043,2026-07-01,4340,2258,851,1785,960,380,274,90,19.608,41.129,22.12,8.756,6.313,2.074,52.028,17.143
M85046,2026-07-01,53582,27275,8980,18141,14400,5416,4666,1979,16.759,33.857,26.875,10.108,8.708,3.693,50.903,22.509
M85047,2026-07-01,6055,3149,991,2383,1489,630,415,147,16.367,39.356,24.591,10.405,6.854,2.428,52.007,19.686
M85048,2026-07-01,11114,5630,1807,4209,2785,1049,901,363,16.259,37.871,25.058,9.439,8.107,3.266,50.657,20.812
M85051,2026-07-01,7868,3708,1595,4234,1455,377,144,63,20.272,53.813,18.493,4.792,1.83,0.801,47.128,7.422
M85053,2026-07-01,6675,3275,1427,3152,1448,415,172,61,21.378,47.221,21.693,6.217,2.577,0.914,49.064,9.708
M85055,2026-07-01,6619,3143,1007,3784,1182,352,203,91,15.214,57.169,17.858,5.318,3.067,1.375,47.485,9.76
M85056,2026-07-01,6993,3392,1156,2851,1846,601,391,148,16.531,40.769,26.398,8.594,5.591,2.116,48.506,16.302
M85058,2026-07-01,15095,7691,2563,7375,3362,892,597,306,16.979,48.857,22.272,5.909,3.955,2.027,50.951,11.891
M85060,2026-07-01,16206,8334,2893,6653,3949,1388,911,412,17.851,41.053,24.368,8.565,5.621,2.542,51.425,16.728
M85061,2026-07-01,12370,6126,2650,5944,2528,736,361,151,21.423,48.052,20.437,5.95,2.918,1.221,49.523,10.089
M85062,2026-07-01,4875,2515,912,1865,1156,485,339,118,18.708,38.256,23.713,9.949,6.954,2.421,51.59,19.323
M85063,2026-07-01,54700,25991,8537,22252,14681,4873,3110,1247,15.607,40.68,26.839,8.909,5.686,2.28,47.516,16.874
M85065,2026-07-01,14186,7212,2490,5376,3510,1345,924,541,17.553,37.897,24.743,9.481,6.513,3.814,50.839,19.808
M85066,2026-07-01,7238,3539,1470,3219,1506,561,350,132,20.309,44.474,20.807,7.751,4.836,1.824,48.895,14.41
M85070,2026-07-01,13476,6459,2759,6082,3092,842,484,217,20.473,45.132,22.944,6.248,3.592,1.61,47.93,11.45
M85071,2026-07-01,7749,3914,1078,2831,2157,903,605,175,13.911,36.534,27.836,11.653,7.807,2.258,50.51,21.719
M85074,2026-07-01,7626,3698,982,2877,2284,828,525,130,12.877,37.726,29.95,10.858,6.884,1.705,48.492,19.447
M85076,2026-07-01,11158,5702,2034,4555,2607,1076,675,211,18.229,40.823,23.364,9.643,6.049,1.891,51.102,17.584
M85077,2026-07-01,9364,4763,1460,3118,2630,1027,818,311,15.592,33.298,28.086,10.968,8.736,3.321,50.865,23.024
M85078,2026-07-01,11239,4949,2183,5524,2431,692,292,117,19.423,49.15,21.63,6.157,2.598,1.041,44.034,9.796
M85079,2026-07-01,10821,5691,2088,4681,2534,806,480,232,19.296,43.258,23.417,7.448,4.436,2.144,52.592,14.028
M85081,2026-07-01,9220,4733,1826,3754,2095,850,512,183,19.805,40.716,22.722,9.219,5.553,1.985,51.334,16.757
M85082,2026-07-01,5430,2405,992,2920,1047,304,126,41,18.269,53.775,19.282,5.599,2.32,0.755,44.291,8.674
M85084,2026-07-01,6627,3228,1353,3360,1289,348,174,103,20.416,50.702,19.451,5.251,2.626,1.554,48.71,9.431
M85086,2026-07-01,10570,5393,2034,4350,2596,817,579,194,19.243,41.154,24.56,7.729,5.478,1.835,51.022,15.043
M85087,2026-07-01,11093,5721,2234,4773,2614,795,493,184,20.139,43.027,23.564,7.167,4.444,1.659,51.573,13.27
M85088,2026-07-01,16802,8089,2556,8940,3534,1013,544,215,15.212,53.208,21.033,6.029,3.238,1.28,48.143,10.546
M85094,2026-07-01,2558,1081,576,1250,516,116,58,42,22.518,48.866,20.172,4.535,2.267,1.642,42.26,8.444
M85097,2026-07-01,2213,1041,397,989,490,183,120,34,17.939,44.69,22.142,8.269,5.423,1.536,47.04,15.228
M85098,2026-07-01,5327,2319,828,2623,1342,309,156,69,15.543,49.24,25.192,5.801,2.928,1.295,43.533,10.024
M85105,2026-07-01,5417,2725,1066,2468,1168,369,233,113,19.679,45.56,21.562,6.812,4.301,2.086,50.305,13.199
M85107,2026-07-01,3844,1879,816,1821,857,220,98,32,21.228,47.373,22.294,5.723,2.549,0.832,48.881,9.105
M85108,2026-07-01,6096,2830,1246,2990,1309,329,138,84,20.44,49.049,21.473,5.397,2.264,1.378,46.424,9.039
M85110,2026-07-01,9382,4351,1883,4483,2192,483,208,133,20.07,47.783,23.364,5.148,2.217,1.418,46.376,8.783
M85113,2026-07-01,6017,2942,1142,2553,1341,526,327,128,18.98,42.43,22.287,8.742,5.435,2.127,48.895,16.304
M85115,2026-07-01,3205,1607,590,1445,694,296,128,52,18.409,45.086,21.654,9.236,3.994,1.622,50.14,14.852
M85116,2026-07-01,8289,4133,1825,3824,1802,469,245,124,22.017,46.133,21.74,5.658,2.956,1.496,49.861,10.11
M85117,2026-07-01,5907,3103,1135,2326,1366,583,394,103,19.214,39.377,23.125,9.87,6.67,1.744,52.531,18.283
M85118,2026-07-01,2956,1437,502,1038,782,314,225,95,16.982,35.115,26.455,10.622,7.612,3.214,48.613,21.448
M85123,2026-07-01,8801,4048,1856,4385,1886,385,178,111,21.089,49.824,21.429,4.375,2.022,1.261,45.995,7.658
M85124,2026-07-01,12171,5852,1741,7233,2132,626,303,136,14.304,59.428,17.517,5.143,2.49,1.117,48.082,8.75
M85128,2026-07-01,4929,2412,874,2247,1191,371,179,67,17.732,45.587,24.163,7.527,3.632,1.359,48.935,12.518
M85136,2026-07-01,10449,5101,2283,4569,2332,720,380,165,21.849,43.727,22.318,6.891,3.637,1.579,48.818,12.106
M85139,2026-07-01,5600,2643,1200,2794,1167,282,89,68,21.429,49.893,20.839,5.036,1.589,1.214,47.196,7.839
M85141,2026-07-01,3043,1580,551,1151,720,328,222,71,18.107,37.825,23.661,10.779,7.295,2.333,51.922,20.407
M85143,2026-07-01,7083,3631,1170,2868,1810,602,507,126,16.518,40.491,25.554,8.499,7.158,1.779,51.264,17.436
M85145,2026-07-01,9972,4949,1839,4352,2303,822,440,216,18.442,43.642,23.095,8.243,4.412,2.166,49.629,14.822
M85146,2026-07-01,6567,2990,1487,3275,1305,318,119,63,22.644,49.871,19.872,4.842,1.812,0.959,45.531,7.614
M85149,2026-07-01,5885,2682,1178,2914,1317,267,132,77,20.017,49.516,22.379,4.537,2.243,1.308,45.573,8.088
M85153,2026-07-01,4241,1905,859,2326,753,180,80,43,20.255,54.846,17.755,4.244,1.886,1.014,44.919,7.145
M85154,2026-07-01,4512,2157,956,2183,963,257,111,42,21.188,48.382,21.343,5.696,2.46,0.931,47.806,9.087
M85155,2026-07-01,6627,3361,1331,2878,1488,484,321,125,20.085,43.428,22.454,7.303,4.844,1.886,50.717,14.033
M85156,2026-07-01,9638,4635,1517,4767,2204,667,372,111,15.74,49.46,22.868,6.921,3.86,1.152,48.091,11.932
M85158,2026-07-01,2139,1078,375,777,527,235,173,52,17.532,36.325,24.638,10.986,8.088,2.431,50.397,21.505
M85164,2026-07-01,13256,5966,2798,6456,2794,715,328,165,21.107,48.702,21.077,5.394,2.474,1.245,45.006,9.113
M85167,2026-07-01,14786,7559,663,12222,1143,336,310,112,4.484,82.659,7.73,2.272,2.097,0.757,51.123,5.126
M85170,2026-07-01,5489,2486,1186,2746,1034,304,141,78,21.607,50.027,18.838,5.538,2.569,1.421,45.291,9.528
M85171,2026-07-01,2875,1414,551,1217,662,257,135,53,19.165,42.33,23.026,8.939,4.696,1.843,49.183,15.478
M85172,2026-07-01,13886,7140,2689,5610,3356,1128,841,262,19.365,40.4,24.168,8.123,6.056,1.887,51.419,16.067
M85174,2026-07-01,4562,1984,926,2242,1005,256,90,43,20.298,49.145,22.03,5.612,1.973,0.943,43.49,8.527
M85175,2026-07-01,10047,5127,1262,3024,2792,1323,1192,454,12.561,30.099,27.789,13.168,11.864,4.519,51.03,29.551
M85176,2026-07-01,5195,2387,963,2599,1088,335,145,65,18.537,50.029,20.943,6.449,2.791,1.251,45.948,10.491
M85177,2026-07-01,6242,3104,1221,2712,1438,490,273,108,19.561,43.448,23.037,7.85,4.374,1.73,49.728,13.954
M85178,2026-07-01,40195,17443,6319,19804,9936,2518,1028,590,15.721,49.27,24.719,6.264,2.558,1.468,43.396,10.29
M85179,2026-07-01,5090,2609,904,1994,1259,458,330,145,17.76,39.175,24.735,8.998,6.483,2.849,51.257,18.33
M85600,2026-07-01,15982,8225,3091,7046,3665,1099,795,286,19.341,44.087,22.932,6.876,4.974,1.79,51.464,13.64
M85624,2026-07-01,6436,3132,1198,2746,1538,517,327,110,18.614,42.666,23.897,8.033,5.081,1.709,48.664,14.823
M85634,2026-07-01,10236,4597,2047,5073,2202,540,247,127,19.998,49.56,21.512,5.275,2.413,1.241,44.91,8.929
M85642,2026-07-01,5875,2830,1010,2743,1398,418,201,105,17.191,46.689,23.796,7.115,3.421,1.787,48.17,12.323
M85669,2026-07-01,7205,3486,1461,3860,1369,335,129,51,20.278,53.574,19.001,4.65,1.79,0.708,48.383,7.148
M85670,2026-07-01,3609,1569,813,1817,736,178,38,27,22.527,50.346,20.393,4.932,1.053,0.748,43.475,6.733
M85676,2026-07-01,6377,2956,1387,3299,1191,301,127,72,21.75,51.733,18.676,4.72,1.992,1.129,46.354,7.841
M85679,2026-07-01,5568,2733,1281,2753,1061,284,105,84,23.006,49.443,19.055,5.101,1.886,1.509,49.084,8.495
M85680,2026-07-01,2638,1163,734,1282,490,92,30,10,27.824,48.597,18.575,3.487,1.137,0.379,44.086,5.004
M85684,2026-07-01,3889,1783,625,2512,595,89,49,19,16.071,64.592,15.3,2.289,1.26,0.489,45.847,4.037
M85686,2026-07-01,1482,752,237,666,396,121,50,12,15.992,44.939,26.721,8.165,3.374,0.81,50.742,12.348
M85693,2026-07-01,2406,1141,404,974,603,225,146,54,16.791,40.482,25.062,9.352,6.068,2.244,47.423,17.664
M85694,2026-07-01,3832,1876,818,1665,832,293,176,48,21.347,43.45,21.712,7.646,4.593,1.253,48.956,13.492
M85697,2026-07-01,5008,2416,1009,2360,1130,312,150,47,20.148,47.125,22.564,6.23,2.995,0.938,48.243,10.164
M85699,2026-07-01,5069,2148,925,2530,1178,278,87,71,18.248,49.911,23.239,5.484,1.716,1.401,42.375,8.601
M85701,2026-07-01,4735,2209,997,2516,908,201,82,31,21.056,53.136,19.176,4.245,1.732,0.655,46.653,6.631
M85706,2026-07-01,13921,6676,2809,6567,3123,841,423,158,20.178,47.173,22.434,6.041,3.039,1.135,47.956,10.215
M85711,2026-07-01,4132,1833,710,2366,769,167,79,41,17.183,57.26,18.611,4.042,1.912,0.992,44.361,6.946
M85713,2026-07-01,5567,2761,1192,2881,1034,280,112,68,21.412,51.751,18.574,5.03,2.012,1.221,49.596,8.263
M85715,2026-07-01,10998,5346,2272,5464,2303,598,230,131,20.658,49.682,20.94,5.437,2.091,1.191,48.609,8.72
M85716,2026-07-01,5403,2516,1055,2699,1205,289,117,38,19.526,49.954,22.302,5.349,2.165,0.703,46.567,8.218
M85717,2026-07-01,4210,2182,919,1866,922,293,164,46,21.829,44.323,21.9,6.96,3.895,1.093,51.829,11.948
M85721,2026-07-01,11173,4202,1835,6530,2332,353,99,24,16.424,58.444,20.872,3.159,0.886,0.215,37.609,4.26
M85722,2026-07-01,4878,2268,1041,2401,1092,215,66,63,21.341,49.221,22.386,4.408,1.353,1.292,46.494,7.052
M85730,2026-07-01,5653,2612,1103,2659,1359,336,163,33,19.512,47.037,24.04,5.944,2.883,0.584,46.206,9.411
M85732,2026-07-01,2479,1219,406,1375,495,128,52,23,16.378,55.466,19.968,5.163,2.098,0.928,49.173,8.189
M85733,2026-07-01,7210,3613,1331,3327,1707,485,263,97,18.46,46.144,23.675,6.727,3.648,1.345,50.111,11.72
M85735,2026-07-01,6642,3088,1610,3361,1266,244,100,61,24.24,50.602,19.061,3.674,1.506,0.918,46.492,6.098
M85736,2026-07-01,5036,2301,1036,2386,1122,279,137,76,20.572,47.379,22.28,5.54,2.72,1.509,45.691,9.77
M85739,2026-07-01,5128,2165,1062,2758,1008,207,67,26,20.71,53.783,19.657,4.037,1.307,0.507,42.219,5.85
M85746,2026-07-01,5246,2623,1150,2393,1137,335,184,47,21.921,45.616,21.674,6.386,3.507,0.896,50.0,10.789
M85749,2026-07-01,2996,1409,683,1466,589,161,61,36,22.797,48.932,19.66,5.374,2.036,1.202,47.029,8.611
M85756,2026-07-01,2483,1044,351,1171,689,160,74,38,14.136,47.161,27.749,6.444,2.98,1.53,42.046,10.954
M85757,2026-07-01,4283,1949,811,2338,831,199,81,23,18.935,54.588,19.402,4.646,1.891,0.537,45.505,7.074
M85759,2026-07-01,7277,3749,1608,3646,1425,376,161,61,22.097,50.103,19.582,5.167,2.212,0.838,51.518,8.218
M85766,2026-07-01,4403,2021,990,2320,770,195,81,47,22.485,52.691,17.488,4.429,1.84,1.067,45.901,7.336
M85770,2026-07-01,2021,956,284,738,573,260,134,32,14.052,36.517,28.352,12.865,6.63,1.583,47.303,21.079
M85774,2026-07-01,7369,3662,1809,3646,1382,327,137,68,24.549,49.478,18.754,4.438,1.859,0.923,49.695,7.219
M85778,2026-07-01,17452,8540,611,15432,1201,144,52,12,3.501,88.425,6.882,0.825,0.298,0.069,48.934,1.192
M85779,2026-07-01,2958,1484,584,1223,735,215,130,71,19.743,41.346,24.848,7.268,4.395,2.4,50.169,14.064
M85781,2026-07-01,3858,1686,775,2116,720,149,55,43,20.088,54.847,18.663,3.862,1.426,1.115,43.701,6.402
M85783,2026-07-01,5683,2665,1376,2966,994,234,74,39,24.213,52.191,17.491,4.118,1.302,0.686,46.894,6.106
M85792,2026-07-01,3343,1672,554,1175,828,359,287,140,16.572,35.148,24.768,10.739,8.585,4.188,50.015,23.512
M85794,2026-07-01,4314,1871,848,2400,777,195,75,19,19.657,55.633,18.011,4.52,1.739,0.44,43.37,6.699
M85797,2026-07-01,12963,6277,1571,8778,2022,409,123,60,12.119,67.716,15.598,3.155,0.949,0.463,48.422,4.567
M85803,2026-07-01,10262,4656,2489,5464,1865,301,100,43,24.255,53.245,18.174,2.933,0.974,0.419,45.371,4.327
M86001,2026-07-01,7202,3550,1507,3050,1720,533,283,109,20.925,42.349,23.882,7.401,3.929,1.513,49.292,12.844
M86002,2026-07-01,8257,3995,1504,3427,2043,690,420,173,18.215,41.504,24.743,8.357,5.087,2.095,48.383,15.538
M86003,2026-07-01,16936,8170,3048,7014,4261,1361,943,309,17.997,41.415,25.159,8.036,5.568,1.825,48.24,15.429
M86004,2026-07-01,18826,9492,1760,12274,2643,1005,774,370,9.349,65.197,14.039,5.338,4.111,1.965,50.42,11.415
M86005,2026-07-01,6043,2839,1075,3370,983,327,209,79,17.789,55.767,16.267,5.411,3.459,1.307,46.98,10.177
M86006,2026-07-01,9941,4754,1452,4376,2456,775,604,278,14.606,44.02,24.706,7.796,6.076,2.796,47.822,16.668
M86007,2026-07-01,5719,2820,756,1947,1478,716,558,264,13.219,34.044,25.844,12.52,9.757,4.616,49.309,26.893
M86008,2026-07-01,10124,5084,1825,4106,2592,852,542,207,18.026,40.557,25.603,8.416,5.354,2.045,50.217,15.814
M86009,2026-07-01,25064,10403,2271,18304,2867,923,489,210,9.061,73.029,11.439,3.683,1.951,0.838,41.506,6.471
M86010,2026-07-01,12836,6380,2174,6237,2647,920,641,217,16.937,48.59,20.622,7.167,4.994,1.691,49.704,13.852
M86012,2026-07-01,10950,5286,2028,5977,1998,522,298,127,18.521,54.584,18.247,4.767,2.721,1.16,48.274,8.648
M86014,2026-07-01,21502,10953,4000,9036,4997,1758,1260,451,18.603,42.024,23.24,8.176,5.86,2.097,50.939,16.133
M86015,2026-07-01,13644,6768,2304,5574,3390,1181,846,349,16.887,40.853,24.846,8.656,6.201,2.558,49.604,17.414
M86016,2026-07-01,21250,10003,3846,10021,4803,1419,848,313,18.099,47.158,22.602,6.678,3.991,1.473,47.073,12.141
M86017,2026-07-01,10674,5219,1659,4971,2576,794,502,172,15.542,46.571,24.133,7.439,4.703,1.611,48.895,13.753
M86018,2026-07-01,11499,5783,1879,4664,3013,965,685,293,16.341,40.56,26.202,8.392,5.957,2.548,50.291,16.897
M86019,2026-07-01,4075,1910,610,1578,1009,426,346,106,14.969,38.724,24.761,10.454,8.491,2.601,46.871,21.546
M86020,2026-07-01,7830,3987,1762,3522,1810,490,182,64,22.503,44.981,23.116,6.258,2.324,0.817,50.92,9.4
M86021,2026-07-01,7244,3722,1193,2746,1959,718,458,170,16.469,37.907,27.043,9.912,6.322,2.347,51.38,18.581
M86027,2026-07-01,14312,7057,2112,8160,2435,779,592,234,14.757,57.015,17.014,5.443,4.136,1.635,49.308,11.214
M86028,2026-07-01,3507,1528,647,1531,873,255,136,65,18.449,43.656,24.893,7.271,3.878,1.853,43.57,13.003
M86029,2026-07-01,18044,9114,1389,12314,2290,906,814,331,7.698,68.244,12.691,5.021,4.511,1.834,50.51,11.367
M86030,2026-07-01,5090,2371,696,2123,1318,475,332,146,13.674,41.709,25.894,9.332,6.523,2.868,46.582,18.723
M86032,2026-07-01,12609,6094,2508,5653,2928,803,492,225,19.891,44.833,23.222,6.368,3.902,1.784,48.331,12.055
M86033,2026-07-01,4838,2506,911,2129,1157,378,196,67,18.83,44.006,23.915,7.813,4.051,1.385,51.798,13.249
M86034,2026-07-01,9811,5041,1622,3663,2346,957,810,413,16.532,37.336,23.912,9.754,8.256,4.21,51.381,22.22
M86035,2026-07-01,8189,4167,1755,3401,1894,664,339,136,21.431,41.531,23.129,8.108,4.14,1.661,50.885,13.909
M86037,2026-07-01,3575,1707,595,1445,903,307,234,91,16.643,40.42,25.259,8.587,6.545,2.545,47.748,17.678
M86038,2026-07-01,2529,1240,292,849,696,289,260,143,11.546,33.571,27.521,11.427,10.281,5.654,49.031,27.363
M86039,2026-07-01,4784,2446,726,1597,1262,517,496,186,15.176,33.382,26.38,10.807,10.368,3.888,51.129,25.063
M86040,2026-07-01,3564,1740,598,1383,909,312,256,106,16.779,38.805,25.505,8.754,7.183,2.974,48.822,18.911
M86041,2026-07-01,10258,4834,2122,5009,2074,567,353,133,20.686,48.83,20.218,5.527,3.441,1.297,47.124,10.265
M86044,2026-07-01,4670,2127,657,2379,1065,352,163,54,14.069,50.942,22.805,7.537,3.49,1.156,45.546,12.184
M86045,2026-07-01,7296,3456,1257,3148,1917,538,283,153,17.229,43.147,26.275,7.374,3.879,2.097,47.368,13.35
M86046,2026-07-01,5179,2553,868,2063,1369,414,333,132,16.76,39.834,26.434,7.994,6.43,2.549,49.295,16.972
M86048,2026-07-01,7799,3915,1516,3692,1836,438,245,72,19.438,47.339,23.541,5.616,3.141,0.923,50.199,9.681
M86605,2026-07-01,3033,1552,485,1152,757,286,262,91,15.991,37.982,24.959,9.43,8.638,3.0,51.17,21.068
M86610,2026-07-01,8313,3621,934,6334,798,156,63,28,11.235,76.194,9.599,1.877,0.758,0.337,43.558,2.971
M86612,2026-07-01,4033,1740,799,2154,786,195,70,29,19.812,53.409,19.489,4.835,1.736,0.719,43.144,7.29
M86617,2026-07-01,4724,2178,814,2501,862,293,182,72,17.231,52.942,18.247,6.202,3.853,1.524,46.105,11.579
M86622,2026-07-01,3236,1567,426,1362,774,328,252,94,13.164,42.089,23.918,10.136,7.787,2.905,48.424,20.828
M86624,2026-07-01,13043,6278,2718,6593,2675,627,337,93,20.839,50.548,20.509,4.807,2.584,0.713,48.133,8.104
M86627,2026-07-01,6483,3146,1516,3042,1498,300,103,24,23.384,46.923,23.107,4.627,1.589,0.37,48.527,6.586
M86633,2026-07-01,5589,2693,1237,2750,1227,220,110,45,22.133,49.204,21.954,3.936,1.968,0.805,48.184,6.71
M86638,2026-07-01,7012,3489,1265,2795,1719,713,383,137,18.041,39.86,24.515,10.168,5.462,1.954,49.758,17.584
M87001,2026-07-01,6378,3164,772,2001,1725,854,771,255,12.104,31.373,27.046,13.39,12.088,3.998,49.608,29.476
M87003,2026-07-01,18557,9505,2378,5420,5164,2416,2326,853,12.815,29.207,27.828,13.019,12.534,4.597,51.221,30.15
M87005,2026-07-01,13215,6874,2145,4937,3363,1324,1116,330,16.232,37.359,25.448,10.019,8.445,2.497,52.017,20.961
M87006,2026-07-01,8815,4539,1477,3569,2257,808,511,193,16.756,40.488,25.604,9.166,5.797,2.189,51.492,17.153
M87007,2026-07-01,12141,6189,1760,4231,3316,1310,1060,464,14.496,34.849,27.312,10.79,8.731,3.822,50.976,23.342
M87008,2026-07-01,8837,4507,1460,3170,2186,976,794,251,16.521,35.872,24.737,11.044,8.985,2.84,51.001,22.87
M87009,2026-07-01,16845,8553,2940,6389,4309,1710,1183,314,17.453,37.928,25.58,10.151,7.023,1.864,50.775,19.038
M87010,2026-07-01,9062,4423,1772,3743,2065,809,503,170,19.554,41.304,22.787,8.927,5.551,1.876,48.808,16.354
M87011,2026-07-01,26703,13393,3664,8615,7452,3273,2730,969,13.721,32.262,27.907,12.257,10.224,3.629,50.155,26.109
M87012,2026-07-01,7360,3704,1528,3134,1705,572,316,105,20.761,42.582,23.166,7.772,4.293,1.427,50.326,13.492
M87013,2026-07-01,11129,5510,2002,4608,2869,959,496,195,17.989,41.405,25.779,8.617,4.457,1.752,49.51,14.826
M87014,2026-07-01,8066,4155,1344,2765,2068,875,779,235,16.663,34.28,25.638,10.848,9.658,2.913,51.513,23.419
M87015,2026-07-01,7792,3924,1128,2532,2112,813,834,373,14.476,32.495,27.105,10.434,10.703,4.787,50.359,25.924
M87016,2026-07-01,7169,3602,1142,2622,1873,757,521,254,15.93,36.574,26.126,10.559,7.267,3.543,50.244,21.37
M87017,2026-07-01,8156,3951,1514,3480,1928,694,394,146,18.563,42.668,23.639,8.509,4.831,1.79,48.443,15.13
M87018,2026-07-01,7341,3890,960,2264,1794,788,855,680,13.077,30.84,24.438,10.734,11.647,9.263,52.99,31.644
M87019,2026-07-01,5540,2597,851,2119,1399,600,447,124,15.361,38.249,25.253,10.83,8.069,2.238,46.877,21.137
M87020,2026-07-01,9148,4707,1501,3180,2396,1029,779,263,16.408,34.762,26.192,11.248,8.516,2.875,51.454,22.639
M87021,2026-07-01,9970,4980,1963,4112,2234,884,555,222,19.689,41.244,22.407,8.867,5.567,2.227,49.95,16.66
M87023,2026-07-01,10007,5116,1563,3563,2548,1044,971,318,15.619,35.605,25.462,10.433,9.703,3.178,51.124,23.314
M87024,2026-07-01,22736,11610,3700,8410,5778,2333,1854,661,16.274,36.99,25.413,10.261,8.154,2.907,51.064,21.323
M87025,2026-07-01,4673,2247,817,1790,1176,428,339,123,17.483,38.305,25.166,9.159,7.254,2.632,48.085,19.046
M87026,2026-07-01,5948,2924,1147,2474,1402,494,303,128,19.284,41.594,23.571,8.305,5.094,2.152,49.159,15.551
M87027,2026-07-01,4459,2214,788,1749,1135,397,302,88,17.672,39.224,25.454,8.903,6.773,1.974,49.652,17.65
M87028,2026-07-01,9833,5013,1917,4059,2351,808,541,157,19.496,41.279,23.909,8.217,5.502,1.597,50.981,15.316
M87030,2026-07-01,4504,2179,638,1619,1147,533,426,141,14.165,35.946,25.466,11.834,9.458,3.131,48.379,24.423
M87034,2026-07-01,5866,2910,1217,2519,1273,466,290,101,20.747,42.942,21.701,7.944,4.944,1.722,49.608,14.61
M87036,2026-07-01,3618,1730,691,1699,831,221,134,42,19.099,46.96,22.968,6.108,3.704,1.161,47.816,10.973
M87037,2026-07-01,8351,4266,1260,2946,2215,849,817,264,15.088,35.277,26.524,10.166,9.783,3.161,51.084,23.111
M87041,2026-07-01,6306,3214,988,2352,1705,563,512,186,15.668,37.298,27.038,8.928,8.119,2.95,50.967,19.997
M87601,2026-07-01,6688,3323,1496,2868,1486,447,277,114,22.368,42.883,22.219,6.684,4.142,1.705,49.686,12.53
M87602,2026-07-01,10011,5184,1656,3616,2613,986,821,319,16.542,36.12,26.101,9.849,8.201,3.186,51.783,21.237
M87605,2026-07-01,4658,2236,1105,2123,998,228,157,47,23.723,45.578,21.426,4.895,3.371,1.009,48.003,9.274
M87612,2026-07-01,2411,1194,404,951,614,242,158,42,16.757,39.444,25.467,10.037,6.553,1.742,49.523,18.333
M87617,2026-07-01,6197,3073,1449,2843,1307,365,176,57,23.382,45.877,21.091,5.89,2.84,0.92,49.589,9.65
M87618,2026-07-01,2986,1452,435,1089,841,373,209,39,14.568,36.47,28.165,12.492,6.999,1.306,48.627,20.797
M87620,2026-07-01,6824,3427,1379,2833,1740,522,272,78,20.208,41.515,25.498,7.649,3.986,1.143,50.22,12.778
M87623,2026-07-01,3155,1469,674,1417,666,236,123,39,21.363,44.913,21.109,7.48,3.899,1.236,46.561,12.615
M87628,2026-07-01,3828,1978,698,1495,512,202,358,563,18.234,39.054,13.375,5.277,9.352,14.707,51.672,29.336
M87638,2026-07-01,3771,1862,609,1382,954,368,349,109,16.15,36.648,25.298,9.759,9.255,2.89,49.377,21.904
M88001,2026-07-01,10513,5310,2218,4415,2374,824,456,226,21.098,41.996,22.582,7.838,4.337,2.15,50.509,14.325
M88002,2026-07-01,8521,4131,1572,4218,1735,556,322,118,18.449,49.501,20.361,6.525,3.779,1.385,48.48,11.689
M88003,2026-07-01,11703,5941,1958,4318,3010,1173,971,273,16.731,36.897,25.72,10.023,8.297,2.333,50.765,20.653
M88004,2026-07-01,39804,19844,7502,16104,9554,3276,2358,1010,18.847,40.458,24.003,8.23,5.924,2.537,49.854,16.692
M88006,2026-07-01,11791,5663,2398,5790,2463,617,350,173,20.338,49.105,20.889,5.233,2.968,1.467,48.028,9.668
M88007,2026-07-01,9670,4848,1658,3695,2400,996,646,275,17.146,38.211,24.819,10.3,6.68,2.844,50.134,19.824
M88008,2026-07-01,4953,2409,827,2044,1147,510,303,122,16.697,41.268,23.158,10.297,6.118,2.463,48.637,18.877
M88009,2026-07-01,9527,4744,1911,4039,2289,685,435,168,20.059,42.395,24.026,7.19,4.566,1.763,49.795,13.519
M88010,2026-07-01,8802,4500,1880,3547,2026,685,500,164,21.359,40.298,23.017,7.782,5.681,1.863,51.125,15.326
M88013,2026-07-01,13795,7065,2639,5588,3356,1152,793,267,19.13,40.507,24.328,8.351,5.748,1.935,51.214,16.035
M88014,2026-07-01,6823,3266,1288,3095,1547,485,309,99,18.877,45.361,22.673,7.108,4.529,1.451,47.868,13.088
M88015,2026-07-01,10448,5315,1819,4272,2734,817,584,222,17.41,40.888,26.168,7.82,5.59,2.125,50.871,15.534
M88016,2026-07-01,3810,1894,813,1737,788,220,193,59,21.339,45.591,20.682,5.774,5.066,1.549,49.711,12.388
M88018,2026-07-01,21982,10986,4006,9487,5191,1768,1146,384,18.224,43.158,23.615,8.043,5.213,1.747,49.977,15.003
M88019,2026-07-01,2799,1230,556,1364,574,157,109,39,19.864,48.732,20.507,5.609,3.894,1.393,43.944,10.897
M88020,2026-07-01,11994,6068,1763,4360,3423,1204,850,394,14.699,36.352,28.539,10.038,7.087,3.285,50.592,20.41
M88021,2026-07-01,10991,5569,1715,4084,2807,1127,857,401,15.604,37.158,25.539,10.254,7.797,3.648,50.669,21.7
M88022,2026-07-01,3602,1792,560,1311,933,418,265,115,15.547,36.396,25.902,11.605,7.357,3.193,49.75,22.154
M88023,2026-07-01,6803,3426,1415,2973,1527,534,273,81,20.8,43.701,22.446,7.849,4.013,1.191,50.36,13.053
M88026,2026-07-01,8462,4233,1737,3682,1993,573,361,116,20.527,43.512,23.552,6.771,4.266,1.371,50.024,12.408
M88030,2026-07-01,6032,3064,932,2142,1631,607,538,182,15.451,35.511,27.039,10.063,8.919,3.017,50.796,21.999
M88035,2026-07-01,3437,1709,640,1482,820,276,170,49,18.621,43.119,23.858,8.03,4.946,1.426,49.724,14.402
M88038,2026-07-01,13655,6864,2223,5746,3416,1237,754,279,16.28,42.08,25.016,9.059,5.522,2.043,50.267,16.624
M88040,2026-07-01,6416,2747,1020,2947,1606,488,254,101,15.898,45.932,25.031,7.606,3.959,1.574,42.815,13.139
M88041,2026-07-01,3822,1832,840,1862,852,156,75,37,21.978,48.718,22.292,4.082,1.962,0.968,47.933,7.012
M88042,2026-07-01,6694,3283,1290,3373,1461,326,191,53,19.271,50.388,21.826,4.87,2.853,0.792,49.044,8.515
M88043,2026-07-01,8584,4444,1725,3586,2098,687,377,111,20.096,41.775,24.441,8.003,4.392,1.293,51.771,13.688
M88600,2026-07-01,4725,2391,1018,2154,991,306,191,65,21.545,45.587,20.974,6.476,4.042,1.376,50.603,11.894
M88610,2026-07-01,4634,2199,998,2438,848,185,118,47,21.536,52.611,18.3,3.992,2.546,1.014,47.454,7.553
M88612,2026-07-01,3768,1886,646,1497,1009,280,255,81,17.144,39.729,26.778,7.431,6.768,2.15,50.053,16.348
M88616,2026-07-01,16441,7663,3008,7136,4167,1212,663,255,18.296,43.404,25.345,7.372,4.033,1.551,46.609,12.955
M88618,2026-07-01,2234,1051,412,1027,484,191,90,30,18.442,45.971,21.665,8.55,4.029,1.343,47.046,13.921
M88619,2026-07-01,11351,5741,2140,5260,2406,820,515,210,18.853,46.34,21.196,7.224,4.537,1.85,50.577,13.611
M88620,2026-07-01,3716,1851,826,1802,732,209,100,47,22.228,48.493,19.699,5.624,2.691,1.265,49.812,9.58
M88625,2026-07-01,3379,1694,708,1503,752,216,157,43,20.953,44.481,22.255,6.392,4.646,1.273,50.133,12.311
M88626,2026-07-01,3596,1612,607,1917,652,232,123,65,16.88,53.309,18.131,6.452,3.42,1.808,44.828,11.68
M88628,2026-07-01,3565,1635,554,1660,862,295,148,46,15.54,46.564,24.18,8.275,4.151,1.29,45.863,13.717
M88630,2026-07-01,5243,2524,972,2329,1263,346,243,90,18.539,44.421,24.089,6.599,4.635,1.717,48.14,12.951
M88633,2026-07-01,7327,3356,1312,3873,1385,431,229,97,17.906,52.859,18.903,5.882,3.125,1.324,45.803,10.332
M88635,2026-07-01,2162,1066,391,892,532,177,121,49,18.085,41.258,24.607,8.187,5.597,2.266,49.306,16.05
M88639,2026-07-01,3658,1738,708,1842,769,201,96,42,19.355,50.355,21.022,5.495,2.624,1.148,47.512,9.267
M88640,2026-07-01,4353,2159,764,2071,961,321,176,60,17.551,47.576,22.077,7.374,4.043,1.378,49.598,12.796
M88643,2026-07-01,5468,2793,991,2297,1394,441,268,77,18.124,42.008,25.494,8.065,4.901,1.408,51.079,14.375
M88645,2026-07-01,9021,4584,1642,3745,2324,712,444,154,18.202,41.514,25.762,7.893,4.922,1.707,50.815,14.522
M88646,2026-07-01,2768,1359,435,1254,730,202,106,41,15.715,45.303,26.373,7.298,3.829,1.481,49.097,12.608
M88647,2026-07-01,6318,2888,1376,3394,1095,267,145,41,21.779,53.72,17.331,4.226,2.295,0.649,45.711,7.17
M89001,2026-07-01,3684,1821,606,1340,875,451,346,66,16.45,36.374,23.751,12.242,9.392,1.792,49.43,23.426
M89002,2026-07-01,6554,3333,1334,2966,1397,505,279,73,20.354,45.255,21.315,7.705,4.257,1.114,50.854,13.076
M89003,2026-07-01,38875,19617,6236,13452,10193,4176,3421,1397,16.041,34.603,26.22,10.742,8.8,3.594,50.462,23.136
M89005,2026-07-01,8702,4491,1384,3019,2319,856,784,340,15.904,34.693,26.649,9.837,9.009,3.907,51.609,22.753
M89007,2026-07-01,6905,3460,1245,2749,1721,595,419,176,18.03,39.812,24.924,8.617,6.068,2.549,50.109,17.234
M89008,2026-07-01,13541,6932,2689,5530,3104,1123,841,254,19.858,40.839,22.923,8.293,6.211,1.876,51.193,16.38
M89009,2026-07-01,11142,5664,1930,4346,2889,959,745,273,17.322,39.006,25.929,8.607,6.686,2.45,50.835,17.744
M89010,2026-07-01,10827,5453,1660,3263,3014,1258,1163,469,15.332,30.138,27.838,11.619,10.742,4.332,50.365,26.693
M89012,2026-07-01,11355,5754,2189,4847,2697,707,697,218,19.278,42.686,23.752,6.226,6.138,1.92,50.674,14.284
M89013,2026-07-01,6297,3152,1360,2868,1407,351,245,66,21.598,45.545,22.344,5.574,3.891,1.048,50.056,10.513
M89015,2026-07-01,12416,6381,2108,4465,3226,1275,943,399,16.978,35.962,25.983,10.269,7.595,3.214,51.393,21.078
M89016,2026-07-01,12509,6381,1820,3747,3547,1529,1373,493,14.55,29.954,28.356,12.223,10.976,3.941,51.011,27.14
M89017,2026-07-01,56036,28130,9289,19911,14879,5389,4493,2075,16.577,35.533,26.553,9.617,8.018,3.703,50.2,21.338
M89019,2026-07-01,11470,5807,2042,4658,2980,889,657,244,17.803,40.61,25.981,7.751,5.728,2.127,50.628,15.606
M89021,2026-07-01,4936,2480,751,1992,1169,494,365,165,15.215,40.357,23.683,10.008,7.395,3.343,50.243,20.746
M89024,2026-07-01,3994,1978,702,1556,971,401,267,97,17.576,38.958,24.311,10.04,6.685,2.429,49.524,19.154
M89026,2026-07-01,10547,5501,1811,3810,2697,1083,880,266,17.171,36.124,25.571,10.268,8.344,2.522,52.157,21.134
M89027,2026-07-01,8645,4430,1863,3668,1964,593,447,110,21.55,42.429,22.718,6.859,5.171,1.272,51.243,13.302
M89030,2026-07-01,6187,3232,894,1850,1798,757,693,195,14.45,29.901,29.061,12.235,11.201,3.152,52.239,26.588
M89608,2026-07-01,3876,1948,602,1282,1092,439,326,135,15.531,33.075,28.173,11.326,8.411,3.483,50.258,23.22
M91003,2026-07-01,6914,3507,1136,2438,1839,736,564,201,16.43,35.262,26.598,10.645,8.157,2.907,50.723,21.71
M91004,2026-07-01,9618,4733,2024,4287,2198,632,352,125,21.044,44.573,22.853,6.571,3.66,1.3,49.21,11.53
M91006,2026-07-01,4458,2232,858,1759,1117,347,262,115,19.246,39.457,25.056,7.784,5.877,2.58,50.067,16.24
M91007,2026-07-01,8333,4157,1064,2755,2421,968,808,317,12.769,33.061,29.053,11.616,9.696,3.804,49.886,25.117
M91008,2026-07-01,9427,4635,1945,4358,1924,620,387,193,20.632,46.229,20.409,6.577,4.105,2.047,49.167,12.729
M91009,2026-07-01,5622,2798,834,1882,1576,685,506,139,14.835,33.476,28.033,12.184,9.0,2.472,49.769,23.657
M91010,2026-07-01,8879,4616,1309,2947,2328,994,876,425,14.743,33.191,26.219,11.195,9.866,4.787,51.988,25.848
M91013,2026-07-01,10546,5170,1730,4198,2628,995,691,304,16.404,39.807,24.919,9.435,6.552,2.883,49.023,18.87
M91014,2026-07-01,3011,1381,571,1345,678,221,152,44,18.964,44.67,22.517,7.34,5.048,1.461,45.865,13.849
M91015,2026-07-01,21935,11056,3759,8626,5388,1985,1489,688,17.137,39.325,24.563,9.049,6.788,3.137,50.403,18.974
M91016,2026-07-01,7058,3541,1316,2818,1632,630,479,183,18.646,39.926,23.123,8.926,6.787,2.593,50.17,18.305
M91017,2026-07-01,10256,5279,1454,3136,2650,1319,1150,547,14.177,30.577,25.839,12.861,11.213,5.333,51.472,29.407
M91018,2026-07-01,5295,2622,970,2560,1112,351,210,92,18.319,48.347,21.001,6.629,3.966,1.737,49.518,12.332
M91019,2026-07-01,14671,7504,2467,5363,3782,1428,1121,510,16.815,36.555,25.779,9.733,7.641,3.476,51.149,20.851
M91021,2026-07-01,7627,3823,1308,2870,1981,781,491,196,17.15,37.629,25.974,10.24,6.438,2.57,50.125,19.247
M91024,2026-07-01,2567,1312,291,795,721,310,327,123,11.336,30.97,28.087,12.076,12.739,4.792,51.11,29.607
M91026,2026-07-01,5644,2832,1325,2526,1160,400,162,71,23.476,44.755,20.553,7.087,2.87,1.258,50.177,11.215
M91028,2026-07-01,12814,6524,2365,5095,3117,1208,782,247,18.456,39.761,24.325,9.427,6.103,1.928,50.913,17.457
M91029,2026-07-01,5826,2936,1298,2521,1276,426,223,82,22.279,43.272,21.902,7.312,3.828,1.407,50.395,12.547
M91032,2026-07-01,4783,2465,817,1710,1319,423,358,156,17.081,35.752,27.577,8.844,7.485,3.262,51.537,19.59
M91033,2026-07-01,6789,3438,1306,2994,1519,533,327,110,19.237,44.101,22.374,7.851,4.817,1.62,50.641,14.288
M91034,2026-07-01,5093,2636,790,1849,1306,581,417,150,15.511,36.305,25.643,11.408,8.188,2.945,51.757,22.541
M91036,2026-07-01,4027,1999,984,1753,864,245,133,48,24.435,43.531,21.455,6.084,3.303,1.192,49.64,10.579
M91602,2026-07-01,2348,1112,500,990,551,181,90,36,21.295,42.164,23.467,7.709,3.833,1.533,47.359,13.075
M91609,2026-07-01,2265,1135,375,900,585,206,143,56,16.556,39.735,25.828,9.095,6.313,2.472,50.11,17.881
M91611,2026-07-01,3156,1565,738,1347,671,223,138,39,23.384,42.681,21.261,7.066,4.373,1.236,49.588,12.674
M91612,2026-07-01,3520,1784,714,1392,840,289,210,75,20.284,39.545,23.864,8.21,5.966,2.131,50.682,16.307
M91613,2026-07-01,9790,4608,2191,4869,2035,441,175,79,22.38,49.734,20.787,4.505,1.788,0.807,47.068,7.099
M91614,2026-07-01,9486,4838,1944,4102,1992,771,559,118,20.493,43.243,20.999,8.128,5.893,1.244,51.001,15.265
M91616,2026-07-01,7939,3781,1445,3367,1938,635,402,152,18.201,42.411,24.411,7.998,5.064,1.915,47.626,14.977
M91619,2026-07-01,6307,3160,1357,2911,1269,422,262,86,21.516,46.155,20.121,6.691,4.154,1.364,50.103,12.209
M91621,2026-07-01,4979,2325,1082,2428,1048,259,113,49,21.731,48.765,21.048,5.202,2.27,0.984,46.696,8.456
M91623,2026-07-01,1955,977,331,687,509,210,142,76,16.931,35.141,26.036,10.742,7.263,3.887,49.974,21.893
M91624,2026-07-01,3686,1861,745,1602,838,293,151,57,20.212,43.462,22.735,7.949,4.097,1.546,50.488,13.592
M91626,2026-07-01,4674,2413,850,1777,1146,423,342,136,18.186,38.019,24.519,9.05,7.317,2.91,51.626,19.277
M91628,2026-07-01,3275,1556,625,1410,776,273,143,48,19.084,43.053,23.695,8.336,4.366,1.466,47.511,14.168
M91629,2026-07-01,7056,3515,1662,3318,1474,381,166,55,23.554,47.024,20.89,5.4,2.353,0.779,49.816,8.532
M91637,2026-07-01,4291,2188,773,1475,1020,407,397,219,18.014,34.374,23.771,9.485,9.252,5.104,50.99,23.841
M91639,2026-07-01,1714,866,262,598,509,178,137,30,15.286,34.889,29.697,10.385,7.993,1.75,50.525,20.128
M91640,2026-07-01,3915,1953,807,1670,893,319,179,47,20.613,42.656,22.81,8.148,4.572,1.201,49.885,13.921
M91641,2026-07-01,3994,1974,830,1719,936,273,175,61,20.781,43.04,23.435,6.835,4.382,1.527,49.424,12.744
M91642,2026-07-01,1675,801,302,675,410,161,92,35,18.03,40.299,24.478,9.612,5.493,2.09,47.821,17.194
M91647,2026-07-01,5395,2728,997,1989,1330,584,366,129,18.48,36.867,24.652,10.825,6.784,2.391,50.565,20.0
M91650,2026-07-01,9580,4929,1805,3571,2265,1001,652,286,18.841,37.276,23.643,10.449,6.806,2.985,51.451,20.24
M91654,2026-07-01,3483,1711,662,1470,827,317,157,50,19.007,42.205,23.744,9.101,4.508,1.436,49.124,15.045
M91659,2026-07-01,3492,1651,818,1686,723,172,71,22,23.425,48.282,20.704,4.926,2.033,0.63,47.279,7.589
M92001,2026-07-01,3527,1671,629,1488,928,278,163,41,17.834,42.189,26.311,7.882,4.621,1.162,47.377,13.666
M92004,2026-07-01,2906,1366,505,1155,702,274,189,81,17.378,39.745,24.157,9.429,6.504,2.787,47.006,18.72
M92006,2026-07-01,4588,2304,667,1700,1274,465,364,118,14.538,37.053,27.768,10.135,7.934,2.572,50.218,20.641
M92008,2026-07-01,12803,6600,1844,4165,3536,1502,1243,513,14.403,32.531,27.619,11.732,9.709,4.007,51.55,25.447
M92009,2026-07-01,13263,6872,2456,4959,3197,1382,887,382,18.518,37.39,24.105,10.42,6.688,2.88,51.813,19.988
M92010,2026-07-01,11233,5699,1562,3798,3010,1299,1071,493,13.905,33.811,26.796,11.564,9.534,4.389,50.734,25.487
M92011,2026-07-01,36987,18346,5816,14266,9447,3715,2624,1119,15.724,38.57,25.541,10.044,7.094,3.025,49.601,20.164
M92012,2026-07-01,11542,5531,2053,5399,2482,855,523,230,17.787,46.777,21.504,7.408,4.531,1.993,47.921,13.932
M92013,2026-07-01,7131,3425,1312,3136,1765,466,286,166,18.399,43.977,24.751,6.535,4.011,2.328,48.03,12.873
M92015,2026-07-01,3878,1933,898,1697,804,287,148,44,23.156,43.76,20.732,7.401,3.816,1.135,49.845,12.352
M92016,2026-07-01,23588,11379,4943,11752,4817,1259,622,195,20.956,49.822,20.421,5.337,2.637,0.827,48.241,8.801
M92019,2026-07-01,5976,2987,1070,2302,1535,563,347,159,17.905,38.521,25.686,9.421,5.807,2.661,49.983,17.888
M92022,2026-07-01,4163,2144,898,1764,908,308,184,101,21.571,42.373,21.811,7.399,4.42,2.426,51.501,14.245
M92026,2026-07-01,5097,2626,935,1931,1231,528,325,147,18.344,37.885,24.151,10.359,6.376,2.884,51.521,19.619
M92028,2026-07-01,8238,3805,1332,4380,1813,420,207,86,16.169,53.168,22.008,5.098,2.513,1.044,46.188,8.655
M92029,2026-07-01,6016,3112,837,2146,1646,663,503,221,13.913,35.672,27.36,11.021,8.361,3.674,51.729,23.055
M92039,2026-07-01,6835,3461,1182,2673,1704,659,422,195,17.293,39.108,24.931,9.642,6.174,2.853,50.636,18.669
M92040,2026-07-01,12369,6243,2638,5568,2600,849,541,173,21.328,45.016,21.02,6.864,4.374,1.399,50.473,12.636
M92041,2026-07-01,4575,2179,835,1918,1161,350,209,102,18.251,41.923,25.377,7.65,4.568,2.23,47.628,14.448
M92043,2026-07-01,6989,3632,1104,2451,1829,780,571,254,15.796,35.069,26.17,11.16,8.17,3.634,51.967,22.965
M92607,2026-07-01,18046,8735,3833,8259,3881,1220,630,223,21.24,45.766,21.506,6.761,3.491,1.236,48.404,11.487
M92609,2026-07-01,6234,3239,1158,2518,1532,595,305,126,18.576,40.391,24.575,9.544,4.893,2.021,51.957,16.458
M92612,2026-07-01,36786,18053,6377,15476,9047,3077,2022,787,17.335,42.07,24.594,8.365,5.497,2.139,49.076,16.001
M92627,2026-07-01,4450,2265,832,1874,1016,368,276,84,18.697,42.112,22.831,8.27,6.202,1.888,50.899,16.36
M92629,2026-07-01,4277,2184,888,1911,988,319,132,39,20.762,44.681,23.1,7.458,3.086,0.912,51.064,11.457
M92630,2026-07-01,5722,2934,1022,2389,1369,474,295,173,17.861,41.751,23.925,8.284,5.156,3.023,51.276,16.463
M92649,2026-07-01,4397,2287,836,1824,1025,370,255,87,19.013,41.483,23.311,8.415,5.799,1.979,52.013,16.193
M92654,2026-07-01,6746,3289,1379,2805,1633,512,302,115,20.442,41.58,24.207,7.59,4.477,1.705,48.755,13.771
N81001,2026-07-01,5061,2531,545,1239,1410,904,731,232,10.769,24.481,27.86,17.862,14.444,4.584,50.01,36.89
N81002,2026-07-01,12001,6132,1650,3647,3366,1482,1319,537,13.749,30.389,28.048,12.349,10.991,4.475,51.096,27.814
N81005,2026-07-01,9836,5007,1426,3296,2683,1166,942,323,14.498,33.51,27.277,11.854,9.577,3.284,50.905,24.715
N81006,2026-07-01,5475,2747,737,1536,1683,817,530,172,13.461,28.055,30.74,14.922,9.68,3.142,50.174,27.744
N81007,2026-07-01,9955,4907,1340,3340,2882,1210,928,255,13.461,33.551,28.95,12.155,9.322,2.562,49.292,24.038
N81008,2026-07-01,11931,6155,1827,3954,3071,1238,1343,498,15.313,33.141,25.74,10.376,11.256,4.174,51.588,25.807
N81009,2026-07-01,7532,3786,1069,2644,2068,828,636,287,14.193,35.104,27.456,10.993,8.444,3.81,50.266,23.247
N81010,2026-07-01,8863,4582,1448,3143,2373,971,701,227,16.338,35.462,26.774,10.956,7.909,2.561,51.698,21.426
N81011,2026-07-01,14415,7271,2239,5106,3976,1612,1136,346,15.532,35.421,27.582,11.183,7.881,2.4,50.441,21.464
N81012,2026-07-01,12360,6216,2000,4946,3353,1148,704,209,16.181,40.016,27.128,9.288,5.696,1.691,50.291,16.675
N81013,2026-07-01,6764,3381,964,2259,1949,834,572,186,14.252,33.397,28.814,12.33,8.457,2.75,49.985,23.536
N81014,2026-07-01,9332,4755,1357,2863,2902,1045,827,338,14.541,30.679,31.097,11.198,8.862,3.622,50.954,23.682
N81016,2026-07-01,31189,15017,5835,14111,7410,2092,1291,450,18.709,45.244,23.758,6.707,4.139,1.443,48.148,12.29
N81018,2026-07-01,8202,4228,1015,2409,2321,1101,969,387,12.375,29.371,28.298,13.424,11.814,4.718,51.548,29.956
N81019,2026-07-01,15493,7754,2759,6418,3913,1331,889,183,17.808,41.425,25.257,8.591,5.738,1.181,50.048,15.51
N81020,2026-07-01,12315,6257,1392,3657,3597,1378,1599,692,11.303,29.695,29.208,11.19,12.984,5.619,50.808,29.793
N81022,2026-07-01,33752,17154,4579,10220,9453,4289,3815,1396,13.567,30.28,28.007,12.707,11.303,4.136,50.824,28.146
N81024,2026-07-01,10598,5302,1787,4066,2712,1089,689,255,16.862,38.366,25.59,10.276,6.501,2.406,50.028,19.183
N81025,2026-07-01,11640,5886,2039,4402,3125,1090,731,253,17.517,37.818,26.847,9.364,6.28,2.174,50.567,17.818
N81027,2026-07-01,14808,7485,2089,5016,4003,1720,1492,488,14.107,33.874,27.033,11.615,10.076,3.296,50.547,24.986
N81028,2026-07-01,9134,4505,1590,3592,2447,795,551,159,17.407,39.326,26.79,8.704,6.032,1.741,49.321,16.477
N81029,2026-07-01,12191,6073,1700,4290,3344,1332,1073,452,13.945,35.19,27.43,10.926,8.802,3.708,49.815,23.435
N81030,2026-07-01,16628,8406,2082,4810,4873,2217,1966,680,12.521,28.927,29.306,13.333,11.823,4.089,50.553,29.246
N81031,2026-07-01,6227,3164,815,1698,1769,882,794,269,13.088,27.268,28.409,14.164,12.751,4.32,50.811,31.235
N81032,2026-07-01,28600,14521,4556,10182,7613,3062,2348,839,15.93,35.601,26.619,10.706,8.21,2.934,50.773,21.85
N81033,2026-07-01,8665,4492,1212,2543,2490,1074,943,403,13.987,29.348,28.736,12.395,10.883,4.651,51.841,27.928
N81034,2026-07-01,13103,6584,1935,5074,3410,1398,972,314,14.768,38.724,26.025,10.669,7.418,2.396,50.248,20.484
N81035,2026-07-01,12251,6215,1793,4440,3221,1490,989,318,14.636,36.242,26.292,12.162,8.073,2.596,50.731,22.831
N81036,2026-07-01,8679,4357,1341,3478,2196,793,633,238,15.451,40.074,25.302,9.137,7.293,2.742,50.202,19.173
N81037,2026-07-01,8244,4234,1351,3132,2084,961,546,170,16.388,37.991,25.279,11.657,6.623,2.062,51.359,20.342
N81038,2026-07-01,16400,8405,2363,4835,4677,2118,1749,658,14.409,29.482,28.518,12.915,10.665,4.012,51.25,27.591
N81039,2026-07-01,11749,6068,1764,4007,3239,1438,979,322,15.014,34.105,27.568,12.239,8.333,2.741,51.647,23.313
N81040,2026-07-01,6812,3350,1191,2774,1788,591,374,94,17.484,40.722,26.248,8.676,5.49,1.38,49.178,15.546
N81041,2026-07-01,8605,4326,1247,3242,2331,933,602,250,14.492,37.676,27.089,10.843,6.996,2.905,50.273,20.744
N81043,2026-07-01,6220,3116,822,1954,1697,830,706,211,13.215,31.415,27.283,13.344,11.35,3.392,50.096,28.087
N81044,2026-07-01,10829,5300,1703,4300,2710,1046,793,277,15.726,39.708,25.025,9.659,7.323,2.558,48.943,19.54
N81045,2026-07-01,13761,6795,2017,5059,3710,1545,1046,384,14.657,36.763,26.96,11.227,7.601,2.79,49.379,21.619
N81046,2026-07-01,9993,4928,1631,3649,2703,991,755,264,16.321,36.516,27.049,9.917,7.555,2.642,49.315,20.114
N81047,2026-07-01,11870,6039,1507,3803,3408,1394,1249,509,12.696,32.039,28.711,11.744,10.522,4.288,50.876,26.554
N81048,2026-07-01,12791,6386,1982,5003,3309,1326,897,274,15.495,39.113,25.87,10.367,7.013,2.142,49.926,19.522
N81049,2026-07-01,23840,12294,3696,7559,6521,2678,2352,1034,15.503,31.707,27.353,11.233,9.866,4.337,51.569,25.436
N81050,2026-07-01,19719,9876,3125,7236,5157,2131,1517,553,15.848,36.696,26.152,10.807,7.693,2.804,50.084,21.304
N81051,2026-07-01,6835,3447,930,2160,1905,890,717,233,13.606,31.602,27.871,13.021,10.49,3.409,50.432,26.92
N81052,2026-07-01,13264,6740,2153,4557,3508,1443,1207,396,16.232,34.356,26.448,10.879,9.1,2.986,50.814,22.964
N81053,2026-07-01,16975,8434,2891,7222,4058,1471,1016,317,17.031,42.545,23.906,8.666,5.985,1.867,49.685,16.518
N81054,2026-07-01,8694,4375,1299,3361,2328,971,598,137,14.941,38.659,26.777,11.169,6.878,1.576,50.322,19.623
N81055,2026-07-01,6779,3338,812,2258,1920,958,631,200,11.978,33.309,28.323,14.132,9.308,2.95,49.24,26.39
N81056,2026-07-01,9571,4724,1539,3943,2519,887,527,156,16.08,41.197,26.319,9.268,5.506,1.63,49.357,16.404
N81057,2026-07-01,12583,6442,1804,4546,3326,1485,1056,366,14.337,36.128,26.432,11.802,8.392,2.909,51.196,23.103
N81059,2026-07-01,12676,6490,1799,4050,3676,1466,1167,518,14.192,31.95,29.0,11.565,9.206,4.086,51.199,24.858
N81060,2026-07-01,9045,4642,1130,2686,2399,1303,1131,396,12.493,29.696,26.523,14.406,12.504,4.378,51.321,31.288
N81061,2026-07-01,10537,5302,1694,3896,2758,1166,791,232,16.077,36.974,26.174,11.066,7.507,2.202,50.318,20.774
N81062,2026-07-01,14934,7508,2080,5152,4052,1779,1367,504,13.928,34.498,27.133,11.912,9.154,3.375,50.275,24.441
N81063,2026-07-01,12124,6073,2166,5136,2968,1072,572,210,17.865,42.362,24.48,8.842,4.718,1.732,50.091,15.292
N81064,2026-07-01,6695,3228,1000,2623,1744,731,432,165,14.937,39.178,26.049,10.919,6.453,2.465,48.215,19.836
N81065,2026-07-01,8347,4273,1537,3656,2044,603,360,147,18.414,43.8,24.488,7.224,4.313,1.761,51.192,13.298
N81066,2026-07-01,14409,6966,2197,5612,3838,1543,942,277,15.247,38.948,26.636,10.709,6.538,1.922,48.345,19.169
N81067,2026-07-01,9167,4602,1504,3161,2512,956,833,201,16.407,34.482,27.403,10.429,9.087,2.193,50.202,21.708
N81068,2026-07-01,15745,7747,2681,6798,3697,1435,853,281,17.028,43.176,23.48,9.114,5.418,1.785,49.203,16.316
N81069,2026-07-01,4799,2440,651,1399,1348,680,530,191,13.565,29.152,28.089,14.17,11.044,3.98,50.844,29.194
N81070,2026-07-01,10357,5256,1710,3738,2607,1086,834,382,16.511,36.092,25.171,10.486,8.053,3.688,50.748,22.227
N81071,2026-07-01,4380,2226,557,1184,1307,648,546,138,12.717,27.032,29.84,14.795,12.466,3.151,50.822,30.411
N81072,2026-07-01,7828,3851,1236,3046,2073,886,505,82,15.789,38.912,26.482,11.318,6.451,1.048,49.195,18.817
N81074,2026-07-01,5483,2791,1018,2174,1420,483,315,73,18.566,39.65,25.898,8.809,5.745,1.331,50.903,15.885
N81075,2026-07-01,16405,8371,2200,5320,4597,1943,1627,718,13.411,32.429,28.022,11.844,9.918,4.377,51.027,26.138
N81077,2026-07-01,12988,6662,1832,3785,3657,1597,1520,597,14.105,29.142,28.157,12.296,11.703,4.597,51.294,28.596
N81079,2026-07-01,9869,4886,1368,3970,2679,1033,616,203,13.862,40.227,27.146,10.467,6.242,2.057,49.509,18.766
N81080,2026-07-01,8463,4301,1016,4091,1801,794,587,174,12.005,48.34,21.281,9.382,6.936,2.056,50.821,18.374
N81081,2026-07-01,9565,4764,871,5113,1986,797,592,206,9.106,53.455,20.763,8.332,6.189,2.154,49.807,16.675
N81082,2026-07-01,14859,7290,1833,5365,4130,1743,1307,481,12.336,36.106,27.795,11.73,8.796,3.237,49.061,23.763
N81083,2026-07-01,5025,2482,912,2086,1334,384,227,82,18.149,41.512,26.547,7.642,4.517,1.632,49.393,13.791
N81084,2026-07-01,22008,11246,3244,7310,6101,2497,2135,721,14.74,33.215,27.722,11.346,9.701,3.276,51.1,24.323
N81085,2026-07-01,10321,5291,1457,3982,2698,992,872,320,14.117,38.582,26.141,9.611,8.449,3.1,51.264,21.161
N81086,2026-07-01,16672,8304,3130,6397,4697,1169,923,356,18.774,38.37,28.173,7.012,5.536,2.135,49.808,14.683
N81087,2026-07-01,24014,12128,3385,7837,7010,2718,2209,855,14.096,32.635,29.191,11.318,9.199,3.56,50.504,24.078
N81088,2026-07-01,12825,6486,1813,5088,3228,1397,944,355,14.136,39.673,25.17,10.893,7.361,2.768,50.573,21.021
N81089,2026-07-01,7841,3953,1135,2807,2118,801,700,280,14.475,35.799,27.012,10.216,8.927,3.571,50.414,22.714
N81090,2026-07-01,5529,2843,820,1873,1528,567,528,213,14.831,33.876,27.636,10.255,9.55,3.852,51.42,23.657
N81092,2026-07-01,15145,7776,2462,5822,3897,1582,947,435,16.256,38.442,25.731,10.446,6.253,2.872,51.344,19.571
N81093,2026-07-01,15923,8081,2370,5793,4291,1801,1234,434,14.884,36.381,26.948,11.311,7.75,2.726,50.75,21.786
N81096,2026-07-01,8692,4437,1399,3524,2189,886,604,90,16.095,40.543,25.184,10.193,6.949,1.035,51.047,18.178
N81097,2026-07-01,5021,2499,798,2397,1176,349,232,69,15.893,47.739,23.422,6.951,4.621,1.374,49.771,12.946
N81100,2026-07-01,8125,4200,1356,2795,2082,898,749,245,16.689,34.4,25.625,11.052,9.218,3.015,51.692,23.286
N81101,2026-07-01,8000,4094,1190,2798,2359,834,615,204,14.875,34.975,29.488,10.425,7.688,2.55,51.175,20.662
N81102,2026-07-01,4470,2514,371,2013,704,393,390,599,8.3,45.034,15.749,8.792,8.725,13.4,56.242,30.917
N81107,2026-07-01,3557,1883,606,1381,959,348,214,49,17.037,38.825,26.961,9.784,6.016,1.378,52.938,17.177
N81108,2026-07-01,10821,5595,1715,3282,3277,1153,1000,394,15.849,30.33,30.284,10.655,9.241,3.641,51.705,23.538
N81109,2026-07-01,6884,3413,1097,2620,1958,594,467,148,15.936,38.059,28.443,8.629,6.784,2.15,49.579,17.562
N81111,2026-07-01,7490,3835,1245,2605,1837,865,682,256,16.622,34.78,24.526,11.549,9.105,3.418,51.202,24.072
N81113,2026-07-01,7374,3642,1147,2844,2029,784,441,129,15.555,38.568,27.516,10.632,5.98,1.749,49.39,18.362
N81114,2026-07-01,10740,5257,1471,3890,2872,1486,828,193,13.696,36.22,26.741,13.836,7.709,1.797,48.948,23.343
N81115,2026-07-01,8220,4124,1590,3382,1956,671,508,113,19.343,41.144,23.796,8.163,6.18,1.375,50.17,15.718
N81117,2026-07-01,5829,2857,1045,2467,1423,494,325,75,17.928,42.323,24.412,8.475,5.576,1.287,49.014,15.337
N81118,2026-07-01,8730,4331,1298,2904,2412,1085,793,238,14.868,33.265,27.629,12.428,9.084,2.726,49.611,24.238
N81119,2026-07-01,5255,2676,994,2113,1310,451,299,88,18.915,40.209,24.929,8.582,5.69,1.675,50.923,15.947
N81120,2026-07-01,6264,3176,925,1828,1836,839,649,187,14.767,29.183,29.31,13.394,10.361,2.985,50.702,26.74
N81121,2026-07-01,6764,3409,800,3048,1670,591,471,184,11.827,45.062,24.69,8.737,6.963,2.72,50.399,18.421
N81122,2026-07-01,10168,5185,1402,3531,2968,1373,699,195,13.788,34.727,29.19,13.503,6.875,1.918,50.993,22.295
N81123,2026-07-01,7370,3663,1457,3139,1817,554,315,88,19.769,42.592,24.654,7.517,4.274,1.194,49.701,12.985
N81125,2026-07-01,7611,3918,879,2357,1990,1092,932,361,11.549,30.968,26.146,14.348,12.245,4.743,51.478,31.336
N81127,2026-07-01,8704,4499,1302,3145,2389,949,673,246,14.959,36.133,27.447,10.903,7.732,2.826,51.689,21.461
N81607,2026-07-01,3929,1906,860,1845,796,240,137,51,21.889,46.959,20.26,6.108,3.487,1.298,48.511,10.893
N81614,2026-07-01,5630,2854,772,1661,1703,819,540,135,13.712,29.503,30.249,14.547,9.591,2.398,50.693,26.536
N81619,2026-07-01,3871,1906,809,1771,877,258,123,33,20.899,45.75,22.656,6.665,3.177,0.852,49.238,10.695
N81623,2026-07-01,9523,4844,1574,3230,2801,976,700,242,16.528,33.918,29.413,10.249,7.351,2.541,50.866,20.141
N81626,2026-07-01,4803,2465,962,2007,1090,439,231,74,20.029,41.786,22.694,9.14,4.809,1.541,51.322,15.49
N81628,2026-07-01,12584,5864,2362,5843,3064,816,397,102,18.77,46.432,24.348,6.484,3.155,0.811,46.599,10.45
N81632,2026-07-01,5905,2993,935,2307,1645,561,320,137,15.834,39.069,27.858,9.5,5.419,2.32,50.686,17.24
N81637,2026-07-01,2873,1306,443,1482,692,154,79,23,15.419,51.584,24.086,5.36,2.75,0.801,45.458,8.911
N81642,2026-07-01,4722,2389,696,1763,1389,508,303,63,14.74,37.336,29.416,10.758,6.417,1.334,50.593,18.509
N81645,2026-07-01,2261,1019,407,1012,561,161,90,30,18.001,44.759,24.812,7.121,3.981,1.327,45.069,12.428
N81651,2026-07-01,3555,1751,592,1507,973,272,154,57,16.653,42.391,27.37,7.651,4.332,1.603,49.255,13.586
N81655,2026-07-01,402,66,0,217,165,14,5,1,0.0,53.98,41.045,3.483,1.244,0.249,16.418,4.975
N82001,2026-07-01,6030,3017,1004,2365,1485,681,386,109,16.65,39.221,24.627,11.294,6.401,1.808,50.033,19.502
N82002,2026-07-01,5461,2797,1189,2198,1243,460,266,105,21.773,40.249,22.761,8.423,4.871,1.923,51.218,15.217
N82003,2026-07-01,4282,2229,794,1711,988,438,234,117,18.543,39.958,23.073,10.229,5.465,2.732,52.055,18.426
N82004,2026-07-01,3349,1591,562,1548,857,226,127,29,16.781,46.223,25.59,6.748,3.792,0.866,47.507,11.406
N82009,2026-07-01,8687,4471,1504,3155,2075,1011,687,255,17.313,36.319,23.886,11.638,7.908,2.935,51.468,22.482
N82011,2026-07-01,10625,5339,1602,4530,2585,1100,586,222,15.078,42.635,24.329,10.353,5.515,2.089,50.249,17.958
N82014,2026-07-01,6515,3211,854,2513,1739,741,477,191,13.108,38.573,26.692,11.374,7.322,2.932,49.286,21.627
N82018,2026-07-01,13210,6874,2728,5451,3051,1191,590,199,20.651,41.264,23.096,9.016,4.466,1.506,52.036,14.989
N82019,2026-07-01,5147,2677,982,2106,1186,514,256,103,19.079,40.917,23.043,9.986,4.974,2.001,52.011,16.961
N82022,2026-07-01,9844,4548,1573,4848,2198,722,372,131,15.979,49.248,22.328,7.334,3.779,1.331,46.201,12.444
N82024,2026-07-01,12456,6333,1976,4593,3359,1444,792,292,15.864,36.874,26.967,11.593,6.358,2.344,50.843,20.295
N82026,2026-07-01,6511,3318,922,2597,1635,715,453,189,14.161,39.886,25.111,10.981,6.957,2.903,50.96,20.842
N82033,2026-07-01,5764,2896,850,2690,1232,564,347,81,14.747,46.669,21.374,9.785,6.02,1.405,50.243,17.21
N82034,2026-07-01,5892,2942,828,2215,1560,719,428,142,14.053,37.593,26.477,12.203,7.264,2.41,49.932,21.877
N82035,2026-07-01,8566,4366,1404,2997,2231,1018,660,256,16.39,34.987,26.045,11.884,7.705,2.989,50.969,22.578
N82036,2026-07-01,3291,1707,518,1289,852,287,260,85,15.74,39.167,25.889,8.721,7.9,2.583,51.869,19.204
N82037,2026-07-01,11417,5799,1650,4375,2989,1364,745,294,14.452,38.32,26.18,11.947,6.525,2.575,50.793,21.048
N82039,2026-07-01,4067,2003,739,1464,1066,430,281,87,18.171,35.997,26.211,10.573,6.909,2.139,49.25,19.621
N82041,2026-07-01,12845,6671,2398,4696,3176,1347,876,352,18.669,36.559,24.726,10.487,6.82,2.74,51.935,20.047
N82046,2026-07-01,9985,4862,1268,5655,1861,659,396,146,12.699,56.635,18.638,6.6,3.966,1.462,48.693,12.028
N82048,2026-07-01,7460,3775,1173,2994,1806,797,539,151,15.724,40.134,24.209,10.684,7.225,2.024,50.603,19.933
N82049,2026-07-01,6428,3131,1247,2747,1428,596,322,88,19.4,42.735,22.215,9.272,5.009,1.369,48.709,15.65
N82050,2026-07-01,2517,1186,390,931,651,289,191,65,15.495,36.988,25.864,11.482,7.588,2.582,47.12,21.653
N82052,2026-07-01,5708,2838,1066,2393,1346,540,262,101,18.676,41.924,23.581,9.46,4.59,1.769,49.72,15.82
N82053,2026-07-01,15519,7999,2415,5763,4084,1838,988,431,15.562,37.135,26.316,11.844,6.366,2.777,51.543,20.987
N82054,2026-07-01,6967,3253,1036,3637,1523,470,214,87,14.87,52.203,21.86,6.746,3.072,1.249,46.692,11.066
N82058,2026-07-01,5640,2886,935,2365,1402,550,311,77,16.578,41.933,24.858,9.752,5.514,1.365,51.17,16.631
N82059,2026-07-01,6006,2869,724,2790,1559,544,299,90,12.055,46.454,25.957,9.058,4.978,1.499,47.769,15.534
N82062,2026-07-01,6894,3485,1025,2442,1852,869,540,166,14.868,35.422,26.864,12.605,7.833,2.408,50.551,22.846
N82065,2026-07-01,4009,1843,687,1794,989,332,162,45,17.136,44.749,24.669,8.281,4.041,1.122,45.972,13.445
N82066,2026-07-01,9034,4633,1332,2961,2219,1283,854,385,14.744,32.776,24.563,14.202,9.453,4.262,51.284,27.917
N82067,2026-07-01,5584,2380,879,2821,1259,344,224,57,15.741,50.519,22.547,6.16,4.011,1.021,42.622,11.193
N82070,2026-07-01,9641,4912,1423,4123,2375,964,588,168,14.76,42.765,24.634,9.999,6.099,1.743,50.949,17.84
N82073,2026-07-01,6717,3444,935,2525,1830,726,489,212,13.92,37.591,27.244,10.808,7.28,3.156,51.273,21.245
N82074,2026-07-01,9096,4492,1374,3667,2437,940,519,159,15.106,40.314,26.792,10.334,5.706,1.748,49.384,17.788
N82076,2026-07-01,10893,5039,1935,5657,2300,597,293,111,17.764,51.932,21.114,5.481,2.69,1.019,46.259,9.189
N82077,2026-07-01,2635,1289,463,1110,616,265,129,52,17.571,42.125,23.378,10.057,4.896,1.973,48.918,16.926
N82078,2026-07-01,2773,1337,426,1023,741,360,178,45,15.362,36.891,26.722,12.982,6.419,1.623,48.215,21.024
N82079,2026-07-01,6203,2936,906,2715,1766,449,276,91,14.606,43.769,28.47,7.238,4.449,1.467,47.332,13.155
N82081,2026-07-01,6007,2927,917,3036,1255,471,268,60,15.266,50.541,20.892,7.841,4.461,0.999,48.726,13.301
N82082,2026-07-01,9537,4739,601,7002,1188,461,210,75,6.302,73.419,12.457,4.834,2.202,0.786,49.691,7.822
N82083,2026-07-01,10369,5384,1758,4165,2750,1029,495,172,16.954,40.168,26.521,9.924,4.774,1.659,51.924,16.356
N82084,2026-07-01,6474,3281,894,2211,1676,897,571,225,13.809,34.152,25.888,13.855,8.82,3.475,50.68,26.151
N82086,2026-07-01,3768,1926,631,1486,973,406,208,64,16.746,39.437,25.823,10.775,5.52,1.699,51.115,17.994
N82087,2026-07-01,2317,1118,371,850,573,330,160,33,16.012,36.685,24.73,14.243,6.905,1.424,48.252,22.572
N82089,2026-07-01,3651,1714,944,1699,690,206,82,30,25.856,46.535,18.899,5.642,2.246,0.822,46.946,8.71
N82090,2026-07-01,10073,5000,1687,4203,2446,981,555,201,16.748,41.725,24.283,9.739,5.51,1.995,49.638,17.244
N82091,2026-07-01,2214,1023,390,1087,468,174,80,15,17.615,49.097,21.138,7.859,3.613,0.678,46.206,12.15
N82092,2026-07-01,8328,4299,1215,3036,2054,1039,706,278,14.589,36.455,24.664,12.476,8.477,3.338,51.621,24.292
N82093,2026-07-01,4296,2148,707,1810,1037,401,247,94,16.457,42.132,24.139,9.334,5.75,2.188,50.0,17.272
N82094,2026-07-01,8458,4439,1307,3201,2160,950,654,186,15.453,37.846,25.538,11.232,7.732,2.199,52.483,21.163
N82095,2026-07-01,4847,2454,710,2197,1215,388,256,81,14.648,45.327,25.067,8.005,5.282,1.671,50.629,14.958
N82097,2026-07-01,8250,4146,1387,3595,2083,733,344,108,16.812,43.576,25.248,8.885,4.17,1.309,50.255,14.364
N82099,2026-07-01,8609,4069,1736,3994,1899,609,295,76,20.165,46.393,22.058,7.074,3.427,0.883,47.264,11.383
N82101,2026-07-01,2733,1345,426,1089,658,290,208,62,15.587,39.846,24.076,10.611,7.611,2.269,49.213,20.49
N82103,2026-07-01,9675,4683,1962,4536,2073,697,318,89,20.279,46.884,21.426,7.204,3.287,0.92,48.403,11.411
N82104,2026-07-01,4125,2033,540,1554,1094,508,318,111,13.091,37.673,26.521,12.315,7.709,2.691,49.285,22.715
N82106,2026-07-01,3696,1876,459,1217,961,555,366,138,12.419,32.927,26.001,15.016,9.903,3.734,50.758,28.653
N82107,2026-07-01,2040,1024,275,817,469,258,169,52,13.48,40.049,22.99,12.647,8.284,2.549,50.196,23.48
N82108,2026-07-01,8246,4247,1422,3271,1944,847,554,208,17.245,39.668,23.575,10.272,6.718,2.522,51.504,19.512
N82109,2026-07-01,5560,2814,1056,2301,1328,544,253,78,18.993,41.385,23.885,9.784,4.55,1.403,50.612,15.737
N82110,2026-07-01,8045,4107,1463,3264,1992,862,368,96,18.185,40.572,24.761,10.715,4.574,1.193,51.05,16.482
N82113,2026-07-01,8481,3747,1896,4318,1695,354,166,52,22.356,50.914,19.986,4.174,1.957,0.613,44.181,6.744
N82115,2026-07-01,9022,4503,1376,4163,2019,894,472,98,15.252,46.143,22.379,9.909,5.232,1.086,49.911,16.227
N82116,2026-07-01,8354,4276,1535,3412,2015,818,417,157,18.374,40.843,24.12,9.792,4.992,1.879,51.185,16.663
N82117,2026-07-01,60304,26819,1738,52604,4592,824,434,112,2.882,87.231,7.615,1.366,0.72,0.186,44.473,2.272
N82617,2026-07-01,10733,4861,497,8916,853,257,154,56,4.631,83.071,7.947,2.394,1.435,0.522,45.29,4.351
N82633,2026-07-01,3793,1992,629,1388,917,427,292,140,16.583,36.594,24.176,11.258,7.698,3.691,52.518,22.647
N82641,2026-07-01,5554,2549,616,2677,1520,440,227,74,11.091,48.199,27.368,7.922,4.087,1.332,45.895,13.342
N82645,2026-07-01,8898,4128,1309,5416,1528,392,190,63,14.711,60.868,17.172,4.405,2.135,0.708,46.392,7.249
N82646,2026-07-01,9359,4009,1999,4884,1732,454,224,66,21.359,52.185,18.506,4.851,2.393,0.705,42.836,7.95
N82648,2026-07-01,2806,1309,485,1278,655,243,114,31,17.284,45.545,23.343,8.66,4.063,1.105,46.65,13.828
N82650,2026-07-01,5002,2488,1048,2253,1092,417,141,51,20.952,45.042,21.831,8.337,2.819,1.02,49.74,12.175
N82651,2026-07-01,4064,1825,596,1694,1004,429,265,76,14.665,41.683,24.705,10.556,6.521,1.87,44.906,18.947
N82655,2026-07-01,2285,1146,344,816,591,273,171,90,15.055,35.711,25.864,11.947,7.484,3.939,50.153,23.37
N82662,2026-07-01,8506,3847,2014,3966,1709,456,257,104,23.677,46.626,20.092,5.361,3.021,1.223,45.227,9.605
N82663,2026-07-01,4629,2393,909,1862,1055,437,281,85,19.637,40.225,22.791,9.44,6.07,1.836,51.696,17.347
N82664,2026-07-01,3012,1452,494,1216,809,284,148,61,16.401,40.372,26.859,9.429,4.914,2.025,48.207,16.368
N82668,2026-07-01,3682,1858,765,1760,773,210,137,37,20.777,47.8,20.994,5.703,3.721,1.005,50.462,10.429
N82669,2026-07-01,3421,1590,579,1411,835,346,187,63,16.925,41.245,24.408,10.114,5.466,1.842,46.478,17.422
N82671,2026-07-01,2657,1039,296,1414,653,182,94,18,11.14,53.218,24.577,6.85,3.538,0.677,39.104,11.065
N82676,2026-07-01,4073,2023,635,1541,1143,495,198,61,15.59,37.835,28.063,12.153,4.861,1.498,49.669,18.512
N82678,2026-07-01,3344,1635,657,1402,820,278,149,38,19.647,41.926,24.522,8.313,4.456,1.136,48.894,13.906
N83001,2026-07-01,14885,7523,2646,5982,3747,1378,860,272,17.776,40.188,25.173,9.258,5.778,1.827,50.541,16.863
N83002,2026-07-01,11690,5832,1759,4464,3194,1150,815,308,15.047,38.186,27.322,9.837,6.972,2.635,49.889,19.444
N83003,2026-07-01,7045,3460,1004,2363,2026,813,610,229,14.251,33.542,28.758,11.54,8.659,3.251,49.113,23.449
N83005,2026-07-01,8616,4439,1318,3254,2263,883,642,256,15.297,37.767,26.265,10.248,7.451,2.971,51.52,20.671
N83006,2026-07-01,3315,1587,462,1246,904,331,289,83,13.937,37.587,27.27,9.985,8.718,2.504,47.873,21.207
N83007,2026-07-01,3373,1655,512,1338,876,355,229,63,15.179,39.668,25.971,10.525,6.789,1.868,49.066,19.182
N83008,2026-07-01,8317,4073,1509,3402,1997,862,453,94,18.144,40.904,24.011,10.364,5.447,1.13,48.972,16.941
N83009,2026-07-01,11868,5923,1937,4669,2922,1519,639,182,16.321,39.341,24.621,12.799,5.384,1.534,49.907,19.717
N83010,2026-07-01,6777,3445,838,2166,1940,757,715,361,12.365,31.961,28.626,11.17,10.55,5.327,50.834,27.047
N83012,2026-07-01,10215,5108,1375,3562,2871,1193,914,300,13.461,34.87,28.106,11.679,8.948,2.937,50.005,23.563
N83013,2026-07-01,4702,2404,723,1701,1177,679,314,108,15.376,36.176,25.032,14.441,6.678,2.297,51.127,23.416
N83014,2026-07-01,10300,5306,1831,3976,2666,1053,520,254,17.777,38.602,25.883,10.223,5.049,2.466,51.515,17.738
N83017,2026-07-01,6450,3198,892,2729,1536,588,540,165,13.829,42.31,23.814,9.116,8.372,2.558,49.581,20.047
N83018,2026-07-01,8613,4451,1574,3404,2237,754,448,196,18.275,39.522,25.972,8.754,5.201,2.276,51.678,16.231
N83019,2026-07-01,7729,3902,913,2432,2156,955,968,305,11.813,31.466,27.895,12.356,12.524,3.946,50.485,28.826
N83020,2026-07-01,16834,8435,2431,5915,4499,1989,1541,459,14.441,35.137,26.726,11.815,9.154,2.727,50.107,23.696
N83021,2026-07-01,7954,3968,1290,3128,2034,723,614,165,16.218,39.326,25.572,9.09,7.719,2.074,49.887,18.884
N83023,2026-07-01,11413,5566,1736,4160,2960,1348,932,277,15.211,36.45,25.935,11.811,8.166,2.427,48.769,22.404
N83024,2026-07-01,7767,3960,1256,2809,1981,880,620,221,16.171,36.166,25.505,11.33,7.982,2.845,50.985,22.158
N83025,2026-07-01,14415,7118,2854,6217,3319,1222,621,182,19.799,43.129,23.025,8.477,4.308,1.263,49.379,14.048
N83026,2026-07-01,2600,1223,351,837,696,368,281,67,13.5,32.192,26.769,14.154,10.808,2.577,47.038,27.538
N83027,2026-07-01,6580,3393,999,2444,1601,686,634,216,15.182,37.143,24.331,10.426,9.635,3.283,51.565,23.343
N83028,2026-07-01,16642,8141,2553,6421,4439,1819,1023,387,15.341,38.583,26.673,10.93,6.147,2.325,48.918,19.403
N83030,2026-07-01,5390,2821,993,2085,1255,577,341,139,18.423,38.683,23.284,10.705,6.327,2.579,52.338,19.61
N83031,2026-07-01,7148,3560,1170,2929,1797,754,353,145,16.368,40.976,25.14,10.548,4.938,2.029,49.804,17.515
N83032,2026-07-01,12365,6334,2308,5026,2966,1234,651,180,18.666,40.647,23.987,9.98,5.265,1.456,51.225,16.7
N83033,2026-07-01,5401,2657,814,1987,1410,785,335,70,15.071,36.789,26.106,14.534,6.203,1.296,49.195,22.033
N83035,2026-07-01,7038,3574,981,2607,2031,726,510,183,13.939,37.042,28.858,10.315,7.246,2.6,50.781,20.162
N83041,2026-07-01,4786,2393,622,1416,1231,659,676,182,12.996,29.586,25.721,13.769,14.125,3.803,50.0,31.697
N83043,2026-07-01,3882,1943,615,1502,1045,413,216,91,15.842,38.691,26.919,10.639,5.564,2.344,50.052,18.547
N83045,2026-07-01,10340,5144,1985,4622,2377,778,449,129,19.197,44.7,22.988,7.524,4.342,1.248,49.749,13.114
N83047,2026-07-01,5466,2824,871,1868,1350,757,454,166,15.935,34.175,24.698,13.849,8.306,3.037,51.665,25.192
N83049,2026-07-01,4266,2269,527,1295,1259,549,470,166,12.353,30.356,29.512,12.869,11.017,3.891,53.188,27.778
N83050,2026-07-01,5109,2472,923,2141,1254,439,254,98,18.066,41.906,24.545,8.593,4.972,1.918,48.385,15.482
N83053,2026-07-01,9305,4789,1390,3548,2449,964,680,274,14.938,38.13,26.319,10.36,7.308,2.945,51.467,20.613
N83054,2026-07-01,4241,2173,637,1656,1076,481,299,92,15.02,39.047,25.371,11.342,7.05,2.169,51.238,20.561
N83601,2026-07-01,8162,4224,1745,3570,1800,706,275,66,21.38,43.739,22.053,8.65,3.369,0.809,51.752,12.828
N83603,2026-07-01,8091,4154,1402,3409,2009,661,444,166,17.328,42.133,24.83,8.17,5.488,2.052,51.341,15.709
N83605,2026-07-01,6435,3219,1295,2556,1613,617,267,87,20.124,39.72,25.066,9.588,4.149,1.352,50.023,15.089
N83608,2026-07-01,15452,7646,2864,6433,3863,1480,641,171,18.535,41.632,25.0,9.578,4.148,1.107,49.482,14.833
N83609,2026-07-01,4996,2590,995,1943,1229,462,258,109,19.916,38.891,24.6,9.247,5.164,2.182,51.841,16.593
N83610,2026-07-01,2362,1231,428,959,527,282,108,58,18.12,40.601,22.312,11.939,4.572,2.456,52.117,18.967
N83614,2026-07-01,6560,3364,1230,2495,1663,602,393,177,18.75,38.034,25.351,9.177,5.991,2.698,51.28,17.866
N83619,2026-07-01,5572,3035,975,2208,1258,585,360,186,17.498,39.627,22.577,10.499,6.461,3.338,54.469,20.298
N83620,2026-07-01,3894,1897,706,1723,932,309,179,45,18.13,44.248,23.934,7.935,4.597,1.156,48.716,13.688
N83621,2026-07-01,2824,1411,480,1128,713,314,150,39,16.997,39.943,25.248,11.119,5.312,1.381,49.965,17.812
N83622,2026-07-01,2555,1217,481,1060,683,232,75,24,18.826,41.487,26.732,9.08,2.935,0.939,47.632,12.955
N83633,2026-07-01,3825,1970,619,1482,957,430,234,103,16.183,38.745,25.02,11.242,6.118,2.693,51.503,20.052
N83637,2026-07-01,3210,1575,475,1148,852,412,243,80,14.798,35.763,26.542,12.835,7.57,2.492,49.065,22.897
N84001,2026-07-01,9070,4678,1264,2945,2454,1311,812,284,13.936,32.47,27.056,14.454,8.953,3.131,51.577,26.538
N84002,2026-07-01,2470,1192,410,1035,624,224,132,45,16.599,41.903,25.263,9.069,5.344,1.822,48.259,16.235
N84003,2026-07-01,10100,5160,1314,3096,2767,1265,1131,527,13.01,30.653,27.396,12.525,11.198,5.218,51.089,28.941
N84004,2026-07-01,7769,4067,1391,3044,1891,862,401,180,17.904,39.181,24.34,11.095,5.162,2.317,52.349,18.574
N84005,2026-07-01,12447,6425,1855,4553,3239,1441,961,398,14.903,36.579,26.022,11.577,7.721,3.198,51.619,22.495
N84006,2026-07-01,11633,6034,1326,3429,3211,1611,1435,621,11.399,29.476,27.603,13.849,12.336,5.338,51.87,31.522
N84007,2026-07-01,6151,3067,994,2212,1598,705,471,171,16.16,35.962,25.98,11.462,7.657,2.78,49.862,21.899
N84008,2026-07-01,9592,4943,1247,3009,2631,1324,960,421,13.0,31.37,27.429,13.803,10.008,4.389,51.533,28.201
N84010,2026-07-01,5694,2833,921,1882,1440,737,529,185,16.175,33.052,25.29,12.943,9.29,3.249,49.754,25.483
N84011,2026-07-01,6492,3227,851,2282,1799,839,529,192,13.108,35.151,27.711,12.924,8.148,2.957,49.707,24.03
N84012,2026-07-01,11465,5902,1303,3365,3045,1731,1494,527,11.365,29.35,26.559,15.098,13.031,4.597,51.478,32.726
N84013,2026-07-01,10856,5499,1519,3547,2954,1380,1039,417,13.992,32.673,27.211,12.712,9.571,3.841,50.654,26.124
N84014,2026-07-01,3767,1905,520,1276,1045,493,324,109,13.804,33.873,27.741,13.087,8.601,2.894,50.571,24.582
N84015,2026-07-01,5739,2970,878,2256,1483,634,360,128,15.299,39.31,25.841,11.047,6.273,2.23,51.751,19.55
N84016,2026-07-01,5548,2797,865,2098,1488,638,346,113,15.591,37.815,26.82,11.5,6.236,2.037,50.415,19.773
N84017,2026-07-01,9528,4777,1191,2929,2484,1398,1080,446,12.5,30.741,26.071,14.673,11.335,4.681,50.136,30.688
N84018,2026-07-01,14909,7679,2104,4514,3878,1855,1810,748,14.112,30.277,26.011,12.442,12.14,5.017,51.506,29.6
N84019,2026-07-01,6428,3042,1121,2651,1609,580,358,109,17.439,41.241,25.031,9.023,5.569,1.696,47.324,16.288
N84020,2026-07-01,10473,5487,1437,3383,2921,1365,968,399,13.721,32.302,27.891,13.034,9.243,3.81,52.392,26.086
N84021,2026-07-01,15867,7491,1984,6130,4221,1710,1209,613,12.504,38.634,26.602,10.777,7.62,3.863,47.211,22.26
N84023,2026-07-01,7910,4010,1300,3208,2011,752,494,145,16.435,40.556,25.424,9.507,6.245,1.833,50.695,17.585
N84024,2026-07-01,9225,4828,813,2339,2554,1514,1395,610,8.813,25.355,27.686,16.412,15.122,6.612,52.336,38.146
N84025,2026-07-01,10244,5395,1536,3503,2352,1408,997,448,14.994,34.196,22.96,13.745,9.733,4.373,52.665,27.85
N84027,2026-07-01,5756,2801,1036,2799,1306,383,185,47,17.999,48.628,22.689,6.654,3.214,0.817,48.662,10.685
N84028,2026-07-01,7443,3767,1283,2981,1900,744,415,120,17.238,40.051,25.527,9.996,5.576,1.612,50.611,17.184
N84029,2026-07-01,5766,2972,980,2250,1465,640,308,123,16.996,39.022,25.408,11.1,5.342,2.133,51.544,18.574
N84034,2026-07-01,7995,3902,1363,3586,1855,688,378,125,17.048,44.853,23.202,8.605,4.728,1.563,48.806,14.897
N84035,2026-07-01,3520,1741,415,1208,1014,491,270,122,11.79,34.318,28.807,13.949,7.67,3.466,49.46,25.085
N84038,2026-07-01,6253,3129,1014,2596,1562,625,338,118,16.216,41.516,24.98,9.995,5.405,1.887,50.04,17.288
N84041,2026-07-01,6139,3121,1027,2343,1490,758,399,122,16.729,38.166,24.271,12.347,6.499,1.987,50.839,20.834
N84605,2026-07-01,8612,4220,1778,3637,2121,661,309,106,20.646,42.232,24.628,7.675,3.588,1.231,49.001,12.494
N84613,2026-07-01,4553,2384,585,1356,1166,687,567,192,12.849,29.783,25.609,15.089,12.453,4.217,52.361,31.759
N84614,2026-07-01,3329,1762,430,1000,809,558,412,120,12.917,30.039,24.302,16.762,12.376,3.605,52.929,32.743
N84615,2026-07-01,3551,1754,575,1590,892,284,148,62,16.193,44.776,25.12,7.998,4.168,1.746,49.395,13.912
N84617,2026-07-01,5286,2690,1009,2085,1304,489,303,96,19.088,39.444,24.669,9.251,5.732,1.816,50.889,16.799
N84621,2026-07-01,7922,3935,1306,2708,2070,955,589,294,16.486,34.183,26.13,12.055,7.435,3.711,49.672,23.201
N84625,2026-07-01,5957,3055,932,2167,1717,604,372,165,15.645,36.377,28.823,10.139,6.245,2.77,51.284,19.154
N84626,2026-07-01,1603,802,170,484,443,264,175,67,10.605,30.193,27.636,16.469,10.917,4.18,50.031,31.566
N85002,2026-07-01,18943,9757,2436,5667,5246,2490,2107,997,12.86,29.916,27.694,13.145,11.123,5.263,51.507,29.531
N85005,2026-07-01,11237,5705,1634,3982,2975,1265,975,406,14.541,35.437,26.475,11.257,8.677,3.613,50.77,23.547
N85006,2026-07-01,9514,4934,1301,3052,2636,1096,1017,412,13.675,32.079,27.707,11.52,10.69,4.33,51.86,26.54
N85007,2026-07-01,20814,10750,2618,6143,5490,3055,2490,1018,12.578,29.514,26.376,14.678,11.963,4.891,51.648,31.532
N85008,2026-07-01,13850,7064,1910,4097,3605,1873,1665,700,13.791,29.581,26.029,13.523,12.022,5.054,51.004,30.599
N85012,2026-07-01,9143,4651,1288,3204,2498,1148,734,271,14.087,35.043,27.321,12.556,8.028,2.964,50.87,23.548
N85013,2026-07-01,7694,3990,1008,2409,2025,1020,888,344,13.101,31.31,26.319,13.257,11.541,4.471,51.859,29.27
N85015,2026-07-01,7999,3984,1174,3119,2166,868,518,154,14.677,38.992,27.078,10.851,6.476,1.925,49.806,19.252
N85016,2026-07-01,8616,4272,1440,3592,2081,861,510,132,16.713,41.69,24.153,9.993,5.919,1.532,49.582,17.444
N85017,2026-07-01,5594,2753,898,2324,1433,546,304,89,16.053,41.545,25.617,9.76,5.434,1.591,49.213,16.786
N85018,2026-07-01,6111,3161,835,2075,1618,797,590,196,13.664,33.955,26.477,13.042,9.655,3.207,51.726,25.904
N85019,2026-07-01,8805,4193,1544,3842,2085,754,454,126,17.535,43.634,23.68,8.563,5.156,1.431,47.621,15.15
N85020,2026-07-01,15658,7843,2605,6374,3978,1457,886,358,16.637,40.708,25.406,9.305,5.658,2.286,50.089,17.25
N85021,2026-07-01,3067,1365,336,1363,810,296,185,77,10.955,44.441,26.41,9.651,6.032,2.511,44.506,18.194
N85022,2026-07-01,4438,2206,685,1687,1161,461,374,70,15.435,38.013,26.16,10.388,8.427,1.577,49.707,20.392
N85023,2026-07-01,5670,2920,844,2068,1516,646,409,187,14.885,36.473,26.737,11.393,7.213,3.298,51.499,21.905
N85024,2026-07-01,9424,4716,1636,3975,2254,909,474,176,17.36,42.18,23.918,9.646,5.03,1.868,50.042,16.543
N85025,2026-07-01,5830,2919,803,2060,1542,796,476,153,13.774,35.334,26.449,13.654,8.165,2.624,50.069,24.443
N85027,2026-07-01,8945,4467,1511,3551,2267,905,567,144,16.892,39.698,25.344,10.117,6.339,1.61,49.939,18.066
N85028,2026-07-01,13345,6881,1961,4654,3431,1654,1259,386,14.695,34.874,25.71,12.394,9.434,2.892,51.562,24.721
N85031,2026-07-01,3722,1712,637,1543,878,393,205,66,17.114,41.456,23.589,10.559,5.508,1.773,45.997,17.84
N85032,2026-07-01,6489,3341,804,1817,1689,1002,844,333,12.39,28.001,26.029,15.442,13.007,5.132,51.487,33.58
N85037,2026-07-01,6067,3130,1238,2530,1390,491,275,143,20.405,41.701,22.911,8.093,4.533,2.357,51.591,14.983
N85038,2026-07-01,4170,1986,678,1685,1076,440,229,62,16.259,40.408,25.803,10.552,5.492,1.487,47.626,17.53
N85044,2026-07-01,20694,10692,3222,7674,5547,2143,1495,613,15.57,37.083,26.805,10.356,7.224,2.962,51.667,20.542
N85046,2026-07-01,5054,2619,739,1742,1274,663,471,165,14.622,34.468,25.208,13.118,9.319,3.265,51.82,25.702
N85047,2026-07-01,7001,3580,1144,2595,1694,725,578,265,16.341,37.066,24.197,10.356,8.256,3.785,51.136,22.397
N85048,2026-07-01,5173,2627,709,1792,1423,673,433,143,13.706,34.641,27.508,13.01,8.37,2.764,50.783,24.145
N85051,2026-07-01,17501,8781,2741,6607,4621,1785,1317,430,15.662,37.752,26.404,10.199,7.525,2.457,50.174,20.182
N85052,2026-07-01,4908,2567,682,1790,1303,578,403,152,13.896,36.471,26.548,11.777,8.211,3.097,52.302,23.085
N85054,2026-07-01,5109,2641,751,1814,1390,571,443,140,14.7,35.506,27.207,11.176,8.671,2.74,51.693,22.588
N85057,2026-07-01,1889,898,221,630,519,251,203,65,11.699,33.351,27.475,13.287,10.746,3.441,47.538,27.475
N85059,2026-07-01,8318,4276,1111,2616,2365,1176,789,261,13.357,31.45,28.432,14.138,9.485,3.138,51.407,26.761
N85616,2026-07-01,4576,2293,764,1771,1153,448,329,111,16.696,38.702,25.197,9.79,7.19,2.426,50.109,19.406
N85617,2026-07-01,4916,2568,740,1563,1188,682,534,209,15.053,31.794,24.166,13.873,10.862,4.251,52.238,28.987
N85620,2026-07-01,6406,3217,781,2139,1761,973,572,180,12.192,33.391,27.49,15.189,8.929,2.81,50.219,26.928
N85625,2026-07-01,16475,8329,2974,6592,4011,1660,956,282,18.052,40.012,24.346,10.076,5.803,1.712,50.555,17.59
N85629,2026-07-01,4756,2212,815,2036,1178,392,263,72,17.136,42.809,24.769,8.242,5.53,1.514,46.51,15.286
N85633,2026-07-01,5151,2681,1024,2081,1247,450,272,77,19.88,40.4,24.209,8.736,5.281,1.495,52.048,15.512
N85634,2026-07-01,1887,890,347,713,436,196,134,61,18.389,37.785,23.105,10.387,7.101,3.233,47.165,20.721
N85640,2026-07-01,2840,1402,611,1292,627,201,90,19,21.514,45.493,22.077,7.077,3.169,0.669,49.366,10.915
N85643,2026-07-01,4115,2057,676,1644,1052,378,278,87,16.428,39.951,25.565,9.186,6.756,2.114,49.988,18.056
N85648,2026-07-01,4232,2131,686,1621,1129,495,244,57,16.21,38.303,26.678,11.697,5.766,1.347,50.354,18.809
P81002,2026-07-01,63715,30110,7628,34162,12781,4807,3208,1129,11.972,53.617,20.06,7.545,5.035,1.772,47.257,14.351
P81003,2026-07-01,8290,4190,911,2580,2345,1249,922,283,10.989,31.122,28.287,15.066,11.122,3.414,50.543,29.602
P81005,2026-07-01,12297,6050,2373,4965,2912,1039,713,295,19.297,40.376,23.681,8.449,5.798,2.399,49.199,16.646
P81006,2026-07-01,20694,10523,2782,6032,5471,2993,2476,940,13.444,29.149,26.438,14.463,11.965,4.542,50.85,30.97
P81008,2026-07-01,7287,3727,1132,2668,1847,826,640,174,15.535,36.613,25.347,11.335,8.783,2.388,51.146,22.506
P81010,2026-07-01,5629,2887,755,1753,1760,730,496,135,13.413,31.142,31.267,12.969,8.812,2.398,51.288,24.178
P81013,2026-07-01,15568,7875,2218,5927,4110,1768,1145,400,14.247,38.072,26.4,11.357,7.355,2.569,50.585,21.281
P81014,2026-07-01,9725,5096,1272,3258,2519,1193,1063,420,13.08,33.501,25.902,12.267,10.931,4.319,52.401,27.517
P81015,2026-07-01,13827,7105,2393,5264,3266,1366,1106,432,17.307,38.07,23.62,9.879,7.999,3.124,51.385,21.002
P81016,2026-07-01,12553,6002,2153,5052,3285,1185,675,203,17.151,40.245,26.169,9.44,5.377,1.617,47.813,16.434
P81017,2026-07-01,14824,7499,2106,4567,4337,1816,1476,522,14.207,30.808,29.257,12.25,9.957,3.521,50.587,25.729
P81018,2026-07-01,7907,4076,1042,2572,2309,938,770,276,13.178,32.528,29.202,11.863,9.738,3.491,51.549,25.092
P81020,2026-07-01,24739,12182,4355,10064,5920,2326,1558,516,17.604,40.681,23.93,9.402,6.298,2.086,49.242,17.786
P81022,2026-07-01,11293,5573,1869,4416,2932,1058,773,245,16.55,39.104,25.963,9.369,6.845,2.169,49.349,18.383
P81025,2026-07-01,12749,6398,2170,4685,3165,1382,1028,319,17.021,36.748,24.825,10.84,8.063,2.502,50.184,21.406
P81027,2026-07-01,15399,7704,2590,5849,4052,1605,1024,279,16.819,37.983,26.313,10.423,6.65,1.812,50.029,18.884
P81029,2026-07-01,23948,12344,2982,6757,6392,3571,3128,1118,12.452,28.215,26.691,14.911,13.062,4.668,51.545,32.642
P81031,2026-07-01,6667,3233,728,2082,1866,1017,702,272,10.919,31.228,27.989,15.254,10.529,4.08,48.493,29.864
P81032,2026-07-01,14390,7377,2715,5582,3382,1328,1021,362,18.867,38.791,23.502,9.229,7.095,2.516,51.265,18.839
P81033,2026-07-01,8132,4053,1187,2812,2172,950,770,241,14.597,34.579,26.709,11.682,9.469,2.964,49.84,24.115
P81035,2026-07-01,8505,4055,2003,4159,1594,432,229,88,23.551,48.901,18.742,5.079,2.693,1.035,47.678,8.807
P81036,2026-07-01,18643,9261,3034,7352,4709,1756,1371,421,16.274,39.436,25.259,9.419,7.354,2.258,49.675,19.031
P81037,2026-07-01,12775,6624,1356,3419,3444,2160,1648,748,10.614,26.763,26.959,16.908,12.9,5.855,51.851,35.663
P81038,2026-07-01,9879,4983,1664,3843,2477,933,733,229,16.844,38.901,25.073,9.444,7.42,2.318,50.44,19.182
P81039,2026-07-01,5538,2770,1056,2269,1480,426,256,51,19.068,40.971,26.724,7.692,4.623,0.921,50.018,13.236
P81040,2026-07-01,10289,5281,1317,3076,2907,1285,1247,457,12.8,29.896,28.253,12.489,12.12,4.442,51.327,29.05
P81041,2026-07-01,9677,4992,1270,3327,2473,1284,979,344,13.124,34.38,25.555,13.269,10.117,3.555,51.586,26.94
P81042,2026-07-01,14788,7016,2690,5938,3701,1419,776,264,18.19,40.154,25.027,9.596,5.247,1.785,47.444,16.628
P81043,2026-07-01,6528,2886,901,2747,1718,667,395,100,13.802,42.08,26.317,10.218,6.051,1.532,44.21,17.8
P81044,2026-07-01,16714,8426,2509,6154,4385,1734,1449,483,15.011,36.819,26.235,10.375,8.669,2.89,50.413,21.934
P81045,2026-07-01,4573,2313,586,1493,1185,596,491,222,12.814,32.648,25.913,13.033,10.737,4.855,50.579,28.625
P81047,2026-07-01,15976,8042,2678,6105,3919,1696,1208,370,16.763,38.214,24.531,10.616,7.561,2.316,50.338,20.493
P81051,2026-07-01,14792,7494,2355,5950,3774,1458,991,264,15.921,40.224,25.514,9.857,6.7,1.785,50.663,18.341
P81053,2026-07-01,8297,4167,1350,3141,2079,900,664,163,16.271,37.857,25.057,10.847,8.003,1.965,50.223,20.815
P81054,2026-07-01,9371,4745,1444,3686,2513,904,588,236,15.409,39.334,26.817,9.647,6.275,2.518,50.635,18.44
P81055,2026-07-01,15126,7644,2485,5218,3966,1786,1224,447,16.429,34.497,26.22,11.807,8.092,2.955,50.536,22.855
P81057,2026-07-01,14172,7247,2107,5170,3780,1528,1195,392,14.867,36.48,26.672,10.782,8.432,2.766,51.136,21.98
P81058,2026-07-01,10233,5081,1939,4107,2541,866,584,196,18.948,40.135,24.831,8.463,5.707,1.915,49.653,16.085
P81059,2026-07-01,7763,3905,1049,2163,2219,1193,881,258,13.513,27.863,28.584,15.368,11.349,3.323,50.303,30.04
P81061,2026-07-01,4362,2125,611,1570,1224,477,334,146,14.007,35.993,28.061,10.935,7.657,3.347,48.716,21.939
P81062,2026-07-01,7683,3920,1055,2681,2176,897,659,215,13.732,34.895,28.322,11.675,8.577,2.798,51.022,23.051
P81063,2026-07-01,10957,5003,1489,4174,3173,1142,702,277,13.589,38.094,28.959,10.423,6.407,2.528,45.66,19.357
P81065,2026-07-01,15029,7568,2296,5331,3925,1789,1322,366,15.277,35.471,26.116,11.904,8.796,2.435,50.356,23.135
P81066,2026-07-01,8257,4166,1498,3199,2114,791,510,145,18.142,38.743,25.603,9.58,6.177,1.756,50.454,17.512
P81067,2026-07-01,12665,6444,1950,4536,3602,1326,871,380,15.397,35.815,28.441,10.47,6.877,3.0,50.88,20.347
P81069,2026-07-01,11796,5987,1731,3917,3298,1428,1020,402,14.674,33.206,27.959,12.106,8.647,3.408,50.754,24.161
P81070,2026-07-01,8307,4226,1648,3192,1808,810,630,219,19.839,38.425,21.765,9.751,7.584,2.636,50.873,19.971
P81071,2026-07-01,7257,3565,1462,3390,1515,527,285,78,20.146,46.714,20.876,7.262,3.927,1.075,49.125,12.264
P81072,2026-07-01,13576,6891,1802,4640,3821,1654,1184,475,13.273,34.178,28.145,12.183,8.721,3.499,50.759,24.403
P81073,2026-07-01,13147,6725,1555,3915,3467,1922,1676,612,11.828,29.779,26.371,14.619,12.748,4.655,51.152,32.023
P81074,2026-07-01,13336,6838,1869,4617,3599,1662,1180,409,14.015,34.621,26.987,12.463,8.848,3.067,51.275,24.378
P81076,2026-07-01,10615,5375,1459,3712,2843,1312,953,336,13.745,34.969,26.783,12.36,8.978,3.165,50.636,24.503
P81077,2026-07-01,10764,5611,1160,2731,3047,1686,1522,618,10.777,25.372,28.307,15.663,14.14,5.741,52.127,35.544
P81078,2026-07-01,12031,5973,1778,4175,3220,1467,1058,333,14.778,34.702,26.764,12.194,8.794,2.768,49.647,23.755
P81079,2026-07-01,12873,6638,1641,4069,3474,1727,1503,459,12.748,31.609,26.987,13.416,11.676,3.566,51.565,28.657
P81081,2026-07-01,6169,3182,869,2261,1697,667,493,182,14.087,36.651,27.509,10.812,7.992,2.95,51.58,21.754
P81082,2026-07-01,11063,5607,1645,3945,2783,1362,1010,318,14.869,35.659,25.156,12.311,9.13,2.874,50.682,24.315
P81083,2026-07-01,8679,4400,1273,3052,2241,975,843,295,14.668,35.165,25.821,11.234,9.713,3.399,50.697,24.346
P81084,2026-07-01,8262,4151,1122,2667,2379,959,791,344,13.58,32.28,28.794,11.607,9.574,4.164,50.242,25.345
P81086,2026-07-01,9569,4883,1525,3494,2278,1109,827,336,15.937,36.514,23.806,11.59,8.642,3.511,51.029,23.743
P81087,2026-07-01,11658,5915,1251,2785,3177,2181,1724,540,10.731,23.889,27.252,18.708,14.788,4.632,50.738,38.128
P81088,2026-07-01,6831,3400,1091,2451,1865,709,544,171,15.971,35.881,27.302,10.379,7.964,2.503,49.773,20.846
P81089,2026-07-01,12588,6244,1824,4591,3221,1544,1041,367,14.49,36.471,25.588,12.266,8.27,2.915,49.603,23.451
P81092,2026-07-01,7618,3842,753,2146,2068,1228,1046,377,9.884,28.17,27.146,16.12,13.731,4.949,50.433,34.799
P81095,2026-07-01,8553,4259,1752,3382,1953,697,591,178,20.484,39.542,22.834,8.149,6.91,2.081,49.795,17.14
P81096,2026-07-01,6968,3612,871,1964,2073,952,847,261,12.5,28.186,29.75,13.662,12.156,3.746,51.837,29.564
P81099,2026-07-01,10815,5526,1709,3805,2935,1201,913,252,15.802,35.183,27.138,11.105,8.442,2.33,51.096,21.877
P81100,2026-07-01,15706,7941,2223,5457,4096,1938,1447,545,14.154,34.745,26.079,12.339,9.213,3.47,50.56,25.022
P81103,2026-07-01,11817,6130,2277,4481,2906,1119,721,313,19.269,37.92,24.592,9.469,6.101,2.649,51.874,18.22
P81107,2026-07-01,8113,4101,1191,2839,2217,957,708,201,14.68,34.993,27.327,11.796,8.727,2.478,50.549,23.0
P81112,2026-07-01,16750,8530,2489,7248,3940,1602,1093,378,14.86,43.272,23.522,9.564,6.525,2.257,50.925,18.346
P81113,2026-07-01,8001,4181,983,2322,2256,1218,901,321,12.286,29.021,28.196,15.223,11.261,4.012,52.256,30.496
P81115,2026-07-01,16891,8110,3036,7000,4263,1572,816,204,17.974,41.442,25.238,9.307,4.831,1.208,48.014,15.345
P81117,2026-07-01,5832,2953,987,2360,1402,518,448,117,16.924,40.466,24.04,8.882,7.682,2.006,50.634,18.57
P81118,2026-07-01,10133,5120,1906,4078,2575,873,537,164,18.81,40.245,25.412,8.615,5.3,1.618,50.528,15.533
P81119,2026-07-01,11332,5419,2061,5442,2438,744,473,174,18.187,48.023,21.514,6.565,4.174,1.535,47.82,12.275
P81123,2026-07-01,12258,5893,2397,5415,2776,939,570,161,19.555,44.175,22.646,7.66,4.65,1.313,48.075,13.624
P81125,2026-07-01,9934,4961,1794,3736,2366,1005,763,270,18.059,37.608,23.817,10.117,7.681,2.718,49.94,20.515
P81127,2026-07-01,9687,4907,1748,3829,2398,927,608,177,18.045,39.527,24.755,9.57,6.276,1.827,50.656,17.673
P81128,2026-07-01,9892,4962,1568,3485,2635,1113,806,285,15.851,35.23,26.638,11.252,8.148,2.881,50.162,22.281
P81129,2026-07-01,12021,6169,1796,4153,3219,1447,1079,327,14.941,34.548,26.778,12.037,8.976,2.72,51.319,23.733
P81130,2026-07-01,13651,6844,2174,4887,3548,1507,1146,389,15.926,35.8,25.991,11.039,8.395,2.85,50.136,22.284
P81132,2026-07-01,9307,4680,1433,3452,2630,944,684,164,15.397,37.09,28.258,10.143,7.349,1.762,50.285,19.254
P81133,2026-07-01,9044,4679,1185,2831,2466,1257,970,335,13.103,31.303,27.267,13.899,10.725,3.704,51.736,28.328
P81136,2026-07-01,2890,1448,396,1009,787,355,247,96,13.702,34.913,27.232,12.284,8.547,3.322,50.104,24.152
P81137,2026-07-01,7006,3625,1209,2612,1803,733,516,133,17.257,37.282,25.735,10.462,7.365,1.898,51.741,19.726
P81138,2026-07-01,3477,1762,556,1215,897,377,345,87,15.991,34.944,25.798,10.843,9.922,2.502,50.676,23.267
P81140,2026-07-01,15221,7441,2395,5786,4035,1570,1112,323,15.735,38.013,26.509,10.315,7.306,2.122,48.886,19.742
P81143,2026-07-01,11753,5857,1818,4074,3370,1321,891,279,15.468,34.663,28.674,11.24,7.581,2.374,49.834,21.195
P81147,2026-07-01,4917,2324,887,1957,1235,409,334,95,18.039,39.801,25.117,8.318,6.793,1.932,47.265,17.043
P81149,2026-07-01,9409,4884,1314,2896,2532,1281,1000,386,13.965,30.779,26.91,13.615,10.628,4.102,51.908,28.345
P81150,2026-07-01,12087,6172,1441,3310,3250,1801,1556,729,11.922,27.385,26.888,14.9,12.873,6.031,51.063,33.805
P81154,2026-07-01,7919,4081,1023,2426,2276,1001,869,324,12.918,30.635,28.741,12.64,10.974,4.091,51.534,27.706
P81155,2026-07-01,6331,3238,1252,2358,1566,594,399,162,19.776,37.245,24.735,9.382,6.302,2.559,51.145,18.244
P81157,2026-07-01,11362,5882,1406,3148,3203,1806,1351,448,12.375,27.706,28.19,15.895,11.891,3.943,51.769,31.729
P81159,2026-07-01,12071,5912,1663,4062,3354,1508,1087,397,13.777,33.651,27.786,12.493,9.005,3.289,48.977,24.787
P81160,2026-07-01,16512,8029,3276,6752,3872,1438,923,251,19.84,40.891,23.45,8.709,5.59,1.52,48.625,15.819
P81165,2026-07-01,2802,1336,477,1130,659,282,205,49,17.024,40.328,23.519,10.064,7.316,1.749,47.68,19.129
P81166,2026-07-01,2432,1134,408,941,643,230,151,59,16.776,38.692,26.439,9.457,6.209,2.426,46.628,18.092
P81167,2026-07-01,6000,2990,1341,2655,1320,406,211,67,22.35,44.25,22.0,6.767,3.517,1.117,49.833,11.4
P81169,2026-07-01,6749,3229,1014,3259,1472,557,347,100,15.024,48.289,21.811,8.253,5.142,1.482,47.844,14.876
P81170,2026-07-01,11041,5370,2819,5221,2137,565,243,56,25.532,47.287,19.355,5.117,2.201,0.507,48.637,7.825
P81171,2026-07-01,4693,2393,714,1503,1313,568,483,112,15.214,32.026,27.978,12.103,10.292,2.387,50.991,24.782
P81172,2026-07-01,12311,6394,2223,4976,3128,1082,674,228,18.057,40.419,25.408,8.789,5.475,1.852,51.937,16.116
P81179,2026-07-01,6819,3548,1099,2587,1877,678,417,161,16.117,37.938,27.526,9.943,6.115,2.361,52.031,18.419
P81180,2026-07-01,3352,1674,566,1325,839,299,248,75,16.885,39.529,25.03,8.92,7.399,2.237,49.94,18.556
P81181,2026-07-01,5500,2833,912,2026,1357,598,447,160,16.582,36.836,24.673,10.873,8.127,2.909,51.509,21.909
P81182,2026-07-01,6802,3250,1526,3160,1387,386,242,101,22.435,46.457,20.391,5.675,3.558,1.485,47.78,10.717
P81184,2026-07-01,9334,4723,1887,4122,2113,691,381,140,20.216,44.161,22.638,7.403,4.082,1.5,50.6,12.985
P81185,2026-07-01,10550,5311,1423,3574,3249,1189,854,261,13.488,33.877,30.796,11.27,8.095,2.474,50.341,21.839
P81186,2026-07-01,4683,2379,738,1774,1200,496,362,113,15.759,37.882,25.625,10.592,7.73,2.413,50.801,20.735
P81191,2026-07-01,10161,5286,1277,3130,2681,1461,1170,442,12.568,30.804,26.385,14.379,11.515,4.35,52.022,30.243
P81196,2026-07-01,36880,17694,7691,16562,8236,2457,1455,479,20.854,44.908,22.332,6.662,3.945,1.299,47.977,11.906
P81197,2026-07-01,5014,2547,885,1949,1235,527,342,76,17.651,38.871,24.631,10.511,6.821,1.516,50.798,18.847
P81201,2026-07-01,5912,2857,1018,2405,1483,638,294,74,17.219,40.68,25.085,10.792,4.973,1.252,48.325,17.016
P81208,2026-07-01,17885,8847,3127,7093,4673,1655,1026,311,17.484,39.659,26.128,9.254,5.737,1.739,49.466,16.729
P81212,2026-07-01,6288,3084,1131,2454,1624,545,391,143,17.987,39.027,25.827,8.667,6.218,2.274,49.046,17.16
P81213,2026-07-01,18369,9132,1601,11729,2778,1199,797,265,8.716,63.852,15.123,6.527,4.339,1.443,49.714,12.309
P81214,2026-07-01,4782,2349,1027,1953,1072,393,235,102,21.476,40.841,22.417,8.218,4.914,2.133,49.122,15.266
P81218,2026-07-01,6141,3065,1017,2286,1595,631,474,138,16.561,37.225,25.973,10.275,7.719,2.247,49.91,20.241
P81620,2026-07-01,1487,723,175,446,483,214,131,38,11.769,29.993,32.482,14.391,8.81,2.555,48.621,25.757
P81622,2026-07-01,11510,5600,2476,5401,2599,709,242,83,21.512,46.924,22.58,6.16,2.103,0.721,48.653,8.983
P81633,2026-07-01,4126,2013,608,1567,1155,441,266,89,14.736,37.979,27.993,10.688,6.447,2.157,48.788,19.292
P81646,2026-07-01,4103,2061,471,1252,1214,523,464,179,11.479,30.514,29.588,12.747,11.309,4.363,50.232,28.418
P81647,2026-07-01,4488,2084,828,2282,998,246,97,37,18.449,50.847,22.237,5.481,2.161,0.824,46.435,8.467
P81655,2026-07-01,10696,5437,1614,3363,3080,1228,1109,302,15.09,31.442,28.796,11.481,10.368,2.823,50.832,24.673
P81664,2026-07-01,24666,11939,4269,11118,5837,1972,1042,428,17.307,45.074,23.664,7.995,4.224,1.735,48.403,13.954
P81668,2026-07-01,6119,2864,911,2180,1642,797,459,130,14.888,35.627,26.834,13.025,7.501,2.125,46.805,22.651
P81674,2026-07-01,5869,3065,828,1889,1584,767,622,179,14.108,32.186,26.989,13.069,10.598,3.05,52.224,26.717
P81681,2026-07-01,13889,6901,2089,4936,3643,1644,1170,407,15.041,35.539,26.229,11.837,8.424,2.93,49.687,23.191
P81683,2026-07-01,7387,3523,1593,3535,1589,456,163,51,21.565,47.854,21.511,6.173,2.207,0.69,47.692,9.07
P81685,2026-07-01,4359,1994,845,2321,791,252,106,44,19.385,53.246,18.146,5.781,2.432,1.009,45.744,9.222
P81686,2026-07-01,2637,1205,489,1072,670,195,170,41,18.544,40.652,25.408,7.395,6.447,1.555,45.696,15.396
P81687,2026-07-01,2091,1129,286,565,563,306,279,92,13.678,27.021,26.925,14.634,13.343,4.4,53.993,32.377
P81692,2026-07-01,2022,974,264,587,573,269,238,91,13.056,29.031,28.338,13.304,11.771,4.5,48.17,29.575
P81694,2026-07-01,5234,2413,1148,2643,1059,231,120,33,21.934,50.497,20.233,4.413,2.293,0.63,46.102,7.337
P81695,2026-07-01,6652,3400,1026,2136,1881,763,570,276,15.424,32.111,28.277,11.47,8.569,4.149,51.112,24.188
P81699,2026-07-01,2507,1257,354,924,726,256,178,69,14.12,36.857,28.959,10.211,7.1,2.752,50.14,20.064
P81701,2026-07-01,2965,1498,434,1078,819,362,194,78,14.637,36.358,27.622,12.209,6.543,2.631,50.523,21.383
P81704,2026-07-01,10771,5346,2089,4544,2624,835,511,168,19.395,42.187,24.362,7.752,4.744,1.56,49.633,14.056
P81707,2026-07-01,5202,2522,1082,2484,1149,297,145,45,20.8,47.751,22.088,5.709,2.787,0.865,48.481,9.362
P81709,2026-07-01,6317,3240,1497,2938,1299,358,168,57,23.698,46.509,20.564,5.667,2.659,0.902,51.29,9.229
P81710,2026-07-01,10078,5086,1300,3056,2822,1410,1138,352,12.899,30.323,28.002,13.991,11.292,3.493,50.466,28.776
P81714,2026-07-01,5711,2744,863,2063,1590,617,429,149,15.111,36.123,27.841,10.804,7.512,2.609,48.048,20.925
P81721,2026-07-01,2522,1190,417,1157,632,189,102,25,16.534,45.876,25.059,7.494,4.044,0.991,47.185,12.53
P81724,2026-07-01,2705,1295,604,1262,599,153,69,18,22.329,46.654,22.144,5.656,2.551,0.665,47.874,8.872
P81726,2026-07-01,1915,941,378,774,465,150,112,36,19.739,40.418,24.282,7.833,5.849,1.88,49.138,15.561
P81730,2026-07-01,9475,4780,1574,3609,2379,950,713,250,16.612,38.09,25.108,10.026,7.525,2.639,50.449,20.19
P81731,2026-07-01,2564,1152,508,1139,590,167,120,40,19.813,44.423,23.011,6.513,4.68,1.56,44.93,12.754
P81732,2026-07-01,4579,2355,624,1463,1419,576,390,107,13.627,31.95,30.989,12.579,8.517,2.337,51.43,23.433
P81734,2026-07-01,19490,9752,4036,8431,4671,1374,797,181,20.708,43.258,23.966,7.05,4.089,0.929,50.036,12.068
P81735,2026-07-01,3168,1508,691,1445,742,174,101,15,21.812,45.612,23.422,5.492,3.188,0.473,47.601,9.154
P81736,2026-07-01,4023,1982,935,1782,875,240,142,49,23.241,44.295,21.75,5.966,3.53,1.218,49.267,10.713
P81740,2026-07-01,11117,5297,1605,4118,3195,1206,740,253,14.437,37.042,28.74,10.848,6.656,2.276,47.648,19.781
P81741,2026-07-01,2533,1210,464,1094,629,216,98,32,18.318,43.19,24.832,8.527,3.869,1.263,47.769,13.66
P81742,2026-07-01,2722,1357,289,823,775,423,316,96,10.617,30.235,28.472,15.54,11.609,3.527,49.853,30.676
P81748,2026-07-01,7795,3982,1289,3284,1858,734,459,171,16.536,42.13,23.836,9.416,5.888,2.194,51.084,17.498
P81755,2026-07-01,8478,4203,1412,3084,2146,904,693,239,16.655,36.377,25.313,10.663,8.174,2.819,49.575,21.656
P81757,2026-07-01,3668,1772,436,1189,1187,468,298,90,11.887,32.415,32.361,12.759,8.124,2.454,48.31,23.337
P81770,2026-07-01,7725,3560,1392,4283,1474,394,134,48,18.019,55.443,19.081,5.1,1.735,0.621,46.084,7.456
P81771,2026-07-01,9198,4495,1651,3852,2269,807,463,156,17.95,41.879,24.668,8.774,5.034,1.696,48.869,15.503
P81780,2026-07-01,5630,2702,1324,2769,1119,251,129,38,23.517,49.183,19.876,4.458,2.291,0.675,47.993,7.425
P82001,2026-07-01,10092,5219,1737,3809,2484,972,798,292,17.212,37.743,24.614,9.631,7.907,2.893,51.714,20.432
P82002,2026-07-01,7176,3434,1172,2824,1886,653,437,204,16.332,39.353,26.282,9.1,6.09,2.843,47.854,18.032
P82003,2026-07-01,14778,7359,2243,5637,3985,1492,1134,287,15.178,38.145,26.966,10.096,7.674,1.942,49.797,19.712
P82004,2026-07-01,9649,4803,2050,4328,2067,687,365,152,21.246,44.854,21.422,7.12,3.783,1.575,49.777,12.478
P82005,2026-07-01,7143,3610,1089,2556,1811,873,626,188,15.246,35.783,25.353,12.222,8.764,2.632,50.539,23.618
P82006,2026-07-01,11458,5903,1851,4540,2991,1068,770,238,16.155,39.623,26.104,9.321,6.72,2.077,51.519,18.118
P82007,2026-07-01,13138,6626,2243,4957,3443,1244,970,281,17.073,37.73,26.206,9.469,7.383,2.139,50.434,18.991
P82008,2026-07-01,14812,7482,2924,6286,3511,1114,745,232,19.741,42.439,23.704,7.521,5.03,1.566,50.513,14.117
P82009,2026-07-01,8031,4032,1622,3138,1777,733,553,208,20.197,39.074,22.127,9.127,6.886,2.59,50.205,18.603
P82010,2026-07-01,7792,3824,1712,3285,1652,578,433,132,21.971,42.159,21.201,7.418,5.557,1.694,49.076,14.669
P82011,2026-07-01,6984,3484,1167,2651,1673,762,558,173,16.71,37.958,23.955,10.911,7.99,2.477,49.885,21.377
P82012,2026-07-01,6216,2914,835,2807,1608,484,380,102,13.433,45.158,25.869,7.786,6.113,1.641,46.879,15.541
P82013,2026-07-01,3989,1904,821,1765,888,311,153,51,20.582,44.247,22.261,7.796,3.836,1.279,47.731,12.911
P82014,2026-07-01,6481,3187,924,2234,1690,743,645,245,14.257,34.47,26.076,11.464,9.952,3.78,49.175,25.197
P82015,2026-07-01,20257,10318,3154,7066,5472,2321,1743,501,15.57,34.882,27.013,11.458,8.604,2.473,50.935,22.535
P82016,2026-07-01,12142,6086,1889,4291,3070,1312,1136,444,15.558,35.34,25.284,10.805,9.356,3.657,50.124,23.818
P82018,2026-07-01,7561,3848,1567,3191,1792,548,376,87,20.725,42.203,23.701,7.248,4.973,1.151,50.893,13.371
P82020,2026-07-01,4802,2322,987,1967,1079,381,311,77,20.554,40.962,22.47,7.934,6.476,1.603,48.355,16.014
P82021,2026-07-01,6920,3562,1256,2567,1739,640,513,205,18.15,37.095,25.13,9.249,7.413,2.962,51.474,19.624
P82022,2026-07-01,5710,2811,1199,2529,1261,398,259,64,20.998,44.291,22.084,6.97,4.536,1.121,49.229,12.627
P82023,2026-07-01,8512,4318,1214,2847,2363,991,832,265,14.262,33.447,27.761,11.642,9.774,3.113,50.728,24.53
P82025,2026-07-01,4351,2147,777,1658,1113,399,312,92,17.858,38.106,25.58,9.17,7.171,2.114,49.345,18.456
P82029,2026-07-01,3562,1768,651,1474,886,297,179,75,18.276,41.381,24.874,8.338,5.025,2.106,49.635,15.469
P82030,2026-07-01,3949,1799,813,1858,840,236,128,74,20.587,47.05,21.271,5.976,3.241,1.874,45.556,11.091
P82031,2026-07-01,10634,5421,1768,3760,2912,1099,768,327,16.626,35.358,27.384,10.335,7.222,3.075,50.978,20.632
P82033,2026-07-01,1965,787,303,879,458,156,119,50,15.42,44.733,23.308,7.939,6.056,2.545,40.051,16.539
P82034,2026-07-01,4181,2134,605,1320,1228,497,406,125,14.47,31.571,29.371,11.887,9.711,2.99,51.04,24.587
P82036,2026-07-01,2859,1375,391,1017,754,307,344,46,13.676,35.572,26.373,10.738,12.032,1.609,48.094,24.379
P82037,2026-07-01,4958,2422,845,2054,1312,423,257,67,17.043,41.428,26.462,8.532,5.184,1.351,48.85,15.067
P82607,2026-07-01,6052,3097,1092,2530,1405,465,440,120,18.044,41.804,23.215,7.683,7.27,1.983,51.173,16.937
P82609,2026-07-01,6388,3054,1663,3120,1222,264,98,21,26.033,48.842,19.13,4.133,1.534,0.329,47.808,5.996
P82613,2026-07-01,5265,2650,847,2055,1333,503,435,92,16.087,39.031,25.318,9.554,8.262,1.747,50.332,19.563
P82616,2026-07-01,3763,1740,965,1783,721,179,96,19,25.644,47.382,19.16,4.757,2.551,0.505,46.24,7.813
P82624,2026-07-01,3517,1646,815,1533,800,202,113,54,23.173,43.588,22.747,5.744,3.213,1.535,46.801,10.492
P82625,2026-07-01,2330,1098,580,1084,476,123,50,17,24.893,46.524,20.429,5.279,2.146,0.73,47.124,8.155
P82626,2026-07-01,5123,2493,1095,2313,1111,372,169,63,21.374,45.149,21.687,7.261,3.299,1.23,48.663,11.79
P82627,2026-07-01,4177,2017,780,1688,1043,429,196,41,18.674,40.412,24.97,10.271,4.692,0.982,48.288,15.944
P82629,2026-07-01,2037,966,377,850,523,174,80,33,18.508,41.728,25.675,8.542,3.927,1.62,47.423,14.089
P82633,2026-07-01,2473,1216,550,1069,529,191,104,30,22.24,43.227,21.391,7.723,4.205,1.213,49.171,13.142
P82634,2026-07-01,3948,1915,825,1626,920,313,201,63,20.897,41.185,23.303,7.928,5.091,1.596,48.506,14.615
P82640,2026-07-01,5040,2338,1139,2414,1034,310,104,39,22.599,47.897,20.516,6.151,2.063,0.774,46.389,8.988
P82643,2026-07-01,7601,3928,1251,2726,2114,784,564,162,16.458,35.864,27.812,10.314,7.42,2.131,51.677,19.866
P82652,2026-07-01,4380,2158,894,1883,983,335,227,58,20.411,42.991,22.443,7.648,5.183,1.324,49.269,14.155
P82660,2026-07-01,3560,1695,825,1588,806,215,101,25,23.174,44.607,22.64,6.039,2.837,0.702,47.612,9.579
P83001,2026-07-01,14224,7260,2595,6002,3331,1197,783,316,18.244,42.196,23.418,8.415,5.505,2.222,51.04,16.142
P83004,2026-07-01,7810,3879,1277,3252,2060,614,425,182,16.351,41.639,26.376,7.862,5.442,2.33,49.667,15.634
P83005,2026-07-01,4448,2251,631,1571,1151,510,421,164,14.186,35.319,25.877,11.466,9.465,3.687,50.607,24.618
P83006,2026-07-01,8034,4023,1189,2863,2425,802,548,207,14.8,35.636,30.184,9.983,6.821,2.577,50.075,19.38
P83007,2026-07-01,11451,5783,2150,4960,2689,856,649,147,18.776,43.315,23.483,7.475,5.668,1.284,50.502,14.427
P83009,2026-07-01,7538,3809,1063,2423,2037,929,803,283,14.102,32.144,27.023,12.324,10.653,3.754,50.531,26.731
P83010,2026-07-01,3609,1721,591,1524,880,374,181,59,16.376,42.228,24.383,10.363,5.015,1.635,47.686,17.013
P83011,2026-07-01,7465,3845,1178,2721,1907,788,626,245,15.78,36.45,25.546,10.556,8.386,3.282,51.507,22.224
P83012,2026-07-01,48116,24518,7680,17819,12928,4856,3686,1147,15.961,37.033,26.868,10.092,7.661,2.384,50.956,20.137
P83015,2026-07-01,7370,3667,1000,2683,2034,735,684,234,13.569,36.404,27.598,9.973,9.281,3.175,49.756,22.429
P83017,2026-07-01,7039,3491,1221,2930,1668,630,448,142,17.346,41.625,23.697,8.95,6.365,2.017,49.595,17.332
P83021,2026-07-01,9793,4835,1732,4049,2427,901,523,161,17.686,41.346,24.783,9.2,5.341,1.644,49.372,16.185
P83024,2026-07-01,4526,2144,772,1965,1046,375,269,99,17.057,43.416,23.111,8.285,5.943,2.187,47.371,16.416
P83025,2026-07-01,8798,4252,2457,3661,1536,641,366,137,27.927,41.612,17.459,7.286,4.16,1.557,48.329,13.003
P83027,2026-07-01,1785,832,217,679,472,223,150,44,12.157,38.039,26.443,12.493,8.403,2.465,46.611,23.361
P83603,2026-07-01,9010,4579,1278,3093,2380,1015,926,318,14.184,34.329,26.415,11.265,10.277,3.529,50.821,25.072
P83605,2026-07-01,7453,3737,1333,3108,1818,561,466,167,17.885,41.701,24.393,7.527,6.253,2.241,50.141,16.02
P83608,2026-07-01,6298,3207,924,2579,1574,570,452,199,14.671,40.95,24.992,9.05,7.177,3.16,50.921,19.387
P83609,2026-07-01,3883,1965,613,1549,1055,364,230,72,15.787,39.892,27.17,9.374,5.923,1.854,50.605,17.152
P83611,2026-07-01,4771,2148,1199,2182,995,240,117,38,25.131,45.735,20.855,5.03,2.452,0.796,45.022,8.279
P83612,2026-07-01,5459,2799,815,1803,1449,633,561,198,14.929,33.028,26.543,11.596,10.277,3.627,51.273,25.499
P83620,2026-07-01,5439,2829,657,1761,1485,703,640,193,12.079,32.377,27.303,12.925,11.767,3.548,52.013,28.24
P83621,2026-07-01,2766,1323,514,1081,713,263,146,49,18.583,39.082,25.777,9.508,5.278,1.772,47.831,16.558
P83623,2026-07-01,4743,2294,790,1819,1289,435,293,117,16.656,38.351,27.177,9.171,6.178,2.467,48.366,17.816
P84004,2026-07-01,8469,4105,1522,3633,2210,655,351,98,17.971,42.898,26.095,7.734,4.145,1.157,48.471,13.036
P84005,2026-07-01,15345,7942,610,13481,872,227,95,60,3.975,87.853,5.683,1.479,0.619,0.391,51.756,2.489
P84009,2026-07-01,10667,4750,1770,5769,2294,538,218,78,16.593,54.083,21.506,5.044,2.044,0.731,44.53,7.819
P84010,2026-07-01,10060,4827,1546,4867,2496,683,332,136,15.368,48.38,24.811,6.789,3.3,1.352,47.982,11.441
P84012,2026-07-01,8373,4111,1152,3148,2302,962,615,194,13.759,37.597,27.493,11.489,7.345,2.317,49.098,21.151
P84014,2026-07-01,5267,2624,1164,2194,1134,440,241,94,22.1,41.656,21.53,8.354,4.576,1.785,49.82,14.714
P84016,2026-07-01,9044,4257,1782,4591,1842,476,267,86,19.704,50.763,20.367,5.263,2.952,0.951,47.07,9.166
P84017,2026-07-01,12403,6249,2332,5796,2800,850,464,161,18.802,46.731,22.575,6.853,3.741,1.298,50.383,11.892
P84018,2026-07-01,3448,1517,278,2348,495,161,127,39,8.063,68.097,14.356,4.669,3.683,1.131,43.997,9.484
P84019,2026-07-01,10401,5257,2010,4234,2587,912,512,146,19.325,40.708,24.873,8.768,4.923,1.404,50.543,15.095
P84020,2026-07-01,9796,4815,2105,4328,2255,666,332,110,21.488,44.181,23.02,6.799,3.389,1.123,49.153,11.311
P84021,2026-07-01,9155,4712,1896,3979,2133,672,375,100,20.71,43.463,23.299,7.34,4.096,1.092,51.469,12.529
P84022,2026-07-01,6081,3076,1134,2601,1352,525,341,128,18.648,42.773,22.233,8.633,5.608,2.105,50.584,16.346
P84023,2026-07-01,8942,4225,667,6348,1280,402,188,57,7.459,70.991,14.314,4.496,2.102,0.637,47.249,7.236
P84024,2026-07-01,7906,3954,1395,3433,1918,662,400,98,17.645,43.423,24.26,8.373,5.059,1.24,50.013,14.672
P84025,2026-07-01,7412,3650,1531,3205,1709,553,323,91,20.656,43.241,23.057,7.461,4.358,1.228,49.244,13.046
P84026,2026-07-01,9544,3928,1821,4794,2213,477,169,70,19.08,50.231,23.187,4.998,1.771,0.733,41.157,7.502
P84027,2026-07-01,8214,3926,1539,4008,1825,475,261,106,18.736,48.795,22.218,5.783,3.178,1.29,47.796,10.251
P84028,2026-07-01,10757,5267,2476,4793,2336,637,377,138,23.018,44.557,21.716,5.922,3.505,1.283,48.963,10.709
P84029,2026-07-01,10491,5343,2159,4629,2348,777,466,112,20.58,44.124,22.381,7.406,4.442,1.068,50.929,12.916
P84030,2026-07-01,13325,6478,2689,6600,2818,673,378,167,20.18,49.531,21.148,5.051,2.837,1.253,48.615,9.141
P84032,2026-07-01,5838,2822,1131,2486,1485,444,229,63,19.373,42.583,25.437,7.605,3.923,1.079,48.338,12.607
P84033,2026-07-01,4428,2161,846,1919,1057,361,201,44,19.106,43.338,23.871,8.153,4.539,0.994,48.803,13.686
P84034,2026-07-01,15779,7789,2405,6758,4063,1314,913,326,15.242,42.829,25.749,8.328,5.786,2.066,49.363,16.18
P84035,2026-07-01,15792,7590,1366,10095,2681,912,543,195,8.65,63.925,16.977,5.775,3.438,1.235,48.062,10.448
P84037,2026-07-01,5623,2566,950,2704,1468,268,151,82,16.895,48.088,26.107,4.766,2.685,1.458,45.634,8.91
P84038,2026-07-01,13660,6839,2348,6791,3257,782,341,141,17.189,49.714,23.843,5.725,2.496,1.032,50.066,9.253
P84039,2026-07-01,15001,7049,1585,9876,2577,599,246,118,10.566,65.836,17.179,3.993,1.64,0.787,46.99,6.42
P84040,2026-07-01,7549,3702,1753,3256,1766,431,261,82,23.222,43.132,23.394,5.709,3.457,1.086,49.04,10.253
P84041,2026-07-01,7570,3616,1528,3387,1752,544,282,77,20.185,44.742,23.144,7.186,3.725,1.017,47.768,11.929
P84042,2026-07-01,10798,5446,2487,4817,2353,686,354,101,23.032,44.61,21.791,6.353,3.278,0.935,50.435,10.567
P84043,2026-07-01,9541,4788,1906,4327,2257,646,315,90,19.977,45.352,23.656,6.771,3.302,0.943,50.183,11.016
P84045,2026-07-01,5693,2772,1029,2551,1375,425,245,68,18.075,44.809,24.152,7.465,4.304,1.194,48.691,12.963
P84046,2026-07-01,20644,9132,4082,10884,4205,994,373,106,19.773,52.722,20.369,4.815,1.807,0.513,44.236,7.135
P84047,2026-07-01,6000,2993,1090,2541,1478,530,296,65,18.167,42.35,24.633,8.833,4.933,1.083,49.883,14.85
P84048,2026-07-01,6871,3448,1159,2928,1699,626,380,79,16.868,42.614,24.727,9.111,5.53,1.15,50.182,15.791
P84049,2026-07-01,11396,5921,2262,4704,2660,946,622,202,19.849,41.278,23.342,8.301,5.458,1.773,51.957,15.532
P84050,2026-07-01,7809,3857,1667,3746,1756,420,177,43,21.347,47.97,22.487,5.378,2.267,0.551,49.392,8.196
P84051,2026-07-01,5653,2744,1061,2477,1361,446,247,61,18.769,43.817,24.076,7.89,4.369,1.079,48.541,13.338
P84052,2026-07-01,7783,3878,1622,3473,1890,479,236,83,20.84,44.623,24.284,6.154,3.032,1.066,49.827,10.253
P84053,2026-07-01,7749,3544,1407,3692,1882,450,234,84,18.157,47.645,24.287,5.807,3.02,1.084,45.735,9.911
P84054,2026-07-01,6269,3011,1037,2681,1585,593,289,84,16.542,42.766,25.283,9.459,4.61,1.34,48.03,15.409
P84056,2026-07-01,4203,2087,790,1935,969,319,128,62,18.796,46.039,23.055,7.59,3.045,1.475,49.655,12.11
P84059,2026-07-01,9079,4460,1881,4287,1994,557,285,75,20.718,47.219,21.963,6.135,3.139,0.826,49.124,10.1
P84061,2026-07-01,6074,3130,999,2396,1602,645,343,89,16.447,39.447,26.375,10.619,5.647,1.465,51.531,17.731
P84064,2026-07-01,13022,6449,894,10157,1405,385,140,41,6.865,77.999,10.789,2.957,1.075,0.315,49.524,4.346
P84065,2026-07-01,4202,2069,985,1819,954,275,122,47,23.441,43.289,22.703,6.545,2.903,1.119,49.238,10.566
P84066,2026-07-01,7558,3711,1202,3411,1918,572,330,125,15.904,45.131,25.377,7.568,4.366,1.654,49.1,13.588
P84067,2026-07-01,9107,4628,1490,3733,2198,810,584,292,16.361,40.99,24.135,8.894,6.413,3.206,50.818,18.513
P84068,2026-07-01,21962,10873,3264,9804,6123,1609,878,284,14.862,44.641,27.88,7.326,3.998,1.293,49.508,12.617
P84070,2026-07-01,8448,4221,1861,3729,1946,548,300,64,22.029,44.141,23.035,6.487,3.551,0.758,49.964,10.795
P84071,2026-07-01,4534,2313,597,1951,1287,398,223,78,13.167,43.03,28.386,8.778,4.918,1.72,51.015,15.417
P84072,2026-07-01,33426,16279,3270,25785,3333,669,272,97,9.783,77.141,9.971,2.001,0.814,0.29,48.702,3.105
P84074,2026-07-01,10655,4912,2207,5128,2428,565,243,84,20.713,48.128,22.787,5.303,2.281,0.788,46.1,8.372
P84605,2026-07-01,1990,919,411,892,511,110,44,22,20.653,44.824,25.678,5.528,2.211,1.106,46.181,8.844
P84611,2026-07-01,7498,3682,863,4329,1535,490,216,65,11.51,57.735,20.472,6.535,2.881,0.867,49.106,10.283
P84626,2026-07-01,5342,2328,719,3381,924,182,95,41,13.459,63.291,17.297,3.407,1.778,0.768,43.579,5.953
P84630,2026-07-01,23951,11623,1622,18795,2724,514,212,84,6.772,78.473,11.373,2.146,0.885,0.351,48.528,3.382
P84635,2026-07-01,5182,2498,1170,2677,970,231,90,44,22.578,51.66,18.719,4.458,1.737,0.849,48.205,7.044
P84637,2026-07-01,2928,1438,585,1320,653,231,114,25,19.98,45.082,22.302,7.889,3.893,0.854,49.112,12.637
P84639,2026-07-01,2881,1325,395,1753,477,159,77,20,13.711,60.847,16.557,5.519,2.673,0.694,45.991,8.886
P84644,2026-07-01,7175,3298,1738,3514,1499,287,104,33,24.223,48.976,20.892,4.0,1.449,0.46,45.965,5.909
P84645,2026-07-01,6069,2965,1107,2822,1413,433,206,88,18.24,46.499,23.282,7.135,3.394,1.45,48.855,11.979
P84650,2026-07-01,6190,3120,958,2945,1536,446,199,106,15.477,47.577,24.814,7.205,3.215,1.712,50.404,12.132
P84651,2026-07-01,6177,3230,1388,2892,1287,356,181,73,22.47,46.819,20.835,5.763,2.93,1.182,52.291,9.875
P84663,2026-07-01,5672,2775,1168,2605,1335,361,151,52,20.592,45.927,23.537,6.365,2.662,0.917,48.925,9.944
P84665,2026-07-01,5268,2478,541,3490,865,249,77,46,10.27,66.249,16.42,4.727,1.462,0.873,47.039,7.062
P84669,2026-07-01,17449,8429,1798,12560,2432,470,131,58,10.304,71.981,13.938,2.694,0.751,0.332,48.306,3.777
P84672,2026-07-01,3736,1879,678,1425,1013,318,215,87,18.148,38.142,27.115,8.512,5.755,2.329,50.294,16.595
P84673,2026-07-01,14307,6487,938,10365,2209,485,243,67,6.556,72.447,15.44,3.39,1.698,0.468,45.341,5.557
P84678,2026-07-01,15479,7618,1985,8383,3657,812,463,179,12.824,54.157,23.626,5.246,2.991,1.156,49.215,9.393
P84679,2026-07-01,2271,1085,471,1087,511,128,64,10,20.74,47.864,22.501,5.636,2.818,0.44,47.776,8.895
P84683,2026-07-01,14436,6728,243,11675,2044,313,124,37,1.683,80.874,14.159,2.168,0.859,0.256,46.606,3.283
P84684,2026-07-01,6576,3057,1264,3314,1386,399,163,50,19.221,50.395,21.077,6.068,2.479,0.76,46.487,9.307
P84689,2026-07-01,14258,6476,2540,8208,2665,549,207,89,17.815,57.568,18.691,3.85,1.452,0.624,45.42,5.926
P84690,2026-07-01,2722,1308,576,1209,658,163,91,25,21.161,44.416,24.173,5.988,3.343,0.918,48.053,10.25
P85002,2026-07-01,6870,3386,1345,2958,1548,571,327,121,19.578,43.057,22.533,8.311,4.76,1.761,49.287,14.833
P85003,2026-07-01,5960,2882,1405,2975,1226,230,86,38,23.574,49.916,20.57,3.859,1.443,0.638,48.356,5.94
P85004,2026-07-01,6487,3269,1331,2896,1385,458,322,95,20.518,44.643,21.35,7.06,4.964,1.464,50.393,13.489
P85005,2026-07-01,9403,4933,1335,3132,2502,1166,906,362,14.198,33.309,26.609,12.4,9.635,3.85,52.462,25.885
P85007,2026-07-01,3837,1938,827,1667,811,306,157,69,21.553,43.445,21.136,7.975,4.092,1.798,50.508,13.865
P85010,2026-07-01,14026,7116,2404,5345,3507,1395,1071,304,17.14,38.108,25.004,9.946,7.636,2.167,50.734,19.749
P85011,2026-07-01,12586,6390,2389,5235,2911,1045,748,258,18.981,41.594,23.129,8.303,5.943,2.05,50.771,16.296
P85012,2026-07-01,5941,2854,1415,2759,1195,339,171,62,23.818,46.44,20.114,5.706,2.878,1.044,48.039,9.628
P85013,2026-07-01,20964,10546,3159,7172,5680,2321,2015,617,15.069,34.211,27.094,11.071,9.612,2.943,50.305,23.626
P85014,2026-07-01,6578,3323,1325,3043,1447,443,241,79,20.143,46.26,21.998,6.735,3.664,1.201,50.517,11.599
P85015,2026-07-01,7167,3653,1592,3204,1505,494,252,120,22.213,44.705,20.999,6.893,3.516,1.674,50.97,12.083
P85016,2026-07-01,14025,7181,1864,4176,4179,1838,1486,482,13.291,29.775,29.797,13.105,10.595,3.437,51.201,27.137
P85017,2026-07-01,9034,4636,1171,2846,2403,1151,1118,345,12.962,31.503,26.6,12.741,12.375,3.819,51.317,28.935
P85018,2026-07-01,4271,1964,778,1823,1051,335,217,67,18.216,42.683,24.608,7.844,5.081,1.569,45.985,14.493
P85019,2026-07-01,7093,3571,1278,2894,1743,634,409,135,18.018,40.801,24.574,8.938,5.766,1.903,50.345,16.608
P85020,2026-07-01,7138,3512,1342,2665,1813,651,480,187,18.801,37.335,25.399,9.12,6.725,2.62,49.201,18.465
P85021,2026-07-01,9524,4742,2111,4339,2083,563,315,113,22.165,45.559,21.871,5.911,3.307,1.186,49.79,10.405
P85022,2026-07-01,5186,2521,1017,2297,1136,409,241,86,19.61,44.292,21.905,7.887,4.647,1.658,48.612,14.192
P85026,2026-07-01,15751,8169,2570,5833,4227,1624,1109,388,16.316,37.033,26.836,10.31,7.041,2.463,51.863,19.815
P85601,2026-07-01,2961,1453,595,1332,684,193,110,47,20.095,44.985,23.1,6.518,3.715,1.587,49.071,11.82
P85605,2026-07-01,7425,3670,1669,3440,1553,480,224,59,22.478,46.33,20.916,6.465,3.017,0.795,49.428,10.276
P85606,2026-07-01,7212,3637,1563,2964,1729,499,377,80,21.672,41.098,23.974,6.919,5.227,1.109,50.43,13.256
P85608,2026-07-01,2433,1245,379,1015,644,236,127,32,15.577,41.718,26.469,9.7,5.22,1.315,51.171,16.235
P85610,2026-07-01,7572,3316,1213,3679,1680,561,310,129,16.02,48.587,22.187,7.409,4.094,1.704,43.793,13.207
P85612,2026-07-01,3960,1816,874,2051,755,174,64,42,22.071,51.793,19.066,4.394,1.616,1.061,45.859,7.071
P85614,2026-07-01,5279,2689,980,2263,1170,459,327,80,18.564,42.868,22.163,8.695,6.194,1.515,50.938,16.405
P85615,2026-07-01,11910,5868,2835,5873,2306,554,223,119,23.804,49.312,19.362,4.652,1.872,0.999,49.27,7.523
P85622,2026-07-01,10829,5262,2882,5184,1980,499,191,93,26.614,47.871,18.284,4.608,1.764,0.859,48.592,7.231
P86001,2026-07-01,8252,4208,1296,3132,2243,803,628,150,15.705,37.954,27.181,9.731,7.61,1.818,50.994,19.159
P86002,2026-07-01,1889,879,326,801,477,153,94,38,17.258,42.403,25.251,8.1,4.976,2.012,46.533,15.087
P86003,2026-07-01,10524,5326,1557,3509,2833,1263,995,367,14.795,33.343,26.919,12.001,9.455,3.487,50.608,24.943
P86004,2026-07-01,9047,4599,1565,3462,2263,979,591,187,17.299,38.267,25.014,10.821,6.533,2.067,50.835,19.421
P86005,2026-07-01,6194,2990,1114,2533,1529,617,319,82,17.985,40.894,24.685,9.961,5.15,1.324,48.273,16.435
P86006,2026-07-01,17091,8545,3341,7024,4062,1323,981,360,19.548,41.098,23.767,7.741,5.74,2.106,49.997,15.587
P86007,2026-07-01,13774,6773,2657,5847,3151,1155,749,215,19.29,42.45,22.876,8.385,5.438,1.561,49.172,15.384
P86008,2026-07-01,10366,5211,2272,4378,2207,833,499,177,21.918,42.234,21.291,8.036,4.814,1.708,50.27,14.557
P86009,2026-07-01,10535,5393,1896,4052,2483,1032,826,246,17.997,38.462,23.569,9.796,7.841,2.335,51.191,19.972
P86010,2026-07-01,8554,4341,1575,3267,2160,864,525,163,18.412,38.193,25.251,10.101,6.137,1.906,50.748,18.144
P86011,2026-07-01,8370,4120,1380,2995,2140,989,675,191,16.487,35.783,25.568,11.816,8.065,2.282,49.223,22.162
P86012,2026-07-01,8911,4437,1887,3604,2137,779,392,112,21.176,40.444,23.982,8.742,4.399,1.257,49.792,14.398
P86013,2026-07-01,5964,2870,948,2358,1570,605,384,99,15.895,39.537,26.325,10.144,6.439,1.66,48.122,18.243
P86014,2026-07-01,7667,3540,1722,3626,1652,437,170,60,22.46,47.294,21.547,5.7,2.217,0.783,46.172,8.7
P86015,2026-07-01,6170,3022,1160,2724,1377,530,285,94,18.801,44.149,22.318,8.59,4.619,1.524,48.979,14.733
P86016,2026-07-01,8543,4140,1542,3384,2175,833,453,156,18.05,39.611,25.459,9.751,5.303,1.826,48.461,16.879
P86017,2026-07-01,4525,2142,1006,2240,930,227,83,39,22.232,49.503,20.552,5.017,1.834,0.862,47.337,7.713
P86018,2026-07-01,8586,4438,1351,2936,2331,923,818,227,15.735,34.195,27.149,10.75,9.527,2.644,51.689,22.921
P86019,2026-07-01,9823,4952,1590,3616,2558,1107,717,235,16.187,36.812,26.041,11.269,7.299,2.392,50.412,20.961
P86021,2026-07-01,3768,1909,564,1327,1000,386,394,97,14.968,35.218,26.539,10.244,10.456,2.574,50.663,23.275
P86022,2026-07-01,8797,4438,1331,3310,2369,960,672,155,15.13,37.626,26.93,10.913,7.639,1.762,50.449,20.314
P86023,2026-07-01,9842,5010,1956,3979,2359,810,587,151,19.874,40.429,23.969,8.23,5.964,1.534,50.904,15.729
P86026,2026-07-01,7490,3826,1382,2946,1848,633,512,169,18.451,39.332,24.673,8.451,6.836,2.256,51.081,17.543
P86602,2026-07-01,3418,1716,586,1328,930,338,179,57,17.145,38.853,27.209,9.889,5.237,1.668,50.205,16.793
P86606,2026-07-01,4336,2148,945,1842,982,378,158,31,21.794,42.482,22.648,8.718,3.644,0.715,49.539,13.077
P86608,2026-07-01,4242,2087,662,1557,1163,508,275,77,15.606,36.704,27.416,11.975,6.483,1.815,49.198,20.273
P86609,2026-07-01,2418,1209,532,1129,541,149,41,26,22.002,46.691,22.374,6.162,1.696,1.075,50.0,8.933
P86614,2026-07-01,4588,2150,973,2238,1042,220,80,35,21.207,48.779,22.711,4.795,1.744,0.763,46.861,7.302
P86619,2026-07-01,6517,2999,1486,3104,1395,363,122,47,22.802,47.629,21.406,5.57,1.872,0.721,46.018,8.163
P86620,2026-07-01,2933,1505,634,1309,668,204,99,19,21.616,44.63,22.775,6.955,3.375,0.648,51.313,10.979
P86624,2026-07-01,4290,2157,575,1497,1255,459,409,95,13.403,34.895,29.254,10.699,9.534,2.214,50.28,22.448
P87002,2026-07-01,11442,5694,1732,4483,3031,1136,778,282,15.137,39.18,26.49,9.928,6.8,2.465,49.764,19.192
P87004,2026-07-01,15859,8161,1625,11745,1784,429,223,53,10.247,74.059,11.249,2.705,1.406,0.334,51.46,4.445
P87008,2026-07-01,8849,4480,1510,3817,1961,756,608,197,17.064,43.135,22.161,8.543,6.871,2.226,50.627,17.64
P87015,2026-07-01,9208,4506,1283,5820,1401,389,258,57,13.934,63.206,15.215,4.225,2.802,0.619,48.936,7.646
P87016,2026-07-01,14129,7153,2302,5068,3680,1411,1229,439,16.293,35.869,26.046,9.987,8.698,3.107,50.626,21.792
P87017,2026-07-01,4836,2479,659,1840,1302,538,383,114,13.627,38.048,26.923,11.125,7.92,2.357,51.261,21.402
P87019,2026-07-01,12427,6154,2130,5018,2937,1122,910,310,17.14,40.38,23.634,9.029,7.323,2.495,49.521,18.846
P87020,2026-07-01,15720,7771,2538,6939,3757,1380,834,272,16.145,44.141,23.899,8.779,5.305,1.73,49.434,15.814
P87022,2026-07-01,2239,1015,261,991,596,240,112,39,11.657,44.261,26.619,10.719,5.002,1.742,45.333,17.463
P87024,2026-07-01,11524,5695,2130,5402,2504,877,449,162,18.483,46.876,21.729,7.61,3.896,1.406,49.419,12.912
P87025,2026-07-01,10058,5101,1805,4340,2434,824,506,149,17.946,43.15,24.2,8.192,5.031,1.481,50.716,14.705
P87026,2026-07-01,17524,8329,4507,8060,3290,917,594,156,25.719,45.994,18.774,5.233,3.39,0.89,47.529,9.513
P87027,2026-07-01,17931,8140,1602,12227,2826,732,418,126,8.934,68.189,15.76,4.082,2.331,0.703,45.396,7.116
P87028,2026-07-01,9973,5159,1940,4081,2402,757,584,209,19.453,40.92,24.085,7.59,5.856,2.096,51.73,15.542
P87032,2026-07-01,6523,3267,1082,2832,1525,635,321,128,16.587,43.416,23.379,9.735,4.921,1.962,50.084,16.618
P87035,2026-07-01,11242,5401,1265,7252,1903,487,275,60,11.252,64.508,16.928,4.332,2.446,0.534,48.043,7.312
P87040,2026-07-01,8291,3997,1198,3385,2275,842,440,151,14.449,40.827,27.439,10.156,5.307,1.821,48.209,17.284
P87610,2026-07-01,12463,6322,2187,4955,3229,1079,776,237,17.548,39.758,25.909,8.658,6.226,1.902,50.726,16.786
P87613,2026-07-01,5169,2627,1313,2321,967,310,206,52,25.401,44.902,18.708,5.997,3.985,1.006,50.822,10.989
P87620,2026-07-01,9412,4578,1619,4071,2427,690,447,158,17.201,43.253,25.786,7.331,4.749,1.679,48.64,13.759
P87624,2026-07-01,5138,2690,935,1881,1242,582,391,107,18.198,36.61,24.173,11.327,7.61,2.083,52.355,21.02
P87625,2026-07-01,2742,1349,577,1206,636,199,101,23,21.043,43.982,23.195,7.257,3.683,0.839,49.198,11.78
P87627,2026-07-01,3457,1774,612,1336,896,339,229,45,17.703,38.646,25.918,9.806,6.624,1.302,51.316,17.732
P87630,2026-07-01,3303,1692,744,1497,686,235,113,28,22.525,45.322,20.769,7.115,3.421,0.848,51.226,11.384
P87634,2026-07-01,11303,5454,1527,6489,2236,622,340,89,13.51,57.41,19.782,5.503,3.008,0.787,48.253,9.298
P87639,2026-07-01,4081,1875,590,2401,754,226,91,19,14.457,58.834,18.476,5.538,2.23,0.466,45.945,8.233
P87648,2026-07-01,8499,4283,3706,3602,794,227,132,38,43.605,42.381,9.342,2.671,1.553,0.447,50.394,4.671
P87649,2026-07-01,6123,2993,1021,2400,1533,572,441,156,16.675,39.196,25.037,9.342,7.202,2.548,48.881,19.092
P87654,2026-07-01,11070,5211,1935,5382,2557,744,358,94,17.48,48.618,23.098,6.721,3.234,0.849,47.073,10.804
P87657,2026-07-01,4426,2281,766,1780,1146,355,287,92,17.307,40.217,25.892,8.021,6.484,2.079,51.536,16.584
P87658,2026-07-01,3606,1737,634,1924,650,223,134,41,17.582,53.356,18.026,6.184,3.716,1.137,48.17,11.037
P87661,2026-07-01,2305,1118,526,1022,522,149,67,19,22.82,44.338,22.646,6.464,2.907,0.824,48.503,10.195
P88002,2026-07-01,6321,3238,864,1885,1714,890,718,250,13.669,29.821,27.116,14.08,11.359,3.955,51.226,29.394
P88003,2026-07-01,9908,4987,1489,4289,2308,965,634,223,15.028,43.288,23.294,9.74,6.399,2.251,50.333,18.389
P88005,2026-07-01,11481,5774,1822,4756,2899,1064,698,242,15.87,41.425,25.25,9.267,6.08,2.108,50.292,17.455
P88006,2026-07-01,11520,5947,1861,3861,2991,1288,1107,412,16.155,33.516,25.964,11.181,9.609,3.576,51.623,24.366
P88007,2026-07-01,14804,7508,2663,4957,3974,1503,1216,491,17.988,33.484,26.844,10.153,8.214,3.317,50.716,21.683
P88008,2026-07-01,8521,4391,1376,3197,2174,891,641,242,16.148,37.519,25.513,10.457,7.523,2.84,51.532,20.819
P88009,2026-07-01,3035,1368,400,1234,764,317,236,84,13.18,40.659,25.173,10.445,7.776,2.768,45.074,20.988
P88011,2026-07-01,10625,5187,1641,4401,2643,1042,689,209,15.445,41.421,24.875,9.807,6.485,1.967,48.819,18.259
P88012,2026-07-01,7875,3964,1130,2749,1967,921,774,334,14.349,34.908,24.978,11.695,9.829,4.241,50.337,25.765
P88013,2026-07-01,12382,6221,1810,4521,3398,1454,900,299,14.618,36.513,27.443,11.743,7.269,2.415,50.242,21.426
P88014,2026-07-01,4826,2471,778,1798,1279,496,351,124,16.121,37.257,26.502,10.278,7.273,2.569,51.202,20.12
P88015,2026-07-01,12300,6289,1730,3894,3338,1404,1325,609,14.065,31.659,27.138,11.415,10.772,4.951,51.13,27.138
P88016,2026-07-01,13444,6767,2165,5006,3681,1277,932,383,16.104,37.236,27.38,9.499,6.932,2.849,50.335,19.28
P88017,2026-07-01,6542,3297,893,2027,1735,838,748,301,13.65,30.984,26.521,12.81,11.434,4.601,50.397,28.844
P88018,2026-07-01,10228,5227,1820,4423,2401,848,560,176,17.794,43.244,23.475,8.291,5.475,1.721,51.105,15.487
P88019,2026-07-01,5366,2796,957,1969,1390,477,409,164,17.835,36.694,25.904,8.889,7.622,3.056,52.106,19.568
P88020,2026-07-01,11886,6089,1933,4603,2998,1139,848,365,16.263,38.726,25.223,9.583,7.134,3.071,51.228,19.788
P88021,2026-07-01,6869,3470,991,2232,1783,807,754,302,14.427,32.494,25.957,11.748,10.977,4.397,50.517,27.122
P88023,2026-07-01,7531,3787,1451,2917,1748,646,546,223,19.267,38.733,23.211,8.578,7.25,2.961,50.285,18.789
P88024,2026-07-01,10333,5265,1862,3611,2664,1049,849,298,18.02,34.946,25.781,10.152,8.216,2.884,50.953,21.252
P88025,2026-07-01,10370,5198,1572,3423,2898,1181,946,350,15.159,33.009,27.946,11.389,9.122,3.375,50.125,23.886
P88026,2026-07-01,54719,27229,9659,22071,14255,4786,2885,1063,17.652,40.335,26.051,8.747,5.272,1.943,49.762,15.962
P88031,2026-07-01,5857,3001,919,2406,1539,503,372,118,15.691,41.079,26.276,8.588,6.351,2.015,51.238,16.954
P88041,2026-07-01,8720,4517,1665,2980,2211,910,662,292,19.094,34.174,25.356,10.436,7.592,3.349,51.8,21.376
P88042,2026-07-01,6922,3556,1308,2575,1604,626,540,269,18.896,37.2,23.172,9.044,7.801,3.886,51.372,20.731
P88043,2026-07-01,9439,4780,2000,4116,2104,652,376,191,21.189,43.606,22.29,6.908,3.983,2.024,50.641,12.915
P88044,2026-07-01,6190,3078,948,2803,1414,476,414,135,15.315,45.283,22.843,7.69,6.688,2.181,49.725,16.559
P88606,2026-07-01,5737,2978,1018,2267,1309,495,458,190,17.744,39.515,22.817,8.628,7.983,3.312,51.909,19.923
P88615,2026-07-01,3444,1547,472,1515,931,315,173,38,13.705,43.99,27.033,9.146,5.023,1.103,44.919,15.273
P88623,2026-07-01,7629,3889,974,2394,2128,999,835,299,12.767,31.38,27.894,13.095,10.945,3.919,50.977,27.959
P88625,2026-07-01,7682,3879,1050,2680,2090,899,678,285,13.668,34.887,27.206,11.703,8.826,3.71,50.495,24.238
P88632,2026-07-01,17981,9100,3213,8309,4368,1186,661,244,17.869,46.21,24.292,6.596,3.676,1.357,50.609,11.629
P89002,2026-07-01,20290,10447,3622,9282,4746,1492,908,240,17.851,45.747,23.391,7.353,4.475,1.183,51.488,13.011
P89003,2026-07-01,9774,4858,1631,3758,2373,1096,720,196,16.687,38.449,24.279,11.213,7.366,2.005,49.703,20.585
P89004,2026-07-01,6195,3077,762,2071,1716,874,598,174,12.3,33.43,27.7,14.108,9.653,2.809,49.669,26.57
P89005,2026-07-01,8362,4235,1432,3177,2329,739,538,147,17.125,37.993,27.852,8.838,6.434,1.758,50.646,17.029
P89006,2026-07-01,11255,5714,1650,3786,3247,1298,1019,255,14.66,33.638,28.849,11.533,9.054,2.266,50.769,22.852
P89007,2026-07-01,8251,4146,1354,3373,1928,755,650,191,16.41,40.88,23.367,9.15,7.878,2.315,50.248,19.343
P89008,2026-07-01,17009,8392,2524,6944,4374,1597,1202,368,14.839,40.825,25.716,9.389,7.067,2.164,49.339,18.62
P89010,2026-07-01,7549,3838,1044,2650,2109,924,624,198,13.83,35.104,27.937,12.24,8.266,2.623,50.841,23.129
P89011,2026-07-01,5081,2510,1068,2293,1117,342,191,70,21.019,45.129,21.984,6.731,3.759,1.378,49.4,11.868
P89012,2026-07-01,6786,3414,1063,2495,1814,709,551,154,15.665,36.767,26.732,10.448,8.12,2.269,50.309,20.837
P89013,2026-07-01,5003,2438,1079,2024,1201,401,227,71,21.567,40.456,24.006,8.015,4.537,1.419,48.731,13.972
P89014,2026-07-01,12699,6371,2236,5156,3142,1133,755,277,17.608,40.602,24.742,8.922,5.945,2.181,50.169,17.049
P89015,2026-07-01,20934,10625,3132,7961,5506,2183,1589,563,14.961,38.029,26.302,10.428,7.591,2.689,50.755,20.708
P89016,2026-07-01,7935,3953,1197,2907,2135,795,674,227,15.085,36.635,26.906,10.019,8.494,2.861,49.817,21.374
P89018,2026-07-01,8543,4260,1467,3483,2079,733,549,232,17.172,40.77,24.336,8.58,6.426,2.716,49.865,17.722
P89020,2026-07-01,7382,3528,1427,2888,1794,718,459,96,19.331,39.122,24.302,9.726,6.218,1.3,47.792,17.245
P89021,2026-07-01,11230,5802,1925,4338,2802,1044,850,271,17.142,38.629,24.951,9.297,7.569,2.413,51.665,19.279
P89022,2026-07-01,3275,1532,511,1351,877,299,191,46,15.603,41.252,26.779,9.13,5.832,1.405,46.779,16.366
P89023,2026-07-01,6021,2962,871,2292,1636,652,450,120,14.466,38.067,27.172,10.829,7.474,1.993,49.194,20.296
P89025,2026-07-01,2780,1356,403,1041,797,294,185,60,14.496,37.446,28.669,10.576,6.655,2.158,48.777,19.388
P89026,2026-07-01,6244,3127,945,2419,1619,662,472,127,15.135,38.741,25.929,10.602,7.559,2.034,50.08,20.195
P89029,2026-07-01,7893,3935,1288,3467,1926,689,411,112,16.318,43.925,24.401,8.729,5.207,1.419,49.854,15.355
P89030,2026-07-01,3891,1779,571,1475,1095,398,291,61,14.675,37.908,28.142,10.229,7.479,1.568,45.721,19.275
P89602,2026-07-01,3674,1850,524,1290,1041,441,299,79,14.262,35.112,28.334,12.003,8.138,2.15,50.354,22.292
P89609,2026-07-01,5039,2477,971,2004,1292,442,262,68,19.27,39.77,25.64,8.772,5.199,1.349,49.157,15.321
P89612,2026-07-01,2211,1111,305,910,628,203,139,26,13.795,41.158,28.403,9.181,6.287,1.176,50.249,16.644
P89613,2026-07-01,3825,1890,808,1612,832,342,181,50,21.124,42.144,21.752,8.941,4.732,1.307,49.412,14.98
P89618,2026-07-01,3294,1634,609,1401,797,292,151,44,18.488,42.532,24.196,8.865,4.584,1.336,49.605,14.784
P91003,2026-07-01,7857,3956,1257,2781,2316,708,570,225,15.998,35.395,29.477,9.011,7.255,2.864,50.35,19.129
P91004,2026-07-01,8471,4310,1589,3444,2213,604,435,186,18.758,40.656,26.124,7.13,5.135,2.196,50.879,14.461
P91006,2026-07-01,13149,6710,2113,4750,3450,1401,1071,364,16.07,36.124,26.238,10.655,8.145,2.768,51.03,21.568
P91007,2026-07-01,6268,3146,1095,2122,1835,574,476,166,17.47,33.854,29.276,9.158,7.594,2.648,50.191,19.4
P91008,2026-07-01,6148,3141,996,2047,1609,732,513,251,16.2,33.295,26.171,11.906,8.344,4.083,51.09,24.333
P91009,2026-07-01,10753,5473,1488,3573,2950,1271,1073,398,13.838,33.228,27.434,11.82,9.979,3.701,50.897,25.5
P91011,2026-07-01,5403,2699,897,1742,1511,582,474,197,16.602,32.241,27.966,10.772,8.773,3.646,49.954,23.191
P91012,2026-07-01,7593,3980,1207,2665,2006,841,636,238,15.896,35.098,26.419,11.076,8.376,3.134,52.417,22.587
P91013,2026-07-01,11187,5752,1902,4312,3004,963,761,245,17.002,38.545,26.853,8.608,6.803,2.19,51.417,17.601
P91014,2026-07-01,15990,8129,2810,5957,4338,1421,1029,435,17.573,37.255,27.129,8.887,6.435,2.72,50.838,18.043
P91016,2026-07-01,9323,4675,1866,3523,2470,734,558,172,20.015,37.788,26.494,7.873,5.985,1.845,50.145,15.703
P91017,2026-07-01,8845,4462,1658,3109,2344,839,651,244,18.745,35.15,26.501,9.486,7.36,2.759,50.447,19.604
P91018,2026-07-01,14646,7274,2510,6228,3730,1277,649,252,17.138,42.524,25.468,8.719,4.431,1.721,49.665,14.871
P91019,2026-07-01,3902,1950,773,1664,897,344,171,53,19.81,42.645,22.988,8.816,4.382,1.358,49.974,14.557
P91020,2026-07-01,8786,4105,1599,4159,2038,586,264,140,18.199,47.337,23.196,6.67,3.005,1.593,46.722,11.268
P91021,2026-07-01,15249,7664,2449,5570,4195,1484,1096,455,16.06,36.527,27.51,9.732,7.187,2.984,50.259,19.903
P91026,2026-07-01,6736,3476,1406,2878,1469,551,317,115,20.873,42.726,21.808,8.18,4.706,1.707,51.603,14.593
P91029,2026-07-01,11770,5914,1940,4383,3307,1078,757,305,16.483,37.239,28.097,9.159,6.432,2.591,50.246,18.182
P91035,2026-07-01,13763,6944,2747,5288,3398,1136,861,333,19.959,38.422,24.689,8.254,6.256,2.42,50.454,16.929
P91603,2026-07-01,7745,3879,1310,3067,2221,526,445,176,16.914,39.6,28.677,6.791,5.746,2.272,50.084,14.81
P91604,2026-07-01,16293,8295,2622,5306,4790,1626,1348,601,16.093,32.566,29.399,9.98,8.273,3.689,50.911,21.942
P91617,2026-07-01,2245,1072,388,886,628,193,103,47,17.283,39.465,27.973,8.597,4.588,2.094,47.751,15.278
P91623,2026-07-01,7822,4057,1363,2688,2049,845,623,254,17.425,34.365,26.195,10.803,7.965,3.247,51.867,22.015
P91627,2026-07-01,8749,4458,1634,3500,2280,693,463,179,18.676,40.005,26.06,7.921,5.292,2.046,50.954,15.259
P91629,2026-07-01,15169,7285,2480,7433,3573,1017,478,188,16.349,49.001,23.555,6.704,3.151,1.239,48.026,11.095
P91631,2026-07-01,3757,1912,757,1353,990,286,272,99,20.149,36.013,26.351,7.612,7.24,2.635,50.892,17.487
P92001,2026-07-01,5645,2823,753,2013,1568,601,555,155,13.339,35.66,27.777,10.647,9.832,2.746,50.009,23.224
P92002,2026-07-01,5105,2546,687,1745,1382,618,539,134,13.457,34.182,27.071,12.106,10.558,2.625,49.873,25.289
P92003,2026-07-01,9627,4746,1533,3739,2459,1014,668,214,15.924,38.839,25.543,10.533,6.939,2.223,49.299,19.695
P92004,2026-07-01,7074,3512,1084,2536,1789,747,699,219,15.324,35.85,25.29,10.56,9.881,3.096,49.647,23.537
P92005,2026-07-01,4338,2201,634,1544,1166,429,471,94,14.615,35.592,26.879,9.889,10.858,2.167,50.738,22.914
P92006,2026-07-01,6083,3014,919,2220,1638,630,523,153,15.108,36.495,26.928,10.357,8.598,2.515,49.548,21.47
P92007,2026-07-01,6043,3043,879,2267,1615,685,459,138,14.546,37.514,26.725,11.335,7.596,2.284,50.356,21.215
P92008,2026-07-01,8692,4333,1298,3085,2345,920,767,277,14.933,35.492,26.979,10.584,8.824,3.187,49.85,22.595
P92010,2026-07-01,11403,5695,1696,4043,3015,1338,979,332,14.873,35.456,26.44,11.734,8.585,2.912,49.943,23.231
P92011,2026-07-01,7925,3890,1162,2976,2221,822,565,179,14.662,37.552,28.025,10.372,7.129,2.259,49.085,19.76
P92012,2026-07-01,4484,2209,623,1682,1203,450,395,131,13.894,37.511,26.829,10.036,8.809,2.921,49.264,21.766
P92014,2026-07-01,13097,6645,2104,4534,3504,1385,1125,445,16.065,34.619,26.754,10.575,8.59,3.398,50.737,22.562
P92015,2026-07-01,6200,3127,857,2114,1681,756,602,190,13.823,34.097,27.113,12.194,9.71,3.065,50.435,24.968
P92016,2026-07-01,19344,9738,2925,7348,5312,1851,1529,379,15.121,37.986,27.461,9.569,7.904,1.959,50.341,19.432
P92017,2026-07-01,13621,7012,1933,4411,3827,1611,1426,413,14.191,32.384,28.096,11.827,10.469,3.032,51.479,25.329
P92019,2026-07-01,10303,5061,1934,4190,2546,796,644,193,18.771,40.668,24.711,7.726,6.251,1.873,49.122,15.85
P92020,2026-07-01,5028,2486,807,1722,1370,596,438,95,16.05,34.248,27.247,11.854,8.711,1.889,49.443,22.454
P92021,2026-07-01,6078,3080,977,2194,1510,636,605,156,16.074,36.097,24.844,10.464,9.954,2.567,50.675,22.985
P92023,2026-07-01,8638,4398,1257,2979,2381,935,840,246,14.552,34.487,27.564,10.824,9.724,2.848,50.915,23.397
P92024,2026-07-01,5236,2615,936,2097,1308,503,334,58,17.876,40.05,24.981,9.607,6.379,1.108,49.943,17.093
P92026,2026-07-01,7251,3575,1142,2870,1905,731,460,143,15.75,39.581,26.272,10.081,6.344,1.972,49.304,18.397
P92028,2026-07-01,4730,2419,791,1834,1150,468,377,110,16.723,38.774,24.313,9.894,7.97,2.326,51.142,20.19
P92029,2026-07-01,4405,2168,805,1841,1060,405,225,69,18.275,41.793,24.064,9.194,5.108,1.566,49.217,15.868
P92030,2026-07-01,4276,2046,613,1580,1240,437,307,99,14.336,36.95,28.999,10.22,7.18,2.315,47.848,19.715
P92031,2026-07-01,4881,2460,986,2025,1037,397,343,93,20.201,41.487,21.246,8.134,7.027,1.905,50.4,17.066
P92033,2026-07-01,4698,2275,713,1766,1247,569,326,77,15.177,37.59,26.543,12.112,6.939,1.639,48.425,20.69
P92034,2026-07-01,5472,2757,661,1843,1576,678,537,177,12.08,33.681,28.801,12.39,9.814,3.235,50.384,25.439
P92038,2026-07-01,3213,1591,550,1168,904,306,230,55,17.118,36.352,28.136,9.524,7.158,1.712,49.518,18.394
P92041,2026-07-01,8328,4080,1266,3182,2198,784,667,231,15.202,38.208,26.393,9.414,8.009,2.774,48.991,20.197
P92042,2026-07-01,8910,4480,1272,3127,2464,1043,743,261,14.276,35.095,27.654,11.706,8.339,2.929,50.281,22.974
P92602,2026-07-01,2329,1110,350,944,595,204,194,42,15.028,40.532,25.547,8.759,8.33,1.803,47.66,18.892
P92605,2026-07-01,8001,4032,1431,3383,1999,624,431,133,17.885,42.282,24.984,7.799,5.387,1.662,50.394,14.848
P92607,2026-07-01,7660,3881,1106,2665,2094,826,745,224,14.439,34.791,27.337,10.783,9.726,2.924,50.666,23.433
P92615,2026-07-01,4891,2540,794,1835,1287,489,385,101,16.234,37.518,26.314,9.998,7.872,2.065,51.932,19.935
P92620,2026-07-01,8227,4058,1663,3592,1970,588,313,101,20.214,43.661,23.946,7.147,3.805,1.228,49.325,12.179
P92621,2026-07-01,4455,2179,667,1769,1201,442,302,74,14.972,39.708,26.958,9.921,6.779,1.661,48.911,18.361
P92626,2026-07-01,6705,3418,1182,2690,1534,643,494,162,17.629,40.119,22.878,9.59,7.368,2.416,50.977,19.374
P92630,2026-07-01,2979,1431,461,1179,799,300,188,52,15.475,39.577,26.821,10.07,6.311,1.746,48.036,18.127
P92633,2026-07-01,3758,1915,666,1703,836,269,215,69,17.722,45.317,22.246,7.158,5.721,1.836,50.958,14.715
P92634,2026-07-01,4769,2280,649,1998,1199,522,293,108,13.609,41.896,25.142,10.946,6.144,2.265,47.809,19.354
P92635,2026-07-01,1845,820,214,654,519,218,192,48,11.599,35.447,28.13,11.816,10.407,2.602,44.444,24.824
P92637,2026-07-01,4338,2202,853,1838,1079,338,180,50,19.663,42.37,24.873,7.792,4.149,1.153,50.761,13.094
P92639,2026-07-01,3069,1518,512,1145,851,280,209,72,16.683,37.309,27.729,9.123,6.81,2.346,49.462,18.28
P92642,2026-07-01,5423,2824,840,2058,1442,557,420,106,15.49,37.949,26.59,10.271,7.745,1.955,52.074,19.97
P92646,2026-07-01,3583,1820,597,1282,942,402,297,63,16.662,35.78,26.291,11.22,8.289,1.758,50.795,21.267
P92647,2026-07-01,6458,3303,966,2355,1749,687,566,135,14.958,36.466,27.083,10.638,8.764,2.09,51.146,21.493
P92648,2026-07-01,6005,3056,1091,2296,1554,540,425,99,18.168,38.235,25.878,8.993,7.077,1.649,50.891,17.719
P92651,2026-07-01,5723,2798,924,2344,1481,537,338,99,16.145,40.958,25.878,9.383,5.906,1.73,48.89,17.019
Y00020,2026-07-01,8890,4288,857,5180,2046,490,237,80,9.64,58.268,23.015,5.512,2.666,0.9,48.234,9.078
Y00026,2026-07-01,2920,1437,542,1250,710,257,110,51,18.562,42.808,24.315,8.801,3.767,1.747,49.212,14.315
Y00033,2026-07-01,6982,3471,1649,3282,1593,322,114,22,23.618,47.007,22.816,4.612,1.633,0.315,49.714,6.56
Y00050,2026-07-01,6979,3380,1300,2869,1784,575,356,95,18.627,41.109,25.562,8.239,5.101,1.361,48.431,14.701
Y00054,2026-07-01,90,25,0,49,37,3,1,0,0.0,54.444,41.111,3.333,1.111,0.0,27.778,4.444
Y00056,2026-07-01,659,112,0,281,336,40,2,0,0.0,42.64,50.986,6.07,0.303,0.0,16.995,6.373
Y00057,2026-07-01,15801,7729,3100,7599,3820,820,336,126,19.619,48.092,24.176,5.19,2.126,0.797,48.915,8.113
Y00060,2026-07-01,528,124,0,261,239,24,4,0,0.0,49.432,45.265,4.545,0.758,0.0,23.485,5.303
Y00078,2026-07-01,5636,2783,1014,2350,1363,460,332,117,17.991,41.696,24.184,8.162,5.891,2.076,49.379,16.128
Y00080,2026-07-01,7563,3865,1015,2337,2008,1077,869,257,13.421,30.9,26.55,14.24,11.49,3.398,51.104,29.129
Y00081,2026-07-01,30,2,0,17,11,1,1,0,0.0,56.667,36.667,3.333,3.333,0.0,6.667,6.667
Y00090,2026-07-01,8261,3898,1433,4105,1852,505,253,113,17.347,49.691,22.419,6.113,3.063,1.368,47.186,10.544
Y00137,2026-07-01,32130,15769,6129,14002,7300,2499,1471,729,19.076,43.579,22.72,7.778,4.578,2.269,49.079,14.625
Y00140,2026-07-01,2136,1018,342,765,528,262,170,69,16.011,35.815,24.719,12.266,7.959,3.23,47.659,23.455
Y00155,2026-07-01,10735,5020,2222,5514,2261,425,214,99,20.699,51.365,21.062,3.959,1.993,0.922,46.763,6.875
Y00159,2026-07-01,31159,15672,6284,13831,6942,2260,1349,493,20.168,44.388,22.279,7.253,4.329,1.582,50.297,13.165
Y00182,2026-07-01,986,393,179,714,85,7,1,0,18.154,72.414,8.621,0.71,0.101,0.0,39.858,0.811
Y00184,2026-07-01,9305,3800,1856,5567,1511,248,89,34,19.946,59.828,16.239,2.665,0.956,0.365,40.838,3.987
Y00185,2026-07-01,11555,5890,1982,4387,3455,869,626,236,17.153,37.966,29.9,7.521,5.418,2.042,50.974,14.981
Y00186,2026-07-01,1587,698,387,823,272,75,23,7,24.386,51.859,17.139,4.726,1.449,0.441,43.982,6.616
Y00200,2026-07-01,4437,2380,545,2417,1064,260,110,41,12.283,54.474,23.98,5.86,2.479,0.924,53.64,9.263
Y00206,2026-07-01,9440,4551,1754,4706,2272,444,184,80,18.581,49.852,24.068,4.703,1.949,0.847,48.21,7.5
Y00228,2026-07-01,2519,1244,520,1321,520,105,37,16,20.643,52.441,20.643,4.168,1.469,0.635,49.385,6.272
Y00252,2026-07-01,3024,1524,470,925,881,379,289,80,15.542,30.589,29.134,12.533,9.557,2.646,50.397,24.735
Y00265,2026-07-01,15964,7638,3700,8619,3037,436,135,37,23.177,53.99,19.024,2.731,0.846,0.232,47.845,3.809
Y00278,2026-07-01,3843,1883,792,1726,847,265,156,57,20.609,44.913,22.04,6.896,4.059,1.483,48.998,12.438
Y00286,2026-07-01,3416,1769,554,1319,888,342,237,76,16.218,38.612,25.995,10.012,6.938,2.225,51.786,19.174
Y00293,2026-07-01,9393,4761,1476,2998,2633,1135,886,265,15.714,31.917,28.032,12.083,9.433,2.821,50.687,24.337
Y00297,2026-07-01,5082,2585,870,1787,1282,552,430,161,17.119,35.163,25.226,10.862,8.461,3.168,50.866,22.491
Y00312,2026-07-01,4612,2406,993,1954,1154,294,167,50,21.531,42.368,25.022,6.375,3.621,1.084,52.168,11.08
Y00316,2026-07-01,6027,3151,1006,2749,1568,342,277,85,16.692,45.611,26.016,5.674,4.596,1.41,52.281,11.681
Y00344,2026-07-01,1302,183,91,1084,112,14,1,0,6.989,83.257,8.602,1.075,0.077,0.0,14.055,1.152
Y00347,2026-07-01,5502,2734,828,2002,1499,550,460,163,15.049,36.387,27.245,9.996,8.361,2.963,49.691,21.32
Y00351,2026-07-01,11932,5752,2030,5019,3030,1030,586,237,17.013,42.063,25.394,8.632,4.911,1.986,48.207,15.53
Y00352,2026-07-01,23321,10955,4629,12706,4526,963,367,130,19.849,54.483,19.407,4.129,1.574,0.557,46.975,6.26
Y00399,2026-07-01,4046,1960,570,1402,1115,449,401,109,14.088,34.652,27.558,11.097,9.911,2.694,48.443,23.702
Y00403,2026-07-01,7690,3811,929,5148,1329,214,57,13,12.081,66.944,17.282,2.783,0.741,0.169,49.558,3.693
Y00411,2026-07-01,11601,5845,2224,4766,2731,1112,598,170,19.171,41.083,23.541,9.585,5.155,1.465,50.384,16.205
Y00412,2026-07-01,5295,2402,916,2674,1148,351,140,66,17.299,50.5,21.681,6.629,2.644,1.246,45.364,10.519
Y00437,2026-07-01,10725,5353,2199,4708,2785,622,310,101,20.503,43.897,25.967,5.8,2.89,0.942,49.911,9.632
Y00445,2026-07-01,18892,8882,3880,9160,4188,1016,505,143,20.538,48.486,22.168,5.378,2.673,0.757,47.015,8.808
Y00446,2026-07-01,3170,1580,406,1092,932,391,243,106,12.808,34.448,29.401,12.334,7.666,3.344,49.842,23.344
Y00469,2026-07-01,11967,6099,2231,4693,2807,1181,818,237,18.643,39.216,23.456,9.869,6.835,1.98,50.965,18.685
Y00471,2026-07-01,7989,3591,1247,4576,1595,366,138,67,15.609,57.279,19.965,4.581,1.727,0.839,44.949,7.147
Y00475,2026-07-01,5338,2707,806,1801,1381,645,565,140,15.099,33.739,25.871,12.083,10.584,2.623,50.712,25.29
Y00486,2026-07-01,7306,3619,1522,3101,1936,414,244,89,20.832,42.445,26.499,5.667,3.34,1.218,49.535,10.224
Y00492,2026-07-01,8681,4147,2063,4460,1855,230,57,16,23.765,51.377,21.369,2.649,0.657,0.184,47.771,3.49
Y00507,2026-07-01,4142,2255,550,2335,823,240,135,59,13.279,56.374,19.87,5.794,3.259,1.424,54.442,10.478
Y00560,2026-07-01,18962,9753,4570,8476,3966,1103,637,210,24.101,44.7,20.916,5.817,3.359,1.107,51.434,10.284
Y00568,2026-07-01,4716,2232,630,2511,1064,267,166,78,13.359,53.244,22.561,5.662,3.52,1.654,47.328,10.835
Y00612,2026-07-01,4500,2212,762,2029,1177,351,131,50,16.933,45.089,26.156,7.8,2.911,1.111,49.156,11.822
Y00726,2026-07-01,5668,2870,1211,2287,1312,498,280,80,21.366,40.349,23.147,8.786,4.94,1.411,50.635,15.138
Y00758,2026-07-01,2498,1222,525,1038,620,173,113,29,21.017,41.553,24.82,6.926,4.524,1.161,48.919,12.61
Y00774,2026-07-01,4997,2426,637,1686,1403,603,506,162,12.748,33.74,28.077,12.067,10.126,3.242,48.549,25.435
Y00902,2026-07-01,3357,1555,418,1647,1013,176,75,28,12.452,49.062,30.176,5.243,2.234,0.834,46.321,8.311
Y00918,2026-07-01,6591,3217,1185,2884,1593,555,269,105,17.979,43.757,24.169,8.421,4.081,1.593,48.809,14.095
Y00969,2026-07-01,11677,5968,1429,3496,3250,1764,1346,392,12.238,29.939,27.832,15.107,11.527,3.357,51.109,29.991
Y00996,2026-07-01,3735,732,379,3022,302,23,8,1,10.147,80.91,8.086,0.616,0.214,0.027,19.598,0.857
Y00999,2026-07-01,11421,5724,2484,5247,2651,642,306,91,21.749,45.942,23.212,5.621,2.679,0.797,50.118,9.097
Y01008,2026-07-01,54078,27302,8621,19114,13766,6206,4663,1708,15.942,35.345,25.456,11.476,8.623,3.158,50.486,23.257
Y01011,2026-07-01,10351,5227,1639,5076,2657,575,295,109,15.834,49.039,25.669,5.555,2.85,1.053,50.498,9.458
Y01050,2026-07-01,7677,4117,1062,2489,2111,942,839,234,13.834,32.422,27.498,12.27,10.929,3.048,53.628,26.247
Y01051,2026-07-01,8283,4089,907,2459,2383,1204,1012,318,10.95,29.687,28.77,14.536,12.218,3.839,49.366,30.593
Y01057,2026-07-01,1048,141,0,666,339,40,3,0,0.0,63.55,32.347,3.817,0.286,0.0,13.454,4.103
Y01066,2026-07-01,8031,4060,1269,4612,1597,345,157,51,15.801,57.427,19.885,4.296,1.955,0.635,50.554,6.886
Y01068,2026-07-01,4934,2387,1153,2573,951,156,73,28,23.368,52.148,19.274,3.162,1.48,0.567,48.379,5.209
Y01090,2026-07-01,8870,4138,1574,5106,1576,371,166,77,17.745,57.565,17.768,4.183,1.871,0.868,46.652,6.922
Y01108,2026-07-01,3966,1977,659,1641,1098,316,198,54,16.616,41.377,27.685,7.968,4.992,1.362,49.849,14.322
Y01118,2026-07-01,3467,1677,628,1431,831,345,160,72,18.114,41.275,23.969,9.951,4.615,2.077,48.37,16.643
Y01127,2026-07-01,6700,3547,871,1966,1833,1044,721,265,13.0,29.343,27.358,15.582,10.761,3.955,52.94,30.299
Y01132,2026-07-01,11992,5737,1595,5280,3480,901,538,198,13.301,44.029,29.019,7.513,4.486,1.651,47.84,13.651
Y01163,2026-07-01,3866,1937,499,1058,1165,544,442,158,12.907,27.367,30.135,14.071,11.433,4.087,50.103,29.591
Y01206,2026-07-01,9468,4710,1318,3087,2881,1029,830,323,13.921,32.605,30.429,10.868,8.766,3.411,49.747,23.046
Y01221,2026-07-01,3262,1509,410,1621,733,302,146,50,12.569,49.693,22.471,9.258,4.476,1.533,46.26,15.267
Y01262,2026-07-01,39,5,0,20,17,2,0,0,0.0,51.282,43.59,5.128,0.0,0.0,12.821,5.128
Y01280,2026-07-01,2300,1038,451,1136,555,100,40,18,19.609,49.391,24.13,4.348,1.739,0.783,45.13,6.87
Y01281,2026-07-01,4771,2412,586,1444,1245,637,579,280,12.283,30.266,26.095,13.351,12.136,5.869,50.555,31.356
Y01291,2026-07-01,10602,5410,2028,4454,2560,784,509,267,19.128,42.011,24.146,7.395,4.801,2.518,51.028,14.714
Y01652,2026-07-01,6007,3065,705,1518,1798,998,764,224,11.736,25.271,29.932,16.614,12.718,3.729,51.024,33.061
Y01655,2026-07-01,9690,4901,1471,4757,2628,519,261,54,15.181,49.092,27.121,5.356,2.693,0.557,50.578,8.607
Y01690,2026-07-01,7612,3740,1483,3583,1759,424,246,117,19.482,47.07,23.108,5.57,3.232,1.537,49.133,10.339
Y01695,2026-07-01,4012,1869,748,2088,907,184,72,13,18.644,52.044,22.607,4.586,1.795,0.324,46.585,6.705
Y01719,2026-07-01,8700,4438,2135,4164,1875,326,151,49,24.54,47.862,21.552,3.747,1.736,0.563,51.011,6.046
Y01756,2026-07-01,6261,3117,1018,2258,1485,807,514,179,16.259,36.065,23.718,12.889,8.21,2.859,49.784,23.958
Y01794,2026-07-01,14739,7393,2388,5429,3894,1511,1075,442,16.202,36.834,26.42,10.252,7.294,2.999,50.159,20.544
Y01795,2026-07-01,9397,4706,2102,4580,2038,435,182,60,22.369,48.739,21.688,4.629,1.937,0.639,50.08,7.204
Y01812,2026-07-01,11342,5836,2061,4424,2920,980,706,251,18.171,39.005,25.745,8.64,6.225,2.213,51.455,17.078
Y01839,2026-07-01,7705,4005,1364,3897,1762,411,195,76,17.703,50.578,22.868,5.334,2.531,0.986,51.979,8.851
Y01922,2026-07-01,11953,6154,1387,3547,3392,1757,1422,448,11.604,29.675,28.378,14.699,11.897,3.748,51.485,30.344
Y01924,2026-07-01,68,23,0,15,35,11,7,0,0.0,22.059,51.471,16.176,10.294,0.0,33.824,26.471
Y01929,2026-07-01,51598,25524,10373,22220,12463,3726,2106,710,20.103,43.064,24.154,7.221,4.082,1.376,49.467,12.679
Y01948,2026-07-01,2478,1009,433,1348,570,89,32,6,17.474,54.399,23.002,3.592,1.291,0.242,40.718,5.125
Y01964,2026-07-01,28834,14690,6886,12637,6525,1619,851,316,23.882,43.827,22.63,5.615,2.951,1.096,50.947,9.662
Y02002,2026-07-01,22103,10938,1458,18156,2128,272,76,13,6.596,82.143,9.628,1.231,0.344,0.059,49.486,1.633
Y02045,2026-07-01,7,0,0,4,3,0,0,0,0.0,57.143,42.857,0.0,0.0,0.0,0.0,0.0
Y02117,2026-07-01,13548,6581,1735,7268,3273,819,320,133,12.806,53.646,24.159,6.045,2.362,0.982,48.575,9.389
Y02177,2026-07-01,6810,3376,1362,3044,1680,422,234,68,20.0,44.699,24.67,6.197,3.436,0.999,49.574,10.631
Y02212,2026-07-01,2638,1283,464,1040,654,254,162,64,17.589,39.424,24.792,9.629,6.141,2.426,48.635,18.196
Y02274,2026-07-01,3799,1892,848,1789,890,185,78,9,22.322,47.091,23.427,4.87,2.053,0.237,49.803,7.16
Y02319,2026-07-01,7661,3588,1864,4367,1194,177,55,4,24.331,57.003,15.585,2.31,0.718,0.052,46.835,3.081
Y02321,2026-07-01,5759,2893,1302,2438,1272,395,280,72,22.608,42.334,22.087,6.859,4.862,1.25,50.234,12.971
Y02322,2026-07-01,9907,4891,2114,4598,2066,625,390,114,21.338,46.412,20.854,6.309,3.937,1.151,49.369,11.396
Y02325,2026-07-01,5199,2544,1289,2407,1165,214,96,28,24.793,46.297,22.408,4.116,1.847,0.539,48.932,6.501
Y02332,2026-07-01,17391,8090,3587,8417,3708,976,503,200,20.626,48.399,21.321,5.612,2.892,1.15,46.518,9.654
Y02342,2026-07-01,9594,4137,1698,5233,2124,360,131,48,17.699,54.545,22.139,3.752,1.365,0.5,43.121,5.618
Y02354,2026-07-01,8881,4352,1336,3221,2381,874,759,310,15.043,36.268,26.81,9.841,8.546,3.491,49.003,21.878
Y02378,2026-07-01,6376,3200,1009,2454,1706,606,477,124,15.825,38.488,26.757,9.504,7.481,1.945,50.188,18.93
Y02423,2026-07-01,44781,22363,5868,25441,9858,2094,1051,469,13.104,56.812,22.014,4.676,2.347,1.047,49.939,8.07
Y02463,2026-07-01,12976,6040,2509,8107,1954,313,79,14,19.336,62.477,15.059,2.412,0.609,0.108,46.547,3.129
Y02466,2026-07-01,12456,6270,2917,5522,3018,549,321,129,23.418,44.332,24.229,4.408,2.577,1.036,50.337,8.02
Y02469,2026-07-01,9661,4733,2116,4720,2134,440,197,54,21.902,48.856,22.089,4.554,2.039,0.559,48.991,7.152
Y02476,2026-07-01,15354,7173,2538,9784,2466,366,162,38,16.53,63.723,16.061,2.384,1.055,0.247,46.717,3.686
Y02494,2026-07-01,8811,4017,1697,5610,1300,154,46,4,19.26,63.67,14.754,1.748,0.522,0.045,45.591,2.315
Y02510,2026-07-01,6746,3515,1246,2880,1651,503,351,115,18.47,42.692,24.474,7.456,5.203,1.705,52.105,14.364
Y02517,2026-07-01,17349,8733,2480,6878,4750,1658,1183,400,14.295,39.645,27.379,9.557,6.819,2.306,50.337,18.681
Y02519,2026-07-01,10110,4879,2142,5292,1990,434,197,55,21.187,52.344,19.683,4.293,1.949,0.544,48.259,6.785
Y02520,2026-07-01,5368,2735,1308,2533,1208,208,80,31,24.367,47.187,22.504,3.875,1.49,0.577,50.95,5.943
Y02521,2026-07-01,9941,4993,2180,4385,2163,710,355,148,21.929,44.11,21.758,7.142,3.571,1.489,50.226,12.202
Y02526,2026-07-01,58,17,1,26,27,2,1,1,1.724,44.828,46.552,3.448,1.724,1.724,29.31,6.897
Y02567,2026-07-01,5984,3066,1710,2851,1033,261,91,38,28.576,47.644,17.263,4.362,1.521,0.635,51.237,6.517
Y02571,2026-07-01,8588,4383,1859,3765,2033,488,335,108,21.646,43.84,23.673,5.682,3.901,1.258,51.036,10.841
Y02575,2026-07-01,22413,10973,5571,10729,5016,746,251,100,24.856,47.87,22.38,3.328,1.12,0.446,48.958,4.894
Y02578,2026-07-01,11927,5610,490,10114,1069,186,56,12,4.108,84.799,8.963,1.559,0.47,0.101,47.036,2.13
Y02586,2026-07-01,5133,2504,1277,2564,985,203,77,27,24.878,49.951,19.19,3.955,1.5,0.526,48.782,5.981
Y02589,2026-07-01,9958,5096,1186,6301,1929,377,115,50,11.91,63.276,19.371,3.786,1.155,0.502,51.175,5.443
Y02594,2026-07-01,2982,1568,594,1088,682,313,201,104,19.92,36.486,22.871,10.496,6.74,3.488,52.582,20.724
Y02605,2026-07-01,4183,2132,844,1890,900,306,182,61,20.177,45.183,21.516,7.315,4.351,1.458,50.968,13.125
Y02606,2026-07-01,6218,3022,1439,2893,1342,378,136,30,23.142,46.526,21.583,6.079,2.187,0.482,48.601,8.749
Y02611,2026-07-01,18995,9903,4660,8772,4160,816,437,150,24.533,46.181,21.901,4.296,2.301,0.79,52.135,7.386
Y02622,2026-07-01,15924,7663,909,13347,1440,183,41,4,5.708,83.817,9.043,1.149,0.257,0.025,48.122,1.432
Y02625,2026-07-01,1200,715,0,10,97,174,427,492,0.0,0.833,8.083,14.5,35.583,41.0,59.583,91.083
Y02626,2026-07-01,4608,2255,980,2020,995,337,208,68,21.267,43.837,21.593,7.313,4.514,1.476,48.937,13.303
Y02627,2026-07-01,12083,6094,2985,5253,2420,726,450,249,24.704,43.474,20.028,6.008,3.724,2.061,50.434,11.793
Y02633,2026-07-01,5966,2993,866,1819,1748,799,569,165,14.516,30.489,29.299,13.393,9.537,2.766,50.168,25.696
Y02636,2026-07-01,6826,3312,1516,3550,1210,271,138,141,22.209,52.007,17.726,3.97,2.022,2.066,48.52,8.057
Y02639,2026-07-01,9583,4803,2176,4119,2463,514,224,87,22.707,42.982,25.702,5.364,2.337,0.908,50.12,8.609
Y02645,2026-07-01,18,5,0,8,8,2,0,0,0.0,44.444,44.444,11.111,0.0,0.0,27.778,11.111
Y02646,2026-07-01,10457,5232,2466,5154,2245,361,193,38,23.582,49.288,21.469,3.452,1.846,0.363,50.033,5.661
Y02653,2026-07-01,4453,2317,1020,1885,935,304,223,86,22.906,42.331,20.997,6.827,5.008,1.931,52.032,13.766
Y02657,2026-07-01,8518,4363,1919,3675,1861,575,387,101,22.529,43.144,21.848,6.75,4.543,1.186,51.221,12.479
Y02663,2026-07-01,4417,2298,993,2015,882,310,172,45,22.481,45.619,19.968,7.018,3.894,1.019,52.026,11.931
Y02669,2026-07-01,5063,2456,858,2362,1219,395,182,47,16.946,46.652,24.077,7.802,3.595,0.928,48.509,12.325
Y02671,2026-07-01,17915,8455,3642,8555,4541,820,285,72,20.329,47.753,25.347,4.577,1.591,0.402,47.195,6.57
Y02672,2026-07-01,13650,6658,2901,6950,2971,564,213,51,21.253,50.916,21.766,4.132,1.56,0.374,48.777,6.066
Y02674,2026-07-01,472,88,0,229,212,26,5,0,0.0,48.517,44.915,5.508,1.059,0.0,18.644,6.568
Y02676,2026-07-01,8920,4195,613,6529,1444,234,79,21,6.872,73.195,16.188,2.623,0.886,0.235,47.029,3.744
Y02684,2026-07-01,3637,1717,719,1667,927,228,77,19,19.769,45.834,25.488,6.269,2.117,0.522,47.209,8.908
Y02686,2026-07-01,9099,4312,1374,6229,1237,194,58,7,15.101,68.458,13.595,2.132,0.637,0.077,47.39,2.846
Y02692,2026-07-01,15126,6841,2592,8915,3010,450,123,36,17.136,58.938,19.9,2.975,0.813,0.238,45.227,4.026
Y02701,2026-07-01,8055,4008,1790,3621,1985,444,177,38,22.222,44.953,24.643,5.512,2.197,0.472,49.758,8.181
Y02707,2026-07-01,7257,3667,1369,3119,1830,539,312,88,18.865,42.979,25.217,7.427,4.299,1.213,50.531,12.939
Y02713,2026-07-01,4455,2191,885,2003,1029,325,153,60,19.865,44.961,23.098,7.295,3.434,1.347,49.181,12.076
Y02718,2026-07-01,4783,2478,1059,1980,1073,355,232,84,22.141,41.397,22.434,7.422,4.851,1.756,51.808,14.029
Y02720,2026-07-01,4799,2453,1185,2353,953,214,69,25,24.693,49.031,19.858,4.459,1.438,0.521,51.115,6.418
Y02721,2026-07-01,5261,2724,1377,2516,1006,210,116,36,26.174,47.824,19.122,3.992,2.205,0.684,51.777,6.881
Y02736,2026-07-01,7119,3584,1759,3414,1528,278,115,25,24.709,47.956,21.464,3.905,1.615,0.351,50.344,5.872
Y02751,2026-07-01,10992,5133,1576,6321,2110,463,312,210,14.338,57.505,19.196,4.212,2.838,1.91,46.698,8.961
Y02753,2026-07-01,6535,3327,1636,3092,1239,374,155,39,25.034,47.314,18.959,5.723,2.372,0.597,50.91,8.692
Y02755,2026-07-01,9480,4529,2347,4691,1886,391,129,36,24.757,49.483,19.895,4.124,1.361,0.38,47.774,5.865
Y02757,2026-07-01,13512,6786,3268,6353,2816,659,291,125,24.186,47.017,20.841,4.877,2.154,0.925,50.222,7.956
Y02767,2026-07-01,6779,3365,1423,3520,1306,288,175,67,20.991,51.925,19.265,4.248,2.582,0.988,49.639,7.818
Y02769,2026-07-01,7998,4000,1692,3685,1810,433,292,86,21.155,46.074,22.631,5.414,3.651,1.075,50.013,10.14
Y02790,2026-07-01,7748,3712,2074,3917,1297,298,120,42,26.768,50.555,16.74,3.846,1.549,0.542,47.909,5.937
Y02794,2026-07-01,12349,6117,3766,6189,1912,298,130,54,30.496,50.117,15.483,2.413,1.053,0.437,49.534,3.903
Y02795,2026-07-01,5401,2700,1205,2549,1187,290,134,36,22.311,47.195,21.977,5.369,2.481,0.667,49.991,8.517
Y02807,2026-07-01,12898,6343,3250,6475,2639,387,123,24,25.198,50.202,20.461,3.0,0.954,0.186,49.178,4.14
Y02827,2026-07-01,4917,2346,1131,2620,890,174,79,23,23.002,53.285,18.1,3.539,1.607,0.468,47.712,5.613
Y02842,2026-07-01,9255,4684,1174,5380,2071,420,167,43,12.685,58.131,22.377,4.538,1.804,0.465,50.61,6.807
Y02847,2026-07-01,10789,4956,757,8203,1456,279,82,12,7.016,76.031,13.495,2.586,0.76,0.111,45.936,3.457
Y02849,2026-07-01,15909,7050,884,13328,1461,193,34,9,5.557,83.776,9.183,1.213,0.214,0.057,44.315,1.483
Y02867,2026-07-01,4751,2237,956,2248,993,270,193,91,20.122,47.316,20.901,5.683,4.062,1.915,47.085,11.661
Y02873,2026-07-01,88,24,0,38,45,5,0,0,0.0,43.182,51.136,5.682,0.0,0.0,27.273,5.682
Y02875,2026-07-01,4859,2270,1120,2438,997,197,90,17,23.05,50.175,20.519,4.054,1.852,0.35,46.717,6.256
Y02885,2026-07-01,4459,2248,1080,2243,850,180,86,20,24.221,50.303,19.063,4.037,1.929,0.449,50.415,6.414
Y02886,2026-07-01,4696,2341,911,2004,1242,309,197,33,19.399,42.675,26.448,6.58,4.195,0.703,49.851,11.478
Y02890,2026-07-01,6280,2928,1167,3748,1054,208,72,31,18.583,59.682,16.783,3.312,1.146,0.494,46.624,4.952
Y02893,2026-07-01,22475,11160,5230,10091,4637,1395,796,326,23.27,44.899,20.632,6.207,3.542,1.451,49.655,11.199
Y02900,2026-07-01,22244,10896,5376,11334,4565,713,226,30,24.168,50.953,20.522,3.205,1.016,0.135,48.984,4.356
Y02906,2026-07-01,9231,4790,1304,5595,1723,355,180,74,14.126,60.611,18.665,3.846,1.95,0.802,51.89,6.597
Y02928,2026-07-01,24234,12415,3998,15588,3768,662,175,43,16.497,64.323,15.548,2.732,0.722,0.177,51.23,3.631
Y02933,2026-07-01,8915,4517,2125,4079,1826,508,303,74,23.836,45.754,20.482,5.698,3.399,0.83,50.667,9.927
Y02936,2026-07-01,3482,1718,784,1469,876,191,124,38,22.516,42.188,25.158,5.485,3.561,1.091,49.339,10.138
Y02946,2026-07-01,7832,3672,756,5865,1008,144,51,8,9.653,74.885,12.87,1.839,0.651,0.102,46.885,2.592
Y02960,2026-07-01,6272,2731,1284,3635,1100,178,56,19,20.472,57.956,17.538,2.838,0.893,0.303,43.543,4.034
Y02973,2026-07-01,8943,4483,2121,4190,1991,442,171,28,23.717,46.852,22.263,4.942,1.912,0.313,50.129,7.168
Y02974,2026-07-01,12239,6083,2627,6138,2952,387,114,21,21.464,50.151,24.12,3.162,0.931,0.172,49.702,4.265
Y02986,2026-07-01,5143,2495,771,2916,1210,185,52,9,14.991,56.698,23.527,3.597,1.011,0.175,48.513,4.783
Y02987,2026-07-01,32581,14830,6832,18933,5295,957,420,144,20.969,58.111,16.252,2.937,1.289,0.442,45.517,4.668
Y03023,2026-07-01,32416,15747,6061,19530,5412,926,345,142,18.698,60.248,16.695,2.857,1.064,0.438,48.578,4.359
Y03035,2026-07-01,21177,10793,3134,8586,6337,1812,1007,301,14.799,40.544,29.924,8.556,4.755,1.421,50.966,14.733
Y03049,2026-07-01,17626,8626,4090,9040,3435,689,269,103,23.204,51.288,19.488,3.909,1.526,0.584,48.939,6.02
Y03052,2026-07-01,14881,7538,3019,5973,3693,1200,772,224,20.288,40.138,24.817,8.064,5.188,1.505,50.655,14.757
Y03063,2026-07-01,7748,3497,786,4358,1978,420,143,63,10.145,56.247,25.529,5.421,1.846,0.813,45.134,8.08
Y03079,2026-07-01,16012,8109,3079,6524,3796,1368,948,297,19.229,40.744,23.707,8.544,5.921,1.855,50.643,16.319
Y03103,2026-07-01,299,49,0,150,131,14,4,0,0.0,50.167,43.813,4.682,1.338,0.0,16.388,6.02
Y03124,2026-07-01,5486,2825,1115,2243,1272,425,324,107,20.324,40.886,23.186,7.747,5.906,1.95,51.495,15.603
Y03135,2026-07-01,9079,4071,762,4887,2546,544,231,109,8.393,53.828,28.043,5.992,2.544,1.201,44.84,9.737
Y03222,2026-07-01,6925,3476,1016,2248,1867,904,669,221,14.671,32.462,26.96,13.054,9.661,3.191,50.195,25.906
Y03303,2026-07-01,2,0,0,1,1,0,0,0,0.0,50.0,50.0,0.0,0.0,0.0,0.0,0.0
Y03366,2026-07-01,5669,2686,1383,2717,1138,271,109,51,24.396,47.927,20.074,4.78,1.923,0.9,47.38,7.603
Y03402,2026-07-01,18041,8920,3420,8328,4600,1107,418,168,18.957,46.162,25.497,6.136,2.317,0.931,49.443,9.384
Y03441,2026-07-01,9508,4882,883,6435,1735,306,117,32,9.287,67.68,18.248,3.218,1.231,0.337,51.346,4.785
Y03584,2026-07-01,92,11,0,53,35,3,1,0,0.0,57.609,38.043,3.261,1.087,0.0,11.957,4.348
Y03595,2026-07-01,6902,3439,1080,2575,1734,722,579,212,15.648,37.308,25.123,10.461,8.389,3.072,49.826,21.921
Y03597,2026-07-01,8093,3940,2223,4146,1307,265,109,43,27.468,51.229,16.15,3.274,1.347,0.531,48.684,5.153
Y03602,2026-07-01,6249,3152,863,1744,1861,913,660,208,13.81,27.908,29.781,14.61,10.562,3.329,50.44,28.501
Y03663,2026-07-01,9199,4642,1544,4645,2191,472,252,95,16.784,50.495,23.818,5.131,2.739,1.033,50.462,8.903
Y03664,2026-07-01,7774,3649,1260,3692,1920,516,261,125,16.208,47.492,24.698,6.638,3.357,1.608,46.939,11.603
Y03755,2026-07-01,14101,7409,2114,8430,2327,528,403,299,14.992,59.783,16.502,3.744,2.858,2.12,52.542,8.723
Y04225,2026-07-01,1190,655,0,15,165,179,368,463,0.0,1.261,13.866,15.042,30.924,38.908,55.042,84.874
Y04266,2026-07-01,3913,1897,678,1538,955,389,236,117,17.327,39.305,24.406,9.941,6.031,2.99,48.479,18.962
Y04273,2026-07-01,20293,10170,2904,13919,2908,431,105,26,14.31,68.59,14.33,2.124,0.517,0.128,50.116,2.769
Y04662,2026-07-01,6509,3387,1852,3341,1004,226,74,12,28.453,51.329,15.425,3.472,1.137,0.184,52.036,4.793
Y04664,2026-07-01,4309,2187,558,1233,1238,601,514,165,12.95,28.615,28.731,13.948,11.929,3.829,50.754,29.705
Y04809,2026-07-01,2723,1395,609,1205,602,196,96,15,22.365,44.253,22.108,7.198,3.526,0.551,51.23,11.274
Y04882,2026-07-01,4171,1972,733,1631,1079,333,286,109,17.574,39.103,25.869,7.984,6.857,2.613,47.279,17.454
Y04884,2026-07-01,3252,1623,418,1106,956,377,301,94,12.854,34.01,29.397,11.593,9.256,2.891,49.908,23.739
Y04925,2026-07-01,8328,4207,1763,3503,2321,429,221,91,21.17,42.063,27.87,5.151,2.654,1.093,50.516,8.898
Y04957,2026-07-01,32855,16554,4878,11372,8715,3867,2985,1038,14.847,34.613,26.526,11.77,9.085,3.159,50.385,24.015
Y04965,2026-07-01,21493,10146,4639,11169,4343,777,409,156,21.584,51.966,20.207,3.615,1.903,0.726,47.206,6.244
Y04969,2026-07-01,4848,2427,1173,2336,933,230,124,52,24.196,48.185,19.245,4.744,2.558,1.073,50.062,8.375
Y04977,2026-07-01,5572,2740,896,2177,1409,576,401,113,16.08,39.07,25.287,10.337,7.197,2.028,49.174,19.562
Y04995,2026-07-01,18750,9293,2985,7217,4862,1951,1330,405,15.92,38.491,25.931,10.405,7.093,2.16,49.563,19.659
Y05023,2026-07-01,5106,2585,1011,2016,1150,492,329,108,19.8,39.483,22.523,9.636,6.443,2.115,50.627,18.194
Y05080,2026-07-01,3044,1368,490,1661,594,202,71,26,16.097,54.566,19.514,6.636,2.332,0.854,44.941,9.823
Y05167,2026-07-01,12902,5505,2624,7128,2591,420,110,29,20.338,55.247,20.082,3.255,0.853,0.225,42.668,4.333
Y05212,2026-07-01,6077,2977,1317,3052,1161,322,175,50,21.672,50.222,19.105,5.299,2.88,0.823,48.988,9.001
Y05248,2026-07-01,3384,1674,589,1286,927,334,181,67,17.405,38.002,27.394,9.87,5.349,1.98,49.468,17.199
Y05317,2026-07-01,7263,3804,1191,3180,1882,581,310,119,16.398,43.784,25.912,7.999,4.268,1.638,52.375,13.906
Y05318,2026-07-01,5562,2798,836,2330,1529,512,264,91,15.031,41.891,27.49,9.205,4.746,1.636,50.306,15.588
Y05330,2026-07-01,4931,2504,624,3302,832,120,43,10,12.655,66.964,16.873,2.434,0.872,0.203,50.781,3.508
Y05349,2026-07-01,5785,2545,748,3939,949,107,40,2,12.93,68.09,16.404,1.85,0.691,0.035,43.993,2.576
Y05363,2026-07-01,3228,1629,659,1297,769,270,171,62,20.415,40.18,23.823,8.364,5.297,1.921,50.465,15.582
Y05364,2026-07-01,3728,1910,790,1657,867,258,116,40,21.191,44.447,23.256,6.921,3.112,1.073,51.234,11.105
Y05369,2026-07-01,6999,3516,1232,2802,1775,586,453,151,17.603,40.034,25.361,8.373,6.472,2.157,50.236,17.002
Y05622,2026-07-01,5678,2958,1583,2638,1048,241,122,46,27.88,46.46,18.457,4.244,2.149,0.81,52.096,7.203
Y05690,2026-07-01,7198,3712,1527,3100,1686,491,292,102,21.214,43.068,23.423,6.821,4.057,1.417,51.57,12.295
Y05733,2026-07-01,1,1,0,0,0,1,0,0,0.0,0.0,0.0,100.0,0.0,0.0,100.0,100.0
Y05750,2026-07-01,121,32,0,96,23,2,0,0,0.0,79.339,19.008,1.653,0.0,0.0,26.446,1.653
Y05826,2026-07-01,6507,3009,1700,3405,1152,178,53,19,26.126,52.328,17.704,2.736,0.815,0.292,46.243,3.842
Y05857,2026-07-01,135,48,0,41,61,22,7,4,0.0,30.37,45.185,16.296,5.185,2.963,35.556,24.444
Y06007,2026-07-01,8620,4358,1465,3931,2140,601,374,109,16.995,45.603,24.826,6.972,4.339,1.265,50.557,12.575
Y06095,2026-07-01,20,5,0,11,9,0,0,0,0.0,55.0,45.0,0.0,0.0,0.0,25.0,0.0
Y06113,2026-07-01,452,277,0,0,28,67,168,189,0.0,0.0,6.195,14.823,37.168,41.814,61.283,93.805
Y06218,2026-07-01,9756,4822,2049,4442,2283,588,307,87,21.002,45.531,23.401,6.027,3.147,0.892,49.426,10.066
Y06275,2026-07-01,6343,2969,1124,2814,1539,489,302,75,17.72,44.364,24.263,7.709,4.761,1.182,46.808,13.653
Y06345,2026-07-01,1480,994,0,7,73,124,398,878,0.0,0.473,4.932,8.378,26.892,59.324,67.162,94.595
Y06356,2026-07-01,9185,4558,1622,3837,2334,750,448,194,17.659,41.775,25.411,8.165,4.878,2.112,49.624,15.155
Y06378,2026-07-01,6147,2780,1443,3218,1140,185,86,75,23.475,52.351,18.546,3.01,1.399,1.22,45.225,5.629
Y06389,2026-07-01,1151,55,7,1043,58,6,18,19,0.608,90.617,5.039,0.521,1.564,1.651,4.778,3.736
Y06443,2026-07-01,12793,6538,2177,5023,3148,1190,918,337,17.017,39.264,24.607,9.302,7.176,2.634,51.106,19.112
Y06499,2026-07-01,290,51,2,146,110,22,9,1,0.69,50.345,37.931,7.586,3.103,0.345,17.586,11.034
Y06545,2026-07-01,198,43,0,110,79,7,2,0,0.0,55.556,39.899,3.535,1.01,0.0,21.717,4.545
Y06592,2026-07-01,208,48,0,120,77,9,1,1,0.0,57.692,37.019,4.327,0.481,0.481,23.077,5.288
Y06659,2026-07-01,3271,1630,538,1268,860,328,187,90,16.448,38.765,26.292,10.028,5.717,2.751,49.832,18.496
Y06792,2026-07-01,7798,3924,1917,3603,1602,403,203,70,24.583,46.204,20.544,5.168,2.603,0.898,50.321,8.669
Y06810,2026-07-01,16336,8137,3550,8229,3386,774,330,67,21.731,50.373,20.727,4.738,2.02,0.41,49.81,7.168
Y07014,2026-07-01,14327,6955,2685,6180,3577,902,753,230,18.741,43.135,24.967,6.296,5.256,1.605,48.545,13.157
Y07020,2026-07-01,250,119,0,28,80,46,38,58,0.0,11.2,32.0,18.4,15.2,23.2,47.6,56.8
Y07025,2026-07-01,8051,3838,1320,3357,2164,652,385,173,16.395,41.697,26.879,8.098,4.782,2.149,47.671,15.029
Y07040,2026-07-01,116,25,0,56,51,7,2,0,0.0,48.276,43.966,6.034,1.724,0.0,21.552,7.759
Y07057,2026-07-01,12045,5906,2101,5214,2794,998,713,225,17.443,43.288,23.196,8.286,5.919,1.868,49.033,16.073
Y07059,2026-07-01,19251,9617,3478,7698,4797,1793,1079,406,18.067,39.988,24.918,9.314,5.605,2.109,49.956,17.028
Y07060,2026-07-01,23707,11068,3810,10750,5788,1783,1116,460,16.071,45.345,24.415,7.521,4.707,1.94,46.687,14.169
Y07275,2026-07-01,2842,1391,463,1098,772,248,199,62,16.291,38.635,27.164,8.726,7.002,2.182,48.944,17.91
Y07697,2026-07-01,143,43,0,34,43,18,35,13,0.0,23.776,30.07,12.587,24.476,9.091,30.07,46.154
Y07819,2026-07-01,42,9,0,23,16,3,0,0,0.0,54.762,38.095,7.143,0.0,0.0,21.429,7.143
Y08371,2026-07-01,5031,2640,1249,2961,692,92,34,3,24.826,58.855,13.755,1.829,0.676,0.06,52.475,2.564
Y08411,2026-07-01,326,201,0,0,38,65,96,127,0.0,0.0,11.656,19.939,29.448,38.957,61.656,88.344
