gp_code,oc_wd_total,oc_rush,oc_rush_pct,same_day_12m,rural,imd_score,log_list,gp_per10k,nurse_per10k,dpc_per10k,merged_recent,dispensing_f,region,rush_pct,calls_per_1k,total_wd,oq
C82051,2812,819,29.125177809388337,25.179225333952242,1.0,14.5,9.380779106858364,8.32050822507537,7.083675921826576,10.56929423228554,0.0,1.0,MIDLANDS,21.5,531.0,6338,Q2
C82054,1716,1283,74.76689976689977,43.750373960390114,0.0,10.09,9.397711657402244,11.718453109466656,4.952704710735237,3.272322754389238,0.0,1.0,MIDLANDS,27.1,597.6,7430,Q4
C82061,3823,1690,44.20612084750197,20.41187291151916,0.0,15.5,9.597471773395842,17.8351157100662,2.5711537368867767,2.0822723924630795,0.0,0.0,MIDLANDS,21.6,467.3,7257,Q4
C82064,3705,1664,44.91228070175438,34.82167343580635,0.0,13.45,9.418573310554638,19.51008255298417,6.755988631749898,3.204763837596427,0.0,0.0,MIDLANDS,21.1,452.0,5527,Q4
C82068,488,109,22.33606557377049,47.861399582589456,0.0,11.19,9.422665615854513,17.640478215195504,3.6876794306740535,3.946463952124864,0.0,0.0,MIDLANDS,23.8,649.0,8039,Q1
C82071,337,129,38.27893175074184,59.293201877432516,0.0,15.47,9.536178889525775,17.172112160651654,4.235274299705817,1.3475872768509771,0.0,0.0,MIDLANDS,54.1,1452.1,20859,Q3
C82073,1995,438,21.954887218045112,46.04112083129802,0.0,35.72,9.60628811104524,8.471353656356039,2.5485852101292803,7.825233461622592,0.0,0.0,MIDLANDS,40.3,658.9,9295,Q1
C82077,1255,289,23.02788844621514,32.54408100055814,1.0,11.08,9.456314641028174,4.629098681905854,8.424125528332377,22.33227336782568,0.0,1.0,MIDLANDS,31.2,469.5,5955,Q1
C82079,584,216,36.98630136986301,44.233158146201625,0.0,21.37,8.854974095168483,11.64189751515872,2.282725002972298,3.576269170372132,0.0,0.0,MIDLANDS,31.1,724.6,4976,Q3
C82086,178,44,24.719101123595507,32.52973022997548,0.0,38.07,9.277508245834229,14.14775162299259,1.2965863306762664,3.3412032389723927,0.0,0.0,MIDLANDS,28.9,404.1,4144,Q1
C82094,369,52,14.092140921409214,26.80427980216009,0.0,36.93,8.837197235330143,8.361330300624486,5.344435300382437,4.105145954398025,0.0,0.0,MIDLANDS,31.5,893.6,6074,Q1
C82098,143,43,30.06993006993007,41.20948897693793,0.0,11.23,8.90149140871047,13.87277989037054,3.1231912850252512,9.042728254213245,0.0,0.0,MIDLANDS,31.6,889.4,6443,Q2
C82102,154,56,36.36363636363637,34.599920906933825,1.0,13.35,8.50082665399594,11.276386675702234,2.819096667909057,0.0,0.0,1.0,MIDLANDS,31.3,469.7,2254,Q3
C82121,490,110,22.448979591836736,38.78842378847862,0.0,18.49,9.609239526870034,13.367482748878771,4.938989609779557,2.433705024661396,0.0,0.0,MIDLANDS,30.3,665.1,9882,Q1
C82610,128,27,21.09375,51.32123877588418,0.0,45.94,8.781824115837265,13.507809203729998,0.6139913273725008,3.1108893909973525,0.0,0.0,MIDLANDS,41.1,610.3,4169,Q1
C82631,1309,519,39.64858670741024,24.452607317775858,0.0,11.03,8.877695800489295,11.863835523168651,0.8925769673302884,12.272933300791465,0.0,0.0,MIDLANDS,25.5,540.4,3842,Q3
C82634,1673,786,46.98147041243276,56.52803571124325,0.0,15.14,8.673028166307594,13.645568897572664,2.0080435848141707,0.0,0.0,0.0,MIDLANDS,23.8,433.3,2780,Q4
C82644,131,46,35.11450381679389,36.109159053642536,1.0,15.71,8.50072499870893,10.843781768214164,7.807522873602169,2.819383258556422,0.0,0.0,MIDLANDS,38.0,731.4,3716,Q3
C82660,2179,876,40.20192748967416,53.53831417624521,0.0,30.5,8.838358394684567,3.094627920313331,4.1777476911174505,0.5802427348774237,0.0,0.0,MIDLANDS,32.6,546.0,4106,Q3
C82667,2193,823,37.52849977200182,48.418545957827895,0.0,34.84,8.972802044544297,6.943230333516507,4.869594623155937,1.2173986557889842,0.0,0.0,MIDLANDS,26.2,497.1,4073,Q3
C82669,755,643,85.16556291390728,32.869296210363494,0.0,29.0,8.341847248358707,8.007944389275075,3.559086396822244,8.38927507447865,0.0,0.0,MIDLANDS,27.3,634.0,2662,Q4
C82676,1793,731,40.76965978806469,44.557056235361074,0.0,27.92,8.882021473044672,6.221070172190337,2.147750415663766,3.40677652379189,0.0,0.0,MIDLANDS,26.0,491.7,3668,Q3
C83003,4985,1497,30.03009027081244,45.48638646576791,0.0,19.06,9.981940535728572,7.886989718591455,6.323891412127726,12.26563734100706,0.0,1.0,MIDLANDS,22.2,435.3,9193,Q2
C83007,8651,3629,41.94890764073517,61.612015452148476,0.0,12.24,10.209709200067396,10.13574713142815,9.947297611568525,15.077855626587482,0.0,1.0,MIDLANDS,23.2,371.1,9947,Q4
C83009,3010,1160,38.53820598006645,45.650332929279514,0.0,35.33,9.079719026767744,19.656885036750044,8.447761761722978,3.1299261193094408,0.0,0.0,MIDLANDS,20.7,509.0,4360,Q3
C83010,679,360,53.01914580265096,43.1194718313293,0.0,30.44,9.879997133687857,8.352858873684031,5.992458238435682,6.825123278618596,0.0,0.0,MIDLANDS,29.7,739.0,13736,Q4
C83011,4392,1339,30.487249544626597,42.688237524560215,1.0,15.18,9.410426805881697,9.64927241538808,9.638356949945765,11.526732659758084,0.0,1.0,MIDLANDS,22.3,519.0,6501,Q2
C83013,2559,1185,46.30715123094959,33.160541285650496,1.0,14.81,8.982079583240782,7.605486337346875,12.396607684221546,15.88105957491362,0.0,1.0,MIDLANDS,25.4,521.4,4133,Q4
C83015,833,417,50.06002400960384,40.346495797240024,1.0,22.48,9.061221456009946,19.315895371072592,10.462776660733631,6.933911160037146,0.0,1.0,MIDLANDS,33.6,928.8,8090,Q4
C83020,3704,968,26.13390928725702,37.694355697550584,1.0,14.29,9.197044032808831,19.1562549984377,5.431744289152557,36.56293543892244,0.0,1.0,MIDLANDS,24.6,669.5,6840,Q1
C83024,941,457,48.5653560042508,51.32187170545779,1.0,15.27,8.22764270790443,15.958678423724283,3.134740406091371,19.37839522575474,0.0,1.0,MIDLANDS,23.3,590.4,2211,Q4
C83031,4615,1654,35.83965330444204,45.383549565436454,1.0,10.02,9.436745265992764,9.73885308047046,6.145258820652535,14.00225928712871,0.0,1.0,MIDLANDS,24.0,307.1,3741,Q3
C83032,2920,1263,43.25342465753425,51.414083585507484,1.0,31.83,8.854189100420939,6.587025844557612,18.69496930274618,17.21003283946504,0.0,1.0,MIDLANDS,25.9,435.7,3020,Q4
C83033,281,79,28.11387900355872,20.79083352055718,1.0,18.3,8.222710267733953,11.598612820225975,6.443673789014431,37.2301152236268,0.0,1.0,MIDLANDS,30.0,862.8,3250,Q2
C83035,3803,1986,52.221930055219566,61.76144473147198,0.0,10.67,9.410795135035702,12.92133528966481,7.703481434036895,13.22467350905309,0.0,1.0,MIDLANDS,22.6,410.8,5190,Q4
C83040,4331,2425,55.99168783190949,53.50976187789188,0.0,20.75,9.596226161186324,19.652144352614584,3.807149736558835,5.4387853379411935,0.0,0.0,MIDLANDS,25.9,522.9,7628,Q4
C83042,180,58,32.22222222222222,43.81881446501802,1.0,24.9,8.826905799688772,12.168936930864982,13.49930302511555,20.07287667212834,0.0,1.0,MIDLANDS,31.1,664.7,4656,Q2
C83043,4132,1738,42.06195546950629,46.96586862799056,1.0,19.54,9.263067221665477,18.568029281010617,12.446144967864852,17.809118003430914,0.0,1.0,MIDLANDS,24.8,505.3,5366,Q4
C83044,3438,1275,37.08551483420593,61.79019163544857,0.0,43.02,9.399623750068956,5.208060355847343,8.937561204363957,3.067459276995434,0.0,0.0,MIDLANDS,26.6,425.0,5305,Q3
C83051,244,107,43.85245901639344,39.494170096021946,0.0,36.94,9.098076452937663,13.366027391405687,5.071930037946241,1.7900929543060125,0.0,0.0,MIDLANDS,34.2,728.1,6428,Q4
C83056,3765,2220,58.96414342629482,50.499880028793086,0.0,23.18,9.554556357752496,8.833152964218634,13.740800679952274,22.18940852468312,0.0,1.0,MIDLANDS,31.1,709.4,10030,Q4
C83061,140,40,28.571428571428573,44.54987595834443,1.0,15.44,9.10667286681142,11.890962535703393,3.667859089875489,16.830740505254987,0.0,1.0,MIDLANDS,27.2,944.5,8537,Q2
C83062,1110,545,49.0990990990991,42.93883253984682,1.0,16.33,8.653921551623055,8.14059978659999,6.884621533630853,2.2328502275006907,0.0,1.0,MIDLANDS,23.0,547.6,3227,Q4
C83073,2484,997,40.13687600644123,54.04102932758231,0.0,23.39,8.98520525547858,3.840975272886681,1.6699892502792013,9.351939796052564,0.0,0.0,MIDLANDS,22.6,400.2,3331,Q3
C83074,1966,773,39.31841302136318,25.59496642107322,1.0,18.37,8.462560995763173,9.350466467875371,7.378982574898784,20.50343249498328,0.0,1.0,MIDLANDS,23.1,542.5,2704,Q3
C83075,3901,1411,36.17021276595744,65.38913309356874,0.0,17.26,9.231710397712376,8.300704776820673,9.13599582419734,3.26285565191856,0.0,0.0,MIDLANDS,25.2,520.8,5411,Q3
C83080,1999,1224,61.23061530765383,42.37592137592138,0.0,19.52,8.673042427879077,4.746217146279895,5.020037366191761,5.020037366191759,0.0,0.0,MIDLANDS,27.7,752.1,4387,Q4
C83611,269,140,52.04460966542751,49.20591550257864,1.0,11.88,8.854200998879493,9.061812124933072,5.254328038550776,4.03593313010887,0.0,1.0,MIDLANDS,25.2,758.2,5455,Q4
C83617,2694,759,28.173719376391983,21.090056215330776,1.0,20.36,9.119138408549713,4.498813219280628,5.550483840788752,14.898667153551212,0.0,1.0,MIDLANDS,17.4,455.5,4210,Q2
C83635,2265,1284,56.68874172185431,34.54263022073009,1.0,19.36,8.59114043636832,12.680133117250984,9.212909217552822,10.649330548409567,0.0,1.0,MIDLANDS,19.1,584.1,3106,Q4
C84009,419,123,29.35560859188544,25.178537226037704,0.0,22.52,9.53798206721258,6.303033214150597,4.054695146736488,4.881007428883698,0.0,0.0,MIDLANDS,28.8,457.1,6260,Q2
C84010,4577,1924,42.0362682980118,38.9845674579941,0.0,20.97,9.84541695808003,14.988253997703788,6.245694603550295,4.267420295328093,1.0,0.0,MIDLANDS,20.3,590.0,11123,Q4
C84011,170,47,27.647058823529413,36.053420128125644,0.0,23.16,9.140427434501156,9.380054871176169,2.802577370975093,2.0018409780423068,0.0,0.0,MIDLANDS,28.4,703.9,6374,Q2
C84018,1033,399,38.62536302032914,48.02938892539275,0.0,35.51,9.44061179289641,23.109357731427856,5.464907693631556,4.151635301609156,0.0,0.0,MIDLANDS,39.6,636.1,7869,Q3
C84019,293,79,26.96245733788396,24.714777100432517,0.0,21.85,9.4546646854896,13.722252319480976,6.203209952288021,0.0,0.0,0.0,MIDLANDS,30.6,445.3,5488,Q1
C84020,158,67,42.40506329113924,35.879476675036344,0.0,28.34,8.8770447512307,12.057636619488994,5.265912289997326,4.54022119715771,0.0,0.0,MIDLANDS,41.6,1066.5,7398,Q4
C84021,3856,1769,45.87655601659751,41.533311330095714,1.0,27.31,9.495951551608869,5.54479078593841,2.6454728219003063,4.068416537211355,0.0,0.0,MIDLANDS,22.0,644.4,8449,Q4
C84025,285,102,35.78947368421053,34.80370167306319,1.0,8.51,8.953607720168337,27.43970095078047,7.066757154768445,19.511144147626283,0.0,1.0,MIDLANDS,33.3,593.9,4785,Q3
C84026,1470,466,31.700680272108844,42.41768143874448,0.0,15.25,9.4548017419734,16.247259055288712,6.035292888691657,1.6602276286937454,0.0,0.0,MIDLANDS,32.8,679.1,8674,Q2
C84028,1765,844,47.81869688385269,51.17913622491446,0.0,7.35,8.918973742094124,16.20180887396982,5.460080964435869,0.0,0.0,0.0,MIDLANDS,23.7,411.4,3161,Q4
C84029,3160,948,30.0,35.62733231771234,0.0,24.85,9.99627561508099,11.726508061746449,3.65769836869387,4.338200391136766,0.0,0.0,MIDLANDS,30.4,503.5,11296,Q2
C84030,402,101,25.12437810945273,46.03140860415061,0.0,13.27,9.367009306907178,16.506950332661216,4.537131375317949,1.0487841365699344,0.0,0.0,MIDLANDS,30.5,523.4,6280,Q1
C84033,126,43,34.12698412698413,48.97577765030255,0.0,15.68,9.097022353278955,14.992906741581423,5.137011871126709,2.2399761069215263,0.0,0.0,MIDLANDS,35.2,769.3,7172,Q3
C84034,117,37,31.623931623931625,26.318189715079917,0.0,36.45,9.08310341348578,12.919565032225092,3.7553353578830815,5.360438374833197,0.0,0.0,MIDLANDS,24.8,682.6,5978,Q2
C84035,576,113,19.61805555555556,25.81698722233894,0.0,19.71,9.363326087781996,18.94777490935875,5.949784392399722,5.263270808727303,0.0,0.0,MIDLANDS,24.7,687.4,7896,Q1
C84039,343,115,33.52769679300292,46.11219598792828,0.0,20.63,9.452868162420854,12.261338076319507,6.036512005544803,1.401893602029607,0.0,0.0,MIDLANDS,29.0,479.4,5867,Q2
C84042,175,63,36.0,50.083045587656805,0.0,18.02,8.906009360787367,10.91804686354701,12.689518042343584,1.6268612874799466,0.0,0.0,MIDLANDS,28.7,801.3,5741,Q3
C84045,730,233,31.91780821917808,18.600836356075135,1.0,12.58,8.973594307870673,14.12415657286464,8.109563582991035,6.72417980338532,0.0,1.0,MIDLANDS,24.9,632.4,5080,Q2
C84051,5299,2403,45.34817890167956,50.217728445561114,0.0,22.95,9.86954289648319,11.779818097504204,4.938143885167464,3.1449631449631448,0.0,0.0,MIDLANDS,20.7,402.9,7693,Q4
C84053,4172,2141,51.3183125599233,36.81612004912869,0.0,21.42,9.719850130370949,14.691319086799142,6.680785232580843,4.309667212784812,0.0,0.0,MIDLANDS,28.5,642.5,10841,Q4
C84055,1713,831,48.51138353765324,59.02383583664038,0.0,17.18,9.328849070201713,11.70113547350812,4.216198611674489,11.39321085375061,0.0,0.0,MIDLANDS,23.8,590.4,6637,Q4
C84061,337,154,45.6973293768546,40.24097206837199,0.0,34.33,9.18175226512406,9.27472602925792,8.039925226637397,4.719683067107995,0.0,0.0,MIDLANDS,45.9,632.4,6120,Q4
C84063,2005,906,45.18703241895262,47.04709192665656,0.0,39.28,9.0786548936507,26.34370781907714,8.669695990265605,2.494438846702284,0.0,0.0,MIDLANDS,24.2,499.8,4302,Q4
C84069,320,79,24.6875,27.47796673286991,0.0,25.61,9.514977885077377,21.472814865057515,4.149051223576836,3.44115622800118,0.0,0.0,MIDLANDS,31.7,521.1,6851,Q1
C84078,4620,2930,63.41991341991342,38.630610358821876,0.0,32.84,9.50003915949041,18.148562592017367,3.393150078778466,3.1735933085084485,0.0,0.0,MIDLANDS,29.5,424.2,5557,Q4
C84080,501,156,31.1377245508982,50.87090227716978,0.0,12.2,9.528011979133678,13.81928901941518,4.07591389631894,1.4362744210928544,0.0,0.0,MIDLANDS,36.5,581.4,8018,Q2
C84085,330,99,30.0,38.41308584138732,0.0,24.07,9.236860581785578,21.19881517906269,4.648407385514304,3.142219516494218,0.0,0.0,MIDLANDS,24.0,573.1,6167,Q2
C84087,490,220,44.89795918367347,33.70811615785555,1.0,23.1,8.676871423283652,9.183383530147184,4.091606523839291,4.9553901238847535,0.0,0.0,MIDLANDS,28.6,751.1,4237,Q4
C84090,2176,623,28.63051470588235,41.046639368820536,0.0,6.83,9.182523717979407,10.364328066627824,2.248346299482469,2.9063988761695856,0.0,0.0,MIDLANDS,24.8,418.2,3890,Q2
C84091,190,56,29.473684210526315,42.84977877056575,0.0,41.05,9.0955466139741,13.25033181874264,6.131643391845662,2.2432841680219844,0.0,0.0,MIDLANDS,46.5,920.6,8103,Q2
C84105,2882,1569,54.44136016655101,36.32108440114371,0.0,47.81,8.867533111397094,28.649356143848404,6.462141757599239,3.155929696030433,1.0,0.0,MIDLANDS,29.3,500.7,3730,Q4
C84117,2980,2134,71.61073825503355,45.14865895072423,0.0,31.88,9.95387168376007,4.8303896165640525,3.3977543756388617,0.6846221503791571,0.0,0.0,MIDLANDS,26.6,262.7,5355,Q4
C84129,1891,1243,65.73241671073507,46.143382352941174,0.0,28.5,9.163729082334674,15.1988475121142,5.867202165276989,4.190858689483564,0.0,0.0,MIDLANDS,25.2,740.1,7257,Q4
C84621,230,65,28.26086956521739,52.33286727771736,0.0,8.29,8.528891169162048,9.80463216354232,6.009290679669226,1.8976707409481768,0.0,0.0,MIDLANDS,36.5,652.3,3485,Q2
C84628,253,48,18.97233201581028,22.421465968586386,0.0,38.19,8.983084208788348,5.489195239629312,1.606593728427086,0.6024726481601573,0.0,0.0,MIDLANDS,30.9,584.2,4742,Q1
C84637,257,87,33.85214007782101,33.15900654238192,0.0,32.52,9.075360311491275,5.066381809095071,6.026149790935449,2.0143445750038147,1.0,0.0,MIDLANDS,25.4,731.9,7135,Q3
C84646,1712,533,31.13317757009346,35.07759372275501,1.0,6.77,8.789913898727859,12.694919555397654,13.074151143480686,1.6241181535806728,0.0,1.0,MIDLANDS,21.0,519.1,3312,Q2
C84658,2272,646,28.433098591549296,22.618708113503494,1.0,34.12,9.229693551880784,4.551064612366669,7.506641055703135,3.5048428630512074,1.0,0.0,MIDLANDS,24.5,653.2,6843,Q2
C84664,228,79,34.64912280701754,34.08451746595619,0.0,22.21,8.596712685314237,7.782532402795308,6.157066774620572,6.354092910137611,0.0,0.0,MIDLANDS,28.1,615.3,3143,Q3
C84703,293,80,27.303754266211605,42.04048446787036,0.0,6.51,8.814318040194603,12.99669386743273,6.775715400141159,2.37744400004953,0.0,0.0,MIDLANDS,26.5,547.2,3783,Q2
C85001,583,188,32.24699828473413,23.1496977355784,0.0,39.75,8.40646645144498,6.059094040326936,7.56642028485785,7.447264062854909,0.0,0.0,NORTH EAST AND YORKSHIRE,29.5,703.7,3142,Q2
C85003,816,245,30.024509803921568,46.75273548312395,0.0,36.91,9.472634121137014,11.128989864157086,10.339190583951432,2.8719973849438105,0.0,0.0,NORTH EAST AND YORKSHIRE,33.7,759.8,10075,Q2
C85009,335,56,16.71641791044776,49.48639969375385,0.0,39.66,8.880712989135866,6.674159646825719,5.710114363579481,5.376406381238196,0.0,0.0,NORTH EAST AND YORKSHIRE,26.6,603.7,4529,Q1
C85018,290,116,40.0,64.57192765694566,1.0,39.3,8.90809724448896,9.506307849242946,5.122943887980699,2.5975490140813315,0.0,0.0,NORTH EAST AND YORKSHIRE,31.9,753.1,5554,Q3
C85019,253,79,31.225296442687743,43.79918557833089,0.0,26.29,9.29729758083208,4.498021419993583,3.960214511619379,0.8433790163633863,0.0,0.0,NORTH EAST AND YORKSHIRE,29.6,708.1,8062,Q2
C85020,2578,1552,60.20170674941815,47.20069027950662,0.0,22.12,9.4393135645306,13.37036128793653,6.617310789583568,5.859713540963831,0.0,1.0,NORTH EAST AND YORKSHIRE,22.1,651.3,7908,Q4
C85033,1479,510,34.48275862068966,51.02705253224284,0.0,24.19,9.36839769663398,9.016136835814098,4.075475994535675,1.6848336517061786,0.0,0.0,NORTH EAST AND YORKSHIRE,27.2,707.9,7892,Q3
C86005,173,51,29.479768786127167,39.50154500785168,0.0,39.66,8.4876613888102,7.690459025646309,7.415799773406118,3.0212517581625296,0.0,0.0,NORTH EAST AND YORKSHIRE,29.3,781.5,3685,Q2
C86006,289,94,32.52595155709343,28.290955906018667,0.0,32.22,9.25178617188939,7.323304728889173,7.061193815059403,3.786437262508196,0.0,0.0,NORTH EAST AND YORKSHIRE,26.5,860.2,8961,Q2
C86007,1055,388,36.77725118483412,40.49984897652553,0.0,23.98,9.76926544523266,19.94520025789236,10.811274451025708,2.01281837459198,0.0,0.0,NORTH EAST AND YORKSHIRE,24.6,697.5,13462,Q3
C86013,139,62,44.60431654676259,32.8255456276549,1.0,17.3,9.073603848402712,14.522662997019031,6.756860048154094,1.406405257968356,0.0,0.0,NORTH EAST AND YORKSHIRE,23.2,902.5,7813,Q4
C86016,1690,1317,77.92899408284023,52.049267095906444,1.0,33.54,9.122874346194909,23.574351978171897,5.427921783356071,2.0372896763983626,0.0,0.0,NORTH EAST AND YORKSHIRE,26.9,709.6,6513,Q4
C86017,921,230,24.9728555917481,44.279216737683726,0.0,29.85,9.614888393021864,9.53763171840854,9.391720187505214,5.356020796396697,0.0,0.0,NORTH EAST AND YORKSHIRE,25.4,542.9,8599,Q1
C86020,2233,950,42.543663233318405,42.42062796000702,0.0,38.32,9.094602119325382,17.78359919539692,3.832156056322215,6.227253590681573,0.0,0.0,NORTH EAST AND YORKSHIRE,22.9,447.3,3875,Q4
C86021,109,15,13.761467889908255,47.99848136108013,0.0,23.5,8.733701444413493,12.369805648018898,7.988832814345538,2.49114141415226,0.0,0.0,NORTH EAST AND YORKSHIRE,33.7,749.3,4665,Q1
C86024,4893,2162,44.18557122419784,56.1551417697254,0.0,35.38,9.389176695728416,25.05160315012648,3.7463675705057184,2.6759768360755127,0.0,0.0,NORTH EAST AND YORKSHIRE,17.5,118.0,1414,Q4
C86029,245,35,14.285714285714286,45.94822455861932,0.0,26.93,9.565283817736766,9.08772175794124,11.826132770492952,5.254423486431526,0.0,0.0,NORTH EAST AND YORKSHIRE,26.1,811.5,11310,Q1
C86032,2427,709,29.213020189534404,37.42455863274861,0.0,20.97,8.628928345822263,7.154248580328797,11.351407746262652,4.912584025755295,0.0,0.0,NORTH EAST AND YORKSHIRE,17.3,373.8,2059,Q2
C86033,2464,541,21.95616883116883,24.96114027627064,0.0,35.54,8.573794042439516,6.854190947806091,3.0239077708129902,8.870129462311398,0.0,0.0,NORTH EAST AND YORKSHIRE,25.9,131.8,683,Q1
C86034,3231,1474,45.62055091303002,42.096942978647604,0.0,35.65,8.93608991241222,8.37292278676124,8.980782090180558,5.718232347479088,0.0,0.0,NORTH EAST AND YORKSHIRE,29.1,616.0,6174,Q4
C86609,5968,1746,29.25603217158177,32.5279312992786,0.0,25.34,9.91941421391959,7.860473318269614,9.172739314259005,2.230852194067738,0.0,1.0,NORTH EAST AND YORKSHIRE,22.7,263.3,5299,Q2
C86621,124,18,14.516129032258064,22.10759655554608,0.0,29.31,8.429053905849539,6.465470166369362,3.2618588241290176,4.077323526884851,0.0,0.0,NORTH EAST AND YORKSHIRE,22.0,1160.9,5252,Q1
C87014,2590,1248,48.18532818532819,59.499818210149066,1.0,20.33,9.093488152975532,9.089335557012534,10.340370529943993,2.7574321420676995,0.0,0.0,NORTH EAST AND YORKSHIRE,24.6,414.2,3951,Q4
C87616,2000,731,36.55,53.6858317904016,0.0,34.45,8.744780189316678,10.576897549579208,10.704330050176548,8.750365042079272,0.0,0.0,NORTH EAST AND YORKSHIRE,27.6,542.2,3469,Q3
C87622,2645,1161,43.89413988657845,35.358469686190816,0.0,46.45,9.237931219647296,7.548821712590287,9.88350884019553,3.761440371604368,0.0,0.0,NORTH EAST AND YORKSHIRE,26.8,745.3,7662,Q4
C88010,2953,2364,80.05418218760582,65.83897389489626,0.0,19.65,9.562697674970378,17.716327845802333,6.936551643564357,3.880719432890034,0.0,0.0,NORTH EAST AND YORKSHIRE,32.8,690.8,9783,Q4
C88016,1747,443,25.35775615340584,36.98910081743869,0.0,10.03,9.515092583706856,15.571903724214769,4.797404682221093,3.7750069634460046,0.0,0.0,NORTH EAST AND YORKSHIRE,22.4,663.3,9024,Q1
C88019,376,65,17.28723404255319,38.569836334838975,0.0,50.66,9.07474017418255,12.704350897378392,5.466535602912687,5.084794289149959,0.0,0.0,NORTH EAST AND YORKSHIRE,29.2,647.2,5606,Q1
C88020,1421,1026,72.20267417311753,45.73628263248398,0.0,47.21,8.926041459069763,22.92674824428326,6.449255302364211,5.155860694313715,0.0,0.0,NORTH EAST AND YORKSHIRE,31.0,739.3,5701,Q4
C88037,2783,1250,44.91555874955085,33.21279919595355,0.0,26.43,9.54436914959092,12.296676413867177,9.438271973745447,7.580404558983232,0.0,0.0,NORTH EAST AND YORKSHIRE,37.5,757.6,10881,Q4
C88072,1194,370,30.98827470686767,36.02174798313871,0.0,33.97,9.40099516625366,38.25250928053442,5.641679004992942,3.878654316862367,0.0,0.0,NORTH EAST AND YORKSHIRE,48.1,1394.1,16606,Q2
C88078,2425,1258,51.876288659793815,59.20463254704931,0.0,15.92,8.858048664747205,23.060602829001176,4.513506146570423,7.358152875582264,0.0,0.0,NORTH EAST AND YORKSHIRE,20.1,360.9,2573,Q4
C88085,378,179,47.35449735449736,52.57025982880085,0.0,34.26,9.172603890139785,20.63068988023123,4.846135206479976,3.073834331406418,0.0,0.0,NORTH EAST AND YORKSHIRE,32.5,769.5,7471,Q4
C88091,465,235,50.53763440860215,50.85298354689514,0.0,45.03,7.807950503691406,6.395447311405441,0.0,4.552691304495107,0.0,0.0,NORTH EAST AND YORKSHIRE,29.2,467.7,1094,Q4
C88095,1377,518,37.61801016702977,42.540210759844705,0.0,17.65,8.62607749124768,8.705270394905982,6.505037217422498,7.079011089653523,0.0,0.0,NORTH EAST AND YORKSHIRE,29.3,763.6,4215,Q3
C88648,266,92,34.58646616541353,42.38546306170671,0.0,25.18,8.854902757467666,13.897460286312183,4.033101872919243,4.603823836202796,0.0,0.0,NORTH EAST AND YORKSHIRE,23.7,446.7,3217,Q3
K83005,4587,2713,59.145410943972095,37.39009589104554,0.0,25.29,9.585414998760278,10.174787528692184,10.189448606281356,6.624974229262594,0.0,0.0,MIDLANDS,27.8,311.1,4580,Q4
K83007,3932,1389,35.325534079348934,48.56037060927696,0.0,15.65,9.53119122769444,12.459793465863743,4.566011269680041,5.069046410070376,0.0,0.0,MIDLANDS,22.8,390.5,5451,Q3
K83008,433,167,38.56812933025404,47.605100761739465,0.0,13.55,9.235431279220446,9.02404733138831,3.900885013287389,1.0402360028931563,0.0,0.0,MIDLANDS,24.5,799.0,8846,Q3
K83009,3972,1225,30.840886203423967,46.57430287549398,0.0,11.69,9.53813818961286,7.426042786447232,5.629574479342415,4.111702861740389,0.0,1.0,MIDLANDS,20.0,425.9,6186,Q2
K83010,4111,1891,45.998540501094624,36.396996746850974,0.0,17.59,9.88048756914039,14.10560622197209,5.280055256392218,5.730292526317136,0.0,0.0,MIDLANDS,25.7,405.7,8017,Q4
K83011,3378,1621,47.98697454114861,55.105156799640746,0.0,17.77,9.414729146806744,7.651498168775856,4.651763091031363,4.3257049312221065,0.0,0.0,MIDLANDS,21.4,405.3,5004,Q4
K83012,2195,1827,83.23462414578587,40.18572860005726,0.0,19.77,9.40085053267569,20.251267360315182,4.893101168172802,1.3224597751818383,0.0,0.0,MIDLANDS,24.4,462.8,5511,Q4
K83013,752,419,55.71808510638298,46.56067832538421,0.0,21.05,9.612399686949514,16.536223159408657,6.867794946819186,1.034628848752425,0.0,0.0,MIDLANDS,31.2,579.7,8859,Q4
K83015,2956,1389,46.98917456021651,52.904299114611725,0.0,17.86,9.435521845315956,16.180325466448444,8.196612243822601,9.239817438824796,0.0,0.0,MIDLANDS,23.5,488.7,6273,Q4
K83018,1968,580,29.471544715447155,34.39431886630948,0.0,9.0,9.428685763845438,16.205570664916067,4.544419286719096,6.152114789190927,0.0,1.0,MIDLANDS,23.2,322.5,4051,Q2
K83023,2463,1156,46.93463256191636,49.77725543758785,1.0,9.54,9.266799467275836,12.601401906592107,8.140505631881545,9.073009372292669,0.0,1.0,MIDLANDS,21.6,492.2,5221,Q4
K83024,1749,377,21.555174385363063,30.751696352841392,0.0,17.07,9.203366108238846,7.518923182115705,7.250390211973213,0.0,0.0,0.0,MIDLANDS,22.6,479.9,4333,Q1
K83027,223,45,20.179372197309416,46.08300371922782,0.0,24.67,9.246471381008314,16.589639512920467,2.0704898920548165,3.806614958324961,0.0,0.0,MIDLANDS,31.0,750.2,7750,Q1
K83028,1533,529,34.5075016307893,42.26520415332969,1.0,17.68,9.3583364366697,17.999813141489565,8.99231714620421,7.014467339461409,0.0,1.0,MIDLANDS,47.9,780.6,8996,Q3
K83029,4572,1773,38.77952755905512,38.55013861446798,0.0,18.7,9.45345647078984,16.520068483002888,6.043417457948323,1.944767555840184,0.0,0.0,MIDLANDS,20.0,312.9,4031,Q3
K83030,2713,1495,55.105049760412825,35.97410412300542,1.0,13.93,9.18672197387744,11.50207766277869,6.006877191102313,4.095598085307895,0.0,0.0,MIDLANDS,25.6,405.4,3789,Q4
K83037,3751,1589,42.362036790189286,35.31987900130932,0.0,14.02,9.553327057707616,9.34842517404109,8.402228293652202,6.642302097008835,0.0,0.0,MIDLANDS,23.4,355.8,4938,Q4
K83040,2930,1620,55.2901023890785,42.493572522171185,0.0,25.82,9.270266710834123,16.35877592923688,4.144069193397744,2.4864415160386466,0.0,0.0,MIDLANDS,27.2,441.2,4879,Q4
K83043,4311,2767,64.18464393412201,67.25415815582141,0.0,20.2,9.588577016049909,14.395569893757312,5.060371649130819,0.0,0.0,0.0,MIDLANDS,30.5,443.8,6531,Q4
K83044,858,207,24.125874125874127,50.163180537012316,0.0,15.13,9.498059943724856,6.5997525092809015,12.299538767296228,0.0,0.0,0.0,MIDLANDS,27.3,635.6,8683,Q1
K83047,6282,2841,45.22445081184336,59.50130449893046,0.0,20.67,10.18985626290538,14.098504285875212,8.160710934101008,2.843732399023718,0.0,0.0,MIDLANDS,20.3,355.8,10078,Q4
K83048,546,266,48.71794871794872,23.0565371024735,0.0,28.77,8.729181419498818,0.0,5.695178513644699,3.192751592061266,0.0,0.0,MIDLANDS,20.3,499.5,2837,Q4
K83049,3484,1331,38.20321469575201,54.3403452694628,0.0,9.27,9.695442977466152,9.722092540670324,8.93079760538885,5.286244170304892,0.0,1.0,MIDLANDS,20.7,344.3,5590,Q3
K83051,2238,1254,56.03217158176944,49.348700593831815,0.0,18.65,10.176132126411176,13.828997793061443,5.85742202344999,1.9795447047179149,1.0,0.0,MIDLANDS,35.8,631.2,18374,Q4
K83052,729,200,27.434842249657063,38.08343597222327,1.0,10.3,10.031092564640655,5.163845745071792,6.349183063172759,12.328681717272111,0.0,1.0,MIDLANDS,27.9,712.5,16271,Q2
K83053,122,50,40.98360655737705,42.127524889221384,1.0,11.64,8.729410602596893,12.940621419424412,7.634966637460403,6.987935566489183,0.0,1.0,MIDLANDS,32.7,670.8,4361,Q3
K83066,3727,1506,40.40783471961363,28.330159691868264,1.0,12.09,9.58947291239129,11.90038899807212,5.749421065239959,13.597837122095346,0.0,1.0,MIDLANDS,20.4,535.7,7804,Q3
K83070,2095,665,31.742243436754176,37.719702006512215,1.0,11.96,9.28384637726992,17.78975323871687,2.2299133585747137,9.58862744187127,0.0,1.0,MIDLANDS,21.2,481.6,5181,Q2
K83077,2194,1487,67.77575205104831,57.49692244562987,0.0,19.58,9.168545682319136,19.14841597594884,4.977061032253581,2.613652161128876,0.0,0.0,MIDLANDS,25.6,589.8,5525,Q4
K83601,296,109,36.82432432432432,33.81459837286582,1.0,11.51,9.074148300024442,2.9029516532500645,0.0,8.372723712722378,0.0,1.0,MIDLANDS,35.2,700.7,5831,Q3
K83610,947,196,20.696937697993665,45.71597477666842,0.0,13.37,9.248871745025056,28.25023654120628,3.720512532033293,5.978478760042978,0.0,0.0,MIDLANDS,30.8,701.7,10554,Q1
K83621,644,186,28.88198757763975,47.54881204422489,0.0,27.39,9.618108381924769,6.0837513506083205,6.048277582684366,0.0,0.0,0.0,MIDLANDS,38.5,558.6,8213,Q2
M81001,5450,1625,29.81651376146789,26.99907188943184,0.0,22.82,9.77808493646628,16.278564478494573,4.761140028529053,1.8213249948515453,0.0,0.0,MIDLANDS,23.1,473.2,8357,Q2
M81005,419,136,32.4582338902148,33.93052418571852,0.0,26.59,9.530725569944464,11.226779741227563,11.12999715749551,1.8775821286119565,0.0,0.0,MIDLANDS,20.9,626.7,8746,Q2
M81011,266,51,19.172932330827063,34.3506882106523,1.0,16.93,8.812099108957337,15.41067262248697,5.281707618763962,13.30354926731199,0.0,1.0,MIDLANDS,28.2,551.8,4076,Q1
M81012,3644,1089,29.884742041712403,36.22980936702216,1.0,16.25,9.512319749128787,14.333596215496843,6.033123028391167,5.855678233438486,0.0,0.0,MIDLANDS,21.9,326.4,4479,Q2
M81019,4976,1264,25.40192926045016,31.738350715838617,0.0,21.94,9.781395245291646,11.614944260319374,7.246158481093703,1.792708647559506,0.0,0.0,MIDLANDS,26.9,477.8,8173,Q1
M81026,14876,4664,31.352514116698035,29.938886129526853,0.0,17.91,10.773816366977869,12.572902399000434,7.147755769491858,8.002135951431558,0.0,1.0,MIDLANDS,19.5,379.2,17785,Q2
M81027,2942,836,28.41604350781781,38.208462899651245,0.0,5.49,9.16228743598726,9.218081663723002,4.980327008131503,5.6798111399842615,0.0,0.0,MIDLANDS,24.7,478.9,4730,Q2
M81032,2265,809,35.71743929359823,50.942217705223484,0.0,14.21,9.445208257226945,8.0965150986038,8.581462618057706,6.219979046577365,0.0,0.0,MIDLANDS,26.7,489.1,6132,Q3
M81033,145,35,24.13793103448276,36.737726572246274,1.0,15.47,8.912293660635289,18.609664092868687,8.873720135620621,10.131129872462726,0.0,1.0,MIDLANDS,24.8,595.9,4447,Q1
M81034,179,59,32.960893854748605,45.82241353557025,0.0,18.32,9.081057086212091,13.656149534837407,4.703784840536003,5.0982958263393,0.0,0.0,MIDLANDS,40.1,822.9,7241,Q2
M81035,620,205,33.064516129032256,38.97897152782085,0.0,16.05,9.55406009155458,7.185826902412216,5.777026627979812,4.254765928779945,0.0,0.0,MIDLANDS,31.0,620.4,8875,Q2
M81038,5701,1909,33.485353446763725,59.06726908532368,1.0,16.55,9.413444467952663,16.36739580231799,9.598432908912832,11.905539231145934,0.0,1.0,MIDLANDS,24.8,344.6,4255,Q2
M81042,199,35,17.587939698492463,44.20036228546867,1.0,19.12,9.180250512081814,10.94853275851704,5.716101439502589,7.72223319529727,0.0,1.0,MIDLANDS,29.7,669.4,6533,Q1
M81043,1983,658,33.18204740292486,35.776215398196605,1.0,19.33,9.088643436998662,14.968470588988238,7.378823530164706,18.281411766211765,0.0,1.0,MIDLANDS,21.9,532.3,4741,Q2
M81044,253,103,40.71146245059288,55.588500709037,0.0,16.89,9.359500046000688,21.156299574883526,5.880706086157513,6.82253792093494,0.0,0.0,MIDLANDS,54.0,904.3,10599,Q3
M81046,3810,1623,42.59842519685039,38.0761564017378,1.0,16.72,9.392703594568772,12.521700484146496,10.11068983209033,19.73251114620225,0.0,1.0,MIDLANDS,28.6,543.9,6566,Q4
M81047,461,129,27.98264642082429,24.51811246482424,0.0,18.41,9.28726283212116,10.57472896269146,3.456923493035997,5.432308344612061,0.0,0.0,MIDLANDS,36.2,501.9,5429,Q2
M81048,260,92,35.38461538461539,53.52007131875089,1.0,22.15,9.171434942449128,19.59851326708312,7.596537891025031,18.714098819798824,0.0,1.0,MIDLANDS,27.3,661.4,6386,Q3
M81055,1020,380,37.25490196078432,72.0195239021859,0.0,26.62,8.639646784500242,16.89276866875074,1.5099681502890172,10.947269079863158,0.0,0.0,MIDLANDS,29.3,654.5,3794,Q3
M81056,4457,1353,30.356742203275747,40.02914047083659,0.0,25.56,9.457037676244129,19.211460195734983,11.314341526941234,7.042812959140486,0.0,0.0,MIDLANDS,24.4,468.5,5795,Q2
M81058,433,179,41.33949191685912,56.84778333426982,0.0,17.97,9.230371731281137,15.996340707354529,8.311824092527853,16.25771882281831,0.0,1.0,MIDLANDS,37.8,711.9,7267,Q3
M81066,2621,1266,48.30217474246471,49.01880899028994,0.0,18.29,9.038206741569718,11.948051949635731,4.751346214760849,13.858093125593918,0.0,0.0,MIDLANDS,24.2,501.8,4132,Q4
M81068,1120,339,30.267857142857142,40.82196441880813,0.0,22.0,9.646480164352266,13.051231902245068,9.886640876691072,6.344588297208618,0.0,1.0,MIDLANDS,33.2,784.1,12340,Q2
M81069,1575,377,23.936507936507937,45.34315586947166,0.0,13.7,9.185432736269998,24.009295328070536,9.459367096575765,13.095482196022145,0.0,1.0,MIDLANDS,30.2,648.4,6204,Q1
M81074,3819,1477,38.67504582351401,41.51390810075672,1.0,17.2,9.283033057369623,15.973536187465127,12.076126712851032,19.86237679003161,0.0,1.0,MIDLANDS,19.2,381.6,4210,Q3
M81077,378,76,20.105820105820104,46.87719298245614,0.0,8.71,8.470171462642766,17.10572287051918,3.8571728041366784,13.36035217594857,0.0,1.0,MIDLANDS,37.9,781.4,3810,Q1
M81078,175,54,30.857142857142858,54.19869057785369,1.0,5.3,8.809688660863548,15.533053020177643,4.538103649889284,5.931381087254,0.0,0.0,MIDLANDS,24.2,575.2,3825,Q2
M81083,153,61,39.869281045751634,55.860670339006276,1.0,9.12,8.481566013773087,12.578929189637307,3.979274611398964,2.210708116062176,0.0,0.0,MIDLANDS,29.4,665.5,3368,Q3
M81084,193,73,37.82383419689119,42.246068455134136,0.0,13.89,8.640634264222927,13.387740672627904,3.20551537321568,10.323645095237394,0.0,0.0,MIDLANDS,33.9,662.7,3864,Q3
M81093,1852,735,39.68682505399568,51.66898165070546,0.0,22.89,9.22512224642552,12.507082037327466,10.14229761764392,1.7078998586055982,0.0,0.0,MIDLANDS,22.7,549.9,5884,Q3
M81094,229,56,24.45414847161572,38.00729470045456,0.0,17.99,9.185782958579322,8.878306245334745,7.515650488773497,20.879843541579483,0.0,1.0,MIDLANDS,36.0,631.2,6049,Q1
M81604,1567,595,37.9706445437141,40.12171796209355,1.0,16.36,8.819887021488457,18.716906785371258,3.467553256002955,19.07154291392685,0.0,1.0,MIDLANDS,22.9,580.0,3936,Q3
M81617,859,238,27.70663562281723,48.68143988769678,0.0,16.11,8.617792389972353,7.75523737573474,0.0,5.401657875508667,0.0,0.0,MIDLANDS,32.6,956.6,5158,Q2
M81627,288,54,18.75,53.07842727773242,0.0,16.89,9.04883073689097,10.937974397618092,4.168339812933998,5.108566838584567,0.0,0.0,MIDLANDS,33.4,587.8,4963,Q1
M82003,7019,2549,36.31571448924348,45.913104292333244,0.0,35.83,10.116890484339542,9.818911315148169,7.852113150135311,4.938537557120354,0.0,0.0,MIDLANDS,24.4,365.8,8985,Q3
M82005,332,108,32.53012048192771,37.292560134253215,0.0,19.22,9.164976830224653,11.450217129702295,7.115575786114163,12.11043094647622,0.0,1.0,MIDLANDS,32.4,897.4,8676,Q2
M82007,126,49,38.888888888888886,51.310032249629565,0.0,22.98,9.635668018439851,10.666027634509916,2.847759666250933,1.2199704806356917,0.0,0.0,MIDLANDS,57.7,1804.7,27848,Q3
M82009,1016,380,37.40157480314961,53.66444975919798,0.0,31.13,9.28384637726992,6.41719510998583,8.548001207869737,6.987061856867436,0.0,0.0,MIDLANDS,34.1,830.5,9482,Q3
M82013,158,60,37.9746835443038,46.560420691135434,1.0,18.9,7.913033212396173,7.80678214076604,10.929494996340573,6.2454257111490605,0.0,1.0,MIDLANDS,31.8,759.8,2053,Q3
M82014,359,66,18.384401114206128,45.55689429567155,1.0,20.19,9.149997481303137,10.593681675798642,7.506218300301842,12.548130970054792,0.0,0.0,MIDLANDS,28.8,644.0,6159,Q1
M82016,3095,1061,34.281098546042,45.08185985592665,0.0,9.44,9.297801647746176,12.82756093091442,2.68767943375481,8.185205547003848,0.0,0.0,MIDLANDS,21.1,397.3,4238,Q3
M82018,554,190,34.29602888086642,59.30776609698322,1.0,11.59,8.852819832527079,12.58206341074003,7.66362044108711,7.00630294558496,0.0,1.0,MIDLANDS,30.6,611.7,4416,Q3
M82019,684,223,32.60233918128655,55.12297097884899,1.0,17.86,9.049349685884057,16.445436391401387,6.014331023141079,7.423939856689769,0.0,1.0,MIDLANDS,29.3,518.7,4462,Q2
M82020,220,62,28.181818181818183,31.8173204472238,1.0,16.75,8.321401315874292,11.676227929699376,5.967849832356935,17.708945693377387,0.0,1.0,MIDLANDS,22.4,550.4,2322,Q2
M82021,2934,1205,41.07021131561009,40.13209942413482,1.0,12.61,9.043380222294928,20.50435262063261,7.279316185449245,14.842242092409505,0.0,1.0,MIDLANDS,21.5,455.0,3883,Q3
M82026,3342,1300,38.89886295631359,49.263201405394234,0.0,18.99,9.501690708114388,14.484195180461803,5.380227663337236,6.336712581263855,0.0,0.0,MIDLANDS,21.3,403.4,5346,Q3
M82030,291,96,32.98969072164948,40.68898980321706,1.0,18.22,9.259162281673468,7.364845560140947,6.958509253991937,18.8692422469128,0.0,1.0,MIDLANDS,29.4,541.0,5631,Q2
M82032,4981,1823,36.59907649066452,46.55407922513349,0.0,23.31,9.741326402165022,9.01638139332494,9.094784709589216,5.1746188863788944,0.0,0.0,MIDLANDS,29.4,577.1,9577,Q3
M82034,284,80,28.169014084507044,52.50067423811093,0.0,15.03,8.971945694551433,14.35053465387585,3.3168688597205622,4.196854473648027,0.0,0.0,MIDLANDS,23.8,644.5,5101,Q2
M82616,303,175,57.75577557755776,30.353083484535652,0.0,36.92,8.959547236370065,7.264783362532394,3.632391680623675,9.526461203229749,0.0,0.0,MIDLANDS,29.7,671.4,5702,Q4
M83011,2785,1353,48.581687612208256,62.39051484725486,0.0,11.46,8.987019721647535,20.78701436629403,3.767333799527,2.500442786743486,0.0,0.0,MIDLANDS,23.4,386.7,3066,Q4
M83014,2480,1243,50.12096774193548,64.2241606262176,0.0,25.96,9.21537766349345,13.57146410626337,5.333068006566837,5.598394772399383,0.0,0.0,MIDLANDS,20.5,421.1,4264,Q4
M83021,360,90,25.0,45.95832584875157,0.0,39.34,9.226599145534609,19.75616355243632,5.588396861446129,3.410758647175056,0.0,0.0,MIDLANDS,29.0,407.5,4201,Q1
M83022,158,51,32.278481012658226,48.56900828946572,1.0,9.23,8.983335207555587,11.644881313395375,1.9408135513960048,4.35009934037436,0.0,1.0,MIDLANDS,34.5,805.0,6350,Q2
M83023,2599,1204,46.32550981146595,60.031885023556846,0.0,19.64,9.132613037312147,8.617801236467134,4.236845423594474,5.53383892061319,0.0,0.0,MIDLANDS,23.2,670.8,6242,Q4
M83028,2908,1649,56.70563961485557,65.43307548054383,0.0,37.98,9.349855907183995,12.728933217459373,7.282953770929069,1.1829001348158243,0.0,0.0,MIDLANDS,25.5,493.6,5442,Q4
M83031,282,88,31.20567375886525,39.85973726906369,0.0,10.7,8.755960716963374,10.165264304222838,6.552815006366417,2.5203134639870832,0.0,0.0,MIDLANDS,24.9,691.0,4357,Q2
M83032,3753,986,26.27231548094857,43.89613744994187,0.0,19.09,9.550211587423297,12.452839142680872,6.473198396412216,6.150487625465677,0.0,0.0,MIDLANDS,27.5,568.2,8089,Q1
M83034,216,42,19.444444444444443,38.46667970787689,0.0,23.47,9.389462371196062,20.331614880869445,3.968231851191305,0.8917374942176396,0.0,0.0,MIDLANDS,31.6,751.1,8933,Q1
M83035,273,70,25.64102564102564,41.62611063981783,1.0,9.95,8.896382768112138,9.855588255423996,8.557818917254123,4.827966460885634,0.0,0.0,MIDLANDS,35.2,579.1,4464,Q1
M83036,193,68,35.233160621761655,44.26422958146075,0.0,21.3,9.112993953778208,8.626881848092662,7.407067209214745,3.2626367469160185,0.0,0.0,MIDLANDS,32.7,1663.8,14833,Q3
M83037,3352,1617,48.239856801909305,39.74624313866643,1.0,10.5,9.04899722156742,13.881707795534664,7.39522130787309,4.794359576968272,0.0,0.0,MIDLANDS,21.6,368.8,3132,Q4
M83038,289,106,36.67820069204152,46.720303071725674,0.0,24.25,9.24445190160495,14.071711607229153,9.664637092877165,3.582358816081956,0.0,0.0,MIDLANDS,31.2,701.7,7200,Q3
M83046,700,266,38.0,42.10254556720194,0.0,15.38,9.184056285329186,12.708342245416512,4.407675790122084,5.36586617878806,0.0,0.0,MIDLANDS,34.3,547.2,5316,Q3
M83056,965,160,16.580310880829014,52.0537202235075,0.0,15.98,9.313964380778328,17.5985334573485,6.130636654595723,5.433426995236735,0.0,0.0,MIDLANDS,31.9,537.3,5899,Q1
M83057,198,59,29.7979797979798,41.752362646163704,0.0,18.21,9.270549221096616,10.5957770687423,5.122129198804209,15.667689313989344,0.0,0.0,MIDLANDS,26.4,585.7,5972,Q2
M83061,716,185,25.837988826815643,58.547435941649134,0.0,21.55,9.001397594021357,10.121902374991013,6.244030685302906,4.863771270475389,0.0,0.0,MIDLANDS,31.0,612.8,4929,Q1
M83065,137,56,40.87591240875913,74.93941841680129,1.0,7.88,8.90322627021497,12.132505551728826,8.447002312049666,3.6253228794126975,0.0,0.0,MIDLANDS,27.0,610.8,4420,Q3
M83067,313,85,27.156549520766774,51.54430102222587,0.0,20.09,9.018008882552907,2.941295300391903,3.1998707122944525,2.650397964122661,0.0,0.0,MIDLANDS,32.8,632.1,5044,Q2
M83070,407,87,21.375921375921376,42.84793022970151,1.0,11.25,9.022051043402437,26.590211755545496,8.015693375584728,10.751974245963485,0.0,1.0,MIDLANDS,27.6,465.3,3901,Q1
M83073,143,32,22.377622377622377,45.90706751748788,0.0,22.95,9.145383985767385,14.512729762656395,5.463615910647114,1.9634869678888067,0.0,1.0,MIDLANDS,27.7,732.6,6659,Q1
M83075,568,146,25.70422535211268,56.430921191722554,0.0,39.59,9.920795239991316,9.728817723739713,2.8830009415618987,3.852737622343257,0.0,0.0,MIDLANDS,45.6,585.7,11962,Q1
M83076,355,106,29.859154929577464,42.00571593718892,0.0,39.55,9.09078702023457,10.89126392306392,3.516219312909709,13.16328255489397,0.0,0.0,MIDLANDS,26.4,838.6,7156,Q2
M83079,742,180,24.258760107816716,45.0804779513926,0.0,17.59,9.149466239867976,13.433351341298168,10.429268551539682,2.8056999636888578,0.0,0.0,MIDLANDS,30.0,498.4,4769,Q1
M83093,955,330,34.55497382198953,46.55408880507458,0.0,12.38,8.76941646583061,16.32885654177405,7.252664705684275,0.0,0.0,0.0,MIDLANDS,16.0,432.7,2825,Q3
M83094,6012,1676,27.877578176979373,37.13261544290148,0.0,31.58,9.584767640161171,4.74959741912561,13.221852275141975,7.225256306110636,0.0,0.0,MIDLANDS,25.9,537.0,7859,Q2
M83110,4914,2058,41.88034188034188,48.01664715827806,0.0,22.11,9.666546121787531,10.23187533292144,2.213667496158294,13.569274804429448,0.0,0.0,MIDLANDS,26.5,499.5,8549,Q4
M83126,224,62,27.678571428571427,59.99735985215172,0.0,31.8,9.041379166884065,6.851842714687455,7.893828012432778,5.9361586667324495,0.0,0.0,MIDLANDS,45.4,795.3,7284,Q2
M83129,800,299,37.375,37.49078301250373,0.0,16.79,9.301269757979025,8.181216378563875,3.238398148878051,3.5305844480798645,0.0,0.0,MIDLANDS,22.5,797.0,8595,Q3
M83617,2444,727,29.74631751227496,29.75195619887837,0.0,14.34,10.056827189271122,14.650405636712623,7.251593256104056,5.826734135459818,0.0,0.0,MIDLANDS,30.7,561.0,13665,Q2
M83624,130,47,36.15384615384615,48.67846472075385,0.0,39.3,8.158015117259387,8.249194414607949,3.9718343458646617,0.0,0.0,0.0,MIDLANDS,35.3,697.5,2928,Q3
M83638,183,80,43.71584699453552,28.191210910593746,0.0,21.31,9.570203561387972,11.692794343861932,7.4056845138856575,3.256268316044099,0.0,0.0,MIDLANDS,27.4,642.8,9080,Q4
M83650,263,65,24.714828897338403,47.26475762032471,0.0,35.36,9.516733790218511,13.347891696090098,4.593245083485665,2.6892075913680364,0.0,0.0,MIDLANDS,30.0,618.4,8524,Q1
M83668,906,297,32.78145695364238,54.95231344245393,0.0,12.93,8.550805256750346,5.157048233227506,4.022497622923079,0.0,0.0,0.0,MIDLANDS,25.2,517.9,2749,Q2
M83681,2287,717,31.35111499781373,37.527231892195395,0.0,29.04,9.235723802807248,5.615631474184506,2.599829385546573,9.35938579030751,0.0,0.0,MIDLANDS,28.6,326.4,3581,Q2
M83693,1776,820,46.17117117117117,59.78260869565217,0.0,21.03,8.870826848660721,25.988250987899924,4.793222085332459,2.022140566854682,0.0,0.0,MIDLANDS,20.4,393.2,2812,Q4
M83703,147,60,40.81632653061224,42.87569252077562,0.0,17.46,8.62023101170442,13.56747654558576,5.773394274717344,3.1031994226605724,0.0,0.0,MIDLANDS,32.8,577.1,3303,Q3
M83709,237,58,24.47257383966245,40.32453658254894,0.0,15.58,8.673726744231004,10.58047230236436,2.6451180743084355,3.922071630253538,0.0,0.0,MIDLANDS,22.1,584.6,3509,Q1
M83738,259,91,35.13513513513514,39.874249660430266,0.0,17.92,8.830506460241036,17.87589702547608,3.27497350049344,3.508900179100113,0.0,0.0,MIDLANDS,31.5,783.5,5462,Q3
M84003,1965,569,28.956743002544528,46.30235032401586,0.0,27.38,9.18817144720512,17.721885676456303,4.144194805101859,2.67191507195256,0.0,0.0,MIDLANDS,24.6,602.8,5880,Q2
M84005,1084,336,30.99630996309963,60.899671994585304,0.0,28.07,8.504074178923085,9.607889494410484,2.161504946468979,0.5403762356040394,0.0,0.0,MIDLANDS,21.1,558.0,2870,Q2
M84008,450,142,31.55555555555556,53.06763500267332,1.0,25.18,9.062748690369917,14.712075259914617,7.386945352058261,2.3180790851314543,0.0,0.0,MIDLANDS,32.3,707.8,5617,Q2
M84015,263,105,39.92395437262358,60.26514215807366,0.0,14.94,9.599811590329995,16.72618886397507,3.4322359206069635,3.829652711692183,0.0,1.0,MIDLANDS,29.1,790.1,11609,Q3
M84016,118,42,35.59322033898305,38.97483690587139,1.0,13.34,8.404714811164071,16.28140328477908,3.9390491821623743,0.0,0.0,1.0,MIDLANDS,33.7,635.1,2888,Q3
M84019,459,144,31.37254901960784,43.60200066420441,0.0,23.01,9.726432105414672,11.30033423623269,5.88094859183511,9.485914372513127,0.0,1.0,MIDLANDS,30.9,573.0,9760,Q2
M84020,4754,2262,47.58098443416071,64.25403556975824,0.0,14.23,9.608646582885868,12.605474608205196,4.422659414490029,2.578392533404956,0.0,0.0,MIDLANDS,24.0,250.4,3625,Q4
M84023,6424,2362,36.76836861768368,69.03258441175231,0.0,15.44,9.914769504638873,11.102038126259153,3.6123482320175673,4.126514586256762,0.0,0.0,MIDLANDS,28.1,246.8,4995,Q3
M84025,4502,1557,34.584629053753886,40.70654865458609,1.0,12.47,9.395518954693117,23.25568512090408,9.92715286762873,10.739495333905769,0.0,1.0,MIDLANDS,22.2,501.4,6015,Q3
M84028,5882,3263,55.47432845970759,49.41129827861219,0.0,11.64,9.850842467698442,14.06812712102314,6.826354808074068,2.796760535811536,0.0,0.0,MIDLANDS,27.2,352.7,6645,Q4
M84036,4980,2504,50.28112449799197,48.438485280939894,0.0,5.63,9.652094549739754,12.3781154237833,6.8319653682789365,2.2801791571480616,0.0,0.0,MIDLANDS,21.7,357.6,5682,Q4
M84037,872,270,30.96330275229358,40.46409962024199,0.0,11.69,9.41302267915375,13.412991114437744,3.2008274247764725,1.3935575177256705,0.0,0.0,MIDLANDS,33.7,128.0,1536,Q2
M84040,631,203,32.17115689381934,50.878953560800056,0.0,11.71,9.291167387384595,17.7091820273324,2.607185131051021,1.721726029730519,0.0,0.0,MIDLANDS,41.0,625.7,6517,Q2
M84042,452,113,25.0,48.579524409215495,0.0,14.36,9.248871745025056,13.547797359398304,9.031864906265536,3.7296276363519736,0.0,1.0,MIDLANDS,51.1,1285.9,13252,Q1
M84046,190,59,31.05263157894737,49.99836156896156,1.0,8.75,9.007479316462971,16.985311380771076,2.8744373097063294,0.0,0.0,0.0,MIDLANDS,33.8,572.4,4643,Q2
M84060,101,23,22.77227722772277,39.69745703085737,1.0,12.12,8.826477741050432,9.433985345517266,4.971436259679255,2.192129375756908,0.0,0.0,MIDLANDS,30.8,492.5,3343,Q1
M84062,742,212,28.571428571428573,32.284255798062624,1.0,13.97,8.868119979650281,17.993264726658296,4.76866573483684,8.636166294075542,0.0,1.0,MIDLANDS,29.7,537.3,4064,Q2
M84065,1962,662,33.74108053007136,53.63339632365573,0.0,16.76,8.970707448469115,17.85873133495711,2.7787779298951603,1.3216138938896536,0.0,0.0,MIDLANDS,26.6,340.7,2828,Q2
M84067,2106,954,45.2991452991453,38.564625435008246,0.0,15.28,8.970071855227378,18.107449401292783,4.611635052665042,1.5598177378404154,0.0,0.0,MIDLANDS,20.1,371.8,2872,Q4
M84070,3567,1988,55.73310905522848,56.14797041806503,0.0,10.96,9.398864872894745,7.597173145428447,8.701413427009717,1.6342756189266787,0.0,0.0,MIDLANDS,22.7,274.7,3444,Q4
M84609,1799,842,46.80377987770984,74.77272727272727,0.0,23.83,8.458892949468028,5.653510477368291,2.826755239744178,0.0,0.0,0.0,MIDLANDS,30.4,330.4,1625,Q4
M84612,119,32,26.89075630252101,45.13616527647351,0.0,18.53,8.819110953894672,5.994060161928353,2.366076379903139,0.3943460623313246,1.0,1.0,MIDLANDS,29.4,568.1,5154,Q1
M85001,1839,709,38.55356171832518,42.1524064171123,0.0,50.58,8.478677562965638,6.817591325585021,2.217102868723261,0.0,0.0,0.0,MIDLANDS,28.9,849.9,4089,Q3
M85006,4368,1139,26.076007326007325,43.83535630073903,0.0,36.09,9.25014585001858,14.094319828305556,3.2032545072193352,2.690733785526094,0.0,0.0,MIDLANDS,24.4,344.7,3663,Q1
M85011,2627,1554,59.15492957746479,43.59021183345508,0.0,42.52,8.89793290861905,17.384569827566573,4.847269992938658,8.054486229926425,0.0,0.0,MIDLANDS,26.1,548.8,3920,Q4
M85019,5638,2780,49.30826534231997,44.74055928168555,0.0,24.22,9.806127356216432,11.3146492938664,6.326175182492482,1.5431602636232122,0.0,0.0,MIDLANDS,18.3,385.8,7056,Q4
M85026,3989,1091,27.350213085986464,30.12368684004429,0.0,10.43,9.61949311683087,13.28425538980987,4.587496194171533,1.5941106467771844,0.0,0.0,MIDLANDS,23.7,360.4,5359,Q2
M85028,7811,3516,45.01344258097555,42.46727930938457,0.0,25.48,10.124492151254689,12.399827632775365,2.597550098710913,6.3174983882228375,0.0,0.0,MIDLANDS,21.3,381.2,9531,Q4
M85029,3001,751,25.02499166944352,31.380809658491284,0.0,25.96,9.806738004004131,29.17730001854333,3.0844364477573576,1.77722290579617,0.0,0.0,MIDLANDS,23.0,685.0,13729,Q1
M85030,4252,1129,26.552210724365004,63.730646888261916,0.0,35.94,9.792197454563905,13.375670047829065,2.3695645086925947,2.593108330267368,0.0,0.0,MIDLANDS,28.4,515.2,9084,Q1
M85031,4420,1175,26.58371040723982,35.550223755863485,0.0,43.78,9.290052255702742,14.196942065144624,8.273505851935642,3.3734235176250604,0.0,0.0,MIDLANDS,19.4,590.2,6175,Q1
M85042,713,253,35.483870967741936,37.335263427727014,0.0,21.52,8.541072465206181,15.622457282343367,2.5516680234336864,5.728234338161108,0.0,0.0,MIDLANDS,22.2,566.8,2858,Q3
M85053,336,84,25.0,50.64714560080163,0.0,52.72,8.81939434996722,28.42429469212763,2.9961808540101025,3.745226069730196,0.0,0.0,MIDLANDS,32.2,1068.1,7124,Q1
M85060,5609,2202,39.258334819040826,46.50848291123678,0.0,21.34,9.611116727264854,12.529722368858772,4.858281516650107,7.662510186539255,0.0,0.0,MIDLANDS,20.3,405.3,6498,Q3
M85070,148,17,11.486486486486486,50.474699031026724,0.0,45.66,9.516764460455198,9.429603684788407,1.9628650464033564,1.0403184753445749,0.0,0.0,MIDLANDS,34.4,585.9,8074,Q1
M85071,360,93,25.83333333333333,37.777643407102836,0.0,31.42,8.984328126557495,23.132932880229824,1.1365891869417604,2.005745625489684,0.0,0.0,MIDLANDS,26.3,686.9,5355,Q1
M85074,2380,392,16.470588235294116,27.958061628947704,0.0,31.41,8.987665460833012,13.726898848664687,2.3322400949554893,3.698266437607372,0.0,0.0,MIDLANDS,17.0,486.8,3821,Q1
M85081,3183,1236,38.83129123468426,37.06874085359742,0.0,39.7,9.137411191953424,17.66941556041592,4.130512728576551,8.490498387235569,0.0,0.0,MIDLANDS,25.7,501.2,4627,Q3
M85086,3213,1266,39.40242763772176,24.357871910868507,0.0,27.05,9.271913563366056,16.398555097672013,4.312769841327055,9.277470008227484,0.0,0.0,MIDLANDS,25.1,354.2,3758,Q3
M85170,109,36,33.027522935779814,55.96948186238891,0.0,55.06,8.564108583425044,7.175344295664896,3.053337998155275,1.8320027988931649,0.0,0.0,MIDLANDS,46.8,1335.5,7165,Q2
M85172,4358,1936,44.42404772831574,38.61790952211414,0.0,24.05,9.540201517700162,15.799344492818753,2.952790111268897,5.637144758138448,0.0,0.0,MIDLANDS,22.2,524.2,7312,Q4
M85717,1064,557,52.349624060150376,35.93863854266539,0.0,45.59,8.363031400416139,9.457882866920745,5.28894765341837,6.720074667496306,0.0,0.0,MIDLANDS,22.6,695.7,2944,Q4
M85736,1221,513,42.01474201474201,50.73182565567805,0.0,44.42,8.548675708474397,8.196514804825659,1.653773479545858,5.633165910948175,0.0,0.0,MIDLANDS,20.1,603.8,3215,Q4
M85783,782,226,28.900255754475705,54.79685899624445,0.0,48.11,8.636870727668857,5.67812148991542,3.028331459158928,2.176613235937777,0.0,0.0,MIDLANDS,22.3,521.3,2996,Q2
M86001,278,67,24.100719424460436,56.995685005393746,0.0,42.15,8.885187166074687,17.05387011189295,1.8825700772868843,0.0,0.0,0.0,MIDLANDS,35.7,513.3,3710,Q1
M86017,3168,1119,35.321969696969695,67.27849632190777,0.0,26.93,9.244685436396656,12.329197297754304,1.6490462418976914,0.0,0.0,0.0,MIDLANDS,25.8,406.5,4268,Q3
M86027,288,93,32.291666666666664,40.088769611890996,0.0,19.72,9.50643074537975,12.970480505233931,1.2692824954292194,4.283828423746987,0.0,0.0,MIDLANDS,35.6,547.5,7822,Q2
M86034,1652,675,40.85956416464891,61.860635472942036,0.0,23.18,9.246230223450876,20.59412308204365,10.213450174217147,0.3858986212163846,0.0,0.0,MIDLANDS,26.9,682.8,6782,Q3
M86040,426,119,27.934272300469484,53.29036635006784,0.0,21.61,8.306204634606896,9.48401835882026,10.406075698437853,0.0,0.0,0.0,MIDLANDS,26.2,449.6,1651,Q2
M86044,218,71,32.56880733944954,78.52052353868294,0.0,29.33,8.457991515065874,20.03147601492458,1.810754895227317,0.0,0.0,0.0,MIDLANDS,26.6,561.9,2536,Q2
M86045,286,46,16.083916083916083,57.09086667444302,0.0,38.09,8.950900161625915,27.85975070146255,1.3826178997169951,0.0,0.0,0.0,MIDLANDS,33.4,782.4,5832,Q1
M86046,390,120,30.76923076923077,42.07414975915925,0.0,20.55,8.607201462119392,27.10088193325311,5.361685276385737,0.0,0.0,0.0,MIDLANDS,28.9,471.5,2527,Q2
M86633,832,355,42.66826923076923,63.494411571334645,0.0,44.0,8.644413041426958,6.480774875256825,0.9392427367185208,6.1990020545934845,0.0,0.0,MIDLANDS,30.9,487.8,2759,Q4
M86638,206,50,24.271844660194176,52.36533492347446,0.0,24.84,8.814738957304908,24.39815330437043,2.851732204522669,0.0,0.0,0.0,MIDLANDS,43.2,811.5,5666,Q1
M87001,134,45,33.582089552238806,41.75824175824176,0.0,13.27,8.796654062208942,9.0742957968366,3.145755876236688,1.572877938118344,0.0,0.0,MIDLANDS,42.4,747.2,4801,Q2
M87003,4730,1984,41.94503171247357,52.0047028815113,0.0,9.91,9.851597588948838,13.578221816522136,6.052733209107187,6.656602184285363,0.0,0.0,MIDLANDS,36.2,573.9,10740,Q4
M87007,436,134,30.73394495412844,54.02960400434723,0.0,20.75,9.367522167612632,16.70038810810041,8.27203133345202,1.7090973829446323,0.0,0.0,MIDLANDS,32.7,740.5,8929,Q2
M87008,3652,1014,27.76560788608981,61.24780904213329,0.0,16.48,9.047507667766077,11.109995292248549,6.935509180134942,1.5691197246194883,0.0,0.0,MIDLANDS,22.6,479.1,4191,Q2
M87024,2227,475,21.329142343960484,46.498263035295444,0.0,25.79,10.024945309607338,12.306693137560243,6.754393086489002,4.113510929688481,0.0,0.0,MIDLANDS,34.3,712.2,16257,Q1
M87025,474,92,19.40928270042194,47.96617712505563,0.0,39.33,8.508707287765938,12.048476290656044,3.872724522212698,3.3348461176945188,0.0,0.0,MIDLANDS,37.8,813.0,3812,Q1
M87027,1521,316,20.775805391190005,36.67402501839588,0.0,26.68,8.411721558474003,9.601066785198356,2.963292219135459,8.83061081009001,0.0,0.0,MIDLANDS,21.1,653.5,2950,Q1
M87030,338,56,16.568047337278106,55.59970768247008,0.0,28.28,8.39408349425413,10.857681432610743,3.860508952309144,4.704995287464656,0.0,0.0,MIDLANDS,33.7,716.3,3259,Q1
M87601,231,43,18.614718614718612,42.83511088906749,0.0,40.52,8.847371855467586,14.529248977753287,3.8335749274615742,4.485282666251363,0.0,0.0,MIDLANDS,30.7,622.9,4203,Q1
M87602,822,210,25.547445255474454,36.20308305333716,0.0,15.49,9.209348213282816,13.265955405777396,3.737039231237645,3.576880407070344,0.0,0.0,MIDLANDS,20.8,724.9,7247,Q1
M87617,771,301,39.0402075226978,57.87688905270918,0.0,35.99,8.74350505166814,13.907865706159122,5.74177941997395,18.87955248996517,0.0,0.0,MIDLANDS,29.4,718.1,4464,Q3
M88647,164,40,24.390243902439025,74.72715356338871,0.0,37.38,8.682368589375221,1.9893749304849104,0.0,5.742059454052222,0.0,0.0,MIDLANDS,28.0,830.7,5240,Q1
M89009,2924,1363,46.61422708618331,47.82741998671413,0.0,26.83,9.313002249583676,7.099132160572744,4.3316738610555445,5.86701159685352,0.0,0.0,MIDLANDS,22.1,597.5,6693,Q4
M89012,3118,1975,63.34188582424631,69.68402692367897,0.0,45.71,9.322015905866772,7.798595895005141,9.157984171175602,5.008272593122569,0.0,0.0,MIDLANDS,48.4,958.3,10827,Q4
M89015,3551,1544,43.48070965925091,33.89716650320431,0.0,14.29,9.419060402624668,10.977463950978006,2.770337906014122,3.051700348997646,0.0,0.0,MIDLANDS,52.6,912.0,11291,Q4
M91008,1609,661,41.08141702921069,52.56686881583147,0.0,42.19,9.183029125421369,14.086233508782446,5.124735583855027,3.617460412616579,0.0,0.0,MIDLANDS,22.3,749.9,7159,Q3
M91026,270,99,36.66666666666666,46.83159580378444,0.0,39.79,8.645601064535132,23.303088491813373,1.8762551108896088,1.8762551108896088,0.0,0.0,MIDLANDS,37.4,688.4,3937,Q3
M91033,137,35,25.547445255474454,31.570695553021665,0.0,33.4,8.753331938225259,10.107790107000437,3.5798423279504084,2.9481054463615903,0.0,0.0,MIDLANDS,26.2,685.8,4578,Q1
M91611,338,167,49.40828402366864,41.90199799084719,0.0,49.97,7.968694545094646,14.02982491793822,6.922610978107244,0.0,0.0,0.0,MIDLANDS,32.1,775.7,2400,Q4
M91623,357,82,22.969187675070028,41.05164612264004,0.0,28.67,7.5766951458418195,7.51301971826176,4.098010757278238,1.3660035823444034,0.0,0.0,MIDLANDS,24.2,577.8,1125,Q1
M91647,168,64,38.095238095238095,27.136969117734903,0.0,41.27,8.623383362814542,18.22487335631426,8.824675519918467,7.098108570486495,0.0,0.0,MIDLANDS,26.2,690.3,3743,Q3
M91650,931,326,35.016111707841034,51.96902950206915,0.0,39.95,9.11655153434378,9.928883275213488,4.4811774073972375,5.1255297136110265,0.0,0.0,MIDLANDS,22.8,655.7,6118,Q3
M92009,4239,2284,53.88063222458127,58.57026640167235,0.0,29.26,9.506021615580716,22.241418778435687,4.2657407699414085,3.730043091174009,0.0,0.0,MIDLANDS,24.2,482.5,6395,Q4
M92010,169,35,20.71005917159763,47.655531206611016,0.0,14.23,9.34875357912981,13.467427112194695,2.786364230049197,0.0,0.0,0.0,MIDLANDS,29.6,611.8,6937,Q1
M92612,9808,4151,42.3225938009788,56.376279396827876,0.0,35.64,10.561795241692415,10.340116133530358,2.3815430414289263,1.7602709436648587,0.0,0.0,MIDLANDS,21.9,459.2,17234,Q4
M92629,197,66,33.50253807106599,60.38382186928257,0.0,31.62,8.330361479144397,7.714716223003515,0.0,9.25765946760422,0.0,0.0,MIDLANDS,33.1,708.1,2994,Q2
M92630,163,24,14.723926380368098,39.97587540355483,0.0,41.24,8.674666915240428,14.397790211439066,4.146199079065396,2.8248828909487,0.0,0.0,MIDLANDS,30.6,679.5,3915,Q1
M92654,2224,752,33.81294964028777,44.11169438998166,0.0,41.79,8.87408644485705,9.965824128398632,6.19598054331471,5.225525761142151,0.0,0.0,MIDLANDS,19.1,420.7,2864,Q2
N81002,4291,1548,36.07550687485435,52.355056949558964,0.0,5.49,9.416073233030598,15.434397704377556,7.055104435354213,1.9103052005616947,0.0,0.0,NORTH WEST,19.7,330.0,3973,Q3
N81006,139,57,41.00719424460432,39.51752263772724,1.0,14.75,8.600461460599247,7.557123139395797,6.084956293819967,15.850329705259927,0.0,1.0,NORTH WEST,22.9,713.0,3898,Q3
N81007,1878,701,37.32694355697551,37.55963760285928,0.0,15.09,9.227066375891768,18.482921391857342,4.641709827574903,1.7832557536222384,0.0,0.0,NORTH WEST,25.0,398.9,4024,Q3
N81012,327,138,42.20183486238532,47.58709453498966,0.0,20.77,9.379224831762343,17.072312394881685,3.4234716147468296,1.486507411421895,0.0,0.0,NORTH WEST,47.0,693.3,8521,Q4
N81020,521,344,66.02687140115164,50.47462791515294,0.0,7.37,9.43582118975388,9.804896541293374,9.258335494941836,4.597242452660773,0.0,0.0,NORTH WEST,40.2,586.8,7244,Q4
N81022,8073,3856,47.7641521119782,25.06127141341149,1.0,6.92,10.437570613178863,13.258038358230827,6.2116068387834265,5.049192500268678,0.0,0.0,NORTH WEST,21.8,362.0,12250,Q4
N81024,2937,1177,40.0749063670412,53.75470997187284,0.0,28.98,9.28909763843944,12.422111480748343,3.006939684671848,1.7745873545246589,0.0,0.0,NORTH WEST,19.3,450.9,4804,Q3
N81027,4982,1720,34.52428743476516,51.01556578383663,0.0,13.37,9.59708693162897,10.283139554856168,9.745163080005886,7.118678606604703,0.0,0.0,NORTH WEST,21.0,397.4,5846,Q3
N81030,496,113,22.782258064516128,23.755067983183388,1.0,11.68,9.72455524574017,14.138738663836277,6.346453789783684,7.590231165592813,0.0,1.0,NORTH WEST,25.5,543.8,9078,Q1
N81033,625,202,32.32,31.474348370631187,0.0,6.19,9.0607763794204,23.381399404238845,3.994967579599342,1.3935933417207005,0.0,0.0,NORTH WEST,24.3,562.1,4877,Q2
N81034,590,121,20.508474576271187,34.40194601267087,0.0,12.6,9.4869235792617,13.751785330333556,8.593822755665661,4.105312385960034,0.0,0.0,NORTH WEST,32.2,523.1,6906,Q1
N81036,367,120,32.69754768392371,42.934958822385056,0.0,22.42,9.029936974338131,10.220376875998085,5.972532737543915,3.9284573618652185,0.0,0.0,NORTH WEST,42.4,743.6,6424,Q2
N81039,4388,2339,53.30446672743847,42.69175880603385,0.0,14.39,9.366980806932114,15.964773527990936,4.377658551183122,4.95906632751213,0.0,0.0,NORTH WEST,21.8,427.2,5025,Q4
N81040,302,57,18.874172185430464,37.8198889334173,0.0,28.67,8.84425221481554,7.998750195762681,1.8458654296804584,0.0,0.0,0.0,NORTH WEST,25.1,610.0,4191,Q1
N81044,4196,2411,57.45948522402288,29.240610813041684,0.0,21.23,9.291782100563427,8.332949255657462,7.8904917730561825,3.3184311195096097,0.0,0.0,NORTH WEST,25.1,472.7,5128,Q4
N81047,364,91,25.0,25.313688847360343,0.0,12.17,9.438743401289356,14.982326530893756,7.936813205562666,10.165062902162596,0.0,0.0,NORTH WEST,26.1,520.3,6253,Q1
N81053,4880,2152,44.09836065573771,61.92865471028258,0.0,27.59,9.751826133039136,12.8805636501525,7.1222487841068345,6.850703350967623,0.0,0.0,NORTH WEST,21.1,339.1,5780,Q4
N81056,391,112,28.644501278772378,62.3142436798985,0.0,27.66,9.202618971876896,11.618249033818454,5.482167001184108,3.547284530177952,0.0,0.0,NORTH WEST,37.2,652.1,6284,Q2
N81059,759,325,42.81949934123847,41.275618374558306,1.0,11.37,9.434310248456365,8.8460206224188,8.483653512829394,4.284458181236843,0.0,0.0,NORTH WEST,41.4,580.0,7335,Q4
N81067,2020,1658,82.07920792079207,48.45682948603494,0.0,15.23,9.120324485966254,8.986960883377405,4.581015773867056,10.358347770949212,0.0,0.0,NORTH WEST,25.4,279.3,2549,Q4
N81077,4779,1833,38.35530445699937,39.17263025737602,1.0,7.79,9.469867281623513,14.358631508504867,6.294758225999306,10.49168042556474,0.0,1.0,NORTH WEST,19.3,264.6,3445,Q3
N81081,1676,642,38.3054892601432,27.836180925695746,0.0,16.51,9.185415649116974,10.498436512140524,6.424824427319174,2.132494916528544,0.0,0.0,NORTH WEST,19.2,445.9,4341,Q3
N81083,1076,433,40.24163568773234,62.416842446860294,0.0,23.89,8.537714514636985,7.837502449219515,0.0,0.0,0.0,0.0,NORTH WEST,18.4,501.9,2550,Q3
N81084,6130,2901,47.32463295269168,30.49222989770335,1.0,10.36,9.94442953985696,8.19101707811063,7.359116906291248,2.5724913010438755,0.0,0.0,NORTH WEST,22.2,358.3,7766,Q4
N81085,3843,1029,26.775956284153004,51.70166752034603,0.0,15.88,9.169231878085569,22.21136262992003,6.279576615176223,1.667144234025372,0.0,0.0,NORTH WEST,20.5,302.4,3127,Q1
N81089,1576,936,59.39086294416244,55.24091637905264,0.0,21.79,9.02451267585294,11.86231811259408,5.459106874862017,1.6056196696437532,0.0,0.0,NORTH WEST,21.8,468.7,3758,Q4
N81090,1504,505,33.577127659574465,51.783213657897086,0.0,12.48,8.543137053387827,7.353394937720253,5.56051772512464,4.469201164071,0.0,0.0,NORTH WEST,29.6,524.4,2832,Q2
N81101,118,44,37.28813559322034,41.373455334402415,0.0,11.62,8.984912964647123,12.929495412660131,3.407773984401917,2.27184932376985,0.0,0.0,NORTH WEST,38.2,670.8,5406,Q3
N81107,196,52,26.53061224489796,54.66161074931993,0.0,20.94,8.197286321669658,8.81279691552108,0.0,0.0,0.0,0.0,NORTH WEST,40.2,740.5,2691,Q1
N81109,1370,981,71.60583941605839,49.808267255946966,0.0,17.7,8.843530913556853,15.585727514341034,2.308996668791264,1.5778143913027791,0.0,0.0,NORTH WEST,23.3,464.0,3210,Q4
N81607,195,68,34.87179487179487,35.327743902439025,0.0,37.9,8.223828335828959,8.93954631981227,9.869259135098892,5.2922114220583305,0.0,0.0,NORTH WEST,35.4,755.6,2950,Q3
N81623,677,538,79.4682422451994,43.064725691406146,1.0,6.44,9.139595967450424,3.663554077492755,1.7172909734893207,0.228972130514114,0.0,1.0,NORTH WEST,22.4,476.2,4529,Q4
N82001,151,28,18.543046357615893,59.5685793363198,0.0,49.0,8.728952183863809,12.946555002629768,6.386967133551807,2.589311000525954,0.0,0.0,NORTH WEST,30.7,842.7,5112,Q1
N82014,372,195,52.41935483870968,52.25048923679061,0.0,22.84,8.775961253703375,18.52804940967576,4.076170869788986,1.6469377241379308,0.0,0.0,NORTH WEST,38.1,723.0,4703,Q4
N82034,115,50,43.47826086956522,62.79190751445087,0.0,33.88,8.700486498130486,9.32426807270709,3.3300957402525326,0.0,0.0,0.0,NORTH WEST,22.7,1262.8,7476,Q4
N82067,177,87,49.15254237288136,53.763648288900036,0.0,57.64,8.686133956716132,3.6034514319496647,0.0,3.3782357163971115,0.0,0.0,NORTH WEST,29.8,810.3,4576,Q4
N82083,2196,639,29.098360655737704,53.06783946632236,0.0,37.06,9.2297589386024,12.18768644757382,7.0876888994957215,3.80538278587366,0.0,0.0,NORTH WEST,21.7,504.2,5227,Q2
N82084,138,50,36.231884057971016,51.58333822924622,0.0,22.84,8.766173416080818,6.902017851694971,4.324155764198381,0.6236763119940751,0.0,0.0,NORTH WEST,27.3,932.0,6043,Q3
N82089,123,47,38.21138211382114,49.15148877976006,0.0,52.09,8.252706676567644,12.784436339239187,7.2954663887441376,0.0,0.0,0.0,NORTH WEST,44.7,776.8,2945,Q3
N82097,1643,794,48.32623250152161,54.36857859396489,0.0,54.02,9.081682797267774,10.614805759290324,8.613156673395695,6.368883455119274,0.0,0.0,NORTH WEST,24.5,417.7,3528,Q4
N82103,277,84,30.32490974729242,48.3144596452183,0.0,53.84,9.173840620314063,15.012748597999982,3.8721164407643975,1.3275827794535822,0.0,0.0,NORTH WEST,29.9,522.7,5091,Q2
N82106,315,105,33.333333333333336,55.414092242401544,0.0,18.01,8.177000709924268,14.239542833856389,4.496697737598951,0.0,0.0,0.0,NORTH WEST,26.7,535.9,1956,Q2
N82108,430,93,21.627906976744185,43.86098106204395,0.0,12.76,9.022433244887615,25.67259635851694,7.336866345544684,0.0,0.0,0.0,NORTH WEST,23.7,576.9,4764,Q1
N82651,191,73,38.21989528795812,39.817336965229934,0.0,57.94,8.349050635795553,6.980546369049966,13.548605908427652,4.7324210277241,0.0,0.0,NORTH WEST,27.1,1280.4,5252,Q3
N82662,567,91,16.049382716049383,44.35859642449601,0.0,50.22,8.989807991918449,4.52151146523153,6.981745644201099,4.986961174429356,0.0,0.0,NORTH WEST,33.5,534.2,4415,Q1
N83008,1237,235,18.997574777687955,43.50848323213982,0.0,45.6,9.007448693437516,3.919807276142256,7.414968763627454,4.89975909517782,0.0,0.0,NORTH WEST,26.4,927.8,7674,Q1
N84004,1009,511,50.64420218037661,61.6224290474549,0.0,39.24,8.957338806994487,17.51523997724736,5.598008069889242,2.266678114535932,0.0,0.0,NORTH WEST,28.9,803.2,6235,Q4
N84012,246,98,39.83739837398374,45.35519918728684,0.0,15.19,9.34380717918178,21.001356336721745,4.596963554479561,2.111803054530605,0.0,0.0,NORTH WEST,41.3,585.4,6686,Q3
N84015,496,404,81.45161290322581,73.34913521721418,0.0,48.03,8.679921265708382,11.784201805588998,2.719431185643669,0.0,0.0,0.0,NORTH WEST,27.5,1295.9,7494,Q4
N84025,438,149,34.018264840182646,46.271965840039414,0.0,11.86,9.197803782972004,15.013712501919752,5.346609847685752,0.0,0.0,0.0,NORTH WEST,29.6,766.1,7751,Q3
N84029,989,858,86.75429726996967,51.61135622482256,0.0,41.5,8.659878393134218,10.265599260136993,2.3814340637553832,2.959452037802376,0.0,0.0,NORTH WEST,31.6,637.8,3670,Q4
N84625,1638,894,54.57875457875458,53.14332705749962,0.0,17.93,8.57161824339431,6.535766145589999,2.9799861114969377,0.0,1.0,0.0,NORTH WEST,23.1,448.4,2670,Q4
N85015,1212,581,47.93729372937294,63.39721461730746,0.0,35.29,8.958722326179572,20.02893735555436,3.669685441080328,0.0,0.0,0.0,NORTH WEST,24.1,492.8,3913,Q4
N85017,173,63,36.41618497109827,37.01279292204687,0.0,48.6,8.62604759632832,27.025411060089684,4.783258593721973,1.7219730941704037,0.0,0.0,NORTH WEST,28.7,776.2,4367,Q3
N85020,4545,1852,40.74807480748075,37.91073211600923,0.0,40.25,9.645666286340528,16.046932965231647,4.123889224182555,3.330169959019929,0.0,0.0,NORTH WEST,19.8,450.1,7026,Q3
N85025,1523,685,44.97701904136573,52.53122158954974,0.0,24.57,8.672500345126858,27.556684410895965,4.748790686205962,7.853769208772706,0.0,0.0,NORTH WEST,25.0,419.0,2444,Q4
N85027,1666,923,55.40216086434574,42.535602997605004,0.0,41.61,9.139891083285532,11.61322224093994,7.611076834679043,7.496624552160733,0.0,0.0,NORTH WEST,22.5,563.3,5080,Q4
N85038,140,44,31.428571428571427,31.671496050490216,0.0,56.28,8.380533099990165,14.429837971568327,8.315499845612964,0.0,0.0,0.0,NORTH WEST,25.1,868.7,3671,Q2
N85044,1298,584,44.99229583975347,46.008741660915575,0.0,32.03,9.939405542056072,16.86072265346073,7.897836214601833,4.244765392299128,1.0,0.0,NORTH WEST,35.8,704.8,14565,Q4
N85047,1873,1011,53.97757608115323,65.31111351585326,0.0,16.92,8.826441041782578,22.548443922489724,8.494813075455081,1.8398903904873751,0.0,0.0,NORTH WEST,31.2,647.9,4545,Q4
N85054,1122,456,40.64171122994652,36.561140085705745,0.0,16.84,8.546768174756641,13.87679811071018,0.8284655575152506,7.973981004190871,0.0,0.0,NORTH WEST,18.4,434.8,2221,Q3
N85648,700,348,49.71428571428572,56.33339855214244,0.0,30.98,8.301893794125077,25.003100582909585,2.910413826119311,1.7859357559221134,0.0,0.0,NORTH WEST,29.4,622.6,2592,Q4
P81013,476,151,31.722689075630253,36.915408474842195,0.0,16.46,9.664876028222944,11.950088070117904,6.922926374720317,11.730043955927703,0.0,0.0,NORTH WEST,27.3,561.1,8831,Q2
P81014,244,119,48.77049180327869,54.947931168903494,0.0,11.42,9.16473263849805,10.04797208896642,4.633231574705626,1.2559965111208025,0.0,0.0,NORTH WEST,26.2,1010.9,9851,Q4
P81015,312,93,29.807692307692307,51.435516995682974,0.0,14.35,9.47789626479437,12.542713567839195,10.16248756472719,6.162793664260389,0.0,0.0,NORTH WEST,30.0,578.5,7905,Q2
P81017,319,82,25.70532915360501,24.956010897945283,1.0,7.68,9.595279591297622,13.87840742008472,6.884764351746313,8.565125918919378,0.0,1.0,NORTH WEST,20.8,570.2,8489,Q1
P81018,2877,941,32.7076816127911,31.474431685752908,0.0,9.22,9.022433244887615,14.877105478314212,4.8912442311676045,0.0,0.0,0.0,NORTH WEST,20.4,448.8,3594,Q2
P81022,174,82,47.12643678160919,47.17958766028781,0.0,32.6,9.290767621088795,5.905420991926182,4.232218377854672,0.0,0.0,0.0,NORTH WEST,25.3,906.0,10190,Q4
P81025,2878,1248,43.363446838082,35.27286462695636,0.0,35.42,9.448523591698104,6.8718682891911245,7.3762255948198305,3.761664905006141,0.0,0.0,NORTH WEST,20.1,507.0,6490,Q4
P81027,4500,1521,33.8,38.14966528029501,0.0,32.86,9.624401759309704,19.40579662315344,6.133712283948578,2.978728091476916,0.0,0.0,NORTH WEST,20.3,583.7,8944,Q2
P81035,829,319,38.480096501809406,21.948821829664272,0.0,49.28,9.01906888376264,2.421576244337043,1.5498087963757077,3.5839328416188234,0.0,0.0,NORTH WEST,22.2,735.4,6257,Q3
P81042,3786,1188,31.37876386687797,32.21964255483809,0.0,59.91,9.634098253527691,8.134276658793496,9.914740648582011,9.635452180031963,0.0,0.0,NORTH WEST,21.2,642.9,9730,Q2
P81043,1105,310,28.054298642533936,20.776417417113564,0.0,63.51,8.809041572737435,13.304453905444769,4.859710707297035,7.568401922473672,0.0,0.0,NORTH WEST,17.7,798.0,5330,Q2
P81046,470,101,21.48936170212766,44.36722875149037,0.0,36.95,8.798203054099954,15.140685557960438,6.966326069361252,11.234710826999546,0.0,0.0,NORTH WEST,27.5,886.5,5765,Q1
P81057,588,157,26.700680272108844,29.84722920913977,0.0,20.23,9.543509540421354,11.753042771998135,7.434038436749757,5.4274213781159295,0.0,0.0,NORTH WEST,32.8,1028.0,14542,Q1
P81066,1608,395,24.564676616915424,39.344872510701656,0.0,44.47,9.014305212094468,13.982440846326972,8.889069120622883,5.028488007461626,0.0,0.0,NORTH WEST,24.8,619.4,5161,Q1
P81072,4638,1517,32.70806382061233,21.76957144717989,0.0,33.61,9.562029574402256,8.779499669355596,14.386897957977675,8.634558835475096,0.0,0.0,NORTH WEST,20.3,491.8,6747,Q2
P81074,4484,1662,37.06512042818912,40.46349652888062,0.0,33.69,9.518639690812291,15.403133478476487,7.758383180373837,8.75756889299774,0.0,0.0,NORTH WEST,20.1,697.5,9364,Q3
P81077,4074,891,21.87039764359352,29.883948950397016,0.0,12.24,9.311753105385913,14.167821215589422,7.99951810192157,9.204264802722728,0.0,0.0,NORTH WEST,18.0,490.2,5329,Q1
P81082,148,38,25.67567567567568,24.128870563505536,0.0,15.82,9.258408052995284,15.16015535156343,7.065420264476727,1.7790626557275493,0.0,0.0,NORTH WEST,31.2,961.0,10623,Q1
P81084,220,71,32.27272727272727,52.116756988785745,0.0,14.15,9.019482484159942,12.909732727382751,5.034795763993949,1.6137165918305596,0.0,0.0,NORTH WEST,24.9,1065.3,8842,Q2
P81086,2074,1482,71.45612343297975,55.32957539019347,0.0,37.72,9.185526710393011,9.923201121827455,11.04400345090937,6.06873456974688,0.0,0.0,NORTH WEST,21.9,875.7,8408,Q4
P81095,362,147,40.60773480662984,74.36112454980379,0.0,39.9,9.061927366833409,4.4543688194182645,13.517772043035698,16.147086970391207,0.0,0.0,NORTH WEST,22.4,656.5,5645,Q3
P81099,220,55,25.0,44.050419509135104,0.0,22.26,9.293309562549137,4.295104348332963,5.91497227387426,0.0,0.0,0.0,NORTH WEST,33.4,794.9,8548,Q1
P81112,3774,1450,38.42077371489136,34.983971315273,0.0,25.27,9.734250025290097,12.886287592407989,9.80684386628108,6.111511394928788,0.0,0.0,NORTH WEST,18.9,559.3,9506,Q3
P81115,603,200,33.16749585406302,53.82479304202033,0.0,57.08,9.722205455316836,13.809637977103812,8.870774394629585,11.108447215296092,0.0,0.0,NORTH WEST,41.5,652.1,11082,Q2
P81119,3423,1328,38.7963774466842,55.578287715417936,0.0,28.36,9.241120111418368,18.41116435552036,0.930901568472174,5.171675381047425,0.0,0.0,NORTH WEST,19.2,616.8,6900,Q3
P81129,3023,1182,39.10023155805492,35.1575430401089,0.0,14.63,9.379020697694829,12.011629789157263,9.484051277516912,6.870868503685348,0.0,0.0,NORTH WEST,23.1,515.1,6211,Q3
P81133,734,195,26.56675749318801,54.70394677041104,0.0,16.77,9.092082223471564,12.035716966308998,8.373977639378705,4.292038719141593,0.0,0.0,NORTH WEST,25.1,768.4,6926,Q1
P81140,827,238,28.778718258766627,45.1788502384201,0.0,30.83,9.65786404307191,8.5159695732214,4.346621779984233,5.318219589627767,0.0,0.0,NORTH WEST,20.2,998.6,15261,Q2
P81149,667,191,28.635682158920535,31.965021818244537,0.0,12.21,9.085598806812438,4.168908776799117,9.183683101758758,7.794046844713812,0.0,0.0,NORTH WEST,23.9,592.0,5530,Q2
P81150,428,119,27.80373831775701,56.86389745181965,0.0,21.03,9.408056707611898,11.050781624246072,10.263003132240108,7.37448199488491,0.0,0.0,NORTH WEST,31.3,905.7,11010,Q2
P81179,167,23,13.77245508982036,25.13395031660984,0.0,14.14,8.738040775680794,6.585770031538995,3.2501202747634577,0.8552948104987438,0.0,0.0,NORTH WEST,20.8,829.6,5502,Q1
P81184,111,18,16.216216216216218,34.26406456577935,0.0,41.46,9.09242920311109,15.75801899693398,8.251057167449579,1.4401845236420916,0.0,0.0,NORTH WEST,30.9,754.2,6973,Q1
P81208,620,182,29.35483870967742,42.407169712734415,0.0,34.73,9.803510667247382,7.957046683182449,8.384369560428427,4.892110183362036,0.0,0.0,NORTH WEST,40.4,1013.6,18223,Q2
P81212,1600,456,28.5,52.52018153339492,0.0,27.26,8.702468714286551,13.737138742885628,2.304294239541357,8.002316005151428,0.0,0.0,NORTH WEST,22.3,483.7,3061,Q2
P81674,277,123,44.4043321299639,55.45291479820628,1.0,11.97,8.66306685390578,5.6237047733460095,6.82194661596301,5.070365730089451,0.0,0.0,NORTH WEST,28.7,702.7,4074,Q4
P81681,726,197,27.13498622589532,44.64522126137292,0.0,31.29,9.528715312112002,13.11133604417318,10.977834617757765,6.342317879590514,0.0,0.0,NORTH WEST,25.5,582.3,8087,Q2
P81695,323,90,27.86377708978328,34.538506760728986,0.0,8.12,8.749481468643024,17.778012658114125,2.3675831373118945,5.1579489764695,0.0,0.0,NORTH WEST,32.1,882.5,5775,Q2
P81714,160,34,21.25,35.11286611529134,0.0,33.57,8.681011276645632,10.503678551782684,5.7498585161290325,6.4742501409168085,0.0,0.0,NORTH WEST,23.7,779.6,4488,Q1
P81721,241,81,33.60995850622407,61.057815298030185,0.0,36.09,7.823545885814609,5.336001336668334,5.336001336668334,0.0,0.0,0.0,NORTH WEST,29.7,1089.8,2791,Q2
P81780,1453,615,42.32622161046112,31.364080834419816,0.0,49.43,8.655214489313613,6.806039487804879,2.926829268292683,3.484320557491289,0.0,0.0,NORTH WEST,14.7,561.2,3185,Q4
P82002,1449,542,37.40510697032436,38.26459086549104,0.0,40.69,8.90371330435663,10.145961433569996,3.478615348031389,5.4353364812990455,0.0,0.0,NORTH WEST,19.9,560.5,4048,Q3
P82004,108,19,17.59259259259259,31.70402506628103,0.0,41.87,9.19015467131677,6.285607387629463,4.870665465553308,3.945511130082822,0.0,0.0,NORTH WEST,33.6,520.8,5066,Q1
P82006,225,87,38.66666666666666,42.16143977191732,0.0,21.65,9.145552930971744,13.685183869407496,4.239277331958176,9.730421792801764,0.0,0.0,NORTH WEST,40.9,967.4,10622,Q3
P82010,1421,592,41.66080225193526,42.72159926936932,0.0,40.77,9.008948119958404,7.69740396163529,3.0006829007960367,7.730020079297938,0.0,0.0,NORTH WEST,17.9,412.0,3280,Q4
P82011,313,103,32.9073482428115,35.873872981274154,0.0,36.39,8.83466462205377,16.8504835059877,3.8049478892003057,1.1647799657845883,0.0,0.0,NORTH WEST,30.4,739.5,5154,Q2
P82014,904,404,44.690265486725664,46.233581262858046,0.0,23.99,8.78814865078558,25.78775437621548,4.535228097059982,3.0506018583249657,0.0,0.0,NORTH WEST,21.8,577.8,3731,Q4
P82021,129,37,28.68217054263566,36.67983749791307,0.0,27.44,8.861810736191687,20.82019672535336,4.572130314215877,5.327854334195331,0.0,0.0,NORTH WEST,24.3,546.4,3806,Q2
P82627,682,272,39.88269794721408,47.35397220931706,0.0,28.53,8.3251444788637,3.489781080862752,3.7482833815332417,3.231278780192261,0.0,0.0,NORTH WEST,29.9,614.2,2598,Q3
P82633,298,202,67.78523489932886,48.39050503627527,0.0,44.52,7.829066719313156,6.580212930914398,0.0,0.0,0.0,0.0,NORTH WEST,28.6,674.3,1704,Q4
P82634,260,72,27.692307692307693,33.0529583769539,0.0,38.49,8.33860465821139,9.56422978062048,10.01056050451312,3.315599658078785,0.0,0.0,NORTH WEST,27.5,637.3,2546,Q2
P83001,271,100,36.90036900369004,59.1256660438724,0.0,20.22,9.543736453508645,14.31062071648635,2.7130949817295984,3.6301975109264166,0.0,0.0,NORTH WEST,38.2,661.4,9446,Q3
P83004,229,35,15.283842794759826,39.87801227361174,0.0,22.32,8.968619067900603,9.100845775046958,2.546878482060425,4.788131546273599,0.0,0.0,NORTH WEST,30.1,603.7,4755,Q1
P83006,1916,655,34.18580375782881,53.658593933693865,0.0,15.93,9.014811987694946,10.933852140077825,1.9455252918287933,2.431906614785992,0.0,0.0,NORTH WEST,23.4,564.2,4546,Q3
P83007,260,145,55.76923076923077,54.08675244800518,0.0,31.37,9.284806018252128,19.1588604314766,5.222893476179057,5.04962212922639,0.0,0.0,NORTH WEST,48.5,1395.5,15722,Q4
P83025,2449,894,36.50469579420172,52.68605224248398,0.0,25.45,9.11067656219644,7.350598892990968,0.0,4.360275095427051,0.0,0.0,NORTH WEST,22.2,336.8,2957,Q3
P83603,2334,920,39.41730934018852,39.89520238438612,0.0,27.21,9.153620097433311,2.7094008802025,13.970348288544136,0.0,0.0,0.0,NORTH WEST,28.9,467.6,4268,Q3
P83608,204,44,21.568627450980397,51.0540280491005,0.0,22.99,8.74435532407223,17.593158216249233,5.736899418342143,3.1871663435234123,0.0,0.0,NORTH WEST,28.9,787.9,5020,Q1
P83612,1086,678,62.430939226519335,39.43719412724307,0.0,14.16,8.572895916625782,4.035499788451535,6.355912164824944,2.7744061024323345,0.0,0.0,NORTH WEST,27.2,602.5,3267,Q4
P84010,2142,1580,73.76283846872082,49.406954909557655,0.0,28.29,9.258050588132258,25.44969173520625,2.033941397699104,7.779825843767877,0.0,0.0,NORTH WEST,34.5,443.2,4553,Q4
P84012,2441,1725,70.66775911511675,55.322258873723506,0.0,25.71,9.072179230967883,11.787781657369756,7.392525028560493,18.10312881289767,0.0,0.0,NORTH WEST,24.0,617.9,5260,Q4
P84014,361,59,16.343490304709142,56.928189567981505,0.0,49.04,8.58894004498868,7.942540682872345,3.673425066782496,7.446131889611094,0.0,0.0,NORTH WEST,53.5,894.4,4767,Q1
P84016,364,102,28.021978021978025,41.14830003968779,0.0,41.32,9.13515874674013,13.626930436891897,2.9898750332857182,3.6798461935692535,0.0,0.0,NORTH WEST,31.1,451.1,4141,Q2
P84030,887,151,17.023675310033823,42.057196382050755,0.0,47.2,9.527192821727745,19.19191918924825,4.312354312354312,4.370629370629371,0.0,0.0,NORTH WEST,27.3,686.5,9231,Q1
P84032,257,74,28.79377431906615,47.36862547092865,0.0,46.79,8.715183023846906,21.089188783789325,6.563025554780754,13.126051109561509,0.0,0.0,NORTH WEST,31.2,515.0,3049,Q2
P84039,356,47,13.202247191011235,31.007037533512065,0.0,34.7,9.29283392003921,14.733078062293297,5.500349143870043,3.04483613226007,0.0,0.0,NORTH WEST,32.6,595.4,8625,Q1
P84064,2220,606,27.2972972972973,56.67646933469718,0.0,28.14,9.336620537886512,12.856219520535872,4.4185909871320295,0.9871320289088668,0.0,0.0,NORTH WEST,23.9,362.6,4704,Q2
P84067,379,95,25.065963060686016,40.245049726727,0.0,31.06,9.020833059367504,14.310462914467587,5.447000522944282,6.961846823254502,0.0,0.0,NORTH WEST,40.8,496.5,4443,Q1
P84068,5430,3127,57.58747697974217,67.57956590874237,0.0,20.18,10.018711761630843,11.94162860688426,5.822286583936728,7.141212728528463,0.0,0.0,NORTH WEST,28.2,355.0,7852,Q4
P84071,571,96,16.81260945709282,44.092848435595286,0.0,19.39,8.481358738407021,11.940298507462687,4.367053619402985,2.2111663888888886,0.0,0.0,NORTH WEST,46.9,573.5,2614,Q1
P84630,2560,949,37.0703125,55.37111072483921,0.0,25.41,10.025782615890868,10.54785580806796,1.828766946807216,3.9288993108940686,0.0,0.0,NORTH WEST,27.6,248.6,6129,Q3
P84637,143,39,27.272727272727277,55.24008593160309,0.0,46.17,7.9418883040161745,7.015880542782651,4.930078215216876,3.4131310737141503,0.0,0.0,NORTH WEST,36.2,697.2,2054,Q2
P84639,499,341,68.33667334669339,48.891541609822646,0.0,28.91,8.26819750135429,0.0,0.0,3.0785676109032605,0.0,0.0,NORTH WEST,30.1,543.0,1654,Q4
P84665,587,90,15.332197614991482,35.56041211364346,0.0,27.26,8.38934088033306,8.242580350385424,0.0,11.272940775393472,0.0,0.0,NORTH WEST,26.3,472.1,2470,Q1
P84669,4886,1575,32.23495702005731,52.702188633308815,0.0,28.84,9.7435046203634,8.167496259497941,0.8449134061549594,1.1578442977146266,0.0,0.0,NORTH WEST,25.2,332.5,6055,Q2
P84673,3562,1253,35.176866928691744,41.04271384119938,0.0,28.55,9.512073267650624,16.32894542227481,9.130799190948084,8.879779372873836,0.0,0.0,NORTH WEST,22.8,379.2,5312,Q3
P84683,2224,539,24.235611510791365,20.05238248403253,0.0,18.52,9.450511461756912,11.9337248319526,4.0897651006711415,5.6627516778523495,0.0,0.0,NORTH WEST,17.8,210.6,3106,Q1
P84684,1927,425,22.055007784120395,48.24204877278826,0.0,44.84,8.71864994149286,6.758321866168876,0.348816613481217,0.0,0.0,0.0,NORTH WEST,18.0,749.5,4881,Q1
P84690,492,212,43.08943089430894,43.61378945978074,0.0,46.2,7.97522083865341,7.702888583218709,0.0,5.502063273727648,0.0,0.0,NORTH WEST,27.0,714.3,2003,Q4
P85004,188,58,30.851063829787236,37.47980613893377,0.0,40.07,8.687877857024487,9.46506105470232,1.9784450669551903,5.21590062922422,0.0,0.0,NORTH WEST,33.8,619.9,3948,Q2
P85005,396,164,41.41414141414141,49.798840777361065,0.0,20.68,9.153796475164317,15.519871607629426,8.21142297822809,3.386153805454882,0.0,0.0,NORTH WEST,29.0,736.6,6933,Q3
P85010,890,252,28.314606741573037,40.521320818844934,0.0,27.59,9.551800150108434,13.248045486851456,6.841980573560768,4.074863776830134,0.0,0.0,NORTH WEST,32.0,599.6,8467,Q2
P85015,2255,737,32.68292682926829,56.13763869841666,0.0,51.75,8.942569853349745,9.759285481320118,4.426533056529791,2.6140943252369024,0.0,0.0,NORTH WEST,18.2,465.7,3381,Q2
P85016,3242,1516,46.76125848241826,48.95361352130642,1.0,13.53,9.546556623455045,7.03037086873426,9.278565346606571,7.049423363837173,0.0,0.0,NORTH WEST,24.1,466.7,6525,Q4
P85021,944,257,27.22457627118644,50.43553307642903,0.0,52.49,9.262149783152546,13.348841993021104,4.279124234813778,2.126901986849289,0.0,0.0,NORTH WEST,35.5,777.1,7550,Q2
P85026,1037,493,47.540983606557376,50.585521646557844,0.0,28.71,9.69553531830652,11.47435864552501,2.5936318544775543,3.939693955545068,0.0,0.0,NORTH WEST,30.6,502.9,7980,Q4
P85601,928,405,43.64224137931034,59.39250214440688,0.0,50.55,8.06905541902112,7.012966683190276,3.005557149938689,0.0,0.0,0.0,NORTH WEST,19.6,675.1,2053,Q4
P85610,954,351,36.79245283018868,58.90920966688439,0.0,31.37,8.920188585623475,18.35639020650939,1.425739044309296,10.0514602686627,0.0,0.0,NORTH WEST,22.4,442.7,3395,Q3
P85622,398,100,25.12562814070352,33.75479372457873,0.0,54.94,9.331989996806817,9.114320079100963,9.255993448196984,7.910096441784787,1.0,0.0,NORTH WEST,51.5,802.1,8723,Q1
P86003,2358,1124,47.66751484308736,48.72921555899536,0.0,19.63,9.304339086124635,11.16614957421469,5.049041547179257,3.0342797763735807,0.0,0.0,NORTH WEST,18.1,628.5,6647,Q4
P86004,972,223,22.94238683127572,44.88784264016841,0.0,29.01,9.086721591435964,23.739132070610868,3.0779095864059,1.810535050827,0.0,0.0,NORTH WEST,29.0,777.7,7045,Q1
P86007,866,165,19.05311778290993,54.56399356617647,0.0,41.66,9.528636514920777,13.267545188211471,3.607841235588638,6.051862718488974,0.0,0.0,NORTH WEST,30.5,663.3,9129,Q1
P86008,515,134,26.019417475728154,34.06755085504712,0.0,44.22,9.23284359773744,10.955764523062632,3.545966381109907,1.564396933130179,0.0,0.0,NORTH WEST,25.5,663.0,6906,Q1
P86009,417,121,29.01678657074341,39.151649570280014,0.0,33.81,9.234764655886709,19.569477992632173,6.089438629876308,6.805077785747395,0.0,0.0,NORTH WEST,25.7,640.8,6721,Q2
P86011,201,46,22.885572139303484,51.06154152559251,0.0,33.0,9.064524306994535,15.056210108949267,2.838465840837656,3.7023467479126095,0.0,0.0,NORTH WEST,29.4,679.5,5707,Q1
P86012,278,70,25.179856115107917,60.07444540047136,0.0,39.88,9.11241510915426,13.67571641269783,2.235170853813209,4.440931565538666,0.0,0.0,NORTH WEST,24.7,1061.9,9543,Q1
P86013,176,39,22.15909090909091,39.383226776983825,0.0,29.09,8.738762170408494,18.29010977217489,5.042600356828076,0.0,0.0,0.0,NORTH WEST,27.9,623.9,3761,Q1
P86016,700,169,24.142857142857142,59.13851924266305,0.0,38.2,9.084049371007154,18.84364097084992,3.086145438385825,8.441515463820048,0.0,0.0,NORTH WEST,26.7,611.9,5260,Q1
P86019,274,129,47.08029197080292,44.35653156789924,0.0,30.54,9.197491511107271,11.8040314690887,1.728736873417294,2.431036229192693,0.0,0.0,NORTH WEST,33.4,790.9,7810,Q4
P86619,284,33,11.619718309859154,57.44301067271578,0.0,48.16,8.788796693655328,4.7152075616076425,2.43890046237488,0.6503734556170926,0.0,0.0,NORTH WEST,38.5,745.1,4831,Q1
P87015,806,133,16.501240694789082,46.50089858104665,0.0,40.63,8.891328151598218,9.79546913693479,2.054480419150692,6.750435658992937,0.0,0.0,NORTH WEST,32.8,714.0,6252,Q1
P87022,136,26,19.11764705882353,31.607768691588785,0.0,40.54,7.680445042173936,13.052680183168508,7.388309539385078,1.4776619078770157,0.0,0.0,NORTH WEST,20.2,794.8,1739,Q1
P87025,298,113,37.91946308724832,56.354382332643205,0.0,28.39,9.231726711857554,16.183500008809567,5.14217661614761,5.168279034863044,0.0,0.0,NORTH WEST,27.9,521.3,5267,Q3
P87026,626,109,17.41214057507987,47.43735688583579,0.0,44.73,9.501684480979648,12.434381363373124,4.862161942872088,5.898360390816193,0.0,0.0,NORTH WEST,29.5,501.9,8845,Q1
P87027,336,113,33.63095238095238,28.33957033957034,0.0,35.5,9.842679841043134,15.25462604416382,5.526011663072694,3.868208164150886,0.0,0.0,NORTH WEST,26.7,508.7,9686,Q2
P87035,3830,1353,35.32637075718016,55.174867071070175,0.0,25.08,9.350587703777208,16.872967472893595,2.8971441407432628,5.029442226744986,0.0,0.0,NORTH WEST,24.5,287.9,3322,Q3
P87624,250,134,53.6,43.21869123131355,0.0,10.67,8.531720490696776,15.401294393376917,2.9961562469200693,2.3653865107263705,0.0,0.0,NORTH WEST,27.0,718.1,3669,Q4
P87627,171,33,19.29824561403509,26.4971620525889,0.0,12.91,8.138029157727443,7.324794234646667,4.052013829445284,2.8052403448107923,0.0,0.0,NORTH WEST,29.2,578.4,2002,Q1
P87648,155,47,30.32258064516129,56.93681796065893,0.0,43.23,8.817371855197301,6.518035701059181,4.858899340789571,3.436782460558477,0.0,0.0,NORTH WEST,26.9,499.4,4236,Q2
P88003,333,79,23.72372372372372,30.820058225115304,0.0,31.11,9.161745188796722,12.0656471994961,9.29418763411135,3.4713230912971977,0.0,0.0,NORTH WEST,29.7,585.1,5791,Q1
P88006,1331,397,29.82719759579264,33.82242431189739,0.0,14.28,9.334598693938403,22.420277159195447,2.6847810887788217,4.168475900998697,0.0,0.0,NORTH WEST,24.5,604.4,6952,Q2
P88011,2897,1172,40.45564376941664,33.8905193313768,0.0,34.41,9.272892546633146,14.31841310037105,5.2103392663566765,5.185289558968577,0.0,0.0,NORTH WEST,19.0,449.8,4789,Q3
P88013,4470,1542,34.49664429530201,54.67574931880109,0.0,20.54,9.444588703022498,18.44364595351904,4.34613482828416,1.0548870946431514,0.0,0.0,NORTH WEST,22.2,447.6,5568,Q3
P88014,1598,647,40.48811013767209,46.23856378387709,0.0,22.01,8.489684951999635,22.805454673473584,3.94709792366203,6.60590694305489,0.0,0.0,NORTH WEST,22.7,475.8,2325,Q3
P88016,4372,2366,54.11710887465691,46.89655172413793,0.0,19.92,9.531469309415986,15.516253430930476,2.2243444827794634,2.4371078686186096,0.0,0.0,NORTH WEST,28.5,431.4,5894,Q4
P88019,1380,423,30.65217391304348,38.776684504286784,0.0,22.93,8.645249204806246,17.59608193908823,3.37844773230494,6.80381834860771,0.0,0.0,NORTH WEST,21.3,554.0,2991,Q2
P88021,316,122,38.607594936708864,47.47446157013097,0.0,12.52,8.841990396456946,20.126949714905148,4.432399878590786,5.183980727732611,0.0,0.0,NORTH WEST,39.0,619.5,4260,Q3
P88023,1917,919,47.93948878455921,51.289559371266606,0.0,13.18,8.915387486665447,16.04512691990867,2.005640864484935,0.0,0.0,0.0,NORTH WEST,25.3,541.4,4084,Q4
P88024,3262,1710,52.42182709993869,41.06895024361435,0.0,9.26,9.236820004780562,17.945197438402854,0.0,4.59665638695017,0.0,0.0,NORTH WEST,22.1,460.0,4756,Q4
P88026,19571,8551,43.692197639364366,50.12820512820513,0.0,19.2,10.898897488862882,8.975669849029876,3.114259316415153,3.2128118261780108,0.0,0.0,NORTH WEST,21.8,323.2,17708,Q4
P88043,410,82,20.0,24.980529242361122,0.0,55.88,9.154263725755778,32.350867292694964,5.105062754900579,3.948667325483008,0.0,0.0,NORTH WEST,28.4,613.0,5805,Q1
P88606,205,66,32.19512195121951,40.71897025607532,0.0,16.07,8.65834547117212,20.886882018061826,0.0,3.05661688086141,0.0,0.0,NORTH WEST,27.3,680.2,3886,Q2
P88615,279,102,36.55913978494624,54.17996562730174,0.0,35.27,8.125729602943887,6.311014694803275,2.4455181914998527,0.0,0.0,0.0,NORTH WEST,36.9,638.6,2200,Q3
P88625,416,112,26.923076923076923,38.053598389531956,0.0,21.41,8.967079143742872,15.12524445200238,6.257971260096929,7.074228381090044,0.0,0.0,NORTH WEST,27.4,702.2,5429,Q1
P89002,2361,699,29.606099110546378,35.66497533364085,0.0,30.36,9.879643017726114,7.319123514817896,2.0209520148499007,10.377861698265376,0.0,0.0,NORTH WEST,24.4,526.4,10695,Q2
P89003,304,85,27.960526315789476,29.64200939785884,0.0,36.34,9.207569871013517,18.93237958351439,5.615536317144098,1.8718454383795164,0.0,0.0,NORTH WEST,29.0,682.6,6722,Q2
P89004,706,238,33.711048158640224,46.12375412457053,0.0,27.15,8.75685292984156,9.40077902765938,3.189550025836405,4.196776350116068,0.0,0.0,NORTH WEST,28.6,632.1,3911,Q2
P89005,2701,943,34.91299518696779,36.908014571948996,0.0,24.41,9.029956935812487,10.986685829091565,10.284048944248156,4.726829949098748,0.0,0.0,NORTH WEST,20.9,347.6,2914,Q3
P89008,4404,834,18.93732970027248,18.985564114743603,0.0,36.51,9.759650861302932,13.17892488070552,6.327731456311615,6.066000471115772,0.0,0.0,NORTH WEST,23.3,618.1,10469,Q1
P89012,1533,901,58.77364644487932,38.2325815376876,0.0,30.8,8.8378021740683,9.366457823846732,5.263794478821453,4.721933284307797,0.0,0.0,NORTH WEST,20.4,538.5,3664,Q4
P89013,1375,564,41.018181818181816,32.117410938283996,0.0,47.79,8.526367643795776,4.650471486466402,0.845540269185672,3.96347001800076,0.0,0.0,NORTH WEST,16.4,774.0,3880,Q3
P89015,8659,4661,53.82838664972861,57.55348632407791,0.0,26.2,9.93598297718952,8.544450584567233,2.7362893108051978,1.5488430062074727,0.0,0.0,NORTH WEST,21.4,536.5,11260,Q4
P89029,1216,464,38.1578947368421,34.93537457648387,0.0,25.89,8.840531941076053,10.884878897520023,4.902055388401043,2.894914600019299,0.0,0.0,NORTH WEST,38.5,918.4,7207,Q3
P89602,1141,460,40.31551270815074,33.52480105307246,0.0,22.36,8.258897306524693,10.83975659142894,12.153122439255965,3.314487937508092,0.0,0.0,NORTH WEST,21.9,612.0,2293,Q3
P89618,279,87,31.18279569892473,37.47636363636364,0.0,25.17,7.96958831614695,5.902017288760807,0.0,1.38328530259366,0.0,0.0,NORTH WEST,26.9,601.9,1917,Q2
P91004,473,133,28.118393234672304,48.60234186660544,0.0,7.68,9.04500375102147,8.333132792858336,3.0202628965815577,1.132598586218084,0.0,0.0,NORTH WEST,30.6,432.4,3695,Q2
P91008,104,35,33.65384615384615,40.81491712707182,0.0,6.17,8.733701444413493,16.939761624610757,3.221303554171588,3.8655642650059057,0.0,0.0,NORTH WEST,36.3,578.9,3597,Q2
P91013,5377,1915,35.61465501208853,48.39169576778906,0.0,23.33,9.35475091314406,18.003072639801502,2.538894860036208,5.79329645261571,0.0,0.0,NORTH WEST,27.9,436.0,4906,Q3
P91016,1140,377,33.07017543859649,36.647582336602234,0.0,8.49,9.152322765606607,5.312798050796567,4.210675051043837,0.0,0.0,0.0,NORTH WEST,27.0,435.7,4076,Q2
P91021,964,303,31.431535269709546,24.68122089478668,0.0,16.27,9.635668018439851,17.898709769893962,0.0,3.4856299463539764,0.0,0.0,NORTH WEST,27.2,487.0,7412,Q2
P91026,238,48,20.16806722689076,40.54132291214358,0.0,42.48,8.748265229052569,18.62507771578237,3.174729155918885,1.862507772530656,0.0,0.0,NORTH WEST,34.6,596.4,3993,Q1
P91629,4547,1691,37.18935561908951,32.73202323706813,0.0,26.05,9.630037062331072,14.687260377259284,2.1557673348669075,5.818819148209004,0.0,0.0,NORTH WEST,19.6,515.8,7810,Q3
P92001,138,39,28.26086956521739,28.24678206835331,0.0,18.38,8.63132512546115,15.225860173075208,4.377434800606655,0.0,0.0,0.0,NORTH WEST,20.7,623.5,3479,Q2
P92003,3560,1435,40.30898876404494,42.25731808685103,0.0,29.86,9.168354505975758,12.347696103801296,7.202822727130516,5.117063249960891,0.0,0.0,NORTH WEST,22.8,435.2,4204,Q3
P92014,3992,2490,62.37474949899799,41.57660521296885,0.0,9.76,9.506139412529912,17.656102764469573,3.650250458265139,2.777364479988097,0.0,0.0,NORTH WEST,26.8,412.5,5431,Q4
P92015,320,84,26.25,46.122802921655605,1.0,20.12,8.697136923424228,11.404864329449108,4.276824123961074,0.0,0.0,0.0,NORTH WEST,24.0,594.3,3636,Q1
P92016,1915,939,49.03394255874674,27.391808844385235,0.0,26.48,9.842325546771466,21.459862424422287,6.12328967359287,1.5166481371007392,0.0,0.0,NORTH WEST,21.8,573.4,11070,Q4
P92020,868,333,38.36405529953917,28.79123689370045,0.0,13.77,8.519922795987103,34.253041685393256,3.935908518050661,1.7020144950468716,0.0,0.0,NORTH WEST,25.5,515.9,2586,Q3
P92021,355,211,59.436619718309856,29.942117807286348,0.0,34.06,8.698931244671776,6.937380138414075,5.692209345451513,2.5348119736512964,0.0,0.0,NORTH WEST,29.5,666.1,4046,Q4
P92023,1601,546,34.10368519675203,39.879749519746525,0.0,29.27,9.1010926814041,17.60905736291724,2.736542698803692,2.141642111525269,0.0,0.0,NORTH WEST,22.2,513.4,4459,Q3
P92024,590,320,54.23728813559322,22.832869873661622,0.0,22.1,8.533427367854985,18.680922238693388,6.349414580040012,4.565281558492671,0.0,0.0,NORTH WEST,23.6,737.2,3851,Q4
P92028,282,184,65.2482269503546,47.89375389084872,0.0,23.61,8.47677042275029,19.547750031063984,4.165003557607205,1.777068185967409,0.0,0.0,NORTH WEST,26.0,461.2,2200,Q4
P92615,551,295,53.53901996370236,33.40602850689306,0.0,32.47,8.493924564476883,12.118730808597748,5.731832139201638,3.3845104073694987,0.0,0.0,NORTH WEST,22.4,571.6,2793,Q4
P92621,101,24,23.76237623762376,18.184624884223524,0.0,30.22,8.349681426275762,6.810388996177039,9.080518661569386,0.0,0.0,0.0,NORTH WEST,23.7,508.2,2234,Q1
P92634,415,174,41.9277108433735,22.99575821845175,0.0,26.42,8.476683648078028,8.997188378631678,4.165364990107258,4.220903190669583,0.0,0.0,NORTH WEST,23.8,433.1,2039,Q4
P92639,417,108,25.899280575539567,26.443795878659238,0.0,22.7,8.023470475549908,8.825537262226591,6.116708989923814,6.903143003194889,0.0,0.0,NORTH WEST,22.3,462.0,1422,Q1
P92642,1950,790,40.51282051282051,39.24476435056245,0.0,20.13,8.58793120592158,24.74611012764372,10.335724712568712,4.869716452063729,0.0,0.0,NORTH WEST,21.1,525.0,2840,Q3
P92646,287,88,30.662020905923345,30.331899200983404,0.0,12.73,8.17402189947946,7.27631486129055,0.0,0.0,0.0,0.0,NORTH WEST,25.7,528.0,1894,Q2
P92647,2386,930,38.97736797988265,60.60757102757155,0.0,22.37,8.731793687866427,31.069632340173747,0.0,1.7213092697883328,1.0,0.0,NORTH WEST,28.1,416.3,2674,Q3
Y00078,506,112,22.134387351778656,32.67421699192091,0.0,25.05,8.562596674870088,8.40938410817526,4.586936786277414,1.6309108586172296,0.0,0.0,MIDLANDS,29.6,575.7,3187,Q1
Y00184,183,30,16.39344262295082,25.288559617759166,0.0,43.86,9.166388484447,7.021386275862069,3.761755485893417,3.510971786833856,0.0,0.0,NORTH EAST AND YORKSHIRE,38.8,610.2,5960,Q1
Y00228,506,78,15.41501976284585,43.30612244897959,0.0,43.02,7.820506420557759,6.636783303672979,2.783167193416739,1.0704489168394995,0.0,0.0,MIDLANDS,18.8,549.0,1372,Q1
Y00278,877,484,55.18814139110604,28.174835100609503,0.0,39.15,8.19549461815364,4.414300494309691,3.3842970437981377,5.444303944821244,0.0,0.0,MIDLANDS,24.7,630.7,2379,Q4
Y00411,3265,1464,44.83920367534456,33.66091884722055,1.0,42.2,9.367237277471466,16.882943334971685,4.741247283684155,4.171385831819639,0.0,0.0,NORTH EAST AND YORKSHIRE,25.6,463.5,5412,Q4
Y01108,193,154,79.79274611398964,44.348497274349945,0.0,19.95,8.225837713598148,3.2117765138842422,6.780417086651054,0.0,0.0,0.0,NORTH WEST,27.0,636.7,2510,Q4
Y01756,373,60,16.0857908847185,32.10428506019554,0.0,20.34,8.729437561861447,16.120128862469166,0.7764163532694407,0.0862684847749605,0.0,0.0,MIDLANDS,23.7,626.6,3948,Q1
Y01812,238,57,23.949579831932773,43.405934259283946,0.0,20.06,9.318312474470495,6.439161593034217,6.3912867850570745,3.710297572448048,0.0,0.0,MIDLANDS,28.2,606.5,6890,Q1
Y02212,768,289,37.630208333333336,45.98910150804714,0.0,29.38,7.920779419813599,10.45783278361122,2.1302992683148245,1.4524767755015584,0.0,0.0,MIDLANDS,23.4,766.3,2036,Q3
Y02274,187,75,40.10695187165776,32.221393961982855,0.0,38.22,8.261655572291025,9.916074887023886,4.33828276307295,17.972885732730795,0.0,0.0,NORTH WEST,27.3,687.3,2633,Q3
Y02378,409,58,14.180929095354523,39.83683215600438,0.0,20.25,8.748225544150685,4.7834484228907055,8.804931607270419,9.524565441701723,0.0,0.0,NORTH WEST,29.0,747.3,4756,Q1
Y02520,1169,727,62.18990590248075,45.99866294388297,0.0,48.89,8.633374945705647,6.267806267806268,9.686609686609687,7.122507122507122,0.0,0.0,NORTH WEST,25.9,411.6,2213,Q4
Y02586,1526,667,43.70904325032765,26.911733726564147,0.0,51.17,8.534410781033301,4.298679598309361,3.14537531535664,2.830837783820976,0.0,0.0,NORTH WEST,25.0,512.6,2652,Q4
Y02657,246,63,25.60975609756097,43.470144547312124,0.0,39.93,9.021145246239056,9.859610615919044,4.543120374565776,2.384332679655641,0.0,0.0,NORTH WEST,23.9,875.0,7426,Q1
Y02663,1064,368,34.58646616541353,48.96230198516142,0.0,26.95,8.390022479087131,3.0282956388757447,9.08488691208479,2.7860319848585218,0.0,0.0,NORTH WEST,18.7,427.2,1875,Q3
Y02713,1648,424,25.728155339805824,28.084836045545618,0.0,29.48,8.460058306711241,3.0493400155290464,2.992870757393944,1.6093738970847746,0.0,0.0,NORTH WEST,21.6,458.0,2051,Q1
Y02718,129,30,23.25581395348837,44.23035210758441,0.0,36.78,8.35727871053311,19.90104237967653,4.380732597735318,4.255568812312989,0.0,0.0,NORTH WEST,26.8,776.3,3620,Q1
Y02720,181,26,14.3646408839779,31.877383607972945,0.0,45.54,8.362584073188819,14.2865480011672,8.092597994747594,7.470090458126641,0.0,0.0,NORTH WEST,29.2,647.8,3044,Q1
Y02721,197,63,31.97969543147208,40.9213817346042,0.0,48.81,8.467652745856102,25.527145357618217,11.43257443082312,19.91397548301226,0.0,0.0,NORTH WEST,34.6,656.5,3389,Q2
Y02736,1796,1272,70.82405345211582,63.05900037579857,0.0,42.59,8.85686269228879,9.24278204369341,1.2151562268449845,3.8733104700423646,0.0,0.0,MIDLANDS,25.1,512.9,3669,Q4
Y02757,3602,1639,45.50249861188229,51.80212830775372,0.0,37.03,9.506771559060212,11.792374509497789,8.762995179361361,1.4869335712427048,0.0,0.0,MIDLANDS,22.6,523.7,7087,Q4
Y02790,133,19,14.285714285714286,46.66070504071163,0.0,45.07,8.922580518721777,7.040547598146523,2.2401742357738934,6.6138477437134,0.0,0.0,NORTH WEST,40.1,564.3,4318,Q1
Y02875,1304,599,45.93558282208589,17.34063995968758,0.0,54.35,8.494862370931225,6.708138048572646,4.363016618321262,6.271836385513423,1.0,0.0,NORTH WEST,22.1,386.1,1890,Q4
Y02885,360,105,29.166666666666668,40.69638030632254,0.0,46.61,8.28861825010482,10.72475911018014,2.1449518240469208,0.0,0.0,0.0,NORTH WEST,30.1,559.3,2415,Q2
Y02890,148,39,26.35135135135135,61.30925604609815,0.0,34.05,8.802083871554995,17.18791130325783,9.707058426363488,8.263033206061898,0.0,0.0,NORTH WEST,28.9,901.5,5867,Q1
Y03124,1407,617,43.85216773276475,42.459558184032005,0.0,38.12,8.661942675302436,8.41427644386762,5.076068931862427,4.706900281202683,0.0,0.0,MIDLANDS,27.7,736.0,4039,Q4
Y04266,130,40,30.76923076923077,38.050617655920455,0.0,36.39,8.3019971415482,9.920839964450323,0.0,3.9683359857801297,0.0,0.0,NORTH EAST AND YORKSHIRE,28.2,789.7,3105,Q2
Y04965,1527,694,45.44859201047806,50.50014545617294,0.0,34.44,10.048204589432592,7.47590771926409,2.953445024606033,0.8652670971370475,0.0,0.0,MIDLANDS,36.9,508.6,11054,Q4
Y05364,347,146,42.07492795389049,36.95465928562014,0.0,40.18,8.15166969040102,5.918808553447034,6.456882056209466,5.765073264472736,0.0,0.0,NORTH EAST AND YORKSHIRE,31.2,839.4,3110,Q4
Y06356,1801,779,43.25374791782343,45.21883485038196,0.0,37.25,9.203726884330855,6.039812430269526,6.952495196839164,6.281404926473672,0.0,0.0,MIDLANDS,28.6,643.4,6003,Q4
Y06443,2586,664,25.67672080433101,24.68775233219372,0.0,22.28,9.464349314937811,4.633424261354088,6.226163850758232,1.6547943793874675,0.0,0.0,MIDLANDS,29.9,642.1,8201,Q1
A81002,602,182,30.232558139534884,28.217931326425568,0.0,31.29,9.837926286350871,9.95150598442853,6.919072830004007,5.5381056194332,0.0,0.0,NORTH EAST AND YORKSHIRE,40.7,1051.0,19615,Q2
A81006,873,170,19.47308132875143,33.2715793060125,0.0,34.17,9.592713114193748,11.216037204859829,7.695675162458568,4.511885202085382,0.0,0.0,NORTH EAST AND YORKSHIRE,31.6,712.8,10384,Q1
A81020,400,130,32.5,28.737170905845606,0.0,34.04,8.978271693274763,16.325054916287428,6.995491186479868,5.650204420528236,0.0,0.0,NORTH EAST AND YORKSHIRE,27.1,1625.9,12672,Q2
A81027,1647,378,22.950819672131143,43.66755754806449,0.0,9.34,9.604716445598656,11.382411594977953,4.94340364620959,4.85352357947364,0.0,0.0,NORTH EAST AND YORKSHIRE,31.0,562.2,8010,Q1
A81037,105,52,49.523809523809526,39.23913043478261,0.0,48.37,8.832368828176941,9.554469171835096,5.992946613644655,3.5023713973002555,0.0,0.0,NORTH EAST AND YORKSHIRE,31.2,973.8,6012,Q4
A81038,849,411,48.40989399293287,53.371024734982335,0.0,48.02,8.244246463008217,10.300429184549357,3.3634054480161164,5.045108172024174,0.0,0.0,NORTH EAST AND YORKSHIRE,23.6,681.8,2531,Q4
A81040,343,116,33.819241982507286,37.808887184263874,0.0,24.82,9.052574833078117,13.824639463731632,3.7468532287336807,3.122377689830806,0.0,0.0,NORTH EAST AND YORKSHIRE,22.7,652.0,5543,Q2
A81041,136,83,61.02941176470589,42.366264766281034,0.0,36.94,9.150457662374803,7.417827913470472,5.322716213934971,4.445034283742534,0.0,0.0,NORTH EAST AND YORKSHIRE,30.5,1054.2,9904,Q4
A81045,256,86,33.59375,36.469578017664375,0.0,32.09,8.725209568449763,15.724070715001217,4.678235915206974,9.399788828545905,0.0,0.0,NORTH EAST AND YORKSHIRE,24.8,469.0,2942,Q2
A81048,265,118,44.528301886792455,34.066473734982026,1.0,16.79,8.848389630698978,13.942315516407763,7.621053638430791,11.565619091888273,0.0,0.0,NORTH EAST AND YORKSHIRE,23.7,755.3,5390,Q4
A81051,280,115,41.07142857142857,34.6986346986347,0.0,30.96,8.899025680497857,9.101458507815876,4.805570092607341,4.150265079979067,0.0,0.0,NORTH EAST AND YORKSHIRE,28.1,791.3,5736,Q3
A81054,223,69,30.94170403587444,35.70090247634513,0.0,29.99,9.05682976503634,8.30135149461248,12.933940906891564,2.829299572690264,0.0,0.0,NORTH EAST AND YORKSHIRE,25.6,929.0,7860,Q2
A81058,2101,986,46.930033317467874,56.37020816294225,0.0,28.12,9.13658618338752,12.301288261384432,8.712814440736354,3.70330498439014,0.0,0.0,NORTH EAST AND YORKSHIRE,23.8,595.6,5493,Q4
A81060,1480,471,31.824324324324323,55.2673307582842,0.0,36.76,8.73122872369972,5.166846071044134,8.783638320775028,7.534983852529601,0.0,0.0,NORTH EAST AND YORKSHIRE,22.5,831.0,5218,Q2
A81611,585,189,32.30769230769231,70.89520535087979,0.0,26.45,9.115480090952223,15.055891515118196,6.802272310060472,5.497526113249038,0.0,0.0,NORTH EAST AND YORKSHIRE,28.5,628.2,6097,Q2
A82008,3544,1453,40.99887133182844,31.636495951969437,0.0,28.47,9.392571646917077,18.40166126191948,4.222603429754075,2.4668893719571905,0.0,0.0,NORTH WEST,23.9,570.6,6866,Q3
A82010,178,56,31.46067415730337,30.29645328498838,0.0,22.0,8.816952045093467,9.958998172207677,8.220125474485007,7.350689127105666,0.0,0.0,NORTH WEST,27.5,659.5,4409,Q2
A82015,691,194,28.075253256150507,37.60372648285288,0.0,28.02,9.480507448506694,0.0,2.340639350218163,0.6513083415806947,1.0,0.0,NORTH EAST AND YORKSHIRE,37.3,656.3,8770,Q2
A82021,4103,1645,40.09261515963929,28.03448275862069,1.0,13.26,9.808993706107694,13.35043048378824,7.107528851804359,2.769738047261403,0.0,1.0,NORTH EAST AND YORKSHIRE,22.4,630.6,11303,Q3
A82022,104,25,24.03846153846154,36.75002347344371,1.0,13.59,8.538758969330798,25.419194885496186,4.384419651595225,8.246884584067331,0.0,1.0,NORTH EAST AND YORKSHIRE,29.6,664.7,3452,Q1
A82027,842,250,29.69121140142518,38.853001148026934,0.0,12.21,9.209389920440188,14.643244416195389,1.5748294219508532,9.72924278064161,0.0,1.0,NORTH WEST,28.4,598.4,5990,Q2
A82035,1116,416,37.27598566308244,34.36524152820078,0.0,14.64,9.586410997674893,16.394905771171604,6.572608790635407,9.813142928838694,0.0,0.0,NORTH EAST AND YORKSHIRE,24.6,579.3,8306,Q3
A82045,871,204,23.421354764638348,45.83748753738784,1.0,22.17,9.10960801872204,13.330752712693892,10.912341820997042,5.308706832195096,0.0,0.0,NORTH EAST AND YORKSHIRE,24.1,632.7,5837,Q1
A82053,3185,957,30.047095761381478,35.59011287579245,1.0,11.69,8.92873976984027,25.61693597720572,1.4135992658118808,6.961976389358249,0.0,0.0,NORTH WEST,22.7,578.9,4323,Q2
A82055,119,25,21.008403361344534,48.799160068244454,1.0,25.2,8.865276331286266,19.938574506301407,6.777985667384474,4.593968064390864,0.0,0.0,NORTH EAST AND YORKSHIRE,27.3,732.6,5392,Q1
A82631,223,84,37.66816143497758,57.365950086483814,1.0,14.7,8.228154643812331,29.240704065511025,5.340572776430272,19.08364672200093,0.0,1.0,NORTH EAST AND YORKSHIRE,22.3,752.5,2812,Q3
A83007,398,130,32.663316582914575,32.54807007548782,1.0,40.83,9.226361348030364,20.28571897357673,12.963965294493924,8.791352983319392,0.0,0.0,NORTH EAST AND YORKSHIRE,23.7,680.7,6998,Q2
A83020,207,84,40.57971014492754,38.315255301339285,1.0,31.29,9.513625087655372,16.171306210588497,9.66797115410175,4.213738954441409,0.0,0.0,NORTH EAST AND YORKSHIRE,35.4,1014.8,13745,Q3
A83023,4276,1776,41.53414405986904,39.3969692641311,0.0,37.67,9.425828024879475,15.048100178427475,9.652281400010748,4.729402913150966,0.0,0.0,NORTH EAST AND YORKSHIRE,25.7,620.4,7788,Q4
A83024,184,63,34.23913043478261,35.30981799774511,1.0,27.07,8.610000241002444,17.863811042150832,5.83276372750057,9.478241057188423,0.0,1.0,NORTH EAST AND YORKSHIRE,25.7,983.7,5418,Q3
A83029,126,50,39.68253968253968,34.46748956086817,1.0,18.86,8.580480930652156,20.67584480538173,12.916145181476848,4.856070086357947,0.0,0.0,NORTH EAST AND YORKSHIRE,31.3,784.7,4143,Q3
A83031,279,89,31.899641577060933,29.429300065478856,0.0,15.31,9.355608864567426,7.241360025943702,7.241175538548017,2.5367175457257747,0.0,0.0,NORTH EAST AND YORKSHIRE,25.5,670.6,7910,Q2
A83037,2546,1482,58.208955223880594,56.947241240434956,0.0,28.19,9.486689721010336,16.15201299999368,11.004001339595566,9.405993792549795,0.0,1.0,NORTH EAST AND YORKSHIRE,24.8,651.5,8416,Q4
A83038,343,144,41.98250728862974,42.62951273958895,1.0,19.23,8.717245513907045,16.811265145726452,6.811483462504094,2.532474619583015,0.0,0.0,NORTH EAST AND YORKSHIRE,35.9,682.5,4263,Q4
A83045,602,207,34.38538205980066,46.29551244679067,0.0,42.69,9.608903941382076,7.618621407681722,11.929157202984973,10.34671798234524,0.0,0.0,NORTH EAST AND YORKSHIRE,26.6,618.4,9229,Q3
A83047,1029,541,52.57531584062196,27.30397148676171,0.0,31.34,9.62042811256979,17.571916785560237,9.254896755698596,6.989835982613889,0.0,0.0,NORTH EAST AND YORKSHIRE,26.3,552.1,8187,Q4
A83048,235,66,28.08510638297872,36.211263065800985,1.0,13.44,8.734948921118017,8.922610827781279,9.60896550906873,4.203922409212166,0.0,1.0,NORTH EAST AND YORKSHIRE,27.5,564.2,3543,Q2
A83049,199,71,35.678391959798994,36.242290106458725,0.0,22.52,9.681192599393952,15.894839279361792,11.10723708601552,8.880213714190557,0.0,0.0,NORTH EAST AND YORKSHIRE,34.5,626.0,10424,Q3
A83052,187,43,22.994652406417117,29.865615012242305,0.0,26.66,9.069295106494067,12.19030072658184,4.145316368242271,8.659105302550522,0.0,0.0,NORTH EAST AND YORKSHIRE,31.8,784.6,6732,Q1
A83054,3395,1298,38.232695139911634,44.98192346128975,1.0,21.25,9.724475513242655,16.616914925422225,8.44018080064586,6.5144047486581975,0.0,0.0,NORTH EAST AND YORKSHIRE,23.8,539.6,9215,Q3
A83616,139,44,31.654676258992804,29.89962518264405,1.0,39.98,9.043065050720797,10.906655108948344,13.365380827061744,4.539185941132432,0.0,0.0,NORTH EAST AND YORKSHIRE,29.1,807.4,7062,Q2
A84005,3963,1227,30.96139288417865,50.871258971317026,0.0,23.01,9.445768162123612,13.618554665138882,9.988541625508711,4.952125066972223,0.0,0.0,NORTH EAST AND YORKSHIRE,22.5,360.5,4658,Q2
A84013,2226,512,23.000898472596585,21.42162987644037,0.0,31.5,8.75135580921288,14.03204494362464,4.13551186295842,7.7646345151718945,0.0,1.0,NORTH EAST AND YORKSHIRE,25.0,737.5,4643,Q1
A84014,370,136,36.75675675675676,32.31589479310865,0.0,32.24,9.513021888218123,15.441047173835411,5.043775935672154,2.915932962602667,0.0,0.0,NORTH EAST AND YORKSHIRE,29.3,941.8,13275,Q3
A84027,105,22,20.952380952380956,31.788419566054692,1.0,23.59,8.14325097488023,21.511106807490133,5.968847655822292,17.003870567088974,0.0,0.0,NORTH EAST AND YORKSHIRE,24.0,729.9,2516,Q1
A84028,10892,3548,32.57436650752846,34.770706876504896,0.0,33.74,9.87817829152386,12.251519216416954,9.599917949419234,7.958906334133895,0.0,0.0,NORTH EAST AND YORKSHIRE,22.9,469.3,9402,Q2
A84039,267,88,32.95880149812734,23.504294240380418,0.0,13.62,8.852593425076115,14.95697771612442,3.3559766406864497,11.05946847765463,0.0,1.0,NORTH EAST AND YORKSHIRE,39.3,891.5,6491,Q2
A85001,220,78,35.45454545454545,45.217896878881575,0.0,20.14,8.933048577591002,23.24169782361997,6.29865845700462,5.506927644160986,0.0,0.0,NORTH EAST AND YORKSHIRE,60.8,1035.3,7676,Q3
A85004,1867,983,52.651312265666846,40.04899792439348,0.0,31.31,9.24187941289752,18.75066413694537,4.728491259235335,4.702652509830838,0.0,0.0,NORTH EAST AND YORKSHIRE,22.3,509.9,5091,Q4
A85010,257,79,30.739299610894943,40.95969971340891,0.0,21.21,9.346407089613066,10.636798045835729,4.654850136227098,4.282462125084551,0.0,0.0,NORTH EAST AND YORKSHIRE,25.3,813.1,9373,Q2
A85018,158,64,40.50632911392405,43.90940624362375,0.0,26.14,8.46779284112111,18.49127968270645,5.491349724732086,2.7456748602647614,0.0,0.0,NORTH EAST AND YORKSHIRE,43.3,987.3,4660,Q3
A86005,112,41,36.60714285714285,48.31557909051573,0.0,22.34,8.703036317975986,17.257342153513992,2.3029866847510174,8.304038530738783,0.0,0.0,NORTH EAST AND YORKSHIRE,35.1,820.2,4919,Q3
A86012,2023,668,33.02026693030153,36.398222088292904,0.0,42.96,9.418302601294728,10.228563692432653,6.411263030188168,8.880465684310275,0.0,0.0,NORTH EAST AND YORKSHIRE,22.0,437.5,5466,Q2
A86020,9763,3527,36.12619072006555,48.2219588973871,0.0,10.63,9.950212092708997,15.43731509289009,3.1938921587402573,4.3645617938603465,1.0,0.0,NORTH EAST AND YORKSHIRE,30.2,500.6,13671,Q3
A86031,1602,843,52.62172284644195,38.82312952373336,0.0,34.52,9.262205169691258,11.045605595467924,5.089090736462321,2.911668828686268,0.0,0.0,NORTH EAST AND YORKSHIRE,25.0,641.1,6940,Q4
A86033,1143,893,78.12773403324584,43.675518043911055,0.0,5.23,9.003644152040573,13.771620625870971,2.459217968685958,4.918435937371916,0.0,0.0,NORTH EAST AND YORKSHIRE,30.5,561.5,4478,Q4
A86037,176,41,23.295454545454547,27.435300207039337,0.0,51.56,8.99755960769752,9.479257731958764,4.453608247422681,4.453608247422681,0.0,0.0,NORTH EAST AND YORKSHIRE,25.8,749.6,6399,Q1
A86040,2044,954,46.67318982387476,63.580642063822296,0.0,57.12,8.806835840680652,15.055254064897635,4.590990180770239,4.111930335716157,0.0,0.0,NORTH EAST AND YORKSHIRE,27.3,988.7,6563,Q4
A86041,140,55,39.285714285714285,34.312816709924604,0.0,13.44,8.810397488281321,14.690650522730383,6.523874048456671,4.017751700955957,0.0,0.0,NORTH EAST AND YORKSHIRE,29.5,816.3,5488,Q3
A87005,105,27,25.714285714285715,25.52077322562031,0.0,12.36,9.511321123696742,12.650684143528512,3.907685855608047,3.966893217056653,0.0,0.0,NORTH EAST AND YORKSHIRE,28.0,608.5,8430,Q1
A87009,360,114,31.666666666666668,33.13999577211711,0.0,20.9,9.648401735787337,14.529779957411112,3.407111053752339,16.96672474414403,0.0,0.0,NORTH EAST AND YORKSHIRE,31.1,619.9,9576,Q2
A87011,146,56,38.35616438356164,44.71007765023633,0.0,7.62,8.781491481885066,8.598738339880487,3.777712376297168,10.441325125462248,0.0,0.0,NORTH EAST AND YORKSHIRE,27.6,722.3,4516,Q3
A87012,112,58,51.785714285714285,34.296546777333745,1.0,21.8,8.930681582293271,15.24854229771287,3.1038853669881505,5.008542298594654,0.0,0.0,NORTH EAST AND YORKSHIRE,33.0,1094.5,8106,Q4
A87013,207,84,40.57971014492754,48.57096034087184,0.0,32.76,9.143737499308234,10.918086009192292,8.04532012648306,6.299212598068906,0.0,0.0,NORTH EAST AND YORKSHIRE,26.1,783.0,7340,Q3
A87017,195,78,40.0,44.24404311649017,1.0,14.15,8.774622220696997,12.286951144094,8.658008658008658,7.915893630179345,0.0,0.0,NORTH EAST AND YORKSHIRE,32.3,986.0,6783,Q3
A87020,135,32,23.703703703703702,27.69377162629758,0.0,11.46,9.40373236914006,18.451487947089,2.9449942657774906,15.58209652383536,1.0,0.0,NORTH EAST AND YORKSHIRE,27.1,582.6,7762,Q1
A87029,773,260,33.63518758085382,42.792594996722606,0.0,29.35,9.94199086098028,15.169083596329102,5.606584850834534,5.2088637280742205,0.0,0.0,NORTH EAST AND YORKSHIRE,30.4,752.3,15952,Q2
A87030,107,19,17.757009345794394,45.41849128315294,0.0,43.53,8.719929932952784,24.157746480506223,7.881880654827516,1.4805742657685244,0.0,0.0,NORTH EAST AND YORKSHIRE,27.9,813.9,5123,Q1
A87612,350,223,63.71428571428572,57.39790225396117,0.0,16.49,8.774209849557133,15.22045782584038,4.207053000618685,1.237368529593731,0.0,0.0,NORTH EAST AND YORKSHIRE,37.7,741.5,4868,Q4
A87615,145,57,39.310344827586206,45.18120216180626,0.0,17.26,8.588955557643128,16.78530652643336,3.971208737900224,4.566890048399106,0.0,0.0,NORTH EAST AND YORKSHIRE,33.5,798.1,4450,Q3
A88001,483,182,37.68115942028985,50.137990318056374,0.0,26.27,8.206356212386856,14.555378669092566,3.7843984516715934,5.094382531726177,0.0,0.0,NORTH EAST AND YORKSHIRE,26.1,515.6,1879,Q3
A88004,347,112,32.27665706051873,40.26941686922151,0.0,31.63,9.118371271212778,14.802514252667738,8.69755883715831,6.577985674608975,0.0,0.0,NORTH EAST AND YORKSHIRE,29.7,637.7,5730,Q2
A88006,107,38,35.51401869158879,34.61721028005696,0.0,38.93,8.967536058302487,9.96058684259171,9.45065918857762,0.6799035395353284,0.0,0.0,NORTH EAST AND YORKSHIRE,21.3,924.4,7161,Q3
A88008,183,69,37.704918032786885,29.092376550003667,0.0,39.79,8.777773814859342,9.08285277712847,8.630765081362942,2.712526168428353,0.0,0.0,NORTH EAST AND YORKSHIRE,26.7,752.5,4755,Q3
A88012,936,242,25.85470085470085,48.33818680657505,0.0,26.47,8.719031386903112,13.577738734115147,4.794399271033384,2.615126874514772,0.0,0.0,NORTH EAST AND YORKSHIRE,25.5,597.3,3615,Q1
A88013,519,385,74.18111753371869,54.540665249695714,0.0,31.96,9.859222136238111,13.697919933103377,7.414375805372636,3.135779241141424,0.0,0.0,NORTH EAST AND YORKSHIRE,32.7,807.3,15614,Q4
A88022,1698,1309,77.0906949352179,32.44343979577918,0.0,25.66,9.3173170808898,11.737175120143169,5.942388187706384,4.408868654351585,0.0,0.0,NORTH EAST AND YORKSHIRE,30.2,518.2,5781,Q4
A88613,433,164,37.87528868360277,21.798376075247205,0.0,34.65,8.358021594520983,7.785659846397373,5.565652421879579,3.752125227179457,0.0,0.0,NORTH EAST AND YORKSHIRE,24.7,665.9,2774,Q3
A89001,2655,1180,44.44444444444444,29.044450691906412,0.0,42.84,9.509530966610832,12.46096433754294,7.82937498455379,10.604359420705336,0.0,0.0,NORTH EAST AND YORKSHIRE,21.5,725.1,9894,Q4
A89004,2568,858,33.41121495327103,54.15628734755,0.0,36.62,9.378246017035776,15.555978273201868,5.072601610551011,4.1031710810982185,0.0,0.0,NORTH EAST AND YORKSHIRE,25.3,939.6,11180,Q2
A89007,302,83,27.483443708609272,34.70403122307976,0.0,35.08,9.22977528461479,10.051800089248497,5.518368681623146,3.4260961961505454,0.0,0.0,NORTH EAST AND YORKSHIRE,31.5,949.6,9498,Q2
A89008,844,271,32.10900473933649,53.78505956692225,0.0,45.19,8.615015365035763,8.329111629537831,3.4821509536620017,3.288698124112082,0.0,0.0,NORTH EAST AND YORKSHIRE,22.3,653.1,3545,Q2
A89011,564,337,59.751773049645394,27.531712250832314,0.0,26.88,8.469035327302986,18.06313506637052,6.995575300022736,5.036814215009008,0.0,0.0,NORTH EAST AND YORKSHIRE,34.2,723.6,3510,Q4
A89012,972,334,34.36213991769547,38.91801926532536,0.0,29.28,9.340483740055085,12.239129638935022,3.699178366537653,0.9833258949802092,0.0,0.0,NORTH EAST AND YORKSHIRE,17.5,702.2,8185,Q3
A89015,229,77,33.624454148471614,48.90183346065699,0.0,13.82,9.13034974627969,10.799259761137442,7.828481155856466,9.850598059851048,0.0,0.0,NORTH EAST AND YORKSHIRE,25.9,748.6,6871,Q2
A89019,553,258,46.65461121157324,53.534080523353694,0.0,48.09,9.616788330262168,19.96223713348541,8.986718616027574,6.2871509688806,0.0,0.0,NORTH EAST AND YORKSHIRE,27.8,801.1,11806,Q4
A89020,1470,529,35.98639455782313,62.53912074587491,0.0,37.2,9.073651619179426,13.22997258099342,9.874939094478783,4.524739893569253,0.0,0.0,NORTH EAST AND YORKSHIRE,20.5,518.6,4433,Q3
A89022,238,65,27.310924369747895,38.05779569892473,0.0,29.25,8.557823167502132,23.044424531430035,20.79119190756625,9.064140314940468,0.0,0.0,NORTH EAST AND YORKSHIRE,25.2,835.2,4338,Q2
A89027,163,58,35.58282208588957,57.03833923631757,0.0,38.01,8.765549545201852,14.16628746018332,6.240655268803224,6.240655268803224,0.0,0.0,NORTH EAST AND YORKSHIRE,33.6,756.3,4826,Q3
A89028,132,62,46.96969696969697,39.16183526589364,0.0,23.07,8.9071836264418,17.649145771739377,6.860908618113701,5.416506804486674,0.0,0.0,NORTH EAST AND YORKSHIRE,21.2,924.4,6961,Q4
A89035,227,67,29.515418502202643,35.83731224990818,0.0,26.4,9.242872096978669,9.378420238125967,10.144553433144038,2.5813113054981933,0.0,0.0,NORTH EAST AND YORKSHIRE,27.9,773.1,8357,Q2
B81005,4763,2473,51.92105815662398,51.54099167346516,1.0,17.21,9.739330026369842,10.338495379886677,10.338495379886677,15.497612662889235,0.0,1.0,NORTH EAST AND YORKSHIRE,20.9,360.8,6091,Q4
B81016,727,142,19.53232462173315,56.776077591902535,0.0,37.76,9.237574467707727,11.357894139628424,9.679433635707507,10.38008969078686,0.0,0.0,NORTH EAST AND YORKSHIRE,24.0,678.2,6871,Q1
B81022,3770,1124,29.814323607427056,36.66126793151319,0.0,19.0,9.458319615075345,13.76583513253388,10.21772494394298,1.9145227997294687,0.0,0.0,NORTH EAST AND YORKSHIRE,19.9,583.2,7402,Q2
B81025,8927,2575,28.845076733505092,35.23915210562943,1.0,21.61,10.430380896330949,18.665662923693475,7.329283922859484,16.00728204881433,0.0,1.0,NORTH EAST AND YORKSHIRE,24.3,410.7,13801,Q2
B81027,1438,698,48.53963838664812,40.66896663252655,0.0,43.56,8.99130296224557,15.705378909694486,3.9836091083562426,3.0209035730068985,0.0,0.0,NORTH EAST AND YORKSHIRE,25.1,516.3,4077,Q4
B81029,283,101,35.68904593639576,30.314949949814178,1.0,12.84,9.367942232479672,18.997181173656784,5.125138805842658,6.879075197744939,0.0,1.0,NORTH EAST AND YORKSHIRE,27.6,457.9,5454,Q3
B81032,187,62,33.155080213903744,45.4383406255064,0.0,44.88,8.598696370543497,3.4411245091020817,1.966356861817344,0.0,0.0,0.0,NORTH EAST AND YORKSHIRE,32.4,945.9,5578,Q2
B81034,186,62,33.333333333333336,50.67839975189952,1.0,14.83,9.346937892555852,12.431159315227822,9.25823616614812,7.118141374196738,0.0,1.0,NORTH EAST AND YORKSHIRE,31.1,861.3,9890,Q2
B81037,6283,1764,28.07575998726723,28.409765462192304,0.0,14.45,9.58914774345746,14.068205288448922,5.988645764528,17.2538727077283,0.0,1.0,NORTH EAST AND YORKSHIRE,20.3,97.5,1423,Q2
B81039,13239,7037,53.15356144723922,39.09890355977021,0.0,31.2,10.45404577764905,13.522922156876408,8.910822103201967,22.78441328781177,0.0,1.0,NORTH EAST AND YORKSHIRE,23.1,336.1,11697,Q4
B81040,285,129,45.26315789473684,30.82695775059695,0.0,49.3,9.649976069640166,8.933892417680948,5.618043885598929,1.3658547061318502,0.0,0.0,NORTH EAST AND YORKSHIRE,31.0,827.9,13246,Q4
B81043,312,111,35.57692307692308,31.57778526687662,1.0,14.48,9.612377388665369,19.533514695402044,4.531061856575837,18.99834990924497,0.0,1.0,NORTH EAST AND YORKSHIRE,32.0,731.5,10941,Q3
B81046,309,95,30.74433656957929,45.63531839622642,0.0,47.53,9.07972852285773,10.848281690675831,8.44768154025848,4.011129364619635,0.0,0.0,NORTH EAST AND YORKSHIRE,22.7,991.4,8904,Q2
B81063,1627,593,36.44744929317763,25.592660386624402,1.0,18.05,8.888745253529788,11.935769376199724,4.046023518431245,7.944918907113874,0.0,1.0,NORTH EAST AND YORKSHIRE,18.6,570.3,4207,Q3
B81064,701,152,21.683309557774606,40.42690815006468,0.0,26.87,9.248887781588422,11.238333494659868,5.285608903107862,4.618493216588089,0.0,0.0,NORTH EAST AND YORKSHIRE,26.7,888.7,9615,Q1
B81082,175,56,32.0,21.49453902987472,0.0,8.23,8.77841577877734,5.175135731796537,2.135770300984457,3.285800465659535,0.0,0.0,NORTH EAST AND YORKSHIRE,24.1,561.6,3789,Q2
B81617,268,114,42.53731343283582,36.53955331151026,0.0,35.85,9.178505648456165,4.404679972814866,4.046799724707502,6.139022711975224,0.0,0.0,NORTH EAST AND YORKSHIRE,32.9,818.8,13502,Q4
B81619,282,63,22.34042553191489,18.56488329304809,0.0,13.6,7.949562032717683,8.749852993061273,4.516053157709044,6.962248620486888,0.0,0.0,NORTH EAST AND YORKSHIRE,25.6,392.4,979,Q1
B81642,341,114,33.43108504398827,43.47421851442356,0.0,19.28,8.372148151357617,8.878783791595213,4.686024777356018,4.316075452706217,0.0,0.0,NORTH EAST AND YORKSHIRE,30.2,900.6,3933,Q2
B81665,204,50,24.50980392156863,46.59623539915185,1.0,13.01,7.766522824612626,7.908766723863997,2.033682872577057,6.778942908590191,0.0,1.0,NORTH EAST AND YORKSHIRE,31.4,612.2,1449,Q1
B82004,2781,1003,36.06616325062927,41.91211003019121,1.0,13.99,9.30314742156239,18.15447710184553,6.8291941982228295,14.436090225563907,0.0,1.0,NORTH EAST AND YORKSHIRE,22.8,377.2,4188,Q3
B82005,15374,6409,41.687264212306495,40.7004696576443,0.0,14.13,10.975801495670032,7.827545718424896,5.8115239801971175,13.84716889401579,0.0,0.0,NORTH EAST AND YORKSHIRE,23.4,412.0,23902,Q4
B82007,601,200,33.277870216306155,34.480425623520006,1.0,12.82,9.173840620314063,19.02868650480989,7.937838701803817,10.39939843836161,0.0,1.0,NORTH EAST AND YORKSHIRE,24.0,510.0,4920,Q2
B82008,877,347,39.5667046750285,43.48811505799068,0.0,12.8,9.07490240108108,28.51908396526717,8.427480916030534,11.480916030916031,0.0,1.0,NORTH EAST AND YORKSHIRE,30.2,615.4,5401,Q3
B82010,461,156,33.83947939262473,41.511283996656594,0.0,12.79,8.977020214210413,7.071599949488572,13.80645704508145,2.0204571284253063,0.0,1.0,NORTH EAST AND YORKSHIRE,30.0,597.2,4597,Q2
B82011,215,83,38.604651162790695,34.96592657726973,1.0,21.72,8.631399467718067,12.536612199408257,11.608855319288123,21.88554691446497,0.0,1.0,NORTH EAST AND YORKSHIRE,27.5,749.0,4348,Q3
B82014,1909,626,32.792037716081715,33.40643470353829,0.0,10.47,8.836058958848271,10.817360118254294,4.65262800785131,4.4587685065548746,0.0,0.0,NORTH EAST AND YORKSHIRE,20.3,477.2,3251,Q2
B82016,2907,1016,34.950120399036805,56.6721946671354,0.0,11.23,9.03362308190206,9.86456116545017,1.909269903144329,3.261669418667091,0.0,0.0,NORTH EAST AND YORKSHIRE,20.0,831.3,13089,Q3
B82025,235,96,40.85106382978724,22.70055629090034,0.0,16.87,9.959418824856929,13.478262925226351,4.387603129949647,5.358423363041063,0.0,1.0,NORTH EAST AND YORKSHIRE,29.0,619.7,13064,Q3
B82031,2807,986,35.12646954043463,48.1840876568098,1.0,9.7,9.301201274470207,13.721521298491792,5.941528299267963,5.600620939017152,0.0,1.0,NORTH EAST AND YORKSHIRE,23.5,505.6,5687,Q3
B82034,157,20,12.738853503184714,36.62244091028908,1.0,13.51,8.768833492520752,10.366991498030272,6.88368235434377,1.907526434791624,0.0,1.0,NORTH EAST AND YORKSHIRE,32.4,770.3,4872,Q1
B82035,460,91,19.782608695652176,38.306515851521425,1.0,13.93,8.179947322285217,15.325985427797498,6.874649730991966,8.070240986362787,0.0,1.0,NORTH EAST AND YORKSHIRE,29.6,524.3,1907,Q1
B82036,562,258,45.90747330960854,43.50459725999966,0.0,12.86,8.95152646419371,21.7667429534954,4.076169091066108,11.50308735264908,0.0,1.0,NORTH EAST AND YORKSHIRE,25.9,597.0,4624,Q4
B82037,2942,1208,41.06050305914344,33.21813321813322,1.0,23.32,9.09104995078486,14.851970780237732,13.415206655399697,16.224438059827616,0.0,1.0,NORTH EAST AND YORKSHIRE,22.7,546.4,4794,Q3
B82041,4205,1576,37.47919143876338,28.900445765230312,0.0,12.92,9.67820108180932,15.43637682977624,9.286545678092166,9.787618286644848,0.0,1.0,NORTH EAST AND YORKSHIRE,24.6,336.8,5333,Q3
B82049,2275,861,37.84615384615385,51.26807052728336,1.0,14.23,8.983931077255473,19.664113202420392,3.009813245268427,11.504175071639828,0.0,1.0,NORTH EAST AND YORKSHIRE,30.1,527.1,4327,Q3
B82050,514,107,20.81712062256809,28.422341239479724,0.0,15.38,9.968510331401996,12.734731613124891,9.779038497915073,12.867398453093031,0.0,1.0,NORTH EAST AND YORKSHIRE,24.4,559.0,12177,Q1
B82053,5407,2195,40.5955243203255,19.69307332715593,0.0,13.67,9.615772146195448,9.600320010667025,4.782381634721158,3.1467715590519685,0.0,0.0,NORTH EAST AND YORKSHIRE,22.4,302.1,4701,Q3
B82057,151,51,33.77483443708609,38.246964861624704,1.0,11.02,8.906427286413985,26.799471489650035,3.902835654029881,9.757089135074702,0.0,1.0,NORTH EAST AND YORKSHIRE,28.0,529.0,3984,Q2
B82059,862,258,29.930394431554525,59.45669978089302,0.0,12.16,9.32056901903087,11.95366610878911,7.701141579293049,7.2844518754478145,0.0,1.0,NORTH EAST AND YORKSHIRE,25.7,557.5,6376,Q2
B82060,3529,1813,51.37432700481723,51.59895404088194,0.0,11.69,9.46225924717187,15.44251485007676,3.2957850484845737,4.187097985606851,0.0,0.0,NORTH EAST AND YORKSHIRE,25.6,425.9,5491,Q4
B82063,278,57,20.50359712230216,18.461616212664882,1.0,14.96,9.16263711690699,12.937050958133032,7.691635347259855,11.579407395507385,0.0,1.0,NORTH EAST AND YORKSHIRE,25.1,705.0,6856,Q1
B82074,1736,377,21.716589861751157,34.94074043905022,0.0,16.83,9.832528463595636,19.49543746645196,5.138665235641439,4.709250312936124,0.0,1.0,NORTH EAST AND YORKSHIRE,26.4,472.5,8818,Q1
B82078,144,35,24.30555555555556,28.682562355785077,1.0,14.24,8.721914761903152,22.03506675123249,10.213089594328476,18.067172794610965,0.0,1.0,NORTH EAST AND YORKSHIRE,27.1,562.8,3472,Q1
B82081,2101,545,25.940028557829606,55.92057701037341,1.0,7.51,8.89161472889294,24.426640991644604,4.327843298146684,16.064367498538665,0.0,1.0,NORTH EAST AND YORKSHIRE,25.3,474.1,3420,Q1
B82097,1215,329,27.078189300411523,35.866121614716405,0.0,19.41,9.34063005760833,13.9050029627137,8.918865536690099,8.005910796713946,0.0,0.0,NORTH EAST AND YORKSHIRE,28.2,532.2,6012,Q1
B82101,1415,469,33.14487632508834,44.790279627163784,1.0,21.65,8.560795317786116,19.292721065194502,10.926380954143664,22.15910904170789,0.0,1.0,NORTH EAST AND YORKSHIRE,23.1,714.0,3778,Q2
B82104,2071,801,38.67696764847899,42.74921027778682,1.0,15.69,9.027708767122297,10.275185308645678,12.27410250457642,4.801488461423041,0.0,0.0,NORTH EAST AND YORKSHIRE,26.0,412.7,3448,Q3
B82105,2966,1827,61.59811193526635,34.055744172627115,1.0,11.35,9.148190107792384,12.230879052931217,4.760457217852425,5.370553965008114,0.0,1.0,NORTH EAST AND YORKSHIRE,23.9,366.1,3448,Q4
B82106,176,36,20.454545454545453,26.135873353025122,0.0,19.33,8.41731760598898,3.064626036797613,5.304160453063704,12.28797171114426,0.0,1.0,NORTH EAST AND YORKSHIRE,27.7,878.7,4186,Q1
B83002,320,103,32.1875,28.828047255747492,0.0,6.72,8.604730818800723,23.64977324497244,1.5636213727496218,0.977263358426606,0.0,0.0,NORTH EAST AND YORKSHIRE,24.9,564.2,3194,Q2
B83005,107,47,43.925233644859816,48.954309491860826,0.0,51.3,8.871622281979846,6.959612731227053,3.7043100021047217,7.258950914150746,0.0,0.0,NORTH EAST AND YORKSHIRE,33.7,773.5,5301,Q4
B83008,6708,3250,48.44961240310077,24.57666250331176,0.0,45.58,9.906545372635366,11.405071967599229,8.65349866035267,4.519492388061561,0.0,0.0,NORTH EAST AND YORKSHIRE,21.5,419.1,8392,Q4
B83016,258,107,41.47286821705426,49.528665839176085,0.0,53.23,9.072064408320903,18.678889599341648,3.888883573103164,3.460187746571868,0.0,0.0,NORTH EAST AND YORKSHIRE,59.4,1514.0,13325,Q3
B83018,409,167,40.83129584352079,47.430010932078524,0.0,23.48,9.437741513543031,9.877854487519915,4.864577800849707,4.418481147371216,0.0,0.0,NORTH EAST AND YORKSHIRE,48.5,693.6,8669,Q3
B83026,109,21,19.26605504587156,60.258753709198814,0.0,58.45,8.66929892462183,7.76534921453827,0.7329258330589632,2.8309260346135674,0.0,0.0,NORTH EAST AND YORKSHIRE,34.2,989.4,5861,Q1
B83038,5184,2298,44.3287037037037,53.84763329415536,0.0,37.98,9.839584385074213,20.143784172192785,6.395935027960007,2.9989828683103625,0.0,0.0,NORTH EAST AND YORKSHIRE,30.0,783.8,14685,Q4
B83039,3182,847,26.61847894406034,33.77882995864859,0.0,22.28,10.094307616720398,14.189562690647188,7.4861081464445824,3.753960985753535,0.0,0.0,NORTH EAST AND YORKSHIRE,28.1,594.4,14457,Q1
B83041,4235,2133,50.36599763872491,28.368926133675746,0.0,50.11,9.605828093309617,18.90376123200889,6.553955099122959,7.290152794240599,0.0,0.0,NORTH EAST AND YORKSHIRE,24.9,483.0,7010,Q4
B83042,400,128,32.0,59.537366548042705,0.0,46.81,9.06237193155389,22.20010628455481,5.565486255374656,7.358809603555727,0.0,0.0,NORTH EAST AND YORKSHIRE,35.3,646.1,5905,Q2
B83045,3294,1432,43.47298117789921,35.962189124141055,0.0,37.14,9.44910133418547,14.973700619449858,10.060317272530371,7.056924015988344,0.0,0.0,NORTH EAST AND YORKSHIRE,19.3,590.9,7307,Q4
B83056,173,54,31.213872832369944,31.547740748313227,0.0,35.37,9.02725852623582,12.390216564188783,4.707577759096914,4.867699452383812,0.0,0.0,NORTH EAST AND YORKSHIRE,31.7,760.9,6567,Q2
B83058,302,74,24.503311258278146,54.21266556397533,0.0,56.25,9.07868341198086,8.988849491905663,12.076390010361512,9.490764945768415,0.0,0.0,NORTH EAST AND YORKSHIRE,28.6,818.2,7171,Q1
B83626,313,146,46.64536741214057,55.0055573819252,0.0,50.58,8.777645372606802,6.16562407676202,2.877291234794672,1.4797497784228848,0.0,0.0,NORTH EAST AND YORKSHIRE,40.6,1009.1,6538,Q4
B83641,202,36,17.821782178217823,55.0170124758156,0.0,53.51,9.16754594738294,17.152688024144794,6.290172474580988,10.632061439816304,0.0,0.0,NORTH EAST AND YORKSHIRE,32.9,950.0,10401,Q1
B84001,2979,1117,37.49580396106076,62.45186793380305,0.0,26.75,9.23521183036131,14.957194648436865,3.4321905834728748,2.809253629432134,0.0,0.0,NORTH EAST AND YORKSHIRE,20.4,437.5,4458,Q3
B84003,221,20,9.049773755656108,45.11210991368303,0.0,20.48,8.977062306181375,15.718494822796533,4.242781378903948,2.0203720851923563,0.0,0.0,NORTH EAST AND YORKSHIRE,32.2,675.2,5218,Q1
B84004,609,180,29.55665024630542,29.254177618094573,1.0,20.08,9.826512011294874,11.18896223995248,7.747312336208875,3.139245519420032,0.0,0.0,NORTH EAST AND YORKSHIRE,21.8,548.1,10183,Q2
B84006,2781,628,22.58180510607695,25.20723436322532,0.0,28.35,9.650571842888247,8.960851648351648,6.249999999570743,2.953296703511333,1.0,0.0,NORTH EAST AND YORKSHIRE,20.9,499.9,8020,Q1
B84007,1807,699,38.68289983397897,46.121297602256696,1.0,15.01,9.274410033216128,15.807409723933093,3.90182898233547,3.751758636861029,0.0,0.0,NORTH EAST AND YORKSHIRE,23.1,356.0,3774,Q3
B84009,452,160,35.39823008849557,37.053799253310416,0.0,16.99,9.356149212348395,17.41322557877223,9.933951324790945,2.293336791201193,0.0,0.0,NORTH EAST AND YORKSHIRE,30.0,661.4,7633,Q3
B84013,586,170,29.01023890784983,49.839252197506084,0.0,33.99,9.115324315579992,12.573261365614949,4.721277824839859,4.545329582947683,0.0,0.0,NORTH EAST AND YORKSHIRE,34.9,802.3,7482,Q2
B84016,1238,383,30.936995153473344,36.750408240170835,0.0,26.45,9.323401164260195,10.249888362061268,4.989431692417612,4.167783036527641,0.0,0.0,NORTH EAST AND YORKSHIRE,28.7,564.9,6415,Q2
B84019,1426,435,30.50490883590463,46.264975709319756,0.0,37.03,9.735073831865478,14.548251732881,5.538434228628065,2.9348967707259828,0.0,0.0,NORTH EAST AND YORKSHIRE,41.3,737.3,12616,Q2
B84612,412,139,33.737864077669904,57.715008431703204,0.0,47.45,9.104136908545096,3.855100131036336,3.2916624192606734,1.4234215867073183,0.0,0.0,NORTH EAST AND YORKSHIRE,26.2,657.2,5945,Q2
B84618,1144,604,52.7972027972028,50.38790051669855,0.0,40.99,9.05260410494054,3.4657377864941603,0.0,3.809189279630009,0.0,0.0,NORTH EAST AND YORKSHIRE,24.7,563.8,4484,Q4
B84623,238,53,22.26890756302521,44.288629076659,0.0,21.06,8.506789257700845,9.013826435608548,4.6346351396958525,1.7245154024149951,0.0,0.0,NORTH EAST AND YORKSHIRE,26.1,663.9,3403,Q1
B85010,297,107,36.02693602693603,22.251756656804734,0.0,27.34,8.83724564389847,10.22364217252396,5.46035434214348,3.369154806854487,0.0,0.0,NORTH EAST AND YORKSHIRE,25.0,840.4,6014,Q3
B85012,278,109,39.20863309352518,50.13928712171656,0.0,29.92,9.28836566141395,16.84921919622624,3.3297877260324653,6.363594320862046,0.0,0.0,NORTH EAST AND YORKSHIRE,27.3,909.2,9781,Q3
B85014,174,66,37.93103448275862,41.2591960330041,0.0,26.46,9.158318742241386,8.300780392742086,4.719225400949815,4.494500381154699,0.0,0.0,NORTH EAST AND YORKSHIRE,32.2,879.0,8197,Q3
B85021,403,79,19.6029776674938,27.45048716271738,0.0,23.24,9.105664806871344,8.882802524196384,4.441401262098192,0.0,0.0,0.0,NORTH EAST AND YORKSHIRE,25.7,721.3,6518,Q1
B85023,699,292,41.77396280400572,41.79900902045483,0.0,26.08,8.749388980649881,9.344457442456594,3.213445733992231,3.5305620876826724,0.0,0.0,NORTH EAST AND YORKSHIRE,28.0,964.9,6041,Q4
B85027,1456,805,55.28846153846154,74.87934163847868,0.0,15.07,9.26269560231011,8.48272044223013,2.973507315776987,1.6702253855278766,0.0,0.0,NORTH EAST AND YORKSHIRE,22.5,471.1,4845,Q4
B85032,108,21,19.444444444444443,29.47600524202775,1.0,14.42,8.698180525197055,12.054794387516688,2.8482420994659545,3.293279929906542,0.0,0.0,NORTH EAST AND YORKSHIRE,29.0,619.9,3680,Q1
B85033,490,240,48.97959183673469,48.93157079180457,0.0,12.87,8.616148235775546,12.366963059736417,3.5265168086230583,3.623133708730242,0.0,0.0,NORTH EAST AND YORKSHIRE,21.5,558.6,3225,Q4
B85062,928,217,23.38362068965517,51.187505569913554,0.0,33.34,9.607162682925196,9.99785935612577,2.3670363293004804,3.729875428212787,0.0,0.0,NORTH EAST AND YORKSHIRE,22.2,155.8,2203,Q1
B85614,2169,1046,48.22498847395113,38.064830529835824,0.0,41.37,8.833790655281707,2.9144959743524352,5.246092753834383,8.860067762031404,0.0,0.0,NORTH EAST AND YORKSHIRE,26.2,475.6,3285,Q4
B85636,122,25,20.49180327868853,38.969803394966085,0.0,20.17,8.354203562921775,10.73446327683616,4.6453232909604525,6.716886379472693,0.0,0.0,NORTH EAST AND YORKSHIRE,24.9,937.1,4115,Q1
B85646,149,55,36.91275167785235,35.68210881190421,0.0,37.08,8.746650104787038,23.615766812851938,4.918184830473667,2.3742961256045048,0.0,0.0,NORTH EAST AND YORKSHIRE,30.7,1001.8,6281,Q3
B86005,208,32,15.384615384615383,34.21599700098831,0.0,48.98,8.637136854198808,7.568814119386215,5.250864796144635,4.635898648257102,0.0,0.0,NORTH EAST AND YORKSHIRE,26.6,476.1,2691,Q1
B86009,2531,1552,61.31963650730936,35.8791980956205,0.0,17.88,9.013838751608397,11.639078222979553,3.4079844206426486,6.361570917721519,0.0,1.0,NORTH EAST AND YORKSHIRE,23.5,710.5,5533,Q4
B86011,1409,507,35.98296664300923,33.201820940819424,0.0,17.3,9.203508756204888,13.466618562043244,2.0137100089777906,3.074263947710664,1.0,0.0,NORTH EAST AND YORKSHIRE,25.3,735.1,7093,Q3
B86012,2097,517,24.65426800190749,47.70329046898638,0.0,45.91,9.874504917611644,14.468791821020483,5.503894589095151,3.2529252307586725,0.0,0.0,NORTH EAST AND YORKSHIRE,23.9,570.2,11090,Q1
B86014,752,548,72.87234042553192,42.95184276710032,0.0,18.32,9.506139412529912,10.752368200416605,8.11387194316322,8.252740168129742,0.0,0.0,NORTH EAST AND YORKSHIRE,36.1,588.0,7910,Q4
B86015,1355,507,37.4169741697417,52.77408260601538,0.0,32.49,9.552262019265562,14.018636262565268,4.54658473342095,4.840218331261322,0.0,0.0,NORTH EAST AND YORKSHIRE,25.1,605.9,8436,Q3
B86016,4462,1764,39.5338413267593,55.661790180716835,0.0,35.8,9.814733749312296,19.60941092902644,4.830227168206468,2.010773300791833,0.0,0.0,NORTH EAST AND YORKSHIRE,26.0,514.4,9426,Q3
B86018,1439,982,68.24183460736623,37.819992139394735,0.0,16.66,8.945918993098953,17.23007447013613,3.4738053357649967,4.620161096854035,0.0,0.0,NORTH EAST AND YORKSHIRE,26.4,409.1,3017,Q4
B86030,3068,1100,35.853976531942635,38.917257996772555,0.0,12.59,9.350689098681478,13.44138585352076,5.422903947682882,2.410179532882873,0.0,0.0,NORTH EAST AND YORKSHIRE,20.4,271.8,2925,Q3
B86035,122,70,57.377049180327866,49.32674863938722,0.0,38.8,9.146814671096305,7.909211998508178,5.967286483030529,4.546503986360488,0.0,0.0,NORTH EAST AND YORKSHIRE,38.3,751.7,7055,Q4
B86041,2177,481,22.09462563160312,60.48408168878498,0.0,29.28,8.978776048603777,16.589778874520718,0.8067650611901885,3.428751510058302,0.0,0.0,NORTH EAST AND YORKSHIRE,22.8,630.3,4928,Q1
B86048,1840,588,31.956521739130437,45.29617178745472,0.0,9.21,9.582828787950522,16.834446291420008,6.302214617049742,8.075286660044442,0.0,1.0,NORTH EAST AND YORKSHIRE,40.1,801.0,11663,Q2
B86089,469,236,50.31982942430704,40.27189142870377,0.0,19.98,8.691118486942873,7.932995321997817,0.0,7.708899407826551,0.0,0.0,NORTH EAST AND YORKSHIRE,31.1,710.2,4257,Q4
B86092,406,173,42.61083743842365,27.150365967480475,0.0,17.47,8.817902539236783,9.170945970462313,5.764414120840479,7.106811928586411,0.0,0.0,NORTH EAST AND YORKSHIRE,29.7,717.0,4870,Q4
B86658,522,212,40.61302681992337,36.26655000707677,0.0,16.62,9.283033057369623,11.741367552538591,4.959394954435559,4.066703862748745,0.0,0.0,NORTH EAST AND YORKSHIRE,24.8,650.1,7381,Q3
B86667,329,89,27.051671732522795,33.054986209165214,0.0,35.63,8.98890369645366,10.149328230522856,5.324237760908448,3.194542656295495,0.0,0.0,NORTH EAST AND YORKSHIRE,30.1,594.8,4778,Q1
B87004,1526,461,30.20969855832241,48.66447579748462,0.0,36.26,9.354577791691716,10.757544059905207,8.01044589904703,0.9233943393041356,0.0,0.0,NORTH EAST AND YORKSHIRE,33.6,548.7,6450,Q2
B87009,202,50,24.752475247524757,47.10954194927065,0.0,34.58,8.747630081557913,18.315847994281857,8.894889409522296,10.546797442719296,0.0,0.0,NORTH EAST AND YORKSHIRE,26.8,965.7,6016,Q1
B87011,2539,853,33.5959038991729,32.71534000107737,0.0,25.04,9.49602670426273,16.122544320739472,8.25646132075826,4.108190704717531,0.0,0.0,NORTH EAST AND YORKSHIRE,27.4,807.9,10662,Q2
B87013,790,239,30.253164556962027,45.294198532444966,0.0,14.46,9.563769219707426,11.76078139928485,7.640762437599856,1.2734604067348263,0.0,0.0,NORTH EAST AND YORKSHIRE,37.8,783.0,11318,Q2
B87017,2444,644,26.350245499181668,37.82652884162515,0.0,30.06,10.227962513550995,16.30841132096159,7.682089683939121,7.479675777621818,0.0,0.0,NORTH EAST AND YORKSHIRE,19.5,627.1,17227,Q1
B87021,1190,358,30.084033613445374,37.98858537453445,0.0,32.52,9.45478868978422,5.216315342948509,10.9847940998499,4.114076878418064,0.0,0.0,NORTH EAST AND YORKSHIRE,26.7,627.7,8086,Q2
B87025,491,157,31.975560081466394,49.23308219872293,0.0,31.12,9.017089305089502,7.42276545934306,9.15552050711231,0.0,0.0,0.0,NORTH EAST AND YORKSHIRE,38.1,849.0,7184,Q2
B87026,782,275,35.16624040920716,35.07075584452837,1.0,39.21,9.59072695970781,9.82556881019927,9.898485831766758,10.135466155791775,0.0,0.0,NORTH EAST AND YORKSHIRE,26.9,657.4,9537,Q3
B87027,715,255,35.66433566433567,31.288735639017286,0.0,19.11,9.545639301494123,12.12850783359058,5.091684892403592,3.699576289339285,0.0,0.0,NORTH EAST AND YORKSHIRE,57.0,1693.6,23673,Q3
B87028,428,117,27.33644859813084,38.362983729399744,1.0,20.1,9.301262148931867,22.30372387941136,2.9462342676264246,4.723714447200621,0.0,0.0,NORTH EAST AND YORKSHIRE,32.5,779.7,8568,Q2
B87031,6117,2513,41.08222985123427,38.29771915677917,0.0,20.09,9.995572840993924,14.23273418202546,5.131673950522516,5.958578757058712,0.0,0.0,NORTH EAST AND YORKSHIRE,26.7,705.6,15681,Q3
B87032,945,193,20.423280423280424,33.97439439992632,0.0,31.59,8.990981317079665,17.168901249429247,3.5199867174463493,4.11772030965921,0.0,0.0,NORTH EAST AND YORKSHIRE,32.6,573.0,4666,Q1
B87039,1050,357,34.0,37.50408936764413,0.0,24.66,9.628008497255925,18.16839909993963,6.322375281268866,5.725262060040612,0.0,0.0,NORTH EAST AND YORKSHIRE,27.7,530.7,7790,Q3
B87042,572,226,39.51048951048951,44.02097244427725,0.0,43.18,8.628496016529693,2.338065130621496,10.831444591435048,10.02027913634737,0.0,0.0,NORTH EAST AND YORKSHIRE,26.4,1038.9,5793,Q3
B87604,135,55,40.74074074074074,42.69670477471419,0.0,36.37,7.907988795640054,6.571244672204003,3.628896310417752,0.0,0.0,0.0,NORTH EAST AND YORKSHIRE,35.1,864.3,2490,Q3
C81003,1050,186,17.714285714285715,26.803753168627747,1.0,15.89,9.218151452567945,15.399244259597657,5.397673245632169,5.291836515987134,0.0,0.0,MIDLANDS,27.7,525.0,5292,Q1
C81005,4215,2084,49.44246737841044,41.951046632598235,0.0,24.17,9.732728887106626,15.215048981940036,7.053962417484653,4.238703874143708,0.0,0.0,MIDLANDS,23.9,577.1,9740,Q4
C81006,2525,452,17.900990099009903,49.72878842164027,0.0,38.26,10.105461943272722,7.53598714431628,1.634231706818832,4.445110242547224,0.0,0.0,MIDLANDS,39.0,686.3,19493,Q1
C81007,2787,976,35.01973448152135,37.28412909275612,0.0,23.28,9.378337601481984,11.857529306807931,8.859332732191163,2.1641118124436427,0.0,0.0,MIDLANDS,37.0,505.8,5974,Q3
C81009,402,69,17.16417910447761,56.4569135995675,0.0,42.26,9.95132885397926,9.647244808052085,3.762298370597512,1.9065701200741976,1.0,0.0,MIDLANDS,50.3,750.7,15963,Q1
C81010,2991,947,31.66165162153126,34.94701849158529,0.0,19.51,9.514836541886655,25.28958349978183,6.4506216462114265,3.657974470386509,0.0,0.0,MIDLANDS,31.0,587.7,8122,Q2
C81014,2405,1168,48.565488565488565,29.500447527411055,0.0,30.32,9.375607604759704,12.269699431639175,4.486984777028219,4.19990816882704,0.0,0.0,MIDLANDS,24.9,640.9,7575,Q4
C81017,247,79,31.9838056680162,32.84195054469998,1.0,12.79,9.117301776835374,15.40603078572147,8.545898535014953,4.975351887981415,0.0,0.0,MIDLANDS,26.5,521.5,4673,Q2
C81018,2220,972,43.78378378378378,34.24466051349518,1.0,12.31,9.102411746731164,15.268791250893498,4.218226376168507,8.778069678712995,0.0,1.0,MIDLANDS,23.9,605.0,5562,Q4
C81021,1472,743,50.47554347826087,30.3653798086755,0.0,30.61,9.62018476588806,9.133248520382766,3.894020686542397,5.858731124066596,0.0,0.0,MIDLANDS,34.6,693.6,10418,Q4
C81023,604,254,42.05298013245033,20.284893739230327,0.0,18.65,8.985664397100528,10.683025049607211,6.042586042377391,2.5372184482488813,0.0,0.0,MIDLANDS,27.1,532.5,4210,Q4
C81026,233,75,32.18884120171674,44.48227902738478,0.0,17.83,8.775755365294167,6.7950169875424695,4.530011326057862,6.177288170493154,0.0,0.0,MIDLANDS,30.5,603.5,3984,Q2
C81029,3574,2359,66.00447677672076,28.116161567740143,1.0,23.64,9.75477000315595,13.614717042860253,7.751105954021321,8.199772765537746,0.0,0.0,MIDLANDS,25.5,543.6,9360,Q4
C81030,1242,491,39.53301127214171,35.187098459748,1.0,13.85,9.092851043183716,27.56790192880841,7.437815142551875,14.890625878648144,0.0,1.0,MIDLANDS,24.9,571.1,5263,Q3
C81031,194,55,28.350515463917525,41.822315815174264,0.0,22.76,9.130782963192756,18.407731248206595,8.951210488075578,0.0,0.0,0.0,MIDLANDS,36.8,620.1,5983,Q2
C81035,332,101,30.42168674698795,23.82587469487388,0.0,30.19,9.393016032734597,12.306752469333777,4.62058576420851,4.753871892038236,0.0,0.0,MIDLANDS,55.1,931.7,11610,Q2
C81036,1348,263,19.51038575667656,65.21494801910649,0.0,29.91,8.553107161263906,12.73434736469756,5.219631367656044,2.5725954284979258,0.0,0.0,MIDLANDS,20.2,366.5,1742,Q1
C81038,611,193,31.587561374795417,38.0520663149155,0.0,10.83,9.433963808127244,11.51447305293459,10.714856868703022,5.799882723492725,0.0,0.0,MIDLANDS,26.4,517.2,6483,Q2
C81040,1728,677,39.17824074074074,19.63882618510158,0.0,6.1,8.987165570173682,9.46696251007844,5.500171880371262,2.8667562536329263,0.0,0.0,MIDLANDS,25.2,529.0,4504,Q3
C81042,2824,1209,42.81161473087819,43.67541073940343,0.0,7.77,9.47830431356186,8.05731915704123,5.385144955251282,0.7343379484433565,0.0,0.0,MIDLANDS,32.7,463.7,6031,Q4
C81046,159,61,38.36477987421384,24.360889774236387,1.0,13.12,8.454537341385167,5.678188656398609,4.258641493363617,10.56143090354177,0.0,1.0,MIDLANDS,31.0,609.9,2841,Q3
C81047,1263,475,37.60886777513856,39.79348984803035,0.0,21.62,9.377548290960087,27.591201353637903,4.602368866328257,4.782853920473773,0.0,1.0,MIDLANDS,31.4,714.4,9105,Q3
C81049,954,342,35.84905660377358,44.44629753168779,0.0,22.2,9.18471482433721,19.078964469067405,6.81235251872371,3.5019322181183954,0.0,0.0,MIDLANDS,30.2,619.7,6028,Q3
C81053,568,121,21.30281690140845,36.44901552949583,0.0,24.1,9.28086873066572,25.85215002026885,4.920438925517788,1.8638026233021925,0.0,0.0,MIDLANDS,32.1,634.5,6934,Q1
C81059,575,347,60.34782608695652,28.860073305202206,0.0,21.65,8.728965669767668,23.670298846153848,3.2365951019527457,1.6182975509763728,0.0,0.0,MIDLANDS,24.0,630.4,3774,Q4
C81061,3617,1347,37.240807298866464,35.536018420727125,0.0,24.23,9.80467039714192,10.891462528769466,7.506278229033474,5.254394760323432,0.0,1.0,MIDLANDS,24.9,453.3,7969,Q3
C81068,2275,1004,44.13186813186813,34.734307861723494,0.0,22.46,9.42754633062364,11.223778099951714,8.503675089328826,1.073018939320779,0.0,0.0,MIDLANDS,26.8,487.1,5943,Q4
C81071,368,105,28.532608695652176,55.50515463917526,0.0,41.74,9.484493844198138,9.277871396388978,4.622109597719354,0.4054482108330694,0.0,0.0,MIDLANDS,74.3,1975.4,23891,Q2
C81073,227,65,28.634361233480178,45.80429704843349,0.0,33.23,9.440757407256893,16.392335947582648,3.833349878685596,4.06631589397399,0.0,0.0,MIDLANDS,61.0,1141.2,14686,Q2
C81080,2330,714,30.643776824034333,32.93281510272071,1.0,12.95,9.014578902815526,8.465007854862412,9.6488116361425,13.297521918410782,0.0,0.0,MIDLANDS,22.2,463.9,3744,Q2
C81081,4577,1743,38.08171291238803,49.84332738586857,0.0,17.59,9.814378522464342,12.987214116853954,6.777839017213342,5.451423209908034,1.0,0.0,MIDLANDS,25.0,577.7,11650,Q3
C81083,3727,1476,39.60289777300778,35.40716812169042,0.0,17.34,9.732486674368513,15.78825076662201,6.280496546419018,3.5594753728797635,0.0,0.0,MIDLANDS,30.4,605.9,10181,Q3
C81097,626,222,35.46325878594249,21.232281358652045,0.0,19.83,8.741842275513672,10.488730314060149,8.435290828485082,2.896968568423575,0.0,0.0,MIDLANDS,28.1,753.3,4379,Q3
C81099,2674,1497,55.98354525056096,30.910608542270378,0.0,24.68,9.286676217718393,13.16872428045306,8.177950725685033,3.063643171426586,1.0,0.0,MIDLANDS,23.1,691.2,7307,Q4
C81108,1696,685,40.389150943396224,42.50026727486547,1.0,9.8,9.650604036738152,7.726399605095132,4.429802440254542,0.9271679526114158,0.0,0.0,MIDLANDS,36.3,481.8,7475,Q3
C81110,2298,786,34.20365535248042,22.492249224922492,1.0,7.66,9.383172602749022,8.951205833707236,3.544587773976444,2.220975883342681,0.0,0.0,MIDLANDS,28.1,397.8,4844,Q3
C81113,1987,946,47.60946149974836,63.483567847715,0.0,8.14,8.767316169461374,13.92947528104762,2.6995107147214177,0.0,0.0,0.0,MIDLANDS,23.2,421.2,2737,Q4
C82013,5336,1582,29.64767616191904,39.78018684118499,0.0,15.2,9.478744054695255,18.4496985285291,5.0973270885979165,8.64506674338144,0.0,0.0,MIDLANDS,21.9,572.9,7695,Q2
C82014,3164,842,26.61188369152971,23.075649582629,0.0,11.09,9.802561633946167,17.514749261061947,7.241887905973451,7.743362831858407,0.0,0.0,MIDLANDS,19.5,642.0,11657,Q1
C82016,4096,2202,53.759765625,45.358201665208945,1.0,14.6,9.207862304100642,10.549844198391018,8.728269133104433,14.275331445327184,1.0,1.0,MIDLANDS,25.8,544.3,5994,Q4
C82018,2942,975,33.1407205982325,28.301078269188608,0.0,30.1,9.546258883891593,7.947256517000481,6.956231723990066,7.813849333738319,0.0,0.0,MIDLANDS,24.1,519.4,7305,Q2
C82021,1398,808,57.79685264663805,57.09956519829593,0.0,11.56,8.97444924783947,5.401755570982444,2.7346387575962186,8.102633355840648,0.0,0.0,MIDLANDS,30.8,604.9,4397,Q4
C82022,1463,612,41.83185235816815,36.40664994699692,1.0,11.1,8.894738819526268,17.47674870226914,4.058408171659697,16.27019492150545,0.0,1.0,MIDLANDS,31.9,694.4,5112,Q4
C82024,638,318,49.843260188087775,54.23007453235618,0.0,33.68,9.932491994028402,12.814869082460753,1.9039678138774323,1.4247378202320868,0.0,0.0,MIDLANDS,33.3,615.0,12324,Q4
C82030,2199,716,32.56025466120964,42.15033484720191,0.0,14.38,8.830031183749137,16.499670884224383,2.886467247860748,7.060142861113143,0.0,0.0,MIDLANDS,20.6,536.8,3681,Q2
C82031,3662,1583,43.22774440196614,56.988671768897696,0.0,24.56,9.607336384992967,15.490637711365853,1.8825427774229333,4.984256115910848,0.0,0.0,MIDLANDS,27.9,518.8,7756,Q4
C82035,746,212,28.41823056300268,36.6132824630673,0.0,19.26,8.986300585830158,20.284838501991366,5.137936066893258,0.0,0.0,0.0,MIDLANDS,54.7,817.0,6490,Q2
C82038,6516,1865,28.62185389809699,32.901991961809436,0.0,15.26,10.514999786260052,11.477760798603889,8.393731973180943,10.221261743509986,0.0,0.0,MIDLANDS,26.2,453.3,16900,Q2
C82041,2524,1406,55.70522979397781,29.352406783615496,0.0,15.12,9.450000110401506,12.537869349630816,3.8190664800849854,3.0951225595089773,0.0,0.0,MIDLANDS,32.2,582.3,7645,Q4
C82044,2055,963,46.86131386861314,36.40978891281455,1.0,9.82,9.164654135634835,9.350930295095123,10.38371961165726,12.058513097408431,0.0,1.0,MIDLANDS,29.5,723.2,6832,Q4
C82045,1133,212,18.711385701676964,40.94563887432267,0.0,19.45,8.988966087918527,7.786211916398045,6.255589061869606,0.0,0.0,0.0,MIDLANDS,33.1,1010.8,8671,Q1
C82046,4539,2325,51.22273628552544,35.501096684034685,0.0,40.82,9.766622036465542,11.796981381455415,4.403227887109952,10.32770985365574,0.0,0.0,MIDLANDS,23.5,557.1,9603,Q4
C84081,104,46,44.23076923076923,49.962833174046935,0.0,33.87,8.835949906933394,7.522568919478946,4.342926384974251,2.71432899024538,0.0,0.0,MIDLANDS,43.0,923.4,6434,Q4
N81087,2698,1369,50.74128984432913,48.760330578512395,0.0,12.8,10.129257651452216,13.799228030679314,6.617263264015638,4.24483608110669,0.0,0.0,NORTH WEST,26.5,437.9,10582,Q4
P81005,342,57,16.666666666666668,50.44751009421265,0.0,33.03,9.412920606743493,7.981108834886046,3.506025982701245,1.6332419171538035,0.0,0.0,NORTH WEST,26.5,681.8,8394,Q1
A88608,110,44,40.0,58.913839665569164,0.0,33.83,8.68502133539254,10.372357815793924,4.148582380925539,2.164477763372978,0.0,0.0,NORTH EAST AND YORKSHIRE,31.5,811.3,4868,Q3
B85048,126,22,17.46031746031746,29.611584788198673,0.0,42.58,8.402418127274158,4.785583431412869,0.0,11.186301268179609,0.0,0.0,NORTH EAST AND YORKSHIRE,38.4,788.5,3523,Q1
C81034,128,41,32.03125,41.245962052035594,0.0,22.1,9.307716597854904,18.24106204350094,8.53991366310585,0.0,0.0,0.0,MIDLANDS,25.3,711.0,11841,Q2
N82024,1257,509,40.49323786793954,34.79431311516783,0.0,23.54,9.4451225970671,17.923508788318088,4.154036743720182,0.3373836943514589,0.0,0.0,NORTH WEST,28.0,635.5,7906,Q3
N82039,367,158,43.05177111716621,44.31426602343212,0.0,12.87,8.281998145015214,4.116125002424881,2.9688982620980497,2.159198736531365,0.0,0.0,NORTH WEST,25.3,675.8,2739,Q4
N82053,291,135,46.39175257731959,50.32768153819887,0.0,25.14,9.669598979685738,12.062248615831702,4.043211826394592,3.133489165455809,0.0,0.0,NORTH WEST,30.8,700.2,10881,Q4
N82081,130,32,24.615384615384617,50.38167938931298,0.0,50.26,8.662259879296098,22.327619760404804,8.534317471996772,3.229201204030735,0.0,0.0,NORTH WEST,32.8,931.0,5614,Q1
N82082,162,41,25.30864197530864,62.631177815559596,0.0,26.71,9.00412563296223,14.315591107241984,0.5243806257745368,9.7665891694917,0.0,0.0,NORTH WEST,33.1,509.0,4898,Q1
N82092,1264,631,49.92088607594937,72.49284578696343,0.0,19.87,9.049868365708765,23.35606453521705,4.195325265681104,2.3168214157266,0.0,0.0,NORTH WEST,23.2,537.0,4517,Q4
N82094,411,222,54.01459854014598,46.74119823834467,0.0,37.66,9.041566627727496,15.531825894400376,6.629572629335859,0.0,0.0,0.0,NORTH WEST,28.9,645.3,5461,Q4
N82115,287,91,31.70731707317073,40.7563025210084,0.0,51.63,9.086891314693172,26.54223743098507,6.154774475788205,2.292955196108011,0.0,0.0,NORTH WEST,25.9,763.6,6844,Q2
N82116,1190,346,29.07563025210084,51.834130781499205,0.0,25.03,8.964290632298578,17.837273252190226,4.74069021294737,1.02317054974101,0.0,0.0,NORTH WEST,25.0,467.8,3877,Q2
N84006,1222,636,52.04582651391162,52.900164435048154,0.0,8.91,9.359507224571216,12.479871360764946,6.523861483374491,6.753574915293172,1.0,0.0,NORTH WEST,20.0,578.3,6744,Q4
N84018,2145,902,42.05128205128205,60.34771410173857,0.0,8.85,9.58705729364946,13.081835802606076,2.7444410774218264,14.197908509711318,0.0,0.0,NORTH WEST,24.6,572.8,8541,Q4
N84020,221,130,58.8235294117647,52.70056453030688,0.0,14.02,9.234902894804437,15.504065569504975,7.025304104598972,3.85090743446302,0.0,0.0,NORTH WEST,32.5,715.1,7386,Q4
N85007,2765,837,30.27124773960217,39.36548544439915,0.0,13.09,9.922354284502529,8.871043582926838,3.611221281345703,2.394396719153129,1.0,0.0,NORTH WEST,22.4,618.8,13007,Q2
N85008,2048,724,35.3515625,35.410553273222,0.0,9.48,9.521140647554224,19.81654065542133,5.198421908123756,4.318989630516301,0.0,0.0,NORTH WEST,19.1,614.0,8461,Q3
N85023,109,35,32.11009174311926,47.52108212122927,0.0,35.24,8.660802794505761,22.54497156007276,4.527473797822886,1.4783587919036754,0.0,0.0,NORTH WEST,31.1,627.0,3580,Q2
N85028,1439,537,37.31758165392634,32.17091014342319,0.0,28.61,9.488988006516774,10.857650998921551,6.054452229741235,1.9777877288866748,0.0,0.0,NORTH WEST,24.6,520.8,6949,Q3
N85048,289,95,32.8719723183391,40.30315979990448,0.0,26.34,8.573148103560683,26.148487857784502,8.371550595243724,0.0,0.0,0.0,NORTH WEST,23.8,582.2,3028,Q2
N85620,258,65,25.1937984496124,41.5129893502149,0.0,24.48,8.7714477377555,26.13933049088794,4.54956701667313,0.0,0.0,0.0,NORTH WEST,29.2,658.4,4227,Q1
M89003,5074,2092,41.22979897516752,49.78530206153467,0.0,11.73,10.58615711741936,14.43014390212991,6.339408460348171,3.3010734802956647,0.0,0.0,MIDLANDS,21.9,515.0,20178,Q3
N81032,857,137,15.985997666277711,30.380703969366095,0.0,10.27,10.255762832130172,11.005648127328977,4.049778527736764,3.6935480092104336,0.0,0.0,NORTH WEST,27.9,554.3,15899,Q1
N81046,1337,708,52.95437546746447,66.0592733916474,0.0,13.51,9.243017285199318,13.988676141499848,6.271675834368398,0.0,0.0,0.0,NORTH WEST,18.7,340.2,3406,Q4
N81050,3254,1377,42.31714812538414,46.988865856004104,0.0,19.76,9.886426164607832,10.76802577112825,11.202848180384844,9.521064677460371,0.0,0.0,NORTH WEST,20.9,475.3,9371,Q4
N81079,220,65,29.545454545454547,35.180024729178584,0.0,20.61,9.211140052146748,16.520117240207835,5.941913135491607,1.5987210231814548,0.0,0.0,NORTH WEST,34.7,687.1,6804,Q2
N81092,462,73,15.8008658008658,35.19753008632096,0.0,18.44,9.558929379331484,12.909296198485134,4.064734663153933,4.986827248306361,0.0,0.0,NORTH WEST,32.0,601.6,9075,Q1
N81093,2366,816,34.48858833474218,48.62231470714242,0.0,22.06,9.6883173378551,13.392787942357277,4.8114830755876135,5.274443646021173,0.0,0.0,NORTH WEST,19.4,399.6,6343,Q3
N81111,115,26,22.608695652173918,39.22433723797781,0.0,11.6,8.891351080804295,11.703264083644784,13.150090034622703,12.106482012244056,0.0,0.0,NORTH WEST,26.8,748.5,5614,Q1
N81121,204,54,26.47058823529412,45.74665008979141,0.0,18.96,8.866981141025063,20.4872776820243,5.26278692855297,2.819350139792778,0.0,0.0,NORTH WEST,30.3,620.9,4258,Q1
E82074,3340,1237,37.035928143712574,44.21960896304834,0.0,7.13,10.04141084911585,15.502099873898793,4.646216056015942,2.7644985532118787,0.0,0.0,EAST OF ENGLAND,24.2,381.9,8750,Q3
E82077,3488,1319,37.815366972477065,45.066304104894584,0.0,4.42,9.4543970448706,16.111771237448586,3.76052751844356,0.7103218640725991,0.0,0.0,EAST OF ENGLAND,20.5,268.2,3337,Q3
E82078,721,341,47.295423023578365,50.32153736226543,0.0,14.05,9.212646045200952,13.293920681759602,5.374261080006984,3.990787931192165,0.0,0.0,EAST OF ENGLAND,25.9,990.0,10085,Q4
E82079,212,76,35.84905660377358,25.893567667327,0.0,21.02,9.09852387606758,6.530916546293276,4.920553562275756,4.085550534271468,0.0,0.0,EAST OF ENGLAND,29.2,696.5,6232,Q3
E82084,4020,1161,28.88059701492537,47.19516909991347,0.0,7.54,9.576232704964523,16.338095896102093,4.161464835622139,2.6448420952975447,0.0,0.0,EAST OF ENGLAND,21.7,268.7,3706,Q2
E82085,246,54,21.951219512195124,32.026016746411486,1.0,10.82,9.849339309465156,9.993402243589182,0.8726632948317575,3.420277105784035,0.0,0.0,EAST OF ENGLAND,31.2,523.1,9767,Q1
E82086,1620,493,30.432098765432094,47.146874290145455,0.0,16.96,10.08318065797639,12.18754787024272,4.164710141621757,5.993510743618666,0.0,1.0,EAST OF ENGLAND,28.2,509.2,12391,Q2
E82091,2361,1150,48.70817450232952,35.087050063323005,0.0,15.26,9.795568210316636,4.129070588169768,0.2227915784783335,4.45583156956667,0.0,0.0,EAST OF ENGLAND,30.2,559.8,9096,Q4
E82092,333,51,15.315315315315315,53.0854532195101,0.0,10.26,9.688973327919973,13.565763386896895,6.625908790895572,1.6853932584269666,0.0,0.0,EAST OF ENGLAND,29.8,533.1,8879,Q1
E82093,2865,1131,39.47643979057592,43.9736607280224,0.0,20.95,9.51199314808754,8.312509001485354,3.273939759508416,1.1833517204824624,0.0,0.0,EAST OF ENGLAND,25.2,448.2,6132,Q3
E82096,3108,1326,42.66409266409266,24.38185654008439,0.0,13.58,9.287825966867956,10.65613721133973,3.3809420988987258,0.024678408859549,0.0,0.0,EAST OF ENGLAND,22.8,328.8,3449,Q4
E82098,329,113,34.346504559270514,50.70451348932362,0.0,10.7,8.949700453302928,14.32727351379411,0.9689943430629304,6.471497938940378,0.0,0.0,EAST OF ENGLAND,29.0,610.2,4644,Q3
E82100,2679,684,25.53191489361702,38.14369370552244,0.0,8.48,9.519735011333614,13.56230735432262,3.679240667840893,2.9551347908410395,0.0,0.0,EAST OF ENGLAND,25.6,448.1,6184,Q1
E82107,4065,1421,34.9569495694957,53.107404492341225,0.0,13.49,9.24087765974588,9.104355769513663,4.319396061137559,2.06917176615126,0.0,0.0,EAST OF ENGLAND,21.1,305.3,3273,Q3
E82111,329,109,33.130699088145896,38.722862304889965,0.0,19.0,8.677127115999223,10.544555860580065,4.090560463596852,5.726784649035594,0.0,0.0,EAST OF ENGLAND,30.3,744.9,5622,Q2
E82117,3144,832,26.463104325699742,50.592993315820955,0.0,19.71,9.470612706293029,5.973919857651246,2.178912341945347,1.3155697156879118,0.0,0.0,EAST OF ENGLAND,18.7,354.3,4444,Q1
E82124,2139,648,30.294530154277695,30.958914522443084,0.0,13.32,10.39984400083236,10.574890546196109,1.6801351413048438,1.0957403095466374,0.0,0.0,EAST OF ENGLAND,28.8,520.2,17360,Q2
E82638,400,152,38.0,38.519385026737964,0.0,24.18,8.825657803050547,15.09265425954946,6.816846229187072,4.191968659157689,0.0,0.0,EAST OF ENGLAND,30.3,569.5,3927,Q3
E82652,411,100,24.330900243309003,41.5634884771803,0.0,9.93,8.082891270369515,10.045544607467258,1.9761727092607368,0.0,0.0,0.0,EAST OF ENGLAND,30.1,509.9,1620,Q1
E82654,1492,476,31.903485254691688,34.6562013793744,0.0,7.14,9.187489603815171,7.366419698351933,2.6464544835406563,4.092455387973296,0.0,0.0,EAST OF ENGLAND,26.6,648.7,6902,Q2
E82655,829,270,32.56936067551266,55.81468078452397,0.0,19.88,8.322272599045768,7.258881190910197,4.147932108397132,7.453315508567263,0.0,0.0,EAST OF ENGLAND,25.4,651.3,2764,Q2
E83003,244,72,29.508196721311474,42.61861767553846,0.0,14.86,9.220307204343364,12.25062292767446,1.0560881827032558,1.980165343806208,0.0,0.0,LONDON,23.5,586.6,6163,Q2
E83005,479,133,27.76617954070981,79.54286696311573,0.0,16.13,8.751764529462747,4.420658564762332,0.4218185642350583,2.530911391737629,0.0,0.0,LONDON,20.3,459.2,2757,Q2
E83008,106,28,26.41509433962264,48.77281823008127,0.0,12.34,9.055964666832628,5.010016143298909,0.0,3.8586459723437776,0.0,0.0,LONDON,20.6,552.7,4571,Q1
E83009,2929,1010,34.48275862068966,62.77395788568973,0.0,16.56,9.447123808994426,5.522030777061687,1.5783243456530318,0.9385768780744445,0.0,0.0,LONDON,25.7,317.4,4081,Q3
E83012,3340,1010,30.239520958083837,55.010423576234246,0.0,14.43,9.2098402469345,12.272803068534268,5.76288144072036,0.0,0.0,0.0,LONDON,20.8,93.3,958,Q2
E83013,731,252,34.47332421340629,70.67431389365352,0.0,14.85,8.683865151797168,19.86399932394684,0.993199965012274,1.805818119127564,0.0,0.0,LONDON,19.4,376.7,2006,Q3
E83016,3832,1429,37.291231732776616,57.818702872847716,0.0,16.18,10.047198210202428,11.044995885842969,1.5128549365553678,7.945375543285263,0.0,0.0,LONDON,23.0,447.4,11165,Q3
E83017,1968,406,20.630081300813007,58.395685550481005,0.0,15.29,9.774995820415054,11.355958704260855,2.031640142328521,4.609094052998896,0.0,0.0,LONDON,23.8,471.7,8223,Q1
E83018,3134,1556,49.64901084875559,61.07656090790907,0.0,23.51,9.7944396914126,17.813712504635117,3.8512116350456544,1.115215724541716,0.0,0.0,LONDON,26.6,369.9,6699,Q4
E83021,2271,1080,47.556142668428,56.417541692402715,0.0,15.75,9.444160063287628,12.64296550412242,1.97348459916892,2.5328144581491987,0.0,0.0,LONDON,26.5,390.2,4899,Q4
E83024,3166,1129,35.660138976626655,55.175126663939324,0.0,10.53,9.362789605163684,14.401625621270446,4.533421101586983,1.7172049627223422,0.0,0.0,LONDON,22.3,415.1,4717,Q3
E83027,1494,390,26.10441767068273,66.15253674333638,0.0,24.79,9.156368053609892,14.363762697743963,2.026474339240952,4.587712739522407,0.0,0.0,LONDON,19.9,365.4,3927,Q1
E83032,4310,1464,33.96751740139211,50.350180926812186,0.0,26.78,9.78318258949248,12.826707268933626,3.594052520160153,2.2556814977725144,0.0,0.0,LONDON,23.3,334.4,5739,Q3
E83039,192,53,27.604166666666668,43.060735215769846,0.0,22.62,8.672557420309158,11.323393022187345,3.013483627024328,3.0134836270243275,0.0,0.0,LONDON,26.1,472.7,2610,Q2
E83045,2441,831,34.04342482589103,56.261112892412626,0.0,20.22,9.18904012380548,9.697712627627244,0.490333784508517,1.9068536057409915,0.0,0.0,LONDON,27.1,360.7,3489,Q3
E83053,4443,1739,39.1402205716858,58.32751209027405,0.0,21.3,9.590311018321058,14.40475489049348,2.3890259815693944,0.9847893360080698,0.0,0.0,LONDON,22.3,368.1,5437,Q3
E83613,1185,512,43.20675105485232,70.63336058587159,0.0,18.35,9.336649916384392,11.271776492258878,0.0,0.0,0.0,0.0,LONDON,25.8,540.6,6151,Q4
E83622,1696,594,35.02358490566038,36.376057596300384,0.0,18.45,9.145766294650942,8.761200397880813,1.0240364101834734,0.0,0.0,0.0,LONDON,26.2,535.1,4989,Q3
E83637,2244,843,37.5668449197861,51.518952488757,0.0,22.21,9.390986915607408,3.606035101245836,0.0,5.052901036317727,0.0,0.0,LONDON,19.2,312.0,3886,Q3
E84006,1467,330,22.494887525562373,37.719657500976254,0.0,30.97,9.738150931581416,10.416760886808962,0.8809100118962176,3.1775682553852507,0.0,0.0,LONDON,32.0,615.6,10320,Q1
E84009,2447,1344,54.92439722108705,51.74754133794445,0.0,23.16,9.410986067125828,14.531272372718412,3.665546184109149,6.654711822886481,0.0,0.0,LONDON,22.4,550.8,6703,Q4
E84017,205,62,30.24390243902439,51.60237958165419,0.0,22.6,8.970093048178603,10.511592420633235,2.441402110795575,0.0,0.0,0.0,LONDON,33.9,706.3,5435,Q2
E84018,1859,669,35.98708983324368,36.198145942306695,0.0,13.65,8.970908635473112,14.924456585458818,1.0841829990788678,4.03180552552171,0.0,0.0,LONDON,21.4,399.5,3122,Q3
E84021,3823,1116,29.191734240125555,43.2309378283416,0.0,37.37,9.633104977162407,10.413834149425853,0.6989150431634642,4.8574595528035776,0.0,0.0,LONDON,21.9,361.3,6150,Q2
E84022,2651,688,25.95247076574877,29.25542532865657,0.0,21.5,8.89837699122571,13.843193953620746,3.278651199326055,4.590111679056477,0.0,0.0,LONDON,18.9,160.8,1126,Q1
E84025,4138,839,20.27549540840986,50.02615681634178,0.0,24.9,9.857482880279498,9.576359597921549,1.996431205057393,1.8149374584767608,0.0,0.0,LONDON,26.4,446.0,8667,Q1
E84031,1366,385,28.18448023426061,57.1913369941347,0.0,47.85,9.156306483483696,14.580254732953344,1.125888395609035,9.485609738230949,0.0,0.0,LONDON,27.5,493.2,4658,Q2
E84032,971,275,28.32131822863028,48.14384538205629,0.0,28.46,8.936681732165585,7.993776774660078,1.262175280209486,5.960272157421305,0.0,0.0,LONDON,21.6,358.1,2329,Q2
E84039,601,170,28.286189683860236,42.24049692227877,0.0,19.08,9.794393223011104,5.234322358419108,2.4833290740026484,11.7028741353656,0.0,0.0,LONDON,25.6,506.7,9538,Q2
E84040,793,277,34.93064312736444,32.12339743589744,0.0,16.45,8.45128484360547,9.741334804977482,1.7090061061364,11.108539689886602,0.0,0.0,LONDON,20.9,590.1,2658,Q3
E84048,267,35,13.108614232209735,31.5121387283237,0.0,20.55,8.939428009733701,8.32149647123096,1.8181420851817047,1.748213545158541,0.0,0.0,LONDON,40.6,519.7,3981,Q1
E84049,592,155,26.18243243243243,64.89578244585573,0.0,23.63,8.873491397731597,5.153941317896408,1.792675241007446,5.900889334516,0.0,0.0,LONDON,36.7,456.8,3418,Q1
E84051,343,61,17.784256559766764,44.150869266280324,0.0,28.97,8.762593871611413,17.567285623826415,2.5036511579386604,5.174212392030044,0.0,0.0,LONDON,30.0,618.5,3949,Q1
E84058,5223,1903,36.43499904269577,32.755418960889415,0.0,19.74,10.202539121616113,11.471566700261697,1.9279550390997937,2.0367114774500323,0.0,0.0,LONDON,24.8,499.0,13341,Q3
E84059,272,60,22.058823529411764,34.79173958697935,0.0,18.83,8.461891875631148,5.129289084760093,1.2400479095328685,13.69689283238216,0.0,0.0,LONDON,25.5,537.3,2552,Q1
E84061,2254,802,35.58118899733807,53.921823258229985,0.0,9.94,9.341463659107362,26.52379525337504,0.0,9.589731970499878,0.0,0.0,LONDON,21.1,387.2,4395,Q3
E84068,3576,1488,41.61073825503356,57.19718182639328,0.0,11.34,9.620765381633529,11.639901599933662,6.810580723845325,4.104038253793637,0.0,0.0,LONDON,24.0,499.6,7470,Q4
E84074,344,84,24.41860465116279,41.123130766783326,0.0,43.35,9.416392018663528,6.618833837974203,0.9765492547030344,4.2751156266869215,0.0,0.0,LONDON,24.2,492.2,6254,Q1
E84076,1132,658,58.12720848056537,40.328159453499936,0.0,39.22,8.796439785046918,12.26300927692618,2.985074627874143,2.9043969342476803,0.0,0.0,LONDON,18.8,515.3,3316,Q4
E84617,514,139,27.042801556420237,28.56530498521154,0.0,23.37,8.813934108356364,7.095431573679518,0.0,0.4756713903478347,0.0,0.0,LONDON,23.0,530.8,4082,Q1
E84635,503,155,30.81510934393638,30.610098176718093,0.0,26.92,8.617822532698161,11.23703882445141,4.581625272486135,3.617072582589824,0.0,0.0,LONDON,19.5,378.0,2089,Q2
E84638,224,25,11.160714285714286,48.088710145207756,0.0,29.06,8.720433310353606,6.5286580887353445,0.0,3.264329044367672,0.0,0.0,LONDON,26.3,367.7,2331,Q1
E84645,999,483,48.348348348348345,50.570460971920824,0.0,35.81,9.085561044244578,6.042124940570037,2.507481850778396,2.2657968524305394,0.0,0.0,LONDON,30.4,503.8,4472,Q4
E84647,116,29,25.0,22.28435331883608,0.0,17.82,8.343117543476133,5.014480103145952,0.0,6.220494308723767,0.0,0.0,LONDON,25.6,582.1,2896,Q1
E84676,166,26,15.662650602409638,27.250399115804985,0.0,16.68,8.238647036865267,4.368793078633872,0.0,1.127430469689296,0.0,0.0,LONDON,26.5,435.6,1718,Q1
E84684,730,188,25.753424657534246,23.449060899260104,0.0,34.05,8.483774281870792,9.926242503618942,2.0955400854759767,0.0,0.0,0.0,LONDON,17.9,397.2,1985,Q1
E84693,2534,485,19.1397000789266,56.91355193762898,0.0,17.34,9.153293716596908,9.85866285638664,6.888641856968928,6.425204645598434,0.0,0.0,LONDON,19.4,358.1,3657,Q1
E84702,588,69,11.73469387755102,48.03187847327272,0.0,32.35,9.40684558567085,8.763701841883648,1.489829312939469,0.0,0.0,0.0,LONDON,27.6,670.4,9740,Q1
E84709,2468,926,37.52025931928687,34.35542967024401,0.0,21.95,9.908815003104042,7.639193972198508,1.989373430260028,2.811647781765735,0.0,0.0,LONDON,30.0,398.0,10201,Q3
E85006,862,349,40.48723897911833,52.83223705217447,0.0,32.97,8.509631339208948,20.63545374958017,2.740646201383758,4.030362060858467,0.0,0.0,LONDON,31.1,715.2,3614,Q3
E85007,3372,1176,34.87544483985765,55.95911593874934,0.0,18.68,9.468529265033194,8.218860638043129,1.8744769869327325,3.4399742522046988,0.0,0.0,LONDON,23.7,487.6,6192,Q3
E85008,1769,452,25.551158846806103,43.220834623456156,0.0,23.88,8.797284023172198,19.168965299074248,3.022860381636124,9.431324390704704,0.0,0.0,LONDON,18.2,451.4,2862,Q1
E85013,154,58,37.66233766233766,40.89815260449446,0.0,27.41,8.676160822511884,3.776052774886975,3.0936335989081294,0.0,0.0,0.0,LONDON,34.8,587.4,3502,Q3
E85014,338,274,81.06508875739645,50.23368943151469,0.0,13.96,9.056703449042136,7.89816344456321,1.3059955300748227,4.757555145272568,0.0,0.0,LONDON,25.1,381.9,3180,Q4
E85019,1867,1463,78.36100696304231,73.42727662769495,0.0,24.93,9.071365619685594,18.508091544958344,2.298190175237001,3.6771042803792016,0.0,0.0,LONDON,27.1,542.6,5575,Q4
E85023,239,69,28.87029288702929,37.76916451335056,0.0,31.38,7.946941879603178,5.28255166347316,4.244907584824456,16.507973938625714,0.0,0.0,LONDON,30.9,775.1,2447,Q2
E85028,283,66,23.32155477031802,37.1654747447488,0.0,20.3,9.12961826689782,16.518329810829858,3.5557482790395145,7.920935189983197,0.0,0.0,LONDON,27.2,475.5,4109,Q1
E85029,668,152,22.75449101796407,40.7908194575134,0.0,18.72,9.567542676835698,4.552265346229864,0.0,2.7985237787067323,0.0,0.0,LONDON,29.4,532.8,7867,Q1
E85032,253,81,32.015810276679844,40.513175544113196,0.0,20.99,8.426046001001293,9.639786025961696,0.0,3.037993170357658,0.0,0.0,LONDON,31.2,602.9,2762,Q2
E85033,1601,473,29.544034978138665,18.5364016921748,0.0,20.42,9.36951412928577,9.58373902988522,3.4113926299705057,0.0,0.0,0.0,LONDON,23.3,287.1,3236,Q2
E85041,159,48,30.18867924528302,41.20506630510268,0.0,25.53,8.733446392025693,4.89763039538162,3.8235886430825,0.0,0.0,0.0,LONDON,32.0,654.2,4077,Q2
E85046,477,115,24.10901467505241,49.576878742725405,0.0,27.0,8.712197865251762,12.463144037630796,2.984133080267146,0.0,0.0,0.0,LONDON,24.0,516.6,3110,Q1
E85050,136,24,17.647058823529413,34.00801647585092,0.0,25.26,8.964951211714654,10.020449897750511,4.87389229805726,4.021813224693251,0.0,0.0,LONDON,23.4,591.8,4548,Q1
E85052,1345,497,36.951672862453535,44.79428793551423,0.0,28.82,8.9170313869926,5.720989998547406,1.1441980007821664,0.0,0.0,0.0,LONDON,31.1,484.6,3577,Q3
E85054,390,103,26.41025641025641,37.835205901328045,0.0,24.92,9.33634874585716,16.85445395378908,4.090658634243104,2.209896043198766,0.0,0.0,LONDON,31.4,511.0,5888,Q1
E85056,122,35,28.688524590163933,21.25479531879765,0.0,25.61,8.953532309855403,10.411324902286095,4.240374049255564,0.0,0.0,0.0,LONDON,41.8,617.5,4437,Q2
E85057,594,177,29.7979797979798,41.41641691976587,0.0,13.54,9.260914657939116,16.960190136660724,1.90136660724896,2.814022578728461,0.0,0.0,LONDON,50.4,743.1,7664,Q2
E85062,3218,1637,50.87010565568677,70.3630175836642,0.0,26.77,9.56777003104579,8.858485177490994,2.145047155597524,3.898390049312769,0.0,0.0,LONDON,55.1,490.1,6649,Q4
E85074,1323,340,25.699168556311413,39.01316944688323,0.0,18.49,8.689366203269465,6.330588020709104,1.346933621427469,2.693867242854938,0.0,0.0,LONDON,18.1,259.9,1584,Q1
E85075,110,23,20.90909090909091,51.375803798414836,0.0,20.27,8.43627232049242,7.806852681798468,1.850513229723869,9.48388029637126,0.0,0.0,LONDON,37.5,518.3,2536,Q1
E85088,157,49,31.21019108280255,25.152678640451466,0.0,31.89,8.754870612507485,4.877920577150516,4.036899787116613,3.02767484033746,0.0,0.0,LONDON,29.5,781.8,5109,Q2
E85114,1596,714,44.73684210526316,57.475646571846504,0.0,27.09,8.943854291149469,22.27830476068227,3.5506048211643897,4.664520060046993,0.0,0.0,LONDON,27.9,739.3,5604,Q4
E85119,117,29,24.786324786324787,41.43124819832805,0.0,31.9,9.523196648351684,5.222849969100252,1.4627100360192349,2.145308053315781,0.0,0.0,LONDON,40.6,654.4,9137,Q1
E85122,5815,1993,34.27343078245916,36.943306164722834,0.0,17.43,9.573350208047785,11.889773821166488,2.7823183667791187,8.959065141028763,0.0,0.0,LONDON,22.3,297.6,4197,Q3
E85123,691,475,68.7409551374819,68.18153107630116,0.0,17.83,9.168693384464996,11.60679379870553,1.334433777855002,3.753095000217193,0.0,0.0,LONDON,22.6,420.0,3778,Q4
E85128,1335,414,31.01123595505618,49.264334282826425,0.0,17.35,9.433357248600826,10.194357951740551,2.4536441277228453,8.683766610170622,0.0,0.0,LONDON,27.1,492.8,6068,Q2
E85605,1673,526,31.440526001195455,41.11740314395346,0.0,24.5,9.045799792477316,10.49963652003065,7.104544472562233,4.133838928817022,0.0,0.0,LONDON,23.0,397.8,3239,Q2
E85643,240,43,17.916666666666668,40.25705304205961,0.0,24.29,8.79946063116652,6.233661774582746,0.0,0.0,0.0,0.0,LONDON,41.6,697.2,4843,Q1
E85657,2780,1116,40.143884892086334,38.593396018364444,0.0,20.12,9.376807746096835,6.89737891163086,2.8221681312308187,1.128867252830987,0.0,0.0,LONDON,22.4,343.0,4001,Q3
E85693,4387,1135,25.871894232961026,57.78080840321504,0.0,15.87,9.949042329750991,4.379128897629645,1.1210815886235697,2.3440796856512702,1.0,0.0,LONDON,19.4,350.6,7809,Q1
E85712,249,60,24.09638554216868,50.67609704160012,0.0,33.11,9.287069904834857,4.198502740449178,1.185459597128965,3.037740217642973,0.0,0.0,LONDON,34.7,534.0,5669,Q1
E85715,199,32,16.08040201005025,53.58517745821226,0.0,35.33,8.97919615048466,6.300204756654591,1.6128524177035757,7.694650075287448,0.0,0.0,LONDON,36.4,775.4,6199,Q1
E85726,170,28,16.470588235294116,24.726806422836752,0.0,23.07,8.049613289236273,5.107605543880185,2.7240562921976004,0.0,0.0,0.0,LONDON,26.8,560.5,1830,Q1
E86001,1211,394,32.535094962840624,53.72876297889418,0.0,10.01,9.323460702245448,19.78983716845772,6.406096508796476,3.191141011222576,0.0,0.0,LONDON,23.5,491.9,5521,Q2
E86006,1256,393,31.28980891719745,36.38307165352521,0.0,9.43,9.036572131060272,10.23758809664978,2.538196889519032,1.2373709832538495,0.0,0.0,LONDON,21.0,347.2,2894,Q2
E86010,3395,1065,31.36966126656848,43.896452908834135,0.0,28.65,9.711075255032002,3.927431411370157,2.7152612226756645,2.149581801486929,0.0,0.0,LONDON,22.6,371.4,6153,Q2
E86016,514,88,17.120622568093385,37.074438340844054,0.0,25.21,8.766342314151235,9.145707752026606,2.577426731448764,0.0,0.0,0.0,LONDON,25.4,515.3,3175,Q1
E86017,788,164,20.81218274111675,40.195051777573276,0.0,27.73,9.903716692948125,6.611818124679762,2.1328445561225555,3.679156859386392,0.0,0.0,LONDON,31.6,596.1,12951,Q1
E86026,2225,710,31.910112359550563,20.148616109572018,0.0,26.2,9.034448102947133,6.358984550449599,3.624621193303194,1.812310596651597,0.0,0.0,LONDON,22.6,473.0,3947,Q2
E86027,1974,622,31.5096251266464,49.40758293838863,0.0,28.37,8.873899801520258,17.8074360978569,3.3598936033692266,2.4639219758041,0.0,0.0,LONDON,29.0,604.7,4348,Q2
E86029,3452,1932,55.9675550405562,40.029213326841486,0.0,25.71,9.280076300661078,11.738829691529295,3.9792643018023264,2.984448226818065,0.0,0.0,LONDON,21.3,407.9,4294,Q4
E86030,1813,654,36.07280750137893,54.33977330701151,0.0,16.34,9.38806805975991,9.16422491921306,1.6743407283382168,3.6389005156969447,0.0,0.0,LONDON,20.2,263.5,3152,Q3
E86033,1291,470,36.405886909372576,39.27115735278344,0.0,9.34,8.739883306610492,12.549689192433902,1.2805805298401942,5.549182294907025,0.0,0.0,LONDON,18.5,128.7,833,Q3
E86036,2218,759,34.2200180342651,58.80822717105903,0.0,13.27,9.065930980252087,7.918046677193252,4.559808980204883,0.0,0.0,0.0,LONDON,24.8,447.0,4010,Q3
E86042,213,56,26.29107981220657,38.76749382570857,0.0,28.23,8.965696503104837,6.811554098214095,2.656506098469529,1.975350687754103,0.0,0.0,LONDON,30.0,468.9,3621,Q1
E86610,860,377,43.83720930232558,32.50487329434698,0.0,28.22,8.10508104058628,8.85868881540204,6.442682775386939,4.670945008682521,0.0,0.0,LONDON,26.4,616.0,2023,Q4
E86612,932,243,26.07296137339056,55.60994999895395,0.0,26.13,8.605020901781758,16.55980949074922,1.953959820479941,1.4654698662758747,0.0,0.0,LONDON,21.5,524.8,3126,Q1
E86626,210,67,31.904761904761905,42.83620893405814,0.0,10.77,8.718309242238421,8.11274977346455,3.096802334596408,0.0,0.0,0.0,LONDON,27.9,488.2,2878,Q2
E86629,155,45,29.032258064516128,42.72936499633853,0.0,16.78,8.215299499481437,5.770314438859462,2.885157216724896,4.904767273301026,0.0,0.0,LONDON,28.3,495.6,1822,Q2
E86637,1320,291,22.045454545454547,58.9512134232068,0.0,28.27,8.739149371417383,5.126082951769433,0.0,0.0,0.0,0.0,LONDON,21.3,418.9,2765,Q1
E87004,1013,244,24.086870681145115,52.88131528858115,0.0,18.2,9.241435210737857,16.115033524517326,0.0,2.714274174004362,0.0,0.0,LONDON,19.5,465.8,5071,Q1
E87005,430,120,27.906976744186046,64.35335239911026,0.0,17.34,9.074759261066044,5.4481080314930574,0.0,2.4430977723910865,0.0,0.0,LONDON,22.5,420.2,3584,Q2
E87008,818,215,26.28361858190709,48.856041302578745,0.0,33.95,9.31271643859305,14.144550760967686,2.3590299097309986,7.221520129987362,0.0,0.0,LONDON,26.4,557.8,6635,Q1
E87029,179,43,24.022346368715084,50.44959688231824,0.0,20.82,9.119448749288075,9.958566814025223,3.9425411137678648,2.1903006187599248,0.0,0.0,LONDON,24.8,493.8,4427,Q1
E87034,706,192,27.19546742209632,46.425867724989104,0.0,26.12,9.57365737518679,8.492736323484248,2.725834584026285,4.913919487747073,0.0,0.0,LONDON,31.3,476.2,7016,Q2
E87043,304,67,22.039473684210527,37.272259061353246,0.0,12.93,8.841520548064763,17.306051623165352,2.8920540814113225,0.0,0.0,0.0,LONDON,20.8,345.2,2319,Q1
E87066,308,60,19.48051948051948,47.031206848936755,0.0,21.03,8.962413058084234,14.861121197650826,1.8451681793913508,2.118526429044314,0.0,0.0,LONDON,24.8,424.4,3331,Q1
E87637,380,93,24.473684210526315,49.97537770599011,0.0,30.62,9.939606505071517,16.512677482266803,1.929051107797788,4.604001977438141,0.0,0.0,LONDON,31.9,444.9,9360,Q1
E87681,726,215,29.614325068870524,64.32467532467533,0.0,22.93,9.617814571618784,5.748439249952873,2.6613144675707745,1.2064625590756368,0.0,0.0,LONDON,27.8,639.7,9196,Q2
E87706,127,15,11.811023622047244,47.085392596471706,0.0,31.72,8.38349035552473,8.778647768188833,3.901621228782077,4.389323884094416,0.0,0.0,LONDON,32.2,715.3,3067,Q1
E87720,505,113,22.37623762376237,73.41863158875768,0.0,18.98,9.119877591193411,13.924339313452714,0.0,1.6347232745550575,0.0,0.0,LONDON,27.9,477.7,4399,Q1
E87738,246,73,29.67479674796748,66.45263746066601,0.0,13.54,9.640595648891566,5.3067993373004265,2.341235001463272,1.3006861119240398,0.0,0.0,LONDON,29.3,333.9,4994,Q2
E87742,272,40,14.705882352941176,49.09559060186675,0.0,35.91,8.019420890022888,7.018890688454474,0.0,9.914183096537164,0.0,0.0,LONDON,19.2,849.6,2553,Q1
E87745,752,164,21.80851063829787,49.12702917470769,0.0,13.7,9.152561177256356,14.555856723201751,3.814131711150155,2.2602261999064126,0.0,0.0,LONDON,26.0,405.2,3738,Q1
E87755,208,63,30.28846153846154,59.282539682539685,0.0,33.46,8.079850344410051,5.038255987611304,0.6607304188927604,4.377339013550136,0.0,0.0,LONDON,20.9,601.6,1945,Q2
E87768,2763,554,20.05066956207021,34.66701125846,0.0,19.3,9.999929667217955,5.060934774327561,2.143027404568311,3.813862330163943,0.0,0.0,LONDON,14.6,129.5,3013,Q1
F81004,156,29,18.58974358974359,24.651779239290804,1.0,11.82,9.146263966269048,13.914279621152888,7.249982230435709,11.23036463217002,0.0,1.0,EAST OF ENGLAND,36.9,854.8,7943,Q1
F81007,3091,740,23.940472339048853,50.69342547451129,0.0,18.85,9.921818509220852,10.381279657830143,5.5899198163966615,5.013909343642611,0.0,0.0,EAST OF ENGLAND,16.3,455.4,9032,Q1
F81013,3448,1328,38.51508120649652,32.97364131962008,0.0,6.46,9.432777006817144,10.247241383911298,4.184290231230069,0.0,0.0,0.0,EAST OF ENGLAND,18.8,382.0,4960,Q3
F81021,4785,1375,28.735632183908045,35.626105102187104,1.0,20.85,9.336040135629426,13.9689725368001,7.055036634747526,2.774981075746107,0.0,0.0,EAST OF ENGLAND,22.4,617.3,7410,Q2
F81022,4565,2691,58.94852135815992,27.586769610492926,0.0,15.11,9.704192761934465,11.294079355757397,7.258154744754212,14.09318836233815,0.0,1.0,EAST OF ENGLAND,19.4,424.6,6875,Q4
F81026,2742,1701,62.03501094091904,40.560336333180054,0.0,20.93,9.039156559592683,8.86867088686709,4.335443038765823,8.259493670886076,0.0,0.0,EAST OF ENGLAND,22.3,634.2,5619,Q4
F81029,2177,992,45.567294441892514,59.852179672447015,0.0,19.6,9.003664645313657,5.475746460643072,2.0984896604299443,1.967334057421563,0.0,0.0,EAST OF ENGLAND,25.4,411.6,3363,Q4
F81030,968,371,38.32644628099174,31.88412881528264,0.0,17.13,9.731819049924486,8.975904207537276,1.9550612933482403,7.535296969259232,0.0,1.0,EAST OF ENGLAND,20.8,659.5,11285,Q3
F81045,1586,645,40.66834804539722,67.63682745825604,0.0,11.31,8.318152648015408,7.223770108397226,0.0,0.0,1.0,0.0,EAST OF ENGLAND,30.4,739.3,5011,Q3
F81048,602,218,36.21262458471761,48.1806250356647,0.0,11.8,9.21761385594268,9.95400244812866,3.9445382051027496,2.488500611535789,0.0,0.0,EAST OF ENGLAND,34.2,730.7,7360,Q3
F81049,3119,1358,43.53959602436679,45.605209337313994,1.0,16.67,9.457695119205342,23.56334105598792,6.423904838231083,6.55925453551628,0.0,1.0,EAST OF ENGLAND,22.7,642.3,8272,Q4
F81051,543,180,33.149171270718234,45.94134978545016,0.0,28.51,8.95874376102835,6.2761339269293845,4.252628419304019,4.595582325870513,0.0,0.0,EAST OF ENGLAND,28.9,787.2,6108,Q2
F81052,7427,2010,27.063417261343744,37.90176111666633,0.0,41.48,9.624076734310217,13.188242101876083,13.364555499159756,3.649687319209895,0.0,0.0,EAST OF ENGLAND,19.7,488.4,7649,Q1
F81053,651,125,19.201228878648237,55.41599963408498,1.0,9.29,9.778760147967697,5.203509914329005,3.504250508220167,5.120435010974383,1.0,1.0,EAST OF ENGLAND,34.6,636.3,13520,Q1
F81056,107,39,36.44859813084112,50.384355813073036,0.0,14.61,9.353379547048725,16.271225615046262,4.4376069857641225,1.2018518913999698,0.0,0.0,EAST OF ENGLAND,70.1,1388.7,16635,Q3
F81057,2677,1219,45.53604781471797,57.62386185243328,0.0,12.3,9.60110912688537,17.102844837011062,3.572113162019236,1.96213650208035,0.0,0.0,EAST OF ENGLAND,24.0,459.6,6826,Q4
F81060,1278,578,45.22691705790297,58.49090814899238,0.0,30.85,8.497738503582102,8.972877438651349,5.057440010876215,2.719053770647814,0.0,0.0,EAST OF ENGLAND,20.1,453.3,2232,Q4
F81071,4799,2885,60.116690977286936,45.985827133440544,1.0,15.07,9.573274850752728,9.052491232601954,2.968029912408336,2.78252804266543,0.0,0.0,EAST OF ENGLAND,20.1,386.7,5396,Q4
F81072,2644,1558,58.92586989409985,47.30150142026241,1.0,11.72,8.99166598571643,8.69438971191538,1.4269418222544852,3.119361193819352,0.0,0.0,EAST OF ENGLAND,25.6,468.2,3959,Q4
F81080,2962,1317,44.46320054017556,51.30602791642412,0.0,6.39,9.385854085681652,10.202554833837914,6.063360437971515,1.924166043783168,0.0,0.0,EAST OF ENGLAND,22.0,370.8,4485,Q4
F81081,2697,740,27.43789395624768,46.72443699545498,0.0,35.6,9.993621479842798,13.658395429128417,9.00406264174507,17.679154119335816,0.0,0.0,EAST OF ENGLAND,28.8,802.2,17733,Q2
F81085,303,139,45.87458745874587,49.702788497448026,0.0,13.02,9.540351303058024,8.209060736649134,5.003654489030541,5.02282557854755,0.0,0.0,EAST OF ENGLAND,38.7,639.2,8682,Q4
F81086,1663,570,34.27540589296452,29.81415234272751,0.0,28.71,8.96523874705952,10.28334131927807,0.7496140118191982,1.805888304104776,0.0,0.0,EAST OF ENGLAND,22.6,408.2,3156,Q3
F81089,114,34,29.82456140350877,24.799820140774433,1.0,16.55,9.233715043292634,10.05552027939237,1.836565232257119,1.25042739217506,0.0,1.0,EAST OF ENGLAND,25.9,609.6,6176,Q2
F81090,1236,230,18.6084142394822,31.816516748748423,1.0,10.44,9.34301931803802,10.082581928393152,3.5017803196473656,9.70083362339994,0.0,1.0,EAST OF ENGLAND,26.3,546.1,6509,Q1
F81092,745,336,45.1006711409396,58.825761888496714,0.0,18.1,8.506873459009382,9.052943553819212,2.424895594773002,0.0,0.0,0.0,EAST OF ENGLAND,30.3,552.8,2590,Q4
F81097,5610,1889,33.672014260249554,56.797774845772565,0.0,27.45,9.774427102715922,15.625222216449147,6.159068175651011,4.551035597631565,0.0,0.0,EAST OF ENGLAND,21.1,360.7,6454,Q2
F81098,174,49,28.160919540229884,27.689278156595343,1.0,14.65,9.01143201157783,12.98154643892024,6.799857659295409,8.361547456458746,0.0,1.0,EAST OF ENGLAND,22.3,578.0,4682,Q2
F81099,167,44,26.34730538922156,37.71868617028025,0.0,15.1,9.404933545751032,5.307796786895143,7.353647327305904,9.219498141008932,0.0,1.0,EAST OF ENGLAND,55.7,1116.4,14232,Q1
F81102,1736,1023,58.92857142857143,35.343274980188745,0.0,7.84,8.885267910305842,4.13393773625385,4.097027578808955,3.4695548856361818,0.0,0.0,EAST OF ENGLAND,20.8,433.6,3196,Q4
F81113,2252,1017,45.15985790408526,32.86710090275397,0.0,10.27,9.598122271898594,8.48290876236252,4.487545590545392,0.9771268625067148,0.0,0.0,EAST OF ENGLAND,24.3,238.1,3398,Q4
F81115,6661,2560,38.43266776760246,36.0088531870059,0.0,14.62,10.239572809528475,15.129663261619076,6.959835650698187,6.421532140649656,0.0,1.0,EAST OF ENGLAND,24.0,441.0,12013,Q3
F81118,5366,1963,36.58218412225121,42.518494114828236,1.0,10.74,9.583850308842797,16.060663422642094,1.7253741269595446,6.075519534011322,0.0,1.0,EAST OF ENGLAND,23.9,323.7,4725,Q3
F81120,2858,980,34.28971308607418,35.583878202091036,0.0,24.71,9.482585150185908,14.136554341823812,5.56525271528223,2.4373369554868645,0.0,0.0,EAST OF ENGLAND,22.2,450.1,5749,Q3
F81123,5852,2458,42.00273410799726,39.39037902392231,0.0,8.42,9.925901147373027,21.303780968057367,2.816166883963495,6.727509778846155,0.0,0.0,EAST OF ENGLAND,26.6,502.0,10408,Q4
F81125,3758,1510,40.18094731240021,22.69235630327627,0.0,8.13,9.570238449368484,13.713062995429752,2.23279180379342,8.261329674035654,0.0,0.0,EAST OF ENGLAND,18.4,440.2,6203,Q3
F81128,3491,1444,41.36350615869378,53.923093343091516,0.0,14.82,9.605861760320437,11.096459973403508,7.182174739618109,1.921231743416808,0.0,0.0,EAST OF ENGLAND,21.5,471.9,6866,Q3
F81137,1662,1073,64.56077015643802,51.91708187898004,1.0,14.11,8.901638932300326,17.574437182734204,4.793028322440088,11.11111111111111,0.0,1.0,EAST OF ENGLAND,24.9,570.8,4159,Q4
F81147,564,144,25.53191489361702,50.883656095982474,0.0,26.19,8.533246970488298,11.23156910728051,0.0,1.2596152269111545,0.0,0.0,EAST OF ENGLAND,25.8,654.8,3354,Q1
F81149,511,168,32.87671232876713,31.00572126510671,1.0,14.09,9.33010662494161,12.277848419434012,3.0753762894402223,9.249785611083182,0.0,1.0,EAST OF ENGLAND,27.7,552.8,6308,Q2
F81150,2598,1384,53.27174749807544,57.28851291184328,0.0,28.65,9.45080635325536,3.006663565302285,6.498679408469346,1.258018228159952,0.0,0.0,EAST OF ENGLAND,31.1,636.9,8338,Q4
F81152,2088,835,39.99042145593869,50.0641528262884,0.0,15.35,9.381565872379612,17.45932547261096,5.797304983463356,0.7190455799060465,0.0,0.0,EAST OF ENGLAND,24.3,493.3,5879,Q3
F81153,3252,1376,42.312423124231245,56.09138953981154,0.0,15.39,9.46150108473976,12.674587574386434,4.563664414567425,8.567242743384632,0.0,0.0,EAST OF ENGLAND,21.4,581.5,7749,Q4
F81156,3518,1605,45.62251279135873,35.44333748443338,0.0,46.4,9.140239744296691,8.066073152418749,12.899996423897887,5.692016160034324,0.0,0.0,EAST OF ENGLAND,24.4,577.8,5379,Q4
F81163,1898,761,40.094836670179134,40.65031079299303,1.0,11.41,8.872884318232238,6.577134182879831,3.4380474142239867,5.493401845147729,0.0,0.0,EAST OF ENGLAND,20.2,290.1,2087,Q3
F81164,2130,843,39.57746478873239,38.1105942059632,0.0,28.18,9.19005262702946,7.265923973126967,5.046600504124501,1.2518071257760015,0.0,0.0,EAST OF ENGLAND,19.8,447.0,4235,Q3
F81181,3198,955,29.862414008755472,40.9431779403564,0.0,23.86,10.059810870475005,6.808049635328875,5.872940640107766,9.094505163982625,0.0,0.0,EAST OF ENGLAND,26.4,422.3,9871,Q2
F81186,1729,1366,79.00520532099479,33.023390963242775,0.0,36.51,8.86642886581347,2.8209076270289963,8.268842486630072,0.6017936261592167,0.0,0.0,EAST OF ENGLAND,23.6,530.2,3753,Q4
F81192,1613,563,34.90390576565406,34.13872804822837,0.0,16.95,9.23072289645896,13.01205999787705,5.513141885997502,2.351577108050069,0.0,0.0,EAST OF ENGLAND,21.9,443.5,4562,Q3
F81197,504,222,44.04761904761905,52.257232356734846,0.0,25.43,7.8709295967551425,10.17811704961832,2.442748091603053,0.0,0.0,0.0,EAST OF ENGLAND,21.8,469.2,1235,Q4
F81198,491,246,50.10183299389002,50.22059513751995,1.0,13.71,7.901469907821096,7.30525991300324,3.3564707672373904,0.0,0.0,1.0,EAST OF ENGLAND,25.1,569.8,1477,Q4
F81207,565,204,36.10619469026549,26.12158837999297,0.0,30.73,7.865443839552221,8.187284126902904,0.0,0.0,0.0,0.0,EAST OF ENGLAND,22.3,620.3,1634,Q3
F81211,871,361,41.446613088404135,60.018969999297404,0.0,21.23,8.558654981223832,8.18676047393668,5.884234088903102,3.2747041880396544,0.0,0.0,EAST OF ENGLAND,17.0,401.7,2093,Q3
F81212,3609,987,27.34829592684954,20.99427983803586,0.0,49.24,9.214622855705487,4.885698874994814,5.071567855287724,1.991453346056508,0.0,0.0,EAST OF ENGLAND,25.4,994.1,9684,Q2
F81213,1723,615,35.693557748113754,41.12692664027626,1.0,22.3,8.925188429378027,7.022210400319191,8.157113090836548,9.788535709535845,0.0,1.0,EAST OF ENGLAND,24.3,644.8,4882,Q3
F81215,354,119,33.61581920903955,33.394735278388495,1.0,12.38,9.19236307774552,17.1047496224398,6.787599055844972,10.547928933837875,0.0,1.0,EAST OF ENGLAND,23.1,685.3,6839,Q2
F81219,778,419,53.8560411311054,51.61259541984733,0.0,17.23,8.588070952049675,15.44179980436909,5.9620848665517725,0.0,0.0,0.0,EAST OF ENGLAND,20.9,568.0,3049,Q4
F81221,1930,827,42.84974093264249,52.521557355631046,0.0,35.15,8.53291889187772,3.937589211005562,7.507670096963135,3.937589211005562,0.0,1.0,EAST OF ENGLAND,22.8,501.0,2544,Q4
F81223,1234,350,28.363047001620743,39.4174510302722,0.0,17.68,8.083251445315524,15.88599943205494,2.633948094760398,0.0,0.0,0.0,EAST OF ENGLAND,22.9,514.1,1678,Q2
F81606,880,274,31.13636363636364,29.333683795505323,1.0,22.55,7.949415014972376,9.127532568000706,11.856382509483344,11.66818595936131,0.0,1.0,EAST OF ENGLAND,26.4,497.6,1459,Q2
F81623,281,104,37.01067615658363,45.02678203543469,0.0,20.62,7.792383330347451,5.504902806812318,0.0,0.0,0.0,0.0,EAST OF ENGLAND,19.5,420.3,962,Q3
F81640,1146,485,42.32111692844677,57.41154085403784,0.0,31.23,8.416949193657738,6.603165245684177,2.829927962120235,0.0,0.0,0.0,EAST OF ENGLAND,27.7,474.5,2111,Q4
F81645,988,447,45.24291497975708,33.51859256297481,0.0,35.96,8.356730968975176,13.14939829762254,3.5691223950689754,4.696213677722336,0.0,0.0,EAST OF ENGLAND,24.1,555.4,2395,Q4
F81649,1728,878,50.81018518518518,51.440997014150334,0.0,24.48,8.415677128223725,11.216056669126328,2.597402598878394,2.361275087072019,0.0,0.0,EAST OF ENGLAND,24.0,405.1,1848,Q4
F81666,1602,515,32.14731585518103,35.96867149401508,0.0,20.5,8.15227003862101,11.369583481454807,0.0,0.0,0.0,0.0,EAST OF ENGLAND,17.5,393.7,1335,Q2
F81681,6304,3081,48.87373096446701,47.69933344096685,1.0,42.13,9.679765709043224,8.058825675468631,13.933055048074667,7.470985830558292,0.0,0.0,EAST OF ENGLAND,25.7,784.0,12415,Q4
F81696,650,272,41.84615384615385,45.48074791220161,0.0,17.29,7.840640884428129,4.196446132056915,2.098223069962626,0.0,0.0,0.0,EAST OF ENGLAND,23.6,569.0,1595,Q4
F81697,480,105,21.875,35.3160621761658,0.0,17.27,8.000656848042285,6.704847045676771,0.0,6.704847045676771,0.0,0.0,EAST OF ENGLAND,18.0,442.2,1269,Q1
F81700,257,211,82.1011673151751,34.466645182081855,0.0,25.53,8.291922379085854,6.146394423149191,4.00851810096455,3.20681448077164,0.0,0.0,EAST OF ENGLAND,29.3,1011.6,3920,Q4
F81704,293,49,16.72354948805461,42.09920092145994,0.0,9.78,8.280373209285784,5.40677536706936,2.7033876810002533,0.0,0.0,0.0,EAST OF ENGLAND,43.7,595.1,2321,Q1
F81707,1939,950,48.99432697266632,75.53746608223753,0.0,36.78,8.601871292878862,6.468408318275092,5.0473186107623045,0.4900309319775811,0.0,0.0,EAST OF ENGLAND,21.0,592.3,3497,Q4
F81729,804,560,69.65174129353234,46.48863636363637,0.0,28.89,8.188341841926386,3.704990160472386,2.2229940951719347,0.0,0.0,0.0,EAST OF ENGLAND,22.1,334.8,1175,Q4
F81732,2104,544,25.85551330798479,46.01148451473218,0.0,14.06,8.854355665958915,18.653786671583905,3.19779200076138,1.4466201917723476,0.0,0.0,EAST OF ENGLAND,22.8,472.6,3205,Q1
F81741,3761,1579,41.98351502260037,26.139743034502672,0.0,35.27,9.293984279845194,6.352466869831147,5.592132996190666,10.227716928925645,0.0,0.0,EAST OF ENGLAND,23.7,780.4,8625,Q4
F81744,205,72,35.1219512195122,36.29091502734471,0.0,11.67,7.906854122043606,12.07732433261737,3.534826633936791,0.0,0.0,0.0,EAST OF ENGLAND,24.6,449.1,1200,Q3
F81751,630,252,40.0,28.108981759408913,1.0,17.14,8.416672795310683,5.897313035273304,5.602447386384579,7.608728456746896,0.0,1.0,EAST OF ENGLAND,23.7,437.7,1900,Q3
F82001,184,33,17.934782608695652,39.75847510244629,0.0,29.72,8.669255978826573,15.483723196953646,3.435737395138432,0.0,0.0,0.0,LONDON,26.1,497.7,2774,Q1
F82002,217,48,22.119815668202765,30.290509185684318,0.0,6.6,8.816705015621595,18.578910962051587,4.150607767565965,2.4508350637414766,0.0,0.0,LONDON,21.1,514.9,3844,Q1
F82005,177,61,34.463276836158194,51.056061876301484,0.0,34.18,8.869726236187635,23.570660853795687,2.8116213683223994,4.311152763823806,0.0,0.0,LONDON,43.2,646.0,4572,Q3
F82008,4126,1197,29.011148812409115,38.77962104711528,0.0,12.21,9.489259158757807,12.973191092532344,3.510630248921843,1.4123225134296735,0.0,0.0,LONDON,18.4,353.0,4506,Q2
F82010,370,125,33.78378378378378,35.77264341561978,0.0,27.37,9.055497786170513,13.573833012667096,1.5566322269569786,5.572743370497928,0.0,0.0,LONDON,28.4,777.1,6668,Q2
F82011,2353,935,39.73650658733531,35.508751820808556,0.0,21.19,9.195598915321147,10.825073577010247,2.4356415547511925,3.32871012482663,0.0,0.0,LONDON,24.4,445.9,4234,Q3
F82014,110,27,24.545454545454547,37.45486270993384,0.0,29.57,8.943527895533329,8.28744912881673,6.6856732464253845,0.0,0.0,0.0,LONDON,29.7,564.0,4195,Q1
F82019,109,17,15.596330275229358,33.015225239365876,0.0,23.93,8.794572370872121,9.69941904521344,3.354382420813337,0.0,0.0,0.0,LONDON,25.5,566.9,3640,Q1
F82021,387,109,28.165374677002585,53.512249443207125,0.0,12.08,9.190205689555802,5.169716345146589,2.5848581735936333,0.4353445337051901,0.0,0.0,LONDON,27.1,652.5,6286,Q2
F82022,232,66,28.448275862068964,53.68759699948267,0.0,13.88,9.516635639139386,13.60440719973498,4.672220654699827,0.4318859423579499,0.0,0.0,LONDON,30.0,713.4,9264,Q2
F82028,273,72,26.37362637362637,25.766277344002066,0.0,16.11,9.263233219729214,7.0819962370571785,2.12459887130685,3.793926554956607,0.0,0.0,LONDON,26.1,427.1,4396,Q1
F82051,224,50,22.321428571428573,67.46683866625537,0.0,32.41,9.318117964149614,11.49218890285509,0.8619141677141318,7.775184054587897,0.0,0.0,LONDON,61.3,827.6,8837,Q1
F82055,593,108,18.21247892074199,37.869768956595685,0.0,10.38,9.436040652072082,6.8943504628151935,2.340674540376636,0.0,0.0,0.0,LONDON,25.6,522.9,6992,Q1
F82612,1682,897,53.32936979785969,43.90285134678237,0.0,26.73,9.352013530292329,13.863333912515186,0.0,0.9257652022218364,1.0,0.0,LONDON,28.9,410.0,4676,Q4
F82619,182,43,23.626373626373628,39.28065703766638,0.0,20.95,8.362389520659022,6.226286602198657,0.0,0.0,0.0,0.0,LONDON,28.8,473.5,1913,Q1
F82624,130,39,30.0,44.336366488860996,0.0,9.12,8.436055439956599,1.1568216340105562,10.1221892834936,2.313643263683032,0.0,0.0,LONDON,25.7,753.2,4606,Q2
F82625,184,37,20.108695652173918,53.895255435364675,0.0,32.59,8.974554745312904,6.863961853281853,1.35029643141971,2.2955039356921327,0.0,0.0,LONDON,32.5,516.3,4145,Q1
F82627,1132,512,45.22968197879859,37.136573849487405,0.0,20.73,9.066113895048,0.0,0.0,3.6656623324316784,1.0,0.0,LONDON,23.1,404.4,2937,Q4
F82638,164,58,35.36585365853659,44.357366771159874,0.0,20.41,8.919575775647806,10.699597650546682,1.4979436710765357,0.0,0.0,0.0,LONDON,30.4,572.1,4403,Q3
F82642,438,143,32.64840182648402,38.28990339598511,0.0,29.78,8.886190238789318,18.40856448137179,2.138815583852864,1.511921362573032,0.0,0.0,LONDON,25.4,689.8,4927,Q2
F82670,310,62,20.0,20.62583989249376,0.0,30.55,8.436145812562915,6.419779862278372,0.0,5.899257170742287,0.0,0.0,LONDON,25.2,481.7,2699,Q1
F82686,267,74,27.715355805243444,45.062884666845065,0.0,24.51,8.461169427734912,4.061271615166311,1.8050096081507463,1.3537572050554372,0.0,0.0,LONDON,28.3,529.1,2713,Q2
F83003,653,168,25.727411944869832,57.90012740126402,0.0,13.04,8.975356162598922,17.4723305584484,3.018867923685043,1.7539791284916202,0.0,0.0,LONDON,21.4,410.1,3160,Q1
F83012,1541,290,18.81894873458793,65.38906140211701,0.0,25.54,8.921312950503665,19.866709687468703,4.806462021161784,2.563446411286285,0.0,0.0,LONDON,18.9,261.3,1909,Q1
F83015,2989,1087,36.36667781866845,60.13689135331832,0.0,27.27,9.464879225834707,13.424436634794295,2.542898490800083,1.4885259458341948,0.0,1.0,LONDON,21.9,377.8,5009,Q3
F83017,643,170,26.438569206842924,42.8370280255925,0.0,18.19,9.804914137499862,18.510973875505247,3.1930694203824888,4.4143816876733,0.0,0.0,LONDON,33.5,441.9,7805,Q1
F83019,791,229,28.95069532237674,60.63608591109201,0.0,26.11,9.50786138293862,19.843794482801304,0.0,6.674010719263284,0.0,0.0,LONDON,30.7,481.0,6302,Q2
F83021,478,159,33.26359832635983,33.19579653149378,0.0,24.35,9.759289953833283,10.103382553760854,2.187012686598772,0.6160599114413876,0.0,0.0,LONDON,32.5,375.6,6194,Q2
F83033,1305,334,25.59386973180077,58.51050340251067,0.0,27.73,8.606043154947074,12.330552803354935,3.659931376286695,5.709492947007244,0.0,0.0,LONDON,18.0,302.6,1999,Q1
F83042,154,18,11.688311688311687,23.6037259116793,0.0,26.06,9.05514748257048,6.649148419270072,4.982968369051094,22.11192214189781,0.0,0.0,LONDON,26.9,813.3,7115,Q1
F83044,2104,583,27.70912547528517,69.60585797702015,0.0,26.56,9.055633982215202,15.999999998054475,0.0,1.245136185992218,0.0,0.0,LONDON,18.6,182.6,1658,Q2
F83053,1230,425,34.552845528455286,43.49291975724882,0.0,26.88,8.955448122347393,18.68387096774193,3.819354838709677,1.5483870967741935,0.0,0.0,LONDON,26.4,393.2,3133,Q3
F83055,445,61,13.707865168539326,53.51280367695338,0.0,19.64,10.054078332001874,11.469328505080552,1.4336660636189318,4.765505994516227,0.0,0.0,LONDON,35.1,371.9,8589,Q1
F83058,380,73,19.210526315789476,47.88547146904087,0.0,24.79,9.3533506559609,14.251601673107066,1.0400941863068711,1.733490310511452,0.0,0.0,LONDON,22.8,244.4,2698,Q1
F83059,4864,1091,22.430098684210527,54.5370225129069,0.0,30.16,10.040895276637452,15.84386474034959,1.615392716641668,14.294482315299382,0.0,0.0,LONDON,17.6,131.8,3080,Q1
F83063,2117,574,27.11384034010392,35.2023877928877,0.0,26.08,9.478285189994931,15.17660783002811,4.018537288634756,4.73249061291618,0.0,0.0,LONDON,20.2,316.2,4399,Q2
F83064,1990,561,28.190954773869347,48.55215531424811,0.0,24.47,9.137805520792934,14.623131787391133,1.7203684455754271,3.326045662162646,0.0,0.0,LONDON,20.9,352.4,3325,Q2
F83652,1845,574,31.11111111111111,46.31118762316805,0.0,25.44,9.379618903798182,19.24493787243024,2.769217780404407,1.3508379416606864,0.0,0.0,LONDON,22.7,330.5,3820,Q2
F83664,3028,885,29.227212681638044,51.16991643454039,0.0,32.22,9.368611124065904,9.42394969426226,2.4356584962085104,5.423668766947887,0.0,0.0,LONDON,21.1,384.2,4973,Q2
F83665,4284,1267,29.57516339869281,54.6625393842242,0.0,16.31,9.738342629112791,12.42474135384464,2.3591281055709827,3.5858747204678934,0.0,0.0,LONDON,19.5,192.5,3250,Q2
F83666,505,142,28.11881188118812,56.32705544209969,0.0,34.34,8.835671164665172,19.280987127584783,1.8617730479261108,5.003515066301424,0.0,0.0,LONDON,21.3,468.5,3145,Q2
F83671,197,33,16.751269035532996,60.67016184180533,0.0,30.59,8.091219206676532,7.594161478003471,7.349188527100133,7.920792077166481,0.0,0.0,LONDON,33.7,614.1,1959,Q1
F83672,286,56,19.58041958041958,39.898468421958356,0.0,21.03,9.704879081079458,8.098836707611461,0.3903053834699571,1.219704323343616,0.0,0.0,LONDON,22.1,123.6,1983,Q1
F83673,297,93,31.31313131313131,32.40560529388867,0.0,26.64,8.714430727598213,8.13551900495334,3.152623080922799,2.889904490845899,0.0,0.0,LONDON,24.2,632.0,3941,Q2
F83674,706,201,28.47025495750708,36.385020504173696,0.0,23.56,9.12752925245101,10.115966432199016,3.997718693137069,8.285127145922164,0.0,0.0,LONDON,24.5,552.0,4930,Q2
F83680,313,109,34.82428115015974,38.323559848223525,0.0,28.31,8.464284557983058,7.310044282701905,0.0,0.0,0.0,0.0,LONDON,25.8,490.6,2372,Q3
F83686,302,74,24.503311258278146,47.40542123881841,0.0,26.76,9.101204219043522,2.0819198267545285,1.7250192848977162,1.784502709284061,0.0,0.0,LONDON,25.2,493.4,5274,Q1
F84003,4668,1680,35.98971722365039,63.772860889616446,0.0,31.7,9.617626044073797,18.65897697418038,5.359123375626636,7.115922097954837,0.0,0.0,LONDON,26.2,530.4,8112,Q3
F84004,2913,1090,37.41846893237212,44.39159398063836,0.0,36.25,9.48351141689004,10.470845619708932,1.52192523542281,3.794666919813564,0.0,0.0,LONDON,19.1,332.8,4471,Q3
F84008,3390,1186,34.985250737463126,39.57986185288044,0.0,23.82,9.394833181006184,23.48229196260905,1.9513141568673644,4.257412707101924,0.0,0.0,LONDON,22.4,418.1,5076,Q3
F84009,2509,606,24.153049023515344,22.479191816506766,0.0,28.8,9.446038121861744,7.634747687547319,2.275255933375029,10.217584516146022,0.0,0.0,LONDON,19.5,588.2,8408,Q1
F84010,3331,901,27.048934253977784,37.99086542988982,0.0,35.53,9.235683179647978,8.319792005849854,3.3539161520961978,5.21598959961001,0.0,0.0,LONDON,23.7,344.3,3603,Q1
F84016,3126,1511,48.33653230966091,46.04654366769612,0.0,35.04,9.398050163901,7.551202530771249,3.978505021481164,10.609346723949772,0.0,0.0,LONDON,24.4,351.2,4050,Q4
F84017,6453,1864,28.885789555245623,42.16520948944392,0.0,32.41,9.931102719569102,5.813229571984436,1.4396887159533074,0.7003891050583657,0.0,0.0,LONDON,23.0,325.6,6669,Q2
F84021,205,41,20.0,62.60148821126498,0.0,28.38,9.319276985766123,12.483278654221252,1.7935745192846628,6.16033061616758,0.0,0.0,LONDON,51.5,548.3,6034,Q1
F84022,123,21,17.073170731707318,57.704599700635136,0.0,30.47,9.127130849678652,0.9853376676115524,3.332759759823944,6.375714323802969,0.0,0.0,LONDON,42.6,466.8,4196,Q1
F84030,910,345,37.91208791208791,48.92695922445053,0.0,29.8,8.253140836258396,9.861967185519577,3.055820819515583,1.8751627745464017,0.0,0.0,LONDON,22.4,427.6,1651,Q3
F84033,435,83,19.080459770114945,35.52739914006038,0.0,29.29,9.371083559109634,21.50757135262478,2.724834310205356,3.4060428877566946,0.0,0.0,LONDON,33.2,464.5,5287,Q1
F84038,168,40,23.80952380952381,41.75806097828471,0.0,28.97,8.21611062090121,5.837706357964911,3.603522444989977,3.0269588522781024,0.0,0.0,LONDON,25.8,785.4,2709,Q1
F84050,1188,130,10.942760942760945,22.044408881776356,0.0,34.21,9.500263680979929,4.729388434699643,2.6540449860625226,5.26817952219707,0.0,0.0,LONDON,30.3,461.5,5826,Q1
F84052,3916,886,22.625127681307458,21.671275700372732,0.0,32.82,9.736084164449382,6.604730895047437,2.2698836487591496,12.500123146902062,0.0,0.0,LONDON,24.6,493.2,8428,Q1
F84055,184,52,28.26086956521739,26.442379739247716,0.0,26.84,8.28033096796109,10.814007517424914,0.0,1.351750941579014,0.0,0.0,LONDON,22.0,445.2,1694,Q2
F84060,159,38,23.89937106918239,35.21005879071364,0.0,29.55,8.525772946495685,11.157195497463524,0.0,1.692086522464762,0.0,0.0,LONDON,34.2,486.2,2347,Q1
F84069,4364,1433,32.83684692942255,41.31131076789447,0.0,33.32,9.54559758504085,11.481370235285704,4.729552552385039,11.957376814703569,0.0,0.0,LONDON,20.9,348.0,4788,Q2
F84070,784,183,23.34183673469388,39.00885043508441,0.0,34.86,9.130837102113238,6.467621291178301,1.3859188479549576,6.98734085916141,0.0,0.0,LONDON,23.7,481.0,4685,Q1
F84077,2175,602,27.67816091954023,33.0166270783848,0.0,30.75,9.19696802603575,5.340269919429758,6.2969781943482594,2.4323091735216127,0.0,0.0,LONDON,17.7,342.1,3354,Q2
F84083,4106,1546,37.65221626887482,39.97537850154424,0.0,34.7,9.164392414906803,14.30648018078544,3.2387816185182925,2.579857081780981,0.0,0.0,LONDON,22.8,130.5,1290,Q3
F84087,1886,1399,74.17815482502651,23.440555029959004,0.0,36.91,9.190265207545131,9.876291289376356,4.516430726693024,4.870127110317562,0.0,0.0,LONDON,24.0,452.2,4358,Q4
F84088,1554,641,41.24839124839125,52.9394516933001,0.0,32.81,8.90748825854448,13.57324158068701,0.0,8.483275988944667,0.0,0.0,LONDON,30.1,592.2,4748,Q3
F84092,2621,683,26.058756199923693,24.47933469548697,0.0,35.19,9.530913068621938,5.9092107643181135,0.6579981851829454,4.973692168612035,0.0,0.0,LONDON,21.0,389.1,5525,Q1
F84093,2809,912,32.467070131719474,34.99972688042825,0.0,29.73,9.80990920557656,12.311478768667644,4.348462664714496,2.635431918008785,0.0,0.0,LONDON,21.9,275.2,4990,Q2
F84096,4653,1222,26.262626262626263,63.875439156818906,0.0,27.16,9.71856762289338,12.303928696567592,3.4762207925566844,7.716023079491278,0.0,0.0,LONDON,23.7,460.1,7938,Q1
F84097,2255,586,25.98669623059867,30.08859893547795,0.0,32.6,9.393668366586096,16.401262618058205,1.8869887954490268,0.8879947269763084,0.0,0.0,LONDON,27.5,561.7,6952,Q1
F84105,887,202,22.77339346110485,46.763051416165005,0.0,33.52,9.355435891594022,8.118900373653938,3.7365393763784978,4.267035708169356,0.0,0.0,LONDON,21.8,448.2,5097,Q1
F84115,977,376,38.48515864892528,40.01969050564209,0.0,22.23,9.091294038695269,21.026546014718583,2.222806293695791,5.647129501745956,0.0,0.0,LONDON,33.6,402.2,3711,Q3
F84118,3198,894,27.95497185741088,57.150657454869624,0.0,32.54,9.347838885161815,13.851606531288128,4.415780604845738,6.972285166463308,0.0,0.0,LONDON,21.4,355.6,4494,Q2
F84119,3439,1201,34.92294271590578,42.01574003554202,0.0,29.13,9.443526659115014,16.78846329500904,2.6611402246657074,6.3360481539659705,0.0,0.0,LONDON,21.0,297.4,3841,Q3
F84122,4914,1738,35.368335368335366,41.02696137964537,0.0,36.76,9.767629646152214,15.853984497308032,6.964756195349193,4.811180266524113,0.0,0.0,LONDON,21.3,275.4,4712,Q3
F84123,3760,1117,29.70744680851064,46.01010506055017,0.0,30.65,9.856465823762656,6.27768849206904,1.0481447837327933,2.0962895674655866,0.0,0.0,LONDON,20.6,232.3,4301,Q2
F84124,916,697,76.09170305676857,46.8312570781427,0.0,32.95,8.536685312994166,12.029878558375966,5.858027817786568,4.2366094048806,0.0,0.0,LONDON,33.3,623.7,3240,Q4
F84601,2257,1222,54.14266725742136,38.97106406582232,0.0,35.27,8.937612591306213,15.657428083541308,3.923113970839354,2.627085248916327,0.0,0.0,LONDON,25.3,420.2,3113,Q4
F84636,1428,525,36.76470588235294,52.02444305052508,0.0,28.43,8.829897090554166,10.611140233825449,4.68138539749107,3.1209235993026687,0.0,0.0,LONDON,24.1,467.7,3058,Q3
F84656,680,142,20.88235294117647,39.56118017073536,0.0,20.21,9.243549461733217,6.371521620288267,5.1333311830522685,0.5159126824234999,0.0,0.0,LONDON,25.4,373.9,3936,Q1
F84666,1262,349,27.654516640253565,17.106811082714696,0.0,28.79,8.719684954999575,4.09435528931357,0.6969115374249663,0.0,0.0,0.0,LONDON,18.5,481.5,2825,Q2
F84668,957,279,29.153605015673985,43.69894982497083,0.0,42.96,8.690039443403174,5.025167901740021,1.8844379635731408,2.422848810308324,0.0,0.0,LONDON,24.7,410.8,2399,Q2
F84669,1167,288,24.67866323907455,33.04434165597075,0.0,32.77,9.248823633791876,9.093883310773968,1.9244956217724605,5.388587740962889,0.0,0.0,LONDON,30.8,515.6,4932,Q1
F84672,1447,394,27.228749136143744,22.94247969147452,0.0,30.9,8.956630219094576,4.399097840833423,0.6186231339276125,8.248308452368166,0.0,0.0,LONDON,22.9,378.6,3123,Q2
F84677,2042,776,38.00195886385896,47.323243285908795,0.0,30.9,8.887468562171872,7.881410550593868,4.861430807476292,2.7621765951569834,0.0,0.0,LONDON,19.3,455.3,3319,Q3
F84694,1142,397,34.76357267950963,54.44264943457189,0.0,27.53,8.443026243164486,8.615892732135485,3.676114230941825,0.0,0.0,0.0,LONDON,23.2,363.6,1744,Q3
F84710,1796,1037,57.73942093541203,40.33732944522447,0.0,21.5,9.56009895292313,11.32660193695043,0.0,0.4887017103385081,0.0,0.0,LONDON,32.3,267.8,3594,Q4
F84724,4505,1000,22.197558268590456,26.84618025941228,0.0,34.22,9.789375894118995,13.017121398294398,4.154718426661933,7.621965458298694,0.0,0.0,LONDON,23.7,315.8,5648,Q1
F84730,2522,1481,58.72323552735924,27.99556454243037,0.0,31.06,9.172603890139785,6.382530588805428,2.658451313648794,2.3261448994426948,0.0,0.0,LONDON,25.3,410.6,3923,Q4
F84741,184,43,23.369565217391305,64.83242638458017,0.0,33.38,7.747128968752192,4.031822602685482,2.303898631340221,1.3823391770762088,0.0,0.0,LONDON,18.1,464.3,1052,Q1
F85002,9180,5916,64.44444444444444,60.01880598023061,0.0,33.09,11.447099003682586,9.115117870396745,2.167411922581243,2.1389308190097123,0.0,0.0,LONDON,35.8,758.5,71306,Q4
F85008,613,106,17.29200652528548,44.59104903165142,0.0,36.3,9.407844696135127,1.2256930437815912,0.0,2.0793006988912675,0.0,0.0,LONDON,26.8,445.3,5143,Q1
F85014,1074,229,21.32216014897579,36.542813217944065,0.0,11.77,9.73059638947126,15.036727009386068,3.724708387627232,1.4581837091557492,0.0,0.0,LONDON,26.3,484.5,7910,Q1
F85017,1430,436,30.48951048951049,64.46337374761218,0.0,43.86,8.798039452858736,9.142281794223145,5.759234787993204,5.316216726448934,0.0,0.0,LONDON,22.1,478.6,3098,Q2
F85019,4531,2454,54.160229529905095,54.81539670070699,0.0,42.52,9.602010769062158,12.35522209807699,2.793831041265335,10.003717597755925,0.0,0.0,LONDON,24.0,345.4,5067,Q4
F85034,1032,236,22.868217054263567,62.33179142136249,0.0,30.26,8.979658058804073,7.791853399384963,4.298953600268684,0.0,0.0,0.0,LONDON,27.7,473.0,4209,Q1
F85039,196,29,14.79591836734694,31.862598677192235,0.0,43.76,8.882669291308039,7.581505406605606,1.7762975298362476,0.8511425673050236,0.0,0.0,LONDON,31.3,665.8,4770,Q1
F85063,700,169,24.142857142857142,57.294625013148206,0.0,10.91,9.7343043088824,20.405339384440776,1.8633571019270152,1.2001283027955294,0.0,0.0,LONDON,33.2,439.8,7767,Q1
F85067,999,299,29.92992992992993,49.35394629780309,0.0,28.07,8.449467374019974,5.136344991171908,0.0,6.563107487292897,0.0,0.0,LONDON,21.0,495.4,2144,Q2
F85072,117,26,22.22222222222222,38.88928923158223,0.0,22.25,9.204129457449442,7.00336248605952,2.3076213562306616,0.0,0.0,0.0,LONDON,22.3,804.7,7498,Q1
F85634,2482,1043,42.02256244963739,35.51668640490723,0.0,39.64,9.124455632819013,3.312629399585921,1.1623261043914133,0.290581525553013,0.0,0.0,LONDON,19.0,267.5,2548,Q4
F85640,1219,448,36.75143560295325,36.49827334543772,0.0,29.21,8.818827477486023,7.10024160544352,2.366747201814506,5.6407474986440524,0.0,0.0,LONDON,23.4,487.0,3167,Q3
F85642,784,264,33.673469387755105,37.18128889781168,0.0,20.66,9.0905522023817,9.10824495317182,1.863733291499535,0.9018064310071112,0.0,0.0,LONDON,23.7,533.9,4872,Q2
F85663,810,213,26.296296296296298,14.918225354657991,0.0,41.01,8.448289601657839,1.3713061333809482,0.0,0.0,0.0,0.0,LONDON,19.9,617.9,2921,Q1
F85676,780,202,25.897435897435894,22.801782746638466,0.0,41.46,8.63084920409817,4.665139390080629,5.23638094790396,12.852935051024962,0.0,0.0,LONDON,20.8,413.1,2312,Q1
F85688,2744,989,36.042274052478135,70.6549083570619,0.0,15.5,9.285733827066377,11.56082444013385,2.07732791332102,2.5719297980633247,0.0,0.0,LONDON,17.3,406.4,4225,Q3
F86004,5016,2148,42.82296650717704,47.98501951682667,0.0,15.35,9.679697959248402,6.670975005524401,2.585002814734516,0.0,0.0,0.0,LONDON,22.7,243.5,3768,Q4
F86005,809,228,28.182941903584677,47.40464248221159,0.0,21.42,9.105359413906893,9.78591460686221,2.310234077803797,0.0,0.0,0.0,LONDON,26.3,375.6,3032,Q2
F86006,394,176,44.67005076142132,48.621702931504934,0.0,26.98,8.870897059410016,2.695998127779078,2.845775800608472,0.0,0.0,0.0,LONDON,51.1,769.2,5036,Q4
F86007,391,58,14.83375959079284,40.9901909571072,0.0,22.34,9.547395771857976,10.393936870159074,2.208235672524361,2.132089613915692,0.0,0.0,LONDON,30.6,595.7,8161,Q1
F86012,759,262,34.51910408432148,43.14248699653886,0.0,11.71,9.161981364845197,10.691389338697688,1.6792758123059432,1.6792758123059432,0.0,0.0,LONDON,30.3,586.4,5536,Q3
F86018,3234,1096,33.88991960420532,53.19200301772916,0.0,21.81,9.20186287264066,13.984721019271014,0.0,5.136695606074613,0.0,0.0,LONDON,19.7,140.3,1400,Q3
F86022,2584,589,22.794117647058822,32.54435212216483,0.0,30.22,9.642744889229162,8.981423897466403,0.5537679478679393,2.768839736743909,0.0,0.0,LONDON,24.8,621.3,9712,Q1
F86023,2940,895,30.4421768707483,62.87041371115832,0.0,10.27,9.254094064866106,13.650801248175355,2.1441049079901413,0.5105011692072077,0.0,0.0,LONDON,20.3,316.2,3328,Q2
F86028,375,97,25.866666666666667,42.66766592303402,0.0,22.15,9.313701389970218,4.424838614532528,2.500995739589831,5.12223165863813,0.0,0.0,LONDON,33.6,642.5,7172,Q1
F86034,560,147,26.25,42.776998597475455,0.0,26.72,8.860948366748813,4.2357056742383055,0.907651216110809,0.0,0.0,0.0,LONDON,35.3,636.2,4768,Q1
F86042,365,140,38.35616438356164,76.50271556721792,0.0,27.21,8.720882054896311,8.39643803847461,1.7401944112568826,2.610291618516756,0.0,0.0,LONDON,72.3,1317.8,8024,Q3
F86044,2319,617,26.60629581716257,10.391547545059042,0.0,26.13,9.235309369133049,5.383877627322527,2.991043125640067,9.753401498772696,0.0,0.0,LONDON,19.0,309.2,3289,Q1
F86057,1137,231,20.316622691292874,63.80782040212162,0.0,20.27,8.920990242423704,18.776182525542573,0.0,7.087367834390651,0.0,0.0,LONDON,35.4,616.7,5381,Q1
F86060,2925,913,31.213675213675213,39.853936618299954,0.0,17.58,9.65156937060409,9.437696323852611,1.2350311437975063,6.432453873945346,0.0,0.0,LONDON,20.6,371.0,5413,Q2
F86062,167,62,37.125748502994014,48.89873312908835,0.0,24.95,8.816853240627426,14.544735933007262,0.0,1.5809495568400769,0.0,0.0,LONDON,33.3,663.5,4150,Q3
F86086,165,61,36.96969696969697,35.96997116436313,0.0,27.16,8.734251599074499,6.610772015829367,4.0780736478637065,0.0,0.0,0.0,LONDON,30.9,512.3,3003,Q3
F86607,6295,2304,36.600476568705325,60.49043490307907,0.0,23.71,9.76257661698772,11.034885059868753,0.1535096131557738,0.0,0.0,0.0,LONDON,21.6,338.3,6534,Q3
F86616,109,43,39.44954128440367,36.50144309198143,0.0,18.68,9.067037584869375,18.28061435366757,3.323748064513027,0.7386106810028948,0.0,0.0,LONDON,23.1,453.0,4091,Q3
F86621,132,28,21.21212121212121,27.001386557688097,0.0,20.41,8.85157992154643,10.383537131881898,2.5195347450044734,0.0,0.0,0.0,LONDON,24.9,516.9,3517,Q1
F86625,369,126,34.14634146341464,55.5055082216313,0.0,28.47,8.68207183459847,7.326690693237227,2.261324289166843,1.4472475437778247,0.0,0.0,LONDON,34.0,587.8,3369,Q3
F86626,224,56,25.0,39.366401158580736,0.0,24.31,8.990265025570313,3.588971389999481,0.0,0.0,0.0,0.0,LONDON,30.1,605.7,5197,Q1
F86644,972,334,34.36213991769547,34.8511851719836,0.0,26.45,9.101575921351426,6.921297371623945,7.670509973706949,2.2297994109613226,0.0,0.0,LONDON,22.9,402.8,3353,Q3
F86652,234,57,24.35897435897436,72.36867647629771,0.0,22.0,8.88410225431932,6.306906762437065,0.8129705750842995,11.085943262968266,0.0,0.0,LONDON,28.1,674.3,4638,Q1
F86691,395,79,20.0,58.191401376564755,0.0,14.21,9.308457215473137,11.023562562796988,1.788911469128435,0.0,0.0,0.0,LONDON,30.4,586.5,6623,Q1
F86692,1219,321,26.33305988515176,63.46474511672225,0.0,31.53,9.32625499657254,5.889512275358447,1.519874134829459,0.0,0.0,0.0,LONDON,27.8,769.2,8773,Q1
F86698,792,235,29.671717171717173,53.922685046448905,0.0,17.51,8.725466730063719,3.9699687093500056,3.161327864885713,0.433058610693841,0.0,0.0,LONDON,30.7,713.7,4354,Q2
F86700,214,76,35.51401869158879,54.74452554744526,0.0,18.82,8.228688558532141,7.116962834330449,1.0675444254164537,0.0,0.0,0.0,LONDON,31.7,532.3,1987,Q3
F86731,131,42,32.06106870229008,54.69069292216236,0.0,15.8,8.478400386697082,14.85870713862467,2.772146855865689,4.43543496855346,0.0,0.0,LONDON,30.9,720.4,3623,Q2
G81001,2494,798,31.99679230152365,41.75471877074836,0.0,19.45,9.121445403960436,9.742260435546893,6.674378147240718,7.985937171950853,0.0,0.0,SOUTH EAST,24.6,363.2,3309,Q2
G81002,1737,687,39.55094991364422,41.416666666666664,0.0,24.91,8.735417998852796,7.289098511094437,5.402508307428449,12.378604350948654,0.0,0.0,SOUTH EAST,36.9,645.4,3798,Q3
G81014,343,93,27.113702623906704,31.523433151508407,0.0,16.09,9.06672978305284,11.482774874888165,3.109276843776155,2.9245673283500246,0.0,0.0,SOUTH EAST,46.0,517.3,4459,Q1
G81016,701,402,57.34664764621969,37.648791751263985,0.0,28.14,9.355774602262684,14.963461468602514,7.539719710343337,17.214540475988038,0.0,0.0,SOUTH EAST,58.7,964.0,11626,Q4
G81017,199,157,78.89447236180905,41.097655582291296,0.0,31.25,9.377111083159544,9.691771642426891,5.7329063753191605,4.468958512604212,0.0,0.0,SOUTH EAST,45.2,649.5,7623,Q4
G81018,1679,341,20.309708159618825,39.915625220645346,0.0,14.38,9.43391049896072,7.346625439812346,4.307495468066958,3.6251199493549415,0.0,0.0,SOUTH EAST,54.1,678.6,8541,Q1
G81028,609,186,30.541871921182267,38.48707197763802,0.0,25.32,9.461403842843986,6.598455723612129,10.08252996816794,3.0081622327824857,0.0,0.0,SOUTH EAST,46.9,670.4,8024,Q2
G81030,1549,597,38.54099418979987,38.159765788373065,1.0,14.58,9.010017764072677,5.630691537834975,10.686649832206562,3.616518693491895,0.0,1.0,SOUTH EAST,27.0,449.0,3383,Q3
G81031,7448,2730,36.65413533834587,51.61121086505139,0.0,31.24,9.918601919512575,5.682431708440214,7.538527836161787,8.444727175883935,1.0,1.0,SOUTH EAST,30.5,547.1,10856,Q3
G81034,6709,1639,24.42987032344612,32.51553629880296,0.0,14.96,10.343413130170362,9.217276490491706,5.410308570079062,5.813934764882376,0.0,0.0,SOUTH EAST,31.9,377.4,11901,Q1
G81038,863,227,26.30359212050985,38.52200781557663,0.0,18.89,9.819797925149771,11.640106555098496,5.247993041697626,1.5656995813928207,0.0,0.0,SOUTH EAST,35.3,413.2,7361,Q1
G81039,943,158,16.755037115588546,39.01151174959566,0.0,19.31,9.8230906154641,16.821602093199676,5.230741443511244,11.314007044161476,0.0,0.0,SOUTH EAST,25.2,843.2,16483,Q1
G81044,254,60,23.62204724409449,48.207209510418,0.0,19.27,8.821707798528069,8.841908600506404,2.8319280218294454,3.539910027286808,0.0,0.0,SOUTH EAST,59.8,841.5,5682,Q1
G81046,2742,848,30.92633114514953,32.80236347577133,0.0,21.65,9.364148135871636,17.582714075683093,4.572996456499372,12.598605236652563,0.0,0.0,SOUTH EAST,26.1,401.2,4499,Q2
G81051,376,113,30.0531914893617,35.13420137764246,1.0,28.76,8.884794887043892,13.912850813330872,6.1669128517355984,25.08345642402142,0.0,1.0,SOUTH EAST,26.4,679.7,4952,Q2
G81054,330,71,21.51515151515152,29.01601090497424,0.0,29.33,9.223848722000977,10.757169165351224,3.4333070244672457,1.8416206254932912,0.0,0.0,SOUTH EAST,23.3,495.5,4972,Q1
G81073,1597,548,34.3143393863494,32.60889234722499,0.0,19.95,9.05963375455148,15.99379917102662,4.805642755493547,11.855985738867574,0.0,0.0,SOUTH EAST,21.4,373.0,3270,Q3
G81077,5415,2215,40.904893813481074,46.95286283101212,0.0,23.39,9.774886841241814,8.757020063116595,5.837811199499616,13.843952272481731,0.0,1.0,SOUTH EAST,37.2,709.3,11918,Q3
G81083,496,184,37.096774193548384,46.518189597354244,0.0,15.69,8.92794430395364,9.549388242315729,2.864816472694718,5.34058379389237,0.0,0.0,SOUTH EAST,39.7,594.5,4511,Q3
G81099,2589,816,31.51796060254925,29.14483790916611,0.0,13.53,9.151474619109148,17.02669259289376,6.533498320664663,20.4772847792116,0.0,1.0,SOUTH EAST,31.6,704.1,6378,Q2
G81100,4469,1696,37.95032445737301,35.46483788499777,0.0,20.2,9.86004493969329,17.087847099831592,9.433672995208816,11.872527692528624,0.0,0.0,SOUTH EAST,23.8,565.2,10863,Q3
G81102,4135,2215,53.56711003627569,58.02898644968827,1.0,12.3,9.67338756959318,10.436012146284922,4.716026202896119,29.83180275577047,0.0,1.0,SOUTH EAST,21.3,448.7,6968,Q4
G82006,802,235,29.301745635910223,27.237123730588824,0.0,19.46,9.661559293170113,15.148911780795745,2.054907205018389,3.4305062433727653,0.0,0.0,SOUTH EAST,20.1,334.2,5161,Q2
G82007,504,177,35.11904761904762,39.381921418199944,1.0,27.27,8.766589113874513,5.783648289888953,16.915384115332166,4.571725437755698,0.0,0.0,SOUTH EAST,26.3,1056.3,6815,Q3
G82013,1162,366,31.497418244406195,45.13023167386404,0.0,7.79,9.612901266936955,9.604319349446728,3.975974770835423,3.236051214522114,0.0,1.0,SOUTH EAST,33.7,666.8,9938,Q2
G82014,4293,1579,36.7808059631959,30.060231925063768,0.0,24.21,9.92349032320098,15.35359238894176,3.816229594239716,10.63839345751872,0.0,0.0,SOUTH EAST,18.1,422.6,8609,Q3
G82015,1506,698,46.34794156706507,50.93321609847728,0.0,36.3,9.442285079243462,4.600187673763927,8.923780447246344,0.6766847737996113,0.0,0.0,SOUTH EAST,31.0,388.0,4566,Q4
G82016,3456,1197,34.635416666666664,32.348503456261625,0.0,9.42,9.328108592708013,11.460910532600485,3.531904176950769,5.143779907257885,0.0,0.0,SOUTH EAST,21.5,393.5,4441,Q3
G82020,3012,1418,47.07835325365206,44.92876722906451,0.0,33.66,9.44443705150421,11.478912245931474,8.67248700973281,15.572494923377205,0.0,0.0,SOUTH EAST,24.4,576.4,7205,Q4
G82025,5173,1500,28.99671370578001,28.342327860068128,0.0,12.63,9.895480582134212,12.476567292658954,3.803667581966181,2.502625102189965,0.0,0.0,SOUTH EAST,22.1,294.8,5661,Q2
G82031,2748,1000,36.3901018922853,36.371250797702615,0.0,14.76,9.309582206625832,12.504920012073647,2.662481134319348,4.781165107153637,0.0,0.0,SOUTH EAST,16.2,438.8,4818,Q3
G82032,3283,1245,37.92263173926287,18.675833208787925,0.0,27.38,9.622538319125532,9.818117605067984,3.602330920007064,3.213844252604627,0.0,0.0,SOUTH EAST,22.3,499.9,7734,Q3
G82037,4667,1387,29.719305763874008,26.026701576589286,0.0,11.96,9.717323623274696,14.013742700456248,4.449062152956588,1.413420467091295,0.0,1.0,SOUTH EAST,18.4,352.5,5879,Q2
G82048,2005,870,43.39152119700748,45.19406461458145,0.0,20.67,9.142694806750114,7.975532987133418,3.167158563008801,1.1983843211384653,0.0,0.0,SOUTH EAST,21.5,402.9,3852,Q4
G82056,1879,852,45.34326769558276,49.535132698484254,0.0,14.12,9.348746322946631,10.82045960860006,1.9272492441206563,2.321987039829334,0.0,0.0,SOUTH EAST,22.3,437.2,4812,Q4
G82059,5715,1442,25.231846019247595,31.38902669920115,0.0,12.29,9.824268463928606,11.993451229788787,3.543191668448185,2.107152683237041,0.0,1.0,SOUTH EAST,23.1,323.1,5995,Q1
G82066,6853,3773,55.056179775280896,62.475385652588926,0.0,38.27,9.437070816025702,14.24215651704874,9.03420376168302,17.324414274307657,0.0,0.0,SOUTH EAST,19.4,256.7,6476,Q4
G82067,172,62,36.04651162790697,55.63221807065217,0.0,21.59,9.154263725755778,4.484557890283458,3.892257791566775,13.1152164715837,0.0,0.0,SOUTH EAST,55.1,991.0,9501,Q3
G82069,1027,385,37.487828627069135,61.36931304494399,0.0,20.19,9.386196629245706,5.472153880004473,6.2625810774994415,3.779915007269068,0.0,0.0,SOUTH EAST,38.2,596.2,7017,Q3
G82076,663,188,28.355957767722472,31.216713110293995,0.0,21.41,9.199810123003004,9.593828689522752,3.422517537202193,2.20981447260049,0.0,0.0,SOUTH EAST,45.6,341.6,5856,Q2
G82092,1958,884,45.14811031664964,31.479682351947282,1.0,14.37,9.021759265011084,15.352117211399127,5.34535501449042,2.9624859116889386,0.0,1.0,SOUTH EAST,23.5,710.6,5936,Q4
C82053,2279,1063,46.64326458973234,26.766511989774653,0.0,49.45,9.324442567570763,11.586272527508475,5.6147029081663,3.818473800035686,0.0,0.0,MIDLANDS,30.4,732.6,8031,Q4
C82055,792,154,19.444444444444443,35.707728623885295,0.0,9.55,9.580811377769525,12.804786836430583,4.142454404234509,12.970300903285198,0.0,0.0,MIDLANDS,31.2,636.8,9164,Q1
C82056,4177,1329,31.817093607852527,24.92977886726929,0.0,9.49,9.550247179889562,22.66487916572744,0.7972570560808648,11.493789225403075,0.0,0.0,MIDLANDS,23.2,123.5,1740,Q2
C82062,170,29,17.058823529411764,36.69582289423175,1.0,10.3,9.093000987891886,9.595741890286185,8.24634068594561,3.628389901231328,0.0,0.0,MIDLANDS,28.3,637.8,5780,Q1
C82063,3255,1316,40.43010752688172,34.54269577678496,0.0,33.49,9.443355043085656,17.685258952788338,2.8517110266159698,11.280101394961976,0.0,0.0,MIDLANDS,21.3,395.3,4839,Q3
C82066,4050,1302,32.148148148148145,37.363444059152506,0.0,8.95,9.72489901933128,20.531213260804588,4.654591826170124,7.220993484966226,0.0,0.0,MIDLANDS,21.0,680.5,11897,Q2
C82070,208,69,33.17307692307692,38.74957115551126,0.0,18.35,9.282738549931182,18.69002403162545,4.415161614758546,4.1423145498798535,0.0,0.0,MIDLANDS,34.6,594.7,6112,Q2
C82072,406,135,33.251231527093594,41.554009496175155,0.0,22.08,9.040461088072115,8.469956148224233,7.774661241259432,7.016157705526805,0.0,0.0,MIDLANDS,34.2,749.5,6550,Q2
C82075,397,125,31.486146095717885,57.435980072244824,0.0,12.63,9.281893297061089,15.54060868480462,5.833934569320641,2.606651616356739,0.0,1.0,MIDLANDS,28.6,613.0,6718,Q2
C82078,2260,853,37.743362831858406,32.93135891352369,0.0,11.54,9.40359499989819,22.873000284648622,4.1323506184101175,8.748274180913981,0.0,0.0,MIDLANDS,26.2,590.0,7016,Q3
C82100,982,321,32.68839103869654,54.245015359931124,0.0,42.28,8.701152295586214,25.91308688482765,5.102748272553316,5.457722066613052,0.0,0.0,MIDLANDS,31.4,767.0,4907,Q2
C82111,159,41,25.78616352201258,28.870716510903428,0.0,13.39,9.75932364404219,3.7270369001679664,1.4168900614595312,2.248542923394568,0.0,0.0,MIDLANDS,27.1,185.6,3088,Q1
C82112,2118,652,30.783758262511803,32.25509508993501,0.0,10.59,9.254883434726857,2.8055409440007657,4.845934356080531,3.1115999560040173,0.0,0.0,MIDLANDS,22.4,440.9,4266,Q2
C82120,264,112,42.42424242424242,34.54515064142744,0.0,16.71,8.235316457552692,7.918342095355928,4.80756484644956,1.2725906941805487,0.0,0.0,MIDLANDS,40.5,637.0,2509,Q4
C82124,1993,581,29.15203211239338,38.5434858539993,0.0,25.3,10.149419465480769,11.056507502077125,1.4075558379355848,0.6724989003470018,0.0,0.0,MIDLANDS,20.2,309.2,7601,Q2
C82650,114,18,15.789473684210526,53.02272402458196,1.0,11.94,8.566697386319326,9.643905147751603,3.04544373066857,2.690141963359505,0.0,0.0,MIDLANDS,32.4,814.5,4386,Q1
C83001,5897,1901,32.236730540953026,44.12439220011028,0.0,26.68,10.277940608502009,8.088410833249762,9.760262686880203,2.796505514445269,0.0,0.0,MIDLANDS,25.0,425.2,11707,Q2
C83002,1408,403,28.62215909090909,41.693632992006144,1.0,10.06,9.118042317829817,8.475233048071651,12.34143666678852,8.364101626028148,0.0,1.0,MIDLANDS,36.3,881.8,7810,Q2
C83014,2698,1034,38.32468495181616,35.14880669392412,0.0,32.61,9.254309409358306,9.197250267476914,9.314640254557634,5.716381964687305,0.0,0.0,MIDLANDS,23.4,514.2,5266,Q3
C83022,339,48,14.15929203539823,39.38328929478464,0.0,18.4,10.023867214039775,6.064232994215041,4.69298342797615,11.961788239022988,0.0,1.0,MIDLANDS,26.6,524.6,12084,Q1
C83023,3745,1667,44.51268357810414,37.0522713130056,0.0,15.69,9.7696132439798,15.365268091345603,4.771159635303532,17.041757563736137,0.0,1.0,MIDLANDS,24.1,471.3,8259,Q4
C83026,7521,2955,39.28998803350618,19.117325227963526,0.0,10.28,10.080126326194584,18.760433901692927,8.483266746563862,11.935083908397589,0.0,1.0,MIDLANDS,28.7,583.9,13579,Q3
C83027,3706,1750,47.22072315164598,31.886406276650177,1.0,20.98,9.23317760587894,12.146091942136644,12.04183364285016,9.643892743622324,0.0,1.0,MIDLANDS,23.9,469.2,4861,Q4
C83028,431,115,26.682134570765665,51.09369222805591,1.0,21.8,8.97055917950895,8.201999661921707,6.2701237086934425,12.404677173360447,0.0,1.0,MIDLANDS,29.7,627.7,4979,Q1
C83029,138,29,21.014492753623188,37.23032928213971,1.0,12.56,8.500911358841954,5.420880552929816,9.540749776896885,7.860276802358084,0.0,1.0,MIDLANDS,30.3,761.2,3305,Q1
C83036,3353,1223,36.47479868774232,43.401649587603096,1.0,19.34,9.003797841352808,17.211880294241194,0.0,6.622475846199555,0.0,1.0,MIDLANDS,27.4,494.8,4132,Q3
C83038,2494,1187,47.594226142742585,26.421664353104486,1.0,13.33,9.015672917248123,13.120994605003393,3.110161683860974,15.809988560436556,0.0,1.0,MIDLANDS,20.6,436.4,3502,Q4
C83039,1948,817,41.94045174537988,58.92711196968571,1.0,19.39,8.63154813565364,11.89255080408509,8.895627999821611,26.353892581724125,0.0,1.0,MIDLANDS,28.4,540.9,3053,Q4
C83048,5127,2913,56.81685196021065,66.68531677203976,0.0,20.98,9.51186987468547,23.156708645819847,6.953048430941066,3.291971140410896,0.0,0.0,MIDLANDS,24.2,481.4,6382,Q4
C83052,1160,305,26.29310344827586,32.0260528293484,1.0,18.5,8.270589080722303,25.45694968839977,10.578625206987011,33.57860387740738,0.0,1.0,MIDLANDS,20.5,595.4,2465,Q1
C83054,6262,2642,42.19099329287768,36.17283106583715,0.0,10.86,9.629374119443153,13.241330930894064,12.452112529170938,21.694736898042844,0.0,1.0,MIDLANDS,21.5,346.5,5525,Q4
C83055,132,49,37.121212121212125,27.806236634008055,1.0,26.24,8.705483013739862,15.02119258383841,19.392731703276223,23.63628832847814,0.0,1.0,MIDLANDS,24.7,914.2,5672,Q3
C83057,281,179,63.70106761565836,55.3349410838571,1.0,24.01,9.009936307631463,7.2662104912023455,12.023460410557185,2.443792766373412,0.0,1.0,MIDLANDS,49.7,889.8,7443,Q4
C83058,869,318,36.59378596087457,24.57030022887403,1.0,10.25,9.071614559299874,12.560312475683544,5.1160297166270965,2.787776670751321,0.0,0.0,MIDLANDS,26.7,624.1,5826,Q3
C83060,4014,1792,44.64374688589936,23.925795571198123,0.0,31.87,9.700034285606565,1.5688036850544895,5.180320502098888,1.9936880168319564,0.0,0.0,MIDLANDS,24.3,366.3,5667,Q4
C83065,3265,882,27.01378254211332,33.48549070753179,1.0,21.8,9.106534203250591,21.714370239627247,9.466755418238296,22.010206344575103,0.0,1.0,MIDLANDS,20.4,624.7,6013,Q1
C83067,2264,1374,60.68904593639576,56.58411782998332,1.0,10.22,8.816457925111084,11.592942223595117,6.326298620076115,11.90134927988929,0.0,1.0,MIDLANDS,27.1,540.5,3818,Q4
C83072,2296,1035,45.07839721254356,54.3153145626201,0.0,29.83,9.201837659484434,11.631816042156927,7.1001143010825,2.4742822571101994,0.0,0.0,MIDLANDS,23.8,491.7,4736,Q4
C83078,3804,1584,41.640378548895896,34.2462683222018,0.0,21.05,9.10554451168532,11.934000240975005,6.722129168525185,7.107096917481792,0.0,0.0,MIDLANDS,22.3,356.2,3156,Q4
C83079,2839,1464,51.56745332863685,71.01076894010959,0.0,22.38,8.712389840679498,4.9228744189872895,5.817942495166797,5.26510633046769,0.0,0.0,MIDLANDS,26.7,545.3,3942,Q4
C83082,823,250,30.37667071688943,47.68106785893635,0.0,25.58,9.262094393545995,21.5234146229446,8.35614920790669,3.215851361197715,0.0,0.0,MIDLANDS,34.7,775.4,8367,Q2
C83641,105,41,39.04761904761905,48.88851512348275,1.0,16.83,8.308671386119808,11.168825837764592,3.153550824316833,2.6279590186215533,0.0,1.0,MIDLANDS,26.1,1069.2,4296,Q3
C83649,1177,529,44.94477485131691,47.255831071445,1.0,16.3,8.560061091643414,14.613272019543976,7.970875646675608,2.759149262310788,0.0,1.0,MIDLANDS,24.6,604.3,3090,Q4
C84001,7286,2821,38.71808948668679,52.62300182224922,0.0,21.55,10.340844230696664,13.052579465649266,9.591235142412811,7.085931991519267,0.0,0.0,MIDLANDS,44.6,810.5,25358,Q3
C84005,9096,4149,45.61345646437995,68.06182025350074,1.0,8.18,10.22680519322086,19.73408442038666,4.226664535642882,5.090332288689391,0.0,1.0,MIDLANDS,24.3,303.5,8535,Q4
C84012,230,71,30.869565217391305,31.907887491464944,0.0,32.57,9.419804113233836,16.43665265108609,7.439748043957233,4.206485448425949,0.0,0.0,MIDLANDS,38.0,636.6,7637,Q2
C84013,535,128,23.92523364485981,45.53299967257589,0.0,19.98,9.634872542801572,12.508020603384844,5.8430763365219525,5.651214128689396,0.0,0.0,MIDLANDS,30.9,1243.3,19749,Q1
C84014,184,68,36.95652173913044,39.62231005709267,0.0,23.78,9.334988676541291,19.398219675126903,2.824983447362613,4.61413963010373,0.0,0.0,MIDLANDS,47.0,677.6,7966,Q3
C84016,2931,1340,45.71818491982258,23.417106121094957,0.0,24.47,9.686393375140916,14.472186991018042,3.2800973261201563,4.307198508839593,0.0,0.0,MIDLANDS,22.8,498.0,7895,Q4
C84017,8078,3094,38.30155979202773,29.904099722002297,1.0,9.89,10.188819991760454,11.697452458739106,6.415055333485776,10.424464917102323,0.0,1.0,MIDLANDS,21.6,442.2,11890,Q3
C84023,918,161,17.538126361655774,21.19100962669695,0.0,16.58,10.611625967581809,8.584997432939971,6.114183684597231,5.260543868650592,0.0,0.0,MIDLANDS,23.5,172.8,7107,Q1
C84032,3687,2268,61.513425549227016,56.25330734347474,0.0,20.24,9.835083793202816,13.270751162529224,4.140417254475041,4.5687362807631215,0.0,0.0,MIDLANDS,28.4,665.9,11908,Q4
C84036,163,45,27.607361963190183,32.30836654198559,0.0,29.47,9.818297243667685,20.55889038561532,7.259495193216003,5.096165625382825,0.0,0.0,MIDLANDS,25.1,822.7,15635,Q2
C84037,3600,1502,41.72222222222222,49.77889105359186,1.0,14.91,9.442674889991975,30.2064273181623,3.508934173927404,5.686164415761139,0.0,0.0,MIDLANDS,23.5,465.1,5890,Q4
C84043,1511,545,36.068828590337525,42.254543694489485,0.0,45.69,9.46317863862543,13.523081004911951,7.4967156572893,7.3931698604073235,0.0,0.0,MIDLANDS,33.3,558.4,7070,Q3
C84046,2349,1064,45.29587058322691,50.61803987600934,0.0,34.9,9.086287723306205,19.441509433584905,6.264150944150943,3.532075471698113,0.0,0.0,MIDLANDS,27.8,529.9,4848,Q4
C84047,2557,1089,42.58897145091905,38.17891178875181,1.0,13.97,9.243630069840824,17.69437861778788,2.2698328248778834,10.394802599023068,0.0,1.0,MIDLANDS,20.7,362.6,3845,Q4
C84049,1937,975,50.33557046979866,43.340228933940146,1.0,7.81,9.415252061695588,11.16708534129948,9.168307421277753,12.731346323850907,0.0,1.0,MIDLANDS,24.2,576.1,7000,Q4
C84059,1945,769,39.53727506426736,27.128636937383163,0.0,22.68,9.437768066562777,28.16876875494544,5.331775577387749,4.078489684288787,0.0,0.0,MIDLANDS,25.0,572.1,7429,Q3
C84060,121,54,44.62809917355372,47.60874269638607,0.0,32.47,9.075789412150572,11.4363011411629,2.928698769221969,2.1355095184616704,0.0,0.0,MIDLANDS,72.9,1813.5,15591,Q4
C84064,707,244,34.512022630834515,38.58996713318006,0.0,42.75,9.239704980606088,7.5095487803457,10.30620832491746,3.4958244319285297,0.0,0.0,MIDLANDS,30.1,820.5,8654,Q3
C84065,381,113,29.658792650918635,42.33385153517295,0.0,15.83,8.548207244945408,16.907416385845856,5.170463724672806,2.275004040717402,0.0,0.0,MIDLANDS,29.4,593.6,3065,Q2
C84066,946,301,31.818181818181817,31.931827865360034,0.0,24.32,9.275605191795,9.243284175716084,3.772259217287439,4.146986954166114,0.0,0.0,MIDLANDS,25.0,505.1,5332,Q2
C84077,4373,1803,41.23027669791905,36.41922456185547,0.0,27.82,9.828831353210273,17.211484498619434,6.694951399824904,6.738051945316182,1.0,0.0,MIDLANDS,24.5,476.5,8975,Q3
C84084,357,121,33.89355742296919,45.05066857614296,1.0,7.26,9.038048350819407,15.523522890860129,4.53033423174402,4.910502139236495,0.0,0.0,MIDLANDS,31.0,746.9,6389,Q3
C84086,3292,1297,39.39854191980559,48.245379624384036,0.0,7.41,9.603192942033504,18.723557477720767,4.860923575479341,2.565487442614097,0.0,0.0,MIDLANDS,25.0,301.4,4550,Q3
C84094,7760,3395,43.75,48.68567848027754,0.0,21.66,10.052061999750595,14.526491955911984,8.320553937143332,1.999691139658746,1.0,1.0,MIDLANDS,25.9,464.2,11253,Q4
C84095,262,102,38.93129770992366,45.945456427240735,0.0,22.1,8.880423270103355,7.633000301351447,4.969980760796495,2.7446162414520505,0.0,0.0,MIDLANDS,26.6,869.5,6154,Q3
C84107,1337,610,45.6245325355273,44.08054242860078,0.0,16.97,8.880318950700431,11.127983400758094,7.71540182359828,3.4867681327012026,0.0,0.0,MIDLANDS,24.0,495.5,3447,Q4
C84113,112,25,22.321428571428573,38.646108536532545,1.0,17.82,8.889067044529313,10.22211497673136,2.757764831603985,3.897640961081044,0.0,0.0,MIDLANDS,35.3,903.5,6707,Q1
C84115,199,36,18.09045226130653,44.97035902218078,0.0,7.93,9.11382029387334,18.32615938105159,5.52134289007792,6.402408246037501,0.0,0.0,MIDLANDS,32.2,774.1,7623,Q1
C84116,128,47,36.71875,49.41298068004134,0.0,39.7,9.046840569422816,15.858684984494602,4.270853777428853,3.4543670272816485,0.0,0.0,MIDLANDS,29.8,1154.5,9663,Q3
C84120,502,196,39.04382470119522,43.10791523867531,0.0,9.46,9.673922385042172,15.641790417201776,4.562538331717085,2.9354566465552936,0.0,0.0,MIDLANDS,33.7,784.5,12410,Q3
C84122,258,102,39.53488372093023,44.68088502921363,0.0,15.96,9.260344085211276,21.43429011153124,2.5366023790159566,8.700546161565718,0.0,0.0,MIDLANDS,24.9,743.7,8045,Q3
C84123,103,38,36.89320388349515,30.698494276551916,1.0,20.94,8.338764049337627,11.794003388385295,7.331407509114454,8.861440383305109,0.0,0.0,MIDLANDS,29.4,995.2,4370,Q3
C84131,572,227,39.68531468531469,38.31689168714858,0.0,18.17,9.013940174572667,16.616295815095025,4.6408794961562645,6.588101662035252,0.0,0.0,MIDLANDS,28.0,628.2,5420,Q3
C84613,3498,1484,42.42424242424242,49.05748084506139,0.0,15.23,9.414437010370158,9.784602841068152,5.327172658014541,8.78439899408847,0.0,1.0,MIDLANDS,21.8,656.1,8017,Q4
C84619,328,67,20.42682926829268,56.53695864539238,0.0,30.39,8.845849246837444,6.64219038802102,6.757372878842416,2.303649845223526,0.0,0.0,MIDLANDS,33.3,703.7,4849,Q1
C84624,1205,201,16.680497925311204,36.210358676083644,0.0,14.51,8.632157443216759,4.944287625612836,1.236071907294607,0.0,0.0,0.0,MIDLANDS,25.2,683.1,3871,Q1
C84654,1174,569,48.46678023850085,30.72654580547322,0.0,23.51,8.37122285008678,3.7647726801797456,4.443501571811536,4.443501571811536,0.0,0.0,MIDLANDS,21.9,572.3,2621,Q4
C84656,868,391,45.046082949308754,29.723846593739047,1.0,15.82,9.01598671895839,6.963280839642119,5.311525849965588,2.429051455406664,0.0,0.0,MIDLANDS,23.9,790.6,6804,Q4
C84667,933,339,36.334405144694536,34.856883451999806,0.0,14.43,8.618711334606585,6.649500835704928,5.541250695216155,2.794717741338032,0.0,0.0,MIDLANDS,19.9,567.4,3444,Q3
C84691,2052,1351,65.83820662768031,68.95907307045412,0.0,49.72,9.100720799397973,16.27658288392334,2.082926511005105,2.2019508845928533,0.0,0.0,MIDLANDS,24.5,329.0,2991,Q4
C84695,1163,590,50.73086844368014,37.20266897570417,0.0,36.62,8.384632755831756,11.021674183935604,1.7050103693554832,8.403265401609865,0.0,0.0,MIDLANDS,21.1,601.1,2717,Q4
C84704,834,175,20.983213429256597,46.07792769650921,0.0,34.64,8.934619807923646,5.445582601363591,0.0,1.7566395494219558,0.0,0.0,MIDLANDS,33.5,562.0,4603,Q1
C84714,192,23,11.979166666666666,37.90301612064483,0.0,25.25,8.817680426698852,13.426960054300206,3.95463464599968,1.263713888264985,1.0,0.0,MIDLANDS,26.7,259.3,1610,Q1
C85007,4222,1616,38.27569872098532,31.366591525368356,0.0,36.12,9.281730368062856,18.621973930167595,1.638733705772812,2.184978273743017,0.0,0.0,NORTH EAST AND YORKSHIRE,19.8,194.2,2035,Q3
C85010,6913,1710,24.73600462895993,47.74923135581533,0.0,23.51,9.734156255780418,18.367840488413982,6.585889494854773,2.9612812476865,0.0,0.0,NORTH EAST AND YORKSHIRE,19.5,268.4,4481,Q1
C85017,277,60,21.660649819494584,56.53750575241602,0.0,37.18,9.389100037203775,8.832738626226583,5.642283674732382,2.988403211975914,0.0,0.0,NORTH EAST AND YORKSHIRE,35.2,762.0,8945,Q1
C85022,288,120,41.66666666666666,53.0519082491854,0.0,26.83,9.46307508746783,12.630995760396104,5.674897252774992,1.0976991041066633,0.0,0.0,NORTH EAST AND YORKSHIRE,62.9,1010.0,13296,Q4
C85023,350,208,59.42857142857143,35.02660089543057,0.0,41.83,9.32529719543237,10.671183116796293,7.15500783633811,4.99186593274352,0.0,0.0,NORTH EAST AND YORKSHIRE,29.9,834.3,9538,Q4
C85030,370,90,24.324324324324323,43.535200721282415,0.0,31.71,9.219836804453529,6.9079532794585,10.037558298567832,4.490486607618969,0.0,0.0,NORTH EAST AND YORKSHIRE,27.2,529.0,5337,Q1
C85619,448,105,23.4375,38.61983779248625,0.0,35.45,9.06444717179578,11.293028637547009,4.883154950535146,10.622235077813134,0.0,0.0,NORTH EAST AND YORKSHIRE,45.2,1038.9,9048,Q1
C86001,4475,3151,70.41340782122904,42.02778401915284,1.0,37.82,9.725108214974798,13.048617958464067,6.645749290303301,4.382688381293889,0.0,0.0,NORTH EAST AND YORKSHIRE,21.7,466.7,7801,Q4
C86002,2983,809,27.120348642306404,31.480151605824854,0.0,38.66,9.02488390648674,13.058473020554336,1.926028469108309,4.301463581811069,0.0,0.0,NORTH EAST AND YORKSHIRE,24.5,629.5,5198,Q2
C86003,380,81,21.31578947368421,31.519603342209162,0.0,27.33,9.1722317069348,11.745864101183416,4.903344212339737,4.099971432133179,0.0,0.0,NORTH EAST AND YORKSHIRE,40.0,716.6,6985,Q1
C86011,865,230,26.589595375722546,41.60494078385088,0.0,22.45,9.538408343872582,11.332941162826993,6.396388825527929,1.4982532384119476,0.0,0.0,NORTH EAST AND YORKSHIRE,29.7,817.0,11461,Q1
C86015,448,83,18.526785714285715,40.510390298463534,0.0,29.22,9.029597568295443,12.747858384951776,8.722218894147247,3.875476745941413,0.0,0.0,NORTH EAST AND YORKSHIRE,32.2,624.5,5184,Q1
C86023,833,157,18.84753901560624,41.18513577364574,0.0,31.05,9.557776098827077,16.371900245861102,2.1665920914678662,6.156135930103855,0.0,0.0,NORTH EAST AND YORKSHIRE,25.1,740.1,10318,Q1
C86025,122,29,23.770491803278688,29.565472695243688,0.0,40.19,8.82062557395925,2.953119232189,8.426233541528239,5.039990157253599,0.0,0.0,NORTH EAST AND YORKSHIRE,29.1,774.8,5131,Q1
C86026,146,38,26.02739726027397,44.73101655012474,0.0,34.76,8.5146232252136,6.309527786652407,5.133175149550513,3.2082344684690702,0.0,0.0,NORTH EAST AND YORKSHIRE,33.6,619.3,3089,Q1
C86038,2651,863,32.55375330064127,46.81311495827625,0.0,24.28,9.135841297710972,24.19054630048929,2.068501144678368,8.360192126408403,0.0,0.0,NORTH EAST AND YORKSHIRE,37.2,770.0,7320,Q2
C86605,185,57,30.81081081081081,19.991497669731704,1.0,39.83,8.929556673159935,8.792469902784061,0.0,6.3560023393619725,0.0,0.0,NORTH EAST AND YORKSHIRE,29.1,1020.6,7933,Q2
C87004,172,53,30.813953488372093,25.46117643498131,1.0,16.48,9.378337601481984,14.990982867166368,8.00270514004734,6.608011442177637,0.0,1.0,NORTH EAST AND YORKSHIRE,39.8,645.4,7750,Q2
C87007,3666,1159,31.61483906164757,37.833362268132106,0.0,16.94,9.357034751126989,12.895797352331607,8.151986183074266,7.795048935233162,0.0,0.0,NORTH EAST AND YORKSHIRE,16.3,570.0,6667,Q2
C87009,2842,1102,38.775510204081634,43.74130020106202,0.0,23.01,9.270745361832146,18.024350445901845,3.26346177921426,10.041420861365632,0.0,0.0,NORTH EAST AND YORKSHIRE,23.8,594.9,6381,Q3
C88007,2173,500,23.00966405890474,47.46475892828076,0.0,22.6,10.248928379420713,7.6890159194400445,2.633418577281456,8.740306820518718,0.0,0.0,NORTH EAST AND YORKSHIRE,28.0,333.2,8930,Q1
C88015,8172,3427,41.93587860988742,46.5347353334344,0.0,33.97,9.853395291005748,11.943541533420367,8.186652882413243,6.364281522030544,0.0,0.0,NORTH EAST AND YORKSHIRE,21.3,221.8,4197,Q4
C88023,2033,1223,60.15740285292671,53.27363302099395,0.0,18.23,9.186969385652942,9.50817210871123,6.687822022724946,10.591326304637116,0.0,0.0,NORTH EAST AND YORKSHIRE,29.7,678.6,6491,Q4
C88030,2375,1231,51.83157894736842,52.07601509829163,0.0,39.45,9.022775090859174,22.453431446062908,3.892357026448325,7.077012776018577,0.0,0.0,NORTH EAST AND YORKSHIRE,32.8,736.3,6112,Q4
C88031,3658,1436,39.25642427556041,37.23076460597316,0.0,21.07,9.517647359855893,7.785697212862578,3.628095679256731,3.020144510482868,0.0,0.0,NORTH EAST AND YORKSHIRE,25.8,553.7,7689,Q3
C88036,3703,1743,47.06994328922495,45.76098589939421,0.0,19.16,9.272493237198267,15.07141234911312,5.0871216567602495,2.706448960413485,0.0,0.0,NORTH EAST AND YORKSHIRE,19.9,675.8,7139,Q4
C88044,1734,731,42.15686274509804,56.17372315904404,0.0,6.13,8.595280141688603,7.313242797465818,2.9596288132196755,1.9730858742466049,0.0,0.0,NORTH EAST AND YORKSHIRE,20.8,331.2,1800,Q4
C88046,865,180,20.809248554913296,51.42137992300859,0.0,10.99,8.864358057576194,1.8091233525317127,0.0,16.809771151549416,0.0,0.0,NORTH EAST AND YORKSHIRE,28.4,605.7,4180,Q1
C88053,119,48,40.33613445378151,39.16374376961418,0.0,3.92,8.318274663714913,14.966346057709906,2.6028427907355063,3.709050979116254,0.0,0.0,NORTH EAST AND YORKSHIRE,38.4,852.2,3390,Q3
C88087,312,73,23.397435897435894,40.49759196213568,0.0,40.31,9.138710097024855,21.084678392909893,5.872610894051296,10.91446219954344,0.0,0.0,NORTH EAST AND YORKSHIRE,36.3,1190.9,11296,Q1
C88092,256,93,36.328125,42.6572751833269,0.0,18.84,9.156939595249067,15.506610407172994,4.44444444514768,3.656821377637131,0.0,0.0,NORTH EAST AND YORKSHIRE,38.1,597.2,5706,Q3
C88652,801,312,38.95131086142322,48.65905179158191,0.0,7.1,8.286458399406207,10.747948024434788,4.769401937149695,3.6946071314314506,0.0,0.0,NORTH EAST AND YORKSHIRE,21.1,469.9,1973,Q3
C88655,281,109,38.79003558718861,47.61670358519977,0.0,42.95,7.061977384829925,20.56995928862224,0.0,0.0,0.0,0.0,NORTH EAST AND YORKSHIRE,23.8,485.3,560,Q3
K83003,2342,1122,47.90777113578138,58.42580830716871,0.0,21.71,9.167685100808512,8.626912138726313,4.8978597959804855,1.669724930210716,0.0,0.0,MIDLANDS,22.7,517.3,5063,Q4
K83006,2239,891,39.7945511389013,42.02231781061031,0.0,19.04,9.17921943356836,11.664073312414567,3.9888929955382855,3.7137969275207823,0.0,0.0,MIDLANDS,24.5,2107.5,20177,Q3
K83014,3170,1179,37.19242902208202,46.05517625999586,0.0,24.67,9.819883998679272,11.640264372256524,4.472006922007148,3.276089349176221,0.0,0.0,MIDLANDS,23.0,526.9,9494,Q3
K83021,5581,2732,48.9518007525533,38.02174812455602,1.0,16.36,9.967049034025871,8.20801564058651,6.431280547096775,2.802737048211144,0.0,0.0,MIDLANDS,23.6,384.8,8464,Q4
K83022,4010,1507,37.581047381546135,47.0653897380605,1.0,9.0,9.323185309343636,14.435552908772843,6.931923921539434,4.192503815684669,0.0,1.0,MIDLANDS,21.2,278.3,3267,Q3
K83025,2915,1575,54.03087478559177,40.151953555227834,0.0,27.94,9.777012160070337,10.228524684921531,1.1348215256729728,1.1348215256729728,0.0,0.0,MIDLANDS,21.7,294.0,4932,Q4
K83032,2693,529,19.64352023765317,30.737130080962103,0.0,17.6,10.016075636284535,10.452261906843235,6.099753909925875,1.072222367005335,0.0,0.0,MIDLANDS,27.2,445.7,9833,Q1
K83036,4813,1618,33.61728651568668,21.227007698998165,0.0,18.8,9.746921457941884,11.476576128994532,4.771511270941145,3.524057343507879,0.0,0.0,MIDLANDS,21.1,290.4,4944,Q2
K83041,4418,1742,39.42960615663196,47.180396848314835,0.0,15.6,10.062188578105062,5.0455600703932415,7.428975707505414,8.043316730340553,0.0,0.0,MIDLANDS,39.6,1299.5,30950,Q3
K83042,2403,2007,83.52059925093633,38.04187357401691,0.0,24.53,9.635983853772473,5.383597667543244,9.58245539486794,4.773805051042909,0.0,0.0,MIDLANDS,27.2,511.0,7885,Q4
K83055,1814,669,36.87982359426682,33.550112002312304,0.0,8.13,8.962765371882032,5.772658859344812,4.508822305007311,1.7078872375991374,0.0,0.0,MIDLANDS,21.9,292.4,2324,Q3
K83064,154,60,38.96103896103896,32.97422359931915,1.0,10.29,9.703714602128418,16.06187035494047,5.779993894576168,4.591431769614328,0.0,1.0,MIDLANDS,30.5,721.9,11815,Q3
K83065,1609,731,45.4319453076445,30.983213429256594,1.0,12.15,8.883871270094517,8.316392533727592,5.359452965255961,8.427277767510626,0.0,1.0,MIDLANDS,22.3,392.7,2719,Q4
K83076,1881,639,33.97129186602871,31.731196253381242,0.0,25.38,9.111983054359314,12.416443697349186,6.620141781369818,2.2067139271232725,0.0,0.0,MIDLANDS,20.7,409.1,3626,Q3
K83080,1950,1051,53.8974358974359,77.93472791316225,0.0,11.89,8.63187512733313,22.92134163677164,6.8478697002570925,4.137254610571993,0.0,0.0,MIDLANDS,27.4,318.8,1772,Q4
K83616,104,36,34.61538461538461,42.7563713592233,1.0,12.42,8.670114544502347,1.0984924335612325,7.277512372343164,6.8655777097577015,0.0,0.0,MIDLANDS,31.4,617.3,3922,Q3
K83618,2922,1232,42.16290212183436,32.29843423599532,0.0,25.7,9.454214224738982,4.053754032727794,2.65374619581826,0.0,0.0,0.0,MIDLANDS,24.3,412.4,5130,Q4
K83620,2639,1072,40.62144751799924,55.17081185201972,1.0,9.51,9.10064640639832,5.320785247319427,9.344108320980537,8.719183879181275,0.0,1.0,MIDLANDS,22.0,376.2,3423,Q3
K83622,4932,2293,46.49229521492296,55.58528068761751,0.0,18.32,9.624434806782402,7.850187266358229,4.882132627891607,1.3218770654329148,0.0,0.0,MIDLANDS,24.8,369.9,5756,Q4
M81002,2432,895,36.80098684210526,40.83814319702126,0.0,24.22,9.580817131161869,13.02011955537912,4.952505883287018,6.406959283359512,0.0,0.0,MIDLANDS,30.4,491.8,7074,Q3
M81004,633,186,29.38388625592417,49.10655382353495,0.0,16.32,9.65509029374725,10.836912163963849,5.093690574963143,14.9733991410807,0.0,1.0,MIDLANDS,39.7,628.1,9926,Q2
M81006,3746,1174,31.340096102509342,50.00248863523244,0.0,12.11,9.988594339166688,9.037195775294656,6.912842492116945,1.7388642274605848,0.0,0.0,MIDLANDS,28.7,521.7,11451,Q2
M81007,252,87,34.523809523809526,40.97369787977523,1.0,11.74,8.637402909924269,13.020572239891225,5.7696855042563255,16.71790021340742,0.0,1.0,MIDLANDS,26.1,756.5,4250,Q3
M81008,1416,393,27.75423728813559,43.54374715471567,0.0,22.81,9.891937776585667,11.998583736575004,4.505066513462934,2.319974372038914,0.0,0.0,MIDLANDS,32.9,497.1,10100,Q2
M81010,5047,1773,35.12978006736675,36.99603394601049,0.0,26.38,9.579210649614792,11.724408178549202,12.8898416430399,7.855611645114446,0.0,0.0,MIDLANDS,21.0,495.0,7305,Q3
M81015,2859,1051,36.76110528156698,52.55801724257227,0.0,18.98,9.18435567500419,11.85063546569508,6.130582782367733,4.324250355621697,0.0,0.0,MIDLANDS,23.9,659.2,6332,Q3
M81016,673,146,21.693907875185737,42.570562709857356,0.0,23.71,9.8704132448067,17.162899667861083,6.794377066910144,8.05540242523429,0.0,1.0,MIDLANDS,24.9,641.2,12446,Q1
M81017,1105,409,37.01357466063349,62.864395871570565,0.0,31.16,9.424046194367737,10.853954815567564,6.180724270514364,6.482223015122047,0.0,0.0,MIDLANDS,27.5,573.5,7119,Q3
M81020,1926,507,26.32398753894081,36.742550327800046,0.0,24.16,9.40432970586004,13.749742604708626,4.7882490224449175,2.10858672523852,0.0,0.0,MIDLANDS,26.3,556.6,6687,Q1
M81021,543,185,34.06998158379374,36.66609120280169,0.0,11.04,9.466183419453408,12.408862735472884,10.92227685107042,6.4418721690991445,0.0,0.0,MIDLANDS,24.8,475.0,6206,Q3
M81022,3788,1613,42.581837381203805,40.05067315813006,0.0,19.76,9.80989547927445,9.951527518587833,7.350027681748928,8.799535132894396,0.0,1.0,MIDLANDS,26.2,557.9,10211,Q4
M81024,115,29,25.217391304347824,39.53500190572989,1.0,18.33,8.549676515660433,14.920701504009294,13.629983382004164,13.139510493861025,0.0,1.0,MIDLANDS,25.2,631.7,3253,Q1
M81029,191,61,31.93717277486911,37.12666304642954,1.0,12.75,8.990566138131577,16.378057391304345,5.614384783854492,7.707321124953284,0.0,1.0,MIDLANDS,30.5,670.3,5414,Q2
M81037,786,214,27.2264631043257,35.50802139037433,0.0,16.36,9.38878637294046,10.368104403839853,3.538130128901375,4.417085532232315,0.0,0.0,MIDLANDS,28.5,561.1,6589,Q2
M81039,3686,2367,64.21595225176343,49.29873596212922,0.0,15.87,9.382267818906072,20.253875141708363,6.354597189269601,2.9303001171839367,0.0,0.0,MIDLANDS,30.5,378.0,4543,Q4
M81040,7198,1975,27.43817727146429,36.44800818903011,1.0,21.47,9.987227264015475,9.785295233423897,9.797557506466434,7.259266639025456,0.0,0.0,MIDLANDS,22.2,527.7,11472,Q2
M81041,339,68,20.058997050147493,33.600517773573635,0.0,18.53,9.30705865085262,10.215907887976035,6.899369070854704,4.091204817756797,0.0,0.0,MIDLANDS,32.1,579.5,6488,Q1
M81045,425,169,39.76470588235294,35.82834614402814,1.0,17.24,8.516526302428534,7.471647766511007,5.6571047351567705,13.555703803869244,0.0,1.0,MIDLANDS,26.0,601.1,3047,Q3
M81049,378,140,37.03703703703704,43.38339871528375,0.0,15.49,9.356466080541082,3.617485472598844,8.387036383954609,10.967662963832346,0.0,0.0,MIDLANDS,26.7,476.1,5452,Q3
M81054,187,62,33.155080213903744,31.13535314269054,1.0,23.21,8.904166146514916,8.33040939072563,14.08925761972134,0.0,0.0,1.0,MIDLANDS,21.4,772.6,5587,Q2
M81057,5371,1874,34.89108173524483,39.569689985665704,1.0,19.13,9.632504166596286,9.843141326223426,13.06008271822806,9.458507030393758,0.0,0.0,MIDLANDS,21.4,593.9,9056,Q3
M81061,613,183,29.853181076672104,37.812606595931854,0.0,16.34,9.087560497890545,15.236745654496632,10.25109530239789,5.246148772789373,0.0,0.0,MIDLANDS,26.4,557.7,4886,Q2
M81063,2557,1031,40.320688306609306,59.68388953313576,0.0,15.99,9.516838065185562,8.086408773606314,4.926428646397487,4.965683056937296,0.0,0.0,MIDLANDS,30.0,471.0,6607,Q3
M81064,786,260,33.07888040712468,35.25930729789433,0.0,11.68,9.008122183467773,18.41069060614097,5.386106293991635,1.6974395585024993,0.0,0.0,MIDLANDS,38.6,666.3,5533,Q2
M81072,250,113,45.2,55.44317728989165,0.0,18.27,8.852545753817108,17.047648560532025,1.6780683154959122,2.593378305246348,0.0,0.0,MIDLANDS,44.5,782.2,5424,Q4
M81075,3946,2373,60.13684744044602,45.13217574563614,0.0,18.3,9.475693754319888,13.743473064607876,5.215157189694952,8.446509487367944,0.0,0.0,MIDLANDS,24.9,464.4,5953,Q4
M81076,893,399,44.680851063829785,56.47497337593184,0.0,12.19,8.043074439991026,23.13500776843572,9.768114389760616,0.0,0.0,0.0,MIDLANDS,18.4,474.4,1471,Q4
M81081,219,71,32.42009132420091,35.0753524550316,0.0,16.19,8.598358345833745,14.55596023051035,3.737341138721129,2.950532478908303,0.0,0.0,MIDLANDS,28.1,608.9,3467,Q2
M81091,101,20,19.8019801980198,50.43803437560351,0.0,13.58,9.562017849354625,13.967709029512116,3.3017927707622494,5.965739209961659,0.0,0.0,MIDLANDS,31.8,516.5,7327,Q1
M81092,1916,790,41.23173277661795,46.554631139611374,0.0,17.6,8.63983846130425,13.775818605021447,5.000810861430951,4.245971487122027,0.0,0.0,MIDLANDS,26.8,488.1,2732,Q3
M81600,340,103,30.294117647058822,56.88760428299284,1.0,15.61,8.280077482535145,24.608104109519584,5.408374531626316,18.185659358600585,0.0,1.0,MIDLANDS,28.2,615.8,2473,Q2
M81629,2696,1819,67.47032640949556,51.786280618622094,0.0,15.97,9.231849059463569,13.767341712598586,3.706090090613251,7.125088696588342,0.0,0.0,MIDLANDS,27.5,363.9,3683,Q4
M82002,432,129,29.86111111111111,42.5559256248197,0.0,11.11,9.215991043484998,12.051706992707988,7.345044745773948,1.697050049055353,0.0,0.0,MIDLANDS,26.8,508.9,5100,Q2
M82004,448,93,20.758928571428573,33.39019434967609,0.0,16.71,9.859135027465332,14.154049863233274,4.8364897123543065,6.585710054532469,1.0,0.0,MIDLANDS,50.2,589.5,11323,Q1
M82006,3768,1185,31.44904458598726,46.816562778272484,0.0,18.82,9.391153847742926,13.397967771433342,9.169373291974711,3.4718986250113018,0.0,0.0,MIDLANDS,24.6,399.5,4597,Q2
M82008,141,44,31.20567375886525,29.783784839547646,1.0,14.98,8.874051451884801,21.35075236300012,7.614603989268635,3.172751662661845,0.0,0.0,MIDLANDS,29.7,454.5,3208,Q2
M82011,173,67,38.72832369942196,51.99912126537786,1.0,18.62,8.408345119817433,13.498847842117002,5.827696426075969,1.114992938378057,0.0,1.0,MIDLANDS,35.9,610.0,2769,Q3
M82012,4025,1698,42.18633540372671,49.025680732997806,0.0,26.52,9.586611222499435,9.316958489426328,3.3497119911223483,3.1300587458028506,0.0,0.0,MIDLANDS,21.9,370.1,5228,Q4
M82023,200,36,18.0,33.82982180577371,1.0,14.72,8.943778141700701,13.368000784586766,1.671000097910162,12.98506325997324,0.0,1.0,MIDLANDS,26.2,540.6,4157,Q1
M82025,6064,1899,31.315963060686016,38.98191389997453,1.0,18.01,9.94280441491308,15.04983495048553,9.793930072589172,10.960484568791465,0.0,1.0,MIDLANDS,22.6,385.3,8194,Q2
M82035,3785,1534,40.52840158520476,34.80835151137426,1.0,20.55,9.41131329449041,17.66738690350417,6.805215696164569,9.902461300924948,0.0,1.0,MIDLANDS,22.4,339.7,4114,Q3
M82040,729,231,31.68724279835391,42.50235774913549,0.0,16.78,8.734372324230415,12.704885050835635,5.279394801083779,8.798991334066583,0.0,0.0,MIDLANDS,24.9,619.2,3961,Q2
M82041,117,16,13.675213675213676,33.34907888521493,1.0,21.02,8.868706503691119,17.03704572420344,6.829828903404361,3.602547113388763,0.0,0.0,MIDLANDS,28.1,552.9,3924,Q1
M82042,160,47,29.375,57.07340254423161,0.0,46.63,8.792498992799963,7.565050115925889,6.074719044244204,9.112078566366304,0.0,0.0,MIDLANDS,43.0,684.9,4446,Q2
M82043,284,59,20.774647887323944,41.845618107951246,1.0,20.3,8.932498613324816,11.407195511057322,8.344152271977116,2.534932335790516,0.0,0.0,MIDLANDS,25.4,634.8,4738,Q1
M82047,3834,1355,35.34167970787689,64.39660669235674,0.0,13.9,9.300341026620115,11.527711137615098,4.484352746132931,2.5833771252313387,0.0,0.0,MIDLANDS,20.5,421.1,4688,Q3
M82048,426,81,19.01408450704225,36.806478533675396,0.0,18.05,8.809788175728663,11.184914296589296,4.935691717292336,2.0698062034480187,0.0,0.0,MIDLANDS,31.4,741.3,5138,Q1
M82060,628,198,31.528662420382165,38.82849954905777,0.0,14.41,9.077770421779636,9.68211529861752,6.759212566959402,5.632677139894008,0.0,0.0,MIDLANDS,22.9,693.2,6318,Q2
M82606,368,112,30.43478260869565,38.86381025248661,0.0,19.12,8.619945308157495,12.3200938450664,3.56127712811875,2.887521994796445,0.0,0.0,MIDLANDS,29.3,654.0,3697,Q2
M83004,2924,1300,44.45964432284542,51.41607815873248,0.0,27.56,9.129157431150498,13.766799527127793,8.907929106043762,2.1691385808410835,0.0,0.0,MIDLANDS,24.2,372.7,3432,Q4
M83005,418,168,40.19138755980861,59.69336937962436,0.0,28.73,8.560619791005864,19.71179164866029,2.298006798270112,2.0426727082967617,0.0,0.0,MIDLANDS,37.3,697.2,3770,Q3
M83007,621,233,37.52012882447665,55.47021356313226,0.0,21.5,8.942232142481506,11.784830953486091,3.4517700127480144,1.8130509149151768,0.0,0.0,MIDLANDS,31.1,632.3,5189,Q3
M83009,1026,432,42.10526315789474,38.72942082605526,1.0,16.35,9.303762406719631,7.650795820297378,2.5016887911287204,8.37944304028053,0.0,1.0,MIDLANDS,23.3,606.1,6518,Q4
M83012,2062,728,35.30552861299709,39.851435953492995,0.0,17.56,9.015925990828087,23.190752848843093,4.76122998441264,3.562825159213749,0.0,0.0,MIDLANDS,28.6,592.8,4870,Q3
M83016,115,27,23.47826086956522,43.77270120435863,0.0,13.81,8.895755190029389,4.821312392279508,4.127335609455433,0.8766022531417288,0.0,0.0,MIDLANDS,26.5,737.9,5444,Q1
M83018,1536,769,50.06510416666666,61.75413909763181,0.0,11.82,9.069295106494067,8.47486901951753,7.062390849214117,2.026599113362888,0.0,0.0,MIDLANDS,22.4,507.5,4469,Q4
M83020,233,43,18.4549356223176,36.02036946746844,0.0,11.95,9.179881164491476,12.536082474226804,3.5738831608247423,1.209621993814433,0.0,0.0,MIDLANDS,25.9,576.0,5474,Q1
M83026,447,151,33.78076062639821,46.2952627104818,0.0,25.21,9.795170289052042,11.795417155490815,3.4026384772502944,1.7830419970070368,0.0,0.0,MIDLANDS,34.5,602.0,10337,Q2
M83027,3095,1281,41.38933764135703,46.635947723135956,0.0,10.91,9.261073092604953,15.309913264208484,4.841379857261675,8.516772941502635,0.0,1.0,MIDLANDS,20.7,492.8,5375,Q3
M83042,2667,1107,41.50731158605174,40.6290271370674,0.0,17.78,9.21777930107318,16.040232928467443,4.195341449841186,1.3763896234780308,0.0,0.0,MIDLANDS,23.3,417.5,4081,Q3
M83048,183,74,40.43715846994535,39.99377870487274,0.0,16.64,9.19166710671056,11.655629139072843,10.9492273723892,0.5977245705552725,0.0,0.0,MIDLANDS,30.9,766.3,7558,Q3
M83052,306,105,34.31372549019608,41.532393824250875,0.0,10.2,9.995614641374312,8.390300994448268,6.042821504402249,3.4777189626122422,0.0,1.0,MIDLANDS,33.7,594.0,13337,Q3
M83054,3017,980,32.48259860788863,46.763313004667644,1.0,17.67,9.241144353352876,18.8244420388836,6.386864262326874,3.4649385076846,0.0,0.0,MIDLANDS,23.2,457.3,4705,Q2
M83062,1338,343,25.63527653213752,41.237524950099804,0.0,19.35,9.450891527945426,9.80751339753921,5.660599866346948,4.402688784936514,0.0,1.0,MIDLANDS,25.3,615.6,7900,Q1
M83063,106,37,34.905660377358494,52.7147385900468,1.0,19.67,8.254247091048397,28.356312150367465,4.023673768508682,0.0,0.0,0.0,MIDLANDS,33.9,764.3,2944,Q3
M83066,2210,1410,63.800904977375566,67.46601104526356,0.0,19.55,8.986071187374463,26.162766442247527,5.9066449755975485,3.837650689525717,0.0,0.0,MIDLANDS,24.8,482.4,3763,Q4
M83068,4387,2087,47.57237291999088,52.64966899859642,0.0,33.44,9.612009395173583,8.36948884060719,7.387992281867966,1.677466846161568,0.0,0.0,MIDLANDS,28.8,604.3,8907,Q4
M83071,2882,1333,46.25260235947259,62.88939416673399,0.0,17.81,9.37009673910999,12.342048626648769,7.705256877410555,5.705072201836817,0.0,0.0,MIDLANDS,30.2,431.3,4973,Q4
M83072,331,112,33.8368580060423,48.988445057642046,0.0,14.87,9.3813973318698,11.10213713471033,5.685912336940873,2.269870143201276,0.0,0.0,MIDLANDS,24.8,628.4,7240,Q2
M83074,4390,1276,29.06605922551253,52.1442688902663,0.0,13.75,9.567029482481235,13.197146374226364,3.191954780640608,6.234578343006808,0.0,1.0,MIDLANDS,22.5,497.2,7100,Q2
M83084,2114,962,45.50614947965941,56.48492291781132,0.0,18.57,8.787245773598192,14.981807081244751,7.857306428844049,2.442685936744612,0.0,0.0,MIDLANDS,27.8,482.1,3182,Q4
M83088,2483,432,17.39830849778494,34.069770112302784,0.0,19.1,9.642344625265965,11.558301459524674,5.2533244961886165,11.036512462061989,0.0,0.0,MIDLANDS,28.1,426.6,6432,Q1
M83089,332,132,39.75903614457831,45.8586511527688,0.0,15.68,9.28836566141395,14.947047126670672,7.794169787726031,6.0676131905841,0.0,0.0,MIDLANDS,32.7,557.8,5988,Q3
M83090,187,69,36.898395721925134,38.730345911949684,0.0,31.49,8.571791850395844,13.63485726008806,5.302444490034246,0.0,0.0,0.0,MIDLANDS,30.6,516.1,2769,Q3
M83096,1271,592,46.57749803304485,44.06626610634529,0.0,16.1,8.602957958377031,8.321478287366343,6.706132502409251,4.601287992290396,0.0,1.0,MIDLANDS,29.0,641.6,3340,Q4
M83097,173,35,20.23121387283237,37.48516574804188,0.0,14.79,9.108187668745192,26.34498416827416,5.936481859211607,4.164397722133516,0.0,0.0,MIDLANDS,28.3,570.9,5244,Q1
M83100,109,15,13.761467889908255,36.85858932555346,0.0,27.8,8.336330569858527,11.247578536936071,13.548219598586064,4.729095522137679,0.0,0.0,MIDLANDS,29.2,742.2,3095,Q1
M83102,194,72,37.11340206185567,39.364027823782706,0.0,44.03,8.875322077868107,4.77172380945724,10.456785377276065,0.0,0.0,0.0,MIDLANDS,31.7,733.9,5421,Q3
M83108,145,54,37.241379310344826,38.6242243343021,0.0,16.55,8.93468567973712,17.922579867602018,6.690543863254619,12.049753538187923,0.0,1.0,MIDLANDS,27.6,1009.2,7918,Q3
M83109,138,51,36.95652173913044,50.10040514356174,0.0,18.12,8.253271047417677,20.554663427802613,5.833080161451327,0.0,0.0,0.0,MIDLANDS,26.9,639.6,2534,Q3
M83117,1479,485,32.79242731575389,49.97994822997558,0.0,21.31,9.058024119668556,8.011955825553637,9.34728179686742,6.086602099256643,0.0,0.0,MIDLANDS,25.3,653.2,5373,Q2
M83123,164,35,21.341463414634145,54.86167800453515,0.0,31.09,9.183491477947712,19.72248140214516,3.8623192747879234,0.0,0.0,0.0,MIDLANDS,36.2,633.8,6498,Q1
M83127,113,22,19.469026548672566,55.868183243536016,0.0,43.94,8.851042944713026,8.555741227978038,1.069467652423013,1.8333731200763903,0.0,0.0,MIDLANDS,37.1,615.7,4278,Q1
M83130,162,32,19.753086419753085,47.23203769140165,0.0,21.95,8.293195108427147,9.474759691403072,6.939260620113013,3.069288348797932,0.0,0.0,MIDLANDS,29.6,811.7,3370,Q1
M83132,349,111,31.80515759312321,37.381227529532616,0.0,10.96,8.647929013405292,20.2164375548406,2.3398654589061127,6.036852880959345,0.0,0.0,MIDLANDS,27.9,635.4,3599,Q2
M83138,286,75,26.223776223776223,54.978127025275434,0.0,14.0,8.840736976505687,24.466661040749628,4.553731864304579,0.0,0.0,0.0,MIDLANDS,25.2,527.6,3620,Q1
M83141,2764,1227,44.39218523878437,46.63925221297397,0.0,12.09,9.102996409105309,15.734882080789712,2.375076541294788,4.334514687250663,0.0,0.0,MIDLANDS,25.9,414.9,3885,Q4
M83148,4254,1770,41.60789844851904,59.058491512312884,0.0,20.67,9.580287680454598,13.483844599612016,8.372141216562378,8.712921443250305,0.0,0.0,MIDLANDS,25.8,405.4,5821,Q4
M83608,1148,550,47.90940766550523,41.1138014527845,0.0,15.19,8.582356517322651,9.494066207370391,3.1980012479700184,1.998750779512804,0.0,0.0,MIDLANDS,23.4,525.2,2834,Q4
M83616,187,23,12.29946524064171,69.26484246624277,0.0,22.32,8.532590705596242,4.726658023009634,3.676289572138977,0.0,0.0,0.0,MIDLANDS,28.0,713.5,3735,Q1
M83625,179,58,32.402234636871505,52.87655862605643,0.0,38.26,9.333103578561808,9.151348084673556,0.7547503580641832,2.264251072423604,0.0,0.0,MIDLANDS,32.4,687.2,7888,Q2
M83640,1161,464,39.96554694229113,51.5946766285314,1.0,12.18,7.900852719096057,20.94150332088285,6.321963263466585,3.9512270387405466,0.0,1.0,MIDLANDS,27.8,551.3,1498,Q3
M83680,2345,669,28.52878464818763,49.4974358974359,0.0,13.47,8.84729997335422,9.086225693986846,4.217235555129572,5.329052199312303,0.0,1.0,MIDLANDS,22.6,446.3,3241,Q2
M83698,218,56,25.68807339449541,52.524118429807054,0.0,16.19,8.086076886422546,4.103932081976043,10.177751556159746,2.626516533203376,0.0,0.0,MIDLANDS,24.0,557.1,1762,Q1
M83711,141,50,35.46099290780142,37.87275091221742,0.0,8.73,8.307541546950327,7.761243112718901,8.090109348022692,0.0,0.0,0.0,MIDLANDS,32.3,597.6,2556,Q3
M84001,2040,631,30.931372549019606,33.857922965593566,0.0,25.19,9.526196793610854,17.203412490824686,5.230537394453491,2.469435869528231,0.0,0.0,MIDLANDS,40.7,613.8,8147,Q2
M84002,346,111,32.08092485549133,42.19030895940466,1.0,12.79,9.005384582673294,13.891696159653035,3.7969763310897897,3.142325238845359,0.0,0.0,MIDLANDS,28.9,740.6,6147,Q2
M84004,7783,2772,35.616086342027494,59.27288316070416,0.0,13.06,9.84470134396868,5.246179816348354,4.5532881418306825,4.298756506553305,0.0,0.0,MIDLANDS,21.1,294.8,6144,Q3
M84006,1237,284,22.95877122069523,43.19535437760572,1.0,17.85,9.255425267409434,23.65574266477608,2.829512323354629,1.886341549540364,0.0,1.0,MIDLANDS,27.4,473.1,5009,Q1
M84007,4100,1765,43.04878048780488,49.6585485003613,1.0,17.75,9.495907709952398,13.348198068419537,6.493717979231126,4.960479012664254,0.0,1.0,MIDLANDS,26.6,392.3,5273,Q4
M84010,2968,1342,45.21563342318059,62.87173530567275,0.0,12.05,9.25267322457535,16.03974790085391,7.003810238279722,1.9171013427697323,0.0,0.0,MIDLANDS,31.4,400.9,4199,Q4
M84011,844,215,25.473933649289098,49.8826696742037,0.0,26.78,9.976776737193884,12.861955469506295,3.8412391090803486,2.9862536298935147,0.0,0.0,MIDLANDS,56.7,1045.4,22534,Q1
M84013,4026,1742,43.26875310481868,42.46971186300169,0.0,5.62,9.432136349053282,13.998584761879334,5.703680957022123,2.0934858940706818,0.0,0.0,MIDLANDS,23.9,469.6,6012,Q4
M84014,2547,748,29.36788378484492,50.02413217003898,0.0,10.36,9.142721556042376,12.782424167127344,7.247177987053515,3.4238636160992924,0.0,1.0,MIDLANDS,21.2,369.7,3469,Q2
M84017,2611,985,37.72500957487553,48.387493340982665,0.0,9.81,9.57703577632215,14.091420983742887,2.310069013773787,1.995899627501372,0.0,0.0,MIDLANDS,21.7,333.7,4842,Q3
M84018,5554,2313,41.64566078501981,55.09941711608651,1.0,13.04,9.551379545201298,14.144777772932231,5.764091746944047,11.016241134805565,0.0,1.0,MIDLANDS,26.2,282.7,4043,Q4
M84021,1425,391,27.43859649122807,66.69415490170208,0.0,11.61,9.74030173405065,13.729623670682416,4.471687007024291,4.340148334575991,0.0,1.0,MIDLANDS,30.5,675.7,11568,Q2
M84022,875,251,28.685714285714287,53.15906952720028,0.0,29.34,9.040875808684737,11.436017927616644,8.403261793196043,5.4020968665468825,0.0,0.0,MIDLANDS,34.0,607.2,5164,Q2
M84026,217,63,29.032258064516128,37.73933386689651,1.0,10.0,8.893458321786534,21.34309575609198,3.587690196545018,5.601189795217938,0.0,0.0,MIDLANDS,29.1,690.1,4936,Q2
M84029,604,219,36.25827814569536,42.55087036949201,0.0,10.95,8.944082704709526,17.296544823325974,2.505736875876845,1.670491250584563,0.0,0.0,MIDLANDS,35.4,583.8,4712,Q3
M84030,944,372,39.40677966101695,44.35362272835489,1.0,12.44,9.488754630607048,17.905175243622416,8.29653554035982,4.703388761070878,0.0,1.0,MIDLANDS,27.6,469.2,6251,Q3
M84031,2024,834,41.205533596837945,42.79683082874572,1.0,14.38,8.982498299880419,19.3574045010989,4.21978021978022,11.353218210361064,0.0,1.0,MIDLANDS,19.9,480.5,3775,Q3
M84032,323,81,25.077399380804952,40.69329901932113,0.0,14.62,9.574062923087556,8.433686088936,3.911006076424488,2.187197710393244,0.0,0.0,MIDLANDS,36.6,450.2,6659,Q1
M84035,3816,1762,46.17400419287212,63.38542639520163,0.0,16.49,9.39225212258883,15.29515565349692,6.847249915451469,1.6673498169388845,0.0,0.0,MIDLANDS,21.7,318.7,3887,Q4
M84041,1581,672,42.50474383301708,58.20366404948846,0.0,27.04,8.811677078986946,18.03689817048643,3.8139696570903583,0.0,0.0,0.0,MIDLANDS,31.1,490.3,3553,Q4
M84043,6482,2428,37.45757482258562,38.880043457086124,0.0,11.26,9.9633707230749,10.825278342300765,5.87729729093328,6.341955410245241,0.0,1.0,MIDLANDS,23.1,516.9,11091,Q3
M84044,244,85,34.83606557377049,29.464257659073056,1.0,10.86,8.676004422554218,18.200691056351044,3.958650305003769,2.4570932927609594,0.0,1.0,MIDLANDS,35.5,769.2,4432,Q3
M84047,484,183,37.8099173553719,52.085632951838726,1.0,9.61,8.562182490647771,25.697487294976177,4.486862859419066,10.656299295422317,0.0,1.0,MIDLANDS,36.6,656.7,3524,Q3
M84049,152,24,15.789473684210526,42.44059889334925,1.0,11.74,8.661884991037244,7.383798907428505,5.076361749614226,5.168659233642434,0.0,0.0,MIDLANDS,26.6,643.4,3885,Q1
M84050,2668,1203,45.08995502248876,59.664850868407555,0.0,15.94,8.997074954189506,18.24554165379101,2.07935803946242,3.102534216785453,0.0,0.0,MIDLANDS,19.1,346.8,2901,Q4
M84051,283,98,34.628975265017665,39.12085991435812,0.0,24.54,9.513194268045185,9.45544981101412,6.697610283047905,0.7879541504253721,0.0,0.0,MIDLANDS,27.3,595.7,8100,Q3
M84061,221,76,34.38914027149321,55.863484731845006,0.0,15.04,8.67308521137321,20.44436838880808,2.190468041413536,0.0,0.0,0.0,MIDLANDS,33.0,740.6,4591,Q3
M84063,1883,847,44.98141263940521,47.92241282655006,0.0,10.26,8.863474306170954,26.708162399207808,5.847125949922195,15.277974253784128,0.0,0.0,MIDLANDS,18.9,345.1,2563,Q4
M84066,1949,1003,51.46228835300154,50.61216993837489,1.0,15.4,8.78854260924712,15.206342750559054,4.472453751778816,11.912990446228909,0.0,1.0,MIDLANDS,22.6,449.1,3173,Q4
M84069,163,47,28.834355828220858,35.41461691768208,1.0,9.95,8.751553597935612,10.800833267937662,5.105081347994621,2.278300767344356,0.0,1.0,MIDLANDS,30.5,563.0,3769,Q2
M84615,351,94,26.78062678062678,53.913849918112035,0.0,24.88,8.990337716214539,6.5128450088264,0.2658304093372931,2.8576768922763804,0.0,0.0,MIDLANDS,69.7,1908.5,16600,Q1
M84616,177,70,39.548022598870055,50.82335605083809,1.0,13.12,8.390438783070739,37.29307376809126,5.690826189908622,17.254100686758612,0.0,1.0,MIDLANDS,29.9,580.9,2589,Q3
M84627,127,31,24.40944881889764,37.19093780633918,0.0,27.64,8.248311065094606,15.562437299254151,4.46634971692764,1.1165874279234091,0.0,0.0,MIDLANDS,31.2,728.4,2738,Q1
M84629,378,80,21.164021164021165,28.0461312376206,1.0,10.66,9.309189736018352,14.117220761844369,3.3094785161699427,2.6371840112329017,0.0,0.0,MIDLANDS,25.4,577.7,6913,Q1
M85025,1024,398,38.8671875,46.77306453870923,0.0,26.64,9.675823381935729,14.079839276737784,3.2144987286406392,1.2138081134701308,0.0,0.0,MIDLANDS,33.7,461.8,7753,Q3
M85041,3591,1033,28.766360345307717,43.349763445968684,0.0,20.0,9.578345881923966,11.830524507042254,1.6057030141537183,3.562076801052012,0.0,0.0,MIDLANDS,20.3,211.6,3082,Q2
M85046,6871,2818,41.01295299083103,41.06059034082067,0.0,9.59,10.88206113844255,15.838285637263962,4.396906781091147,2.660995555611237,0.0,0.0,MIDLANDS,23.2,422.3,22605,Q3
M85047,122,21,17.21311475409836,64.29420912999726,0.0,30.81,8.70851578374061,17.57443118635669,3.083233540075154,4.4927117314283365,0.0,0.0,MIDLANDS,22.5,415.0,2513,Q1
M85048,572,119,20.804195804195803,46.708678580910195,0.0,33.5,9.327945614050446,3.461356093527738,6.35372214260313,5.61877667140825,0.0,0.0,MIDLANDS,28.5,931.3,10388,Q1
M85066,2184,1137,52.06043956043956,51.67179582108892,0.0,47.75,8.919508900926425,7.989567194177245,2.033059509346055,5.029147207329714,0.0,0.0,MIDLANDS,21.0,489.8,3565,Q4
M85076,166,49,29.518072289156628,45.18062339255798,0.0,43.47,9.251930071735346,7.418302744132508,2.251071176696297,4.348660228624417,1.0,0.0,MIDLANDS,38.3,731.3,8055,Q2
M85088,1516,220,14.511873350923484,27.802011806635385,0.0,33.94,9.781451736615535,15.304950385259948,4.504114335586646,3.2839362040785587,0.0,0.0,MIDLANDS,27.3,476.4,8275,Q1
M85108,469,96,20.46908315565032,68.07116966273529,0.0,59.31,8.725791471288412,21.45849988067697,4.502347228377776,5.28159963147855,0.0,0.0,MIDLANDS,32.5,672.3,4069,Q1
M85116,2616,1074,41.05504587155964,58.43285462333081,0.0,49.04,9.044108676331176,13.00505795949696,3.509375462006258,7.179547734545669,0.0,0.0,MIDLANDS,23.7,677.1,5584,Q3
M85153,143,39,27.272727272727277,52.84318766066838,0.0,54.4,8.22704140506353,5.346521419501437,5.560382276281494,3.42177370848092,0.0,0.0,MIDLANDS,33.9,875.1,3587,Q2
M85177,393,126,32.06106870229008,56.624921541082585,0.0,35.51,8.76235912676494,12.270770836050604,7.3666362321638195,2.4207643135515844,0.0,0.0,MIDLANDS,31.6,744.9,4670,Q2
M85779,1052,386,36.69201520912547,48.957158962795944,0.0,42.59,7.948914992902162,15.25154457193292,13.18034716328332,0.0,0.0,0.0,MIDLANDS,29.4,763.3,2206,Q3
M85781,172,38,22.093023255813957,39.230379746835446,0.0,55.57,8.307849811525976,9.731440193971274,4.208190353216758,7.8903569153635935,0.0,0.0,MIDLANDS,26.3,493.4,1954,Q1
M85792,1049,413,39.37082936129647,38.565482294745735,0.0,24.28,8.110277031040757,16.82439537329127,6.409293477542437,0.0,0.0,0.0,MIDLANDS,24.1,535.5,1788,Q3
M86006,172,52,30.232558139534884,67.6029843806142,0.0,20.44,9.210623665178208,15.124248129363346,2.8791842311345115,4.532049252378493,0.0,0.0,MIDLANDS,32.5,705.5,7176,Q2
M86009,2352,705,29.97448979591837,54.56469625211951,0.0,29.72,10.14911640406941,10.917600431390186,2.8681124563427653,0.8343599874846003,0.0,0.0,MIDLANDS,36.4,389.1,9938,Q2
M86010,3808,1065,27.96743697478992,40.61735635307748,0.0,22.36,9.445682549913942,20.10524166648007,3.076902812547336,8.493094750693158,0.0,0.0,MIDLANDS,21.4,269.8,3521,Q2
M86012,3393,836,24.63896256999705,76.79739079495258,0.0,38.16,9.292158425866528,12.13843094255592,1.4743033532722625,1.670877134322857,0.0,0.0,MIDLANDS,16.5,111.2,1224,Q1
M86014,2119,702,33.12883435582822,47.94129333465779,0.0,22.25,9.962400907047966,12.08026272245879,3.356326896183277,1.2067692210996055,0.0,0.0,MIDLANDS,51.4,762.0,16239,Q2
M86015,1214,228,18.780889621087315,37.49979538720925,0.0,25.07,9.542111097604298,17.223644236059613,4.478147501375499,2.851469990670526,0.0,0.0,MIDLANDS,26.5,412.6,5639,Q1
M86016,910,319,35.05494505494506,50.58321203299369,0.0,32.87,9.975680298958215,7.70331088860203,3.857857788321762,1.2776828040795916,0.0,0.0,MIDLANDS,35.4,677.0,14512,Q3
M86020,224,95,42.410714285714285,56.1881849772788,0.0,46.02,8.985518329450079,15.55942779077411,3.505879652333601,0.0,0.0,0.0,MIDLANDS,43.0,640.1,5020,Q4
M86029,611,163,26.67757774140753,48.462312127264745,0.0,16.02,9.919713529800532,10.82295450259505,4.526487540975541,1.915334978969032,0.0,0.0,MIDLANDS,32.6,359.0,6818,Q1
M86032,497,85,17.10261569416499,60.315370287109,0.0,29.18,9.439074931103551,7.976611133047381,5.727885654430824,6.099137502668372,0.0,0.0,MIDLANDS,36.2,636.7,7990,Q1
M86033,235,42,17.872340425531913,50.26605535289983,0.0,38.34,8.386894662689436,30.134801593316872,3.463071957471046,2.308714639832921,0.0,0.0,MIDLANDS,28.2,621.4,2830,Q1
M86035,1226,587,47.87928221859706,44.99745276541077,0.0,41.75,9.035758784192446,7.938319259751729,2.1274695607132577,2.3497425015628566,0.0,0.0,MIDLANDS,39.1,869.8,7260,Q4
M86041,222,93,41.891891891891895,63.65438407153712,0.0,33.26,9.246109622859786,10.214681996622978,4.091018734421485,0.0,0.0,0.0,MIDLANDS,40.5,688.4,7126,Q4
M86048,2092,752,35.94646271510516,58.79854697919867,0.0,32.92,9.01674550958377,8.279048128722986,1.5534137683431266,5.501673763690976,0.0,0.0,MIDLANDS,21.5,466.4,3769,Q3
M86605,644,253,39.285714285714285,45.24546660769571,0.0,23.25,8.00514459790529,19.223495386583604,2.491934584492157,0.0,0.0,0.0,MIDLANDS,21.6,474.0,1443,Q3
M86624,1886,472,25.026511134676564,35.94192564422524,0.0,34.27,9.41093833752085,9.2079423963561,3.1856862322714377,0.1745581502291075,0.0,0.0,MIDLANDS,27.6,510.3,6670,Q1
M87005,3748,2251,60.05869797225187,47.89880057760882,0.0,16.2,9.45979473808019,14.316976084779771,3.30391755790622,3.615607893557751,0.0,0.0,MIDLANDS,26.8,366.7,4827,Q4
M87010,1268,412,32.49211356466877,32.35603790394428,0.0,34.66,9.11469180159089,9.74196269811286,2.200744585251343,5.281787004603225,0.0,0.0,MIDLANDS,25.4,727.6,6652,Q2
M87014,2762,960,34.757422157856624,38.159147786415076,0.0,12.36,8.995629911980224,10.758885686839577,4.296943592699328,0.0,0.0,0.0,MIDLANDS,19.0,393.4,3197,Q3
M87015,256,88,34.375,45.58585203792237,0.0,19.57,8.999650204381771,13.760892155180397,6.8804460763556685,1.9752476775408163,0.0,0.0,MIDLANDS,33.0,769.6,6061,Q3
M87016,409,110,26.894865525672373,43.638875540605476,0.0,22.86,8.85373685405798,14.77989667309478,0.0,5.447229960717093,0.0,0.0,MIDLANDS,30.0,652.0,4652,Q1
M87017,242,84,34.710743801652896,46.54336249524534,0.0,41.73,9.065805808742889,14.235780108039403,3.3278447005806395,4.714446659155906,0.0,0.0,MIDLANDS,41.1,733.5,6197,Q3
M87018,614,108,17.58957654723127,64.94346635645277,0.0,13.66,8.885867520577143,13.500282424465992,10.623753587937614,6.639845992461009,0.0,0.0,MIDLANDS,31.5,735.4,5433,Q1
M87019,124,27,21.774193548387096,27.188923690205012,0.0,31.18,8.702150161345207,6.870757722122178,2.659648150713396,0.0,0.0,0.0,MIDLANDS,23.4,711.2,4027,Q1
M87020,1870,783,41.8716577540107,53.166783954961296,0.0,16.41,9.148589074031833,13.161487050188809,3.006719023525449,1.389898416154023,0.0,0.0,MIDLANDS,32.4,490.3,4511,Q4
M87021,3722,874,23.48199892530897,61.068223559451106,0.0,31.14,8.949083827094086,2.562493237528406,5.228871334704037,5.228871334704037,0.0,0.0,MIDLANDS,21.0,359.5,3620,Q1
M87023,1492,423,28.351206434316357,60.84807129926194,0.0,15.62,9.183114762389186,14.194575987394778,4.822867517404968,1.150911566489977,0.0,0.0,MIDLANDS,33.1,617.9,6190,Q2
M87028,927,210,22.65372168284789,59.862706270627065,0.0,32.98,9.0635982916877,18.528883827758584,3.396962034703056,3.5204879272741314,0.0,0.0,MIDLANDS,29.6,699.0,6762,Q1
M87034,2196,779,35.4735883424408,36.09490221224752,0.0,26.71,8.661149224833427,12.284600953672967,3.463703276086015,1.6625775725212872,0.0,0.0,MIDLANDS,20.8,380.3,2212,Q3
M87037,545,132,24.220183486238533,59.003126316489656,0.0,14.49,8.948650879798656,30.174299011367328,2.355743207534914,2.5982461838259177,0.0,0.0,MIDLANDS,30.8,682.2,5621,Q1
M87041,222,73,32.88288288288288,44.82534845663337,0.0,18.02,8.704985865427522,10.166447960218246,4.508598660128462,3.712963602458734,0.0,0.0,MIDLANDS,28.4,636.7,3988,Q2
M87620,2670,592,22.17228464419476,67.43203725766273,0.0,20.33,8.79527937019457,16.961986975617144,5.936695441466,1.373113230349841,0.0,0.0,MIDLANDS,24.1,450.7,3060,Q1
M88006,652,179,27.45398773006135,66.08589448775321,0.0,40.26,9.40027178908428,17.680055137422467,8.093728462577534,5.226740179186768,0.0,0.0,MIDLANDS,36.4,486.2,5851,Q2
M88619,1358,503,37.03976435935199,51.67885239484285,0.0,36.62,9.286259203533868,8.977252539914263,3.509828911597729,8.403815702467849,0.0,0.0,MIDLANDS,30.3,542.8,6094,Q3
M88645,260,88,33.84615384615385,56.10439656682431,0.0,27.77,9.156359258109669,13.988425071507733,1.1821204285186555,3.5745070093408624,0.0,0.0,MIDLANDS,30.9,828.5,7512,Q2
M91003,174,56,32.18390804597701,41.427096478146154,0.0,23.08,8.859067477326445,5.304600083831627,4.622580073175064,4.546800071043751,0.0,0.0,MIDLANDS,30.1,977.5,6773,Q2
M91004,2489,1307,52.51104861390117,61.83991467665574,0.0,45.87,9.208814207980137,10.602835992889156,1.4956141455719971,5.234649506497408,0.0,0.0,MIDLANDS,23.6,450.3,4361,Q4
M91010,752,275,36.569148936170215,44.440886491952476,0.0,13.19,9.095864362077297,16.206316577088394,5.561577275275649,5.591478227621004,0.0,0.0,MIDLANDS,21.4,616.8,5447,Q3
M91013,1538,495,32.184655396618986,44.703717765252186,0.0,33.54,9.239211235376684,5.9587904309598025,5.984698214791727,1.5544670687770716,0.0,0.0,MIDLANDS,28.4,790.7,8324,Q2
M91017,1425,414,29.05263157894737,34.80492137640634,0.0,13.86,9.2216594026959,14.554323286587676,5.747903037753572,4.66687540167757,0.0,0.0,MIDLANDS,19.9,544.4,5580,Q2
M91019,4099,1591,38.8143449621859,42.14507816160498,0.0,23.12,9.61407620797705,13.000239301904957,4.274051277484988,9.15359315283629,0.0,0.0,MIDLANDS,21.5,458.6,6749,Q3
M91021,208,69,33.17307692307692,30.965462262728114,0.0,33.71,8.977167528358098,9.22539508764546,2.1548368081479765,1.6834662578649435,0.0,0.0,MIDLANDS,32.7,771.7,5993,Q2
M91024,196,63,32.142857142857146,22.125343224625464,0.0,19.54,7.833203948641057,4.227771169242964,6.130268196591359,7.821376670630203,0.0,0.0,MIDLANDS,33.6,756.0,1936,Q2
M91614,319,113,35.42319749216301,34.02675522416116,0.0,31.46,9.066450755797764,19.479974597278623,8.776150426297658,2.986970495198137,0.0,0.0,MIDLANDS,28.2,707.5,6615,Q3
M91621,797,220,27.60351317440401,51.267421195398,0.0,44.26,8.547221139255205,7.2457908114315295,7.113648179333321,3.312361511911885,0.0,0.0,MIDLANDS,30.1,465.3,2348,Q2
M91629,1502,638,42.47669773635153,38.377594627594625,0.0,46.9,8.86445227831189,16.958933471517234,1.884325942221856,0.0,0.0,0.0,MIDLANDS,25.7,491.3,3483,Q4
M91637,970,454,46.8041237113402,32.21486919656706,0.0,4.95,8.299700311610842,4.971826317533974,2.6516407010275107,0.0,0.0,0.0,MIDLANDS,23.1,455.0,1917,Q4
M91640,122,40,32.78688524590164,48.943453638745666,0.0,42.89,8.295694120535908,13.976996193764428,2.4626136134279,3.327856238274506,0.0,0.0,MIDLANDS,26.7,810.7,3199,Q2
M91641,1466,602,41.06412005457026,54.69072358303012,0.0,40.91,8.321482397503267,5.189013883855274,8.107834196412284,0.0,0.0,0.0,MIDLANDS,23.6,451.4,1822,Q3
M91654,154,45,29.22077922077922,34.784321449675005,0.0,22.75,8.095039602021838,6.100971071228837,0.976155371396614,2.1150033067263205,0.0,0.0,MIDLANDS,29.0,717.8,2480,Q2
M92008,243,75,30.8641975308642,41.50764084239337,0.0,16.54,9.45882023110356,14.68452833570579,7.425462628941364,0.0,0.0,0.0,MIDLANDS,44.0,940.7,12019,Q2
M92012,222,78,35.13513513513514,60.948762906682255,0.0,35.85,9.370281398201422,21.452564752118057,4.77228664967013,2.6815705930560387,0.0,0.0,MIDLANDS,43.3,460.2,5353,Q3
M92013,2296,1189,51.785714285714285,70.56531665674012,0.0,45.51,8.886616528177136,21.34217983274587,2.6539498237611445,4.754993434238718,0.0,0.0,MIDLANDS,26.6,429.1,3075,Q4
M92016,1318,481,36.49468892261002,51.58195526687247,0.0,42.68,10.03767602090576,4.966735406644173,2.8331378021321405,2.320141657035844,0.0,0.0,MIDLANDS,35.3,514.9,12168,Q3
M92022,239,45,18.828451882845187,31.279047558413446,0.0,30.42,8.345198132339586,5.574140420831766,8.487895644806903,0.0,0.0,0.0,MIDLANDS,40.1,588.1,2456,Q1
M92607,4404,1715,38.94187102633969,42.20953476272625,0.0,37.76,9.809479025214523,3.325002517920409,1.8455961110653367,0.0,0.0,0.0,MIDLANDS,23.4,592.5,10820,Q3
M92609,1694,761,44.9232585596222,48.060735046536,0.0,29.11,8.715401767439275,6.7365658283324,4.024441924186294,4.789960767159242,0.0,0.0,MIDLANDS,23.5,582.7,3642,Q4
N81005,973,321,32.99075025693731,47.30368968779565,0.0,13.38,9.194600480580675,18.48873237051961,10.1315544425444,12.43418045138242,0.0,0.0,NORTH WEST,27.9,526.0,5181,Q2
N81008,117,62,52.99145299145299,38.27908613750784,0.0,10.54,9.356926800568235,12.044574758933392,6.701932419302602,1.3818417359386808,0.0,0.0,NORTH WEST,33.0,709.6,8400,Q4
N81009,175,39,22.285714285714285,38.23596336537915,0.0,8.85,8.95212000967402,4.833263208725767,11.599831698870442,6.1796722452018,0.0,0.0,NORTH WEST,29.3,536.5,4070,Q1
N81013,362,83,22.92817679558011,32.02854877081681,0.0,17.02,8.86589980570578,24.912387986922884,7.789825246372038,2.107392338123574,0.0,0.0,NORTH WEST,29.6,645.6,4407,Q1
N81016,6543,3213,49.10591471801926,54.85924780572104,0.0,28.85,10.387643172461658,10.05469442040912,7.739689272427102,1.8240032043299537,0.0,0.0,NORTH WEST,21.1,359.9,11512,Q4
N81018,297,65,21.88552188552189,34.77199234475022,1.0,9.59,9.012184105279433,13.199361977059606,6.43712726940231,25.55344461611924,0.0,1.0,NORTH WEST,23.8,736.2,6000,Q1
N81025,3435,2442,71.09170305676857,60.70363480674403,0.0,13.08,9.27538657672062,19.48510521750673,2.573693045875141,0.0,0.0,0.0,NORTH WEST,24.1,436.5,5039,Q4
N81028,281,95,33.80782918149466,39.75040881315088,0.0,15.81,9.155241600322189,10.848221753854554,3.5221499210157887,1.4088599688289731,0.0,0.0,NORTH WEST,26.0,466.5,4302,Q2
N81049,6437,3253,50.5359639583657,50.50241905470785,0.0,12.19,10.064440047482314,17.20894892246135,3.280467948820728,13.394298199360794,0.0,1.0,NORTH WEST,22.9,488.3,11655,Q4
N81051,275,81,29.454545454545453,42.49872145843988,1.0,14.62,8.867943955335,10.527462210121117,0.0,0.0,0.0,0.0,NORTH WEST,30.6,504.9,3477,Q2
N81052,3092,1987,64.26261319534282,27.549704683470594,0.0,14.45,9.45373350950908,10.9754854692412,4.390194187696481,1.4633980620428513,0.0,0.0,NORTH WEST,21.0,326.9,4314,Q4
N81055,1492,851,57.03753351206434,53.29356305535856,0.0,15.96,8.868002633549557,18.32584230199617,1.7274359536690411,5.632943330243038,0.0,0.0,NORTH WEST,22.6,385.7,2646,Q4
N81062,3676,1849,50.29923830250272,48.68316041500399,0.0,15.63,9.634790779995429,14.65249386753884,8.59961842485691,2.1978740801308256,0.0,0.0,NORTH WEST,25.3,415.2,6204,Q4
N81065,1771,642,36.250705815923205,61.91881812553097,0.0,22.97,9.005538004753078,12.894648024791106,6.545506611575321,4.516399562269245,0.0,0.0,NORTH WEST,23.1,453.2,3756,Q3
N81068,2818,861,30.55358410220014,30.119059970948328,0.0,28.28,9.635673464721814,25.21839531076401,5.193560333311549,6.343811950852886,0.0,0.0,NORTH WEST,31.3,490.0,7609,Q2
N81069,1419,780,54.96828752642706,52.63995285798468,1.0,9.21,8.425260634349964,19.996345697058285,11.459894025945552,14.26639868298922,0.0,1.0,NORTH WEST,36.1,568.3,2695,Q4
N81070,3952,1013,25.63259109311741,44.89073426573427,0.0,15.78,9.23303098189588,20.594033594017304,5.735047329781515,4.900858628476466,0.0,0.0,NORTH WEST,19.9,430.5,4466,Q1
N81075,1943,1443,74.26659804426146,67.51297703583738,0.0,8.15,9.707031573775236,16.50687397848808,3.724270131292693,4.624910620559553,0.0,0.0,NORTH WEST,21.5,385.1,6342,Q4
N81080,232,63,27.155172413793103,43.167469786378746,0.0,19.96,9.072590570553638,20.813595667093864,4.89680368828784,5.814954378622391,0.0,0.0,NORTH WEST,33.3,683.6,5960,Q2
N81082,3112,1249,40.134961439588686,36.18715465260416,0.0,18.33,9.649820358671624,17.483257080997486,8.402603260519362,7.04512747857465,0.0,0.0,NORTH WEST,21.5,507.1,7613,Q3
N81088,4773,2427,50.8485229415462,56.56187823318743,0.0,16.64,9.43279702076019,18.48736132517662,3.287590811824119,1.601099421602834,0.0,0.0,NORTH WEST,31.9,327.3,4157,Q4
N81114,1675,1205,71.94029850746269,50.28538729036139,0.0,21.79,9.3122047833773,11.926423217629528,5.6115844293584605,3.8052804292982505,0.0,0.0,NORTH WEST,31.5,501.8,5420,Q4
N81115,293,95,32.42320819112628,41.282475959755764,0.0,24.25,8.954264626593567,17.22467434686188,6.752072342771019,4.133921843040155,0.0,0.0,NORTH WEST,24.4,618.4,5007,Q2
N81118,200,80,40.0,52.98433881360207,0.0,13.31,9.058596515646366,10.192328209883128,5.493429028660104,3.8174676300858335,0.0,0.0,NORTH WEST,34.1,522.8,4536,Q3
N81122,673,597,88.7072808320951,27.462852897473997,0.0,8.32,9.266783715399391,11.643878772604122,4.586982547413522,1.5121920483901456,0.0,0.0,NORTH WEST,22.3,553.2,5693,Q4
N81127,347,132,38.04034582132565,43.11265479687728,0.0,27.44,9.032219977926776,13.00126467571524,3.9672976767807535,6.325370192290458,0.0,0.0,NORTH WEST,40.1,829.4,7181,Q3
N81645,371,174,46.900269541778975,59.62631307043224,0.0,33.3,7.778036975759716,8.935115705560017,3.5740462838993405,6.254580994729678,0.0,0.0,NORTH WEST,25.5,378.8,866,Q4
N82002,302,163,53.97350993377484,41.769166575958785,0.0,48.05,8.544565138212088,7.317071731452202,0.0,5.552582503527122,0.0,0.0,NORTH WEST,27.5,1180.3,6428,Q4
N82018,2644,1723,65.16641452344932,65.42223710329323,0.0,46.2,9.488861864139707,17.075709122561356,3.532209333358564,2.4422704531950723,0.0,0.0,NORTH WEST,25.8,559.8,7392,Q4
N82026,631,262,41.521394611727416,64.73785459097988,0.0,15.22,8.748384274309748,20.99304287913657,4.867338569954766,0.6771949305610666,0.0,0.0,NORTH WEST,27.4,550.2,3568,Q4
N82037,859,422,49.12689173457509,52.40597585338313,0.0,32.25,9.376645458261365,12.826013323924576,7.406571074009257,8.354973466749463,0.0,0.0,NORTH WEST,26.9,841.0,9745,Q4
N82041,1093,452,41.35407136322049,56.966794782937434,0.0,17.66,9.452698142214198,18.269570335491466,4.080831861879537,3.0553920612124776,0.0,0.0,NORTH WEST,30.4,618.6,7931,Q3
N82066,946,514,54.33403805496829,63.11511202176615,0.0,16.52,9.131270107992648,19.683072233556103,3.925070122027112,1.385318866852458,0.0,0.0,NORTH WEST,23.4,554.5,5040,Q4
N82086,111,24,21.62162162162162,64.15599721433546,0.0,47.5,8.203121511737283,8.031395456785615,1.8983298366341148,2.190380578625536,0.0,0.0,NORTH WEST,24.3,1109.0,4193,Q1
N82093,186,58,31.18279569892473,53.01226152007437,0.0,37.72,8.354693869569369,10.54096978490618,6.901825455971453,3.764632066037921,0.0,0.0,NORTH WEST,37.9,809.4,3462,Q2
N82110,360,117,32.5,45.30634491985234,0.0,45.99,8.996827380922028,16.011719919528726,8.08839459893324,4.886050613541871,0.0,0.0,NORTH WEST,30.1,856.4,6914,Q2
N82633,117,46,39.31623931623932,62.23256260193802,0.0,34.93,8.156390693214263,18.43785114686685,3.8252803232361874,0.0,0.0,0.0,NORTH WEST,31.6,873.5,3280,Q3
N82641,197,77,39.08629441624365,49.51143524746867,0.0,34.77,8.647504822834977,1.0032249512077365,2.9260727720150403,3.51128732571579,0.0,0.0,NORTH WEST,40.9,800.9,4446,Q3
N82676,116,47,40.51724137931034,40.32476319350474,0.0,19.69,8.326960423350947,10.24576520259646,5.128411885658993,1.2088860234649037,0.0,0.0,NORTH WEST,28.1,941.8,3852,Q3
N84001,479,189,39.45720250521921,54.26463548559683,0.0,17.69,9.10813228958251,8.813653188358979,3.1899280973961845,2.215227845414017,0.0,0.0,NORTH WEST,30.2,680.7,6165,Q3
N84008,325,128,39.38461538461539,41.490042219284405,0.0,20.64,9.19732267489488,20.910441713832235,4.133459408347967,4.079427258543834,0.0,0.0,NORTH WEST,30.0,1030.1,10001,Q3
N84014,797,369,46.29861982434128,45.49956369982548,0.0,17.82,8.203418081792726,37.07944618416551,6.131247006227049,11.313610549029448,0.0,0.0,NORTH WEST,25.4,649.2,2456,Q4
N84016,117,56,47.86324786324786,54.40436241610738,0.0,53.8,8.681110309659076,9.77831850269498,2.037149688061454,2.444579625673745,0.0,0.0,NORTH WEST,28.0,807.9,4491,Q4
N84024,186,42,22.580645161290324,37.052136549717495,0.0,15.54,9.142997923505876,13.263805321567055,4.22159825217275,2.9950528145474,0.0,0.0,NORTH WEST,39.4,1116.2,10396,Q1
N84028,638,301,47.17868338557994,67.74217113914187,0.0,51.63,8.94715577112479,29.247983346344004,3.12256049960968,3.781767716627635,0.0,0.0,NORTH WEST,29.7,606.6,4538,Q4
N85005,3144,1340,42.62086513994911,64.32409739714525,0.0,14.38,9.31308496910064,23.34338459555589,7.748242282362671,4.932887167124112,0.0,0.0,NORTH WEST,18.5,491.2,5487,Q4
N85006,2153,902,41.89503019043195,45.496513272322375,0.0,16.07,9.153143722111128,14.40061439102083,6.9461479409506826,3.840146828437558,0.0,0.0,NORTH WEST,18.5,562.6,5345,Q4
N85012,1971,1005,50.989345509893454,31.89912070931901,0.0,31.15,9.1516248641414,23.980840782629446,6.023489488056417,5.65585867493836,0.0,0.0,NORTH WEST,18.3,661.3,6122,Q4
N85019,966,462,47.82608695652174,56.008703637162135,0.0,51.18,9.088351629721178,15.78625293101987,13.978666717630556,0.0,0.0,0.0,NORTH WEST,37.0,792.2,7050,Q4
N85051,4058,1899,46.79645145391819,44.79940278750471,0.0,28.71,9.79245356572686,22.277141979159875,4.946502901042006,0.8939463073499148,1.0,0.0,NORTH WEST,19.0,514.0,9071,Q4
N85052,1403,584,41.62508909479686,50.02325581395349,0.0,23.37,8.409032462521973,10.221174022173114,4.2786309866478485,8.022433099964715,0.0,0.0,NORTH WEST,19.9,531.3,2572,Q4
N85616,343,164,47.8134110787172,39.043429276536386,0.0,39.78,8.439772044447652,9.969516084278768,8.067711148568343,8.413470197730955,0.0,0.0,NORTH WEST,31.2,666.4,3062,Q4
N85617,603,207,34.32835820895522,44.13067378671274,0.0,9.66,8.47518994393578,27.421261209761525,5.784606826809428,3.949106585552389,0.0,0.0,NORTH WEST,20.0,578.7,2819,Q3
P81002,10125,1969,19.446913580246918,47.41698091368208,0.0,18.55,11.090820173763769,12.6872106949433,8.241797455102835,11.04690739905287,0.0,0.0,NORTH WEST,23.1,338.5,21868,Q1
P81006,6744,2957,43.84638196915777,32.59310216890565,1.0,11.03,9.932605319024374,13.378067188525684,11.746279708933145,6.747311719487961,0.0,1.0,NORTH WEST,20.3,484.1,9986,Q4
P81016,438,81,18.493150684931507,50.28108091814743,0.0,51.41,9.419797354718952,11.073188205540648,3.936172370286765,6.488196213867167,0.0,0.0,NORTH WEST,28.9,615.4,7660,Q1
P81020,4723,1507,31.907685792928223,48.859065181018835,0.0,39.04,10.111564842244585,9.60084463044052,7.41758427742848,4.797065452330515,0.0,0.0,NORTH WEST,25.5,666.2,16420,Q2
P81029,5483,2169,39.558635783330296,43.58916132199957,1.0,11.26,10.109101690843636,11.463192067085728,9.372970154857576,5.101988893540082,0.0,1.0,NORTH WEST,23.8,440.8,10639,Q3
P81031,2756,810,29.390420899854863,53.71663244353183,0.0,20.82,8.822395877586008,8.804382539612352,3.655390964698946,7.0749502542560245,0.0,0.0,NORTH WEST,24.2,670.3,4505,Q2
P81032,3593,1704,47.425549679933205,39.519112207151665,0.0,39.52,9.568789574320498,9.355918780665334,2.161494879143788,6.819889013759733,0.0,0.0,NORTH WEST,28.5,586.2,8474,Q4
P81033,2085,1021,48.96882494004796,32.423349056603776,1.0,18.82,8.985215692856919,9.652437114288697,5.677904186201857,1.8703684383676025,0.0,0.0,NORTH WEST,23.9,474.2,3828,Q4
P81036,1135,249,21.938325991189423,36.5104254537876,0.0,36.97,9.757652204312585,7.42088009603147,5.877588800185121,5.769601604766863,0.0,0.0,NORTH WEST,23.0,821.7,15158,Q1
P81037,4872,1365,28.017241379310345,37.61814744801512,0.0,15.17,9.421775648158231,8.711535607268605,2.805995115949654,6.194773833825731,0.0,0.0,NORTH WEST,18.0,470.2,5946,Q2
P81038,3064,1262,41.18798955613577,53.240480902726496,0.0,22.75,9.211048454559863,12.284631718865802,5.9691052168047625,3.570804013490444,0.0,0.0,NORTH WEST,23.4,275.1,2739,Q3
P81040,3419,1618,47.32377888271424,42.91097385987897,0.0,7.04,9.256778566081968,14.61210462610577,1.2219181569401132,9.0625596636543,0.0,0.0,NORTH WEST,23.4,478.3,4954,Q4
P81041,2429,1191,49.03252367229312,27.17616580310881,0.0,11.06,9.162199996648248,16.341378104931795,3.6935991605456455,1.39909059181532,0.0,0.0,NORTH WEST,25.7,782.8,7571,Q4
P81045,239,85,35.56485355648535,39.57497464838411,0.0,10.97,8.467214821609996,8.522120018922472,5.4384581676741135,1.9623302685939552,0.0,0.0,NORTH WEST,22.1,924.3,4323,Q3
P81047,5310,1732,32.61770244821092,49.7433051200222,0.0,37.92,9.69367146143278,12.433188060809144,9.028862757996876,5.673875503659239,0.0,0.0,NORTH WEST,17.8,445.4,7149,Q2
P81054,2201,870,39.52748750567924,37.59098328113282,0.0,36.91,9.152764223838586,6.779301943752979,9.519269811980298,5.45168864572851,0.0,0.0,NORTH WEST,16.7,582.4,5466,Q3
P81058,189,19,10.052910052910052,39.78813643694869,0.0,35.73,9.214232786691529,10.040840721187369,4.9407311485207694,2.868811634624963,0.0,0.0,NORTH WEST,23.4,852.7,8703,Q1
P81059,1852,1163,62.79697624190065,47.49082480200889,1.0,12.76,8.964258657707717,9.208829391513808,11.69862400392228,6.855461880349168,0.0,0.0,NORTH WEST,25.6,534.8,4157,Q4
P81065,2029,962,47.412518482010846,36.969003473312206,1.0,28.92,9.620809605205803,14.64652327490423,8.45536005439379,7.30557259945938,0.0,0.0,NORTH WEST,21.9,418.3,6292,Q4
P81067,368,78,21.195652173913043,36.1662494906572,0.0,17.77,9.458599210768789,18.827812634918573,4.826577381399734,2.2676592004680947,0.0,0.0,NORTH WEST,24.4,810.3,10333,Q1
P81070,2079,980,47.138047138047135,50.680561061713014,0.0,38.26,9.009579857665624,16.949670480070896,0.0,10.234993327697024,0.0,0.0,NORTH WEST,21.6,519.7,4302,Q4
P81078,601,116,19.30116472545757,46.18172404866684,0.0,22.33,9.388423793883796,10.221004107370756,7.118996310228677,2.811891959746428,0.0,0.0,NORTH WEST,30.5,515.6,6211,Q1
P81081,124,16,12.903225806451612,34.35309460414063,0.0,35.42,8.695018544306393,15.714943425645606,9.062879306890634,12.232654825397267,0.0,0.0,NORTH WEST,26.0,658.1,4053,Q1
P81083,134,31,23.134328358208958,44.98281224422983,0.0,15.62,9.06237193155389,15.274167834967871,6.091115513599691,0.0,0.0,0.0,NORTH WEST,29.5,728.6,6313,Q1
P81089,3038,1681,55.33245556287031,42.272222222222226,0.0,44.84,9.413900072060985,6.526571986049452,10.59480185680973,0.0,0.0,0.0,NORTH WEST,27.7,928.8,11604,Q4
P81096,106,25,23.58490566037736,32.00563976031019,1.0,7.89,8.85434376934053,26.61051429387201,2.512580748777616,6.700215331025375,0.0,0.0,NORTH WEST,18.8,647.0,4500,Q1
P81100,250,44,17.6,32.67449502151351,0.0,11.45,9.649804249256476,11.92535910946436,9.244730835924289,7.887233185662505,0.0,1.0,NORTH WEST,22.8,887.4,13934,Q1
P81103,756,170,22.486772486772487,58.85724547672139,0.0,18.31,9.36986941956166,15.416745408688858,6.25199815338709,9.503037192568646,0.0,0.0,NORTH WEST,23.2,529.6,6236,Q1
P81113,455,98,21.53846153846154,33.85079339378238,1.0,11.64,8.880156654439844,10.907193785867486,6.195582865688945,5.861689178366471,0.0,0.0,NORTH WEST,26.3,560.5,4378,Q1
P81117,153,54,35.294117647058826,40.346833497969484,0.0,18.03,8.576310795899326,8.636692116127817,10.104628145913845,5.379080656046753,0.0,0.0,NORTH WEST,23.4,842.1,4837,Q3
P81118,179,48,26.81564245810056,39.76268362557653,0.0,23.89,9.183808151677995,2.0537746666894865,7.722192746752469,4.107549333378973,0.0,0.0,NORTH WEST,24.5,701.2,7058,Q1
P81130,2600,1992,76.61538461538461,36.679421557421854,0.0,31.65,9.537501537659775,12.773622201474378,4.8064502557632345,3.3260635778014094,0.0,0.0,NORTH WEST,20.6,532.9,7348,Q4
P81132,2210,724,32.76018099547511,42.62522047527832,0.0,30.02,9.143826567917843,13.110315468390958,4.275102869662801,6.925666648853738,0.0,0.0,NORTH WEST,20.5,630.8,5904,Q2
P81137,1272,537,42.21698113207548,52.77033878474299,0.0,40.67,8.817840846258042,20.37411776319037,8.015399043482553,5.922708652090222,0.0,0.0,NORTH WEST,30.5,740.2,5152,Q4
P81143,3199,1985,62.05064082525789,48.07869223692591,0.0,9.54,9.352938867238812,8.045782993814672,8.531092477021794,6.543730850916239,0.0,0.0,NORTH WEST,23.8,488.2,5713,Q4
P81154,2014,843,41.85700099304866,59.86158055689683,1.0,12.89,9.000596229604255,25.325042400123333,4.078318515031605,0.0,0.0,0.0,NORTH WEST,27.3,427.4,3400,Q4
P81157,3491,884,25.32225723288456,30.501443864771296,0.0,13.47,9.334694364126545,1.5071013313709618,8.265508867466334,11.77422915652366,0.0,0.0,NORTH WEST,20.1,569.4,6473,Q1
P81159,1505,770,51.16279069767442,35.01052443011331,0.0,36.0,9.422220731011684,19.590075514563107,9.406688242718449,9.816612729773462,0.0,0.0,NORTH WEST,30.2,632.9,7689,Q4
P81160,747,145,19.410977242302543,47.3038842345773,0.0,40.3,9.682679812755548,9.045513357616825,2.3777728129530424,4.6890344974512725,0.0,0.0,NORTH WEST,28.8,818.2,13534,Q1
P81165,119,68,57.142857142857146,21.136931765577263,0.0,37.64,7.896800686765204,8.182494421026531,5.157451026531119,2.578725516984875,0.0,0.0,NORTH WEST,26.0,875.9,2427,Q4
P81169,1650,708,42.90909090909091,39.686954762687435,0.0,30.39,8.79939778985965,15.76612244334678,3.820871511632292,4.806254162361902,0.0,0.0,NORTH WEST,22.1,489.4,3318,Q4
P81172,4633,1438,31.038204187351607,36.67290407681217,0.0,35.29,9.411912933362249,7.978255982670181,6.365165975517545,2.7466127153454725,0.0,0.0,NORTH WEST,23.7,452.4,5543,Q2
P81181,333,86,25.825825825825827,47.971175539616794,0.0,17.83,8.55623760697873,10.504415843818622,2.6671368337367167,6.41138662392409,0.0,0.0,NORTH WEST,26.9,737.0,3990,Q1
P81182,483,131,27.12215320910973,51.89062626153888,0.0,50.17,8.804825262617976,3.280164008700435,12.0006000300015,4.8002400120006,0.0,0.0,NORTH WEST,26.5,891.1,6147,Q2
P81191,721,189,26.21359223300971,44.771352857239926,0.0,12.2,9.170689566346391,9.405644427103653,6.103958034594876,7.352494905449343,0.0,0.0,NORTH WEST,35.0,767.8,7736,Q1
P81197,223,96,43.04932735426009,42.31850656833372,0.0,35.38,8.524483221127584,17.366270124257515,2.8590810569334373,0.0,0.0,0.0,NORTH WEST,24.7,855.8,4280,Q4
P81213,1591,403,25.32998114393463,34.705617399137765,0.0,23.28,9.753759025009034,17.03715892540145,6.318662704596712,1.6106395133235896,0.0,0.0,NORTH WEST,28.0,474.3,9172,Q1
P81218,1910,943,49.3717277486911,52.733465657085446,0.0,32.73,8.736864053251475,21.15065560556596,6.33663366229596,4.345731869413968,0.0,0.0,NORTH WEST,22.3,626.2,3894,Q4
P81622,1832,715,39.02838427947598,40.61045440846532,0.0,38.8,9.344849411548152,4.895211871762932,2.2844322069975305,3.7529957682641664,0.0,0.0,NORTH WEST,23.0,813.4,9372,Q3
P81655,116,25,21.55172413793104,25.073439524148377,1.0,9.76,9.237590686466342,5.410533998297043,10.587519766451772,3.03612699185014,0.0,0.0,NORTH WEST,23.2,624.0,6611,Q1
P81664,1168,281,24.05821917808219,42.46769526353402,0.0,30.3,9.806641610719458,10.8773588804987,5.126533759565199,8.40957185510932,0.0,0.0,NORTH WEST,25.6,1244.3,22652,Q1
P81683,1030,432,41.94174757281554,66.1723495726942,0.0,38.42,8.948152758571641,7.001429747844547,4.332567913868551,0.4852476071227416,0.0,0.0,NORTH WEST,37.2,1046.9,7927,Q4
P81704,279,110,39.42652329749104,57.17335748714133,0.0,35.46,9.3209197456729,6.947646440002686,5.324141430266133,2.996321745864763,0.0,0.0,NORTH WEST,63.1,2239.2,24306,Q3
P81707,129,38,29.45736434108527,63.59469095484915,0.0,45.4,8.59551133596218,8.383676489951917,3.945259525335964,2.7616816681050427,0.0,0.0,NORTH WEST,26.8,937.4,4915,Q2
P81709,1690,555,32.84023668639053,59.66398319915996,0.0,46.08,8.657708473148439,16.870300644152234,6.997624977118693,1.2048890702658863,0.0,0.0,NORTH WEST,26.1,794.9,4952,Q2
P81710,1826,715,39.1566265060241,34.592338248165355,1.0,9.72,9.21131489697241,15.611445506631034,2.397662279277704,3.1436016543869725,0.0,0.0,NORTH WEST,30.3,650.2,6559,Q3
P81730,3223,1405,43.59292584548557,52.77970257448963,0.0,29.73,9.084323531392696,15.03327283802178,2.4803387772232304,3.418027828947368,0.0,0.0,NORTH WEST,18.7,555.5,5169,Q4
P81734,580,135,23.27586206896552,38.718561751400514,0.0,41.83,9.887709565499392,11.6581354676329,7.300957065733165,4.325786503388461,0.0,0.0,NORTH WEST,25.9,1295.8,25358,Q1
P81748,256,81,31.640625,55.9075750357313,0.0,22.66,8.900628527314469,14.90248639898227,8.359931393586933,0.0,0.0,0.0,NORTH WEST,30.6,826.5,6316,Q2
P81755,3500,1346,38.457142857142856,30.139720558882235,1.0,30.72,9.095107207633037,12.71753055555036,7.690365536240286,2.214346497348956,0.0,0.0,NORTH WEST,18.1,487.6,4173,Q3
P81757,378,149,39.41798941798942,23.75913603141704,0.0,18.18,8.17002057605959,7.9998113233178465,15.169453550623809,7.773401571661045,0.0,0.0,NORTH WEST,24.3,715.8,2612,Q3
P81771,2502,1210,48.361310951239005,44.68994456820183,0.0,37.11,9.172595236289473,1.0246203099822593,1.3846220421444333,1.3846220421444333,0.0,0.0,NORTH WEST,19.5,922.6,8548,Q4
P82005,1930,1024,53.056994818652846,58.40927241824176,0.0,18.98,8.876486371448152,11.021771257287146,7.409907026146453,0.0,0.0,0.0,NORTH WEST,19.5,522.8,3748,Q4
P82009,351,98,27.92022792022792,64.38585432651553,0.0,32.85,8.905433014692544,19.244203791867783,3.110905125080542,3.942891377412025,0.0,0.0,NORTH WEST,48.0,721.5,5720,Q2
P82015,5981,3721,62.21367664270189,58.915848766247876,0.0,16.21,9.929134993685436,18.64885170540338,4.6004832781692295,5.53617479237314,0.0,0.0,NORTH WEST,18.7,364.4,7383,Q4
P82016,132,21,15.909090909090908,42.136900727819196,0.0,23.97,9.393016032734597,18.22465654913885,7.619523640377366,4.531728346210718,0.0,0.0,NORTH WEST,24.0,634.6,7670,Q1
P82023,130,23,17.692307692307693,42.545101842871,0.0,13.14,9.08979101357483,14.62038882412665,10.679502123867184,3.7303049667205657,0.0,0.0,NORTH WEST,25.7,602.9,5173,Q1
P82031,1896,736,38.81856540084388,42.97125431012077,0.0,20.58,9.289282474205686,20.67505025096837,6.135980347613144,6.72740014015417,0.0,0.0,NORTH WEST,18.8,454.1,4871,Q3
P82643,177,46,25.98870056497175,33.552106208824114,0.0,9.58,8.910844344312725,8.634743599833602,8.454853107270948,0.0,0.0,0.0,NORTH WEST,24.7,447.8,3396,Q1
P83005,1082,523,48.33641404805915,49.73421545757008,0.0,29.16,8.442325956736685,10.576232215835608,2.873976147434976,3.448771375197586,0.0,0.0,NORTH WEST,22.1,498.5,2277,Q4
P83010,839,415,49.46364719904648,35.697474715348896,0.0,29.72,8.207515421981268,9.87165216510302,2.907703139865064,10.467731310056564,0.0,0.0,NORTH WEST,22.9,548.0,1986,Q4
P83011,215,50,23.25581395348837,57.3721895380125,0.0,21.51,8.886858395393215,26.49622847883918,3.943110497840733,4.974952496113319,0.0,0.0,NORTH WEST,25.5,632.7,4681,Q1
P83012,3808,834,21.90126050420168,31.0931198720623,0.0,22.92,10.787515045140056,13.69451123967426,5.293389631276992,6.218768880129305,0.0,0.0,NORTH WEST,26.4,683.9,33028,Q1
P83015,880,348,39.54545454545455,37.81496701632962,0.0,28.05,8.904618783699998,8.587299612856512,9.304114673213336,2.7152085619576654,0.0,0.0,NORTH WEST,27.9,656.1,4883,Q3
P83021,409,143,34.96332518337408,38.83811521462282,0.0,32.52,9.21727460782908,13.34712624554144,4.766830802333761,1.9596971082881616,0.0,0.0,NORTH WEST,31.3,552.6,5456,Q3
P83605,2273,1028,45.22657281126265,44.227353463587924,0.0,22.11,8.937032274962782,11.741125703208,2.5935620963166603,1.1565885020207445,0.0,0.0,NORTH WEST,22.7,643.2,4824,Q4
P83620,177,42,23.728813559322035,35.9410245513093,0.0,13.12,8.521467377388843,5.310586320593457,11.789501632673382,5.045057007152696,0.0,0.0,NORTH WEST,28.9,484.3,2619,Q1
P83621,151,125,82.78145695364239,61.09454481669882,0.0,44.48,8.109425434245397,6.81567605292172,1.122581940463065,12.188032476696405,0.0,0.0,NORTH WEST,29.0,831.2,2393,Q4
P83623,721,571,79.19556171983356,53.9758896487771,0.0,21.65,8.523572798380277,9.273979860890302,5.5643879173290935,6.253312134340223,0.0,0.0,NORTH WEST,24.6,475.3,2277,Q4
P84009,3470,1066,30.720461095100863,34.66256980734295,0.0,44.65,9.37473836825499,11.60617072722388,2.262411447236323,1.674184471939028,0.0,0.0,NORTH WEST,21.6,383.2,4218,Q2
P84017,3978,3084,77.52639517345399,60.63518890179923,0.0,32.57,9.459781750898538,19.989999808048207,1.5376922932264914,9.91188140028702,0.0,0.0,NORTH WEST,31.2,393.8,4978,Q4
P84018,334,61,18.263473053892216,18.03191489361702,0.0,26.2,8.407750280034856,9.520267756043138,5.236147265154332,4.046113798438081,0.0,0.0,NORTH WEST,20.9,371.6,1409,Q1
P84020,2451,1947,79.43696450428396,68.85730297009526,0.0,46.0,9.184424094346364,7.334302574531771,6.075429744291457,4.105020097494228,0.0,0.0,NORTH WEST,28.0,526.4,5180,Q4
P84021,2760,2108,76.3768115942029,58.776570618800186,0.0,37.5,9.1409009722389,19.25430995908888,2.8870031271103174,4.973648950424297,0.0,0.0,NORTH WEST,35.8,527.4,4843,Q4
P84022,236,42,17.796610169491526,59.5008547008547,0.0,29.01,8.753239805685954,14.826124727406745,3.3695738026166846,7.876378760102139,0.0,0.0,NORTH WEST,35.2,719.9,4436,Q1
P84024,3392,1618,47.700471698113205,49.08885592188296,0.0,38.12,9.016735396161742,29.38570764416756,2.9126802726592365,2.459596675094561,0.0,0.0,NORTH WEST,25.8,399.6,3223,Q4
P84026,1763,1593,90.35734543391943,37.242370985780475,0.0,49.59,9.147986130229206,12.147659342238306,2.3557376765472835,4.001915809696132,0.0,0.0,NORTH WEST,24.1,399.9,3900,Q4
P84027,725,144,19.86206896551724,45.20844787994437,0.0,38.79,8.997734850073636,12.00614325241968,6.596782006864777,4.057020934475402,0.0,0.0,NORTH WEST,34.1,574.1,4748,Q1
P84029,4300,3220,74.88372093023256,53.25428063707173,0.0,50.67,9.2759954570242,15.20301538062945,2.4972101474134365,10.013812694255636,0.0,0.0,NORTH WEST,26.3,509.4,5374,Q4
P84034,3743,2346,62.67699706118087,53.1921810292434,0.0,12.03,9.705524299752216,18.235007314115062,2.779132130667968,6.370875995246221,0.0,0.0,NORTH WEST,32.0,321.5,5216,Q4
P84035,4026,2703,67.13859910581222,63.478124365154116,0.0,26.89,9.721770812803454,19.188391022831187,4.957001014586175,7.355549892515029,0.0,0.0,NORTH WEST,23.9,381.7,6266,Q4
P84038,6675,1548,23.191011235955056,49.010418761816645,0.0,26.56,9.505140798721255,11.914883054926367,1.7872324581272534,0.0,0.0,0.0,NORTH WEST,17.6,298.4,4082,Q1
P84042,3266,1178,36.06858542559706,38.87919063677842,0.0,46.52,9.34233308143468,15.096544270440804,1.0282475979318202,4.860806823240733,0.0,0.0,NORTH WEST,18.2,357.8,3948,Q3
P84043,2255,1781,78.98004434589801,51.26073355587747,0.0,46.65,9.186508638722836,18.95301005274208,2.1847850212504483,14.362230528956935,0.0,0.0,NORTH WEST,23.5,500.1,4867,Q4
P84045,2280,674,29.56140350877193,50.52972098665588,0.0,39.1,8.573337202034278,14.723075711652092,0.0,0.0,0.0,0.0,NORTH WEST,22.2,330.9,1854,Q2
P84046,236,73,30.93220338983051,57.90398616418868,0.0,46.71,9.813152476354547,6.596433621015187,4.261412869612807,0.9340082999042276,1.0,0.0,NORTH WEST,52.1,627.8,12977,Q2
P84048,3523,1523,43.23020153278456,57.00929684431059,0.0,43.12,8.83279437303275,20.92749042776393,0.0,11.20282015437914,0.0,0.0,NORTH WEST,27.7,632.6,4374,Q4
P84051,348,95,27.298850574712645,47.230107133046424,0.0,46.51,8.655112858133078,9.850013792923209,2.9735890685754938,0.0,0.0,0.0,NORTH WEST,30.4,617.9,3499,Q2
P84054,817,361,44.18604651162791,33.699677817590555,0.0,54.49,8.797636628044316,9.625423366531106,3.0217946942321494,3.0217946942321494,0.0,0.0,NORTH WEST,30.9,605.4,3827,Q4
P84056,1438,815,56.6759388038943,67.440132594159,0.0,39.46,8.409849228545362,24.93830367357542,2.7313380201510404,4.275137772994638,0.0,0.0,NORTH WEST,23.1,641.0,2768,Q4
P84059,1543,804,52.10628645495788,47.46522291013652,0.0,42.89,9.071739005871772,1.2252438514774715,2.297332222956092,2.297332222956092,0.0,0.0,NORTH WEST,26.2,463.4,4215,Q4
P84061,2251,991,44.02487783207464,57.32613627473989,0.0,30.76,8.73195504759139,11.423346868529324,5.335197783096244,4.840401215478527,0.0,0.0,NORTH WEST,30.5,632.6,3865,Q4
P84065,619,326,52.66558966074314,45.28293525944964,0.0,54.95,8.42633807307215,0.0,4.380441329463944,0.0,0.0,0.0,NORTH WEST,34.7,454.3,1975,Q4
P84072,10024,2377,23.713088587390263,72.5527915558657,0.0,34.48,10.419624048620696,11.194151145351004,4.986884838335861,11.880735086762986,0.0,0.0,NORTH WEST,27.3,298.2,10412,Q1
P84074,552,162,29.347826086956523,49.86859011797687,0.0,49.1,9.327330500772396,17.510056118553223,3.1313707901818475,5.645956425018348,0.0,0.0,NORTH WEST,35.3,622.8,6927,Q2
P84635,1862,472,25.34908700322234,64.83325553653856,0.0,43.89,8.570591768140932,14.964338304024269,6.294733848414467,6.572814458927811,0.0,0.0,NORTH WEST,24.1,448.2,2339,Q1
P84644,1715,1470,85.71428571428571,65.65305325905688,0.0,53.76,8.875822890242818,12.191611747281152,0.0,0.0,0.0,0.0,NORTH WEST,29.8,385.9,2791,Q4
P84650,2400,821,34.208333333333336,47.188796254466304,0.0,28.96,8.757600201352195,22.058553718449403,0.0,2.9355489728199617,0.0,0.0,NORTH WEST,23.0,386.0,2357,Q3
P84651,1564,586,37.46803069053709,33.45626975763962,0.0,33.29,8.640884663758786,22.0559646539028,1.885125182916053,6.73932253431517,0.0,0.0,NORTH WEST,19.8,489.1,2965,Q3
P84663,115,42,36.52173913043478,44.90791896869245,0.0,43.49,8.643517424749732,11.004626977482044,2.5382276472921164,3.337299315207333,0.0,0.0,NORTH WEST,32.5,555.4,3174,Q3
P84672,394,85,21.573604060913706,31.00986903357954,0.0,20.51,8.216268262581996,35.30895333993875,0.7205908827238335,7.890470185552153,0.0,0.0,NORTH WEST,20.7,543.5,2041,Q1
P84678,4655,2682,57.61546723952739,59.48757592490337,0.0,12.95,9.686548670720478,14.824400215119438,3.594295918217345,11.097595693056238,0.0,0.0,NORTH WEST,23.1,383.4,6059,Q4
P84689,4095,2072,50.5982905982906,35.357001288276685,0.0,45.33,9.496965636202814,16.108614721549635,3.003172100531186,3.864081436267057,0.0,0.0,NORTH WEST,23.3,473.5,6728,Q4
P85002,145,33,22.75862068965517,52.590204206970675,0.0,51.66,8.80936516914087,37.23245396117471,1.991040319561971,10.154305624688895,0.0,0.0,NORTH WEST,33.2,814.5,5547,Q1
P85003,1291,639,49.49651432997676,52.651944498729726,0.0,55.86,8.740390074641608,5.546370859154179,3.2851581259666154,2.1332195626899897,0.0,0.0,NORTH WEST,24.0,620.4,3740,Q4
P85007,1169,636,54.4054747647562,62.05110007097232,0.0,50.1,8.293549515060345,9.93830248624312,2.1344005352676336,1.3340003351675838,0.0,0.0,NORTH WEST,19.8,697.9,2772,Q4
P85013,5410,2690,49.72273567467653,34.718168642166496,0.0,22.3,9.981886602451729,8.627091416287518,4.622976966017268,6.250264858055346,0.0,0.0,NORTH WEST,22.1,413.1,8673,Q4
P85014,1543,649,42.06092028515878,29.57551416106918,0.0,47.04,8.781222735202789,12.696787404582103,9.97312172123384,4.955842825035198,0.0,0.0,NORTH WEST,19.3,545.8,3628,Q4
P85017,122,26,21.311475409836067,31.97077336474399,0.0,24.79,9.137294655941425,15.089603485884874,1.4343729556151217,7.4300519056541185,0.0,0.0,NORTH WEST,22.6,696.9,6338,Q1
P85020,1937,707,36.499741868869386,35.31781894863684,0.0,43.98,8.951450896763237,14.854959029245702,5.38924095045828,2.2800634790400416,0.0,0.0,NORTH WEST,17.7,472.7,3475,Q3
P85022,1566,618,39.46360153256705,57.009953141567195,0.0,36.78,8.531769768368251,10.407187792578965,2.2075852893349324,3.6793088142441808,0.0,0.0,NORTH WEST,21.3,569.0,2925,Q3
P85606,214,37,17.289719626168225,29.960461285008236,0.0,33.12,8.785845337961213,5.992967436171839,4.443764968659226,0.0,0.0,0.0,NORTH WEST,29.0,676.4,4788,Q1
P85614,255,58,22.745098039215687,32.66684926504154,0.0,27.33,8.34198626550769,13.91663522449709,3.5585916571678213,6.799451914927418,0.0,0.0,NORTH WEST,28.5,658.2,3359,Q1
P85615,3653,1627,44.53873528606625,45.454872930963056,0.0,49.56,9.395920502735429,4.164186336817333,1.3289956392330589,7.043676887935212,0.0,0.0,NORTH WEST,18.0,439.8,5237,Q4
P86005,153,26,16.99346405228758,24.885197850512945,0.0,41.63,8.740323409308225,15.274870333737784,4.992066560887478,3.200042667235563,0.0,0.0,NORTH WEST,25.4,679.0,4231,Q1
P86006,667,135,20.239880059970016,38.683891404954586,0.0,36.25,9.730744970522498,15.530518758548968,5.071189798588585,2.392967685625852,0.0,0.0,NORTH WEST,29.9,691.2,11799,Q1
P86010,556,133,23.92086330935252,32.716972034715525,0.0,23.2,9.061221456009946,13.21776814657174,0.9905587378114844,7.522055410540165,0.0,0.0,NORTH WEST,26.9,656.3,5556,Q1
P86018,227,82,36.12334801762115,40.87267110724974,0.0,24.44,9.0608828288014,15.60658402763666,7.091086789560774,6.038261677359421,0.0,0.0,NORTH WEST,27.5,674.1,5791,Q3
P86023,665,186,27.96992481203008,58.52195473086459,0.0,27.55,9.132712108296593,18.79013301908373,4.034691139710187,11.671785079568073,0.0,0.0,NORTH WEST,33.9,674.0,6557,Q2
P86602,126,24,19.047619047619047,55.328222846037576,0.0,36.68,8.136152367218598,33.72612164239186,5.464880819732123,0.0,0.0,0.0,NORTH WEST,31.2,938.8,3220,Q1
P86614,103,13,12.62135922330097,35.96156267047124,0.0,49.77,8.4748074749198,4.22882976734481,0.0,3.783689794470527,0.0,0.0,NORTH WEST,26.7,718.2,3328,Q1
P87002,2878,1279,44.44058373870744,34.99601563389368,0.0,27.35,9.35547913764242,13.515539410136654,6.296488496799862,2.513982586057776,0.0,0.0,NORTH WEST,23.3,393.7,4526,Q4
P87004,1552,360,23.195876288659797,36.34321022328324,0.0,26.51,9.51893964643335,8.210451579978212,2.644110122290093,4.700640217404611,0.0,0.0,NORTH WEST,24.1,291.1,4478,Q1
P87008,2773,1290,46.52001442481068,63.2842648854212,0.0,28.19,9.081369990679224,14.440652257110353,7.645051194539249,3.0034129692832763,0.0,0.0,NORTH WEST,23.6,472.4,4187,Q4
P87016,4029,1842,45.71854058078928,59.59328956408886,0.0,12.53,9.51914160667235,16.166936939693418,4.347214148028027,5.052167793654194,0.0,0.0,NORTH WEST,18.5,397.8,5571,Q4
P87019,4469,1679,37.56992615797718,58.66172908514999,0.0,34.39,9.468555013011978,10.5977316322721,5.479099347039665,8.342237728027602,0.0,0.0,NORTH WEST,20.6,436.0,5517,Q3
P87024,3727,1815,48.69868526965388,42.170348285675566,0.0,38.47,9.357696593086024,14.268043610160229,4.556568765641631,3.543997928257055,0.0,0.0,NORTH WEST,20.2,464.8,5387,Q4
P87032,2219,815,36.72825597115818,35.5602793805041,0.0,22.5,8.720854863988949,18.62058651693337,3.828531805908664,2.8713988552472367,0.0,0.0,NORTH WEST,22.4,518.7,3341,Q3
P87610,4387,1883,42.92227034419877,38.996215646131894,0.0,28.35,9.45763004511847,15.78071922142829,4.456418465503105,3.894160060911327,0.0,0.0,NORTH WEST,21.9,410.3,5159,Q4
P87620,771,194,25.1621271076524,40.046505935625994,0.0,26.6,9.145970725467375,11.22797038722349,6.199841804139745,0.0,0.0,0.0,NORTH WEST,27.3,456.1,4322,Q1
P87634,4022,1461,36.32521133764296,69.27897815447058,0.0,37.4,9.247933158211085,11.71135741727329,2.748059745258714,3.6983233946242686,0.0,0.0,NORTH WEST,22.3,482.8,5520,Q3
P87654,2834,1256,44.31898376852505,37.74148834791649,0.0,41.92,9.362388843711573,22.378423263424622,3.321260360471276,6.436373526978082,0.0,0.0,NORTH WEST,19.2,412.3,4691,Q4
P87658,495,172,34.74747474747475,46.83848797250859,0.0,36.52,8.214307234555516,20.50495250468176,6.281446718259967,0.0,0.0,0.0,NORTH WEST,27.0,510.5,1877,Q3
P88005,4368,1683,38.53021978021978,32.509059901939885,0.0,27.08,9.352953318836798,14.350679942772084,2.3584837492954898,4.555110771276211,0.0,0.0,NORTH WEST,19.4,369.8,4265,Q3
P88007,4709,1895,40.242089615629645,39.705071664829106,0.0,7.23,9.57431196384755,13.898218711635124,4.85511107016284,1.778971995089296,0.0,0.0,NORTH WEST,21.2,327.1,4843,Q3
P88008,190,52,27.36842105263158,32.30442692540934,0.0,11.01,9.04235555128228,12.396987500492884,4.100784668585624,2.20811482118213,0.0,0.0,NORTH WEST,22.8,564.2,4837,Q2
P88012,2366,704,29.75486052409129,47.509485751190766,0.0,11.95,8.978029932837156,11.47134266809638,7.199024431689164,3.633152516715025,0.0,0.0,NORTH WEST,19.7,319.8,2517,Q2
P88015,3453,2013,58.29713292788879,60.922706145636084,0.0,5.03,9.399361657603992,12.60416091937531,6.180674355168038,4.260250537497931,0.0,0.0,NORTH WEST,25.2,596.0,7264,Q4
P88018,470,156,33.191489361702125,30.989347902991234,0.0,27.77,9.250241943036697,12.965528286663732,5.278456180325899,10.121311607318733,0.0,0.0,NORTH WEST,33.5,634.7,6532,Q2
P88020,2878,958,33.28700486448923,45.506993403305145,0.0,15.02,9.363419048842106,9.84826599899893,3.8441186986056497,2.196639256346085,0.0,0.0,NORTH WEST,23.9,422.5,4980,Q2
P88025,3557,1339,37.64408209165027,48.09254130752715,0.0,9.15,9.273346469552308,19.22944508685174,5.858971550186222,1.2268786573190196,0.0,0.0,NORTH WEST,23.2,300.4,3120,Q3
P88031,2348,877,37.35093696763203,30.809676819714795,0.0,17.19,8.659473698673008,24.055280888194982,6.291381155347385,5.921299911527452,0.0,0.0,NORTH WEST,23.1,392.4,2291,Q3
P88041,2179,1560,71.5924736117485,45.342084139949954,0.0,3.98,9.02402083389493,14.297045210791056,4.851356913284003,1.4136404261001396,0.0,0.0,NORTH WEST,23.2,470.7,4058,Q4
P88042,555,178,32.072072072072075,53.952701198058165,0.0,13.44,8.829311746098833,16.667683190573197,3.903438686004952,1.71751302260335,0.0,0.0,NORTH WEST,33.2,716.7,4984,Q2
P88623,114,21,18.42105263157895,29.410443066415027,1.0,8.83,8.88599431515281,8.593822038727524,2.4343015214384507,1.180267405255878,0.0,0.0,NORTH WEST,28.3,545.0,4127,Q1
P88632,6350,3277,51.60629921259842,41.60377542463777,0.0,28.52,9.818401593466453,17.34838311472435,5.110151344862628,7.67974449206983,0.0,0.0,NORTH WEST,25.4,461.1,8380,Q4
P89006,2940,1701,57.85714285714285,54.42490851831546,0.0,18.9,9.3553277682901,18.26950109210441,6.551184735624229,4.567375273026102,0.0,0.0,NORTH WEST,19.3,614.8,6976,Q4
P89011,1288,416,32.298136645962735,17.850775298503432,0.0,38.38,8.543689055220202,6.139163461070264,0.0,0.7271428816282807,0.0,0.0,NORTH WEST,19.6,532.5,2759,Q2
P89014,3721,1813,48.723461435098095,36.496943685784885,0.0,31.24,9.453868080811494,15.489029257490744,4.870369524133021,4.138768951394288,0.0,0.0,NORTH WEST,21.7,537.0,6831,Q4
P89016,3030,1509,49.801980198019805,55.53962132516812,0.0,30.68,9.004873005674916,15.686916653839855,9.07155722981824,9.366300965285738,0.0,0.0,NORTH WEST,24.2,528.0,4212,Q4
P89018,2273,1142,50.241970963484384,36.231107078788376,0.0,28.72,9.066835600613844,18.592123742665304,6.464148983243233,5.663825775024529,0.0,0.0,NORTH WEST,22.2,453.5,3888,Q4
P89023,351,119,33.903133903133906,29.865253595760787,0.0,28.32,8.64687551921913,44.22322422439539,2.810798149557885,2.810798149557885,0.0,0.0,NORTH WEST,24.1,701.7,4180,Q3
P89026,226,51,22.56637168141593,35.199292613249895,0.0,26.84,8.771059915373288,11.585208170674942,4.468580294802172,7.364882338246704,0.0,0.0,NORTH WEST,28.0,584.5,3676,Q1
P89612,493,165,33.46855983772819,25.76400679117148,0.0,23.73,7.712406564647868,2.981625728448437,17.293429239312736,12.999888190525889,0.0,0.0,NORTH WEST,18.3,598.5,1315,Q2
P89613,107,19,17.757009345794394,24.480600750938674,0.0,32.59,8.124718343346318,12.476864992226636,2.842829997779039,1.5793500007403205,0.0,0.0,NORTH WEST,29.3,622.4,2329,Q1
P91003,2273,1219,53.629564452265726,52.89851164797239,0.0,9.01,8.977966855283283,9.4198784671671,2.455896885132152,2.523181732164259,1.0,0.0,NORTH WEST,24.8,379.9,2982,Q4
P91006,1061,353,33.27049952874646,46.63642801094716,0.0,13.01,9.493794770394494,15.357589832857366,7.264382571724462,0.0,0.0,0.0,NORTH WEST,37.6,597.4,7906,Q2
P91009,661,217,32.829046898638424,21.093804936361717,0.0,11.54,9.302699231218329,14.847148036258366,5.203212496827772,4.376533876347722,0.0,0.0,NORTH WEST,23.7,489.1,5274,Q2
P91012,2040,767,37.59803921568628,50.77791986359761,0.0,13.0,8.92352459085236,18.29068069406515,5.845930091254246,10.692954993672153,0.0,0.0,NORTH WEST,23.0,404.2,3064,Q3
P91014,5869,2628,44.77764525472824,29.68561483309989,0.0,11.92,9.705869600116182,11.819418776426147,2.8918990268272373,3.168091630957941,0.0,0.0,NORTH WEST,20.8,433.0,7013,Q4
P91017,672,327,48.660714285714285,36.98304632225337,0.0,15.22,9.097395612960048,19.346171070309,4.926108374384237,1.627108524406628,0.0,0.0,NORTH WEST,32.2,516.7,4568,Q4
P91018,4201,1589,37.82432754106165,31.315159876359953,0.0,22.17,9.608685750408164,11.906693598249802,3.22286443266955,0.0,0.0,0.0,NORTH WEST,21.0,367.7,5413,Q3
P91020,2638,1204,45.640636846095525,43.6093874579679,0.0,36.09,9.1838937219612,19.139542048464936,3.669096759420885,8.844166068384844,0.0,0.0,NORTH WEST,23.3,438.4,4049,Q4
P91029,3551,1164,32.779498732751335,23.964749649326095,0.0,13.12,9.37081387768692,15.05877008687752,4.371058948952359,5.804445949690535,0.0,0.0,NORTH WEST,19.7,450.7,5338,Q2
P91035,633,157,24.80252764612954,39.33602086791558,0.0,10.38,9.497897436614812,12.671583948493565,5.100637579697462,0.8001000120015002,0.0,0.0,NORTH WEST,29.9,495.9,6829,Q1
P91603,199,39,19.597989949748744,28.17816795971145,0.0,7.51,8.899321434159964,18.34311450798417,4.804149037805377,1.8197534243210045,0.0,0.0,NORTH WEST,25.5,449.6,3466,Q1
P91604,4609,2079,45.10739856801909,41.601803571878385,0.0,6.98,9.726258009407749,12.722964763681404,2.747573636187264,0.0,0.0,0.0,NORTH WEST,28.2,471.4,7720,Q4
P91627,2906,1178,40.53682037164487,48.81299021536686,0.0,21.3,9.07361340274062,8.92753069239956,0.9172120575168394,1.7732766437682126,0.0,0.0,NORTH WEST,19.0,390.2,3404,Q3
P92004,2200,628,28.545454545454547,44.86877549449704,0.0,27.17,8.931034234350573,10.154588625450378,7.510164505217229,0.0,0.0,0.0,NORTH WEST,21.6,509.9,3649,Q2
P92006,127,69,54.330708661417326,28.77032971467775,0.0,33.23,8.72506065517793,9.097924535965232,3.2492587628447263,3.0326415109053246,0.0,0.0,NORTH WEST,27.4,622.5,3820,Q4
P92007,1494,702,46.98795180722892,40.09442081192063,0.0,32.89,8.779916365826823,21.23545393961142,5.2493976516122425,3.116829854923874,0.0,0.0,NORTH WEST,21.1,679.1,4157,Q4
P92008,2390,1432,59.9163179916318,30.859127366941376,0.0,25.5,9.078578840793927,17.918734432719184,6.510372101990759,3.92447664137813,0.0,0.0,NORTH WEST,20.2,623.5,5422,Q4
P92010,3712,1727,46.52478448275862,43.38944292701518,0.0,24.17,9.378260107496535,11.853939312531264,6.71828435702158,1.352674702869502,0.0,0.0,NORTH WEST,25.2,556.7,6395,Q4
P92011,3487,1429,40.98078577573845,33.35882438046421,0.0,33.87,8.990140400742808,18.32930008329612,5.882658413219364,4.387067291214441,0.0,0.0,NORTH WEST,24.6,607.2,4850,Q3
P92012,583,272,46.65523156089194,45.40482468991112,0.0,23.09,8.417649061079851,12.195526097763048,4.006259782380558,4.418668876001105,0.0,0.0,NORTH WEST,25.8,556.5,2506,Q4
P92017,4032,1932,47.91666666666666,46.14081488011893,1.0,9.6,9.485177804099154,12.195646944630854,8.427556692032061,12.053837095430431,0.0,0.0,NORTH WEST,18.7,516.8,6998,Q4
P92019,2716,1001,36.855670103092784,39.2158811399041,0.0,36.92,9.248975978090284,13.700321502160715,5.079894489565211,1.9242024581686403,0.0,0.0,NORTH WEST,24.3,451.9,4708,Q3
P92026,1977,1022,51.694486595852304,28.665689149560116,0.0,33.8,8.929589776790856,9.251208261646768,6.8148213541367815,4.713879019265995,0.0,0.0,NORTH WEST,22.7,420.4,3092,Q4
P92029,1650,614,37.21212121212121,38.39922085971048,0.0,34.06,8.423102268016642,16.875411997363216,5.625137332454406,3.984472278620084,0.0,0.0,NORTH WEST,21.8,590.9,2613,Q3
P92030,915,393,42.950819672131146,28.038284611960233,0.0,24.95,8.42834376260748,9.326217233829396,2.4481320242627373,2.2732654511011128,0.0,0.0,NORTH WEST,24.1,336.5,1468,Q4
P92031,233,60,25.751072961373392,18.106541540160087,0.0,33.74,8.392177815321949,7.25226161022871,3.384388752950952,0.0,0.0,0.0,NORTH WEST,24.5,708.7,3411,Q1
P92034,1917,868,45.27908189880021,50.32387153660935,0.0,19.76,8.628108251987392,14.893045737044664,8.258002924908261,1.5274918714758792,0.0,0.0,NORTH WEST,19.7,639.1,3504,Q4
P92041,1003,258,25.722831505483548,49.564964548524905,0.0,20.42,9.056373008678756,4.323651775341188,6.18997628134842,10.459859638399625,0.0,0.0,NORTH WEST,35.3,658.6,5545,Q1
P92042,2852,1170,41.02384291725105,40.599384295834724,0.0,29.32,9.122555969006218,7.336578266114725,8.035300004548969,6.201155438293227,0.0,0.0,NORTH WEST,27.1,592.5,5338,Q3
P92602,126,43,34.12698412698413,22.408217614609093,0.0,31.58,7.826276854007651,7.662886220773607,0.0,0.0,0.0,0.0,NORTH WEST,23.4,632.2,1494,Q3
P92605,2261,854,37.77089783281734,40.2072909220872,0.0,12.8,8.971194463184467,7.990854820271815,4.877429188365299,0.0,0.0,0.0,NORTH WEST,19.5,361.1,2893,Q3
P92620,444,82,18.46846846846847,23.79509024876437,0.0,39.85,8.989049270483509,3.194077647694899,5.955623948096239,7.319761275135686,0.0,0.0,NORTH WEST,27.6,510.3,4196,Q1
P92626,2105,1324,62.8978622327791,71.76904923242283,0.0,29.62,8.721520828472807,12.82573843156436,6.130268199233717,2.608624765631369,0.0,0.0,NORTH WEST,32.5,494.7,3251,Q4
P92633,109,31,28.440366972477065,30.31204432779236,0.0,26.35,8.122816380293493,0.0,0.0,0.0,0.0,0.0,NORTH WEST,27.1,639.5,2313,Q2
P92635,593,138,23.27150084317032,16.03077909586406,0.0,29.67,7.621684998724611,20.89454782566112,7.835455435847209,0.0,0.0,0.0,NORTH WEST,20.5,594.1,1130,Q1
Y00050,765,292,38.16993464052288,26.142574717990463,0.0,32.86,8.851424824520999,11.91237531618384,4.428960054407484,1.3745048441750585,0.0,0.0,NORTH WEST,22.9,625.1,4371,Q3
Y00445,2728,465,17.045454545454547,43.255840718149386,0.0,45.66,9.90148137484004,11.678605873104011,13.416826428801055,5.886855711488441,0.0,0.0,NORTH WEST,37.6,783.0,14988,Q1
Y01008,14897,4619,31.00624286769148,36.563199842496985,0.0,33.7,10.911373998362397,12.43397870583816,8.55778925799137,9.226936840072206,0.0,0.0,NORTH WEST,24.8,351.3,19049,Q2
Y01118,245,59,24.081632653061224,40.409373879599755,0.0,37.09,8.14199052143496,5.821145310339809,4.656916248271847,4.967377329549588,0.0,0.0,NORTH EAST AND YORKSHIRE,26.7,873.9,3042,Q1
Y01695,121,21,17.355371900826448,32.91530944625407,0.0,50.33,8.331566177613556,3.082171164843985,2.889535467041236,4.366409151800943,0.0,0.0,NORTH WEST,35.4,709.4,2922,Q1
Y02321,201,78,38.80597014925373,26.94834013846973,0.0,30.14,8.651505529023831,4.647169398907104,0.0,0.0,0.0,0.0,NORTH WEST,27.8,638.3,3621,Q3
Y02322,325,117,36.0,29.607202186378007,0.0,36.86,9.128262260940575,0.8300124641771602,3.4158344181502387,3.3289911702127664,0.0,0.0,NORTH WEST,29.0,586.2,5731,Q3
Y02325,1371,712,51.93289569657185,36.34482434275502,0.0,47.17,8.593953595142077,4.34655100436816,6.668004383595474,3.358698505564388,0.0,0.0,NORTH WEST,24.7,525.7,2770,Q4
Y02571,2865,701,24.467713787085515,47.530524694753055,0.0,25.26,9.00461711900061,18.40981911533776,1.8671880598237227,2.948191673405878,0.0,0.0,MIDLANDS,20.7,299.1,2581,Q1
Y02622,5357,2134,39.83572895277207,48.961722198705935,0.0,21.75,9.651998108940935,4.595089854581695,2.417565931180813,11.17909919907412,0.0,0.0,NORTH WEST,24.3,225.9,3661,Q3
Y02636,1474,652,44.23337856173677,46.172433466456354,0.0,41.44,8.811242450246178,10.023971880612589,3.696389313261542,0.0,0.0,0.0,MIDLANDS,27.4,446.5,2998,Q4
Y02753,133,36,27.06766917293233,39.639427127211455,0.0,53.79,8.652204738072115,18.38277052116552,3.494823292997248,6.756658365296405,0.0,0.0,NORTH WEST,29.8,782.1,4921,Q1
Y02767,510,105,20.58823529411765,38.87914426201225,0.0,29.56,8.790053461642412,11.164254087766263,0.0,1.4615023533740152,0.0,0.0,NORTH WEST,31.9,502.2,3384,Q1
Y02795,177,37,20.90395480225989,31.719582676574344,0.0,35.51,8.510722300285925,10.950631573650044,4.025967490312516,14.493482965125056,0.0,0.0,NORTH WEST,36.8,592.8,3166,Q1
Y02827,108,20,18.51851851851852,31.25897343862168,0.0,54.36,8.547237312764613,15.629953096555068,4.864952287239205,3.881610868510432,0.0,0.0,NORTH WEST,26.9,703.4,3493,Q1
Y02847,1974,987,50.0,55.309716921119595,0.0,28.07,9.144449826153895,6.49581656994339,5.49720511197351,2.79132694912237,0.0,0.0,MIDLANDS,28.5,805.6,8746,Q4
Y02849,2418,954,39.45409429280397,46.8921243150274,0.0,20.39,9.614704874640314,6.175682139019589,1.3348016151099542,5.873127106483799,0.0,0.0,NORTH WEST,22.4,164.3,2519,Q3
Y02886,251,108,43.02788844621514,47.14251837799384,0.0,25.4,8.386609830026698,0.0,0.0,0.0,0.0,0.0,NORTH WEST,26.2,574.9,2640,Q4
Y02933,238,86,36.134453781512605,34.71402401791166,0.0,47.09,9.03145291191651,19.29873235948337,10.141114565893329,6.154827392968189,0.0,0.0,NORTH WEST,32.0,632.5,5599,Q3
Y02936,883,308,34.88108720271801,23.450536352800952,0.0,24.55,8.183932459056997,11.08966159041749,8.597678602628212,5.656471680893128,0.0,0.0,NORTH WEST,21.4,565.0,1981,Q3
Y02960,1661,501,30.16255267910897,60.96184939282397,0.0,50.29,8.777786658177286,10.568441602835788,3.596105932033598,11.71303074670571,0.0,0.0,NORTH WEST,20.2,490.1,3146,Q2
Y03079,2986,1125,37.67582049564635,26.446009638299,0.0,26.57,9.663457430596743,13.323092406070398,5.3224567627724655,4.0342188205630745,0.0,0.0,NORTH WEST,25.1,414.8,6689,Q3
Y03602,144,59,40.97222222222222,35.98675439728207,1.0,11.89,8.695674048824253,12.760024540739504,3.346160281077464,21.415425798895768,0.0,1.0,MIDLANDS,22.5,767.7,4738,Q3
Y04882,930,220,23.655913978494624,60.407854465421785,0.0,23.18,8.062695389730761,5.713385498083286,4.201018749146669,0.0,0.0,0.0,MIDLANDS,21.5,1760.5,6079,Q1
Y04925,993,100,10.070493454179257,64.45019665848658,0.0,7.29,8.97816658722266,5.079451810336673,6.1889695903801885,1.2108853548041243,0.0,0.0,NORTH WEST,25.5,345.5,2839,Q1
Y04969,1149,384,33.420365535248045,61.1576685468708,0.0,36.51,8.511828828917087,7.737395063590208,7.024246386165988,0.0,0.0,0.0,MIDLANDS,55.7,1166.9,5635,Q2
Y05248,354,104,29.37853107344633,34.14971172630676,1.0,33.92,8.102838689462155,6.174645613681078,1.291429145941583,0.0,0.0,0.0,NORTH EAST AND YORKSHIRE,27.4,704.0,2364,Q2
A81004,2249,1030,45.79813250333481,37.39966026046697,0.0,24.56,9.329796082006554,5.7977016260186645,10.199222043689824,1.5973259580258234,0.0,0.0,NORTH EAST AND YORKSHIRE,20.8,486.3,5535,Q4
A81005,476,176,36.97478991596638,44.68542510891692,0.0,16.45,8.95960077844612,15.179843019692248,5.139901699379999,1.5762365202865496,0.0,0.0,NORTH EAST AND YORKSHIRE,42.7,957.3,7278,Q3
A81009,1590,691,43.459119496855344,52.13761041376104,0.0,37.66,9.024964154453,7.093635589347511,9.340488489894176,2.407342394302624,0.0,0.0,NORTH EAST AND YORKSHIRE,19.9,686.3,5466,Q4
A81012,138,32,23.18840579710145,35.86337209302326,0.0,52.82,8.62185346195967,12.0564395088562,6.3884719291504055,7.20504353047133,0.0,0.0,NORTH EAST AND YORKSHIRE,31.1,818.6,4615,Q1
A81014,104,24,23.07692307692308,29.75800296322902,0.0,24.61,8.330883693344422,6.511676472359993,5.847272141523263,2.698740989136765,0.0,0.0,NORTH EAST AND YORKSHIRE,23.5,709.1,2911,Q1
A81018,956,259,27.09205020920502,53.17980909390135,0.0,30.83,9.227500622378534,6.99257026303071,9.04347256239914,4.14164830459464,0.0,0.0,NORTH EAST AND YORKSHIRE,25.9,860.6,8733,Q1
A81019,497,232,46.68008048289738,39.475588710126374,0.0,52.4,9.099874252282657,9.381107491856678,3.186598418613309,3.156817123499302,0.0,0.0,NORTH EAST AND YORKSHIRE,31.0,712.5,6311,Q4
A81021,469,140,29.85074626865672,37.66743457368398,0.0,37.74,10.036545916633628,9.18040823312275,8.649090298953883,5.1124177475597845,1.0,0.0,NORTH EAST AND YORKSHIRE,41.6,809.1,21421,Q2
A81022,265,106,40.0,44.6861275440225,1.0,30.91,9.14909420287258,13.256903899850272,6.634122139433513,6.974333532262495,0.0,0.0,NORTH EAST AND YORKSHIRE,43.1,1340.1,12515,Q3
A81026,4630,1668,36.025917926565874,36.99783217892455,0.0,45.89,9.947743643790666,12.21423901650323,4.707007892848601,2.85099258550586,0.0,0.0,NORTH EAST AND YORKSHIRE,26.5,775.0,16035,Q3
A81030,3465,1455,41.99134199134199,23.39273098359369,0.0,27.62,9.701187753026508,12.6991899755157,5.843586133929119,4.048070841647793,0.0,0.0,NORTH EAST AND YORKSHIRE,22.0,572.5,9721,Q4
A81032,553,206,37.25135623869801,39.28617385912989,0.0,19.97,9.34538104173542,15.138667636840188,8.200946487368038,4.077175100400437,0.0,0.0,NORTH EAST AND YORKSHIRE,28.0,775.8,9061,Q3
A81034,728,269,36.95054945054945,58.57258927350393,0.0,19.84,9.95388753136946,17.622402002329583,2.307393643891192,10.256491527301256,0.0,0.0,NORTH EAST AND YORKSHIRE,38.9,652.5,13644,Q3
A81035,414,131,31.64251207729469,42.66395199314188,0.0,45.84,9.19880745616246,12.808200702050174,4.801726462773132,3.911518747639601,0.0,0.0,NORTH EAST AND YORKSHIRE,39.6,829.5,7994,Q2
A81036,2124,1865,87.8060263653484,37.48705246566089,0.0,28.16,9.715288758569296,10.975870601726117,7.80574164584465,5.920453859617358,0.0,0.0,NORTH EAST AND YORKSHIRE,23.0,408.4,6564,Q4
A81042,437,78,17.848970251716246,34.84375971781681,0.0,45.96,9.63059009154894,14.969920245893114,9.091257437828784,8.793470585556243,0.0,0.0,NORTH EAST AND YORKSHIRE,29.5,1084.6,17092,Q1
A81046,567,200,35.27336860670194,37.22576838491659,0.0,31.48,9.42060129745938,13.182063750405186,7.282549973257698,2.658022690437601,0.0,0.0,NORTH EAST AND YORKSHIRE,36.3,713.7,8700,Q3
A81063,112,29,25.892857142857142,34.23434710433175,0.0,40.06,8.590939193304722,7.843448103789943,7.034926924696557,6.14317562422591,0.0,0.0,NORTH EAST AND YORKSHIRE,29.5,1044.6,5572,Q1
A81064,1554,606,38.996138996139,58.54596720854945,0.0,50.02,9.084323531392696,4.469449485027223,10.2540834845735,2.631578947368421,0.0,0.0,NORTH EAST AND YORKSHIRE,23.0,524.7,4188,Q3
A81066,172,33,19.186046511627907,27.42583052051874,1.0,17.56,8.579761022018156,18.486395090334096,4.007890535742243,1.5029589504336665,0.0,1.0,NORTH EAST AND YORKSHIRE,36.4,768.9,4261,Q1
A81608,529,99,18.714555765595463,49.985139340536385,0.0,44.95,9.469372166852873,15.341295721535106,2.881381005267525,5.947993645011287,0.0,0.0,NORTH EAST AND YORKSHIRE,24.5,467.9,8522,Q1
A81610,483,160,33.126293995859214,32.30472516875603,0.0,24.23,8.983857919396458,5.351170567725752,9.501672240802677,0.0,0.0,0.0,NORTH EAST AND YORKSHIRE,28.4,789.6,6099,Q2
A81618,303,91,30.033003300330037,36.63203109638973,1.0,20.66,9.221848894159052,10.10332072856684,10.043743667053851,2.781141619751378,0.0,0.0,NORTH EAST AND YORKSHIRE,25.0,761.8,7537,Q2
A81629,151,30,19.86754966887417,22.643831615837122,0.0,41.24,8.830811005891738,7.015663443034275,5.885362109571021,1.675964043750457,0.0,0.0,NORTH EAST AND YORKSHIRE,31.0,825.4,9015,Q1
A82005,123,31,25.203252032520325,28.564231738035264,1.0,15.26,8.686387292302692,12.951126498079114,14.070094002617472,17.236578543504876,0.0,0.0,NORTH WEST,28.3,472.9,2704,Q1
A82007,699,232,33.19027181688126,32.50770871156451,0.0,31.04,9.341134688890818,7.721104352772579,6.551240055568554,9.241927936944313,0.0,0.0,NORTH WEST,31.9,669.9,7697,Q2
A82009,2698,1058,39.21423276501112,52.29601764171748,0.0,28.12,9.133234320326538,16.475989019127777,4.032584725505199,5.299968494711733,0.0,0.0,NORTH WEST,22.9,509.8,4672,Q3
A82012,4686,1471,31.39137857447717,42.20758201793637,1.0,16.18,9.727709539983184,12.919980327549638,11.142847207880267,20.40206046902088,0.0,1.0,NORTH EAST AND YORKSHIRE,22.2,413.5,6920,Q2
A82013,225,38,16.88888888888889,43.45294069124804,1.0,20.79,8.794686029479672,12.001666898180304,20.96186043920241,19.50919106744624,0.0,1.0,NORTH EAST AND YORKSHIRE,26.6,799.6,5151,Q1
A82014,171,41,23.976608187134502,38.24315557285585,1.0,18.07,8.374880498641518,35.41822793566611,11.283411158125324,24.872696526200496,0.0,1.0,NORTH EAST AND YORKSHIRE,28.8,724.6,3050,Q1
A82018,4041,1168,28.903736698836923,68.09797871233921,0.0,23.76,9.506480325498131,12.017922768485178,6.405592499209836,4.977720487112587,0.0,0.0,NORTH EAST AND YORKSHIRE,21.5,398.8,5461,Q2
A82023,1607,688,42.81269446172993,48.301921655580195,1.0,22.05,8.738762170408494,22.22162869795144,6.8374242130284975,24.059186454421624,0.0,1.0,NORTH EAST AND YORKSHIRE,28.9,564.7,3685,Q4
A82025,461,122,26.464208242950107,30.37681254726597,0.0,13.28,9.34884790472005,12.478019546823193,7.278689951896217,4.109499590065807,0.0,0.0,NORTH WEST,42.2,505.8,5975,Q1
A82026,706,210,29.745042492917847,28.683553693327053,0.0,11.24,9.762782874258422,12.726391973102986,8.257113943184379,12.232192961692862,0.0,1.0,NORTH WEST,31.5,623.1,10681,Q2
A82028,1921,570,29.67204580947423,30.598477757959984,1.0,13.52,9.025074484892778,22.11301225683509,6.097927907247306,10.751609733416243,0.0,1.0,NORTH EAST AND YORKSHIRE,21.1,400.6,3336,Q2
A82038,972,377,38.78600823045267,48.92718446601942,1.0,16.77,8.458168330965622,12.72961934902141,10.240271563798377,25.62896695602977,0.0,1.0,NORTH EAST AND YORKSHIRE,25.5,588.2,2720,Q3
A82062,155,45,29.032258064516128,44.82828231850412,0.0,33.24,8.730353744677045,19.65120193926335,2.327116019123291,6.033263754359976,0.0,0.0,NORTH WEST,30.0,725.6,4678,Q2
A82072,178,53,29.775280898876403,25.532265144863917,0.0,31.27,8.912001719335873,3.1624104386496867,10.20596096489455,9.343485389124725,0.0,0.0,NORTH WEST,25.6,595.3,4362,Q2
A82617,423,173,40.8983451536643,50.31449537787096,1.0,15.28,7.917384551286793,15.642933052375891,8.841657808410506,5.343859114012449,0.0,1.0,NORTH EAST AND YORKSHIRE,29.9,609.7,1715,Q3
A82629,363,58,15.977961432506888,55.74907855749078,0.0,33.07,8.035710596884156,17.35002157962883,0.0,2.76219249244713,0.0,0.0,NORTH WEST,27.1,633.3,1869,Q1
A82650,101,22,21.782178217821784,21.894171779141104,1.0,15.99,7.980137662920476,9.581384738222882,6.935097522527662,12.775179653245129,0.0,1.0,NORTH WEST,28.8,776.5,2331,Q1
A83001,809,249,30.778739184178,40.72330612394304,0.0,25.34,9.643393625567631,12.858107926392304,6.502553570513687,24.47104602134732,0.0,1.0,NORTH EAST AND YORKSHIRE,28.6,793.1,12602,Q2
A83009,357,130,36.41456582633053,50.88788562829195,0.0,22.0,8.96944646102316,18.407184739001817,8.991528028755924,4.580589750930432,0.0,0.0,NORTH EAST AND YORKSHIRE,32.8,859.7,6512,Q3
A83010,449,151,33.630289532293986,22.776689331950365,0.0,22.25,9.49309155756202,8.025877284392607,9.18035587495996,4.3815517582107,0.0,0.0,NORTH EAST AND YORKSHIRE,25.7,692.3,9123,Q2
A83016,143,26,18.181818181818183,43.63383929717306,0.0,36.52,9.29135952584785,12.650779622983702,13.64820521490544,6.4429365161726615,0.0,0.0,NORTH EAST AND YORKSHIRE,37.0,804.2,8680,Q1
A83018,3496,2271,64.9599542334096,37.20113221628608,0.0,25.15,9.737329657084512,14.00254847106401,9.808175776127994,7.706423823594527,0.0,0.0,NORTH EAST AND YORKSHIRE,25.9,604.9,10008,Q4
A83021,187,61,32.62032085561497,34.95186153931771,0.0,35.64,9.66380697354642,9.265293803474698,13.242185638413352,4.015864358674299,0.0,1.0,NORTH EAST AND YORKSHIRE,24.3,1035.4,16649,Q2
A83022,1074,448,41.71322160148976,40.46747308090405,1.0,27.99,10.193336026644328,12.384141892645324,9.023430433871544,5.272565124137029,0.0,1.0,NORTH EAST AND YORKSHIRE,29.9,733.9,19578,Q4
A83025,148,42,28.37837837837838,40.74379647422508,0.0,38.81,9.517855708509734,7.823289727643148,13.607426243313624,8.176220091296221,0.0,0.0,NORTH EAST AND YORKSHIRE,36.3,1056.6,14403,Q2
A83026,303,107,35.31353135313531,38.32935928005538,1.0,26.01,9.284318573805338,16.09782221678765,11.169068367514356,7.355240145185506,0.0,0.0,NORTH EAST AND YORKSHIRE,36.4,673.3,7197,Q3
A83030,311,118,37.942122186495176,56.75220355173462,1.0,21.48,9.572555772533589,22.504197095735613,7.65745644821645,8.316461790568566,0.0,0.0,NORTH EAST AND YORKSHIRE,41.6,693.8,10020,Q3
A83033,1851,611,33.00918422474338,47.67447236413232,0.0,25.95,9.19806534110057,17.750421812107717,9.52959438550314,9.55659040291557,0.0,0.0,NORTH EAST AND YORKSHIRE,25.0,664.4,6856,Q2
A83034,237,95,40.08438818565401,39.73855831938593,0.0,28.26,9.32430873359904,13.99580625552102,6.11513466145175,1.7845723718453967,0.0,0.0,NORTH EAST AND YORKSHIRE,23.5,740.2,8563,Q3
A83036,2969,1405,47.32233075109465,33.86109836316353,0.0,8.81,9.25986835912538,14.37059947848017,11.77412663605434,6.34452348599843,0.0,0.0,NORTH EAST AND YORKSHIRE,22.4,425.9,4361,Q4
A83040,201,66,32.83582089552239,23.308449573208815,0.0,33.66,9.415747559800096,12.399313261537834,6.709961116426783,6.058508580851366,0.0,0.0,NORTH EAST AND YORKSHIRE,28.9,726.9,8918,Q2
A83041,669,142,21.225710014947683,39.40155559851876,1.0,35.62,8.901082768228944,15.70444714494942,12.098229998069913,11.807581829039837,0.0,0.0,NORTH EAST AND YORKSHIRE,27.2,757.3,5549,Q1
A83044,188,71,37.765957446808514,33.119744944206545,0.0,43.88,9.01602720232985,17.311634684236097,8.614687070682535,10.460691442798154,0.0,0.0,NORTH EAST AND YORKSHIRE,33.3,742.6,6199,Q3
A83057,585,174,29.743589743589745,37.450381753025326,1.0,39.84,9.8136585734676,15.078935733723524,12.471453772204525,12.252656337604442,0.0,0.0,NORTH EAST AND YORKSHIRE,28.3,841.6,15276,Q2
A83070,113,49,43.36283185840708,24.823618056031236,1.0,15.73,8.669499313950336,4.740164016544775,6.366017373731591,6.1370239452705695,0.0,0.0,NORTH EAST AND YORKSHIRE,27.9,639.8,3806,Q4
A83075,266,108,40.6015037593985,31.112359891862337,0.0,33.09,9.028328767142156,16.69114574361948,9.27712409113175,10.124861292999173,0.0,0.0,NORTH EAST AND YORKSHIRE,25.7,683.0,5676,Q3
A83618,677,264,38.99556868537666,36.58476819028327,1.0,27.27,8.940443642926276,17.080172460841563,6.6364678264476336,10.653277302625115,0.0,1.0,NORTH EAST AND YORKSHIRE,34.0,842.6,6444,Q3
A83627,126,48,38.095238095238095,41.76213404172893,0.0,34.94,8.792093929503284,21.36007292768156,5.753063910665452,5.425706472196901,0.0,0.0,NORTH EAST AND YORKSHIRE,30.4,677.4,4470,Q3
A83636,1145,439,38.34061135371179,50.194499651769185,0.0,29.31,8.686640563726586,12.916332530283206,8.103659308656566,5.4024395391043765,0.0,0.0,NORTH EAST AND YORKSHIRE,22.0,769.3,4434,Q3
A84006,3414,1422,41.65202108963093,33.17055977442404,1.0,16.23,9.846096758756875,13.37251891180598,9.545747393894464,27.874712063332364,0.0,1.0,NORTH EAST AND YORKSHIRE,26.8,656.3,12404,Q4
A84009,882,183,20.74829931972789,46.10088845846141,0.0,34.28,10.210310268515292,11.444240062173495,5.552694184754617,5.64353861599588,0.0,0.0,NORTH EAST AND YORKSHIRE,30.8,960.1,25768,Q1
A84016,190,54,28.42105263157895,34.47164521754487,0.0,14.93,8.84503303784264,13.564206634165089,4.649487258579697,3.074041164293091,0.0,0.0,NORTH EAST AND YORKSHIRE,31.0,716.8,4860,Q2
A84020,1344,419,31.17559523809524,26.650990795449978,1.0,26.79,8.993127118302118,15.14591336943803,9.046193991985172,6.196477202472792,0.0,0.0,NORTH EAST AND YORKSHIRE,22.2,564.0,4584,Q2
A84026,289,248,85.81314878892734,46.5411752783654,0.0,23.03,9.121317883147048,9.794222938813435,9.327831371027246,4.34327148252398,0.0,0.0,NORTH EAST AND YORKSHIRE,36.1,842.5,7740,Q4
A84031,3226,1424,44.14135151890886,43.877177572829744,0.0,13.7,9.26584603188159,7.0766344242366905,4.53477757018187,1.5136106709552302,0.0,0.0,NORTH EAST AND YORKSHIRE,23.2,589.0,6528,Q4
A84038,1599,745,46.59161976235147,40.309960500163534,0.0,18.49,9.075922872589285,10.638298682833367,4.880513215705339,4.54497793359833,0.0,0.0,NORTH EAST AND YORKSHIRE,22.2,867.5,8076,Q4
A84044,1227,596,48.57375713121434,40.49246753246753,0.0,23.13,8.88175528320345,13.066243792436886,6.037526187538342,7.519127708031901,0.0,1.0,NORTH EAST AND YORKSHIRE,33.6,710.1,5027,Q4
A85005,656,211,32.16463414634146,49.522839685772475,0.0,36.62,9.77971788269179,19.54541167594077,5.779496369329435,12.902008865415448,0.0,0.0,NORTH EAST AND YORKSHIRE,24.5,913.7,16463,Q2
A85006,2545,852,33.47740667976424,46.23120231128232,0.0,27.65,9.10524833879223,15.133121662146277,8.294069184385675,2.22162567458738,0.0,0.0,NORTH EAST AND YORKSHIRE,21.2,574.5,8387,Q2
A85007,201,57,28.35820895522388,31.834680032839305,0.0,20.02,9.061027968789174,16.15790084755602,6.966213862765587,5.696814891443167,0.0,0.0,NORTH EAST AND YORKSHIRE,25.3,811.5,7151,Q2
A85009,138,60,43.47826086956522,54.00376690828149,0.0,37.88,8.767523802574411,3.1972180045934064,6.602047568998404,6.519002944450931,0.0,0.0,NORTH EAST AND YORKSHIRE,33.6,891.3,5814,Q4
A85011,218,97,44.4954128440367,53.47191813970639,0.0,37.95,8.908040872478775,16.6692673682549,6.494238618170338,0.0,0.0,0.0,NORTH EAST AND YORKSHIRE,31.8,778.6,5549,Q4
A85016,314,140,44.5859872611465,38.44284857525104,0.0,36.37,9.39877514934674,18.729595607766267,2.84919555779491,4.491464015515968,0.0,0.0,NORTH EAST AND YORKSHIRE,24.1,762.6,9376,Q4
A85019,656,232,35.36585365853659,43.86776422610731,0.0,38.05,9.273714152566756,17.128438573339277,5.831788567003778,1.8771851608513035,0.0,0.0,NORTH EAST AND YORKSHIRE,28.6,592.6,6227,Q3
A85020,428,141,32.94392523364486,38.72498050428906,0.0,14.05,9.660242266697631,12.30828094505763,5.22056127368091,6.393912179573704,0.0,0.0,NORTH EAST AND YORKSHIRE,30.9,609.3,9534,Q2
A85026,384,255,66.40625,51.59271303192419,0.0,32.92,8.637240328725689,21.663488687863065,4.730019362334264,7.189629433727995,0.0,0.0,NORTH EAST AND YORKSHIRE,31.1,750.0,4351,Q4
A85611,198,69,34.84848484848485,53.24311596896919,0.0,22.9,8.596096789011703,11.669161814989373,5.914425653821273,6.308720696793273,0.0,0.0,NORTH EAST AND YORKSHIRE,32.7,992.8,5641,Q3
A86004,1738,852,49.02186421173763,43.05984666437808,0.0,44.24,9.623856318274058,7.377167892866,6.207599681243283,3.826844121352402,0.0,0.0,NORTH EAST AND YORKSHIRE,28.3,517.5,7310,Q4
A86008,269,196,72.86245353159852,47.260121111127646,0.0,19.64,9.491048180690628,13.75076783696692,6.30381148935099,4.295050602185187,0.0,0.0,NORTH EAST AND YORKSHIRE,33.3,571.4,7625,Q4
A86010,2088,813,38.9367816091954,52.97447165882448,0.0,18.1,9.272344434084092,16.316300636924716,7.318525015821298,3.759516275572543,0.0,0.0,NORTH EAST AND YORKSHIRE,24.4,599.6,6432,Q3
A86011,2345,967,41.23667377398721,36.81893421383321,0.0,50.04,9.274988262132744,13.662505664067991,10.473854421860109,5.024450450731951,0.0,0.0,NORTH EAST AND YORKSHIRE,25.9,815.8,8808,Q3
A86013,459,186,40.52287581699346,44.387837432859214,0.0,33.64,8.907036918621445,9.715027369561536,7.873144857287964,2.8892274711359405,0.0,0.0,NORTH EAST AND YORKSHIRE,25.8,930.4,6991,Q3
A86016,229,114,49.78165938864629,60.29248051816618,0.0,13.46,9.163894956733214,14.542661102362208,3.575606264992929,9.539605774743787,0.0,0.0,NORTH EAST AND YORKSHIRE,36.8,961.6,9051,Q4
A86017,190,84,44.21052631578947,47.66902272181269,0.0,45.73,9.351413049165927,14.508506957685936,2.8715959496602284,8.244259341588208,0.0,0.0,NORTH EAST AND YORKSHIRE,39.4,996.9,11735,Q4
A86018,2972,1350,45.42395693135936,64.47905242377715,0.0,10.18,9.49218669954413,18.263872912509665,2.554866126775173,7.040969642607926,0.0,0.0,NORTH EAST AND YORKSHIRE,19.4,630.7,8304,Q4
A86021,1548,621,40.11627906976744,41.16351304237583,0.0,37.03,9.221107201087076,17.13742075433433,6.648035020898771,13.612643139020106,0.0,0.0,NORTH EAST AND YORKSHIRE,29.2,610.7,6113,Q3
A86022,1277,607,47.53328112764292,54.89215139212253,0.0,18.38,9.04235555128228,16.608177910965658,8.233113836205197,4.952486099917196,0.0,0.0,NORTH EAST AND YORKSHIRE,39.8,820.3,6960,Q4
A86024,326,77,23.61963190184049,42.42617717478053,0.0,39.53,8.914659729413136,14.59305802896408,2.6880817176842178,6.236349585027386,0.0,0.0,NORTH EAST AND YORKSHIRE,27.9,767.8,5323,Q1
A86026,466,182,39.05579399141631,37.19860535921821,0.0,26.38,8.89707834892163,17.10761795159985,3.757110124819041,4.450169276049564,0.0,0.0,NORTH EAST AND YORKSHIRE,38.9,888.2,6814,Q3
A86028,1543,557,36.09850939727803,45.06365784859343,0.0,14.94,8.928883328210798,7.786400476137895,7.420330823082529,2.6147832433029308,0.0,0.0,NORTH EAST AND YORKSHIRE,27.8,766.0,6060,Q3
A86029,5206,1380,26.50787552823665,56.389854104650766,0.0,34.65,9.918331008016883,12.113519085180368,5.346711058709549,9.89207230211545,0.0,0.0,NORTH EAST AND YORKSHIRE,25.6,332.4,6787,Q1
A86030,198,120,60.60606060606061,39.95839791173832,0.0,38.41,9.29562317250464,5.722549987374027,6.611418470650352,6.733852146644934,0.0,0.0,NORTH EAST AND YORKSHIRE,25.6,920.5,9778,Q4
A86601,234,68,29.05982905982906,34.58183683940482,0.0,29.97,9.11114599175611,9.897301873964738,7.361872859719513,2.1791143674310747,0.0,0.0,NORTH EAST AND YORKSHIRE,30.6,791.5,7131,Q2
A87004,464,155,33.4051724137931,33.37825310718945,0.0,26.23,10.103577397519116,14.787132074784337,6.702073590732801,8.393965130933985,0.0,0.0,NORTH EAST AND YORKSHIRE,27.1,743.9,18156,Q2
A87008,415,100,24.09638554216868,41.96515292671807,0.0,9.38,9.067518335618992,12.552807389862442,4.552576684578339,3.691278393524882,0.0,0.0,NORTH EAST AND YORKSHIRE,29.0,606.4,5566,Q1
A88002,835,206,24.67065868263473,44.463512214284975,0.0,36.63,9.741635067581514,11.587569071599328,11.584433906415333,1.0032527330799077,0.0,0.0,NORTH EAST AND YORKSHIRE,23.2,619.9,10283,Q1
A88010,173,63,36.41618497109827,36.11418668463871,0.0,32.04,8.107594552026466,14.941634241245138,11.969373668382076,8.67578762394879,0.0,0.0,NORTH EAST AND YORKSHIRE,30.2,830.3,2999,Q3
A88016,391,99,25.319693094629155,24.378198262525288,0.0,19.66,9.02000680457205,11.513316262978568,6.580512489667547,4.451523154775105,0.0,0.0,NORTH EAST AND YORKSHIRE,27.1,595.6,4984,Q1
A88023,130,45,34.61538461538461,34.16812823754945,0.0,17.8,8.592269741965472,7.322428026840658,4.749683045239494,1.1874207613098735,0.0,0.0,NORTH EAST AND YORKSHIRE,25.7,1286.3,6842,Q3
A88601,205,32,15.609756097560975,39.98838812685971,0.0,32.67,8.349267514906016,7.570231641202564,9.462789551503205,14.004928536224742,0.0,0.0,NORTH EAST AND YORKSHIRE,27.5,676.3,3029,Q1
A89002,160,30,18.75,27.124429450287757,0.0,47.74,8.856055426856454,6.270709373997933,6.8407738625432,0.0,0.0,0.0,NORTH EAST AND YORKSHIRE,20.6,819.4,5625,Q1
A89009,195,72,36.92307692307692,38.476552289005454,0.0,24.47,9.159222500797572,10.78828275670935,4.322048762673215,5.276267322224172,0.0,0.0,NORTH EAST AND YORKSHIRE,27.1,899.9,8831,Q3
A89010,2347,1018,43.37452066467832,30.830061307432665,0.0,29.46,9.421863331661312,10.079114031308382,10.942421442397835,7.165451517060438,0.0,0.0,NORTH EAST AND YORKSHIRE,20.8,510.4,6190,Q4
A89016,397,138,34.76070528967254,54.498222114820315,0.0,29.42,9.137671107975128,22.4754699907697,6.079452276478864,1.2904497755155078,0.0,0.0,NORTH EAST AND YORKSHIRE,25.7,694.5,6436,Q3
A89017,2730,884,32.38095238095238,31.363679200829328,0.0,38.12,9.591586782956078,9.328271474219235,4.298406880638386,3.333086690989396,0.0,0.0,NORTH EAST AND YORKSHIRE,18.8,456.9,6552,Q2
A89021,105,37,35.23809523809524,51.89769155738593,0.0,27.98,9.050103151125755,12.154196787338726,8.868212807997418,6.103704283352734,0.0,0.0,NORTH EAST AND YORKSHIRE,34.1,1036.0,8825,Q3
A89023,276,105,38.04347826086956,45.103207675162324,0.0,28.85,9.023589018102845,10.396030453805825,5.914140500210932,1.558890295907913,0.0,0.0,NORTH EAST AND YORKSHIRE,32.3,878.8,7404,Q3
A89025,8253,2449,29.67405791833273,32.59449276524109,0.0,30.92,9.23188168296391,8.534168481319274,8.821250602138436,9.08223434709207,0.0,0.0,NORTH EAST AND YORKSHIRE,18.4,702.8,6956,Q2
A89026,147,56,38.095238095238095,35.58069339050467,0.0,31.19,8.89023840826829,9.485154196191854,7.198521731226112,6.610887305030472,0.0,0.0,NORTH EAST AND YORKSHIRE,25.8,888.1,6373,Q3
A89041,150,26,17.333333333333332,44.277075316107755,0.0,38.23,9.017058974945886,7.86169244767971,10.838135679708826,6.923465776160146,0.0,0.0,NORTH EAST AND YORKSHIRE,26.7,962.4,7776,Q1
B81003,1010,535,52.97029702970297,60.01651731616767,0.0,24.69,9.456536166820545,6.566860806003987,8.109551915725286,6.233305971934487,0.0,0.0,NORTH EAST AND YORKSHIRE,35.3,660.2,8414,Q4
B81008,10252,8471,82.62777994537652,66.13431784633492,0.0,37.66,10.539956351081234,11.147588695516053,3.87343429956058,3.323110300715907,1.0,0.0,NORTH EAST AND YORKSHIRE,20.1,455.8,17372,Q4
B81015,347,75,21.613832853025936,56.19980268206234,0.0,33.47,9.73213560893076,11.615876878430909,7.643690098216671,0.5697160321652176,0.0,0.0,NORTH EAST AND YORKSHIRE,26.4,864.0,14765,Q1
B81020,208,88,42.30769230769231,39.23066448801743,0.0,28.78,9.01301684626388,15.657134735816308,3.4757539775253528,8.73811046563328,0.0,1.0,NORTH EAST AND YORKSHIRE,27.5,1036.5,9022,Q4
B81026,1498,1170,78.1041388518024,49.8227343230667,0.0,30.82,9.92258731850406,12.113609235246988,3.3807648887290087,4.970812826332226,0.0,0.0,NORTH EAST AND YORKSHIRE,44.3,718.9,14591,Q4
B81030,213,39,18.309859154929576,35.995706193072515,0.0,19.67,10.104910237910252,8.194417380379761,8.03395627407564,3.5863929637477265,1.0,0.0,NORTH EAST AND YORKSHIRE,32.5,1093.5,27003,Q1
B81036,5357,1692,31.58484226246033,49.48167637662094,1.0,10.29,9.83428483760501,11.78532995566034,4.843873491312909,7.765915170058004,0.0,1.0,NORTH EAST AND YORKSHIRE,23.2,339.2,6474,Q2
B81038,349,157,44.98567335243553,58.53154986914801,0.0,31.66,9.005006040873155,10.004891276132,3.798413917421336,2.357636224098235,0.0,0.0,NORTH EAST AND YORKSHIRE,32.1,880.1,7177,Q4
B81041,726,452,62.25895316804408,54.85557732247279,1.0,12.59,8.7332315606004,16.24300044313741,10.613812457801233,11.60214317366958,0.0,1.0,NORTH EAST AND YORKSHIRE,24.1,614.6,3807,Q4
B81042,3584,1474,41.127232142857146,44.87880350696235,0.0,11.12,9.53110657877578,19.503936341318884,3.50219491794754,8.978002442587464,0.0,1.0,NORTH EAST AND YORKSHIRE,16.9,617.3,8405,Q3
B81045,3400,1875,55.14705882352941,37.4510540679508,0.0,27.19,9.432496769547756,14.884018898112805,10.848036729039318,6.513092918079171,0.0,0.0,NORTH EAST AND YORKSHIRE,19.7,462.9,5723,Q4
B81047,495,159,32.121212121212125,18.48591030888372,0.0,42.29,8.931089325002254,18.404177959939183,3.948789139948437,6.487296446089773,0.0,0.0,NORTH EAST AND YORKSHIRE,26.4,618.9,4724,Q2
B81048,12843,4797,37.35108619481429,39.99867740175575,0.0,30.45,10.950691043070362,9.485727153399298,5.343307195304722,10.513510455330367,0.0,0.0,NORTH EAST AND YORKSHIRE,26.8,621.6,34809,Q3
B81068,541,215,39.74121996303143,46.630900466681965,0.0,24.01,9.779496222740825,10.059760486762604,7.365586072363488,2.7319079486635256,0.0,0.0,NORTH EAST AND YORKSHIRE,36.0,616.3,10864,Q3
B81088,452,155,34.29203539823009,38.15980500539432,1.0,11.82,9.001130543896517,10.310004418009802,7.542397334894759,4.339116767851089,0.0,0.0,NORTH EAST AND YORKSHIRE,26.5,778.6,6455,Q3
B81092,1981,1371,69.20747097425543,55.38106115668155,0.0,15.18,9.406811351874556,13.288417824336536,7.230301537260702,3.330320708240901,0.0,1.0,NORTH EAST AND YORKSHIRE,25.7,534.5,6692,Q4
B81099,3168,902,28.47222222222222,43.96394265515565,1.0,17.21,9.265641042761064,15.441993960086103,8.64062317718395,9.773753821310017,0.0,1.0,NORTH EAST AND YORKSHIRE,17.3,160.6,1710,Q2
B81104,136,24,17.647058823529413,29.68387071375143,0.0,24.18,8.969011634602195,5.634878539514162,4.175241328100138,3.632120505781266,0.0,0.0,NORTH EAST AND YORKSHIRE,28.2,476.8,3551,Q1
B81109,4340,1334,30.737327188940093,44.970818239319186,1.0,20.49,9.39320344878837,18.60547758630742,15.835866683046683,16.213439943364012,0.0,1.0,NORTH EAST AND YORKSHIRE,23.7,908.1,20380,Q2
B81112,319,55,17.24137931034483,46.62352136578941,0.0,39.36,9.476454009009872,6.212560509368654,22.54096790466581,23.481026402360367,1.0,0.0,NORTH EAST AND YORKSHIRE,24.2,753.8,16159,Q1
B81113,106,36,33.9622641509434,49.087616152607005,0.0,28.35,9.1742035653578,16.461029367294216,6.082546375441719,2.2394829835581165,0.0,0.0,NORTH EAST AND YORKSHIRE,44.6,98.8,991,Q3
B81118,150,37,24.666666666666668,33.2039189713842,0.0,33.73,8.963352285851958,21.575028271138702,10.343723996671574,5.530307879408564,0.0,0.0,NORTH EAST AND YORKSHIRE,22.5,531.5,4108,Q1
B81606,101,18,17.821782178217823,51.95293740995678,0.0,44.91,8.387995252944556,4.855105448338644,4.551661356395084,0.0,0.0,0.0,NORTH EAST AND YORKSHIRE,23.5,888.3,3833,Q1
B81656,130,28,21.53846153846154,40.372574785498955,0.0,45.2,8.822567823398936,6.287763423392445,11.200078597042786,7.663211671660854,0.0,0.0,NORTH EAST AND YORKSHIRE,28.5,1028.2,6995,Q1
B82002,2426,681,28.07089859851608,49.62409877896323,1.0,11.01,8.958582988462235,24.58208635338507,8.16361531449642,12.622732924152125,0.0,1.0,NORTH EAST AND YORKSHIRE,19.4,322.1,2598,Q2
B82012,1401,658,46.96645253390435,39.263122730260676,0.0,6.32,9.632285600498298,11.996218393691493,4.16195331967146,14.094682253881338,0.0,1.0,NORTH EAST AND YORKSHIRE,20.6,515.7,8110,Q4
B82013,4783,1807,37.77963621158269,26.45514722666058,0.0,11.59,9.916934239254884,16.259881849956216,6.451947401058175,1.868044678169284,0.0,0.0,NORTH EAST AND YORKSHIRE,22.7,347.8,7159,Q3
B82017,489,72,14.723926380368098,26.620023116838404,0.0,24.72,9.516427036104067,15.482414155069582,11.417912278919076,10.294774562992416,0.0,1.0,NORTH EAST AND YORKSHIRE,23.3,825.4,10980,Q1
B82019,586,232,39.59044368600683,16.533834010268986,1.0,13.62,8.33126513902817,10.790847049377762,5.138498596547572,16.218386191890804,0.0,1.0,NORTH EAST AND YORKSHIRE,28.3,420.5,1829,Q3
B82022,139,29,20.863309352517987,37.2217034962133,1.0,12.94,8.643502735824447,18.61394283028291,10.435089162431328,3.1963336184964306,0.0,0.0,NORTH EAST AND YORKSHIRE,44.6,771.9,4389,Q1
B82023,592,210,35.472972972972975,40.14193668876646,1.0,18.08,8.74509871983194,12.73919159372595,7.006555375673452,3.906685422649221,0.0,0.0,NORTH EAST AND YORKSHIRE,22.5,416.8,2530,Q3
B82024,481,181,37.62993762993763,21.98638366039247,0.0,34.5,9.144120438056074,0.0,1.1396924604001388,4.786708336672277,0.0,0.0,NORTH EAST AND YORKSHIRE,23.7,939.0,8302,Q3
B82032,3661,1547,42.25621414913958,50.91648176971222,1.0,12.69,9.412757269212928,11.658460554712333,0.0,5.118327286537846,0.0,1.0,NORTH EAST AND YORKSHIRE,23.7,400.5,4968,Q4
B82033,339,63,18.58407079646018,23.040124516468676,1.0,14.41,9.302835988550251,17.221736851605648,13.200738440009422,13.006252420971064,0.0,1.0,NORTH EAST AND YORKSHIRE,27.3,575.1,6267,Q1
B82042,847,202,23.84887839433294,38.218462304055734,1.0,14.52,9.056081352947112,16.552904342803803,4.480485385916808,7.96530735196313,0.0,1.0,NORTH EAST AND YORKSHIRE,27.9,709.1,6082,Q1
B82044,242,53,21.90082644628099,39.39856745397502,1.0,14.59,9.146530474217004,13.870778632108152,7.077507949761063,5.059423352933861,0.0,0.0,NORTH EAST AND YORKSHIRE,35.2,662.2,6280,Q1
B82046,355,81,22.816901408450704,23.53740858803675,1.0,32.17,8.043770390124847,14.128224339077386,5.137536123300867,0.0,0.0,1.0,NORTH EAST AND YORKSHIRE,26.8,603.8,1856,Q1
B82054,4065,2708,66.61746617466174,23.132683416365005,0.0,22.82,9.668671980778104,17.182724534915582,8.245684294838014,7.739814093333052,0.0,1.0,NORTH EAST AND YORKSHIRE,24.7,714.2,11854,Q4
B82064,271,121,44.64944649446495,29.850413038624694,1.0,9.06,8.173081850997741,25.581340667277985,14.445933554348592,16.92882838400226,0.0,1.0,NORTH EAST AND YORKSHIRE,29.4,484.2,1742,Q4
B82067,301,97,32.22591362126246,27.488151658767773,0.0,10.14,9.021225794774626,14.788115543429017,2.93184861431894,1.6431239491356486,0.0,0.0,NORTH EAST AND YORKSHIRE,27.6,574.6,5017,Q2
B82069,280,85,30.357142857142858,41.050723048354314,0.0,10.02,8.9242570208881,11.724529641906283,7.880724174653887,12.744053958998936,0.0,1.0,NORTH EAST AND YORKSHIRE,28.5,658.2,5050,Q2
B82075,265,51,19.245283018867923,41.667625954491385,0.0,14.97,9.173736897530398,21.962820369790897,10.98135486199832,11.783519323692376,0.0,1.0,NORTH EAST AND YORKSHIRE,22.8,680.4,6460,Q1
B82077,129,23,17.829457364341085,26.86495760335214,1.0,17.03,8.717859341413513,20.68373038059264,9.338224263564836,1.9636452892967693,0.0,0.0,NORTH EAST AND YORKSHIRE,24.7,659.0,4085,Q1
B82080,5292,1605,30.328798185941043,58.65577266583807,1.0,8.05,9.844825066970712,15.68003676254606,8.016754592932319,9.40943594602476,0.0,1.0,NORTH EAST AND YORKSHIRE,23.6,343.1,6434,Q2
B82083,9685,2378,24.55343314403717,43.39345162098631,0.0,13.65,10.709105535645918,15.983467966541246,7.071540141527612,6.398343817894436,0.0,0.0,NORTH EAST AND YORKSHIRE,22.3,256.8,11370,Q1
B82086,113,21,18.58407079646018,25.797050561797754,1.0,24.7,8.53050420547591,18.52509703374778,5.789092824156305,10.420367081113085,1.0,1.0,NORTH EAST AND YORKSHIRE,26.3,780.6,3993,Q1
B82088,3560,1706,47.92134831460674,23.2128295732536,0.0,33.73,9.26526249087522,8.278730034154998,10.601459278248866,12.343127588246892,0.0,0.0,NORTH EAST AND YORKSHIRE,21.8,598.9,6357,Q4
B82098,1164,630,54.123711340206185,40.767421756629886,0.0,12.73,10.16290517221456,15.244855054680118,2.499662468416688,7.488700728296719,0.0,0.0,NORTH EAST AND YORKSHIRE,33.0,514.9,14026,Q4
B82100,2576,1017,39.47981366459627,43.15927195641013,0.0,15.05,9.025595882249474,18.54086890234367,4.74748892239219,2.8228312508270013,0.0,0.0,NORTH EAST AND YORKSHIRE,23.2,530.0,4608,Q3
B83010,2863,1077,37.61788333915473,41.750732547475785,0.0,45.39,9.21761385594268,11.423806214633176,8.842119195870149,3.4415433991859428,0.0,0.0,NORTH EAST AND YORKSHIRE,26.0,616.1,6228,Q3
B83012,2921,1913,65.491270112975,47.84872667385171,0.0,44.13,9.307179685090327,10.935507783845932,2.4447436504742743,8.399267787779308,0.0,0.0,NORTH EAST AND YORKSHIRE,27.7,623.1,6981,Q4
B83014,785,285,36.30573248407644,27.144109288262843,0.0,13.76,9.513914248138375,25.57551226638288,1.5747740880766228,4.114097304306638,0.0,0.0,NORTH EAST AND YORKSHIRE,22.9,680.1,9395,Q3
B83015,442,155,35.067873303167424,46.94630677975926,0.0,52.16,9.07213138980055,6.521863936465411,4.133575734379486,1.5309539764615827,0.0,0.0,NORTH EAST AND YORKSHIRE,38.7,751.9,6676,Q3
B83019,279,77,27.59856630824373,26.918031399432948,1.0,6.39,8.85235504605234,27.071641437596853,1.9835498858028373,6.484682323042079,0.0,0.0,NORTH EAST AND YORKSHIRE,26.7,638.3,4620,Q2
B83029,604,255,42.21854304635762,40.47058419125862,0.0,28.57,9.223347083441588,7.08063600661342,9.186401361508914,7.475467011705095,0.0,0.0,NORTH EAST AND YORKSHIRE,39.5,962.6,9840,Q4
B83032,333,76,22.822822822822825,68.27842720510095,0.0,55.76,8.344742754417545,4.752851711026616,3.2953105180608366,1.2674271245247148,0.0,0.0,NORTH EAST AND YORKSHIRE,27.8,632.2,2819,Q1
B83034,112,55,49.10714285714285,63.712425543704114,0.0,50.06,8.865146882209586,5.310109450394257,0.3766035061786513,4.971166293986113,0.0,0.0,NORTH EAST AND YORKSHIRE,25.5,1057.3,7324,Q4
B83035,4150,1613,38.86746987951807,41.53930813677181,0.0,55.66,9.396577862594413,14.156012865631377,8.4335765918445,3.298170373741915,1.0,0.0,NORTH EAST AND YORKSHIRE,24.8,599.1,9491,Q3
B83037,205,94,45.85365853658536,36.928961645158545,1.0,14.44,9.21786201337503,16.674110465981837,5.174267613517939,8.906092336856732,0.0,0.0,NORTH EAST AND YORKSHIRE,32.9,758.6,7619,Q4
B83051,1229,267,21.724979658258743,58.1943301668038,0.0,53.71,9.324115386235029,3.1776290352521195,2.665476721106649,0.9519559714413208,0.0,0.0,NORTH EAST AND YORKSHIRE,19.8,286.6,2747,Q1
B83055,8044,4798,59.646941819990055,45.2749108294756,0.0,45.14,10.381490352934616,13.772721165328456,7.638652075518492,7.14263570697833,1.0,0.0,NORTH EAST AND YORKSHIRE,32.3,826.3,26183,Q4
B83062,588,293,49.82993197278912,29.834037670370268,0.0,42.69,9.092644832491898,31.13727548951967,6.62941992538153,2.7597585218793355,0.0,0.0,NORTH EAST AND YORKSHIRE,48.3,831.6,7636,Q4
B83614,1387,317,22.855082912761358,47.87354158825743,0.0,51.85,9.189006072268477,4.631087880681383,9.01700051861374,5.943047835732589,0.0,0.0,NORTH EAST AND YORKSHIRE,20.4,806.2,7855,Q1
B83624,5621,2305,41.00693826721224,33.673006430983946,0.0,8.71,9.75173884676921,22.588965561929893,4.5313250145241,10.598955429103484,0.0,0.0,NORTH EAST AND YORKSHIRE,22.2,468.3,7948,Q3
B83628,189,81,42.85714285714285,56.637692946339314,0.0,54.66,9.204624064980074,1.808709644976365,6.999899426732375,5.363907607361963,0.0,0.0,NORTH EAST AND YORKSHIRE,35.2,793.0,7840,Q4
B83653,265,32,12.075471698113208,71.91676892425022,0.0,55.49,8.952767112294719,12.541104678979202,4.260870502312644,4.105616111524404,0.0,0.0,NORTH EAST AND YORKSHIRE,53.7,1427.8,11295,Q1
B84008,3081,921,29.89289191820837,49.418502357660635,0.0,11.62,9.67897848599689,13.518447047533614,6.241850858776038,1.8859068107521728,0.0,0.0,NORTH EAST AND YORKSHIRE,22.7,479.2,7879,Q2
B84011,585,241,41.1965811965812,36.56651829871414,0.0,19.75,9.318073071779065,13.583419378675645,5.674523007856341,10.55892255892256,0.0,0.0,NORTH EAST AND YORKSHIRE,25.7,779.1,8558,Q3
B84012,3844,1394,36.26430801248699,50.094319849088244,0.0,37.87,10.271022891641705,17.313371860785168,2.686662762080894,2.6774302442289546,1.0,0.0,NORTH EAST AND YORKSHIRE,34.0,544.2,15540,Q3
B84021,438,175,39.954337899543376,44.38150805987947,0.0,32.99,9.08546663158566,11.03577464447235,3.9579655007411736,2.5077185999830047,0.0,0.0,NORTH EAST AND YORKSHIRE,28.7,840.6,7290,Q3
B84613,424,144,33.9622641509434,41.057676773116484,0.0,42.08,9.211556299103748,8.469695205167048,6.106170825495648,2.503620594276964,0.0,0.0,NORTH EAST AND YORKSHIRE,31.7,891.0,9555,Q3
B85005,428,151,35.2803738317757,51.75945154040907,1.0,8.25,8.82088393851307,11.0614951234454,7.006925734952208,3.93647513156438,0.0,0.0,NORTH EAST AND YORKSHIRE,32.2,592.0,3970,Q3
B85006,388,85,21.90721649484536,26.01853738032186,0.0,11.56,9.637914813079854,17.745511457418598,5.825327131678477,12.485328000912924,0.0,0.0,NORTH EAST AND YORKSHIRE,32.9,553.5,8498,Q1
B85016,116,37,31.89655172413793,38.74808826742408,0.0,37.24,9.25486749402626,12.344576930753044,5.815213925907033,0.0,0.0,0.0,NORTH EAST AND YORKSHIRE,26.1,670.9,7177,Q2
B85022,378,47,12.433862433862434,42.01430274135876,0.0,12.6,8.969393443532677,10.97703221470532,7.675439526647297,9.568850338260557,0.0,0.0,NORTH EAST AND YORKSHIRE,26.6,641.7,5112,Q1
B85030,533,210,39.39962476547842,42.86818953933524,0.0,22.46,9.145881847638782,9.340408323600778,7.53717480308242,7.650943479721623,0.0,0.0,NORTH EAST AND YORKSHIRE,36.0,4045.5,38246,Q3
B85031,149,56,37.58389261744966,28.152081044794336,0.0,13.13,8.839481983520976,10.50991946049724,3.941219797867588,1.4682975727205765,0.0,0.0,NORTH EAST AND YORKSHIRE,30.5,734.5,5103,Q3
B85036,166,57,34.33734939759036,37.40007088567715,0.0,24.81,9.0243119532509,9.69988959229148,7.901234567901234,2.441031816922614,0.0,0.0,NORTH EAST AND YORKSHIRE,40.1,876.3,7529,Q3
B85042,596,197,33.053691275167786,50.2866715020896,0.0,30.3,9.102820118355012,25.49322148598365,4.424359962511715,1.187747640001113,0.0,0.0,NORTH EAST AND YORKSHIRE,26.9,678.9,6109,Q2
B85054,770,316,41.03896103896104,49.14425762637603,0.0,19.6,9.207126880906682,17.44262843322326,3.210299711574636,7.597709318062116,0.0,0.0,NORTH EAST AND YORKSHIRE,29.1,587.0,6063,Q3
B85055,396,144,36.36363636363637,60.70379158089911,0.0,38.9,9.437230230443744,5.355897531265982,6.121025750018265,12.603362048312002,0.0,0.0,NORTH EAST AND YORKSHIRE,27.7,915.6,11872,Q3
B85059,608,227,37.33552631578947,55.66987118772495,0.0,17.6,9.001140816373981,5.350207502157208,0.0,3.418662942022435,0.0,0.0,NORTH EAST AND YORKSHIRE,24.8,654.0,5594,Q3
B85061,371,111,29.91913746630728,32.08367241251757,1.0,11.69,9.160326959944056,8.522418657158376,3.588386803567361,6.3357454491616005,0.0,0.0,NORTH EAST AND YORKSHIRE,28.9,478.3,4614,Q2
B85612,196,27,13.775510204081632,40.208415714917074,0.0,28.05,8.384404380152773,7.1870420053674415,3.0453567841032374,3.776242411922572,0.0,0.0,NORTH EAST AND YORKSHIRE,27.2,793.0,3811,Q1
B85623,737,344,46.675712347354136,44.52075937644698,0.0,27.14,8.142669424547622,4.537411833143467,3.1025038155949294,2.326877863150496,0.0,0.0,NORTH EAST AND YORKSHIRE,26.2,660.4,2262,Q4
B85634,185,72,38.91891891891892,46.72034773933801,0.0,34.46,8.209625821584533,5.077753092442308,2.6839552051502924,10.808360159586526,0.0,0.0,NORTH EAST AND YORKSHIRE,27.8,723.8,2613,Q3
B85640,101,16,15.84158415841584,26.630987950224906,0.0,24.46,8.154811518841964,14.278585283877304,3.67807284308326,0.0,0.0,0.0,NORTH EAST AND YORKSHIRE,28.7,827.3,2994,Q1
B86004,867,240,27.68166089965398,24.741547918412966,0.0,17.21,9.038849946135883,12.746945761457726,5.6979493317769485,3.292148503595841,0.0,0.0,NORTH EAST AND YORKSHIRE,25.6,510.9,4377,Q2
B86006,2312,1153,49.87024221453287,54.14311806464953,0.0,16.78,9.631574930580015,12.134244043508458,8.627318017073076,4.059914360743953,0.0,0.0,NORTH EAST AND YORKSHIRE,22.7,477.0,7227,Q4
B86013,6321,2751,43.52159468438538,29.79151426481346,0.0,32.74,9.936124137812394,8.110920221646866,5.988014292835192,4.942692831804873,0.0,0.0,NORTH EAST AND YORKSHIRE,22.0,377.7,7659,Q4
B86020,317,118,37.22397476340694,24.959446306910348,0.0,16.12,9.322634295911772,10.487036444537134,6.649734472408221,2.073573115052026,0.0,0.0,NORTH EAST AND YORKSHIRE,27.8,641.7,7176,Q3
B86022,4187,2440,58.27561499880583,31.27640097497491,0.0,33.84,9.561208488881128,9.838297073857634,5.031800792790256,5.820366589452932,0.0,0.0,NORTH EAST AND YORKSHIRE,28.7,456.9,6469,Q4
B86025,862,131,15.197215777262182,51.5490107429654,0.0,24.47,9.280845432861536,10.689529844834816,3.802245934485812,2.435425501141606,0.0,0.0,NORTH EAST AND YORKSHIRE,34.9,491.4,5353,Q1
B86038,2529,1034,40.88572558323448,28.88734258850684,0.0,11.86,9.321963734999718,8.628034375535698,6.415693406771957,7.41740018394437,0.0,0.0,NORTH EAST AND YORKSHIRE,22.8,487.4,5198,Q3
B86042,4860,2725,56.06995884773662,27.455095914109805,0.0,36.11,9.656595474092592,8.783129060129925,6.775683488751639,7.065826106435405,0.0,0.0,NORTH EAST AND YORKSHIRE,24.7,384.9,6087,Q4
B86043,277,130,46.931407942238266,36.228996343617766,0.0,42.9,9.215137182198005,3.273327417666719,8.439420453320285,0.0,0.0,0.0,NORTH EAST AND YORKSHIRE,28.8,573.7,5899,Q4
B86044,6623,2368,35.75418994413408,49.511318204044066,0.0,13.12,10.248214317084008,17.1919772154021,3.0697935266319347,6.26237879481087,0.0,0.0,NORTH EAST AND YORKSHIRE,21.3,357.5,10140,Q3
B86052,496,185,37.29838709677419,29.71276259951601,0.0,6.18,9.369151603114164,12.24587996075476,5.86972286604007,5.073442631706173,0.0,0.0,NORTH EAST AND YORKSHIRE,19.7,465.4,5634,Q3
B86055,1850,649,35.08108108108108,37.78185073100038,0.0,30.82,8.772881374206174,18.5785934611066,11.244459931079875,4.3365470244317965,0.0,0.0,NORTH EAST AND YORKSHIRE,24.7,311.8,1947,Q3
B86059,2515,791,31.451292246520875,40.35439327588642,0.0,19.28,9.684911678482894,17.28752222730313,7.548774102312849,5.1099393918467015,0.0,0.0,NORTH EAST AND YORKSHIRE,34.8,762.8,12435,Q2
B86060,3237,1210,37.38029039233859,47.68402196166015,0.0,38.27,9.293002722310767,12.300043731442909,5.855410039818629,3.915882186572145,0.0,0.0,NORTH EAST AND YORKSHIRE,24.1,436.4,4773,Q3
B86066,3361,1120,33.32341565010414,58.29402153420755,0.0,8.71,9.567023649213526,12.450562912209064,5.991950067082773,7.242606311147407,0.0,0.0,NORTH EAST AND YORKSHIRE,23.5,551.3,7962,Q2
B86068,1320,366,27.727272727272727,54.342814722200515,0.0,24.52,8.958679455103608,20.075754814203496,3.63554517014823,2.0235581620775767,0.0,0.0,NORTH EAST AND YORKSHIRE,32.1,616.8,4840,Q2
B86071,1918,1570,81.85610010427528,45.92691866754937,0.0,28.87,9.062352606762117,7.420791744369185,4.514314977438088,4.390635115804934,0.0,0.0,NORTH EAST AND YORKSHIRE,26.2,519.9,4368,Q4
B86109,363,109,30.02754820936639,40.75534957104822,0.0,19.85,8.952324970813027,21.02314744860317,1.656779203969367,5.004853844461223,0.0,0.0,NORTH EAST AND YORKSHIRE,24.1,584.9,4609,Q2
B87001,875,222,25.37142857142857,43.15211917194582,1.0,15.4,9.169509696862695,30.49748696117154,9.527860484205592,20.91684823652983,0.0,1.0,NORTH EAST AND YORKSHIRE,29.1,768.1,7563,Q1
B87002,4031,1614,40.039692384023816,35.64301473204754,0.0,18.24,9.293033410571743,23.94924239272699,7.595841803828302,6.800414285473168,0.0,0.0,NORTH EAST AND YORKSHIRE,22.9,451.1,4735,Q3
B87006,256,92,35.9375,37.47331844130057,0.0,38.79,9.29807648628027,7.138957589081249,11.016457512137034,3.4441696436750022,0.0,0.0,NORTH EAST AND YORKSHIRE,29.9,798.9,8487,Q3
B87008,564,217,38.47517730496454,47.12334208725973,0.0,32.95,9.516850332113922,20.25110248146172,9.793855532780098,3.6702424545973096,0.0,0.0,NORTH EAST AND YORKSHIRE,38.4,945.2,12667,Q3
B87012,1004,369,36.75298804780876,43.53421823218951,0.0,33.43,9.17234424204804,21.16233575506812,7.275522392535015,0.997178124404896,0.0,0.0,NORTH EAST AND YORKSHIRE,33.4,577.5,5709,Q3
B87015,344,132,38.372093023255815,49.273721577281016,0.0,25.57,8.958368584825127,8.54138433913715,5.009005919032506,1.3723303876833346,0.0,0.0,NORTH EAST AND YORKSHIRE,29.2,844.1,6178,Q3
B87018,1100,361,32.81818181818182,58.07756650666433,0.0,33.46,9.347170484503405,22.989040379080787,4.604785022820431,5.72109654437629,0.0,0.0,NORTH EAST AND YORKSHIRE,33.1,773.1,9041,Q2
B87022,578,155,26.81660899653979,46.34321567124862,0.0,32.93,9.09194152174492,9.410793519760604,5.283252503072204,1.080665284565811,0.0,0.0,NORTH EAST AND YORKSHIRE,27.9,750.7,6729,Q1
B87044,124,34,27.41935483870968,51.1386440973737,0.0,26.06,7.796914593464258,8.220022605062164,3.507209647566531,0.0,0.0,0.0,NORTH EAST AND YORKSHIRE,32.0,610.7,1470,Q2
C81004,513,277,53.99610136452242,53.07872174590803,0.0,19.01,9.242654275115752,14.298416181892998,4.595735067814526,2.0138614340694363,0.0,0.0,MIDLANDS,31.3,604.5,6310,Q4
C81012,1701,792,46.56084656084656,46.20224157326778,0.0,23.95,9.675127292829156,13.550504971178162,6.751797111219313,1.239784085318925,0.0,0.0,MIDLANDS,38.2,1011.6,15988,Q4
C81016,872,287,32.91284403669725,44.44731977818854,1.0,14.2,9.07736120779784,18.32130822973976,7.858516248167678,13.188905175426909,0.0,1.0,MIDLANDS,25.2,565.8,4800,Q2
C81020,804,361,44.90049751243781,21.40387519227784,0.0,20.38,9.2875714383806,19.15532071153624,2.468469162803255,3.94955066085548,0.0,0.0,MIDLANDS,26.5,588.3,6580,Q4
C81041,2002,875,43.70629370629371,48.59517959694316,0.0,26.19,9.373656067305076,18.050945228007844,4.144696331632328,13.49857384566385,0.0,1.0,MIDLANDS,29.7,645.1,7715,Q4
C81048,507,312,61.53846153846154,40.00329516434632,1.0,6.87,9.31659049181884,11.845457542487186,7.888978809459581,2.3499085819620538,0.0,0.0,MIDLANDS,25.5,561.7,6196,Q4
C81051,6595,1677,25.428354814253225,42.776401407997,0.0,20.65,10.229064339200736,10.865359447344591,5.805770266488947,1.906372326309804,0.0,0.0,MIDLANDS,26.3,452.4,12056,Q1
C81056,158,60,37.9746835443038,35.89904866734806,0.0,26.54,8.787792683886742,4.597876534808315,10.05022569673851,4.679254878504674,0.0,0.0,MIDLANDS,27.8,829.8,5594,Q3
C81063,2362,751,31.79508890770533,35.65712153717004,1.0,13.44,9.1656916203073,17.120948066225164,5.298013245381665,3.7364935524573015,0.0,0.0,MIDLANDS,23.5,466.2,4427,Q2
C81064,2966,1014,34.18745785569791,30.83040064970222,0.0,14.51,9.448668058615432,14.11368109760662,7.438195607209692,2.003590275189599,0.0,0.0,MIDLANDS,25.3,545.4,6961,Q3
C81065,186,42,22.580645161290324,48.40750784282448,0.0,22.41,9.107079502369908,10.49645652120081,10.023376791373686,2.9567483153002487,0.0,0.0,MIDLANDS,43.6,698.4,6265,Q1
C81069,1099,300,27.2975432211101,31.212443857008235,0.0,11.95,9.50822026940441,18.553823311061617,4.157386785449146,2.177678792873051,0.0,0.0,MIDLANDS,25.7,460.6,6297,Q2
C81094,170,75,44.11764705882353,37.21102789435852,1.0,13.34,8.987030140104874,18.636439405734286,4.200700116686114,5.234205701366895,0.0,1.0,MIDLANDS,30.3,622.6,5119,Q4
C81106,2209,861,38.976912630149386,56.28307564594791,0.0,18.2,8.8787528523426,17.832679313627605,4.79253256553742,8.247614182552766,0.0,0.0,MIDLANDS,21.7,616.5,4584,Q3
C81114,1836,515,28.050108932461875,25.688448203520085,0.0,16.88,9.49894077263551,19.462119180752683,6.454070323390384,5.654804647729898,0.0,0.0,MIDLANDS,32.2,614.3,8585,Q2
C81118,2282,1027,45.00438212094654,43.23639960435213,0.0,43.15,9.036482893594355,7.805651958353992,3.966286564997522,2.348041646802182,0.0,0.0,MIDLANDS,22.2,501.5,4256,Q4
C81604,109,25,22.93577981651376,38.03085299455535,0.0,23.34,8.398353347534705,13.153893800326594,6.727105503688271,2.5226645644461967,0.0,0.0,MIDLANDS,36.0,1107.9,5597,Q1
C81611,2126,905,42.56820319849483,41.5612626908441,1.0,15.04,7.804625310616688,1.3051014512456245,3.915304353736873,0.0,0.0,1.0,MIDLANDS,25.5,669.2,6566,Q4
C81634,594,126,21.21212121212121,24.807849550286182,1.0,15.77,8.435874670238649,15.851321546805512,3.760350003254149,8.330621542466645,0.0,0.0,MIDLANDS,22.6,468.8,2179,Q1
C81647,236,88,37.28813559322034,34.84380498103765,0.0,25.05,8.341886969516187,9.634572607244994,15.379726725452812,13.727359389895138,0.0,0.0,MIDLANDS,26.9,767.1,3146,Q3
C81653,113,22,19.469026548672566,43.97221934280087,0.0,18.36,8.423871034184865,5.972115492370183,4.157060783840159,0.0,0.0,0.0,MIDLANDS,33.0,639.9,2903,Q1
C81658,1389,794,57.16342692584593,35.66560822981078,1.0,10.54,8.921479827621306,17.798740739982648,4.022515407924889,8.329810665895387,0.0,0.0,MIDLANDS,27.8,185.0,1483,Q4
C82002,3111,972,31.24397299903568,46.932598013807976,1.0,9.23,9.307043520542829,16.825031774496157,6.003752345820976,4.7933184046480655,0.0,1.0,MIDLANDS,21.3,530.9,5790,Q2
C82007,1486,665,44.75100942126514,27.120650803956767,1.0,10.66,9.26670495229514,20.063328026276405,4.940216448904361,4.536933474062288,0.0,0.0,MIDLANDS,35.9,458.0,4895,Q4
C82011,348,94,27.011494252873565,45.74466671097229,0.0,20.58,9.427150576589664,18.892608666447504,5.474562739428257,1.4598833977175905,0.0,0.0,MIDLANDS,48.1,647.8,8174,Q1
C82012,859,147,17.11292200232829,36.40635878394059,1.0,14.65,9.376469028562848,18.29384488344025,2.890879192021851,12.17331159584154,0.0,1.0,MIDLANDS,29.8,547.3,6608,Q1
C82017,1867,638,34.17246920192823,44.328058205701666,1.0,15.95,9.660943480570024,12.40501085990728,3.857448582185852,4.384236714796268,0.0,1.0,MIDLANDS,27.7,395.3,6318,Q3
C82019,194,51,26.288659793814432,42.77011940588292,0.0,37.07,8.69050203321342,5.112537489138661,4.977997028898169,0.0,0.0,0.0,MIDLANDS,31.8,881.6,5168,Q1
C82025,2327,918,39.44993553932101,37.05680623928315,1.0,9.64,9.29122887570952,16.729229113211897,5.6321574055798935,5.484589961724695,0.0,0.0,MIDLANDS,25.7,579.3,6237,Q3
C82027,1439,529,36.76164002779708,43.83558748943364,1.0,13.88,8.942406459106305,7.111498448935127,7.041777873740401,8.122446757230787,0.0,1.0,MIDLANDS,22.6,449.6,3351,Q3
C82032,173,65,37.57225433526011,37.73164489939993,1.0,10.46,8.921045889178123,9.401814033720994,4.772132880307161,6.01858549796895,0.0,0.0,MIDLANDS,29.0,804.3,5904,Q3
C82037,1003,305,30.40877367896311,44.758277272127685,0.0,30.44,9.262948634747056,12.57412121946206,0.531300896570263,1.97340333011812,0.0,0.0,MIDLANDS,25.4,465.8,4840,Q2
C82039,1457,324,22.23747426218257,51.05911056892536,0.0,13.05,9.298038318778366,16.33722394857976,8.37868991305277,8.42754524843701,0.0,0.0,MIDLANDS,30.0,664.8,7359,Q1
C82040,247,75,30.364372469635622,31.585102703058855,1.0,9.38,9.10959880217465,18.72811059870968,4.8663594470046085,9.762211980829491,0.0,1.0,MIDLANDS,35.4,579.4,5330,Q2
C82043,528,87,16.477272727272727,33.96082292232482,0.0,13.52,9.324702749030214,16.268888575060018,6.065155828421498,2.8066211278514035,0.0,0.0,MIDLANDS,36.5,777.7,8562,Q1
C82047,131,24,18.3206106870229,42.51032737467591,0.0,14.09,9.277414737640504,6.882524839275278,11.258912916423142,5.461133839859731,0.0,0.0,MIDLANDS,37.1,728.8,7766,Q1
C82050,182,63,34.61538461538461,37.35372374777195,0.0,19.28,9.553102310694918,6.271666864308529,6.473441381757954,2.839228676209629,0.0,0.0,MIDLANDS,27.3,557.4,7789,Q3
N85024,1199,672,56.04670558798999,33.82682398625943,0.0,45.23,9.145170540493051,12.80808332263028,5.692481477910503,3.01701518220388,0.0,0.0,NORTH WEST,27.7,533.7,5048,Q4
N81632,909,266,29.262926292629263,41.45058557633039,0.0,15.54,8.677183927725178,22.533162904132936,6.226388298253089,0.0,0.0,0.0,NORTH WEST,23.2,370.0,2178,Q2
N82009,406,135,33.251231527093594,47.78592773702798,0.0,15.78,9.064370030646725,9.41158319106671,2.2834660862857032,2.2834660862857032,0.0,0.0,NORTH WEST,29.2,664.1,5770,Q2
N82019,496,239,48.185483870967744,50.71023916501549,0.0,44.83,8.522064639953259,1.5922246363591128,11.941684772693346,3.715190816844409,0.0,0.0,NORTH WEST,25.4,763.9,3943,Q4
N82033,854,332,38.875878220140514,63.89923756714607,0.0,44.86,8.686950030602034,22.503199673141022,4.725671931477757,3.330473552833294,0.0,0.0,NORTH WEST,25.0,596.2,3454,Q3
N82035,1187,455,38.33192923336141,46.79897021465228,0.0,19.97,9.089170356975476,18.000865425469872,6.712697307019358,1.8061068989520817,0.0,0.0,NORTH WEST,30.9,839.5,7271,Q3
N82046,419,118,28.162291169451077,42.47792089480477,0.0,37.76,9.191565216649847,10.705794442632971,3.722573195435092,2.690034644385572,0.0,0.0,NORTH WEST,31.8,523.0,5329,Q2
N82048,823,401,48.724179829890645,53.4389421370252,0.0,57.81,8.867779638014412,17.954316032114935,1.8780665314458764,2.629293141770547,0.0,0.0,NORTH WEST,25.8,521.1,3836,Q4
N82054,704,297,42.1875,56.138801261829656,0.0,40.17,8.90371330435663,18.96932431973367,2.608961511023542,2.7176682406495227,0.0,0.0,NORTH WEST,23.6,562.3,4079,Q4
N82073,795,380,47.79874213836478,69.2624757538353,0.0,17.13,8.80792062205398,20.96405961716764,2.5522157409899804,0.0,0.0,0.0,NORTH WEST,25.5,544.7,3641,Q4
N82074,1180,633,53.644067796610166,69.7500842683103,0.0,40.45,9.13289221221704,18.28538498392717,3.457683892055431,2.1610524325346443,0.0,0.0,NORTH WEST,29.6,475.9,4353,Q4
N82076,239,104,43.51464435146443,58.77471021483149,0.0,50.94,9.251058361088065,18.10108251322137,11.21396625249026,2.1762263268979973,0.0,0.0,NORTH WEST,37.2,2768.9,30151,Q4
N82095,318,95,29.87421383647799,57.75602728697937,0.0,54.4,8.461962330416819,27.27913202620826,4.227138227420037,0.0,0.0,0.0,NORTH WEST,25.2,700.2,3396,Q2
N82099,148,50,33.78378378378378,63.26769108359441,0.0,60.81,9.03801864976056,15.143804761348443,4.7522399881194,2.027622394138904,0.0,0.0,NORTH WEST,34.6,728.2,6291,Q2
N84003,345,143,41.44927536231884,40.026289137414615,0.0,10.85,9.22700081286929,12.509834775767112,3.933910306845004,3.933910306845004,0.0,0.0,NORTH WEST,23.9,587.6,5961,Q3
N84005,1788,728,40.7158836689038,49.01913572424281,0.0,25.69,9.413682495993491,12.490225012001988,2.28479725824329,6.245112506408993,0.0,0.0,NORTH WEST,22.3,441.0,5520,Q3
N84023,919,401,43.63438520130577,45.5986286126733,0.0,43.29,8.964290632298578,18.403427622194275,5.866177818941446,2.557926374352525,0.0,0.0,NORTH WEST,25.6,781.4,6182,Q4
N84038,136,52,38.23529411764706,65.50618290528604,0.0,43.52,8.647548712963363,10.767475203792022,2.621646137460865,4.681510956491207,0.0,0.0,NORTH WEST,27.8,954.7,5819,Q3
N85002,1830,601,32.84153005464481,53.971497374170475,0.0,10.78,9.861545138914076,18.326076942409465,10.31710856740621,3.420496910603019,0.0,0.0,NORTH WEST,18.9,451.9,8581,Q2
N85013,2491,1196,48.01284624648736,74.14822891438386,0.0,18.11,8.94371286612897,16.919980417994886,4.595550236631671,4.49110591307186,0.0,0.0,NORTH WEST,27.1,728.5,5601,Q4
N85018,604,241,39.90066225165563,61.00464476174093,0.0,19.06,8.729275795371022,13.546343106976742,3.7101449286147625,0.8628244028311426,0.0,0.0,NORTH WEST,22.3,661.3,4049,Q3
N85032,300,107,35.666666666666664,34.43735394571274,0.0,7.7,8.805887251635621,11.388469174960353,3.995954095478328,2.5574106207464937,0.0,0.0,NORTH WEST,25.2,521.4,3386,Q3
Y00159,3761,1468,39.032172294602496,54.85142609261468,0.0,32.88,10.353373504862764,11.603373696433126,3.375563302227701,4.353371312175835,0.0,0.0,MIDLANDS,34.6,694.7,21894,Q3
Y03597,1216,524,43.0921052631579,68.03693335297874,0.0,53.06,8.857408414316284,7.552630017434621,4.857973078099982,4.554349759829212,0.0,0.0,MIDLANDS,27.5,725.1,5739,Q4
C84072,1384,643,46.459537572254334,69.44599727657135,0.0,43.91,9.297259383589152,9.817795672016928,5.0849140921487885,2.8358174754196046,0.0,0.0,MIDLANDS,34.3,631.0,6622,Q4
C84683,1079,592,54.86561631139944,34.498459890183476,0.0,38.21,9.329145107741432,11.9818259858811,5.825156506682059,3.551924699196377,0.0,0.0,MIDLANDS,30.5,456.7,5194,Q4
M85033,435,66,15.172413793103448,30.027021086790697,0.0,12.19,9.77021326971319,9.384253572509923,7.038190179668085,3.839012825273501,0.0,0.0,MIDLANDS,30.1,640.1,11262,Q1
M85058,1725,640,37.10144927536232,56.74872892694675,0.0,23.14,9.699886177937124,11.48011379617854,2.5079537318235445,2.61506008979054,0.0,0.0,MIDLANDS,25.1,303.4,4660,Q3
N81029,1120,280,25.0,39.842937821359335,0.0,16.28,9.442331335921777,17.783299079249073,3.721594100956169,2.516305102522252,0.0,0.0,NORTH WEST,26.8,433.2,5348,Q1
N81060,251,97,38.645418326693225,49.843408379128995,0.0,11.58,9.09372228250642,19.117715913138746,9.199277093013457,3.2661928432171248,0.0,0.0,NORTH WEST,46.4,870.5,7872,Q3
N81061,1290,673,52.17054263565891,65.60492409288304,0.0,19.17,9.181838011503473,14.761463798744728,3.84127310834448,3.1278938162362384,0.0,0.0,NORTH WEST,29.9,407.7,4237,Q4
N81100,592,194,32.770270270270274,44.537206056050685,0.0,10.39,8.971257969360463,13.005651870197498,4.504561714612308,4.53843060138439,0.0,0.0,NORTH WEST,33.5,468.5,3796,Q2
E82073,13718,6677,48.673275987753314,48.980376504535116,0.0,15.38,10.765617725450848,11.416112267756102,3.304901050164682,4.459082847732455,1.0,0.0,EAST OF ENGLAND,21.3,252.6,12255,Q4
E82075,3931,1762,44.82320020351056,58.781007728858775,0.0,9.66,9.44076402558768,16.201620162810396,6.09943347275904,2.41435908296712,0.0,0.0,EAST OF ENGLAND,23.3,367.7,4592,Q4
E82081,4017,1491,37.11725168035848,37.7953596146224,1.0,8.48,9.499452671165928,9.306679814016189,2.5163984047831542,4.144068802027099,0.0,0.0,EAST OF ENGLAND,20.0,402.3,5482,Q3
E82082,3617,1355,37.46198507050042,39.59105152179574,0.0,15.71,9.79106978555036,2.819830194749185,2.402077573118364,0.731067087154573,1.0,0.0,EAST OF ENGLAND,25.8,346.6,6385,Q3
E82083,1830,670,36.61202185792349,53.07135151795346,0.0,9.29,9.24545008242294,6.488156539649845,1.8537590113285272,1.029866116761071,0.0,0.0,EAST OF ENGLAND,23.2,433.5,4474,Q3
E82088,2456,1194,48.615635179153095,50.2641593083829,0.0,12.88,9.21734908678674,14.731058224156763,6.593624838634934,0.7944126311608354,0.0,0.0,EAST OF ENGLAND,25.3,503.6,5106,Q4
E82094,1274,367,28.80690737833595,39.16319301747588,0.0,7.17,9.424947592268106,11.984535217347451,2.17313834311649,1.2909732728189611,0.0,0.0,EAST OF ENGLAND,26.2,438.2,5532,Q2
E82099,2814,948,33.688699360341154,34.69561794804513,0.0,11.03,9.455441090642434,19.271375464684017,3.8818235179025633,0.0,0.0,0.0,EAST OF ENGLAND,19.9,389.3,4923,Q2
E82102,2723,842,30.921777451340432,34.25790025460536,0.0,10.02,9.823686482332572,10.08700675132676,3.509151954944222,3.2347738189104303,0.0,0.0,EAST OF ENGLAND,26.1,542.0,9418,Q2
E82106,3308,1240,37.48488512696493,56.219896200231496,0.0,4.94,9.48978863950086,15.224843720508169,2.19802379461585,7.078039927404719,1.0,1.0,EAST OF ENGLAND,19.6,372.1,5210,Q3
E82115,1101,250,22.70663033605813,46.81322650554935,0.0,17.45,9.258018807292924,6.47068171015414,5.034164946130621,5.034164945177181,0.0,0.0,EAST OF ENGLAND,25.8,600.6,6263,Q1
E82123,2431,562,23.118058412176055,25.881093935790727,0.0,19.21,9.159283891651231,19.53221605514484,6.370421041332317,1.4031764413691494,0.0,0.0,EAST OF ENGLAND,19.1,384.9,3765,Q1
E82129,2805,1039,37.0409982174688,40.88647736529734,0.0,9.34,9.640633584850251,10.946828377726597,2.670640834141715,3.953935781059477,0.0,0.0,EAST OF ENGLAND,20.0,365.8,5671,Q3
E82133,1579,456,28.87903736542115,49.00751547303271,0.0,20.8,9.044708759967392,5.475841586105839,2.360276545735275,7.647296008182292,0.0,0.0,EAST OF ENGLAND,31.1,575.5,5485,Q2
E82626,161,45,27.95031055900621,29.802851076736427,1.0,13.44,7.996934325305991,14.715944141102574,0.0,6.729852504065954,0.0,1.0,EAST OF ENGLAND,26.5,547.4,1535,Q2
E82661,1840,641,34.83695652173913,25.458020879282458,0.0,17.88,9.009549298898566,8.781501477029643,5.932565957828258,1.955790974839564,0.0,0.0,EAST OF ENGLAND,23.5,272.6,2219,Q3
E83006,1298,542,41.75654853620955,61.77879246594039,0.0,27.56,8.871622281979846,19.53181637473399,4.22815182151961,0.0,0.0,0.0,LONDON,22.9,378.3,2560,Q4
E83010,2453,1619,66.0008153281696,68.48971476638373,0.0,15.78,9.404144363680093,10.566856373409856,3.8884273974859775,1.3181109821986363,0.0,0.0,LONDON,27.0,447.2,5658,Q4
E83011,1818,925,50.88008800880088,49.953765733803856,0.0,27.59,9.286382781422851,14.445362639460614,2.817401780956279,1.7794116511302815,0.0,0.0,LONDON,25.3,356.0,3953,Q4
E83020,2997,876,29.22922922922923,50.56490513452675,0.0,21.32,9.406455250902471,10.717808219178082,3.309589040547945,5.676712328219178,0.0,0.0,LONDON,17.2,361.6,4210,Q2
E83025,325,136,41.84615384615385,56.77676336846558,0.0,28.52,8.985726990991385,6.950208118173567,2.971030368353519,2.4702949131536944,0.0,0.0,LONDON,21.2,629.3,4946,Q4
E83026,409,114,27.87286063569682,60.066825775656326,0.0,15.91,8.338803893149889,7.01237125884017,4.143673926330258,6.757375937207403,0.0,0.0,LONDON,25.3,567.6,2075,Q2
E83030,451,108,23.94678492239468,27.80445220427761,0.0,20.32,8.84652091908665,6.138941512673557,2.186997913719096,6.44588858780365,0.0,0.0,LONDON,37.1,904.9,6769,Q1
E83031,1079,331,30.67655236329935,68.12555031853732,0.0,18.02,8.709616332750457,10.378188118958905,2.287882744909324,0.0,0.0,0.0,LONDON,23.9,483.3,3025,Q2
E83034,1539,833,54.12605588044185,52.03201422854602,0.0,22.5,8.528363899418409,6.645350562019975,1.4767445680192504,0.0,0.0,0.0,LONDON,27.7,417.4,2097,Q4
E83035,5765,1917,33.25238508239376,59.00545729982296,0.0,14.75,9.828853801159092,9.884169884349465,5.186315883631139,2.399209841429469,1.0,0.0,LONDON,24.5,580.1,10534,Q2
E83041,789,375,47.52851711026616,52.87708906283055,0.0,24.36,8.436362673501689,6.823151009920312,2.4285791727652195,3.006812307692308,0.0,0.0,LONDON,29.7,352.3,1669,Q4
E83044,823,273,33.171324422843256,36.699718139722165,0.0,17.67,9.185808579786851,7.072729136747173,0.0,2.022341407440304,0.0,0.0,LONDON,24.5,385.8,3816,Q2
E83046,1679,660,39.30911256700417,59.824286832183255,0.0,24.69,9.053208865005791,9.768095875028036,3.557254439254615,3.338826535869958,0.0,0.0,LONDON,29.9,369.4,2932,Q3
E83050,1125,414,36.8,63.57121180288069,0.0,13.52,8.922613854092274,6.7558558149251065,2.2756566949642205,2.666785190452909,0.0,0.0,LONDON,26.0,389.4,2844,Q3
E83600,822,151,18.369829683698292,61.59728702460341,0.0,23.18,8.914760527397261,10.966267976078484,1.4334990807687138,0.0,0.0,0.0,LONDON,23.8,669.5,5264,Q1
E83621,951,244,25.65720294426919,47.828432112882695,0.0,13.99,9.115745769418714,15.33915305663696,2.403612747574861,4.396852586356933,0.0,0.0,LONDON,23.5,461.9,4301,Q1
E83638,127,20,15.748031496062993,40.3849075715371,0.0,15.4,8.517793011488205,6.822573124125524,6.076354187487508,4.424012260643614,0.0,0.0,LONDON,18.0,476.6,2458,Q1
E83639,1172,303,25.853242320819117,58.881434227892655,0.0,18.65,8.76541952309791,12.9822508289448,0.0,0.0,0.0,0.0,LONDON,23.6,482.5,2978,Q1
E83649,327,66,20.18348623853211,48.35390009562406,0.0,20.0,8.39238554082289,8.157099697885197,0.0,0.0,0.0,0.0,LONDON,25.8,586.0,2592,Q1
E83653,159,60,37.735849056603776,49.973820571614276,0.0,22.82,9.370345310712318,7.011177230546363,2.067858714689466,0.5453693314964991,0.0,0.0,LONDON,43.2,589.7,7108,Q3
E83668,109,21,19.26605504587156,50.05882982137127,0.0,21.07,8.29897499062452,4.643738207599975,2.6535646893463523,0.0,0.0,0.0,LONDON,27.8,765.8,3032,Q1
E84005,142,38,26.76056338028169,36.50319284802043,0.0,14.51,8.934740569600622,7.995257645509033,2.5643840419786152,6.885195512767031,0.0,0.0,LONDON,24.6,627.2,4629,Q1
E84008,3531,1248,35.34409515717927,36.430258005067955,0.0,19.49,9.248735423852162,9.443691508857473,4.43956149771045,3.5670465201247823,0.0,0.0,LONDON,18.8,433.3,4493,Q3
E84012,492,94,19.10569105691057,32.740441700308715,0.0,29.91,9.026667903111273,11.535573023581836,0.0,5.094878084213689,0.0,0.0,LONDON,21.3,589.3,4825,Q1
E84013,2184,1069,48.946886446886445,61.09610347085789,0.0,47.32,9.0486544287823,14.670127834647596,6.3633246811970405,3.009256991722584,0.0,0.0,LONDON,21.5,509.5,4270,Q4
E84014,1772,605,34.14221218961625,43.61056186459955,0.0,22.18,9.184603672850445,11.355182940205728,0.0,6.566852784499492,0.0,0.0,LONDON,19.1,436.3,4421,Q3
E84015,4895,1419,28.98876404494382,53.968913379161144,0.0,23.22,9.651333486143493,12.13018068779154,1.5956248994691975,3.860382821296445,0.0,0.0,LONDON,18.2,477.9,7089,Q2
E84020,667,247,37.03148425787106,50.16747849772401,0.0,28.11,8.776064182013899,6.093042403252368,0.0,13.338822560724578,0.0,0.0,LONDON,25.8,684.0,4344,Q3
E84024,5178,2999,57.918115102356126,56.30078201581458,0.0,8.26,9.914588211607033,15.37504275326666,3.184453537388897,7.226006370884996,0.0,0.0,LONDON,24.9,372.4,8049,Q4
E84028,1017,202,19.86234021632252,28.45245453658219,0.0,44.85,8.757757450540065,9.7277182305616,1.3417542398909823,0.0,0.0,0.0,LONDON,18.5,412.5,2493,Q1
E84030,529,149,28.166351606805293,24.814587026518577,0.0,21.54,8.397714969743593,6.010179740435362,2.8848862761301954,5.168754579569145,0.0,0.0,LONDON,23.3,454.3,2048,Q2
E84033,386,97,25.12953367875648,37.33560763373875,0.0,27.5,8.876463098856282,8.229284244039238,2.606560619058147,2.3459045579901554,0.0,0.0,LONDON,23.2,458.6,3093,Q1
E84036,1913,583,30.47569262937794,44.50440941128401,0.0,40.29,9.168050286448604,8.79067381766654,3.667602646938651,7.983934766106528,0.0,0.0,LONDON,25.4,474.5,4342,Q2
E84062,866,247,28.521939953810623,58.029947507196596,0.0,20.36,8.604303174655222,13.355127481706669,2.1020149389712963,3.421884785139244,0.0,0.0,LONDON,29.0,594.6,3299,Q2
E84066,4405,594,13.48467650397276,48.97157333309998,0.0,26.46,11.50353652650686,0.99059040069449,0.0,0.236880313126164,0.0,0.0,LONDON,17.3,164.2,18202,Q1
E84067,442,122,27.601809954751133,37.54805178829535,0.0,24.71,9.202778519768891,6.072412171021696,1.612144824343387,2.821253442600927,0.0,0.0,LONDON,43.7,1162.0,11255,Q2
E84069,4292,1202,28.00559179869525,53.47761902594151,0.0,20.75,9.814055065204576,7.027903840559899,2.7411741123079447,2.187107004210181,0.0,0.0,LONDON,20.5,487.4,9409,Q2
E84070,333,74,22.22222222222222,35.77785550503284,0.0,15.54,8.631592731724734,6.849803781662504,2.1405636817695326,1.0940658829825187,0.0,0.0,LONDON,32.0,565.2,3291,Q1
E84078,676,215,31.80473372781065,57.693693693693696,0.0,20.56,8.475902336998356,13.117259828044396,3.2237333458391952,0.6669793132197385,0.0,0.0,LONDON,26.8,482.5,2552,Q2
E84080,265,50,18.867924528301888,40.50181507580611,0.0,25.58,9.06157930870419,11.031495073540077,0.4332143935481999,4.0845928461605405,0.0,0.0,LONDON,29.8,474.5,3916,Q1
E84086,289,72,24.913494809688583,64.17489868287741,0.0,27.34,8.852462323645133,9.153863575489575,0.0,1.6019261254603754,0.0,0.0,LONDON,23.9,641.2,4280,Q1
E84620,541,137,25.32347504621072,41.35841069796527,0.0,23.08,8.782961910556127,6.1329312856157205,2.2896276809853573,6.337362329491732,0.0,0.0,LONDON,20.4,404.4,2527,Q1
E84626,103,21,20.388349514563107,26.992845603507963,0.0,26.42,8.453596448888163,8.525300605651564,1.5345541090172814,0.0,0.0,0.0,LONDON,25.4,467.8,2264,Q1
E84680,287,68,23.693379790940767,38.676423027166884,0.0,20.88,8.587465244401569,3.97713149328859,0.0,0.2982848620432513,0.0,0.0,LONDON,25.9,439.0,2292,Q1
E84685,171,30,17.54385964912281,51.86778593913956,0.0,23.33,8.980864312588764,9.426169361595068,2.4823364161268007,4.931127743883264,0.0,0.0,LONDON,27.7,591.3,4674,Q1
E84704,141,18,12.76595744680851,41.18735860697882,0.0,40.48,7.807848875953721,8.88949115522732,3.469069722880954,0.0,0.0,0.0,LONDON,23.9,870.2,2225,Q1
E85001,213,43,20.187793427230048,26.5115753811406,0.0,17.58,9.069131967311993,10.662878970027927,4.360970085894987,8.199852203038475,0.0,0.0,LONDON,49.2,609.3,5571,Q1
E85004,483,87,18.012422360248447,41.02800672489441,0.0,25.04,8.899150817722363,9.245924764017335,1.8928664860253217,2.7300958946182985,0.0,0.0,LONDON,38.8,667.2,4911,Q1
E85015,1574,597,37.92884371029225,46.1134535800734,0.0,27.44,9.15127131048153,4.66773340877145,1.5842004303508757,5.205229982407595,0.0,0.0,LONDON,32.3,3118.3,30145,Q3
E85021,102,22,21.568627450980397,45.07219777546823,0.0,33.55,8.839192145948752,2.7828439602381843,0.0,3.401253729663136,0.0,0.0,LONDON,25.6,594.1,4115,Q1
E85034,1527,411,26.91552062868369,19.841269841269842,0.0,29.62,8.628108251987392,4.582475610847579,5.10755094245055,4.391539128255616,0.0,0.0,LONDON,18.6,489.8,2589,Q1
E85048,1406,466,33.14366998577525,42.12980813366382,0.0,29.87,8.971215632357918,3.624124135565952,0.0,11.177205275302189,0.0,0.0,LONDON,19.0,446.1,3367,Q2
E85049,1327,509,38.35719668425019,48.25316642392286,0.0,35.13,9.04419723590969,7.651208784721198,1.2594582353809367,3.7154017959087287,0.0,0.0,LONDON,32.9,527.6,4514,Q3
E85051,107,32,29.90654205607477,30.847572011411394,0.0,30.33,8.537306228046795,5.070321306130451,9.147486890017806,3.34536663323478,0.0,0.0,LONDON,31.0,916.1,4464,Q2
E85053,105,48,45.71428571428572,55.54674616262844,0.0,30.14,8.105911197986508,6.035003017501508,6.035003017501508,3.218668273989137,0.0,0.0,LONDON,33.8,613.7,2072,Q4
E85061,132,38,28.78787878787879,34.2778594370951,0.0,33.52,8.747484470088766,6.31205486086473,0.0,3.134846038814901,0.0,0.0,LONDON,29.7,575.0,3693,Q2
E85099,218,81,37.15596330275229,35.77144686299616,0.0,20.53,8.768613169682103,4.479527161021892,2.073855168176692,1.078404686394214,0.0,0.0,LONDON,32.6,487.6,3361,Q3
E85107,1603,484,30.19338739862757,40.995927865037814,0.0,24.42,8.919787516099381,14.655425868823963,0.0,3.5301196764056963,0.0,0.0,LONDON,22.8,400.9,2999,Q2
E85112,1309,525,40.10695187165776,37.60980020668274,0.0,21.71,9.01495383885279,3.404186338676015,1.491357823752305,0.0,0.0,0.0,LONDON,29.0,536.5,4871,Q3
E85116,466,140,30.042918454935624,33.00855198707935,0.0,25.87,8.696468446273787,1.3374012621724412,10.610050013791948,2.719382565302796,0.0,0.0,LONDON,28.9,540.7,3164,Q2
E85121,1869,635,33.97538790797218,39.08190552695832,0.0,29.57,9.574300381931552,5.707601255255325,1.0933392020013666,1.9087108096964365,0.0,0.0,LONDON,22.8,529.8,7840,Q3
E85129,254,74,29.133858267716537,37.09500042297606,0.0,25.94,8.700208951639668,8.616238722553781,8.038861900346982,0.0,0.0,0.0,LONDON,26.8,558.0,3251,Q2
E85130,114,26,22.80701754385965,48.00829716129528,0.0,18.72,8.418017215708952,9.599705531241373,3.474740040121468,2.5913315557191496,0.0,0.0,LONDON,36.8,497.0,2125,Q1
E85633,948,277,29.219409282700425,23.143527741070194,0.0,32.24,9.16883237832343,6.254288965523233,2.2237471884365148,4.308510176944258,0.0,0.0,LONDON,20.1,461.5,4404,Q2
E85663,275,59,21.454545454545453,45.06240726193593,0.0,31.98,9.287255115744308,4.790345231723691,1.851937589703227,5.703967776285939,0.0,0.0,LONDON,32.1,605.4,6203,Q1
E85685,2321,702,30.24558380008617,54.54430023852928,0.0,13.83,9.359320564987502,11.910567354499635,1.998879937965795,1.7231723603153406,0.0,0.0,LONDON,17.2,300.1,3722,Q2
E85713,1869,354,18.940609951845907,39.30834369633446,0.0,25.07,8.73846833167042,6.411969008816458,2.1373230040074804,3.4197168057707725,0.0,0.0,LONDON,19.6,417.9,2658,Q1
E85719,1395,336,24.086021505376344,32.611269377335454,0.0,14.44,9.314557734483351,9.971392315120026,2.066360817834376,3.339815738881672,0.0,0.0,LONDON,22.2,288.6,2904,Q1
E85735,1156,462,39.96539792387544,35.53257251545411,0.0,23.05,8.752937024706185,2.527945649168543,0.0,4.7609643069874,0.0,0.0,LONDON,25.2,485.6,3379,Q3
E85744,1411,583,41.31821403260099,44.297891553901515,0.0,22.04,9.220340206554516,2.745738659472304,2.6401333260729665,4.092206657096183,0.0,0.0,LONDON,22.1,335.9,3202,Q3
E85745,185,46,24.864864864864863,36.59997277800463,0.0,30.09,8.965781643906489,5.108230636613243,1.2259753527871784,9.654555903199029,0.0,0.0,LONDON,28.5,969.7,7816,Q1
E85750,123,13,10.56910569105691,19.818575033040972,0.0,20.79,8.937097988059426,12.779813600411789,0.560733333187309,1.6822000021903647,0.0,0.0,LONDON,45.3,647.1,4672,Q1
E86004,1016,354,34.84251968503937,45.01446660237065,0.0,29.91,9.319433911223117,1.9128459567218603,3.68222846494112,4.208261104070775,0.0,0.0,LONDON,26.5,641.8,7107,Q3
E86005,129,30,23.25581395348837,55.37754122992813,0.0,14.64,8.863285671414442,12.149224165448285,2.716596708013017,0.8300712153940479,0.0,0.0,LONDON,25.5,702.8,4879,Q1
E86009,657,168,25.570776255707763,27.166635956022358,0.0,18.93,9.108566010964852,8.054028120456138,2.3766468605380666,0.9447540325497286,0.0,0.0,LONDON,27.8,541.5,4834,Q1
E86015,4358,1366,31.344653510784763,34.722814369069226,0.0,19.29,9.717785287582696,13.934067475529911,4.848363226288725,3.1305656590994606,0.0,0.0,LONDON,26.7,492.8,8500,Q2
E86018,2501,920,36.78528588564574,48.450074153315015,0.0,28.23,9.00967152836417,9.5170194121122,1.564441547330468,8.897761300442037,0.0,0.0,LONDON,19.9,547.3,4434,Q3
E86019,178,51,28.651685393258425,24.59025174076058,0.0,26.35,8.820219437602619,26.52978322833191,0.0,2.8361460910668783,0.0,0.0,LONDON,21.5,541.5,3731,Q2
E86022,367,88,23.978201634877383,36.609241572197924,0.0,7.65,8.697192609687834,15.008143889298792,2.8510573123773195,4.4547770528865565,0.0,0.0,LONDON,28.9,588.4,3458,Q1
E86024,296,79,26.68918918918919,52.563015232214944,0.0,8.22,8.403165595261271,12.375835915866553,0.0,0.8966264430081816,0.0,0.0,LONDON,23.5,459.6,1974,Q1
E86028,1421,633,44.54609429978888,64.56618785872635,0.0,7.82,9.03668118826088,12.879944483394464,1.586200060275602,3.2992961245167045,0.0,0.0,LONDON,25.8,496.7,4153,Q4
E86038,126,33,26.19047619047619,52.3835876353862,0.0,29.42,8.869058253061597,10.616273754029754,2.100746750759059,3.938900155914798,0.0,0.0,LONDON,33.6,557.8,3946,Q1
E86609,117,25,21.36752136752137,33.86816496756256,0.0,27.0,9.137178106347198,9.764627827209642,1.3771585346172468,2.06573780192587,0.0,0.0,LONDON,29.5,545.0,5622,Q1
E86618,264,141,53.40909090909091,72.8258247149084,0.0,15.22,8.9137296687801,6.199103139013453,0.0,9.721973093273544,0.0,0.0,LONDON,30.2,479.4,3427,Q4
E86619,857,268,31.271878646441078,81.35882008412757,0.0,5.97,8.151309308392195,8.150907122912411,1.2303256018262645,0.0,0.0,0.0,LONDON,17.7,313.2,1049,Q2
E86625,631,183,29.001584786053883,46.11130931145202,0.0,28.39,7.991423120264424,10.376134887497884,0.0,5.954999154119438,0.0,0.0,LONDON,25.0,582.2,1651,Q2
E86632,1010,385,38.11881188118812,31.230955132920037,0.0,17.76,8.6927838128709,3.5795684953227904,3.5795684953227904,3.2216116447837577,0.0,0.0,LONDON,21.6,555.6,3214,Q3
E87003,494,77,15.587044534412955,50.230256571608365,0.0,28.71,8.530553543118074,4.315292645912477,0.0,5.630930650747447,0.0,0.0,LONDON,30.6,655.9,3347,Q1
E87006,213,37,17.370892018779344,27.00719948965643,0.0,26.68,8.414440383841407,8.274690162353854,0.0,0.0,0.0,0.0,LONDON,22.7,401.6,1885,Q1
E87011,925,252,27.24324324324324,53.38258946521914,0.0,36.24,8.979647563256808,17.531854153109848,4.534100212011167,8.631583367409055,0.0,0.0,LONDON,17.7,453.7,3532,Q2
E87016,276,86,31.159420289855078,54.10269521944649,0.0,13.64,9.447196146243868,18.21591230201682,3.913961241788375,4.250646079265606,0.0,0.0,LONDON,32.7,561.6,7557,Q2
E87024,184,51,27.717391304347824,31.563842358987827,0.0,36.11,8.617686883276349,13.50556954252898,0.0,9.164493615302291,0.0,0.0,LONDON,23.1,650.0,3592,Q2
E87045,158,42,26.582278481012654,25.564312122981125,0.0,24.04,8.53856321715243,7.308796660140956,1.670582094753328,0.0,0.0,0.0,LONDON,25.9,404.2,2096,Q1
E87047,1095,327,29.863013698630137,53.29744604837541,0.0,22.76,8.831967434239898,14.96502305339611,1.167925836709369,2.413713396839301,0.0,0.0,LONDON,23.4,306.9,2014,Q2
E87061,706,195,27.62039660056657,45.06541904175906,0.0,16.86,9.55703400124842,7.296466069547388,0.0,2.790379788129102,0.0,0.0,LONDON,29.3,467.9,6491,Q2
E87609,3564,1120,31.42536475869809,61.72889544592338,0.0,13.36,9.9615323789519,8.203095819582218,1.5097722367039783,2.3904727078000967,0.0,0.0,LONDON,21.0,244.8,5970,Q2
E87677,1172,255,21.75767918088737,30.295238532531336,0.0,17.88,9.913326491046783,7.332037809657017,3.010236288695523,3.1158586149447336,0.0,0.0,LONDON,18.3,169.9,3165,Q1
E87737,149,28,18.79194630872483,27.383400509994242,0.0,14.91,9.200635094428334,8.207268535269815,2.6926734032867445,1.615604042375948,0.0,0.0,LONDON,15.3,316.0,2920,Q1
E87739,1220,424,34.75409836065574,48.300680552691276,0.0,21.54,9.15201362884646,10.289661752458018,1.80917129636664,1.4699516781653874,0.0,0.0,LONDON,21.1,293.9,2853,Q3
E87762,128,18,14.0625,52.455904621750165,0.0,21.34,9.07167199810363,6.157262926997378,0.5513966801324884,2.4506519124657773,0.0,0.0,LONDON,30.8,549.9,4763,Q1
F81003,1477,496,33.58158429248476,27.81211372064277,0.0,30.23,8.749851335099033,9.213254618645747,1.901818614049685,1.267879076033123,0.0,0.0,EAST OF ENGLAND,20.0,424.7,2522,Q2
F81011,1683,1484,88.17587641117053,51.729333607287174,1.0,13.06,8.966260425894282,5.446171191881801,0.0,2.961355586048441,0.0,0.0,EAST OF ENGLAND,22.2,493.9,4047,Q4
F81020,127,33,25.984251968503937,28.351255148250992,1.0,16.33,8.979951889412842,15.109068588875948,7.185201505870503,22.3614215115364,0.0,1.0,EAST OF ENGLAND,32.1,553.8,4583,Q1
F81023,808,315,38.98514851485149,52.03044125059936,0.0,11.18,9.491148875484791,11.37793888083371,3.947037204349796,5.175451845642652,0.0,0.0,EAST OF ENGLAND,26.9,480.1,6581,Q3
F81025,3216,1389,43.190298507462686,44.5260862271431,0.0,26.19,9.237104009245398,8.36509675161251,4.07610238870634,1.0384974233905315,0.0,0.0,EAST OF ENGLAND,20.7,413.2,4290,Q4
F81027,5918,3410,57.62081784386617,55.043011859853415,0.0,23.89,9.955249487094717,11.268051435489616,4.076755687121661,5.982195845697329,0.0,0.0,EAST OF ENGLAND,23.3,311.4,6466,Q4
F81031,2410,1262,52.365145228215766,37.50912106135987,0.0,34.15,8.97871301809699,2.5212997300108206,2.017039784008656,0.0,0.0,0.0,EAST OF ENGLAND,22.5,630.7,4803,Q4
F81036,4323,3288,76.05829285218599,44.576702826671166,0.0,12.61,9.811641781398713,10.698870461635432,4.13631194095159,1.8562247928418416,0.0,0.0,EAST OF ENGLAND,21.4,384.6,7012,Q4
F81041,3553,2121,59.69603152265691,41.98254968492487,0.0,13.46,9.548115331114396,7.129753475647816,5.11713896813083,2.5680808945481783,0.0,0.0,EAST OF ENGLAND,21.7,393.3,5669,Q4
F81042,3692,580,15.70964247020585,36.15367062198462,0.0,22.61,10.598576596458416,8.01109509989957,7.485450156258772,5.828670521923012,0.0,0.0,EAST OF ENGLAND,17.5,450.2,19339,Q1
F81043,304,118,38.81578947368421,62.09823193808959,1.0,13.58,9.828040864188791,12.681581064436848,6.613976518765813,11.430676809295516,0.0,0.0,EAST OF ENGLAND,46.9,1310.7,23754,Q3
F81046,906,376,41.50110375275938,40.72069344032704,0.0,16.73,8.431998345353005,12.660617059165151,0.6969147005444646,4.065335751724137,0.0,0.0,EAST OF ENGLAND,20.4,492.5,2206,Q3
F81047,3939,1585,40.23863924854024,56.058194774346795,0.0,23.08,9.31728712888788,16.869220113669552,4.636639335055599,1.030364296079973,0.0,0.0,EAST OF ENGLAND,21.4,392.0,4375,Q3
F81065,771,465,60.311284046692606,62.32287285668069,0.0,10.67,8.36619586786431,6.885061896842473,1.2405264499622028,0.0,0.0,0.0,EAST OF ENGLAND,27.8,502.4,2173,Q4
F81066,163,49,30.06134969325153,30.2490760083561,0.0,6.48,8.744713816019958,20.390553438914623,6.499488908654038,2.0390553438914627,0.0,0.0,EAST OF ENGLAND,29.9,733.9,4769,Q2
F81068,5733,4056,70.74829931972789,35.57610584668468,0.0,16.57,9.715882060310795,25.81605058659133,5.500990218451237,5.726176952942006,0.0,0.0,EAST OF ENGLAND,19.5,427.6,7284,Q4
F81069,364,127,34.89010989010989,44.02790259768049,0.0,14.16,9.02009752443422,5.289736017981876,4.612391770670591,6.257370655270081,0.0,1.0,EAST OF ENGLAND,40.9,1267.1,11181,Q3
F81075,451,142,31.48558758314856,32.41825060805333,0.0,12.32,9.449304777630534,3.779725969079741,4.367683343220116,3.590739671373826,0.0,0.0,EAST OF ENGLAND,23.3,693.8,7973,Q2
F81083,3659,1641,44.848319212899696,51.96449586683114,0.0,13.65,9.402928491244978,13.065174655980645,5.982706240325529,1.0557716893721731,0.0,0.0,EAST OF ENGLAND,20.3,448.5,5313,Q4
F81087,4604,2031,44.11381407471764,40.135748513933194,0.0,18.15,9.525041616770755,16.235354235865238,6.774464357411396,11.81637892177976,0.0,1.0,EAST OF ENGLAND,20.3,548.4,7509,Q4
F81088,482,225,46.6804979253112,41.22420789087456,0.0,15.79,7.891268427123021,5.7844542766315525,0.0,0.0,0.0,0.0,EAST OF ENGLAND,22.5,554.4,1483,Q4
F81096,2515,891,35.42743538767396,43.5835021362793,0.0,25.26,9.289220866079557,11.631972522237367,4.016973560982372,3.253009264607352,0.0,0.0,EAST OF ENGLAND,23.9,503.4,5439,Q3
F81100,3205,1388,43.30733229329173,41.80820761683722,1.0,10.38,10.124619081089383,8.754171885489834,3.5805301993005942,12.348609976853476,0.0,1.0,EAST OF ENGLAND,22.6,473.2,11243,Q4
F81106,4222,1516,35.90715300805306,55.5672968356446,0.0,23.24,9.280503669358552,11.211758674041734,1.242988767110517,6.21494383182362,0.0,0.0,EAST OF ENGLAND,17.9,385.6,4206,Q3
F81108,7369,2144,29.094856832677436,26.453914838896637,0.0,27.36,9.82395721357932,14.3995091424395,4.395312261382708,2.59866818255644,0.0,0.0,EAST OF ENGLAND,16.2,196.6,3681,Q2
F81114,140,50,35.714285714285715,28.05627899092324,0.0,12.81,9.478795026667054,18.1047829605041,3.037852096360057,2.283486138652973,0.0,1.0,EAST OF ENGLAND,25.5,689.1,9542,Q3
F81117,2669,1544,57.84938179093293,37.37718716110131,0.0,14.29,9.21908535622887,7.11087613858278,1.9825862838072263,1.136682802055281,0.0,0.0,EAST OF ENGLAND,23.5,542.4,5376,Q4
F81119,1700,1282,75.41176470588235,43.97348372415158,1.0,14.37,9.025595882249474,19.086188576755752,5.421119107440005,10.713927705447182,0.0,1.0,EAST OF ENGLAND,27.0,523.1,4341,Q4
F81121,5423,1699,31.329522404573115,25.21955082061618,0.0,21.8,9.677705105731304,6.378021754833049,2.5066059511002954,0.6684282532089777,1.0,0.0,EAST OF ENGLAND,21.3,441.4,6810,Q2
F81122,11656,6361,54.572752230610845,39.81246420664837,0.0,16.08,10.390878210042963,11.2239753274214,5.274162795961456,1.3349200862988984,0.0,0.0,EAST OF ENGLAND,24.2,400.2,12929,Q4
F81126,252,81,32.142857142857146,25.84690577578764,1.0,14.87,9.185603591743767,13.175248574162026,8.036354939009806,1.8587487620869925,0.0,1.0,EAST OF ENGLAND,28.1,578.8,5753,Q2
F81132,6056,2605,43.01519154557464,36.600417345276874,0.0,17.09,9.78855357944387,6.521393649493788,5.564124856269456,4.98078918585411,0.0,1.0,EAST OF ENGLAND,22.7,511.8,8856,Q4
F81134,1546,725,46.89521345407504,54.523139359821954,0.0,20.04,8.943734625126318,6.336151093704103,2.402167172557851,10.444205098077614,0.0,1.0,EAST OF ENGLAND,24.1,469.3,3514,Q4
F81144,4138,1038,25.084581923634605,49.66265563052097,0.0,12.87,9.985501393173104,12.222038825087424,6.485664822868725,5.048500458710314,0.0,0.0,EAST OF ENGLAND,20.0,385.9,8467,Q1
F81155,913,374,40.963855421686745,53.24553151458137,0.0,17.08,8.60756696476574,4.239055957365816,2.923486867148839,2.436239055348306,0.0,0.0,EAST OF ENGLAND,21.3,570.5,3114,Q3
F81158,1144,430,37.58741258741259,43.56550951847704,0.0,35.95,8.249117648603375,5.578435860626267,0.9762262770477872,5.508705408903707,0.0,0.0,EAST OF ENGLAND,24.1,650.5,2455,Q3
F81159,908,279,30.72687224669604,28.187803187803187,0.0,40.34,8.895880737158233,4.565063568053685,6.610212046289745,1.643422884663669,0.0,0.0,EAST OF ENGLAND,29.1,515.0,3712,Q2
F81169,2646,1081,40.854119425548,23.503297818366313,0.0,7.03,8.980686088434725,26.102729164893,2.583432065172945,2.9524937869717016,0.0,0.0,EAST OF ENGLAND,20.5,372.7,2964,Q3
F81170,1671,425,25.433871932974267,39.14865042406902,0.0,11.42,9.535841935943962,6.647770014984926,7.317939181425914,0.25035055047031,0.0,0.0,EAST OF ENGLAND,35.7,798.8,10979,Q1
F81176,1171,507,43.29632792485056,50.98920398780929,0.0,31.83,8.016950261775934,11.609817772036392,6.508534207734382,0.0,0.0,0.0,EAST OF ENGLAND,24.4,418.7,1382,Q4
F81177,1313,499,38.004569687738005,22.238020759277692,0.0,16.35,8.390192806210244,7.145560518507304,0.763000529861479,0.4238891817424873,0.0,0.0,EAST OF ENGLAND,23.3,462.7,2006,Q3
F81183,1210,399,32.97520661157025,30.987191371028903,1.0,21.25,8.635864721133736,17.004144465364124,16.293664889875668,9.94671403197158,0.0,1.0,EAST OF ENGLAND,24.0,635.5,3801,Q2
F81216,116,25,21.55172413793104,54.83793517406963,0.0,10.83,8.41794359562536,22.08683808507114,6.184314663819919,0.0,0.0,0.0,EAST OF ENGLAND,29.5,618.0,2768,Q1
F81222,1204,551,45.7641196013289,68.51179673321234,0.0,9.13,8.544840783345048,11.03154891216238,0.0,1.6601277533153915,0.0,0.0,EAST OF ENGLAND,35.7,565.4,2860,Q4
F81632,2158,1248,57.83132530120482,39.843661063256555,0.0,25.34,8.591233304124701,6.686167989970748,2.971630217764777,5.200352881088359,0.0,0.0,EAST OF ENGLAND,22.4,173.7,1053,Q4
F81633,1336,642,48.05389221556887,27.913093797674787,1.0,15.34,8.4440847195956,6.369015599784831,7.459207457772995,3.1558185389994624,0.0,1.0,EAST OF ENGLAND,22.6,436.2,2273,Q4
F81636,6319,1984,31.39737300205729,44.477729429514795,0.0,11.74,9.78802993599568,11.770097742692794,4.115418791002198,9.600149651218256,0.0,1.0,EAST OF ENGLAND,20.3,421.3,7722,Q2
F81652,1008,412,40.87301587301587,38.947972377615216,0.0,28.1,8.579056261724935,2.820034780428959,7.820896457722979,4.862993308997479,0.0,0.0,EAST OF ENGLAND,19.2,483.5,2619,Q3
F81669,1951,1201,61.558175294720655,47.81468948095896,0.0,25.36,8.89026136247465,8.226693141132317,5.398767373265542,0.0,0.0,0.0,EAST OF ENGLAND,25.2,280.5,1994,Q4
F81674,3087,1025,33.20375769355361,57.74473019987721,1.0,12.74,9.309619936068009,5.239766081267685,2.89756649688738,1.545368797736276,1.0,1.0,EAST OF ENGLAND,24.2,535.1,6244,Q2
F81690,802,147,18.32917705735661,55.37375681745268,0.0,13.04,8.620802174035257,6.250939142299024,4.904583020285501,2.885048835462059,0.0,1.0,EAST OF ENGLAND,31.3,574.9,3527,Q1
F81711,1048,591,56.39312977099237,75.8254468980021,0.0,26.94,8.165955818011168,9.244831752587086,4.243529330081224,0.0,0.0,0.0,EAST OF ENGLAND,19.5,624.9,2267,Q4
F81725,305,87,28.524590163934427,35.312178416586534,0.0,18.18,9.161193894334644,11.063941529870016,4.173486805374415,0.0,0.0,0.0,EAST OF ENGLAND,27.2,731.2,7085,Q2
F81730,2197,956,43.513882567137,56.51486192578923,1.0,15.17,8.831249388753118,7.012588570454601,6.9910364664345375,2.921911904356084,0.0,1.0,EAST OF ENGLAND,20.7,533.2,3829,Q4
F81739,390,156,40.0,58.654510658657166,0.0,25.15,8.828481921168672,2.9300094004468265,1.5626716792616373,1.4064045122144766,0.0,0.0,EAST OF ENGLAND,28.3,885.4,5964,Q3
F81740,2022,842,41.64193867457963,41.680439145319326,0.0,25.34,8.772945904073845,3.097333711896342,3.716800454275611,3.923289369434479,0.0,0.0,EAST OF ENGLAND,21.5,507.3,3310,Q4
F82007,250,57,22.8,24.57881778174134,0.0,14.03,9.26772052049044,15.51667755096902,4.00355661869428,0.0,0.0,0.0,LONDON,26.2,706.0,7279,Q1
F82009,808,250,30.940594059405942,56.02905846013042,0.0,17.85,9.94783133826318,12.84836695960651,3.73721510542805,3.1377300882486594,0.0,0.0,LONDON,31.1,732.1,15736,Q2
F82013,318,42,13.20754716981132,44.5277344864675,0.0,15.38,9.79932539263721,14.67869545461692,2.752255397463228,0.0,0.0,0.0,LONDON,25.2,522.2,9419,Q1
F82016,248,49,19.758064516129032,29.190134006603223,0.0,30.49,8.77230041793584,4.545689344490934,7.273102950565628,2.066222429877576,0.0,0.0,LONDON,27.5,479.3,2896,Q1
F82017,236,65,27.54237288135593,33.258843059634785,0.0,30.93,9.060214913398545,9.874437387868928,3.501433109458517,4.523975521729026,0.0,0.0,LONDON,32.6,967.6,8148,Q2
F82018,777,362,46.58944658944659,52.67598247886976,0.0,26.32,9.360934735600663,9.267184218834004,2.86732185028279,1.5139459366465238,0.0,0.0,LONDON,30.3,536.3,6338,Q4
F82030,310,102,32.903225806451616,53.19100440662513,0.0,18.95,9.600076876007538,9.824426748762637,4.514901997957006,2.7089411990450984,0.0,0.0,LONDON,27.9,669.4,9990,Q2
F82034,1840,981,53.31521739130435,54.32288389651727,0.0,32.77,9.14850929351685,2.55307832099641,0.4822481280085103,0.4538805896901733,1.0,0.0,LONDON,20.4,133.4,1411,Q4
F82042,434,141,32.48847926267281,62.37214144808943,0.0,31.46,9.91656006700382,3.658526555079413,2.855756339170416,0.394805023893929,0.0,0.0,LONDON,35.0,520.9,10838,Q2
F82604,345,121,35.072463768115945,55.443216553021394,0.0,31.91,8.67564887710821,18.88417347955961,3.5503968592643167,7.055275811214474,0.0,0.0,LONDON,33.1,622.5,3775,Q3
F82634,1655,561,33.89728096676737,22.857401429907387,0.0,30.84,8.720038792782255,2.133536526199774,3.265617133604561,0.0,0.0,0.0,LONDON,23.7,445.7,2932,Q3
F82647,195,20,10.256410256410255,47.14657925701798,0.0,30.8,8.507496328437373,8.831894447417579,3.258107402433483,0.0,0.0,0.0,LONDON,29.6,504.6,2856,Q1
F82650,236,74,31.35593220338983,43.52765144803418,0.0,31.11,9.221865369980785,5.278561446235718,0.5008608549233469,1.3180548811691146,0.0,0.0,LONDON,35.1,604.3,6105,Q2
F82660,4314,1532,35.51228558182661,47.661574284416176,0.0,30.84,9.92240743738864,6.465835867922678,4.278284761063683,0.588754783632617,0.0,0.0,LONDON,32.1,723.4,13973,Q3
F82674,722,163,22.57617728531856,37.297781652620365,0.0,7.58,8.647724254216008,15.352660679870109,6.038089108621244,1.4978205552467598,0.0,0.0,LONDON,24.7,403.2,2411,Q1
F82677,465,119,25.591397849462364,49.35751279689553,0.0,28.83,9.001869892687166,6.963733974686662,6.898038370338435,12.317925661318634,0.0,0.0,LONDON,26.8,741.4,6594,Q1
F83002,589,150,25.46689303904924,43.10461028434033,0.0,28.49,9.28584201537596,23.49104790504671,4.253116040522058,2.7694709098917407,0.0,0.0,LONDON,24.2,477.1,5206,Q1
F83006,4502,1295,28.76499333629498,40.673804425410424,0.0,33.15,9.638935897473202,10.11495450980392,0.0,1.2159902716435411,1.0,0.0,LONDON,21.5,351.9,5514,Q2
F83008,829,164,19.782870928829915,48.693156373407156,0.0,28.48,9.423170926681948,13.859629509164025,0.9483972227049527,1.6165861741467455,0.0,0.0,LONDON,22.3,542.5,6563,Q1
F83011,219,48,21.91780821917808,40.79929300864101,0.0,16.98,9.038186944097854,11.080358734929025,0.0,2.375720140167488,0.0,0.0,LONDON,21.1,490.0,4251,Q1
F83018,282,58,20.56737588652482,60.02738953558626,0.0,32.63,9.0257061430163,18.76334332427908,2.565927292846476,7.216670508875502,0.0,0.0,LONDON,24.6,543.6,4343,Q1
F83020,1852,400,21.598272138228943,53.42415112474816,0.0,18.94,9.35990914229833,13.042479908438574,1.7221584385763489,5.166475315729047,0.0,0.0,LONDON,32.4,363.1,4264,Q1
F83022,999,212,21.22122122122122,45.67424927589325,0.0,24.98,9.730130692502756,19.980079385136843,3.7026575687930174,2.4895813204097106,0.0,0.0,LONDON,19.6,448.8,7487,Q1
F83032,1434,466,32.49651324965132,29.81676272193937,0.0,21.2,9.383018356417324,18.869988358271748,3.7470726000925545,0.6731268142871166,0.0,0.0,LONDON,18.0,350.6,4111,Q2
F83043,1415,255,18.02120141342756,49.596671083525116,0.0,24.85,9.737147606754473,9.76587180482428,3.227996968438456,0.0,0.0,0.0,LONDON,18.3,105.2,1807,Q1
F83045,381,97,25.45931758530184,42.672248857676635,0.0,20.71,9.135464156080843,19.830613509605453,0.0,0.0,0.0,0.0,LONDON,22.3,423.1,3855,Q1
F83057,760,256,33.68421052631579,36.95146628008819,0.0,21.54,9.00994649004948,21.570324512824698,1.0426742974676455,0.0,0.0,0.0,LONDON,24.4,362.8,3103,Q2
F83061,262,62,23.66412213740458,50.203258339798296,0.0,23.66,8.619298414353391,20.21953251467269,1.6373212930022574,0.0,0.0,0.0,LONDON,21.1,443.4,2488,Q1
F83623,726,180,24.793388429752067,55.01031839622642,0.0,9.56,9.495531845459649,21.00968619290485,3.007481109259283,5.613964736782748,0.0,0.0,LONDON,22.2,310.3,4120,Q1
F83624,2212,541,24.45750452079566,47.43711275055297,0.0,22.14,9.73167557612676,16.20669625684642,4.037345445369669,2.010756358670645,0.0,0.0,LONDON,20.7,301.5,5112,Q1
F83660,457,123,26.914660831509845,50.75575961968226,0.0,20.2,9.122555969006218,4.774598554155483,3.7265159448664873,4.279670654596734,0.0,0.0,LONDON,29.6,543.6,4911,Q1
F83681,1313,397,30.23610053313024,29.957703927492446,0.0,28.64,9.09869160814394,11.538999097304398,0.9541291249778704,3.4885346104749213,0.0,0.0,LONDON,19.1,381.2,3265,Q2
F84006,4416,1502,34.01268115942029,49.947869906455445,0.0,33.08,9.756146964637418,5.067593665121668,1.6067979918887605,2.549246813441483,0.0,0.0,LONDON,26.9,284.0,4834,Q3
F84012,1932,658,34.05797101449275,30.930513034604324,0.0,41.42,9.174695923026716,7.848149364237725,5.029447832259625,4.753104543429075,0.0,0.0,LONDON,23.6,453.2,4178,Q3
F84013,905,343,37.90055248618785,74.231674635692,0.0,48.73,9.782764261060962,7.145980150723766,1.9406977673513333,3.3999821346735186,0.0,0.0,LONDON,32.7,572.5,10589,Q3
F84014,1686,657,38.96797153024911,30.073691014867485,0.0,33.88,8.945289167583232,3.33695416033022,3.058874646100369,5.492070389745817,0.0,0.0,LONDON,26.3,464.2,3555,Q3
F84018,4776,1632,34.17085427135678,62.14547118023788,0.0,32.09,9.420385174700812,21.48492380633308,1.621095860801902,4.79844374797363,0.0,0.0,LONDON,26.7,417.3,5217,Q3
F84025,1024,291,28.41796875,45.99615515909377,0.0,37.28,9.40187629029445,11.93397232617506,1.6513799343576476,0.0,0.0,0.0,LONDON,29.4,527.3,6210,Q2
F84031,3051,1566,51.32743362831859,39.390715181932244,0.0,38.08,9.662089861899164,15.02070260493192,5.906846234226397,12.263495414662088,0.0,0.0,LONDON,32.4,470.3,7666,Q4
F84034,3332,1315,39.46578631452581,55.41795012447783,0.0,28.67,9.50733519583292,12.738812485680846,5.052725437624228,4.458287150844908,0.0,1.0,LONDON,23.0,351.6,4562,Q3
F84035,463,71,15.334773218142548,62.542887594352706,0.0,28.53,10.010988276313814,10.344292114893843,3.412688315284504,3.9874568736482088,0.0,0.0,LONDON,38.7,418.3,10584,Q1
F84036,521,105,20.15355086372361,40.08211143695015,0.0,29.72,9.047478246338446,10.921394596184964,3.106948462707792,6.967096552738685,0.0,0.0,LONDON,34.1,370.3,3282,Q1
F84044,2106,496,23.551756885090217,37.44258131978937,0.0,29.43,9.014963970308427,9.602950264125711,0.0,3.371731356493724,0.0,0.0,LONDON,27.4,380.7,3136,Q1
F84047,3543,1350,38.10330228619814,45.69538545320584,0.0,32.94,9.238887335620824,4.146588378538166,2.9285280427616924,1.9437133022879125,0.0,0.0,LONDON,20.6,433.1,4690,Q3
F84051,1872,656,35.042735042735046,61.8221465293584,0.0,30.61,9.160904999704762,12.468041887367354,1.1207228655482786,5.547578187931215,0.0,0.0,LONDON,23.0,274.5,2707,Q3
F84053,144,19,13.194444444444445,16.477837408069966,0.0,33.78,8.930626469173578,5.0088183412698415,2.8825659074074075,2.751322751322751,0.0,0.0,LONDON,19.2,418.0,3065,Q1
F84054,327,81,24.770642201834864,39.49391363702849,0.0,32.29,9.414260328322634,8.065486432882075,0.0,3.305605393899853,0.0,0.0,LONDON,32.0,668.4,8192,Q1
F84062,3527,1025,29.061525375673376,40.1261685998232,0.0,38.66,9.596073183648228,12.132160038983924,4.478618336723651,1.087923482715049,0.0,0.0,LONDON,22.5,340.2,4903,Q2
F84072,3460,779,22.514450867052023,61.04468689284113,0.0,24.81,9.495713530937527,8.708083015704968,0.681571874635879,2.906703584642081,0.0,0.0,LONDON,26.1,383.9,5154,Q1
F84074,2038,730,35.81943081452404,36.39827481279602,0.0,33.07,9.300645623754688,5.433185372732049,0.3898249588475799,8.210688208860903,0.0,0.0,LONDON,23.7,406.0,4250,Q3
F84079,717,166,23.15202231520223,30.992558788972705,0.0,16.69,9.380357370563814,12.662406232046065,2.0247611414590936,5.016908161052876,0.0,0.0,LONDON,23.5,383.3,4165,Q1
F84080,1780,606,34.04494382022472,31.962284119882618,0.0,37.12,8.999547321606315,7.605485991789532,2.633934543434198,6.42021544761454,1.0,0.0,LONDON,25.0,718.9,6844,Q3
F84081,640,106,16.5625,36.138841078600116,0.0,31.95,9.519832858691814,9.0758769140453,2.8765715963015506,0.3130962276796634,0.0,0.0,LONDON,37.3,443.9,5948,Q1
F84086,112,30,26.785714285714285,61.42979292910517,0.0,30.74,8.818136937851204,1.894705679182908,2.368382098978635,8.447229485370306,0.0,0.0,LONDON,42.9,688.8,4477,Q1
F84111,892,146,16.367713004484305,48.81146654607656,0.0,31.42,9.258455705323904,13.504983521899694,1.9060477306119208,3.4308859151014577,0.0,0.0,LONDON,31.2,643.6,6725,Q1
F84114,2929,961,32.809832707408674,38.059731570674295,0.0,38.21,9.33634874585716,3.1972964031884805,1.7632149285530618,4.161187231385226,0.0,0.0,LONDON,18.9,377.7,4267,Q2
F84117,2806,891,31.753385602280822,45.38714350243766,0.0,27.86,9.21183924809992,17.697720086869694,1.4644699610584124,5.99101347978033,0.0,0.0,LONDON,20.2,411.4,4043,Q2
F84121,3374,832,24.659158269116777,21.666782705562905,0.0,36.27,9.639527432034168,14.2082562492608,5.572886431822743,10.433971170078287,0.0,0.0,LONDON,21.6,377.5,5967,Q1
F84619,1512,429,28.373015873015877,65.2980243097615,0.0,37.92,8.561560892482987,7.499760849462709,1.6326010025190525,11.530244570007335,0.0,0.0,LONDON,26.3,429.1,2209,Q2
F84620,636,121,19.0251572327044,62.792541557305334,0.0,36.18,9.014842386065595,10.473092785360366,5.252758610207618,10.505517220415236,0.0,0.0,LONDON,31.0,680.3,5622,Q1
F84640,2148,589,27.420856610800744,54.718145356780816,0.0,12.92,9.159713522131792,16.870156738314805,3.4783828317963463,6.003015532802693,0.0,0.0,LONDON,20.0,256.5,2556,Q2
F84641,370,52,14.054054054054054,27.679231337767924,0.0,33.22,8.101804002110379,9.04936245524555,2.58553213180154,0.8079787885368009,0.0,0.0,LONDON,22.7,533.4,1716,Q1
F84647,931,183,19.656283566058,50.9919036631487,0.0,23.45,9.496890554081707,2.242536869333433,1.501698796763839,0.0,0.0,0.0,LONDON,27.0,386.9,6452,Q1
F84658,2441,631,25.85006145022532,31.809290953545233,0.0,35.93,9.19868942923532,5.341876738892168,2.4820841419779107,9.36177388146025,0.0,0.0,LONDON,23.5,588.8,5467,Q1
F84660,422,90,21.32701421800948,67.17332885455156,0.0,32.5,7.998671361015776,11.644832603291906,0.0,0.0,0.0,0.0,LONDON,16.4,291.4,929,Q1
F84670,737,190,25.78018995929444,43.02371765773945,0.0,34.59,8.770555521314444,11.21848359063919,0.0,19.911773455970813,0.0,0.0,LONDON,24.7,617.7,4078,Q1
F84681,3316,1765,53.22677925211098,84.28130396106954,0.0,33.95,9.052935792844776,12.734703432400536,0.8739502347765866,19.81994284287428,0.0,0.0,LONDON,27.3,525.0,5335,Q4
F84692,129,24,18.6046511627907,20.505200594353642,0.0,24.4,9.123765263443993,9.653969177813318,3.4603082298633328,3.3730735686246005,0.0,0.0,LONDON,25.5,439.4,4195,Q1
F84696,1538,319,20.74122236671001,19.075616527845828,0.0,26.45,8.714074899541522,11.533946563731932,4.599211563731932,2.321506790407359,0.0,0.0,LONDON,25.2,327.8,1908,Q1
F84698,2198,619,28.16196542311192,61.879065232085274,0.0,28.04,9.475214305101956,10.779067983017033,3.212440533531127,1.7801422067624944,0.0,0.0,LONDON,32.8,427.0,6103,Q2
F84716,173,43,24.85549132947977,36.990801576872535,0.0,33.42,8.66260580530021,5.718320820279288,0.0,6.225591214999064,0.0,0.0,LONDON,25.5,523.0,2913,Q1
F84717,2596,731,28.15870570107858,22.181010264225776,0.0,27.07,9.412083219750308,15.724322559799486,3.2474254895657384,6.908952215441617,0.0,0.0,LONDON,19.5,269.1,3329,Q2
F84718,3244,1433,44.17385943279901,43.78697492512191,0.0,35.92,9.554455942802395,8.01847727850008,1.4176940025636633,2.2683104041018614,0.0,0.0,LONDON,28.3,415.2,5743,Q4
F84719,259,61,23.55212355212355,38.099272209172476,0.0,33.4,8.565173503934805,16.673815311442596,3.2534273764476,0.0,0.0,0.0,LONDON,23.6,406.0,2314,Q1
F84720,757,278,36.72391017173052,59.37711712429761,0.0,44.49,8.605707604946977,5.076808080179397,5.857855475721935,3.02655866367672,0.0,0.0,LONDON,21.6,752.3,3942,Q3
F84729,633,142,22.432859399684045,39.56239188367853,0.0,39.93,8.479837404872468,7.418685122491349,0.9965397923875432,17.301038063667814,0.0,0.0,LONDON,17.4,391.1,1985,Q1
F84735,444,121,27.25225225225225,22.75158809762621,0.0,33.75,9.04258225165928,7.947411473681098,1.3561059252761982,4.099855124523244,0.0,0.0,LONDON,18.8,418.3,3514,Q2
F84739,1174,196,16.69505962521295,48.83138041230654,0.0,31.29,8.567347504076961,7.05069270392797,0.0,3.9565038201819736,0.0,0.0,LONDON,19.0,481.8,2495,Q1
F84747,5529,3720,67.2816060770483,50.78273731072255,0.0,19.69,10.221435094956716,9.318655199206871,1.891866490011612,2.4739792561690312,0.0,0.0,LONDON,34.1,321.8,8662,Q4
F85010,572,163,28.496503496503497,21.268793546021268,0.0,37.75,8.444765857480652,8.486238532826833,5.676605504587156,0.0,0.0,0.0,LONDON,22.9,556.7,2396,Q2
F85013,2050,561,27.365853658536587,41.220659188534434,0.0,39.48,9.155813785954814,14.477611939946492,5.406927626020839,2.0275978597578144,0.0,0.0,LONDON,20.0,305.0,2794,Q2
F85016,130,60,46.15384615384615,49.86988484809056,0.0,13.21,8.862353765363336,11.933957254434516,1.9638157497079065,0.0,0.0,0.0,LONDON,50.6,700.0,4848,Q4
F85020,1332,377,28.303303303303306,71.27083355075716,0.0,15.88,9.204498340492547,4.809884241707949,1.341145506575804,8.78450306334398,0.0,0.0,LONDON,22.4,517.6,5261,Q2
F85025,4880,3230,66.18852459016394,55.76621525302922,0.0,18.82,9.594723701689787,14.18026043042356,2.215098301114925,1.0893926068824646,0.0,0.0,LONDON,25.3,1261.0,18809,Q4
F85029,2009,810,40.31856645097064,36.38263840924788,0.0,18.59,9.413049896703626,20.72860389260101,1.5241620505423024,8.165153845107032,0.0,0.0,LONDON,20.3,468.0,5569,Q3
F85031,164,42,25.60975609756097,26.001580793360667,0.0,37.25,9.42802236945326,4.7190363515950216,0.9867076001957328,12.35529517438314,0.0,0.0,LONDON,29.0,370.6,4596,Q1
F85033,265,77,29.056603773584907,60.516323324022345,0.0,13.48,9.95985607115764,12.141549611408452,1.247651791727218,0.8821780342395349,0.0,0.0,LONDON,26.1,558.7,11522,Q2
F85035,686,195,28.425655976676385,40.24087080346584,0.0,12.14,9.354902369833146,14.654127964576242,2.5385103565453178,0.7384757404950094,0.0,0.0,LONDON,52.6,793.1,9170,Q2
F85069,3229,976,30.22607618457727,60.083531339010314,0.0,16.08,9.030874733163426,12.891131365095829,3.0313303958678186,5.998843308936443,0.0,0.0,LONDON,21.6,402.0,3580,Q2
F85071,1805,340,18.83656509695291,60.46838668356052,0.0,45.27,9.424315353449106,16.491848939184962,4.628913215143544,5.124099278885294,0.0,0.0,LONDON,23.5,385.6,4741,Q1
F85625,672,225,33.482142857142854,43.27762302692665,0.0,14.45,8.828628410908548,9.452778828412043,2.031175615150812,16.600954555863435,0.0,0.0,LONDON,29.6,484.3,3350,Q2
F85650,499,175,35.07014028056112,39.20169252468265,0.0,34.66,8.68327244210877,6.504799548277809,2.981366459627329,8.69565217504235,0.0,0.0,LONDON,20.3,470.8,2826,Q3
F85666,679,185,27.245949926362297,47.70391061452514,0.0,45.8,8.255178865713034,11.921160927875242,0.0,0.0,0.0,0.0,LONDON,23.9,341.4,1361,Q2
F85687,439,111,25.28473804100228,38.4355687800412,0.0,16.64,9.029517691305964,7.253120320319521,1.78931602675986,2.7798302546180733,0.0,0.0,LONDON,24.3,633.7,5435,Q1
F85700,130,39,30.0,32.79330896638019,0.0,23.89,9.01785736204432,11.766964005293516,0.0,0.7758437806220893,0.0,0.0,LONDON,27.3,435.0,3493,Q2
F85701,832,206,24.759615384615383,38.827193040268895,0.0,22.4,9.470882464475723,7.233681831282592,0.0,8.353669500886229,0.0,0.0,LONDON,26.5,459.1,5740,Q1
F85705,4114,1809,43.97180359747205,67.10257736167434,0.0,41.59,9.44346065643528,1.7598479242792269,1.1405639455063892,2.3656141094624563,0.0,0.0,LONDON,33.7,577.5,7561,Q4
F86008,3332,1143,34.30372148859544,39.56144017196083,0.0,15.9,9.49786618221966,4.200656352555087,0.8401312705110174,1.8602906704172528,1.0,0.0,LONDON,21.6,325.4,5054,Q3
F86009,401,105,26.184538653366584,35.49812055861936,0.0,18.05,8.894338840091306,8.046909827060022,1.7556894167133403,2.0483043204133184,0.0,0.0,LONDON,29.6,622.0,4406,Q1
F86010,4417,1686,38.17070409780394,40.027535017359035,0.0,17.1,9.677302923495548,3.293333402780318,4.630727678523852,3.1428765474330915,0.0,0.0,LONDON,17.5,434.4,7234,Q3
F86011,2525,702,27.8019801980198,41.935047055902864,0.0,29.88,9.169431568132552,4.667071794426601,2.0835141939404465,1.3334490841218856,0.0,0.0,LONDON,18.2,392.7,3662,Q2
F86013,256,85,33.203125,36.59615304376852,0.0,10.04,8.78040325194353,6.148643455537622,2.295493557758819,8.034227449081547,0.0,0.0,LONDON,37.9,650.0,3829,Q2
F86025,1238,282,22.77867528271405,31.4870695359856,0.0,24.89,9.829109672165588,8.816204885882666,1.6373649555424892,0.4308855146164445,0.0,0.0,LONDON,32.3,599.4,11442,Q1
F86032,188,73,38.82978723404256,52.162855809612694,0.0,10.41,9.12282886994487,20.14097958033562,3.3762335709673024,0.0,0.0,0.0,LONDON,31.9,657.3,5944,Q3
F86036,407,128,31.44963144963145,48.74291060047945,0.0,21.54,9.580189816479688,11.14552509516298,4.587166526580005,1.215875464876628,0.0,0.0,LONDON,31.0,470.7,6870,Q2
F86038,1091,263,24.106324472960587,46.22422556823631,0.0,29.34,9.369499915048792,8.005515162576492,3.002068186179399,1.364576448263363,0.0,0.0,LONDON,25.5,534.9,6045,Q1
F86058,6070,2198,36.21087314662274,56.851491981620384,0.0,25.13,9.659779834027823,5.988558790591839,1.1568806758394827,5.188950088042022,0.0,0.0,LONDON,29.0,364.7,5417,Q3
F86066,343,79,23.03206997084548,55.97681307674275,0.0,11.98,8.955921128741798,9.28592923649026,0.550277287304931,3.920725678173767,0.0,0.0,LONDON,30.2,527.8,3877,Q1
F86074,860,305,35.46511627906977,28.215192459217324,0.0,26.27,9.57793052765542,8.456522993249092,4.043621256707634,1.5694420398130515,0.0,0.0,LONDON,23.2,442.9,6115,Q3
F86078,690,307,44.492753623188406,63.86408123317837,0.0,17.16,8.807820921156587,11.486115957924124,0.8774116346777008,0.3190587776060621,0.0,0.0,LONDON,24.3,548.1,3569,Q4
F86081,267,41,15.355805243445692,32.53294564554706,0.0,14.79,8.818346616365474,3.907011161127212,1.9732379611518776,1.341801811925757,0.0,0.0,LONDON,30.7,614.5,4436,Q1
F86082,397,115,28.96725440806045,34.85711561837119,0.0,31.77,8.76188947169186,16.452227469791474,3.1317691886107992,2.839470732051048,0.0,0.0,LONDON,40.8,666.6,4170,Q2
F86087,190,39,20.526315789473685,48.18778538812786,0.0,26.34,8.906065847431115,4.554954303595839,1.0845129294275806,0.0,0.0,0.0,LONDON,28.9,575.3,4261,Q1
F86088,164,38,23.170731707317078,44.7353069855622,0.0,26.12,8.526053819848434,16.070307594409755,0.8458056616116563,0.0,0.0,0.0,LONDON,28.1,536.2,2739,Q1
F86612,121,33,27.272727272727277,40.06222683161716,0.0,17.64,8.064636475774222,8.721174006289308,3.5220125786163528,0.0,0.0,0.0,LONDON,28.1,693.5,2170,Q2
F86627,4196,1544,36.796949475691136,37.94116104672505,0.0,21.53,9.519845088938435,21.701216905521925,5.185592857090442,2.778695040176115,0.0,0.0,LONDON,20.0,531.0,7331,Q3
F86641,226,62,27.43362831858407,32.64314928425358,0.0,12.01,9.03871144472097,5.857036854612912,1.8362602020281968,2.3744744001978733,0.0,0.0,LONDON,25.0,492.8,4223,Q2
F86650,2439,743,30.46330463304633,51.596012486154464,0.0,26.62,8.978345260938655,15.60417848918595,2.5558568207327075,2.522227126552746,0.0,0.0,LONDON,19.7,367.9,3435,Q2
F86658,442,136,30.76923076923077,34.18400638004785,0.0,12.52,8.733741709897256,8.246205054558631,0.0,4.681439326774665,0.0,0.0,LONDON,29.0,477.9,3093,Q2
F86666,200,38,19.0,44.10821965308142,0.0,27.1,9.645795688717396,9.161095535906837,1.380202717705413,1.380202717705413,0.0,0.0,LONDON,25.0,406.2,6267,Q1
F86689,200,47,23.5,29.851321585903083,0.0,22.95,8.412665662062302,6.631510778795449,1.894717366638912,0.0,0.0,0.0,LONDON,25.1,421.8,1855,Q1
F86702,134,36,26.86567164179105,58.743169398907106,0.0,24.34,8.483550226993646,6.839610444195468,1.1031629764716022,1.654744462638973,0.0,0.0,LONDON,31.1,582.2,2720,Q1
G81006,197,56,28.42639593908629,51.11731843575419,0.0,31.33,8.779198417078035,17.77048171189658,6.361257888472784,2.770225209049402,0.0,0.0,SOUTH EAST,38.7,531.9,3498,Q2
G81008,789,394,49.93662864385298,48.420461623489985,0.0,16.68,9.589780869667504,9.068515646838794,6.915427424048901,7.33509716266764,0.0,1.0,SOUTH EAST,47.6,768.3,11409,Q4
G81011,3243,1249,38.51372186247302,57.30694442350884,0.0,27.78,9.844944356798743,9.849111785927292,5.254235640614438,5.8245307105273625,0.0,0.0,SOUTH EAST,37.6,611.2,11262,Q3
G81012,1036,765,73.84169884169884,34.09704217154347,0.0,19.59,8.810422350297134,8.149517504381876,4.136988005220958,5.250792466902853,0.0,0.0,SOUTH EAST,43.4,811.6,5560,Q4
G81019,520,189,36.34615384615385,59.09555917228551,0.0,8.71,9.309106693647822,11.964879168937845,4.928391855470077,1.6911148517632135,0.0,0.0,SOUTH EAST,42.1,823.1,9606,Q3
G81021,7168,2009,28.02734375,25.59928467172481,0.0,15.04,10.260234993846865,16.96676991023151,5.123628536931072,3.957046447232576,0.0,0.0,SOUTH EAST,18.3,405.6,11556,Q2
G81023,127,46,36.22047244094488,42.859951738314415,1.0,19.26,9.047860657395768,10.205717422846162,5.646837378926317,7.7800870561938735,0.0,0.0,SOUTH EAST,29.1,415.9,3494,Q3
G81029,5401,3406,63.062395852619886,41.943880597014925,0.0,13.84,9.79613431197948,14.885039663775109,7.941735862689614,8.322783743006912,0.0,0.0,SOUTH EAST,28.2,520.9,9497,Q4
G81042,3399,1143,33.627537511032656,56.1137106918239,0.0,10.36,9.538864438748222,14.757208857742844,4.435111297774045,3.139137217255655,0.0,0.0,SOUTH EAST,20.6,275.7,3761,Q2
G81047,186,46,24.731182795698924,45.638306685444455,0.0,15.72,8.876928447818228,6.699466136292264,3.573048606022541,2.7542249680728568,0.0,0.0,SOUTH EAST,30.6,660.6,4560,Q1
G81048,544,360,66.17647058823529,36.07396460368381,0.0,34.89,9.04808611333234,13.36116910229645,9.660187989061718,7.245140992090329,0.0,0.0,SOUTH EAST,43.0,696.3,5976,Q4
G81049,2001,822,41.079460269865066,42.60156897761337,0.0,17.48,8.829128755668723,9.760382606022157,4.958274363379045,1.1712459128397834,0.0,0.0,SOUTH EAST,32.1,519.0,3488,Q3
G81050,220,54,24.545454545454547,49.861383671307976,0.0,19.49,9.361565347530094,32.74847232586628,2.1777908323602526,9.765672572873608,0.0,0.0,SOUTH EAST,49.5,889.3,10622,Q1
G81061,815,371,45.52147239263804,40.01489285418793,0.0,27.67,8.643341143404248,4.296942719379435,9.731587992419234,11.894163104588127,0.0,0.0,SOUTH EAST,30.9,510.6,2612,Q4
G81065,2220,769,34.63963963963964,46.60494354384107,0.0,18.78,9.085929168467064,10.569826918706708,10.071535079368076,0.4227930775183557,0.0,0.0,SOUTH EAST,28.2,215.1,1879,Q3
G81070,4980,1482,29.759036144578317,32.87497561927053,0.0,16.15,10.116574033967428,10.980275961454288,5.807446515060709,5.236398898713123,0.0,0.0,SOUTH EAST,33.8,382.7,9693,Q2
G81071,900,161,17.88888888888889,40.63621974288692,1.0,20.43,9.886438879624055,4.597720635916301,6.116731583645202,0.4068779323819735,0.0,0.0,SOUTH EAST,31.2,181.5,2987,Q1
G81076,4430,1531,34.55981941309255,23.21713403653203,0.0,11.18,9.451513738252928,8.732015530776735,4.127572367264894,5.405653150351276,0.0,0.0,SOUTH EAST,20.7,542.3,6988,Q3
G81082,181,109,60.22099447513812,28.46066504460665,1.0,18.52,8.745311017155137,11.223392681826624,6.368243691458593,0.3820946214875155,0.0,1.0,SOUTH EAST,29.3,562.9,3500,Q4
G81088,163,23,14.11042944785276,18.526084386698052,1.0,11.29,9.996526215003325,11.629295257497128,3.766120857248075,9.86480689260861,1.0,1.0,SOUTH EAST,18.9,469.7,10254,Q1
G81095,1584,238,15.025252525252526,46.06772828905241,0.0,40.21,10.17067988668502,7.193493030525343,9.376500846288796,16.27639881777296,0.0,1.0,SOUTH EAST,63.5,906.6,23235,Q1
G81096,171,40,23.39181286549708,41.97311361665221,0.0,32.48,7.944344398878325,11.916654352002366,10.025121912812178,4.161371363381115,0.0,0.0,SOUTH EAST,30.3,577.1,1632,Q1
G82002,3438,1548,45.026178010471206,43.69206337481996,0.0,30.62,9.141713504930005,8.300961255254773,9.510804080649049,10.139145490668596,0.0,0.0,SOUTH EAST,24.4,539.0,5294,Q4
G82018,186,37,19.892473118279568,49.32754182754183,0.0,19.34,8.593907288483942,8.150160533465053,8.298345270437146,6.569523337861201,0.0,0.0,SOUTH EAST,40.8,765.8,4114,Q1
G82019,4113,2217,53.902261123267685,76.56893248353563,1.0,17.67,9.495719795365288,9.211987571414252,6.174200662022653,5.973739601333067,0.0,1.0,SOUTH EAST,18.7,295.6,3982,Q4
G82022,2774,1436,51.76640230713771,46.146885839239935,0.0,15.63,9.16030067746877,11.690598636096826,2.8315358811315634,5.018266560016821,0.0,1.0,SOUTH EAST,22.2,480.7,4626,Q4
G82024,5310,1179,22.203389830508478,26.952457447535718,1.0,17.74,9.963888619954377,6.5929717626292925,7.481640994104565,8.899244145397207,1.0,0.0,SOUTH EAST,21.8,387.9,9952,Q1
G82027,355,118,33.23943661971831,30.25518077601411,0.0,21.67,9.558870570677186,14.36817652265964,4.930662557310718,29.998000445076983,0.0,0.0,SOUTH EAST,21.2,1511.1,21437,Q2
G82028,5939,2025,34.09664926755346,26.454710783009986,0.0,21.57,10.115253287958364,6.785459498728951,1.995913771400444,3.3660816032042504,1.0,0.0,SOUTH EAST,21.4,417.7,10337,Q3
G82036,3206,1652,51.52838427947598,34.71326034945262,0.0,20.23,9.355529589001916,12.091415558230212,5.627346829356185,3.897629566057182,0.0,0.0,SOUTH EAST,23.1,404.5,4684,Q4
G82038,1616,725,44.863861386138616,20.844593438921766,0.0,20.69,9.261374049332815,15.508025625935405,5.777499742641527,11.757718775132044,0.0,0.0,SOUTH EAST,38.9,293.9,3053,Q4
G82041,4365,1251,28.65979381443299,37.519441411032794,0.0,12.46,9.577110850746926,11.157719671532844,4.3056453852905845,1.348979025686039,0.0,0.0,SOUTH EAST,25.5,330.2,4667,Q2
G82042,970,382,39.381443298969074,41.23240421366645,0.0,12.51,9.783553768176988,8.719971209770993,3.5175572519083973,2.293928361526717,0.0,0.0,SOUTH EAST,33.7,654.1,11821,Q3
G82044,6381,3289,51.54364519667764,40.153055263465355,0.0,26.98,10.022762067975956,8.189258255566694,4.011789810024298,2.721863293232694,0.0,0.0,SOUTH EAST,22.5,328.8,7237,Q4
G82051,3118,1842,59.076330981398335,40.204301866431216,0.0,21.18,9.452979313851715,13.834524331788195,5.753401372186227,5.125757586186606,0.0,0.0,SOUTH EAST,26.0,538.6,7043,Q4
G82052,3669,1766,48.13300626873808,51.318661990046664,0.0,44.3,9.755137378312954,4.46955454296775,7.871983606864789,8.815384392903228,0.0,0.0,SOUTH EAST,22.7,390.8,6675,Q4
G82055,166,51,30.72289156626506,35.115357251753224,1.0,18.18,9.193770513647015,9.191039414376249,5.747788659978989,16.972793096553357,0.0,1.0,SOUTH EAST,40.0,744.8,7339,Q2
G82060,1791,665,37.13009491903964,31.287286706439154,0.0,25.95,9.957877090277922,12.202718860840914,5.5939861495175895,5.15202336089024,0.0,1.0,SOUTH EAST,27.2,465.3,9645,Q3
G82063,3102,1422,45.84139264990329,43.43940184315771,1.0,18.96,9.481391158109858,10.320219114520118,7.788460927930046,3.335006768386068,0.0,0.0,SOUTH EAST,20.1,470.1,6082,Q4
G82073,2463,888,36.05359317904994,37.202142120174905,1.0,11.01,9.237039101049904,17.347498631528556,4.517757024511752,11.242464318969224,0.0,1.0,SOUTH EAST,21.2,318.2,3285,Q3
G82074,5408,2698,49.88905325443787,34.558713486891335,0.0,9.05,9.655661675036974,10.933220869425954,5.312862016559986,12.406814044277407,0.0,1.0,SOUTH EAST,25.3,373.8,5974,Q4
G82077,2599,1061,40.82339361292805,26.330722959936445,1.0,23.55,9.417496807662944,8.90930152214116,7.045068113073342,14.37193895096226,0.0,1.0,SOUTH EAST,25.3,414.6,5205,Q3
G82079,112,32,28.571428571428573,36.92489364601153,0.0,22.49,9.233560356065826,8.911194521694526,8.467745218899356,5.862285151320235,0.0,0.0,SOUTH EAST,35.0,756.3,7518,Q2
G82080,10932,3625,33.159531650201245,32.40940498690376,0.0,23.13,10.520945383018,7.110743578526327,5.896496706950407,7.593537223882613,0.0,0.0,SOUTH EAST,22.7,257.3,9821,Q2
G82082,360,125,34.72222222222222,40.60764007955559,1.0,22.55,9.722275380147671,17.375593090070023,4.666819829589156,3.3402922759736686,0.0,1.0,SOUTH EAST,29.0,491.9,8185,Q3
G82083,3104,1620,52.19072164948454,25.511540860885837,0.0,15.62,9.608411545530634,13.253187368951275,3.993865922965848,6.841510237415629,0.0,0.0,SOUTH EAST,22.0,379.6,5649,Q4
G82085,1520,714,46.97368421052632,21.223073586815094,1.0,18.28,9.401697374797138,17.530222219163566,3.7878422919749215,4.558624154376595,0.0,0.0,SOUTH EAST,23.6,474.2,5747,Q4
G82086,1975,535,27.088607594936708,28.19151457691396,0.0,32.92,9.235650679932348,10.673080048425364,6.292047191003932,2.938022035815268,0.0,0.0,SOUTH EAST,21.6,371.3,3800,Q1
G82089,125,36,28.8,23.37914937759336,0.0,19.96,9.116386771601755,11.717559265097629,3.603108779831379,3.979684736769835,0.0,0.0,SOUTH EAST,26.1,589.8,5387,Q2
G82090,906,176,19.426048565121413,34.81726709994388,0.0,20.47,9.796890161151689,13.82523767657243,6.482086653780367,5.933260094839454,0.0,1.0,SOUTH EAST,29.0,655.3,11745,Q1
G82095,1647,825,50.09107468123862,26.680301336001413,0.0,22.67,9.434583318733694,14.848733060833084,1.8752705352112675,14.181733426031366,0.0,0.0,SOUTH EAST,24.5,499.6,6119,Q4
G82100,2492,1492,59.87158908507223,38.4686943068095,1.0,15.8,9.63814301813939,15.088500863820585,3.303162995447285,7.979746395314723,0.0,1.0,SOUTH EAST,21.5,527.3,7961,Q4
G82106,110,44,40.0,44.67782589026045,1.0,14.33,8.880423270103355,9.531978024061756,2.522079789517606,12.313683674633165,0.0,1.0,SOUTH EAST,39.4,744.9,5448,Q3
G82107,2762,1627,58.90658942795076,62.2686702067563,1.0,21.19,9.120151223943488,14.001076142670836,10.126674630965518,22.574550388778945,0.0,1.0,SOUTH EAST,23.6,516.3,4851,Q4
G82108,612,172,28.10457516339869,32.69834226124441,0.0,22.52,8.714813785499361,5.54824237340993,3.9392695937628233,2.626179729175216,0.0,0.0,SOUTH EAST,37.9,824.2,5606,Q2
G82110,124,24,19.35483870967742,45.77958137548056,0.0,7.17,8.88667412091586,7.5696326334097375,3.3705727244036443,2.5616512523756323,0.0,0.0,SOUTH EAST,23.5,576.4,4167,Q1
G82111,2789,1365,48.94227321620652,37.12284292620955,0.0,19.57,9.315098206057948,7.236039713927642,7.324412959408043,5.0430384306544696,0.0,0.0,SOUTH EAST,23.1,403.1,4532,Q4
G82114,631,217,34.389857369255154,66.0421675094642,1.0,18.39,9.643744848773588,12.299340897244733,9.854132901134522,11.410048622366288,0.0,1.0,SOUTH EAST,25.5,875.8,13687,Q3
G82117,650,197,30.307692307692307,55.433775306529796,0.0,29.68,9.13227071655426,4.801095614661045,3.0273543085739,10.29300464807006,0.0,1.0,SOUTH EAST,32.7,609.9,5679,Q2
G82118,5148,1756,34.11033411033411,36.42628899480069,1.0,15.31,9.516304308105976,7.796160832883302,3.220580293337915,1.4335509838480045,0.0,0.0,SOUTH EAST,19.3,336.4,4702,Q3
G82121,2948,1247,42.29986431478969,49.028880481696596,0.0,19.92,9.456399347861131,17.097024307746437,5.775458211458394,2.2935032615962,0.0,0.0,SOUTH EAST,21.3,332.5,4216,Q4
G82126,3294,1512,45.90163934426229,42.06847916469313,0.0,31.5,9.635771492725224,12.224756303218427,10.020149213527205,12.96520176441758,0.0,0.0,SOUTH EAST,19.7,501.1,7701,Q4
G82135,5093,3379,66.34596505006873,51.77885390075734,1.0,9.81,9.949718890143892,6.276357040054744,2.864463151864289,2.864463151864289,0.0,0.0,SOUTH EAST,21.6,317.4,6744,Q4
G82140,1840,752,40.869565217391305,37.31759517478436,0.0,15.36,9.583701162989348,11.33776597316322,8.09333643090303,2.0836082215325304,0.0,0.0,SOUTH EAST,28.8,311.5,4299,Q3
G82142,619,321,51.8578352180937,30.18695044125448,1.0,14.19,9.243017285199318,20.250091712612715,2.890648943590406,9.63979804171439,0.0,1.0,SOUTH EAST,28.5,573.8,6193,Q4
G82147,492,129,26.21951219512195,44.359822141146964,1.0,25.58,8.660889413339637,6.063517726065365,9.19274743099665,8.592216191246102,0.0,0.0,SOUTH EAST,24.4,795.4,4712,Q1
G82150,1572,687,43.70229007633588,37.53726893261777,0.0,42.46,8.83803195487052,1.2382553185726204,4.179111696917663,6.462144939719699,0.0,0.0,SOUTH EAST,18.3,552.5,3879,Q4
G82154,188,85,45.212765957446805,31.661641009363592,0.0,13.06,8.687456224456962,6.74754347245456,4.138493329209834,6.207739994658195,0.0,0.0,SOUTH EAST,23.3,585.6,3510,Q4
G82155,1361,434,31.88831741366642,53.10888391553956,1.0,12.4,8.773384596776648,10.69143446749226,2.6418988637770897,3.054695561919505,0.0,0.0,SOUTH EAST,24.0,397.4,2546,Q2
G82160,2822,667,23.63571934798016,32.90696287263232,0.0,17.49,9.395546652838728,9.68889873725903,13.250609351041437,9.749612231885664,0.0,0.0,SOUTH EAST,24.9,620.9,7622,Q1
G82161,8179,4253,51.99902188531605,39.73181775005541,0.0,21.36,10.220094124160042,8.150022313906574,7.683983321220069,12.46421426304908,1.0,0.0,SOUTH EAST,26.9,392.3,12220,Q4
G82162,368,352,95.65217391304348,45.48494983277592,0.0,15.98,8.56590398735673,7.111675531073896,11.175490118898328,6.095721882689102,0.0,0.0,SOUTH EAST,22.4,561.0,3059,Q4
G82164,3109,1123,36.1209392087488,31.18525552486188,0.0,16.08,9.50566193903767,9.60179086306884,5.319208320690703,2.540517407630236,0.0,0.0,SOUTH EAST,22.1,315.6,4187,Q3
G82200,3836,1936,50.46923879040667,32.214427925497276,1.0,12.47,9.261730328358478,6.961433727756316,2.8370590836552467,9.347603065670318,0.0,1.0,SOUTH EAST,25.2,437.2,4754,Q4
G82105,1345,446,33.15985130111524,35.93149015575612,0.0,41.47,9.85468676331025,9.87486492061478,12.27813045373607,12.06812822193736,0.0,0.0,SOUTH EAST,33.7,657.5,12302,Q2
G82115,1472,874,59.375,42.82890779410501,0.0,23.43,9.256651274839433,13.086881802558716,4.328177710521291,4.5318566612564455,0.0,0.0,SOUTH EAST,25.5,397.3,4202,Q4
G82119,957,340,35.52769070010449,43.240042314414495,0.0,20.45,10.090838109351523,10.779873693876706,5.947790997885661,3.9688791235852574,0.0,0.0,SOUTH EAST,46.5,890.2,22102,Q3
G82120,1111,400,36.003600360036,27.342449962349747,1.0,11.5,9.651558649790164,12.6379347317638,3.876667095072688,13.855688495432911,0.0,1.0,SOUTH EAST,23.2,620.1,9532,Q3
G82125,4094,2062,50.36638983878847,66.79620357222927,1.0,11.6,9.345963325760897,10.14090082165466,1.9791894049334209,3.248199083169613,0.0,0.0,SOUTH EAST,23.3,463.7,5389,Q4
G82137,2156,1277,59.23005565862709,62.8780947255113,0.0,13.21,9.195548171501311,11.516297637984405,1.4885231475498573,5.927028534650451,0.0,0.0,SOUTH EAST,22.2,341.4,3371,Q4
G82143,255,56,21.96078431372549,29.730073442914826,0.0,21.58,8.876602726283991,8.287705499773121,2.568965316641264,1.7871063072287052,0.0,0.0,SOUTH EAST,33.1,544.5,4096,Q1
G82152,2063,1048,50.79980610761027,48.41717145114564,0.0,13.95,8.819431308752021,14.073645177583678,3.074914072413241,6.425781972330701,0.0,0.0,SOUTH EAST,25.8,465.2,3165,Q4
G82158,360,135,37.5,39.16475972540046,1.0,15.65,8.577095984149281,10.682406129599398,2.8632424965465275,2.5618485495416303,0.0,1.0,SOUTH EAST,32.9,459.9,2468,Q3
G82165,1787,728,40.73866815892557,34.006956104581434,1.0,17.29,9.220752642323491,13.341426403971765,5.066965758395461,7.547667743616811,0.0,0.0,SOUTH EAST,19.3,465.4,4688,Q3
G82215,1903,610,32.054650551760375,40.77920314939252,1.0,19.03,8.930802820465809,8.703932287956269,3.738317756127667,12.801974961646977,0.0,1.0,SOUTH EAST,29.2,415.9,3203,Q2
G82217,595,211,35.46218487394958,18.23204419889503,0.0,36.53,8.189822740917439,3.921477955097228,0.0,0.0,0.0,0.0,SOUTH EAST,24.9,442.8,1560,Q3
G82226,317,93,29.33753943217665,20.268471688785795,0.0,9.35,8.50469879383455,9.416723241582988,1.51210868146148,0.4320310535819762,0.0,0.0,SOUTH EAST,20.3,638.6,3520,Q2
G82228,3708,1396,37.64832793959008,30.091660270013996,1.0,18.47,10.097233188665776,10.456209508666056,8.209458889632657,3.71289592865308,0.0,1.0,SOUTH EAST,22.6,306.8,7429,Q3
G82232,2121,836,39.41537010843942,34.75533249686324,0.0,31.63,9.178961497741366,9.480054689448204,10.098630183416027,4.127505524838124,0.0,0.0,SOUTH EAST,20.4,340.3,3261,Q3
G82234,972,698,71.81069958847736,34.58664855424025,1.0,17.01,8.657592611718579,9.490064305660155,6.859394010196396,19.975667689589248,0.0,1.0,SOUTH EAST,29.1,481.6,2957,Q4
G82235,843,219,25.97864768683274,33.431441080166294,1.0,19.56,8.650820412782373,7.605937763131034,0.0,5.599463384758961,1.0,1.0,SOUTH EAST,37.8,680.2,3866,Q1
G82631,249,60,24.09638554216868,32.08289449228673,0.0,41.69,9.016249831582227,10.037438024081755,2.201760599817869,2.525548922391986,0.0,0.0,SOUTH EAST,24.8,459.1,3663,Q1
G82647,4567,1782,39.01904970440114,49.411693536190676,0.0,19.57,9.989019015548628,10.416515258557707,5.287819730636381,2.313421132153417,0.0,0.0,SOUTH EAST,20.3,456.5,10622,Q3
G82650,2494,858,34.40256615878108,36.30481301586223,0.0,19.81,9.12547215133094,4.644580717007147,5.602525491128125,8.969846511121593,0.0,0.0,SOUTH EAST,24.7,701.7,6625,Q3
G82652,133,50,37.59398496240601,30.171926709177495,1.0,17.81,7.964010831201048,13.35381226997421,4.45127075665807,0.0,0.0,1.0,SOUTH EAST,29.4,615.1,1919,Q3
G82665,366,138,37.704918032786885,39.79770379425229,1.0,28.9,8.5987270943975,5.759282300566846,12.903820452555417,5.407315238490252,0.0,0.0,SOUTH EAST,24.1,1267.6,6950,Q3
G82666,2282,679,29.754601226993863,42.19530357940724,0.0,25.32,9.464594918315443,6.333410883288096,11.601395889879798,14.517254749903064,0.0,0.0,SOUTH EAST,25.8,740.4,9469,Q2
G82679,914,332,36.32385120350109,20.22845953002611,0.0,23.02,8.865382231704672,5.647723261560183,1.1295446523120367,0.0,0.0,0.0,SOUTH EAST,31.2,440.4,3105,Q3
G82684,554,454,81.94945848375451,31.634712411705348,1.0,16.03,8.439141555798079,12.369835121722678,3.690422559149473,8.476439318857555,0.0,1.0,SOUTH EAST,28.5,551.8,2480,Q4
G82693,3619,1403,38.76761536336004,37.373093880192535,0.0,21.36,9.756706869661263,8.007875079426354,5.203729081433727,5.049315755949738,0.0,0.0,SOUTH EAST,23.4,454.8,8114,Q3
G82696,193,64,33.16062176165803,20.359601630907026,0.0,21.25,7.836698956979608,9.744717266802713,12.112434991771446,7.899414126785597,0.0,0.0,SOUTH EAST,28.0,854.4,2259,Q2
G82702,1740,1011,58.10344827586207,29.482721481982953,0.0,24.14,9.006366077486776,4.267407876719328,1.111815078174498,0.0,0.0,0.0,SOUTH EAST,22.8,522.4,4226,Q4
G82729,293,196,66.89419795221843,35.74570110870163,0.0,33.34,9.19187085569252,4.52765610675359,5.595735289803402,5.296933890190486,0.0,1.0,SOUTH EAST,25.1,469.4,4672,Q4
G82733,208,68,32.69230769230769,43.060244401122155,1.0,18.26,8.337767437734309,8.040682022135806,3.0631169608136406,15.976404046664674,0.0,1.0,SOUTH EAST,26.0,503.3,2149,Q2
G83002,758,255,33.64116094986807,44.64014191586416,0.0,9.32,9.18501401694682,13.948837169548458,3.664988590329832,6.892366601423944,0.0,0.0,LONDON,25.4,391.1,3781,Q2
G83004,3336,1298,38.908872901678656,41.77364923633581,0.0,11.82,9.526968194713882,12.04621764600878,4.196746792633835,4.313323092429219,0.0,0.0,LONDON,25.2,440.7,5884,Q3
G83006,4125,1474,35.733333333333334,43.347449140175684,0.0,11.93,9.65982236550112,14.29877724784689,4.372142477830941,6.56671983030303,0.0,0.0,LONDON,20.9,345.1,5543,Q3
G83010,599,186,31.051752921535893,37.739553145741795,0.0,22.08,9.570221005530374,10.754801458782758,3.0143215159990464,2.4002930590362777,0.0,0.0,LONDON,28.0,490.4,7100,Q2
G83012,4279,1988,46.45945314325777,51.492478330742685,0.0,27.48,9.661357603219956,11.10892886527345,2.853669800253731,2.4460026859317687,0.0,0.0,LONDON,26.4,352.8,5579,Q4
G83018,5096,2014,39.52119309262167,61.93088315962699,0.0,28.8,9.842515995544645,10.855432142743265,5.342686577562842,3.9538714991762767,0.0,0.0,LONDON,22.6,304.2,5847,Q3
G83019,2484,781,31.44122383252818,29.119190003517733,0.0,26.88,9.671996759734087,6.0839058007184725,3.378080292430832,2.453729963446146,0.0,0.0,LONDON,22.4,464.2,7181,Q2
G83021,575,131,22.782608695652176,43.483630697904196,0.0,17.22,9.83679114928918,12.542181749281792,4.047836447275238,2.679553705008575,0.0,0.0,LONDON,29.6,441.1,7924,Q1
G83026,1048,265,25.28625954198473,37.617638256127165,0.0,29.95,9.039720087489869,12.17668047125335,2.846496733447325,2.024175454105182,0.0,0.0,LONDON,32.5,407.9,3318,Q1
G83029,169,73,43.19526627218935,35.06797937177684,0.0,6.06,8.890467926625028,20.011704093908136,3.855465926172417,0.0,0.0,0.0,LONDON,20.0,516.2,3797,Q4
G83031,627,195,31.10047846889952,63.00960450338044,0.0,30.23,8.905738180473396,13.922477115154257,2.242061250762798,0.0,0.0,0.0,LONDON,26.6,567.5,4008,Q2
G83039,3120,889,28.493589743589745,26.4692675453657,0.0,26.65,9.20684259521437,13.3265318068924,5.352020806649886,1.926727490153118,0.0,0.0,LONDON,24.5,371.4,3888,Q2
G83044,3303,1403,42.47653648198608,63.68488623665628,0.0,25.48,9.445228023914146,14.432174578973724,3.75299791819308,2.846374825395989,0.0,0.0,LONDON,24.3,294.2,3796,Q4
G83052,4815,1298,26.95742471443406,20.297942922692958,0.0,19.55,9.799339264796018,8.878120058077705,5.4304501018209415,9.248041727349236,0.0,0.0,LONDON,23.5,316.6,5675,Q1
G83057,3238,1574,48.61025324274243,59.95141894319095,0.0,9.45,9.35637247084305,15.715643633954546,5.323040585304029,0.0,0.0,0.0,LONDON,19.3,342.2,3932,Q4
G83062,1934,706,36.50465356773526,43.323951898826714,0.0,26.27,9.341792521138087,9.913925382805536,1.7536424615294683,1.7302605626269565,0.0,0.0,LONDON,20.2,514.7,5955,Q3
G83065,2892,933,32.261410788381745,55.753970781164426,0.0,17.78,9.669935857254984,13.775972046186556,1.4146474959476243,0.6399595819211418,0.0,0.0,LONDON,20.6,246.6,3741,Q2
G83628,3710,1556,41.94070080862534,71.82996485061511,0.0,12.17,9.253375914789755,5.900524437845734,0.7663018750449005,0.0,0.0,0.0,LONDON,22.4,309.9,3352,Q4
G83631,523,182,34.79923518164436,22.883405902273825,0.0,26.34,8.484067200984136,3.307778447756052,4.134723059695064,2.646222758204841,0.0,0.0,LONDON,22.2,435.9,2141,Q3
G83635,1027,326,31.7429406037001,23.69225816835667,0.0,24.82,8.39673783829805,4.7526837254422745,1.0227294106145777,0.0,0.0,0.0,LONDON,23.4,439.5,1995,Q2
G83647,801,231,28.83895131086142,40.8675184936113,0.0,28.79,8.927214570605614,10.051874221057174,2.123635398347546,2.123635398347546,0.0,0.0,LONDON,39.1,541.2,4534,Q2
G83680,6458,1430,22.143078352431093,37.944926130853915,0.0,20.09,10.161670008494854,7.548126913852036,2.857532888399668,1.390417704652106,0.0,0.0,LONDON,25.2,378.0,9876,Q1
G84006,2700,1121,41.51851851851852,43.29457583112265,0.0,6.61,9.184603672850445,12.620670196236032,5.910167506049542,0.0,0.0,0.0,LONDON,19.7,447.8,4313,Q4
G84010,6075,2113,34.781893004115226,36.101961769166124,0.0,10.54,10.093915056083675,6.656931088364148,3.890557407626816,1.6972969991458409,1.0,0.0,LONDON,20.8,387.1,9158,Q3
G84017,3065,1052,34.32300163132137,57.7752936583981,0.0,6.47,9.08176809117642,6.7322454085404,4.366861886620799,0.9704137533405356,0.0,0.0,LONDON,17.7,373.2,3257,Q3
G84018,2285,777,34.00437636761488,37.228441046842704,0.0,6.7,8.961868328859927,5.4701439109392185,1.6068547749441766,0.0,0.0,0.0,LONDON,15.1,352.6,2670,Q3
G84020,2253,895,39.724811362627605,31.81114089961275,0.0,8.19,9.149165077734182,7.881005324994019,3.954677132150356,2.8348940008327497,0.0,0.0,LONDON,19.2,414.4,3793,Q3
G84025,2374,1058,44.56613310867733,37.947967560328365,0.0,25.43,9.10125068938848,4.619862822729047,5.204557704790052,0.0,0.0,0.0,LONDON,20.9,377.3,3442,Q4
G84032,3929,1997,50.827182489183,43.39009776095869,0.0,10.65,9.545019334976304,7.136595925318577,2.9004347078992723,2.919516514707899,0.0,0.0,LONDON,20.2,344.6,4949,Q4
G84033,975,254,26.05128205128205,33.930770283212475,0.0,5.82,9.076323147068551,6.037218077351857,3.262537042563531,0.0,0.0,0.0,LONDON,25.5,549.4,4772,Q1
G84035,2298,886,38.55526544821584,42.60742008434692,0.0,5.92,9.021668695783427,7.1814586323427285,2.833938832006601,1.1915424629907312,0.0,0.0,LONDON,20.4,279.8,2410,Q3
G84039,938,354,37.73987206823028,19.32976073665937,0.0,11.52,8.232019082504229,10.214350630638618,1.9861237319619625,0.0,0.0,0.0,LONDON,18.6,423.0,1605,Q3
G84607,933,330,35.369774919614144,41.117141931302655,0.0,12.16,8.631250777677051,10.468557153861026,2.8550610417998783,0.0,0.0,0.0,LONDON,22.8,423.5,2311,Q3
G84609,610,218,35.73770491803279,64.1439534268325,0.0,10.32,8.198410239443797,6.037320616202833,1.027004724221723,0.0,0.0,0.0,LONDON,31.9,595.3,2055,Q3
G84621,1095,422,38.53881278538813,53.84534344711336,0.0,6.46,8.355556225815116,9.528847097267118,0.0,0.0,0.0,0.0,LONDON,21.8,394.5,1627,Q3
G85013,820,207,25.24390243902439,51.597924064463264,0.0,26.39,9.086589564540008,4.104421306020824,2.9575977071072885,2.414365475328203,0.0,0.0,LONDON,50.5,530.4,4809,Q1
G85019,229,77,33.624454148471614,44.64161715916982,0.0,29.23,8.223560113471017,5.722844434310241,0.0,0.0,0.0,0.0,LONDON,21.8,369.6,1349,Q2
G85021,1393,360,25.843503230437904,50.28621147593534,0.0,24.36,8.454555085567295,11.526518446333196,0.0,2.271235160139822,0.0,0.0,LONDON,21.4,307.4,1468,Q1
G85024,4016,1893,47.136454183266935,26.63745759974156,0.0,26.57,9.633645398212678,10.740013096922068,6.112202576293386,1.9908316961362147,0.0,0.0,LONDON,19.7,346.5,5041,Q4
G85025,2762,1100,39.82621288921072,37.997651203758075,0.0,22.89,9.447564327498396,13.560880055217025,3.134223379676192,5.006343383620265,0.0,0.0,LONDON,22.2,306.1,3950,Q3
G85028,356,113,31.741573033707866,42.91827941283868,0.0,25.62,9.453789691963577,17.685217243609426,2.571254989319101,1.630551944446259,0.0,0.0,LONDON,24.1,498.7,6280,Q2
G85034,20495,5242,25.576969992681143,25.29827783795664,0.0,24.42,11.23448059787093,10.386458113242446,6.598323116545128,5.622489959839357,0.0,0.0,LONDON,21.5,297.1,22268,Q1
G85041,1197,429,35.83959899749373,32.74188697815567,0.0,25.61,8.989496258261159,10.176572681639144,4.024069588967065,4.090583136737303,0.0,0.0,LONDON,26.8,518.4,4201,Q3
G85044,389,100,25.70694087403599,22.899505766062603,0.0,21.29,8.635775907243184,12.410812091660004,3.552713384847677,0.0,0.0,0.0,LONDON,28.5,502.8,2849,Q1
G85051,268,67,25.0,52.272019478497214,0.0,12.92,9.101148451778892,8.783812170615407,7.01943543439263,0.8328143727402009,0.0,0.0,LONDON,33.4,475.5,4364,Q1
G85053,1918,413,21.532846715328468,48.19580803672136,0.0,21.83,10.038229670270455,4.749113313475447,4.264833332119527,0.6991530052654962,0.0,0.0,LONDON,26.9,348.0,8093,Q1
G85054,555,129,23.24324324324324,34.52335635434227,0.0,25.34,9.054660746128649,6.169425511197662,2.305744888802337,2.492697177020448,0.0,0.0,LONDON,22.8,425.8,3126,Q1
G85061,2213,1085,49.02846814279259,36.335379184995915,0.0,24.34,9.139121811193638,8.942738767438323,4.653202209197232,1.1454036198333797,0.0,0.0,LONDON,26.7,272.2,2647,Q4
G85083,628,158,25.159235668789808,57.653657037492316,0.0,23.64,9.426969416561125,7.987867888824768,1.030692630816099,0.0,0.0,0.0,LONDON,28.6,379.5,4818,Q1
G85096,1495,544,36.38795986622073,32.64597403841548,0.0,23.05,9.309740660717862,3.621520887876204,1.931477807470896,1.2071736298956548,0.0,0.0,LONDON,21.3,353.7,3807,Q3
G85100,2262,598,26.436781609195403,53.76913237175246,0.0,24.67,9.080763056437087,11.71738635577142,2.6106093959171286,0.0,0.0,0.0,LONDON,21.1,321.4,2748,Q1
G85105,938,216,23.02771855010661,28.404907975460123,0.0,20.49,8.79846727650126,6.038571374655613,2.254399980877857,0.0,0.0,0.0,LONDON,22.6,299.0,1989,Q1
G85109,2204,1015,46.05263157894737,47.1011487811712,0.0,16.24,9.958054648848057,12.048544150714116,2.5755543280991087,2.68918172492701,0.0,0.0,LONDON,24.8,412.8,8794,Q4
G85119,583,108,18.52487135506004,49.29791380100871,0.0,25.55,8.702399472278781,8.2570352326612,0.0,2.658985153999557,0.0,0.0,LONDON,28.5,559.2,3600,Q1
G85120,1549,847,54.68043899289864,53.45632487766466,0.0,28.07,8.802209213110899,7.700502588140925,5.574843018536853,0.0,0.0,0.0,LONDON,32.9,522.1,3392,Q4
G85127,568,149,26.232394366197184,48.60997981371959,0.0,26.94,8.804275083795986,4.002401439863918,0.0,11.72703622273364,0.0,0.0,LONDON,25.1,415.6,2687,Q1
G85135,3077,811,26.356841078973027,54.16692541762404,0.0,29.47,9.376631345030916,15.793380847646604,1.693599604826759,4.177545692470539,0.0,0.0,LONDON,24.8,402.8,4718,Q1
G85138,665,162,24.360902255639097,52.97836741341783,0.0,18.33,9.66086913270696,15.430941546811686,4.639479120750729,1.019665740824336,0.0,0.0,LONDON,25.8,350.2,5253,Q1
G85623,2227,710,31.881454872025145,32.727760135274465,0.0,26.92,9.325891288677925,5.806130706835241,2.161857177261895,3.3972041363336034,0.0,0.0,LONDON,22.7,381.2,4133,Q2
G85632,133,29,21.804511278195488,33.65695792880259,0.0,29.15,9.133954165590897,19.54396222100292,6.50505959001574,4.202383630132673,0.0,0.0,LONDON,40.5,425.2,3886,Q1
G85685,661,143,21.6338880484115,39.05715560402518,0.0,25.24,9.127212354068616,9.910529938059186,5.360959177744775,2.0864273553808816,0.0,0.0,LONDON,26.1,465.4,4388,Q1
G85690,1764,618,35.034013605442176,37.18022178030942,0.0,28.2,8.874960871434705,13.499906768133508,5.85493194014544,4.363229535707626,0.0,0.0,LONDON,26.4,314.7,2260,Q3
G85696,4440,1580,35.585585585585584,14.617598292390083,0.0,23.8,9.693316781322247,6.569223729737233,3.899088464682505,4.499580992355031,0.0,0.0,LONDON,20.0,253.3,4433,Q3
G85706,1802,452,25.083240843507213,17.484716930982547,0.0,15.99,8.703645095458953,11.330880522836038,2.390107610169023,6.417881544717697,0.0,0.0,LONDON,22.7,286.5,1719,Q1
G85708,1834,852,46.455834242093786,46.136140038239496,0.0,19.62,9.304157012763742,12.56663353580723,1.8208993725484244,1.213932915639249,0.0,0.0,LONDON,25.9,336.4,3470,Q4
G85716,1360,401,29.485294117647054,40.11349598517604,0.0,32.55,8.750709426624237,15.117046263228737,2.4913567876276685,1.6890554474677362,0.0,0.0,LONDON,21.6,321.9,2066,Q2
G85722,3538,1430,40.41831543244771,41.17621825669183,0.0,26.09,9.24895192527029,10.26265995349732,5.0030467271736,0.0,0.0,0.0,LONDON,24.4,395.5,4552,Q3
G85726,252,79,31.349206349206348,33.29849088652251,0.0,25.16,8.93470763604407,9.344501653072202,0.0,0.0,0.0,0.0,LONDON,25.5,434.8,3287,Q2
G85736,573,205,35.776614310645726,30.440208270579628,0.0,26.49,8.355575816180574,5.015084435215297,0.0,15.233318967206053,0.0,0.0,LONDON,24.1,541.5,2389,Q3
H81004,2978,1099,36.903962390866354,41.51651107127685,0.0,10.8,9.441743055896747,16.799344109121684,5.247150300706144,10.589510988336729,0.0,0.0,SOUTH EAST,22.9,492.0,6124,Q3
H81005,2740,676,24.67153284671533,29.886184795748466,1.0,20.94,8.806136967585028,4.394452005343254,8.90875269871787,6.272081496111159,0.0,0.0,SOUTH EAST,22.8,343.6,2251,Q1
H81006,530,97,18.30188679245283,26.474775956894387,0.0,6.88,9.047929279801007,11.104684788895316,4.266206584780074,2.509533285233945,0.0,0.0,SOUTH EAST,24.8,434.2,3735,Q1
H81010,8140,2214,27.1990171990172,49.65394918492919,0.0,11.15,10.133288891514404,14.198487438312076,3.316512363809751,5.414497820956013,0.0,0.0,SOUTH EAST,22.0,245.6,6055,Q2
H81011,1696,995,58.66745283018868,45.028068244358835,0.0,5.43,9.052565075600228,11.940088793091672,4.465043665707178,1.9265258338293407,0.0,0.0,SOUTH EAST,35.2,527.3,4520,Q4
H81013,5736,2066,36.01813110181311,26.146245204803662,0.0,9.32,10.25478095860745,12.050272966450356,3.945844342305516,5.283021081295069,0.0,1.0,SOUTH EAST,24.1,329.9,9374,Q3
H81015,2950,1552,52.61016949152543,57.2714229816095,1.0,8.97,9.282056199517784,5.832984284451063,2.159445245962675,2.928902746777121,0.0,0.0,SOUTH EAST,24.0,305.7,3259,Q4
H81017,1987,453,22.79818822345244,48.05218131114997,0.0,8.82,9.90315416363489,14.093742472657556,2.307435812270757,1.9873291100366792,0.0,0.0,SOUTH EAST,30.0,540.2,10791,Q1
H81021,2127,601,28.255759285378467,46.56153488175318,0.0,8.4,9.729630074154302,14.145681707684682,4.116161394348042,5.140307387803669,0.0,0.0,SOUTH EAST,36.2,538.7,9165,Q2
H81022,2708,686,25.332348596750368,35.73369999680235,1.0,11.27,8.550047528287184,14.102832076640215,6.193148829107799,4.128765887362106,0.0,1.0,SOUTH EAST,24.8,573.4,3011,Q1
H81023,1888,429,22.722457627118644,43.919872661200706,1.0,14.56,9.32763439919854,5.454518505936235,2.466390976922051,4.102746528525056,0.0,1.0,SOUTH EAST,45.7,534.3,6053,Q1
H81024,5312,1825,34.35617469879518,60.73368894157159,0.0,12.56,9.48200738523128,6.036301744465191,4.5320021842015015,3.3939209191022366,0.0,0.0,SOUTH EAST,23.3,320.5,4124,Q3
H81026,3539,1626,45.94518225487426,38.246958210807456,0.0,9.75,9.3494426765483,13.411742526448602,4.59433394484769,3.0628892965651264,0.0,0.0,SOUTH EAST,25.7,359.2,4170,Q4
H81027,4070,965,23.71007371007371,37.701592885207305,0.0,8.18,9.717504299909182,10.271141020429669,2.9226824045887723,3.243856294958072,0.0,0.0,SOUTH EAST,24.3,437.8,6849,Q1
H81029,3676,1083,29.461371055495103,41.578071463534016,0.0,11.64,9.467866026149522,10.868873473110591,2.6589885794894585,3.091847185452859,0.0,0.0,SOUTH EAST,17.3,265.0,3360,Q2
H81035,4952,1403,28.33198707592892,35.193937143435846,0.0,6.19,9.382422181039946,10.371885809181032,2.8961714129359515,7.543516238344806,0.0,0.0,SOUTH EAST,23.7,335.9,3906,Q2
H81036,2805,877,31.26559714795009,43.0872229806268,0.0,9.12,9.190528744639504,4.179589617326556,4.311238801489213,4.7056423514611625,0.0,0.0,SOUTH EAST,21.5,377.7,3715,Q2
H81040,1264,347,27.45253164556962,33.56404855050657,0.0,7.69,9.096182009248702,14.500345619967494,3.333495244642891,1.6589758439665965,0.0,0.0,SOUTH EAST,25.4,438.4,4019,Q2
H81042,5175,2955,57.10144927536232,62.64348638547784,0.0,14.55,9.747525510961031,14.647797331086675,3.6154318157999823,5.39977208754176,0.0,0.0,SOUTH EAST,28.5,319.2,5364,Q4
H81044,1848,639,34.577922077922075,27.000801924619086,1.0,11.47,8.496854420420707,9.307388760375565,10.84229146822697,2.394883659001225,0.0,0.0,SOUTH EAST,18.8,354.1,1678,Q3
H81045,3600,1545,42.91666666666666,51.87024079028607,0.0,11.82,9.272869062256127,11.42343611845659,3.982997111387708,1.678369851342148,0.0,0.0,SOUTH EAST,21.4,365.0,3908,Q4
H81046,1456,449,30.837912087912088,28.404654794214967,0.0,12.2,8.8194929036914,3.341200816970116,4.32432432383158,2.128655547069404,0.0,0.0,SOUTH EAST,25.4,532.5,3831,Q2
H81050,3788,1341,35.401267159450896,67.1860722358486,0.0,8.27,9.415326741505936,13.029755399352348,2.6938038432868754,4.735880951792588,0.0,0.0,SOUTH EAST,22.3,346.1,4259,Q3
H81051,4784,2008,41.97324414715719,55.69967155498839,0.0,9.32,9.590903540030956,12.943037938863036,1.6950214440716966,1.3122746663780878,0.0,0.0,SOUTH EAST,22.0,225.9,3181,Q4
H81052,5863,2026,34.5556882142248,51.14121320371405,1.0,9.21,9.797881636399696,12.320652755352008,4.7863596163873545,2.7265949511685736,0.0,0.0,SOUTH EAST,21.6,382.5,6841,Q3
H81056,4982,1949,39.12083500602168,26.414159368300854,0.0,10.93,9.74608785034727,9.937389964447174,2.5853194633425507,4.018590859266412,0.0,0.0,SOUTH EAST,21.8,306.2,5176,Q3
H81062,2162,666,30.804810360777054,36.422476911962825,0.0,8.24,9.844670410826245,14.650162842004326,7.664467433879388,4.204925432297353,0.0,0.0,SOUTH EAST,42.9,450.2,8569,Q2
H81067,1024,415,40.52734375,52.777857946838296,0.0,9.71,9.537471496894456,11.187445174779798,3.4992009041204533,1.461204772467826,0.0,0.0,SOUTH EAST,50.1,581.5,7735,Q3
H81068,3316,1174,35.40410132689988,33.01703526598924,1.0,12.36,9.408364386247412,16.119552363086978,3.6970446880276735,2.931384546517272,0.0,1.0,SOUTH EAST,23.6,337.5,4054,Q3
H81070,3471,1985,57.18813022183809,45.143195441426776,0.0,7.82,9.379161484269652,9.798055874258283,3.220970092560657,1.8695141099043424,0.0,0.0,SOUTH EAST,29.4,321.3,3822,Q4
H81072,5339,1570,29.406255853156026,31.23859590920111,0.0,9.97,9.535992375679593,11.61413305020699,10.108789833445654,0.4621161066718012,0.0,0.0,SOUTH EAST,22.7,380.7,5384,Q2
H81076,3737,1392,37.24913031843725,33.18808729918157,1.0,8.38,9.416385237048486,15.262049276738304,5.076354462928176,6.618878724509518,0.0,0.0,SOUTH EAST,19.8,343.7,4226,Q3
H81084,715,124,17.342657342657343,39.64275950059236,1.0,4.89,9.260336158297422,10.10945526095504,3.982497305155685,3.3483416830490205,0.0,0.0,SOUTH EAST,28.7,518.7,5500,Q1
H81085,3690,1207,32.710027100271006,34.68245705361791,0.0,6.37,9.338740915946689,12.489383691119238,3.682177643963324,3.518004118996489,0.0,0.0,SOUTH EAST,22.2,273.9,3125,Q2
H81087,1459,319,21.86429061000685,54.520810605309265,0.0,25.58,9.639701027134883,12.129078452750973,1.3539242648614342,0.4165920814958259,0.0,0.0,SOUTH EAST,52.0,494.3,7725,Q1
H81088,1443,533,36.93693693693694,46.964864721203426,0.0,7.99,9.548121275728429,13.97446201426703,4.184995838306979,2.663179170609916,0.0,0.0,SOUTH EAST,18.6,426.5,6173,Q3
H81089,4709,1237,26.26884688893608,50.5596348987813,0.0,8.26,10.01031074795617,9.601785388287892,3.5767645109471013,2.708036111841292,0.0,0.0,SOUTH EAST,20.3,333.1,7469,Q1
H81095,779,424,54.428754813863925,44.01751572714938,0.0,12.16,8.23217423638394,3.546099292553192,0.0,0.0,0.0,0.0,SOUTH EAST,32.2,361.2,1268,Q4
H81104,2173,849,39.070409572020246,39.60332887862957,0.0,15.43,9.099259824379471,16.683602771362587,0.4171943686210236,0.0,0.0,0.0,SOUTH EAST,29.6,419.8,3580,Q3
H81107,769,265,34.46033810143043,39.6956710426386,0.0,4.81,8.986050330359726,11.9670455734696,1.2013765773281886,0.0,0.0,0.0,SOUTH EAST,25.6,487.4,3911,Q3
H81113,820,143,17.4390243902439,27.425632866437482,1.0,13.45,8.996951175217331,13.674626834466324,3.961172259415521,7.724285905860265,0.0,1.0,SOUTH EAST,24.0,635.2,5054,Q1
H81126,3952,1637,41.42206477732793,62.21391872956563,0.0,7.47,8.957006047935808,15.270814322615278,1.442911589457298,2.370497611251275,0.0,0.0,SOUTH EAST,24.2,301.9,2427,Q3
H81131,289,68,23.529411764705884,49.87017385414315,0.0,11.92,8.311705356590442,6.534274893460239,1.3099989782007984,1.6374987190666257,0.0,0.0,SOUTH EAST,43.4,552.5,2422,Q1
H81134,2693,798,29.63238024507984,34.18716181261448,0.0,12.73,9.47855288665797,11.056380843131633,3.324092661122264,3.5688111392792274,0.0,0.0,SOUTH EAST,24.2,406.5,5325,Q2
H81618,1776,649,36.5427927927928,35.59203760834435,0.0,11.82,8.735927034241747,8.942172223382885,3.042721308155886,5.174768983527522,0.0,0.0,SOUTH EAST,24.3,494.1,3012,Q3
H81641,1148,525,45.73170731707317,34.48735019973369,0.0,21.47,8.256931714540448,2.075630797171953,0.0,5.5350154608549005,0.0,0.0,SOUTH EAST,27.7,317.0,1277,Q4
H81658,511,151,29.54990215264188,54.3916632832589,0.0,10.62,8.698861757280236,10.451266798048728,1.867885981126569,4.758661905410476,0.0,0.0,SOUTH EAST,34.0,556.7,3523,Q2
H81672,1537,674,43.85165907612232,57.887980718851516,0.0,5.02,8.750128645192916,2.0280440465816367,0.0,0.0,0.0,0.0,SOUTH EAST,24.7,355.0,2208,Q4
H82007,2248,968,43.06049822064057,38.881604894843996,0.0,15.94,9.48108608047159,9.535334015879172,6.631365494777927,6.18385003095739,0.0,0.0,SOUTH EAST,22.9,499.6,6341,Q4
H82013,2536,887,34.97634069400631,31.629360502045277,0.0,14.72,9.5078490052457,18.29281406981062,3.743037504641664,7.050377522465652,0.0,1.0,SOUTH EAST,23.5,468.5,6410,Q3
H82016,2019,1615,79.99009410599307,42.9485708765532,0.0,22.92,9.484012258504595,11.419676245769264,3.8333312206066905,12.816306868812353,0.0,0.0,SOUTH EAST,28.4,458.8,5928,Q4
H82023,6879,2701,39.26442796918157,40.05868524460765,0.0,13.1,10.499522513927014,14.885453217839288,6.365403562989868,4.759507553274041,0.0,0.0,SOUTH EAST,25.5,507.7,18414,Q3
H82026,5412,2487,45.95343680709534,55.669505676749345,0.0,17.62,9.893744408551612,5.29130359780034,2.66584761415895,10.306597722248638,0.0,0.0,SOUTH EAST,23.7,320.8,6315,Q4
H82028,2931,1212,41.3510747185261,38.881941342861396,0.0,8.94,9.66179808393482,14.698824408506304,5.88978472430918,3.839161713357952,0.0,0.0,SOUTH EAST,21.4,496.4,7830,Q3
H82033,185,66,35.67567567567568,50.659178954322954,0.0,22.28,8.910473251327184,7.801507141153976,0.0,1.4396580803059271,0.0,0.0,SOUTH EAST,37.6,688.5,4997,Q3
H82036,2265,582,25.6953642384106,52.61489418223678,0.0,8.76,9.092419826865807,5.688182124292089,1.5302104039305409,1.7402392821512958,0.0,0.0,SOUTH EAST,20.3,364.8,3221,Q1
H82038,442,346,78.28054298642535,32.1233042369341,0.0,13.93,9.483866469739583,13.728977946257077,3.306476662842074,8.01262749497626,0.0,0.0,SOUTH EAST,23.4,548.7,7079,Q4
H82041,3340,2259,67.63473053892216,41.48795428520606,0.0,20.51,9.547913193208094,9.431149343877278,7.819960162915838,11.454053573148617,0.0,0.0,SOUTH EAST,28.5,364.4,5138,Q4
H82043,344,94,27.32558139534884,30.338364850457324,0.0,13.93,9.315030663083704,15.357329410104771,8.045390411275555,14.4096544702951,0.0,0.0,SOUTH EAST,33.5,616.1,6898,Q2
H82046,2124,1599,75.28248587570621,46.76579320607315,0.0,12.86,9.39623885726048,7.288106506684381,5.690719367267292,7.440006642863075,0.0,0.0,SOUTH EAST,35.5,677.3,7905,Q4
H82047,2918,1352,46.333104866346815,53.34343234380245,0.0,17.6,9.345082489710512,5.779664844110728,4.521189434632836,10.976702182668287,0.0,0.0,SOUTH EAST,23.8,490.8,6423,Q4
H82049,1603,488,30.44291952588896,21.025938541003857,0.0,15.85,9.29638809035152,10.643585175443292,5.982428909873606,7.952103867016356,0.0,0.0,SOUTH EAST,28.5,492.2,5137,Q2
H82051,2093,588,28.093645484949832,17.54600523590224,0.0,15.89,9.434410160866566,9.215140636343657,3.197037411998215,4.028267139117751,0.0,1.0,SOUTH EAST,23.0,414.1,5240,Q2
H82055,1021,376,36.82664054848188,29.153788634097708,1.0,11.11,9.54290617890289,17.76411604768592,6.6109317816486906,4.359855388568526,0.0,1.0,SOUTH EAST,26.8,514.8,7164,Q3
H82059,636,362,56.918238993710695,48.42904637544232,0.0,14.02,9.344638137528609,11.584518536663555,6.784798321287013,6.714851945966425,0.0,0.0,SOUTH EAST,22.0,854.2,10206,Q4
H82061,301,54,17.940199335548172,50.942244602121,0.0,20.14,9.110575283786607,5.856324695873157,4.007145092536324,7.277682633003702,0.0,0.0,SOUTH EAST,33.5,518.5,4755,Q1
H82067,1560,662,42.43589743589744,52.63290840813027,1.0,19.1,8.99130296224557,1.9918045541781213,8.21619378598475,6.473364801078894,0.0,1.0,SOUTH EAST,31.4,492.3,4222,Q4
H82070,204,72,35.294117647058826,28.462686394502736,1.0,10.54,9.494459855938969,8.115259892492677,5.93109244751648,7.566909823560035,0.0,0.0,SOUTH EAST,25.2,534.5,7049,Q3
H82076,299,54,18.06020066889632,40.2752207694948,0.0,9.36,8.273591798199632,9.44186441949477,2.7217827660117373,6.640113248277622,0.0,0.0,SOUTH EAST,34.1,514.9,2053,Q1
H82091,2426,1379,56.84253915910965,24.888762662122502,0.0,17.55,9.084748803927916,9.372903615181835,8.163496697752203,7.558793237903569,0.0,0.0,SOUTH EAST,28.3,416.2,3543,Q4
H82092,266,43,16.165413533834588,42.43156199677939,1.0,7.26,9.30250165982602,12.256716191055212,4.450355283656952,2.893946878139606,0.0,0.0,SOUTH EAST,30.5,618.5,6966,Q1
H82095,2271,921,40.554821664465,34.71254517679496,1.0,14.73,9.256993333318858,13.356769612585598,8.831553077284044,9.64599024838743,0.0,0.0,SOUTH EAST,29.7,405.7,4209,Q3
H82099,1288,940,72.98136645962732,39.29277316034867,0.0,18.51,8.985267878114595,14.67828628085373,3.6069508949538176,17.300005219224545,0.0,0.0,SOUTH EAST,39.6,623.2,5044,Q4
H83004,101,35,34.65346534653465,53.548949083960885,0.0,11.7,9.34683611656472,10.934205743947656,5.257724463249727,4.559796437949836,0.0,0.0,LONDON,31.9,644.0,7588,Q3
H83009,186,61,32.795698924731184,47.01390688433964,0.0,22.31,9.287918506621557,10.936458975323877,3.4053053670573723,4.244293645280691,0.0,0.0,LONDON,34.4,671.7,7158,Q2
H83015,5674,1397,24.62107860415932,46.140789197642704,0.0,14.58,9.552202817191104,16.823359461955622,3.0880716124754306,1.8376867876003504,0.0,0.0,LONDON,20.5,306.7,4203,Q1
H83020,3232,967,29.919554455445542,33.40914580146526,0.0,32.93,9.244468009203713,14.329204452426591,0.0,5.128618139587327,0.0,0.0,LONDON,22.4,397.5,4043,Q2
H83022,612,244,39.869281045751634,49.063133435507,0.0,32.05,8.740656691541368,6.355299638515675,4.777137981445938,4.094689699296225,0.0,0.0,LONDON,41.1,752.8,4430,Q3
H83024,3948,1885,47.74569402228977,29.424015483002357,0.0,10.59,9.790566117624758,13.292718764396634,4.179630830001912,0.89563517793752,0.0,0.0,LONDON,19.2,363.9,6465,Q4
H83033,258,91,35.27131782945737,49.896907216494846,0.0,26.82,8.379615528431675,8.078335373317014,3.9779681777845775,3.427172584149327,0.0,0.0,LONDON,29.3,580.4,2665,Q3
H83042,546,142,26.007326007326007,54.653673810937754,0.0,24.59,9.110059525518436,10.7305389214187,3.124827267802856,4.15660985831414,0.0,0.0,LONDON,32.4,659.8,6150,Q1
H83044,2247,518,23.052959501557638,23.971597804626224,0.0,22.39,10.130961713210784,9.505413172033377,3.3242394671127307,0.8496458705219349,0.0,0.0,LONDON,22.4,387.1,9959,Q1
H83608,2827,667,23.593915811814643,34.64512138549559,0.0,28.57,9.324635851691587,3.805842563294432,4.019921206571025,2.592730245447112,0.0,0.0,LONDON,22.2,465.6,5335,Q1
H83611,907,267,29.437706725468576,61.87288435305411,0.0,30.82,8.625329850020815,8.204391791419852,3.637886673846707,6.844970981870401,0.0,0.0,LONDON,25.6,505.6,3051,Q2
H83624,1639,436,26.60158633312996,26.160681645623015,0.0,22.83,9.056421609698416,10.886363858049592,0.0,4.292337750605068,0.0,0.0,LONDON,21.1,313.0,2640,Q1
H83631,2236,881,39.40071556350626,49.80949082092137,0.0,33.38,9.300135371092397,14.235873060011883,1.560095677133324,2.632661456190868,0.0,0.0,LONDON,26.9,463.6,5311,Q3
H84005,5342,1555,29.108947959565707,35.828630888061795,0.0,10.09,9.56684280103508,13.845961761503858,3.142515417709556,1.9790080457878985,0.0,0.0,LONDON,17.8,264.7,3717,Q2
H84007,1505,570,37.87375415282392,26.25016624551137,0.0,9.21,8.986832170851978,11.434168707341218,2.0007294326056377,7.019225760225082,0.0,0.0,LONDON,18.8,404.3,3016,Q3
H84012,1102,193,17.513611615245008,38.96641488499125,0.0,8.69,9.591928229440503,13.899506695874322,2.694690844765096,0.6554653405631767,0.0,0.0,LONDON,23.9,371.1,5561,Q1
H84018,1831,574,31.348989623156744,39.417267589163906,0.0,11.41,8.838672643451309,21.69425981873112,2.4362537764350454,1.9335347441691844,0.0,0.0,LONDON,22.7,385.7,2779,Q2
H84020,3248,828,25.492610837438423,61.585636473673596,0.0,13.1,10.045052216857307,5.659353774710847,1.5045316780591542,2.198930914219994,0.0,0.0,LONDON,25.3,216.7,5023,Q1
H84025,1282,428,33.385335413416534,62.12554228262434,0.0,11.93,8.890754750511393,9.71298781746851,7.708720490054374,1.9822424117282675,0.0,0.0,LONDON,28.8,417.6,3126,Q2
H84030,4104,1551,37.79239766081872,45.43887594503352,0.0,9.49,9.478680336076655,15.390830598655494,5.321948577436519,9.175773409373308,0.0,0.0,LONDON,20.3,349.2,4464,Q3
H84032,723,120,16.597510373443985,42.41812115572301,0.0,8.7,9.10965410018486,9.96811236318729,3.68643208744217,0.9437266149337364,0.0,0.0,LONDON,20.8,478.4,4259,Q1
H84041,750,336,44.8,28.46827133479212,0.0,8.8,8.913269921857072,12.626512504626566,1.4356374557812446,0.5742549817741338,0.0,0.0,LONDON,26.7,377.5,2801,Q4
H84042,1443,348,24.11642411642412,61.57225494228531,0.0,12.66,9.525205854843335,11.61980183566593,3.620239767895918,2.53027510610733,0.0,0.0,LONDON,20.6,301.7,4133,Q1
H84044,1944,372,19.135802469135804,41.34735924129286,0.0,16.42,9.001531092345125,14.392212432998583,3.1544575195613334,1.577228759780667,0.0,0.0,LONDON,38.0,476.9,3987,Q1
H84048,105,35,33.333333333333336,35.92911962544819,0.0,6.5,9.044394006898411,8.562630962410601,0.0,1.888815653559729,0.0,0.0,LONDON,27.3,371.9,3246,Q2
H84061,7258,2723,37.517222375310006,46.3065721808896,0.0,10.96,10.187249451137284,10.501085498763915,1.5761667521678568,2.620251734912847,0.0,0.0,LONDON,22.6,217.3,6246,Q3
H84635,1358,361,26.58321060382916,35.930334415417114,0.0,8.53,9.672290827960037,11.525779691693794,1.260107109104274,1.5793342429906545,0.0,0.0,LONDON,43.8,713.8,11743,Q1
H85006,1945,595,30.591259640102827,42.91894755429984,0.0,25.53,8.826991389432727,13.22427221362286,4.108131900377802,1.4085023658438176,0.0,0.0,LONDON,26.3,434.0,2842,Q2
H85007,4951,1601,32.336901636033126,42.55930848025589,0.0,7.47,9.304953339087245,13.391151408557478,4.051308488340358,2.7898232095096582,0.0,0.0,LONDON,20.8,308.3,3313,Q2
H85008,158,32,20.253164556962027,46.720551703681735,0.0,23.0,8.776270006857684,5.350895246449887,3.0870549495781026,0.0,0.0,0.0,LONDON,27.0,524.5,3481,Q1
H85011,3053,849,27.808712741565675,57.17907227615965,0.0,17.91,9.2610334862917,10.463878327946768,2.4081115342205326,0.4816223060836502,0.0,0.0,LONDON,20.6,375.4,3942,Q2
H85020,6675,2097,31.415730337078653,51.093630608012226,0.0,8.73,10.396648062894553,15.583425785809524,4.045232012539568,3.4842084907734425,0.0,0.0,LONDON,23.3,397.0,12950,Q2
H85022,1378,328,23.802612481857764,50.58907852887157,0.0,14.73,8.385754844936853,14.293860481277322,1.4597985173921306,0.0,0.0,0.0,LONDON,29.4,485.3,2367,Q1
H85023,1219,801,65.70959803117309,50.80217427112502,0.0,25.02,8.521948533500098,4.671067910294264,1.91089141757622,4.77722854394055,0.0,0.0,LONDON,27.3,690.6,3457,Q4
H85025,973,290,29.804727646454264,55.02470047129635,0.0,14.96,9.713476507257791,9.383880525424752,2.740996029989721,0.8061753032226857,0.0,0.0,LONDON,32.8,495.5,8318,Q2
H85026,1696,495,29.18632075471698,45.31266382086422,0.0,7.76,9.584647288389991,8.519492428844897,3.4296587530806173,1.7423400089409553,0.0,0.0,LONDON,34.2,365.7,5452,Q2
H85027,2792,837,29.978510028653297,25.626117104894803,0.0,6.58,9.509555680241636,13.107947805456702,0.6326611313760379,2.0759193357058128,0.0,0.0,LONDON,18.8,285.1,3796,Q2
H85030,823,231,28.068043742405838,40.75130692244822,0.0,14.03,9.513741992387375,13.683206694435045,7.146768388347125,2.244439659150337,0.0,0.0,LONDON,25.6,435.2,5752,Q2
H85031,217,37,17.05069124423963,32.96341223526326,0.0,14.32,9.424207698509996,15.5246778591663,3.681997106617771,2.648454059146116,0.0,0.0,LONDON,27.2,507.4,6062,Q1
H85033,2782,1271,45.68655643421999,58.485395247497785,0.0,21.41,9.191811433194298,17.277180232773333,2.4841868074738747,7.477682010917086,0.0,0.0,LONDON,25.2,398.5,3879,Q4
H85037,1051,161,15.318744053282588,46.73119619211909,0.0,16.07,9.59004882938393,15.80636518404086,5.198862178847699,7.515548131772914,0.0,0.0,LONDON,31.6,529.8,7551,Q1
H85038,3561,1770,49.70513900589722,58.01003322347086,0.0,25.37,9.355255679592137,16.715953082407562,5.951857432252206,6.828487596404086,0.0,0.0,LONDON,23.8,361.1,4088,Q4
H85041,4475,1596,35.66480446927374,48.01210379353452,0.0,11.69,9.637273386699588,10.15723179863626,2.871031940230336,2.610029036573032,0.0,0.0,LONDON,21.9,277.1,4216,Q3
H85045,3728,1235,33.127682403433475,43.107467496910054,0.0,15.42,9.579429605426927,14.620038023160683,4.406291410266751,4.375968087111828,0.0,0.0,LONDON,21.5,305.4,4287,Q2
H85047,3797,1247,32.841717145114565,51.58735032238256,0.0,15.27,9.405358759564544,14.503565551563357,2.45748765715853,6.626439934722985,0.0,0.0,LONDON,25.1,363.6,4568,Q2
H85049,774,268,34.62532299741602,39.175299946767126,0.0,10.38,8.850983262817511,4.46911369740376,3.4759773192479857,1.6042972247090423,0.0,0.0,LONDON,27.0,279.8,1884,Q3
H85051,730,161,22.054794520547944,29.1477623703325,0.0,8.49,9.806090613630394,9.200512568859168,4.321007500218163,0.9553247878306316,0.0,0.0,LONDON,25.3,411.4,7621,Q1
H85052,851,257,30.19976498237368,38.50970085800417,0.0,21.31,8.451907724717607,20.950754342442355,3.7005408497011096,2.2772559052092225,0.0,0.0,LONDON,27.5,432.7,1878,Q2
H85053,539,180,33.39517625231911,34.83008861907752,0.0,13.63,8.608221489763801,3.505888797589701,1.5581728001460786,3.505888797589701,0.0,0.0,LONDON,27.6,456.9,2515,Q2
H85061,5868,1519,25.886162235855487,27.64124421873583,0.0,10.33,10.033371154220388,9.16768086341465,1.932034820536652,3.015145249938709,0.0,0.0,LONDON,21.0,234.8,5401,Q1
H85063,124,31,25.0,41.62945649898835,0.0,7.56,9.419919000998751,7.611890876678448,0.8433629096020381,1.1677332594489758,0.0,0.0,LONDON,27.9,553.2,6605,Q1
H85070,384,117,30.46875,51.02297169405489,0.0,18.58,9.183106199022411,12.027676920600124,0.0,4.959923271220114,0.0,0.0,LONDON,34.8,560.2,5456,Q2
H85075,753,225,29.8804780876494,55.39360813785774,0.0,13.14,8.631221037015617,11.896441475753566,2.0937737011316493,0.7613722533347211,0.0,0.0,LONDON,22.7,388.6,2170,Q2
H85077,171,54,31.57894736842105,40.72463051752261,0.0,12.21,8.747921240903537,8.130102817218246,3.726297123499755,0.0,0.0,0.0,LONDON,25.2,611.2,4065,Q2
H85090,287,47,16.37630662020906,43.63609234114212,0.0,22.78,9.286923255199866,10.547197628115567,1.778450185641176,8.620543261263906,0.0,0.0,LONDON,41.9,516.6,5765,Q1
H85095,3382,2080,61.50206978119456,49.108401664768046,0.0,13.39,9.626151772138492,10.178587138427028,3.941233395354975,2.445676079440485,0.0,0.0,LONDON,28.2,326.2,5208,Q4
H85101,2746,989,36.01602330662782,58.36527025241179,0.0,8.04,9.129780864117766,18.64296553219163,2.081075222198136,0.0,0.0,0.0,LONDON,19.9,347.0,3179,Q3
H85110,310,72,23.225806451612904,54.55260099801764,0.0,21.24,8.615680138130891,8.699592206615316,2.899864068871772,5.944721341187132,0.0,0.0,LONDON,33.0,603.8,3307,Q1
H85112,1015,333,32.80788177339902,27.85792589344442,0.0,9.2,8.71915396346254,6.537015852263441,3.312088030723975,0.3486408465435529,0.0,0.0,LONDON,21.4,355.8,2115,Q2
H85113,775,231,29.806451612903224,33.71103735073061,0.0,13.62,8.430109084509125,8.61153538293694,4.538511891773947,0.9309767968579532,0.0,0.0,LONDON,24.8,475.8,2261,Q2
H85114,3841,1763,45.89950533715179,57.6646646214118,0.0,7.92,9.50321518876406,11.972468336721938,3.99917927291041,6.64540237339352,0.0,0.0,LONDON,20.2,274.7,3639,Q4
H85115,3755,1678,44.68708388814913,51.918617941935274,0.0,13.65,9.42432880950164,11.798187483264147,1.6147154400435972,1.8515403717882304,0.0,0.0,LONDON,23.4,381.9,4663,Q4
H85618,2143,1095,51.096593560429305,65.11175484933686,0.0,9.2,9.16888449603999,10.701225602334814,2.0846543382525384,4.614034934637401,0.0,0.0,LONDON,26.3,436.9,4018,Q4
H85656,1412,448,31.72804532577904,35.440687146947305,0.0,11.94,8.659676066375814,7.908885933976991,3.145054056772851,0.4162571544198415,0.0,0.0,LONDON,21.4,319.3,1738,Q2
H85659,1705,409,23.988269794721408,32.56100061513225,0.0,13.13,9.342289263105464,9.79215050436002,1.7527715700451338,0.9114412164234696,0.0,0.0,LONDON,27.6,352.9,4250,Q1
H85662,186,44,23.655913978494624,61.591682834864734,0.0,7.25,8.60785622631348,9.790958509452915,3.1174840935245225,0.9742137802539044,0.0,0.0,LONDON,26.6,652.0,3606,Q1
H85682,3067,756,24.649494620149984,32.75600121543604,0.0,20.29,9.296166324405446,12.432506844303042,3.866803310644416,3.671015800663842,0.0,0.0,LONDON,21.0,352.5,3909,Q1
H85683,479,91,18.997912317327767,35.57301242409048,0.0,22.65,8.44467626057706,11.46891744314822,6.881350465028762,0.0,0.0,0.0,LONDON,21.7,300.4,1303,Q1
H85686,288,81,28.125,31.812077846591706,0.0,9.94,9.32225436660385,10.365718646300577,3.242679382460324,0.0,0.0,0.0,LONDON,28.7,481.4,5588,Q2
J81002,337,102,30.26706231454006,36.77689012731773,0.0,10.64,9.072609698510105,12.119357307957154,10.956388676740628,7.607796918133129,0.0,0.0,SOUTH WEST,41.1,805.2,6974,Q2
J81006,8586,2513,29.268576752853484,36.29527102016865,0.0,18.99,10.596830547256562,18.211057326690188,14.258423799839198,4.985010896449444,1.0,0.0,SOUTH WEST,19.9,319.1,12535,Q2
J81009,4874,1286,26.384899466557243,42.60036574157421,1.0,26.18,9.423649052438128,7.5835510187703665,13.40047935744486,6.247811919855654,0.0,0.0,SOUTH WEST,23.2,544.6,6714,Q1
J81012,13108,3544,27.036924015868173,53.60830624790138,0.0,16.66,10.976317537894309,12.988367815880313,8.92950287569441,6.7723757756451,0.0,0.0,SOUTH WEST,22.4,386.4,22584,Q1
J81014,2985,1104,36.984924623115575,45.396126937705006,0.0,15.06,9.955198051548392,11.477543851197092,8.40715842919715,6.609242018382747,0.0,0.0,SOUTH WEST,20.8,443.2,9327,Q3
J81018,936,271,28.95299145299145,26.014227710479513,0.0,15.43,9.395588198618722,17.606181885862267,1.351594631842794,3.234964202683801,0.0,0.0,SOUTH WEST,34.1,475.6,5604,Q2
J81021,467,104,22.26980728051392,35.98929700802724,0.0,26.82,10.200733123605392,9.508628027547784,2.822873945678248,3.2586860638551416,0.0,0.0,SOUTH WEST,32.6,631.3,16693,Q1
J81028,4311,1558,36.14010670378102,44.3214579229555,0.0,10.31,9.630245168619371,13.072095850135256,11.179620848328206,3.767427088676911,0.0,0.0,SOUTH WEST,26.3,532.8,8165,Q3
J81034,1554,323,20.785070785070783,19.81516951812053,0.0,12.04,9.818483250931578,13.253372767258506,10.887217499387594,2.409704139501547,1.0,1.0,SOUTH WEST,25.1,413.6,7432,Q1
J81035,190,39,20.526315789473685,32.89351977800751,1.0,17.7,8.481237807933258,18.772861562170657,15.48003662549023,17.41504120523142,0.0,1.0,SOUTH WEST,30.2,717.3,3593,Q1
J81045,487,153,31.416837782340863,29.10946012877662,0.0,29.84,9.265081050633643,8.533198687831357,8.154506438399395,0.0,0.0,0.0,SOUTH WEST,28.8,728.6,7843,Q2
J81047,2886,1147,39.74358974358975,59.913155688679154,0.0,14.21,9.43574802494346,12.19635492882799,8.514034853798057,8.620460290009312,0.0,0.0,SOUTH WEST,21.3,363.2,4530,Q3
J81051,1968,721,36.636178861788615,42.87576519172811,0.0,21.15,9.505953411004162,3.1325129774173144,8.353485372967745,3.551719434502772,0.0,0.0,SOUTH WEST,21.1,521.7,6418,Q3
J81062,234,57,24.35897435897436,48.402872353596635,0.0,15.8,9.33988361415701,11.057343864945787,4.09965079701604,0.8433567355066363,0.0,0.0,SOUTH WEST,31.9,601.5,6780,Q1
J81068,1025,433,42.24390243902439,31.253186499439177,0.0,16.19,8.839167989025377,7.653005761495815,6.261550168496576,14.764889902525637,0.0,1.0,SOUTH WEST,22.5,485.2,3229,Q4
J81070,2600,1099,42.26923076923077,50.461660755778404,0.0,18.68,9.36245326263501,8.474394302973913,6.836774862255306,1.374226103138532,1.0,0.0,SOUTH WEST,24.7,350.3,4022,Q4
J81074,761,262,34.42838370565046,31.566523605150216,1.0,20.62,8.520487758365668,10.100003321040566,7.442107710555168,6.591581114322736,0.0,1.0,SOUTH WEST,26.6,464.5,2303,Q3
J81620,7712,2001,25.94657676348548,49.52351686490004,1.0,16.13,10.198799815901722,9.51373076740342,9.229309259391348,9.933912440773948,0.0,0.0,SOUTH WEST,21.1,434.0,11666,Q1
J81621,510,125,24.50980392156863,29.26147088094993,0.0,13.67,9.041754053435948,19.3799749460955,6.502076285767831,8.395884913644299,0.0,0.0,SOUTH WEST,27.4,593.3,5236,Q1
J82002,647,237,36.6306027820711,52.44698977659977,0.0,22.25,9.568143013158627,19.704699866217616,5.985246646700305,3.4121499574646608,0.0,0.0,SOUTH EAST,34.1,569.2,8408,Q3
J82010,1888,578,30.614406779661017,48.91582790406842,0.0,26.14,9.86006234620942,11.8641781367357,9.775414380790338,4.003463866214682,0.0,0.0,SOUTH EAST,28.5,522.4,10058,Q2
J82017,2467,1061,43.00770166193757,33.53789023162135,0.0,12.83,9.5272717327556,17.17036218999812,1.5150319577053577,0.971174332347996,0.0,0.0,SOUTH EAST,21.1,302.5,4012,Q4
J82034,548,221,40.32846715328467,42.62322959939752,1.0,13.63,9.56151354220916,11.580873727652389,0.5255501848810473,19.98967669278776,0.0,1.0,SOUTH EAST,26.5,523.0,7496,Q3
J82035,4247,1212,28.537791382152108,47.180049379076536,0.0,13.09,9.674760735427398,14.581183778433047,5.7821935673096565,1.843597949416281,0.0,0.0,SOUTH EAST,21.9,386.4,6277,Q2
J82036,143,48,33.56643356643357,33.8354303266584,1.0,14.04,7.912789220690681,23.426061497071743,3.3186920424597366,23.672060263543194,0.0,1.0,SOUTH EAST,27.6,760.1,2078,Q2
J82040,454,148,32.59911894273128,55.553742562194735,0.0,31.09,9.75369610742379,9.137856766418375,2.7568449222459384,2.230256566624559,0.0,0.0,SOUTH EAST,56.9,1093.0,20075,Q2
J82042,3096,943,30.458656330749356,43.83891856123269,1.0,12.57,9.721200995129688,12.838910639727608,7.359742409215678,5.119820806671767,0.0,0.0,SOUTH EAST,20.1,460.2,7830,Q2
J82049,7070,3020,42.71570014144272,50.63868959495881,0.0,6.08,10.299634380005298,14.472005631229656,7.052074659130098,7.093209646471019,0.0,0.0,SOUTH EAST,19.4,343.4,10252,Q4
J82051,7238,2663,36.79193147278254,47.52040606351601,1.0,11.39,9.823266703996447,11.006316057589425,4.796409916433031,2.383757940216434,0.0,0.0,SOUTH EAST,19.3,286.0,10637,Q3
J82053,945,306,32.38095238095238,40.57889135604577,0.0,15.86,9.293508958227513,16.018771998435668,7.582415054406589,1.963084804343325,0.0,0.0,SOUTH EAST,23.6,441.0,4843,Q2
J82064,2342,899,38.38599487617421,43.00118989003775,1.0,9.52,9.53527607992116,11.869479084739844,9.239310423247607,8.131363918036046,0.0,1.0,SOUTH EAST,22.9,406.0,5701,Q3
J82073,2230,841,37.71300448430493,44.9676467249404,0.0,21.32,9.185620675685715,11.48031092611258,3.280088835739301,4.428119928248057,0.0,0.0,SOUTH EAST,25.3,384.1,3784,Q3
J82075,1237,345,27.89005658852061,29.45941901972939,0.0,12.22,8.853843983524042,23.41677081521157,5.865619233708266,3.523180383502946,0.0,0.0,SOUTH EAST,21.7,401.6,2846,Q2
J82079,470,149,31.70212765957447,39.30963632627902,1.0,10.44,8.987092648569583,16.368371706219396,4.70048963433691,10.634441086779876,0.0,1.0,SOUTH EAST,24.2,493.1,3934,Q2
J82080,1052,239,22.718631178707223,33.65641369436522,0.0,18.89,10.447549673544785,5.339549910765673,2.17064311589822,0.9673097666365188,1.0,0.0,SOUTH EAST,26.2,171.5,6614,Q1
J82088,1153,472,40.9366869037294,35.68402538808595,0.0,23.23,9.53016286288519,13.743885794729644,6.424884457409851,2.5952331962281963,0.0,0.0,SOUTH EAST,29.9,452.2,6253,Q3
J82092,302,107,35.43046357615894,43.855504324962844,0.0,20.34,9.044403844431551,17.628772676189353,5.351591705819856,2.644315901310353,0.0,0.0,SOUTH EAST,30.7,541.0,4510,Q3
J82099,1427,732,51.29642606867554,51.35292486831162,0.0,4.77,9.624324644292615,7.614850721604053,2.943703866696045,1.9918475271565497,0.0,0.0,SOUTH EAST,32.2,366.7,5581,Q4
J82101,1489,284,19.073203492276697,40.04994252645765,0.0,25.87,9.870219420897266,5.472394647184759,6.409731764786969,7.167872081224399,0.0,0.0,SOUTH EAST,28.9,521.5,10065,Q1
J82102,2387,745,31.21072475911185,47.952204367531934,0.0,15.37,10.081312905426284,10.178997446879752,9.76603373620548,3.672028684515257,0.0,0.0,SOUTH EAST,28.1,484.6,11755,Q2
J82103,790,259,32.78481012658228,34.03883155501137,0.0,14.83,9.455043176749664,16.994956576737632,2.7976955553960683,4.050395057578506,0.0,0.0,SOUTH EAST,24.4,379.3,4830,Q2
J82110,8461,3009,35.56317220186739,34.54324904357563,0.0,4.6,10.25794002862176,12.076142368808757,2.7781675319208645,7.076376223165426,1.0,0.0,SOUTH EAST,20.4,303.7,8450,Q3
J82112,698,251,35.95988538681949,39.866930243625646,0.0,13.49,10.070787119886466,12.434280560016353,5.06439765137149,3.0284872367873783,0.0,0.0,SOUTH EAST,34.5,538.2,12392,Q3
J82116,117,33,28.205128205128204,29.900717043574186,1.0,7.07,9.218647439219538,11.080900158511088,3.385095991603375,4.522276675399376,0.0,1.0,SOUTH EAST,20.3,481.4,4864,Q2
J82119,380,123,32.36842105263158,20.95105520038496,1.0,12.27,9.24295275970366,8.724128474084113,4.749229702366549,5.265450321831294,0.0,1.0,SOUTH EAST,26.5,491.1,5189,Q2
J82120,1465,315,21.50170648464164,48.70906624513728,0.0,9.67,9.206666966609871,9.260622281030445,8.297089326865171,4.095015055202409,0.0,0.0,SOUTH EAST,25.9,538.4,5657,Q1
J82121,479,171,35.69937369519833,42.148845448740396,1.0,9.45,9.18322607948461,19.35891771487285,7.370494049833034,3.3427519486257387,0.0,0.0,SOUTH EAST,28.9,445.7,4346,Q3
J82124,223,64,28.699551569506728,33.03828478443574,1.0,9.97,9.225368547801128,19.698301022024843,5.332589048162408,5.752891632530764,0.0,1.0,SOUTH EAST,25.3,427.0,4295,Q2
J82125,453,153,33.77483443708609,38.99739305098508,0.0,14.24,9.0035929170204,9.728272185434536,8.656890774385932,2.295387704509822,0.0,0.0,SOUTH EAST,28.3,587.5,4601,Q2
J82128,274,99,36.13138686131387,31.803254401343242,0.0,23.8,9.06789316082509,9.470730675712034,8.794249912749356,2.877649668293808,0.0,0.0,SOUTH EAST,30.7,571.5,4867,Q3
J82130,2005,633,31.571072319202,40.98545030039008,0.0,8.87,10.116829895211232,10.812659472050736,5.703056320108795,0.8078795182345139,0.0,0.0,SOUTH EAST,22.6,428.2,10570,Q2
J82131,2073,466,22.47949831162566,40.45450652353898,1.0,12.42,9.412178567463055,18.087960885057,3.9008975883626857,6.733951702692764,0.0,1.0,SOUTH EAST,25.1,354.9,4334,Q1
J82138,3442,1318,38.29169087739686,37.783533644728145,1.0,7.85,9.79604153038728,9.198422639387612,3.295755045233125,13.019717000974252,0.0,0.0,SOUTH EAST,23.3,241.5,4353,Q3
J82139,4534,1147,25.2977503308337,43.21300164648694,0.0,9.54,9.668629824039344,22.48687844101094,6.273054952467275,3.372610189920111,0.0,0.0,SOUTH EAST,22.2,363.0,5633,Q1
J82146,1506,501,33.266932270916335,57.00633185196838,1.0,11.6,8.633107816012593,15.702199661590525,5.747024073381423,2.612283669071155,0.0,0.0,SOUTH EAST,24.1,409.4,2331,Q2
J82149,1306,453,34.686064318529866,49.14248978660749,0.0,24.98,9.734299374132137,7.800872466394268,6.000671128086694,5.084779218333629,0.0,0.0,SOUTH EAST,26.9,487.3,8136,Q3
J82152,2610,1014,38.85057471264368,36.48868325622108,0.0,25.67,9.045868556445024,5.343758902957731,6.632547813086316,1.2573550350193023,0.0,0.0,SOUTH EAST,24.2,331.4,2749,Q3
J82155,15651,6010,38.40010222988946,42.27608379946108,0.0,30.23,11.043397722472433,8.403466615491027,4.285959883095647,4.384046527932704,0.0,0.0,SOUTH EAST,24.3,299.3,18655,Q3
J82163,4408,1899,43.08076225045372,43.47017291675475,0.0,13.41,9.722644901621573,12.940847545632463,9.314214962056155,8.073734777728962,0.0,0.0,SOUTH EAST,21.1,425.3,7254,Q4
J82196,5346,1459,27.291432846988403,40.47452494801499,0.0,32.35,9.633268771960651,13.15492081170054,12.927810624825984,9.425072745794912,0.0,0.0,SOUTH EAST,25.3,412.9,6324,Q2
J82199,717,203,28.31241283124128,51.64181689591963,0.0,32.17,9.879613146789891,5.735305413547952,2.8949636847630345,2.1848782524387844,0.0,0.0,SOUTH EAST,26.7,344.6,6251,Q2
J82208,282,99,35.1063829787234,38.335103341230294,0.0,24.88,8.829421524286019,9.05498365663268,10.030736206274089,4.527491829048154,0.0,0.0,SOUTH EAST,24.7,553.4,4189,Q3
J82214,611,133,21.76759410801964,39.96884735202492,1.0,10.82,9.201181894191272,13.671303383849423,7.616100113030461,7.024035792979328,0.0,1.0,SOUTH EAST,24.7,522.0,5188,Q1
J82215,2683,927,34.55087588520313,48.13651632908625,0.0,12.65,9.471286965356054,6.840459883039434,7.641594823435764,12.448404470435682,0.0,0.0,SOUTH EAST,22.9,376.9,5019,Q3
J82628,817,363,44.43084455324357,38.116533631470844,1.0,7.71,8.687990262358237,13.60118018967334,4.630839479030558,11.284861258587988,0.0,1.0,SOUTH EAST,25.7,473.6,2848,Q4
J82630,622,321,51.60771704180064,24.94757281553398,0.0,11.63,8.77588405051742,5.352960856988444,6.547082893687109,6.4235530277684845,0.0,0.0,SOUTH EAST,31.2,363.2,2257,Q4
J82646,480,136,28.33333333333333,24.539185274437923,0.0,34.17,9.728394804830094,7.251391157551962,4.638348779802533,3.313318106338514,1.0,0.0,SOUTH EAST,29.4,613.7,10389,Q2
J83008,3945,1471,37.28770595690748,37.28983430278847,0.0,16.36,9.877207743515648,11.580365736798203,5.283712972216875,8.69211849034328,0.0,0.0,SOUTH WEST,20.3,320.7,6063,Q3
J83013,2192,875,39.917883211678834,35.39874705396531,1.0,9.82,8.9642053644509,15.553518514570763,5.93489522266516,7.435673325801018,0.0,0.0,SOUTH WEST,21.8,455.9,3566,Q3
J83016,1115,362,32.46636771300449,37.181609009809065,0.0,16.59,10.362029918378116,10.068910291340908,5.504393821465452,6.954249467578448,0.0,0.0,SOUTH WEST,35.4,560.5,17876,Q2
J83018,5240,2850,54.38931297709924,46.86227050002952,0.0,14.32,9.81184729698094,8.285536842874365,5.9182406020531175,4.5153983852701565,0.0,0.0,SOUTH WEST,23.4,392.1,7039,Q4
J83019,403,83,20.595533498759306,35.213589073310025,1.0,16.4,9.4195810581214,14.874162605844695,6.2180488834508445,16.916223325514267,0.0,1.0,SOUTH WEST,34.8,675.2,8349,Q1
J83023,503,151,30.019880715705764,35.154084198310876,1.0,14.61,9.0585286213868,6.207685891869871,13.81210110690799,5.524840442297619,0.0,1.0,SOUTH WEST,20.6,540.3,4815,Q2
J83026,3914,3165,80.86356668369955,37.97224754380634,0.0,13.87,10.079148084994111,14.596907245323116,6.879002265037331,9.227929867733003,0.0,1.0,SOUTH WEST,23.9,441.1,10424,Q4
J83038,1039,157,15.110683349374398,28.486615344903505,0.0,26.77,10.27055249963489,9.469630928362363,4.932484311767186,6.964593952049141,0.0,0.0,SOUTH WEST,38.5,829.1,24145,Q1
J83040,829,210,25.331724969843183,41.922741687220665,0.0,14.8,10.107658931630866,8.55001664766512,8.240194048280689,10.729866028087866,0.0,1.0,SOUTH WEST,30.0,574.9,14337,Q1
J83046,3566,1709,47.92484576556366,53.727141021786075,0.0,15.1,9.618911761703416,10.839167036331414,4.150067192512184,7.2596660456358,0.0,0.0,SOUTH WEST,28.0,349.5,5515,Q4
J83049,670,123,18.35820895522388,58.695894069211086,0.0,15.2,9.419898727646384,21.192625833378383,5.882034925122992,3.697896956263178,0.0,0.0,SOUTH WEST,22.3,630.0,7883,Q1
J83050,3754,826,22.00319659030368,27.124715497620524,0.0,13.03,9.60060723632645,8.660405562568744,6.631581916575006,9.377764843726204,0.0,1.0,SOUTH WEST,24.5,383.5,5704,Q1
J84004,727,151,20.77028885832187,31.42682900267898,0.0,24.22,9.07745638878456,10.020177409677542,8.040507100163705,11.847565388129594,0.0,0.0,SOUTH EAST,24.5,431.2,3775,Q1
J84013,5527,1334,24.136059345033477,26.39063368343382,0.0,26.42,10.214748813073156,12.853327635814246,5.591588200039679,5.088589436659697,0.0,0.0,SOUTH EAST,23.3,578.2,15659,Q1
J84016,427,125,29.27400468384075,40.80276532609382,1.0,24.58,8.769351707798972,13.2628743145788,11.770800954305257,2.486788933789245,0.0,1.0,SOUTH EAST,26.7,676.1,4396,Q2
J84017,516,160,31.00775193798449,25.317651595488286,1.0,23.21,9.070953775816486,4.322377307519136,8.644754615038272,9.196547462806672,0.0,0.0,SOUTH EAST,22.7,839.1,7106,Q2
K81002,3484,1183,33.95522388059702,38.354779284457805,0.0,12.2,9.64930472862475,10.710678443040422,4.194872455676617,3.214922742569789,0.0,0.0,SOUTH EAST,23.6,340.6,5173,Q3
K81004,3292,2046,62.150668286755774,42.07838645098438,0.0,14.61,9.590709869634578,9.211764907627364,4.393325699246321,9.534063654914291,0.0,0.0,SOUTH EAST,28.3,396.2,5740,Q4
K81010,804,267,33.208955223880594,49.66199025950425,0.0,5.05,8.893629912143576,14.933943380040036,4.538747498312839,1.7569345152988276,0.0,0.0,SOUTH EAST,21.9,486.5,3475,Q2
K81014,2793,672,24.06015037593985,36.304485154769424,0.0,8.07,9.938146595020967,8.408010819112631,5.460750853403312,4.16639835163243,0.0,0.0,SOUTH EAST,23.0,307.5,6218,Q1
K81017,1323,430,32.50188964474679,58.57610649392252,0.0,10.68,9.56992441371704,11.446652087618071,5.546507840026058,11.297752546414776,0.0,0.0,SOUTH EAST,23.3,421.3,6127,Q2
K81025,226,70,30.97345132743363,44.071336431949874,0.0,6.86,9.834717870426289,7.71256416032136,3.956259763088597,6.527114483017185,0.0,0.0,SOUTH EAST,27.6,434.6,8539,Q2
K81030,7420,2542,34.25876010781671,46.37664600531292,0.0,9.46,10.61039380806664,9.149376349409229,3.886160484948116,2.3540532208363305,1.0,0.0,SOUTH EAST,24.6,466.9,18911,Q3
K81034,349,108,30.945558739255013,54.915895292127004,0.0,25.26,9.39692366797859,12.081734259101754,1.3940462607613318,4.978736645576185,0.0,0.0,SOUTH EAST,37.4,534.5,6333,Q2
K81042,1580,511,32.34177215189873,41.819758304882676,0.0,6.41,8.990784128572002,14.215579428927294,1.992838237583684,1.8599823559084536,0.0,0.0,SOUTH EAST,23.8,450.8,3603,Q2
K81051,2744,952,34.69387755102041,24.56335603733547,0.0,7.9,9.535775735289755,9.732347914489996,3.235513613712415,9.918389946556248,0.0,0.0,SOUTH EAST,23.4,405.9,5612,Q3
K81052,289,84,29.06574394463668,26.58029878618114,1.0,16.44,8.749745672927313,16.822306463960693,13.52547253404483,3.381368134303716,0.0,1.0,SOUTH EAST,21.4,581.6,3594,Q2
K81057,638,158,24.764890282131663,26.157886761957673,1.0,15.07,8.889354270445958,9.263428755226762,4.190598722602583,2.499655379313514,0.0,0.0,SOUTH EAST,27.6,512.2,3682,Q1
K81060,2444,970,39.68903436988544,62.74256144890039,0.0,7.17,9.444931482572462,7.624219815853474,4.11264969319897,0.8858014723813167,0.0,1.0,SOUTH EAST,29.5,424.3,5356,Q3
K81062,6692,2485,37.13389121338912,40.254563774300614,0.0,20.8,10.238959288823756,11.268411268411269,1.716001716001716,4.433004433004433,0.0,0.0,SOUTH EAST,22.8,384.1,10421,Q3
K81063,2238,641,28.64164432529044,40.866031635060736,0.0,13.25,10.019049605115995,7.352608193436552,2.803256112932024,0.8908652900323312,0.0,0.0,SOUTH EAST,26.5,464.5,10405,Q2
K81068,492,126,25.60975609756097,40.206026721841916,0.0,8.9,9.122146477906927,16.950942022390095,4.106671520888322,2.388277053972877,0.0,0.0,SOUTH EAST,24.2,567.2,5092,Q1
K81073,3422,1494,43.65867913500877,41.177282689354065,0.0,10.97,9.819086402302306,10.169783520163213,6.244982181298878,5.237220899557974,0.0,0.0,SOUTH EAST,21.8,317.7,5771,Q4
K81080,871,222,25.487944890929967,33.84230919137034,0.0,5.84,9.173987542510384,5.309550969615265,3.069584154308825,7.190016938712019,0.0,0.0,SOUTH EAST,29.6,590.1,5774,Q1
K81083,5891,1467,24.902393481582077,30.607011545397064,0.0,24.33,9.783741654224654,6.259775027781039,5.726228776741892,2.31453866585257,1.0,0.0,SOUTH EAST,27.9,529.2,9486,Q1
K81085,267,49,18.352059925093634,50.05023065094823,0.0,24.18,9.1625671905045,5.7901085645355845,2.209751577070332,3.300641596475586,0.0,0.0,SOUTH EAST,46.8,600.9,6138,Q1
K81092,3255,2419,74.31643625192012,37.72768737309831,0.0,4.04,9.637800691018034,8.034651609593322,4.069498866866301,1.043461247914436,0.0,0.0,SOUTH EAST,18.9,448.4,6854,Q4
K81102,2323,780,33.57727077055532,50.39773136910913,0.0,8.4,9.24305761151991,22.0145010489471,2.7872990781588984,7.355372567363759,0.0,0.0,SOUTH EAST,20.6,336.6,3496,Q2
K81605,439,110,25.056947608200456,54.402373453514066,0.0,15.71,10.36046398681674,8.83729520206844,1.9755692161570328,2.9717964275123347,0.0,0.0,SOUTH EAST,43.8,458.8,14690,Q1
K81610,4266,1972,46.22597280825129,62.89073072582334,0.0,11.23,10.34433857307422,7.721862792150513,2.1020626491888024,2.119222344175222,0.0,0.0,SOUTH EAST,29.0,540.6,16806,Q4
K81630,3348,1479,44.17562724014337,48.01000934416623,0.0,11.63,9.55954078440638,13.624335888617235,6.7035929832150085,4.099863651088439,0.0,0.0,SOUTH EAST,32.6,503.8,7234,Q4
K81636,874,322,36.8421052631579,39.430837153060935,0.0,18.71,9.091106284052485,6.970106655024787,3.2146612595763857,2.253267237494367,0.0,0.0,SOUTH EAST,23.1,488.2,4309,Q3
K81644,5065,2602,51.37216189536032,51.74885675441849,0.0,13.59,9.658423194667147,8.231818012212717,1.4821361073696877,6.292353375533042,0.0,0.0,SOUTH EAST,21.6,379.4,5743,Q4
K81645,133,24,18.045112781954888,42.28776623447822,0.0,23.55,8.940923798331246,6.249249938140282,0.7680642372271135,5.8303058082676005,0.0,0.0,SOUTH EAST,35.4,567.2,4228,Q1
K82015,2257,899,39.83163491360213,44.86366300113758,0.0,18.15,9.254285484482416,6.44384365767878,2.679618154412996,3.6238645510443335,0.0,0.0,EAST OF ENGLAND,23.1,458.2,4587,Q3
K82016,7401,2980,40.26482907715174,36.65743369096795,0.0,12.07,10.271420964742411,8.912873652516733,12.898539764952888,6.820115418340596,1.0,0.0,EAST OF ENGLAND,23.6,389.9,11261,Q3
K82020,1503,976,64.93679308050565,35.908742331288344,0.0,15.97,8.738802232638495,1.3674300604927554,2.82032449756293,0.0,0.0,0.0,SOUTH EAST,21.5,430.2,2739,Q4
K82021,4212,1876,44.53941120607787,41.02805418380619,1.0,10.03,9.620273262442282,10.893443802086216,5.521940643562714,7.309491942081568,0.0,0.0,SOUTH EAST,21.6,453.6,6946,Q4
K82022,2840,1407,49.54225352112676,56.62414793817912,0.0,18.32,9.250722269668032,13.881307777021888,4.763696026251551,2.561126895193885,0.0,0.0,SOUTH EAST,24.7,407.1,4300,Q4
K82025,357,170,47.61904761904762,48.965606786311966,0.0,18.67,9.31348343089305,7.432462905335318,6.7830243990438825,6.614651453569657,0.0,0.0,EAST OF ENGLAND,35.7,951.1,10218,Q4
K82026,6767,2244,33.16092803310182,43.461664647688266,0.0,22.05,9.99921431222567,13.267199273030176,10.3108553266442,6.627541554352352,0.0,0.0,EAST OF ENGLAND,20.3,499.7,10775,Q2
K82028,2662,1165,43.76408715251691,69.86866196675462,1.0,7.63,9.18866549311033,14.77002733681351,2.8613521592138094,4.469159563643795,0.0,0.0,SOUTH EAST,20.9,290.6,2893,Q4
K82031,2079,819,39.39393939393939,38.19368023895614,0.0,10.45,8.74031007570822,8.362889677591403,4.053441426171365,0.0,0.0,0.0,SOUTH EAST,21.5,420.7,2642,Q3
K82033,5083,2624,51.62305724965572,40.52392734696595,0.0,13.16,9.868123725360004,14.95702772395872,3.6328946179115182,3.715774343027097,0.0,0.0,SOUTH EAST,21.6,295.9,5598,Q4
K82035,1161,649,55.90008613264427,36.500245338567225,1.0,8.47,8.228910938892424,9.392302047895404,9.036533031819092,0.213461410179441,0.0,0.0,SOUTH EAST,22.0,448.9,1734,Q4
K82036,1250,193,15.44,65.76937068024736,0.0,20.09,9.298397035796466,13.381560673046105,5.176808143400027,2.881925610548968,0.0,0.0,SOUTH EAST,33.6,552.7,6454,Q1
K82037,3483,1179,33.85012919896641,57.94900862209917,0.0,13.46,9.512455288050228,12.340598548353311,1.9713416206892305,0.8279634808964678,0.0,0.0,SOUTH EAST,25.8,444.8,6015,Q3
K82038,5126,2451,47.81506047600468,34.35553771244454,0.0,14.87,10.0732373594473,9.83171707807962,4.118114499898032,5.884628096567536,0.0,0.0,SOUTH EAST,34.0,443.8,10886,Q4
K82040,4254,1998,46.96755994358251,43.57005465148231,0.0,17.63,9.561548734682669,6.21253533801776,4.03533262214506,6.306380283177122,0.0,0.0,SOUTH EAST,23.9,367.2,5084,Q4
K82044,2732,1303,47.69399707174232,42.376345198675494,0.0,15.95,9.245192582743394,9.850630956412568,5.459696111898017,1.648210146149884,0.0,0.0,SOUTH EAST,26.2,424.3,4225,Q4
K82045,1969,857,43.52463179278822,42.80281307536748,0.0,8.7,8.84546523147211,17.20719206904002,2.7270326725400293,7.336101976618576,0.0,0.0,SOUTH EAST,24.5,341.9,2359,Q4
K82047,5626,1738,30.89228581585496,22.30877067237254,1.0,9.81,10.03848453732226,14.340633736020504,5.735554520182898,7.1237185458411005,0.0,1.0,SOUTH EAST,20.4,499.2,11432,Q2
K82048,1955,657,33.60613810741688,67.84893267651888,1.0,15.95,8.824812686000534,9.175233732217473,3.2936736469348498,5.646297680459742,0.0,1.0,SOUTH EAST,22.0,351.1,2427,Q2
K82051,3596,1108,30.812013348164623,36.84098299482915,0.0,5.1,9.334554535379732,10.621839833665756,1.1775875652641106,2.520037388993972,0.0,0.0,SOUTH EAST,21.1,429.8,4726,Q2
K82053,2405,926,38.5031185031185,57.73611849096706,0.0,16.85,9.377513039351731,10.011227130680014,3.9563718408009305,0.0,0.0,0.0,SOUTH EAST,21.9,466.7,5185,Q3
K82055,2963,1437,48.498143773202834,47.62782308657466,1.0,14.23,9.270651219080284,7.632198336105445,7.807939746430253,7.418798054291543,0.0,0.0,SOUTH EAST,30.8,546.3,5761,Q4
K82068,170,41,24.11764705882353,31.396550610425685,1.0,13.03,8.627033657095769,13.485052115401844,0.0,14.813487441985483,0.0,1.0,SOUTH EAST,28.2,477.7,2674,Q1
K82073,10792,3266,30.26315789473684,59.53736939370247,1.0,8.65,10.404881336009488,9.971547582026274,7.732589686784691,9.80403538326036,0.0,1.0,SOUTH EAST,20.6,370.5,12353,Q2
K82078,666,242,36.33633633633634,25.259999177868213,0.0,5.78,9.193304413918662,12.097683368906443,2.7124850594627583,1.7359904378120414,0.0,0.0,SOUTH EAST,29.2,563.3,5812,Q3
K82079,2720,791,29.080882352941178,24.00614073276356,1.0,13.47,9.066113895048,11.736280239500209,5.236660474572355,18.220498059932808,0.0,1.0,SOUTH EAST,21.3,360.8,3186,Q2
K82603,426,196,46.009389671361504,69.77256439441845,0.0,18.06,9.337582235246224,4.437824233396682,3.3577188650088425,1.761041362459001,0.0,0.0,SOUTH EAST,35.4,755.1,9258,Q4
K82615,3059,799,26.11964694344557,29.33414227210678,0.0,14.8,9.588331503083593,8.606571418782334,3.819051861445164,3.3074085490115466,0.0,0.0,EAST OF ENGLAND,26.0,370.7,5617,Q1
K82621,879,273,31.0580204778157,69.27980023656197,0.0,7.82,8.463528666830545,11.367273367449222,3.601512352413611,14.912512088630969,0.0,0.0,SOUTH EAST,26.5,293.8,1374,Q2
K82631,3319,658,19.82524856884604,37.47244673034533,0.0,10.59,9.706087890295768,13.041099735339351,3.605963239884877,1.664915460262833,0.0,0.0,EAST OF ENGLAND,24.2,339.0,5459,Q1
K84001,137,13,9.489051094890511,66.19740390042014,0.0,7.29,9.271372753784464,11.690918213120922,4.089312593452083,13.697942799799296,0.0,0.0,SOUTH EAST,16.3,507.2,5256,Q1
K84008,500,158,31.6,33.374217287457235,1.0,10.74,8.958540111412168,15.367464196038076,5.145356315924878,10.668038761255469,0.0,0.0,SOUTH EAST,28.0,626.4,5036,Q2
K84013,4324,1290,29.83348751156337,34.2476101169545,0.0,15.16,10.296894136891064,7.845143878881594,1.934295795661892,3.760630895089757,1.0,0.0,SOUTH EAST,22.6,347.0,10102,Q2
K84014,390,119,30.512820512820515,30.152937087243657,1.0,9.12,9.33348677679789,12.495763524158964,1.0138072286813138,3.548325303037001,0.0,0.0,SOUTH EAST,26.6,442.0,5007,Q2
K84017,4972,2258,45.41432019308125,40.27386588362198,0.0,10.8,9.96044270497914,14.587705558555651,5.995292561617847,10.794045642943171,0.0,1.0,SOUTH EAST,22.3,433.6,9259,Q4
K84020,138,40,28.98550724637681,31.751420907505018,1.0,6.22,9.187890243138591,25.853957864593987,4.472625622826754,4.663530374309675,0.0,1.0,SOUTH EAST,24.6,548.0,5394,Q2
K84026,587,139,23.67972742759796,28.675541012865324,0.0,7.44,9.452586959524574,11.626431558017698,3.2440988147266387,3.505719685793333,0.0,0.0,SOUTH EAST,21.8,302.1,3716,Q1
K84027,3938,1458,37.02386998476384,43.708671436617365,0.0,10.38,9.63282646441865,11.832432137637229,5.627833305587416,9.682669725708667,0.0,0.0,SOUTH EAST,27.8,503.6,7606,Q3
K84034,135,31,22.96296296296296,58.56469600111987,1.0,9.76,8.152005929806643,11.526270291038326,4.456824510613774,3.995773701853809,0.0,1.0,SOUTH EAST,46.6,610.7,2061,Q1
K84035,279,67,24.014336917562723,44.86595771777891,0.0,7.18,9.285169512596832,12.273050632829174,4.985926819151897,2.697101852092419,0.0,0.0,SOUTH EAST,26.6,600.8,6564,Q1
K84036,144,37,25.694444444444443,37.33003348376765,1.0,8.48,8.655359658799242,14.669182756278126,2.694150093192045,3.6696182308027296,0.0,0.0,SOUTH EAST,43.4,594.1,3568,Q1
K84047,142,54,38.0281690140845,34.482931979287116,1.0,12.1,8.938805014637397,8.57158476007216,6.3324769028590175,9.498715355600504,0.0,1.0,SOUTH EAST,27.4,698.1,5544,Q3
K84054,849,464,54.65253239104829,33.08954030386363,0.0,10.28,9.863095153226634,12.008728886806452,3.5956772043262664,2.2767994658545154,0.0,0.0,SOUTH EAST,26.2,395.5,7909,Q4
K84059,2106,911,43.25735992402659,40.66378586004081,0.0,12.32,9.41630385408054,11.242010512394453,6.619417410424226,8.464173081488012,0.0,0.0,SOUTH EAST,23.1,518.9,6444,Q4
K84060,1174,412,35.09369676320273,40.09999206412189,0.0,14.07,8.716016727383767,12.240771604688652,2.5793054465969014,11.152217272603078,0.0,0.0,SOUTH EAST,24.2,397.8,2387,Q3
K84071,3026,1367,45.17514871116986,57.863581499268086,1.0,6.76,9.266571040778944,15.654516665222427,4.1594126405180365,0.5041712297839154,0.0,1.0,SOUTH EAST,20.2,392.5,4088,Q4
K84072,2300,1337,58.130434782608695,35.64426837320331,0.0,10.81,9.399354759506144,17.085267680782522,6.379382894313879,4.988721571392111,0.0,0.0,SOUTH EAST,24.5,377.0,4382,Q4
K84618,540,194,35.925925925925924,35.792840051536906,0.0,9.15,9.047056444059368,12.872588842055691,3.1396558144463413,7.629363631011951,0.0,0.0,SOUTH EAST,32.1,516.3,4406,Q3
L81008,2342,753,32.15200683176772,54.73433764031048,0.0,30.2,9.339561446846885,14.701023045410942,7.475485708259796,2.929265560478349,0.0,0.0,SOUTH WEST,23.7,368.5,4175,Q2
L81010,2706,895,33.07464892830747,54.72272225770861,0.0,16.98,8.971310888093178,15.240191772413135,9.296516981172012,9.804523373585784,0.0,0.0,SOUTH WEST,21.4,510.8,4238,Q2
L81012,4495,2105,46.82981090100111,33.78789307434822,0.0,24.64,9.914715944209304,12.456676690536034,4.469531539697582,5.7747929627951065,0.0,0.0,SOUTH WEST,25.7,336.0,6389,Q4
L81014,3849,1329,34.52844894777864,39.091210849515136,0.0,9.59,9.581777483633251,10.447297934451484,8.902275000517307,4.009702375932589,0.0,0.0,SOUTH WEST,20.3,298.9,4294,Q3
L81017,1267,277,21.86266771902131,40.23845744746639,0.0,8.06,9.399051196083205,12.033976663193558,7.02165977795105,2.5834408616989712,0.0,0.0,SOUTH WEST,19.6,466.1,5879,Q1
L81021,2995,1108,36.99499165275459,45.561700720270466,1.0,13.11,9.318888302426029,13.70823645511704,10.693859852421143,3.923474308868936,0.0,0.0,SOUTH WEST,20.7,491.9,5652,Q3
L81030,2140,610,28.50467289719626,23.95157625087799,1.0,10.93,8.817211360379087,20.03136073635993,3.3978245043398814,10.410776238934227,0.0,1.0,SOUTH WEST,19.6,462.6,3097,Q2
L81037,1983,427,21.53303076147252,38.36486271030175,0.0,31.83,10.042031361984186,9.727784547710256,5.995704916419991,7.104300888037611,0.0,0.0,SOUTH WEST,27.3,508.0,12004,Q1
L81042,627,387,61.72248803827751,55.67344678578845,0.0,12.56,9.422350172471962,8.370006040480195,1.8120631633445512,5.910777461655449,0.0,0.0,SOUTH WEST,38.2,613.2,7600,Q4
L81044,5333,1563,29.308081755109693,23.168991329635414,0.0,26.46,9.4054821748778,9.697102660944203,13.07573119115852,4.278133527129126,0.0,0.0,SOUTH WEST,21.5,465.8,5704,Q2
L81045,4987,3673,73.65149388409866,45.261824541549856,0.0,10.14,9.852325828440197,13.80028943560058,6.9604876547822645,5.094066570188133,1.0,0.0,SOUTH WEST,24.3,490.2,9638,Q4
L81047,5975,1915,32.05020920502092,32.84952986087981,0.0,12.27,9.598388006047278,9.533500667525947,7.995839268706329,5.23709381995794,0.0,0.0,SOUTH WEST,20.8,362.4,5425,Q2
L81050,127,37,29.133858267716537,44.30880375458117,0.0,9.66,8.904301959184183,15.535914354650702,6.446136956871089,10.894747556782816,0.0,1.0,SOUTH WEST,35.0,617.5,4595,Q2
L81054,407,137,33.66093366093366,31.052667277105165,0.0,39.4,9.398809659356372,16.211142400198774,6.82458174590028,3.776710286566176,0.0,0.0,SOUTH WEST,26.6,640.7,7804,Q2
L81058,3220,1561,48.47826086956522,43.6728886623771,0.0,18.31,9.124864179623732,10.575751800234183,9.614319817008411,4.037433397053617,0.0,0.0,SOUTH WEST,22.8,461.8,4164,Q4
L81059,2170,818,37.69585253456221,32.31599886331344,1.0,11.83,9.105100219444797,5.391943561978651,5.806708451019784,13.657615287789431,0.0,1.0,SOUTH WEST,22.4,406.9,3628,Q3
L81063,3550,1978,55.71830985915493,43.0253472798716,0.0,17.37,9.480685524774689,12.515103337869634,5.86073131955485,7.549761525977742,0.0,0.0,SOUTH WEST,20.6,450.2,5760,Q4
L81065,3739,1189,31.79994650976197,33.96782062462872,0.0,12.34,9.526075258869998,13.787738829792406,8.177354271476494,2.00301424498031,0.0,0.0,SOUTH WEST,22.7,374.1,5307,Q2
L81066,2768,2007,72.50722543352602,37.677548457976926,0.0,18.94,9.309212382740805,8.188962112462349,5.362683153293928,4.468902628348847,0.0,0.0,SOUTH WEST,22.8,356.0,3818,Q4
L81071,247,58,23.481781376518217,42.627502383222115,0.0,11.11,9.553043158348032,8.631765749778172,5.016267376042591,4.145519077196096,0.0,0.0,SOUTH WEST,25.5,381.6,5585,Q1
L81073,2740,1005,36.67883211678832,41.68004187020237,0.0,12.06,8.992702470054661,10.094271211022482,3.2619910908525847,5.1880244491867815,0.0,0.0,SOUTH WEST,23.2,343.8,2824,Q3
L81075,6277,2100,33.45547235940736,37.20301238966718,0.0,17.14,10.345873723079595,10.879691599079084,9.846950135996146,9.393371526155166,0.0,0.0,SOUTH WEST,20.9,235.8,7624,Q2
L81081,2060,453,21.990291262135923,40.05423014649942,0.0,7.86,9.899684496744824,13.892734504724183,5.132816649532184,2.944510202978808,0.0,0.0,SOUTH WEST,23.4,345.3,6872,Q1
L81083,313,93,29.71246006389776,46.05941942623649,0.0,56.29,9.062748690369917,15.052060193173253,7.077868139162015,10.66316379160469,0.0,0.0,SOUTH WEST,26.1,642.5,5615,Q2
L81085,331,94,28.3987915407855,48.04819277108434,0.0,12.47,8.808456344139163,11.67013339644027,6.496693112459054,4.424128439224283,0.0,1.0,SOUTH WEST,21.5,560.7,3685,Q2
L81089,3075,1025,33.333333333333336,35.95443286200846,0.0,37.68,9.313295497000125,12.78912587491448,4.474750588288363,10.032102124454,0.0,0.0,SOUTH WEST,24.0,424.3,5088,Q2
L81090,3392,1452,42.8066037735849,42.560507158782606,0.0,10.36,9.765278570360495,13.181513730169364,2.403597741460147,2.908812553439862,0.0,0.0,SOUTH WEST,25.1,317.0,5422,Q4
L81091,1056,282,26.704545454545453,35.89773756720825,0.0,8.85,9.696283990218092,10.366763206192172,3.2232103954686417,5.860360971679012,0.0,0.0,SOUTH WEST,26.0,435.1,7121,Q1
L81095,198,28,14.141414141414142,32.08120932555714,0.0,42.68,9.591313541801984,5.456460474479774,3.0060633664493723,3.4615275131088272,1.0,0.0,SOUTH WEST,33.4,697.8,10185,Q1
L81106,247,70,28.34008097165992,43.38964336976924,0.0,10.97,8.636900300780985,12.20760017743605,5.48868845305338,1.8926511891172555,0.0,0.0,SOUTH WEST,30.2,549.7,3177,Q2
L81118,4677,1817,38.8496899722044,47.23722091112402,0.0,10.09,9.89358872035688,9.937888198757763,3.608880808968338,7.864128331060951,0.0,0.0,SOUTH WEST,22.7,238.7,9299,Q3
L81132,683,188,27.525622254758417,35.706712610165,0.0,14.44,8.564219896843992,16.45057164146353,6.920129115107571,1.8317988837475552,0.0,0.0,SOUTH WEST,25.4,619.3,3201,Q2
L81133,1217,247,20.29580936729663,35.70159245009575,0.0,11.88,9.862196698118249,10.605629420561725,6.947701179719661,2.987511506956386,0.0,0.0,SOUTH WEST,23.9,302.0,5240,Q1
L81600,1175,224,19.06382978723404,34.76680799515445,0.0,7.03,9.341997091832589,12.883596569115907,5.259851263094839,11.124123583711995,0.0,0.0,SOUTH WEST,24.6,474.2,5633,Q1
L81617,794,157,19.77329974811083,24.356164383561644,0.0,9.78,9.527308151129889,3.750538679129616,3.174591079845832,1.6315134593790783,0.0,0.0,SOUTH WEST,25.8,190.4,2647,Q1
L81644,2202,1088,49.409627611262486,37.494873080253385,0.0,12.41,9.12644232535832,8.855006661047824,3.480057638454637,9.367155144232076,0.0,0.0,SOUTH WEST,26.1,365.0,3270,Q4
L82004,2567,951,37.0471367354889,31.091941103742833,1.0,18.12,8.975208581349905,14.830058192628826,8.737454667285148,8.703719321919541,0.0,1.0,SOUTH WEST,22.7,467.9,3742,Q3
L82008,1028,179,17.412451361867703,37.44473769195648,1.0,23.43,9.27944657037473,11.207689795156549,2.973885181279455,5.201188310391489,0.0,0.0,SOUTH WEST,18.2,577.6,6164,Q1
L82013,587,207,35.26405451448041,35.73819077906725,1.0,20.06,8.969584293345058,13.647597642593611,3.66396675289428,8.684958229506806,0.0,1.0,SOUTH WEST,26.0,831.2,6610,Q3
L82022,128,25,19.53125,43.505859375,1.0,25.13,9.19568348263255,15.51913677406261,6.6568572733269065,11.798332402455731,0.0,1.0,SOUTH WEST,39.1,740.5,7312,Q1
L82026,1613,569,35.27588344699318,39.34688685659144,1.0,24.34,8.813574812819533,13.323585176024483,4.419258642610193,8.485854843802278,0.0,0.0,SOUTH WEST,38.3,726.8,4852,Q3
L82029,3370,1261,37.41839762611276,36.82551801281937,0.0,18.31,9.686181098839214,15.409788529649346,7.103084028499825,9.800956898572938,0.0,0.0,SOUTH WEST,22.7,364.5,6016,Q3
L82041,8876,3158,35.579089680036056,43.937364158379516,0.0,27.05,10.315326747366989,11.6322846685914,5.900050234555702,4.174062648950324,0.0,1.0,SOUTH WEST,20.7,321.1,9497,Q3
L82044,2004,1111,55.43912175648703,61.041825000311476,0.0,28.81,9.074501557395203,13.532140743045876,9.13343133774986,13.684873709310985,0.0,0.0,SOUTH WEST,27.5,584.1,5151,Q4
L82045,1361,271,19.91182953710507,32.245616505879866,1.0,17.84,9.157739205152357,16.091206927651054,13.350783041343508,36.73630292399716,0.0,1.0,SOUTH WEST,27.3,737.1,6972,Q1
L82047,534,193,36.14232209737828,38.51448188514482,1.0,23.5,8.944811104165534,17.318727177882106,5.494696575378195,24.413145539906104,0.0,1.0,SOUTH WEST,27.6,812.8,6297,Q3
L82049,349,123,35.24355300859599,38.7839814909326,0.0,16.71,9.22764805943137,13.62873172464065,2.12293705720955,3.931364920758426,0.0,0.0,SOUTH WEST,32.6,642.5,6808,Q3
L82054,175,69,39.42857142857143,38.20266559091403,1.0,18.35,9.124119591473685,18.48719649004878,6.278670506054303,12.557341012108608,0.0,1.0,SOUTH WEST,67.5,1607.5,15019,Q3
L82056,382,116,30.36649214659686,40.304615862819254,1.0,22.75,9.033245134153807,12.510445265608212,7.35346782857825,11.93744777366599,0.0,1.0,SOUTH WEST,28.1,684.5,5819,Q2
L82058,106,21,19.81132075471698,31.62069587164233,1.0,25.52,8.472422438579478,14.33426873407352,6.665156082477821,13.637076673696686,0.0,1.0,SOUTH WEST,34.1,809.6,3915,Q1
L82061,121,29,23.96694214876033,34.99706892220082,1.0,13.94,8.710276081245283,21.80848871295291,4.089091633575619,18.42289671581088,0.0,1.0,SOUTH WEST,26.9,661.3,4049,Q1
L82066,1967,735,37.36654804270463,43.13871076611542,0.0,15.76,8.846353043314327,9.194608337890344,5.948098048640092,4.873602915527415,0.0,0.0,SOUTH WEST,19.2,637.2,4506,Q3
L82622,550,129,23.454545454545453,42.18683289215268,0.0,13.08,8.899446534382465,8.988457382384716,3.93017569795872,4.039347245124239,0.0,0.0,SOUTH WEST,30.0,602.3,4382,Q1
L83002,4832,2520,52.15231788079471,46.85911043996528,0.0,15.64,9.793174980848756,13.4787305791107,8.426812076693668,3.7518668608357024,0.0,0.0,SOUTH WEST,21.2,319.7,5698,Q4
L83007,2942,826,28.076138681169272,48.41130503631795,1.0,12.16,9.117109695172635,19.027058673594464,5.034852448087231,8.401178213651914,0.0,0.0,SOUTH WEST,20.1,521.3,4801,Q2
L83014,6767,2522,37.26910004433279,41.36094259837553,0.0,24.01,9.939087938153708,7.411398563719855,5.45561283130544,11.747581402182568,0.0,0.0,SOUTH WEST,23.9,609.0,12331,Q3
L83020,2079,1409,67.77296777296777,59.50066144510006,1.0,18.49,9.45345647078984,12.839648164887016,8.33211188477775,4.035915465607152,0.0,1.0,SOUTH WEST,32.6,459.9,5846,Q4
L83021,2629,1938,73.71624191707873,40.56680947825243,0.0,10.32,9.219944108118876,9.90442232456792,7.26324303867677,4.754122715792602,0.0,0.0,SOUTH WEST,23.7,425.0,4351,Q4
L83025,1691,443,26.197516262566527,46.37240042736104,1.0,25.09,8.91631600741971,18.284487481074795,9.052789300354464,19.71575851863448,0.0,1.0,SOUTH WEST,22.4,556.6,4254,Q1
L83026,793,295,37.20050441361917,20.893679804883924,1.0,21.46,8.550063656148872,9.446463995484237,5.67696153665027,7.018788806064028,0.0,1.0,SOUTH WEST,26.0,424.7,2203,Q3
L83028,2750,1893,68.83636363636364,43.85286433347602,0.0,31.12,9.341090818017417,13.41425249703865,5.779383161404484,4.8902472914991,0.0,0.0,SOUTH WEST,22.6,448.3,5145,Q4
L83036,791,335,42.35145385587863,43.57681837471924,1.0,14.21,9.379590760945057,18.05670864476184,4.097657075072117,1.9362555412650395,0.0,0.0,SOUTH WEST,41.2,507.8,6049,Q4
L83039,2358,1229,52.12044105173876,48.02043422733078,0.0,28.34,8.641767925997868,10.924072982931136,7.3925838716892285,2.636845204237787,0.0,0.0,SOUTH WEST,21.7,412.9,2319,Q4
L83041,239,62,25.94142259414226,33.43053334587527,1.0,14.69,9.125454008272929,14.050111581181849,6.966997478092059,3.1351488651414265,0.0,0.0,SOUTH WEST,35.3,479.8,4355,Q1
L83042,1347,826,61.32145508537491,52.28542007389908,0.0,16.63,9.17514488007252,12.20889080638757,6.463530427276651,1.436340094259819,0.0,0.0,SOUTH WEST,34.8,474.1,4687,Q4
L83048,2804,1317,46.968616262482165,60.86266016964447,0.0,15.49,9.310683320672211,14.182985843245442,7.308579440097689,3.811074428112704,0.0,0.0,SOUTH WEST,19.4,490.9,5346,Q4
L83049,192,53,27.604166666666668,33.536639658089214,1.0,18.14,8.108748649199073,19.57824527770116,6.740051653669669,0.0,0.0,0.0,SOUTH WEST,25.7,505.5,1656,Q2
L83051,2300,1197,52.04347826086956,37.38748771699967,0.0,17.94,9.246583901302271,10.055019328934572,9.15542196722629,6.763696566556027,0.0,0.0,SOUTH WEST,25.7,420.2,4352,Q4
L83052,3215,1184,36.82737169517885,42.22943452752465,0.0,20.81,9.489958770218372,10.665658570645498,7.41958857121255,8.19163104356866,0.0,0.0,SOUTH WEST,30.5,290.7,3762,Q3
L83054,718,181,25.20891364902507,21.81391712275215,1.0,13.53,8.64541048921699,18.96327745073892,12.901712410274454,0.0,0.0,0.0,SOUTH WEST,21.9,676.1,3789,Q1
L83055,4685,1355,28.92209178228389,41.01019811872043,0.0,21.72,9.637686555930882,8.92261199465165,6.661521236207889,7.322455457816526,0.0,0.0,SOUTH WEST,22.6,550.1,8548,Q2
L83070,556,151,27.158273381294965,37.78382337553626,1.0,22.09,8.518259289598236,16.995205113212577,11.028236547682472,6.393180607352158,0.0,0.0,SOUTH WEST,27.2,446.8,2294,Q2
L83071,204,122,59.80392156862745,39.34497322573346,0.0,32.04,9.000699004527265,5.853758798828426,4.998715379065824,8.484661630954216,0.0,0.0,SOUTH WEST,26.4,568.9,4505,Q4
L83073,5595,1640,29.31188561215371,30.0296105079341,0.0,24.01,9.865430828351435,14.23281018568374,6.329694681913797,6.634406461621031,0.0,0.0,SOUTH WEST,22.0,436.4,8499,Q2
L83081,1654,771,46.6142684401451,54.91625085405495,1.0,13.37,8.76984376369609,19.553116017916786,5.716800869947958,16.52901121093649,0.0,1.0,SOUTH WEST,23.2,440.3,2771,Q4
L83084,939,365,38.871139510117146,45.377653270121755,0.0,15.36,9.011248984306254,14.3181101729766,5.597079430122945,2.277881162939687,0.0,0.0,SOUTH WEST,25.9,468.0,3769,Q3
L83085,1614,504,31.226765799256505,38.77980364656381,0.0,22.12,9.82788359015194,24.30299652873398,5.010829183368984,3.0270892132084626,0.0,0.0,SOUTH WEST,32.1,636.6,11882,Q2
L83088,1690,552,32.662721893491124,57.05758945719942,1.0,15.51,8.555307523524895,12.321316840737351,6.930740722914762,6.263336061991626,0.0,0.0,SOUTH WEST,22.7,626.0,3294,Q2
L83094,2257,732,32.432432432432435,51.73197649081894,1.0,19.08,9.029427822065648,10.513176422044916,4.633466810996495,5.9755744392406696,0.0,0.0,SOUTH WEST,18.6,543.0,4618,Q2
L83098,499,261,52.30460921843687,33.483174603174604,1.0,20.92,8.602391815250112,15.163462715807515,2.203991673809232,1.1754622260315906,0.0,1.0,SOUTH WEST,26.2,538.8,2930,Q4
L83101,4082,1296,31.74914257716805,37.66788447245281,0.0,17.64,9.62833224704955,18.78542154968755,6.724127526238691,8.620226149701814,0.0,1.0,SOUTH WEST,27.7,601.7,9081,Q2
L83102,562,167,29.7153024911032,39.87653413684133,1.0,15.13,8.937765826204666,18.56189121243296,3.957535296924592,3.869979204552916,0.0,1.0,SOUTH WEST,29.4,634.2,4755,Q2
L83103,7420,2390,32.21024258760108,30.264369452750486,0.0,28.17,9.682856467333956,11.404643527376445,6.284191331182494,3.9899627499571393,0.0,0.0,SOUTH WEST,22.4,523.1,8433,Q2
L83105,376,132,35.1063829787234,33.030788670755385,1.0,22.16,8.826869116127282,16.238887734503965,10.954975541398158,16.9962555296592,0.0,1.0,SOUTH WEST,25.9,578.6,3896,Q3
L83106,965,345,35.751295336787564,33.80578688874653,0.0,25.19,9.160204302482386,17.804009641467776,7.177653943854485,6.98138996950899,0.0,0.0,SOUTH WEST,30.7,696.3,6895,Q3
L83111,6488,3850,59.3403205918619,63.92888331579301,0.0,28.01,9.626915754004974,17.467076168143684,9.054397811560838,8.284686089961596,0.0,0.0,SOUTH WEST,31.9,707.2,11241,Q4
L83112,622,136,21.864951768488744,28.63119847498329,0.0,29.7,8.67214355141406,22.29073883864337,6.280689732785199,5.960945529290853,0.0,0.0,SOUTH WEST,27.0,605.3,3639,Q1
L83118,3287,1560,47.45968968664436,43.59562613592349,0.0,28.18,9.807531747694137,11.19789397205113,8.180479818015879,7.426126279369479,0.0,0.0,SOUTH WEST,30.7,591.5,10627,Q4
L83136,933,305,32.69024651661308,40.00365831351747,0.0,18.2,8.679737120601517,20.762147614109647,3.35458280322992,6.210511405014874,0.0,0.0,SOUTH WEST,27.7,628.1,3802,Q2
L83137,1859,353,18.98870360408822,34.824738793394,1.0,22.79,9.443678448748074,16.34452311976613,5.7860456524809125,6.799659489365633,0.0,0.0,SOUTH WEST,27.8,417.2,5311,Q1
L83147,4337,1355,31.24279455845054,58.65229395169199,0.0,19.7,9.519276224175275,12.119654667670112,9.662438737862296,3.0543879292938563,0.0,0.0,SOUTH WEST,21.3,430.8,6193,Q2
L83648,3257,2148,65.9502609763586,57.38589870418544,0.0,19.53,10.113525600671858,12.9026185474883,5.835984518429958,1.6535289468884882,0.0,0.0,SOUTH WEST,26.5,321.0,7424,Q4
L83655,447,123,27.516778523489933,53.04937076476283,0.0,22.85,8.912259979450157,12.229619732566889,3.1256666180152464,0.862252860142137,0.0,0.0,SOUTH WEST,42.5,568.2,4362,Q2
L83666,1203,488,40.56525353283458,34.84665427509294,0.0,24.86,8.296754312509155,18.90878869478496,1.6621649682110948,3.191356742156659,0.0,0.0,SOUTH WEST,19.2,408.2,1618,Q3
L84018,3901,1516,38.8618302999231,25.84477026057153,0.0,12.12,9.460203747989777,12.445898404798069,8.349885111189002,9.616907478287962,0.0,0.0,SOUTH WEST,20.5,365.0,4625,Q3
L84022,1560,526,33.717948717948715,37.4244226385172,0.0,15.74,8.990794507883958,14.348286385734747,4.483839495152886,2.657090072032051,0.0,0.0,SOUTH WEST,23.3,428.4,3268,Q2
L84025,381,127,33.333333333333336,32.206969376979934,1.0,12.15,8.460287686768533,20.60655246167146,9.20237822056774,4.234223108272613,0.0,0.0,SOUTH WEST,20.3,439.1,2035,Q2
L84027,323,94,29.102167182662537,39.83738055579907,1.0,12.19,9.797478678591338,12.010747709441306,8.872417308070045,15.002316315204302,0.0,1.0,SOUTH WEST,27.5,630.7,11432,Q2
L84029,1093,197,18.02378774016469,44.38621392437311,1.0,20.34,8.08950803640623,11.533447509010507,11.288055008818796,14.723550011502777,0.0,1.0,SOUTH WEST,26.9,705.4,11855,Q1
L84034,373,124,33.24396782841823,28.929477243905875,0.0,20.52,9.417991195022116,8.558235269950034,6.304927756036128,4.289950844313242,0.0,0.0,SOUTH WEST,30.3,540.1,6501,Q2
L84036,3238,1498,46.26312538604076,25.884394606861566,0.0,8.12,9.343683205157824,11.890575202491304,7.9348293787057775,4.224129757214642,0.0,0.0,SOUTH WEST,25.2,294.4,3258,Q4
L84040,202,31,15.346534653465346,26.28496164871775,0.0,5.12,9.482528023469316,13.71080360543354,3.2093436592611395,3.905689070966104,0.0,0.0,SOUTH WEST,32.1,335.5,4242,Q1
L84041,252,54,21.428571428571427,37.78382177673196,0.0,12.4,9.47929186728062,13.74587183473327,6.785921251217914,3.871846959644911,0.0,0.0,SOUTH WEST,27.9,499.3,6546,Q1
L84043,1128,364,32.269503546099294,36.44353862811286,1.0,11.99,8.526598819490333,10.461142206151864,10.170554923968496,7.766605579275844,0.0,1.0,SOUTH WEST,24.0,678.0,3314,Q2
L84051,902,290,32.150776053215075,36.96486056464842,1.0,10.14,9.18039649560311,13.53858835651726,7.199038295723854,9.081229607418855,0.0,1.0,SOUTH WEST,23.6,602.5,5993,Q2
L84054,1380,557,40.36231884057971,61.76083632613875,0.0,14.03,9.532435948367052,9.836789411238996,6.840497095445707,4.396082172437531,0.0,0.0,SOUTH WEST,21.7,465.3,6518,Q3
L84075,1434,511,35.634588563458856,32.01173898031995,0.0,14.4,9.165839744575118,10.30171550118926,5.994232294623486,12.54606759193915,1.0,0.0,SOUTH WEST,28.4,552.0,5172,Q3
L84077,3409,1866,54.73745966559108,40.830350862275544,0.0,14.69,9.612533466213929,11.199250886228343,7.080908746572135,1.337703163667982,0.0,0.0,SOUTH WEST,29.7,441.0,6394,Q4
L84080,407,70,17.1990171990172,43.569369006906726,0.0,14.35,9.31814789127706,3.0405506503067485,2.825078556935508,0.0,1.0,1.0,SOUTH WEST,30.0,704.7,8154,Q1
L84081,151,14,9.271523178807946,36.12300373768264,0.0,29.63,8.402025482808673,12.08834365081443,3.4709105514932768,16.33721691320854,0.0,0.0,SOUTH WEST,30.8,559.5,2472,Q1
L84085,132,30,22.727272727272727,24.396999018370494,1.0,21.18,8.25051128600421,15.876400826895877,7.798933737786966,10.653900554890653,0.0,1.0,SOUTH WEST,29.4,607.7,2322,Q1
L84606,647,152,23.493044822256568,34.16523102233397,1.0,13.6,9.379949523008762,11.927557129011612,5.446578657345215,8.980102827522666,0.0,1.0,SOUTH WEST,33.2,494.0,5918,Q1
L84613,590,228,38.644067796610166,46.33999518420419,0.0,14.89,8.111753082995579,9.599760005999851,6.639834006149847,4.799880002999926,0.0,0.0,SOUTH WEST,25.0,548.7,2006,Q3
L85002,111,26,23.423423423423426,41.977119034345684,0.0,15.28,9.39189079819203,14.975988436086148,5.84895301294748,5.170652377040636,0.0,0.0,SOUTH WEST,27.4,520.0,6153,Q1
L85003,1172,395,33.70307167235495,48.65833701327376,1.0,27.12,8.2745694608139,20.112757266431576,5.166333855631559,11.828185410205208,0.0,1.0,SOUTH WEST,22.5,874.1,3416,Q2
L85004,3177,1196,37.64557758892037,30.517361059829565,1.0,17.49,9.437190379221637,9.611243582430577,4.229627316697331,4.187118500501471,0.0,0.0,SOUTH WEST,19.8,679.8,8434,Q3
L85007,2637,1036,39.28706863860448,45.157918187582474,1.0,20.71,9.26135821176293,6.6472707691576725,6.302747375773079,7.084765290740493,0.0,0.0,SOUTH WEST,16.6,661.6,6791,Q3
L85009,104,19,18.26923076923077,28.38495109895888,1.0,26.47,9.269615063438655,11.661221413043478,8.017089721349585,4.976124654435788,0.0,0.0,SOUTH WEST,30.9,640.4,6857,Q1
L85011,149,18,12.080536912751676,35.00140737464313,1.0,12.09,9.01923030914915,16.319435056343004,5.036065573770492,6.576278051349306,0.0,0.0,SOUTH WEST,28.6,534.9,4510,Q1
L85017,3189,1896,59.45437441204139,50.488997555012226,0.0,20.52,9.250249950371414,16.200374742725366,5.76525791521868,5.150297070928687,0.0,0.0,SOUTH WEST,28.4,454.0,4715,Q4
L85020,4259,1919,45.05752524066682,27.35374914153712,1.0,14.34,9.34227465656904,13.543279484969764,6.099734159095556,16.382810902982673,0.0,1.0,SOUTH WEST,24.0,479.4,5523,Q4
L85023,5038,1766,35.05359269551409,35.102344886303165,0.0,19.63,9.798640793771517,9.56545478906673,5.212136356594527,8.61779363382706,0.0,0.0,SOUTH WEST,19.7,435.1,7698,Q3
L85026,1469,655,44.58815520762423,44.286084477844,1.0,19.03,8.712897026971666,3.420583801562286,7.718240373852268,7.467020970809922,0.0,0.0,SOUTH WEST,18.6,497.2,2994,Q4
L85027,2436,732,30.049261083743843,36.08736336183063,1.0,18.6,9.089076284483143,7.060736057800859,9.949574773086477,10.43124858884624,0.0,0.0,SOUTH WEST,26.0,344.1,2991,Q2
L85033,1352,452,33.43195266272189,36.37884803259266,1.0,17.65,9.543073483918247,14.721609820221898,10.22865097739779,20.99263322112886,0.0,1.0,SOUTH WEST,28.6,705.8,9852,Q2
L85036,382,78,20.418848167539267,34.5030053428317,1.0,16.91,8.69504644687064,13.214470069057883,7.544748111999331,20.31278338258068,0.0,1.0,SOUTH WEST,27.1,669.4,4110,Q1
L85037,406,89,21.92118226600985,41.780526834071885,1.0,19.08,8.332408603850798,16.937666659983556,10.008621208172103,18.949351024319824,0.0,1.0,SOUTH WEST,22.7,577.8,2432,Q1
L85040,4622,931,20.1427953266984,39.715415019762844,1.0,17.28,8.84546523147211,20.3951316719879,7.604964351729602,9.871090093861776,0.0,0.0,SOUTH WEST,17.6,508.2,3552,Q1
L85042,3754,1474,39.2647842301545,30.330529524669753,0.0,26.14,9.667153217434295,13.780583057144668,6.552532139494628,3.2340461459542755,0.0,0.0,SOUTH WEST,23.4,558.6,8685,Q3
L85046,1820,479,26.31868131868132,62.46579072775546,1.0,17.76,8.681152749376999,26.66289432621305,9.732635449992928,14.033102276418164,0.0,1.0,SOUTH WEST,22.6,554.2,3324,Q1
L85047,3630,980,26.99724517906336,38.09863081593458,1.0,21.6,8.696844519654313,10.204991086229946,8.467023173462566,3.342245989304813,0.0,0.0,SOUTH WEST,22.5,438.7,2615,Q1
L85056,588,147,25.0,44.022346368715084,1.0,18.43,8.888975114809519,6.83059573656328,6.288281869476783,0.0,0.0,1.0,SOUTH WEST,28.3,739.5,5407,Q1
L85061,1139,307,26.95346795434592,23.213228453015308,1.0,17.82,8.370837055054892,9.260867048677431,9.137388819818256,12.594779188516524,0.0,1.0,SOUTH WEST,16.3,622.9,2550,Q1
L85065,116,27,23.27586206896552,33.258695327660845,1.0,25.9,8.943059875955036,21.005661781721194,6.51461542561646,3.2747264701975944,0.0,1.0,SOUTH WEST,22.2,733.2,5973,Q1
L85066,2433,1037,42.6222770242499,37.973610665689286,1.0,16.98,8.967833471868863,9.073035352541975,14.239743413587655,12.484592880553109,0.0,0.0,SOUTH WEST,18.5,635.0,4988,Q4
Y00057,1924,467,24.272349272349278,28.404127486696293,0.0,44.4,9.629587843252525,4.594022948415873,1.5079617315258251,1.3150829050181372,0.0,0.0,LONDON,20.4,309.1,4861,Q1
Y00155,293,47,16.040955631399317,48.164058037244374,0.0,22.88,9.290959836370504,3.4441668274457045,0.5904285988852584,0.0,0.0,0.0,LONDON,24.5,384.4,4164,Q1
Y00316,1599,739,46.21638524077549,66.36079249217936,0.0,18.69,8.574832970862651,10.774071741976083,0.0,0.0,0.0,0.0,LONDON,23.0,489.3,2869,Q4
Y00351,3167,1298,40.98515945689928,51.53232372577756,0.0,20.36,9.41275046290348,13.155279672479272,3.690596052599338,1.5899592975864745,0.0,0.0,SOUTH EAST,20.9,368.9,4427,Q3
Y00352,268,33,12.313432835820896,47.257575983646916,0.0,28.85,10.04181005361547,6.606604427673139,3.1117222959111475,10.113097461058116,0.0,0.0,LONDON,29.4,588.4,13901,Q1
Y00486,216,62,28.703703703703702,41.51154695965374,0.0,21.48,8.939482639914704,4.475182187551214,4.719918712511062,7.272171052476319,0.0,0.0,EAST OF ENGLAND,32.2,685.5,5106,Q2
Y00568,639,307,48.04381846635368,53.35014288115649,0.0,18.57,8.452067831455775,10.018321861358665,0.0,8.253731078499387,0.0,0.0,SOUTH WEST,25.2,358.1,1718,Q4
Y00774,2149,822,38.250348999534665,39.495832158820924,1.0,23.86,8.568852252236423,10.73740523385195,2.380462482075308,9.369905508934648,0.0,0.0,EAST OF ENGLAND,23.1,504.0,2567,Q3
Y00969,1063,268,25.211665098777047,54.72941317198138,1.0,21.1,9.380898566479395,14.188144692374712,5.733719328817561,4.913010483150173,0.0,0.0,SOUTH WEST,22.0,792.1,9287,Q1
Y01132,3282,917,27.940280316879957,26.78974524346985,0.0,15.0,9.508455332099189,11.143136357203826,2.592807927361793,0.6333576620195698,0.0,0.0,LONDON,20.6,247.9,3137,Q2
Y01839,1642,1124,68.4531059683313,54.743635711724636,0.0,25.0,8.88751459738882,5.745062836624776,2.577912810385306,0.0,0.0,0.0,LONDON,20.6,344.0,2575,Q4
Y02423,1353,367,27.12490761271249,38.25988347084816,0.0,17.81,10.68404637719036,12.07451629517072,4.324935190876708,2.2174455851528885,0.0,0.0,LONDON,31.6,446.4,20137,Q2
Y02575,5665,2711,47.855251544571935,37.676887422169536,0.0,31.98,10.004339168365709,9.26814984913379,6.449012494660354,2.8447980354620346,0.0,0.0,LONDON,22.6,328.7,7408,Q4
Y02578,1773,379,21.376198533558934,26.26910398561582,0.0,22.53,9.391327705757,9.632203601468625,5.34045393858478,7.866043613150866,0.0,0.0,SOUTH WEST,17.8,195.7,2438,Q1
Y02611,7712,2351,30.484958506224068,50.36287299445194,0.0,11.35,9.628249947715853,3.590593348184401,3.019961152677033,1.0710327340963708,0.0,0.0,EAST OF ENGLAND,18.3,292.1,5327,Q2
Y02639,2522,523,20.73750991276765,38.408591652428605,0.0,15.47,9.192133970034195,8.798744006449697,3.3674205449993635,3.421733780285993,0.0,0.0,EAST OF ENGLAND,26.2,404.3,3910,Q1
Y02973,507,113,22.287968441814595,50.434014356709,0.0,18.0,9.107753783201082,2.6888273307479222,1.1819021229916895,0.0,0.0,0.0,LONDON,28.9,467.3,4218,Q1
Y03035,7790,2282,29.293966623876766,38.97227337157391,0.0,18.28,9.991952386633931,11.273269539548204,2.7582103666299256,0.9153352987616276,0.0,0.0,LONDON,21.5,359.4,7659,Q2
Y03052,3700,2795,75.54054054054055,57.59081706072319,0.0,21.75,9.584779101479224,13.985896345350456,2.4756305121460622,4.254416879674042,0.0,0.0,EAST OF ENGLAND,27.1,344.8,5103,Q4
Y03663,1683,842,50.02970885323826,41.434727228380176,0.0,25.79,9.15076728044128,6.96267468600743,1.0755351148062977,0.934017335927826,0.0,0.0,LONDON,24.6,440.9,4204,Q4
Y03755,4234,1477,34.88427019367029,47.71053299952832,0.0,17.43,9.529823875727136,5.652212092752921,4.165405340437126,3.0998365323000545,0.0,0.0,LONDON,22.6,289.1,4055,Q3
Y04273,2534,613,24.19100236779795,55.29706263347688,0.0,20.63,9.925709636206731,3.877665622083759,0.978023007991263,1.956046015982526,0.0,0.0,LONDON,21.9,275.6,5670,Q1
Y04662,544,333,61.213235294117645,41.679296756592905,1.0,15.65,8.616721734131138,4.699648455166795,8.931939227809714,5.310882782781877,0.0,0.0,SOUTH WEST,34.0,579.9,3656,Q4
Y05317,1601,669,41.78638351030606,44.26143011172031,0.0,26.9,8.885394780926815,10.776398947271302,2.767910688748443,2.2143285509987543,0.0,0.0,LONDON,28.6,447.4,3247,Q4
Y05318,1511,461,30.50959629384513,38.56281570800065,0.0,26.86,8.682566376980235,12.114705465743748,2.983472241842068,0.0,0.0,0.0,LONDON,22.3,474.3,2668,Q2
Y07014,1951,871,44.64377242439775,25.693897409758584,0.0,19.84,9.550116667986098,0.7593915370559339,4.214623033294573,4.714971765822634,0.0,0.0,SOUTH EAST,24.3,356.4,5069,Q4
Y07059,8218,3538,43.05183743003164,56.10946366855826,0.0,24.0,9.865590962344978,6.723358216682895,12.657362330152546,9.306069457968194,0.0,0.0,EAST OF ENGLAND,21.8,259.9,4997,Q4
Y07060,5468,1723,31.51060716898317,37.58464771689982,0.0,33.75,10.133646438744243,1.4405253678106134,0.0,0.0,0.0,0.0,EAST OF ENGLAND,25.4,291.4,7021,Q2
D81004,270,88,32.592592592592595,37.44953346492015,1.0,9.64,9.545931267949848,27.01427447799252,5.090198508209613,9.22717632152134,0.0,1.0,EAST OF ENGLAND,28.4,626.1,9146,Q2
D81021,5442,3316,60.93348033811099,48.11297655365923,1.0,17.23,9.442582406275651,16.71548711655469,9.80901229403254,5.073627048774204,0.0,1.0,EAST OF ENGLAND,25.0,401.0,5229,Q4
D81025,1797,950,52.86588759042849,32.05212717407839,0.0,11.01,9.173624519039524,8.717464598786243,4.5645521033248615,10.125006483738783,0.0,0.0,EAST OF ENGLAND,29.3,488.8,4535,Q4
D81026,2840,987,34.75352112676056,41.46675854288132,0.0,31.16,10.385803098956336,10.872148924803923,9.16973842251072,7.86095169877327,0.0,0.0,EAST OF ENGLAND,34.1,863.1,41405,Q3
D81027,687,302,43.95924308588064,47.29857819905213,1.0,11.29,8.979311647568487,11.053482561787373,5.274762193897906,3.023749028830608,0.0,1.0,EAST OF ENGLAND,34.7,615.1,4951,Q4
D81031,8775,3940,44.9002849002849,61.391023559548294,1.0,13.37,9.913012875594529,11.398110583292404,9.90519899132057,5.718601550658902,0.0,0.0,EAST OF ENGLAND,27.8,477.2,9912,Q4
D81037,397,97,24.43324937027708,40.58072551767087,0.0,9.9,9.345679504653615,9.945338487673864,3.516969815490097,7.988878456667469,0.0,0.0,EAST OF ENGLAND,23.1,323.9,3766,Q1
D81038,351,126,35.8974358974359,41.30731248530449,1.0,12.46,8.898422527011155,21.57254254516478,5.008822356650918,15.19039216802322,0.0,1.0,EAST OF ENGLAND,26.6,601.8,4395,Q3
D81046,5734,2758,48.09905824904081,57.13845516318063,0.0,19.38,9.855325316178757,8.842445839057344,6.379992566644078,11.06173748411779,0.0,1.0,EAST OF ENGLAND,21.5,416.1,8061,Q4
D81050,4842,2071,42.77158199091284,42.50122249388753,0.0,12.41,9.746185384203786,18.86602915086289,8.301677012488602,3.9635826343585263,0.0,0.0,EAST OF ENGLAND,23.3,396.7,6822,Q4
D81051,3576,1005,28.104026845637584,43.49784968257219,1.0,9.92,9.150802659259986,12.410670063680746,5.830326187645935,7.556781999575463,0.0,1.0,EAST OF ENGLAND,24.8,289.8,2819,Q2
D81081,350,148,42.285714285714285,30.904496156681056,1.0,11.55,8.55806318478453,11.007471642641152,6.194902643393117,16.53680623458074,0.0,1.0,EAST OF ENGLAND,26.5,757.4,4086,Q4
D81606,2946,1144,38.832315003394434,40.11411434308007,0.0,9.43,9.523160079932168,8.893602238759577,3.4014127852845992,7.313817630688779,0.0,1.0,EAST OF ENGLAND,25.6,457.2,6150,Q3
D81611,4032,1142,28.3234126984127,51.16179634157748,1.0,18.4,9.498159934975703,12.278311732636764,9.058754422016971,19.51731636699954,0.0,1.0,EAST OF ENGLAND,24.9,533.7,7246,Q2
D81622,286,111,38.81118881118881,68.20550882401452,0.0,33.98,9.537387377950218,9.402490025477094,17.382108347113398,1.4420996971590636,0.0,0.0,EAST OF ENGLAND,35.7,449.0,6615,Q3
D81629,251,61,24.302788844621517,44.43216820677648,0.0,28.08,8.72104518481606,8.264575148096293,4.741256268707437,6.742153412263651,0.0,0.0,EAST OF ENGLAND,38.5,548.9,3580,Q1
D81630,777,263,33.84813384813385,37.74770855522719,1.0,16.61,9.38704199984432,8.715509836374682,2.234746111332258,3.3297717072761936,0.0,0.0,EAST OF ENGLAND,31.4,503.2,6576,Q3
D81637,1855,696,37.52021563342318,52.81202348086947,1.0,9.39,9.512258134454616,15.24541880587083,6.565861954231211,2.011164922917668,0.0,0.0,EAST OF ENGLAND,32.2,509.5,7204,Q3
D82007,1086,319,29.37384898710865,41.3485081305618,0.0,46.36,10.134007167022135,15.829475779512348,5.431786672666692,12.71652201468462,0.0,0.0,EAST OF ENGLAND,27.3,668.6,16855,Q2
D82009,2189,776,35.44997715851987,41.84555968692865,1.0,23.75,8.898297298611466,14.791538584602772,10.273925814604825,5.15517908873557,0.0,1.0,EAST OF ENGLAND,23.4,469.9,3341,Q3
D82011,1378,298,21.6255442670537,30.5894803321641,0.0,23.12,9.78267493231938,13.947190250507786,4.393289701534643,2.617919206161137,0.0,0.0,EAST OF ENGLAND,27.3,566.0,10024,Q1
D82012,1565,311,19.87220447284345,30.09527119579662,0.0,21.11,9.583970756564328,17.728836891947694,5.175498967653131,3.3769213117687538,0.0,0.0,EAST OF ENGLAND,32.6,655.3,9626,Q1
D82017,3375,1186,35.14074074074074,27.67301382884126,0.0,22.3,9.333751981891382,11.808900870641269,3.983441610465373,3.865588309541698,0.0,0.0,EAST OF ENGLAND,28.2,393.8,4452,Q3
D82026,777,197,25.353925353925355,45.621448645100415,0.0,25.1,9.10009758704378,12.296927629752313,5.508308987103859,3.364534678899082,0.0,0.0,EAST OF ENGLAND,34.1,681.9,5962,Q1
D82028,1724,511,29.64037122969837,35.65401827335447,1.0,22.71,8.67549239705554,17.93686247058656,7.375055127968019,24.21931683885562,0.0,1.0,EAST OF ENGLAND,21.8,697.4,4128,Q2
D82030,353,112,31.72804532577904,44.74578925000559,1.0,17.26,9.091678825542184,8.707646402747413,20.417929495087872,11.289913954941683,0.0,1.0,EAST OF ENGLAND,34.2,667.8,5970,Q2
D82037,1292,419,32.43034055727554,43.36183978732264,1.0,14.01,9.337017074802686,14.871591559843182,5.755987255186996,17.831813576494426,0.0,1.0,EAST OF ENGLAND,40.8,671.1,7512,Q2
D82039,1947,542,27.837699024139702,31.26006595597822,1.0,16.33,9.063762336057245,11.325466282769998,11.949169714103764,4.060247590578836,0.0,1.0,EAST OF ENGLAND,21.4,668.6,5791,Q2
D82044,802,230,28.67830423940149,39.50813621263973,0.0,24.61,10.32906569727485,10.82191258792205,10.691107127852463,12.539507834495826,0.0,1.0,EAST OF ENGLAND,25.4,864.2,25958,Q2
D82047,3122,999,31.99871877001922,24.5083381253594,0.0,27.17,8.855782233641824,6.971892892679798,2.166836940768372,12.544845447979284,0.0,0.0,EAST OF ENGLAND,25.0,486.4,3266,Q2
D82048,1015,263,25.911330049261085,23.854462762933483,0.0,16.17,9.419804113233836,6.271880617726173,10.618942701234102,6.012354523188386,0.0,0.0,EAST OF ENGLAND,26.8,468.3,5863,Q1
D82049,357,99,27.73109243697479,41.179300217732546,1.0,21.66,8.190077049719049,12.279241791955618,14.498381875173369,43.12528894868238,0.0,1.0,EAST OF ENGLAND,24.9,861.6,3012,Q2
D82056,2994,1395,46.59318637274549,44.923275155206746,1.0,19.28,9.185876899797808,15.919385141246796,13.144321092399656,32.43723313783092,0.0,1.0,EAST OF ENGLAND,22.3,857.8,8546,Q4
D82059,767,251,32.72490221642764,36.987422863984776,0.0,20.98,9.392509139320646,15.83575268527136,5.245245801164066,5.245245801164066,0.0,1.0,EAST OF ENGLAND,24.3,687.0,8231,Q2
D82062,358,86,24.022346368715084,30.587981753528968,1.0,13.07,9.085041664278137,16.050175691615973,9.037669550383496,11.848717271319,0.0,1.0,EAST OF ENGLAND,34.5,1067.7,9413,Q1
D82078,285,84,29.473684210526315,35.16471968754926,1.0,10.18,9.197018697859692,20.052021753876296,5.675100496571294,11.458298144782622,0.0,1.0,EAST OF ENGLAND,32.7,608.1,6094,Q2
D82084,415,201,48.43373493975904,41.21716448590182,1.0,16.64,8.981105388838156,7.622289529119549,8.317176185375772,14.655669326011088,0.0,1.0,EAST OF ENGLAND,24.8,884.3,7164,Q4
D82087,457,101,22.100656455142232,42.34575442883323,0.0,36.33,8.841014310483892,10.87962962962963,2.7777777777777777,6.983024690393519,0.0,0.0,EAST OF ENGLAND,44.2,641.2,4405,Q1
D82096,2025,1186,58.5679012345679,49.507784825768184,0.0,36.73,9.051207858954928,7.316358235788403,3.59564614073828,4.220975905262541,0.0,0.0,EAST OF ENGLAND,33.5,672.0,5641,Q4
D82100,134,23,17.16417910447761,43.78189786915026,1.0,17.61,8.406149892622913,16.687153127723768,2.026297163928931,5.602115691138676,0.0,1.0,EAST OF ENGLAND,30.5,710.4,3253,Q1
D82104,3197,1166,36.47169221144824,54.17223213617858,1.0,18.56,9.162846866781036,11.414789310519602,13.254801894541831,17.64510547494626,0.0,1.0,EAST OF ENGLAND,21.4,423.6,4028,Q3
D82106,1707,400,23.43292325717633,28.61282720845806,0.0,22.51,8.687160975848462,8.283930480904438,6.2545699971876925,1.5748917273187468,0.0,0.0,EAST OF ENGLAND,20.5,508.4,3046,Q1
D82604,600,192,32.0,37.80293501048218,1.0,23.93,8.15543391556814,19.680761961375545,7.811041711537082,26.879172948524666,0.0,1.0,EAST OF ENGLAND,51.9,1155.9,4108,Q2
D82621,1106,198,17.90235081374322,32.577166232800295,1.0,22.63,8.793371852609589,8.982740089776822,8.497186571410507,17.237149902004173,0.0,1.0,EAST OF ENGLAND,35.3,852.2,5905,Q1
D82628,130,29,22.307692307692307,30.93358737071312,1.0,18.48,8.277221335120533,16.13593508167546,3.661094514714295,5.491641772071442,0.0,1.0,EAST OF ENGLAND,23.0,647.5,2651,Q1
D83002,1985,457,23.02267002518892,17.823011046295147,0.0,40.19,9.643236886178974,10.551009156027373,5.448471941450547,8.23324648973547,0.0,0.0,EAST OF ENGLAND,26.4,603.0,9308,Q1
D83004,2359,933,39.55065705807546,45.85385878489327,0.0,18.41,9.24258972619168,21.637497676647865,5.31900301033623,1.3168405509428482,0.0,0.0,EAST OF ENGLAND,24.2,521.7,5313,Q3
D83005,230,72,31.30434782608696,49.02146600617417,0.0,15.48,9.559393846158384,15.950437029043009,4.439036720097339,5.830938063446719,0.0,1.0,EAST OF ENGLAND,36.6,705.2,9797,Q2
D83006,325,126,38.76923076923077,35.725064673756826,1.0,16.41,8.882634597395082,12.58254403219651,6.772369288415502,19.39192080491274,0.0,1.0,EAST OF ENGLAND,24.5,698.8,5293,Q3
D83007,123,39,31.70731707317073,40.92879643202445,1.0,14.63,9.143158359893194,10.038947265581134,9.183355168043636,8.156644654421006,0.0,1.0,EAST OF ENGLAND,25.4,841.0,8035,Q2
D83010,153,47,30.71895424836601,27.373365494477593,1.0,25.88,8.752357535957074,21.921561910232263,4.510782932799347,6.7872528235867575,0.0,1.0,EAST OF ENGLAND,41.1,789.1,5092,Q2
D83012,5902,1998,33.852931209759404,23.955110439853172,0.0,16.69,10.078420771545916,7.841052189729958,3.302084790961243,12.480761160067164,1.0,1.0,EAST OF ENGLAND,22.4,425.4,12006,Q3
D83013,315,106,33.65079365079365,37.989879804555535,0.0,14.55,9.50932087608576,16.097096736333413,4.350566685535601,2.877306603715285,0.0,1.0,EAST OF ENGLAND,25.9,615.4,8425,Q2
D83015,4803,1900,39.55860920258172,37.33094100085943,0.0,18.47,9.05078762723493,12.38673352570306,10.430092501686168,9.634126077241136,0.0,0.0,EAST OF ENGLAND,25.2,503.7,4191,Q3
D83017,1624,1274,78.44827586206897,63.96920705765248,1.0,12.71,9.532448025442951,9.777541605758316,4.792154779353155,12.676022318784568,0.0,1.0,EAST OF ENGLAND,43.0,548.9,7586,Q4
D83018,3041,1067,35.08714238737257,64.78000731064468,0.0,19.18,9.447248751866104,17.220523543684536,7.680218834158562,6.081049980865209,0.0,1.0,EAST OF ENGLAND,30.7,393.3,5078,Q3
D83019,606,235,38.77887788778878,26.872585388356047,1.0,15.27,8.954243095518843,17.01834467401602,5.822065282060115,19.981052449401428,0.0,1.0,EAST OF ENGLAND,27.2,749.2,5941,Q3
D83021,1502,679,45.206391478029296,44.30663515192865,0.0,17.77,9.864209504405896,7.266549948690391,5.325105306037546,3.979961518140373,0.0,0.0,EAST OF ENGLAND,30.8,515.9,10521,Q4
D83024,1786,758,42.44120940649496,39.37392827173556,0.0,18.67,9.520376959944748,10.842883074497148,7.999168790040155,6.434539198738517,0.0,0.0,EAST OF ENGLAND,22.9,614.9,8564,Q4
D83026,2241,789,35.20749665327978,51.848560020163696,1.0,16.28,9.147879690633577,8.861922756932247,10.048432593538772,20.114038971738783,0.0,1.0,EAST OF ENGLAND,20.7,427.3,3847,Q3
D83027,3908,1388,35.51688843398158,37.473139882252234,0.0,13.59,9.392231280498924,14.79906581750476,8.613637491142018,9.826903414525695,0.0,1.0,EAST OF ENGLAND,26.0,490.1,5728,Q3
D83029,316,86,27.21518987341772,56.003794964990114,0.0,14.1,9.56210578386106,16.995234159295148,7.522173176934034,8.253756104320912,0.0,1.0,EAST OF ENGLAND,24.3,531.9,7430,Q2
D83040,263,79,30.03802281368821,36.97703035274815,0.0,16.08,9.311195754745215,15.4293549498998,1.4465020266096102,7.232510133048051,0.0,1.0,EAST OF ENGLAND,26.4,614.1,6899,Q2
D83041,4942,1673,33.85269121813031,37.89976452512567,1.0,13.51,9.181452094882395,14.584356210082088,5.626892427883997,14.465230779444688,0.0,1.0,EAST OF ENGLAND,22.5,406.1,4074,Q3
D83045,1811,949,52.40198785201546,58.24795646330447,1.0,18.64,8.613215238994686,9.205565732281556,3.876027678471392,9.6900691925447,0.0,1.0,EAST OF ENGLAND,27.5,452.7,2496,Q4
D83046,8630,4283,49.62920046349942,55.55233772006627,0.0,13.85,10.302121044872996,10.98922926893936,8.394933283102455,4.237740840891738,0.0,0.0,EAST OF ENGLAND,22.4,302.3,8953,Q4
D83048,479,261,54.48851774530272,56.826682926257284,0.0,17.09,9.749685423069248,8.288221745308233,7.852817975566851,8.288221745308233,0.0,0.0,EAST OF ENGLAND,31.6,783.2,13955,Q4
D83050,9660,4126,42.71221532091097,34.92976887810836,0.0,24.38,10.265108163145644,7.420542899084913,8.089227615982264,7.708448821065892,0.0,0.0,EAST OF ENGLAND,24.5,431.8,12212,Q4
D83054,294,88,29.931972789115648,51.94514615662216,1.0,17.08,8.822776575003704,27.463932715329364,6.915096076616122,10.922708575848734,0.0,1.0,EAST OF ENGLAND,35.5,850.7,5862,Q2
D83056,146,82,56.16438356164384,37.51896445979534,0.0,31.93,9.275878393446838,8.891108891733268,4.695304695929071,19.03096903096903,0.0,0.0,EAST OF ENGLAND,30.5,705.6,7802,Q4
D83061,364,106,29.12087912087912,30.50316204804838,1.0,16.79,9.204649207980893,7.777470478968145,3.915554103537576,14.106722315138413,0.0,1.0,EAST OF ENGLAND,24.9,657.4,6560,Q2
D83062,2920,854,29.246575342465757,64.58722097555214,1.0,23.18,8.931254578749758,9.094814765854789,5.181929343335867,4.3711512832545685,0.0,0.0,EAST OF ENGLAND,31.9,1323.6,9981,Q2
D83078,807,500,61.95786864931846,48.21253023328392,1.0,16.8,9.221445151708288,5.749134663589913,13.080599966375472,12.605900774023404,0.0,1.0,EAST OF ENGLAND,34.4,626.7,6427,Q4
D83080,1241,528,42.54633360193392,48.652202498356345,0.0,8.35,8.689029413156685,10.554534099285604,6.826762481999748,10.105404988140185,0.0,1.0,EAST OF ENGLAND,29.7,462.3,2755,Q4
D83081,4380,1301,29.70319634703196,41.49670295966876,0.0,22.18,9.054193256151692,11.877021391497486,5.891750769590461,16.888494187741106,0.0,0.0,EAST OF ENGLAND,22.7,335.9,2794,Q2
E81002,1705,829,48.6217008797654,51.596154953088124,0.0,9.92,9.22373361408718,9.695933167129864,6.328010655988424,1.368218519627029,0.0,0.0,EAST OF ENGLAND,39.0,524.6,5355,Q4
E81004,635,171,26.929133858267715,40.75328959162454,0.0,12.54,9.382309920032986,7.508437590462893,7.039160241374713,7.1065206247675725,0.0,0.0,EAST OF ENGLAND,53.1,1224.8,15167,Q1
E81005,2472,1720,69.57928802588997,56.51775626736694,0.0,38.07,9.308608294555768,14.623350530474124,4.084869816830449,8.701497835955616,0.0,0.0,EAST OF ENGLAND,25.7,357.7,3863,Q4
E81006,2787,1341,48.11625403659849,58.557559824525285,0.0,19.24,9.148012738357991,15.666657796344094,0.4541060224037463,0.0,0.0,0.0,EAST OF ENGLAND,21.1,608.0,5787,Q4
E81009,1359,268,19.72038263428992,30.16690422548163,0.0,16.47,9.420060902958252,11.632432431891893,5.556756756486487,3.0486486486486486,0.0,0.0,EAST OF ENGLAND,25.5,678.5,8442,Q1
E81010,2525,1241,49.148514851485146,55.454468731538526,0.0,26.79,9.148597938140613,8.657004830208749,3.715817932721712,5.899924654700173,0.0,0.0,EAST OF ENGLAND,25.6,446.6,4111,Q4
E81013,4150,1136,27.373493975903614,30.184180233514226,0.0,27.3,9.710918670790624,9.310924879749042,3.459267228999652,2.8773344240532226,0.0,0.0,EAST OF ENGLAND,21.3,381.9,5767,Q2
E81014,700,130,18.571428571428573,58.43077269570766,0.0,18.46,9.82888073803253,10.415450782864786,4.309841703105779,1.9394287663976009,0.0,0.0,EAST OF ENGLAND,27.1,608.5,11257,Q1
E81015,5708,2358,41.3104414856342,34.456938377882764,0.0,9.21,9.565996463727918,9.30547607717192,5.661765564599952,11.388931061230686,0.0,1.0,EAST OF ENGLAND,24.5,364.2,5249,Q3
E81016,2242,1058,47.1900089206066,38.08705219005707,0.0,31.64,8.763532300333637,16.9254820224075,4.752475247524752,2.918186554455445,0.0,0.0,EAST OF ENGLAND,22.0,493.6,3183,Q4
E81019,5278,1232,23.342175066313,45.9016535778319,0.0,25.44,10.018845427644232,10.847014619856989,2.388006504644584,7.888737905593549,0.0,0.0,EAST OF ENGLAND,22.7,456.9,10535,Q1
E81021,4865,2061,42.36382322713258,62.625153161597076,0.0,22.13,9.957111254413585,7.936150634899948,4.069172778087125,3.203525773454808,1.0,0.0,EAST OF ENGLAND,22.3,415.5,9420,Q4
E81022,6294,2586,41.08674928503336,31.584615548660206,1.0,11.93,9.885764760881557,3.637227292437146,3.718657754215722,5.835849760458725,0.0,0.0,EAST OF ENGLAND,24.1,403.7,7826,Q3
E81024,1622,641,39.51911220715167,39.263565891472865,1.0,13.41,8.720827672342223,13.457655231879922,10.354719854794633,8.875474160786395,0.0,1.0,EAST OF ENGLAND,19.8,423.6,2572,Q3
E81026,3320,1618,48.73493975903615,58.10564663023679,0.0,19.12,9.187438446814324,16.143455555536605,4.883913270294928,1.7374726086474592,0.0,0.0,EAST OF ENGLAND,22.2,426.1,4256,Q4
E81027,2007,844,42.05281514698555,44.74985391288713,0.0,22.69,9.502941575638872,8.358780762365585,1.4727375633905304,2.945475125288421,0.0,0.0,EAST OF ENGLAND,23.2,484.2,6598,Q4
E81031,420,165,39.285714285714285,59.455238972941146,1.0,16.57,8.552978523219027,9.262534975718006,2.3156337439295016,7.204193869359663,0.0,1.0,EAST OF ENGLAND,32.2,617.0,3206,Q3
E81035,2821,1094,38.78057426444524,45.574611268398975,0.0,17.57,9.158204617555654,9.720529816687735,0.0,7.85503581963759,0.0,1.0,EAST OF ENGLAND,25.8,571.9,5746,Q3
E81036,4221,2976,70.5046197583511,62.170349733574966,0.0,13.93,9.48968150530888,0.6614945385105028,0.6050254930012415,6.9981282021289335,0.0,0.0,EAST OF ENGLAND,29.1,434.1,5677,Q4
E81041,3084,1594,51.68612191958496,30.683399474308096,0.0,32.37,9.545883605779304,3.8321298348466426,2.5166225781082434,4.28969757632087,0.0,0.0,EAST OF ENGLAND,22.8,359.6,5002,Q4
E81044,3052,1159,37.975098296199214,21.758409224441834,0.0,11.22,9.908955907127911,2.9836397089293705,3.805798206335261,5.304248371098476,0.0,0.0,EAST OF ENGLAND,19.4,386.6,7545,Q3
E81046,3259,1188,36.45289966247315,41.92084849645662,1.0,10.23,9.395491255780296,10.19334108941333,3.83358262755526,2.3489003373774304,0.0,1.0,EAST OF ENGLAND,24.4,656.1,7999,Q3
E81047,4871,1402,28.782590843769245,57.77516763555807,0.0,18.98,9.798936894040631,10.006707528807684,6.060967981311439,5.466166336902973,1.0,0.0,EAST OF ENGLAND,18.0,405.9,7321,Q2
E81048,2522,1618,64.15543219666931,44.05046862200662,0.0,35.9,9.281590693504349,20.752067310145737,3.724915025375984,9.436451398239978,0.0,0.0,EAST OF ENGLAND,21.3,400.8,4422,Q4
E81050,800,163,20.375,33.03906635487954,1.0,11.32,9.448083495658109,17.786421033862002,7.232303589083217,10.9746002128694,0.0,1.0,EAST OF ENGLAND,27.2,465.1,5952,Q1
E81063,2470,1372,55.54655870445344,67.38050926680332,0.0,36.3,9.08401154988216,12.042473927325334,3.4493518282132016,2.6929150245369184,0.0,0.0,EAST OF ENGLAND,26.9,504.4,4730,Q4
E81069,1285,920,71.59533073929961,32.992052198660325,1.0,14.7,8.520803333670367,15.995603041665976,3.4010329315641763,0.0,0.0,0.0,EAST OF ENGLAND,21.9,442.5,2181,Q4
E81073,3224,2460,76.30272952853598,44.06087373743587,0.0,33.02,9.797918681840564,8.564747285128846,2.607950730846704,4.163830428005834,0.0,0.0,EAST OF ENGLAND,26.2,361.5,6577,Q4
E81612,1596,698,43.734335839599,43.756749460043196,0.0,33.46,8.67674355240465,3.819321104306683,4.410406512169824,2.2734054203668705,0.0,0.0,EAST OF ENGLAND,23.9,584.9,3274,Q4
E81615,514,131,25.4863813229572,30.71594371101117,0.0,35.83,8.340913346668426,9.351330934536708,0.8269884484026798,7.061209073017514,0.0,0.0,EAST OF ENGLAND,25.9,461.1,1966,Q1
E81617,1640,349,21.28048780487805,54.10989010989011,0.0,18.09,8.570939308506505,5.559679687899799,5.104796804447744,0.0,0.0,0.0,EAST OF ENGLAND,24.8,436.0,2311,Q1
E82001,5246,1644,31.338162409454824,38.92997646802286,0.0,8.99,10.680422342938936,11.096827095953456,3.1696461926885866,4.519044891417011,0.0,1.0,EAST OF ENGLAND,21.1,326.1,14300,Q2
E82002,655,192,29.31297709923664,59.15316278687176,0.0,17.38,9.26198360512802,16.81544792592593,3.418803418803418,6.685660018993352,0.0,0.0,EAST OF ENGLAND,29.5,701.6,7620,Q2
E82007,1879,607,32.30441724321447,57.74602227783757,0.0,9.73,9.429288467996225,7.390943416436816,3.256299708646869,1.606726829660177,0.0,0.0,EAST OF ENGLAND,29.2,579.4,6857,Q2
E82009,4098,768,18.740849194729137,29.117891902447045,0.0,17.95,9.924645470161654,5.554558360067229,3.3679813325065675,1.344581694434019,1.0,0.0,EAST OF ENGLAND,21.3,520.5,12242,Q1
E82019,427,125,29.27400468384075,37.60493199060288,0.0,9.12,9.653657735959412,19.69359808284834,3.320780555032523,1.0270455323519343,0.0,1.0,EAST OF ENGLAND,22.3,599.2,9504,Q2
E82023,3487,2057,58.99053627760252,58.8280180443028,0.0,17.19,9.42508878250201,15.202781237545883,5.227703602113671,3.5496752853858253,0.0,0.0,EAST OF ENGLAND,21.9,271.2,3305,Q4
E82024,3163,869,27.473917167246285,64.62454431363174,0.0,11.35,9.721595903318669,14.601721257059468,5.165778715552313,3.1826314680687307,0.0,0.0,EAST OF ENGLAND,20.7,336.4,6024,Q2
E82042,3113,1101,35.36781239961452,67.5237411595806,0.0,27.26,9.171894025590218,8.775239447148275,3.851949355872317,0.0,0.0,0.0,EAST OF ENGLAND,23.3,360.9,3344,Q3
E82043,5757,3260,56.62671530310926,58.932358261086506,1.0,12.6,9.616177633049064,14.501268972104828,5.171408420199148,4.176223294218262,0.0,0.0,EAST OF ENGLAND,23.3,485.0,7368,Q4
E82044,2689,1133,42.13462253625883,43.23106470993795,0.0,8.51,9.559576046373415,14.461853099354718,3.253446796976927,2.5388168643260967,0.0,0.0,EAST OF ENGLAND,24.5,439.3,6405,Q4
E82046,3099,818,26.39561148757664,54.07292910841003,0.0,12.73,9.287949351303164,5.956633047099103,1.4805218839640977,3.9480583566207086,0.0,0.0,EAST OF ENGLAND,21.4,355.4,3739,Q1
E82056,2051,722,35.202340321794246,26.12746842198897,0.0,19.19,9.211448091561577,12.945651902474758,3.3030058345333924,1.0654857526241748,0.0,0.0,EAST OF ENGLAND,22.8,429.1,4482,Q3
E82059,394,62,15.736040609137056,36.359710676886536,0.0,8.55,9.266901848425194,12.600111826622465,2.570422812502461,1.4616129711851191,0.0,0.0,EAST OF ENGLAND,24.2,493.7,5155,Q1
E82061,2590,1003,38.72586872586873,50.57857911733046,0.0,15.97,9.543772277184516,11.503874858678133,5.674368619022031,1.0030449579079348,0.0,0.0,EAST OF ENGLAND,28.8,640.7,9165,Q3
E82066,476,97,20.3781512605042,24.781688994955797,0.0,10.61,8.22371658525612,5.7219490406794815,2.4318283397407243,1.0013410835940992,0.0,0.0,EAST OF ENGLAND,23.5,554.6,2068,Q1
E82067,5386,1789,33.215744522836985,32.68042575285566,0.0,6.62,9.717875588284093,6.276618692605207,4.334237971737156,0.7063202624621883,0.0,0.0,EAST OF ENGLAND,22.1,332.3,5522,Q2
E82071,5751,1984,34.498348113371584,41.3922776787133,0.0,5.2,9.743005762346629,14.996869128052598,2.332498434956168,2.34815278647464,0.0,0.0,EAST OF ENGLAND,17.2,197.4,3406,Q3
F81656,125,37,29.6,20.702612951149174,0.0,37.88,7.922804782879556,10.146765718427252,3.768798695415836,0.0,0.0,0.0,EAST OF ENGLAND,25.1,646.5,1772,Q2
G82203,2658,1488,55.98194130925508,37.67010732809531,0.0,28.32,9.286313270739416,5.734058328596143,4.275827978868017,1.4829461196243203,0.0,0.0,SOUTH EAST,24.4,329.8,3490,Q4
G82219,137,61,44.52554744525548,43.507963290670396,0.0,18.53,8.40230595887188,5.02542626383488,5.204905773257553,2.692192641340114,0.0,0.0,SOUTH EAST,28.8,908.4,4403,Q4
G82224,141,45,31.91489361702128,33.68955767479753,1.0,18.39,8.25220715978544,7.438142204070992,4.1709208611213695,0.0,0.0,0.0,SOUTH EAST,28.6,610.0,2371,Q2
G82229,2042,980,47.99216454456416,36.926291891334074,1.0,19.69,8.91863912233059,3.337832863820435,6.175883264650431,7.2825444282064735,0.0,1.0,SOUTH EAST,24.2,439.1,3244,Q4
G82604,633,170,26.856240126382307,38.630839581445166,0.0,19.85,9.649234883278435,7.805758681488726,4.384291770318989,6.636614209618577,0.0,0.0,SOUTH EAST,28.0,535.2,8277,Q1
G82658,840,478,56.90476190476191,34.00620537549998,1.0,18.79,8.55464952846019,7.96378230919891,0.0,9.092952319794511,0.0,1.0,SOUTH EAST,27.8,587.1,3014,Q4
G82697,1598,575,35.98247809762203,28.575608043533382,0.0,30.9,9.223741836520444,2.2364926526282902,1.9996875481627048,3.5520765669837773,1.0,0.0,SOUTH EAST,29.7,574.8,5603,Q3
G82721,236,110,46.61016949152543,43.091321610890525,0.0,12.56,8.12340958808191,5.930318754633062,6.00938966938473,7.116382505559675,0.0,0.0,SOUTH EAST,27.0,663.8,2148,Q4
G82730,2476,1178,47.576736672051695,40.5420054200542,0.0,12.72,9.439452741069635,16.675423130591525,5.4076263436228444,4.241275564155919,0.0,0.0,SOUTH EAST,21.1,416.2,5300,Q4
G82763,127,51,40.15748031496063,41.30049261083744,0.0,31.16,8.005116785748594,6.4080100125156445,0.0,6.942010850229454,0.0,0.0,SOUTH EAST,26.7,626.2,1891,Q3
G82768,1924,575,29.885654885654887,37.350125944584384,0.0,10.47,8.906890189274748,11.842595586057431,10.178797181686834,0.0,0.0,0.0,SOUTH EAST,20.5,337.1,2679,Q2
G82796,139,43,30.93525179856115,35.59691353277449,0.0,18.82,8.923235910452863,9.34286856482921,2.132101452494114,12.934748812241818,0.0,0.0,SOUTH EAST,21.6,491.4,3641,Q2
G82888,909,275,30.25302530253025,29.893788652863673,0.0,6.93,8.73435891104391,3.948868591203573,4.249325982857832,4.3566321950826925,0.0,0.0,SOUTH EAST,22.8,472.3,2854,Q2
G83001,2708,919,33.93648449039882,42.58083182640144,0.0,19.54,9.434023777542858,15.78872209007136,4.477582105662942,1.641780105942791,0.0,0.0,LONDON,27.2,452.0,5503,Q3
G83009,2592,892,34.41358024691358,23.884546419929322,0.0,11.52,9.3792529849155,14.718261286017936,6.328739742402274,2.995453329204263,0.0,0.0,LONDON,24.4,438.3,5002,Q3
G83013,1726,540,31.286210892236383,45.21285391441748,0.0,19.11,8.932619631417168,15.06694095862532,3.30909450853126,6.195751422756625,0.0,0.0,LONDON,25.8,431.1,3431,Q2
G83015,245,78,31.836734693877556,41.12349358559025,0.0,24.83,8.972305239413815,4.060012053160783,2.639007834554509,1.6240048212643132,0.0,0.0,LONDON,29.1,557.0,4194,Q2
G83016,2722,1121,41.18295371050698,25.70694087403599,0.0,21.53,9.333074095691352,5.943834303825459,2.28790447350188,1.7689983047099578,0.0,0.0,LONDON,25.1,322.7,3735,Q3
G83025,210,43,20.476190476190474,36.42494800878506,0.0,12.87,9.33212280677071,10.765746157989096,3.210836573730458,4.53294575073225,0.0,0.0,LONDON,23.5,481.9,5386,Q1
G83027,3230,889,27.52321981424149,39.63264553764082,0.0,21.79,9.84792198708642,14.783501593107458,1.4095177683809923,4.651408636820128,0.0,0.0,LONDON,23.2,429.6,8948,Q2
G83028,1412,394,27.903682719546744,41.913381397964926,0.0,16.23,9.53079815424814,9.193678136828543,8.225922543745577,6.522672698525988,0.0,0.0,LONDON,22.7,426.6,6268,Q2
G83030,1306,555,42.49617151607964,42.7391874180865,0.0,25.85,8.783460087112534,18.79828874324756,2.4519507055743563,0.0,0.0,0.0,LONDON,25.8,359.7,2371,Q4
G83033,276,85,30.797101449275363,31.56658242266757,0.0,8.37,8.634487218638595,4.932781953844102,2.6561133603094844,3.699586464493752,0.0,0.0,LONDON,25.8,632.5,3494,Q2
G83049,2441,774,31.7083162638263,58.07104647086099,0.0,12.54,9.395525879301443,17.195127865496872,5.849888860421154,2.260184332435446,0.0,0.0,LONDON,20.4,397.7,5039,Q2
G83053,1421,453,31.8789584799437,40.566407014522255,0.0,15.74,9.948369295116075,8.870156204719205,2.218176458168173,10.810423200181663,0.0,0.0,LONDON,29.8,479.3,10237,Q2
G83058,1313,413,31.454683929931456,43.66846513126107,0.0,20.38,9.275417810371758,4.397629402587668,1.7490571482560182,0.4497575525693181,0.0,0.0,LONDON,35.8,488.8,5884,Q2
G83060,892,349,39.1255605381166,30.760303971848913,0.0,30.87,8.92764584103544,4.103924821227198,4.528468768159204,0.0,0.0,0.0,LONDON,25.8,416.3,3085,Q3
G83066,9704,3125,32.20321516900248,41.44131015578918,0.0,13.21,9.92855407895185,8.647172602441364,5.331339499374217,2.6916762836662707,0.0,0.0,LONDON,20.6,406.9,12487,Q2
G83067,6807,2197,32.27559864845013,39.859690378208896,0.0,28.49,10.375031661300442,9.923492950451388,3.036984648874652,0.5824354118650414,0.0,0.0,LONDON,20.5,365.3,11660,Q2
G83630,2864,836,29.18994413407821,27.08095577746077,0.0,26.72,9.445939364557738,3.3710824329734,4.445614958651568,3.434290228601528,0.0,0.0,LONDON,21.3,333.9,4159,Q2
G83641,415,193,46.506024096385545,41.249698431845594,0.0,23.58,8.092239406724211,14.520240645457328,7.994289795044357,0.0,0.0,0.0,LONDON,25.6,501.0,1778,Q4
G83642,2257,846,37.48338502436863,55.615604422909676,0.0,18.81,9.25957488185388,4.417084470394111,5.000951958494638,11.42349431998477,0.0,0.0,LONDON,18.2,413.9,4271,Q3
G83654,128,21,16.40625,36.340487449981815,0.0,28.58,8.655199971205903,6.504159469214129,2.369372377647759,0.0,0.0,0.0,LONDON,30.8,416.0,2365,Q1
G83673,687,234,34.06113537117904,45.925233644859816,0.0,23.97,8.71434862466846,7.794624773112923,2.6274016092834858,3.284252011604357,0.0,0.0,LONDON,31.9,699.4,4847,Q3
G84001,2325,477,20.516129032258064,47.152511046293355,0.0,9.82,9.527465948760824,15.477512579969778,2.446884046097548,1.320540596792106,0.0,0.0,LONDON,19.2,339.9,4524,Q1
G84002,1663,335,20.144317498496694,43.38422621736381,0.0,9.29,9.487245834800492,8.486565373092839,1.738636005180529,1.819502795590233,0.0,0.0,LONDON,19.1,385.1,5114,Q1
G84003,759,177,23.3201581027668,52.84272837346966,0.0,26.59,9.360339589252389,13.550996988380431,3.4097668248457897,4.315019366518434,0.0,0.0,LONDON,27.3,597.1,7105,Q1
G84004,2863,880,30.736989172197,44.94961757921573,0.0,11.6,9.170290648622217,9.631447927209017,2.609095403030645,1.8874307182818832,0.0,0.0,LONDON,18.0,429.8,4082,Q2
G84005,1735,631,36.36887608069164,74.34334763948497,0.0,23.11,8.535540511900964,5.236373157696651,3.351278819197853,0.0,0.0,0.0,LONDON,20.6,492.0,2586,Q3
G84007,2062,798,38.70029097963143,57.798596683783465,0.0,19.18,9.019613590038212,17.716285308028194,2.581608060264413,2.12982664905257,0.0,0.0,LONDON,19.2,417.7,3366,Q3
G84008,162,52,32.098765432098766,32.232516437537356,0.0,9.02,8.727102893693479,12.019347693679574,0.0,3.112924581835869,0.0,0.0,LONDON,27.7,487.7,3080,Q2
G84009,1045,399,38.18181818181818,41.87462989594789,0.0,6.87,8.347353412124338,9.291301258592084,4.61404756103342,1.7065655368570751,0.0,0.0,LONDON,23.0,528.5,2279,Q3
G84011,2843,923,32.46570524094267,39.83031186822656,0.0,10.52,9.04548538268086,6.792319333346437,1.7609716798018906,0.0,0.0,0.0,LONDON,18.4,444.5,3703,Q2
G84013,968,316,32.64462809917355,36.967343143154096,0.0,29.0,8.349839061744069,12.19371872325334,1.7023288804823264,2.2697718406431022,0.0,0.0,LONDON,21.1,388.0,1705,Q2
G84015,1083,237,21.88365650969529,49.43316550267988,0.0,5.94,9.286228306675303,13.397084836051013,1.3842006479171334,1.6313793343168983,0.0,0.0,LONDON,22.5,513.4,5434,Q1
G84016,1869,560,29.9625468164794,43.46790290386968,0.0,14.01,9.530556186077872,8.808707067898434,1.3939052942991452,0.92927019619943,0.0,0.0,LONDON,18.6,378.7,4968,Q2
G84019,2003,678,33.84922616075886,43.380824027724294,0.0,28.02,9.322693879570972,13.608502335162994,5.410035078536371,3.69407681653993,0.0,0.0,LONDON,16.7,407.4,4542,Q3
G84027,9387,4365,46.50047938638543,62.018392262565406,0.0,10.01,9.920336475534237,16.479977710076295,3.972500594072387,3.277640753857374,0.0,0.0,LONDON,19.2,328.7,10842,Q4
G84028,1860,689,37.043010752688176,48.318064200293726,0.0,12.3,8.871318220416732,8.159446055487976,0.9357162898849068,0.0,0.0,0.0,LONDON,20.4,350.6,2501,Q3
G84030,1820,1295,71.15384615384616,47.18322465157908,0.0,5.55,8.793055687062676,8.540349100935998,2.752339995952441,0.4047558805970149,0.0,0.0,LONDON,19.6,373.9,2561,Q4
G84040,2223,666,29.959514170040485,58.90747848120132,0.0,10.5,9.292718811242084,9.43025540275049,2.9223968562745584,0.0,0.0,0.0,LONDON,19.8,317.2,3380,Q2
G84604,175,48,27.428571428571427,30.21007357907084,0.0,11.62,9.013321334421644,9.15760952293969,2.110796522056809,0.0,0.0,0.0,LONDON,29.2,460.7,4054,Q2
G84625,2231,912,40.87852980726132,44.97264667043954,0.0,26.2,8.912843626136011,4.344655018682465,5.493654694179823,0.0,0.0,0.0,LONDON,21.7,342.1,2599,Q3
G84627,2320,861,37.11206896551724,32.99117457672058,0.0,8.1,8.877928215397434,13.013722506535911,3.234839594250724,2.0821956018265686,0.0,0.0,LONDON,17.7,472.3,3329,Q3
G84629,919,411,44.72252448313384,39.11353032659409,0.0,15.29,8.770387333409346,7.162819584929095,1.821757583065936,0.4140358130628299,0.0,0.0,LONDON,24.6,413.4,2715,Q4
G85001,1916,886,46.242171189979125,55.08859276614439,0.0,15.54,9.268389130082758,11.34841002767905,2.0130217349731074,1.887207875947536,0.0,0.0,LONDON,24.6,345.2,3535,Q4
G85004,10830,3888,35.90027700831025,37.84230949006922,0.0,28.73,10.49660028649588,12.956586010817231,2.0556887178884984,1.03889644882537,0.0,0.0,LONDON,23.1,359.4,12519,Q3
G85006,1644,645,39.23357664233577,64.26729892730538,0.0,30.06,9.11616704570892,7.032001098750172,2.0510003197363,3.516000549375086,0.0,0.0,LONDON,26.6,286.9,2571,Q3
G85011,4025,1149,28.546583850931675,52.16513923158266,0.0,19.22,9.941064286891354,7.709073398129942,2.7481038561740045,0.0,0.0,0.0,LONDON,25.3,246.1,4813,Q2
G85014,3868,1237,31.980351602895556,49.367349745564574,0.0,21.44,9.348760835260332,14.32645212756231,3.7151253486195257,1.3931720059500057,0.0,0.0,LONDON,21.6,319.2,3881,Q2
G85016,4015,1381,34.39601494396015,32.334980328780915,0.0,19.37,9.63426188572651,19.424825336918403,2.565542969026959,5.026369898501797,0.0,0.0,LONDON,26.2,376.3,5576,Q3
G85022,2544,865,34.00157232704402,55.358508828074996,0.0,24.78,9.655939237823992,13.218694461789712,3.9109574049345945,7.873150060361528,0.0,0.0,LONDON,34.8,493.4,7838,Q3
G85030,1371,585,42.669584245076585,39.45449635430732,0.0,27.1,8.743199308343923,10.593631589443596,2.978129361430565,1.53160938642558,0.0,0.0,LONDON,32.1,368.7,2227,Q4
G85032,317,128,40.37854889589905,62.68223829227735,0.0,25.93,9.381846710120431,4.447845223971752,0.0,4.717411601182161,0.0,0.0,LONDON,36.2,564.9,6625,Q3
G85038,8226,4659,56.63749088256747,37.61192378513795,0.0,21.53,10.884733906049345,12.450230919413304,3.2661374081750267,0.5647643874820972,0.0,0.0,LONDON,26.0,331.6,17231,Q4
G85039,1270,414,32.59842519685039,53.674562574139976,0.0,22.71,9.864252839284848,16.109132192610698,5.116871636202907,5.200072801019214,0.0,0.0,LONDON,49.0,365.5,7097,Q2
G85042,444,140,31.53153153153153,39.517403787218946,0.0,24.86,8.806623734402136,8.385325680059896,1.916645869727976,1.197903668579985,0.0,0.0,LONDON,28.6,570.9,3875,Q2
G85046,368,108,29.347826086956523,34.19669089222205,0.0,14.76,9.43342392149032,13.419471836310178,2.1974651807108425,1.6000960057603455,0.0,0.0,LONDON,23.3,423.7,5152,Q2
G85052,198,38,19.19191919191919,62.767336357744654,0.0,28.76,9.259789049436868,3.121753130874107,2.5887708890175523,0.0,0.0,0.0,LONDON,36.8,529.1,5508,Q1
G85057,2382,845,35.47439126784215,41.1649132834408,0.0,26.54,9.2042049218701,5.111263897506414,3.5416631730753103,7.002834001308,1.0,0.0,LONDON,28.5,486.2,6213,Q3
G85073,264,52,19.696969696969692,32.37107792757391,0.0,26.33,8.949116290586186,12.327269973705,3.635852098730698,6.925432568578016,0.0,0.0,LONDON,24.9,408.0,3002,Q1
G85076,624,117,18.75,45.56770942195592,0.0,27.41,9.203986898004008,3.300905736330091,4.29386111975847,0.0,0.0,0.0,LONDON,24.9,355.7,3382,Q1
G85085,2997,1001,33.40006673340007,34.1988787252877,0.0,20.82,9.459385560813043,11.64120153882133,0.9770294153414404,0.4989086373557842,0.0,0.0,LONDON,22.0,247.2,3268,Q2
G85086,888,268,30.18018018018018,43.56481640799752,0.0,22.23,9.198023158932653,7.181243725945111,0.0,2.969687255485906,0.0,0.0,LONDON,26.4,354.4,3883,Q2
G85102,499,84,16.83366733466934,24.317551538641453,0.0,23.83,9.160694842085777,6.207307246996182,1.1209584187480297,6.585630713560094,0.0,0.0,LONDON,28.3,228.4,2174,Q1
G85114,4051,1293,31.918044927178475,33.92086188458035,0.0,23.98,9.456399347861131,26.833988154576907,5.775458211458394,4.37850622568854,0.0,0.0,LONDON,23.3,359.5,4677,Q2
G85121,2622,707,26.96414950419527,30.267719568567028,0.0,29.63,9.165822319329422,5.576127206098889,1.394031802047484,5.018514484861686,0.0,0.0,LONDON,21.4,373.3,3768,Q1
G85123,565,148,26.194690265486727,36.66357117061342,0.0,24.51,9.251362346499103,13.24893421379724,4.991001799640072,1.919616076784643,0.0,0.0,LONDON,34.4,438.4,4432,Q1
G85125,1065,391,36.713615023474176,39.78570739084269,0.0,29.1,8.750089034173126,7.689971612596555,3.1266917551990496,9.21106489681125,0.0,0.0,LONDON,22.1,483.7,2950,Q3
G85129,1975,683,34.58227848101266,34.08943416051176,0.0,24.23,8.865099805663114,9.114233929807217,1.8077819363039327,4.444130592472283,0.0,0.0,LONDON,22.8,259.3,1965,Q3
G85130,2004,748,37.3253493013972,60.47615201324664,0.0,21.78,9.310102747245413,7.57830589234401,0.0,0.8688503571186146,0.0,0.0,LONDON,24.6,230.3,2355,Q3
G85132,4275,1914,44.77192982456141,51.046788401063296,0.0,20.38,9.64219313224788,1.7661095269272185,3.5495338527051667,2.735738287241698,0.0,0.0,LONDON,23.2,334.5,5225,Q4
G85134,179,54,30.16759776536313,45.9008906142955,0.0,27.69,9.0417639169739,4.103211551329599,0.0,2.367237433914622,0.0,0.0,LONDON,27.8,427.4,3777,Q2
G85136,2935,1191,40.57921635434412,73.37934072388224,0.0,19.38,9.565044207890578,4.526246267074247,0.7855468727168584,2.749414054509004,0.0,0.0,LONDON,30.3,338.9,5244,Q3
G85137,1120,218,19.464285714285715,35.25892631045834,0.0,21.41,9.13018724153961,20.360248110728897,1.3868197946856633,4.247135621224843,0.0,0.0,LONDON,26.6,347.0,3047,Q1
G85633,5791,2064,35.64151269210844,20.158370692178522,0.0,30.25,9.963668938883332,9.102072683502886,4.519649884066274,4.707968629235702,0.0,0.0,LONDON,21.9,273.5,5617,Q3
G85642,878,327,37.24373576309795,57.77597072575727,0.0,19.24,9.161298926238182,12.435124324986656,2.4086051627471403,3.640914779138259,0.0,0.0,LONDON,33.4,354.4,3443,Q3
G85644,1460,476,32.602739726027394,52.709256480932275,0.0,17.11,8.76072743237818,11.245672481285515,1.3377751659807957,4.473185708798746,0.0,0.0,LONDON,25.6,330.5,2063,Q2
G85647,342,102,29.82456140350877,41.17241811235674,0.0,22.95,8.909989499201336,14.511573474067989,2.5566295709318423,2.700665038765796,0.0,0.0,LONDON,37.3,517.2,3923,Q2
G85662,146,21,14.383561643835616,55.61102294041264,0.0,21.87,8.92844154428013,11.524270344004773,2.65128918936833,0.0,0.0,0.0,LONDON,37.3,479.0,3585,Q1
G85673,761,257,33.77135348226018,39.20158183615723,0.0,24.62,8.852223913363753,20.982605895635377,2.8612644404439727,0.0,0.0,0.0,LONDON,30.5,386.4,2698,Q2
G85674,231,56,24.24242424242424,45.788865292077745,0.0,16.82,8.793776398701755,6.53856946143054,2.9930356317858364,0.0,0.0,0.0,LONDON,29.5,418.2,3025,Q1
G85695,917,168,18.3206106870229,30.653699372153145,0.0,27.01,8.879553609042404,4.6402097370161135,1.484867115065601,0.0,0.0,0.0,LONDON,18.8,284.1,2021,Q1
G85698,3059,820,26.80614579928081,32.263148414985594,0.0,25.72,9.663250825045736,7.880219978383647,6.239072616532271,3.814650376696725,0.0,0.0,LONDON,20.0,297.9,4780,Q1
G85721,918,315,34.31372549019608,44.56821102882673,0.0,30.25,8.844095977021299,10.865384616346152,3.769230770192308,0.0,0.0,0.0,LONDON,24.5,379.2,2525,Q3
H81003,6948,3611,51.97179044329303,42.59415864764058,0.0,13.83,9.861384355682118,10.134921014667215,4.686556137067861,2.8786858168227547,0.0,0.0,SOUTH EAST,24.5,306.4,5880,Q4
H81016,738,176,23.848238482384826,38.08509437688683,0.0,7.5,9.242815629199573,12.15349989141746,3.355894191882931,4.930583006590783,0.0,0.0,SOUTH EAST,23.9,535.5,5458,Q1
H81028,3636,1281,35.23102310231023,47.9277418696855,0.0,10.62,9.326944935729472,25.10927684873295,5.709836029100941,5.662011152690948,0.0,1.0,SOUTH EAST,21.9,434.0,4876,Q3
H81030,6187,1570,25.37578794246,54.37074749760367,0.0,13.42,10.233144954161988,12.41268376197868,4.661180997249176,2.704079492265925,1.0,0.0,SOUTH EAST,22.0,495.7,14221,Q1
H81032,6423,2483,38.65794799937724,52.22398320434711,0.0,10.62,9.796375503839496,8.915049938503492,4.511599001586109,4.170260919386704,0.0,0.0,SOUTH EAST,23.2,270.1,4657,Q3
H81033,9203,4905,53.29783766163207,66.87704474612947,0.0,15.12,10.007494652740302,11.858358428574649,4.181655689319805,3.1843067750632725,0.0,0.0,SOUTH EAST,23.3,347.2,7963,Q4
H81034,2085,890,42.68585131894484,51.1117879987816,0.0,7.99,9.092091602882816,19.06667792003152,2.521173921607249,0.9004192577168744,0.0,0.0,SOUTH EAST,25.4,425.4,3752,Q4
H81038,593,167,28.161888701517707,43.159767141009056,0.0,5.5,8.204808506324085,10.93344266776001,2.332467770944376,0.0,0.0,0.0,SOUTH EAST,20.5,276.7,975,Q2
H81039,1687,508,30.11262596324837,37.488312107044976,1.0,9.71,8.79351093378897,8.258116718923839,1.6182866380095071,0.890057650450086,0.0,0.0,SOUTH EAST,21.5,393.9,2531,Q2
H81043,3747,1306,34.854550306912195,36.43946574752262,1.0,7.37,9.257390928667458,15.888441020821904,4.65571111694135,7.734077483244687,0.0,0.0,SOUTH EAST,25.6,336.3,3529,Q3
H81047,810,250,30.8641975308642,30.912717467587633,0.0,11.71,9.382008156115344,11.921894521386358,2.627847888035712,2.9647514634249053,0.0,0.0,SOUTH EAST,23.3,560.9,6731,Q2
H81048,3847,1306,33.94853132310892,62.74193095311666,0.0,11.13,9.272454080630729,10.274884485550944,0.0,4.410682121387736,0.0,0.0,SOUTH EAST,25.9,338.1,3580,Q3
H81053,701,152,21.683309557774606,38.38289370204264,1.0,10.88,9.073756706856082,10.497516240733663,2.262132213221246,6.113870845242643,0.0,0.0,SOUTH EAST,33.3,533.4,4748,Q1
H81055,873,224,25.65864833906071,39.97002199684647,0.0,11.06,9.120916997548958,10.573253747664827,3.499339317446576,1.6038638531006515,0.0,0.0,SOUTH EAST,34.1,670.2,5866,Q1
H81057,1544,373,24.1580310880829,47.188734677337656,0.0,13.86,8.981314973128486,9.522512234039208,4.727726143948364,4.090656664396408,0.0,0.0,SOUTH EAST,36.9,512.7,4042,Q1
H81058,617,197,31.92868719611021,30.642098032084697,0.0,11.37,9.198925469160883,8.098855342133211,3.209764157184039,0.3236736964547615,0.0,0.0,SOUTH EAST,30.9,609.6,6283,Q2
H81064,5237,1756,33.53064731716632,62.91601973835913,1.0,10.98,9.55420190702925,13.502901102773476,6.144901503846471,8.773028609007007,0.0,1.0,SOUTH EAST,23.5,306.5,4305,Q2
H81065,3600,1729,48.02777777777778,52.942212205514664,0.0,9.45,9.20221579009525,9.66917305933848,4.516546387855061,4.032630703442018,0.0,0.0,SOUTH EAST,25.7,473.2,4715,Q4
H81069,4332,1091,25.18467220683287,51.62316842476514,0.0,8.84,10.017366681559285,13.444978213037468,5.615955500394129,4.295254100867084,0.0,0.0,SOUTH EAST,20.1,434.1,9838,Q1
H81071,3930,2374,60.40712468193384,45.20999224860827,0.0,10.02,9.262466236347803,12.289603784181423,2.126229028405091,2.3034147801393754,0.0,0.0,SOUTH EAST,24.0,287.0,3180,Q4
H81073,8337,2942,35.28847307184839,54.13822918008058,0.0,6.95,10.034515814942532,4.955321637719298,1.5321637425438597,1.4970760236842104,1.0,0.0,SOUTH EAST,25.8,254.6,6286,Q3
H81074,1705,714,41.87683284457478,35.65148514851485,0.0,4.88,8.798429534717956,13.902121129255466,3.5427622464333344,2.8382356641421134,0.0,0.0,SOUTH EAST,23.2,359.1,2373,Q4
H81075,2291,596,26.01484068092536,48.745542296205755,0.0,9.36,9.360339589252389,13.33825803701047,5.324917514847224,8.767752116195668,0.0,0.0,SOUTH EAST,22.8,371.4,4114,Q1
H81077,2923,1238,42.35374615121451,40.960106678519836,1.0,10.52,9.022956020839766,12.560068345545004,5.403286597316449,8.973315241971957,0.0,1.0,SOUTH EAST,24.4,420.4,3435,Q4
H81078,7002,1982,28.30619822907741,43.458269178038854,0.0,9.08,9.767920756549534,8.363520109937825,7.848339241791644,5.054086165870604,0.0,1.0,SOUTH EAST,19.3,373.3,6066,Q2
H81080,1189,536,45.07989907485282,44.41364014416413,0.0,6.55,9.245836207661023,14.7584609451808,1.28683567172822,1.28683567172822,0.0,0.0,SOUTH EAST,26.4,509.2,5286,Q4
H81081,2259,677,29.96901283753873,40.48631480292275,0.0,12.38,9.206323983743106,12.250169428459072,1.3386992869752927,2.195466828872397,0.0,0.0,SOUTH EAST,33.5,542.8,5264,Q2
H81082,2478,653,26.35189669087974,50.44167738470453,0.0,11.3,9.192354593210704,13.24600958484995,3.8010877226563498,2.0905982477664367,0.0,0.0,SOUTH EAST,23.2,345.4,3354,Q1
H81086,1278,469,36.69796557120501,36.82267633487146,0.0,5.66,8.536750690631768,7.792759662662418,1.7782136131404758,4.184032035302771,0.0,0.0,SOUTH EAST,20.6,261.4,1250,Q3
H81090,4866,1351,27.764077270859023,73.35827835097197,0.0,10.75,9.673046606552894,11.115485509433167,4.860638766867432,3.99571887284632,0.0,0.0,SOUTH EAST,21.9,246.0,4220,Q2
H81091,1401,363,25.91006423982869,44.176507147296455,0.0,6.66,9.200247947694889,10.760856938423332,2.2627214950124164,0.8081148196472915,1.0,0.0,SOUTH EAST,39.5,652.2,9682,Q1
H81094,3082,1299,42.14795587280987,52.02262932945537,0.0,11.01,9.264118077656654,9.152965331438049,2.193477058516939,0.525625838426913,0.0,0.0,SOUTH EAST,34.7,420.2,4465,Q4
H81099,5631,1814,32.2145267270467,44.99653708866829,0.0,7.39,9.510839948138578,7.2417810242867,10.168822194194885,1.0188567479514263,0.0,0.0,SOUTH EAST,18.9,250.1,3490,Q2
H81103,1264,285,22.54746835443038,36.13412501150695,0.0,6.45,8.994834247791184,15.206086669698974,3.5064505449884225,2.911015546642408,0.0,0.0,SOUTH EAST,30.3,478.4,4011,Q1
H81109,2991,1271,42.49414911400869,54.66296777239995,0.0,4.99,8.965483619381121,15.174604527241373,0.6131703889799655,3.6449573118439824,0.0,0.0,SOUTH EAST,22.4,268.9,2092,Q4
H81110,246,92,37.39837398373984,31.25135018362497,0.0,6.45,8.755343574836969,5.771718285128851,3.1523366695563086,17.96831901489479,0.0,1.0,SOUTH EAST,27.2,441.4,2870,Q3
H81111,435,169,38.85057471264368,42.97251967488066,0.0,6.71,8.640177491827613,7.074220361964276,3.206979898602842,8.819194716736426,0.0,0.0,SOUTH EAST,34.8,2207.2,13358,Q3
H81116,871,293,33.63949483352469,41.32592966515228,0.0,9.06,8.690221701298599,18.0783357187316,5.203689684582388,5.876580593826225,0.0,0.0,SOUTH EAST,24.3,747.2,4467,Q2
H81122,1453,432,29.731589814177564,33.980874759776796,0.0,13.89,9.035014289694615,4.401104248972215,4.099223451371373,0.0,0.0,0.0,SOUTH EAST,24.9,461.3,4091,Q2
H81123,927,380,40.99244875943905,29.270236973693745,0.0,23.74,8.10746902638769,15.666582977655034,3.213658044689932,0.0,0.0,0.0,SOUTH EAST,27.7,426.6,1518,Q3
H81130,266,71,26.69172932330827,46.16207659724156,1.0,5.42,9.646124511078124,14.457354439827316,4.777380740213753,1.3107615024172556,0.0,0.0,SOUTH EAST,38.3,546.0,8567,Q1
H81133,9143,3618,39.57125669911407,37.2709997227313,0.0,8.11,10.363288266948716,9.503133370621567,1.2123061704489848,4.87448106034696,0.0,0.0,SOUTH EAST,24.1,467.8,14542,Q3
H81615,2551,853,33.43786750294002,39.73641401748049,0.0,6.84,9.589387351870004,10.154003751590068,4.234856565453748,1.8618765936328845,0.0,0.0,SOUTH EAST,24.6,418.3,6123,Q2
H81632,835,390,46.706586826347305,42.23388098854066,0.0,13.18,7.99581205371073,7.006905844702712,4.491606312952669,0.0,0.0,0.0,SOUTH EAST,22.9,373.3,1129,Q4
H81638,7952,2307,29.011569416498997,44.22591708331995,1.0,12.76,10.561745624981498,12.136945519240976,5.916184510659228,8.477333228833633,1.0,0.0,SOUTH EAST,24.9,495.7,18895,Q2
H81642,558,129,23.118279569892472,28.59083007388092,0.0,15.01,8.391346481550261,8.22606558775163,0.0,6.411492298270485,0.0,0.0,SOUTH EAST,33.9,548.6,2405,Q1
H81643,1220,436,35.73770491803279,58.608577766822776,0.0,21.32,8.260557487369782,5.170296645770051,2.619616968913592,5.170296645770051,0.0,0.0,SOUTH EAST,21.9,351.9,1408,Q3
H81644,3056,1169,38.25261780104712,32.53123034061292,0.0,8.68,9.066720162719305,10.231158486137035,1.6624016316164163,3.07852153926077,0.0,0.0,SOUTH EAST,19.1,393.8,3329,Q3
H81656,501,118,23.552894211576845,63.102537496462595,0.0,5.58,8.875275477917029,13.64552921395701,2.6096580639599227,3.802644608842547,0.0,0.0,SOUTH EAST,30.4,585.1,4120,Q1
H82003,1929,460,23.846552617936755,53.59532808724209,0.0,9.22,9.24829425740093,11.835496862694756,4.929317565507613,2.939619069655494,0.0,0.0,SOUTH EAST,20.8,345.0,3733,Q1
H82004,1283,245,19.095869056897897,37.53378859012662,1.0,13.13,8.516709741239698,13.153023962915409,1.1739007173467175,18.355538509612984,0.0,1.0,SOUTH EAST,24.3,443.2,2240,Q1
H82005,2692,733,27.228826151560177,57.720330354112455,1.0,9.61,9.47091457369846,10.267799461344326,2.87694016914867,5.836078628316026,0.0,0.0,SOUTH EAST,19.8,342.2,4437,Q2
H82011,4181,1556,37.21597703898589,45.3783151326053,0.0,16.78,9.662699668132252,9.397695105437814,9.389213430731225,8.269632426076909,0.0,0.0,SOUTH EAST,22.1,427.4,6756,Q3
H82012,4896,1354,27.655228758169933,65.67055621597947,0.0,22.74,9.585644051855787,11.236974097290611,6.559329410255823,3.737718434372352,0.0,0.0,SOUTH EAST,23.5,341.4,5263,Q2
H82014,5892,2507,42.54921928038018,56.51486844728661,0.0,15.01,9.493474618727756,7.202280346572573,8.217285934427464,8.578926880972412,0.0,0.0,SOUTH EAST,23.5,646.6,8723,Q4
H82017,4206,1838,43.69947693770804,57.031397552540916,0.0,9.11,9.938681740619494,9.074413609496494,5.715274118352192,12.840609662385306,0.0,0.0,SOUTH EAST,23.1,420.6,8329,Q4
H82020,2091,646,30.89430894308943,50.90325647729974,0.0,34.93,9.166867297001035,8.65792245093346,7.854127681796422,7.324948868096958,0.0,0.0,SOUTH EAST,25.6,203.4,1950,Q2
H82021,147,37,25.170068027210885,35.219910575782464,1.0,16.49,8.771887088041037,6.573303705234872,6.118546844090745,20.918815566120617,0.0,0.0,SOUTH EAST,34.5,601.8,4002,Q1
H82022,2933,990,33.75383566314354,48.949014058791306,1.0,9.96,9.37787254746392,10.933848300748489,4.871516569640416,3.4812228200104305,0.0,0.0,SOUTH EAST,22.7,553.1,6485,Q2
H82025,4611,1642,35.610496638473215,41.083507563645306,0.0,17.34,9.724046842116564,13.845495745374594,2.5526356457619763,3.2865183948309125,0.0,0.0,SOUTH EAST,24.2,481.9,8287,Q3
H82027,228,43,18.859649122807017,28.78036040741708,1.0,10.74,8.300031711779575,10.451954935387674,4.970178926441352,25.712392313618288,0.0,1.0,SOUTH EAST,19.4,447.4,1793,Q1
H82030,756,218,28.835978835978835,43.15509162795898,1.0,12.42,9.495550642039923,15.328642588390087,4.731681338805175,1.8497666108204631,0.0,0.0,SOUTH EAST,27.3,567.9,7616,Q2
H82031,618,237,38.3495145631068,43.9400841882756,1.0,13.7,8.81925882273528,20.50296331793147,6.466319201567293,13.267782994861935,0.0,1.0,SOUTH EAST,22.3,505.6,3549,Q3
H82034,7697,4313,56.034818760556064,48.95559302979202,0.0,12.8,10.22947044401445,8.87373606741776,7.468405446233617,7.350621982953077,0.0,0.0,SOUTH EAST,34.6,793.1,22145,Q4
H82035,2301,1490,64.75445458496306,58.74207634878152,0.0,7.19,9.307860229854848,7.843013938862516,3.579959482961933,6.4221570465334255,0.0,0.0,SOUTH EAST,21.0,381.5,4115,Q4
H82037,3877,1187,30.616456022697964,34.90055931235137,1.0,19.34,9.450268930251209,10.81428356053206,5.370429856757943,3.524344593841575,0.0,0.0,SOUTH EAST,18.3,491.3,6173,Q2
H82039,5968,1737,29.10522788203753,59.343892877429205,0.0,26.26,9.308034072572976,7.367146582020179,5.562483467180592,2.176623965536788,0.0,0.0,SOUTH EAST,24.0,671.0,7512,Q2
H82042,4336,1270,29.289667896678967,20.74474116913307,0.0,17.32,9.543545372226864,12.96151733081719,5.4272269072928365,11.465972339058355,0.0,1.0,SOUTH EAST,26.4,501.8,7094,Q2
H82045,720,437,60.69444444444444,47.51995077903042,0.0,20.49,9.951602885883847,22.91603065417147,9.637993886510744,6.391613390302984,0.0,0.0,SOUTH EAST,37.8,766.3,15837,Q4
H82050,3564,1991,55.8641975308642,57.25345116980098,0.0,21.18,9.270729671988969,15.196924768180752,3.866007687455872,3.5647603351376795,0.0,0.0,SOUTH EAST,23.5,355.2,3920,Q4
H82052,147,54,36.734693877551024,43.82298879168567,0.0,10.76,9.753923559980343,12.366747314429498,2.369108680925191,2.895577276299235,0.0,0.0,SOUTH EAST,29.7,540.0,9156,Q3
H82056,792,263,33.207070707070706,42.09093692937587,0.0,7.82,9.537525569622288,13.624997745829004,3.9411944938629113,4.777496740944565,0.0,0.0,SOUTH EAST,23.8,464.7,6931,Q2
H82057,5136,1457,28.36838006230529,59.99953472953246,0.0,8.33,9.980583615420608,11.785815958493258,2.8144347792543445,2.271298242598414,0.0,0.0,SOUTH EAST,24.7,317.4,7141,Q2
H82060,2195,725,33.029612756264235,31.712245253440166,1.0,11.93,9.223963816666464,9.105608075234697,8.86506749025862,2.946253883563784,0.0,1.0,SOUTH EAST,18.6,420.7,4242,Q2
H82063,3780,1609,42.56613756613756,33.494020926756356,0.0,8.56,9.702818708924116,12.602554440325113,2.9985129653093234,3.3896233521419408,0.0,0.0,SOUTH EAST,18.7,375.9,6515,Q4
H82064,3177,2063,64.9354737173434,45.90733243364822,0.0,24.18,9.350355905382823,11.519860904842975,4.28876734219582,3.871481870250299,0.0,0.0,SOUTH EAST,40.1,564.5,6608,Q4
H82065,713,541,75.8765778401122,39.60374639769452,0.0,17.35,9.58993481274878,13.475162911010646,8.209665741178885,9.331653392473331,0.0,0.0,SOUTH EAST,30.0,696.1,10587,Q4
H82072,2873,1165,40.5499477897668,61.36237923150675,0.0,8.02,9.512917214538223,8.413741294942765,3.231507195645347,2.14777002555403,0.0,0.0,SOUTH EAST,24.1,275.8,3758,Q3
H82077,4701,1739,36.99212933418421,30.156520889800504,0.0,16.36,9.464549680120182,4.885628793340787,3.763902981781521,12.698002365881877,0.0,0.0,SOUTH EAST,24.6,96.6,1335,Q3
H82078,2865,1735,60.55846422338569,39.022096074192646,0.0,12.72,9.25487546440832,14.427736819989638,8.008607978958276,8.73550392603515,0.0,0.0,SOUTH EAST,30.7,356.6,3689,Q4
H82084,1150,286,24.869565217391305,51.19509588887014,0.0,9.49,8.925753504431704,22.93335105705646,4.005361159073538,12.951140352905991,0.0,0.0,SOUTH EAST,22.9,511.7,4006,Q1
H82089,1405,546,38.86120996441281,43.36826888326708,0.0,8.97,9.292672764012968,11.518212097806568,8.104498917865202,1.841931572242092,0.0,0.0,SOUTH EAST,21.7,363.7,4194,Q3
H82096,244,102,41.80327868852459,48.35463865333502,0.0,18.04,8.635539031631383,5.133228699694986,3.837839438538304,8.670674287068021,0.0,0.0,SOUTH EAST,48.6,651.7,3566,Q4
H82098,2153,1210,56.200650255457504,54.44651379350483,0.0,29.21,9.255369504069035,8.67408605319971,7.724234626813354,0.0,0.0,0.0,SOUTH EAST,32.8,410.5,4194,Q4
H82100,106,63,59.43396226415094,40.94150461805647,0.0,8.86,9.100674304421746,8.213063532212468,4.657045083320933,3.2138074691266176,0.0,0.0,SOUTH EAST,50.6,613.3,5359,Q4
H82615,375,139,37.06666666666667,44.16092516145736,1.0,12.21,9.169561779291833,16.71816327589948,1.4443817535697236,6.444164749099431,0.0,1.0,SOUTH EAST,41.8,496.9,4976,Q3
H82640,5337,1331,24.93910436574855,59.48585139200975,0.0,7.67,9.69364062467742,10.72313306223981,4.090908156036388,1.0525774781312638,0.0,0.0,SOUTH EAST,21.5,296.5,4900,Q1
H83001,15280,3748,24.528795811518325,40.366616179269094,0.0,26.76,9.62366892643718,9.383698690008323,4.444909905688978,7.813869397478792,0.0,0.0,LONDON,24.9,365.0,5530,Q1
H83005,232,76,32.758620689655174,54.11976963701102,0.0,21.22,9.63890875446483,9.03331578083352,2.3278159900546664,3.265891090349444,0.0,0.0,LONDON,29.5,559.2,8288,Q2
H83010,450,80,17.77777777777778,48.14894532931554,0.0,25.26,8.81022343686112,3.5807979708811497,5.530343531810664,5.967996618135249,0.0,0.0,LONDON,29.8,455.5,3062,Q1
H83011,177,28,15.819209039548022,46.293857647626375,0.0,32.84,8.973066202068248,5.138770034547242,1.6227694843269629,4.733077662197712,0.0,0.0,LONDON,32.6,436.5,3481,Q1
H83012,4037,1473,36.48749071092395,63.97478503196579,0.0,32.6,9.203760438281416,9.980119617155848,4.187462776710594,5.556440992173672,0.0,0.0,LONDON,23.2,569.5,5339,Q3
H83013,5854,1740,29.72326614280833,32.175563400844105,0.0,11.52,9.846881927057009,11.953014216198104,3.132385622067799,0.7337119471586302,0.0,0.0,LONDON,22.0,325.9,6313,Q2
H83017,2217,798,35.994587280108256,41.84203972355395,0.0,28.6,9.547669384317375,7.51736606694262,5.043296221809878,7.555428679703111,0.0,0.0,LONDON,24.5,348.4,4677,Q3
H83021,947,358,37.80359028511088,39.62470242262988,0.0,31.84,8.753252967996994,6.739058901480751,3.7064823944718657,1.0108588351431391,0.0,0.0,LONDON,25.8,435.9,2562,Q3
H83023,164,41,25.0,38.29011023871838,0.0,25.6,8.799724521540451,7.43821382452349,3.3773511414894024,0.1608262438276646,0.0,0.0,LONDON,37.4,554.5,3583,Q1
H83028,136,56,41.1764705882353,35.49661228086167,0.0,33.13,9.199018183890372,8.77074395907256,1.186693525272021,7.093190840883615,0.0,0.0,LONDON,26.3,573.2,5586,Q3
H83029,1659,591,35.62386980108499,60.715105789732654,0.0,9.18,8.485324055741843,11.430537873292266,2.532778139646925,3.083382086100692,0.0,0.0,LONDON,24.8,682.6,3342,Q3
H83030,641,170,26.521060842433695,43.09985574611316,0.0,31.29,8.119224911734696,10.322324509069254,3.3349048410709417,6.431602193493959,0.0,0.0,LONDON,22.9,513.0,1678,Q1
H83037,1638,648,39.56043956043956,49.40230073279568,0.0,19.99,8.952616159133042,7.315311040469284,6.349137884986575,6.62518735779678,0.0,0.0,LONDON,24.7,447.0,3392,Q3
H83609,272,53,19.485294117647054,64.87041313831152,0.0,25.88,8.511795315729644,9.437471724114818,0.0,18.231479463109743,0.0,0.0,LONDON,29.3,434.6,2189,Q1
H83627,623,156,25.040128410914928,49.56778606965174,0.0,19.69,8.961398127840333,8.82475549142216,2.63374485682219,3.00999412025012,0.0,0.0,LONDON,29.3,452.8,3654,Q1
H84006,4626,1576,34.06830955469088,44.02324080051646,0.0,10.69,9.766215840295882,14.025695933007034,1.6365861123432242,2.9978586719944933,0.0,0.0,LONDON,22.0,328.4,5783,Q3
H84015,3000,814,27.133333333333333,41.84404703680864,0.0,9.9,9.104692778078304,9.513841936111293,3.289833192860914,2.845261139771601,0.0,0.0,LONDON,19.1,291.7,2629,Q2
H84016,2266,698,30.803177405119158,31.2886498507903,0.0,10.46,9.75457659358641,17.066563503372908,9.098866026741458,4.688701370922894,0.0,0.0,LONDON,21.3,508.0,8416,Q2
H84017,167,58,34.73053892215569,51.22858210415814,0.0,11.09,9.464051924856811,11.007655701427684,2.027726050589696,2.131181460273122,0.0,0.0,LONDON,30.9,538.5,6729,Q3
H84027,4626,1261,27.2589710332901,53.36480514262756,0.0,11.67,9.829706450031624,10.791548916700307,3.689050374915893,2.985690575158121,0.0,0.0,LONDON,23.7,389.7,6918,Q2
H84031,409,105,25.672371638141808,32.17434762431728,0.0,12.89,8.675748442576143,14.08183874098622,4.096203899927464,0.0,0.0,0.0,LONDON,25.3,557.1,3232,Q1
H84033,232,38,16.379310344827587,46.55805209918539,0.0,7.86,8.782974687414681,11.974241195906322,3.352626265475871,9.097065175361264,0.0,0.0,LONDON,26.9,647.9,4202,Q1
H84039,1105,222,20.09049773755656,31.22298200110037,0.0,7.68,9.369791266530882,16.756664583072812,2.5919399761268687,1.705223668504519,0.0,0.0,LONDON,25.4,419.1,4966,Q1
H84040,3333,1235,37.05370537053705,32.582018186340896,0.0,11.95,9.341945953082188,16.060900503364284,3.085937214620212,5.377011813937857,0.0,0.0,LONDON,19.2,408.8,4613,Q3
H84050,1979,1119,56.54370894391106,57.92821899967441,0.0,11.7,8.930604423075186,10.758614608787672,4.127075111885183,5.926056570912058,0.0,0.0,LONDON,22.3,328.5,2475,Q4
H84051,2319,641,27.641224665804227,48.15074087037685,0.0,13.31,8.91243959933007,11.698410482572823,6.5357237460852,5.747319975753494,0.0,0.0,LONDON,23.1,405.3,3040,Q2
H84055,3333,1153,34.59345934593459,44.296526920392935,0.0,9.92,9.374490886381777,15.288634933206982,3.0776411345972976,1.3577828537484,0.0,0.0,LONDON,24.9,336.3,3835,Q3
H84062,2631,954,36.259977194982895,56.53062427541216,0.0,10.08,9.084266814720817,9.546820940389088,4.749210670977256,1.2704894787590042,0.0,0.0,LONDON,22.2,298.4,2580,Q3
H84618,242,73,30.165289256198346,56.57103098268735,0.0,12.53,8.57869585901018,8.224931825847099,1.3541046296586527,2.758361281384196,0.0,0.0,LONDON,31.6,630.1,3353,Q2
H84619,3269,1662,50.84123585194249,54.17563016482946,0.0,9.16,9.313799080344412,9.772167117222722,3.1499849720468887,2.284340247069432,0.0,0.0,LONDON,22.5,218.7,2382,Q4
H84625,1513,445,29.41176470588235,30.06653839987173,0.0,16.73,8.525525051535773,12.16488711249215,3.4379028805659315,3.067667183233612,0.0,0.0,LONDON,24.0,533.5,2770,Q2
H84639,302,84,27.814569536423843,34.71313053523296,0.0,11.12,8.741469434326381,5.625624292468536,1.150695878004928,6.350136513018579,0.0,0.0,LONDON,32.7,411.3,2426,Q2
H85001,5988,1852,30.928523714094855,56.844604053807295,0.0,14.06,9.861866627845028,12.054070961879278,1.1119991663481252,1.362198978177016,0.0,0.0,LONDON,25.2,191.9,3721,Q2
H85002,3174,1195,37.64965343415249,48.925148925148925,0.0,19.41,9.294888300500045,19.35874167842128,0.0,1.4702841783638494,0.0,0.0,LONDON,24.4,303.9,3606,Q3
H85003,368,86,23.369565217391305,26.339441029804014,0.0,21.8,8.87788173673694,8.580531960631662,2.788784438582833,2.08229238173811,0.0,0.0,LONDON,20.5,599.1,4203,Q1
H85009,4043,1194,29.532525352461043,35.495658323837965,0.0,12.2,9.551112873002072,11.249045779379342,5.500106683577914,0.7586354040918896,0.0,0.0,LONDON,25.1,379.7,5402,Q2
H85012,7142,1901,26.617194063287595,37.73601765720362,0.0,13.17,10.137927063592189,13.014818328982756,2.520698202024996,3.923429837051099,0.0,0.0,LONDON,20.2,241.6,5902,Q1
H85018,626,200,31.94888178913738,51.67040358744394,0.0,10.63,9.083462982763514,11.92798554450762,0.0,0.9384963237812322,0.0,0.0,LONDON,39.5,463.4,4063,Q2
H85021,1527,517,33.85723641126392,67.55009696186167,0.0,20.35,8.734291842412555,12.684444921392926,3.4340290813972203,3.090626173740409,0.0,0.0,LONDON,20.5,537.6,3292,Q3
H85024,418,152,36.36363636363637,44.421731625329336,0.0,22.88,9.007009660324307,11.895303358421586,4.019566793639771,1.960764289580376,0.0,0.0,LONDON,33.2,581.7,4676,Q3
H85028,152,49,32.23684210526316,53.61388801305711,0.0,8.39,9.269709303783015,8.594314433799276,2.8145123285691853,3.1411967966075083,0.0,0.0,LONDON,47.8,484.3,5293,Q2
H85029,2601,804,30.91118800461361,37.92626019178503,0.0,22.71,9.653299275622954,9.383712281768222,2.911005635150393,1.421255692674861,0.0,0.0,LONDON,23.8,389.4,6052,Q2
H85048,2827,749,26.494517155995755,43.15318710949392,0.0,13.52,9.695042735262968,11.381471236431384,3.0876141307616907,8.819408446800757,0.0,0.0,LONDON,21.6,335.1,5444,Q1
H85055,106,30,28.30188679245283,39.212677510253044,0.0,8.75,8.904086913938967,8.475957620211899,2.4630987965226843,4.2379788101059495,0.0,0.0,LONDON,34.3,538.9,3894,Q2
H85057,3286,1134,34.51004260499087,43.62849910295166,0.0,7.96,9.010913347279288,11.71875,2.44140625,2.311197917480469,0.0,0.0,LONDON,23.3,236.7,1910,Q3
H85066,4796,1526,31.818181818181817,43.05349096031567,0.0,11.09,9.932305789364651,17.421311085633786,4.5988737614010375,6.205240935158309,0.0,0.0,LONDON,19.8,261.4,5194,Q2
H85069,4448,1126,25.31474820143885,47.45196728451822,0.0,16.04,9.642669175901418,13.118371455211168,2.8728887346201484,1.2979918983672345,0.0,0.0,LONDON,19.9,264.7,4030,Q1
H85076,488,86,17.62295081967213,50.96013167520117,0.0,11.29,9.186849953127911,15.342877132083196,2.7300493108331767,5.842305525961063,0.0,0.0,LONDON,31.9,657.3,6658,Q1
H85082,1323,323,24.41421012849584,59.585019319115275,0.0,14.94,8.425625997890746,4.675799088219178,0.0,3.627874126027397,0.0,0.0,LONDON,23.9,359.9,1635,Q1
H85087,1731,789,45.58058925476603,65.31044246814477,0.0,19.03,9.241483678744942,6.0486606998610615,1.189052957446121,6.591489224207567,0.0,0.0,LONDON,27.6,321.0,3274,Q4
H85088,303,59,19.471947194719476,45.02205691549174,0.0,21.03,7.796160807366756,6.580976863753214,0.0,0.0,0.0,0.0,LONDON,32.1,629.2,1563,Q1
H85100,1209,310,25.64102564102564,52.27584814216478,0.0,17.57,8.987696695703624,10.561385974512744,0.0,0.0,0.0,0.0,LONDON,21.6,316.6,2415,Q1
H85103,898,212,23.608017817371937,62.81632892345573,0.0,16.21,8.909145185043815,8.252995764483286,1.729885575277052,2.306514099468421,0.0,0.0,LONDON,30.8,481.2,3642,Q1
H85105,930,217,23.33333333333333,43.30837160943895,0.0,7.61,9.53606457871456,6.353637698250343,3.9854636470843054,0.0,0.0,0.0,LONDON,26.6,517.7,7191,Q1
H85111,4246,1033,24.32878002826189,58.551128006697894,0.0,19.44,9.552812430756424,19.520622920638303,7.232665329002255,7.100129577364787,0.0,0.0,LONDON,21.5,311.2,4543,Q1
H85116,3879,1802,46.45527197731374,49.65562031071081,0.0,22.67,9.4208578825829,6.114044208266383,2.9165935267827003,0.0,1.0,0.0,LONDON,18.5,449.1,5313,Q4
H85634,1897,641,33.79019504480759,63.421196870795754,0.0,15.66,8.955147001746317,13.750376456997806,3.717248203760272,2.5814223637224107,0.0,0.0,LONDON,23.7,274.0,2112,Q2
H85637,264,61,23.10606060606061,35.979469632164246,0.0,15.34,7.144670234380265,15.781167806417676,2.1041557022619672,0.0,0.0,0.0,LONDON,20.3,971.4,1189,Q1
H85649,1088,223,20.496323529411764,48.562662575868735,0.0,18.02,9.33808107252558,8.753877858761578,1.8305696327859715,0.0,0.0,0.0,LONDON,25.9,547.7,5888,Q1
H85653,6474,2663,41.13376583256101,37.99594201481409,0.0,13.54,9.826993402389435,9.32684436368216,5.052040696994503,3.684679254428182,1.0,0.0,LONDON,23.8,354.3,6900,Q3
H85680,3086,1271,41.18600129617628,36.357272854542906,0.0,19.14,9.210215364163032,8.107680126015751,2.613660041505188,1.6002000250031254,0.0,0.0,LONDON,21.6,295.1,3029,Q3
H85693,2913,1594,54.72021970477172,55.1038062283737,0.0,25.2,9.257764524210916,6.408748450265442,3.458689639190006,1.0681247417109072,0.0,0.0,LONDON,19.8,351.2,3651,Q4
J81019,5228,1897,36.28538638102525,37.54647495198323,1.0,15.37,10.069432689210368,12.1811931296546,10.063461361983892,9.645562294632962,0.0,1.0,SOUTH WEST,19.5,390.9,9227,Q3
J81022,210,52,24.761904761904763,35.313595636930266,0.0,14.77,8.606790111894586,9.59648909118615,5.5101792039497735,5.120078020236498,0.0,1.0,SOUTH WEST,32.0,642.8,3469,Q1
J81029,195,59,30.256410256410252,38.30875594453103,1.0,15.13,8.617264745140453,13.02872653245872,10.905526651888714,23.710122611173944,0.0,1.0,SOUTH WEST,33.0,774.3,4117,Q2
J81030,381,135,35.43307086614173,43.207509267882905,0.0,9.25,8.98049734587901,15.03371470086725,5.637643012196018,6.325569689698928,0.0,0.0,SOUTH WEST,29.5,563.7,4426,Q3
J81033,5013,1638,32.675044883303414,43.63412590342516,0.0,23.32,10.155523017104178,11.834426835754584,3.1606831741549386,2.694352869421039,0.0,0.0,SOUTH WEST,18.2,309.8,7485,Q2
J81039,1905,619,32.493438320209975,58.36179267587874,0.0,12.62,9.194371884961097,9.348089314896823,3.9830989254777767,1.3006037307682536,0.0,0.0,SOUTH WEST,21.2,359.4,3648,Q2
J81042,458,188,41.04803493449781,30.26661380643243,0.0,16.91,9.13773383620509,8.69823291085702,4.301229434746765,1.7204917738987062,0.0,0.0,SOUTH WEST,28.3,535.1,4616,Q3
J81046,448,137,30.580357142857142,33.4245163707902,0.0,8.29,9.468535702090042,18.466569250793363,4.737658592992642,1.2359109371680903,0.0,0.0,SOUTH WEST,25.8,598.5,7873,Q2
J81057,1391,467,33.572969086987776,50.0569851838522,0.0,18.62,8.707827325034708,10.820787591355492,4.980647650583325,3.1735100067492183,0.0,0.0,SOUTH WEST,26.1,2126.9,12421,Q2
J81059,409,121,29.584352078239608,30.026598142638175,0.0,15.05,9.125689842355674,13.930709232722654,4.440413567930346,3.0473426446580807,0.0,0.0,SOUTH WEST,30.0,563.3,5044,Q2
J81061,174,44,25.28735632183908,22.066899650524213,0.0,10.72,8.933488331335996,12.029017366454164,5.715541878214991,7.948999780611124,0.0,0.0,SOUTH WEST,26.2,656.8,4906,Q1
J81064,343,142,41.39941690962099,37.55030808134772,0.0,18.01,8.556574148140088,7.38343214228489,2.614965550392566,2.768787053356834,0.0,0.0,SOUTH WEST,21.5,562.2,2948,Q3
J81067,491,131,26.680244399185337,35.66463292658532,0.0,10.37,8.728682427586968,10.014703699127224,4.057681670556178,2.158341315778824,0.0,0.0,SOUTH WEST,34.2,615.2,3816,Q1
J81072,1637,359,21.930360415394013,68.18751623431623,0.0,23.24,9.738347543950931,9.13764461856035,5.363058201763439,4.84405256937277,0.0,0.0,SOUTH WEST,19.0,410.1,7051,Q1
J81073,646,134,20.74303405572756,34.07347043419342,0.0,26.94,9.74291281031226,17.925899110260914,7.373885135300421,5.808304426972999,0.0,0.0,SOUTH WEST,26.6,503.2,8668,Q1
J81076,2698,642,23.79540400296516,48.207256355143436,0.0,18.92,10.105659393442728,11.479845050957538,11.365981172738229,13.283680652882827,0.0,1.0,SOUTH WEST,19.9,358.7,8725,Q1
J81077,203,37,18.22660098522168,21.649344165569826,0.0,11.48,8.9530473934401,6.863770114575811,3.03523502506009,1.517617513823469,0.0,0.0,SOUTH WEST,23.0,497.5,4118,Q1
J81081,1966,696,35.40183112919634,26.811987130824566,1.0,14.57,9.494246574795978,8.239050923166685,11.463201942571065,4.8181584346004,0.0,0.0,SOUTH WEST,19.9,436.2,5816,Q3
J81082,157,43,27.38853503184713,35.87276958882855,0.0,14.83,8.988248350943506,13.119530494375708,7.492117667870261,0.0,0.0,1.0,SOUTH WEST,24.6,655.2,5320,Q2
J81609,256,41,16.015625,32.17281026045966,0.0,16.57,9.179391353832166,5.693509708362342,5.693509708362342,1.100195112039401,1.0,1.0,SOUTH WEST,25.4,686.9,6815,Q1
J81647,296,104,35.13513513513514,24.377930558352272,1.0,16.66,9.085485514830555,8.570579217674547,11.480904499645945,8.24812349525563,0.0,0.0,SOUTH WEST,24.2,607.5,5325,Q3
J81648,1012,341,33.69565217391305,47.08747716663284,0.0,17.32,8.592656197477659,16.122900019473594,4.945674851552478,1.7309861997125324,0.0,0.0,SOUTH WEST,24.6,546.9,3045,Q2
J82001,310,110,35.483870967741936,27.95878654824868,0.0,20.89,9.20973185353305,6.153076455510436,6.777456286574333,2.614924079481685,0.0,0.0,SOUTH EAST,30.7,467.9,4676,Q3
J82007,7646,2594,33.926235940360975,31.02783686976127,0.0,12.77,10.415132840285796,19.799764194460543,6.833970527867149,2.1062728563577866,0.0,0.0,SOUTH EAST,19.8,517.1,17323,Q3
J82009,2955,1257,42.53807106598985,36.37913372588579,0.0,11.95,9.626239742228718,14.637579167839547,5.524278677427867,3.0260380016273745,0.0,0.0,SOUTH EAST,23.5,427.5,6609,Q4
J82012,2092,852,40.72657743785851,53.08334387251802,0.0,10.8,9.315630885183896,15.217065193963576,5.352374665626593,3.8402688182172735,0.0,0.0,SOUTH EAST,21.3,288.5,3260,Q3
J82016,155,39,25.161290322580644,41.82129929510383,1.0,13.61,9.111449622911,19.53247900166512,6.829743975860388,10.421247274634087,0.0,1.0,SOUTH EAST,29.3,584.0,5320,Q1
J82018,3094,1157,37.39495798319328,31.815541758461848,0.0,8.96,9.838673437870591,11.359574640300886,3.727249286114397,4.56659168304155,0.0,0.0,SOUTH EAST,21.1,333.7,6192,Q3
J82019,509,139,27.308447937131632,37.41306808992398,0.0,5.89,9.63110998856632,13.44596664835646,2.6086575922440582,4.201864577406224,0.0,0.0,SOUTH EAST,24.7,490.9,7512,Q2
J82021,1036,369,35.61776061776062,46.844270075302155,0.0,16.99,9.066181276276575,25.87352006930407,6.081718676292232,5.6983347779382045,0.0,0.0,SOUTH EAST,23.1,474.3,4051,Q3
J82024,1571,542,34.50031826861871,38.012865150334726,0.0,33.28,10.015185444536565,10.907175539159793,10.92255982426722,8.358858557023721,0.0,0.0,SOUTH EAST,39.6,445.2,9971,Q3
J82025,206,35,16.990291262135923,36.4266466850152,0.0,13.07,9.63408188883506,13.554440320532402,5.568404974470872,2.6009164300676413,0.0,1.0,SOUTH EAST,26.3,407.8,6382,Q1
J82026,3070,1010,32.899022801302934,43.579652501570024,0.0,11.96,9.697011613279976,12.686769760330282,7.146552474401593,3.015976273363828,0.0,0.0,SOUTH EAST,24.1,348.4,5813,Q2
J82028,3269,1109,33.924747629244415,36.45547405840796,0.0,20.93,10.218182713921074,9.363612583936105,3.951794915227429,1.6546924525340525,0.0,0.0,SOUTH EAST,46.5,524.5,14700,Q3
J82033,1939,969,49.97421351211965,34.033113794365164,0.0,10.75,9.154343048515722,13.142378706385228,2.453620059049046,4.24448067756577,0.0,0.0,SOUTH EAST,22.5,393.0,3700,Q4
J82039,858,315,36.71328671328671,54.78319055733215,0.0,11.96,9.314520190885846,12.891211630023427,5.574578002342764,7.304619452153542,0.0,0.0,SOUTH EAST,34.5,520.2,5788,Q3
J82054,132,33,25.0,48.69132214562917,1.0,11.91,9.15650877109339,13.310937377034763,3.320698964216303,1.3507927992894269,0.0,1.0,SOUTH EAST,39.1,622.6,6033,Q1
J82055,2673,1418,53.04900860456416,51.77555607223126,0.0,20.44,9.33524612886806,8.661052477328724,1.1297024969661311,2.353546868091053,0.0,0.0,SOUTH EAST,22.6,362.6,4034,Q4
J82058,795,351,44.15094339622642,36.16075063095335,0.0,15.42,9.919205049653106,11.681610488511172,6.313319824775844,3.425730715908812,0.0,0.0,SOUTH EAST,29.9,456.9,9142,Q4
J82059,180,54,30.0,36.25765346467545,1.0,8.27,8.84108664583059,21.719107897287525,4.860759493670886,16.974080772513563,0.0,1.0,SOUTH EAST,22.6,593.1,4084,Q2
J82060,1130,346,30.61946902654867,48.755287899924014,0.0,31.02,9.511154589126557,7.777195200444128,3.02007833945039,6.790241495728342,0.0,0.0,SOUTH EAST,26.5,376.4,4724,Q2
J82061,3501,1515,43.27335047129392,54.31531212946977,1.0,7.74,9.471967185106086,10.633479808576835,4.762485164833051,2.853385508034769,0.0,0.0,SOUTH EAST,24.5,343.0,4563,Q4
J82062,329,77,23.404255319148938,34.820575929116416,0.0,32.54,9.654160433960811,13.208011204568054,3.404655737978379,2.56632342090912,0.0,0.0,SOUTH EAST,25.7,542.9,8511,Q1
J82066,1864,586,31.43776824034335,56.71293473320103,0.0,15.91,10.01749309205896,9.743402904283558,7.494925310987352,15.798826688477297,0.0,0.0,SOUTH EAST,27.5,565.1,12505,Q2
J82067,4444,1686,37.93879387938794,33.14199582911771,0.0,11.08,9.882144739762992,11.741269812882026,5.543731803585718,7.464287538351522,0.0,0.0,SOUTH EAST,21.6,338.1,6631,Q3
J82069,4511,2111,46.79671913101308,57.14603432212304,0.0,14.43,10.859638216296656,8.842141003300775,5.901354742208108,4.012818726487391,0.0,0.0,SOUTH EAST,31.1,405.8,21394,Q4
J82071,301,107,35.548172757475086,25.296651428382816,0.0,17.73,9.485304412019914,14.056033119041892,6.724987023256404,0.9317753099798708,0.0,0.0,SOUTH EAST,23.5,676.1,9444,Q3
J82074,433,132,30.484988452655887,25.62070564431143,0.0,9.79,9.66051856116553,11.469860056207532,3.978090750195239,7.939181112994141,0.0,1.0,SOUTH EAST,21.5,579.9,9356,Q2
J82076,4088,1399,34.22211350293542,41.35646563594162,0.0,21.78,10.008605538786076,5.773400049211935,5.281280710422278,4.44107696086301,1.0,0.0,SOUTH EAST,18.3,495.3,10917,Q3
J82081,7321,2275,31.07498975549788,43.2478949766296,0.0,25.78,10.227730554049485,8.850432037021415,9.964755328818134,2.448812350353704,1.0,0.0,SOUTH EAST,20.3,374.1,13913,Q2
J82082,2037,652,32.00785468826706,47.376187531620666,0.0,19.83,9.50259945392107,10.410243010190747,3.105752361043712,1.65241952592482,0.0,0.0,SOUTH EAST,26.7,485.7,6435,Q2
J82083,11910,5586,46.90176322418136,49.81109547747174,0.0,25.44,10.796076264354411,5.084427574486386,8.595467840995587,7.995276015195939,1.0,0.0,SOUTH EAST,22.9,299.3,14309,Q4
J82085,9451,3344,35.38249920643318,49.455065840524384,0.0,32.76,10.528005634721374,7.525833234068856,5.033882761673768,3.705794543503146,0.0,0.0,SOUTH EAST,21.5,332.5,12299,Q3
J82087,112,19,16.964285714285715,37.86816543944853,0.0,24.3,8.915342716893988,19.41260745075215,8.2736389698245,4.047277936515044,0.0,0.0,SOUTH EAST,28.9,633.1,4839,Q1
J82094,7355,2866,38.96668932698845,42.942649743176126,0.0,10.34,9.885183551738091,12.785225356401735,5.431853577257508,7.998404393690563,0.0,1.0,SOUTH EAST,24.7,335.5,6582,Q3
J82098,2213,754,34.07139629462269,52.46390998992088,0.0,10.62,10.535824807653649,10.65757470453705,6.942953102831423,3.981571064623041,0.0,1.0,SOUTH EAST,36.0,481.9,17923,Q3
J82104,1532,589,38.44647519582245,44.83712885557798,0.0,5.33,9.44453595727676,15.153197466291283,4.683945749569782,3.059333935793548,0.0,0.0,SOUTH EAST,24.5,460.2,5845,Q3
J82106,355,112,31.549295774647888,46.98050404184498,1.0,12.47,8.879681206669261,13.362098963045446,0.8165727134804092,4.825202402394043,0.0,1.0,SOUTH EAST,23.4,548.5,3963,Q2
J82115,222,62,27.92792792792793,27.017626798136018,0.0,24.07,8.670186058379645,6.801012599150447,2.4714312275633232,3.981750311074244,0.0,0.0,SOUTH EAST,38.4,542.6,3105,Q2
J82122,704,277,39.34659090909091,47.36813613151199,0.0,27.16,9.335341737138986,8.00129432643516,1.835591051493624,0.941328743767374,0.0,0.0,SOUTH EAST,26.8,390.1,4030,Q3
J82132,269,101,37.54646840148699,34.10013531799729,0.0,14.44,9.512510730496365,14.035174177102906,2.9765608151045675,2.996273139372286,0.0,0.0,SOUTH EAST,36.2,692.6,9758,Q3
J82134,4592,2149,46.79878048780488,50.15311450841097,0.0,17.6,10.161013206709468,11.687182361011809,6.565022190573731,6.668083763550987,0.0,0.0,SOUTH EAST,23.8,481.2,11760,Q4
J82136,2529,976,38.59232898378806,52.517801227978296,0.0,9.59,9.32251511794168,19.88007002122984,6.269134791463369,2.7412566579015976,0.0,0.0,SOUTH EAST,21.3,514.4,5894,Q3
J82142,479,161,33.61169102296451,43.71699612131408,0.0,14.7,9.3638193977229,6.404300030306063,5.009077523480051,5.658656526239046,0.0,0.0,SOUTH EAST,26.9,579.8,6838,Q2
J82144,7657,3294,43.01945931827086,45.930533155331936,0.0,14.95,10.228519599014785,10.326993358018894,4.701093992016329,2.9285503552914403,0.0,0.0,SOUTH EAST,24.7,356.7,9630,Q4
J82145,1484,518,34.905660377358494,57.729639222457685,0.0,9.55,9.772277273565717,17.756831741857017,5.8378624909733565,17.65041237505226,0.0,1.0,SOUTH EAST,27.6,520.1,8823,Q3
J82147,1324,495,37.38670694864048,50.365166699417045,0.0,7.2,8.986477812237355,13.409638178690937,7.9723968277199235,1.0674338856052787,0.0,0.0,SOUTH EAST,20.9,388.9,3053,Q3
J82150,3242,1108,34.17643429981493,38.357523499749405,0.0,10.18,9.39117471230065,22.522359612201463,7.143950036860335,4.807143950036861,0.0,0.0,SOUTH EAST,25.3,389.9,4585,Q3
J82151,105,33,31.428571428571427,51.48654132287299,1.0,11.64,8.578648840382957,15.447549489522435,2.4074103098600377,15.497703869723994,0.0,1.0,SOUTH EAST,35.4,714.5,3962,Q2
J82154,7515,2770,36.859614105123086,42.029770988737226,0.0,8.62,10.52102852376072,12.11413626084436,7.0169667473323045,3.849660822519868,0.0,0.0,SOUTH EAST,22.0,243.1,8717,Q3
J82157,5434,2640,48.58299595141701,41.54674034060451,0.0,11.61,9.754262223231365,14.223324799883908,9.008852126541866,4.10661248991438,0.0,0.0,SOUTH EAST,21.2,280.7,4802,Q4
J82178,2889,849,29.387331256490132,46.79262682929507,0.0,19.52,9.420020361595922,14.876278767517602,3.200129734448694,8.065191832371582,0.0,0.0,SOUTH EAST,29.8,390.9,5050,Q2
J82181,2328,633,27.190721649484537,35.09011566025686,0.0,23.46,9.150032887366429,7.562601237420006,5.268328951910566,8.313196491675296,0.0,0.0,SOUTH EAST,24.0,490.1,4460,Q2
J82184,684,290,42.39766081871345,46.217597208374876,0.0,13.69,8.343593488434152,11.483405369760892,0.0,9.453190056703278,0.0,0.0,SOUTH EAST,23.9,381.9,1719,Q4
J82194,930,281,30.21505376344086,27.019122950571266,0.0,21.48,9.5060278157661,5.714073137160076,2.876877099810275,3.7101794323127857,0.0,0.0,SOUTH EAST,24.0,574.8,7861,Q2
J82198,643,166,25.81648522550544,47.18577471857747,0.0,16.02,8.68922588784015,10.103419726927015,7.49898264288621,4.041367890770807,0.0,0.0,SOUTH EAST,29.7,515.9,3296,Q1
J82201,229,55,24.017467248908297,46.65437672827259,0.0,10.8,8.95910808317888,13.102923689696915,9.153533816865044,34.10462711862954,0.0,0.0,SOUTH EAST,21.8,659.9,5345,Q1
J82207,651,195,29.95391705069125,37.93166890512023,0.0,17.85,9.34524998109056,10.066117146768416,2.6563364692861096,1.5378790085340637,0.0,0.0,SOUTH EAST,26.0,455.0,5143,Q2
J82210,2193,422,19.24304605563156,51.40619919800585,0.0,17.15,9.143006837313813,17.684916122154277,6.78872586525948,2.1393043695291745,0.0,0.0,SOUTH EAST,24.1,508.6,4824,Q1
J82216,512,150,29.296875,32.41495110501484,0.0,6.82,9.498978237512192,10.263513515450851,3.91625508132848,1.278777168832304,0.0,0.0,SOUTH EAST,29.5,753.8,10222,Q2
J82218,5656,2924,51.6973125884017,56.77734083329185,0.0,10.15,9.790794665066835,12.673326432548896,6.551566536642695,2.0147186389456304,0.0,0.0,SOUTH EAST,21.4,201.4,3671,Q4
J82605,394,109,27.66497461928934,61.034520547945206,0.0,19.28,8.446734961100981,8.92735791694982,3.033012627061054,2.517972747237026,0.0,0.0,SOUTH EAST,22.1,330.6,1586,Q2
J82622,14880,4445,29.872311827956988,27.765168254894473,0.0,19.01,10.744878716976393,10.770516362434478,6.219485470359366,22.17631695233716,0.0,0.0,SOUTH EAST,21.9,266.9,12978,Q2
J82625,297,69,23.232323232323232,32.39080614720949,1.0,8.01,8.456894558126436,16.35206854431836,7.3076174122395505,3.2289472286639875,0.0,1.0,SOUTH EAST,30.1,503.8,2435,Q1
J82640,160,61,38.125,39.776142837916645,0.0,9.29,8.830518643847993,18.402007846682423,5.926070322863617,3.118984381685714,0.0,0.0,SOUTH EAST,28.2,567.1,4124,Q3
J82669,2851,1657,58.11995790950544,53.47063818451241,0.0,27.72,9.134853244096057,5.636486182161312,3.4221523260390927,5.147607279982028,0.0,0.0,SOUTH EAST,29.2,411.3,3784,Q4
J83002,794,143,18.01007556675063,21.481071553013997,1.0,13.9,10.786436920627647,7.235110582931979,9.257691638926463,12.33911247545772,0.0,1.0,SOUTH WEST,29.3,133.1,6629,Q1
J83003,3487,2231,63.98049899627187,40.85130203567545,0.0,14.32,9.477169015232798,11.293060536318269,4.615247163588559,6.9126600214425205,0.0,0.0,SOUTH WEST,26.5,374.8,4900,Q4
J83005,2577,1088,42.21963523476912,45.10406106506053,1.0,14.03,9.303792766559637,16.23862471982088,4.056013055140222,2.623050358620166,0.0,0.0,SOUTH WEST,27.7,440.0,4738,Q4
J83007,3068,980,31.94263363754889,50.678733031674206,0.0,12.53,9.671487186844947,18.059241120925662,6.50738018044528,3.766545634579916,0.0,0.0,SOUTH WEST,24.9,455.1,6996,Q2
J83009,1351,505,37.37971872686899,27.562338129914174,1.0,11.72,9.604469244864784,12.640261615206972,6.311140579083109,25.67609329542454,0.0,1.0,SOUTH WEST,23.9,477.6,7161,Q3
J83010,3262,1065,32.64868179031269,62.207189108883135,0.0,12.39,9.371941797362425,15.779137450920617,6.080242755393593,2.926684013130376,0.0,0.0,SOUTH WEST,23.7,503.1,5859,Q2
J83011,2780,914,32.87769784172662,58.987796253649336,0.0,15.65,9.577041551478008,11.236110790732056,10.0533622862621,10.182725403451224,0.0,0.0,SOUTH WEST,36.1,354.8,5103,Q2
J83030,1606,770,47.945205479452056,34.41221329971757,1.0,10.07,9.881058729805506,13.881479650754017,15.941040829395297,17.784142416683355,0.0,1.0,SOUTH WEST,27.6,414.2,7803,Q4
J83033,3477,2027,58.29738280126546,25.200674673332113,0.0,19.11,9.935050816992248,5.954024028163556,10.341709190136298,1.4856921384277506,1.0,0.0,SOUTH WEST,31.2,407.8,8738,Q4
J83034,245,71,28.97959183673469,21.868222658267065,0.0,15.69,8.840531941076053,14.204380971726334,11.077873202258033,6.639004148412622,0.0,0.0,SOUTH WEST,25.7,646.5,4334,Q2
J83039,3366,1540,45.751633986928105,36.06444315705261,0.0,14.66,9.5342941018494,11.72683985269122,5.034054607919956,3.799650413356639,0.0,0.0,SOUTH WEST,26.9,399.0,5515,Q4
J83041,1101,311,28.24704813805631,31.12257158172979,1.0,10.5,9.72463497188092,15.69745135872842,5.5327736120979605,3.874535987443634,0.0,0.0,SOUTH WEST,21.5,544.2,9066,Q2
J83042,459,53,11.546840958605664,37.4427305750667,0.0,12.49,9.867549445730498,13.045851904218928,6.896790020731833,5.981134031823364,0.0,0.0,SOUTH WEST,28.2,438.3,8736,Q1
J83043,352,125,35.51136363636363,49.82371951816668,1.0,10.28,8.816902644080736,18.33810888350953,2.529394327635609,11.461318052563977,0.0,1.0,SOUTH WEST,29.2,573.5,3832,Q3
J83052,4530,1471,32.47240618101545,46.021969526141156,0.0,15.21,9.4356083318025,9.366746719177216,12.049042370425562,14.103340229245804,0.0,1.0,SOUTH WEST,25.0,449.1,7378,Q2
J83056,237,52,21.940928270042196,25.424705656338336,1.0,14.67,8.619524122513699,16.321372150756034,6.595952758293838,8.473632740239223,0.0,0.0,SOUTH WEST,25.9,648.9,3527,Q1
J83057,4576,1506,32.91083916083916,43.44935563563123,0.0,14.84,9.909573164247522,12.019961483279152,8.559044803014933,2.3059242545296423,0.0,0.0,SOUTH WEST,23.7,737.1,14678,Q2
J84003,1056,446,42.23484848484848,31.547640249332147,1.0,31.97,9.019290836951605,7.101713892929559,9.65187479274899,12.121334396707388,0.0,0.0,SOUTH EAST,25.5,567.4,4648,Q4
J84007,155,45,29.032258064516128,24.718876958792805,1.0,15.73,8.779865100863852,15.379883112888342,9.51502101814826,9.925151236542602,0.0,0.0,SOUTH EAST,26.2,532.1,3503,Q2
J84008,243,82,33.74485596707819,17.203327981316598,0.0,27.13,8.576389342473558,4.37330149703891,0.0,13.672850658665704,0.0,0.0,SOUTH EAST,23.4,585.4,3185,Q2
J84012,853,268,31.41852286049238,34.51024487756122,0.0,28.38,9.586920062179782,14.090064334181555,11.784417441486776,1.37240886347391,0.0,0.0,SOUTH EAST,25.9,580.9,8477,Q2
J84019,512,171,33.3984375,39.31727017716985,1.0,24.17,9.316253235062078,6.716289250489106,16.358961673075626,9.990480259956374,0.0,0.0,SOUTH EAST,29.9,708.5,7825,Q2
K81001,5384,1973,36.64561664190193,60.512667304015295,0.0,10.84,9.65889157625767,10.48929094074764,4.291073566582414,2.639350805268059,0.0,0.0,SOUTH EAST,23.1,420.0,6499,Q3
K81012,3576,1356,37.91946308724832,50.30446621925856,1.0,8.25,9.405105024688696,9.525181238246129,4.806485463262073,5.991646262422584,0.0,1.0,SOUTH EAST,20.7,416.4,5081,Q3
K81018,438,132,30.136986301369863,39.145646867371845,0.0,7.47,9.25307254095103,11.457133960507509,4.905820072022293,2.095193988454076,0.0,0.0,SOUTH EAST,28.0,446.1,4524,Q2
K81020,1150,252,21.91304347826087,49.52543636997919,0.0,9.46,9.877263350995294,9.2938901917977,6.648621827980907,2.559583896179445,0.0,1.0,SOUTH EAST,28.8,488.7,9223,Q1
K81022,1867,860,46.06320299946438,48.50451087322426,0.0,6.8,10.28547930445865,7.261807261466012,2.934752934752934,4.44990444990445,1.0,0.0,SOUTH EAST,27.2,429.4,12355,Q4
K81028,794,200,25.188916876574307,51.498158687646466,0.0,4.86,9.1435771558165,14.69291759572383,7.725612471447662,6.841870824053452,0.0,0.0,SOUTH EAST,21.3,422.0,3792,Q1
K81036,518,154,29.72972972972973,37.12318116183494,0.0,10.99,9.385847093774784,11.545076981163737,6.37664135587532,1.1075219197046609,0.0,0.0,SOUTH EAST,26.0,575.3,6936,Q2
K81040,438,158,36.0730593607306,53.91289358768099,0.0,22.96,9.917632867506237,13.527292446357926,2.392582337779713,10.700890233219264,0.0,0.0,SOUTH EAST,33.1,588.7,11636,Q3
K81041,3875,970,25.032258064516128,33.11536901865369,0.0,6.69,9.361500871380876,10.041409350775888,7.519594217305955,9.605823100972906,0.0,0.0,SOUTH EAST,22.8,377.4,4384,Q1
K81043,542,217,40.03690036900369,54.67302736959398,0.0,25.16,9.781536467618189,9.156152320118997,2.2744603330728754,9.67022207996385,0.0,0.0,SOUTH EAST,53.0,762.4,14269,Q3
K81047,4669,1386,29.685157421289357,26.0242158866861,0.0,4.72,10.331170669210724,8.589250395448914,3.425267870509226,6.168090239616613,0.0,0.0,SOUTH EAST,21.9,325.2,10030,Q2
K81048,2735,1013,37.03839122486289,49.994287672797896,0.0,26.5,9.08249753072449,7.575829315807917,4.090947830945369,2.848511822271045,0.0,0.0,SOUTH EAST,31.4,510.8,4744,Q3
K81050,404,108,26.73267326732673,40.19188605016405,1.0,11.62,9.313859192754638,14.97956239450589,3.077662900336619,17.720605914582833,0.0,1.0,SOUTH EAST,27.8,515.7,5733,Q1
K81055,371,66,17.78975741239892,45.82742669551593,1.0,7.68,8.951915006517334,13.984806629834251,6.319060773480663,3.038674032285911,0.0,1.0,SOUTH EAST,28.7,585.0,4481,Q1
K81069,964,314,32.572614107883815,43.779368551863406,0.0,6.19,9.593008708140772,6.547575067607124,4.11042212557476,4.310486919059014,0.0,0.0,SOUTH EAST,34.5,552.9,8067,Q2
K81070,3270,1013,30.978593272171253,65.92439832386302,1.0,4.63,9.415883269869312,12.718970302409367,3.9733212107230815,6.741618775571132,0.0,1.0,SOUTH EAST,19.6,279.9,3399,Q2
K81074,2768,836,30.202312138728324,19.24077095655721,0.0,8.71,9.705178880114724,6.145467108947915,4.779807750929746,0.9835998947304244,0.0,0.0,SOUTH EAST,23.0,317.8,4760,Q2
K81075,7329,3417,46.62300450266066,51.51185612346139,0.0,24.63,10.474507117153523,11.842162626071932,2.2371986055172,7.397067442404612,1.0,0.0,SOUTH EAST,29.6,395.7,15105,Q4
K81077,3263,1290,39.53417100827459,54.392564242755604,1.0,12.15,9.314039508307342,4.588526471542762,6.202295811046337,5.144539935693252,0.0,1.0,SOUTH EAST,19.2,484.9,5276,Q3
K81082,633,222,35.07109004739336,43.235472862418774,0.0,19.01,9.303276523883753,13.316424551854018,1.4580026881924564,0.0,0.0,0.0,SOUTH EAST,30.0,389.6,4191,Q3
K81084,1896,488,25.73839662447257,56.64195328613635,0.0,6.46,8.923402467007527,13.323414791210988,0.5684656968701078,0.0,0.0,0.0,SOUTH EAST,25.4,453.7,3497,Q1
K81097,605,277,45.78512396694215,36.09320096885341,0.0,8.44,8.677127115999223,7.226656819021105,3.156403619009743,1.6816748561202168,0.0,0.0,SOUTH EAST,22.3,525.1,3058,Q4
K81103,1822,824,45.22502744237102,39.864376306892574,1.0,11.03,9.083321062966885,13.958329391593969,6.388736444940674,5.843725754026077,0.0,1.0,SOUTH EAST,22.3,429.4,3829,Q4
K81633,1293,515,39.82985305491106,38.42980026242893,0.0,16.29,9.337119855007307,3.5237116429305537,1.879312876816914,8.057553956247249,0.0,0.0,SOUTH EAST,32.0,525.8,6110,Q3
K81651,5128,1533,29.894695787831512,51.858887007749374,0.0,17.28,9.67308333123582,5.959781964524608,2.6525226774950026,9.115948187670176,0.0,0.0,SOUTH EAST,25.2,322.4,5590,Q2
K82001,3545,1134,31.98871650211565,48.75117919230942,0.0,6.68,9.268483486024891,12.152472009057746,7.673921248584728,2.0128318033714936,0.0,0.0,SOUTH EAST,21.8,374.2,3964,Q2
K82003,4803,3336,69.45658963148033,42.7234079099927,0.0,27.86,9.70559032227608,6.094185639051542,2.193906830058555,3.2502323412337684,0.0,0.0,EAST OF ENGLAND,28.1,321.3,5135,Q4
K82004,2972,1421,47.81292059219381,40.16764869977003,0.0,6.52,9.572085772728022,10.400464306906558,3.9187463721416136,1.2629135226929773,0.0,0.0,SOUTH EAST,22.4,317.4,4522,Q4
K82006,2545,1292,50.76620825147348,29.41642330346978,1.0,14.58,9.142997923505876,9.55767647760396,3.722422783794625,5.87600837972991,0.0,0.0,SOUTH EAST,20.8,328.5,3032,Q4
K82007,6945,3037,43.72930165586753,31.9943506149591,0.0,11.89,10.350177240782749,10.623818142881138,5.280007250200588,11.080338318063928,0.0,1.0,SOUTH EAST,22.1,370.2,11520,Q4
K82009,13408,3874,28.893198090692124,44.06554920399727,0.0,12.56,10.321270922807642,5.09243762016342,3.138406070317345,3.222283804402106,1.0,0.0,EAST OF ENGLAND,22.6,476.3,19655,Q2
K82010,2688,1167,43.41517857142857,49.274903426002155,0.0,18.54,9.232028475546256,6.080028703671991,1.5656726276390147,4.540450620153143,0.0,0.0,SOUTH EAST,22.1,378.0,3732,Q4
K82011,4081,999,24.479294290615044,62.164739045724,0.0,6.85,9.161368941378983,17.403474380431454,2.7725025160810395,2.492451756530872,0.0,0.0,SOUTH EAST,15.5,442.1,4627,Q1
K82012,1000,345,34.5,31.564144438395935,0.0,5.73,8.863863253013896,8.559880274330965,3.770872366811609,5.203803867500972,0.0,0.0,SOUTH EAST,22.3,522.8,3702,Q3
K82013,613,152,24.79608482871125,42.15892883751623,0.0,19.4,9.53629920258049,16.842814436938696,8.277040235799403,1.405171947330113,0.0,0.0,EAST OF ENGLAND,26.8,820.5,11765,Q1
K82014,1315,422,32.09125475285171,48.52712284544878,0.0,12.74,8.673726744231004,14.471635216554793,0.0,4.241310017529608,0.0,0.0,SOUTH EAST,27.2,452.2,2717,Q2
K82017,1181,330,27.9424216765453,42.55960099750624,0.0,16.04,9.552676335679012,4.72459582976306,5.41576916656804,0.6817052098373849,0.0,0.0,SOUTH EAST,42.5,558.1,7865,Q2
K82019,3950,2663,67.41772151898734,37.873497424155694,0.0,19.93,9.696950144483054,6.958481674051687,5.60612657838793,0.7868247829316395,0.0,0.0,SOUTH EAST,28.2,468.4,7807,Q4
K82023,12806,4252,33.20318600655943,30.729991808867023,0.0,9.88,10.215148568342816,10.95415631883722,6.267886235912206,7.624951946815718,0.0,1.0,SOUTH EAST,21.9,356.0,13627,Q2
K82024,451,104,23.059866962305986,39.19553979578758,0.0,14.92,9.3028207942147,8.752003768223846,2.94164571037857,0.9724448625282046,0.0,0.0,SOUTH EAST,33.1,568.0,6272,Q1
K82027,2170,914,42.11981566820276,17.13698712913167,0.0,26.16,8.701665212082178,4.789688864250572,2.660938257916984,5.809715197560806,0.0,0.0,EAST OF ENGLAND,19.0,171.1,1040,Q4
K82030,2829,912,32.237539766702014,37.81428628532598,0.0,19.86,9.37252299492925,15.073868588312823,4.262766689199244,1.7005718172735582,0.0,0.0,SOUTH EAST,31.6,403.8,4605,Q2
K82032,2835,2019,71.21693121693121,55.987004790431556,1.0,23.29,9.40581120793488,5.4873685797705365,6.316395487505654,2.061601304401464,0.0,0.0,EAST OF ENGLAND,27.2,417.5,5126,Q4
K82039,929,412,44.34876210979548,47.13855790169069,0.0,18.48,9.668708866466725,5.676881519662345,5.4631966655952455,5.581228692531841,0.0,0.0,EAST OF ENGLAND,35.7,516.3,8438,Q4
K82046,699,149,21.31616595135909,40.410107954888126,0.0,5.6,9.82440375995652,14.03520164508841,3.0737178186344143,2.785105816523939,0.0,0.0,SOUTH EAST,30.7,542.1,10255,Q1
K82049,3095,1505,48.62681744749596,52.28424524998618,0.0,7.18,9.412689204033688,11.326431288721896,4.83551489657144,13.003614384023194,0.0,1.0,SOUTH EAST,19.0,456.6,5520,Q4
K82054,744,342,45.96774193548387,39.73358468597092,0.0,36.41,9.27012542576772,11.554795003807117,3.692510577504258,1.7583383696121448,0.0,0.0,EAST OF ENGLAND,35.5,800.0,8233,Q4
K82057,3266,1423,43.57011635027557,46.35382419450548,1.0,9.06,9.080155753602057,5.740754802946313,12.331991798162347,5.133267521451894,0.0,0.0,EAST OF ENGLAND,22.7,188.0,1695,Q4
K82064,1779,1313,73.80550871275997,47.230773575846584,0.0,28.64,8.893218045811258,5.56591790820355,5.456064265296547,2.7463410726750506,0.0,0.0,EAST OF ENGLAND,30.0,357.5,2785,Q4
K82065,4564,2715,59.48729184925504,47.21551973747708,0.0,24.92,9.981613038899477,11.714745937680632,3.958350995368051,3.39111066565961,0.0,0.0,EAST OF ENGLAND,25.4,351.5,7276,Q4
K82066,3554,1197,33.680360157568934,44.313605857230016,0.0,8.48,9.532568788180548,13.834365783219823,3.767569917403275,4.096024731198377,0.0,0.0,SOUTH EAST,22.0,395.7,5393,Q2
K82070,6539,2097,32.06912371922312,46.46244274007932,1.0,12.32,9.877451537985287,12.603920763625167,3.188614048034486,13.890314411885456,0.0,1.0,SOUTH EAST,21.1,423.8,8375,Q2
K82610,2413,1695,70.24450891007045,49.49867491166078,0.0,38.28,9.092222905404014,7.982669205765678,2.760923184439797,4.65155536457503,0.0,0.0,EAST OF ENGLAND,25.6,394.7,3348,Q4
K82617,157,21,13.375796178343949,30.590826031954272,0.0,13.32,8.989756043056897,5.785175487812482,5.930469838538745,3.657294849448288,0.0,0.0,EAST OF ENGLAND,26.6,666.9,5515,Q1
K83017,519,140,26.97495183044316,37.06167830220578,1.0,12.9,9.242743023083683,12.34026074544985,9.293920227184715,14.237769458500065,0.0,1.0,EAST OF ENGLAND,26.0,717.7,7661,Q1
K84003,1838,679,36.94232861806312,43.522971920663274,1.0,11.79,8.836809882398365,18.61203932296964,4.95907792241755,15.4583757097196,0.0,1.0,SOUTH EAST,21.8,370.5,2590,Q3
K84004,1516,754,49.736147757255935,49.44684621787815,0.0,20.24,9.50933323557383,9.925101965146458,6.941045606229143,2.2741317508342607,0.0,0.0,SOUTH EAST,24.3,487.1,6394,Q4
K84006,4495,1468,32.65850945494994,55.11267881638252,1.0,8.33,9.69727793441362,18.61541691856268,3.09710721582966,23.56259505630406,0.0,1.0,SOUTH EAST,21.7,330.0,5367,Q2
K84007,1421,613,43.138634764250526,59.17782675029666,0.0,20.04,9.012438063215203,8.541653970382105,6.955532532146993,4.875373270766043,0.0,0.0,SOUTH EAST,26.6,682.6,5683,Q4
K84009,4747,1082,22.793343164103643,41.25202336547259,0.0,12.55,10.184116686386991,7.860242770093564,4.713124427995506,7.165359039247714,0.0,0.0,SOUTH EAST,20.6,208.0,5524,Q1
K84011,1120,304,27.142857142857142,41.22349283890308,0.0,7.5,9.839633241717726,9.778196256961904,4.704335698766179,4.334810840935538,0.0,0.0,SOUTH EAST,22.6,314.1,6023,Q2
K84012,1910,633,33.1413612565445,20.230496853785606,1.0,9.89,9.05678118384988,18.90437047047164,3.917682038127441,2.953807886667056,0.0,1.0,SOUTH WEST,20.0,476.7,4230,Q2
K84015,109,30,27.522935779816518,31.953105512596657,1.0,11.36,8.321907968230423,11.799983792851934,11.5406434865062,6.353837427668369,0.0,1.0,SOUTH EAST,25.3,491.5,1941,Q2
K84016,5643,1395,24.720893141945773,48.146238128862834,0.0,7.82,10.083563534357248,12.740800546782015,3.819678863144414,12.299811384007182,1.0,0.0,SOUTH EAST,21.8,277.2,6393,Q1
K84019,4031,2721,67.50186058050112,40.69521925632876,0.0,10.78,9.675425676065371,9.628908498571116,4.471940457871432,5.44337321671953,0.0,0.0,SOUTH EAST,28.2,364.0,5812,Q4
K84021,952,308,32.35294117647059,37.625897064711864,0.0,6.8,9.244500223622888,5.051139566078763,1.932834017878715,2.422485301763712,0.0,0.0,SOUTH EAST,24.1,324.4,3128,Q2
K84024,2128,1080,50.75187969924812,61.13003792504982,0.0,17.16,9.099660176322104,16.561944390516352,5.451143567259628,2.978766975899913,0.0,0.0,SOUTH EAST,38.0,452.3,4079,Q4
K84028,6199,1502,24.22971447007582,39.26427573252768,0.0,16.86,10.648721046294405,9.828106946905455,8.974985967915456,10.464096766944062,0.0,0.0,SOUTH EAST,28.9,381.4,15956,Q1
K84030,3726,1271,34.11164787976382,36.59818253654682,1.0,13.77,9.653951898440845,10.832143487398328,4.414996871641025,10.027861111128937,0.0,1.0,SOUTH EAST,21.0,317.9,4852,Q3
K84031,4412,1570,35.58476881233001,58.46946768535652,0.0,30.01,9.412804912081992,11.271544273871912,2.722384809637243,3.201524535493092,0.0,0.0,SOUTH EAST,25.0,137.9,1706,Q3
K84032,458,100,21.83406113537118,36.85742453405943,0.0,16.8,9.231857215438431,14.846528014680697,1.957425984829949,3.523366772693908,0.0,0.0,SOUTH EAST,23.8,484.2,4716,Q1
K84037,526,200,38.02281368821293,41.000817250267175,1.0,8.48,9.846749638509031,12.615870383926763,4.247625263668517,6.9288505132253215,0.0,1.0,SOUTH EAST,54.0,609.0,11586,Q3
K84038,2287,738,32.269348491473544,48.20891783567134,0.0,11.37,9.727426358712988,9.818340819851333,5.406050005565052,8.904082363159361,0.0,1.0,SOUTH EAST,28.8,431.8,7023,Q2
K84042,920,289,31.41304347826087,32.55559396243807,1.0,8.05,9.174445455558107,9.14372586754658,3.9526989097254015,6.108716496471423,0.0,0.0,SOUTH EAST,25.4,387.8,3745,Q2
K84043,3582,2711,75.68397543271915,38.20938698563349,0.0,9.0,9.8190319975582,10.520857985609553,3.206340139007903,4.040568907387005,0.0,0.0,SOUTH EAST,29.7,334.9,6328,Q4
K84045,745,241,32.348993288590606,49.063535079795244,0.0,7.87,8.913056796712546,12.49270809827238,3.859098047116895,3.841148755665246,0.0,0.0,SOUTH EAST,23.9,538.6,3991,Q2
K84050,810,156,19.25925925925926,30.59688388916853,0.0,7.35,9.500918247539987,15.87396549805564,8.216173097517201,9.7517200119653,0.0,0.0,SOUTH EAST,30.2,517.3,7144,Q1
K84051,15839,2621,16.54776185365238,50.72390543059742,1.0,11.39,9.85215478368526,11.374484078582048,3.9861222595628782,14.282669052725764,0.0,1.0,SOUTH EAST,21.4,440.2,8556,Q1
K84055,3495,1348,38.569384835479255,21.885453058797296,1.0,9.85,9.397421417745177,14.15867355076821,2.9857554583341974,11.080470256484688,0.0,1.0,SOUTH EAST,22.0,320.1,3886,Q3
K84062,277,67,24.187725631768952,38.0729932441235,0.0,15.98,9.139533355923623,9.616859127883576,2.0036315815272325,2.5760977485979053,0.0,0.0,SOUTH EAST,30.6,694.1,6913,Q1
K84063,230,59,25.65217391304348,32.36369842972788,0.0,17.95,9.396591697105984,8.765485899271617,1.195293531718857,3.585880595156571,0.0,0.0,SOUTH EAST,24.7,337.1,4021,Q1
K84075,4073,1738,42.67124969310091,39.315587077853095,0.0,8.68,9.385049695767997,10.11671844823243,9.359867886472417,5.642791166344781,0.0,1.0,SOUTH EAST,21.2,285.8,3535,Q4
K84078,145,28,19.310344827586206,27.715086609645656,0.0,8.76,9.315225774785771,8.7785698212651,2.161026487581601,0.7203421625272004,0.0,0.0,SOUTH EAST,23.8,299.1,3628,Q1
K84079,1991,1352,67.90557508789553,58.89159036435432,0.0,5.9,9.132063465468828,9.020501960798448,5.133150091650521,3.48938854521696,0.0,0.0,SOUTH EAST,21.1,277.7,2575,Q4
K84080,452,124,27.43362831858407,48.17654899728916,0.0,9.91,9.404432658896388,9.6385706428743,3.8653443607288698,9.026457568374456,1.0,0.0,SOUTH EAST,24.6,390.6,5249,Q2
K84082,133,36,27.06766917293233,45.16499206063275,0.0,8.78,9.46709276546416,13.305227329865208,4.001882329188343,9.42711455723375,0.0,0.0,SOUTH EAST,27.1,465.3,5903,Q1
K84605,199,44,22.110552763819097,41.67725002116671,0.0,10.12,8.780159838517438,8.284922058759465,3.382577165041577,0.0,0.0,0.0,SOUTH EAST,24.5,292.2,1881,Q1
K84613,725,258,35.58620689655172,23.328496483982587,0.0,10.08,9.988544590493149,10.237766306757951,3.4656553399641044,7.408909826678965,0.0,1.0,SOUTH EAST,32.5,408.1,8747,Q3
K84624,2309,1336,57.860545690775226,33.52879581151832,0.0,7.25,9.275370959529216,7.196457993331408,7.621248917173578,3.748155204860108,0.0,0.0,SOUTH EAST,22.8,240.1,2650,Q4
L81004,5203,1052,20.219104362867576,27.22594404135469,0.0,7.22,9.792444253742804,12.30485685495586,10.191082802547768,8.835251610794502,0.0,0.0,SOUTH WEST,18.5,380.2,6620,Q1
L81009,590,144,24.406779661016948,32.17067334714393,0.0,21.89,9.28126471031288,13.70895773637634,7.20385033348859,6.930600838379133,0.0,0.0,SOUTH WEST,28.3,559.1,6029,Q1
L81013,492,114,23.170731707317078,29.339382811948308,0.0,20.72,9.495713530937527,13.651483734362373,4.029292555957176,7.469813464803203,0.0,0.0,SOUTH WEST,48.0,753.2,9677,Q1
L81015,2825,885,31.327433628318584,45.387497769583064,0.0,34.71,9.883714174812177,15.201635350126008,11.858853130415936,11.184856957513992,0.0,0.0,SOUTH WEST,26.2,345.2,6550,Q2
L81018,2227,647,29.05253704535249,46.24792763444926,0.0,10.74,9.095798951603186,14.90660013232037,7.236503975778644,9.000775605954416,0.0,0.0,SOUTH WEST,19.9,473.4,4273,Q2
L81019,4513,1443,31.97429647684467,19.340784239439287,0.0,11.91,9.813302964414971,12.220535060259095,7.339616877470897,10.724887484439336,0.0,0.0,SOUTH WEST,22.7,317.2,5822,Q2
L81020,2294,658,28.68352223190933,45.85493117297724,0.0,11.73,9.129012811454851,13.0745658842778,3.500049715892142,1.272745352219621,0.0,0.0,SOUTH WEST,20.8,293.7,2616,Q2
L81022,577,177,30.67590987868284,32.1737596860774,0.0,23.13,9.794044641154748,15.403495724804758,4.596504276682781,5.816288582744513,0.0,0.0,SOUTH WEST,24.0,562.9,10316,Q2
L81024,3238,758,23.409512044471896,31.015984710277127,0.0,12.46,9.64237708506991,11.611592289839704,5.989818606306838,5.920572148858244,0.0,0.0,SOUTH WEST,19.1,363.7,5605,Q1
L81025,5187,2380,45.88394062078272,45.87452542946284,0.0,13.12,9.822638964672809,11.900252981568489,7.285869172388868,6.346223346223346,1.0,1.0,SOUTH WEST,21.4,565.4,10541,Q4
L81026,4896,1549,31.63807189542484,28.23033898997047,0.0,12.47,10.232047617940225,16.208692310830592,3.4558064748374098,9.109889844848691,0.0,0.0,SOUTH WEST,16.0,443.3,12506,Q2
L81029,283,55,19.434628975265017,40.020340268560496,1.0,12.17,9.1764388203005,9.93103448275862,8.634482757931035,5.296551724137931,0.0,1.0,SOUTH WEST,30.8,627.5,6029,Q1
L81031,265,70,26.41509433962264,40.518198204597724,0.0,20.18,9.695417325719395,10.487389439143016,14.56217037308379,11.672720557163087,0.0,0.0,SOUTH WEST,27.1,649.4,10500,Q1
L81033,4150,1651,39.78313253012048,31.88457427858924,0.0,18.31,9.611546423163963,13.53664183647167,5.302535777052473,3.981365246296761,0.0,0.0,SOUTH WEST,25.4,507.1,7523,Q3
L81034,1588,644,40.55415617128463,41.276726402542145,0.0,6.9,10.437910066857077,13.648507757129147,6.016344729520865,4.406777177933884,0.0,0.0,SOUTH WEST,29.4,677.9,23648,Q3
L81038,3951,1619,40.97696785623893,35.427096370463076,0.0,19.41,9.49855355336464,14.920073710841116,8.555454915076368,3.358215947777744,0.0,0.0,SOUTH WEST,24.0,357.8,4725,Q3
L81040,5887,1854,31.493120434856465,41.491925580252975,0.0,10.74,9.714669941998473,12.448604717747417,6.55443999879218,6.2162502199743335,0.0,0.0,SOUTH WEST,21.5,441.3,7356,Q2
L81041,249,78,31.32530120481928,46.85619534112487,0.0,56.48,8.906969200059761,13.255228613415502,4.406370275962483,4.912019323468662,0.0,0.0,SOUTH WEST,38.0,645.4,4790,Q2
L81051,7715,3119,40.42773817239144,35.20146788990826,0.0,26.73,10.073560792907202,10.963158792101066,13.44389118603556,9.84793799911422,0.0,0.0,SOUTH WEST,20.8,543.9,13599,Q3
L81053,1202,334,27.78702163061564,48.473814688565234,0.0,22.2,9.054991752683652,11.553565518718244,1.868904160258532,7.03953900286176,0.0,0.0,SOUTH WEST,29.6,476.7,3975,Q2
L81061,3241,1187,36.62449861153965,24.749404414078302,0.0,33.39,9.341799827954985,11.775038543026032,6.313066732914898,3.811221767804821,0.0,0.0,SOUTH WEST,25.9,341.3,3828,Q3
L81062,6486,2699,41.6127042861548,31.589466435115874,0.0,20.55,10.106465810798882,8.863064501396206,5.633748397168813,3.3087197415062697,0.0,0.0,SOUTH WEST,26.5,342.2,8408,Q4
L81068,746,196,26.273458445040216,36.80461329715061,0.0,12.32,9.468342572357765,7.514141681034761,1.85958112528248,3.069771634743531,0.0,0.0,SOUTH WEST,30.4,433.2,5291,Q1
L81070,2281,904,39.631740464708464,34.14892210025129,0.0,9.48,9.093918908958932,8.148897128412539,3.595101673969217,11.714039620267384,0.0,0.0,SOUTH WEST,20.9,431.6,3885,Q3
L81078,1462,458,31.326949384404926,25.74357843677654,0.0,10.52,10.009726432319216,10.239002477772656,3.812649634134005,4.608750060584262,0.0,0.0,SOUTH WEST,32.7,496.6,11213,Q2
L81082,3615,1121,31.009681881051176,30.297153264975716,0.0,23.09,9.517432837947789,10.193801491271088,5.531581012161633,2.9423303256178897,0.0,0.0,SOUTH WEST,18.6,363.2,5133,Q2
L81084,2625,1422,54.17142857142857,35.53254144194818,0.0,19.96,9.350095067948274,13.832911833274151,5.147863390314423,2.249291660954065,0.0,0.0,SOUTH WEST,23.2,375.5,4257,Q4
L81087,190,65,34.21052631578947,28.168258227448504,0.0,22.19,9.454227284428292,15.190931410437235,6.247714569816643,0.0,0.0,0.0,SOUTH WEST,42.8,707.2,9067,Q3
L81098,275,59,21.454545454545453,33.952870892797876,0.0,25.39,9.353820032745476,9.95480601181108,3.996707914579032,4.759085724764283,0.0,0.0,SOUTH WEST,21.7,540.9,6732,Q1
L81103,347,111,31.988472622478387,49.22177964168524,0.0,11.96,9.088991611672943,11.922436421011035,5.227807728132321,4.275217100115725,0.0,0.0,SOUTH WEST,30.5,689.1,6250,Q2
L81125,2346,787,33.5464620630861,30.621821487359654,0.0,16.86,9.164985550255,5.6924109906783285,4.492540047262358,0.0,0.0,0.0,SOUTH WEST,20.0,296.6,2986,Q2
L81130,760,200,26.31578947368421,34.354708053130345,0.0,10.82,9.466693013047427,14.837648728468706,4.0034824111179175,9.111017959952278,0.0,0.0,SOUTH WEST,36.4,737.8,9640,Q1
L81131,910,246,27.032967032967036,27.554710760483776,0.0,5.34,9.360267860959134,12.001921926404131,9.490206967075531,1.9281256724768672,0.0,0.0,SOUTH WEST,30.6,418.3,4773,Q1
L81642,1274,523,41.051805337519625,43.08846952072977,0.0,12.2,8.60995467149755,11.71466763944586,5.201117998541743,6.562158220925993,0.0,0.0,SOUTH WEST,25.9,553.3,3575,Q3
L81643,7921,2681,33.846736523166264,48.35118906644004,0.0,17.92,9.724091711658376,4.482865205348329,7.673516595973796,3.3820904753073493,0.0,0.0,SOUTH WEST,19.1,120.9,2044,Q3
L82003,2619,934,35.66246659030164,44.609028617492946,1.0,20.53,9.07361340274062,13.880475804137008,8.01031863488272,12.22949409946018,0.0,1.0,SOUTH WEST,17.2,524.4,4568,Q3
L82006,4155,1808,43.513838748495786,31.35051943055021,0.0,16.19,9.97458265722606,11.946414990142964,9.512426070536003,9.437916205740365,0.0,1.0,SOUTH WEST,20.5,476.4,9830,Q4
L82007,154,97,62.98701298701299,44.25644248900063,1.0,28.28,8.79948576658358,11.729445771019227,8.083448535880356,4.880442139499812,0.0,1.0,SOUTH WEST,27.5,662.8,4402,Q4
L82010,6446,3206,49.73627055538319,50.430901815943365,0.0,26.77,10.082543365923584,12.384824129923604,8.015021197445838,8.661573672494697,0.0,1.0,SOUTH WEST,22.9,434.0,10418,Q4
L82011,338,77,22.7810650887574,40.02149767108563,1.0,29.07,8.721493654928967,4.217391304891305,8.782608694565218,15.565217391847828,0.0,1.0,SOUTH WEST,37.7,679.1,4342,Q1
L82012,4184,1901,45.43499043977055,40.38501615088048,1.0,22.13,9.737329657084512,9.576746909509543,6.407588348265021,23.961546596017893,0.0,1.0,SOUTH WEST,19.4,510.9,8686,Q4
L82015,149,50,33.557046979865774,23.396907103103896,1.0,19.81,8.819579130233215,13.28324197721254,6.582496767629488,0.9459875592781918,0.0,1.0,SOUTH WEST,39.6,721.3,5081,Q2
L82016,5347,1763,32.97175986534506,55.78783712593316,1.0,25.21,9.736625873604217,10.208944642470314,13.139289863920125,24.514070777092897,0.0,1.0,SOUTH WEST,17.8,448.0,7775,Q2
L82023,3440,2200,63.95348837209303,43.70798628123469,1.0,22.57,9.724131594005458,10.14586677567624,9.049921732454608,33.45264564423661,0.0,1.0,SOUTH WEST,20.0,371.4,5998,Q4
L82030,5160,2281,44.20542635658915,38.369944929388794,1.0,25.02,9.83756140241996,11.099337748344372,6.394645019226661,19.782097841807307,0.0,1.0,SOUTH WEST,19.3,438.9,8175,Q4
L82035,1132,343,30.300353356890454,40.94178201293733,1.0,20.33,9.01729148254134,7.924555002678581,7.827519634095803,4.463626899012463,0.0,1.0,SOUTH WEST,25.1,767.3,6466,Q2
L82036,532,215,40.41353383458647,36.94612302868704,1.0,21.15,9.428926889097776,15.7730481249414,5.014800626850079,5.743446871241244,0.0,0.0,SOUTH WEST,27.2,629.2,7754,Q3
L82042,5998,2318,38.646215405135045,58.063154403395174,0.0,24.67,9.724076755368134,9.907120743034058,10.720749016616564,1.9144194672529573,0.0,0.0,SOUTH WEST,29.8,560.9,9371,Q3
L82043,131,33,25.19083969465649,48.606413994169095,1.0,20.91,8.433684762841713,15.24831047560379,3.5946587444059936,19.94455818817604,0.0,1.0,SOUTH WEST,38.1,645.6,3004,Q1
L82046,3216,979,30.441542288557216,49.2142258175899,0.0,15.42,9.411211047441,11.8230899280144,3.402955772481868,9.850269412935596,0.0,0.0,SOUTH WEST,16.8,480.6,5868,Q2
L82048,144,49,34.02777777777778,36.936909006355606,1.0,20.33,8.250424240544664,19.0811951844356,9.331679399360189,7.172858042697657,0.0,1.0,SOUTH WEST,24.2,621.3,2385,Q3
L82051,309,111,35.922330097087375,39.36533565174191,1.0,33.7,9.487883720829997,6.687459749725355,7.273370121096561,14.678064980238153,0.0,1.0,SOUTH WEST,30.9,550.0,7271,Q3
L82052,3241,1355,41.8080839247146,43.29791157622977,0.0,15.7,9.279151004636423,18.94389644584124,4.231882254721971,7.517814356971714,0.0,1.0,SOUTH WEST,24.2,351.7,3699,Q4
L82057,104,41,39.42307692307692,28.994700162750906,1.0,28.24,7.984008341705702,13.089421656629929,6.817407112828088,5.999318259288717,0.0,1.0,SOUTH WEST,38.7,667.6,1950,Q3
L82059,874,376,43.02059496567506,39.140730717185384,0.0,18.58,8.615257151841426,8.461515214408752,5.802181862137741,15.327430420355986,0.0,0.0,SOUTH WEST,36.3,659.5,3756,Q4
L82068,3575,1227,34.32167832167832,31.779997115661956,1.0,22.54,9.076732785972828,20.571167325891498,4.815604999238037,13.867723255867112,0.0,1.0,SOUTH WEST,19.7,434.0,3978,Q3
L83005,211,69,32.70142180094787,27.40682896690208,0.0,20.14,9.63242767389584,14.608478994410357,4.038969057519247,3.12976390149549,0.0,0.0,SOUTH WEST,34.5,640.7,9968,Q2
L83008,4875,3250,66.66666666666667,56.78006136579454,0.0,25.6,9.960800815497445,20.6533282026464,5.9050114689739015,6.345683966524628,1.0,0.0,SOUTH WEST,29.5,499.7,14810,Q4
L83010,184,45,24.456521739130437,30.102461429749145,1.0,19.75,8.877370328843138,13.76504098168924,2.939022262628612,10.937627158053829,0.0,1.0,SOUTH WEST,26.4,625.7,4497,Q1
L83011,728,248,34.065934065934066,46.80668798090897,1.0,12.79,9.025395376975514,15.624937335017746,2.3742204584010107,3.946339409252241,0.0,0.0,SOUTH WEST,28.5,684.9,5620,Q3
L83013,4345,2251,51.80667433831991,55.40769706521956,0.0,25.47,9.662694367071776,8.762973054214088,5.597934701363966,10.34769747785476,0.0,0.0,SOUTH WEST,20.4,485.2,7453,Q4
L83016,4089,1426,34.87405233553436,32.72909418278798,0.0,15.09,10.615640474335432,11.021851557490647,5.904965147237382,3.3392612581100143,0.0,0.0,SOUTH WEST,42.8,412.6,16858,Q3
L83023,180,91,50.55555555555556,31.76994589423968,1.0,21.82,8.63550941823428,14.687514808102344,5.685856432125089,19.87680644278607,0.0,1.0,SOUTH WEST,33.4,605.6,3516,Q4
L83024,399,73,18.29573934837093,31.76020113948285,0.0,17.12,9.04435465579805,11.207413892785818,2.707408974982046,4.155557960392338,0.0,0.0,SOUTH WEST,25.3,493.8,4240,Q1
L83029,2005,1239,61.795511221945134,63.63705933370746,0.0,30.38,9.041162063048368,8.748260512618062,6.221687080722047,3.0634702884833653,0.0,0.0,SOUTH WEST,38.2,575.1,4880,Q4
L83030,1055,259,24.54976303317536,41.81829511465603,0.0,35.7,9.186150133174966,20.353105897961274,4.753611310316566,6.61134446573097,0.0,0.0,SOUTH WEST,24.8,563.7,5674,Q1
L83031,3036,1913,63.01054018445323,38.75236550419032,1.0,14.21,9.397939643765502,19.6073555245161,10.135256489410205,6.498943092800597,0.0,1.0,SOUTH WEST,21.8,474.5,5815,Q4
L83034,1529,1390,90.9090909090909,51.112812453828695,0.0,18.97,9.224325456542845,10.923494124085792,8.664639657490344,5.39074698035993,0.0,0.0,SOUTH WEST,32.3,673.9,6703,Q4
L83035,938,260,27.718550106609808,33.858523218921256,0.0,21.01,9.715590481408988,14.023571053457225,9.653674429829854,6.355335666103535,0.0,1.0,SOUTH WEST,29.6,440.7,7391,Q2
L83038,2479,977,39.41105284388866,38.36243142594002,0.0,18.34,9.52846071419348,20.680833002273484,5.121707235745249,2.851859710812695,0.0,1.0,SOUTH WEST,23.0,473.3,6557,Q3
L83040,1667,472,28.314337132573485,37.53525958679576,0.0,14.36,9.7799960671393,15.577671023717825,3.771467902073837,4.224044050933674,0.0,1.0,SOUTH WEST,25.8,435.6,7983,Q2
L83043,4781,1316,27.525622254758417,43.649255305259565,1.0,17.56,9.601058385354262,14.992811434048432,8.06472528401883,9.183322527443408,0.0,0.0,SOUTH WEST,21.3,514.4,7453,Q2
L83044,217,60,27.649769585253456,31.46199964447892,1.0,16.98,9.020289017120287,17.156101984480504,7.449360072558703,23.7347576329739,0.0,1.0,SOUTH WEST,28.2,644.0,5363,Q2
L83045,3786,2154,56.89381933438986,56.33393268528404,1.0,15.24,9.613085116581892,15.865323018867924,5.347861690927019,6.239171973193844,0.0,0.0,SOUTH WEST,28.1,475.5,7144,Q4
L83046,2438,919,37.69483182936833,21.840926212283414,0.0,18.1,9.17514488007252,14.529132499266296,4.032801036512732,13.230902028139836,0.0,0.0,SOUTH WEST,21.2,436.0,4179,Q3
L83050,775,276,35.61290322580645,27.625585847250644,0.0,20.17,9.469796565948712,15.74294586125094,5.048094788327644,6.665509460163166,0.0,0.0,SOUTH WEST,27.6,587.3,7758,Q3
L83056,2829,1060,37.46907034287735,42.30011452530233,0.0,15.72,10.169965140549,7.252159369011063,4.392152856878379,11.225525557094794,1.0,1.0,SOUTH WEST,22.9,611.4,15945,Q3
L83057,2839,818,28.812962310672773,41.19484756613675,1.0,17.08,8.961312612987419,19.327183126342906,9.030754593947428,7.388799213229714,0.0,0.0,SOUTH WEST,19.9,337.3,2670,Q2
L83058,464,234,50.43103448275862,50.539447902973784,0.0,18.98,8.976893927666076,12.32971288961859,4.378209984844658,2.761640143975751,0.0,0.0,SOUTH WEST,27.9,581.5,4429,Q4
L83059,2731,887,32.47894544123032,46.68499247332941,1.0,15.96,9.22051345029652,16.84113275161474,4.7250200044544535,2.692469499368953,0.0,0.0,SOUTH WEST,22.8,488.7,4915,Q2
L83064,3756,1828,48.66879659211928,59.81658410002359,0.0,10.12,9.417625507355934,15.172040096992683,5.72202655107017,4.540774857220265,0.0,0.0,SOUTH WEST,23.6,389.8,4913,Q4
L83066,2085,626,30.023980815347723,57.75280741843288,0.0,15.08,9.768288102810908,15.156689720963511,4.746959218125447,1.953732411543048,0.0,0.0,SOUTH WEST,25.3,426.0,7561,Q2
L83067,4058,1260,31.049778215869885,38.387307818122345,0.0,11.71,9.603648549813716,15.63784619957824,10.986081822016027,7.719949388443695,0.0,0.0,SOUTH WEST,23.2,550.2,8241,Q2
L83069,726,195,26.859504132231404,34.32034059150785,1.0,26.81,9.638577550426543,10.402528428529536,9.769986858688217,14.89253092893682,0.0,1.0,SOUTH WEST,15.6,767.9,11636,Q1
L83075,648,176,27.160493827160494,30.173959393322672,1.0,17.89,8.69479529576007,17.326021129484655,5.090635073470926,4.018922426424415,0.0,0.0,SOUTH WEST,26.2,516.6,3136,Q2
L83076,1265,415,32.80632411067194,33.7446649195058,0.0,25.16,9.334149657702469,9.636567119632444,2.356128879660717,8.694115567238027,0.0,0.0,SOUTH WEST,26.9,478.8,5674,Q2
L83083,5954,2373,39.855559287873696,57.525828608640374,0.0,23.65,9.637170067713,15.80100822961928,6.82158064507007,6.525746790148298,0.0,0.0,SOUTH WEST,27.7,386.5,5853,Q3
L83086,192,60,31.25,40.024200053777896,1.0,15.1,8.522197316537694,14.991459512777569,4.882174426294754,9.18061060280924,0.0,1.0,SOUTH WEST,31.1,569.1,3005,Q2
L83087,5475,1833,33.47945205479452,25.402317859732594,1.0,21.08,9.6239940839899,13.912276834912936,8.631254132466387,16.35441922217324,0.0,1.0,SOUTH WEST,22.7,388.9,5968,Q2
L83096,638,143,22.41379310344828,38.25716656490223,0.0,27.48,9.814246418758184,14.228053390733908,6.3268188241082415,3.3383444941916083,0.0,0.0,SOUTH WEST,30.5,580.9,10529,Q1
L83097,589,188,31.918505942275043,38.75802997858673,1.0,12.6,9.465615464977764,15.535384577722116,3.6979173396686855,1.9832405841263283,0.0,0.0,SOUTH WEST,29.8,464.0,5962,Q2
L83099,268,91,33.95522388059702,48.83973011834974,0.0,15.29,8.639145302166984,12.123572629901746,5.80685137647163,1.510725562538727,0.0,0.0,SOUTH WEST,27.7,517.4,2892,Q3
L83100,13570,4107,30.26529108327192,54.81100331766223,0.0,11.27,10.679243376707715,9.172740803781055,4.014301717126767,6.610707873617017,0.0,1.0,SOUTH WEST,21.6,371.3,16118,Q2
L83115,916,318,34.71615720524017,49.77975712443114,0.0,21.28,8.490797880056705,12.320961037014222,3.723668225268238,3.066550303403665,0.0,0.0,SOUTH WEST,36.5,620.7,3070,Q3
L83116,1593,475,29.817953546767107,57.78388278388278,1.0,11.72,8.555916986254266,7.644823551443825,4.566371115137327,19.34294280940852,0.0,1.0,SOUTH WEST,23.4,443.5,2395,Q2
L83120,3262,1183,36.26609442060086,36.87747469778238,0.0,16.2,9.749607669373477,13.716285172182532,10.730427175973174,5.886183603440735,0.0,0.0,SOUTH WEST,40.4,631.0,14065,Q3
L83127,1150,370,32.17391304347826,45.82159916603133,1.0,19.07,9.69539167331461,7.880519827613629,7.1253033439877695,12.239432356306212,0.0,1.0,SOUTH WEST,25.5,513.3,8154,Q2
L83128,2092,810,38.7189292543021,53.6657060518732,1.0,15.84,8.935750005718814,14.40221086701906,5.263965959686794,5.755269450134889,0.0,0.0,SOUTH WEST,25.5,664.2,5083,Q3
L83129,155,32,20.64516129032258,41.24009387435802,1.0,26.68,8.013756866082101,19.411586291670115,11.068733374141782,25.41153114401522,0.0,1.0,SOUTH WEST,39.5,511.0,1560,Q1
L83131,6747,4168,61.77560397213576,58.662006291506465,0.0,25.19,10.15503713835052,11.881650056375632,7.838156581692825,8.190666268192484,0.0,0.0,SOUTH WEST,19.7,466.8,11727,Q4
L83607,324,237,73.14814814814815,51.30099655652094,0.0,28.8,8.639410824140487,8.778761061946904,6.938053097345133,4.294985249557522,0.0,0.0,SOUTH WEST,41.6,702.0,4010,Q4
L83624,1739,1243,71.47786083956296,41.30727503558651,0.0,42.08,8.986436114731903,5.737696372449884,10.024289304158367,8.272957562313008,0.0,0.0,SOUTH WEST,31.7,421.8,3250,Q4
L83628,719,191,26.564673157162726,38.75381127355172,0.0,18.6,8.717491090125586,13.706927126838185,9.603579514910104,6.722505660109679,0.0,0.0,SOUTH WEST,24.1,674.7,4536,Q1
L83639,165,110,66.66666666666667,35.4999112058249,1.0,8.35,7.960643531435961,21.95923352272397,3.349713587857289,11.165711959524296,0.0,1.0,SOUTH WEST,33.6,726.1,2115,Q4
L84003,101,20,19.8019801980198,37.277566746994516,0.0,13.82,9.334186471538583,12.51058378306742,3.651865323329971,1.7434711869298565,0.0,0.0,SOUTH WEST,31.3,447.5,5135,Q1
L84004,2087,725,34.73885960709152,49.0085840440995,1.0,10.56,8.969764506951673,20.3856223703374,6.1733498699399,11.837907166979363,0.0,1.0,SOUTH WEST,23.0,404.9,3199,Q3
L84006,224,48,21.428571428571427,41.97007316912395,1.0,16.16,8.825020969560976,12.309501641103545,5.05708825403048,25.520654677316607,0.0,1.0,SOUTH WEST,28.3,490.4,3384,Q1
L84011,339,66,19.469026548672566,38.2303447736078,1.0,19.85,9.048958051195884,12.34674292020839,8.272944494496455,16.38920443338948,0.0,1.0,SOUTH WEST,34.1,565.2,4646,Q1
L84014,387,127,32.81653746770026,43.224414463594066,0.0,7.95,9.104896519512607,12.658832680501153,7.808058078173182,8.652572898852682,0.0,0.0,SOUTH WEST,26.6,601.4,5420,Q2
L84015,378,227,60.05291005291005,30.505567010309278,0.0,6.1,9.30453629486314,13.954934661782438,4.950968123592183,7.232296573001752,0.0,0.0,SOUTH WEST,27.1,455.7,4973,Q4
L84026,4516,922,20.4162976085031,37.9548753469658,0.0,22.02,10.363201444378475,13.013300215697676,5.742115247599778,11.526328112947912,0.0,0.0,SOUTH WEST,26.1,531.1,17291,Q1
L84028,1553,314,20.21893110109465,44.020095739134554,0.0,22.07,9.371523409567573,8.276966109456124,11.461968394757,14.843816495020851,1.0,1.0,SOUTH WEST,26.9,671.6,7968,Q1
L84031,128,25,19.53125,35.16328331862312,1.0,12.73,8.656998611107113,13.982000784313724,9.089459877396632,11.454574437633145,0.0,1.0,SOUTH WEST,29.6,702.6,4057,Q1
L84038,129,39,30.232558139534884,36.89758617816172,1.0,13.07,9.34971093342399,10.114102620155714,6.436067398547257,12.2018760958636,0.0,1.0,SOUTH WEST,23.6,478.4,5424,Q2
L84045,253,77,30.43478260869565,43.39990478997121,1.0,16.71,8.878450951526338,16.871835370000465,5.091280718167882,15.329586101175268,0.0,1.0,SOUTH WEST,22.3,644.4,4671,Q2
L84046,238,62,26.050420168067227,43.822885572139306,0.0,22.97,8.75777055352296,10.440388369868575,7.379551619911162,4.402573408980725,0.0,0.0,SOUTH WEST,31.0,598.6,3507,Q1
L84047,4384,1531,34.92244525547445,30.306607751205856,0.0,10.03,9.65783740900534,10.502058840550374,8.05334210507812,7.125240375864951,0.0,0.0,SOUTH WEST,24.4,562.9,9388,Q3
L84048,2462,904,36.718115353371246,50.92833573453548,0.0,7.82,9.255608467922906,10.29651871325374,6.970539277618929,3.3387226525004574,0.0,0.0,SOUTH WEST,25.7,484.3,5032,Q3
L84050,12353,2351,19.031814134218408,47.387773473903096,0.0,24.77,10.60238069340252,9.966607423969377,7.082520310709536,3.8842834829296176,0.0,0.0,SOUTH WEST,22.9,363.9,14779,Q1
L84053,2138,1142,53.414405986903645,25.010093397572202,1.0,10.22,8.97233695775495,11.881925062166964,6.698807409286983,18.87845724308552,0.0,1.0,SOUTH WEST,21.3,368.9,2843,Q4
L84058,2645,825,31.19092627599244,35.631458546974834,0.0,19.34,9.13672074210242,8.30117596404833,9.644519792255323,1.3777885417507605,0.0,0.0,SOUTH WEST,28.9,1590.6,14920,Q2
L84060,2995,968,32.320534223706176,47.45768476424774,0.0,12.5,9.305309584566883,15.840551702625897,5.674661816528362,10.66023451722178,0.0,1.0,SOUTH WEST,23.2,487.6,5423,Q2
L84063,549,120,21.85792349726776,23.16158303759939,1.0,13.83,8.490592509619058,12.925973471630297,7.229781771501925,11.063756954043646,0.0,1.0,SOUTH WEST,25.9,543.1,2708,Q1
L84065,1630,498,30.552147239263803,50.371364653243845,0.0,11.83,9.138611618517707,15.03135351907891,11.001486203377082,4.297455548194173,0.0,0.0,SOUTH WEST,22.3,348.1,3133,Q2
L84067,2545,778,30.56974459724951,33.137782387450166,0.0,7.61,9.21734908678674,17.212273675813442,6.51418357551885,1.4829035788289031,0.0,0.0,SOUTH WEST,27.5,468.7,4712,Q2
L84084,1025,375,36.58536585365854,41.18493979741352,0.0,14.77,9.337193262972106,9.076414886588855,3.382514864567276,7.540189385597886,0.0,0.0,SOUTH WEST,25.6,419.7,4861,Q3
L85001,2354,456,19.37128292268479,43.12884628987763,0.0,17.19,9.758981876426398,11.263196409960136,7.056059467906869,7.0714657114795765,0.0,0.0,SOUTH WEST,30.1,507.1,8963,Q1
L85008,7167,2352,32.81707827542905,34.691519208866914,0.0,17.08,10.283173207656803,15.171406165580697,14.99107287705437,12.01933002103535,0.0,0.0,SOUTH WEST,22.9,372.1,10854,Q2
L85012,8699,2986,34.32578457293942,39.065835458581276,0.0,16.83,9.692195370490625,14.404932855488472,3.2117103901919304,5.428614074703148,0.0,0.0,SOUTH WEST,23.6,504.9,11383,Q3
L85014,2249,469,20.85371276122721,52.88322033094685,0.0,24.93,9.506393558677711,16.094703895379467,3.510489943909015,12.713130249341477,0.0,0.0,SOUTH WEST,23.6,474.3,6368,Q1
L85015,4332,1522,35.13388734995383,29.379702495955264,0.0,17.18,9.608266018526724,18.586897141641664,3.376472168286239,8.311316107429134,0.0,0.0,SOUTH WEST,48.2,516.0,8230,Q3
L85016,8666,4221,48.7075928917609,41.134697690379284,0.0,23.25,9.596084516120293,7.997960167492987,6.841147973368841,9.537354448933336,0.0,0.0,SOUTH WEST,22.3,645.4,18257,Q4
L85021,516,137,26.550387596899224,45.16970718665106,0.0,9.46,9.576671874248223,12.792826935964689,4.86215423058258,2.514269867584868,0.0,0.0,SOUTH WEST,32.8,703.2,10570,Q1
L85022,815,241,29.570552147239265,28.263136476931685,0.0,17.8,9.54180006677385,8.63747308040201,7.829624311557789,13.654274395549177,0.0,0.0,SOUTH WEST,33.0,549.2,7354,Q2
L85024,3269,1186,36.28020801468339,33.79549935839254,1.0,20.23,9.287771981390035,14.314250236539898,12.981544179977018,17.979191892087826,0.0,1.0,SOUTH WEST,21.9,565.0,6278,Q3
L85025,168,32,19.047619047619047,51.19193989071038,0.0,25.6,9.535908132215932,19.55493506962414,6.893812658233943,2.5803656325145323,0.0,0.0,SOUTH WEST,30.1,632.9,8869,Q1
L85030,3687,1219,33.06211011662598,23.075092228965847,0.0,21.69,9.89389586569584,14.633017679431576,8.184797378643639,7.259430648061287,0.0,0.0,SOUTH WEST,21.3,497.3,9029,Q2
L85031,2909,988,33.96356136129254,36.69878672024343,1.0,17.32,8.913079233077408,14.459626213905905,1.79488905431783,21.10789526956989,0.0,1.0,SOUTH WEST,23.1,417.6,3148,Q3
L85032,1342,425,31.669150521609534,54.3344357799557,1.0,17.93,8.56326537951862,11.306880580623597,9.124958219930283,5.500644606789858,0.0,0.0,SOUTH WEST,26.3,440.4,2237,Q2
L85034,1596,511,32.01754385964912,43.98384875186324,0.0,15.34,9.044079154728742,15.839557563841408,3.967761934283943,7.652112301833319,0.0,0.0,SOUTH WEST,22.3,465.8,3959,Q2
L85038,554,202,36.46209386281589,55.063096834655596,1.0,17.5,8.830396801098097,12.90637032607106,11.229711946190964,6.628649413656967,0.0,1.0,SOUTH WEST,22.8,637.0,4379,Q3
L85039,867,286,32.98731257208766,29.816349094668524,1.0,18.2,9.54842440419481,16.588479300889635,7.8539974205894065,3.3659988946401933,0.0,0.0,SOUTH WEST,24.0,605.0,8432,Q2
L85044,2294,835,36.39930252833479,45.27555942120661,1.0,16.66,8.722471437613203,30.18785970355088,3.8657834737756542,4.604191550656966,0.0,1.0,SOUTH WEST,30.1,585.7,3602,Q3
L85052,352,108,30.681818181818183,39.34397677793904,0.0,18.56,8.981356884715996,11.43592376483901,11.433241479867142,6.940413449146592,0.0,0.0,SOUTH WEST,31.0,777.9,6056,Q2
L85053,1977,1086,54.931714719271625,43.51178890832492,1.0,17.6,8.771615747422914,19.27038238269387,8.022433868937624,5.12774123412119,0.0,0.0,SOUTH WEST,27.7,443.5,2853,Q4
L85054,440,267,60.68181818181818,37.55938586326767,1.0,17.78,9.002147007614658,15.76257619604704,2.0688381257311743,3.480902242472754,0.0,1.0,SOUTH WEST,29.5,646.4,5736,Q4
L85055,731,125,17.09986320109439,44.945436735693406,1.0,12.93,9.104952078154769,10.323249719158866,0.9481744870690852,8.992842393399817,0.0,0.0,SOUTH WEST,21.5,539.5,4967,Q1
L85062,179,57,31.84357541899441,29.39221272554606,0.0,24.94,8.762476506076318,12.719206041289013,5.425214203628112,1.836226347239792,0.0,0.0,SOUTH WEST,25.1,633.9,4032,Q2
L85609,521,149,28.598848368522077,43.54081854625687,1.0,13.83,8.553685827775263,14.161658364133055,8.484653704001285,7.456210831431785,0.0,0.0,SOUTH WEST,27.0,1065.3,5679,Q2
Y00020,237,77,32.48945147679325,23.327814052297793,0.0,23.99,9.090411285198494,9.880982355173906,2.254833799958661,3.246960671940472,0.0,0.0,LONDON,25.2,386.4,3472,Q2
Y00293,125,48,38.4,36.913472971736944,1.0,16.39,9.141427854403624,11.34194573686043,5.999517895883366,7.056575811229453,0.0,1.0,EAST OF ENGLAND,33.8,715.7,6748,Q3
Y00469,3249,1268,39.02739304401354,32.2428844968033,0.0,35.77,9.381537784267202,6.71877084665782,3.572858075796836,3.977332574943648,0.0,0.0,EAST OF ENGLAND,21.5,543.8,6468,Q3
Y00507,788,227,28.80710659898477,52.777692567256665,0.0,28.72,8.047002878079445,10.241911823540397,1.2802389779425494,14.082628757368044,0.0,0.0,LONDON,16.8,509.7,2022,Q2
Y00560,6522,1365,20.92916283348666,51.59403044275869,1.0,14.41,9.732966099857924,5.876802356429185,4.127012363248244,8.617707808710605,0.0,0.0,EAST OF ENGLAND,23.0,284.2,5208,Q1
Y00758,667,367,55.02248875562219,40.35274356103024,0.0,36.23,7.8490312635502,8.842940275041451,5.352246600994831,0.0,0.0,0.0,EAST OF ENGLAND,23.4,457.5,1152,Q4
Y00918,1161,541,46.597760551248925,48.70675520577144,0.0,26.05,8.819110953894672,13.486635365447889,0.6309537003216384,1.2619074036008724,0.0,0.0,LONDON,20.5,381.2,2532,Q4
Y01127,1946,750,38.54059609455293,52.18320147752019,1.0,22.54,8.75719385979687,7.971156996656833,6.5447394296951815,6.79646017699115,0.0,0.0,SOUTH WEST,23.9,552.3,3667,Q3
Y01206,2428,577,23.76441515650741,33.541774700301985,0.0,10.26,9.229570940252962,14.251287502002782,5.754925201667621,8.1615302869288,0.0,0.0,LONDON,23.2,293.6,2844,Q1
Y01291,3140,1393,44.36305732484077,45.47693859342876,0.0,20.22,9.230706565929031,18.755440152855005,3.3967779594836247,1.358711183401514,0.0,0.0,LONDON,22.8,460.2,4812,Q4
Y01719,370,115,31.08108108108108,43.89007727736987,0.0,30.94,9.115965587886182,5.861181578306303,2.57891989339976,4.102827105034207,0.0,0.0,LONDON,32.0,735.5,6674,Q2
Y01794,3472,2094,60.3110599078341,46.05182109801851,0.0,22.64,9.620599525817136,13.057252647001906,4.529345091864098,10.659884444419871,0.0,0.0,EAST OF ENGLAND,25.4,495.1,7343,Q4
Y01922,4864,1235,25.390625,43.085814508801214,1.0,20.25,9.384349699939389,13.23175172287267,10.397176629320487,7.080835806957593,0.0,0.0,SOUTH WEST,21.9,497.4,5956,Q1
Y01964,6767,4358,64.40076843505246,56.562052403293805,0.0,17.52,10.25540536591718,9.706063359024707,3.9668258945579233,8.102452891011929,0.0,0.0,SOUTH EAST,24.2,262.5,7600,Q4
Y02463,3473,1526,43.93895767348114,65.11594437548348,0.0,36.39,9.473985866599724,2.4583866837387967,8.440460946991038,3.072983354673496,0.0,0.0,EAST OF ENGLAND,24.7,266.0,3479,Q4
Y02476,2190,730,33.333333333333336,67.68106632407259,0.0,19.57,9.56020467606955,5.412738965729892,2.3116905999471413,5.638269755968637,0.0,0.0,SOUTH EAST,31.5,269.8,4063,Q2
Y02517,4761,1889,39.67653854232304,58.40875737706983,0.0,20.27,9.742888347814487,12.609495480840735,12.047438255900426,7.734157893068222,0.0,0.0,SOUTH WEST,20.1,427.6,7461,Q3
Y02519,398,67,16.834170854271356,31.86723264972127,0.0,34.96,9.198208747163518,19.404654458680927,19.409405268529685,12.748262867072112,0.0,0.0,SOUTH WEST,26.6,855.1,8668,Q1
Y02633,1392,620,44.54022988505747,44.20752808390566,1.0,20.36,8.668325033420153,10.546074597429394,9.328618406912264,25.90666150539484,0.0,1.0,SOUTH WEST,27.8,459.5,2724,Q4
Y02646,325,59,18.153846153846157,45.19699532384838,0.0,17.26,9.270659064648129,11.52352484289312,0.0,0.0,0.0,0.0,EAST OF ENGLAND,37.7,529.4,5602,Q1
Y02676,455,81,17.802197802197803,54.932500843739454,0.0,24.03,9.1605809882652,13.238779053908472,20.18156355699584,2.1020363477118456,0.0,0.0,SOUTH EAST,30.8,346.1,3248,Q1
Y02707,1504,536,35.638297872340424,45.391029975208475,0.0,34.57,8.819714614064658,15.921966598847234,2.522291737524016,2.207005272180896,0.0,0.0,EAST OF ENGLAND,26.2,507.1,3576,Q3
Y02751,1714,795,46.38273045507584,71.05284997548003,0.0,24.23,9.319239618932173,11.60037570333169,37.14842875386754,32.22029295995696,0.0,0.0,EAST OF ENGLAND,24.8,518.3,5820,Q4
Y02946,172,46,26.74418604651163,24.05808739878204,0.0,19.43,9.068315871946766,4.303058245735363,4.610419548178884,2.305209774089442,0.0,0.0,LONDON,27.6,327.2,2739,Q1
Y03049,4677,1338,28.608082103912764,63.249743868310496,0.0,41.07,9.72465490242298,10.076781647342536,1.0363778597800684,1.6741488497700536,0.0,0.0,LONDON,22.4,377.5,6701,Q2
Y03135,167,37,22.15568862275449,32.80512256645754,0.0,27.52,9.1293381763635,11.005665851097476,0.0,7.80748759748064,0.0,0.0,LONDON,35.2,408.7,3723,Q1
Y03664,1856,1005,54.14870689655172,68.5181173157125,0.0,24.56,9.08446935949403,11.081263534615449,1.360963043372596,1.875104638291668,0.0,0.0,LONDON,22.3,459.5,3779,Q4
Y07057,4299,2365,55.0127936729472,47.52122831417905,0.0,31.51,9.405495886750224,11.759221171534346,4.146441793500617,6.691347868366927,0.0,0.0,EAST OF ENGLAND,26.0,636.8,7705,Q4
Y08371,2380,663,27.857142857142858,36.842785169874695,0.0,27.91,7.776115477098742,0.0,0.0,0.0,0.0,0.0,LONDON,18.1,553.1,2436,Q2
D81001,3260,1220,37.42331288343559,38.81299356834649,0.0,9.81,9.56896424884408,13.7912821739257,4.080040520950379,5.123338554170572,0.0,0.0,EAST OF ENGLAND,21.5,218.5,3145,Q3
D81010,2598,933,35.91224018475751,28.553877403924908,0.0,15.28,9.35683323399015,18.38021478133188,7.554774998128581,6.9098551809518325,0.0,0.0,EAST OF ENGLAND,26.3,383.5,4317,Q3
D81011,600,243,40.5,49.94518451100447,0.0,32.22,9.19069023305306,7.451663620617857,9.817702799643056,18.33000467496707,0.0,1.0,EAST OF ENGLAND,33.3,614.1,5698,Q3
D81012,1113,472,42.40790655884995,45.77206172080634,0.0,8.91,9.313949354595202,18.36814425574756,4.39969947407964,3.3298271981968446,0.0,0.0,EAST OF ENGLAND,34.2,423.5,4798,Q4
D81013,5069,2024,39.92898007496547,36.652158795247175,0.0,9.08,9.957774486509903,13.181945544913155,2.3855810634242216,3.605523523436297,0.0,0.0,EAST OF ENGLAND,21.5,264.6,5588,Q3
D81016,424,137,32.31132075471698,35.43422913719943,0.0,20.16,9.471838877166856,11.70243479857569,6.364482083341353,1.683508164373015,0.0,0.0,EAST OF ENGLAND,31.9,591.4,7455,Q2
D81018,1831,1192,65.1010376843255,48.147338666200405,1.0,10.99,9.036234969953568,17.519464418546985,3.205554178824696,10.367587404711132,0.0,1.0,EAST OF ENGLAND,22.8,469.6,3886,Q4
D81028,2548,1182,46.389324960753534,49.77134845447279,1.0,7.99,9.44839224002351,14.922530262654924,4.72897085771709,2.4800824937439656,0.0,0.0,EAST OF ENGLAND,30.1,464.3,6064,Q4
D81029,914,334,36.54266958424508,52.82747966740879,0.0,24.04,9.497184593528909,13.291131323483418,5.9850124484255565,2.1618105163074075,0.0,1.0,EAST OF ENGLAND,30.5,526.9,7074,Q3
D81035,401,124,30.92269326683292,34.917495906285424,1.0,7.88,9.197238246097855,15.64362788969756,3.2503081781185093,31.449365908914366,0.0,1.0,EAST OF ENGLAND,38.2,609.4,6118,Q2
D81045,3120,1039,33.30128205128205,46.76051805968949,1.0,9.32,9.247162377195156,18.15632003020056,4.780684492494036,10.341577826684125,0.0,1.0,EAST OF ENGLAND,21.1,446.2,4701,Q2
D81047,2380,1106,46.47058823529412,51.39676538542323,1.0,13.15,9.00502650625596,13.326920913156036,1.7681909809980865,1.964656645553429,0.0,1.0,EAST OF ENGLAND,19.1,505.7,4095,Q4
D81054,3829,1967,51.37111517367459,57.48092382661473,0.0,13.15,10.000186918489554,5.350138254472005,1.803553393880477,0.9320376600710378,0.0,0.0,EAST OF ENGLAND,23.6,227.3,4757,Q4
D81055,1730,750,43.35260115606936,60.121943093223166,1.0,10.54,8.670400569331251,23.839620214487944,6.497554836274202,18.669030800469017,0.0,1.0,EAST OF ENGLAND,21.9,463.7,2713,Q4
D81057,6998,2720,38.86824807087739,47.44634116016375,0.0,11.66,9.960155336777795,13.575177269924763,7.798640120160794,10.047520992940752,0.0,0.0,EAST OF ENGLAND,23.0,445.6,9336,Q3
D81060,1729,1115,64.48814343551186,45.59406713505074,1.0,13.61,8.934839363763066,10.537523463771777,7.481641658342754,12.926028780171892,0.0,1.0,EAST OF ENGLAND,26.7,414.1,3128,Q4
D81066,574,147,25.60975609756097,50.165599470081695,0.0,7.42,9.269402990186189,12.442950173211525,3.217570954509391,1.20658910770536,0.0,0.0,EAST OF ENGLAND,33.9,395.5,4278,Q1
D81070,2376,919,38.678451178451176,56.9535263895376,0.0,9.69,9.314527699718113,15.49817160620828,2.6671272066497966,4.289028886369268,0.0,0.0,EAST OF ENGLAND,19.9,278.3,3126,Q3
D81084,1452,528,36.36363636363637,31.845227164211995,1.0,10.01,9.378105101507357,9.56038303567528,5.073316469253588,4.1037493223599375,0.0,1.0,EAST OF ENGLAND,35.7,474.7,5881,Q3
D81086,339,99,29.20353982300885,39.77184399433039,0.0,23.09,8.964546392226655,10.888713859563133,1.7389451251997872,3.8188598819392654,0.0,0.0,EAST OF ENGLAND,28.9,649.3,5124,Q2
D81603,712,208,29.21348314606741,43.10917610854665,0.0,24.57,8.924578676641579,10.15860623468222,12.598006055471153,8.941390437935967,0.0,0.0,EAST OF ENGLAND,33.8,697.4,5222,Q2
D81633,2502,801,32.014388489208635,63.08893173352301,0.0,17.93,9.336782108945082,13.899863409755165,7.120301966601554,4.511874512608868,0.0,0.0,EAST OF ENGLAND,30.3,384.5,4368,Q2
D82008,2341,405,17.300299017513883,40.687346644403156,0.0,17.89,9.862296566335704,11.698760394763692,7.600026050930246,15.102793997611965,0.0,0.0,EAST OF ENGLAND,22.7,605.9,11606,Q1
D82015,2455,927,37.75967413441956,48.47012258809301,1.0,20.13,9.048605448790616,11.974921629310346,4.326018808777429,13.16614420062696,0.0,1.0,EAST OF ENGLAND,28.9,552.1,4649,Q3
D82023,524,181,34.541984732824424,42.54762060613995,0.0,12.69,9.589695335492271,13.357588061199472,2.299256961354007,9.671477695040515,0.0,1.0,EAST OF ENGLAND,33.3,620.6,9338,Q3
D82024,201,69,34.32835820895522,38.85026044735664,0.0,15.53,9.003080422390378,10.017613828598378,8.497288207757057,9.186257523196328,0.0,1.0,EAST OF ENGLAND,37.2,715.3,9363,Q3
D82029,1698,427,25.147232037691403,32.72096831742953,0.0,12.2,9.849282127271676,13.850802993441452,6.489044898454717,14.25900755459956,0.0,1.0,EAST OF ENGLAND,32.8,668.6,12907,Q1
D82034,6901,3256,47.18156788871178,31.327988591383203,1.0,14.38,9.828790945632498,12.063755468333287,8.562987706688936,12.355988974973735,0.0,1.0,EAST OF ENGLAND,27.7,490.0,9321,Q4
D82040,567,109,19.22398589065256,28.54063501310807,0.0,35.9,9.448851895421392,13.24343664318586,7.224513084432422,5.924253067494731,0.0,0.0,EAST OF ENGLAND,27.1,633.0,8324,Q1
D82042,235,62,26.382978723404257,33.391718023570114,1.0,18.28,9.068008463398389,7.378939277478862,7.708554756341274,17.171406611068406,0.0,1.0,EAST OF ENGLAND,45.0,706.4,6111,Q1
D82043,1103,844,76.51858567543064,41.01226073102588,1.0,20.51,8.824947462669671,10.938227437210555,11.604714414741126,5.527921393741884,0.0,1.0,EAST OF ENGLAND,35.9,668.4,4524,Q4
D82050,1762,583,33.087400681044265,30.66779397526285,0.0,18.5,9.1114128240444,12.541284488072346,8.861330118770526,5.829047719808274,0.0,1.0,EAST OF ENGLAND,31.7,645.7,7038,Q2
D82067,964,264,27.38589211618257,29.059847289169475,0.0,53.06,9.598144890320167,18.311667013553937,1.9542095233787016,3.94460811245752,0.0,0.0,EAST OF ENGLAND,29.4,508.9,7720,Q2
D82068,668,241,36.07784431137725,39.65105373984747,1.0,19.79,8.965962544044785,10.7764170115872,5.720183437430174,27.85184555121671,0.0,1.0,EAST OF ENGLAND,39.8,813.0,6420,Q3
D82071,381,123,32.28346456692913,31.157356699525373,0.0,12.93,9.575157081606536,1.9996528380489496,4.665856622114216,7.054330845339351,0.0,0.0,EAST OF ENGLAND,51.0,1123.3,15783,Q2
D82073,4251,1620,38.108680310515176,45.40883062523617,0.0,20.44,9.592354873662677,8.899606433560068,6.533657893395819,8.28081989193985,0.0,0.0,EAST OF ENGLAND,29.5,503.6,7674,Q3
D82079,1649,588,35.657974530018194,23.187683284457478,1.0,23.74,8.617837603720355,6.751767065241964,9.163112442843577,39.44961042183473,0.0,1.0,EAST OF ENGLAND,16.7,554.8,3086,Q3
D82080,742,263,35.44474393530997,34.160713697863514,1.0,12.46,9.065083359319043,9.54363243987049,13.38267036771508,8.911501695189639,0.0,1.0,EAST OF ENGLAND,44.2,635.1,5674,Q3
D83001,1023,300,29.325513196480937,42.42977940195791,1.0,9.9,9.294444053491407,15.984187422258657,6.447609344130424,3.971531230607758,0.0,0.0,EAST OF ENGLAND,28.0,727.4,8157,Q2
D83008,3651,1330,36.42837578745549,54.90512059100456,0.0,31.25,9.752063707070016,9.421474141441562,3.754193411157866,6.9033721805736,0.0,0.0,EAST OF ENGLAND,24.3,458.5,7487,Q3
D83009,4525,1470,32.48618784530387,29.08137851143933,0.0,18.81,9.86863296065497,15.378390344940652,8.918840791961307,21.274111658950986,0.0,0.0,EAST OF ENGLAND,24.7,681.3,13073,Q2
D83020,1889,870,46.056114346214926,36.91749647667675,1.0,14.65,9.01453836076835,11.352003325326118,9.49419100799708,9.068134781524616,0.0,1.0,EAST OF ENGLAND,22.6,595.7,4776,Q4
D83033,2667,915,34.308211473565805,53.539947284276025,1.0,16.11,9.204984387598406,14.295025929506783,7.158236915523756,24.973399576068832,0.0,1.0,EAST OF ENGLAND,25.3,504.1,5093,Q3
D83034,377,75,19.893899204244036,37.81195535283865,1.0,20.15,9.373712687236724,11.561915681436972,16.170194696278053,17.257266607783606,0.0,1.0,EAST OF ENGLAND,33.4,800.8,9369,Q1
D83035,654,158,24.159021406727827,52.43751655921576,1.0,21.71,9.26823185039196,4.530011325028313,5.310179941487354,8.38052095130238,0.0,1.0,EAST OF ENGLAND,40.2,778.4,8321,Q1
D83037,5495,1752,31.8835304822566,54.4487959735505,1.0,14.27,9.693573808445164,12.82914518624362,8.256706260478934,15.82261239862868,0.0,1.0,EAST OF ENGLAND,27.2,468.8,7642,Q2
D83038,782,473,60.48593350383632,51.51204315781476,0.0,11.11,9.667881246038936,16.80817626646697,3.5945196232504664,2.058832835641434,0.0,0.0,EAST OF ENGLAND,26.1,616.6,9941,Q4
D83044,11447,3922,34.26225211845898,43.05600761122656,0.0,14.87,10.035797887473048,5.606842099499546,5.233052625907553,15.027504916718682,0.0,1.0,EAST OF ENGLAND,22.8,283.5,6715,Q3
D83049,141,59,41.84397163120568,41.105916280695624,0.0,12.85,8.843939714812997,10.078497841249234,5.847067451404667,14.06065851635472,0.0,1.0,EAST OF ENGLAND,34.8,694.3,4785,Q4
D83051,11188,4305,38.47872720772256,48.61516306439399,0.0,20.33,9.863294700342106,7.342601227699584,6.599274559673818,2.8870719378863137,0.0,0.0,EAST OF ENGLAND,24.1,292.0,5720,Q3
D83055,4603,1081,23.484683901803173,57.14204390919614,1.0,13.53,9.683874220990436,21.67335308985411,3.2551549464134646,12.37291038421416,0.0,1.0,EAST OF ENGLAND,23.4,385.6,6206,Q1
D83057,364,111,30.494505494505493,37.028147747504114,0.0,12.13,9.565500001739409,14.600774670413452,5.524364809048367,9.833556310079512,0.0,1.0,EAST OF ENGLAND,35.6,793.8,11577,Q2
D83059,853,290,33.99765533411489,48.537656679641465,0.0,30.93,9.956068143002431,7.849808465470416,3.8330625363204014,7.779978415303787,0.0,0.0,EAST OF ENGLAND,33.4,610.4,13244,Q3
D83060,296,87,29.39189189189189,38.95808132849484,0.0,18.25,10.093818614103787,8.462502929359733,6.889045040300914,6.492236045963709,0.0,1.0,EAST OF ENGLAND,43.1,1019.8,24662,Q2
D83067,4186,1526,36.45484949832776,47.623935611804505,0.0,13.22,8.972484963379433,8.761284592908941,6.173492040423688,8.896594007907145,0.0,1.0,EAST OF ENGLAND,27.2,301.8,2549,Q3
D83075,144,26,18.05555555555556,26.770581778265644,0.0,18.0,9.415944333392355,5.210594876248372,7.425097698653928,1.6066000873860184,0.0,0.0,EAST OF ENGLAND,29.5,644.5,8503,Q1
D83079,4825,1822,37.76165803108808,41.47751522911574,0.0,17.41,9.145019322520954,11.685585168131515,8.312279827064726,12.639220012098352,0.0,1.0,EAST OF ENGLAND,20.5,370.5,3448,Q3
D83084,1581,634,40.10120177103099,52.5,0.0,7.7,8.78644394589727,17.397725969518326,6.315333784234584,5.052267025554183,0.0,0.0,EAST OF ENGLAND,26.1,404.0,2634,Q3
D83608,185,63,34.054054054054056,30.935996473001207,0.0,22.89,8.767342125958287,24.01713106563016,7.018545675314395,4.775933447367397,0.0,0.0,EAST OF ENGLAND,28.2,625.1,4087,Q3
E81003,4717,1412,29.93428026287895,53.3636773575334,0.0,11.81,9.935268802404234,12.565844342603434,6.948940463854695,6.077093844278508,0.0,1.0,EAST OF ENGLAND,21.2,384.3,8163,Q2
E81008,2098,1051,50.09532888465205,39.95206611570248,0.0,25.29,9.425868331478345,17.62706398919805,7.416264728406175,3.2459593443592047,0.0,0.0,EAST OF ENGLAND,35.7,463.1,5583,Q4
E81012,2647,1981,74.83944087646393,35.97330310402364,1.0,13.59,9.458475678125131,10.67392668417904,1.9059013233113995,8.567438070951129,0.0,1.0,EAST OF ENGLAND,28.7,402.6,5241,Q4
E81018,3919,2768,70.63026282214851,44.15245450319997,0.0,28.47,9.486569610381984,14.565868830557978,1.3149742699996203,2.549027045480408,0.0,0.0,EAST OF ENGLAND,27.8,387.0,5096,Q4
E81025,2618,964,36.82200152788389,40.246518328797826,0.0,26.38,8.937831491116643,17.1598669226055,1.9261075109437928,4.412537208895115,0.0,0.0,EAST OF ENGLAND,19.9,473.6,3621,Q3
E81028,4038,2256,55.86924219910847,24.98982348369907,0.0,34.26,9.70455885742846,9.728223846349374,1.98468780860777,4.180858743912234,0.0,0.0,EAST OF ENGLAND,19.2,333.8,5373,Q4
E81030,1894,632,33.36853220696938,28.230608539466235,0.0,29.94,9.286799744087569,4.817230864245184,6.546493225151504,8.399274327710657,0.0,0.0,EAST OF ENGLAND,23.2,392.9,4280,Q2
E81032,14060,4723,33.591749644381224,21.48004112837692,0.0,29.59,10.762149171573649,8.682824860169491,5.30801057690678,3.3929378531779664,1.0,0.0,EAST OF ENGLAND,24.8,312.6,14924,Q2
E81033,5906,2145,36.31899762952929,28.24384846409189,0.0,11.7,9.889266071627274,11.522710271289164,4.814653587872079,6.49166775847277,0.0,0.0,EAST OF ENGLAND,28.0,374.4,7656,Q3
E81034,1669,720,43.13960455362493,41.421646535282896,1.0,12.54,8.962637272134852,9.155448323600687,3.074590855227338,5.124318092045564,0.0,0.0,EAST OF ENGLAND,24.0,463.4,3892,Q4
E81037,9979,2951,29.572101412967232,59.19044328721259,0.0,19.33,10.52319897085607,12.881182958830886,4.082383064119063,5.154995134681871,0.0,1.0,EAST OF ENGLAND,20.0,361.8,13131,Q2
E81038,5836,2050,35.12679917751885,46.37531827200654,0.0,18.34,9.98973787610917,12.468819160687875,3.6939213129015855,3.0823449362622752,0.0,1.0,EAST OF ENGLAND,22.1,363.6,7773,Q3
E81040,2446,1103,45.09403107113655,57.719764745949206,0.0,18.93,9.150802659259986,19.35894714391849,2.77365032264912,2.9252174081935896,0.0,1.0,EAST OF ENGLAND,21.1,527.7,5006,Q4
E81043,3402,1717,50.47031158142269,61.7284718765555,1.0,10.65,9.266035215319144,13.059989122981248,1.8916554349625216,6.986514072497695,0.0,0.0,EAST OF ENGLAND,27.5,565.5,6121,Q4
E81049,232,84,36.206896551724135,36.50023600985997,1.0,14.72,8.952195526560171,5.109063840859566,4.487691211460874,2.727135428164578,0.0,1.0,EAST OF ENGLAND,27.0,705.7,5459,Q3
E81052,122,27,22.131147540983605,29.427743867515424,0.0,15.48,9.005343666143009,2.35684036089118,2.880582662493095,3.895333375069048,0.0,0.0,EAST OF ENGLAND,27.1,793.7,6430,Q1
E81057,8086,3559,44.01434578283453,36.32226715294688,0.0,14.69,9.997220731952975,8.631783415837079,6.665047953897052,12.80806118853952,0.0,1.0,EAST OF ENGLAND,21.4,392.4,8516,Q4
E81074,1777,594,33.427124366910526,41.795218009535304,0.0,8.81,9.37018907291808,14.181818181818182,7.590909091193181,3.0909090903409093,0.0,1.0,EAST OF ENGLAND,34.6,619.0,7259,Q2
E81076,1651,769,46.577831617201696,70.43677681642865,0.0,26.75,8.576200820329502,12.016277278740551,1.6088739466117803,4.927176458906154,0.0,0.0,EAST OF ENGLAND,23.6,396.9,2313,Q4
E81631,2169,1479,68.1881051175657,63.7384545500429,0.0,35.87,9.1656916203073,3.0951551063088183,0.7807598459393517,0.724991286859533,0.0,0.0,EAST OF ENGLAND,29.8,333.6,3290,Q4
E81632,2420,1858,76.77685950413223,49.50184774575018,0.0,17.43,9.003480190735074,15.020086906206444,0.0,4.492908092973682,0.0,0.0,EAST OF ENGLAND,24.1,520.7,4363,Q4
E81633,1473,649,44.059742023082144,38.33158226518176,0.0,24.39,8.532689172790334,3.675927596041814,0.840212020939659,0.7351855207837603,0.0,0.0,EAST OF ENGLAND,22.2,468.2,2562,Q4
E82004,633,317,50.07898894154818,45.77326926499377,0.0,11.24,8.558878812903345,7.519902803977364,1.8416088499536405,4.092464112286985,0.0,0.0,EAST OF ENGLAND,32.2,443.7,2177,Q4
E82005,16524,8211,49.69135802469136,34.11879765405176,0.0,17.48,10.826737347198751,8.521822604743544,6.403283735050235,6.021946738608717,0.0,0.0,EAST OF ENGLAND,21.6,317.8,15380,Q4
E82006,2359,912,38.66044934294192,57.77033476216094,0.0,14.15,8.957971816870193,7.688099962031426,4.667774977637153,2.539818738456588,0.0,0.0,EAST OF ENGLAND,20.2,499.3,3835,Q3
E82012,4306,2274,52.81003251277288,64.95750159195991,0.0,20.1,9.565231225371411,9.46219970477376,3.889599878683754,5.853099817324381,0.0,0.0,EAST OF ENGLAND,24.5,344.0,5050,Q4
E82013,9426,3005,31.879906641205174,50.74533714987779,0.0,16.76,10.470695872684397,17.0466137829542,2.170127197431008,8.475594338293151,0.0,0.0,EAST OF ENGLAND,20.9,320.3,11663,Q2
E82014,3819,799,20.921707253207646,31.8755605531237,0.0,11.05,9.899793236947856,14.774480898312529,6.3567739373941405,1.712983292892541,0.0,0.0,EAST OF ENGLAND,20.1,291.6,5785,Q1
E82015,470,119,25.31914893617021,49.0106638722801,0.0,15.08,9.102931463497232,13.123150149101402,1.9001846363391752,8.224236632739217,0.0,0.0,EAST OF ENGLAND,29.7,526.1,4498,Q1
E82018,668,237,35.47904191616767,37.74813323265374,0.0,16.46,9.596152508255896,13.47105049989518,0.8793350599726907,1.2691433844201316,0.0,0.0,EAST OF ENGLAND,29.5,475.7,7101,Q3
E82020,231,45,19.48051948051948,56.88518809840245,0.0,19.81,8.805674944038582,11.03117505995204,1.4388489208633093,0.4796163069544364,0.0,0.0,EAST OF ENGLAND,33.5,546.8,3635,Q1
E82022,5551,1966,35.41704197441902,38.261616880037934,0.0,18.71,9.791479994156507,11.895906679529665,4.2802082311983565,0.7904217295135831,0.0,0.0,EAST OF ENGLAND,19.4,287.5,5385,Q3
E82027,419,110,26.252983293556085,38.978219558544076,0.0,12.16,9.461494602240888,17.09310843674033,3.111609544862279,0.829762544778006,0.0,0.0,EAST OF ENGLAND,38.9,658.8,8358,Q1
E82032,2701,614,22.73232136245835,32.1171231952503,0.0,17.21,9.63719181996572,17.29720323278464,3.602133872783333,1.7401612907646378,0.0,0.0,EAST OF ENGLAND,21.7,361.8,5451,Q1
E82035,4229,2241,52.991250886734456,35.12799167533819,1.0,13.29,9.481626258616409,6.831090611062403,1.443474504631571,3.4562065596767426,0.0,0.0,EAST OF ENGLAND,20.9,335.5,4260,Q4
E82037,4755,1549,32.576235541535226,26.167818435859672,0.0,5.5,9.653422343655654,13.020866773675763,1.3697164263242376,1.8319957200642056,0.0,0.0,EAST OF ENGLAND,20.5,240.0,3737,Q2
E82038,432,70,16.203703703703702,48.95883658779714,1.0,13.49,9.91701234546704,10.407102712399498,4.372398766463325,1.973132512290972,0.0,0.0,EAST OF ENGLAND,30.0,531.4,10758,Q1
E82040,8213,2532,30.829173261901865,39.8340205864329,0.0,17.09,9.972492646170611,8.462118796636931,3.272848887246935,3.5341790270118927,0.0,0.0,EAST OF ENGLAND,24.9,354.4,7451,Q2
E82041,471,335,71.12526539278132,43.76696244006018,0.0,12.97,9.436678814186912,10.079744816586922,3.062200956937799,1.594896331738437,0.0,0.0,EAST OF ENGLAND,33.5,642.9,8197,Q4
E82050,130,36,27.692307692307693,42.61492285819599,0.0,23.39,8.546832896533923,6.316641049753256,4.97047164468894,3.417199255723647,0.0,0.0,EAST OF ENGLAND,34.9,541.0,2890,Q2
E82051,1866,673,36.06645230439442,56.836909280418496,0.0,18.75,9.591154116643215,14.012310879242898,2.733220587984079,1.457717647380379,0.0,0.0,EAST OF ENGLAND,22.4,362.4,5301,Q3
E82053,4760,2022,42.47899159663866,41.75487804878049,0.0,9.67,9.798622284593277,14.363255237266722,5.123387950968733,1.7324751164932186,0.0,1.0,EAST OF ENGLAND,24.0,395.1,7111,Q4
E82055,3563,1476,41.42576480493966,50.556740108978914,0.0,7.65,9.518437629170556,12.345376607470913,4.80097979228414,5.290875688916106,0.0,0.0,EAST OF ENGLAND,19.4,288.2,3864,Q3
E82058,3651,1230,33.68940016433854,39.194452974737764,1.0,12.84,9.730160424321747,12.241398958212551,4.313031757867665,4.48745583612065,0.0,0.0,EAST OF ENGLAND,22.1,198.6,3436,Q2
E82060,3498,1230,35.16295025728988,37.775009907716694,0.0,8.08,10.017013391026213,17.45036879008231,3.4636027866529293,6.14759738622965,0.0,0.0,EAST OF ENGLAND,21.6,303.7,6676,Q3
E82063,3924,2092,53.31294597349643,58.92703923030397,0.0,19.92,9.442423842859863,13.8701130519931,5.476157439790679,1.2686079010485838,0.0,0.0,EAST OF ENGLAND,21.3,460.0,5694,Q4
E82068,5297,2193,41.40079290164244,39.83762008057019,0.0,6.94,9.413240398813333,9.27384791215968,1.6762588954651212,5.790712545818197,0.0,0.0,EAST OF ENGLAND,18.2,362.5,7073,Q3
E82069,132,28,21.21212121212121,38.959226913337815,0.0,13.38,9.08776775958744,3.2652015418672344,1.808641917160432,7.747016212590785,0.0,0.0,EAST OF ENGLAND,28.4,562.8,4989,Q1
E86007,633,125,19.74723538704581,27.12079139187782,1.0,21.8,9.111385224005758,5.82920860397078,2.208033562110144,4.062781754282665,0.0,0.0,LONDON,28.0,550.9,4914,Q1
E86012,2468,965,39.10048622366288,71.63070511527862,0.0,9.14,9.336671949691407,13.349099214300928,3.1022554513473217,3.948325119896592,0.0,0.0,LONDON,22.3,282.7,3165,Q3
E86014,1632,643,39.39950980392157,66.36302693323869,0.0,9.38,8.851365165413123,13.440404739938192,2.8255396336821508,2.8637226007374084,0.0,0.0,LONDON,21.7,358.4,2695,Q3
K84041,1275,349,27.37254901960784,63.154357583467345,0.0,9.85,9.5877660230531,16.820646431840384,3.857778692171886,0.0,0.0,1.0,SOUTH EAST,40.9,533.6,7795,Q2
E83007,480,330,68.75,64.74081152100467,0.0,21.09,8.570623367711182,10.76896339247626,2.224574598770796,0.0,0.0,0.0,LONDON,26.2,414.7,2031,Q4
E84003,1797,632,35.16972732331664,59.13238038929271,0.0,24.86,9.579579389680273,4.202861817092559,0.0,6.175257494873153,0.0,0.0,LONDON,21.1,340.5,4975,Q3
