gp_code,supplier,oc_total,oc_clinical,oc_admin,list_size,oc_rate_wd,tert
A81002,TPP,750.0,521.0,229.0,18616.0,1.8312692893698481,Low
A81027,TPP,3533.0,2359.0,1174.0,14214.0,11.298079997953364,High
A81032,TPP,1421.0,1259.0,162.0,11695.0,5.522950755956314,Mid
A81039,TPP,2888.0,2038.0,850.0,13260.0,9.899904017551076,Mid
A81066,TPP,255.0,147.0,108.0,5574.0,2.079459829728936,Mid
A81070,No Data,0.0,0.0,0.0,6153.0,0.0,Low
A81608,TPP,858.0,134.0,724.0,18732.0,2.0819987187700195,Mid
A81622,No Data,0.0,0.0,0.0,5629.0,0.0,Low
A82003,ACCURX LIMITED,3046.0,2386.0,660.0,11883.0,11.651480724947021,High
A82004,ACCURX LIMITED,17.0,12.0,5.0,2214.0,0.34901864170156854,Low
A82005,ACCURX LIMITED,92.0,31.0,61.0,5594.0,0.7475541976793317,Low
A82006,ACCURX LIMITED,428.0,245.0,183.0,5132.0,3.79083114858641,Mid
A82007,ACCURX LIMITED,1278.0,1053.0,225.0,11475.0,5.062388591800357,Mid
A82008,ACCURX LIMITED,3368.0,2854.0,514.0,11973.0,12.786345033902036,High
A82009,ACCURX LIMITED,2578.0,1932.0,646.0,9115.0,12.85593178078093,High
A82010,ACCURX LIMITED,171.0,76.0,95.0,6694.0,1.161148382540674,Low
A82012,ACCURX LIMITED,4981.0,3773.0,1208.0,16720.0,13.541213571117877,High
A82013,ACCURX LIMITED,264.0,205.0,59.0,6414.0,1.8709073900841908,Low
A82014,ACCURX LIMITED,200.0,133.0,67.0,4192.0,2.168632893823734,Mid
A82015,ACCURX LIMITED,499.0,313.0,186.0,13137.0,1.7265599590331264,Low
A82018,ACCURX LIMITED,3955.0,3227.0,728.0,13748.0,13.076282169968524,High
A82020,CONTINUUM HEALTH LIMITED,3941.0,3374.0,567.0,15000.0,11.94242424242424,High
A82021,ACCURX LIMITED,3986.0,3246.0,740.0,17702.0,10.23510440525467,High
A82022,ACCURX LIMITED,94.0,63.0,31.0,5208.0,0.8204161429967882,Low
A82023,ACCURX LIMITED,1578.0,1340.0,238.0,6638.0,10.805554794708154,High
A82024,ACCURX LIMITED,76.0,26.0,50.0,5926.0,0.5829472586138128,Low
A82025,ACCURX LIMITED,487.0,168.0,319.0,11842.0,1.8693095453777773,Low
A82026,ACCURX LIMITED,3130.0,2523.0,607.0,17077.0,8.33124830314032,Mid
A82027,ACCURX LIMITED,890.0,635.0,255.0,9976.0,4.055186994240723,Mid
A82028,ACCURX LIMITED,1965.0,1626.0,339.0,8371.0,10.669953627784233,High
A82029,ACCURX LIMITED,123.0,71.0,52.0,3537.0,1.580692420387077,Low
A82030,ACCURX LIMITED,92.0,60.0,32.0,6490.0,0.6443479478918616,Low
A82031,ACCURX LIMITED,71.0,24.0,47.0,3320.0,0.9720700985761227,Low
A82033,ACCURX LIMITED,64.0,29.0,35.0,7903.0,0.36809957093393764,Low
A82035,ACCURX LIMITED,1088.0,678.0,410.0,14291.0,3.4605377828385318,Mid
A82036,ACCURX LIMITED,3196.0,2415.0,781.0,11674.0,12.444126029872132,High
A82037,ACCURX LIMITED,86.0,45.0,41.0,4413.0,0.8858125785386153,Low
A82038,ACCURX LIMITED,929.0,792.0,137.0,4615.0,9.150004924652812,Mid
A82039,ACCURX LIMITED,1959.0,1686.0,273.0,8736.0,10.192932067932068,High
A82045,ACCURX LIMITED,858.0,670.0,188.0,9279.0,4.203039120594892,Mid
A82046,ACCURX LIMITED,38.0,22.0,16.0,4510.0,0.38298730094738964,Low
A82047,ACCURX LIMITED,10368.0,8010.0,2358.0,33370.0,14.122646906584576,High
A82055,ACCURX LIMITED,120.0,83.0,37.0,7414.0,0.7357088554822572,Low
A82062,ACCURX LIMITED,166.0,77.0,89.0,6514.0,1.158344265498088,Low
A82068,ACCURX LIMITED,11.0,7.0,4.0,4770.0,0.10482180293501049,Low
A82070,ACCURX LIMITED,89.0,39.0,50.0,6597.0,0.6132263976738739,Low
A82071,No Data,0.0,0.0,0.0,4107.0,0.0,Low
A82072,ACCURX LIMITED,197.0,134.0,63.0,7311.0,1.2248044664950697,Low
A82075,ACCURX LIMITED,132.0,54.0,78.0,7707.0,0.7785130400934215,Low
A82608,ACCURX LIMITED,103.0,69.0,34.0,4644.0,1.0081434500039153,Low
A82613,No Data,0.0,0.0,0.0,1010.0,0.0,Low
A82617,ACCURX LIMITED,492.0,463.0,29.0,2798.0,7.99272207420885,Mid
A82620,ACCURX LIMITED,8.0,6.0,2.0,1021.0,0.3561570652657822,Low
A82629,PATCHS HEALTH LIMITED,211.0,147.0,64.0,2906.0,3.3003816555089784,Mid
A82631,ACCURX LIMITED,236.0,137.0,99.0,3757.0,2.855276211677596,Mid
A82646,ACCURX LIMITED,84.0,31.0,53.0,3848.0,0.9922509922509923,Low
A82647,ACCURX LIMITED,25.0,20.0,5.0,3329.0,0.3413528496135886,Low
A82650,ACCURX LIMITED,94.0,36.0,58.0,3022.0,1.4138740148005535,Low
A82651,ACCURX LIMITED,43.0,20.0,23.0,4987.0,0.3919281039794375,Low
A82654,ACCURX LIMITED,107.0,78.0,29.0,7914.0,0.6145610770326464,Low
A83005,ACCURX LIMITED,2605.0,2007.0,598.0,12244.0,9.67078494847198,Mid
A83006,ACCURX LIMITED,1764.0,1325.0,439.0,8691.0,9.22584491794019,Mid
A83011,ACCURX LIMITED,4130.0,2855.0,1275.0,32896.0,5.706689954014856,Mid
A83016,TPP,230.0,152.0,78.0,10804.0,0.9676550772441183,Low
A83018,ACCURX LIMITED,3245.0,2895.0,350.0,16358.0,9.016994742633573,Mid
A83023,ACCURX LIMITED,4199.0,3164.0,1035.0,12596.0,15.152718034585293,High
A83033,TPP,2109.0,1339.0,770.0,10356.0,9.256820815337617,Mid
A83035,TPP,1332.0,1191.0,141.0,7123.0,8.49999361862341,Mid
A83036,ACCURX LIMITED,3091.0,2759.0,332.0,10106.0,13.902632099742727,High
A83047,RAPID HEALTH,733.0,614.0,119.0,14683.0,2.26916718778055,Mid
A83049,TPP,341.0,136.0,205.0,16786.0,0.923388538067437,Low
A83636,TPP,1114.0,994.0,120.0,5711.0,8.866461851928493,Mid
A84002,TPP,178.0,102.0,76.0,6320.0,1.2802071346375146,Low
A84005,TPP,4423.0,3946.0,477.0,12949.0,15.525944439374047,High
A84007,TPP,3114.0,2516.0,598.0,10933.0,12.946625312855991,High
A84013,Klinik Healthcare Solutions UK Ltd,2030.0,1024.0,1006.0,6290.0,14.669749963867611,High
A84022,TPP,4140.0,3038.0,1102.0,12425.0,15.14541796231937,High
A84025,TPP,187.0,108.0,79.0,5563.0,1.5279525435915873,Low
A84028,Klinik Healthcare Solutions UK Ltd,11192.0,4264.0,6928.0,20120.0,25.284655702150733,High
A84029,TPP,845.0,651.0,194.0,4806.0,7.99190405931979,Mid
A84030,TPP,593.0,394.0,199.0,12001.0,2.2460249524660827,Mid
A84031,ACCURX LIMITED,3275.0,2718.0,557.0,11221.0,13.266521376315513,High
A84036,TPP,9253.0,7694.0,1559.0,49174.0,8.55311565239576,Mid
A84045,TPP,184.0,119.0,65.0,5243.0,1.5952005271097391,Low
A84614,No data,0.0,0.0,0.0,2219.0,0.0,Low
A84619,TPP,201.0,138.0,63.0,4397.0,2.0778630057683958,Mid
A85014,No Data,0.0,0.0,0.0,19945.0,0.0,Low
A86005,TPP,171.0,24.0,147.0,5911.0,1.3149597822242045,Low
A86010,TPP,2326.0,2171.0,155.0,10636.0,9.940510786693563,Mid
A86011,TPP,2516.0,2218.0,298.0,10677.0,10.711214420121417,High
A86018,TPP,3340.0,2991.0,349.0,13021.0,11.659487122201199,High
A86023,TPP,2312.0,2072.0,240.0,10271.0,10.231808888220142,High
A86025,No Data,0.0,0.0,0.0,13647.0,0.0,Low
A86029,TPP,5660.0,3351.0,2309.0,20065.0,12.821964977459618,High
A86040,ACCURX LIMITED,1999.0,1651.0,348.0,6581.0,13.806964954207013,High
A87002,TPP,946.0,614.0,332.0,21420.0,2.007469654528478,Mid
A89025,Klinik Healthcare Solutions UK Ltd,7715.0,3691.0,4024.0,9840.0,35.638396156688835,High
A89032,No Data,0.0,0.0,0.0,9196.0,0.0,Low
A89614,No Data,0.0,0.0,0.0,4523.0,0.0,Low
B81003,ACCURX LIMITED,961.0,834.0,127.0,12720.0,3.4341052029731274,Mid
B81004,ACCURX LIMITED,681.0,280.0,401.0,12469.0,2.4825202866745895,Mid
B81005,ACCURX LIMITED,4735.0,3486.0,1249.0,16861.0,12.76479880951739,High
B81007,ACCURX LIMITED,268.0,157.0,111.0,9981.0,1.2205007696441421,Low
B81008,RAPID HEALTH,10766.0,7201.0,3565.0,37967.0,12.889183669071464,High
B81009,ACCURX LIMITED,1973.0,1432.0,541.0,8465.0,10.594426247113784,High
B81011,ACCURX LIMITED,214.0,151.0,63.0,10616.0,0.9162841679797218,Low
B81012,ACCURX LIMITED,58.0,28.0,30.0,3204.0,0.8228350924980138,Low
B81013,ACCURX LIMITED,7.0,7.0,0.0,8751.0,0.03635948099437986,Low
B81015,ACCURX LIMITED,386.0,265.0,121.0,17074.0,1.0276124250588348,Low
B81016,"ACCURX LIMITED, CONTINUUM HEALTH LIMITED",720.0,358.0,362.0,10139.0,3.2278600184705324,Mid
B81017,TPP,1448.0,1190.0,258.0,15753.0,4.178136343438191,Mid
B81018,ACCURX LIMITED,3053.0,2386.0,667.0,9299.0,14.923403298497396,High
B81020,Klinik Healthcare Solutions UK Ltd,187.0,117.0,70.0,8631.0,0.9848221527053643,Low
B81022,ACCURX LIMITED,3261.0,2623.0,638.0,12673.0,11.696304957569062,High
B81024,ACCURX LIMITED,3181.0,2283.0,898.0,11524.0,12.546937616357956,High
B81025,"RAPID HEALTH, TPP",8476.0,6336.0,2140.0,33570.0,11.476697267581986,High
B81026,ACCURX LIMITED,3660.0,2978.0,682.0,20187.0,8.24112727813129,Mid
B81027,ACCURX LIMITED,1557.0,1251.0,306.0,7766.0,9.113150563060428,Mid
B81029,ACCURX LIMITED,257.0,118.0,139.0,11968.0,0.9760877491492465,Low
B81030,ACCURX LIMITED,255.0,123.0,132.0,24922.0,0.4650874364380504,Low
B81031,ACCURX LIMITED,314.0,135.0,179.0,21106.0,0.6762402763539881,Low
B81032,ACCURX LIMITED,210.0,134.0,76.0,5897.0,1.6186967178997023,Low
B81034,ACCURX LIMITED,186.0,113.0,73.0,11447.0,0.7385817641779903,Low
B81035,Engage Health Systems Limited,120.0,47.0,73.0,6895.0,0.7910870855033292,Low
B81036,ACCURX LIMITED,5239.0,4211.0,1028.0,19189.0,12.410045527977678,High
B81037,ACCURX LIMITED,5992.0,3931.0,2061.0,14642.0,18.601532329165167,High
B81038,ACCURX LIMITED,350.0,249.0,101.0,8149.0,1.9522752373408894,Mid
B81041,TPP,630.0,544.0,86.0,6188.0,4.62772521596051,Mid
B81042,ACCURX LIMITED,3548.0,3021.0,527.0,13709.0,11.764003740077852,High
B81043,ACCURX LIMITED,303.0,193.0,110.0,14935.0,0.9221779225127066,Low
B81045,ACCURX LIMITED,3284.0,2367.0,917.0,12306.0,12.130076976493358,High
B81046,ACCURX LIMITED,305.0,152.0,153.0,9006.0,1.5393777885450106,Low
B81047,ACCURX LIMITED,528.0,195.0,333.0,7632.0,3.1446540880503147,Mid
B81048,RAPID HEALTH,11774.0,8797.0,2977.0,55962.0,9.563307569097212,Mid
B81051,Engage Health Systems Limited,82.0,45.0,37.0,11109.0,0.33551829393039223,Low
B81054,Engage Health Systems Limited,80.0,51.0,29.0,8167.0,0.44525084319378433,Low
B81061,ACCURX LIMITED,11898.0,9322.0,2576.0,48852.0,11.070543310779126,High
B81063,ACCURX LIMITED,1507.0,1219.0,288.0,7318.0,9.360481005739272,Mid
B81064,ACCURX LIMITED,784.0,576.0,208.0,10885.0,3.2738965214849456,Mid
B81068,ACCURX LIMITED,729.0,504.0,225.0,17576.0,1.8853188231886457,Low
B81069,ACCURX LIMITED,14777.0,9469.0,5308.0,41952.0,16.010722210665,High
B81074,RAPID HEALTH,2810.0,1956.0,854.0,11283.0,11.320329054974096,High
B81075,ACCURX LIMITED,191.0,105.0,86.0,4049.0,2.1441882395204206,Mid
B81082,ACCURX LIMITED,171.0,107.0,64.0,6796.0,1.1437209053453905,Low
B81085,Klinik Healthcare Solutions UK Ltd,13639.0,3882.0,9757.0,38999.0,15.896678003398687,High
B81087,Engage Health Systems Limited,69.0,25.0,44.0,7867.0,0.3986733998174191,Low
B81088,TPP,669.0,515.0,154.0,8279.0,3.6730391241805664,Mid
B81090,ACCURX LIMITED,29.0,18.0,11.0,4811.0,0.2739933107839988,Low
B81091,ACCURX LIMITED,31.0,24.0,7.0,5172.0,0.272446038107291,Low
B81092,ACCURX LIMITED,3290.0,2661.0,629.0,12552.0,11.914073816559476,High
B81097,ACCURX LIMITED,53.0,35.0,18.0,2481.0,0.971016085889121,Low
B81099,TPP,3069.0,1743.0,1326.0,10664.0,13.081395348837209,High
B81100,ACCURX LIMITED,211.0,68.0,143.0,4241.0,2.261473494673212,Mid
B81101,TPP,15517.0,9991.0,5526.0,31422.0,22.446635536190623,High
B81104,ACCURX LIMITED,107.0,57.0,50.0,7246.0,0.6712167214513336,Low
B81108,Engage Health Systems Limited,35.0,22.0,13.0,4426.0,0.35944624738117736,Low
B81109,TPP,4864.0,3851.0,1013.0,22432.0,9.856049798988458,Mid
B81113,ACCURX LIMITED,140.0,97.0,43.0,10073.0,0.6317518478741551,Low
B81118,ACCURX LIMITED,179.0,112.0,67.0,7695.0,1.057357197708075,Low
B81119,ACCURX LIMITED,1171.0,1038.0,133.0,6366.0,8.361180133093422,Mid
B81606,ACCURX LIMITED,268.0,224.0,44.0,4297.0,2.834958850783845,Mid
B81617,ACCURX LIMITED,1007.0,813.0,194.0,16081.0,2.8463856273072117,Mid
B81619,ACCURX LIMITED,315.0,213.0,102.0,2363.0,6.059323664063402,Mid
B81628,Engage Health Systems Limited,8.0,2.0,6.0,2845.0,0.12781594503914365,Low
B81631,ACCURX LIMITED,120.0,60.0,60.0,4722.0,1.1551345731777751,Low
B81635,ACCURX LIMITED,39.0,24.0,15.0,3734.0,0.47475288503676294,Low
B81642,ACCURX LIMITED,372.0,260.0,112.0,4340.0,3.8961038961038956,Mid
B81645,No Data,0.0,0.0,0.0,1960.0,0.0,Low
B81647,TPP,55.0,37.0,18.0,3095.0,0.8077544426494346,Low
B81648,TPP,10.0,5.0,5.0,1620.0,0.28058361391694725,Low
B81655,ACCURX LIMITED,47.0,21.0,26.0,3254.0,0.6565346147399005,Low
B81656,ACCURX LIMITED,168.0,81.0,87.0,6819.0,1.119865616126065,Low
B81663,ACCURX LIMITED,92.0,25.0,67.0,2914.0,1.4350783053597056,Low
B81665,Engage Health Systems Limited,200.0,123.0,77.0,2358.0,3.8553473667977483,Mid
B81666,No Data,0.0,0.0,0.0,2743.0,0.0,Low
B81697,ACCURX LIMITED,52.0,29.0,23.0,3024.0,0.7816257816257817,Low
B82002,ACCURX LIMITED,2450.0,1834.0,616.0,8121.0,13.713044743705995,High
B82004,ACCURX LIMITED,2686.0,2316.0,370.0,11040.0,11.058959156785242,High
B82005,Klinik Healthcare Solutions UK Ltd,14656.0,6372.0,8284.0,57544.0,11.576911896667214,High
B82007,PATCHS HEALTH LIMITED,588.0,392.0,196.0,9545.0,2.800133339682842,Mid
B82008,ACCURX LIMITED,981.0,761.0,220.0,8749.0,5.096686374546701,Mid
B82010,ACCURX LIMITED,456.0,316.0,140.0,7636.0,2.7144149721415305,Mid
B82011,ACCURX LIMITED,264.0,205.0,59.0,5826.0,2.0597322348094744,Mid
B82012,ACCURX LIMITED,1431.0,971.0,460.0,15720.0,4.1377515614156835,Mid
B82013,ACCURX LIMITED,4774.0,4003.0,771.0,20413.0,10.630480576103464,High
B82014,ACCURX LIMITED,1881.0,1366.0,515.0,6751.0,12.66479040142201,High
B82017,ACCURX LIMITED,492.0,196.0,296.0,13267.0,1.6856588802017307,Low
B82018,ACCURX LIMITED,57.0,24.0,33.0,6873.0,0.37696916789016305,Low
B82019,ACCURX LIMITED,671.0,193.0,478.0,4384.0,6.9571167883211675,Mid
B82021,TPP,108.0,30.0,78.0,9992.0,0.491302132615183,Low
B82022,ACCURX LIMITED,171.0,104.0,67.0,5668.0,1.3713350869314171,Low
B82023,ACCURX LIMITED,540.0,280.0,260.0,6050.0,4.05709992486852,Mid
B82024,ACCURX LIMITED,457.0,184.0,273.0,8751.0,2.3737546877759423,Mid
B82025,ACCURX LIMITED,204.0,125.0,79.0,21013.0,0.4412852649658437,Low
B82026,Klinik Healthcare Solutions UK Ltd,11756.0,3038.0,8718.0,31670.0,16.872865057266697,High
B82029,ACCURX LIMITED,62.0,51.0,11.0,3225.0,0.8738548273431995,Low
B82030,ACCURX LIMITED,35.0,15.0,20.0,5847.0,0.27208980518369946,Low
B82031,ACCURX LIMITED,2657.0,2124.0,533.0,11206.0,10.777505557087924,High
B82032,ACCURX LIMITED,3532.0,2543.0,989.0,12343.0,13.007004338123188,High
B82033,Engage Health Systems Limited,429.0,203.0,226.0,10839.0,1.799058953778024,Low
B82034,ACCURX LIMITED,160.0,114.0,46.0,6327.0,1.14947483368536,Low
B82035,ACCURX LIMITED,390.0,244.0,146.0,3640.0,4.87012987012987,Mid
B82036,ACCURX LIMITED,606.0,360.0,246.0,7783.0,3.5391821335544837,Mid
B82037,ACCURX LIMITED,2908.0,2043.0,865.0,8749.0,15.108220160226104,High
B82038,Klinik Healthcare Solutions UK Ltd,9505.0,2360.0,7145.0,24026.0,17.982412991985953,High
B82041,CONTINUUM HEALTH LIMITED,4046.0,3150.0,896.0,15886.0,11.576802902498484,High
B82042,ACCURX LIMITED,856.0,546.0,310.0,8590.0,4.529579849719547,Mid
B82044,ACCURX LIMITED,235.0,135.0,100.0,9493.0,1.1252310314777394,Low
B82045,ACCURX LIMITED,97.0,82.0,15.0,4097.0,1.0761754720749106,Low
B82046,TPP,316.0,235.0,81.0,3057.0,4.698605287417848,Mid
B82047,ACCURX LIMITED,22.0,15.0,7.0,16114.0,0.06205783790492739,Low
B82049,ACCURX LIMITED,2182.0,1688.0,494.0,8205.0,12.087972965486678,High
B82050,ACCURX LIMITED,680.0,212.0,468.0,21795.0,1.4181734759849005,Low
B82053,"ACCURX LIMITED, TPP",5327.0,3805.0,1522.0,15612.0,15.509631285957187,High
B82054,ACCURX LIMITED,4737.0,3703.0,1034.0,16748.0,12.856351911761514,High
B82060,ACCURX LIMITED,3464.0,2521.0,943.0,12880.0,12.22473178994918,High
B82061,ACCURX LIMITED,124.0,94.0,30.0,7439.0,0.7576775959623117,Low
B82063,ACCURX LIMITED,232.0,124.0,108.0,9796.0,1.076506180630313,Low
B82064,ACCURX LIMITED,290.0,200.0,90.0,3618.0,3.6433991657872253,Mid
B82066,ACCURX LIMITED,216.0,103.0,113.0,10274.0,0.9556338152795228,Low
B82068,ACCURX LIMITED,34.0,19.0,15.0,3591.0,0.43036885142148296,Low
B82071,ACCURX LIMITED,102.0,50.0,52.0,7362.0,0.6297695784248352,Low
B82072,ACCURX LIMITED,8.0,5.0,3.0,5103.0,0.07125933051858978,Low
B82073,ACCURX LIMITED,288.0,170.0,118.0,10860.0,1.2054244098442994,Low
B82074,ACCURX LIMITED,1956.0,614.0,1342.0,18651.0,4.766987877813035,Mid
B82075,ACCURX LIMITED,339.0,225.0,114.0,9422.0,1.635437370950001,Low
B82077,ACCURX LIMITED,120.0,88.0,32.0,6166.0,0.8846165187391267,Low
B82078,ACCURX LIMITED,181.0,121.0,60.0,6106.0,1.3474079147187565,Low
B82079,Engage Health Systems Limited,57.0,37.0,19.0,3762.0,0.6887052341597797,Low
B82080,ACCURX LIMITED,4836.0,3459.0,1377.0,18700.0,11.75498298492951,High
B82081,ACCURX LIMITED,2150.0,1288.0,862.0,7227.0,13.522522862497954,High
B82083,Klinik Healthcare Solutions UK Ltd,8694.0,7111.0,1583.0,43613.0,9.061101464742581,Mid
B82086,ACCURX LIMITED,108.0,68.0,40.0,5115.0,0.959744068248467,Low
B82088,SILICON PRACTICE LTD,3485.0,0.0,0.0,10657.0,14.864323065505387,High
B82097,Klinik Healthcare Solutions UK Ltd,1254.0,354.0,900.0,11179.0,5.098846050630646,Mid
B82098,ACCURX LIMITED,3338.0,1824.0,1514.0,27491.0,5.519161642983985,Mid
B82100,ACCURX LIMITED,2643.0,2137.0,506.0,8716.0,13.783428595268889,High
B82101,"ACCURX LIMITED, TPP",1516.0,1201.0,315.0,5304.0,12.991910050733578,High
B82104,TPP,2396.0,1966.0,430.0,8308.0,13.108942093053791,High
B82105,ACCURX LIMITED,3003.0,2050.0,953.0,9428.0,14.47815019092066,High
B82106,ACCURX LIMITED,136.0,90.0,46.0,4792.0,1.2900288359386858,Low
B82609,ACCURX LIMITED,37.0,22.0,15.0,4129.0,0.4073185230850525,Low
B82619,ACCURX LIMITED,33.0,21.0,12.0,1870.0,0.8021390374331552,Low
B82622,No Data,0.0,0.0,0.0,1514.0,0.0,Low
B82628,ACCURX LIMITED,50.0,32.0,18.0,4579.0,0.49633703269868373,Low
B83002,PATCHS HEALTH LIMITED,304.0,273.0,31.0,5691.0,2.428076228814236,Mid
B83005,PATCHS HEALTH LIMITED,150.0,31.0,119.0,6802.0,1.0023789794445486,Low
B83008,ACCURX LIMITED,6797.0,5381.0,1416.0,19865.0,15.552708052078804,High
B83009,PATCHS HEALTH LIMITED,5.0,5.0,0.0,15846.0,0.01434259291131688,Low
B83010,"PATCHS HEALTH LIMITED, TPP",3328.0,2499.0,829.0,10033.0,15.077516921432,High
B83012,PATCHS HEALTH LIMITED,3162.0,2409.0,753.0,11077.0,12.975288681707385,High
B83014,"PATCHS HEALTH LIMITED, TPP",812.0,510.0,302.0,13776.0,2.679231337767923,Mid
B83015,PATCHS HEALTH LIMITED,391.0,229.0,162.0,8825.0,2.013906773113572,Mid
B83016,PATCHS HEALTH LIMITED,258.0,146.0,112.0,8758.0,1.33903547925014,Low
B83018,PATCHS HEALTH LIMITED,501.0,365.0,136.0,12493.0,1.8228389716423017,Low
B83019,TPP,299.0,226.0,73.0,7329.0,1.8544015678686165,Low
B83022,PATCHS HEALTH LIMITED,40.0,28.0,12.0,10090.0,0.18019641409135956,Low
B83025,PATCHS HEALTH LIMITED,97.0,21.0,76.0,4468.0,0.9868153332790754,Low
B83026,PATCHS HEALTH LIMITED,105.0,44.0,61.0,5907.0,0.8079782076734844,Low
B83028,PATCHS HEALTH LIMITED,3437.0,2562.0,875.0,10795.0,14.472188302665375,High
B83029,ACCURX LIMITED,646.0,381.0,265.0,10285.0,2.8549962434259957,Mid
B83031,PATCHS HEALTH LIMITED,18.0,16.0,2.0,3935.0,0.20792422317199952,Low
B83032,PATCHS HEALTH LIMITED,468.0,116.0,352.0,4415.0,4.81828477298466,Mid
B83033,Klinik Healthcare Solutions UK Ltd,29936.0,20424.0,9512.0,86438.0,15.742234581171159,High
B83034,PATCHS HEALTH LIMITED,150.0,99.0,51.0,6811.0,1.0010544440143618,Low
B83035,TPP,4894.0,4016.0,878.0,15686.0,14.181725452922699,High
B83037,PATCHS HEALTH LIMITED,134.0,98.0,36.0,9988.0,0.6098226963265009,Low
B83038,PATCHS HEALTH LIMITED,5934.0,5419.0,515.0,18536.0,14.551536077215836,High
B83039,TPP,3503.0,2688.0,815.0,24274.0,6.55958114555791,Mid
B83041,PATCHS HEALTH LIMITED,4195.0,3782.0,413.0,14325.0,13.31112168808504,High
B83042,PATCHS HEALTH LIMITED,473.0,242.0,231.0,9176.0,2.34306887532694,Mid
B83045,TPP,3858.0,3203.0,655.0,12318.0,14.236372492582916,High
B83051,PATCHS HEALTH LIMITED,1426.0,843.0,583.0,8772.0,7.389213613563819,Mid
B83052,"PATCHS HEALTH LIMITED, TPP",2415.0,1981.0,434.0,23362.0,4.698772676685526,Mid
B83055,TPP,9708.0,7437.0,2271.0,31250.0,14.120727272727272,High
B83056,PATCHS HEALTH LIMITED,154.0,101.0,53.0,8651.0,0.8091550109813894,Low
B83058,PATCHS HEALTH LIMITED,333.0,162.0,171.0,8764.0,1.7271067590556408,Low
B83062,PATCHS HEALTH LIMITED,524.0,322.0,202.0,9168.0,2.5979692210058705,Mid
B83063,RAPID HEALTH,13877.0,12125.0,1752.0,43208.0,14.598517109626163,High
B83064,TPP,3806.0,2994.0,812.0,11536.0,14.996532593619973,High
B83067,PATCHS HEALTH LIMITED,35.0,25.0,10.0,7820.0,0.20344106021855382,Low
B83604,PATCHS HEALTH LIMITED,24.0,18.0,6.0,4759.0,0.22923073984221284,Low
B83611,PATCHS HEALTH LIMITED,452.0,110.0,342.0,11848.0,1.734086305321957,Low
B83614,"PATCHS HEALTH LIMITED, TPP",1550.0,622.0,928.0,9798.0,7.190706823284899,Mid
B83620,PATCHS HEALTH LIMITED,19.0,12.0,7.0,3523.0,0.2451423115629758,Low
B83622,PATCHS HEALTH LIMITED,47.0,28.0,19.0,4287.0,0.4983353478804844,Low
B83624,TPP,5551.0,4414.0,1137.0,16964.0,14.873743328117296,High
B83626,PATCHS HEALTH LIMITED,1232.0,941.0,291.0,6407.0,8.740440143592945,Mid
B83627,PATCHS HEALTH LIMITED,66.0,26.0,40.0,3365.0,0.8915304606240714,Low
B83628,"PATCHS HEALTH LIMITED, TPP",217.0,109.0,108.0,10032.0,0.9832173408728433,Low
B83629,PATCHS HEALTH LIMITED,19.0,9.0,10.0,3153.0,0.2739094080673529,Low
B83641,PATCHS HEALTH LIMITED,251.0,180.0,71.0,11094.0,1.0284019207761772,Low
B83642,PATCHS HEALTH LIMITED,57.0,30.0,27.0,4746.0,0.545914262728422,Low
B83653,PATCHS HEALTH LIMITED,386.0,284.0,102.0,7784.0,2.2540409231056713,Mid
B83657,TPP,74.0,21.0,53.0,5426.0,0.6199108668699528,Low
B83659,TPP,11.0,6.0,5.0,3986.0,0.1254390366281987,Low
B83660,PATCHS HEALTH LIMITED,128.0,89.0,39.0,5625.0,1.0343434343434343,Low
B83661,PATCHS HEALTH LIMITED,81.0,37.0,44.0,2946.0,1.2497685613775227,Low
B84001,ACCURX LIMITED,2741.0,1930.0,811.0,10118.0,12.31378820823375,High
B84003,PATCHS HEALTH LIMITED,207.0,53.0,154.0,7686.0,1.2241856504151585,Low
B84004,"PATCHS HEALTH LIMITED, TPP",737.0,383.0,354.0,18622.0,1.798947481473526,Low
B84006,RAPID HEALTH,2705.0,2135.0,570.0,15889.0,7.738343851378025,Mid
B84008,PATCHS HEALTH LIMITED,2618.0,2055.0,563.0,16515.0,7.205570693309113,Mid
B84009,ACCURX LIMITED,490.0,249.0,241.0,11544.0,1.9293769293769294,Mid
B84010,PATCHS HEALTH LIMITED,3209.0,2569.0,640.0,9988.0,14.603888302326427,High
B84011,PATCHS HEALTH LIMITED,618.0,341.0,277.0,10921.0,2.5721920237074527,Mid
B84012,PATCHS HEALTH LIMITED,3843.0,2026.0,1817.0,28377.0,6.155753539197878,Mid
B84013,PATCHS HEALTH LIMITED,663.0,239.0,424.0,9346.0,3.224519969651577,Mid
B84014,"PATCHS HEALTH LIMITED, TPP",155.0,40.0,115.0,5633.0,1.2507464131820603,Low
B84019,PATCHS HEALTH LIMITED,1595.0,666.0,929.0,17043.0,4.2539459015431555,Mid
B84021,"PATCHS HEALTH LIMITED, TPP",394.0,255.0,139.0,8592.0,2.084391400033858,Mid
B84612,PATCHS HEALTH LIMITED,382.0,179.0,203.0,8987.0,1.9320837168839837,Mid
B84613,PATCHS HEALTH LIMITED,565.0,357.0,208.0,10824.0,2.372673520123631,Mid
B84618,PATCHS HEALTH LIMITED,1313.0,1005.0,308.0,7865.0,7.588279489105935,Mid
B84623,PATCHS HEALTH LIMITED,371.0,154.0,217.0,5169.0,3.2624562514289734,Mid
B85001,PATCHS HEALTH LIMITED,319.0,96.0,223.0,6663.0,2.176196908299565,Mid
B85004,PATCHS HEALTH LIMITED,91.0,41.0,50.0,6118.0,0.6760973580195548,Low
B85005,PATCHS HEALTH LIMITED,414.0,313.0,101.0,6720.0,2.8003246753246755,Mid
B85006,TPP,309.0,164.0,145.0,15350.0,0.9150133254367782,Low
B85008,PATCHS HEALTH LIMITED,24.0,17.0,7.0,6164.0,0.17698070910270783,Low
B85009,"PATCHS HEALTH LIMITED, TPP",65.0,35.0,30.0,8606.0,0.3433122768470201,Low
B85012,PATCHS HEALTH LIMITED,297.0,252.0,45.0,10674.0,1.2647554806070826,Low
B85014,PATCHS HEALTH LIMITED,207.0,117.0,90.0,9282.0,1.0136921901627785,Low
B85015,PATCHS HEALTH LIMITED,45.0,31.0,14.0,8383.0,0.24400030364482236,Low
B85016,PATCHS HEALTH LIMITED,111.0,83.0,28.0,10627.0,0.47477694038341445,Low
B85018,PATCHS HEALTH LIMITED,263.0,50.0,213.0,9500.0,1.2583732057416268,Low
B85019,PATCHS HEALTH LIMITED,84.0,69.0,15.0,17227.0,0.221639392708064,Low
B85020,PATCHS HEALTH LIMITED,17.0,8.0,9.0,6610.0,0.11690276440654655,Low
B85021,PATCHS HEALTH LIMITED,391.0,221.0,170.0,8958.0,1.9840061702084475,Mid
B85022,PATCHS HEALTH LIMITED,409.0,171.0,238.0,7968.0,2.3331964220518437,Mid
B85023,"PATCHS HEALTH LIMITED, TPP",1748.0,1390.0,358.0,6296.0,12.619845211967196,High
B85024,PATCHS HEALTH LIMITED,60.0,49.0,11.0,9214.0,0.29599226473548157,Low
B85025,PATCHS HEALTH LIMITED,832.0,498.0,334.0,12348.0,3.0626969402479607,Mid
B85027,PATCHS HEALTH LIMITED,1488.0,1101.0,387.0,10232.0,6.6102779159855,Mid
B85028,PATCHS HEALTH LIMITED,1550.0,1242.0,308.0,17511.0,4.02344500340046,Mid
B85030,PATCHS HEALTH LIMITED,568.0,299.0,269.0,9527.0,2.710001240493525,Mid
B85031,PATCHS HEALTH LIMITED,150.0,122.0,28.0,6974.0,0.9776572724665641,Low
B85036,PATCHS HEALTH LIMITED,162.0,68.0,94.0,8602.0,0.8560377079326161,Low
B85037,PATCHS HEALTH LIMITED,71.0,57.0,14.0,5692.0,0.5669839647351945,Low
B85038,PATCHS HEALTH LIMITED,96.0,60.0,36.0,5848.0,0.746175848775028,Low
B85041,PATCHS HEALTH LIMITED,72.0,49.0,23.0,15853.0,0.20644214172253028,Low
B85042,PATCHS HEALTH LIMITED,589.0,298.0,291.0,9036.0,2.962895891182744,Mid
B85044,PATCHS HEALTH LIMITED,600.0,378.0,222.0,2863.0,9.525926396342044,Mid
B85048,PATCHS HEALTH LIMITED,68.0,31.0,37.0,4402.0,0.7021601751270083,Low
B85051,PATCHS HEALTH LIMITED,1547.0,1101.0,446.0,6884.0,10.214727167080449,High
B85054,PATCHS HEALTH LIMITED,762.0,401.0,361.0,10415.0,3.325623008772313,Mid
B85055,TPP,214.0,137.0,77.0,13081.0,0.7436184333975023,Low
B85058,TPP,25.0,23.0,2.0,3024.0,0.37578162578162577,Low
B85059,"PATCHS HEALTH LIMITED, TPP",509.0,453.0,56.0,8577.0,2.697489056355793,Mid
B85060,"PATCHS HEALTH LIMITED, TPP",725.0,569.0,156.0,2313.0,14.24753370278662,High
B85061,PATCHS HEALTH LIMITED,416.0,297.0,119.0,9643.0,1.9609137103692738,Mid
B85606,PATCHS HEALTH LIMITED,9.0,7.0,2.0,4506.0,0.09078804018883913,Low
B85611,PATCHS HEALTH LIMITED,26.0,9.0,17.0,3643.0,0.32440795548124673,Low
B85612,PATCHS HEALTH LIMITED,143.0,0.0,143.0,4844.0,1.3418662262592898,Low
B85614,PATCHS HEALTH LIMITED,2323.0,1582.0,741.0,6849.0,15.416981908440516,High
B85619,PATCHS HEALTH LIMITED,30.0,16.0,14.0,3195.0,0.42680324370465217,Low
B85620,PATCHS HEALTH LIMITED,39.0,23.0,16.0,3013.0,0.5883595329330477,Low
B85623,PATCHS HEALTH LIMITED,884.0,605.0,279.0,3408.0,11.790439607341018,High
B85634,PATCHS HEALTH LIMITED,335.0,294.0,41.0,3615.0,4.212246950836162,Mid
B85636,PATCHS HEALTH LIMITED,125.0,103.0,22.0,4456.0,1.2750938469071325,Low
B85640,"PATCHS HEALTH LIMITED, TPP",154.0,80.0,74.0,3629.0,1.9289060347203084,Mid
B85641,PATCHS HEALTH LIMITED,1023.0,698.0,325.0,4105.0,11.327649208282581,High
B85645,PATCHS HEALTH LIMITED,6.0,3.0,3.0,2480.0,0.10997067448680352,Low
B85646,"PATCHS HEALTH LIMITED, TPP",142.0,58.0,84.0,6198.0,1.0413916512658041,Low
B85650,PATCHS HEALTH LIMITED,82.0,9.0,73.0,4722.0,0.7893419583381465,Low
B85652,PATCHS HEALTH LIMITED,41.0,12.0,29.0,7710.0,0.24171677868175923,Low
B85655,"PATCHS HEALTH LIMITED, TPP",23.0,12.0,11.0,2777.0,0.37646904769699147,Low
B85659,PATCHS HEALTH LIMITED,8.0,1.0,7.0,1675.0,0.21709633649932158,Low
B85660,PATCHS HEALTH LIMITED,84.0,51.0,33.0,6714.0,0.5686895767324722,Low
B86002,"ACCURX LIMITED, PATCHS HEALTH LIMITED",2195.0,1168.0,1027.0,14473.0,6.893714314428749,Mid
B86003,ACCURX LIMITED,1689.0,386.0,1303.0,16594.0,4.626535330404199,Mid
B86004,TPP,1178.0,971.0,207.0,8575.0,6.244367877020938,Mid
B86005,ACCURX LIMITED,240.0,138.0,102.0,5557.0,1.9631259508891326,Mid
B86006,PATCHS HEALTH LIMITED,2236.0,1543.0,693.0,15118.0,6.722870990631276,Mid
B86007,"ACCURX LIMITED, PATCHS HEALTH LIMITED",3214.0,2377.0,837.0,9373.0,15.586355392180634,High
B86008,PATCHS HEALTH LIMITED,5066.0,4102.0,964.0,19068.0,12.076396437629917,High
B86009,No Data,0.0,0.0,0.0,7596.0,0.0,Low
B86010,ACCURX LIMITED,2094.0,1613.0,481.0,10030.0,9.489712680141393,Mid
B86011,CONTINUUM HEALTH LIMITED,631.0,490.0,141.0,9594.0,2.989557867606648,Mid
B86012,"ACCURX LIMITED, PATCHS HEALTH LIMITED",1995.0,760.0,1235.0,19329.0,4.691490412427864,Mid
B86013,PATCHS HEALTH LIMITED,6524.0,4859.0,1665.0,19871.0,14.923529492499348,High
B86014,PATCHS HEALTH LIMITED,758.0,427.0,331.0,13421.0,2.5672114935210084,Mid
B86015,PATCHS HEALTH LIMITED,1214.0,1001.0,213.0,13910.0,3.9670609764067706,Mid
B86016,TPP,4881.0,4413.0,468.0,18302.0,12.122371126851512,High
B86017,TPP,2184.0,1761.0,423.0,16789.0,5.912962491674744,Mid
B86018,PATCHS HEALTH LIMITED,1506.0,1155.0,351.0,7313.0,9.360665315813682,Mid
B86019,PATCHS HEALTH LIMITED,6943.0,4852.0,2091.0,20251.0,15.583966672801791,High
B86020,PATCHS HEALTH LIMITED,359.0,296.0,63.0,11150.0,1.4635140644109255,Low
B86022,PATCHS HEALTH LIMITED,4387.0,2798.0,1589.0,14076.0,14.166602082203106,High
B86024,ACCURX LIMITED,224.0,109.0,115.0,9658.0,1.0542367137935578,Low
B86025,PATCHS HEALTH LIMITED,551.0,166.0,385.0,10837.0,2.31110589143255,Mid
B86028,PATCHS HEALTH LIMITED,108.0,59.0,49.0,5157.0,0.9519276534983342,Low
B86029,ACCURX LIMITED,966.0,502.0,464.0,5740.0,7.649667405764967,Mid
B86030,ACCURX LIMITED,2858.0,1909.0,949.0,10711.0,12.128567912341602,High
B86033,ACCURX LIMITED,3363.0,2705.0,658.0,11884.0,12.862978489030324,High
B86034,ACCURX LIMITED,425.0,284.0,141.0,6826.0,2.8300881655701464,Mid
B86035,PATCHS HEALTH LIMITED,109.0,46.0,63.0,9279.0,0.5339525223133371,Low
B86036,PATCHS HEALTH LIMITED,3129.0,2625.0,504.0,11015.0,12.912144596211778,High
B86038,ACCURX LIMITED,2288.0,1847.0,441.0,10570.0,9.839167455061494,Mid
B86039,ACCURX LIMITED,2376.0,1736.0,640.0,9559.0,11.298252955330057,High
B86041,TPP,2529.0,1804.0,725.0,7747.0,14.838588544539236,High
B86042,PATCHS HEALTH LIMITED,4787.0,3310.0,1477.0,15758.0,13.808282084713102,High
B86043,TPP,2167.0,1982.0,185.0,10235.0,9.623839765510503,Mid
B86044,CONTINUUM HEALTH LIMITED,6350.0,5471.0,879.0,28295.0,10.200967083808576,High
B86048,PATCHS HEALTH LIMITED,1856.0,1115.0,741.0,14551.0,5.797789592717776,Mid
B86049,ACCURX LIMITED,394.0,173.0,221.0,9978.0,1.7948577780207366,Low
B86050,ACCURX LIMITED,4016.0,2860.0,1156.0,20386.0,8.954451807390098,Mid
B86051,ACCURX LIMITED,4554.0,3072.0,1482.0,14997.0,13.802760552110424,High
B86052,ACCURX LIMITED,468.0,301.0,167.0,12133.0,1.753294920689629,Low
B86054,"PATCHS HEALTH LIMITED, TPP",1998.0,1788.0,210.0,6176.0,14.705016486104569,High
B86055,PATCHS HEALTH LIMITED,4299.0,3637.0,662.0,6152.0,31.763506324624665,High
B86057,SILICON PRACTICE LTD,2559.0,1548.0,1011.0,19883.0,5.850132365245779,Mid
B86059,PATCHS HEALTH LIMITED,2514.0,1511.0,1003.0,16285.0,7.017054177017334,Mid
B86060,"ACCURX LIMITED, PATCHS HEALTH LIMITED",3376.0,2619.0,757.0,10926.0,14.04489707619856,High
B86062,TPP,2598.0,2346.0,252.0,8251.0,14.312314760745254,High
B86064,PATCHS HEALTH LIMITED,144.0,105.0,39.0,17089.0,0.38302150772160726,Low
B86066,PATCHS HEALTH LIMITED,3045.0,1660.0,1385.0,14471.0,9.564583712880305,Mid
B86067,PATCHS HEALTH LIMITED,1554.0,1306.0,248.0,16770.0,4.212067002764678,Mid
B86068,ACCURX LIMITED,1147.0,637.0,510.0,7790.0,6.692729606721904,Mid
B86069,ACCURX LIMITED,611.0,291.0,320.0,13379.0,2.075844777093002,Mid
B86070,ACCURX LIMITED,358.0,135.0,223.0,4520.0,3.6001609010458564,Mid
B86071,ACCURX LIMITED,1823.0,1316.0,507.0,8337.0,9.939263087877698,Mid
B86075,TPP,4518.0,3743.0,775.0,14163.0,14.500009628160443,High
B86081,ACCURX LIMITED,319.0,178.0,141.0,14146.0,1.0250247419765304,Low
B86086,"PATCHS HEALTH LIMITED, TPP",88.0,65.0,23.0,7168.0,0.5580357142857143,Low
B86089,PATCHS HEALTH LIMITED,633.0,267.0,366.0,6029.0,4.7723880034379285,Mid
B86092,PATCHS HEALTH LIMITED,388.0,295.0,93.0,6780.0,2.601233574684902,Mid
B86093,PATCHS HEALTH LIMITED,1401.0,836.0,565.0,5725.0,11.12346169114728,High
B86094,PATCHS HEALTH LIMITED,324.0,158.0,166.0,4878.0,3.0191211003019123,Mid
B86096,PATCHS HEALTH LIMITED,79.0,39.0,40.0,5574.0,0.6442248099944549,Low
B86100,ACCURX LIMITED,2375.0,1729.0,646.0,7459.0,14.473058781947373,High
B86101,PATCHS HEALTH LIMITED,29.0,24.0,5.0,3513.0,0.3752296664337655,Low
B86103,PATCHS HEALTH LIMITED,70.0,47.0,23.0,9529.0,0.3339089287247541,Low
B86104,No Data,0.0,0.0,0.0,17449.0,0.0,Low
B86106,PATCHS HEALTH LIMITED,27.0,16.0,11.0,7683.0,0.15973873841894146,Low
B86108,PATCHS HEALTH LIMITED,175.0,84.0,91.0,6644.0,1.1972524766022659,Low
B86109,ACCURX LIMITED,351.0,288.0,63.0,7673.0,2.079309977133514,Mid
B86110,PATCHS HEALTH LIMITED,1018.0,587.0,431.0,40160.0,1.1522093444404202,Low
B86642,PATCHS HEALTH LIMITED,17.0,11.0,6.0,2768.0,0.2791644771413558,Low
B86643,PATCHS HEALTH LIMITED,20.0,15.0,5.0,3754.0,0.24216593209667267,Low
B86648,TPP,511.0,468.0,43.0,2457.0,9.453509453509453,Mid
B86655,ACCURX LIMITED,34.0,24.0,10.0,2280.0,0.6778309409888357,Low
B86658,PATCHS HEALTH LIMITED,453.0,310.0,143.0,11463.0,1.7962932121529347,Low
B86666,PATCHS HEALTH LIMITED,20.0,17.0,3.0,5659.0,0.1606451509261193,Low
B86667,ACCURX LIMITED,324.0,186.0,138.0,7829.0,1.8811179879004631,Low
B86669,TPP,16.0,5.0,11.0,2892.0,0.2514774299006664,Low
B86672,ACCURX LIMITED,493.0,344.0,149.0,6928.0,3.2345685492336766,Mid
B86673,ACCURX LIMITED,150.0,69.0,81.0,7005.0,0.9733307377846991,Low
B86678,"PATCHS HEALTH LIMITED, TPP",83.0,45.0,38.0,2995.0,1.2596752162695402,Low
B87001,PATCHS HEALTH LIMITED,614.0,376.0,238.0,9922.0,2.812849315570541,Mid
B87002,"PATCHS HEALTH LIMITED, TPP",3978.0,2838.0,1140.0,10476.0,17.26023117775695,High
B87003,TPP,37.0,27.0,10.0,11005.0,0.1528230969394077,Low
B87004,PATCHS HEALTH LIMITED,1628.0,858.0,770.0,11666.0,6.343219612549288,Mid
B87005,PATCHS HEALTH LIMITED,822.0,555.0,267.0,11628.0,3.2132470212965574,Mid
B87006,PATCHS HEALTH LIMITED,281.0,181.0,100.0,10591.0,1.2059982317748346,Low
B87007,PATCHS HEALTH LIMITED,2329.0,1372.0,957.0,16366.0,6.468510104096074,Mid
B87008,PATCHS HEALTH LIMITED,562.0,297.0,265.0,13296.0,1.9212886992670386,Mid
B87009,PATCHS HEALTH LIMITED,215.0,133.0,82.0,6263.0,1.5603907508745445,Low
B87011,PATCHS HEALTH LIMITED,2508.0,1692.0,816.0,13156.0,8.665247795682578,Mid
B87012,PATCHS HEALTH LIMITED,954.0,810.0,144.0,9866.0,4.395260121998415,Mid
B87013,PATCHS HEALTH LIMITED,538.0,253.0,285.0,14519.0,1.6843133448960297,Low
B87015,PATCHS HEALTH LIMITED,335.0,220.0,115.0,7241.0,2.1029240059760705,Mid
B87016,PATCHS HEALTH LIMITED,179.0,97.0,82.0,24413.0,0.33327995888926537,Low
B87017,PATCHS HEALTH LIMITED,2487.0,1565.0,922.0,27010.0,4.185318568880213,Mid
B87018,PATCHS HEALTH LIMITED,1058.0,566.0,492.0,11750.0,4.09284332688588,Mid
B87019,PATCHS HEALTH LIMITED,369.0,144.0,225.0,7354.0,2.280762479293891,Mid
B87021,"PATCHS HEALTH LIMITED, TPP",1138.0,717.0,421.0,12831.0,4.031429563344457,Mid
B87022,PATCHS HEALTH LIMITED,482.0,178.0,304.0,8998.0,2.434884519792277,Mid
B87025,PATCHS HEALTH LIMITED,542.0,187.0,355.0,8461.0,2.911755541468341,Mid
B87026,"PATCHS HEALTH LIMITED, TPP",682.0,545.0,137.0,14538.0,2.1323428256981702,Mid
B87027,PATCHS HEALTH LIMITED,890.0,645.0,245.0,13911.0,2.9080975813777195,Mid
B87028,"PATCHS HEALTH LIMITED, TPP",536.0,264.0,272.0,11004.0,2.2140709163609924,Mid
B87030,TPP,10152.0,8582.0,1570.0,29842.0,15.46325800732342,High
B87031,PATCHS HEALTH LIMITED,5689.0,3957.0,1732.0,22175.0,11.66137132315261,High
B87032,"PATCHS HEALTH LIMITED, TPP",121.0,73.0,48.0,8126.0,0.6768397735663303,Low
B87033,PATCHS HEALTH LIMITED,82.0,42.0,40.0,5793.0,0.6434097578582302,Low
B87036,PATCHS HEALTH LIMITED,29.0,21.0,8.0,4250.0,0.3101604278074866,Low
B87039,PATCHS HEALTH LIMITED,1119.0,829.0,290.0,14588.0,3.486676471321385,Mid
B87042,PATCHS HEALTH LIMITED,550.0,330.0,220.0,5496.0,4.548762736535663,Mid
B87044,PATCHS HEALTH LIMITED,97.0,29.0,68.0,2410.0,1.8294983025273484,Low
B87602,PATCHS HEALTH LIMITED,183.0,52.0,131.0,3759.0,2.212870927954727,Mid
B87604,PATCHS HEALTH LIMITED,99.0,86.0,13.0,2931.0,1.5353121801432956,Low
C81001,ACCURX LIMITED,3127.0,2637.0,490.0,11480.0,12.381216344630978,High
C81002,ACCURX LIMITED,2153.0,1782.0,371.0,12290.0,7.962867075967157,Mid
C81003,SILICON PRACTICE LTD,1274.0,0.0,0.0,10078.0,5.746089592090782,Mid
C81004,ACCURX LIMITED,401.0,286.0,115.0,10441.0,1.7457401328678026,Low
C81005,ACCURX LIMITED,4194.0,3521.0,673.0,16771.0,11.367024246399358,High
C81006,SILICON PRACTICE LTD,4210.0,1349.0,2861.0,29113.0,6.573133526728141,Mid
C81007,"RAPID HEALTH, SILICON PRACTICE LTD",2972.0,2207.0,593.0,11794.0,11.454206299042657,High
C81008,CONTINUUM HEALTH LIMITED,1818.0,1489.0,329.0,9701.0,8.518334567195508,Mid
C81009,SILICON PRACTICE LTD,430.0,187.0,243.0,21201.0,0.9219119166763146,Low
C81010,RAPID HEALTH,2448.0,1455.0,993.0,13770.0,8.080808080808081,Mid
C81012,CONTINUUM HEALTH LIMITED,1820.0,1592.0,228.0,15672.0,5.278667223537055,Mid
C81013,"ACCURX LIMITED, SILICON PRACTICE LTD",65.0,38.0,24.0,4681.0,0.6311782641626693,Low
C81014,"RAPID HEALTH, SILICON PRACTICE LTD",2358.0,2118.0,100.0,11745.0,9.12574016022292,Mid
C81015,ACCURX LIMITED,89.0,43.0,46.0,12449.0,0.3249622094509234,Low
C81016,ACCURX LIMITED,913.0,759.0,154.0,8458.0,4.906597304327264,Mid
C81017,ACCURX LIMITED,313.0,114.0,199.0,8906.0,1.5974930077782086,Low
C81018,ACCURX LIMITED,2068.0,1602.0,466.0,9206.0,10.210732131218771,High
C81020,"RAPID HEALTH, SILICON PRACTICE LTD",773.0,637.0,136.0,11204.0,3.136055304923566,Mid
C81021,ACCURX LIMITED,1447.0,880.0,567.0,14945.0,4.400985431430396,Mid
C81022,ACCURX LIMITED,69.0,19.0,50.0,4114.0,0.7623635479736598,Low
C81023,RAPID HEALTH,476.0,377.0,99.0,7885.0,2.7439903153282987,Mid
C81025,ACCURX LIMITED,152.0,121.0,31.0,10423.0,0.6628697024936111,Low
C81026,RAPID HEALTH,179.0,151.0,28.0,6648.0,1.2238814134120994,Low
C81027,SILICON PRACTICE LTD,497.0,480.0,17.0,8468.0,2.6677974835745264,Mid
C81029,ACCURX LIMITED,3792.0,2890.0,902.0,17246.0,9.99441240656595,Mid
C81030,CONTINUUM HEALTH LIMITED,355.0,310.0,45.0,9247.0,1.7450377026455755,Low
C81032,TPP,216.0,136.0,80.0,13772.0,0.7129089324848837,Low
C81033,No Data,0.0,0.0,0.0,15912.0,0.0,Low
C81034,ACCURX LIMITED,115.0,79.0,36.0,16591.0,0.31506676675744244,Low
C81035,ACCURX LIMITED,309.0,244.0,65.0,12467.0,1.1266106156617104,Low
C81036,RAPID HEALTH,1213.0,712.0,501.0,4622.0,11.929113724873138,High
C81039,No Data,0.0,0.0,0.0,3588.0,0.0,Low
C81040,"RAPID HEALTH, SILICON PRACTICE LTD",1580.0,1239.0,323.0,8519.0,8.430353541282052,Mid
C81041,CONTINUUM HEALTH LIMITED,2331.0,2081.0,250.0,11948.0,8.867973339014517,Mid
C81042,"RAPID HEALTH, SILICON PRACTICE LTD",3005.0,2378.0,310.0,13030.0,10.482801925626179,High
C81044,ACCURX LIMITED,1918.0,1621.0,297.0,8498.0,10.2590983974839,High
C81045,CONTINUUM HEALTH LIMITED,2355.0,1854.0,501.0,13035.0,8.212156083272308,Mid
C81046,"ACCURX LIMITED, SILICON PRACTICE LTD",149.0,8.0,5.0,4650.0,1.4565004887585535,Low
C81047,"RAPID HEALTH, TPP",1333.0,1053.0,280.0,12905.0,4.695149871438132,Mid
C81049,"ACCURX LIMITED, RAPID HEALTH",2341.0,1550.0,791.0,9739.0,10.926079772983972,High
C81051,RAPID HEALTH,5359.0,4679.0,680.0,26256.0,9.277533100659243,Mid
C81052,CONTINUUM HEALTH LIMITED,1000.0,818.0,182.0,7019.0,6.475928972011036,Mid
C81053,ACCURX LIMITED,737.0,510.0,227.0,10953.0,3.058522779147266,Mid
C81054,RAPID HEALTH,9263.0,8629.0,634.0,35574.0,11.835763606719922,High
C81057,ACCURX LIMITED,140.0,103.0,37.0,10693.0,0.5951217023881384,Low
C81058,ACCURX LIMITED,272.0,105.0,167.0,8920.0,1.3860578883000407,Low
C81059,"ACCURX LIMITED, SILICON PRACTICE LTD",539.0,388.0,146.0,6028.0,4.064366290643663,Mid
C81060,"SILICON PRACTICE LTD, TPP",572.0,400.0,97.0,10907.0,2.3837902264600714,Mid
C81061,RAPID HEALTH,3201.0,2389.0,812.0,17533.0,8.298636856213996,Mid
C81062,"ACCURX LIMITED, SILICON PRACTICE LTD",275.0,34.0,28.0,8778.0,1.4240145819093186,Low
C81063,CONTINUUM HEALTH LIMITED,2084.0,1915.0,169.0,9517.0,9.95348037483164,Mid
C81064,"RAPID HEALTH, SILICON PRACTICE LTD",2738.0,1781.0,597.0,12831.0,9.69952033781821,Mid
C81065,SILICON PRACTICE LTD,208.0,0.0,0.0,8977.0,1.0531965528066676,Low
C81066,TPP,1767.0,1489.0,278.0,12008.0,6.688722669735328,Mid
C81067,TPP,236.0,107.0,129.0,9923.0,1.081051368262897,Low
C81068,"RAPID HEALTH, SILICON PRACTICE LTD",2058.0,1907.0,149.0,12118.0,7.719545679605096,Mid
C81069,ACCURX LIMITED,1113.0,818.0,295.0,13659.0,3.7038516063334863,Mid
C81070,ACCURX LIMITED,875.0,762.0,113.0,3802.0,10.461001386829897,High
C81071,SILICON PRACTICE LTD,379.0,0.0,0.0,11769.0,1.4637839006944282,Low
C81072,ACCURX LIMITED,12593.0,11061.0,1532.0,45855.0,12.48302455368206,High
C81073,"SILICON PRACTICE LTD, TPP",347.0,153.0,106.0,12830.0,1.2293629986537236,Low
C81075,ACCURX LIMITED,169.0,105.0,64.0,5226.0,1.4699231117141565,Low
C81080,"ACCURX LIMITED, SILICON PRACTICE LTD",2378.0,1751.0,625.0,8049.0,13.42911033555834,High
C81081,CONTINUUM HEALTH LIMITED,4349.0,3931.0,418.0,20072.0,9.84863582013841,Mid
C81083,RAPID HEALTH,3711.0,2415.0,1296.0,16837.0,10.018519818365396,Mid
C81084,ACCURX LIMITED,4975.0,4423.0,552.0,20321.0,11.128210404820807,High
C81086,ACCURX LIMITED,6634.0,3864.0,2770.0,7951.0,37.925475354729535,High
C81089,ACCURX LIMITED,1365.0,1023.0,342.0,6082.0,10.2014887447311,High
C81091,ACCURX LIMITED,2094.0,1766.0,328.0,8459.0,11.252135971369922,High
C81092,ACCURX LIMITED,28.0,19.0,9.0,5679.0,0.22411115913493093,Low
C81095,SILICON PRACTICE LTD,57.0,0.0,0.0,4833.0,0.5360871282658992,Low
C81096,"ACCURX LIMITED, SILICON PRACTICE LTD",127.0,92.0,31.0,5727.0,1.0079845071987554,Low
C81097,RAPID HEALTH,424.0,294.0,130.0,5688.0,3.3883135148957932,Mid
C81099,ACCURX LIMITED,2503.0,1648.0,855.0,10477.0,10.8592848403863,High
C81106,ACCURX LIMITED,2123.0,1513.0,610.0,7491.0,12.882125216926978,High
C81108,ACCURX LIMITED,1898.0,1395.0,503.0,15467.0,5.577857843972799,Mid
C81110,RAPID HEALTH,2241.0,1903.0,338.0,12216.0,8.338542596892303,Mid
C81113,RAPID HEALTH,1771.0,1031.0,740.0,6528.0,12.331495098039216,High
C81114,"SILICON PRACTICE LTD, TPP",2608.0,1262.0,778.0,14167.0,8.367717551030884,Mid
C81115,RAPID HEALTH,1063.0,636.0,427.0,4942.0,9.7770501453221,Mid
C81118,"RAPID HEALTH, SILICON PRACTICE LTD",2311.0,1618.0,670.0,8508.0,12.34666837628756,High
C81604,ACCURX LIMITED,113.0,44.0,69.0,5077.0,1.011692660304045,Low
C81611,ACCURX LIMITED,2074.0,1749.0,325.0,9772.0,9.647229561269675,Mid
C81615,ACCURX LIMITED,12.0,10.0,2.0,2330.0,0.23410066328521265,Low
C81616,"ACCURX LIMITED, RAPID HEALTH, SILICON PRACTICE LTD",372.0,320.0,46.0,5394.0,3.1347962382445136,Mid
C81634,SILICON PRACTICE LTD,683.0,0.0,29.0,4636.0,6.6966036551886425,Mid
C81638,No Data,0.0,0.0,0.0,4060.0,0.0,Low
C81640,ACCURX LIMITED,230.0,54.0,176.0,3607.0,2.8984046172845725,Mid
C81647,"ACCURX LIMITED, SILICON PRACTICE LTD",245.0,190.0,50.0,4101.0,2.715523929861896,Mid
C81649,ACCURX LIMITED,175.0,125.0,50.0,8042.0,0.9891252741290045,Low
C81652,SILICON PRACTICE LTD,103.0,0.0,0.0,4907.0,0.9541100839246345,Low
C81653,SILICON PRACTICE LTD,131.0,111.0,20.0,4517.0,1.3182522591422303,Low
C81655,ACCURX LIMITED,127.0,74.0,53.0,3726.0,1.549309520324013,Low
C81662,ACCURX LIMITED,364.0,236.0,128.0,8595.0,1.9250092548521864,Mid
C82001,"ACCURX LIMITED, RAPID HEALTH",5138.0,3339.0,1799.0,25955.0,8.998091101732019,Mid
C82002,ACCURX LIMITED,2981.0,2454.0,527.0,10871.0,12.464354705178918,High
C82003,ACCURX LIMITED,2056.0,1521.0,535.0,11551.0,8.0906021517224,Mid
C82005,ACCURX LIMITED,35.0,20.0,15.0,10795.0,0.14737462630005474,Low
C82007,ACCURX LIMITED,1320.0,668.0,652.0,10686.0,5.614823133071308,Mid
C82008,ACCURX LIMITED,1927.0,1176.0,751.0,8316.0,10.532817350999169,High
C82010,ACCURX LIMITED,985.0,668.0,317.0,14956.0,2.993629798925333,Mid
C82011,ACCURX LIMITED,350.0,95.0,255.0,12525.0,1.2701868989294138,Low
C82013,ACCURX LIMITED,5411.0,3515.0,1896.0,13455.0,18.279787845005238,High
C82014,"ACCURX LIMITED, RAPID HEALTH",2884.0,2457.0,427.0,18113.0,7.237393534528189,Mid
C82016,ACCURX LIMITED,3874.0,2809.0,1065.0,11020.0,15.979211351262167,High
C82017,RAPID HEALTH,1878.0,1725.0,153.0,16044.0,5.3205956347317604,Mid
C82018,"ACCURX LIMITED, RAPID HEALTH",3011.0,2587.0,424.0,13931.0,9.82439425480126,Mid
C82019,ACCURX LIMITED,160.0,76.0,84.0,5851.0,1.242988766489023,Low
C82020,TPP,379.0,263.0,116.0,19626.0,0.8777780865827335,Low
C82021,ACCURX LIMITED,1439.0,1107.0,332.0,7162.0,9.132796831763601,Mid
C82022,RAPID HEALTH,1336.0,1035.0,301.0,7350.0,8.262213976499691,Mid
C82024,TPP,722.0,151.0,571.0,19809.0,1.6567308707245099,Low
C82025,RAPID HEALTH,2225.0,1883.0,342.0,10701.0,9.451113319910629,Mid
C82026,ACCURX LIMITED,78.0,50.0,28.0,8252.0,0.4296479090468426,Low
C82027,RAPID HEALTH,1326.0,874.0,452.0,7394.0,8.151572528094032,Mid
C82028,ACCURX LIMITED,47.0,30.0,17.0,7332.0,0.29137529137529133,Low
C82030,ACCURX LIMITED,2490.0,1941.0,549.0,6970.0,16.238424416329725,High
C82031,ACCURX LIMITED,3983.0,2930.0,1053.0,14880.0,12.167033235581624,High
C82032,ACCURX LIMITED,207.0,136.0,71.0,7347.0,1.2806711459222688,Low
C82033,ACCURX LIMITED,2888.0,2346.0,542.0,11467.0,11.447870172907235,High
C82034,ACCURX LIMITED,65.0,43.0,22.0,9626.0,0.30693387227773267,Low
C82035,ACCURX LIMITED,701.0,337.0,364.0,7835.0,4.066832975575796,Mid
C82037,ACCURX LIMITED,1226.0,930.0,296.0,10291.0,5.415146509306455,Mid
C82038,ACCURX LIMITED,6050.0,4376.0,1674.0,37359.0,7.361010733692015,Mid
C82039,"ACCURX LIMITED, RAPID HEALTH",1117.0,730.0,387.0,11055.0,4.592738785411783,Mid
C82040,TPP,340.0,183.0,157.0,9186.0,1.682402074302793,Low
C82042,ACCURX LIMITED,19.0,13.0,6.0,12869.0,0.0671098269979302,Low
C82043,ACCURX LIMITED,593.0,325.0,268.0,10891.0,2.474937604861395,Mid
C82044,TPP,2430.0,2359.0,71.0,9468.0,11.666090563428964,High
C82045,ACCURX LIMITED,1314.0,228.0,1086.0,8734.0,6.838478672689802,Mid
C82046,ACCURX LIMITED,4635.0,3555.0,1080.0,17106.0,12.316252670514332,High
C82047,ACCURX LIMITED,170.0,84.0,86.0,10653.0,0.7253611872029219,Low
C82048,ACCURX LIMITED,70.0,34.0,36.0,5417.0,0.5873764411700538,Low
C82050,ACCURX LIMITED,143.0,96.0,47.0,13902.0,0.4675586246583226,Low
C82051,ACCURX LIMITED,2397.0,1758.0,639.0,11885.0,9.167399701686618,Mid
C82052,ACCURX LIMITED,56.0,38.0,18.0,3697.0,0.6885189465660118,Low
C82053,"ACCURX LIMITED, RAPID HEALTH",2094.0,1073.0,1021.0,10967.0,8.678929350033572,Mid
C82054,ACCURX LIMITED,1720.0,1139.0,581.0,12529.0,6.24006849563558,Mid
C82055,ACCURX LIMITED,904.0,454.0,450.0,14379.0,2.8577028368390773,Mid
C82056,ACCURX LIMITED,3333.0,1961.0,1372.0,14043.0,10.788293099765006,High
C82059,TPP,65.0,18.0,47.0,1880.0,1.5715667311411992,Low
C82060,TPP,84.0,65.0,19.0,4126.0,0.9253954964085842,Low
C82061,RAPID HEALTH,3461.0,2716.0,745.0,15660.0,10.045860907929875,High
C82062,ACCURX LIMITED,177.0,120.0,57.0,9023.0,0.8916607054698599,Low
C82063,ACCURX LIMITED,3416.0,2311.0,1105.0,12029.0,12.908199124842236,High
C82064,ACCURX LIMITED,3685.0,3010.0,675.0,12300.0,13.61788617886179,High
C82066,ACCURX LIMITED,3808.0,3320.0,488.0,17577.0,9.847579740052858,Mid
C82067,ACCURX LIMITED,71.0,24.0,47.0,8674.0,0.37206280000838454,Low
C82068,ACCURX LIMITED,545.0,264.0,281.0,12369.0,2.002807605524074,Mid
C82070,ACCURX LIMITED,186.0,111.0,75.0,10103.0,0.836835143476735,Low
C82071,ACCURX LIMITED,248.0,138.0,110.0,14390.0,0.7833722913639523,Low
C82072,ACCURX LIMITED,379.0,216.0,163.0,8767.0,1.9650134284558831,Mid
C82073,ACCURX LIMITED,5639.0,2543.0,3096.0,13911.0,18.425575574594337,High
C82075,ACCURX LIMITED,447.0,203.0,244.0,11029.0,1.8422505955373851,Low
C82077,ACCURX LIMITED,1181.0,692.0,489.0,12693.0,4.229245897882154,Mid
C82078,ACCURX LIMITED,2329.0,1579.0,750.0,11851.0,8.93288636938962,Mid
C82079,TPP,2056.0,1589.0,467.0,6806.0,13.731199743541795,High
C82080,ACCURX LIMITED,14.0,12.0,2.0,4621.0,0.13771123920442252,Low
C82082,ACCURX LIMITED,760.0,601.0,159.0,5524.0,6.253702850371931,Mid
C82084,TPP,67.0,31.0,36.0,3782.0,0.805249747608288,Low
C82086,ACCURX LIMITED,234.0,45.0,189.0,10074.0,1.055823271427798,Low
C82088,"ACCURX LIMITED, Klinik Healthcare Solutions UK Ltd",2418.0,1472.0,946.0,10402.0,10.566149866284455,High
C82091,ACCURX LIMITED,300.0,108.0,192.0,10167.0,1.3412376941441562,Low
C82092,ACCURX LIMITED,426.0,332.0,94.0,4776.0,4.054362722704432,Mid
C82093,ACCURX LIMITED,50.0,21.0,29.0,12627.0,0.17998948861386496,Low
C82094,ACCURX LIMITED,458.0,96.0,362.0,6769.0,3.075518070347439,Mid
C82095,ACCURX LIMITED,68.0,47.0,21.0,9081.0,0.3403710043947903,Low
C82096,ACCURX LIMITED,2636.0,1875.0,761.0,10260.0,11.678185362395887,High
C82097,ACCURX LIMITED,93.0,33.0,60.0,3078.0,1.3733829523303207,Low
C82098,ACCURX LIMITED,158.0,44.0,114.0,7202.0,0.9971977481002753,Low
C82099,ACCURX LIMITED,256.0,203.0,53.0,4548.0,2.558567202366675,Mid
C82100,ACCURX LIMITED,1263.0,778.0,485.0,6496.0,8.837606359158084,Mid
C82102,ACCURX LIMITED,170.0,93.0,77.0,4846.0,1.5945672156980455,Low
C82103,TPP,147.0,108.0,39.0,6767.0,0.9874121740532261,Low
C82107,ACCURX LIMITED,36.0,20.0,16.0,7718.0,0.21201912883695728,Low
C82109,ACCURX LIMITED,138.0,81.0,57.0,5339.0,1.1748880450884571,Low
C82111,ACCURX LIMITED,97.0,60.0,37.0,15771.0,0.2795695205815046,Low
C82112,TPP,2508.0,1707.0,801.0,9582.0,11.89730745147151,High
C82114,ACCURX LIMITED,62.0,11.0,51.0,2346.0,1.2012710222428893,Low
C82116,RAPID HEALTH,27.0,4.0,23.0,5100.0,0.24064171122994651,Low
C82119,Klinik Healthcare Solutions UK Ltd,553.0,345.0,208.0,3301.0,7.614772383024428,Mid
C82120,"ACCURX LIMITED, RAPID HEALTH",244.0,150.0,94.0,3980.0,2.7866605756052993,Mid
C82121,ACCURX LIMITED,470.0,193.0,277.0,14801.0,1.4433914170418463,Low
C82600,ACCURX LIMITED,18.0,10.0,8.0,6278.0,0.13032523386139186,Low
C82610,ACCURX LIMITED,200.0,128.0,72.0,6879.0,1.32154515059007,Low
C82611,ACCURX LIMITED,110.0,71.0,39.0,7018.0,0.7124536905101168,Low
C82614,TPP,1377.0,1066.0,311.0,4272.0,14.651430030643514,High
C82620,TPP,51.0,18.0,33.0,2284.0,1.014965769781882,Low
C82624,TPP,2318.0,2102.0,216.0,8269.0,12.742004639452942,High
C82627,ACCURX LIMITED,1313.0,1054.0,259.0,8283.0,7.205338425910682,Mid
C82628,ACCURX LIMITED,57.0,17.0,40.0,3530.0,0.7339685809940768,Low
C82631,"ACCURX LIMITED, RAPID HEALTH",1066.0,882.0,184.0,7053.0,6.870061740329711,Mid
C82634,ACCURX LIMITED,1620.0,1297.0,323.0,6531.0,11.27489873470581,High
C82639,ACCURX LIMITED,9.0,3.0,6.0,10107.0,0.04047599773334412,Low
C82642,ACCURX LIMITED,16.0,6.0,10.0,9511.0,0.07646648378432629,Low
C82643,ACCURX LIMITED,4117.0,3552.0,565.0,14362.0,13.029965439100657,High
C82644,ACCURX LIMITED,134.0,50.0,84.0,5102.0,1.1938277324400413,Low
C82649,ACCURX LIMITED,335.0,198.0,137.0,5802.0,2.6244868540628628,Mid
C82650,ACCURX LIMITED,140.0,28.0,112.0,5449.0,1.1678539848846328,Low
C82651,ACCURX LIMITED,7.0,6.0,1.0,3854.0,0.08255885266783035,Low
C82653,TPP,83.0,26.0,57.0,2068.0,1.8243362053806929,Low
C82656,ACCURX LIMITED,7.0,5.0,2.0,3137.0,0.10142869562697424,Low
C82659,Klinik Healthcare Solutions UK Ltd,536.0,410.0,126.0,2904.0,8.389681943400952,Mid
C82660,Klinik Healthcare Solutions UK Ltd,2240.0,1024.0,1216.0,7487.0,13.599329747319597,High
C82662,ACCURX LIMITED,9.0,5.0,4.0,8689.0,0.047081471871436194,Low
C82667,"ACCURX LIMITED, RAPID HEALTH",2559.0,2071.0,488.0,8216.0,14.15751969549438,High
C82669,ACCURX LIMITED,691.0,538.0,153.0,4203.0,7.473017108991413,Mid
C82670,ACCURX LIMITED,5.0,1.0,4.0,762.0,0.2982581722739203,Low
C82671,Klinik Healthcare Solutions UK Ltd,80.0,45.0,35.0,8338.0,0.4361194094943196,Low
C82676,ACCURX LIMITED,1864.0,1664.0,200.0,7502.0,11.293957974843073,High
C82678,CONTINUUM HEALTH LIMITED,1342.0,1016.0,326.0,5426.0,11.24216734242536,High
C82680,TPP,1282.0,1118.0,164.0,4705.0,12.385276784851705,High
C83001,CONTINUUM HEALTH LIMITED,5077.0,4135.0,942.0,26979.0,8.553790995690251,Mid
C83003,ACCURX LIMITED,5971.0,3851.0,2120.0,20819.0,13.036605548253563,High
C83004,ACCURX LIMITED,3787.0,2196.0,1591.0,11532.0,14.926843881058243,High
C83005,ACCURX LIMITED,30.0,9.0,21.0,7286.0,0.18715843585456546,Low
C83007,CONTINUUM HEALTH LIMITED,6600.0,5598.0,1002.0,26858.0,11.169856281182515,High
C83009,ACCURX LIMITED,2908.0,1999.0,909.0,8514.0,15.525231170051466,High
C83010,TPP,770.0,489.0,281.0,18621.0,1.8795983029912464,Low
C83013,ACCURX LIMITED,2493.0,1767.0,726.0,7918.0,14.311465246044685,High
C83014,ACCURX LIMITED,2330.0,1500.0,830.0,10223.0,10.359883684739403,High
C83015,ACCURX LIMITED,910.0,695.0,215.0,8732.0,4.737017448881856,Mid
C83019,"CONTINUUM HEALTH LIMITED, TPP",236.0,178.0,58.0,22273.0,0.48162675559074786,Low
C83022,ACCURX LIMITED,414.0,274.0,140.0,22827.0,0.8243826091112201,Low
C83023,TPP,3834.0,3327.0,507.0,17322.0,10.060774002582109,High
C83025,ACCURX LIMITED,1590.0,620.0,970.0,18892.0,3.825573114160876,Mid
C83026,ACCURX LIMITED,6942.0,5637.0,1305.0,23067.0,13.679518556615706,High
C83027,CONTINUUM HEALTH LIMITED,3377.0,2388.0,989.0,10337.0,14.849569507594081,High
C83028,ACCURX LIMITED,448.0,341.0,107.0,7894.0,2.579634705299767,Mid
C83029,"ACCURX LIMITED, TPP",119.0,95.0,24.0,4213.0,1.283904796840947,Low
C83031,TPP,4754.0,3294.0,1460.0,12161.0,17.769172690642964,High
C83032,ACCURX LIMITED,2986.0,1602.0,1384.0,6898.0,19.676322517725822,High
C83033,ACCURX LIMITED,249.0,148.0,101.0,3797.0,2.9808221801901027,Mid
C83035,CONTINUUM HEALTH LIMITED,3254.0,2669.0,585.0,12686.0,11.659237814054148,High
C83036,ACCURX LIMITED,3028.0,2624.0,404.0,8401.0,16.383330988735107,High
C83037,ACCURX LIMITED,3213.0,2313.0,900.0,9893.0,14.762504250020676,High
C83038,ACCURX LIMITED,2805.0,1308.0,1497.0,7932.0,16.074130105900153,High
C83039,ACCURX LIMITED,1663.0,1315.0,348.0,5628.0,13.431220520772758,High
C83041,ACCURX LIMITED,538.0,429.0,109.0,7627.0,3.206312502234883,Mid
C83042,ACCURX LIMITED,190.0,106.0,84.0,7011.0,1.231830500123183,Low
C83044,ACCURX LIMITED,3361.0,2146.0,1215.0,12553.0,12.170216464010776,High
C83045,TPP,384.0,165.0,219.0,16666.0,1.0473146198575216,Low
C83046,TPP,82.0,0.0,82.0,6088.0,0.6122327081591208,Low
C83049,TPP,24.0,8.0,16.0,9951.0,0.10962808671581659,Low
C83051,ACCURX LIMITED,257.0,127.0,130.0,8532.0,1.3691770020883944,Low
C83053,ACCURX LIMITED,98.0,79.0,19.0,2458.0,1.812264220726385,Low
C83054,ACCURX LIMITED,5990.0,4772.0,1218.0,16186.0,16.821495568560934,High
C83055,ACCURX LIMITED,133.0,67.0,66.0,6226.0,0.9710013725432934,Low
C83056,TPP,3864.0,3507.0,357.0,14152.0,12.410709697312297,High
C83057,ACCURX LIMITED,312.0,180.0,132.0,8380.0,1.6923410718160121,Low
C83058,ACCURX LIMITED,1031.0,642.0,389.0,9470.0,4.948641643467409,Mid
C83059,ACCURX LIMITED,3188.0,2033.0,1155.0,13872.0,10.44615707245465,High
C83061,"ACCURX LIMITED, TPP",200.0,60.0,140.0,9020.0,1.0078613182826044,Low
C83062,TPP,1194.0,931.0,263.0,5941.0,9.135284846444584,Mid
C83063,ACCURX LIMITED,83.0,38.0,45.0,15777.0,0.23912830530058138,Low
C83064,ACCURX LIMITED,4240.0,3430.0,810.0,14258.0,13.517132327624683,High
C83065,ACCURX LIMITED,3187.0,2676.0,511.0,9722.0,14.900600325410037,High
C83067,ACCURX LIMITED,2267.0,1859.0,408.0,7107.0,14.49914936618187,High
C83072,TPP,2425.0,2215.0,210.0,9505.0,11.596767251685716,High
C83073,CONTINUUM HEALTH LIMITED,2472.0,1898.0,574.0,8330.0,13.489031976426935,High
C83080,ACCURX LIMITED,1922.0,1515.0,407.0,5888.0,14.837574110671936,High
C83082,ACCURX LIMITED,4470.0,2647.0,1823.0,10876.0,18.681667725433815,High
C83085,ACCURX LIMITED,3082.0,2659.0,423.0,13467.0,10.402532790592492,High
C83611,ACCURX LIMITED,231.0,149.0,82.0,7290.0,1.4403292181069958,Low
C83613,ACCURX LIMITED,53.0,32.0,21.0,5286.0,0.45574932067554086,Low
C83614,TPP,78.0,48.0,30.0,3608.0,0.9826647853255391,Low
C83617,ACCURX LIMITED,2728.0,2215.0,513.0,9274.0,13.370713823592839,High
C83626,ACCURX LIMITED,2338.0,1687.0,651.0,11108.0,9.567224277343112,Mid
C83634,ACCURX LIMITED,1264.0,854.0,410.0,5076.0,11.31886238269217,High
C83641,ACCURX LIMITED,93.0,62.0,31.0,4016.0,1.052607750814922,Low
C83643,ACCURX LIMITED,22.0,9.0,13.0,2381.0,0.41999160016799664,Low
C83649,TPP,1099.0,1007.0,92.0,5119.0,9.758653146033494,Mid
C83650,ACCURX LIMITED,33.0,13.0,20.0,4207.0,0.3565486094604231,Low
C84001,TPP,8436.0,6196.0,2240.0,35033.0,10.945524090273326,High
C84005,TPP,9848.0,7352.0,2496.0,28229.0,15.857322740315407,High
C84008,ACCURX LIMITED,1965.0,1652.0,313.0,6209.0,14.38527650478045,High
C84009,ACCURX LIMITED,405.0,184.0,221.0,13517.0,1.3619213515640238,Low
C84010,TPP,5385.0,3661.0,1724.0,18702.0,13.088050864759238,High
C84011,ACCURX LIMITED,168.0,74.0,94.0,8952.0,0.8530343650987082,Low
C84012,"ACCURX LIMITED, TPP",147.0,79.0,68.0,11935.0,0.5598507064782725,Low
C84013,ACCURX LIMITED,469.0,179.0,290.0,15892.0,1.3414410910006178,Low
C84014,ACCURX LIMITED,243.0,141.0,102.0,11792.0,0.9366905143702973,Low
C84016,RAPID HEALTH,2879.0,2581.0,298.0,15892.0,8.234560556483537,Mid
C84017,TPP,8076.0,6094.0,1982.0,26857.0,13.668351233976582,High
C84018,TPP,1748.0,1498.0,250.0,12279.0,6.470766793268624,Mid
C84019,ACCURX LIMITED,302.0,118.0,184.0,12143.0,1.1304679837991212,Low
C84020,ACCURX LIMITED,171.0,100.0,71.0,6777.0,1.1469274417481587,Low
C84021,ACCURX LIMITED,3834.0,2976.0,858.0,13050.0,13.35423197492163,High
C84023,ACCURX LIMITED,520.0,272.0,248.0,37561.0,0.6292794024750042,Low
C84024,ACCURX LIMITED,6873.0,3263.0,3610.0,29334.0,10.650067870358319,High
C84025,ACCURX LIMITED,295.0,183.0,112.0,8184.0,1.6384519683639918,Low
C84026,TPP,1561.0,1204.0,357.0,12709.0,5.583015615276218,Mid
C84028,TPP,1954.0,1559.0,395.0,7749.0,11.461889510669998,High
C84029,TPP,3119.0,2019.0,1100.0,22492.0,6.303251257012594,Mid
C84030,TPP,498.0,258.0,240.0,11961.0,1.892514307864195,Low
C84032,TPP,3870.0,3011.0,859.0,17703.0,9.936682534547304,Mid
C84033,TPP,379.0,293.0,86.0,9388.0,1.8350311810047644,Low
C84034,ACCURX LIMITED,145.0,63.0,82.0,8577.0,0.7684399079991945,Low
C84035,ACCURX LIMITED,588.0,307.0,281.0,11439.0,2.336504303459457,Mid
C84036,ACCURX LIMITED,197.0,101.0,96.0,19061.0,0.4697836133752402,Low
C84037,ACCURX LIMITED,3478.0,1973.0,1505.0,12678.0,12.469704140314645,High
C84039,TPP,363.0,233.0,130.0,11985.0,1.376720901126408,Low
C84042,ACCURX LIMITED,303.0,163.0,140.0,7079.0,1.9455752610152948,Mid
C84043,ACCURX LIMITED,3327.0,2571.0,756.0,12586.0,12.01551507446947,High
C84044,ACCURX LIMITED,52.0,17.0,35.0,10418.0,0.22688005026265728,Low
C84045,TPP,1515.0,1427.0,88.0,8031.0,8.574727476483174,Mid
C84046,TPP,2571.0,2057.0,514.0,9177.0,12.734405182917767,High
C84047,TPP,2706.0,2282.0,424.0,10670.0,11.527647610121836,High
C84049,TPP,2106.0,1812.0,294.0,12091.0,7.917233705009736,Mid
C84051,ACCURX LIMITED,4912.0,3501.0,1411.0,18931.0,11.7940271128164,High
C84053,ACCURX LIMITED,3857.0,2978.0,879.0,16910.0,10.367722165474975,High
C84057,ACCURX LIMITED,49.0,22.0,27.0,4415.0,0.5044785339236075,Low
C84059,ACCURX LIMITED,1862.0,1535.0,327.0,13125.0,6.448484848484849,Mid
C84060,ACCURX LIMITED,132.0,75.0,57.0,8601.0,0.6975933031042902,Low
C84061,ACCURX LIMITED,378.0,218.0,160.0,9590.0,1.7916390179163904,Low
C84063,TPP,2412.0,2204.0,208.0,8539.0,12.839485143033569,High
C84064,TPP,843.0,580.0,263.0,10554.0,3.630678588040725,Mid
C84065,ACCURX LIMITED,388.0,236.0,152.0,5227.0,3.374089082908674,Mid
C84066,TPP,1090.0,905.0,185.0,10540.0,4.700707262377091,Mid
C84067,ACCURX LIMITED,93.0,67.0,26.0,5580.0,0.7575757575757577,Low
C84069,ACCURX LIMITED,357.0,174.0,183.0,13025.0,1.2458558715756414,Low
C84074,TPP,169.0,50.0,119.0,5396.0,1.4236134510411753,Low
C84076,ACCURX LIMITED,39.0,13.0,26.0,4083.0,0.4341727339523078,Low
C84077,TPP,4858.0,4416.0,442.0,18900.0,11.683501683501685,High
C84078,ACCURX LIMITED,4272.0,1723.0,2549.0,12906.0,15.04585605004015,High
C84080,TPP,723.0,262.0,461.0,13558.0,2.4239295149458893,Mid
C84081,ACCURX LIMITED,73.0,38.0,35.0,6901.0,0.4808262307175509,Low
C84084,ACCURX LIMITED,347.0,185.0,162.0,8625.0,1.8287220026350461,Low
C84085,ACCURX LIMITED,275.0,161.0,114.0,10721.0,1.165936013431583,Low
C84086,TPP,3733.0,3266.0,467.0,15152.0,11.19864164346741,High
C84087,ACCURX LIMITED,536.0,405.0,131.0,5569.0,4.37486736642779,Mid
C84090,RAPID HEALTH,1885.0,1312.0,573.0,9247.0,9.265904421089887,Mid
C84091,"ACCURX LIMITED, TPP",219.0,128.0,91.0,8790.0,1.132485262178095,Low
C84092,ACCURX LIMITED,38.0,20.0,18.0,5236.0,0.3298840197235919,Low
C84094,CONTINUUM HEALTH LIMITED,7640.0,5001.0,2639.0,24587.0,14.124241561505157,High
C84095,ACCURX LIMITED,287.0,118.0,169.0,7009.0,1.8612433364894485,Low
C84101,ACCURX LIMITED,3.0,3.0,0.0,3689.0,0.03696493260060623,Low
C84105,ACCURX LIMITED,3445.0,1921.0,1524.0,7404.0,21.14950149796179,High
C84106,ACCURX LIMITED,1369.0,1074.0,295.0,8124.0,7.659683989078377,Mid
C84107,TPP,1486.0,1257.0,229.0,6838.0,9.877954744874897,Mid
C84112,ACCURX LIMITED,43.0,23.0,20.0,3832.0,0.5100588346934902,Low
C84113,ACCURX LIMITED,135.0,67.0,68.0,7517.0,0.8163314668569425,Low
C84115,TPP,292.0,181.0,111.0,10092.0,1.3151731344359168,Low
C84116,ACCURX LIMITED,139.0,77.0,62.0,8303.0,0.7609516823054098,Low
C84117,ACCURX LIMITED,2568.0,2029.0,539.0,18911.0,6.172453742650982,Mid
C84120,TPP,3827.0,3273.0,554.0,15765.0,11.034224259723784,High
C84122,ACCURX LIMITED,300.0,70.0,230.0,10802.0,1.2623924862399218,Low
C84123,ACCURX LIMITED,846.0,702.0,144.0,4391.0,8.757582658744125,Mid
C84129,ACCURX LIMITED,2259.0,1602.0,657.0,9787.0,10.491654049434779,High
C84131,TPP,650.0,498.0,152.0,8739.0,3.3808736177428247,Mid
C84136,ACCURX LIMITED,53.0,21.0,32.0,4833.0,0.49846697891390623,Low
C84140,ACCURX LIMITED,88.0,17.0,71.0,4960.0,0.8064516129032259,Low
C84142,TPP,78.0,33.0,45.0,5218.0,0.679466183490714,Low
C84144,ACCURX LIMITED,76.0,35.0,41.0,5084.0,0.6794935984550462,Low
C84150,ACCURX LIMITED,94.0,49.0,45.0,4860.0,0.8791619902731014,Low
C84151,ACCURX LIMITED,31.0,18.0,13.0,3592.0,0.39228588783154483,Low
C84605,ACCURX LIMITED,419.0,183.0,236.0,17795.0,1.0702699941250096,Low
C84613,TPP,3620.0,2987.0,633.0,12224.0,13.46085197524988,High
C84619,ACCURX LIMITED,343.0,47.0,296.0,6803.0,2.29176967380701,Mid
C84621,ACCURX LIMITED,281.0,109.0,172.0,5275.0,2.4213700990952174,Mid
C84624,"RAPID HEALTH, TPP",1311.0,943.0,368.0,5728.0,10.403440832910107,High
C84628,ACCURX LIMITED,378.0,148.0,230.0,8050.0,2.134387351778656,Mid
C84629,TPP,54.0,28.0,26.0,4333.0,0.5664771415983048,Low
C84637,ACCURX LIMITED,254.0,142.0,112.0,9722.0,1.1875596117521647,Low
C84646,ACCURX LIMITED,1871.0,1434.0,437.0,6354.0,13.384553752825706,High
C84654,ACCURX LIMITED,1229.0,973.0,256.0,4651.0,12.011102206759055,High
C84656,ACCURX LIMITED,1426.0,1189.0,237.0,8659.0,7.48564289388865,Mid
C84658,RAPID HEALTH,2232.0,1864.0,368.0,10433.0,9.724388522433188,Mid
C84660,ACCURX LIMITED,65.0,38.0,27.0,4518.0,0.6539498571371082,Low
C84664,ACCURX LIMITED,286.0,146.0,140.0,4955.0,2.6236125126135215,Mid
C84667,TPP,1075.0,741.0,334.0,6057.0,8.067300043525897,Mid
C84676,"ACCURX LIMITED, RAPID HEALTH",987.0,692.0,295.0,8354.0,5.370317975058219,Mid
C84679,ACCURX LIMITED,50.0,34.0,16.0,4452.0,0.5104957935146615,Low
C84682,ACCURX LIMITED,68.0,42.0,26.0,5078.0,0.6086863117190018,Low
C84691,ACCURX LIMITED,2614.0,1711.0,903.0,8825.0,13.46381663662117,High
C84692,ACCURX LIMITED,84.0,39.0,45.0,2708.0,1.4099637437894454,Low
C84693,ACCURX LIMITED,96.0,62.0,34.0,5178.0,0.8427262193194985,Low
C84694,ACCURX LIMITED,38.0,19.0,19.0,4750.0,0.36363636363636365,Low
C84695,ACCURX LIMITED,1070.0,743.0,327.0,4553.0,10.682267436056147,High
C84696,TPP,68.0,45.0,23.0,4826.0,0.6404701804618921,Low
C84703,ACCURX LIMITED,328.0,151.0,177.0,6941.0,2.1479744862542733,Mid
C84704,ACCURX LIMITED,943.0,367.0,576.0,8214.0,5.218363326471434,Mid
C84714,ACCURX LIMITED,115.0,43.0,72.0,5789.0,0.902966441055921,Low
C84720,No data,0.0,0.0,0.0,39.0,0.0,Low
C85001,ACCURX LIMITED,580.0,287.0,293.0,4452.0,5.921751204770072,Mid
C85003,TPP,2583.0,2203.0,380.0,13313.0,8.81913099294606,Mid
C85004,ACCURX LIMITED,3932.0,3168.0,764.0,16311.0,10.957468746690743,High
C85005,ACCURX LIMITED,69.0,33.0,36.0,7259.0,0.43206552367593837,Low
C85006,ACCURX LIMITED,438.0,293.0,145.0,5687.0,3.5008072637754366,Mid
C85007,ACCURX LIMITED,3968.0,2288.0,1680.0,10456.0,17.249773944494677,High
C85008,ACCURX LIMITED,257.0,185.0,72.0,12812.0,0.9117872449124399,Low
C85009,ACCURX LIMITED,2223.0,1704.0,519.0,7462.0,13.54133671206842,High
C85010,ACCURX LIMITED,5351.0,3755.0,1596.0,16596.0,14.655776857512215,High
C85013,ACCURX LIMITED,3657.0,2530.0,1127.0,11107.0,14.965991962480661,High
C85014,ACCURX LIMITED,74.0,43.0,31.0,9757.0,0.34474083874514333,Low
C85016,ACCURX LIMITED,2908.0,2169.0,739.0,10764.0,12.279990540860105,High
C85017,ACCURX LIMITED,300.0,157.0,143.0,11655.0,1.1700011700011699,Low
C85018,ACCURX LIMITED,366.0,251.0,115.0,7381.0,2.2539444027047333,Mid
C85019,ACCURX LIMITED,262.0,139.0,123.0,11477.0,1.037648419368381,Low
C85020,ACCURX LIMITED,2379.0,1920.0,459.0,12056.0,8.969505941967787,Mid
C85022,ACCURX LIMITED,269.0,186.0,83.0,13224.0,0.9246273992190509,Low
C85023,ACCURX LIMITED,2705.0,2065.0,640.0,11462.0,10.72714582573246,High
C85024,ACCURX LIMITED,124.0,75.0,49.0,6243.0,0.9028293506909556,Low
C85028,ACCURX LIMITED,22.0,14.0,8.0,3659.0,0.2732987154960372,Low
C85030,ACCURX LIMITED,411.0,271.0,140.0,10076.0,1.8540907286441226,Low
C85033,ACCURX LIMITED,1545.0,1231.0,314.0,11013.0,6.376761348158788,Mid
C85614,ACCURX LIMITED,55.0,32.0,23.0,4690.0,0.5330490405117271,Low
C85619,ACCURX LIMITED,450.0,253.0,197.0,8664.0,2.3608662805338705,Mid
C85622,ACCURX LIMITED,9.0,2.0,7.0,2326.0,0.1758774329711561,Low
C85623,ACCURX LIMITED,84.0,60.0,24.0,5763.0,0.6625337182338744,Low
C86001,ACCURX LIMITED,4071.0,3478.0,593.0,16731.0,11.060035535560012,High
C86002,ACCURX LIMITED,2941.0,1692.0,1249.0,8261.0,16.182280375477323,High
C86003,ACCURX LIMITED,376.0,284.0,92.0,9761.0,1.7509383353046912,Low
C86005,ACCURX LIMITED,175.0,83.0,92.0,4682.0,1.69896314706225,Low
C86006,ACCURX LIMITED,255.0,93.0,162.0,10412.0,1.1132259979743653,Low
C86007,ACCURX LIMITED,1013.0,321.0,692.0,19840.0,2.3208394428152492,Mid
C86009,ACCURX LIMITED,116.0,56.0,60.0,7440.0,0.7086999022482893,Low
C86011,ACCURX LIMITED,883.0,635.0,248.0,14031.0,2.860549043999974,Mid
C86012,ACCURX LIMITED,134.0,61.0,73.0,5489.0,1.1096573311913083,Low
C86013,ACCURX LIMITED,137.0,69.0,68.0,8672.0,0.718089567259309,Low
C86015,ACCURX LIMITED,609.0,134.0,475.0,8330.0,3.3231474407945,Mid
C86016,ACCURX LIMITED,1900.0,1609.0,291.0,9117.0,9.47281302661362,Mid
C86017,ACCURX LIMITED,1032.0,441.0,591.0,15895.0,2.9511853355829447,Mid
C86018,ACCURX LIMITED,252.0,141.0,111.0,9866.0,1.1610121076976947,Low
C86019,ACCURX LIMITED,6272.0,3750.0,2522.0,16633.0,17.140077502008605,High
C86020,ACCURX LIMITED,3078.0,1872.0,1206.0,8574.0,16.317831923150326,High
C86021,ACCURX LIMITED,138.0,64.0,74.0,6236.0,1.0058895562423464,Low
C86023,ACCURX LIMITED,937.0,336.0,601.0,13821.0,3.081608356190513,Mid
C86024,ACCURX LIMITED,4772.0,3164.0,1608.0,12018.0,18.048684548934176,High
C86025,ACCURX LIMITED,133.0,38.0,95.0,6451.0,0.9371344823212749,Low
C86026,ACCURX LIMITED,176.0,73.0,103.0,4971.0,1.6093341380004025,Low
C86029,ACCURX LIMITED,267.0,154.0,113.0,13798.0,0.8795741148256006,Low
C86032,ACCURX LIMITED,2262.0,1104.0,1158.0,5438.0,18.90735230198268,High
C86033,ACCURX LIMITED,2220.0,1108.0,1112.0,5131.0,19.666554455094698,High
C86034,ACCURX LIMITED,3281.0,2139.0,1142.0,10031.0,14.867546968035454,High
C86037,ACCURX LIMITED,222.0,130.0,92.0,9268.0,1.088790363714835,Low
C86038,ACCURX LIMITED,626.0,263.0,363.0,9508.0,2.992695146670746,Mid
C86605,ACCURX LIMITED,169.0,95.0,74.0,7860.0,0.9773305574832293,Low
C86609,ACCURX LIMITED,3345.0,1781.0,1564.0,19879.0,7.648546433193547,Mid
C86611,ACCURX LIMITED,91.0,47.0,44.0,6985.0,0.5921780438602199,Low
C86614,ACCURX LIMITED,119.0,65.0,54.0,9707.0,0.5572361088998568,Low
C86616,ACCURX LIMITED,82.0,45.0,37.0,3718.0,1.0024940094870165,Low
C86621,ACCURX LIMITED,1319.0,575.0,744.0,4479.0,13.385698918183847,High
C86625,ACCURX LIMITED,62.0,39.0,23.0,1722.0,1.6365748073065147,Low
C86626,ACCURX LIMITED,1141.0,586.0,555.0,2822.0,18.37832613877972,High
C87002,"ACCURX LIMITED, RAPID HEALTH",5576.0,3192.0,2384.0,21134.0,11.992738972960417,High
C87003,ACCURX LIMITED,3086.0,1443.0,1643.0,11273.0,12.44324734079014,High
C87004,ACCURX LIMITED,175.0,95.0,80.0,12043.0,0.6605119533791792,Low
C87005,ACCURX LIMITED,423.0,264.0,159.0,18934.0,1.0154892113273861,Low
C87006,ACCURX LIMITED,210.0,88.0,122.0,15127.0,0.6310209919649994,Low
C87007,TPP,3735.0,2097.0,1638.0,11671.0,14.546545049501095,High
C87008,ACCURX LIMITED,567.0,262.0,305.0,16103.0,1.6004922854578196,Low
C87009,ACCURX LIMITED,2446.0,1304.0,1142.0,10744.0,10.348270493467812,High
C87010,ACCURX LIMITED,65.0,22.0,43.0,4692.0,0.6296985197240952,Low
C87012,ACCURX LIMITED,1257.0,935.0,322.0,15683.0,3.6432037005906803,Mid
C87013,ACCURX LIMITED,64.0,43.0,21.0,6554.0,0.4438649540877188,Low
C87014,CONTINUUM HEALTH LIMITED,2446.0,2089.0,357.0,9651.0,11.52023812887972,High
C87015,No Data,0.0,0.0,0.0,6774.0,0.0,Low
C87016,CONTINUUM HEALTH LIMITED,2485.0,2099.0,386.0,12284.0,9.195257689233593,Mid
C87017,ACCURX LIMITED,3731.0,3102.0,629.0,12721.0,13.331570559775889,High
C87018,ACCURX LIMITED,104.0,39.0,65.0,7696.0,0.6142506142506142,Low
C87020,ACCURX LIMITED,75.0,36.0,39.0,5098.0,0.6687114376404294,Low
C87022,ACCURX LIMITED,112.0,78.0,34.0,8601.0,0.5918973480884886,Low
C87024,ACCURX LIMITED,112.0,48.0,64.0,4358.0,1.1681755600984605,Low
C87029,ACCURX LIMITED,3225.0,2534.0,691.0,12585.0,11.648065879293533,High
C87030,ACCURX LIMITED,271.0,204.0,67.0,9419.0,1.3078014458203437,Low
C87031,CONTINUUM HEALTH LIMITED,399.0,332.0,67.0,3931.0,4.613676834485789,Mid
C87603,ACCURX LIMITED,126.0,61.0,65.0,4108.0,1.3941754448083563,Low
C87604,ACCURX LIMITED,69.0,39.0,30.0,5993.0,0.5233378335330613,Low
C87608,ACCURX LIMITED,190.0,162.0,28.0,5710.0,1.5124980098710397,Low
C87616,CONTINUUM HEALTH LIMITED,1463.0,1160.0,303.0,6404.0,10.3841349156777,High
C87620,CONTINUUM HEALTH LIMITED,1561.0,1296.0,265.0,7162.0,9.907085374831814,Mid
C87622,ACCURX LIMITED,2513.0,2070.0,443.0,10215.0,11.182307658078583,High
C88005,TPP,4601.0,3324.0,1277.0,15791.0,13.244022774768133,High
C88006,ACCURX LIMITED,191.0,102.0,89.0,6013.0,1.4438413739927127,Low
C88007,TPP,2064.0,1921.0,143.0,26066.0,3.599255037910758,Mid
C88008,ACCURX LIMITED,4478.0,2836.0,1642.0,13946.0,14.595257030363872,High
C88009,"ACCURX LIMITED, TPP",1627.0,1013.0,614.0,6188.0,11.95128401010754,High
C88010,"ACCURX LIMITED, TPP",4214.0,3167.0,1047.0,14195.0,13.493867879214832,High
C88011,CONTINUUM HEALTH LIMITED,1257.0,1101.0,156.0,4772.0,11.97325306713404,High
C88014,ACCURX LIMITED,3509.0,2523.0,986.0,9720.0,16.409465020576132,High
C88015,ACCURX LIMITED,7898.0,4870.0,3028.0,18849.0,19.046103241551275,High
C88016,ACCURX LIMITED,1790.0,1269.0,521.0,13494.0,6.029615856205452,Mid
C88018,ACCURX LIMITED,99.0,40.0,59.0,8756.0,0.5139333028780265,Low
C88019,ACCURX LIMITED,437.0,287.0,150.0,8615.0,2.3057035825462986,Mid
C88020,ACCURX LIMITED,1591.0,1174.0,417.0,7686.0,9.40907908121023,Mid
C88021,ACCURX LIMITED,22.0,10.0,12.0,7457.0,0.1341021858656296,Low
C88022,ACCURX LIMITED,82.0,50.0,32.0,5314.0,0.7014062339617477,Low
C88023,CONTINUUM HEALTH LIMITED,2206.0,1944.0,262.0,9531.0,10.520693240239982,High
C88025,ACCURX LIMITED,3273.0,2307.0,966.0,9358.0,15.897919135790476,High
C88026,"ACCURX LIMITED, TPP",4741.0,3566.0,1175.0,14015.0,15.376382447377809,High
C88027,ACCURX LIMITED,1763.0,1350.0,413.0,5112.0,15.676127471902122,High
C88028,ACCURX LIMITED,171.0,82.0,89.0,10107.0,0.7690439569335384,Low
C88030,ACCURX LIMITED,2508.0,1656.0,852.0,8153.0,13.982583098246046,High
C88031,ACCURX LIMITED,3547.0,2909.0,638.0,13879.0,11.616634680255979,High
C88032,ACCURX LIMITED,173.0,122.0,51.0,5565.0,1.4130523564485828,Low
C88034,ACCURX LIMITED,41.0,17.0,24.0,9086.0,0.20511075981029758,Low
C88035,ACCURX LIMITED,3862.0,2945.0,917.0,10638.0,16.50173477584645,High
C88036,ACCURX LIMITED,3927.0,2603.0,1324.0,10630.0,16.792097836312323,High
C88037,TPP,3304.0,2473.0,831.0,14300.0,10.502225047679593,High
C88038,TPP,26.0,20.0,6.0,5868.0,0.20140050814897445,Low
C88039,ACCURX LIMITED,2137.0,1582.0,555.0,8943.0,10.861720187449809,High
C88040,ACCURX LIMITED,1736.0,1216.0,520.0,6143.0,12.845367232474509,High
C88041,ACCURX LIMITED,5540.0,3190.0,2350.0,12895.0,19.52835841940146,High
C88043,ACCURX LIMITED,1464.0,1296.0,168.0,10964.0,6.069450432821466,Mid
C88044,Klinik Healthcare Solutions UK Ltd,1661.0,701.0,960.0,5408.0,13.960798816568047,High
C88045,ACCURX LIMITED,745.0,511.0,234.0,8758.0,3.866594697834707,Mid
C88046,ACCURX LIMITED,891.0,561.0,330.0,6945.0,5.8315334773218135,Mid
C88047,ACCURX LIMITED,60.0,21.0,39.0,7662.0,0.3559478892290169,Low
C88048,ACCURX LIMITED,2415.0,2249.0,166.0,8193.0,13.398355580706367,High
C88049,CONTINUUM HEALTH LIMITED,176.0,135.0,41.0,5965.0,1.341156747694887,Low
C88050,ACCURX LIMITED,44.0,29.0,15.0,3476.0,0.5753739930955121,Low
C88051,ACCURX LIMITED,376.0,276.0,100.0,7787.0,2.1948001914612933,Mid
C88052,ACCURX LIMITED,3094.0,2305.0,789.0,11086.0,12.685942958358618,High
C88053,ACCURX LIMITED,121.0,87.0,34.0,3950.0,1.3924050632911393,Low
C88054,ACCURX LIMITED,2199.0,1625.0,574.0,7757.0,12.885721987178737,High
C88059,CONTINUUM HEALTH LIMITED,294.0,263.0,31.0,2436.0,5.4858934169279,Mid
C88060,ACCURX LIMITED,6.0,5.0,1.0,4914.0,0.055500055500055503,Low
C88062,ACCURX LIMITED,90.0,55.0,35.0,4567.0,0.8957541254453889,Low
C88069,ACCURX LIMITED,1.0,1.0,0.0,15695.0,0.002896116308030931,Low
C88070,ACCURX LIMITED,2718.0,2267.0,451.0,7947.0,15.546175229074436,High
C88072,ACCURX LIMITED,1262.0,613.0,649.0,11928.0,4.809157978172062,Mid
C88073,CONTINUUM HEALTH LIMITED,1133.0,993.0,140.0,5205.0,9.894332372718539,Mid
C88074,ACCURX LIMITED,241.0,157.0,84.0,5150.0,2.127096204766108,Mid
C88076,ACCURX LIMITED,2078.0,1664.0,414.0,9337.0,10.116155666118182,High
C88077,CONTINUUM HEALTH LIMITED,1810.0,1548.0,262.0,7812.0,10.531583112228274,High
C88078,ACCURX LIMITED,2762.0,1774.0,988.0,7133.0,17.600652536864512,High
C88079,ACCURX LIMITED,19.0,7.0,12.0,8297.0,0.10409019689482508,Low
C88082,No Data,0.0,0.0,0.0,6381.0,0.0,Low
C88083,ACCURX LIMITED,57.0,52.0,5.0,2337.0,1.1086474501108647,Low
C88084,CONTINUUM HEALTH LIMITED,665.0,607.0,58.0,3065.0,9.862079193237433,Mid
C88085,ACCURX LIMITED,448.0,356.0,92.0,9697.0,2.099993437520508,Mid
C88086,No data,0.0,0.0,0.0,2597.0,0.0,Low
C88087,ACCURX LIMITED,364.0,215.0,149.0,9497.0,1.7421769554021844,Low
C88088,ACCURX LIMITED,2626.0,2165.0,461.0,7658.0,15.586789809824547,High
C88090,ACCURX LIMITED,2563.0,2173.0,390.0,7990.0,14.580725907384231,High
C88091,ACCURX LIMITED,475.0,302.0,173.0,2285.0,9.448975532126518,Mid
C88092,ACCURX LIMITED,299.0,133.0,166.0,9573.0,1.419712638766227,Low
C88095,ACCURX LIMITED,1302.0,1007.0,295.0,5533.0,10.696153656572958,High
C88622,ACCURX LIMITED,37.0,26.0,11.0,2881.0,0.5837619513426525,Low
C88627,ACCURX LIMITED,3340.0,2511.0,829.0,31822.0,4.7708560687003265,Mid
C88631,TPP,16.0,12.0,4.0,1363.0,0.5335823384245981,Low
C88647,ACCURX LIMITED,4372.0,2652.0,1720.0,10555.0,18.82778519443607,High
C88648,ACCURX LIMITED,328.0,226.0,102.0,7215.0,2.0664020664020666,Mid
C88652,ACCURX LIMITED,758.0,612.0,146.0,4246.0,8.1145891320173,Mid
C88655,ACCURX LIMITED,287.0,172.0,115.0,1130.0,11.544650040225262,High
D81001,ACCURX LIMITED,3028.0,1728.0,1300.0,14073.0,9.780172218884646,Mid
D81002,ACCURX LIMITED,627.0,443.0,184.0,23347.0,1.2207135820448025,Low
D81003,ACCURX LIMITED,283.0,243.0,40.0,10737.0,1.1980661603461267,Low
D81004,ACCURX LIMITED,254.0,151.0,103.0,14758.0,0.7823183727777846,Low
D81005,ACCURX LIMITED,2687.0,1588.0,1099.0,14431.0,8.463471944866164,Mid
D81008,Klinik Healthcare Solutions UK Ltd,3018.0,2860.0,158.0,18646.0,7.357171413805545,Mid
D81011,ACCURX LIMITED,535.0,302.0,233.0,9141.0,2.6603415182345276,Mid
D81012,ACCURX LIMITED,1176.0,801.0,375.0,11266.0,4.7447670383938805,Mid
D81013,ACCURX LIMITED,4820.0,2889.0,1931.0,20660.0,10.604593857256006,High
D81015,TPP,49.0,33.0,16.0,6983.0,0.3189564266465312,Low
D81016,ACCURX LIMITED,464.0,292.0,172.0,12374.0,1.7044536197599072,Low
D81017,ACCURX LIMITED,2128.0,1523.0,605.0,9088.0,10.643405889884763,High
D81018,ACCURX LIMITED,1818.0,1219.0,599.0,8259.0,10.005613710662749,Mid
D81022,ACCURX LIMITED,2085.0,1684.0,401.0,17410.0,5.443579969714375,Mid
D81025,ACCURX LIMITED,1758.0,1487.0,271.0,9248.0,8.640688895879208,Mid
D81026,"ACCURX LIMITED, CONTINUUM HEALTH LIMITED",2131.0,1591.0,540.0,47870.0,2.023472662703914,Mid
D81027,ACCURX LIMITED,712.0,592.0,120.0,8073.0,4.008873574090965,Mid
D81028,ACCURX LIMITED,2452.0,1235.0,1217.0,13107.0,8.503436747886278,Mid
D81030,CONTINUUM HEALTH LIMITED,2490.0,2168.0,322.0,15063.0,7.513896181492277,Mid
D81031,CONTINUUM HEALTH LIMITED,5806.0,4965.0,841.0,20848.0,12.658724621502826,High
D81033,ACCURX LIMITED,49.0,32.0,17.0,5016.0,0.44403363781354216,Low
D81035,ACCURX LIMITED,488.0,298.0,190.0,10058.0,2.2053905529745657,Mid
D81037,ACCURX LIMITED,315.0,202.0,113.0,10967.0,1.3055696013660816,Low
D81038,ACCURX LIMITED,367.0,242.0,125.0,7317.0,2.2798712835613206,Mid
D81041,ACCURX LIMITED,685.0,585.0,100.0,6925.0,4.496225795864785,Mid
D81042,ACCURX LIMITED,57.0,43.0,14.0,9637.0,0.26885017027177455,Low
D81043,ACCURX LIMITED,2438.0,1648.0,790.0,58604.0,1.8909661766804624,Low
D81044,ACCURX LIMITED,3025.0,2257.0,768.0,13909.0,9.885685527356388,Mid
D81045,ACCURX LIMITED,2922.0,2196.0,726.0,10486.0,12.666238967974614,High
D81046,CONTINUUM HEALTH LIMITED,5393.0,4915.0,478.0,19471.0,12.589818891498311,High
D81047,ACCURX LIMITED,2328.0,1676.0,652.0,8076.0,13.102796163717413,High
D81049,TPP,4313.0,3372.0,941.0,11772.0,16.653538442529268,High
D81050,ACCURX LIMITED,4450.0,3681.0,769.0,17113.0,11.819828625765632,High
D81052,CONTINUUM HEALTH LIMITED,1549.0,1361.0,188.0,9566.0,7.360348202915628,Mid
D81054,ACCURX LIMITED,3765.0,2907.0,858.0,19995.0,8.558957921298507,Mid
D81055,ACCURX LIMITED,1545.0,1177.0,368.0,5849.0,12.006714434479864,High
D81056,ACCURX LIMITED,1641.0,977.0,664.0,6911.0,10.79307033582826,High
D81057,CONTINUUM HEALTH LIMITED,5189.0,4252.0,937.0,20974.0,11.245524762259768,High
D81058,ACCURX LIMITED,696.0,227.0,469.0,7798.0,4.056984308330808,Mid
D81059,ACCURX LIMITED,179.0,104.0,75.0,7701.0,1.0565333899965768,Low
D81060,ACCURX LIMITED,1701.0,873.0,828.0,7557.0,10.23133277996319,High
D81061,PATCHS HEALTH LIMITED,2707.0,2223.0,484.0,12033.0,10.22566729373012,High
D81064,ACCURX LIMITED,385.0,226.0,159.0,7119.0,2.4582104228121926,Mid
D81065,ACCURX LIMITED,1770.0,1181.0,589.0,7233.0,11.123260812186569,High
D81066,ACCURX LIMITED,596.0,504.0,92.0,10604.0,2.5547820719454064,Mid
D81070,ACCURX LIMITED,2378.0,1472.0,906.0,10755.0,10.050293732302102,High
D81073,ACCURX LIMITED,1209.0,824.0,385.0,5725.0,9.599047240968638,Mid
D81078,TPP,332.0,216.0,116.0,4168.0,3.6206595707555405,Mid
D81081,ACCURX LIMITED,284.0,170.0,114.0,5147.0,2.5080806118303687,Mid
D81082,ACCURX LIMITED,574.0,380.0,194.0,8055.0,3.239094859206591,Mid
D81084,ACCURX LIMITED,1679.0,1380.0,299.0,12492.0,6.109364538759351,Mid
D81085,ACCURX LIMITED,1661.0,1212.0,449.0,7470.0,10.107095046854083,High
D81086,ACCURX LIMITED,363.0,242.0,121.0,7833.0,2.106472615855994,Mid
D81603,ACCURX LIMITED,684.0,487.0,197.0,7561.0,4.112010195861538,Mid
D81606,TPP,2886.0,2729.0,157.0,13330.0,9.841096637795813,Mid
D81607,ACCURX LIMITED,32.0,19.0,13.0,3599.0,0.40415266867059024,Low
D81611,ACCURX LIMITED,4431.0,2928.0,1503.0,13613.0,14.795349365245789,High
D81612,ACCURX LIMITED,89.0,46.0,43.0,4946.0,0.8179244936220269,Low
D81615,ACCURX LIMITED,3552.0,2388.0,1164.0,11555.0,13.97269973643838,High
D81618,ACCURX LIMITED,11.0,7.0,4.0,3423.0,0.14607069821793747,Low
D81622,ACCURX LIMITED,270.0,159.0,111.0,14904.0,0.8234519104084321,Low
D81625,Engage Health Systems Limited,9260.0,6276.0,2286.0,32523.0,12.941890074995877,High
D81629,ACCURX LIMITED,325.0,175.0,150.0,6355.0,2.3245833631356843,Mid
D81630,ACCURX LIMITED,812.0,448.0,364.0,13221.0,2.791701906746155,Mid
D81631,Engage Health Systems Limited,2848.0,2277.0,571.0,14946.0,8.661484374049609,Mid
D81633,ACCURX LIMITED,2944.0,1852.0,1092.0,11215.0,11.93207149515665,High
D81637,ACCURX LIMITED,1613.0,834.0,779.0,14288.0,5.131451695001527,Mid
D81645,CONTINUUM HEALTH LIMITED,695.0,523.0,172.0,2695.0,11.722044189576657,High
D82001,ACCURX LIMITED,795.0,492.0,303.0,14289.0,2.528963792873094,Mid
D82002,SILICON PRACTICE LTD,1683.0,0.0,0.0,12344.0,6.197342838626054,Mid
D82003,SILICON PRACTICE LTD,4399.0,0.0,0.0,24693.0,8.097620599139248,Mid
D82004,TPP,940.0,767.0,173.0,12061.0,3.542597854843937,Mid
D82005,TPP,2399.0,2078.0,321.0,9358.0,11.652645281625832,High
D82006,ACCURX LIMITED,2318.0,1952.0,366.0,8883.0,11.86126718041612,High
D82007,TPP,1217.0,619.0,598.0,25059.0,2.207517531353279,Mid
D82008,SILICON PRACTICE LTD,2533.0,0.0,0.0,19229.0,5.987641772133946,Mid
D82009,ACCURX LIMITED,2009.0,1456.0,553.0,7047.0,12.958447824348207,High
D82010,ACCURX LIMITED,466.0,288.0,178.0,5318.0,3.9830421552873605,Mid
D82011,SILICON PRACTICE LTD,1490.0,0.0,0.0,17593.0,3.8496716152602017,Mid
D82012,CONTINUUM HEALTH LIMITED,1613.0,943.0,670.0,14538.0,5.043209644943033,Mid
D82013,"SILICON PRACTICE LTD, TPP",1467.0,0.0,9.0,8895.0,7.496550666871072,Mid
D82015,ACCURX LIMITED,2236.0,1624.0,612.0,8375.0,12.135685210312074,High
D82016,TPP,413.0,333.0,80.0,10002.0,1.8768973478031667,Low
D82017,SILICON PRACTICE LTD,3207.0,0.0,0.0,11045.0,13.198073994814603,High
D82018,SILICON PRACTICE LTD,632.0,0.0,0.0,11112.0,2.5852477256364947,Mid
D82019,SILICON PRACTICE LTD,7908.0,0.0,0.0,19481.0,18.451544861893407,High
D82020,"CONTINUUM HEALTH LIMITED, SILICON PRACTICE LTD",4378.0,2400.0,1099.0,12809.0,15.53595128425326,High
D82022,ACCURX LIMITED,330.0,239.0,91.0,7075.0,2.120141342756184,Mid
D82023,TPP,1754.0,1607.0,147.0,15058.0,5.294678757289994,Mid
D82024,TPP,373.0,310.0,63.0,12981.0,1.306104726488364,Low
D82025,"ACCURX LIMITED, TPP",778.0,443.0,335.0,10409.0,3.397409584363182,Mid
D82026,SILICON PRACTICE LTD,825.0,0.0,0.0,8667.0,4.326756663205261,Mid
D82027,ACCURX LIMITED,563.0,369.0,194.0,7582.0,3.375218819692573,Mid
D82028,ACCURX LIMITED,1568.0,1249.0,319.0,5919.0,12.041346050469214,High
D82029,ACCURX LIMITED,636.0,272.0,364.0,19352.0,1.4938554624375209,Low
D82030,TPP,477.0,353.0,124.0,8914.0,2.4323332041528136,Mid
D82031,SILICON PRACTICE LTD,2664.0,0.0,0.0,8128.0,14.89799570508232,High
D82032,ACCURX LIMITED,227.0,131.0,96.0,8472.0,1.2179157009185337,Low
D82034,ACCURX LIMITED,6241.0,4101.0,2140.0,18923.0,14.991376535529154,High
D82035,ACCURX LIMITED,420.0,295.0,125.0,10951.0,1.7433028116983922,Low
D82036,SILICON PRACTICE LTD,178.0,0.0,0.0,9014.0,0.897593642213123,Low
D82037,TPP,2600.0,2381.0,219.0,11141.0,10.607828577490189,High
D82038,TPP,41.0,31.0,10.0,3278.0,0.5685284818902878,Low
D82039,CONTINUUM HEALTH LIMITED,1692.0,1462.0,230.0,8622.0,8.920098690453598,Mid
D82040,TPP,797.0,183.0,614.0,12946.0,2.7983371487156443,Mid
D82041,SILICON PRACTICE LTD,4733.0,0.0,0.0,9767.0,22.02686225415825,High
D82042,SILICON PRACTICE LTD,233.0,0.0,0.0,8608.0,1.2303565393714093,Low
D82043,ACCURX LIMITED,1102.0,649.0,453.0,6707.0,7.468452227659028,Mid
D82044,TPP,970.0,372.0,598.0,29849.0,1.4771318667596598,Low
D82045,TPP,3088.0,1269.0,1819.0,19405.0,7.2333747159822925,Mid
D82046,ACCURX LIMITED,51.0,29.0,22.0,4515.0,0.5134400483237692,Low
D82047,SILICON PRACTICE LTD,3213.0,0.0,0.0,6564.0,22.249459863719462,High
D82049,SILICON PRACTICE LTD,386.0,0.0,0.0,3490.0,5.027350872623079,Mid
D82050,"CONTINUUM HEALTH LIMITED, SILICON PRACTICE LTD",1844.0,25.0,8.0,11130.0,7.530833945928285,Mid
D82051,SILICON PRACTICE LTD,2129.0,0.0,0.0,18431.0,5.250541331057852,Mid
D82053,TPP,123.0,5.0,118.0,5751.0,0.97216294399393,Low
D82054,TPP,4420.0,2999.0,1421.0,15596.0,12.882090979038914,High
D82056,CONTINUUM HEALTH LIMITED,2582.0,2134.0,448.0,9979.0,11.76106186628283,High
D82057,SILICON PRACTICE LTD,1131.0,0.0,0.0,7082.0,7.2591204333649975,Mid
D82058,TPP,688.0,538.0,150.0,17477.0,1.789364723506739,Low
D82059,ACCURX LIMITED,725.0,322.0,403.0,11925.0,2.7634838955593675,Mid
D82062,SILICON PRACTICE LTD,291.0,0.0,0.0,8871.0,1.4910689580963508,Low
D82063,SILICON PRACTICE LTD,3838.0,0.0,0.0,14053.0,12.41404294133249,High
D82064,TPP,3627.0,2099.0,1528.0,22679.0,7.269440291178463,Mid
D82065,ACCURX LIMITED,1940.0,1497.0,443.0,7824.0,11.27068228295222,High
D82066,TPP,231.0,58.0,173.0,6687.0,1.5702108568864963,Low
D82067,TPP,1063.0,377.0,686.0,15075.0,3.2051861902608176,Mid
D82068,ACCURX LIMITED,2092.0,1695.0,397.0,7947.0,11.965635974695997,High
D82070,SILICON PRACTICE LTD,138.0,0.0,0.0,6445.0,0.9732703293603215,Low
D82071,SILICON PRACTICE LTD,327.0,0.0,0.0,13923.0,1.0675598910893027,Low
D82072,TPP,56.0,30.0,26.0,3940.0,0.6460544531610521,Low
D82073,TPP,4817.0,3982.0,835.0,15289.0,14.321050785175318,High
D82076,SILICON PRACTICE LTD,1379.0,0.0,0.0,8775.0,7.143227143227143,Mid
D82078,ACCURX LIMITED,249.0,158.0,91.0,10037.0,1.1276458920177161,Low
D82079,SILICON PRACTICE LTD,1587.0,0.0,0.0,5564.0,12.96483889941834,High
D82080,ACCURX LIMITED,844.0,421.0,423.0,8973.0,4.275452620487726,Mid
D82084,SILICON PRACTICE LTD,446.0,0.0,0.0,8151.0,2.487146027815884,Mid
D82085,SILICON PRACTICE LTD,827.0,0.0,0.0,8080.0,4.652340234023402,Mid
D82087,SILICON PRACTICE LTD,509.0,0.0,0.0,6822.0,3.3914341302204103,Mid
D82088,ACCURX LIMITED,62.0,34.0,28.0,19578.0,0.1439463590858013,Low
D82096,TPP,2387.0,1847.0,540.0,8324.0,13.034598750600674,High
D82099,TPP,4386.0,3604.0,782.0,16761.0,11.894495338203946,High
D82100,SILICON PRACTICE LTD,154.0,0.0,0.0,4665.0,1.5005359056806,Low
D82104,ACCURX LIMITED,3086.0,2223.0,863.0,9494.0,14.7748817434935,High
D82105,ACCURX LIMITED,339.0,157.0,182.0,7806.0,1.9740060093634269,Mid
D82106,SILICON PRACTICE LTD,1680.0,0.0,0.0,5935.0,12.866661560848586,High
D82600,SILICON PRACTICE LTD,68.0,0.0,0.0,1986.0,1.5563489883731576,Low
D82604,SILICON PRACTICE LTD,511.0,0.0,0.0,3589.0,6.471795131588945,Mid
D82618,TPP,1057.0,874.0,183.0,5670.0,8.473625140291807,Mid
D82621,SILICON PRACTICE LTD,1260.0,0.0,0.0,7035.0,8.14111261872456,Mid
D82624,TPP,431.0,362.0,69.0,8797.0,2.2269988735829362,Mid
D82628,SILICON PRACTICE LTD,149.0,0.0,0.0,4126.0,1.6414753448199884,Low
D83001,ACCURX LIMITED,1039.0,765.0,274.0,11242.0,4.200967152399282,Mid
D83002,ACCURX LIMITED,1767.0,1218.0,549.0,15385.0,5.220551304399208,Mid
D83003,CONTINUUM HEALTH LIMITED,6.0,5.0,1.0,5016.0,0.05437146585471944,Low
D83004,ACCURX LIMITED,2366.0,2026.0,340.0,10046.0,10.705301069625179,High
D83006,ACCURX LIMITED,317.0,209.0,108.0,7602.0,1.8954342158762048,Low
D83007,CONTINUUM HEALTH LIMITED,125.0,70.0,55.0,9620.0,0.5906255906255906,Low
D83008,ACCURX LIMITED,3585.0,2906.0,679.0,15963.0,10.208265705352717,High
D83009,TPP,4940.0,3815.0,1125.0,19177.0,11.70910228635629,High
D83010,ACCURX LIMITED,120.0,62.0,58.0,6385.0,0.8542749341496406,Low
D83011,ACCURX LIMITED,2221.0,1044.0,1177.0,11770.0,8.577276589171236,Mid
D83016,ACCURX LIMITED,726.0,400.0,326.0,10476.0,3.1500572737686143,Mid
D83017,ACCURX LIMITED,1663.0,1004.0,659.0,13795.0,5.47958746581436,Mid
D83018,CONTINUUM HEALTH LIMITED,2973.0,2442.0,531.0,12936.0,10.446533985495025,High
D83020,ACCURX LIMITED,1785.0,1445.0,340.0,8047.0,10.082808951952732,High
D83022,No Data,0.0,0.0,0.0,5340.0,0.0,Low
D83023,ACCURX LIMITED,1327.0,614.0,713.0,11459.0,5.263825972439289,Mid
D83024,ACCURX LIMITED,1377.0,1061.0,316.0,13824.0,4.527698863636363,Mid
D83026,CONTINUUM HEALTH LIMITED,2183.0,1727.0,456.0,9028.0,10.991058122205663,High
D83027,ACCURX LIMITED,3791.0,2987.0,804.0,11675.0,14.759587307767179,High
D83028,CONTINUUM HEALTH LIMITED,11.0,7.0,4.0,9232.0,0.054159445407279024,Low
D83030,No Data,0.0,0.0,0.0,7585.0,0.0,Low
D83033,CONTINUUM HEALTH LIMITED,2514.0,2161.0,353.0,10134.0,11.276172022175574,High
D83034,SILICON PRACTICE LTD,370.0,0.0,0.0,11701.0,1.4373285888540994,Low
D83035,SILICON PRACTICE LTD,724.0,0.0,0.0,10703.0,3.0747538922816884,Mid
D83037,CONTINUUM HEALTH LIMITED,5412.0,4700.0,712.0,16336.0,15.058765915768852,High
D83038,ACCURX LIMITED,837.0,698.0,139.0,16246.0,2.3418351929985564,Mid
D83040,ACCURX LIMITED,243.0,121.0,122.0,11239.0,0.9827791214035542,Low
D83043,CONTINUUM HEALTH LIMITED,73.0,69.0,4.0,6319.0,0.5251118560186451,Low
D83045,CONTINUUM HEALTH LIMITED,1495.0,1329.0,166.0,5518.0,12.31506804178062,High
D83046,ACCURX LIMITED,8424.0,6079.0,2345.0,29393.0,13.027220457561015,High
D83047,TPP,7185.0,5445.0,1740.0,15892.0,20.550648696885798,High
D83049,ACCURX LIMITED,106.0,63.0,43.0,6851.0,0.7032815381961492,Low
D83053,CONTINUUM HEALTH LIMITED,67.0,34.0,33.0,9339.0,0.3261007115809557,Low
D83054,ACCURX LIMITED,334.0,227.0,107.0,6903.0,2.1993072840530465,Mid
D83055,CONTINUUM HEALTH LIMITED,4126.0,3352.0,774.0,16133.0,11.62495844204144,High
D83057,ACCURX LIMITED,396.0,210.0,186.0,14627.0,1.2306009434607235,Low
D83059,ACCURX LIMITED,1063.0,612.0,451.0,21530.0,2.2442258159861503,Mid
D83060,CONTINUUM HEALTH LIMITED,238.0,175.0,63.0,24073.0,0.44939067910862035,Low
D83061,ACCURX LIMITED,311.0,110.0,201.0,9969.0,1.4180322636536902,Low
D83062,CONTINUUM HEALTH LIMITED,2490.0,2009.0,481.0,7544.0,15.002892123782898,High
D83070,CONTINUUM HEALTH LIMITED,1195.0,1046.0,149.0,5112.0,10.625622421397068,High
D83073,CONTINUUM HEALTH LIMITED,26.0,15.0,11.0,5496.0,0.21503242027259495,Low
D83074,CONTINUUM HEALTH LIMITED,74.0,42.0,32.0,14012.0,0.24005397970570683,Low
D83075,CONTINUUM HEALTH LIMITED,139.0,101.0,38.0,13393.0,0.4717525437304426,Low
D83076,CONTINUUM HEALTH LIMITED,56.0,54.0,2.0,5697.0,0.44680613400992547,Low
D83078,CONTINUUM HEALTH LIMITED,774.0,402.0,372.0,10263.0,3.4280247668145947,Mid
D83080,CONTINUUM HEALTH LIMITED,1134.0,839.0,295.0,5998.0,8.59377368213647,Mid
D83084,CONTINUUM HEALTH LIMITED,1547.0,1038.0,509.0,6544.0,10.74544343187375,High
D83608,ACCURX LIMITED,220.0,87.0,133.0,6612.0,1.5124016938898974,Low
D83610,CONTINUUM HEALTH LIMITED,4141.0,3239.0,902.0,12731.0,14.784955834362796,High
E81002,ACCURX LIMITED,2570.0,1688.0,882.0,10198.0,11.455009003547932,High
E81005,ACCURX LIMITED,2772.0,2258.0,514.0,10555.0,11.937470393178588,High
E81006,"SILICON PRACTICE LTD, TPP",3101.0,2181.0,920.0,9503.0,14.832636583662575,High
E81009,"ACCURX LIMITED, SILICON PRACTICE LTD",1449.0,948.0,501.0,12373.0,5.32317436059455,Mid
E81010,"ACCURX LIMITED, SILICON PRACTICE LTD",2811.0,1852.0,343.0,9129.0,13.99635527141278,High
E81012,"ACCURX LIMITED, SILICON PRACTICE LTD",3400.0,2635.0,680.0,13025.0,11.865294015006105,High
E81013,"ACCURX LIMITED, SILICON PRACTICE LTD",3995.0,2282.0,432.0,14626.0,12.415623484952079,High
E81014,TPP,1132.0,856.0,276.0,18397.0,2.796898703840053,Mid
E81015,"ACCURX LIMITED, SILICON PRACTICE LTD",5808.0,2907.0,949.0,14405.0,18.326969802152032,High
E81016,ACCURX LIMITED,2045.0,1635.0,410.0,6375.0,14.581105169340464,High
E81018,ACCURX LIMITED,4016.0,2478.0,1538.0,12935.0,14.112520645183961,High
E81019,TPP,6499.0,5181.0,1318.0,22947.0,12.873538628539281,High
E81021,TPP,5663.0,5301.0,362.0,22676.0,11.351609230423836,High
E81022,"ACCURX LIMITED, SILICON PRACTICE LTD",6145.0,4296.0,1808.0,19440.0,14.36821922933034,High
E81024,ACCURX LIMITED,1620.0,1336.0,284.0,5973.0,12.328204191589425,High
E81025,ACCURX LIMITED,2946.0,1593.0,1353.0,7584.0,17.656789413118528,High
E81026,"SILICON PRACTICE LTD, TPP",3529.0,2456.0,1072.0,10085.0,15.90571055122369,High
E81028,ACCURX LIMITED,4362.0,3707.0,655.0,16021.0,12.375802214139396,High
E81029,TPP,1696.0,1245.0,451.0,18117.0,4.255169679908875,Mid
E81032,Klinik Healthcare Solutions UK Ltd,13486.0,8078.0,5408.0,47495.0,12.906621749657859,High
E81033,"ACCURX LIMITED, RAPID HEALTH, TPP",5623.0,3643.0,1980.0,20555.0,12.434488401406428,High
E81035,TPP,2361.0,1660.0,701.0,10108.0,10.61715293017232,High
E81036,TPP,4543.0,3055.0,1488.0,13033.0,15.84439499731451,High
E81037,TPP,13743.0,10039.0,3704.0,46705.0,13.375052310926414,High
E81038,TPP,6701.0,5483.0,1218.0,21113.0,14.42669962065595,High
E81040,TPP,2992.0,2262.0,730.0,9500.0,14.315789473684212,High
E81041,ACCURX LIMITED,3325.0,2552.0,773.0,13871.0,10.895852039244728,High
E81043,"CONTINUUM HEALTH LIMITED, SILICON PRACTICE LTD",3288.0,3211.0,54.0,10733.0,13.924768979273777,High
E81045,TPP,645.0,398.0,247.0,10566.0,2.7747664033865056,Mid
E81046,ACCURX LIMITED,3303.0,2311.0,992.0,12167.0,12.339637021152596,High
E81047,TPP,5341.0,4729.0,612.0,18056.0,13.44554315865791,High
E81048,ACCURX LIMITED,2797.0,2341.0,456.0,10918.0,11.644656863561424,High
E81049,TPP,291.0,178.0,113.0,7675.0,1.7234231566479123,Low
E81050,Engage Health Systems Limited,934.0,697.0,237.0,12818.0,3.312103717783231,Mid
E81052,TPP,144.0,99.0,45.0,8094.0,0.8086798301772355,Low
E81057,Klinik Healthcare Solutions UK Ltd,7180.0,4836.0,2344.0,21760.0,14.998328877005347,High
E81060,TPP,355.0,292.0,63.0,6265.0,2.575636653848944,Mid
E81061,ACCURX LIMITED,2005.0,1437.0,568.0,7235.0,12.596594835710247,High
E81063,TPP,2939.0,2632.0,307.0,9447.0,14.141093372595437,High
E81069,ACCURX LIMITED,1365.0,1080.0,285.0,4944.0,12.549646954986763,High
E81073,"ACCURX LIMITED, SILICON PRACTICE LTD",3895.0,2729.0,1166.0,17522.0,10.104180718265868,High
E81074,ACCURX LIMITED,1656.0,1257.0,399.0,11672.0,6.4489999376908225,Mid
E81076,ACCURX LIMITED,1735.0,1062.0,673.0,5921.0,13.319310313061369,High
E81612,ACCURX LIMITED,1638.0,1239.0,399.0,5538.0,13.444302176696544,High
E81615,"ACCURX LIMITED, TPP",671.0,571.0,100.0,4136.0,7.3742746615087045,Mid
E81617,TPP,1865.0,1317.0,548.0,5260.0,16.11648807466298,High
E81631,TPP,3068.0,1989.0,1079.0,9772.0,14.270829457075875,High
E81632,ACCURX LIMITED,2478.0,1404.0,1074.0,8339.0,13.507178754810365,High
E81633,ACCURX LIMITED,1527.0,1186.0,341.0,5451.0,12.733276629809376,High
E81635,TPP,363.0,229.0,134.0,8825.0,1.8696883852691217,Low
E82004,ACCURX LIMITED,697.0,628.0,69.0,4795.0,6.607261351786899,Mid
E82005,"ACCURX LIMITED, Klinik Healthcare Solutions UK Ltd",14586.0,6966.0,7620.0,48184.0,13.759754275278102,High
E82006,"ACCURX LIMITED, SILICON PRACTICE LTD",2446.0,1473.0,964.0,7701.0,14.43732218956216,High
E82008,ACCURX LIMITED,5121.0,2822.0,2299.0,11103.0,20.964849794895727,High
E82012,ACCURX LIMITED,4100.0,2686.0,1414.0,14694.0,12.682975116621503,High
E82013,CONTINUUM HEALTH LIMITED,5899.0,4643.0,1256.0,36516.0,7.34298290164212,Mid
E82015,ACCURX LIMITED,565.0,458.0,107.0,8393.0,3.0599092317190735,Mid
E82018,ACCURX LIMITED,676.0,294.0,382.0,14870.0,2.066393592957144,Mid
E82020,ACCURX LIMITED,232.0,139.0,93.0,6596.0,1.5987650917911684,Low
E82021,ACCURX LIMITED,121.0,77.0,44.0,6633.0,0.8291873963515755,Low
E82022,"ACCURX LIMITED, Engage Health Systems Limited",5136.0,4287.0,849.0,18570.0,12.571596416507562,High
E82023,ACCURX LIMITED,3209.0,2065.0,1144.0,12165.0,11.99043455516945,High
E82031,ACCURX LIMITED,6833.0,4203.0,2630.0,19629.0,15.823063278359013,High
E82035,ACCURX LIMITED,4404.0,3068.0,1336.0,12583.0,15.908910290218403,High
E82037,ACCURX LIMITED,4794.0,3397.0,1397.0,15518.0,14.04234378844509,High
E82038,ACCURX LIMITED,406.0,73.0,333.0,20280.0,0.9099874484489869,Low
E82040,ACCURX LIMITED,8275.0,6332.0,1943.0,20847.0,18.04270943715468,High
E82042,"ACCURX LIMITED, SILICON PRACTICE LTD",2839.0,2254.0,498.0,9240.0,13.965958284140102,High
E82043,PATCHS HEALTH LIMITED,5097.0,4415.0,682.0,15247.0,15.195239600040544,High
E82045,ACCURX LIMITED,4516.0,3350.0,1166.0,18214.0,11.270052007945935,High
E82046,ACCURX LIMITED,2827.0,2029.0,798.0,10442.0,12.306071633786631,High
E82050,ACCURX LIMITED,149.0,87.0,62.0,5366.0,1.2621556602175312,Low
E82053,RAPID HEALTH,4331.0,3071.0,1260.0,17917.0,10.9875334243253,High
E82055,CONTINUUM HEALTH LIMITED,3395.0,2820.0,575.0,13381.0,11.532634468140035,High
E82058,ACCURX LIMITED,3472.0,2609.0,863.0,16900.0,9.338353953738569,Mid
E82059,ACCURX LIMITED,368.0,118.0,250.0,10304.0,1.6233766233766234,Low
E82061,"ACCURX LIMITED, SILICON PRACTICE LTD",2401.0,1229.0,1139.0,14246.0,7.660842596965018,Mid
E82063,"ACCURX LIMITED, SILICON PRACTICE LTD",3854.0,2422.0,1213.0,12275.0,14.271431216441398,High
E82067,ACCURX LIMITED,4960.0,3348.0,1612.0,16568.0,13.607831087309602,High
E82068,ACCURX LIMITED,4833.0,2999.0,1834.0,19404.0,11.321470737055153,High
E82070,ACCURX LIMITED,388.0,38.0,350.0,3609.0,4.886772966573465,Mid
E82071,ACCURX LIMITED,5468.0,3645.0,1823.0,17341.0,14.33282132203763,High
E82073,ACCURX LIMITED,14192.0,11804.0,2388.0,48568.0,13.282220991000434,High
E82075,ACCURX LIMITED,4047.0,2734.0,1313.0,12473.0,14.74821979111244,High
E82077,ACCURX LIMITED,3292.0,2372.0,920.0,12457.0,12.012231166120547,High
E82078,ACCURX LIMITED,3066.0,2339.0,727.0,10190.0,13.676509947363725,High
E82079,ACCURX LIMITED,200.0,136.0,64.0,8907.0,1.0206477030323442,Low
E82081,"ACCURX LIMITED, SILICON PRACTICE LTD",3779.0,2613.0,1166.0,13611.0,12.62014012730345,High
E82083,ACCURX LIMITED,1695.0,1412.0,283.0,10257.0,7.5114999069371695,Mid
E82084,ACCURX LIMITED,3774.0,2566.0,1208.0,13605.0,12.609000701613711,High
E82085,ACCURX LIMITED,237.0,118.0,119.0,18607.0,0.5789609970832091,Low
E82088,"ACCURX LIMITED, SILICON PRACTICE LTD",2371.0,1799.0,311.0,10174.0,10.592955304966313,High
E82090,"ACCURX LIMITED, SILICON PRACTICE LTD",2442.0,1514.0,907.0,9904.0,11.207592891760905,High
E82091,ACCURX LIMITED,2340.0,1786.0,554.0,16016.0,6.641086186540732,Mid
E82092,"CONTINUUM HEALTH LIMITED, TPP",440.0,133.0,307.0,16734.0,1.1951715071112705,Low
E82093,ACCURX LIMITED,2894.0,2292.0,602.0,13650.0,9.637029637029638,Mid
E82094,ACCURX LIMITED,1200.0,302.0,898.0,12680.0,4.301691998852882,Mid
E82096,ACCURX LIMITED,2863.0,1995.0,868.0,10323.0,12.60644809031906,High
E82098,ACCURX LIMITED,226.0,152.0,74.0,7554.0,1.359905649023997,Low
E82100,ACCURX LIMITED,2682.0,2033.0,649.0,13819.0,8.82184607490346,Mid
E82102,RAPID HEALTH,2222.0,1656.0,566.0,17110.0,5.9029807130333145,Mid
E82105,No Data,0.0,0.0,0.0,5011.0,0.0,Low
E82106,ACCURX LIMITED,3313.0,2572.0,741.0,13990.0,10.7641822080707,High
E82107,ACCURX LIMITED,4404.0,2806.0,1598.0,10802.0,18.531921698002055,High
E82111,ACCURX LIMITED,359.0,239.0,120.0,7718.0,2.114301868124102,Mid
E82113,ACCURX LIMITED,87.0,46.0,41.0,7192.0,0.5498533724340176,Low
E82117,ACCURX LIMITED,3159.0,2269.0,890.0,12410.0,11.570580909823455,High
E82123,"ACCURX LIMITED, SILICON PRACTICE LTD",2396.0,1766.0,625.0,9637.0,11.301140490722311,High
E82124,ACCURX LIMITED,2405.0,1476.0,929.0,33300.0,3.2828282828282824,Mid
E82132,ACCURX LIMITED,1216.0,1094.0,122.0,6167.0,8.962660495010097,Mid
E82133,"ACCURX LIMITED, SILICON PRACTICE LTD",1479.0,699.0,587.0,9677.0,6.947119223651206,Mid
E82638,ACCURX LIMITED,391.0,273.0,118.0,6869.0,2.587382045818499,Mid
E82652,ACCURX LIMITED,438.0,116.0,322.0,3170.0,6.280470318325208,Mid
E82654,ACCURX LIMITED,1462.0,798.0,664.0,10752.0,6.18066829004329,Mid
E82655,ACCURX LIMITED,1255.0,707.0,548.0,4272.0,13.353336738168197,High
E82657,ACCURX LIMITED,227.0,53.0,174.0,6229.0,1.6564748463929713,Low
E83006,PATCHS HEALTH LIMITED,1312.0,1110.0,202.0,6698.0,8.903607589782569,Mid
E83008,ACCURX LIMITED,1656.0,1378.0,278.0,8058.0,9.341366005550666,Mid
E83009,ACCURX LIMITED,3011.0,2077.0,934.0,12785.0,10.705016532157714,High
E83010,ACCURX LIMITED,3595.0,2165.0,1430.0,12614.0,12.954581489542646,High
E83012,ACCURX LIMITED,3227.0,1945.0,1282.0,10239.0,14.32579531026645,High
E83017,CONTINUUM HEALTH LIMITED,1700.0,989.0,711.0,17225.0,4.486079957778071,Mid
E83020,PATCHS HEALTH LIMITED,2951.0,2393.0,558.0,11497.0,11.66707520538955,High
E83024,ACCURX LIMITED,3349.0,2198.0,1151.0,11270.0,13.507300153262888,High
E83025,PATCHS HEALTH LIMITED,345.0,250.0,95.0,7770.0,2.0182520182520185,Mid
E83026,ACCURX LIMITED,457.0,249.0,208.0,3613.0,5.749440152982915,Mid
E83032,ACCURX LIMITED,4254.0,3530.0,724.0,16739.0,11.551683873805866,High
E83034,ACCURX LIMITED,1507.0,1119.0,388.0,5054.0,13.553620894341115,High
E83035,CONTINUUM HEALTH LIMITED,5414.0,3855.0,1559.0,24935.0,9.869296534626393,Mid
E83038,PATCHS HEALTH LIMITED,993.0,836.0,157.0,8835.0,5.108813088439574,Mid
E83039,PATCHS HEALTH LIMITED,219.0,181.0,38.0,5323.0,1.8701005926254846,Low
E83041,PATCHS HEALTH LIMITED,825.0,617.0,208.0,4633.0,8.094107489747465,Mid
E83045,ACCURX LIMITED,2655.0,1960.0,695.0,9611.0,12.556634916430983,High
E83046,ACCURX LIMITED,1757.0,1460.0,297.0,7747.0,10.308975908562845,High
E83053,ACCURX LIMITED,4294.0,3389.0,905.0,14546.0,13.418246815744409,High
E83600,ACCURX LIMITED,1164.0,743.0,421.0,7923.0,6.6779112595091386,Mid
E83622,ACCURX LIMITED,1734.0,1369.0,365.0,8789.0,8.967821346931599,Mid
E83637,ACCURX LIMITED,2820.0,1754.0,1066.0,12412.0,10.327249289543843,High
E83649,ACCURX LIMITED,559.0,323.0,236.0,4334.0,5.86273440449721,Mid
E83653,PATCHS HEALTH LIMITED,166.0,76.0,90.0,11987.0,0.6294698044093222,Low
E84002,PATCHS HEALTH LIMITED,795.0,597.0,198.0,7184.0,5.03011743267868,Mid
E84004,"PATCHS HEALTH LIMITED, SILICON PRACTICE LTD",1431.0,1101.0,313.0,7354.0,8.844908151408015,Mid
E84005,PATCHS HEALTH LIMITED,113.0,99.0,14.0,7213.0,0.7120981056930038,Low
E84008,PATCHS HEALTH LIMITED,3546.0,2374.0,1172.0,10360.0,15.558090558090557,High
E84009,"ACCURX LIMITED, PATCHS HEALTH LIMITED",2278.0,2274.0,4.0,11901.0,8.70056756116751,Mid
E84012,PATCHS HEALTH LIMITED,436.0,124.0,312.0,8067.0,2.4566978825067336,Mid
E84013,PATCHS HEALTH LIMITED,2255.0,1838.0,417.0,8387.0,12.22129486109455,High
E84014,ACCURX LIMITED,1650.0,1480.0,170.0,10261.0,7.309229119968814,Mid
E84015,PATCHS HEALTH LIMITED,4879.0,4044.0,835.0,14503.0,15.291507086308162,High
E84018,PATCHS HEALTH LIMITED,1965.0,1845.0,120.0,7778.0,11.48343813553379,High
E84021,"ACCURX LIMITED, Engage Health Systems Limited",5173.0,3184.0,1989.0,17083.0,13.764348395268023,High
E84022,"ACCURX LIMITED, CONTINUUM HEALTH LIMITED",2752.0,1378.0,1374.0,6913.0,18.095025183120075,High
E84024,PATCHS HEALTH LIMITED,5286.0,4466.0,820.0,21997.0,10.922977100183083,High
E84025,"ACCURX LIMITED, PATCHS HEALTH LIMITED",3661.0,1945.0,1716.0,19598.0,8.491126181706854,Mid
E84028,PATCHS HEALTH LIMITED,918.0,739.0,179.0,6094.0,6.847271533848495,Mid
E84030,PATCHS HEALTH LIMITED,612.0,303.0,309.0,4421.0,6.292282700335178,Mid
E84031,PATCHS HEALTH LIMITED,1438.0,1051.0,387.0,9441.0,6.923380612608449,Mid
E84039,PATCHS HEALTH LIMITED,540.0,370.0,170.0,18750.0,1.309090909090909,Low
E84040,CONTINUUM HEALTH LIMITED,567.0,398.0,169.0,4451.0,5.790322910071281,Mid
E84042,PATCHS HEALTH LIMITED,101.0,70.0,31.0,6900.0,0.6653491436100132,Low
E84044,PATCHS HEALTH LIMITED,2144.0,1567.0,577.0,11247.0,8.664936912469587,Mid
E84053,PATCHS HEALTH LIMITED,16.0,9.0,7.0,3142.0,0.2314680863375962,Low
E84057,PATCHS HEALTH LIMITED,4.0,4.0,0.0,12338.0,0.014736438792201477,Low
E84058,PATCHS HEALTH LIMITED,5272.0,4259.0,1013.0,26216.0,9.14084389824396,Mid
E84061,PATCHS HEALTH LIMITED,2355.0,1770.0,585.0,11407.0,9.384189931222455,Mid
E84062,PATCHS HEALTH LIMITED,850.0,625.0,225.0,5510.0,7.0120442171258865,Mid
E84066,CONTINUUM HEALTH LIMITED,4685.0,3820.0,865.0,118447.0,1.7978888908502997,Low
E84067,PATCHS HEALTH LIMITED,495.0,237.0,258.0,9206.0,2.4440582228981103,Mid
E84068,PATCHS HEALTH LIMITED,3665.0,3115.0,550.0,14759.0,11.287411687167769,High
E84069,PATCHS HEALTH LIMITED,4233.0,3150.0,1083.0,19173.0,10.035419126328216,Mid
E84070,"ACCURX LIMITED, PATCHS HEALTH LIMITED",341.0,133.0,208.0,5897.0,2.6284551466847548,Mid
E84074,PATCHS HEALTH LIMITED,348.0,218.0,130.0,12281.0,1.2880206675500216,Low
E84076,PATCHS HEALTH LIMITED,822.0,681.0,141.0,6322.0,5.910097495038968,Mid
E84080,PATCHS HEALTH LIMITED,232.0,137.0,95.0,7930.0,1.3298177232603463,Low
E84083,PATCHS HEALTH LIMITED,43.0,17.0,26.0,5838.0,0.33479709738702546,Low
E84086,PATCHS HEALTH LIMITED,341.0,146.0,195.0,6475.0,2.393822393822394,Mid
E84601,PATCHS HEALTH LIMITED,877.0,525.0,352.0,7631.0,5.223907268200284,Mid
E84617,PATCHS HEALTH LIMITED,541.0,312.0,229.0,7445.0,3.303009951767507,Mid
E84626,PATCHS HEALTH LIMITED,130.0,61.0,69.0,4820.0,1.2259524707657488,Low
E84635,PATCHS HEALTH LIMITED,507.0,410.0,97.0,5370.0,4.291518537328593,Mid
E84637,PATCHS HEALTH LIMITED,104.0,37.0,67.0,4921.0,0.9606325395799079,Low
E84645,PATCHS HEALTH LIMITED,1356.0,1326.0,30.0,8817.0,6.990627609885862,Mid
E84646,"ACCURX LIMITED, PATCHS HEALTH LIMITED",31.0,20.0,11.0,7157.0,0.19688289913244503,Low
E84647,PATCHS HEALTH LIMITED,142.0,82.0,60.0,5069.0,1.2733370397603976,Low
E84653,PATCHS HEALTH LIMITED,107.0,13.0,94.0,7012.0,0.6936161385676503,Low
E84656,PATCHS HEALTH LIMITED,495.0,297.0,198.0,5888.0,3.82133152173913,Mid
E84658,PATCHS HEALTH LIMITED,31.0,22.0,9.0,5283.0,0.26672173179839276,Low
E84663,PATCHS HEALTH LIMITED,914.0,827.0,87.0,7796.0,5.329073184383599,Mid
E84674,PATCHS HEALTH LIMITED,42.0,27.0,15.0,4970.0,0.3841229193341869,Low
E84676,PATCHS HEALTH LIMITED,231.0,68.0,163.0,3895.0,2.695763799743261,Mid
E84678,PATCHS HEALTH LIMITED,17.0,9.0,8.0,4513.0,0.1712225288560321,Low
E84680,"ACCURX LIMITED, PATCHS HEALTH LIMITED",310.0,180.0,130.0,5051.0,2.7897266067925344,Mid
E84693,"PATCHS HEALTH LIMITED, SILICON PRACTICE LTD",2799.0,2253.0,542.0,10158.0,12.524834881598025,High
E84701,PATCHS HEALTH LIMITED,46.0,23.0,23.0,5038.0,0.41502760835829516,Low
E85001,"ACCURX LIMITED, PATCHS HEALTH LIMITED",206.0,170.0,36.0,9094.0,1.0296499190275306,Low
E85003,PATCHS HEALTH LIMITED,1144.0,952.0,192.0,17859.0,2.911697183492917,Mid
E85004,PATCHS HEALTH LIMITED,375.0,375.0,0.0,7353.0,2.318163272875635,Mid
E85005,PATCHS HEALTH LIMITED,33.0,27.0,6.0,5093.0,0.294521892794031,Low
E85007,TPP,3703.0,2762.0,941.0,12912.0,13.035794750478765,High
E85008,PATCHS HEALTH LIMITED,1780.0,1216.0,564.0,6225.0,12.997444322745526,High
E85015,TPP,1973.0,1845.0,128.0,9512.0,9.428281978744552,Mid
E85016,PATCHS HEALTH LIMITED,1131.0,999.0,132.0,12176.0,4.222165810536375,Mid
E85019,TPP,2102.0,1956.0,146.0,10896.0,8.768855960485917,Mid
E85020,PATCHS HEALTH LIMITED,2196.0,1818.0,378.0,15129.0,6.597804337245146,Mid
E85024,PATCHS HEALTH LIMITED,45.0,18.0,27.0,5243.0,0.3901305636953167,Low
E85026,TPP,2564.0,1270.0,1294.0,15139.0,7.698358844405479,Mid
E85029,PATCHS HEALTH LIMITED,755.0,594.0,161.0,14385.0,2.3856921667140645,Mid
E85030,"PATCHS HEALTH LIMITED, TPP",431.0,355.0,76.0,7187.0,2.7258813261317782,Mid
E85032,PATCHS HEALTH LIMITED,231.0,183.0,48.0,4476.0,2.3458445040214477,Mid
E85033,PATCHS HEALTH LIMITED,1560.0,1248.0,312.0,10817.0,6.555337978098447,Mid
E85034,ACCURX LIMITED,1423.0,1033.0,390.0,5113.0,12.650463168749889,High
E85035,PATCHS HEALTH LIMITED,29.0,18.0,11.0,7325.0,0.1799565622091219,Low
E85038,PATCHS HEALTH LIMITED,347.0,294.0,53.0,5441.0,2.8988655160314782,Mid
E85040,TPP,1937.0,1629.0,308.0,7710.0,11.419643909916283,High
E85042,PATCHS HEALTH LIMITED,62.0,46.0,16.0,7855.0,0.3587755338232741,Low
E85045,PATCHS HEALTH LIMITED,8.0,7.0,1.0,3227.0,0.11268557906301942,Low
E85048,CONTINUUM HEALTH LIMITED,1287.0,1062.0,225.0,7243.0,8.076763771917713,Mid
E85052,TPP,2113.0,1328.0,785.0,7126.0,13.478172122572909,High
E85055,PATCHS HEALTH LIMITED,795.0,640.0,155.0,10369.0,3.4850384450152987,Mid
E85056,PATCHS HEALTH LIMITED,107.0,74.0,33.0,6887.0,0.7062053671607904,Low
E85058,TPP,74.0,43.0,31.0,7091.0,0.4743528929116294,Low
E85059,TPP,145.0,74.0,71.0,7585.0,0.8689398933301372,Low
E85060,"ACCURX LIMITED, PATCHS HEALTH LIMITED",77.0,53.0,24.0,6270.0,0.5582137161084529,Low
E85062,TPP,3706.0,2792.0,914.0,13191.0,12.770415090178567,High
E85071,PATCHS HEALTH LIMITED,22.0,8.0,14.0,2274.0,0.43975373790677214,Low
E85074,"PATCHS HEALTH LIMITED, TPP",1239.0,764.0,475.0,5946.0,9.471608109347766,Mid
E85077,PATCHS HEALTH LIMITED,20.0,13.0,7.0,3198.0,0.2842685769515038,Low
E85096,"PATCHS HEALTH LIMITED, TPP",10.0,5.0,5.0,5740.0,0.07918910357934748,Low
E85107,TPP,1836.0,1544.0,292.0,7704.0,10.832625318606627,High
E85113,PATCHS HEALTH LIMITED,11.0,0.0,11.0,6801.0,0.07351860020585209,Low
E85114,TPP,2692.0,1698.0,994.0,7512.0,16.289088972795042,High
E85115,PATCHS HEALTH LIMITED,57.0,30.0,27.0,4044.0,0.6406797949824656,Low
E85118,PATCHS HEALTH LIMITED,571.0,344.0,227.0,6983.0,3.7168187676565165,Mid
E85120,TPP,2101.0,1434.0,667.0,7191.0,13.280489500764844,High
E85124,"PATCHS HEALTH LIMITED, RAPID HEALTH",14529.0,10244.0,4285.0,94063.0,7.020923114392385,Mid
E85125,PATCHS HEALTH LIMITED,687.0,565.0,122.0,5817.0,5.368277931454827,Mid
E85126,PATCHS HEALTH LIMITED,19.0,11.0,8.0,10826.0,0.07977428077187915,Low
E85128,PATCHS HEALTH LIMITED,1230.0,956.0,274.0,12212.0,4.57820921299467,Mid
E85600,TPP,2132.0,1901.0,231.0,7117.0,13.616564691455796,High
E85605,TPP,1771.0,1469.0,302.0,8139.0,9.890649956997173,Mid
E85624,PATCHS HEALTH LIMITED,78.0,52.0,26.0,7046.0,0.5031868500503186,Low
E85628,"Engage Health Systems Limited, RAPID HEALTH",1982.0,1459.0,523.0,9923.0,9.078999202953652,Mid
E85636,PATCHS HEALTH LIMITED,2030.0,1778.0,252.0,14776.0,6.244770389329133,Mid
E85649,PATCHS HEALTH LIMITED,197.0,157.0,40.0,4169.0,2.147888091759524,Mid
E85657,"ACCURX LIMITED, RAPID HEALTH",2776.0,2126.0,650.0,11509.0,10.963751688401961,High
E85658,PATCHS HEALTH LIMITED,27.0,22.0,5.0,4496.0,0.27296991264962794,Low
E85659,PATCHS HEALTH LIMITED,10.0,7.0,3.0,2289.0,0.19857818022955637,Low
E85680,TPP,2003.0,1513.0,490.0,10141.0,8.977956271122626,Mid
E85681,TPP,230.0,199.0,31.0,8879.0,1.1774462726146475,Low
E85683,TPP,305.0,249.0,56.0,3917.0,3.5393506161951405,Mid
E85685,PATCHS HEALTH LIMITED,2170.0,1908.0,262.0,12349.0,7.987396844794205,Mid
E85693,Klinik Healthcare Solutions UK Ltd,4268.0,2190.0,2078.0,22408.0,8.657622277757945,Mid
E85696,"ACCURX LIMITED, PATCHS HEALTH LIMITED",90.0,61.0,29.0,7660.0,0.5340612390220746,Low
E85697,PATCHS HEALTH LIMITED,33.0,20.0,13.0,6191.0,0.24228719108383137,Low
E85699,"ACCURX LIMITED, PATCHS HEALTH LIMITED",66.0,37.0,29.0,6652.0,0.4509921828021648,Low
E85707,TPP,1.0,1.0,0.0,7300.0,0.0062266500622665,Low
E85708,PATCHS HEALTH LIMITED,55.0,34.0,21.0,7633.0,0.327525219441897,Low
E85716,TPP,3418.0,2618.0,800.0,16083.0,9.660115423965452,Mid
E85718,PATCHS HEALTH LIMITED,40.0,26.0,14.0,4886.0,0.3721207159602575,Low
E85719,PATCHS HEALTH LIMITED,1418.0,1275.0,143.0,9780.0,6.590444320505669,Mid
E85734,PATCHS HEALTH LIMITED,71.0,58.0,13.0,5726.0,0.563617311783571,Low
E85735,TPP,1567.0,1153.0,414.0,7067.0,10.07885562859385,High
E85736,PATCHS HEALTH LIMITED,67.0,48.0,19.0,7622.0,0.39956107917272965,Low
E85739,PATCHS HEALTH LIMITED,11.0,8.0,3.0,10410.0,0.04803073967339097,Low
E85744,ACCURX LIMITED,1366.0,991.0,375.0,9372.0,6.625150351142668,Mid
E85746,PATCHS HEALTH LIMITED,117.0,103.0,14.0,3836.0,1.3863873352924447,Low
E85748,PATCHS HEALTH LIMITED,30.0,23.0,7.0,6004.0,0.22712131306401792,Low
E85750,PATCHS HEALTH LIMITED,170.0,24.0,146.0,6897.0,1.1203817206427038,Low
E86020,PATCHS HEALTH LIMITED,46.0,39.0,7.0,5014.0,0.4170141784820684,Low
E86026,PATCHS HEALTH LIMITED,2198.0,1710.0,488.0,8193.0,12.194445369106665,High
E86034,No Data,0.0,0.0,0.0,2604.0,0.0,Low
E86610,PATCHS HEALTH LIMITED,903.0,717.0,186.0,3268.0,12.559808612440191,High
E86620,No Data,0.0,0.0,0.0,5075.0,0.0,Low
E87002,PATCHS HEALTH LIMITED,72.0,53.0,19.0,16500.0,0.19834710743801656,Low
E87003,PATCHS HEALTH LIMITED,561.0,298.0,263.0,5206.0,4.898194391087207,Mid
E87004,"ACCURX LIMITED, PATCHS HEALTH LIMITED",941.0,603.0,338.0,10917.0,3.917992788561626,Mid
E87005,PATCHS HEALTH LIMITED,402.0,286.0,116.0,8485.0,2.153532972625489,Mid
E87006,PATCHS HEALTH LIMITED,219.0,128.0,91.0,4823.0,2.06397376208697,Mid
E87007,No Data,0.0,0.0,0.0,1.0,0.0,Low
E87008,PATCHS HEALTH LIMITED,705.0,500.0,205.0,11711.0,2.7363550973831905,Mid
E87009,PATCHS HEALTH LIMITED,35.0,24.0,11.0,3595.0,0.44253382222784166,Low
E87010,PATCHS HEALTH LIMITED,66.0,46.0,20.0,5859.0,0.5120327700972862,Low
E87011,"ACCURX LIMITED, PATCHS HEALTH LIMITED",909.0,760.0,149.0,7759.0,5.325194202626862,Mid
E87013,"ACCURX LIMITED, PATCHS HEALTH LIMITED",89.0,57.0,32.0,15884.0,0.2546873926878963,Low
E87016,PATCHS HEALTH LIMITED,269.0,220.0,49.0,13410.0,0.9118025896549387,Low
E87021,PATCHS HEALTH LIMITED,62.0,40.0,22.0,5193.0,0.5426885842830383,Low
E87024,PATCHS HEALTH LIMITED,224.0,114.0,110.0,5488.0,1.8552875695732838,Low
E87026,PATCHS HEALTH LIMITED,4.0,2.0,2.0,2284.0,0.07960515841426524,Low
E87029,"PATCHS HEALTH LIMITED, TPP",165.0,123.0,42.0,9068.0,0.8270842523158358,Low
E87034,"ACCURX LIMITED, PATCHS HEALTH LIMITED",749.0,616.0,133.0,14269.0,2.3859734070680876,Mid
E87037,PATCHS HEALTH LIMITED,505.0,290.0,215.0,10994.0,2.087915722625564,Mid
E87038,PATCHS HEALTH LIMITED,27.0,17.0,10.0,4674.0,0.26257439607888905,Low
E87043,PATCHS HEALTH LIMITED,265.0,207.0,58.0,6686.0,1.8015935604927529,Low
E87045,PATCHS HEALTH LIMITED,171.0,122.0,49.0,5050.0,1.5391539153915395,Low
E87047,ACCURX LIMITED,931.0,802.0,129.0,6593.0,6.418653392716794,Mid
E87048,"PATCHS HEALTH LIMITED, SILICON PRACTICE LTD",25.0,18.0,4.0,3432.0,0.3311082856537402,Low
E87052,PATCHS HEALTH LIMITED,33.0,16.0,17.0,3224.0,0.46526054590570715,Low
E87061,"ACCURX LIMITED, PATCHS HEALTH LIMITED, TPP",669.0,417.0,252.0,13450.0,2.2608989523487666,Mid
E87065,ACCURX LIMITED,71.0,37.0,34.0,3711.0,0.8696504250263345,Low
E87066,PATCHS HEALTH LIMITED,299.0,207.0,92.0,7668.0,1.7724190259401527,Low
E87067,PATCHS HEALTH LIMITED,39.0,26.0,13.0,10406.0,0.17035626299512519,Low
E87069,PATCHS HEALTH LIMITED,11.0,8.0,3.0,2796.0,0.17882689556509299,Low
E87070,PATCHS HEALTH LIMITED,78.0,62.0,16.0,7003.0,0.5062765308374333,Low
E87609,PATCHS HEALTH LIMITED,3359.0,2419.0,940.0,23794.0,6.416820130361359,Mid
E87637,PATCHS HEALTH LIMITED,398.0,281.0,117.0,20767.0,0.8711373376467034,Low
E87648,PATCHS HEALTH LIMITED,27.0,18.0,9.0,4412.0,0.27816698260941236,Low
E87663,PATCHS HEALTH LIMITED,30.0,5.0,25.0,4548.0,0.2998320940273447,Low
E87665,PATCHS HEALTH LIMITED,10.0,6.0,4.0,6407.0,0.07094513103565703,Low
E87677,"ACCURX LIMITED, PATCHS HEALTH LIMITED",918.0,829.0,89.0,18224.0,2.2896879240162824,Mid
E87681,PATCHS HEALTH LIMITED,841.0,646.0,195.0,14375.0,2.6592885375494073,Mid
E87701,"ACCURX LIMITED, PATCHS HEALTH LIMITED",38.0,30.0,8.0,8754.0,0.19731239744947765,Low
E87702,PATCHS HEALTH LIMITED,17.0,15.0,2.0,2838.0,0.27227881350502914,Low
E87706,ACCURX LIMITED,165.0,89.0,76.0,4233.0,1.7717930545712262,Low
E87711,No Data,0.0,0.0,0.0,288.0,0.0,Low
E87714,PATCHS HEALTH LIMITED,39.0,19.0,20.0,5612.0,0.315881552517333,Low
E87715,PATCHS HEALTH LIMITED,112.0,66.0,46.0,7072.0,0.7198683669271904,Low
E87720,PATCHS HEALTH LIMITED,447.0,318.0,129.0,9103.0,2.232031398240341,Mid
E87722,"ACCURX LIMITED, PATCHS HEALTH LIMITED",82.0,71.0,11.0,6684.0,0.5576410423807192,Low
E87733,ACCURX LIMITED,28.0,14.0,14.0,4836.0,0.2631776825325212,Low
E87737,PATCHS HEALTH LIMITED,145.0,110.0,35.0,9124.0,0.7223705711211191,Low
E87738,"ACCURX LIMITED, PATCHS HEALTH LIMITED",247.0,149.0,98.0,14732.0,0.7621010539826721,Low
E87739,PATCHS HEALTH LIMITED,1290.0,1170.0,120.0,9643.0,6.080717996097027,Mid
E87740,No Data,0.0,0.0,0.0,2125.0,0.0,Low
E87741,"ACCURX LIMITED, PATCHS HEALTH LIMITED",68.0,48.0,20.0,3421.0,0.9035104036565597,Low
E87742,ACCURX LIMITED,213.0,167.0,46.0,3009.0,3.2176198676697183,Mid
E87745,ACCURX LIMITED,1029.0,750.0,279.0,8905.0,5.252411821754887,Mid
E87746,"ACCURX LIMITED, PATCHS HEALTH LIMITED",52.0,37.0,15.0,5012.0,0.47159544366248274,Low
E87750,"ACCURX LIMITED, PATCHS HEALTH LIMITED",13.0,13.0,0.0,4106.0,0.1439135632998273,Low
E87751,PATCHS HEALTH LIMITED,8.0,4.0,4.0,2114.0,0.17201341704652962,Low
E87753,"ACCURX LIMITED, PATCHS HEALTH LIMITED",94.0,51.0,43.0,11010.0,0.388076954834448,Low
E87754,PATCHS HEALTH LIMITED,89.0,61.0,28.0,6115.0,0.6615624767709805,Low
E87755,PATCHS HEALTH LIMITED,219.0,156.0,63.0,3205.0,3.105942419514962,Mid
E87762,PATCHS HEALTH LIMITED,178.0,100.0,78.0,8606.0,0.9401474658272242,Low
E87768,PATCHS HEALTH LIMITED,1837.0,1581.0,256.0,22486.0,3.713421684603753,Mid
E87772,No Data,0.0,0.0,0.0,488.0,0.0,Low
F81001,ACCURX LIMITED,251.0,119.0,132.0,13510.0,0.8444922952694973,Low
F81003,ACCURX LIMITED,1454.0,1093.0,361.0,5900.0,11.201848998459168,High
F81004,ACCURX LIMITED,142.0,53.0,89.0,9280.0,0.6955329153605015,Low
F81006,ACCURX LIMITED,836.0,681.0,155.0,5185.0,7.328833172613307,Mid
F81007,ACCURX LIMITED,3743.0,2599.0,1144.0,19726.0,8.624980413482897,Mid
F81009,ACCURX LIMITED,1687.0,1372.0,315.0,11023.0,6.9565289106248915,Mid
F81010,ACCURX LIMITED,2413.0,1365.0,1048.0,12167.0,9.014696982149928,Mid
F81011,ACCURX LIMITED,1784.0,1311.0,473.0,8255.0,9.82324761852321,Mid
F81012,CONTINUUM HEALTH LIMITED,60.0,46.0,14.0,7052.0,0.3867374825968133,Low
F81013,ACCURX LIMITED,3183.0,2669.0,514.0,13051.0,11.085879869881095,High
F81017,CONTINUUM HEALTH LIMITED,2315.0,1703.0,612.0,8285.0,12.700938168650902,High
F81022,ACCURX LIMITED,4354.0,3586.0,768.0,16321.0,12.126039514067207,High
F81025,ACCURX LIMITED,3187.0,2302.0,885.0,10343.0,14.005959234616297,High
F81027,ACCURX LIMITED,5623.0,3868.0,1755.0,20730.0,12.329518045871158,High
F81028,CONTINUUM HEALTH LIMITED,2392.0,1801.0,591.0,9101.0,11.946739119577268,High
F81029,ACCURX LIMITED,1979.0,1410.0,569.0,8255.0,10.896977038709322,High
F81030,ACCURX LIMITED,1021.0,677.0,344.0,17207.0,2.697105300696862,Mid
F81031,CONTINUUM HEALTH LIMITED,765.0,523.0,242.0,7522.0,4.622803413018781,Mid
F81032,ACCURX LIMITED,19.0,13.0,6.0,3122.0,0.2766292003960165,Low
F81034,ACCURX LIMITED,136.0,84.0,52.0,9820.0,0.6295130531383077,Low
F81036,ACCURX LIMITED,4588.0,3641.0,947.0,18220.0,11.445963476698932,High
F81037,ACCURX LIMITED,3410.0,2132.0,1278.0,8763.0,17.688006390505535,High
F81038,TPP,125.0,21.0,104.0,13067.0,0.434821931722521,Low
F81040,TPP,5.0,3.0,2.0,4822.0,0.04713246106858716,Low
F81041,ACCURX LIMITED,3223.0,2389.0,834.0,14419.0,10.160205284693808,High
F81042,ACCURX LIMITED,4542.0,576.0,3966.0,43237.0,4.774950747150483,Mid
F81044,CONTINUUM HEALTH LIMITED,2099.0,1239.0,860.0,7306.0,13.059005051887617,High
F81045,ACCURX LIMITED,1549.0,1110.0,439.0,6785.0,10.377168888591143,High
F81046,TPP,954.0,762.0,192.0,4450.0,9.744637385086822,Mid
F81047,ACCURX LIMITED,3832.0,2662.0,1170.0,11182.0,15.576982488089623,High
F81048,ACCURX LIMITED,582.0,414.0,168.0,10052.0,2.631769344861267,Mid
F81049,CONTINUUM HEALTH LIMITED,2922.0,2612.0,310.0,12851.0,10.335240978770665,High
F81051,CONTINUUM HEALTH LIMITED,1260.0,1140.0,120.0,7721.0,7.417786202917663,Mid
F81053,ACCURX LIMITED,762.0,405.0,357.0,21535.0,1.608375372015957,Low
F81057,TPP,2994.0,2642.0,352.0,14662.0,9.28187894495356,Mid
F81060,ACCURX LIMITED,1313.0,914.0,399.0,4960.0,12.032624633431084,High
F81062,ACCURX LIMITED,92.0,47.0,45.0,8617.0,0.4852986168989419,Low
F81065,TPP,698.0,646.0,52.0,4332.0,7.323931839167296,Mid
F81067,No Data,0.0,0.0,0.0,13896.0,0.0,Low
F81068,ACCURX LIMITED,5506.0,4387.0,1119.0,17102.0,14.634120411222504,High
F81069,ACCURX LIMITED,367.0,225.0,142.0,8899.0,1.874572219554802,Low
F81071,ACCURX LIMITED,4577.0,2362.0,2215.0,13660.0,15.230267536270464,High
F81072,CONTINUUM HEALTH LIMITED,2655.0,2494.0,161.0,8537.0,14.136326365446665,High
F81075,ACCURX LIMITED,384.0,179.0,205.0,11173.0,1.5622075946071292,Low
F81076,ACCURX LIMITED,77.0,30.0,47.0,4763.0,0.7348309888725594,Low
F81078,ACCURX LIMITED,1955.0,820.0,1135.0,11718.0,7.583515648031778,Mid
F81080,ACCURX LIMITED,2646.0,2304.0,342.0,12189.0,9.867317029512451,Mid
F81081,CONTINUUM HEALTH LIMITED,7029.0,4428.0,2601.0,22041.0,14.49571253572887,High
F81082,"ACCURX LIMITED, TPP",628.0,537.0,91.0,4257.0,6.705533132594443,Mid
F81083,"ACCURX LIMITED, TPP",3457.0,2219.0,1238.0,11749.0,13.3744457942262,High
F81085,ACCURX LIMITED,339.0,238.0,101.0,13440.0,1.1465097402597402,Low
F81086,CONTINUUM HEALTH LIMITED,1476.0,1226.0,250.0,7634.0,8.788434515445259,Mid
F81088,ACCURX LIMITED,379.0,306.0,73.0,2737.0,6.294217291659746,Mid
F81089,ACCURX LIMITED,199.0,76.0,123.0,10125.0,0.8933782267115601,Low
F81090,ACCURX LIMITED,1156.0,556.0,600.0,12005.0,4.376964143727992,Mid
F81091,ACCURX LIMITED,1093.0,152.0,941.0,9344.0,5.316975404732254,Mid
F81092,TPP,779.0,576.0,203.0,4613.0,7.675935597028161,Mid
F81095,ACCURX LIMITED,7010.0,4268.0,2742.0,21894.0,14.55359293123064,High
F81097,TPP,6013.0,4657.0,1356.0,17727.0,15.418185920809037,High
F81098,ACCURX LIMITED,167.0,93.0,74.0,8024.0,0.9460255596845826,Low
F81099,ACCURX LIMITED,223.0,149.0,74.0,12857.0,0.7883925983015974,Low
F81101,ACCURX LIMITED,20.0,10.0,10.0,5494.0,0.16546976867326338,Low
F81102,ACCURX LIMITED,1739.0,1079.0,660.0,7318.0,10.801510596536561,High
F81104,TPP,517.0,480.0,37.0,4370.0,5.377574370709382,Mid
F81105,CONTINUUM HEALTH LIMITED,7103.0,4961.0,2142.0,20921.0,15.43251452433614,High
F81106,ACCURX LIMITED,4122.0,2899.0,1223.0,10870.0,17.23676507485155,High
F81108,ACCURX LIMITED,7148.0,4478.0,2670.0,18775.0,17.305410967195254,High
F81112,CONTINUUM HEALTH LIMITED,4916.0,2953.0,1963.0,15533.0,14.385794466912087,High
F81114,ACCURX LIMITED,113.0,72.0,41.0,13657.0,0.3760975057745944,Low
F81115,ACCURX LIMITED,6639.0,5487.0,1152.0,26948.0,11.198334840163547,High
F81116,CONTINUUM HEALTH LIMITED,3224.0,2152.0,1072.0,10880.0,13.469251336898395,High
F81118,ACCURX LIMITED,5045.0,3203.0,1842.0,14673.0,15.628581872703732,High
F81119,CONTINUUM HEALTH LIMITED,1698.0,1609.0,89.0,8257.0,9.347440738987306,Mid
F81121,CONTINUUM HEALTH LIMITED,5467.0,3055.0,2412.0,15398.0,16.138459540200024,High
F81122,"ACCURX LIMITED, Engage Health Systems Limited",10474.0,8096.0,2378.0,32053.0,14.853240229960038,High
F81123,CONTINUUM HEALTH LIMITED,4920.0,4221.0,699.0,20828.0,10.73729420186113,High
F81125,CONTINUUM HEALTH LIMITED,4576.0,2979.0,1597.0,14021.0,14.834890521360814,High
F81126,"CONTINUUM HEALTH LIMITED, TPP",208.0,195.0,13.0,9938.0,0.9513529336431329,Low
F81128,TPP,3816.0,3176.0,640.0,14524.0,11.942615357652535,High
F81130,"ACCURX LIMITED, TPP",30.0,4.0,26.0,5993.0,0.22753818849263532,Low
F81131,ACCURX LIMITED,121.0,80.0,41.0,9229.0,0.5959475566150179,Low
F81132,ACCURX LIMITED,5859.0,3589.0,2270.0,17255.0,15.434261478886226,High
F81133,CONTINUUM HEALTH LIMITED,3975.0,2791.0,1184.0,12277.0,14.717098491636245,High
F81136,TPP,43.0,8.0,35.0,15108.0,0.1293715551062652,Low
F81137,ACCURX LIMITED,1580.0,1230.0,350.0,7228.0,9.936107058409217,Mid
F81141,CONTINUUM HEALTH LIMITED,1210.0,1043.0,167.0,14445.0,3.8075458636206303,Mid
F81142,ACCURX LIMITED,117.0,38.0,79.0,6762.0,0.7864806001451964,Low
F81147,CONTINUUM HEALTH LIMITED,999.0,760.0,239.0,5010.0,9.063690800217746,Mid
F81149,ACCURX LIMITED,521.0,436.0,85.0,11406.0,2.0762597038241437,Mid
F81150,ACCURX LIMITED,1904.0,1593.0,311.0,13180.0,6.566422954890329,Mid
F81153,ACCURX LIMITED,3043.0,2394.0,649.0,13458.0,10.277766519407178,High
F81158,ACCURX LIMITED,1019.0,671.0,348.0,3726.0,12.431074025276923,High
F81159,ACCURX LIMITED,730.0,310.0,420.0,7127.0,4.6557904001428625,Mid
F81163,ACCURX LIMITED,1821.0,1442.0,379.0,7225.0,11.456432840515886,High
F81164,ACCURX LIMITED,2019.0,1150.0,869.0,9327.0,9.839468990321354,Mid
F81165,ACCURX LIMITED,21.0,5.0,16.0,4557.0,0.20946795140343524,Low
F81169,ACCURX LIMITED,2489.0,1630.0,859.0,7879.0,14.359228789994114,High
F81170,"PATCHS HEALTH LIMITED, TPP",1640.0,567.0,1073.0,13736.0,5.427013289564251,Mid
F81173,ACCURX LIMITED,61.0,28.0,33.0,6344.0,0.43706293706293714,Low
F81176,CONTINUUM HEALTH LIMITED,905.0,598.0,307.0,3286.0,12.518674265478891,High
F81177,ACCURX LIMITED,1221.0,839.0,382.0,4305.0,12.89198606271777,High
F81183,ACCURX LIMITED,1126.0,994.0,132.0,6011.0,8.514692760242585,Mid
F81186,ACCURX LIMITED,1680.0,1189.0,491.0,7100.0,10.755441741357233,High
F81193,ACCURX LIMITED,94.0,59.0,35.0,7233.0,0.590726845392959,Low
F81198,ACCURX LIMITED,449.0,365.0,84.0,2590.0,7.87995787995788,Mid
F81205,CONTINUUM HEALTH LIMITED,1252.0,857.0,395.0,5796.0,9.81868373172721,Mid
F81207,CONTINUUM HEALTH LIMITED,613.0,481.0,132.0,2816.0,9.89475723140496,Mid
F81212,"ACCURX LIMITED, Engage Health Systems Limited",3569.0,1993.0,1576.0,9611.0,16.87933333963924,High
F81213,ACCURX LIMITED,1549.0,1218.0,331.0,7591.0,9.275338019903954,Mid
F81215,ACCURX LIMITED,310.0,155.0,155.0,10061.0,1.400547568920494,Low
F81216,ACCURX LIMITED,115.0,61.0,54.0,4434.0,1.1789067946036822,Low
F81221,ACCURX LIMITED,2029.0,1058.0,971.0,5070.0,18.19078357539896,High
F81222,ACCURX LIMITED,1181.0,916.0,265.0,5043.0,10.64481819984497,High
F81223,ACCURX LIMITED,1384.0,751.0,633.0,3315.0,18.977101330042505,High
F81606,ACCURX LIMITED,827.0,641.0,186.0,2917.0,12.886838906722348,High
F81613,TPP,202.0,136.0,66.0,8784.0,1.0452889551250206,Low
F81618,"ACCURX LIMITED, TPP",37.0,26.0,11.0,4549.0,0.36971162493255255,Low
F81619,ACCURX LIMITED,12.0,6.0,6.0,3928.0,0.1388631734863914,Low
F81632,ACCURX LIMITED,2057.0,1169.0,888.0,6199.0,15.083077915792868,High
F81633,ACCURX LIMITED,1377.0,828.0,549.0,5366.0,11.664351302815708,High
F81635,TPP,276.0,235.0,41.0,2457.0,5.106005106005106,Mid
F81636,ACCURX LIMITED,5944.0,3864.0,2080.0,18362.0,14.714182451901655,High
F81640,ACCURX LIMITED,1128.0,728.0,400.0,4363.0,11.751713791594607,High
F81645,ACCURX LIMITED,910.0,725.0,185.0,4275.0,9.675704412546517,Mid
F81649,CONTINUUM HEALTH LIMITED,1611.0,949.0,662.0,4534.0,16.15069976340378,High
F81656,ACCURX LIMITED,109.0,43.0,66.0,2717.0,1.8235353163582828,Low
F81665,ACCURX LIMITED,1105.0,724.0,381.0,5112.0,9.825366339450847,Mid
F81666,ACCURX LIMITED,1270.0,608.0,662.0,3321.0,17.382497057293804,High
F81669,ACCURX LIMITED,2022.0,1436.0,586.0,7013.0,13.105531286053173,High
F81674,TPP,2930.0,2655.0,275.0,11733.0,11.351045613382611,High
F81679,ACCURX LIMITED,2065.0,1523.0,542.0,7641.0,12.284208397282601,High
F81683,ACCURX LIMITED,418.0,231.0,187.0,11522.0,1.6490192674882833,Low
F81690,ACCURX LIMITED,937.0,707.0,230.0,6237.0,6.828749252991677,Mid
F81696,TPP,681.0,581.0,100.0,2795.0,11.07497154008782,High
F81697,ACCURX LIMITED,482.0,313.0,169.0,2791.0,7.849907169147585,Mid
F81700,"ACCURX LIMITED, TPP",1031.0,822.0,209.0,3841.0,12.200894653380987,High
F81707,ACCURX LIMITED,1728.0,1168.0,560.0,5975.0,13.145682769113732,High
F81708,ACCURX LIMITED,3571.0,2421.0,1150.0,11639.0,13.946059095986065,High
F81711,ACCURX LIMITED,950.0,700.0,250.0,3545.0,12.181048852416978,High
F81713,ACCURX LIMITED,9.0,3.0,6.0,2519.0,0.16240210761846333,Low
F81716,ACCURX LIMITED,3131.0,2086.0,1045.0,10139.0,14.03670794143227,High
F81729,ACCURX LIMITED,710.0,563.0,147.0,3476.0,9.284443979495764,Mid
F81730,ACCURX LIMITED,2135.0,1934.0,201.0,7294.0,13.304833362414938,High
F81732,ACCURX LIMITED,2195.0,890.0,1305.0,6768.0,14.74183322587578,High
F81737,ACCURX LIMITED,130.0,98.0,32.0,3382.0,1.7472178915112089,Low
F81740,"CONTINUUM HEALTH LIMITED, Engage Health Systems Limited",2185.0,1431.0,754.0,6501.0,15.277369915117953,High
F81741,ACCURX LIMITED,3868.0,2742.0,1126.0,11057.0,15.901074596923378,High
F81744,TPP,192.0,164.0,28.0,2670.0,3.268641470888662,Mid
F81746,ACCURX LIMITED,125.0,39.0,86.0,3618.0,1.5704306749082868,Low
F81757,CONTINUUM HEALTH LIMITED,1748.0,1304.0,444.0,6554.0,12.123061558520822,High
F82002,ACCURX LIMITED,178.0,56.0,122.0,7539.0,1.073207201340906,Low
F82008,Klinik Healthcare Solutions UK Ltd,4278.0,2141.0,2137.0,12660.0,15.359758724687634,High
F82009,ACCURX LIMITED,653.0,394.0,259.0,21558.0,1.3768354291593925,Low
F82010,ACCURX LIMITED,274.0,123.0,151.0,8630.0,1.4431686505846415,Low
F82011,Klinik Healthcare Solutions UK Ltd,2051.0,457.0,1594.0,9422.0,9.894637309198973,Mid
F82013,ACCURX LIMITED,290.0,200.0,90.0,17938.0,0.7348543974700736,Low
F82014,ACCURX LIMITED,74.0,27.0,47.0,7279.0,0.46210143751014743,Low
F82016,ACCURX LIMITED,268.0,146.0,122.0,5892.0,2.0675183607973833,Mid
F82019,ACCURX LIMITED,123.0,50.0,73.0,6409.0,0.8723527993304869,Low
F82021,ACCURX LIMITED,347.0,174.0,173.0,9626.0,1.638554672005742,Low
F82030,ACCURX LIMITED,272.0,122.0,150.0,15031.0,0.822542503069414,Low
F82031,ACCURX LIMITED,40.0,14.0,26.0,4203.0,0.4325914390154219,Low
F82055,ACCURX LIMITED,685.0,375.0,310.0,13466.0,2.31222067699121,Mid
F82604,ACCURX LIMITED,291.0,148.0,143.0,6072.0,2.178404599353216,Mid
F82634,Klinik Healthcare Solutions UK Ltd,1705.0,862.0,843.0,6701.0,11.565437994329203,High
F82649,No Data,0.0,0.0,0.0,4453.0,0.0,Low
F82660,ACCURX LIMITED,4329.0,3686.0,643.0,18952.0,10.382689282013892,High
F82670,ACCURX LIMITED,369.0,164.0,205.0,6023.0,2.784779557152129,Mid
F82674,ACCURX LIMITED,686.0,401.0,285.0,5985.0,5.209994683678894,Mid
F82675,ACCURX LIMITED,80.0,49.0,31.0,3394.0,1.0714094391171587,Low
F82677,ACCURX LIMITED,752.0,502.0,250.0,8921.0,3.831612844055395,Mid
F82686,ACCURX LIMITED,249.0,161.0,88.0,4976.0,2.274554223911137,Mid
F83003,ACCURX LIMITED,638.0,374.0,264.0,7481.0,3.8764871006549924,Mid
F83004,No Data,0.0,0.0,0.0,31077.0,0.0,Low
F83005,ACCURX LIMITED,2090.0,1504.0,586.0,21092.0,4.5040773753081735,Mid
F83006,ACCURX LIMITED,4132.0,2691.0,1441.0,15315.0,12.263674947318433,High
F83008,SILICON PRACTICE LTD,825.0,0.0,0.0,11826.0,3.170979198376459,Mid
F83015,ACCURX LIMITED,2878.0,2062.0,816.0,13163.0,9.938325747791675,Mid
F83017,ACCURX LIMITED,631.0,398.0,233.0,17337.0,1.6543703167686556,Low
F83018,ACCURX LIMITED,332.0,169.0,163.0,7856.0,1.9209405665617476,Mid
F83020,SILICON PRACTICE LTD,2993.0,8.0,2985.0,11562.0,11.766602192134105,High
F83022,ACCURX LIMITED,1216.0,688.0,528.0,16495.0,3.3508776764308745,Mid
F83023,ACCURX LIMITED,7962.0,6110.0,1852.0,23599.0,15.335780791944188,High
F83039,ACCURX LIMITED,55.0,30.0,25.0,4755.0,0.5257623554153522,Low
F83043,ACCURX LIMITED,902.0,511.0,391.0,16310.0,2.513795217657879,Mid
F83044,ACCURX LIMITED,2024.0,1252.0,772.0,9031.0,10.187133207839663,High
F83057,ACCURX LIMITED,783.0,556.0,227.0,8331.0,4.2721052803876,Mid
F83059,ACCURX LIMITED,5400.0,3956.0,1444.0,22642.0,10.84067420963455,High
F83061,ACCURX LIMITED,250.0,106.0,144.0,5446.0,2.0866023436717525,Mid
F83632,ACCURX LIMITED,2310.0,1854.0,456.0,6516.0,16.114180478821364,High
F83664,ACCURX LIMITED,3217.0,2581.0,636.0,13176.0,11.098001876690402,High
F83665,ACCURX LIMITED,4353.0,2537.0,1816.0,17045.0,11.608309554921464,High
F83666,ACCURX LIMITED,470.0,350.0,120.0,6552.0,3.2606282606282604,Mid
F83671,ACCURX LIMITED,242.0,189.0,53.0,3141.0,3.502069404648201,Mid
F83674,ACCURX LIMITED,611.0,422.0,189.0,8788.0,3.160301237224314,Mid
F83678,ACCURX LIMITED,76.0,64.0,12.0,2074.0,1.665643902866661,Low
F83686,ACCURX LIMITED,352.0,187.0,165.0,10773.0,1.485194467650608,Low
F84003,CONTINUUM HEALTH LIMITED,4550.0,4235.0,315.0,14915.0,13.866455368299148,High
F84004,ACCURX LIMITED,3119.0,2259.0,860.0,13304.0,10.656398622423877,High
F84006,ACCURX LIMITED,4773.0,3762.0,1011.0,16840.0,12.883286547182035,High
F84008,Klinik Healthcare Solutions UK Ltd,3335.0,1324.0,2011.0,12342.0,12.28252382846452,High
F84009,ACCURX LIMITED,2586.0,1975.0,611.0,14196.0,8.280181357104434,Mid
F84010,ACCURX LIMITED,3364.0,2097.0,1267.0,10314.0,14.825391788742575,High
F84013,ACCURX LIMITED,985.0,679.0,306.0,18419.0,2.4307903400145108,Mid
F84014,ACCURX LIMITED,1767.0,1444.0,323.0,7595.0,10.575139146567718,High
F84016,ACCURX LIMITED,2940.0,2305.0,635.0,11415.0,11.707083980408555,High
F84017,Klinik Healthcare Solutions UK Ltd,7471.0,3201.0,4270.0,20112.0,16.884989513271137,High
F84018,ACCURX LIMITED,4571.0,3535.0,1036.0,12362.0,16.807371563883457,High
F84022,Klinik Healthcare Solutions UK Ltd,125.0,0.0,125.0,8768.0,0.6480175846051759,Low
F84025,ACCURX LIMITED,1010.0,666.0,344.0,11507.0,3.989666369087591,Mid
F84030,ACCURX LIMITED,857.0,697.0,160.0,3824.0,10.18685812095854,High
F84033,ACCURX LIMITED,443.0,250.0,193.0,11047.0,1.8227902268818355,Low
F84034,ACCURX LIMITED,3300.0,2636.0,664.0,12861.0,11.663167716351762,High
F84036,ACCURX LIMITED,462.0,315.0,147.0,9008.0,2.331261101243339,Mid
F84044,ACCURX LIMITED,2050.0,1589.0,461.0,7975.0,11.684240524365917,High
F84047,Klinik Healthcare Solutions UK Ltd,3993.0,1602.0,2391.0,10817.0,16.779143940094297,High
F84050,Klinik Healthcare Solutions UK Ltd,1274.0,773.0,501.0,12197.0,4.747814291144618,Mid
F84051,Klinik Healthcare Solutions UK Ltd,1728.0,1509.0,219.0,9879.0,7.950749523783231,Mid
F84052,ACCURX LIMITED,5312.0,2993.0,2319.0,17012.0,14.193189833914028,High
F84053,ACCURX LIMITED,123.0,82.0,41.0,6952.0,0.8042159221675906,Low
F84055,ACCURX LIMITED,154.0,63.0,91.0,3754.0,1.8646776771443792,Low
F84060,ACCURX LIMITED,163.0,72.0,91.0,4726.0,1.5677297734005309,Low
F84062,ACCURX LIMITED,3720.0,3087.0,633.0,14176.0,11.927970449415144,High
F84069,ACCURX LIMITED,4180.0,2611.0,1569.0,13512.0,14.061574896388397,High
F84070,ACCURX LIMITED,821.0,457.0,364.0,9831.0,3.795970076104345,Mid
F84072,ACCURX LIMITED,3288.0,2147.0,1141.0,13601.0,10.98849683512576,High
F84074,ACCURX LIMITED,3221.0,1990.0,1231.0,9933.0,14.73966484537309,High
F84077,Klinik Healthcare Solutions UK Ltd,2901.0,1418.0,1483.0,9615.0,13.714366756488442,High
F84079,ACCURX LIMITED,667.0,439.0,228.0,10686.0,2.837187143756487,Mid
F84080,ACCURX LIMITED,1584.0,1166.0,418.0,9439.0,7.627926687149062,Mid
F84083,ACCURX LIMITED,3763.0,2809.0,954.0,9804.0,17.446496791662028,High
F84086,Klinik Healthcare Solutions UK Ltd,83.0,0.0,83.0,6347.0,0.5944111033129467,Low
F84087,ACCURX LIMITED,2153.0,946.0,1207.0,9407.0,10.403278023135577,High
F84088,ACCURX LIMITED,1767.0,1464.0,303.0,7902.0,10.164285221232829,High
F84092,ACCURX LIMITED,2454.0,1928.0,526.0,14173.0,7.870278314079908,Mid
F84096,ACCURX LIMITED,4484.0,3181.0,1303.0,17121.0,11.90457226903696,High
F84097,ACCURX LIMITED,3653.0,2746.0,907.0,12401.0,13.389682650226154,High
F84105,ACCURX LIMITED,954.0,425.0,529.0,11202.0,3.8710619856843747,Mid
F84111,ACCURX LIMITED,1008.0,366.0,642.0,10348.0,4.427733070949151,Mid
F84114,ACCURX LIMITED,3091.0,2614.0,477.0,11059.0,12.70458450131115,High
F84115,ACCURX LIMITED,1079.0,775.0,304.0,9118.0,5.378970667411115,Mid
F84117,Klinik Healthcare Solutions UK Ltd,2771.0,985.0,1786.0,9594.0,13.128470445543615,High
F84118,ACCURX LIMITED,3236.0,2507.0,729.0,12504.0,11.763508404583263,High
F84119,Klinik Healthcare Solutions UK Ltd,3223.0,2154.0,1069.0,12399.0,11.81546898943463,High
F84121,ACCURX LIMITED,3728.0,2818.0,910.0,15569.0,10.884099521776958,High
F84122,ACCURX LIMITED,5025.0,3742.0,1283.0,16728.0,13.654297639233079,High
F84123,ACCURX LIMITED,3378.0,2879.0,499.0,17836.0,8.608738200574935,Mid
F84124,ACCURX LIMITED,1157.0,923.0,234.0,5185.0,10.142894713772245,High
F84601,ACCURX LIMITED,2127.0,1049.0,1078.0,7391.0,13.081019913654199,High
F84619,ACCURX LIMITED,1319.0,709.0,610.0,5108.0,11.737381647326833,High
F84620,ACCURX LIMITED,659.0,396.0,263.0,8264.0,3.624702983367069,Mid
F84632,"ACCURX LIMITED, SILICON PRACTICE LTD",13.0,7.0,3.0,824.0,0.7171226831421006,Low
F84636,ACCURX LIMITED,1464.0,978.0,486.0,6301.0,10.561094198612052,High
F84640,ACCURX LIMITED,2109.0,1676.0,433.0,9522.0,10.06759466116744,High
F84641,ACCURX LIMITED,481.0,208.0,273.0,3043.0,7.184895288740179,Mid
F84658,"ACCURX LIMITED, Engage Health Systems Limited",2384.0,1570.0,814.0,9049.0,11.97520569826902,High
F84660,ACCURX LIMITED,452.0,349.0,103.0,3216.0,6.38851198552691,Mid
F84666,Klinik Healthcare Solutions UK Ltd,1415.0,919.0,496.0,5883.0,10.932888291378857,High
F84668,ACCURX LIMITED,985.0,750.0,235.0,5722.0,7.824663976359187,Mid
F84669,ACCURX LIMITED,2436.0,1290.0,1146.0,9494.0,11.662868414501025,High
F84670,ACCURX LIMITED,1492.0,1211.0,281.0,6524.0,10.395184214926704,High
F84672,ACCURX LIMITED,1614.0,1288.0,326.0,8158.0,8.992845840112327,Mid
F84677,ACCURX LIMITED,2194.0,1592.0,602.0,7286.0,13.687520275497217,High
F84686,ACCURX LIMITED,37.0,32.0,5.0,9207.0,0.18266733809255806,Low
F84694,ACCURX LIMITED,1010.0,765.0,245.0,4748.0,9.669142988435322,Mid
F84696,ACCURX LIMITED,1417.0,1046.0,371.0,5754.0,11.193794040509369,High
F84698,ACCURX LIMITED,4109.0,3237.0,872.0,14442.0,12.932608175649305,High
F84717,ACCURX LIMITED,2500.0,2164.0,336.0,11992.0,9.476014312572017,Mid
F84718,ACCURX LIMITED,3526.0,2478.0,1048.0,13941.0,11.496501490045711,High
F84719,ACCURX LIMITED,772.0,628.0,144.0,5753.0,6.0995844065546825,Mid
F84720,ACCURX LIMITED,706.0,634.0,72.0,5134.0,6.25066402238198,Mid
F84724,ACCURX LIMITED,4719.0,2941.0,1778.0,16887.0,12.702078521939955,High
F84729,ACCURX LIMITED,723.0,551.0,172.0,5035.0,6.527038006680508,Mid
F84730,ACCURX LIMITED,2019.0,1570.0,449.0,9372.0,9.7922244209056,Mid
F84733,ACCURX LIMITED,1.0,1.0,0.0,1078.0,0.042165626581210994,Low
F84735,ACCURX LIMITED,479.0,294.0,185.0,8434.0,2.581542242438614,Mid
F84739,ACCURX LIMITED,1145.0,686.0,459.0,5089.0,10.227049429250256,High
F84740,"ACCURX LIMITED, SILICON PRACTICE LTD",48.0,18.0,26.0,3857.0,0.5656775166757018,Low
F84741,ACCURX LIMITED,305.0,165.0,140.0,2316.0,5.986026063746271,Mid
F84747,ACCURX LIMITED,5767.0,3378.0,2389.0,26357.0,9.94560699762354,Mid
F85002,PATCHS HEALTH LIMITED,9780.0,7968.0,1812.0,93825.0,4.738027759610493,Mid
F85004,PATCHS HEALTH LIMITED,1867.0,1485.0,382.0,12081.0,7.024553957754852,Mid
F85007,ACCURX LIMITED,5848.0,3791.0,2057.0,15616.0,17.02216840536513,High
F85013,PATCHS HEALTH LIMITED,2185.0,1489.0,696.0,9001.0,11.034127521184514,High
F85014,ACCURX LIMITED,1002.0,315.0,687.0,16122.0,2.825049903576141,Mid
F85016,PATCHS HEALTH LIMITED,145.0,91.0,54.0,6845.0,0.9628793412577198,Low
F85017,ACCURX LIMITED,1479.0,1094.0,385.0,6405.0,10.496061315733447,High
F85019,ACCURX LIMITED,4563.0,3651.0,912.0,14498.0,14.306048483176363,High
F85020,ACCURX LIMITED,1256.0,589.0,667.0,10125.0,5.638608305274972,Mid
F85023,ACCURX LIMITED,4240.0,3250.0,990.0,12421.0,15.516244483316376,High
F85025,"ACCURX LIMITED, SILICON PRACTICE LTD",5415.0,3266.0,2089.0,14925.0,16.491548652352673,High
F85032,SILICON PRACTICE LTD,774.0,0.0,0.0,9426.0,3.732422892193739,Mid
F85034,ACCURX LIMITED,1076.0,797.0,279.0,8930.0,5.476941871118803,Mid
F85035,PATCHS HEALTH LIMITED,735.0,431.0,304.0,11578.0,2.885566670330878,Mid
F85044,PATCHS HEALTH LIMITED,214.0,124.0,90.0,6982.0,1.3931928856019373,Low
F85058,PATCHS HEALTH LIMITED,112.0,91.0,21.0,5949.0,0.8557587982701448,Low
F85061,ACCURX LIMITED,24.0,15.0,9.0,2772.0,0.3935458480913026,Low
F85063,ACCURX LIMITED,604.0,256.0,348.0,17710.0,1.5502284276987834,Low
F85066,ACCURX LIMITED,5415.0,4018.0,1397.0,18433.0,13.353027919294941,High
F85067,ACCURX LIMITED,1009.0,775.0,234.0,4140.0,11.078173034694773,High
F85069,ACCURX LIMITED,3393.0,1873.0,1520.0,9194.0,16.774774062135386,High
F85625,ACCURX LIMITED,592.0,350.0,242.0,6942.0,3.8762735391948877,Mid
F85628,ACCURX LIMITED,3922.0,2543.0,1379.0,10072.0,17.699833923026933,High
F85634,"ACCURX LIMITED, SILICON PRACTICE LTD",2421.0,1641.0,778.0,9568.0,11.501406202493158,High
F85642,ACCURX LIMITED,731.0,471.0,260.0,8992.0,3.6952038175347783,Mid
F85650,ACCURX LIMITED,444.0,326.0,118.0,5936.0,3.3999019848076455,Mid
F85669,ACCURX LIMITED,48.0,39.0,9.0,23334.0,0.09350382196872298,Low
F85682,ACCURX LIMITED,1897.0,1369.0,528.0,6122.0,14.084820765644025,High
F85687,PATCHS HEALTH LIMITED,622.0,450.0,172.0,8571.0,3.2986497809738977,Mid
F85688,ACCURX LIMITED,2589.0,2061.0,528.0,10338.0,11.383422149527778,High
F85700,ACCURX LIMITED,158.0,106.0,52.0,8003.0,0.8973907511955744,Low
F85701,ACCURX LIMITED,1275.0,720.0,555.0,12283.0,4.718272853093336,Mid
F86001,Klinik Healthcare Solutions UK Ltd,5534.0,1799.0,3735.0,12105.0,20.780293642747175,High
F86004,ACCURX LIMITED,4783.0,3499.0,1284.0,15354.0,14.159768849100619,High
F86005,Klinik Healthcare Solutions UK Ltd,811.0,381.0,430.0,7780.0,4.738256602009815,Mid
F86006,Klinik Healthcare Solutions UK Ltd,469.0,299.0,170.0,6341.0,3.3619589683302036,Mid
F86007,ACCURX LIMITED,347.0,202.0,145.0,13671.0,1.1537361767776515,Low
F86008,Klinik Healthcare Solutions UK Ltd,3577.0,2696.0,881.0,15114.0,10.757635906504506,High
F86010,Klinik Healthcare Solutions UK Ltd,4311.0,2607.0,1704.0,16634.0,11.780362237257753,High
F86011,Klinik Healthcare Solutions UK Ltd,2403.0,1752.0,651.0,9148.0,11.94001669515443,High
F86018,ACCURX LIMITED,3031.0,1660.0,1371.0,9853.0,13.982820183977191,High
F86022,ACCURX LIMITED,2899.0,1612.0,1287.0,14984.0,8.794228995777315,Mid
F86023,Klinik Healthcare Solutions UK Ltd,2769.0,1563.0,1206.0,10401.0,12.101109159084354,High
F86025,ACCURX LIMITED,1200.0,830.0,370.0,18711.0,2.9151544303059453,Mid
F86026,Klinik Healthcare Solutions UK Ltd,3009.0,1053.0,1956.0,7417.0,18.440437814847954,High
F86034,ACCURX LIMITED,1074.0,912.0,162.0,7491.0,6.51691120253395,Mid
F86042,ACCURX LIMITED,427.0,328.0,99.0,5891.0,3.2947022422493477,Mid
F86044,ACCURX LIMITED,2277.0,1829.0,448.0,10456.0,9.898622800306045,Mid
F86057,ACCURX LIMITED,2867.0,1614.0,1253.0,9033.0,14.426899348852187,High
F86058,Klinik Healthcare Solutions UK Ltd,5754.0,691.0,5063.0,14812.0,17.657673139714728,High
F86060,Klinik Healthcare Solutions UK Ltd,2872.0,2143.0,729.0,14378.0,9.07952806686984,Mid
F86062,Klinik Healthcare Solutions UK Ltd,207.0,72.0,135.0,6054.0,1.5541940715379765,Low
F86081,ACCURX LIMITED,310.0,118.0,192.0,7087.0,1.9882755878240568,Mid
F86082,ACCURX LIMITED,483.0,343.0,140.0,6108.0,3.5943918556885164,Mid
F86085,Klinik Healthcare Solutions UK Ltd,31.0,20.0,11.0,3497.0,0.4029427821249383,Low
F86607,Klinik Healthcare Solutions UK Ltd,7654.0,2899.0,4755.0,19613.0,17.7386983586953,High
F86625,ACCURX LIMITED,246.0,148.0,98.0,5574.0,2.0060671298561505,Mid
F86627,Klinik Healthcare Solutions UK Ltd,3772.0,2593.0,1179.0,13736.0,12.482130565997776,High
F86650,Klinik Healthcare Solutions UK Ltd,2296.0,1758.0,538.0,9510.0,10.974094254851352,High
F86652,Klinik Healthcare Solutions UK Ltd,232.0,53.0,179.0,6922.0,1.5234693073467993,Low
F86658,ACCURX LIMITED,761.0,607.0,154.0,6548.0,5.282667851391126,Mid
F86679,Klinik Healthcare Solutions UK Ltd,2340.0,1056.0,1284.0,7238.0,14.695169434047575,High
F86696,Klinik Healthcare Solutions UK Ltd,2890.0,1028.0,1862.0,7833.0,16.770539558743312,High
F86698,ACCURX LIMITED,736.0,524.0,212.0,5999.0,5.576687023594841,Mid
F86701,ACCURX LIMITED,113.0,53.0,60.0,3772.0,1.3617082811144317,Low
F86702,ACCURX LIMITED,131.0,83.0,48.0,4623.0,1.2880262718030402,Low
F86705,ACCURX LIMITED,31.0,11.0,20.0,3318.0,0.4246808044276398,Low
F86707,ACCURX LIMITED,103.0,69.0,34.0,6854.0,0.6830782290367934,Low
G81001,ACCURX LIMITED,2444.0,2031.0,413.0,9046.0,12.280666492472816,High
G81002,ACCURX LIMITED,1995.0,1452.0,543.0,5838.0,15.53302812295618,High
G81003,Engage Health Systems Limited,2708.0,2065.0,632.0,17790.0,6.919106750472685,Mid
G81004,ACCURX LIMITED,357.0,298.0,59.0,10109.0,1.6052302628620758,Low
G81006,ACCURX LIMITED,210.0,133.0,77.0,6401.0,1.4912442658107397,Low
G81008,Engage Health Systems Limited,734.0,316.0,418.0,15037.0,2.218769459575471,Mid
G81011,TPP,3632.0,3174.0,458.0,18263.0,9.039638016257411,Mid
G81012,ACCURX LIMITED,1698.0,1441.0,257.0,6941.0,11.11969718798706,High
G81014,CONTINUUM HEALTH LIMITED,1804.0,1515.0,289.0,8525.0,9.618768328445746,Mid
G81016,ACCURX LIMITED,666.0,611.0,55.0,12031.0,2.516227019593323,Mid
G81017,Engage Health Systems Limited,319.0,192.0,127.0,11720.0,1.2372013651877134,Low
G81019,Engage Health Systems Limited,543.0,543.0,0.0,11784.0,2.0945195334197373,Mid
G81021,CONTINUUM HEALTH LIMITED,6728.0,5734.0,994.0,28452.0,10.74856536686988,High
G81022,ACCURX LIMITED,3727.0,2382.0,1345.0,13794.0,12.28136080245693,High
G81023,Engage Health Systems Limited,128.0,47.0,81.0,8437.0,0.6896031549344339,Low
G81028,TPP,812.0,347.0,465.0,11775.0,3.1345300135109055,Mid
G81029,ACCURX LIMITED,5815.0,4122.0,1693.0,18157.0,14.557370811157227,High
G81030,TPP,1554.0,1415.0,139.0,7460.0,9.468681452595662,Mid
G81031,ACCURX LIMITED,5808.0,4111.0,1697.0,19876.0,13.282350573556046,High
G81032,ACCURX LIMITED,1352.0,968.0,384.0,27437.0,2.239842018243447,Mid
G81034,ACCURX LIMITED,6826.0,3844.0,2982.0,31611.0,9.815340459736397,Mid
G81037,"ACCURX LIMITED, CONTINUUM HEALTH LIMITED",1468.0,1131.0,337.0,9863.0,6.765413436811591,Mid
G81038,Engage Health Systems Limited,818.0,226.0,592.0,17225.0,2.158596120860272,Mid
G81039,Engage Health Systems Limited,699.0,357.0,342.0,19985.0,1.5898287351877542,Low
G81041,Engage Health Systems Limited,722.0,382.0,340.0,13425.0,2.4445573048925002,Mid
G81042,TPP,3685.0,3500.0,185.0,13502.0,12.405569545252554,High
G81043,TPP,1606.0,1558.0,48.0,7115.0,10.260014054813773,High
G81046,RAPID HEALTH,2649.0,1929.0,720.0,11232.0,10.720182595182594,High
G81047,ACCURX LIMITED,173.0,68.0,105.0,6825.0,1.1521811521811522,Low
G81048,Engage Health Systems Limited,502.0,214.0,288.0,8594.0,2.6551293714430786,Mid
G81049,ACCURX LIMITED,1810.0,1400.0,410.0,6670.0,12.334741720049067,High
G81050,Engage Health Systems Limited,237.0,102.0,135.0,11997.0,0.8979517606674395,Low
G81051,Engage Health Systems Limited,312.0,229.0,83.0,7310.0,1.9400572068150728,Mid
G81052,Engage Health Systems Limited,105.0,87.0,18.0,4223.0,1.1301745850644738,Low
G81057,Engage Health Systems Limited,58.0,40.0,18.0,6204.0,0.4249457827794385,Low
G81059,"CONTINUUM HEALTH LIMITED, Engage Health Systems Limited",3319.0,2684.0,635.0,10893.0,13.849594819024729,High
G81061,TPP,963.0,869.0,94.0,5090.0,8.59974995534917,Mid
G81065,RAPID HEALTH,2373.0,1599.0,774.0,8751.0,12.325864057094774,High
G81070,ACCURX LIMITED,6559.0,4559.0,2000.0,25080.0,11.887414818036829,High
G81074,Engage Health Systems Limited,1215.0,806.0,409.0,19294.0,2.862406588953702,Mid
G81075,TPP,1907.0,1810.0,97.0,6550.0,13.233865371269951,High
G81076,ACCURX LIMITED,4384.0,2940.0,1444.0,12858.0,15.49795670187644,High
G81077,"ACCURX LIMITED, Engage Health Systems Limited",5422.0,3974.0,1448.0,16575.0,14.869052516111338,High
G81082,Engage Health Systems Limited,321.0,217.0,104.0,6216.0,2.3473148473148475,Mid
G81083,TPP,1096.0,970.0,126.0,11950.0,4.168885507797641,Mid
G81085,Engage Health Systems Limited,62.0,62.0,0.0,3890.0,0.7244683337228324,Low
G81086,ACCURX LIMITED,50.0,27.0,23.0,7753.0,0.293141657774703,Low
G81087,Engage Health Systems Limited,34.0,25.0,9.0,6812.0,0.22687236427694443,Low
G81088,ACCURX LIMITED,177.0,0.0,177.0,21841.0,0.3683647518636759,Low
G81089,Engage Health Systems Limited,31.0,31.0,0.0,3460.0,0.4072517078297425,Low
G81095,"Engage Health Systems Limited, RAPID HEALTH",3074.0,2058.0,886.0,25396.0,5.501940176692106,Mid
G81096,ACCURX LIMITED,186.0,74.0,112.0,2930.0,2.8855103940428175,Mid
G81098,ACCURX LIMITED,144.0,96.0,48.0,13875.0,0.4717444717444717,Low
G81099,ACCURX LIMITED,2642.0,2075.0,567.0,8894.0,13.5024633562974,High
G81100,TPP,4636.0,4320.0,316.0,19234.0,10.955977577585147,High
G81102,ACCURX LIMITED,4199.0,1316.0,2883.0,15400.0,12.393742621015349,High
G81104,ACCURX LIMITED,2846.0,2591.0,255.0,13274.0,9.745640828961605,Mid
G81613,ACCURX LIMITED,60.0,44.0,16.0,5193.0,0.5251825009190694,Low
G81634,"ACCURX LIMITED, Engage Health Systems Limited",2081.0,1442.0,639.0,5839.0,16.199847420946924,High
G81638,ACCURX LIMITED,8007.0,5834.0,2173.0,24250.0,15.008434864104968,High
G81641,Engage Health Systems Limited,123.0,68.0,55.0,3886.0,1.4387311093435644,Low
G81658,Engage Health Systems Limited,1529.0,774.0,755.0,17849.0,3.893775561656115,Mid
G81689,ACCURX LIMITED,4.0,2.0,2.0,1359.0,0.13378821325841195,Low
G81694,ACCURX LIMITED,69.0,40.0,29.0,2802.0,1.1193303484524042,Low
G82002,CONTINUUM HEALTH LIMITED,2905.0,1502.0,1403.0,9681.0,13.639650299086306,High
G82006,CONTINUUM HEALTH LIMITED,2565.0,2328.0,237.0,15305.0,7.617831368239732,Mid
G82007,CONTINUUM HEALTH LIMITED,450.0,330.0,120.0,6462.0,3.1653583185616614,Mid
G82013,ACCURX LIMITED,1016.0,628.0,388.0,14842.0,3.111563009150935,Mid
G82014,CONTINUUM HEALTH LIMITED,3551.0,3176.0,375.0,20268.0,7.963740423775948,Mid
G82016,"CONTINUUM HEALTH LIMITED, Engage Health Systems Limited",3082.0,2428.0,654.0,11232.0,12.472481222481223,High
G82019,ACCURX LIMITED,4153.0,3264.0,889.0,13448.0,14.037234330214698,High
G82020,CONTINUUM HEALTH LIMITED,1908.0,1683.0,225.0,12407.0,6.990188823025124,Mid
G82022,CONTINUUM HEALTH LIMITED,2362.0,2016.0,346.0,9558.0,11.232855865624227,High
G82023,CONTINUUM HEALTH LIMITED,586.0,541.0,45.0,6769.0,3.935051504855021,Mid
G82024,CONTINUUM HEALTH LIMITED,4650.0,3500.0,1150.0,25651.0,8.239976467336025,Mid
G82025,CONTINUUM HEALTH LIMITED,4521.0,3461.0,1060.0,18992.0,10.820345408593091,High
G82026,CONTINUUM HEALTH LIMITED,1288.0,1013.0,275.0,8177.0,7.159771865654219,Mid
G82031,CONTINUUM HEALTH LIMITED,2513.0,1895.0,618.0,10989.0,10.394692212874032,High
G82032,RAPID HEALTH,2966.0,2647.0,319.0,15361.0,8.776653982044255,Mid
G82035,CONTINUUM HEALTH LIMITED,864.0,791.0,73.0,9459.0,4.151889974915665,Mid
G82037,CONTINUUM HEALTH LIMITED,4363.0,3685.0,678.0,16695.0,11.878896784557162,High
G82041,CONTINUUM HEALTH LIMITED,4018.0,2511.0,1507.0,13960.0,13.082834071372753,High
G82042,CONTINUUM HEALTH LIMITED,939.0,726.0,213.0,18112.0,2.3565491487311276,Mid
G82044,CONTINUUM HEALTH LIMITED,5065.0,4080.0,985.0,21799.0,10.561368536505011,High
G82046,CONTINUUM HEALTH LIMITED,1132.0,960.0,172.0,5950.0,8.647822765469824,Mid
G82048,CONTINUUM HEALTH LIMITED,1822.0,1539.0,283.0,9594.0,8.632289120093999,Mid
G82051,CONTINUUM HEALTH LIMITED,2645.0,2257.0,388.0,13136.0,9.152502491418447,Mid
G82052,CONTINUUM HEALTH LIMITED,3001.0,2534.0,467.0,16997.0,8.025480432375767,Mid
G82056,CONTINUUM HEALTH LIMITED,1404.0,1258.0,146.0,10874.0,5.868878224956944,Mid
G82059,"CONTINUUM HEALTH LIMITED, Engage Health Systems Limited",5369.0,3787.0,1582.0,18568.0,13.14333555285731,High
G82063,CONTINUUM HEALTH LIMITED,2764.0,2510.0,254.0,12888.0,9.748321200835166,Mid
G82066,CONTINUUM HEALTH LIMITED,6023.0,5183.0,840.0,25461.0,10.752630582959322,High
G82073,CONTINUUM HEALTH LIMITED,1807.0,1473.0,334.0,10294.0,7.979052228129361,Mid
G82074,ACCURX LIMITED,5040.0,3698.0,1342.0,16057.0,14.267354368244945,High
G82076,ACCURX LIMITED,608.0,351.0,257.0,16936.0,1.6318117404560484,Low
G82079,ACCURX LIMITED,104.0,61.0,43.0,9887.0,0.4781301433470949,Low
G82080,Klinik Healthcare Solutions UK Ltd,10072.0,7786.0,2286.0,38173.0,11.993246059208913,High
G82083,CONTINUUM HEALTH LIMITED,2774.0,2518.0,256.0,14847.0,8.492686003294207,Mid
G82085,CONTINUUM HEALTH LIMITED,1328.0,1138.0,190.0,12075.0,4.999058912102391,Mid
G82087,"CONTINUUM HEALTH LIMITED, SILICON PRACTICE LTD",3251.0,2763.0,486.0,17737.0,8.331325887846155,Mid
G82089,CONTINUUM HEALTH LIMITED,131.0,31.0,100.0,9005.0,0.6612488011710667,Low
G82090,CONTINUUM HEALTH LIMITED,934.0,793.0,141.0,17915.0,2.369776469692741,Mid
G82092,ACCURX LIMITED,1766.0,1494.0,272.0,8401.0,9.555139539665191,Mid
G82093,ACCURX LIMITED,2380.0,1778.0,602.0,10189.0,10.617510862873509,High
G82094,CONTINUUM HEALTH LIMITED,2493.0,2181.0,312.0,11324.0,10.00690408143605,Mid
G82097,CONTINUUM HEALTH LIMITED,3985.0,3277.0,708.0,15536.0,11.659137721187154,High
G82098,CONTINUUM HEALTH LIMITED,393.0,331.0,62.0,8854.0,2.017578084892293,Mid
G82105,CONTINUUM HEALTH LIMITED,1285.0,917.0,368.0,18639.0,3.133703037131333,Mid
G82107,CONTINUUM HEALTH LIMITED,2400.0,2008.0,392.0,9477.0,11.511122622233735,High
G82108,ACCURX LIMITED,1572.0,1219.0,353.0,6920.0,10.325801366263795,High
G82111,CONTINUUM HEALTH LIMITED,2529.0,2236.0,293.0,11295.0,10.177471930459978,High
G82113,CONTINUUM HEALTH LIMITED,636.0,571.0,65.0,7819.0,3.69728749316932,Mid
G82114,ACCURX LIMITED,584.0,411.0,173.0,15591.0,1.7026139789272365,Low
G82118,CONTINUUM HEALTH LIMITED,4534.0,3154.0,1380.0,13956.0,14.76719039057818,High
G82119,CONTINUUM HEALTH LIMITED,966.0,768.0,198.0,24952.0,1.7597423416596227,Low
G82120,ACCURX LIMITED,1110.0,791.0,319.0,15276.0,3.3028636720702704,Mid
G82121,"CONTINUUM HEALTH LIMITED, Engage Health Systems Limited",2836.0,2355.0,481.0,12641.0,10.1976972477724,High
G82122,No Data,0.0,0.0,0.0,37608.0,0.0,Low
G82125,CONTINUUM HEALTH LIMITED,3731.0,2750.0,981.0,11714.0,14.477625840098096,High
G82126,CONTINUUM HEALTH LIMITED,2934.0,2685.0,249.0,15349.0,8.688750821788805,Mid
G82135,CONTINUUM HEALTH LIMITED,4535.0,3921.0,614.0,21191.0,9.72754299638354,Mid
G82137,CONTINUUM HEALTH LIMITED,2128.0,1729.0,399.0,9867.0,9.803108617337866,Mid
G82138,CONTINUUM HEALTH LIMITED,212.0,187.0,25.0,4668.0,2.0643452520059205,Mid
G82139,CONTINUUM HEALTH LIMITED,1276.0,1092.0,184.0,8758.0,6.622516556291391,Mid
G82147,CONTINUUM HEALTH LIMITED,395.0,287.0,108.0,5947.0,3.0190928963419297,Mid
G82150,CONTINUUM HEALTH LIMITED,1432.0,925.0,507.0,7084.0,9.188440018479545,Mid
G82152,CONTINUUM HEALTH LIMITED,1826.0,1372.0,454.0,6805.0,12.196914033798675,High
G82155,CONTINUUM HEALTH LIMITED,803.0,706.0,97.0,6434.0,5.672987255206714,Mid
G82158,ACCURX LIMITED,355.0,229.0,126.0,5366.0,3.007149391793447,Mid
G82161,CONTINUUM HEALTH LIMITED,7679.0,6542.0,1137.0,30897.0,11.297066205309726,High
G82164,CONTINUUM HEALTH LIMITED,2865.0,2485.0,380.0,13128.0,9.919810536812365,Mid
G82170,No Data,0.0,0.0,0.0,3873.0,0.0,Low
G82185,CONTINUUM HEALTH LIMITED,1800.0,1701.0,99.0,8891.0,9.202359894070613,Mid
G82186,ACCURX LIMITED,252.0,150.0,102.0,7962.0,1.438651777762554,Low
G82200,CONTINUUM HEALTH LIMITED,3465.0,2524.0,941.0,10944.0,14.391447368421053,High
G82203,CONTINUUM HEALTH LIMITED,2456.0,1946.0,510.0,10513.0,10.618887438063696,High
G82215,CONTINUUM HEALTH LIMITED,1743.0,1541.0,202.0,7658.0,10.345687219544622,High
G82218,CONTINUUM HEALTH LIMITED,2913.0,2410.0,503.0,12339.0,10.730941803151868,High
G82227,ACCURX LIMITED,1637.0,1266.0,371.0,6165.0,12.069601120696012,High
G82229,ACCURX LIMITED,1878.0,1527.0,351.0,7315.0,11.669670042875783,High
G82231,CONTINUUM HEALTH LIMITED,530.0,461.0,69.0,6915.0,3.483862486031683,Mid
G82233,CONTINUUM HEALTH LIMITED,887.0,801.0,86.0,8693.0,4.638005500768643,Mid
G82234,CONTINUUM HEALTH LIMITED,934.0,857.0,77.0,6238.0,6.805794397971379,Mid
G82235,CONTINUUM HEALTH LIMITED,1243.0,1040.0,203.0,5693.0,9.924468645705254,Mid
G82604,CONTINUUM HEALTH LIMITED,471.0,347.0,124.0,15689.0,1.3645924475167894,Low
G82634,CONTINUUM HEALTH LIMITED,136.0,113.0,23.0,12224.0,0.50571156592099,Low
G82635,ACCURX LIMITED,16.0,10.0,6.0,2164.0,0.33607797008906065,Low
G82647,CONTINUUM HEALTH LIMITED,4106.0,3607.0,499.0,23509.0,7.9389324784705275,Mid
G82650,ACCURX LIMITED,2416.0,2139.0,277.0,9415.0,11.664172258967797,High
G82665,CONTINUUM HEALTH LIMITED,331.0,249.0,82.0,5468.0,2.75154618607435,Mid
G82666,CONTINUUM HEALTH LIMITED,2498.0,1769.0,729.0,12750.0,8.905525846702316,Mid
G82691,ACCURX LIMITED,25.0,9.0,16.0,3437.0,0.3306266035390272,Low
G82693,CONTINUUM HEALTH LIMITED,3555.0,3084.0,471.0,17924.0,9.015337485545029,Mid
G82697,ACCURX LIMITED,1534.0,1148.0,386.0,9742.0,7.157387880032101,Mid
G82698,CONTINUUM HEALTH LIMITED,137.0,125.0,12.0,4487.0,1.3878477217010756,Low
G82702,CONTINUUM HEALTH LIMITED,1475.0,1449.0,26.0,7998.0,8.382777512559958,Mid
G82708,CONTINUUM HEALTH LIMITED,333.0,301.0,32.0,4275.0,3.54066985645933,Mid
G82719,ACCURX LIMITED,5349.0,4143.0,1206.0,16835.0,14.442314442314443,High
G82741,CONTINUUM HEALTH LIMITED,4214.0,3573.0,641.0,30608.0,6.2580192938269255,Mid
G82753,CONTINUUM HEALTH LIMITED,908.0,862.0,46.0,8435.0,4.893032278924395,Mid
G82763,CONTINUUM HEALTH LIMITED,118.0,94.0,24.0,3028.0,1.7713462231295787,Low
G82768,CONTINUUM HEALTH LIMITED,1684.0,1032.0,652.0,8023.0,9.540752155734083,Mid
G82796,"ACCURX LIMITED, CONTINUUM HEALTH LIMITED",157.0,121.0,36.0,7433.0,0.9600919731418857,Low
G82809,CONTINUUM HEALTH LIMITED,3599.0,2904.0,695.0,15984.0,10.234666484666484,High
G82888,ACCURX LIMITED,658.0,388.0,270.0,6075.0,4.9233071455293675,Mid
G83001,ACCURX LIMITED,2916.0,2409.0,507.0,12154.0,10.90550062082068,High
G83002,ACCURX LIMITED,758.0,422.0,336.0,9637.0,3.5752355976492125,Mid
G83004,ACCURX LIMITED,3243.0,2659.0,584.0,13385.0,11.013006418310864,High
G83006,ACCURX LIMITED,3803.0,3172.0,631.0,16011.0,10.796554641411303,High
G83009,ACCURX LIMITED,2317.0,1852.0,465.0,11351.0,9.278317489047822,Mid
G83010,ACCURX LIMITED,678.0,521.0,157.0,14527.0,2.1214415790033603,Mid
G83012,ACCURX LIMITED,4306.0,3384.0,922.0,15696.0,12.46988230933185,High
G83013,ACCURX LIMITED,1732.0,1240.0,492.0,8127.0,9.687125966195735,Mid
G83015,ACCURX LIMITED,97.0,48.0,49.0,4580.0,0.9626836046050019,Low
G83016,"ACCURX LIMITED, SILICON PRACTICE LTD",2608.0,1766.0,566.0,11652.0,10.173828917392255,High
G83018,ACCURX LIMITED,4876.0,3738.0,1138.0,19121.0,11.591253785699683,High
G83019,ACCURX LIMITED,2412.0,1704.0,708.0,15312.0,7.160159589626674,Mid
G83021,ACCURX LIMITED,805.0,513.0,292.0,17782.0,2.0577499207574563,Mid
G83024,No Data,0.0,0.0,0.0,4880.0,0.0,Low
G83025,ACCURX LIMITED,183.0,86.0,97.0,11143.0,0.7464939260685469,Low
G83026,ACCURX LIMITED,1808.0,1212.0,596.0,8112.0,10.130894746279361,High
G83028,ACCURX LIMITED,3380.0,1850.0,1530.0,14820.0,10.366826156299839,High
G83029,ACCURX LIMITED,162.0,119.0,43.0,7357.0,1.000902047524312,Low
G83030,ACCURX LIMITED,1332.0,986.0,346.0,6555.0,9.236530060328688,Mid
G83031,ACCURX LIMITED,576.0,432.0,144.0,7006.0,3.737056548932084,Mid
G83033,ACCURX LIMITED,265.0,163.0,102.0,5517.0,2.1833341572330154,Mid
G83039,ACCURX LIMITED,3094.0,2254.0,840.0,10497.0,13.397767327461525,High
G83044,ACCURX LIMITED,3049.0,2332.0,717.0,12811.0,10.818117952611747,High
G83049,ACCURX LIMITED,3456.0,2848.0,608.0,19217.0,8.174580272202169,Mid
G83052,RAPID HEALTH,4649.0,2898.0,1751.0,17631.0,11.98560386921796,High
G83053,ACCURX LIMITED,1389.0,1007.0,382.0,21277.0,2.9673527112075777,Mid
G83057,ACCURX LIMITED,3081.0,2481.0,600.0,11528.0,12.148287174310768,High
G83058,ACCURX LIMITED,1313.0,718.0,595.0,12211.0,4.8875455066594204,Mid
G83060,ACCURX LIMITED,1058.0,854.0,204.0,7292.0,6.595023188550342,Mid
G83062,ACCURX LIMITED,1922.0,1569.0,353.0,11583.0,7.54240148179542,Mid
G83065,ACCURX LIMITED,2616.0,2206.0,410.0,14896.0,7.982618884874523,Mid
G83066,ACCURX LIMITED,9040.0,6002.0,3038.0,30612.0,13.42313768813181,High
G83067,ACCURX LIMITED,6167.0,5122.0,1045.0,31636.0,8.860734031425649,Mid
G83628,ACCURX LIMITED,3663.0,2746.0,917.0,10850.0,15.345622119815669,High
G83630,ACCURX LIMITED,2741.0,2184.0,557.0,12324.0,10.10961612227435,High
G83631,ACCURX LIMITED,582.0,479.0,103.0,4870.0,5.432144857196192,Mid
G83633,ACCURX LIMITED,109.0,88.0,21.0,5050.0,0.981098109810981,Low
G83635,ACCURX LIMITED,1081.0,756.0,325.0,4521.0,10.868472381411998,High
G83641,ACCURX LIMITED,395.0,328.0,67.0,3621.0,4.958449448921694,Mid
G83642,ACCURX LIMITED,2060.0,1714.0,346.0,10259.0,9.12724082623683,Mid
G83647,ACCURX LIMITED,1089.0,647.0,442.0,8448.0,5.859375,Mid
G83651,No Data,0.0,0.0,0.0,6482.0,0.0,Low
G83654,ACCURX LIMITED,908.0,654.0,254.0,5670.0,7.279140612473946,Mid
G83673,ACCURX LIMITED,523.0,244.0,279.0,7122.0,3.3379285696050656,Mid
G83680,ACCURX LIMITED,7028.0,4321.0,2707.0,28298.0,11.28894428774279,High
G84004,ACCURX LIMITED,2849.0,2255.0,594.0,9502.0,13.628709745316774,High
G84005,ACCURX LIMITED,1686.0,1215.0,471.0,5259.0,14.572421303739043,High
G84006,ACCURX LIMITED,2521.0,1968.0,553.0,9638.0,11.889490463883492,High
G84007,ACCURX LIMITED,1924.0,1624.0,300.0,7988.0,10.94824054263213,High
G84008,ACCURX LIMITED,206.0,133.0,73.0,6332.0,1.4787802216734625,Low
G84009,ACCURX LIMITED,974.0,820.0,154.0,4320.0,10.2483164983165,High
G84010,ACCURX LIMITED,5447.0,4137.0,1310.0,23592.0,10.494697740374242,High
G84011,ACCURX LIMITED,2676.0,1583.0,1093.0,8249.0,14.745588997013414,High
G84013,ACCURX LIMITED,1020.0,751.0,269.0,4343.0,10.675486153266489,High
G84017,ACCURX LIMITED,2817.0,1987.0,830.0,8763.0,14.612056892097973,High
G84018,ACCURX LIMITED,2195.0,1538.0,657.0,7538.0,13.23596806483514,High
G84020,ACCURX LIMITED,2177.0,1564.0,613.0,9023.0,10.966922914168842,High
G84023,ACCURX LIMITED,3369.0,2129.0,1240.0,10000.0,15.313636363636363,High
G84024,ACCURX LIMITED,2545.0,1740.0,805.0,9668.0,11.965434234776394,High
G84025,ACCURX LIMITED,2244.0,1711.0,533.0,9088.0,11.223591549295774,High
G84027,CONTINUUM HEALTH LIMITED,8905.0,8054.0,851.0,32959.0,12.281098554953951,High
G84028,ACCURX LIMITED,1738.0,1308.0,430.0,7150.0,11.048951048951048,High
G84029,ACCURX LIMITED,43.0,26.0,17.0,3566.0,0.5481058481619334,Low
G84030,ACCURX LIMITED,1858.0,1334.0,524.0,6880.0,12.27536997885835,High
G84032,ACCURX LIMITED,4501.0,2998.0,1503.0,14520.0,14.090282995241672,High
G84035,ACCURX LIMITED,2089.0,1461.0,628.0,8610.0,11.028402491817126,High
G84039,ACCURX LIMITED,983.0,737.0,246.0,3805.0,11.742921992593477,High
G84040,ACCURX LIMITED,2176.0,1437.0,739.0,10612.0,9.320494808621458,Mid
G84041,ACCURX LIMITED,84.0,51.0,33.0,4196.0,0.9099575353150187,Low
G84604,ACCURX LIMITED,147.0,89.0,58.0,8779.0,0.7611138149923888,Low
G84609,ACCURX LIMITED,613.0,262.0,351.0,3414.0,8.161580657186985,Mid
G84621,ACCURX LIMITED,1043.0,662.0,381.0,4089.0,11.59429956201783,High
G84624,ACCURX LIMITED,61.0,31.0,30.0,2442.0,1.1354329536147718,Low
G84625,ACCURX LIMITED,2068.0,1485.0,583.0,7646.0,12.294009939837823,High
G84627,ACCURX LIMITED,2126.0,1722.0,404.0,7003.0,13.79928082769722,High
G84629,ACCURX LIMITED,778.0,629.0,149.0,6509.0,5.433036774256624,Mid
G84630,ACCURX LIMITED,69.0,38.0,31.0,2830.0,1.108255701895278,Low
G85001,ACCURX LIMITED,1729.0,1376.0,353.0,10318.0,7.616874306155174,Mid
G85004,Klinik Healthcare Solutions UK Ltd,10231.0,6525.0,3706.0,34444.0,13.501493860917854,High
G85006,ACCURX LIMITED,1690.0,1219.0,471.0,8704.0,8.825618315508022,Mid
G85011,ACCURX LIMITED,3879.0,2977.0,902.0,18883.0,9.337403051325627,Mid
G85013,ACCURX LIMITED,761.0,327.0,434.0,9170.0,3.7721820164568256,Mid
G85014,ACCURX LIMITED,4047.0,2799.0,1248.0,12171.0,15.114168552669907,High
G85015,ACCURX LIMITED,193.0,132.0,61.0,8677.0,1.0110323006485276,Low
G85016,ACCURX LIMITED,3662.0,2879.0,783.0,14716.0,11.31112703550866,High
G85020,ACCURX LIMITED,360.0,268.0,92.0,15520.0,1.0543580131208996,Low
G85021,ACCURX LIMITED,1235.0,662.0,573.0,4832.0,11.617624924744131,High
G85022,ACCURX LIMITED,4444.0,2847.0,1597.0,15767.0,12.811568465782965,High
G85023,ACCURX LIMITED,240.0,181.0,59.0,13855.0,0.7873757422656738,Low
G85024,Klinik Healthcare Solutions UK Ltd,3945.0,2186.0,1759.0,14273.0,12.563454201512075,High
G85025,ACCURX LIMITED,2575.0,2076.0,499.0,12809.0,9.137751155082718,Mid
G85026,"ACCURX LIMITED, Engage Health Systems Limited",83.0,50.0,33.0,4266.0,0.8843711375356945,Low
G85028,ACCURX LIMITED,368.0,193.0,175.0,12588.0,1.3288268769679636,Low
G85031,ACCURX LIMITED,1906.0,1312.0,594.0,6832.0,12.680966574409199,High
G85032,ACCURX LIMITED,393.0,254.0,139.0,11522.0,1.5503937132126682,Low
G85034,ACCURX LIMITED,20131.0,13226.0,6905.0,76160.0,12.014777501909855,High
G85038,ACCURX LIMITED,7983.0,5696.0,2287.0,51703.0,7.018231753740332,Mid
G85039,ACCURX LIMITED,1176.0,224.0,952.0,19361.0,2.760939282813153,Mid
G85041,ACCURX LIMITED,1292.0,987.0,305.0,7895.0,7.438539927456964,Mid
G85042,ACCURX LIMITED,406.0,229.0,177.0,6741.0,2.7376569432644198,Mid
G85044,ACCURX LIMITED,329.0,130.0,199.0,5627.0,2.6576409195922257,Mid
G85045,ACCURX LIMITED,973.0,581.0,392.0,7818.0,5.657108304844299,Mid
G85046,ACCURX LIMITED,328.0,202.0,126.0,12034.0,1.2389139861302068,Low
G85047,ACCURX LIMITED,223.0,166.0,57.0,11183.0,0.9064082657930463,Low
G85051,ACCURX LIMITED,241.0,208.0,33.0,9174.0,1.1940860534712725,Low
G85052,ACCURX LIMITED,158.0,121.0,37.0,10378.0,0.6920233360780673,Low
G85054,ACCURX LIMITED,461.0,262.0,199.0,7073.0,2.962610696245646,Mid
G85057,ACCURX LIMITED,2190.0,1716.0,474.0,12625.0,7.884788478847884,Mid
G85061,ACCURX LIMITED,2102.0,1648.0,454.0,9743.0,9.806574417063999,Mid
G85073,ACCURX LIMITED,225.0,97.0,128.0,7065.0,1.4475969889982627,Low
G85083,ACCURX LIMITED,549.0,366.0,183.0,12167.0,2.05100233866569,Mid
G85084,ACCURX LIMITED,346.0,236.0,110.0,15746.0,0.998810664757572,Low
G85085,Klinik Healthcare Solutions UK Ltd,2895.0,1725.0,1170.0,12916.0,10.18820912750922,High
G85086,ACCURX LIMITED,832.0,629.0,203.0,11075.0,3.414734249948697,Mid
G85091,ACCURX LIMITED,64.0,47.0,17.0,6651.0,0.43739150640368507,Low
G85096,ACCURX LIMITED,1310.0,1073.0,237.0,10359.0,5.748185591799841,Mid
G85100,ACCURX LIMITED,2031.0,1323.0,708.0,8359.0,11.044165787556146,High
G85102,ACCURX LIMITED,471.0,338.0,133.0,9564.0,2.238508041519334,Mid
G85104,No Data,0.0,0.0,0.0,9894.0,0.0,Low
G85105,ACCURX LIMITED,1109.0,802.0,307.0,6592.0,7.647010150044131,Mid
G85109,ACCURX LIMITED,4829.0,3618.0,1211.0,21158.0,10.37432649588808,High
G85114,ACCURX LIMITED,3775.0,2363.0,1412.0,12860.0,13.342994486073803,High
G85120,ACCURX LIMITED,1643.0,692.0,951.0,6461.0,11.558863671539727,High
G85121,ACCURX LIMITED,2181.0,1264.0,917.0,9988.0,9.925547020060437,Mid
G85123,ACCURX LIMITED,758.0,518.0,240.0,9889.0,3.4841283703656036,Mid
G85125,ACCURX LIMITED,996.0,762.0,234.0,6002.0,7.542940232043864,Mid
G85127,ACCURX LIMITED,459.0,223.0,236.0,6275.0,3.3248822890257155,Mid
G85129,ACCURX LIMITED,1838.0,1437.0,401.0,7788.0,10.727459494793855,High
G85130,ACCURX LIMITED,1955.0,1469.0,486.0,9758.0,9.10674691162496,Mid
G85134,ACCURX LIMITED,154.0,70.0,84.0,8818.0,0.7938308006350646,Low
G85135,ACCURX LIMITED,3382.0,2483.0,899.0,11498.0,13.36991413526463,High
G85136,ACCURX LIMITED,2869.0,2357.0,512.0,15219.0,8.568834411531041,Mid
G85137,ACCURX LIMITED,1051.0,368.0,683.0,8586.0,5.564026004277577,Mid
G85138,ACCURX LIMITED,576.0,319.0,257.0,14652.0,1.7869108778199687,Low
G85623,ACCURX LIMITED,2096.0,1600.0,496.0,10731.0,8.878271109190875,Mid
G85632,ACCURX LIMITED,108.0,75.0,33.0,9056.0,0.5420815933183424,Low
G85633,ACCURX LIMITED,6202.0,3979.0,2223.0,20092.0,14.030912348650752,High
G85642,ACCURX LIMITED,716.0,516.0,200.0,9250.0,3.518427518427518,Mid
G85644,ACCURX LIMITED,1474.0,980.0,494.0,6114.0,10.958456002616945,High
G85647,ACCURX LIMITED,310.0,180.0,130.0,7640.0,1.8443598286530225,Low
G85651,ACCURX LIMITED,1686.0,1190.0,496.0,6846.0,11.194327145247392,High
G85662,ACCURX LIMITED,133.0,58.0,75.0,7279.0,0.830533664714184,Low
G85673,ACCURX LIMITED,718.0,453.0,265.0,6871.0,4.7498709993252275,Mid
G85674,"ACCURX LIMITED, SILICON PRACTICE LTD",239.0,143.0,95.0,7388.0,1.4704434709848897,Low
G85681,ACCURX LIMITED,39.0,29.0,10.0,4648.0,0.38139571272101397,Low
G85685,ACCURX LIMITED,533.0,366.0,167.0,9409.0,2.5749041053536748,Mid
G85690,ACCURX LIMITED,1762.0,1406.0,356.0,7151.0,11.199959319103494,High
G85695,ACCURX LIMITED,1054.0,785.0,269.0,6933.0,6.910297260794881,Mid
G85696,Klinik Healthcare Solutions UK Ltd,4074.0,2403.0,1671.0,17634.0,10.501407405116149,High
G85698,Klinik Healthcare Solutions UK Ltd,3182.0,2226.0,956.0,15994.0,9.04316391374038,Mid
G85705,ACCURX LIMITED,978.0,785.0,193.0,7062.0,6.294894570170697,Mid
G85706,ACCURX LIMITED,1854.0,948.0,906.0,5971.0,14.113670620118453,High
G85708,ACCURX LIMITED,1792.0,1485.0,307.0,10055.0,8.100899597667375,Mid
G85711,ACCURX LIMITED,240.0,171.0,69.0,11286.0,0.9666038374172345,Low
G85716,ACCURX LIMITED,1313.0,1106.0,207.0,6437.0,9.271682178315702,Mid
G85721,ACCURX LIMITED,894.0,687.0,207.0,6403.0,6.346456916502208,Mid
G85722,ACCURX LIMITED,3619.0,2743.0,876.0,11439.0,14.380627677244517,High
G85726,ACCURX LIMITED,251.0,103.0,148.0,7402.0,1.5413524600230895,Low
G85727,ACCURX LIMITED,146.0,100.0,46.0,7588.0,0.8745866679446016,Low
G85736,ACCURX LIMITED,598.0,495.0,103.0,4406.0,6.1692733049973185,Mid
H81002,"ACCURX LIMITED, RAPID HEALTH",1215.0,780.0,435.0,8464.0,6.524961333562468,Mid
H81003,ACCURX LIMITED,6677.0,3856.0,2821.0,19193.0,15.813056843640913,High
H81004,"ACCURX LIMITED, RAPID HEALTH",2989.0,2122.0,867.0,12446.0,10.916249105225482,High
H81005,ACCURX LIMITED,3046.0,1554.0,1492.0,6551.0,21.13487184468714,High
H81006,ACCURX LIMITED,601.0,206.0,395.0,8536.0,3.2003493226548527,Mid
H81009,ACCURX LIMITED,4369.0,4151.0,218.0,16482.0,12.048956988891463,High
H81010,ACCURX LIMITED,5105.0,3235.0,1870.0,24065.0,9.64244564909431,Mid
H81011,ACCURX LIMITED,1591.0,443.0,1148.0,8543.0,8.465197450331479,Mid
H81013,RAPID HEALTH,5542.0,4876.0,666.0,28420.0,8.863796302219948,Mid
H81015,ACCURX LIMITED,2840.0,1713.0,1127.0,10523.0,12.267500626333659,High
H81016,ACCURX LIMITED,808.0,180.0,628.0,10124.0,3.6277432563485505,Mid
H81017,ACCURX LIMITED,2044.0,633.0,1411.0,19861.0,4.677966412018072,Mid
H81019,CONTINUUM HEALTH LIMITED,4017.0,2559.0,1458.0,14414.0,12.667608511926534,High
H81020,ACCURX LIMITED,5922.0,3910.0,2012.0,13888.0,19.382331378299117,High
H81021,"ACCURX LIMITED, RAPID HEALTH",1962.0,920.0,1042.0,16996.0,5.2472239457412435,Mid
H81022,ACCURX LIMITED,2955.0,672.0,2283.0,5287.0,25.405368227384496,High
H81023,ACCURX LIMITED,2066.0,767.0,1299.0,11395.0,8.241254138577526,Mid
H81024,ACCURX LIMITED,4554.0,3245.0,1309.0,12666.0,16.34296541923259,High
H81025,ACCURX LIMITED,3275.0,1944.0,1331.0,11368.0,13.094971530932122,High
H81026,ACCURX LIMITED,3376.0,2536.0,840.0,11571.0,13.261995113174788,High
H81027,RAPID HEALTH,3805.0,2641.0,1164.0,15486.0,11.168445399363648,High
H81028,ACCURX LIMITED,3633.0,2203.0,1430.0,11268.0,14.65533933585052,High
H81029,ACCURX LIMITED,3828.0,2633.0,1195.0,12578.0,13.833677850214661,High
H81030,ACCURX LIMITED,10921.0,4963.0,5958.0,39268.0,12.641567966514486,High
H81031,No Data,0.0,0.0,0.0,11173.0,0.0,Low
H81032,ACCURX LIMITED,6314.0,4357.0,1957.0,17091.0,16.792463869873032,High
H81033,ACCURX LIMITED,9435.0,6318.0,3117.0,22952.0,18.685240343483635,High
H81034,ACCURX LIMITED,2076.0,1258.0,818.0,8807.0,10.714617504670871,High
H81035,ACCURX LIMITED,4701.0,2201.0,2500.0,11561.0,18.482987473559223,High
H81036,ACCURX LIMITED,2533.0,1595.0,938.0,9752.0,11.806435975837125,High
H81038,ACCURX LIMITED,714.0,377.0,337.0,3422.0,9.484086924180437,Mid
H81039,RAPID HEALTH,1511.0,782.0,729.0,6337.0,10.838222847059837,High
H81040,RAPID HEALTH,1219.0,975.0,244.0,9129.0,6.069568507951683,Mid
H81041,ACCURX LIMITED,3219.0,2241.0,978.0,10577.0,13.833618400130643,High
H81042,ACCURX LIMITED,4971.0,3337.0,1634.0,16669.0,13.555374974776258,High
H81043,ACCURX LIMITED,3698.0,2540.0,1158.0,10499.0,16.01018278797115,High
H81044,ACCURX LIMITED,1675.0,1020.0,655.0,4707.0,16.175135678003745,High
H81048,ACCURX LIMITED,3744.0,2161.0,1583.0,10549.0,16.132507174312085,High
H81050,ACCURX LIMITED,3453.0,2424.0,1029.0,12228.0,12.835667766972968,High
H81052,ACCURX LIMITED,5717.0,4398.0,1319.0,17808.0,14.592522257616595,High
H81053,ACCURX LIMITED,1590.0,788.0,802.0,8897.0,8.123269334913708,Mid
H81055,ACCURX LIMITED,916.0,232.0,684.0,8646.0,4.815679347254643,Mid
H81056,ACCURX LIMITED,5091.0,3522.0,1569.0,16874.0,13.713943991293759,High
H81057,RAPID HEALTH,1462.0,617.0,845.0,7808.0,8.511084202682564,Mid
H81058,ACCURX LIMITED,636.0,165.0,471.0,10184.0,2.8386774262658,Mid
H81061,"ACCURX LIMITED, CONTINUUM HEALTH LIMITED",4475.0,2569.0,1906.0,15229.0,13.35669386756129,High
H81062,ACCURX LIMITED,2250.0,995.0,1255.0,19052.0,5.368083522607982,Mid
H81064,ACCURX LIMITED,5351.0,3466.0,1885.0,14037.0,17.32758229872998,High
H81065,RAPID HEALTH,3595.0,1633.0,1962.0,9947.0,16.42797737097526,High
H81066,ACCURX LIMITED,5619.0,3552.0,2067.0,14758.0,17.306484002513276,High
H81067,ACCURX LIMITED,984.0,247.0,737.0,12836.0,3.4845179750134565,Mid
H81068,ACCURX LIMITED,3221.0,2180.0,1041.0,11983.0,12.218066503303923,High
H81069,RAPID HEALTH,3876.0,1672.0,2204.0,22645.0,7.780164194383669,Mid
H81070,ACCURX LIMITED,3552.0,2398.0,1154.0,11875.0,13.596172248803828,High
H81072,ACCURX LIMITED,5604.0,3247.0,2357.0,14057.0,18.121026728837784,High
H81073,ACCURX LIMITED,8024.0,5526.0,2498.0,24373.0,14.96439801121211,High
H81075,RAPID HEALTH,2309.0,1147.0,1162.0,10961.0,9.575271002148112,Mid
H81076,ACCURX LIMITED,3596.0,2532.0,1064.0,12263.0,13.3290830510108,High
H81077,ACCURX LIMITED,2650.0,2266.0,384.0,8136.0,14.805130955573434,High
H81078,"ACCURX LIMITED, RAPID HEALTH",6377.0,3202.0,3175.0,15795.0,18.35160724049613,High
H81080,ACCURX LIMITED,1278.0,538.0,740.0,10371.0,5.601283298708812,Mid
H81081,ACCURX LIMITED,2210.0,1124.0,1086.0,9637.0,10.423839935098625,High
H81082,RAPID HEALTH,2330.0,1222.0,1108.0,9606.0,11.025306153351126,High
H81084,ACCURX LIMITED,630.0,189.0,441.0,10642.0,2.690881754967453,Mid
H81085,ACCURX LIMITED,3684.0,2420.0,1264.0,11393.0,14.698020315504737,High
H81086,ACCURX LIMITED,1155.0,720.0,435.0,4684.0,11.208368915456875,High
H81087,ACCURX LIMITED,1734.0,392.0,1342.0,15435.0,5.106458167682657,Mid
H81089,ACCURX LIMITED,4671.0,3167.0,1504.0,22447.0,9.458643997780632,Mid
H81090,ACCURX LIMITED,5107.0,3466.0,1641.0,17144.0,13.540385186442116,High
H81094,ACCURX LIMITED,3043.0,2093.0,950.0,10633.0,13.00838726776844,High
H81095,ACCURX LIMITED,756.0,476.0,280.0,3433.0,10.009797950374706,Mid
H81099,ACCURX LIMITED,5427.0,3413.0,2014.0,13924.0,17.71630409234546,High
H81103,ACCURX LIMITED,1263.0,719.0,544.0,8390.0,6.842561490952433,Mid
H81104,"ACCURX LIMITED, RAPID HEALTH",2136.0,1208.0,928.0,8390.0,11.572218008451621,High
H81107,ACCURX LIMITED,840.0,193.0,647.0,8011.0,4.766173783774583,Mid
H81109,ACCURX LIMITED,2710.0,1688.0,1022.0,7745.0,15.904689242326429,High
H81110,CONTINUUM HEALTH LIMITED,221.0,188.0,33.0,6484.0,1.5492681285401828,Low
H81111,ACCURX LIMITED,373.0,56.0,317.0,6122.0,2.7694455169136645,Mid
H81113,ACCURX LIMITED,1176.0,518.0,658.0,7915.0,6.753574915293171,Mid
H81116,ACCURX LIMITED,2217.0,1580.0,637.0,5987.0,16.831923713500462,High
H81119,ACCURX LIMITED,6994.0,4645.0,2349.0,22003.0,14.448442980915827,High
H81122,"ACCURX LIMITED, RAPID HEALTH",1479.0,930.0,549.0,9043.0,7.434178118685472,Mid
H81123,ACCURX LIMITED,1066.0,732.0,334.0,3505.0,13.824406691739075,High
H81126,ACCURX LIMITED,3827.0,2047.0,1780.0,8111.0,21.446744600486433,High
H81128,ACCURX LIMITED,2685.0,1871.0,814.0,8909.0,13.699119378769172,High
H81129,ACCURX LIMITED,1492.0,869.0,623.0,4760.0,14.24751718869366,High
H81130,RAPID HEALTH,262.0,259.0,3.0,15734.0,0.7569016721171291,Low
H81131,ACCURX LIMITED,384.0,25.0,359.0,4313.0,4.046961617098412,Mid
H81133,ACCURX LIMITED,8563.0,6162.0,2401.0,30813.0,12.631917461048022,High
H81134,"ACCURX LIMITED, RAPID HEALTH",2897.0,2093.0,804.0,12978.0,10.146541699939759,High
H81615,RAPID HEALTH,2253.0,1838.0,415.0,14634.0,6.998024525699802,Mid
H81618,ACCURX LIMITED,1797.0,1119.0,678.0,6032.0,13.541415481070656,High
H81632,ACCURX LIMITED,739.0,427.0,312.0,3031.0,11.08245103626166,High
H81638,"ACCURX LIMITED, RAPID HEALTH",10343.0,7281.0,3062.0,45232.0,10.393888477988229,High
H81641,ACCURX LIMITED,1162.0,894.0,268.0,4036.0,13.08676457338499,High
H81642,ACCURX LIMITED,542.0,162.0,380.0,4315.0,5.709470135889603,Mid
H81643,ACCURX LIMITED,1259.0,837.0,422.0,3898.0,14.681188488269044,High
H81658,ACCURX LIMITED,438.0,22.0,416.0,6446.0,3.0885961695766224,Mid
H81663,ACCURX LIMITED,71.0,37.0,34.0,3508.0,0.9199751217995232,Low
H81672,RAPID HEALTH,1558.0,862.0,696.0,6175.0,11.468531468531468,High
H82004,RAPID HEALTH,1293.0,768.0,525.0,5041.0,11.65894212908694,High
H82005,TPP,2856.0,2737.0,119.0,12986.0,9.996779748820408,Mid
H82006,ACCURX LIMITED,83.0,49.0,34.0,6029.0,0.6257633559010238,Low
H82007,RAPID HEALTH,2219.0,2143.0,76.0,12628.0,7.987300947389639,Mid
H82011,Klinik Healthcare Solutions UK Ltd,4245.0,3345.0,900.0,15795.0,12.216178882845549,High
H82012,TPP,5455.0,3542.0,1913.0,15375.0,16.127124907612714,High
H82013,RAPID HEALTH,2527.0,2272.0,255.0,13385.0,8.581519339830884,Mid
H82014,TPP,5649.0,3208.0,2441.0,13473.0,19.058318657517052,High
H82016,ACCURX LIMITED,1738.0,1301.0,437.0,12874.0,6.13639894360727,Mid
H82020,TPP,2088.0,1405.0,683.0,9380.0,10.118239968986238,High
H82022,TPP,3274.0,2905.0,369.0,11736.0,12.680485839995043,High
H82025,RAPID HEALTH,4354.0,3115.0,1239.0,17442.0,11.346697105211037,High
H82026,TPP,6150.0,4024.0,2126.0,19883.0,14.059520924682118,High
H82027,TPP,329.0,286.0,43.0,3971.0,3.765939424463726,Mid
H82032,ACCURX LIMITED,946.0,523.0,423.0,12881.0,3.3382501358590173,Mid
H82034,TPP,8011.0,5673.0,2338.0,27818.0,13.089954836306118,High
H82035,TPP,2491.0,2283.0,208.0,10745.0,10.537670798257118,High
H82036,TPP,2267.0,2061.0,206.0,8788.0,11.72570033516779,High
H82037,ACCURX LIMITED,3645.0,2742.0,903.0,12534.0,13.218590887331912,High
H82039,TPP,5756.0,3244.0,2512.0,11251.0,23.25449859002432,High
H82040,RAPID HEALTH,5135.0,4159.0,976.0,28243.0,8.264316499985515,Mid
H82041,ACCURX LIMITED,3182.0,2309.0,873.0,14144.0,10.225987248046073,High
H82042,ACCURX LIMITED,3781.0,2732.0,1049.0,14204.0,12.099664627121681,High
H82044,TPP,1750.0,1641.0,109.0,10493.0,7.580811450057613,Mid
H82045,ACCURX LIMITED,640.0,243.0,397.0,20363.0,1.4286160728237045,Low
H82046,TPP,2187.0,1765.0,422.0,11655.0,8.52930852930853,Mid
H82047,TPP,3189.0,2367.0,822.0,13156.0,11.018132065562897,High
H82048,TPP,3152.0,2311.0,841.0,12236.0,11.709114683943058,High
H82049,ACCURX LIMITED,1698.0,1001.0,697.0,10265.0,7.518930168710978,Mid
H82050,ACCURX LIMITED,3593.0,2706.0,887.0,10930.0,14.942194127921484,High
H82051,TPP,2289.0,1882.0,407.0,12619.0,8.245142606026986,Mid
H82052,ACCURX LIMITED,118.0,22.0,96.0,16921.0,0.31698105098022356,Low
H82056,ACCURX LIMITED,728.0,464.0,264.0,14940.0,2.2149202872094436,Mid
H82057,TPP,5660.0,4948.0,712.0,22657.0,11.355110000120373,High
H82058,ACCURX LIMITED,5120.0,3494.0,1626.0,17867.0,13.025537176206008,High
H82060,RAPID HEALTH,1971.0,1525.0,446.0,10030.0,8.93229402700988,Mid
H82061,ACCURX LIMITED,295.0,195.0,100.0,9126.0,1.4693283924053155,Low
H82063,ACCURX LIMITED,3547.0,2831.0,716.0,17732.0,9.092447142300514,Mid
H82064,TPP,3918.0,2846.0,1072.0,11608.0,15.342083829334001,High
H82065,Engage Health Systems Limited,694.0,341.0,353.0,15384.0,2.0505365669172217,Mid
H82066,"ACCURX LIMITED, TPP",2520.0,1592.0,928.0,16053.0,7.135454715346325,Mid
H82067,TPP,1768.0,1648.0,120.0,8690.0,9.24782927084423,Mid
H82076,ACCURX LIMITED,351.0,163.0,188.0,4015.0,3.9737348579191663,Mid
H82077,ACCURX LIMITED,3856.0,3184.0,672.0,13874.0,12.633179131665509,High
H82078,ACCURX LIMITED,3310.0,2005.0,1305.0,10359.0,14.524041457143108,High
H82091,CONTINUUM HEALTH LIMITED,2474.0,1606.0,868.0,8453.0,13.303507092694366,High
H82095,TPP,2249.0,1989.0,260.0,10384.0,9.844691133211935,Mid
H82096,ACCURX LIMITED,281.0,146.0,135.0,5435.0,2.3500878146692314,Mid
H82098,TPP,2540.0,2247.0,293.0,10075.0,11.459508233701783,High
H82099,TPP,2171.0,1627.0,544.0,8047.0,12.263181083859598,High
H82640,TPP,6142.0,3648.0,2494.0,16556.0,16.86287860484526,High
H83001,Klinik Healthcare Solutions UK Ltd,14613.0,6020.0,8593.0,15222.0,43.636005303328915,High
H83004,ACCURX LIMITED,119.0,88.0,31.0,11768.0,0.4596440269451827,Low
H83005,ACCURX LIMITED,295.0,179.0,116.0,14842.0,0.9034557949798483,Low
H83006,No Data,0.0,0.0,0.0,12049.0,0.0,Low
H83007,ACCURX LIMITED,3651.0,2767.0,884.0,10481.0,15.833846527482631,High
H83008,ACCURX LIMITED,75.0,43.0,32.0,4076.0,0.8363814791685251,Low
H83009,ACCURX LIMITED,676.0,547.0,129.0,10464.0,2.936474840144565,Mid
H83010,ACCURX LIMITED,557.0,90.0,467.0,6658.0,3.8026707446953765,Mid
H83011,ACCURX LIMITED,156.0,75.0,81.0,7717.0,0.9188686135686265,Low
H83012,ACCURX LIMITED,4071.0,2149.0,1922.0,9142.0,20.24124420755355,High
H83013,"ACCURX LIMITED, Engage Health Systems Limited",5608.0,4134.0,1474.0,19462.0,13.09778496090283,High
H83014,ACCURX LIMITED,75.0,18.0,57.0,6856.0,0.4972419645698526,Low
H83015,Klinik Healthcare Solutions UK Ltd,5257.0,1275.0,3982.0,13604.0,17.565020983133305,High
H83016,No Data,0.0,0.0,0.0,24938.0,0.0,Low
H83018,ACCURX LIMITED,5204.0,3953.0,1251.0,17661.0,13.393661431711372,High
H83019,SILICON PRACTICE LTD,612.0,0.0,0.0,7343.0,3.78839463682171,Mid
H83020,ACCURX LIMITED,3025.0,1957.0,1068.0,10070.0,13.654419066534262,High
H83021,ACCURX LIMITED,1087.0,926.0,161.0,5662.0,8.726437815099064,Mid
H83022,ACCURX LIMITED,921.0,646.0,275.0,5818.0,7.195537360542517,Mid
H83023,ACCURX LIMITED,177.0,105.0,72.0,6384.0,1.2602529049897468,Low
H83024,CONTINUUM HEALTH LIMITED,3928.0,3012.0,916.0,17731.0,10.069677657518163,High
H83028,ACCURX LIMITED,152.0,66.0,86.0,9697.0,0.712497773444458,Low
H83029,ACCURX LIMITED,1588.0,1013.0,575.0,4891.0,14.758089998327167,High
H83030,ACCURX LIMITED,673.0,495.0,178.0,3220.0,9.500282326369282,Mid
H83031,ACCURX LIMITED,75.0,34.0,41.0,3559.0,0.9578788730235765,Low
H83033,ACCURX LIMITED,282.0,199.0,83.0,4593.0,2.7908081467846326,Mid
H83034,ACCURX LIMITED,69.0,35.0,34.0,6863.0,0.4569960128753659,Low
H83037,ACCURX LIMITED,1679.0,1231.0,448.0,7452.0,10.241301907968575,High
H83039,ACCURX LIMITED,254.0,53.0,201.0,8310.0,1.3893447106443497,Low
H83042,ACCURX LIMITED,856.0,511.0,345.0,9301.0,4.1833233963112475,Mid
H83051,Klinik Healthcare Solutions UK Ltd,7934.0,4363.0,3571.0,20311.0,17.755716785799006,High
H83052,ACCURX LIMITED,81.0,54.0,27.0,2864.0,1.2855510411376334,Low
H83053,ACCURX LIMITED,160.0,38.0,122.0,14155.0,0.5137921068687582,Low
H83608,ACCURX LIMITED,2754.0,1669.0,1085.0,11483.0,10.90149074125387,High
H83609,ACCURX LIMITED,433.0,191.0,242.0,4993.0,3.9418822715437973,Mid
H83611,ACCURX LIMITED,757.0,348.0,409.0,6118.0,5.6242384617670655,Mid
H83624,ACCURX LIMITED,1594.0,1249.0,345.0,8419.0,8.606075003509378,Mid
H83627,ACCURX LIMITED,1361.0,941.0,420.0,7951.0,7.780610786521993,Mid
H83631,ACCURX LIMITED,2401.0,1967.0,434.0,11316.0,9.64442944824705,Mid
H84002,No Data,0.0,0.0,0.0,12493.0,0.0,Low
H84005,ACCURX LIMITED,5081.0,2839.0,2242.0,13989.0,16.50972517367542,High
H84006,ACCURX LIMITED,4659.0,3493.0,1166.0,17437.0,12.145020776092634,High
H84007,ACCURX LIMITED,1315.0,1116.0,199.0,7289.0,8.20040160141683,Mid
H84010,ACCURX LIMITED,5687.0,3548.0,2139.0,16255.0,15.902799138726545,High
H84012,ACCURX LIMITED,3477.0,2297.0,1180.0,14849.0,10.643508286447206,High
H84014,ACCURX LIMITED,59.0,39.0,20.0,2456.0,1.0919455137696181,Low
H84015,ACCURX LIMITED,2934.0,1888.0,1046.0,8972.0,14.86442670125238,High
H84016,RAPID HEALTH,2116.0,1731.0,385.0,16461.0,5.843011857227276,Mid
H84017,ACCURX LIMITED,161.0,87.0,74.0,12054.0,0.6071164607749974,Low
H84018,ACCURX LIMITED,1849.0,1449.0,400.0,7303.0,11.508346507661857,High
H84020,ACCURX LIMITED,3261.0,2936.0,325.0,22862.0,6.483565424165547,Mid
H84023,No Data,0.0,0.0,0.0,13704.0,0.0,Low
H84027,CONTINUUM HEALTH LIMITED,4293.0,2876.0,1417.0,17169.0,11.365621971947325,High
H84030,ACCURX LIMITED,4181.0,2841.0,1340.0,12745.0,14.911373444131387,High
H84031,ACCURX LIMITED,375.0,103.0,272.0,5750.0,2.964426877470356,Mid
H84032,"ACCURX LIMITED, SILICON PRACTICE LTD",906.0,2.0,2.0,8813.0,4.672848993738588,Mid
H84033,ACCURX LIMITED,234.0,85.0,149.0,6457.0,1.6472609007842087,Low
H84034,CONTINUUM HEALTH LIMITED,2444.0,1719.0,725.0,8444.0,13.156194823651004,High
H84039,ACCURX LIMITED,1242.0,227.0,1015.0,11655.0,4.843804843804843,Mid
H84040,RAPID HEALTH,2693.0,1627.0,1066.0,11260.0,10.871144840949459,High
H84041,RAPID HEALTH,688.0,594.0,94.0,7393.0,4.230045620550152,Mid
H84044,ACCURX LIMITED,1821.0,566.0,1255.0,8261.0,10.019698253568244,Mid
H84048,ACCURX LIMITED,110.0,84.0,26.0,8669.0,0.5767677932864229,Low
H84050,ACCURX LIMITED,1913.0,1424.0,489.0,7492.0,11.606319468038635,High
H84051,ACCURX LIMITED,2279.0,1486.0,793.0,7303.0,14.184706160606476,High
H84055,ACCURX LIMITED,2995.0,2163.0,832.0,11221.0,12.132284434218308,High
H84057,ACCURX LIMITED,95.0,70.0,25.0,3721.0,1.16048960445628,Low
H84059,ACCURX LIMITED,1751.0,991.0,760.0,5245.0,15.174625184158073,High
H84060,ACCURX LIMITED,440.0,132.0,308.0,7600.0,2.631578947368421,Mid
H84061,ACCURX LIMITED,7111.0,5492.0,1619.0,28843.0,11.206437358363301,High
H84062,ACCURX LIMITED,2448.0,1719.0,729.0,8652.0,12.860925482284705,High
H84618,ACCURX LIMITED,197.0,133.0,64.0,5285.0,1.6943321579083168,Low
H84619,SILICON PRACTICE LTD,3221.0,2871.0,350.0,10771.0,13.592896751377857,High
H84623,ACCURX LIMITED,2483.0,1544.0,939.0,8525.0,13.239136230338575,High
H84625,ACCURX LIMITED,1453.0,848.0,605.0,5195.0,12.713273252253043,High
H84630,ACCURX LIMITED,8.0,4.0,4.0,3647.0,0.09970835306727821,Low
H84635,SILICON PRACTICE LTD,1412.0,0.0,0.0,16511.0,3.887215685410828,Mid
H84639,ACCURX LIMITED,287.0,128.0,159.0,5725.0,2.278682016673283,Mid
H85001,ACCURX LIMITED,5681.0,3112.0,2569.0,18758.0,13.766247613139605,High
H85002,ACCURX LIMITED,3012.0,2204.0,808.0,11961.0,11.446291355997902,High
H85003,ACCURX LIMITED,331.0,151.0,180.0,6884.0,2.185568644023031,Mid
H85006,ACCURX LIMITED,1898.0,1267.0,631.0,6484.0,13.305479221580395,High
H85007,ACCURX LIMITED,4275.0,2465.0,1810.0,10601.0,18.330174683348915,High
H85008,ACCURX LIMITED,197.0,82.0,115.0,6646.0,1.3473586299346154,Low
H85009,ACCURX LIMITED,3913.0,2493.0,1420.0,13860.0,12.832874196510561,High
H85011,ACCURX LIMITED,2946.0,2233.0,713.0,10399.0,12.877112309750062,High
H85012,ACCURX LIMITED,6916.0,4548.0,2368.0,23542.0,13.353310524324032,High
H85018,ACCURX LIMITED,611.0,296.0,315.0,8662.0,3.206271908650112,Mid
H85020,ACCURX LIMITED,5973.0,5218.0,755.0,32342.0,8.394657102220025,Mid
H85021,CONTINUUM HEALTH LIMITED,1329.0,1009.0,320.0,5983.0,10.09678938811481,High
H85022,ACCURX LIMITED,1378.0,895.0,483.0,4975.0,12.590223846505255,High
H85023,CONTINUUM HEALTH LIMITED,1015.0,933.0,82.0,4899.0,9.417506355656998,Mid
H85024,ACCURX LIMITED,1361.0,1056.0,305.0,7882.0,7.848723212843994,Mid
H85025,ACCURX LIMITED,1048.0,469.0,579.0,16761.0,2.8420955573273456,Mid
H85026,ACCURX LIMITED,1635.0,1054.0,581.0,14720.0,5.048789525691699,Mid
H85027,ACCURX LIMITED,2658.0,2015.0,643.0,13122.0,9.20729933075612,Mid
H85028,"ACCURX LIMITED, SILICON PRACTICE LTD",134.0,78.0,24.0,10826.0,0.5626186117595687,Low
H85030,ACCURX LIMITED,907.0,624.0,283.0,13064.0,3.155792462283583,Mid
H85031,ACCURX LIMITED,174.0,88.0,86.0,11740.0,0.673687470961747,Low
H85033,"ACCURX LIMITED, SILICON PRACTICE LTD",2709.0,2076.0,340.0,9560.0,12.880372765310002,High
H85037,"ACCURX LIMITED, SILICON PRACTICE LTD",1254.0,280.0,974.0,13761.0,4.142140832788315,Mid
H85038,ACCURX LIMITED,3457.0,2306.0,1151.0,11146.0,14.098004991599106,High
H85041,ACCURX LIMITED,4268.0,2817.0,1451.0,14897.0,13.022756259649594,High
H85045,ACCURX LIMITED,3607.0,2425.0,1182.0,13482.0,12.160995805855618,High
H85047,ACCURX LIMITED,3703.0,2367.0,1336.0,12463.0,13.505430620090012,High
H85049,ACCURX LIMITED,944.0,634.0,310.0,6627.0,6.474889227265868,Mid
H85051,"ACCURX LIMITED, SILICON PRACTICE LTD",773.0,147.0,126.0,18395.0,1.9101040302453731,Mid
H85052,ACCURX LIMITED,921.0,699.0,222.0,4254.0,9.841005257084241,Mid
H85053,CONTINUUM HEALTH LIMITED,467.0,368.0,99.0,5589.0,3.7980448608467934,Mid
H85057,ACCURX LIMITED,3012.0,1720.0,1292.0,7972.0,17.173744469278837,High
H85061,ACCURX LIMITED,4887.0,3094.0,1793.0,22988.0,9.66314440735878,Mid
H85063,CONTINUUM HEALTH LIMITED,102.0,57.0,45.0,11889.0,0.3899708668822976,Low
H85065,ACCURX LIMITED,99.0,65.0,34.0,4321.0,1.0414255959268688,Low
H85066,ACCURX LIMITED,4540.0,3339.0,1201.0,19579.0,10.540049867901137,High
H85067,ACCURX LIMITED,26.0,15.0,11.0,2904.0,0.4069621838216879,Low
H85069,ACCURX LIMITED,4141.0,2749.0,1392.0,14849.0,12.676090829501835,High
H85076,"CONTINUUM HEALTH LIMITED, SILICON PRACTICE LTD",485.0,178.0,306.0,10183.0,2.164927285225822,Mid
H85077,"ACCURX LIMITED, CONTINUUM HEALTH LIMITED",157.0,70.0,87.0,6520.0,1.0945343000557726,Low
H85078,"ACCURX LIMITED, Engage Health Systems Limited",75.0,23.0,52.0,4301.0,0.792627507345015,Low
H85082,ACCURX LIMITED,1311.0,667.0,644.0,4503.0,13.233601841196776,High
H85087,ACCURX LIMITED,1779.0,1105.0,674.0,9671.0,8.36145552307273,Mid
H85088,ACCURX LIMITED,234.0,59.0,175.0,2396.0,4.4392168766125355,Mid
H85092,ACCURX LIMITED,74.0,34.0,40.0,6069.0,0.5542323881424228,Low
H85095,CONTINUUM HEALTH LIMITED,3084.0,2783.0,301.0,15927.0,8.801520573982431,Mid
H85101,ACCURX LIMITED,2663.0,1713.0,950.0,9133.0,13.253635666862426,High
H85103,ACCURX LIMITED,886.0,673.0,213.0,7610.0,5.292079799307132,Mid
H85105,ACCURX LIMITED,1232.0,484.0,748.0,13872.0,4.036908881199539,Mid
H85110,"ACCURX LIMITED, SILICON PRACTICE LTD",355.0,212.0,44.0,5337.0,3.0234895327644065,Mid
H85111,ACCURX LIMITED,4407.0,2957.0,1450.0,14473.0,13.840819582545555,High
H85112,RAPID HEALTH,1008.0,798.0,210.0,5827.0,7.863082515562351,Mid
H85113,ACCURX LIMITED,815.0,592.0,223.0,4760.0,7.782658517952635,Mid
H85114,ACCURX LIMITED,4144.0,2555.0,1589.0,13211.0,14.25809070953269,High
H85115,ACCURX LIMITED,3680.0,3054.0,626.0,12230.0,13.677246710770833,High
H85116,ACCURX LIMITED,4073.0,3309.0,764.0,11702.0,15.820916393468094,High
H85618,CONTINUUM HEALTH LIMITED,2040.0,1597.0,443.0,9196.0,10.083435485784333,High
H85634,ACCURX LIMITED,1638.0,1242.0,396.0,7877.0,9.452144909806456,Mid
H85637,ACCURX LIMITED,290.0,209.0,81.0,1186.0,11.114517859880424,High
H85649,ACCURX LIMITED,1129.0,433.0,696.0,10549.0,4.864743749946139,Mid
H85653,ACCURX LIMITED,5747.0,4347.0,1400.0,19264.0,13.560385835095138,High
H85656,"ACCURX LIMITED, SILICON PRACTICE LTD",1280.0,821.0,444.0,5293.0,10.992219569585902,High
H85659,ACCURX LIMITED,1675.0,1185.0,490.0,12176.0,6.25298650101541,Mid
H85662,ACCURX LIMITED,170.0,103.0,67.0,5477.0,1.410858631965077,Low
H85664,ACCURX LIMITED,161.0,124.0,37.0,1871.0,3.9113745687770276,Mid
H85680,ACCURX LIMITED,3204.0,2258.0,946.0,10192.0,14.289282146425002,High
H85682,No Data,0.0,0.0,0.0,11226.0,0.0,Low
H85683,ACCURX LIMITED,561.0,463.0,98.0,4217.0,6.046952810054541,Mid
H85686,ACCURX LIMITED,331.0,150.0,181.0,11589.0,1.2982530455996673,Low
H85691,No Data,0.0,0.0,0.0,77.0,0.0,Low
H85693,ACCURX LIMITED,2904.0,2240.0,664.0,10293.0,12.824249489944622,High
J81002,TPP,2309.0,2041.0,268.0,8663.0,12.115265549410765,High
J81006,TPP,9645.0,7606.0,2039.0,39228.0,11.175922578492171,High
J81009,TPP,5799.0,2133.0,3666.0,12310.0,21.412746473672552,High
J81010,TPP,425.0,340.0,85.0,10626.0,1.8180107112913435,Low
J81011,TPP,2108.0,1833.0,275.0,8171.0,11.72661630377944,High
J81012,TPP,14369.0,11898.0,2471.0,58364.0,11.190740244609067,High
J81013,TPP,104.0,75.0,29.0,12118.0,0.39010337739500967,Low
J81014,TPP,3211.0,2736.0,475.0,20946.0,6.968134510386014,Mid
J81016,TPP,230.0,158.0,72.0,8741.0,1.1960354026479185,Low
J81017,TPP,16.0,8.0,8.0,4729.0,0.1537899613602722,Low
J81018,TPP,955.0,696.0,259.0,11692.0,3.7127173203122568,Mid
J81019,TPP,5861.0,4626.0,1235.0,23508.0,11.332699119835413,High
J81020,"Engage Health Systems Limited, TPP",96.0,73.0,23.0,3882.0,1.1240691302515105,Low
J81021,TPP,617.0,469.0,148.0,26201.0,1.0703963415691975,Low
J81022,TPP,218.0,85.0,133.0,5372.0,1.8445813308062002,Low
J81025,TPP,1481.0,1352.0,129.0,6064.0,11.101283281362436,High
J81028,TPP,4663.0,3939.0,724.0,15310.0,13.844189774953982,High
J81029,TPP,177.0,136.0,41.0,5285.0,1.5223187408617873,Low
J81030,TPP,497.0,300.0,197.0,7825.0,2.887017136218414,Mid
J81033,TPP,4783.0,4284.0,499.0,23325.0,9.320861346584818,Mid
J81035,TPP,221.0,98.0,123.0,5027.0,1.9983000886124018,Mid
J81036,TPP,2392.0,2104.0,288.0,9340.0,11.641035623905003,High
J81039,TPP,2010.0,1771.0,239.0,10111.0,9.036063333363304,Mid
J81041,TPP,677.0,423.0,254.0,20603.0,1.49360419709398,Low
J81042,TPP,495.0,363.0,132.0,8363.0,2.6904220973334927,Mid
J81045,TPP,547.0,465.0,82.0,10817.0,2.298570432064007,Mid
J81046,TPP,597.0,424.0,173.0,13308.0,2.0391015657021065,Mid
J81047,TPP,3051.0,2726.0,325.0,12480.0,11.112325174825175,High
J81049,TPP,527.0,408.0,119.0,10148.0,2.360518866234278,Mid
J81051,TPP,2334.0,2031.0,303.0,12158.0,8.726016539801702,Mid
J81053,TPP,54.0,46.0,8.0,4167.0,0.589043785588062,Low
J81056,TPP,1326.0,1162.0,164.0,15570.0,3.8710807496934665,Mid
J81057,TPP,1300.0,1066.0,234.0,5760.0,10.258838383838384,High
J81058,TPP,121.0,74.0,47.0,13928.0,0.39488799540493963,Low
J81059,TPP,1433.0,1298.0,135.0,8862.0,7.350074885619909,Mid
J81061,TPP,234.0,176.0,58.0,7431.0,1.431350240393438,Low
J81062,TPP,240.0,178.0,62.0,11279.0,0.9672037334064111,Low
J81064,TPP,238.0,156.0,82.0,5157.0,2.097766495672255,Mid
J81066,TPP,457.0,296.0,161.0,10924.0,1.9015678572617423,Mid
J81067,TPP,575.0,452.0,123.0,6164.0,4.240162822252374,Mid
J81068,TPP,1064.0,965.0,99.0,6554.0,7.379254861708325,Mid
J81070,TPP,2797.0,2503.0,294.0,11524.0,11.032312012874318,High
J81075,TPP,2589.0,1923.0,666.0,8658.0,13.592263592263594,High
J81077,TPP,272.0,209.0,63.0,8377.0,1.475902633835068,Low
J81078,ACCURX LIMITED,3379.0,2923.0,456.0,13006.0,11.809234898578278,High
J81082,TPP,258.0,230.0,28.0,8170.0,1.4354066985645935,Low
J81086,TPP,119.0,88.0,31.0,7610.0,0.7107872416676622,Low
J81087,TPP,363.0,336.0,27.0,10493.0,1.572476889354808,Low
J81609,TPP,358.0,267.0,91.0,9931.0,1.6385789218333777,Low
J81612,TPP,16.0,11.0,5.0,3247.0,0.22398297729372568,Low
J81616,TPP,53.0,38.0,15.0,4319.0,0.5577890504956955,Low
J81620,TPP,8259.0,6595.0,1664.0,26882.0,13.965072945059553,High
J81621,TPP,900.0,610.0,290.0,8928.0,4.5821114369501466,Mid
J81625,No data,0.0,0.0,0.0,14593.0,0.0,Low
J81626,TPP,273.0,220.0,53.0,5375.0,2.308668076109937,Mid
J81631,TPP,46.0,36.0,10.0,1962.0,1.0657029005652858,Low
J81633,TPP,341.0,275.0,66.0,6845.0,2.264426588750913,Mid
J81634,TPP,496.0,351.0,145.0,13847.0,1.62818332819055,Low
J81646,TPP,334.0,269.0,65.0,6728.0,2.256512809426008,Mid
J81648,TPP,1115.0,692.0,423.0,5525.0,9.173179761415055,Mid
J82007,CONTINUUM HEALTH LIMITED,7115.0,6434.0,681.0,33454.0,9.667277183867128,Mid
J82015,No Data,0.0,0.0,0.0,9820.0,0.0,Low
J82017,CONTINUUM HEALTH LIMITED,2338.0,2218.0,120.0,13122.0,8.0988208560225,Mid
J82033,RAPID HEALTH,1838.0,1756.0,82.0,9390.0,8.897279504308258,Mid
J82035,ACCURX LIMITED,3804.0,3016.0,788.0,15931.0,10.853624437203623,High
J82036,ACCURX LIMITED,149.0,102.0,47.0,2715.0,2.4945588481500085,Mid
J82042,CONTINUUM HEALTH LIMITED,3057.0,2508.0,549.0,17176.0,8.090041072109074,Mid
J82049,CONTINUUM HEALTH LIMITED,6946.0,5714.0,1232.0,29755.0,10.610898091993706,High
J82050,ACCURX LIMITED,4145.0,3212.0,933.0,23609.0,7.980392685378073,Mid
J82051,CONTINUUM HEALTH LIMITED,7065.0,5538.0,1527.0,36921.0,8.697932440517961,Mid
J82054,ACCURX LIMITED,124.0,26.0,98.0,9739.0,0.5787415172362291,Low
J82055,CONTINUUM HEALTH LIMITED,2325.0,1969.0,356.0,11045.0,9.56829499156344,Mid
J82056,ACCURX LIMITED,1700.0,1410.0,290.0,21724.0,3.5570211412597716,Mid
J82060,CONTINUUM HEALTH LIMITED,2003.0,1650.0,353.0,12173.0,7.479294713337267,Mid
J82061,ACCURX LIMITED,3461.0,2700.0,761.0,13357.0,11.777957761337264,High
J82067,ACCURX LIMITED,4144.0,3689.0,455.0,19624.0,9.598636178334505,Mid
J82071,RAPID HEALTH,240.0,156.0,84.0,14061.0,0.7758403320596621,Low
J82072,ACCURX LIMITED,2733.0,2282.0,451.0,11471.0,10.829681172284259,High
J82073,CONTINUUM HEALTH LIMITED,2076.0,1771.0,305.0,9830.0,9.599556089891799,Mid
J82075,RAPID HEALTH,1128.0,970.0,158.0,7082.0,7.239865472003285,Mid
J82076,CONTINUUM HEALTH LIMITED,3895.0,3387.0,508.0,21878.0,8.092396679104787,Mid
J82080,"ACCURX LIMITED, Engage Health Systems Limited",855.0,461.0,394.0,37512.0,1.0360321060896878,Low
J82081,CONTINUUM HEALTH LIMITED,7431.0,5458.0,1973.0,36288.0,9.308110870610872,Mid
J82082,RAPID HEALTH,1783.0,1444.0,339.0,13214.0,6.133302145107805,Mid
J82083,Klinik Healthcare Solutions UK Ltd,11800.0,9651.0,2149.0,47504.0,11.290915214795309,High
J82085,CONTINUUM HEALTH LIMITED,8683.0,7395.0,1288.0,36713.0,10.750464908392617,High
J82094,ACCURX LIMITED,7120.0,5155.0,1965.0,19570.0,16.537371672783017,High
J82099,ACCURX LIMITED,1317.0,1124.0,193.0,15258.0,3.9234261609409073,Mid
J82103,SILICON PRACTICE LTD,613.0,0.0,0.0,12687.0,2.196235230049371,Mid
J82110,ACCURX LIMITED,7805.0,6473.0,1332.0,27815.0,12.754726847842074,High
J82120,ACCURX LIMITED,1465.0,1103.0,362.0,10709.0,6.21821916994202,Mid
J82130,ACCURX LIMITED,1823.0,1164.0,659.0,24673.0,3.3584742983681095,Mid
J82131,CONTINUUM HEALTH LIMITED,1995.0,1735.0,260.0,12168.0,7.452483414021875,Mid
J82134,CONTINUUM HEALTH LIMITED,3577.0,3085.0,492.0,24016.0,6.770107806916601,Mid
J82136,ACCURX LIMITED,2556.0,2015.0,541.0,11497.0,10.105402990503451,High
J82139,Klinik Healthcare Solutions UK Ltd,4533.0,2101.0,2432.0,15429.0,13.35442702349177,High
J82142,Klinik Healthcare Solutions UK Ltd,451.0,283.0,168.0,11807.0,1.736258151943762,Low
J82143,RAPID HEALTH,1517.0,1325.0,192.0,16376.0,4.210707465470533,Mid
J82144,Klinik Healthcare Solutions UK Ltd,7461.0,4468.0,2993.0,26599.0,12.749966676806032,High
J82145,ACCURX LIMITED,1660.0,488.0,1172.0,16877.0,4.470850592791696,Mid
J82146,CONTINUUM HEALTH LIMITED,1398.0,1215.0,183.0,5696.0,11.156154239019408,High
J82150,CONTINUUM HEALTH LIMITED,2801.0,2450.0,351.0,11679.0,10.901462609656804,High
J82152,ACCURX LIMITED,2698.0,1720.0,978.0,8275.0,14.820104366932162,High
J82154,CONTINUUM HEALTH LIMITED,7802.0,6356.0,1446.0,35799.0,9.90632038985345,Mid
J82155,CONTINUUM HEALTH LIMITED,12994.0,11026.0,1968.0,62294.0,9.481432620097662,Mid
J82156,ACCURX LIMITED,267.0,96.0,171.0,8051.0,1.5074355528957442,Low
J82157,ACCURX LIMITED,5184.0,4032.0,1152.0,17067.0,13.806548522667349,High
J82161,No Data,0.0,0.0,0.0,10345.0,0.0,Low
J82163,CONTINUUM HEALTH LIMITED,3911.0,3470.0,441.0,17163.0,10.357905218943499,High
J82178,"Engage Health Systems Limited, RAPID HEALTH",2935.0,2246.0,689.0,13064.0,10.21196348048767,High
J82181,RAPID HEALTH,2159.0,1469.0,690.0,9025.0,10.87383530596827,High
J82184,CONTINUUM HEALTH LIMITED,571.0,459.0,112.0,4514.0,5.749788536673783,Mid
J82196,CONTINUUM HEALTH LIMITED,5120.0,3888.0,1232.0,15287.0,15.223868170816559,High
J82198,Klinik Healthcare Solutions UK Ltd,621.0,314.0,307.0,6388.0,4.418796607275005,Mid
J82199,CONTINUUM HEALTH LIMITED,1456.0,1241.0,215.0,17471.0,3.7880955973795536,Mid
J82217,No data,0.0,0.0,0.0,484.0,0.0,Low
J82218,ACCURX LIMITED,5663.0,4029.0,1634.0,18362.0,14.018575912705092,High
J82622,CONTINUUM HEALTH LIMITED,14023.0,10537.0,3486.0,49530.0,12.869151845529798,High
J82625,ACCURX LIMITED,276.0,209.0,67.0,4847.0,2.5882926646285425,Mid
J82628,ACCURX LIMITED,773.0,597.0,176.0,6027.0,5.829826387317677,Mid
J82630,CONTINUUM HEALTH LIMITED,595.0,379.0,216.0,6180.0,4.376287143277434,Mid
J82639,No Data,0.0,0.0,0.0,19351.0,0.0,Low
J82669,CONTINUUM HEALTH LIMITED,2213.0,1819.0,394.0,9103.0,11.050303096881148,High
J83001,TPP,139.0,8.0,131.0,13315.0,0.4745160959956303,Low
J83002,ACCURX LIMITED,992.0,594.0,398.0,50121.0,0.8996410504760298,Low
J83003,ACCURX LIMITED,3234.0,2245.0,989.0,13048.0,11.266094420600858,High
J83004,"CONTINUUM HEALTH LIMITED, TPP",360.0,140.0,220.0,7873.0,2.0784499382238493,Mid
J83005,CONTINUUM HEALTH LIMITED,2611.0,2059.0,552.0,10694.0,11.097981875988234,High
J83006,TPP,27.0,10.0,17.0,10980.0,0.11177347242921014,Low
J83007,RAPID HEALTH,2817.0,2436.0,381.0,15343.0,8.345529201945808,Mid
J83009,TPP,3247.0,2431.0,816.0,15005.0,9.836115234315834,Mid
J83010,"ACCURX LIMITED, TPP",3374.0,2666.0,708.0,11587.0,13.235836399726965,High
J83013,ACCURX LIMITED,2109.0,1779.0,330.0,7845.0,12.2197114548931,High
J83014,No Data,0.0,0.0,0.0,16410.0,0.0,Low
J83018,ACCURX LIMITED,5024.0,4129.0,895.0,17931.0,12.73568882737362,High
J83019,TPP,546.0,61.0,485.0,12334.0,2.0121762460014447,Mid
J83021,"ACCURX LIMITED, TPP",4614.0,2936.0,1678.0,24524.0,8.551919455524088,Mid
J83022,TPP,229.0,22.0,207.0,9150.0,1.137605563835072,Low
J83023,TPP,328.0,214.0,114.0,8968.0,1.662476684778201,Low
J83024,TPP,202.0,10.0,192.0,8705.0,1.0547752075609629,Low
J83026,TPP,3682.0,3373.0,309.0,23570.0,7.1007058279014155,Mid
J83027,TPP,656.0,446.0,210.0,12007.0,2.483399834944767,Mid
J83029,TPP,29.0,9.0,20.0,8598.0,0.15331260969781557,Low
J83033,CONTINUUM HEALTH LIMITED,3382.0,3366.0,16.0,21313.0,7.212840647833374,Mid
J83034,TPP,289.0,138.0,151.0,6628.0,1.981949854611291,Mid
J83035,CONTINUUM HEALTH LIMITED,2536.0,2231.0,305.0,14830.0,7.772941825537914,Mid
J83036,"RAPID HEALTH, TPP",1672.0,1265.0,407.0,10200.0,7.450980392156862,Mid
J83037,TPP,33.0,14.0,19.0,16701.0,0.08981498113885396,Low
J83038,TPP,344.0,229.0,115.0,29349.0,0.5327733018625384,Low
J83039,CONTINUUM HEALTH LIMITED,3254.0,2835.0,419.0,13743.0,10.762503886275988,High
J83040,TPP,1089.0,802.0,287.0,24947.0,1.9842065178177735,Mid
J83041,"PATCHS HEALTH LIMITED, TPP",1031.0,941.0,90.0,16703.0,2.8057017519988245,Mid
J83042,TPP,593.0,233.0,360.0,19986.0,1.3486713426671397,Low
J83043,TPP,362.0,232.0,130.0,6602.0,2.4923576877530227,Mid
J83045,TPP,62.0,10.0,52.0,10418.0,0.2705108291593221,Low
J83047,CONTINUUM HEALTH LIMITED,1480.0,1320.0,160.0,8414.0,7.995332454567063,Mid
J83048,No Data,0.0,0.0,0.0,6951.0,0.0,Low
J83049,TPP,906.0,146.0,760.0,12567.0,3.276980837257753,Mid
J83050,"PATCHS HEALTH LIMITED, TPP",3817.0,2069.0,1748.0,14864.0,11.67249730893434,High
J83052,TPP,4935.0,3760.0,1175.0,16449.0,13.63719264503507,High
J83053,TPP,127.0,64.0,63.0,7390.0,0.7811538934678312,Low
J83055,TPP,36.0,23.0,13.0,9890.0,0.16545638385881054,Low
J83056,TPP,333.0,14.0,319.0,5426.0,2.7895989009147875,Mid
J83057,"RAPID HEALTH, TPP",4099.0,2940.0,1159.0,19846.0,9.388198217181388,Mid
J83058,TPP,159.0,92.0,67.0,4324.0,1.6714321755949877,Low
J83059,TPP,282.0,31.0,251.0,9732.0,1.317116915144042,Low
J83060,No Data,0.0,0.0,0.0,5093.0,0.0,Low
J83064,PATCHS HEALTH LIMITED,1460.0,1029.0,431.0,12276.0,5.405965816523001,Mid
J83601,TPP,4.0,1.0,3.0,4218.0,0.043105306263201,Low
J83603,No Data,0.0,0.0,0.0,4864.0,0.0,Low
J83609,TPP,37.0,23.0,14.0,3496.0,0.4810692739754525,Low
J83615,TPP,8.0,7.0,1.0,3458.0,0.105157999894842,Low
J83618,TPP,14.0,11.0,3.0,3348.0,0.19007277071793202,Low
J83619,TPP,4.0,1.0,3.0,3404.0,0.05341309689135776,Low
J83625,TPP,38.0,19.0,19.0,8365.0,0.20648807259685922,Low
J83629,No Data,0.0,0.0,0.0,2414.0,0.0,Low
J83630,No Data,0.0,0.0,0.0,2516.0,0.0,Low
J83633,"CONTINUUM HEALTH LIMITED, TPP",2030.0,1747.0,283.0,10389.0,8.881771804093491,Mid
J83645,TPP,74.0,13.0,61.0,4321.0,0.7784393343291747,Low
J83646,TPP,77.0,34.0,43.0,7698.0,0.45466354897375943,Low
J84011,No Data,0.0,0.0,0.0,24721.0,0.0,Low
J84013,RAPID HEALTH,5003.0,3584.0,1419.0,27047.0,8.407922908606903,Mid
J84015,RAPID HEALTH,3083.0,2809.0,274.0,15511.0,9.034644035611093,Mid
K81001,Klinik Healthcare Solutions UK Ltd,2044.0,1406.0,638.0,15361.0,6.048375164969136,Mid
K81002,CONTINUUM HEALTH LIMITED,3279.0,2184.0,1095.0,15154.0,9.83538699653257,Mid
K81003,No Data,0.0,0.0,0.0,15557.0,0.0,Low
K81007,No Data,0.0,0.0,0.0,5346.0,0.0,Low
K81012,ACCURX LIMITED,3526.0,2371.0,1155.0,12164.0,13.175988759678335,High
K81014,ACCURX LIMITED,2784.0,1537.0,1247.0,19967.0,6.337729981742603,Mid
K81025,ACCURX LIMITED,203.0,109.0,94.0,19781.0,0.4664714992807607,Low
K81026,No Data,0.0,0.0,0.0,7927.0,0.0,Low
K81027,ACCURX LIMITED,48.0,22.0,26.0,11215.0,0.19454464394277143,Low
K81030,RAPID HEALTH,7996.0,6252.0,1744.0,40522.0,8.96931408752148,Mid
K81040,"ACCURX LIMITED, CONTINUUM HEALTH LIMITED",462.0,315.0,147.0,19390.0,1.083032490974729,Low
K81041,"ACCURX LIMITED, SILICON PRACTICE LTD",4154.0,2774.0,1252.0,11714.0,16.119018423952692,High
K81045,CONTINUUM HEALTH LIMITED,1889.0,1084.0,805.0,16724.0,5.134156682829249,Mid
K81047,"CONTINUUM HEALTH LIMITED, SILICON PRACTICE LTD",4987.0,3304.0,591.0,30772.0,7.366496106259527,Mid
K81048,ACCURX LIMITED,2768.0,1672.0,1096.0,9201.0,13.674402979913252,High
K81050,SILICON PRACTICE LTD,400.0,311.0,89.0,11113.0,1.6360855018283258,Low
K81051,CONTINUUM HEALTH LIMITED,2577.0,1984.0,593.0,13730.0,8.531417599152485,Mid
K81055,ACCURX LIMITED,366.0,192.0,174.0,7643.0,2.1766797901823414,Mid
K81056,No Data,0.0,0.0,0.0,6611.0,0.0,Low
K81057,ACCURX LIMITED,735.0,152.0,583.0,7199.0,4.64079607016126,Mid
K81060,Klinik Healthcare Solutions UK Ltd,2483.0,1728.0,755.0,12682.0,8.899513985462574,Mid
K81062,ACCURX LIMITED,6160.0,4783.0,1377.0,26581.0,10.533839960874309,High
K81063,ACCURX LIMITED,2228.0,531.0,1697.0,22326.0,4.536089190751915,Mid
K81066,No Data,0.0,0.0,0.0,11200.0,0.0,Low
K81069,ACCURX LIMITED,853.0,372.0,481.0,14580.0,2.6593091407906226,Mid
K81070,CONTINUUM HEALTH LIMITED,2977.0,2421.0,556.0,12127.0,11.158421853564922,High
K81073,CONTINUUM HEALTH LIMITED,3170.0,2539.0,631.0,17933.0,8.034958405783142,Mid
K81074,ACCURX LIMITED,2353.0,1916.0,437.0,14609.0,7.321140766277325,Mid
K81075,CONTINUUM HEALTH LIMITED,6985.0,5117.0,1868.0,37445.0,8.47910268393644,Mid
K81077,SILICON PRACTICE LTD,3167.0,2472.0,695.0,10925.0,13.176617432910337,High
K81078,No Data,0.0,0.0,0.0,13100.0,0.0,Low
K81080,ACCURX LIMITED,976.0,496.0,480.0,9868.0,4.495706968345801,Mid
K81081,ACCURX LIMITED,85.0,42.0,43.0,2442.0,1.582160673069764,Low
K81083,CONTINUUM HEALTH LIMITED,5608.0,2386.0,3222.0,17703.0,14.399203011302655,High
K81087,No Data,0.0,0.0,0.0,7516.0,0.0,Low
K81092,ACCURX LIMITED,3180.0,2328.0,852.0,15231.0,9.490214335595466,Mid
K81094,No Data,0.0,0.0,0.0,4532.0,0.0,Low
K81100,No Data,0.0,0.0,0.0,6282.0,0.0,Low
K81102,CONTINUUM HEALTH LIMITED,2178.0,1886.0,292.0,10417.0,9.503695881731785,Mid
K81103,"ACCURX LIMITED, SILICON PRACTICE LTD",1847.0,1336.0,411.0,8896.0,9.437336494440812,Mid
K81605,ACCURX LIMITED,634.0,512.0,122.0,31553.0,0.9133262072760694,Low
K81610,Klinik Healthcare Solutions UK Ltd,4814.0,4491.0,323.0,30995.0,7.059789702151374,Mid
K81633,ACCURX LIMITED,3226.0,2324.0,902.0,11612.0,12.628002379983089,High
K81636,ACCURX LIMITED,1664.0,1188.0,476.0,8771.0,8.623459541256828,Mid
K81644,ACCURX LIMITED,5308.0,2733.0,2575.0,14806.0,16.295604975869733,High
K81651,ACCURX LIMITED,5482.0,3520.0,1962.0,17521.0,14.22189476524275,High
K81656,RAPID HEALTH,193.0,157.0,36.0,7045.0,1.2452416284921608,Low
K81657,RAPID HEALTH,182.0,72.0,110.0,6039.0,1.3698836351593433,Low
K82001,Klinik Healthcare Solutions UK Ltd,3566.0,1439.0,2127.0,10601.0,15.290152730016894,High
K82003,ACCURX LIMITED,4684.0,3037.0,1647.0,15831.0,13.448871891168649,High
K82004,ACCURX LIMITED,3152.0,2574.0,578.0,14214.0,10.079690957698554,High
K82006,ACCURX LIMITED,2407.0,1823.0,584.0,9161.0,11.942920086135892,High
K82007,ACCURX LIMITED,6703.0,5338.0,1365.0,30934.0,9.849415471061556,Mid
K82008,No Data,0.0,0.0,0.0,10461.0,0.0,Low
K82009,RAPID HEALTH,12621.0,6041.0,6580.0,41492.0,13.826323584831249,High
K82010,ACCURX LIMITED,2785.0,1901.0,884.0,9726.0,13.015721683210888,High
K82011,Klinik Healthcare Solutions UK Ltd,4007.0,2000.0,2007.0,10618.0,17.153547149779964,High
K82012,Klinik Healthcare Solutions UK Ltd,926.0,370.0,556.0,7092.0,5.934984361380301,Mid
K82013,"SILICON PRACTICE LTD, TPP",1175.0,426.0,81.0,14412.0,3.7058764161178814,Mid
K82014,ACCURX LIMITED,1347.0,1040.0,307.0,5925.0,10.333716915995398,High
K82015,"CONTINUUM HEALTH LIMITED, SILICON PRACTICE LTD",2120.0,1529.0,319.0,9905.0,9.728787113946124,Mid
K82016,ACCURX LIMITED,7653.0,6058.0,1595.0,28720.0,12.112243605976197,High
K82017,ACCURX LIMITED,1545.0,1040.0,505.0,14012.0,5.011937819531311,Mid
K82019,ACCURX LIMITED,3858.0,2286.0,1572.0,16568.0,10.584478293314605,High
K82020,ACCURX LIMITED,1578.0,903.0,675.0,6389.0,11.226682223708364,High
K82021,Klinik Healthcare Solutions UK Ltd,4040.0,2543.0,1497.0,15309.0,11.995320637295947,High
K82022,ACCURX LIMITED,2811.0,2190.0,621.0,10564.0,12.095108602113525,High
K82023,Klinik Healthcare Solutions UK Ltd,11278.0,5111.0,6167.0,38109.0,13.451845066424301,High
K82024,ACCURX LIMITED,473.0,220.0,253.0,10963.0,1.9611420231688406,Mid
K82025,Engage Health Systems Limited,380.0,229.0,92.0,10754.0,1.6061676839062,Low
K82026,TPP,7982.0,5046.0,2936.0,21699.0,16.72050241108723,High
K82027,ACCURX LIMITED,1967.0,815.0,1152.0,6045.0,14.790585758327694,High
K82028,ACCURX LIMITED,2405.0,2101.0,304.0,9943.0,10.994486756329259,High
K82030,CONTINUUM HEALTH LIMITED,2100.0,1811.0,289.0,11162.0,8.551742112035965,Mid
K82031,ACCURX LIMITED,2099.0,1428.0,671.0,6299.0,15.14670438309111,High
K82032,"SILICON PRACTICE LTD, TPP",3183.0,2184.0,963.0,12265.0,11.796316199088317,High
K82033,ACCURX LIMITED,4955.0,4169.0,786.0,18733.0,12.023022085478713,High
K82035,ACCURX LIMITED,1226.0,724.0,502.0,3879.0,14.366401837399518,High
K82036,ACCURX LIMITED,2288.0,1528.0,760.0,11734.0,8.863132776546788,Mid
K82037,TPP,3936.0,3048.0,888.0,13472.0,13.280069099546534,High
K82039,SILICON PRACTICE LTD,871.0,785.0,86.0,16320.0,2.4259135472370765,Mid
K82040,ACCURX LIMITED,4216.0,3025.0,1191.0,13821.0,13.86559320138656,High
K82044,ACCURX LIMITED,2505.0,1685.0,820.0,9840.0,11.57150776053215,High
K82045,ACCURX LIMITED,2013.0,1690.0,323.0,6848.0,13.361565420560748,High
K82046,Klinik Healthcare Solutions UK Ltd,587.0,0.0,587.0,19017.0,1.4030508588009771,Low
K82047,Klinik Healthcare Solutions UK Ltd,5422.0,3346.0,2076.0,22867.0,10.777738463923797,High
K82048,ACCURX LIMITED,1925.0,1495.0,430.0,6913.0,12.657312310140316,High
K82049,ACCURX LIMITED,3035.0,2507.0,528.0,12032.0,11.465637088974857,High
K82051,ACCURX LIMITED,3693.0,2397.0,1296.0,10880.0,15.428643048128343,High
K82053,ACCURX LIMITED,2516.0,1866.0,650.0,10922.0,10.470942717783956,High
K82054,ACCURX LIMITED,719.0,518.0,201.0,10162.0,3.216081301103934,Mid
K82055,ACCURX LIMITED,2901.0,2339.0,562.0,10486.0,12.575208503112373,High
K82057,ACCURX LIMITED,2379.0,1620.0,759.0,9015.0,11.995159582513992,High
K82058,ACCURX LIMITED,826.0,599.0,227.0,5690.0,6.59849816264579,Mid
K82059,"ACCURX LIMITED, SILICON PRACTICE LTD",2461.0,1521.0,861.0,8919.0,12.542172481627576,High
K82061,ACCURX LIMITED,253.0,120.0,133.0,4840.0,2.3760330578512394,Mid
K82064,"ACCURX LIMITED, SILICON PRACTICE LTD",2005.0,1251.0,754.0,7789.0,11.700650100958228,High
K82065,"ACCURX LIMITED, SILICON PRACTICE LTD",4928.0,4068.0,860.0,20437.0,10.96051279542007,High
K82066,"ACCURX LIMITED, Klinik Healthcare Solutions UK Ltd",3297.0,1360.0,1937.0,13601.0,11.018574837411688,High
K82068,ACCURX LIMITED,251.0,206.0,45.0,5585.0,2.0428094734271998,Mid
K82070,ACCURX LIMITED,5911.0,4635.0,1276.0,19776.0,13.58625698734922,High
K82073,Klinik Healthcare Solutions UK Ltd,10323.0,4617.0,5706.0,33443.0,14.03065731923789,High
K82078,ACCURX LIMITED,837.0,448.0,389.0,10394.0,3.6603285112040167,Mid
K82079,ACCURX LIMITED,2490.0,1933.0,557.0,8857.0,12.778798485019554,High
K82603,ACCURX LIMITED,3520.0,2517.0,1003.0,12377.0,12.92720368425305,High
K82610,ACCURX LIMITED,2497.0,1743.0,754.0,8273.0,13.719327934243926,High
K82615,Engage Health Systems Limited,2851.0,1874.0,977.0,15099.0,8.582747803888276,Mid
K82617,SILICON PRACTICE LTD,180.0,0.0,0.0,8283.0,0.9877843995917158,Low
K82621,ACCURX LIMITED,792.0,576.0,216.0,4660.0,7.725321888412017,Mid
K82631,ACCURX LIMITED,3496.0,2013.0,1483.0,16074.0,9.886094992477972,Mid
K82633,ACCURX LIMITED,3590.0,2750.0,840.0,16284.0,10.020991045309394,Mid
K83002,CONTINUUM HEALTH LIMITED,9914.0,8207.0,1707.0,45923.0,9.812868576451095,Mid
K83003,TPP,2352.0,2025.0,327.0,9733.0,10.98418688062169,High
K83005,CONTINUUM HEALTH LIMITED,4119.0,3193.0,926.0,14835.0,12.620645279897047,High
K83006,CONTINUUM HEALTH LIMITED,2115.0,1690.0,425.0,9556.0,10.060314319418547,High
K83007,CONTINUUM HEALTH LIMITED,3790.0,3097.0,693.0,14133.0,12.189395547493616,High
K83008,CONTINUUM HEALTH LIMITED,417.0,287.0,130.0,11208.0,1.691162156900915,Low
K83009,CONTINUUM HEALTH LIMITED,3216.0,2678.0,538.0,14374.0,10.169877430208585,High
K83010,CONTINUUM HEALTH LIMITED,4199.0,3882.0,317.0,19728.0,9.674758534247585,Mid
K83011,"CONTINUUM HEALTH LIMITED, Engage Health Systems Limited",3332.0,2479.0,853.0,12325.0,12.288401253918494,High
K83012,ACCURX LIMITED,2247.0,1584.0,663.0,11711.0,8.721404118893657,Mid
K83013,Engage Health Systems Limited,547.0,296.0,251.0,15291.0,1.6260307608159286,Low
K83014,CONTINUUM HEALTH LIMITED,3931.0,3392.0,539.0,17706.0,10.091597096002383,High
K83015,"ACCURX LIMITED, TPP",3225.0,2801.0,424.0,12959.0,11.311899767799142,High
K83017,ACCURX LIMITED,632.0,456.0,176.0,10746.0,2.673299155711216,Mid
K83018,RAPID HEALTH,1842.0,1133.0,709.0,12520.0,6.687481847226257,Mid
K83019,ACCURX LIMITED,89.0,55.0,34.0,6572.0,0.6155591213412271,Low
K83021,ACCURX LIMITED,4783.0,3866.0,917.0,22203.0,9.79187906630144,Mid
K83022,ACCURX LIMITED,4155.0,2730.0,1425.0,11785.0,16.0257646468932,High
K83023,CONTINUUM HEALTH LIMITED,2227.0,1763.0,464.0,10546.0,9.598641449580194,Mid
K83024,"ACCURX LIMITED, CONTINUUM HEALTH LIMITED",2107.0,1816.0,291.0,8668.0,11.048999454629358,High
K83025,ACCURX LIMITED,2760.0,2070.0,690.0,16491.0,7.607455306200075,Mid
K83026,CONTINUUM HEALTH LIMITED,5004.0,4227.0,777.0,19822.0,11.474853468597793,High
K83027,"ACCURX LIMITED, SILICON PRACTICE LTD",2168.0,1611.0,539.0,10187.0,9.67364823259591,Mid
K83028,CONTINUUM HEALTH LIMITED,2446.0,2107.0,339.0,11554.0,9.622798873274899,Mid
K83029,ACCURX LIMITED,4226.0,2690.0,1536.0,12787.0,15.022359356448668,High
K83030,CONTINUUM HEALTH LIMITED,2419.0,2368.0,51.0,9307.0,11.814177012414898,High
K83031,ACCURX LIMITED,62.0,41.0,21.0,8266.0,0.3409365857950421,Low
K83032,ACCURX LIMITED,3034.0,2166.0,868.0,21980.0,6.274298949458185,Mid
K83035,No Data,0.0,0.0,0.0,6666.0,0.0,Low
K83036,CONTINUUM HEALTH LIMITED,4021.0,2935.0,1086.0,16883.0,10.825844178921239,High
K83037,CONTINUUM HEALTH LIMITED,3161.0,2567.0,594.0,13831.0,10.388389717433169,High
K83039,No Data,0.0,0.0,0.0,12059.0,0.0,Low
K83040,"ACCURX LIMITED, TPP",2889.0,1889.0,1000.0,11235.0,11.688311688311687,High
K83041,CONTINUUM HEALTH LIMITED,4055.0,3454.0,601.0,23965.0,7.691140488970659,Mid
K83042,ACCURX LIMITED,3309.0,2566.0,743.0,15347.0,9.80055326181605,Mid
K83043,CONTINUUM HEALTH LIMITED,3581.0,2365.0,1216.0,14662.0,11.10167284631887,High
K83044,CONTINUUM HEALTH LIMITED,2818.0,2240.0,578.0,13695.0,9.353114939095223,Mid
K83047,CONTINUUM HEALTH LIMITED,6175.0,4845.0,1330.0,28700.0,9.779854292049414,Mid
K83048,CONTINUUM HEALTH LIMITED,591.0,508.0,83.0,5604.0,4.793653883589644,Mid
K83049,TPP,3940.0,3650.0,290.0,16227.0,11.036600054902884,High
K83050,"ACCURX LIMITED, Engage Health Systems Limited",28.0,17.0,11.0,7098.0,0.17930787161556394,Low
K83051,TPP,7761.0,6280.0,1481.0,29229.0,12.069271178375152,High
K83052,ACCURX LIMITED,762.0,463.0,299.0,22880.0,1.5138270820089,Low
K83053,"CONTINUUM HEALTH LIMITED, Engage Health Systems Limited",91.0,40.0,51.0,6538.0,0.6326649795600544,Low
K83055,CONTINUUM HEALTH LIMITED,1596.0,1278.0,318.0,7966.0,9.106886084038983,Mid
K83056,ACCURX LIMITED,22.0,9.0,13.0,4113.0,0.2431315341599805,Low
K83059,RAPID HEALTH,6731.0,6286.0,445.0,31146.0,9.823237187906809,Mid
K83064,ACCURX LIMITED,156.0,61.0,95.0,16299.0,0.4350517878955207,Low
K83065,CONTINUUM HEALTH LIMITED,1698.0,1360.0,338.0,6859.0,11.252634229744595,High
K83066,TPP,3896.0,3349.0,547.0,14702.0,12.045361793695355,High
K83068,ACCURX LIMITED,45.0,27.0,18.0,6326.0,0.32334090190555576,Low
K83069,No Data,0.0,0.0,0.0,3281.0,0.0,Low
K83070,RAPID HEALTH,2005.0,1514.0,491.0,10734.0,8.490438199773024,Mid
K83076,ACCURX LIMITED,1835.0,1518.0,317.0,8772.0,9.508560295154002,Mid
K83077,CONTINUUM HEALTH LIMITED,2345.0,2132.0,213.0,9426.0,11.308180467951315,High
K83080,CONTINUUM HEALTH LIMITED,1827.0,1371.0,456.0,5559.0,14.938919687975272,High
K83081,TPP,380.0,343.0,37.0,1920.0,8.996212121212121,Mid
K83601,"ACCURX LIMITED, CONTINUUM HEALTH LIMITED",339.0,123.0,216.0,8269.0,1.8634769511538167,Low
K83610,ACCURX LIMITED,1115.0,655.0,460.0,15131.0,3.3495352707566046,Mid
K83616,CONTINUUM HEALTH LIMITED,85.0,64.0,21.0,6440.0,0.5999435347261435,Low
K83618,"ACCURX LIMITED, CONTINUUM HEALTH LIMITED",2457.0,1885.0,572.0,12277.0,9.096832954452895,Mid
K83620,ACCURX LIMITED,2726.0,2191.0,535.0,9197.0,13.472772742099695,High
K83621,"ACCURX LIMITED, SILICON PRACTICE LTD",1180.0,319.0,291.0,14462.0,3.7087791202021596,Mid
K83622,ACCURX LIMITED,4876.0,3838.0,1038.0,15558.0,14.24581332024448,High
K84001,ACCURX LIMITED,137.0,16.0,121.0,10359.0,0.6011461267760139,Low
K84002,ACCURX LIMITED,1377.0,789.0,588.0,19752.0,3.168839058875511,Mid
K84003,ACCURX LIMITED,1816.0,1252.0,564.0,6977.0,11.83108134519916,High
K84004,ACCURX LIMITED,1507.0,1368.0,139.0,13047.0,5.250249099409826,Mid
K84006,ACCURX LIMITED,4230.0,3157.0,1073.0,16221.0,11.853321451989844,High
K84007,ACCURX LIMITED,1440.0,1163.0,277.0,8278.0,7.907048254958379,Mid
K84008,ACCURX LIMITED,426.0,200.0,226.0,8062.0,2.4018402832592862,Mid
K84009,ACCURX LIMITED,4533.0,3209.0,1324.0,25528.0,8.071351243554316,Mid
K84010,No Data,0.0,0.0,0.0,8904.0,0.0,Low
K84011,ACCURX LIMITED,1139.0,799.0,340.0,18464.0,2.803982196313219,Mid
K84012,RAPID HEALTH,1693.0,1268.0,425.0,8868.0,8.677779144626236,Mid
K84013,ACCURX LIMITED,3725.0,2517.0,1208.0,28594.0,5.921458411491287,Mid
K84014,ACCURX LIMITED,368.0,190.0,178.0,11263.0,1.4851525106341763,Low
K84015,ACCURX LIMITED,141.0,96.0,45.0,3889.0,1.6480048621987422,Low
K84016,ACCURX LIMITED,5784.0,3415.0,2369.0,22131.0,11.879675157430341,High
K84017,ACCURX LIMITED,4974.0,2984.0,1990.0,21364.0,10.582798590662286,High
K84019,"ACCURX LIMITED, CONTINUUM HEALTH LIMITED",3866.0,2622.0,1244.0,15964.0,11.007721919774037,High
K84020,ACCURX LIMITED,178.0,112.0,66.0,9813.0,0.8245092317241507,Low
K84021,ACCURX LIMITED,1040.0,818.0,222.0,9098.0,5.195947161214253,Mid
K84023,ACCURX LIMITED,61.0,43.0,18.0,6321.0,0.4386532625735283,Low
K84024,ACCURX LIMITED,2189.0,1460.0,729.0,9091.0,10.94489055109449,High
K84026,ACCURX LIMITED,620.0,331.0,289.0,11998.0,2.3488763278728273,Mid
K84027,ACCURX LIMITED,3819.0,3112.0,707.0,15076.0,11.514387708338358,High
K84030,"ACCURX LIMITED, SILICON PRACTICE LTD",3626.0,2864.0,651.0,15210.0,10.836172374633914,High
K84031,ACCURX LIMITED,4241.0,2818.0,1423.0,12399.0,15.54744150921262,High
K84032,ACCURX LIMITED,618.0,316.0,302.0,9498.0,2.957560443346925,Mid
K84033,ACCURX LIMITED,6128.0,3795.0,2333.0,20686.0,13.465409191987554,High
K84034,ACCURX LIMITED,152.0,88.0,64.0,3361.0,2.0556652511427873,Mid
K84035,ACCURX LIMITED,265.0,188.0,77.0,10996.0,1.0954396640100532,Low
K84036,ACCURX LIMITED,142.0,67.0,75.0,6093.0,1.059337839249213,Low
K84037,ACCURX LIMITED,483.0,242.0,241.0,19047.0,1.1526510975243058,Low
K84042,ACCURX LIMITED,851.0,506.0,345.0,9712.0,3.9828890220158755,Mid
K84043,ACCURX LIMITED,3426.0,2648.0,778.0,18910.0,8.235181000913418,Mid
K84044,ACCURX LIMITED,4965.0,3890.0,1075.0,26649.0,8.46867868144464,Mid
K84045,ACCURX LIMITED,653.0,476.0,177.0,7406.0,4.0078069378636485,Mid
K84046,"ACCURX LIMITED, Engage Health Systems Limited",24.0,12.0,12.0,6210.0,0.1756697408871322,Low
K84047,ACCURX LIMITED,155.0,95.0,60.0,8057.0,0.8744513522967042,Low
K84050,ACCURX LIMITED,857.0,607.0,250.0,13930.0,2.7964497813744043,Mid
K84051,Engage Health Systems Limited,11031.0,4460.0,1470.0,19457.0,25.770113116569405,High
K84054,ACCURX LIMITED,770.0,446.0,324.0,19935.0,1.7557060446450967,Low
K84055,ACCURX LIMITED,4004.0,2767.0,1237.0,12141.0,14.990527963100238,High
K84056,ACCURX LIMITED,21.0,14.0,7.0,5228.0,0.18258329275926827,Low
K84058,ACCURX LIMITED,54.0,31.0,23.0,8056.0,0.30468538412927687,Low
K84059,ACCURX LIMITED,2194.0,1707.0,487.0,12484.0,7.9884069791150845,Mid
K84060,ACCURX LIMITED,1231.0,862.0,369.0,5852.0,9.561610638165662,Mid
K84062,ACCURX LIMITED,380.0,192.0,188.0,10078.0,1.7139042739360264,Low
K84065,ACCURX LIMITED,10.0,7.0,3.0,3194.0,0.1423122900893721,Low
K84066,No Data,0.0,0.0,0.0,475.0,0.0,Low
K84071,ACCURX LIMITED,2763.0,1864.0,899.0,10348.0,12.13673261411955,High
K84075,ACCURX LIMITED,4010.0,2546.0,1464.0,12439.0,14.653326414722027,High
K84078,ACCURX LIMITED,141.0,96.0,45.0,11483.0,0.5581373255326055,Low
K84079,ACCURX LIMITED,1844.0,1293.0,551.0,9297.0,9.015615985606305,Mid
K84080,ACCURX LIMITED,581.0,219.0,362.0,12836.0,2.057423723051645,Mid
K84082,SILICON PRACTICE LTD,103.0,0.0,0.0,12470.0,0.37544652620835456,Low
K84605,ACCURX LIMITED,232.0,148.0,84.0,5970.0,1.76640779655855,Low
K84610,ACCURX LIMITED,90.0,53.0,37.0,5039.0,0.811849392917065,Low
K84618,ACCURX LIMITED,546.0,131.0,415.0,8528.0,2.9101995565410204,Mid
K84624,ACCURX LIMITED,2111.0,1235.0,876.0,11238.0,8.538400556553254,Mid
L81004,ACCURX LIMITED,5296.0,3674.0,1622.0,17325.0,13.894792076610258,High
L81007,Klinik Healthcare Solutions UK Ltd,11125.0,6094.0,5031.0,39386.0,12.839126039247908,High
L81009,ACCURX LIMITED,542.0,366.0,176.0,10761.0,2.2894121026264878,Mid
L81010,ACCURX LIMITED,2577.0,2008.0,569.0,8454.0,13.855732627911477,High
L81012,ACCURX LIMITED,4138.0,2414.0,1724.0,18384.0,10.231228736450667,High
L81014,Klinik Healthcare Solutions UK Ltd,3769.0,2293.0,1476.0,14353.0,11.936053913340892,High
L81015,ACCURX LIMITED,4581.0,3841.0,740.0,18719.0,11.123845970792923,High
L81017,ACCURX LIMITED,1126.0,487.0,639.0,12679.0,4.036739347095054,Mid
L81018,Klinik Healthcare Solutions UK Ltd,2158.0,1586.0,572.0,9016.0,10.87964830200855,High
L81019,CONTINUUM HEALTH LIMITED,2539.0,2138.0,401.0,18187.0,6.34569147792879,Mid
L81020,ACCURX LIMITED,2123.0,1642.0,481.0,8827.0,10.932366602469695,High
L81022,ACCURX LIMITED,633.0,466.0,167.0,18327.0,1.5699638387476005,Low
L81023,ACCURX LIMITED,1158.0,786.0,372.0,15451.0,3.4066638817140404,Mid
L81025,ACCURX LIMITED,4959.0,4057.0,902.0,18579.0,12.132466274239244,High
L81027,TPP,109.0,70.0,39.0,8841.0,0.560405548529064,Low
L81029,ACCURX LIMITED,258.0,157.0,101.0,9549.0,1.2281152714705965,Low
L81030,ACCURX LIMITED,2085.0,1480.0,605.0,6616.0,14.324777399142574,High
L81033,Klinik Healthcare Solutions UK Ltd,3944.0,2508.0,1436.0,14746.0,12.157380121573802,High
L81034,ACCURX LIMITED,1539.0,1129.0,410.0,34959.0,2.0010453804326627,Mid
L81037,ACCURX LIMITED,2117.0,1127.0,990.0,23516.0,4.091991526078956,Mid
L81038,ACCURX LIMITED,4052.0,3362.0,690.0,13123.0,14.035039105526037,High
L81039,ACCURX LIMITED,5251.0,3478.0,1773.0,25690.0,9.29084539438763,Mid
L81040,ACCURX LIMITED,5829.0,4252.0,1577.0,16730.0,15.837091778514372,High
L81041,ACCURX LIMITED,283.0,145.0,138.0,7412.0,1.7355148898591963,Low
L81045,ACCURX LIMITED,4739.0,3856.0,883.0,19662.0,10.955604257404685,High
L81047,Klinik Healthcare Solutions UK Ltd,5644.0,2594.0,3050.0,15118.0,16.96953661499236,High
L81053,ACCURX LIMITED,1098.0,882.0,216.0,8321.0,5.997967901585255,Mid
L81054,ACCURX LIMITED,325.0,162.0,163.0,12147.0,1.216162614038633,Low
L81055,No Data,0.0,0.0,0.0,12808.0,0.0,Low
L81059,ACCURX LIMITED,2129.0,1765.0,364.0,8907.0,10.864794798779306,High
L81061,ACCURX LIMITED,3191.0,2376.0,815.0,11055.0,13.120348669873772,High
L81062,ACCURX LIMITED,6457.0,5552.0,905.0,24645.0,11.909109352809901,High
L81063,Klinik Healthcare Solutions UK Ltd,3436.0,2003.0,1433.0,12689.0,12.30844181431304,High
L81065,ACCURX LIMITED,3799.0,3231.0,568.0,14154.0,12.200213238788905,High
L81066,ACCURX LIMITED,2821.0,2448.0,373.0,10648.0,12.042380984905405,High
L81068,TPP,951.0,759.0,192.0,12010.0,3.5992733328287034,Mid
L81069,ACCURX LIMITED,123.0,90.0,33.0,8315.0,0.672388345268682,Low
L81070,ACCURX LIMITED,2221.0,1872.0,349.0,8997.0,11.220912021178776,High
L81071,TPP,330.0,251.0,79.0,14562.0,1.0300782859497322,Low
L81072,TPP,31.0,21.0,10.0,10657.0,0.13222209900449555,Low
L81073,ACCURX LIMITED,2662.0,2157.0,505.0,8256.0,14.656007751937985,High
L81075,Klinik Healthcare Solutions UK Ltd,5191.0,3116.0,2075.0,31582.0,7.471171726127081,Mid
L81078,"ACCURX LIMITED, CONTINUUM HEALTH LIMITED",1438.0,974.0,464.0,22698.0,2.8797090652760753,Mid
L81079,CONTINUUM HEALTH LIMITED,6547.0,4957.0,1590.0,21212.0,14.029365882090756,High
L81081,ACCURX LIMITED,1996.0,1609.0,387.0,19747.0,4.594483857156669,Mid
L81082,Klinik Healthcare Solutions UK Ltd,3430.0,2399.0,1031.0,13976.0,11.155487328927512,High
L81083,ACCURX LIMITED,555.0,460.0,95.0,8754.0,2.8817994890647394,Mid
L81084,ACCURX LIMITED,2568.0,2066.0,502.0,11306.0,10.324365180193944,High
L81085,ACCURX LIMITED,275.0,154.0,121.0,6592.0,1.89623786407767,Low
L81089,ACCURX LIMITED,3197.0,2720.0,477.0,12052.0,12.05759888965996,High
L81090,ACCURX LIMITED,3492.0,2912.0,580.0,17044.0,9.312794691813702,Mid
L81091,ACCURX LIMITED,968.0,751.0,217.0,16229.0,2.7111960071476986,Mid
L81095,ACCURX LIMITED,207.0,133.0,74.0,14534.0,0.6473848155422396,Low
L81118,CONTINUUM HEALTH LIMITED,4570.0,3483.0,1087.0,38999.0,5.326476902671164,Mid
L81120,"ACCURX LIMITED, CONTINUUM HEALTH LIMITED",2104.0,1452.0,652.0,9011.0,10.613290826363738,High
L81122,TPP,924.0,867.0,57.0,5587.0,7.517451226060499,Mid
L81123,TPP,286.0,235.0,51.0,5747.0,2.262049765094832,Mid
L81125,ACCURX LIMITED,2471.0,1826.0,645.0,10047.0,11.179275586561344,High
L81127,CONTINUUM HEALTH LIMITED,2024.0,1730.0,294.0,10253.0,8.972983517019408,Mid
L81131,ACCURX LIMITED,790.0,509.0,281.0,11258.0,3.1896509956556143,Mid
L81132,TPP,1308.0,1181.0,127.0,5138.0,11.571534732297675,High
L81133,ACCURX LIMITED,542.0,372.0,170.0,17548.0,1.403941397103011,Low
L81600,ACCURX LIMITED,1328.0,1005.0,323.0,11973.0,5.04164673545781,Mid
L81617,ACCURX LIMITED,425.0,165.0,260.0,13191.0,1.4644971433691014,Low
L81644,ACCURX LIMITED,2205.0,1725.0,480.0,8861.0,11.311056621969612,High
L82001,ACCURX LIMITED,723.0,431.0,292.0,19443.0,1.6902554319619585,Low
L82003,"Klinik Healthcare Solutions UK Ltd, SILICON PRACTICE LTD",2590.0,2176.0,378.0,8713.0,13.511680560917334,High
L82004,"Klinik Healthcare Solutions UK Ltd, SILICON PRACTICE LTD",2412.0,1500.0,599.0,8035.0,13.644849239124285,High
L82006,"Klinik Healthcare Solutions UK Ltd, TPP",3773.0,2863.0,910.0,20319.0,8.440376002756041,Mid
L82008,ACCURX LIMITED,1040.0,815.0,225.0,10723.0,4.408535603163973,Mid
L82010,Klinik Healthcare Solutions UK Ltd,6278.0,3400.0,2878.0,23913.0,11.933410126861387,High
L82011,SILICON PRACTICE LTD,344.0,176.0,168.0,6431.0,2.4314047016581615,Mid
L82012,ACCURX LIMITED,4057.0,3408.0,649.0,17014.0,10.838667621317203,High
L82013,ACCURX LIMITED,575.0,266.0,309.0,7995.0,3.269088634942293,Mid
L82015,ACCURX LIMITED,112.0,62.0,50.0,7002.0,0.7270649944171795,Low
L82016,ACCURX LIMITED,5041.0,4064.0,977.0,17544.0,13.060668241926793,High
L82017,ACCURX LIMITED,265.0,226.0,39.0,2280.0,5.283094098883573,Mid
L82018,ACCURX LIMITED,4861.0,3381.0,1480.0,13925.0,15.86747184592786,High
L82022,ACCURX LIMITED,122.0,1.0,121.0,9906.0,0.5598076464218197,Low
L82023,Klinik Healthcare Solutions UK Ltd,3329.0,2405.0,924.0,16083.0,9.40857935821562,Mid
L82025,No Data,0.0,0.0,0.0,4798.0,0.0,Low
L82026,Klinik Healthcare Solutions UK Ltd,1468.0,1273.0,195.0,6617.0,10.084218335691814,High
L82028,ACCURX LIMITED,4510.0,3303.0,1207.0,17778.0,11.531105861176734,High
L82029,ACCURX LIMITED,3352.0,2728.0,624.0,16540.0,9.211828075189622,Mid
L82030,Klinik Healthcare Solutions UK Ltd,4980.0,3768.0,1212.0,18584.0,12.180565882675227,High
L82035,Klinik Healthcare Solutions UK Ltd,1383.0,711.0,672.0,8486.0,7.407923210421443,Mid
L82036,ACCURX LIMITED,513.0,336.0,177.0,12326.0,1.8917882377236588,Low
L82038,ACCURX LIMITED,3475.0,2892.0,583.0,12001.0,13.161781972714396,High
L82039,Klinik Healthcare Solutions UK Ltd,89.0,74.0,15.0,5381.0,0.7518034836377151,Low
L82041,Klinik Healthcare Solutions UK Ltd,8527.0,6224.0,2303.0,29309.0,13.224296601416256,High
L82042,Klinik Healthcare Solutions UK Ltd,5530.0,2260.0,3270.0,16674.0,15.075185100374018,High
L82043,ACCURX LIMITED,154.0,85.0,69.0,4647.0,1.506348181622552,Low
L82044,"ACCURX LIMITED, Engage Health Systems Limited",2043.0,1364.0,679.0,8862.0,10.47885763525574,High
L82045,SILICON PRACTICE LTD,1585.0,0.0,0.0,9497.0,7.58612767668259,Mid
L82046,ACCURX LIMITED,3039.0,2391.0,648.0,12160.0,11.359898325358852,High
L82047,ACCURX LIMITED,481.0,307.0,174.0,7755.0,2.819295469198757,Mid
L82048,ACCURX LIMITED,137.0,105.0,32.0,3848.0,1.6183141183141183,Low
L82049,ACCURX LIMITED,374.0,358.0,16.0,10583.0,1.6063498062931116,Low
L82050,ACCURX LIMITED,5.0,3.0,2.0,8761.0,0.025941413910823795,Low
L82052,Klinik Healthcare Solutions UK Ltd,2988.0,1723.0,1265.0,10455.0,12.990739533063778,High
L82054,ACCURX LIMITED,175.0,99.0,76.0,9417.0,0.8447005898423547,Low
L82056,ACCURX LIMITED,385.0,187.0,198.0,8526.0,2.052545155993432,Mid
L82057,ACCURX LIMITED,125.0,89.0,36.0,2908.0,1.9538576966362387,Mid
L82058,"ACCURX LIMITED, SILICON PRACTICE LTD",113.0,56.0,51.0,4846.0,1.0599182080816418,Low
L82059,ACCURX LIMITED,901.0,631.0,270.0,5809.0,7.050188578850999,Mid
L82061,ACCURX LIMITED,125.0,74.0,51.0,6103.0,0.9309877407534298,Low
L82066,ACCURX LIMITED,1719.0,1339.0,380.0,7146.0,10.934279825967483,High
L82068,Klinik Healthcare Solutions UK Ltd,3341.0,2110.0,1231.0,9295.0,16.338207247298154,High
L82070,ACCURX LIMITED,2210.0,1867.0,343.0,6681.0,15.03585473051122,High
L82620,ACCURX LIMITED,1436.0,1216.0,220.0,6346.0,10.285648798097585,High
L82622,ACCURX LIMITED,574.0,190.0,384.0,7185.0,3.631302587461251,Mid
L83002,ACCURX LIMITED,4862.0,3384.0,1478.0,17750.0,12.450704225352114,High
L83003,No Data,0.0,0.0,0.0,11393.0,0.0,Low
L83004,No data,0.0,0.0,0.0,11581.0,0.0,Low
L83005,ACCURX LIMITED,232.0,177.0,55.0,15592.0,0.6763375157423387,Low
L83006,No Data,0.0,0.0,0.0,32540.0,0.0,Low
L83007,ACCURX LIMITED,2723.0,2209.0,514.0,9175.0,13.490215506564281,High
L83008,TPP,5510.0,4862.0,648.0,29677.0,8.439348500675454,Mid
L83010,ACCURX LIMITED,190.0,92.0,98.0,7171.0,1.2043457866913452,Low
L83011,ACCURX LIMITED,812.0,453.0,359.0,8198.0,4.502206746656612,Mid
L83012,ACCURX LIMITED,61.0,31.0,30.0,3225.0,0.8597603946441155,Low
L83013,PATCHS HEALTH LIMITED,4102.0,3703.0,399.0,15266.0,12.213713183187833,High
L83014,Klinik Healthcare Solutions UK Ltd,6597.0,4365.0,2232.0,20189.0,14.852822644194184,High
L83015,TPP,3854.0,2921.0,933.0,8271.0,21.180246425077765,High
L83016,ACCURX LIMITED,3214.0,2353.0,861.0,39588.0,3.6902826384487497,Mid
L83019,TPP,3570.0,2596.0,974.0,9922.0,16.354840483040444,High
L83020,ACCURX LIMITED,1998.0,1644.0,354.0,12694.0,7.154417978429322,Mid
L83021,CONTINUUM HEALTH LIMITED,2560.0,2343.0,217.0,10264.0,11.337065117267768,High
L83023,ACCURX LIMITED,205.0,142.0,63.0,5862.0,1.5895908935827052,Low
L83024,ACCURX LIMITED,357.0,228.0,129.0,8627.0,1.8809867540596648,Low
L83026,ACCURX LIMITED,957.0,730.0,227.0,5220.0,8.333333333333332,Mid
L83027,ACCURX LIMITED,275.0,219.0,56.0,7250.0,1.7241379310344827,Low
L83028,"ACCURX LIMITED, SILICON PRACTICE LTD",2390.0,1696.0,620.0,11360.0,9.563060179257363,Mid
L83030,ACCURX LIMITED,961.0,678.0,283.0,10024.0,4.357723282304288,Mid
L83031,Klinik Healthcare Solutions UK Ltd,2920.0,1851.0,1069.0,12309.0,10.78294522116116,High
L83034,TPP,1980.0,1719.0,261.0,9856.0,9.131493506493506,Mid
L83035,ACCURX LIMITED,878.0,583.0,295.0,16775.0,2.379081425281127,Mid
L83036,ACCURX LIMITED,896.0,638.0,258.0,11914.0,3.4184382010468966,Mid
L83038,ACCURX LIMITED,2524.0,1455.0,1069.0,14031.0,8.17669964558996,Mid
L83039,Klinik Healthcare Solutions UK Ltd,2239.0,1269.0,970.0,5630.0,18.076860972065234,High
L83040,ACCURX LIMITED,1860.0,1016.0,844.0,18428.0,4.587880103399964,Mid
L83041,ACCURX LIMITED,217.0,144.0,73.0,9132.0,1.0801178672400749,Low
L83042,ACCURX LIMITED,1203.0,629.0,574.0,9864.0,5.543574430435744,Mid
L83043,TPP,5245.0,4728.0,517.0,14364.0,16.597681071365283,High
L83044,ACCURX LIMITED,235.0,145.0,90.0,8306.0,1.2860363811483484,Low
L83045,TPP,4381.0,3800.0,581.0,14956.0,13.314814364560288,High
L83046,ACCURX LIMITED,2343.0,1871.0,472.0,9564.0,11.135508155583437,High
L83048,TPP,2959.0,2676.0,283.0,10875.0,12.367816091954024,High
L83049,ACCURX LIMITED,211.0,124.0,87.0,3273.0,2.930311362941977,Mid
L83050,ACCURX LIMITED,822.0,510.0,312.0,13259.0,2.817982982399605,Mid
L83051,ACCURX LIMITED,2226.0,1606.0,620.0,10311.0,9.812997593038327,Mid
L83052,ACCURX LIMITED,2954.0,2045.0,909.0,12882.0,10.423282663618014,High
L83054,ACCURX LIMITED,1668.0,1213.0,455.0,5584.0,13.577754623599896,High
L83055,RAPID HEALTH,4321.0,2782.0,1539.0,15564.0,12.619448143734958,High
L83056,ACCURX LIMITED,2842.0,2113.0,729.0,25939.0,4.980215821034665,Mid
L83057,ACCURX LIMITED,2717.0,1945.0,772.0,7986.0,15.464562985224143,High
L83058,ACCURX LIMITED,448.0,315.0,133.0,7579.0,2.6868500281879357,Mid
L83059,TPP,3057.0,2844.0,213.0,10033.0,13.849750369236068,High
L83064,"CONTINUUM HEALTH LIMITED, TPP",3439.0,3091.0,348.0,12648.0,12.359122534644358,High
L83067,ACCURX LIMITED,3905.0,3271.0,634.0,14939.0,11.88165205167682,High
L83069,ACCURX LIMITED,4846.0,2905.0,1941.0,15119.0,14.56926564407218,High
L83070,ACCURX LIMITED,507.0,207.0,300.0,5139.0,4.484423924003608,Mid
L83071,ACCURX LIMITED,207.0,118.0,89.0,7888.0,1.1928360685967176,Low
L83072,TPP,3392.0,2305.0,1087.0,11555.0,13.343298847409624,High
L83073,ACCURX LIMITED,5526.0,4682.0,844.0,19464.0,12.904943391996413,High
L83075,ACCURX LIMITED,680.0,153.0,527.0,6151.0,5.025051358980802,Mid
L83076,ACCURX LIMITED,1097.0,816.0,281.0,12018.0,4.149079411186251,Mid
L83079,ACCURX LIMITED,1904.0,1201.0,703.0,9026.0,9.588461615937796,Mid
L83081,CONTINUUM HEALTH LIMITED,1552.0,1354.0,198.0,6253.0,11.28185743570359,High
L83082,ACCURX LIMITED,40.0,20.0,20.0,3299.0,0.5511311967813938,Low
L83083,ACCURX LIMITED,5501.0,3606.0,1895.0,15177.0,16.475288564634287,High
L83084,ACCURX LIMITED,889.0,616.0,273.0,7976.0,5.066335369745601,Mid
L83085,ACCURX LIMITED,1839.0,1024.0,815.0,18706.0,4.4686682931096495,Mid
L83086,ACCURX LIMITED,255.0,107.0,148.0,5362.0,2.161676443660778,Mid
L83087,ACCURX LIMITED,5697.0,3198.0,2499.0,15315.0,16.90855667349301,High
L83088,"ACCURX LIMITED, TPP",1769.0,1558.0,211.0,5258.0,15.292714132577201,High
L83089,TPP,5937.0,5126.0,811.0,13953.0,19.340904204374425,High
L83092,ACCURX LIMITED,4825.0,3884.0,941.0,16420.0,13.356771121691947,High
L83094,TPP,2640.0,2481.0,159.0,8579.0,13.987644247581303,High
L83095,No Data,0.0,0.0,0.0,15927.0,0.0,Low
L83096,ACCURX LIMITED,594.0,350.0,244.0,18013.0,1.4989174485094097,Low
L83097,ACCURX LIMITED,679.0,396.0,283.0,12772.0,2.4165077015061356,Mid
L83098,ACCURX LIMITED,493.0,275.0,218.0,5471.0,4.095977135640816,Mid
L83100,TPP,15098.0,13754.0,1344.0,43292.0,15.852183481306644,High
L83101,CONTINUUM HEALTH LIMITED,3046.0,2241.0,805.0,15016.0,9.22046786458081,Mid
L83102,ACCURX LIMITED,828.0,375.0,453.0,7492.0,5.02354026112702,Mid
L83103,Klinik Healthcare Solutions UK Ltd,7243.0,2372.0,4871.0,16138.0,20.40074809315112,High
L83105,ACCURX LIMITED,384.0,207.0,177.0,6703.0,2.6039900722878495,Mid
L83106,ACCURX LIMITED,937.0,580.0,357.0,9960.0,4.276195691858342,Mid
L83111,ACCURX LIMITED,6249.0,5500.0,749.0,16053.0,17.694228776269515,High
L83112,ACCURX LIMITED,654.0,240.0,414.0,5965.0,4.983616551093499,Mid
L83113,TPP,2851.0,2174.0,677.0,7401.0,17.50991880704082,High
L83115,ACCURX LIMITED,801.0,622.0,179.0,4956.0,7.346467092229804,Mid
L83116,ACCURX LIMITED,1630.0,1310.0,320.0,5354.0,13.838421570957992,High
L83120,ACCURX LIMITED,3576.0,2758.0,818.0,22134.0,7.343699943320437,Mid
L83127,ACCURX LIMITED,1189.0,857.0,332.0,15819.0,3.4164899516691665,Mid
L83128,ACCURX LIMITED,2058.0,1901.0,157.0,7628.0,12.263431377222673,High
L83129,ACCURX LIMITED,200.0,95.0,105.0,3040.0,2.990430622009569,Mid
L83131,Klinik Healthcare Solutions UK Ltd,6646.0,4747.0,1899.0,24970.0,12.098154148614702,High
L83134,ACCURX LIMITED,106.0,72.0,34.0,4056.0,1.1879146494531112,Low
L83136,ACCURX LIMITED,800.0,633.0,167.0,6081.0,5.9798777115008,Mid
L83137,ACCURX LIMITED,1959.0,1222.0,737.0,12706.0,7.008142180501696,Mid
L83146,ACCURX LIMITED,374.0,98.0,276.0,5081.0,3.345798071245817,Mid
L83147,TPP,4729.0,3691.0,1038.0,14524.0,14.799954933526953,High
L83148,ACCURX LIMITED,215.0,156.0,59.0,3721.0,2.6263712100852654,Mid
L83607,ACCURX LIMITED,478.0,402.0,76.0,5626.0,3.8619396955692724,Mid
L83616,No Data,0.0,0.0,0.0,2470.0,0.0,Low
L83624,Klinik Healthcare Solutions UK Ltd,1841.0,1353.0,488.0,7645.0,10.94595398061716,High
L83628,ACCURX LIMITED,777.0,479.0,298.0,6775.0,5.213015766521302,Mid
L83639,ACCURX LIMITED,144.0,96.0,48.0,2905.0,2.253168518228759,Mid
L83646,Klinik Healthcare Solutions UK Ltd,4429.0,2929.0,1500.0,9237.0,21.794758235160966,High
L83648,TPP,6443.0,4367.0,2076.0,22296.0,13.135254591121113,High
L83651,No Data,0.0,0.0,0.0,4484.0,0.0,Low
L83655,ACCURX LIMITED,519.0,270.0,249.0,7696.0,3.0653468153468153,Mid
L83663,ACCURX LIMITED,128.0,104.0,24.0,2998.0,1.9406877312147492,Mid
L83666,ACCURX LIMITED,1073.0,841.0,232.0,3939.0,12.382007431512381,High
L83673,ACCURX LIMITED,4.0,1.0,3.0,728.0,0.24975024975024976,Low
L84003,SILICON PRACTICE LTD,116.0,0.0,0.0,11448.0,0.46058064925989456,Low
L84004,"CONTINUUM HEALTH LIMITED, SILICON PRACTICE LTD",1940.0,1606.0,331.0,7960.0,11.07811786203746,High
L84005,SILICON PRACTICE LTD,110.0,91.0,18.0,8613.0,0.5805178218971322,Low
L84006,SILICON PRACTICE LTD,271.0,0.0,0.0,6870.0,1.7930395659653302,Low
L84007,SILICON PRACTICE LTD,61.0,1.0,60.0,12411.0,0.2234088528504772,Low
L84008,SILICON PRACTICE LTD,658.0,0.0,0.0,12326.0,2.4265042113492545,Mid
L84009,"RAPID HEALTH, SILICON PRACTICE LTD",3506.0,2251.0,1254.0,19463.0,8.188030435371545,Mid
L84010,CONTINUUM HEALTH LIMITED,1901.0,1197.0,704.0,10784.0,8.01271243593202,Mid
L84011,SILICON PRACTICE LTD,369.0,0.0,0.0,8181.0,2.05020502050205,Mid
L84012,SILICON PRACTICE LTD,2404.0,1816.0,41.0,24595.0,4.442883808608549,Mid
L84014,SILICON PRACTICE LTD,399.0,0.0,0.0,8974.0,2.020989930506311,Mid
L84016,SILICON PRACTICE LTD,32.0,0.0,0.0,6858.0,0.21209470028367666,Low
L84018,"ACCURX LIMITED, SILICON PRACTICE LTD",4088.0,3192.0,896.0,12615.0,14.729939105682268,High
L84021,SILICON PRACTICE LTD,109.0,0.0,0.0,9115.0,0.5435595671470602,Low
L84022,"ACCURX LIMITED, SILICON PRACTICE LTD",1465.0,1138.0,326.0,7444.0,8.945581554394021,Mid
L84023,CONTINUUM HEALTH LIMITED,2836.0,1908.0,928.0,13145.0,9.806701476537917,Mid
L84024,SILICON PRACTICE LTD,316.0,0.0,0.0,4179.0,3.4370989144858486,Mid
L84027,SILICON PRACTICE LTD,414.0,0.0,0.0,18132.0,1.0378436917152998,Low
L84028,SILICON PRACTICE LTD,1385.0,0.0,0.0,11830.0,5.321601475447629,Mid
L84029,SILICON PRACTICE LTD,1301.0,0.0,0.0,16747.0,3.5311616191773836,Mid
L84030,"ACCURX LIMITED, SILICON PRACTICE LTD",2420.0,1301.0,984.0,18253.0,6.026406618090177,Mid
L84031,SILICON PRACTICE LTD,164.0,110.0,54.0,5788.0,1.2879311428032922,Low
L84033,SILICON PRACTICE LTD,1109.0,0.0,0.0,19206.0,2.6246532806982668,Mid
L84034,SILICON PRACTICE LTD,620.0,0.0,0.0,11943.0,2.3596933920973107,Mid
L84036,"CONTINUUM HEALTH LIMITED, SILICON PRACTICE LTD",2960.0,2312.0,380.0,11116.0,12.103765252379862,High
L84037,SILICON PRACTICE LTD,62.0,14.0,48.0,12029.0,0.23428230261716007,Low
L84038,SILICON PRACTICE LTD,101.0,0.0,0.0,11291.0,0.40659898068453554,Low
L84039,SILICON PRACTICE LTD,314.0,0.0,0.0,9007.0,1.5846260988927803,Low
L84040,TPP,209.0,67.0,142.0,12469.0,0.7618894859250941,Low
L84041,TPP,325.0,182.0,143.0,13101.0,1.1276030282213017,Low
L84043,TPP,1378.0,1128.0,250.0,4892.0,12.80383557570802,High
L84045,"ACCURX LIMITED, SILICON PRACTICE LTD",257.0,146.0,94.0,7240.0,1.6135107985936714,Low
L84046,"SILICON PRACTICE LTD, TPP",253.0,36.0,6.0,5757.0,1.9975681778704186,Mid
L84047,"ACCURX LIMITED, SILICON PRACTICE LTD",4501.0,3574.0,751.0,16731.0,12.228253486994744,High
L84048,"CONTINUUM HEALTH LIMITED, SILICON PRACTICE LTD",2323.0,1205.0,1118.0,10295.0,10.256523466819727,High
L84049,SILICON PRACTICE LTD,566.0,0.0,0.0,8485.0,3.0320887127015594,Mid
L84050,"RAPID HEALTH, SILICON PRACTICE LTD",11769.0,7299.0,2078.0,40561.0,13.188889461663802,High
L84051,SILICON PRACTICE LTD,989.0,938.0,51.0,9955.0,4.515775535363682,Mid
L84052,SILICON PRACTICE LTD,1114.0,0.0,0.0,10085.0,5.020958218776761,Mid
L84053,"ACCURX LIMITED, SILICON PRACTICE LTD",2017.0,1373.0,593.0,7649.0,11.986118209153899,High
L84054,SILICON PRACTICE LTD,1476.0,526.0,950.0,13969.0,4.802842658093571,Mid
L84058,ACCURX LIMITED,2611.0,1833.0,778.0,9264.0,12.811077092165176,High
L84059,"ACCURX LIMITED, SILICON PRACTICE LTD",1005.0,518.0,466.0,8094.0,5.643911314778624,Mid
L84060,"SILICON PRACTICE LTD, TPP",3189.0,2677.0,512.0,11095.0,13.064853127944609,High
L84063,SILICON PRACTICE LTD,610.0,0.0,0.0,5020.0,5.5233611010503445,Mid
L84065,"CONTINUUM HEALTH LIMITED, SILICON PRACTICE LTD",1520.0,1094.0,424.0,8953.0,7.717067920351735,Mid
L84067,"RAPID HEALTH, SILICON PRACTICE LTD",2429.0,1794.0,350.0,10049.0,10.987072435972824,High
L84068,SILICON PRACTICE LTD,216.0,32.0,184.0,5972.0,1.6440358034463862,Low
L84072,TPP,781.0,580.0,201.0,5129.0,6.9214271787872885,Mid
L84075,"CONTINUUM HEALTH LIMITED, SILICON PRACTICE LTD, TPP",1419.0,1245.0,172.0,9331.0,6.912442396313364,Mid
L84077,"CONTINUUM HEALTH LIMITED, SILICON PRACTICE LTD",3295.0,1953.0,1271.0,14427.0,10.38141867836191,High
L84080,"SILICON PRACTICE LTD, TPP",510.0,0.0,1.0,11517.0,2.0128347817850294,Mid
L84081,SILICON PRACTICE LTD,156.0,0.0,0.0,4399.0,1.6119365971605115,Low
L84085,SILICON PRACTICE LTD,131.0,0.0,0.0,3805.0,1.564926532075021,Low
L84606,SILICON PRACTICE LTD,736.0,0.0,0.0,12052.0,2.7758501040943786,Mid
L84613,SILICON PRACTICE LTD,671.0,0.0,0.0,3748.0,8.137673425827108,Mid
L84617,SILICON PRACTICE LTD,369.0,316.0,53.0,7959.0,2.107391289449337,Mid
L85001,ACCURX LIMITED,2606.0,814.0,1792.0,17598.0,6.731136802735848,Mid
L85002,Engage Health Systems Limited,67.0,51.0,16.0,11786.0,0.25839593971275626,Low
L85006,No Data,0.0,0.0,0.0,10087.0,0.0,Low
L85008,Klinik Healthcare Solutions UK Ltd,6556.0,4407.0,2149.0,29225.0,10.196749358426004,High
L85009,ACCURX LIMITED,114.0,80.0,34.0,10687.0,0.48487116887977744,Low
L85011,ACCURX LIMITED,174.0,85.0,89.0,8449.0,0.9360978706463379,Low
L85012,ACCURX LIMITED,8128.0,6416.0,1712.0,22522.0,16.404162394749378,High
L85013,ACCURX LIMITED,29.0,19.0,10.0,4207.0,0.31333059619249304,Low
L85014,ACCURX LIMITED,4256.0,2433.0,1823.0,13314.0,14.530159640569735,High
L85015,ACCURX LIMITED,4477.0,1470.0,3007.0,16168.0,12.58659079663533,High
L85018,ACCURX LIMITED,951.0,820.0,131.0,5114.0,8.452732250151099,Mid
L85019,No Data,0.0,0.0,0.0,10810.0,0.0,Low
L85020,ACCURX LIMITED,4294.0,2465.0,1829.0,11531.0,16.92670351069449,High
L85021,ACCURX LIMITED,494.0,292.0,202.0,15012.0,1.4957730785068912,Low
L85023,ACCURX LIMITED,4756.0,3712.0,1044.0,17544.0,12.32226505824317,High
L85025,ACCURX LIMITED,172.0,82.0,90.0,13963.0,0.5599213505823832,Low
L85029,RAPID HEALTH,2740.0,2150.0,590.0,13058.0,9.537866024311116,Mid
L85030,Klinik Healthcare Solutions UK Ltd,3716.0,2791.0,925.0,17971.0,9.398981186861661,Mid
L85033,ACCURX LIMITED,1747.0,1282.0,465.0,13974.0,5.682631380355725,Mid
L85034,RAPID HEALTH,1498.0,1197.0,301.0,8500.0,8.010695187165775,Mid
L85035,ACCURX LIMITED,151.0,63.0,88.0,17378.0,0.3949612362548258,Low
L85036,ACCURX LIMITED,409.0,279.0,130.0,6167.0,3.0145790645223105,Mid
L85037,ACCURX LIMITED,412.0,321.0,91.0,4232.0,4.425158962020966,Mid
L85038,ACCURX LIMITED,1331.0,1156.0,175.0,6888.0,8.783391405342625,Mid
L85039,ACCURX LIMITED,871.0,485.0,386.0,13778.0,2.8734873777695666,Mid
L85042,ACCURX LIMITED,3482.0,2893.0,589.0,15470.0,10.230945525063172,High
L85043,ACCURX LIMITED,3493.0,1910.0,1583.0,10887.0,14.583698656445968,High
L85044,ACCURX LIMITED,2348.0,1866.0,482.0,6149.0,17.356850337822852,High
L85046,ACCURX LIMITED,1638.0,1361.0,277.0,6048.0,12.31060606060606,High
L85051,ACCURX LIMITED,1902.0,1657.0,245.0,7319.0,11.812343961544673,High
L85052,ACCURX LIMITED,307.0,182.0,125.0,7791.0,1.7911109555314406,Low
L85053,ACCURX LIMITED,1961.0,1416.0,545.0,6357.0,14.021765555507887,High
L85054,ACCURX LIMITED,3113.0,2413.0,700.0,9049.0,15.637086970936014,High
L85055,ACCURX LIMITED,925.0,599.0,326.0,9182.0,4.579117245203066,Mid
L85056,ACCURX LIMITED,517.0,339.0,178.0,7265.0,3.2346868547832064,Mid
L85061,ACCURX LIMITED,1039.0,892.0,147.0,4023.0,11.739317108444626,High
L85062,ACCURX LIMITED,160.0,75.0,85.0,6341.0,1.1469369614772547,Low
L85065,ACCURX LIMITED,114.0,48.0,66.0,8477.0,0.6112797194547814,Low
L85601,Klinik Healthcare Solutions UK Ltd,12.0,9.0,3.0,3604.0,0.15134698819493492,Low
L85607,ACCURX LIMITED,1405.0,1193.0,212.0,5547.0,11.513184850123736,High
L85609,ACCURX LIMITED,562.0,459.0,103.0,5374.0,4.753527083262847,Mid
L85611,ACCURX LIMITED,72.0,50.0,22.0,3160.0,1.0356731875719218,Low
L85624,Engage Health Systems Limited,87.0,53.0,34.0,5306.0,0.7452969194393997,Low
M81001,ACCURX LIMITED,5397.0,4420.0,977.0,17674.0,13.880173238552779,High
M81002,ACCURX LIMITED,2684.0,1928.0,756.0,14199.0,8.592154377068807,Mid
M81004,ACCURX LIMITED,753.0,291.0,462.0,15756.0,2.1723326178771725,Mid
M81005,ACCURX LIMITED,380.0,196.0,184.0,13920.0,1.2408568443051202,Low
M81006,ACCURX LIMITED,3813.0,1737.0,2076.0,22123.0,7.834298323834101,Mid
M81007,ACCURX LIMITED,280.0,186.0,94.0,5674.0,2.2430864870061202,Mid
M81008,ACCURX LIMITED,1356.0,891.0,465.0,20137.0,3.0608513500702013,Mid
M81009,ACCURX LIMITED,48.0,36.0,12.0,5695.0,0.3831111820576263,Low
M81010,ACCURX LIMITED,5032.0,3596.0,1436.0,14689.0,15.571330432791392,High
M81011,ACCURX LIMITED,277.0,168.0,109.0,7495.0,1.6799078173327673,Low
M81012,Klinik Healthcare Solutions UK Ltd,3693.0,2308.0,1385.0,13728.0,12.227828989192625,High
M81015,ACCURX LIMITED,2841.0,2125.0,716.0,9612.0,13.434910906821019,High
M81016,ACCURX LIMITED,747.0,261.0,486.0,19357.0,1.754122304827476,Low
M81017,ACCURX LIMITED,1124.0,808.0,316.0,12387.0,4.124558738266658,Mid
M81018,ACCURX LIMITED,68.0,31.0,37.0,6564.0,0.47088803944379803,Low
M81019,ACCURX LIMITED,4884.0,3824.0,1060.0,16850.0,13.175074183976262,High
M81020,ACCURX LIMITED,2055.0,1240.0,815.0,11860.0,7.875977311053197,Mid
M81021,ACCURX LIMITED,3694.0,2900.0,794.0,13183.0,12.736789115458613,High
M81022,Klinik Healthcare Solutions UK Ltd,3496.0,1605.0,1891.0,18205.0,8.728870689870416,Mid
M81024,ACCURX LIMITED,106.0,58.0,48.0,5149.0,0.9357509843041015,Low
M81025,ACCURX LIMITED,61.0,31.0,30.0,5065.0,0.5474288791169344,Low
M81026,Klinik Healthcare Solutions UK Ltd,14135.0,8245.0,5890.0,46755.0,13.741845791893915,High
M81027,ACCURX LIMITED,2816.0,2157.0,659.0,9965.0,12.844957350727547,High
M81029,ACCURX LIMITED,178.0,83.0,95.0,8068.0,1.0028395006084645,Low
M81032,ACCURX LIMITED,2136.0,1546.0,590.0,12471.0,7.78533470378551,Mid
M81033,ACCURX LIMITED,130.0,77.0,53.0,7477.0,0.7903023818497938,Low
M81034,ACCURX LIMITED,168.0,119.0,49.0,8784.0,0.8693492300049677,Low
M81035,ACCURX LIMITED,661.0,324.0,337.0,14278.0,2.104318149982809,Mid
M81037,ACCURX LIMITED,903.0,421.0,482.0,11682.0,3.5135639912219263,Mid
M81038,ACCURX LIMITED,5793.0,3530.0,2263.0,12379.0,21.271361323061782,High
M81039,ACCURX LIMITED,3672.0,3056.0,616.0,12019.0,13.887102996013887,High
M81040,ACCURX LIMITED,7013.0,5539.0,1474.0,21766.0,14.645443686149376,High
M81041,ACCURX LIMITED,400.0,160.0,240.0,11192.0,1.6245370069530183,Low
M81042,ACCURX LIMITED,240.0,126.0,114.0,9719.0,1.1224499340560663,Low
M81043,CONTINUUM HEALTH LIMITED,2132.0,1440.0,692.0,8928.0,10.854512870641903,High
M81044,ACCURX LIMITED,277.0,169.0,108.0,11658.0,1.0800230820817545,Low
M81045,ACCURX LIMITED,417.0,243.0,174.0,5068.0,3.7400444859008393,Mid
M81046,ACCURX LIMITED,3703.0,2971.0,732.0,12065.0,13.95094751911992,High
M81047,ACCURX LIMITED,499.0,252.0,247.0,10716.0,2.116631036003936,Mid
M81048,ACCURX LIMITED,255.0,144.0,111.0,9662.0,1.1996386970512412,Low
M81049,ACCURX LIMITED,358.0,232.0,126.0,11397.0,1.4278079558416488,Low
M81054,ACCURX LIMITED,190.0,110.0,80.0,7133.0,1.210761760320151,Low
M81055,ACCURX LIMITED,1111.0,902.0,209.0,5802.0,8.703895208548776,Mid
M81056,ACCURX LIMITED,4241.0,2783.0,1458.0,12237.0,15.75326691776802,High
M81057,ACCURX LIMITED,5583.0,4131.0,1452.0,15263.0,16.62666102815484,High
M81058,ACCURX LIMITED,339.0,159.0,180.0,10145.0,1.5188852547157128,Low
M81061,ACCURX LIMITED,511.0,262.0,249.0,8795.0,2.6409633572794458,Mid
M81063,ACCURX LIMITED,2415.0,1293.0,1122.0,14065.0,7.804673108619074,Mid
M81064,ACCURX LIMITED,582.0,406.0,176.0,8308.0,3.1842255000656547,Mid
M81066,ACCURX LIMITED,2719.0,1706.0,1013.0,8254.0,14.97345639579708,High
M81067,ACCURX LIMITED,83.0,46.0,37.0,5745.0,0.6566975235382546,Low
M81068,ACCURX LIMITED,900.0,596.0,304.0,15768.0,2.5944375259443753,Mid
M81069,ACCURX LIMITED,3221.0,1233.0,1988.0,9511.0,15.393659016832185,High
M81070,ACCURX LIMITED,1312.0,853.0,459.0,11587.0,5.146833834155833,Mid
M81074,ACCURX LIMITED,3750.0,2739.0,1011.0,11072.0,15.395099842354176,High
M81075,ACCURX LIMITED,4123.0,2927.0,1196.0,12770.0,14.675731472912366,High
M81076,ACCURX LIMITED,964.0,730.0,234.0,3103.0,14.121231652652858,High
M81077,ACCURX LIMITED,460.0,321.0,139.0,4873.0,4.290804619144451,Mid
M81078,ACCURX LIMITED,184.0,97.0,87.0,6661.0,1.2556127253620124,Low
M81081,ACCURX LIMITED,270.0,132.0,138.0,5707.0,2.1504691208563647,Mid
M81082,ACCURX LIMITED,4651.0,3327.0,1324.0,15558.0,13.588449087870607,High
M81083,ACCURX LIMITED,162.0,83.0,79.0,5113.0,1.4401792223032202,Low
M81084,ACCURX LIMITED,210.0,97.0,113.0,5834.0,1.6361766447470936,Low
M81090,ACCURX LIMITED,50.0,38.0,12.0,3421.0,0.664345885041588,Low
M81091,ACCURX LIMITED,97.0,38.0,59.0,14173.0,0.3110908706054406,Low
M81092,ACCURX LIMITED,1921.0,1088.0,833.0,5567.0,15.684961706158042,High
M81093,ACCURX LIMITED,1803.0,1196.0,607.0,10868.0,7.540904072004551,Mid
M81094,ACCURX LIMITED,272.0,153.0,119.0,9462.0,1.3066620549182375,Low
M81600,ACCURX LIMITED,287.0,175.0,112.0,3981.0,3.2769290493480394,Mid
M81604,ACCURX LIMITED,1389.0,1172.0,217.0,6676.0,9.457214445231223,Mid
M81605,ACCURX LIMITED,38.0,26.0,12.0,5577.0,0.3097135964268831,Low
M81608,ACCURX LIMITED,112.0,79.0,33.0,4150.0,1.2267250821467688,Low
M81616,ACCURX LIMITED,588.0,480.0,108.0,3413.0,7.831020429907039,Mid
M81617,ACCURX LIMITED,1806.0,1092.0,714.0,5311.0,15.45677068177539,High
M81627,ACCURX LIMITED,343.0,227.0,116.0,8406.0,1.8547357947786216,Low
M81629,ACCURX LIMITED,2813.0,2129.0,684.0,9914.0,12.897280246483392,High
M82002,ACCURX LIMITED,446.0,236.0,210.0,10005.0,2.0262595974739903,Mid
M82003,ACCURX LIMITED,6955.0,5673.0,1282.0,24451.0,12.929383814010208,High
M82004,ACCURX LIMITED,442.0,228.0,214.0,19175.0,1.0477657935285054,Low
M82005,ACCURX LIMITED,425.0,260.0,165.0,9656.0,2.0006402048655567,Mid
M82006,ACCURX LIMITED,3639.0,2923.0,716.0,11427.0,14.475285806343827,High
M82007,ACCURX LIMITED,164.0,66.0,98.0,15405.0,0.4839042813726358,Low
M82009,ACCURX LIMITED,1044.0,768.0,276.0,11575.0,4.099744747692911,Mid
M82010,ACCURX LIMITED,5306.0,4354.0,952.0,17661.0,13.656181313731848,High
M82011,ACCURX LIMITED,148.0,115.0,33.0,4523.0,1.4873474966333688,Low
M82012,ACCURX LIMITED,4035.0,3132.0,903.0,13989.0,13.110950812001636,High
M82013,ACCURX LIMITED,128.0,90.0,38.0,2693.0,2.1604834081625763,Mid
M82014,ACCURX LIMITED,436.0,158.0,278.0,9563.0,2.0723812420978582,Mid
M82016,ACCURX LIMITED,2947.0,2295.0,652.0,10615.0,12.619363679184687,High
M82017,ACCURX LIMITED,100.0,75.0,25.0,4561.0,0.9965916565346515,Low
M82018,ACCURX LIMITED,529.0,415.0,114.0,7212.0,3.3340896485655223,Mid
M82019,ACCURX LIMITED,654.0,446.0,208.0,8473.0,3.508470757379054,Mid
M82020,ACCURX LIMITED,598.0,510.0,88.0,4204.0,6.465703658853041,Mid
M82021,ACCURX LIMITED,2776.0,2341.0,435.0,8506.0,14.834448410747495,High
M82022,ACCURX LIMITED,1003.0,624.0,379.0,13928.0,3.2733277635632607,Mid
M82023,ACCURX LIMITED,198.0,137.0,61.0,7715.0,1.1665586519766689,Low
M82025,CONTINUUM HEALTH LIMITED,5953.0,5056.0,897.0,21376.0,12.658631600435491,High
M82026,CONTINUUM HEALTH LIMITED,3095.0,2579.0,516.0,13195.0,10.661752041062387,High
M82028,ACCURX LIMITED,4530.0,3301.0,1229.0,14759.0,13.95142563243383,High
M82030,ACCURX LIMITED,294.0,177.0,117.0,10344.0,1.291921535541025,Low
M82032,ACCURX LIMITED,4635.0,3331.0,1304.0,16421.0,12.830023639353158,High
M82033,ACCURX LIMITED,58.0,27.0,31.0,5658.0,0.4659532761335519,Low
M82034,ACCURX LIMITED,284.0,134.0,150.0,7961.0,1.6215413778533987,Low
M82035,ACCURX LIMITED,3369.0,2812.0,557.0,12038.0,12.721080215680649,High
M82038,CONTINUUM HEALTH LIMITED,3411.0,3011.0,400.0,14189.0,10.927158682462087,High
M82039,ACCURX LIMITED,4941.0,2778.0,2163.0,14916.0,15.057046734440139,High
M82040,ACCURX LIMITED,639.0,407.0,232.0,6451.0,4.502473189498456,Mid
M82041,ACCURX LIMITED,114.0,42.0,72.0,7131.0,0.726660802386507,Low
M82042,ACCURX LIMITED,221.0,60.0,161.0,6386.0,1.573043304956866,Low
M82043,ACCURX LIMITED,321.0,122.0,199.0,7495.0,1.9467523803747953,Mid
M82046,ACCURX LIMITED,53.0,34.0,19.0,3927.0,0.6134685279070305,Low
M82047,ACCURX LIMITED,3792.0,2572.0,1220.0,11157.0,15.448923219829378,High
M82048,ACCURX LIMITED,449.0,147.0,302.0,6969.0,2.928553724937711,Mid
M82051,ACCURX LIMITED,127.0,42.0,85.0,4663.0,1.2379856900551731,Low
M82056,ACCURX LIMITED,5729.0,4619.0,1110.0,16273.0,16.00252509734474,High
M82057,ACCURX LIMITED,165.0,79.0,86.0,7552.0,0.993114406779661,Low
M82058,ACCURX LIMITED,51.0,42.0,9.0,4174.0,0.5553861567277955,Low
M82059,ACCURX LIMITED,5472.0,4055.0,1417.0,17202.0,14.459206646161652,High
M82060,ACCURX LIMITED,620.0,335.0,285.0,9146.0,3.0813271574259984,Mid
M82601,ACCURX LIMITED,13.0,8.0,5.0,2404.0,0.24580245046135232,Low
M82606,ACCURX LIMITED,382.0,251.0,131.0,5586.0,3.1084204016534844,Mid
M82616,ACCURX LIMITED,294.0,201.0,93.0,8585.0,1.55662625086038,Low
M82620,ACCURX LIMITED,75.0,50.0,25.0,2939.0,1.1599492715518573,Low
M83001,ACCURX LIMITED,54.0,16.0,38.0,12102.0,0.20282147203317258,Low
M83004,ACCURX LIMITED,2935.0,2127.0,808.0,9241.0,14.43665089374428,High
M83005,ACCURX LIMITED,466.0,137.0,329.0,5479.0,3.8660007632447857,Mid
M83006,"ACCURX LIMITED, SILICON PRACTICE LTD",10925.0,6914.0,1309.0,31292.0,15.869580374885247,High
M83007,ACCURX LIMITED,786.0,443.0,343.0,8265.0,4.322719023263487,Mid
M83010,"ACCURX LIMITED, Engage Health Systems Limited",2947.0,2440.0,507.0,10590.0,12.649154433856983,High
M83011,ACCURX LIMITED,2508.0,1582.0,926.0,7950.0,14.339622641509434,High
M83012,ACCURX LIMITED,2136.0,1736.0,400.0,8196.0,11.846133368827367,High
M83013,ACCURX LIMITED,25.0,11.0,14.0,4720.0,0.24075500770416022,Low
M83014,ACCURX LIMITED,2631.0,2132.0,499.0,9992.0,11.968665841764318,High
M83016,ACCURX LIMITED,90.0,37.0,53.0,7429.0,0.5506675314186419,Low
M83017,ACCURX LIMITED,85.0,40.0,45.0,5157.0,0.7492023198829482,Low
M83020,ACCURX LIMITED,330.0,188.0,142.0,9454.0,1.5866299978844933,Low
M83021,ACCURX LIMITED,387.0,244.0,143.0,10242.0,1.7175267614634926,Low
M83022,ACCURX LIMITED,122.0,79.0,43.0,7878.0,0.7039165455007039,Low
M83023,ACCURX LIMITED,2508.0,2002.0,506.0,9266.0,12.303043384416146,High
M83024,No Data,0.0,0.0,0.0,11595.0,0.0,Low
M83025,ACCURX LIMITED,65.0,31.0,34.0,5857.0,0.5044468933832089,Low
M83026,ACCURX LIMITED,4831.0,3642.0,1189.0,16797.0,13.073221949807055,High
M83027,"ACCURX LIMITED, RAPID HEALTH",3022.0,2613.0,409.0,11102.0,12.372873028610734,High
M83028,ACCURX LIMITED,2899.0,2431.0,468.0,10845.0,12.150551154700532,High
M83030,No Data,0.0,0.0,0.0,13620.0,0.0,Low
M83031,ACCURX LIMITED,320.0,168.0,152.0,6322.0,2.300767881280377,Mid
M83032,"ACCURX LIMITED, SILICON PRACTICE LTD",3710.0,2191.0,1519.0,14153.0,11.915238015711413,High
M83034,ACCURX LIMITED,230.0,53.0,177.0,11787.0,0.8869555828069444,Low
M83035,ACCURX LIMITED,221.0,104.0,117.0,7775.0,1.2920198772288805,Low
M83036,ACCURX LIMITED,223.0,96.0,127.0,8835.0,1.1472963934763596,Low
M83037,ACCURX LIMITED,3207.0,1828.0,1379.0,8478.0,17.19423534710159,High
M83038,ACCURX LIMITED,351.0,184.0,167.0,10271.0,1.5533585293102379,Low
M83042,ACCURX LIMITED,2541.0,1849.0,692.0,9685.0,11.925658234383066,High
M83044,ACCURX LIMITED,3198.0,2451.0,747.0,13273.0,10.951829756922804,High
M83046,ACCURX LIMITED,707.0,406.0,301.0,9685.0,3.3181583517153985,Mid
M83047,ACCURX LIMITED,122.0,61.0,61.0,6794.0,0.8162282227634008,Low
M83049,PATCHS HEALTH LIMITED,2486.0,1839.0,647.0,8879.0,12.726658407478322,High
M83050,ACCURX LIMITED,283.0,153.0,130.0,9815.0,1.3106099198814432,Low
M83051,ACCURX LIMITED,373.0,274.0,99.0,12512.0,1.3550627760985816,Low
M83054,ACCURX LIMITED,2770.0,2276.0,494.0,10538.0,11.948101243982814,High
M83056,ACCURX LIMITED,1029.0,660.0,369.0,10963.0,4.266416790360966,Mid
M83061,ACCURX LIMITED,859.0,251.0,608.0,8010.0,4.874588582453751,Mid
M83062,ACCURX LIMITED,1454.0,715.0,739.0,12813.0,5.158113563639201,Mid
M83065,ACCURX LIMITED,122.0,71.0,51.0,7231.0,0.7669000892621415,Low
M83066,ACCURX LIMITED,2206.0,1629.0,577.0,7767.0,12.910097498741761,High
M83067,ACCURX LIMITED,283.0,92.0,191.0,7911.0,1.626044288160329,Low
M83068,ACCURX LIMITED,4472.0,3796.0,676.0,14674.0,13.852577843309751,High
M83069,ACCURX LIMITED,5621.0,3971.0,1650.0,15934.0,16.034893937492154,High
M83071,ACCURX LIMITED,3011.0,2243.0,768.0,11469.0,11.933353942247482,High
M83072,ACCURX LIMITED,2459.0,2067.0,392.0,11398.0,9.806345610872722,Mid
M83073,RAPID HEALTH,218.0,184.0,34.0,8963.0,1.105555161116915,Low
M83074,ACCURX LIMITED,4168.0,3251.0,917.0,14235.0,13.309065363859885,High
M83075,ACCURX LIMITED,781.0,555.0,226.0,20231.0,1.7547328357471208,Low
M83076,ACCURX LIMITED,2301.0,1218.0,1083.0,8228.0,12.71158350643037,High
M83079,ACCURX LIMITED,2228.0,1739.0,489.0,9552.0,10.602253692705954,High
M83084,ACCURX LIMITED,2126.0,1487.0,639.0,6595.0,14.65297401612792,High
M83088,SILICON PRACTICE LTD,2599.0,1511.0,1088.0,14891.0,7.933406999957265,Mid
M83090,ACCURX LIMITED,181.0,123.0,58.0,5330.0,1.5435783728466654,Low
M83092,ACCURX LIMITED,1418.0,1064.0,354.0,8655.0,7.447087863032404,Mid
M83094,CONTINUUM HEALTH LIMITED,4497.0,2227.0,2270.0,14532.0,14.066136175962766,High
M83096,ACCURX LIMITED,1317.0,1067.0,250.0,5164.0,11.5924934863742,High
M83097,ACCURX LIMITED,505.0,374.0,131.0,9179.0,2.5007675623211085,Mid
M83100,ACCURX LIMITED,168.0,92.0,76.0,4211.0,1.813432352496708,Low
M83102,ACCURX LIMITED,200.0,62.0,138.0,7404.0,1.2278375325376947,Low
M83103,ACCURX LIMITED,1118.0,899.0,219.0,4852.0,10.47365659896575,High
M83108,TPP,261.0,155.0,106.0,7935.0,1.495102251245919,Low
M83110,RAPID HEALTH,4330.0,3532.0,798.0,17898.0,10.996657828706102,High
M83117,CONTINUUM HEALTH LIMITED,1466.0,1319.0,147.0,8174.0,8.152234357274729,Mid
M83121,ACCURX LIMITED,94.0,52.0,42.0,5858.0,0.7293832831559018,Low
M83122,ACCURX LIMITED,32.0,16.0,16.0,3090.0,0.4707266843189173,Low
M83123,"ACCURX LIMITED, PATCHS HEALTH LIMITED",201.0,67.0,134.0,10326.0,0.8847921398763933,Low
M83126,ACCURX LIMITED,276.0,95.0,181.0,9407.0,1.3336296954878861,Low
M83127,ACCURX LIMITED,93.0,32.0,61.0,6710.0,0.6299959355100935,Low
M83129,ACCURX LIMITED,527.0,319.0,208.0,10775.0,2.2231596709554946,Mid
M83132,ACCURX LIMITED,311.0,73.0,238.0,5660.0,2.4975907484741406,Mid
M83138,ACCURX LIMITED,277.0,107.0,170.0,6881.0,1.8298080353014228,Low
M83140,ACCURX LIMITED,58.0,29.0,29.0,4946.0,0.5330294452817704,Low
M83141,ACCURX LIMITED,2937.0,2388.0,549.0,9461.0,14.110559137511892,High
M83143,ACCURX LIMITED,58.0,28.0,30.0,5305.0,0.49695827264159026,Low
M83146,PATCHS HEALTH LIMITED,3883.0,2667.0,1216.0,12823.0,13.764329720034313,High
M83148,ACCURX LIMITED,4247.0,3540.0,707.0,14275.0,13.523324311415378,High
M83601,ACCURX LIMITED,108.0,53.0,55.0,5904.0,0.8314855875831486,Low
M83608,ACCURX LIMITED,1150.0,896.0,254.0,5392.0,9.694496897760992,Mid
M83617,RAPID HEALTH,2510.0,1287.0,1223.0,24543.0,4.648613009449093,Mid
M83619,ACCURX LIMITED,80.0,38.0,42.0,3589.0,1.0131968894855492,Low
M83624,ACCURX LIMITED,159.0,86.0,73.0,4343.0,1.664119900362129,Low
M83625,ACCURX LIMITED,196.0,107.0,89.0,11409.0,0.7808827161969418,Low
M83627,ACCURX LIMITED,468.0,280.0,188.0,8083.0,2.631786128012777,Mid
M83632,ACCURX LIMITED,101.0,57.0,44.0,5467.0,0.8397492392370753,Low
M83637,ACCURX LIMITED,70.0,45.0,25.0,4961.0,0.6413662934525663,Low
M83640,ACCURX LIMITED,1161.0,599.0,562.0,2713.0,19.451797741513925,High
M83641,ACCURX LIMITED,85.0,52.0,33.0,1955.0,1.9762845849802373,Mid
M83650,ACCURX LIMITED,1445.0,1152.0,293.0,13807.0,4.7571390006386745,Mid
M83661,ACCURX LIMITED,90.0,53.0,37.0,6896.0,0.5932292765239401,Low
M83670,PATCHS HEALTH LIMITED,1466.0,982.0,484.0,6522.0,10.217167070892922,High
M83680,ACCURX LIMITED,2305.0,1824.0,481.0,7325.0,14.303443996276759,High
M83681,ACCURX LIMITED,2514.0,1854.0,660.0,10978.0,10.409248248563243,High
M83682,ACCURX LIMITED,157.0,65.0,92.0,5988.0,1.1917774943827049,Low
M83693,ACCURX LIMITED,1511.0,1118.0,393.0,7108.0,9.662608072850054,Mid
M83697,"ACCURX LIMITED, Engage Health Systems Limited",54.0,31.0,23.0,3779.0,0.6495224806947485,Low
M83698,ACCURX LIMITED,216.0,118.0,98.0,3192.0,3.0758714969241283,Mid
M83701,ACCURX LIMITED,107.0,49.0,58.0,4566.0,1.065185362163023,Low
M83709,ACCURX LIMITED,276.0,101.0,175.0,6061.0,2.0698654587451815,Mid
M83711,ACCURX LIMITED,171.0,68.0,103.0,4310.0,1.8034170006327779,Low
M83713,ACCURX LIMITED,94.0,59.0,35.0,5489.0,0.778416336805843,Low
M83718,ACCURX LIMITED,103.0,75.0,28.0,3863.0,1.2119643235356412,Low
M83723,ACCURX LIMITED,1977.0,1329.0,648.0,23305.0,3.85598096389772,Mid
M83725,ACCURX LIMITED,68.0,41.0,27.0,4075.0,0.758505298382599,Low
M83738,ACCURX LIMITED,267.0,109.0,158.0,7006.0,1.7322814211195598,Low
M84001,No Data,0.0,0.0,0.0,13230.0,0.0,Low
M84002,ACCURX LIMITED,320.0,190.0,130.0,8397.0,1.7322203817380666,Low
M84003,ACCURX LIMITED,92.0,88.0,4.0,9703.0,0.4309819830792726,Low
M84004,ACCURX LIMITED,7424.0,4605.0,2819.0,21256.0,15.875731344304926,High
M84005,No Data,0.0,0.0,0.0,5154.0,0.0,Low
M84006,ACCURX LIMITED,1156.0,280.0,876.0,10576.0,4.968367487278228,Mid
M84007,RAPID HEALTH,3781.0,2469.0,1312.0,13417.0,12.809393781295102,High
M84008,"ACCURX LIMITED, RAPID HEALTH",338.0,284.0,54.0,7838.0,1.9601475329977498,Mid
M84009,ACCURX LIMITED,52.0,34.0,18.0,5229.0,0.4520245484100906,Low
M84010,ACCURX LIMITED,2962.0,2553.0,409.0,10470.0,12.859251541199965,High
M84011,No Data,0.0,0.0,0.0,21581.0,0.0,Low
M84012,CONTINUUM HEALTH LIMITED,5593.0,4295.0,1298.0,17363.0,14.641897870602588,High
M84013,ACCURX LIMITED,3850.0,3292.0,558.0,12896.0,13.570099255583129,High
M84014,ACCURX LIMITED,2480.0,2089.0,391.0,9319.0,12.096498844003941,High
M84015,ACCURX LIMITED,212.0,142.0,70.0,14435.0,0.6675693547879207,Low
M84016,"ACCURX LIMITED, Engage Health Systems Limited",87.0,33.0,54.0,4532.0,0.8725828452218568,Low
M84017,RAPID HEALTH,2858.0,2858.0,0.0,14358.0,9.047854221276703,Mid
M84018,ACCURX LIMITED,5138.0,4280.0,858.0,14352.0,16.272676598763557,High
M84019,RAPID HEALTH,443.0,358.0,85.0,17028.0,1.1825442586541952,Low
M84020,ACCURX LIMITED,4393.0,2917.0,1476.0,14351.0,13.91413965450618,High
M84021,ACCURX LIMITED,1258.0,772.0,486.0,16911.0,3.3813386660645843,Mid
M84022,Engage Health Systems Limited,0.0,0.0,0.0,8463.0,0.0,Low
M84023,ACCURX LIMITED,6127.0,4685.0,1442.0,20099.0,13.856410766704812,High
M84024,ACCURX LIMITED,139.0,65.0,74.0,6550.0,0.9646079111727967,Low
M84025,ACCURX LIMITED,4287.0,2715.0,1572.0,11913.0,16.357226253977704,High
M84026,ACCURX LIMITED,202.0,124.0,78.0,7099.0,1.29339599687536,Low
M84028,ACCURX LIMITED,5624.0,4655.0,969.0,18793.0,13.60274376823092,High
M84029,ACCURX LIMITED,591.0,350.0,241.0,8116.0,3.309960123661454,Mid
M84031,ACCURX LIMITED,2100.0,1685.0,415.0,7863.0,12.139710728035794,High
M84032,ACCURX LIMITED,510.0,385.0,125.0,14686.0,1.5784977653423793,Low
M84035,ACCURX LIMITED,3829.0,2794.0,1035.0,12033.0,14.464011846210798,High
M84036,ACCURX LIMITED,4575.0,3742.0,833.0,16014.0,12.985796518955004,High
M84037,No Data,0.0,0.0,0.0,11942.0,0.0,Low
M84040,ACCURX LIMITED,748.0,557.0,191.0,10135.0,3.3547113961519486,Mid
M84041,No Data,0.0,0.0,0.0,7378.0,0.0,Low
M84042,ACCURX LIMITED,389.0,265.0,124.0,10257.0,1.723878149733663,Low
M84043,ACCURX LIMITED,5835.0,4858.0,977.0,21275.0,12.466616814442899,High
M84044,ACCURX LIMITED,182.0,132.0,50.0,5749.0,1.4389854362023433,Low
M84046,ACCURX LIMITED,185.0,103.0,82.0,8076.0,1.0412445405015982,Low
M84047,ACCURX LIMITED,746.0,583.0,163.0,5403.0,6.2759746268907834,Mid
M84049,ACCURX LIMITED,195.0,132.0,63.0,6082.0,1.4573555349615857,Low
M84050,ACCURX LIMITED,2696.0,1884.0,812.0,8392.0,14.602651876245774,High
M84051,ACCURX LIMITED,50.0,0.0,50.0,13646.0,0.16654897205974445,Low
M84055,ACCURX LIMITED,18.0,5.0,13.0,2175.0,0.3761755485893417,Low
M84059,ACCURX LIMITED,66.0,44.0,22.0,3580.0,0.8379888268156425,Low
M84060,ACCURX LIMITED,94.0,57.0,37.0,6758.0,0.6322473028599102,Low
M84061,ACCURX LIMITED,36.0,10.0,26.0,6892.0,0.23742943069698727,Low
M84062,RAPID HEALTH,645.0,447.0,198.0,7598.0,3.858670942113953,Mid
M84063,ACCURX LIMITED,1847.0,1500.0,347.0,7392.0,11.357487209759936,High
M84064,ACCURX LIMITED,57.0,28.0,29.0,6921.0,0.3743547306616227,Low
M84065,ACCURX LIMITED,1955.0,1624.0,331.0,8257.0,10.762218283109648,High
M84066,ACCURX LIMITED,1834.0,1554.0,280.0,7191.0,11.592773795527238,High
M84067,ACCURX LIMITED,2034.0,1439.0,595.0,7647.0,12.090302792538962,High
M84069,ACCURX LIMITED,165.0,114.0,51.0,6751.0,1.1109465264405274,Low
M84070,ACCURX LIMITED,3575.0,2910.0,665.0,12506.0,12.993762993762994,High
M84609,CONTINUUM HEALTH LIMITED,1546.0,1136.0,410.0,4957.0,14.176463036660738,High
M84612,"ACCURX LIMITED, RAPID HEALTH",129.0,81.0,48.0,9587.0,0.6116236949657206,Low
M84615,ACCURX LIMITED,291.0,140.0,151.0,8867.0,1.4917415954970934,Low
M84616,ACCURX LIMITED,146.0,74.0,72.0,4488.0,1.4786906498136445,Low
M84618,ACCURX LIMITED,74.0,31.0,43.0,4032.0,0.8342352092352093,Low
M84620,ACCURX LIMITED,48.0,30.0,18.0,2948.0,0.7401011471567781,Low
M84621,No Data,0.0,0.0,0.0,2750.0,0.0,Low
M84627,No Data,0.0,0.0,0.0,3748.0,0.0,Low
M84629,ACCURX LIMITED,585.0,341.0,244.0,12255.0,2.1698008234115944,Mid
M85001,ACCURX LIMITED,1633.0,357.0,1276.0,4837.0,15.345725186535606,High
M85005,ACCURX LIMITED,169.0,103.0,66.0,7171.0,1.0712338839517754,Low
M85006,ACCURX LIMITED,3903.0,2708.0,1195.0,10616.0,16.711481811331097,High
M85007,ACCURX LIMITED,507.0,400.0,107.0,17242.0,1.336588246459491,Low
M85009,ACCURX LIMITED,1070.0,934.0,136.0,6275.0,7.750814922129663,Mid
M85011,ACCURX LIMITED,2687.0,1705.0,982.0,6964.0,17.53824865542269,High
M85013,"ACCURX LIMITED, SILICON PRACTICE LTD",538.0,48.0,17.0,4506.0,5.427107291288383,Mid
M85014,"ACCURX LIMITED, SILICON PRACTICE LTD",357.0,266.0,42.0,4646.0,3.4927405784056664,Mid
M85016,RAPID HEALTH,1217.0,975.0,242.0,5037.0,10.982366848954102,High
M85018,ACCURX LIMITED,4120.0,2849.0,1271.0,10832.0,17.288841144084866,High
M85019,ACCURX LIMITED,5496.0,4093.0,1403.0,18252.0,13.687167533321379,High
M85020,ACCURX LIMITED,2428.0,1784.0,644.0,20661.0,5.341640596468533,Mid
M85021,ACCURX LIMITED,954.0,700.0,254.0,4285.0,10.11986846292564,High
M85023,"ACCURX LIMITED, RAPID HEALTH",1779.0,1330.0,449.0,9015.0,8.969898653758888,Mid
M85024,ACCURX LIMITED,55.0,23.0,32.0,6938.0,0.3603343903142116,Low
M85025,ACCURX LIMITED,1080.0,745.0,335.0,16852.0,2.91306130375677,Mid
M85026,RAPID HEALTH,3803.0,2595.0,1208.0,14732.0,11.733887887838472,High
M85027,ACCURX LIMITED,2793.0,1667.0,1126.0,7774.0,16.330659307247938,High
M85028,ACCURX LIMITED,7686.0,6148.0,1538.0,24961.0,13.996379807044445,High
M85029,TPP,3607.0,3128.0,479.0,20353.0,8.05554687046359,Mid
M85030,ACCURX LIMITED,4471.0,3151.0,1320.0,17519.0,11.600392301345552,High
M85031,"ACCURX LIMITED, SILICON PRACTICE LTD",4416.0,2704.0,236.0,10429.0,19.247029698654973,High
M85034,SILICON PRACTICE LTD,4110.0,0.0,0.0,16007.0,11.671030287885413,High
M85035,ACCURX LIMITED,1631.0,1280.0,351.0,5441.0,13.625503333277637,High
M85037,ACCURX LIMITED,813.0,412.0,401.0,9382.0,3.9388771535435363,Mid
M85041,ACCURX LIMITED,3172.0,2446.0,726.0,13945.0,10.339320056064409,High
M85042,ACCURX LIMITED,825.0,631.0,194.0,4853.0,7.7271790644961875,Mid
M85043,ACCURX LIMITED,72.0,46.0,26.0,4344.0,0.753390256152687,Low
M85046,"ACCURX LIMITED, RAPID HEALTH",6668.0,6667.0,1.0,53546.0,5.660383765190847,Mid
M85047,ACCURX LIMITED,153.0,79.0,74.0,6058.0,1.1479936372640234,Low
M85048,"ACCURX LIMITED, SILICON PRACTICE LTD",636.0,13.0,134.0,11113.0,2.6013759479070377,Mid
M85051,ACCURX LIMITED,3085.0,1983.0,1102.0,7891.0,17.77053259755072,High
M85053,ACCURX LIMITED,390.0,214.0,176.0,6686.0,2.6514018437440514,Mid
M85056,RAPID HEALTH,1822.0,1065.0,757.0,6969.0,11.88379707535971,High
M85060,CONTINUUM HEALTH LIMITED,5427.0,4468.0,959.0,16194.0,15.232914547475495,High
M85062,ACCURX LIMITED,754.0,570.0,184.0,4881.0,7.021660986012554,Mid
M85065,No Data,0.0,0.0,0.0,14222.0,0.0,Low
M85066,ACCURX LIMITED,2388.0,2072.0,316.0,7225.0,15.023592324630387,High
M85070,ACCURX LIMITED,154.0,69.0,85.0,13495.0,0.5187106335679881,Low
M85071,ACCURX LIMITED,271.0,184.0,87.0,7744.0,1.5906743050338092,Low
M85074,ACCURX LIMITED,2680.0,1819.0,861.0,7719.0,15.781601479230709,High
M85076,ACCURX LIMITED,240.0,127.0,113.0,11111.0,0.9818280000981828,Low
M85077,ACCURX LIMITED,2617.0,2437.0,180.0,9389.0,12.669564964804074,High
M85078,ACCURX LIMITED,3657.0,2756.0,901.0,11188.0,14.857639678876717,High
M85079,"ACCURX LIMITED, SILICON PRACTICE LTD",4427.0,3253.0,1154.0,10841.0,18.561689210153375,High
M85081,ACCURX LIMITED,3045.0,2274.0,771.0,9217.0,15.016718119680037,High
M85082,ACCURX LIMITED,42.0,29.0,13.0,5429.0,0.35164687955257123,Low
M85084,ACCURX LIMITED,50.0,24.0,26.0,6614.0,0.34362371828353083,Low
M85086,ACCURX LIMITED,3139.0,2444.0,695.0,10553.0,13.52049826417305,High
M85087,ACCURX LIMITED,3862.0,3045.0,817.0,11099.0,15.816330709564333,High
M85088,ACCURX LIMITED,1685.0,373.0,1312.0,16812.0,4.555728592131161,Mid
M85094,ACCURX LIMITED,10.0,6.0,4.0,2543.0,0.17874378865334428,Low
M85097,ACCURX LIMITED,368.0,304.0,64.0,2217.0,7.545003485463567,Mid
M85098,ACCURX LIMITED,36.0,4.0,32.0,5283.0,0.30974136595942386,Low
M85105,ACCURX LIMITED,1713.0,1316.0,397.0,5412.0,14.387220318484175,High
M85107,ACCURX LIMITED,73.0,37.0,36.0,3847.0,0.8625375144740883,Low
M85108,ACCURX LIMITED,697.0,413.0,284.0,6079.0,5.211682543480537,Mid
M85113,"ACCURX LIMITED, SILICON PRACTICE LTD",829.0,116.0,713.0,6009.0,6.270896685275118,Mid
M85115,ACCURX LIMITED,317.0,153.0,164.0,3129.0,4.605014672128767,Mid
M85116,ACCURX LIMITED,3378.0,2595.0,783.0,8291.0,18.519533777041918,High
M85117,ACCURX LIMITED,2117.0,1610.0,507.0,5922.0,16.2491173129471,High
M85118,ACCURX LIMITED,23.0,14.0,9.0,2961.0,0.35307482115992755,Low
M85123,ACCURX LIMITED,1094.0,806.0,288.0,8827.0,5.633541716015943,Mid
M85124,RAPID HEALTH,1851.0,1571.0,280.0,12329.0,6.824265036609915,Mid
M85128,ACCURX LIMITED,62.0,40.0,22.0,4957.0,0.5685256845232637,Low
M85136,ACCURX LIMITED,1640.0,1365.0,275.0,10454.0,7.130806824703897,Mid
M85139,ACCURX LIMITED,1240.0,1043.0,197.0,5618.0,10.032687141978705,Mid
M85141,"ACCURX LIMITED, SILICON PRACTICE LTD",210.0,18.0,14.0,3034.0,3.146161682747049,Mid
M85143,ACCURX LIMITED,2410.0,1962.0,448.0,7086.0,15.459420624534935,High
M85145,ACCURX LIMITED,298.0,137.0,161.0,10078.0,1.3440617727182522,Low
M85146,ACCURX LIMITED,2154.0,1720.0,434.0,6674.0,14.670226387337566,High
M85149,ACCURX LIMITED,199.0,91.0,108.0,5861.0,1.5433295590265388,Low
M85153,ACCURX LIMITED,1319.0,1031.0,288.0,4219.0,14.210605701480317,High
M85154,ACCURX LIMITED,463.0,293.0,170.0,4513.0,4.663295932961344,Mid
M85155,ACCURX LIMITED,728.0,363.0,365.0,6606.0,5.009220268075854,Mid
M85156,ACCURX LIMITED,3045.0,2199.0,846.0,9680.0,14.298459804658153,High
M85158,ACCURX LIMITED,3.0,0.0,3.0,2140.0,0.0637213254035684,Low
M85164,No Data,0.0,0.0,0.0,13399.0,0.0,Low
M85167,ACCURX LIMITED,172.0,114.0,58.0,14998.0,0.521281625428845,Low
M85170,ACCURX LIMITED,197.0,138.0,59.0,5464.0,1.638826034872887,Low
M85171,ACCURX LIMITED,796.0,572.0,224.0,2919.0,12.395278582328944,High
M85172,ACCURX LIMITED,4319.0,3351.0,968.0,13895.0,14.128692466223953,High
M85174,ACCURX LIMITED,531.0,461.0,70.0,4541.0,5.315208904726632,Mid
M85175,ACCURX LIMITED,21.0,18.0,3.0,10095.0,0.0945562609752803,Low
M85176,ACCURX LIMITED,1176.0,885.0,291.0,5224.0,10.232493387164137,High
M85177,ACCURX LIMITED,383.0,168.0,215.0,6256.0,2.7827830737037895,Mid
M85178,RAPID HEALTH,2790.0,2392.0,398.0,40373.0,3.141163198627346,Mid
M85179,ACCURX LIMITED,1550.0,1228.0,322.0,5099.0,13.817326035408014,High
M85600,ACCURX LIMITED,5628.0,4210.0,1418.0,16059.0,15.929894876280082,High
M85624,ACCURX LIMITED,161.0,112.0,49.0,6426.0,1.1388393741334917,Low
M85634,ACCURX LIMITED,1321.0,1093.0,228.0,10212.0,5.879891749456967,Mid
M85642,ACCURX LIMITED,422.0,220.0,202.0,5854.0,3.2767027983973662,Mid
M85669,ACCURX LIMITED,1732.0,1444.0,288.0,7228.0,10.891985712129598,High
M85670,ACCURX LIMITED,658.0,585.0,73.0,3609.0,8.287362402075619,Mid
M85676,ACCURX LIMITED,129.0,67.0,62.0,6353.0,0.9229712519496872,Low
M85679,ACCURX LIMITED,36.0,27.0,9.0,5579.0,0.2933076960680474,Low
M85680,ACCURX LIMITED,33.0,24.0,9.0,2657.0,0.5645464809936018,Low
M85684,"ACCURX LIMITED, SILICON PRACTICE LTD",211.0,52.0,97.0,4041.0,2.373399923511282,Mid
M85686,ACCURX LIMITED,88.0,22.0,66.0,1484.0,2.6954177897574123,Mid
M85693,ACCURX LIMITED,92.0,34.0,58.0,2409.0,1.7359145628136914,Low
M85694,ACCURX LIMITED,371.0,63.0,308.0,3833.0,4.399592059388564,Mid
M85697,ACCURX LIMITED,1394.0,975.0,419.0,4992.0,12.69303613053613,High
M85699,ACCURX LIMITED,10.0,0.0,10.0,5078.0,0.08951269289985321,Low
M85701,ACCURX LIMITED,106.0,40.0,66.0,4770.0,1.0101010101010102,Low
M85706,SILICON PRACTICE LTD,757.0,0.0,0.0,13925.0,2.4710298677982703,Mid
M85711,ACCURX LIMITED,158.0,91.0,67.0,4125.0,1.741046831955923,Low
M85713,ACCURX LIMITED,266.0,47.0,219.0,5610.0,2.155242262194134,Mid
M85715,ACCURX LIMITED,433.0,298.0,135.0,11028.0,1.784713291786197,Low
M85716,"ACCURX LIMITED, SILICON PRACTICE LTD",1686.0,1159.0,282.0,5420.0,14.139550486413954,High
M85717,ACCURX LIMITED,1167.0,789.0,378.0,4222.0,12.564058395417941,High
M85721,ACCURX LIMITED,773.0,327.0,446.0,11077.0,3.1720108004300474,Mid
M85722,ACCURX LIMITED,131.0,82.0,49.0,4928.0,1.2083087367178278,Low
M85730,ACCURX LIMITED,11.0,5.0,6.0,5652.0,0.08846426043878274,Low
M85732,ACCURX LIMITED,430.0,287.0,143.0,2488.0,7.855890090616779,Mid
M85733,ACCURX LIMITED,2024.0,1515.0,509.0,7220.0,12.742382271468147,High
M85735,ACCURX LIMITED,109.0,17.0,92.0,6653.0,0.7447084705464383,Low
M85736,ACCURX LIMITED,1261.0,951.0,310.0,5083.0,11.276447337828412,High
M85739,ACCURX LIMITED,1010.0,897.0,113.0,5214.0,8.80496565191617,Mid
M85746,RAPID HEALTH,1508.0,1225.0,283.0,5260.0,13.03145523677843,High
M85749,No Data,0.0,0.0,0.0,2989.0,0.0,Low
M85756,ACCURX LIMITED,82.0,46.0,36.0,2476.0,1.5053605522103097,Low
M85757,ACCURX LIMITED,200.0,92.0,108.0,4210.0,2.1593608291945583,Mid
M85759,ACCURX LIMITED,2064.0,1650.0,414.0,7259.0,12.924394795175896,High
M85766,ACCURX LIMITED,1352.0,1070.0,282.0,4412.0,13.928954092145387,High
M85770,ACCURX LIMITED,29.0,10.0,19.0,2032.0,0.6487115246957766,Low
M85774,ACCURX LIMITED,3388.0,2225.0,1163.0,7417.0,20.76311177025752,High
M85778,ACCURX LIMITED,1451.0,1075.0,376.0,17505.0,3.7677546674975986,Mid
M85779,"ACCURX LIMITED, SILICON PRACTICE LTD",1179.0,430.0,733.0,2950.0,18.166409861325118,High
M85781,ACCURX LIMITED,230.0,174.0,56.0,3816.0,2.739660758528683,Mid
M85783,ACCURX LIMITED,930.0,532.0,398.0,5687.0,7.433220902536887,Mid
M85792,"ACCURX LIMITED, SILICON PRACTICE LTD",1050.0,711.0,82.0,3344.0,14.272509786863852,High
M85794,ACCURX LIMITED,1547.0,1253.0,294.0,4269.0,16.47181583934922,High
M85797,ACCURX LIMITED,561.0,346.0,215.0,12900.0,1.9767441860465114,Mid
M85803,ACCURX LIMITED,529.0,313.0,216.0,10246.0,2.346813834223555,Mid
M86001,ACCURX LIMITED,270.0,115.0,155.0,7209.0,1.7024174327545116,Low
M86002,ACCURX LIMITED,60.0,43.0,17.0,8275.0,0.32957978577313923,Low
M86003,ACCURX LIMITED,22.0,13.0,9.0,16903.0,0.05916109566349168,Low
M86004,ACCURX LIMITED,57.0,15.0,42.0,19548.0,0.13254087839723197,Low
M86005,ACCURX LIMITED,51.0,33.0,18.0,6050.0,0.38317054845980464,Low
M86006,ACCURX LIMITED,169.0,64.0,105.0,10050.0,0.7643600180913613,Low
M86007,ACCURX LIMITED,96.0,70.0,26.0,5751.0,0.7587613221416039,Low
M86008,CONTINUUM HEALTH LIMITED,3801.0,2475.0,1326.0,10182.0,16.968446992018,High
M86009,ACCURX LIMITED,6568.0,4098.0,2470.0,25072.0,11.907524511225853,High
M86010,ACCURX LIMITED,3898.0,2862.0,1036.0,12928.0,13.705276777677767,High
M86012,CONTINUUM HEALTH LIMITED,2988.0,2103.0,885.0,10936.0,12.419365564939817,High
M86014,ACCURX LIMITED,2412.0,1519.0,893.0,21471.0,5.106253254918897,Mid
M86015,ACCURX LIMITED,1328.0,723.0,605.0,13665.0,4.417390147357216,Mid
M86016,ACCURX LIMITED,869.0,316.0,553.0,21264.0,1.8575996990218209,Low
M86017,"Engage Health Systems Limited, PATCHS HEALTH LIMITED",3842.0,2363.0,1479.0,10663.0,16.37778895586267,High
M86018,RAPID HEALTH,4548.0,2066.0,2482.0,11525.0,17.93729047525143,High
M86019,ACCURX LIMITED,77.0,49.0,28.0,4094.0,0.8549096238397655,Low
M86020,ACCURX LIMITED,227.0,72.0,155.0,7815.0,1.320304775199209,Low
M86021,ACCURX LIMITED,142.0,74.0,68.0,7244.0,0.8910195271321721,Low
M86027,ACCURX LIMITED,267.0,113.0,154.0,14219.0,0.8535314464001431,Low
M86028,ACCURX LIMITED,29.0,14.0,15.0,3502.0,0.3764082861741343,Low
M86029,ACCURX LIMITED,2751.0,2259.0,492.0,18206.0,6.86836507445098,Mid
M86030,ACCURX LIMITED,58.0,15.0,43.0,5122.0,0.5147137126832558,Low
M86032,ACCURX LIMITED,572.0,187.0,385.0,12566.0,2.069075282508356,Mid
M86033,ACCURX LIMITED,276.0,155.0,121.0,4771.0,2.629523065490368,Mid
M86034,ACCURX LIMITED,2154.0,1543.0,611.0,9808.0,9.982574521726235,Mid
M86035,RAPID HEALTH,2221.0,1667.0,554.0,8237.0,12.256227443795733,High
M86037,ACCURX LIMITED,27.0,13.0,14.0,3560.0,0.3447395301327885,Low
M86038,ACCURX LIMITED,42.0,18.0,24.0,2571.0,0.7425480004243131,Low
M86039,CONTINUUM HEALTH LIMITED,1524.0,1020.0,504.0,4798.0,14.437833945962332,High
M86040,ACCURX LIMITED,407.0,228.0,179.0,3567.0,5.186431174656574,Mid
M86041,ACCURX LIMITED,234.0,82.0,152.0,10302.0,1.03245618679515,Low
M86044,ACCURX LIMITED,228.0,113.0,115.0,4618.0,2.244182841844167,Mid
M86045,ACCURX LIMITED,361.0,194.0,167.0,7300.0,2.247820672478207,Mid
M86046,ACCURX LIMITED,351.0,31.0,320.0,5252.0,3.0378037803780376,Mid
M86048,ACCURX LIMITED,2082.0,1701.0,381.0,8005.0,11.822156606666288,High
M86605,ACCURX LIMITED,609.0,477.0,132.0,3034.0,9.123868879966441,Mid
M86610,No Data,0.0,0.0,0.0,8344.0,0.0,Low
M86612,ACCURX LIMITED,45.0,23.0,22.0,3985.0,0.5132884681190829,Low
M86617,ACCURX LIMITED,76.0,30.0,46.0,4710.0,0.7334491410924532,Low
M86622,CONTINUUM HEALTH LIMITED,939.0,518.0,421.0,3241.0,13.169336063504533,High
M86624,"ACCURX LIMITED, RAPID HEALTH",1273.0,1059.0,214.0,13031.0,4.440460161433226,Mid
M86627,ACCURX LIMITED,76.0,14.0,62.0,6507.0,0.5308967964569624,Low
M86633,ACCURX LIMITED,804.0,595.0,209.0,5567.0,6.564658621421689,Mid
M86638,ACCURX LIMITED,314.0,261.0,53.0,7001.0,2.038669800418122,Mid
M87001,ACCURX LIMITED,147.0,107.0,40.0,6390.0,1.0456679470763979,Low
M87003,ACCURX LIMITED,4534.0,2352.0,2182.0,18582.0,11.090889521628947,High
M87005,SILICON PRACTICE LTD,3945.0,0.0,0.0,13237.0,13.546738824369708,High
M87006,SILICON PRACTICE LTD,1377.0,450.0,924.0,8823.0,7.094062007356805,Mid
M87007,ACCURX LIMITED,337.0,98.0,239.0,12122.0,1.2636678615889967,Low
M87008,SILICON PRACTICE LTD,3618.0,3532.0,85.0,8825.0,18.635075972186453,High
M87009,SILICON PRACTICE LTD,5607.0,0.0,0.0,16837.0,15.13711684763535,High
M87010,SILICON PRACTICE LTD,1182.0,1021.0,161.0,9082.0,5.915797481531902,Mid
M87011,ACCURX LIMITED,7809.0,5708.0,2101.0,26822.0,13.233709099043525,High
M87012,ACCURX LIMITED,582.0,78.0,504.0,7374.0,3.587543457356313,Mid
M87013,ACCURX LIMITED,189.0,106.0,83.0,11196.0,0.7673194972230342,Low
M87014,ACCURX LIMITED,2580.0,1731.0,849.0,8079.0,14.51574789859231,High
M87015,ACCURX LIMITED,223.0,120.0,103.0,7818.0,1.2965417800413963,Low
M87016,ACCURX LIMITED,464.0,170.0,294.0,7130.0,2.958051765905903,Mid
M87017,SILICON PRACTICE LTD,313.0,0.0,0.0,8234.0,1.727868924857023,Low
M87018,SILICON PRACTICE LTD,722.0,0.0,0.0,7348.0,4.466274063443361,Mid
M87019,SILICON PRACTICE LTD,145.0,0.0,0.0,5533.0,1.1911999079900761,Low
M87020,ACCURX LIMITED,2102.0,995.0,1107.0,9171.0,10.41821552125772,High
M87021,ACCURX LIMITED,4107.0,2307.0,1800.0,9964.0,18.73563008649319,High
M87023,ACCURX LIMITED,1706.0,565.0,1141.0,10056.0,7.711361828306935,Mid
M87024,SILICON PRACTICE LTD,2498.0,712.0,1786.0,22769.0,4.986844154133012,Mid
M87025,SILICON PRACTICE LTD,627.0,568.0,59.0,4647.0,6.132989025177533,Mid
M87026,SILICON PRACTICE LTD,1054.0,0.0,0.0,5963.0,8.034393913984724,Mid
M87027,"ACCURX LIMITED, Engage Health Systems Limited, SILICON PRACTICE LTD",1199.0,820.0,378.0,4468.0,12.197851387645478,High
M87028,SILICON PRACTICE LTD,1234.0,1.0,1233.0,9822.0,5.7107421188056495,Mid
M87030,SILICON PRACTICE LTD,410.0,0.0,0.0,4538.0,4.106735045474578,Mid
M87034,ACCURX LIMITED,2145.0,1446.0,699.0,5873.0,16.601396219989784,High
M87036,SILICON PRACTICE LTD,916.0,0.0,0.0,3594.0,11.584964840390551,High
M87037,ACCURX LIMITED,588.0,57.0,531.0,8321.0,3.2120265265319943,Mid
M87041,ACCURX LIMITED,236.0,74.0,162.0,6289.0,1.7057199439136155,Low
M87601,ACCURX LIMITED,713.0,372.0,341.0,6732.0,4.814184627018851,Mid
M87602,"ACCURX LIMITED, SILICON PRACTICE LTD",754.0,319.0,434.0,10004.0,3.425902366326197,Mid
M87605,SILICON PRACTICE LTD,59.0,51.0,8.0,4631.0,0.5791013132839953,Low
M87612,SILICON PRACTICE LTD,1166.0,0.0,0.0,2433.0,21.783806000822032,High
M87617,SILICON PRACTICE LTD,818.0,0.0,0.0,6195.0,6.001907696822951,Mid
M87618,SILICON PRACTICE LTD,30.0,0.0,0.0,2996.0,0.45515232431120284,Low
M87620,ACCURX LIMITED,2903.0,1634.0,1269.0,6822.0,19.342501532475147,High
M87623,ACCURX LIMITED,76.0,36.0,40.0,3162.0,1.092519119084584,Low
M87628,SILICON PRACTICE LTD,129.0,0.0,0.0,3826.0,1.5325761535902673,Low
M87638,SILICON PRACTICE LTD,1103.0,0.0,0.0,3779.0,13.267098077894586,High
M88001,ACCURX LIMITED,2369.0,2051.0,318.0,10525.0,10.231051608723817,High
M88002,RAPID HEALTH,1732.0,1554.0,178.0,8655.0,9.096160915918281,Mid
M88003,ACCURX LIMITED,3980.0,2901.0,1079.0,11735.0,15.416198628810474,High
M88004,TPP,17190.0,14799.0,2391.0,39863.0,19.601225105075795,High
M88006,ACCURX LIMITED,747.0,547.0,200.0,11785.0,2.8811663516797164,Mid
M88007,ACCURX LIMITED,2401.0,1901.0,500.0,9709.0,11.240741954512682,High
M88008,ACCURX LIMITED,1135.0,969.0,166.0,4957.0,10.40768793441781,High
M88009,ACCURX LIMITED,2018.0,1661.0,357.0,9518.0,9.637242354199698,Mid
M88010,ACCURX LIMITED,1975.0,1539.0,436.0,8829.0,10.167938302494877,High
M88013,RAPID HEALTH,3337.0,2841.0,496.0,13806.0,10.986659291744038,High
M88014,ACCURX LIMITED,82.0,41.0,41.0,6811.0,0.5472430960611845,Low
M88015,ACCURX LIMITED,2814.0,2125.0,689.0,10436.0,12.256524617582494,High
M88018,"ACCURX LIMITED, Engage Health Systems Limited",1369.0,976.0,393.0,21922.0,2.8385764404375844,Mid
M88019,ACCURX LIMITED,13.0,6.0,7.0,2802.0,0.21088832652001815,Low
M88020,ACCURX LIMITED,53.0,11.0,42.0,12204.0,0.19740174607431243,Low
M88021,"ACCURX LIMITED, Engage Health Systems Limited",122.0,82.0,40.0,10953.0,0.5062954939701036,Low
M88022,ACCURX LIMITED,1048.0,861.0,187.0,3618.0,13.16649077843108,High
M88023,ACCURX LIMITED,105.0,71.0,34.0,6770.0,0.7049818718947227,Low
M88026,ACCURX LIMITED,3039.0,1641.0,1398.0,8440.0,16.36686772942697,High
M88030,ACCURX LIMITED,89.0,53.0,36.0,6035.0,0.6703321533478949,Low
M88035,ACCURX LIMITED,86.0,68.0,18.0,3426.0,1.1410072706044685,Low
M88038,ACCURX LIMITED,4321.0,3401.0,920.0,13665.0,14.373149718923594,High
M88040,ACCURX LIMITED,171.0,106.0,65.0,6438.0,1.2073201728374143,Low
M88041,ACCURX LIMITED,85.0,53.0,32.0,3821.0,1.0111584306821155,Low
M88042,ACCURX LIMITED,1462.0,1134.0,328.0,6662.0,9.975164433285117,Mid
M88043,ACCURX LIMITED,2211.0,1800.0,411.0,8610.0,11.67247386759582,High
M88600,ACCURX LIMITED,72.0,44.0,28.0,4687.0,0.6982562988536959,Low
M88610,ACCURX LIMITED,1009.0,840.0,169.0,4664.0,9.833541244347419,Mid
M88612,ACCURX LIMITED,12.0,5.0,7.0,3770.0,0.14468290330359296,Low
M88616,ACCURX LIMITED,2677.0,2427.0,250.0,16529.0,7.361716872274074,Mid
M88618,ACCURX LIMITED,146.0,116.0,30.0,2217.0,2.9933981219502197,Mid
M88619,TPP,1674.0,1487.0,187.0,11394.0,6.678155967255493,Mid
M88620,ACCURX LIMITED,769.0,577.0,192.0,3704.0,9.436972314942077,Mid
M88625,ACCURX LIMITED,739.0,548.0,191.0,3402.0,9.873870984982096,Mid
M88626,ACCURX LIMITED,512.0,491.0,21.0,3584.0,6.4935064935064934,Mid
M88628,ACCURX LIMITED,233.0,201.0,32.0,3563.0,2.9724695736483557,Mid
M88630,ACCURX LIMITED,1228.0,1044.0,184.0,5257.0,10.617877462085184,High
M88633,ACCURX LIMITED,1872.0,1334.0,538.0,7302.0,11.653096287443041,High
M88635,ACCURX LIMITED,670.0,560.0,110.0,2160.0,14.099326599326599,High
M88639,ACCURX LIMITED,1028.0,742.0,286.0,3635.0,12.85482055770914,High
M88640,ACCURX LIMITED,930.0,790.0,140.0,4327.0,9.769523289282938,Mid
M88643,ACCURX LIMITED,393.0,314.0,79.0,5482.0,3.258598388113164,Mid
M88645,ACCURX LIMITED,250.0,148.0,102.0,9006.0,1.2617850725778774,Low
M88646,ACCURX LIMITED,890.0,662.0,228.0,2746.0,14.73217241607628,High
M88647,ACCURX LIMITED,148.0,67.0,81.0,6275.0,1.0720753350235421,Low
M89001,ACCURX LIMITED,2.0,1.0,1.0,3684.0,0.024676734774454645,Low
M89005,ACCURX LIMITED,81.0,30.0,51.0,8696.0,0.423392155222882,Low
M89007,ACCURX LIMITED,83.0,34.0,49.0,6930.0,0.5444050898596353,Low
M89008,ACCURX LIMITED,650.0,433.0,217.0,13611.0,2.1707041764348354,Mid
M89009,CONTINUUM HEALTH LIMITED,1821.0,1434.0,387.0,11156.0,7.419570390169171,Mid
M89010,ACCURX LIMITED,4341.0,2249.0,2092.0,10843.0,18.19774802344202,High
M89012,ACCURX LIMITED,3291.0,3075.0,216.0,11352.0,13.177493753603688,High
M89013,"ACCURX LIMITED, TPP",89.0,60.0,29.0,6302.0,0.6419318542454054,Low
M89016,ACCURX LIMITED,771.0,94.0,677.0,12525.0,2.7980402830702236,Mid
M89019,ACCURX LIMITED,3490.0,2713.0,777.0,11476.0,13.823315060679995,High
M89021,ACCURX LIMITED,9.0,8.0,1.0,4921.0,0.0831316620790305,Low
M89024,ACCURX LIMITED,52.0,27.0,25.0,3991.0,0.5922416345869115,Low
M89027,ACCURX LIMITED,254.0,102.0,152.0,8628.0,1.3381379862603784,Low
M89030,"ACCURX LIMITED, TPP",19.0,9.0,10.0,6186.0,0.1396114393204597,Low
M89608,ACCURX LIMITED,105.0,28.0,77.0,3868.0,1.2339005358653756,Low
M91003,ACCURX LIMITED,197.0,130.0,67.0,6905.0,1.2968204858139687,Low
M91004,ACCURX LIMITED,2510.0,2034.0,476.0,9619.0,11.860994811405455,High
M91006,ACCURX LIMITED,154.0,95.0,59.0,4441.0,1.5762215717180814,Low
M91007,ACCURX LIMITED,3077.0,1789.0,1288.0,8375.0,16.700135685210313,High
M91008,ACCURX LIMITED,1617.0,1398.0,219.0,9447.0,7.780247697681804,Mid
M91009,ACCURX LIMITED,223.0,110.0,113.0,5610.0,1.8068384378544806,Low
M91010,ACCURX LIMITED,660.0,523.0,137.0,8860.0,3.3860045146726865,Mid
M91013,ACCURX LIMITED,1591.0,1025.0,566.0,10497.0,6.889414291529181,Mid
M91014,ACCURX LIMITED,40.0,24.0,16.0,3024.0,0.6012506012506011,Low
M91015,ACCURX LIMITED,902.0,392.0,510.0,21966.0,1.8665209869798778,Low
M91016,ACCURX LIMITED,2621.0,1519.0,1102.0,7056.0,16.884405277262417,High
M91017,ACCURX LIMITED,1325.0,922.0,403.0,10251.0,5.875258289656885,Mid
M91018,ACCURX LIMITED,301.0,190.0,111.0,5258.0,2.602095508143435,Mid
M91019,ACCURX LIMITED,3769.0,3203.0,566.0,14667.0,11.680519657611086,High
M91021,ACCURX LIMITED,153.0,109.0,44.0,7659.0,0.9080226471530818,Low
M91024,ACCURX LIMITED,182.0,114.0,68.0,2566.0,3.223977892723022,Mid
M91026,ACCURX LIMITED,333.0,192.0,141.0,5645.0,2.681375312021902,Mid
M91028,ACCURX LIMITED,5105.0,3023.0,2082.0,12827.0,18.09039171633699,High
M91029,ACCURX LIMITED,227.0,112.0,115.0,5822.0,1.772274444895537,Low
M91032,ACCURX LIMITED,1505.0,1114.0,391.0,4808.0,14.228180305551353,High
M91033,ACCURX LIMITED,140.0,81.0,59.0,6776.0,0.9391435011269723,Low
M91034,ACCURX LIMITED,79.0,48.0,31.0,5101.0,0.7039617900233466,Low
M91036,ACCURX LIMITED,90.0,35.0,55.0,4014.0,1.019160211985324,Low
M91602,ACCURX LIMITED,92.0,37.0,55.0,2345.0,1.7832913355301414,Low
M91609,ACCURX LIMITED,65.0,31.0,34.0,2261.0,1.3067427928109043,Low
M91611,ACCURX LIMITED,818.0,584.0,234.0,3128.0,11.886770518484072,High
M91612,ACCURX LIMITED,69.0,40.0,29.0,3528.0,0.8889919604205319,Low
M91613,ACCURX LIMITED,2901.0,2364.0,537.0,9781.0,13.48161091541114,High
M91614,ACCURX LIMITED,318.0,235.0,83.0,9470.0,1.5263511567629835,Low
M91616,"ACCURX LIMITED, Engage Health Systems Limited",2790.0,1838.0,952.0,7934.0,15.984141897930657,High
M91619,ACCURX LIMITED,214.0,87.0,127.0,6284.0,1.5479428273826747,Low
M91621,ACCURX LIMITED,1045.0,660.0,385.0,4983.0,9.53241019466185,Mid
M91623,ACCURX LIMITED,387.0,270.0,117.0,1953.0,9.007121910347717,Mid
M91624,ACCURX LIMITED,1090.0,908.0,182.0,3702.0,13.383429104660872,High
M91626,"ACCURX LIMITED, Engage Health Systems Limited",181.0,87.0,94.0,4675.0,1.7598444336412251,Low
M91628,ACCURX LIMITED,187.0,124.0,63.0,3249.0,2.616189596799015,Mid
M91629,ACCURX LIMITED,1410.0,1003.0,407.0,7051.0,9.089619783138433,Mid
M91637,RAPID HEALTH,931.0,711.0,220.0,4291.0,9.862079193237433,Mid
M91639,ACCURX LIMITED,65.0,20.0,45.0,1721.0,1.716760868416882,Low
M91640,ACCURX LIMITED,134.0,81.0,53.0,3927.0,1.5510336365951338,Low
M91641,ACCURX LIMITED,1464.0,892.0,572.0,4025.0,16.533032185206096,High
M91642,ACCURX LIMITED,60.0,24.0,36.0,1683.0,1.6204829039053636,Low
M91647,"ACCURX LIMITED, Engage Health Systems Limited",183.0,115.0,68.0,5431.0,1.5316114561189134,Low
M91650,ACCURX LIMITED,904.0,644.0,260.0,9538.0,4.308126346289483,Mid
M91654,ACCURX LIMITED,160.0,99.0,61.0,3465.0,2.098911189820281,Mid
M91659,ACCURX LIMITED,1215.0,789.0,426.0,3513.0,15.720829128173278,High
M92001,ACCURX LIMITED,155.0,72.0,83.0,3525.0,1.9987105093488073,Mid
M92004,ACCURX LIMITED,38.0,23.0,15.0,2937.0,0.588107840406104,Low
M92006,ACCURX LIMITED,1631.0,998.0,633.0,4620.0,16.046831955922865,High
M92008,ACCURX LIMITED,234.0,131.0,103.0,12757.0,0.833766844584435,Low
M92009,ACCURX LIMITED,4408.0,3289.0,1119.0,13301.0,15.063802448209636,High
M92010,ACCURX LIMITED,182.0,66.0,116.0,11261.0,0.7346352253554099,Low
M92011,ACCURX LIMITED,12813.0,8715.0,4098.0,36993.0,15.743764790881812,High
M92012,ACCURX LIMITED,211.0,75.0,136.0,11562.0,0.829519900614867,Low
M92013,ACCURX LIMITED,2291.0,1483.0,808.0,7108.0,14.650585767636978,High
M92015,"ACCURX LIMITED, TPP",87.0,11.0,76.0,3890.0,1.0165926618368777,Low
M92016,ACCURX LIMITED,1761.0,1343.0,418.0,23623.0,3.3884542414365044,Mid
M92019,ACCURX LIMITED,1269.0,898.0,371.0,5982.0,9.642564055803774,Mid
M92022,ACCURX LIMITED,259.0,127.0,132.0,4157.0,2.8320248430905157,Mid
M92026,ACCURX LIMITED,128.0,92.0,36.0,5096.0,1.1417154274297132,Low
M92028,ACCURX LIMITED,2155.0,1435.0,720.0,8300.0,11.801752464403068,High
M92029,ACCURX LIMITED,160.0,73.0,87.0,6021.0,1.207893584575199,Low
M92039,ACCURX LIMITED,1759.0,1418.0,341.0,6805.0,11.749382138801684,High
M92040,ACCURX LIMITED,3631.0,2556.0,1075.0,12356.0,13.357514935695576,High
M92041,ACCURX LIMITED,49.0,22.0,27.0,4574.0,0.486942004213539,Low
M92043,ACCURX LIMITED,40.0,20.0,20.0,7003.0,0.2596289901730427,Low
M92607,ACCURX LIMITED,4834.0,4245.0,589.0,18027.0,12.188787525782033,High
M92609,ACCURX LIMITED,1658.0,1294.0,364.0,6244.0,12.069768796226196,High
M92612,ACCURX LIMITED,9152.0,7660.0,1492.0,37099.0,11.213240249063317,High
M92627,ACCURX LIMITED,113.0,51.0,62.0,4450.0,1.1542390194075587,Low
M92629,ACCURX LIMITED,153.0,94.0,59.0,4278.0,1.6256534489353562,Low
M92630,ACCURX LIMITED,176.0,116.0,60.0,5710.0,1.4010507880910685,Low
M92649,ACCURX LIMITED,74.0,38.0,36.0,4429.0,0.759457295921509,Low
M92654,ACCURX LIMITED,2059.0,1447.0,612.0,6756.0,13.853006082135744,High
N81002,ACCURX LIMITED,4163.0,2854.0,1309.0,12002.0,15.76631167532684,High
N81005,PATCHS HEALTH LIMITED,1051.0,797.0,254.0,9841.0,4.854458619319914,Mid
N81007,"ACCURX LIMITED, PATCHS HEALTH LIMITED",1594.0,1373.0,221.0,9948.0,7.283327850275981,Mid
N81009,PATCHS HEALTH LIMITED,227.0,194.0,33.0,7529.0,1.3704584696748332,Low
N81010,ACCURX LIMITED,238.0,134.0,104.0,8841.0,1.2236378032102497,Low
N81012,TPP,471.0,334.0,137.0,12354.0,1.7329683429732,Low
N81014,"PATCHS HEALTH LIMITED, TPP",135.0,121.0,14.0,9333.0,0.6574910142894713,Low
N81016,ACCURX LIMITED,6657.0,5241.0,1416.0,31266.0,9.677953978472113,Mid
N81018,PATCHS HEALTH LIMITED,289.0,235.0,54.0,8191.0,1.6037557851744153,Low
N81020,TPP,551.0,484.0,67.0,12306.0,2.0352230249841172,Mid
N81022,PATCHS HEALTH LIMITED,9621.0,8205.0,1416.0,33765.0,12.951819393400912,High
N81024,ACCURX LIMITED,2924.0,2194.0,730.0,10594.0,12.545694818679527,High
N81027,ACCURX LIMITED,4885.0,3459.0,1426.0,14782.0,15.021340450916961,High
N81028,TPP,289.0,266.0,23.0,9132.0,1.4384979890893161,Low
N81030,PATCHS HEALTH LIMITED,507.0,378.0,129.0,16594.0,1.3887823638335872,Low
N81031,PATCHS HEALTH LIMITED,73.0,59.0,14.0,6225.0,0.5330412559328223,Low
N81033,ACCURX LIMITED,531.0,208.0,323.0,8680.0,2.7806870548806035,Mid
N81034,PATCHS HEALTH LIMITED,670.0,451.0,219.0,13126.0,2.3201695455238043,Mid
N81036,TPP,986.0,557.0,429.0,8665.0,5.172323348895767,Mid
N81038,PATCHS HEALTH LIMITED,201.0,148.0,53.0,16409.0,0.5567897883090764,Low
N81039,ACCURX LIMITED,4153.0,2671.0,1482.0,11720.0,16.10688799255352,High
N81040,ACCURX LIMITED,385.0,190.0,195.0,6788.0,2.578078962875663,Mid
N81041,TPP,107.0,75.0,32.0,8633.0,0.563377315375462,Low
N81043,ACCURX LIMITED,97.0,0.0,97.0,6209.0,0.7101128859866177,Low
N81044,ACCURX LIMITED,4049.0,1808.0,2241.0,10817.0,17.01446376494911,High
N81048,PATCHS HEALTH LIMITED,469.0,469.0,0.0,12769.0,1.6695263386468648,Low
N81049,ACCURX LIMITED,6632.0,4237.0,2395.0,23847.0,12.641193670253928,High
N81052,ACCURX LIMITED,3474.0,2686.0,788.0,13268.0,11.90149916408584,High
N81053,ACCURX LIMITED,4547.0,3533.0,1014.0,16899.0,12.230417076857696,High
N81056,TPP,508.0,373.0,135.0,9630.0,2.397809874445388,Mid
N81059,"PATCHS HEALTH LIMITED, TPP",879.0,733.0,146.0,12663.0,3.1552195731300205,Mid
N81068,SILICON PRACTICE LTD,2871.0,2038.0,833.0,15717.0,8.303111280778774,Mid
N81069,ACCURX LIMITED,1541.0,1132.0,409.0,4796.0,14.604973841837896,High
N81070,ACCURX LIMITED,3846.0,2569.0,1277.0,10350.0,16.890645586297758,High
N81074,ACCURX LIMITED,105.0,62.0,43.0,5486.0,0.8699830974712491,Low
N81077,ACCURX LIMITED,4922.0,3288.0,1634.0,12965.0,17.25624934263577,High
N81081,PATCHS HEALTH LIMITED,1639.0,1501.0,138.0,9635.0,7.732226258432797,Mid
N81083,TPP,1158.0,845.0,313.0,5034.0,10.456170766063495,High
N81084,ACCURX LIMITED,5762.0,4235.0,1527.0,21916.0,11.950588196253465,High
N81086,No Data,0.0,0.0,0.0,16727.0,0.0,Low
N81090,PATCHS HEALTH LIMITED,1469.0,728.0,741.0,5502.0,12.136082746769771,High
N81097,TPP,30.0,25.0,5.0,4979.0,0.2738775584728587,Low
N81101,PATCHS HEALTH LIMITED,137.0,104.0,33.0,8002.0,0.7782145372747723,Low
N81107,PATCHS HEALTH LIMITED,226.0,148.0,78.0,3594.0,2.858299185511205,Mid
N81109,TPP,1640.0,1348.0,292.0,6878.0,10.838245790266727,High
N81114,TPP,1941.0,1649.0,292.0,10760.0,8.199560662385942,Mid
N81115,PATCHS HEALTH LIMITED,300.0,225.0,75.0,8188.0,1.6654083581294132,Low
N81117,No data,0.0,0.0,0.0,5844.0,0.0,Low
N81118,PATCHS HEALTH LIMITED,154.0,113.0,41.0,8702.0,0.8044127786715698,Low
N81120,PATCHS HEALTH LIMITED,86.0,59.0,27.0,6249.0,0.6255546341960169,Low
N81123,ACCURX LIMITED,222.0,103.0,119.0,7358.0,1.3714200993352936,Low
N81127,ACCURX LIMITED,413.0,256.0,157.0,8703.0,2.1570409367720638,Mid
N81614,ACCURX LIMITED,58.0,16.0,42.0,5634.0,0.4679381676186788,Low
N81626,PATCHS HEALTH LIMITED,49.0,40.0,9.0,4803.0,0.4637253231881589,Low
N81628,TPP,1857.0,1164.0,693.0,12592.0,6.703390319972277,Mid
N81637,PATCHS HEALTH LIMITED,19.0,13.0,6.0,2880.0,0.2998737373737374,Low
N81645,TPP,411.0,354.0,57.0,2267.0,8.240766732165056,Mid
N81655,No Data,0.0,0.0,0.0,425.0,0.0,Low
N82001,PATCHS HEALTH LIMITED,147.0,105.0,42.0,6032.0,1.1077284784181336,Low
N82002,PATCHS HEALTH LIMITED,286.0,197.0,89.0,5463.0,2.3796448837635,Mid
N82014,PATCHS HEALTH LIMITED,330.0,275.0,55.0,6499.0,2.308047391906447,Mid
N82018,PATCHS HEALTH LIMITED,2928.0,2670.0,258.0,13212.0,10.07348691272397,High
N82026,PATCHS HEALTH LIMITED,631.0,386.0,245.0,6492.0,4.418024981795777,Mid
N82034,PATCHS HEALTH LIMITED,102.0,80.0,22.0,5894.0,0.786624302063732,Low
N82037,PATCHS HEALTH LIMITED,919.0,595.0,324.0,11462.0,3.644453609555686,Mid
N82050,PATCHS HEALTH LIMITED,56.0,26.0,30.0,2518.0,1.0109033143187234,Low
N82065,PATCHS HEALTH LIMITED,39.0,20.0,19.0,4004.0,0.4427390791027154,Low
N82066,PATCHS HEALTH LIMITED,917.0,739.0,178.0,9038.0,4.6118409141201795,Mid
N82067,PATCHS HEALTH LIMITED,169.0,95.0,74.0,5574.0,1.3781518087223146,Low
N82077,PATCHS HEALTH LIMITED,25.0,20.0,5.0,2656.0,0.42784775465498365,Low
N82078,PATCHS HEALTH LIMITED,20.0,17.0,3.0,2784.0,0.32654127481713685,Low
N82079,PATCHS HEALTH LIMITED,208.0,167.0,41.0,6232.0,1.5170965106780256,Low
N82084,ACCURX LIMITED,2188.0,1327.0,861.0,6470.0,15.371645356189406,High
N82086,PATCHS HEALTH LIMITED,103.0,60.0,43.0,3768.0,1.2425207488901757,Low
N82087,PATCHS HEALTH LIMITED,67.0,54.0,13.0,2320.0,1.3126959247648902,Low
N82089,PATCHS HEALTH LIMITED,81.0,46.0,35.0,3661.0,1.0056864741377167,Low
N82091,PATCHS HEALTH LIMITED,424.0,360.0,64.0,2216.0,8.697079094191007,Mid
N82093,PATCHS HEALTH LIMITED,213.0,110.0,103.0,4301.0,2.2510621208598423,Mid
N82101,PATCHS HEALTH LIMITED,26.0,18.0,8.0,2732.0,0.43258352189538135,Low
N82103,PATCHS HEALTH LIMITED,296.0,188.0,108.0,9686.0,1.389071387006551,Low
N82106,PATCHS HEALTH LIMITED,348.0,184.0,164.0,3684.0,4.2937518507551085,Mid
N82108,PATCHS HEALTH LIMITED,477.0,344.0,133.0,8246.0,2.6293740215641743,Mid
N82109,PATCHS HEALTH LIMITED,71.0,50.0,21.0,5538.0,0.5827505827505827,Low
N82110,PATCHS HEALTH LIMITED,356.0,258.0,98.0,8046.0,2.0111630849885884,Mid
N82641,PATCHS HEALTH LIMITED,192.0,122.0,70.0,5547.0,1.5733320222233151,Low
N82646,PATCHS HEALTH LIMITED,1267.0,1038.0,229.0,9374.0,6.1436856294974485,Mid
N82648,PATCHS HEALTH LIMITED,25.0,18.0,7.0,2797.0,0.4062794552605064,Low
N82650,PATCHS HEALTH LIMITED,53.0,34.0,19.0,4988.0,0.4829773274039513,Low
N82651,PATCHS HEALTH LIMITED,188.0,137.0,51.0,4075.0,2.0970440602342446,Mid
N82655,PATCHS HEALTH LIMITED,43.0,27.0,16.0,2293.0,0.8523966221305951,Low
N82662,PATCHS HEALTH LIMITED,696.0,399.0,297.0,8447.0,3.745278043845583,Mid
N82668,PATCHS HEALTH LIMITED,79.0,55.0,24.0,3648.0,0.9843500797448166,Low
N82671,PATCHS HEALTH LIMITED,23.0,16.0,7.0,2655.0,0.39376819037835986,Low
N82676,PATCHS HEALTH LIMITED,118.0,94.0,24.0,4081.0,1.3142946247577465,Low
N82678,PATCHS HEALTH LIMITED,38.0,27.0,11.0,3332.0,0.5183891738513587,Low
N83001,"PATCHS HEALTH LIMITED, SILICON PRACTICE LTD",1675.0,1214.0,456.0,14848.0,5.127718456112853,Mid
N83002,"PATCHS HEALTH LIMITED, SILICON PRACTICE LTD",1296.0,135.0,0.0,11720.0,5.026372944461682,Mid
N83003,"Engage Health Systems Limited, PATCHS HEALTH LIMITED, SILICON PRACTICE LTD",555.0,26.0,21.0,7042.0,3.582401693733701,Mid
N83006,"PATCHS HEALTH LIMITED, SILICON PRACTICE LTD",772.0,80.0,12.0,3315.0,10.585492938434115,High
N83007,"PATCHS HEALTH LIMITED, SILICON PRACTICE LTD",286.0,74.0,96.0,3365.0,3.863298662704309,Mid
N83008,"PATCHS HEALTH LIMITED, SILICON PRACTICE LTD",1455.0,134.0,1.0,8324.0,7.945262330173431,Mid
N83009,ACCURX LIMITED,765.0,429.0,336.0,11886.0,2.9255197099720065,Mid
N83010,"PATCHS HEALTH LIMITED, SILICON PRACTICE LTD",315.0,201.0,94.0,6786.0,2.109959006510731,Mid
N83012,"PATCHS HEALTH LIMITED, SILICON PRACTICE LTD",1952.0,349.0,71.0,10222.0,8.680030593550454,Mid
N83013,PATCHS HEALTH LIMITED,48.0,35.0,13.0,4700.0,0.4642166344294003,Low
N83014,PATCHS HEALTH LIMITED,662.0,351.0,311.0,10326.0,2.9140915253640416,Mid
N83017,"PATCHS HEALTH LIMITED, SILICON PRACTICE LTD",643.0,85.0,35.0,6445.0,4.534875520135412,Mid
N83019,"PATCHS HEALTH LIMITED, SILICON PRACTICE LTD",904.0,276.0,628.0,7735.0,5.31233472409943,Mid
N83020,RAPID HEALTH,4388.0,3453.0,935.0,16909.0,11.795762342808295,High
N83021,"PATCHS HEALTH LIMITED, SILICON PRACTICE LTD",1385.0,321.0,89.0,7952.0,7.916819096396562,Mid
N83024,PATCHS HEALTH LIMITED,96.0,72.0,24.0,7790.0,0.5601587116349632,Low
N83026,"PATCHS HEALTH LIMITED, SILICON PRACTICE LTD",620.0,21.0,3.0,2600.0,10.83916083916084,High
N83027,"PATCHS HEALTH LIMITED, SILICON PRACTICE LTD",1127.0,93.0,0.0,6591.0,7.7723065888746365,Mid
N83030,PATCHS HEALTH LIMITED,59.0,47.0,12.0,5417.0,0.49507442898618825,Low
N83032,ACCURX LIMITED,1383.0,1123.0,260.0,12359.0,5.086466248372552,Mid
N83033,PATCHS HEALTH LIMITED,147.0,101.0,46.0,5405.0,1.2362290808174248,Low
N83035,"PATCHS HEALTH LIMITED, SILICON PRACTICE LTD",1086.0,196.0,80.0,7037.0,7.014869456250727,Mid
N83041,PATCHS HEALTH LIMITED,410.0,337.0,73.0,4777.0,3.901269339829106,Mid
N83043,PATCHS HEALTH LIMITED,231.0,95.0,136.0,3882.0,2.704791344667697,Mid
N83047,PATCHS HEALTH LIMITED,161.0,85.0,76.0,5448.0,1.3432786009878521,Low
N83049,"ACCURX LIMITED, Engage Health Systems Limited, SILICON PRACTICE LTD",1234.0,887.0,341.0,4251.0,13.194756314022367,High
N83053,PATCHS HEALTH LIMITED,1818.0,932.0,886.0,9281.0,8.903821100782634,Mid
N83054,"PATCHS HEALTH LIMITED, SILICON PRACTICE LTD",928.0,333.0,40.0,4236.0,9.957936303545369,Mid
N83603,PATCHS HEALTH LIMITED,399.0,181.0,218.0,8049.0,2.253244333005794,Mid
N83605,PATCHS HEALTH LIMITED,206.0,109.0,97.0,6423.0,1.4578291084596549,Low
N83609,PATCHS HEALTH LIMITED,104.0,74.0,30.0,4984.0,0.9484897125346564,Low
N83614,"PATCHS HEALTH LIMITED, SILICON PRACTICE LTD",435.0,108.0,15.0,6548.0,3.0196590214916417,Mid
N83619,PATCHS HEALTH LIMITED,17.0,16.0,1.0,5501.0,0.14047032770901158,Low
N83633,PATCHS HEALTH LIMITED,38.0,20.0,18.0,3833.0,0.4506320707729526,Low
N83637,"PATCHS HEALTH LIMITED, SILICON PRACTICE LTD",403.0,26.0,0.0,3215.0,5.697723738159197,Mid
N84002,PATCHS HEALTH LIMITED,37.0,20.0,17.0,2506.0,0.6711165929043024,Low
N84004,PATCHS HEALTH LIMITED,737.0,523.0,214.0,7746.0,4.324812806609864,Mid
N84008,PATCHS HEALTH LIMITED,379.0,263.0,116.0,9590.0,1.796378803678074,Low
N84010,PATCHS HEALTH LIMITED,42.0,25.0,17.0,5701.0,0.3348694806333817,Low
N84012,PATCHS HEALTH LIMITED,271.0,196.0,75.0,11467.0,1.0742288147014754,Low
N84013,PATCHS HEALTH LIMITED,127.0,91.0,36.0,10845.0,0.5322938932897439,Low
N84014,ACCURX LIMITED,753.0,686.0,67.0,3781.0,9.052439229641028,Mid
N84015,PATCHS HEALTH LIMITED,540.0,443.0,97.0,5739.0,4.27695670769377,Mid
N84016,PATCHS HEALTH LIMITED,139.0,78.0,61.0,5550.0,1.1384111384111384,Low
N84017,PATCHS HEALTH LIMITED,356.0,297.0,59.0,9505.0,1.7024532542680886,Low
N84021,PATCHS HEALTH LIMITED,1130.0,878.0,252.0,15866.0,3.237339995186964,Mid
N84024,PATCHS HEALTH LIMITED,169.0,131.0,38.0,9264.0,0.8292118071910818,Low
N84029,PATCHS HEALTH LIMITED,803.0,649.0,154.0,5763.0,6.333506854069062,Mid
N84034,PATCHS HEALTH LIMITED,373.0,267.0,106.0,7986.0,2.1230334904264283,Mid
N84041,PATCHS HEALTH LIMITED,118.0,55.0,63.0,6157.0,0.8711444475615338,Low
N84614,PATCHS HEALTH LIMITED,50.0,35.0,15.0,3322.0,0.684144272344152,Low
N84625,PATCHS HEALTH LIMITED,1722.0,1556.0,166.0,5972.0,13.106618766364248,High
N85005,PATCHS HEALTH LIMITED,3437.0,2911.0,526.0,11243.0,13.895514784957106,High
N85006,PATCHS HEALTH LIMITED,2157.0,1989.0,168.0,9518.0,10.30105637165944,High
N85012,PATCHS HEALTH LIMITED,2046.0,1551.0,495.0,9174.0,10.13734466971877,High
N85015,PATCHS HEALTH LIMITED,1293.0,996.0,297.0,7974.0,7.370545180928929,Mid
N85016,PATCHS HEALTH LIMITED,1922.0,1582.0,340.0,8619.0,10.136168507209232,High
N85017,PATCHS HEALTH LIMITED,189.0,119.0,70.0,5601.0,1.5338170131956956,Low
N85019,PATCHS HEALTH LIMITED,978.0,774.0,204.0,8811.0,5.0453462097997335,Mid
N85020,PATCHS HEALTH LIMITED,4546.0,4000.0,546.0,15661.0,13.194327542070342,High
N85022,PATCHS HEALTH LIMITED,177.0,142.0,35.0,4408.0,1.825193862398944,Low
N85025,PATCHS HEALTH LIMITED,1485.0,1346.0,139.0,5825.0,11.587982832618026,High
N85031,PATCHS HEALTH LIMITED,127.0,75.0,52.0,3731.0,1.5472332545503276,Low
N85037,PATCHS HEALTH LIMITED,74.0,51.0,23.0,6053.0,0.5556974002372977,Low
N85038,PATCHS HEALTH LIMITED,145.0,110.0,35.0,4180.0,1.5767725097868637,Low
N85044,PATCHS HEALTH LIMITED,1410.0,1183.0,227.0,20695.0,3.096927233192031,Mid
N85047,PATCHS HEALTH LIMITED,2073.0,1749.0,324.0,6989.0,13.482225315105554,High
N85051,PATCHS HEALTH LIMITED,4019.0,3799.0,220.0,17497.0,10.440750881969377,High
N85054,PATCHS HEALTH LIMITED,1145.0,921.0,224.0,5114.0,10.177054076154585,High
N85057,PATCHS HEALTH LIMITED,58.0,32.0,26.0,1891.0,1.3941637421277824,Low
N85617,PATCHS HEALTH LIMITED,564.0,493.0,71.0,4902.0,5.2297763436074325,Mid
N85625,PATCHS HEALTH LIMITED,534.0,386.0,148.0,16515.0,1.4697382544793989,Low
N85629,PATCHS HEALTH LIMITED,150.0,112.0,38.0,4744.0,1.437222137053503,Low
N85633,PATCHS HEALTH LIMITED,791.0,535.0,256.0,5131.0,7.007317375666625,Mid
N85634,PATCHS HEALTH LIMITED,19.0,15.0,4.0,1876.0,0.4603605349874007,Low
N85643,PATCHS HEALTH LIMITED,91.0,71.0,20.0,4107.0,1.0071496557983044,Low
N85648,PATCHS HEALTH LIMITED,631.0,546.0,85.0,4224.0,6.790203168044076,Mid
P81002,PATCHS HEALTH LIMITED,11121.0,6012.0,5109.0,63940.0,7.905849233656553,Mid
P81003,ACCURX LIMITED,82.0,48.0,34.0,8340.0,0.4469151951166339,Low
P81006,ACCURX LIMITED,6517.0,4729.0,1788.0,20658.0,14.339591089518478,High
P81008,ACCURX LIMITED,118.0,60.0,58.0,7297.0,0.7350467813671869,Low
P81010,ACCURX LIMITED,36.0,12.0,24.0,5626.0,0.2908573829299034,Low
P81013,ACCURX LIMITED,557.0,269.0,288.0,15590.0,1.6240013994985132,Low
P81014,ACCURX LIMITED,1166.0,935.0,231.0,9731.0,5.446511149933203,Mid
P81015,ACCURX LIMITED,323.0,188.0,135.0,13770.0,1.0662177328843996,Low
P81016,ACCURX LIMITED,550.0,407.0,143.0,12497.0,2.0004801152276546,Mid
P81017,ACCURX LIMITED,392.0,217.0,175.0,14863.0,1.1988280843828176,Low
P81018,ACCURX LIMITED,2721.0,2151.0,570.0,7937.0,15.582942948446288,High
P81020,ACCURX LIMITED,6332.0,4118.0,2214.0,24751.0,11.628547606891917,High
P81022,ACCURX LIMITED,217.0,161.0,56.0,11286.0,0.8739709696647495,Low
P81025,ACCURX LIMITED,2942.0,2258.0,684.0,12779.0,10.464611685364483,High
P81027,ACCURX LIMITED,4361.0,2653.0,1708.0,15379.0,12.889477386518807,High
P81029,ACCURX LIMITED,5392.0,4715.0,677.0,23963.0,10.227889207983521,High
P81031,"Engage Health Systems Limited, PATCHS HEALTH LIMITED",2335.0,1440.0,895.0,6667.0,15.91965856252642,High
P81032,PATCHS HEALTH LIMITED,4875.0,4055.0,820.0,14290.0,15.506711622876775,High
P81033,ACCURX LIMITED,1921.0,1607.0,314.0,8118.0,10.756119957893794,High
P81035,ACCURX LIMITED,973.0,757.0,216.0,8489.0,5.2099508454791765,Mid
P81036,ACCURX LIMITED,1313.0,388.0,925.0,18563.0,3.215095522373441,Mid
P81037,PATCHS HEALTH LIMITED,5112.0,3424.0,1688.0,12698.0,18.299231088646746,High
P81038,ACCURX LIMITED,2918.0,2103.0,815.0,9912.0,13.381392618680756,High
P81039,ACCURX LIMITED,3.0,2.0,1.0,5527.0,0.024672270013323026,Low
P81040,ACCURX LIMITED,3287.0,2355.0,932.0,10321.0,14.476222353366042,High
P81041,ACCURX LIMITED,2365.0,1826.0,539.0,9670.0,11.116856256463288,High
P81042,PATCHS HEALTH LIMITED,3806.0,2900.0,906.0,14865.0,11.63807601749075,High
P81043,PATCHS HEALTH LIMITED,1094.0,941.0,153.0,6569.0,7.569991281362875,Mid
P81044,ACCURX LIMITED,106.0,102.0,4.0,16688.0,0.28872134576832564,Low
P81045,ACCURX LIMITED,239.0,155.0,84.0,4593.0,2.3652593868139267,Mid
P81047,ACCURX LIMITED,5254.0,3882.0,1372.0,15981.0,14.943882223777099,High
P81053,No Data,0.0,0.0,0.0,8293.0,0.0,Low
P81054,"ACCURX LIMITED, PATCHS HEALTH LIMITED",2136.0,1762.0,374.0,9366.0,10.366315299050724,High
P81055,ACCURX LIMITED,50.0,25.0,25.0,15105.0,0.1504619180885318,Low
P81057,"ACCURX LIMITED, PATCHS HEALTH LIMITED",3169.0,2727.0,442.0,14231.0,10.121948882401414,High
P81059,ACCURX LIMITED,1917.0,1478.0,439.0,7767.0,11.218792794690826,High
P81061,ACCURX LIMITED,69.0,47.0,22.0,4353.0,0.7205062339452415,Low
P81062,ACCURX LIMITED,104.0,71.0,33.0,7659.0,0.6172180085223564,Low
P81063,PATCHS HEALTH LIMITED,2284.0,1915.0,369.0,10971.0,9.462964344014386,Mid
P81066,PATCHS HEALTH LIMITED,1501.0,817.0,684.0,8304.0,8.21619372919951,Mid
P81067,ACCURX LIMITED,378.0,104.0,274.0,12676.0,1.3554605697237443,Low
P81069,ACCURX LIMITED,98.0,52.0,46.0,11808.0,0.3772480906627248,Low
P81070,ACCURX LIMITED,2594.0,2093.0,501.0,8303.0,14.200781754677935,High
P81072,PATCHS HEALTH LIMITED,4334.0,3121.0,1213.0,13593.0,14.492753623188404,High
P81073,PATCHS HEALTH LIMITED,357.0,109.0,248.0,13167.0,1.232419892706974,Low
P81074,ACCURX LIMITED,4232.0,3349.0,883.0,13355.0,14.40386644430074,High
P81076,PATCHS HEALTH LIMITED,25.0,18.0,7.0,10616.0,0.10704254298828526,Low
P81077,PATCHS HEALTH LIMITED,4239.0,2903.0,1336.0,10765.0,17.89891483342482,High
P81078,ACCURX LIMITED,761.0,227.0,534.0,12011.0,2.8799358164107143,Mid
P81079,"CONTINUUM HEALTH LIMITED, PATCHS HEALTH LIMITED",2114.0,1921.0,193.0,12870.0,7.466271102634739,Mid
P81081,ACCURX LIMITED,102.0,64.0,38.0,6175.0,0.7508281192491719,Low
P81082,ACCURX LIMITED,134.0,66.0,68.0,11087.0,0.5493739596743115,Low
P81083,ACCURX LIMITED,126.0,46.0,80.0,8664.0,0.6610425585494837,Low
P81084,ACCURX LIMITED,230.0,79.0,151.0,8304.0,1.2589770537747416,Low
P81086,"ACCURX LIMITED, PATCHS HEALTH LIMITED",1967.0,1593.0,374.0,9571.0,9.341666587513417,Mid
P81087,ACCURX LIMITED,115.0,40.0,75.0,11633.0,0.44934863984120405,Low
P81089,Klinik Healthcare Solutions UK Ltd,3293.0,2531.0,762.0,12581.0,11.897449978683586,High
P81092,PATCHS HEALTH LIMITED,311.0,83.0,228.0,7622.0,1.8546790391450585,Low
P81095,ACCURX LIMITED,469.0,348.0,121.0,8537.0,2.49715143706007,Mid
P81096,ACCURX LIMITED,91.0,17.0,74.0,6938.0,0.5961896276107864,Low
P81099,ACCURX LIMITED,242.0,58.0,184.0,10810.0,1.0175763182238666,Low
P81100,ACCURX LIMITED,252.0,137.0,115.0,15734.0,0.7280122953187654,Low
P81103,ACCURX LIMITED,832.0,379.0,453.0,11794.0,3.2065611173632202,Mid
P81107,ACCURX LIMITED,9.0,6.0,3.0,8118.0,0.05039306591413022,Low
P81112,ACCURX LIMITED,3461.0,2752.0,709.0,16781.0,9.374779918847615,Mid
P81113,ACCURX LIMITED,544.0,407.0,137.0,7966.0,3.1041015223792026,Mid
P81115,ACCURX LIMITED,598.0,327.0,271.0,16910.0,1.6074404601903125,Low
P81117,ACCURX LIMITED,338.0,270.0,68.0,5820.0,2.6398000624804747,Mid
P81118,ACCURX LIMITED,174.0,93.0,81.0,10124.0,0.7812219388671384,Low
P81119,ACCURX LIMITED,3516.0,2480.0,1036.0,11301.0,14.141950430774427,High
P81127,ACCURX LIMITED,5.0,4.0,1.0,9690.0,0.023454357819682893,Low
P81128,ACCURX LIMITED,91.0,58.0,33.0,9939.0,0.41617503132746114,Low
P81129,ACCURX LIMITED,3199.0,2471.0,728.0,12023.0,12.09424360884063,High
P81130,ACCURX LIMITED,2971.0,2499.0,472.0,13689.0,9.865253454997044,Mid
P81132,ACCURX LIMITED,2193.0,1790.0,403.0,9313.0,10.703513173179232,High
P81133,"CONTINUUM HEALTH LIMITED, PATCHS HEALTH LIMITED",644.0,254.0,390.0,9041.0,3.237775386873938,Mid
P81136,ACCURX LIMITED,92.0,29.0,63.0,2882.0,1.4510125544129708,Low
P81137,ACCURX LIMITED,1266.0,1107.0,159.0,6985.0,8.238433005791633,Mid
P81138,ACCURX LIMITED,63.0,37.0,26.0,3451.0,0.8297990042411949,Low
P81143,ACCURX LIMITED,3297.0,2802.0,495.0,11747.0,12.757609292894898,High
P81147,ACCURX LIMITED,21.0,10.0,11.0,4995.0,0.1911001911001911,Low
P81149,PATCHS HEALTH LIMITED,798.0,431.0,367.0,9394.0,3.8612654111908955,Mid
P81150,PATCHS HEALTH LIMITED,706.0,414.0,292.0,12130.0,2.6455819530840143,Mid
P81154,ACCURX LIMITED,2095.0,1763.0,332.0,7938.0,11.99638104400009,High
P81155,No Data,0.0,0.0,0.0,6291.0,0.0,Low
P81157,PATCHS HEALTH LIMITED,3304.0,2392.0,912.0,11399.0,13.174999401861408,High
P81159,ACCURX LIMITED,1633.0,957.0,676.0,12047.0,6.161473622252239,Mid
P81160,ACCURX LIMITED,903.0,158.0,745.0,16487.0,2.489564781067177,Mid
P81165,ACCURX LIMITED,96.0,77.0,19.0,2796.0,1.5606710885680841,Low
P81166,PATCHS HEALTH LIMITED,15.0,5.0,10.0,2444.0,0.27897634280613004,Low
P81167,ACCURX LIMITED,35.0,19.0,16.0,6005.0,0.26493073953523577,Low
P81169,ACCURX LIMITED,1681.0,1469.0,212.0,6728.0,11.356880337260836,High
P81170,Engage Health Systems Limited,0.0,0.0,0.0,11050.0,0.0,Low
P81171,ACCURX LIMITED,99.0,71.0,28.0,4687.0,0.9601024109238318,Low
P81172,PATCHS HEALTH LIMITED,4837.0,2978.0,1859.0,12296.0,17.880907316496124,High
P81179,ACCURX LIMITED,173.0,75.0,98.0,6771.0,1.1613700138290302,Low
P81180,ACCURX LIMITED,32.0,18.0,14.0,3372.0,0.4313598619648442,Low
P81181,ACCURX LIMITED,378.0,207.0,171.0,5497.0,3.1256718540691613,Mid
P81182,ACCURX LIMITED,611.0,347.0,264.0,6801.0,4.083624065979603,Mid
P81184,ACCURX LIMITED,131.0,76.0,55.0,9297.0,0.6404803113418797,Low
P81185,ACCURX LIMITED,93.0,45.0,48.0,10557.0,0.4004236740809631,Low
P81186,ACCURX LIMITED,27.0,16.0,11.0,4680.0,0.26223776223776224,Low
P81191,PATCHS HEALTH LIMITED,520.0,332.0,188.0,10159.0,2.3266427440066577,Mid
P81196,ACCURX LIMITED,136.0,18.0,118.0,36833.0,0.16783368668906096,Low
P81197,ACCURX LIMITED,212.0,168.0,44.0,4993.0,1.9299746918413054,Mid
P81201,ACCURX LIMITED,101.0,16.0,85.0,5941.0,0.7727502257042738,Low
P81208,"ACCURX LIMITED, RAPID HEALTH",2412.0,1640.0,772.0,17906.0,6.122884152594864,Mid
P81212,ACCURX LIMITED,1661.0,1216.0,445.0,6311.0,11.963238789415305,High
P81213,ACCURX LIMITED,1288.0,1028.0,260.0,18622.0,3.143886507649798,Mid
P81214,RAPID HEALTH,74.0,64.0,10.0,4747.0,0.7085814964475171,Low
P81218,ACCURX LIMITED,2033.0,1417.0,616.0,6152.0,15.020983567797613,High
P81620,No Data,0.0,0.0,0.0,1485.0,0.0,Low
P81646,ACCURX LIMITED,33.0,9.0,24.0,4102.0,0.36567528035104835,Low
P81647,ACCURX LIMITED,53.0,39.0,14.0,4471.0,0.5388259693784184,Low
P81655,ACCURX LIMITED,2146.0,1877.0,269.0,10667.0,9.144600594867775,Mid
P81664,ACCURX LIMITED,2733.0,999.0,1734.0,24662.0,5.037193768845703,Mid
P81668,ACCURX LIMITED,67.0,33.0,34.0,6133.0,0.4965684893941864,Low
P81674,ACCURX LIMITED,257.0,158.0,99.0,5856.0,1.9948460009935418,Mid
P81681,PATCHS HEALTH LIMITED,979.0,537.0,442.0,13884.0,3.205128205128205,Mid
P81683,ACCURX LIMITED,1504.0,964.0,540.0,7420.0,9.21342808135261,Mid
P81685,ACCURX LIMITED,85.0,54.0,31.0,4358.0,0.886561809003296,Low
P81686,ACCURX LIMITED,55.0,12.0,43.0,2634.0,0.9491268033409264,Low
P81687,ACCURX LIMITED,28.0,20.0,8.0,2098.0,0.6066383568766791,Low
P81692,ACCURX LIMITED,17.0,14.0,3.0,2029.0,0.3808414355481876,Low
P81694,ACCURX LIMITED,69.0,23.0,46.0,5225.0,0.6002609830361026,Low
P81695,ACCURX LIMITED,475.0,338.0,137.0,6634.0,3.254583824375805,Mid
P81701,ACCURX LIMITED,32.0,9.0,23.0,2973.0,0.4892517506039201,Low
P81704,ACCURX LIMITED,447.0,309.0,138.0,10801.0,1.8811389517805592,Low
P81707,PATCHS HEALTH LIMITED,1114.0,864.0,250.0,5201.0,9.735889951233155,Mid
P81709,PATCHS HEALTH LIMITED,1853.0,1360.0,493.0,6315.0,13.337652054991723,High
P81710,RAPID HEALTH,1619.0,1265.0,354.0,10079.0,7.3014097718929545,Mid
P81714,ACCURX LIMITED,182.0,53.0,129.0,5717.0,1.4470399287611113,Low
P81721,ACCURX LIMITED,228.0,67.0,161.0,2536.0,4.086607398910238,Mid
P81726,PATCHS HEALTH LIMITED,19.0,7.0,12.0,1916.0,0.4507496678686658,Low
P81730,PATCHS HEALTH LIMITED,3425.0,2384.0,1041.0,9481.0,16.420400609832104,High
P81731,No Data,0.0,0.0,0.0,2569.0,0.0,Low
P81732,ACCURX LIMITED,195.0,187.0,8.0,4581.0,1.9348693219027207,Mid
P81734,PATCHS HEALTH LIMITED,615.0,488.0,127.0,19522.0,1.4319508992185972,Low
P81735,ACCURX LIMITED,8.0,3.0,5.0,3174.0,0.11456722231769491,Low
P81740,ACCURX LIMITED,2620.0,2235.0,385.0,11156.0,10.675054597607485,High
P81741,ACCURX LIMITED,2.0,0.0,2.0,2511.0,0.0362043372796061,Low
P81742,PATCHS HEALTH LIMITED,230.0,192.0,38.0,2712.0,3.854920890319121,Mid
P81755,PATCHS HEALTH LIMITED,3452.0,2376.0,1076.0,8500.0,18.459893048128343,High
P81757,ACCURX LIMITED,359.0,291.0,68.0,3665.0,4.452437058166936,Mid
P81770,"ACCURX LIMITED, Engage Health Systems Limited",58.0,36.0,22.0,7668.0,0.3438137240954142,Low
P81771,ACCURX LIMITED,2625.0,2104.0,521.0,9215.0,12.948256301484731,High
P81780,ACCURX LIMITED,1644.0,1336.0,308.0,5620.0,13.29666774506632,High
P82003,"ACCURX LIMITED, TPP",114.0,73.0,41.0,14827.0,0.34948527563351867,Low
P82005,ACCURX LIMITED,1957.0,1598.0,359.0,7153.0,12.435977275904579,High
P82007,TPP,3829.0,3401.0,428.0,13221.0,13.164318474052987,High
P82008,TPP,509.0,472.0,37.0,14833.0,1.5597899033481857,Low
P82014,RAPID HEALTH,728.0,585.0,143.0,6468.0,5.116096025186935,Mid
P82015,ACCURX LIMITED,6039.0,4679.0,1360.0,20223.0,13.573653760569648,High
P82627,RAPID HEALTH,552.0,443.0,109.0,4188.0,5.991143526960145,Mid
P83001,ACCURX LIMITED,250.0,138.0,112.0,14267.0,0.7964979577792363,Low
P83004,ACCURX LIMITED,319.0,114.0,205.0,7806.0,1.8575454778375609,Low
P83007,ACCURX LIMITED,250.0,88.0,162.0,11383.0,0.998298898676655,Low
P83009,ACCURX LIMITED,1.0,1.0,0.0,7558.0,0.006014097043469893,Low
P83011,ACCURX LIMITED,447.0,130.0,317.0,7454.0,2.7258092055516254,Mid
P83021,ACCURX LIMITED,385.0,212.0,173.0,9818.0,1.782440415563251,Low
P83024,ACCURX LIMITED,436.0,167.0,269.0,4523.0,4.381645327919925,Mid
P83027,No Data,0.0,0.0,0.0,1791.0,0.0,Low
P83608,ACCURX LIMITED,95.0,72.0,23.0,6331.0,0.6820694705704974,Low
P83609,No Data,0.0,0.0,0.0,3898.0,0.0,Low
P83621,ACCURX LIMITED,3.0,2.0,1.0,2792.0,0.048840843969783804,Low
P84004,ACCURX LIMITED,1882.0,1652.0,230.0,8487.0,10.079586961877522,High
P84005,ACCURX LIMITED,151.0,92.0,59.0,15431.0,0.44479530578940857,Low
P84009,"ACCURX LIMITED, SILICON PRACTICE LTD",3708.0,1.0,0.0,10690.0,15.7666468237095,High
P84010,ACCURX LIMITED,2156.0,1336.0,820.0,10122.0,9.681881051175656,Mid
P84012,ACCURX LIMITED,2357.0,1272.0,1085.0,8398.0,12.757366472536752,High
P84014,ACCURX LIMITED,373.0,296.0,77.0,5284.0,3.208657353244787,Mid
P84016,ACCURX LIMITED,521.0,343.0,178.0,9056.0,2.6150417603597815,Mid
P84017,ACCURX LIMITED,4058.0,2266.0,1792.0,12485.0,14.774092547420542,High
P84018,SILICON PRACTICE LTD,400.0,109.0,291.0,3666.0,4.959579427664534,Mid
P84019,ACCURX LIMITED,91.0,52.0,39.0,10411.0,0.3973070441229119,Low
P84020,ACCURX LIMITED,2630.0,2028.0,602.0,9805.0,12.192295211163138,High
P84021,ACCURX LIMITED,2900.0,2216.0,684.0,9164.0,14.384349827387803,High
P84022,"ACCURX LIMITED, SILICON PRACTICE LTD",330.0,5.0,3.0,6088.0,2.463863337713535,Mid
P84023,ACCURX LIMITED,2743.0,1646.0,1097.0,9220.0,13.522973772431472,High
P84024,ACCURX LIMITED,3360.0,2151.0,1209.0,7911.0,19.30568483469507,High
P84025,ACCURX LIMITED,85.0,48.0,37.0,7439.0,0.5193757714257782,Low
P84026,ACCURX LIMITED,2149.0,1763.0,386.0,9551.0,10.227391705770932,High
P84027,"Engage Health Systems Limited, SILICON PRACTICE LTD",730.0,0.0,0.0,8217.0,4.03819133282441,Mid
P84028,ACCURX LIMITED,2768.0,1985.0,783.0,10733.0,11.722554907125856,High
P84029,ACCURX LIMITED,4380.0,3348.0,1032.0,10525.0,18.916000863744333,High
P84030,SILICON PRACTICE LTD,1046.0,0.0,0.0,13347.0,3.5622577766879857,Mid
P84032,ACCURX LIMITED,383.0,181.0,202.0,5861.0,2.9703277442571077,Mid
P84034,"PATCHS HEALTH LIMITED, SILICON PRACTICE LTD",3626.0,2422.0,1165.0,16120.0,10.22445296638845,High
P84035,ACCURX LIMITED,3983.0,2420.0,1563.0,16029.0,11.294868959102535,High
P84037,ACCURX LIMITED,44.0,33.0,11.0,5638.0,0.35473572188719404,Low
P84039,SILICON PRACTICE LTD,429.0,0.0,0.0,14935.0,1.3056578506863075,Low
P84040,ACCURX LIMITED,43.0,28.0,15.0,7549.0,0.25891448596442634,Low
P84041,ACCURX LIMITED,120.0,80.0,40.0,7597.0,0.7179867651106299,Low
P84042,ACCURX LIMITED,3350.0,2204.0,1146.0,10857.0,14.025304160700678,High
P84043,ACCURX LIMITED,2257.0,1595.0,662.0,9541.0,10.752636944859981,High
P84045,ACCURX LIMITED,2698.0,1705.0,993.0,5658.0,21.674861017384874,High
P84046,ACCURX LIMITED,267.0,149.0,118.0,20576.0,0.5898310476459777,Low
P84047,ACCURX LIMITED,30.0,22.0,8.0,6005.0,0.22708349103020212,Low
P84048,"ACCURX LIMITED, SILICON PRACTICE LTD",3430.0,2451.0,979.0,6886.0,22.641459615029177,High
P84049,ACCURX LIMITED,109.0,59.0,50.0,11474.0,0.43180629724119357,Low
P84050,No Data,0.0,0.0,0.0,7799.0,0.0,Low
P84051,ACCURX LIMITED,393.0,284.0,109.0,5654.0,3.1594687590442807,Mid
P84052,ACCURX LIMITED,2300.0,1875.0,425.0,7733.0,13.51939150982213,High
P84053,ACCURX LIMITED,2189.0,1559.0,630.0,7728.0,12.875258799171842,High
P84054,ACCURX LIMITED,662.0,342.0,320.0,6280.0,4.79154603358425,Mid
P84061,ACCURX LIMITED,2369.0,1848.0,521.0,6083.0,17.702090774587898,High
P84064,"ACCURX LIMITED, PATCHS HEALTH LIMITED",2212.0,1789.0,423.0,13024.0,7.720013401831583,Mid
P84066,ACCURX LIMITED,64.0,31.0,33.0,7600.0,0.3827751196172249,Low
P84067,ACCURX LIMITED,390.0,248.0,142.0,9030.0,1.9631531259438235,Mid
P84068,"PATCHS HEALTH LIMITED, SILICON PRACTICE LTD",6072.0,4708.0,1343.0,21962.0,12.567161460704854,High
P84070,ACCURX LIMITED,102.0,67.0,35.0,8480.0,0.5467409948542025,Low
P84071,"ACCURX LIMITED, SILICON PRACTICE LTD",537.0,318.0,219.0,4529.0,5.389510026295188,Mid
P84072,SILICON PRACTICE LTD,10259.0,9702.0,557.0,33697.0,13.838566691936428,High
P84074,ACCURX LIMITED,563.0,485.0,78.0,10645.0,2.404030915068961,Mid
P84605,ACCURX LIMITED,15.0,9.0,6.0,1994.0,0.34193489559587853,Low
P84611,ACCURX LIMITED,90.0,68.0,22.0,7519.0,0.5440762190329952,Low
P84626,ACCURX LIMITED,54.0,41.0,13.0,5369.0,0.4571699486953724,Low
P84630,ACCURX LIMITED,4011.0,3166.0,845.0,24186.0,7.538170090886538,Mid
P84635,SILICON PRACTICE LTD,2160.0,122.0,2038.0,5168.0,18.998029833943146,High
P84637,ACCURX LIMITED,155.0,120.0,35.0,2928.0,2.4062344759066074,Mid
P84644,ACCURX LIMITED,2423.0,2299.0,124.0,7197.0,15.303093460659111,High
P84645,ACCURX LIMITED,278.0,114.0,164.0,6118.0,2.0654402805432555,Mid
P84651,PATCHS HEALTH LIMITED,1737.0,1579.0,158.0,6146.0,12.846492914830044,High
P84663,ACCURX LIMITED,102.0,54.0,48.0,5665.0,0.8184225306908449,Low
P84665,"ACCURX LIMITED, SILICON PRACTICE LTD",679.0,286.0,393.0,5268.0,5.85870090425899,Mid
P84669,ACCURX LIMITED,4893.0,3743.0,1150.0,17548.0,12.67432704063659,High
P84672,ACCURX LIMITED,444.0,184.0,260.0,3745.0,5.389003519844642,Mid
P84673,"ACCURX LIMITED, SILICON PRACTICE LTD",3594.0,1.0,0.0,14204.0,11.501241647679272,High
P84678,"ACCURX LIMITED, SILICON PRACTICE LTD",4638.0,2667.0,1789.0,15525.0,13.57927097057532,High
P84679,ACCURX LIMITED,33.0,22.0,11.0,2252.0,0.6660746003552398,Low
P84683,SILICON PRACTICE LTD,2040.0,1874.0,166.0,14507.0,6.391898581875835,Mid
P84684,ACCURX LIMITED,2013.0,1413.0,600.0,6546.0,13.978001833180569,High
P84689,ACCURX LIMITED,4122.0,2788.0,1334.0,14231.0,13.165879865338791,High
P85002,ACCURX LIMITED,165.0,90.0,75.0,6867.0,1.09217999126256,Low
P85003,ACCURX LIMITED,1433.0,1290.0,143.0,5966.0,10.91792886965532,High
P85004,ACCURX LIMITED,179.0,53.0,126.0,6467.0,1.2581357099680897,Low
P85005,ACCURX LIMITED,383.0,217.0,166.0,9411.0,1.8498662107205304,Low
P85007,ACCURX LIMITED,1152.0,942.0,210.0,3873.0,13.520174635589042,High
P85010,ACCURX LIMITED,933.0,298.0,635.0,14007.0,3.0277069257579003,Mid
P85011,ACCURX LIMITED,3125.0,2715.0,410.0,12620.0,11.25558276905345,High
P85012,ACCURX LIMITED,81.0,58.0,23.0,5918.0,0.6221389289993549,Low
P85013,ACCURX LIMITED,5326.0,4476.0,850.0,20978.0,11.540228291110166,High
P85014,ACCURX LIMITED,1551.0,1344.0,207.0,6584.0,10.707776427703523,High
P85015,ACCURX LIMITED,2302.0,1817.0,485.0,7188.0,14.557090099661051,High
P85016,ACCURX LIMITED,3171.0,2688.0,483.0,14003.0,10.293248849272558,High
P85017,ACCURX LIMITED,115.0,74.0,41.0,9060.0,0.5769616696769014,Low
P85018,ACCURX LIMITED,60.0,38.0,22.0,4220.0,0.6462731581214993,Low
P85020,ACCURX LIMITED,1793.0,1172.0,621.0,7175.0,11.358885017421603,High
P85021,ACCURX LIMITED,1259.0,924.0,335.0,9557.0,5.987995472143217,Mid
P85022,ACCURX LIMITED,1597.0,1140.0,457.0,5140.0,14.122744959320835,High
P85026,ACCURX LIMITED,1151.0,686.0,465.0,15784.0,3.314633921577662,Mid
P85601,ACCURX LIMITED,919.0,707.0,212.0,2976.0,14.03653470185728,High
P85605,ACCURX LIMITED,1946.0,1668.0,278.0,7435.0,11.897047135782845,High
P85606,ACCURX LIMITED,237.0,145.0,92.0,7212.0,1.493722583572833,Low
P85608,ACCURX LIMITED,107.0,80.0,27.0,2442.0,1.9916610825701737,Mid
P85612,ACCURX LIMITED,86.0,46.0,40.0,3977.0,0.9829245433972615,Low
P85614,ACCURX LIMITED,276.0,126.0,150.0,5206.0,2.409806866203332,Mid
P85615,ACCURX LIMITED,4048.0,3270.0,778.0,11902.0,15.45958662409679,High
P85622,ACCURX LIMITED,497.0,356.0,141.0,10857.0,2.0807690053338024,Mid
P86001,"ACCURX LIMITED, PATCHS HEALTH LIMITED",233.0,104.0,129.0,8242.0,1.2849926099137454,Low
P86002,"ACCURX LIMITED, PATCHS HEALTH LIMITED",63.0,14.0,49.0,1885.0,1.5191704846877263,Low
P86003,"ACCURX LIMITED, PATCHS HEALTH LIMITED",2428.0,2068.0,360.0,10549.0,10.46199984487974,High
P86004,"ACCURX LIMITED, PATCHS HEALTH LIMITED",828.0,306.0,522.0,9069.0,4.150001503623733,Mid
P86005,"ACCURX LIMITED, PATCHS HEALTH LIMITED",176.0,74.0,102.0,6189.0,1.2926159314913557,Low
P86006,"ACCURX LIMITED, PATCHS HEALTH LIMITED",719.0,322.0,397.0,17049.0,1.9169346109342589,Mid
P86007,PATCHS HEALTH LIMITED,971.0,317.0,654.0,13787.0,3.2013029401873965,Mid
P86008,"ACCURX LIMITED, PATCHS HEALTH LIMITED",2668.0,2060.0,608.0,10353.0,11.713776419658773,High
P86009,"ACCURX LIMITED, PATCHS HEALTH LIMITED",583.0,400.0,183.0,10502.0,2.523328889735289,Mid
P86010,ACCURX LIMITED,534.0,138.0,396.0,8548.0,2.83957969966393,Mid
P86011,"ACCURX LIMITED, PATCHS HEALTH LIMITED",318.0,112.0,206.0,8370.0,1.7269468882372108,Low
P86012,"ACCURX LIMITED, PATCHS HEALTH LIMITED",321.0,64.0,257.0,8952.0,1.6299049475993177,Low
P86013,ACCURX LIMITED,283.0,99.0,184.0,5962.0,2.1576042206703057,Mid
P86014,"ACCURX LIMITED, PATCHS HEALTH LIMITED",137.0,83.0,54.0,7687.0,0.8101044265998084,Low
P86015,"ACCURX LIMITED, PATCHS HEALTH LIMITED",78.0,44.0,34.0,6119.0,0.579417314177896,Low
P86016,"ACCURX LIMITED, PATCHS HEALTH LIMITED",511.0,301.0,210.0,8546.0,2.7179116226623834,Mid
P86017,"ACCURX LIMITED, PATCHS HEALTH LIMITED",87.0,49.0,38.0,4539.0,0.8712371567626028,Low
P86018,"ACCURX LIMITED, PATCHS HEALTH LIMITED",396.0,185.0,211.0,8616.0,2.0891364902506964,Mid
P86019,PATCHS HEALTH LIMITED,271.0,147.0,124.0,9852.0,1.2503229616506109,Low
P86021,"ACCURX LIMITED, PATCHS HEALTH LIMITED",100.0,49.0,51.0,3776.0,1.2037750385208013,Low
P86022,"ACCURX LIMITED, PATCHS HEALTH LIMITED",362.0,204.0,158.0,8789.0,1.8721749294055585,Low
P86023,"ACCURX LIMITED, PATCHS HEALTH LIMITED",602.0,220.0,382.0,9831.0,2.7834031495917366,Mid
P86026,"ACCURX LIMITED, PATCHS HEALTH LIMITED",114.0,71.0,43.0,7514.0,0.6896217968882329,Low
P86602,"ACCURX LIMITED, PATCHS HEALTH LIMITED",150.0,62.0,88.0,3421.0,1.9930376551247642,Mid
P86606,"ACCURX LIMITED, PATCHS HEALTH LIMITED",60.0,35.0,25.0,4336.0,0.6289835625628983,Low
P86608,"ACCURX LIMITED, PATCHS HEALTH LIMITED",75.0,40.0,35.0,4257.0,0.800820039720674,Low
P86614,PATCHS HEALTH LIMITED,119.0,23.0,96.0,4593.0,1.177681452011955,Low
P86619,"ACCURX LIMITED, PATCHS HEALTH LIMITED",339.0,72.0,267.0,6505.0,2.368807211236112,Mid
P86620,"ACCURX LIMITED, PATCHS HEALTH LIMITED",97.0,20.0,77.0,2935.0,1.502245624903206,Low
P86624,"ACCURX LIMITED, PATCHS HEALTH LIMITED",113.0,34.0,79.0,4295.0,1.1958937453698804,Low
P87002,ACCURX LIMITED,2699.0,2243.0,456.0,11461.0,10.704285680291264,High
P87004,"ACCURX LIMITED, SILICON PRACTICE LTD",1608.0,10.0,12.0,15762.0,4.637159566737032,Mid
P87008,ACCURX LIMITED,2784.0,1680.0,1104.0,8853.0,14.29407596808478,High
P87015,"ACCURX LIMITED, SILICON PRACTICE LTD",816.0,425.0,391.0,9180.0,4.040404040404041,Mid
P87016,ACCURX LIMITED,3896.0,3296.0,600.0,14077.0,12.580159770612282,High
P87019,ACCURX LIMITED,4241.0,2932.0,1309.0,12513.0,15.40579615381821,High
P87020,"ACCURX LIMITED, SILICON PRACTICE LTD",4017.0,3836.0,181.0,15745.0,11.596755102629984,High
P87022,SILICON PRACTICE LTD,157.0,0.0,0.0,2230.0,3.2001630656339177,Mid
P87024,"ACCURX LIMITED, SILICON PRACTICE LTD",3562.0,145.0,69.0,11511.0,14.0655973337756,High
P87026,"ACCURX LIMITED, SILICON PRACTICE LTD",704.0,679.0,25.0,17500.0,1.8285714285714285,Low
P87027,"Engage Health Systems Limited, PATCHS HEALTH LIMITED",250.0,35.0,215.0,18128.0,0.6268554922570809,Low
P87028,No Data,0.0,0.0,0.0,9978.0,0.0,Low
P87032,ACCURX LIMITED,2123.0,1379.0,744.0,6505.0,14.834742505764796,High
P87035,"ACCURX LIMITED, SILICON PRACTICE LTD",3577.0,2135.0,428.0,11217.0,14.49504404840056,High
P87040,PATCHS HEALTH LIMITED,4.0,1.0,3.0,8308.0,0.021884711340657417,Low
P87610,"ACCURX LIMITED, SILICON PRACTICE LTD",4096.0,116.0,74.0,12519.0,14.871940105584967,High
P87613,No Data,0.0,0.0,0.0,5163.0,0.0,Low
P87620,SILICON PRACTICE LTD,710.0,0.0,0.0,9437.0,3.419807912761182,Mid
P87624,ACCURX LIMITED,299.0,213.0,86.0,5129.0,2.649816551161843,Mid
P87625,No Data,0.0,0.0,0.0,2723.0,0.0,Low
P87627,ACCURX LIMITED,9.0,6.0,3.0,3443.0,0.11881815541414728,Low
P87630,SILICON PRACTICE LTD,21.0,0.0,0.0,3302.0,0.2890809977424151,Low
P87634,ACCURX LIMITED,4002.0,2967.0,1035.0,11396.0,15.962538689811417,High
P87639,PATCHS HEALTH LIMITED,44.0,23.0,21.0,4072.0,0.4911591355599214,Low
P87648,SILICON PRACTICE LTD,179.0,0.0,0.0,8411.0,0.9673479534375979,Low
P87649,ACCURX LIMITED,59.0,29.0,30.0,6146.0,0.43635180309439997,Low
P87654,ACCURX LIMITED,2691.0,2119.0,572.0,11108.0,11.011719645137003,High
P87657,PATCHS HEALTH LIMITED,85.0,43.0,42.0,4437.0,0.8707767328456982,Low
P87658,ACCURX LIMITED,470.0,395.0,75.0,3607.0,5.9228268266249975,Mid
P87661,No Data,0.0,0.0,0.0,2325.0,0.0,Low
P88002,ACCURX LIMITED,96.0,61.0,35.0,6327.0,0.689684900211216,Low
P88003,ACCURX LIMITED,391.0,187.0,204.0,9924.0,1.7908834414275772,Low
P88005,"ACCURX LIMITED, PATCHS HEALTH LIMITED",3972.0,2521.0,1451.0,11488.0,15.716004051658649,High
P88006,ACCURX LIMITED,1390.0,636.0,754.0,11508.0,5.490251840616804,Mid
P88007,ACCURX LIMITED,4747.0,3190.0,1557.0,14800.0,14.579238329238331,High
P88008,ACCURX LIMITED,215.0,99.0,116.0,8536.0,1.1448837011161286,Low
P88009,ACCURX LIMITED,13.0,7.0,6.0,3024.0,0.19540644540644542,Low
P88011,ACCURX LIMITED,2948.0,1885.0,1063.0,10610.0,12.629594721960416,High
P88012,ACCURX LIMITED,2576.0,1896.0,680.0,7878.0,14.863024764014863,High
P88013,ACCURX LIMITED,4392.0,3007.0,1385.0,12417.0,16.077664785082035,High
P88014,ACCURX LIMITED,1421.0,1227.0,194.0,4834.0,13.361793357655996,High
P88015,ACCURX LIMITED,3481.0,2907.0,574.0,12290.0,12.874472963976626,High
P88016,ACCURX LIMITED,4174.0,2862.0,1312.0,13521.0,14.032044429204403,High
P88017,ACCURX LIMITED,96.0,30.0,66.0,6571.0,0.664074929787911,Low
P88018,ACCURX LIMITED,468.0,207.0,261.0,10245.0,2.0764009050978305,Mid
P88019,"ACCURX LIMITED, RAPID HEALTH",1413.0,885.0,528.0,5372.0,11.955933121234686,High
P88020,"ACCURX LIMITED, RAPID HEALTH",2766.0,1906.0,860.0,11842.0,10.61706407087255,High
P88021,ACCURX LIMITED,290.0,171.0,119.0,6878.0,1.9165190726691164,Mid
P88023,ACCURX LIMITED,1962.0,1697.0,265.0,7521.0,11.857707509881424,High
P88024,ACCURX LIMITED,3253.0,2369.0,884.0,10329.0,14.315387391193372,High
P88025,ACCURX LIMITED,3568.0,2097.0,1471.0,10380.0,15.624452618672272,High
P88026,ACCURX LIMITED,19907.0,14124.0,5783.0,54645.0,16.558946589141485,High
P88031,ACCURX LIMITED,2240.0,1385.0,855.0,5853.0,17.395896432288026,High
P88041,ACCURX LIMITED,2238.0,1749.0,489.0,8685.0,11.71298476997959,High
P88042,ACCURX LIMITED,517.0,368.0,149.0,6947.0,3.382755146106233,Mid
P88043,ACCURX LIMITED,445.0,160.0,285.0,9473.0,2.135255222978225,Mid
P88044,ACCURX LIMITED,60.0,12.0,48.0,6117.0,0.4458513531588568,Low
P88606,ACCURX LIMITED,206.0,75.0,131.0,5719.0,1.6372856030138772,Low
P88615,ACCURX LIMITED,229.0,112.0,117.0,3452.0,3.0153797535025806,Mid
P88623,ACCURX LIMITED,103.0,63.0,40.0,7620.0,0.6144118348842759,Low
P88625,ACCURX LIMITED,354.0,99.0,255.0,7690.0,2.09244591559286,Mid
P88632,ACCURX LIMITED,6117.0,3982.0,2135.0,18057.0,15.39820870274434,High
P89003,"ACCURX LIMITED, RAPID HEALTH",1597.0,1180.0,417.0,9785.0,7.418590607144517,Mid
P89005,ACCURX LIMITED,2503.0,1719.0,784.0,8352.0,13.622213514454893,High
P89006,"ACCURX LIMITED, SILICON PRACTICE LTD",3348.0,2248.0,1100.0,11251.0,13.526070409902959,High
P89007,ACCURX LIMITED,218.0,112.0,106.0,8203.0,1.2079837753371825,Low
P89008,RAPID HEALTH,4576.0,2810.0,1766.0,17005.0,12.231696559835344,High
P89010,ACCURX LIMITED,7.0,3.0,4.0,7624.0,0.04173423638271487,Low
P89011,PATCHS HEALTH LIMITED,1414.0,989.0,425.0,5132.0,12.523914121731737,High
P89015,ACCURX LIMITED,8608.0,5114.0,3494.0,20943.0,18.68274493972818,High
P89018,ACCURX LIMITED,2091.0,1797.0,294.0,8533.0,11.138574305104248,High
P89020,ACCURX LIMITED,72.0,38.0,34.0,7394.0,0.44261932279243615,Low
P89022,ACCURX LIMITED,1.0,1.0,0.0,3268.0,0.01390897963725381,Low
P89023,ACCURX LIMITED,334.0,148.0,186.0,6004.0,2.528617285446066,Mid
P89025,ACCURX LIMITED,38.0,19.0,19.0,2782.0,0.6208744526501536,Low
P89026,ACCURX LIMITED,252.0,117.0,135.0,6254.0,1.8315550774776872,Low
P89029,ACCURX LIMITED,1159.0,831.0,328.0,7896.0,6.671962788984066,Mid
P89030,ACCURX LIMITED,22.0,15.0,7.0,3899.0,0.25647601949217746,Low
P89609,RAPID HEALTH,1172.0,965.0,207.0,4996.0,10.663075915277677,High
P89612,PATCHS HEALTH LIMITED,470.0,388.0,82.0,2226.0,9.597320918075635,Mid
P89613,ACCURX LIMITED,214.0,159.0,55.0,3797.0,2.5618311106854694,Mid
P89618,ACCURX LIMITED,264.0,193.0,71.0,3283.0,3.6551934206518424,Mid
P91003,ACCURX LIMITED,2061.0,1683.0,378.0,7849.0,11.93551002443855,High
P91004,ACCURX LIMITED,431.0,151.0,280.0,8491.0,2.307255810965621,Mid
P91007,ACCURX LIMITED,57.0,40.0,17.0,6309.0,0.41066874162451905,Low
P91008,ACCURX LIMITED,120.0,85.0,35.0,6152.0,0.8866296252512118,Low
P91011,ACCURX LIMITED,49.0,23.0,26.0,5375.0,0.41437632135306557,Low
P91016,ACCURX LIMITED,1034.0,361.0,673.0,9321.0,5.0423774273146655,Mid
P91018,"ACCURX LIMITED, SILICON PRACTICE LTD",4202.0,1.0,0.0,14648.0,13.039322774440196,High
P91019,ACCURX LIMITED,71.0,36.0,35.0,3898.0,0.8279304072018284,Low
P91020,ACCURX LIMITED,2805.0,2037.0,768.0,8828.0,14.442682374263706,High
P91021,ACCURX LIMITED,980.0,680.0,300.0,15212.0,2.9283101857385314,Mid
P91026,ACCURX LIMITED,277.0,76.0,201.0,6757.0,1.8633874635058592,Low
P91035,ACCURX LIMITED,559.0,318.0,241.0,13793.0,1.842172907205895,Low
P91603,ACCURX LIMITED,225.0,161.0,64.0,7726.0,1.3237474407549479,Low
P91604,ACCURX LIMITED,4440.0,4025.0,415.0,16301.0,12.380723993508486,High
P91617,ACCURX LIMITED,16.0,10.0,6.0,2257.0,0.32222983042655173,Low
P91623,ACCURX LIMITED,217.0,158.0,59.0,7820.0,1.2613345733550339,Low
P91627,ACCURX LIMITED,2845.0,1991.0,854.0,8725.0,14.821568116697057,High
P91631,ACCURX LIMITED,740.0,502.0,238.0,3738.0,8.998492144559561,Mid
P92002,ACCURX LIMITED,33.0,24.0,9.0,5118.0,0.29308323563892147,Low
P92038,ACCURX LIMITED,17.0,9.0,8.0,3215.0,0.24035062915311747,Low
P92041,ACCURX LIMITED,713.0,245.0,468.0,8362.0,3.8757583005370617,Mid
P92607,TPP,56.0,31.0,25.0,7667.0,0.33200137543426966,Low
P92620,ACCURX LIMITED,1106.0,756.0,350.0,8234.0,6.105504891028331,Mid
P92630,ACCURX LIMITED,308.0,293.0,15.0,2964.0,4.723346828609986,Mid
P92633,ACCURX LIMITED,95.0,53.0,42.0,3742.0,1.153976969049123,Low
P92635,ACCURX LIMITED,496.0,220.0,276.0,1854.0,12.160439344905365,High
P92637,ACCURX LIMITED,22.0,14.0,8.0,4302.0,0.23245002324500233,Low
P92651,"ACCURX LIMITED, Engage Health Systems Limited",1146.0,919.0,227.0,5714.0,9.116364909154548,Mid
Y00020,ACCURX LIMITED,241.0,174.0,67.0,8866.0,1.2355679511104731,Low
Y00026,ACCURX LIMITED,51.0,22.0,29.0,2898.0,0.7999247129681912,Low
Y00054,No data,0.0,0.0,0.0,93.0,0.0,Low
Y00056,ACCURX LIMITED,29.0,2.0,27.0,655.0,2.012491325468425,Mid
Y00060,ACCURX LIMITED,5.0,4.0,1.0,541.0,0.4200974626113259,Low
Y00078,ACCURX LIMITED,514.0,243.0,271.0,5602.0,4.170588426211418,Mid
Y00080,ACCURX LIMITED,566.0,301.0,265.0,7542.0,3.4112003085750104,Mid
Y00081,No data,0.0,0.0,0.0,29.0,0.0,Low
Y00137,TPP,747.0,523.0,224.0,32207.0,1.0542598023580418,Low
Y00140,ACCURX LIMITED,10.0,3.0,7.0,2139.0,0.21250371881507926,Low
Y00155,ACCURX LIMITED,271.0,216.0,55.0,10774.0,1.1433248392594968,Low
Y00182,No Data,0.0,0.0,0.0,861.0,0.0,Low
Y00200,PATCHS HEALTH LIMITED,122.0,94.0,28.0,4427.0,1.2526439000349097,Low
Y00228,ACCURX LIMITED,703.0,558.0,145.0,2499.0,12.78693295500018,High
Y00252,ACCURX LIMITED,225.0,102.0,123.0,3040.0,3.3642344497607652,Mid
Y00278,ACCURX LIMITED,865.0,632.0,233.0,3832.0,10.26048586069463,High
Y00297,ACCURX LIMITED,596.0,330.0,266.0,5059.0,5.354992901938939,Mid
Y00316,ACCURX LIMITED,1615.0,1161.0,454.0,5986.0,12.263463232390729,High
Y00344,ACCURX LIMITED,5.0,5.0,0.0,1304.0,0.1742889012827663,Low
Y00347,ACCURX LIMITED,70.0,32.0,38.0,5497.0,0.5788281211239188,Low
Y00351,RAPID HEALTH,3040.0,2040.0,1000.0,11941.0,11.572047414941647,High
Y00399,TPP,806.0,740.0,66.0,4059.0,9.025958028175323,Mid
Y00411,ACCURX LIMITED,3255.0,2239.0,1016.0,11643.0,12.707596448900235,High
Y00412,ACCURX LIMITED,1000.0,745.0,255.0,5365.0,8.472422265525713,Mid
Y00445,"ACCURX LIMITED, SILICON PRACTICE LTD",2815.0,1.0,0.0,18880.0,6.777253466872111,Mid
Y00469,ACCURX LIMITED,2966.0,2179.0,787.0,11987.0,11.247032770349698,High
Y00471,ACCURX LIMITED,1202.0,866.0,336.0,7967.0,6.8578340198774494,Mid
Y00475,"PATCHS HEALTH LIMITED, SILICON PRACTICE LTD",676.0,136.0,19.0,5327.0,5.7682133897639805,Mid
Y00486,ACCURX LIMITED,1717.0,1265.0,452.0,7370.0,10.589613913901566,High
Y00492,ACCURX LIMITED,147.0,71.0,76.0,8650.0,0.7724645296899632,Low
Y00507,ACCURX LIMITED,690.0,489.0,201.0,4095.0,7.659007659007659,Mid
Y00560,TPP,7635.0,5453.0,2182.0,18752.0,18.507116816630468,High
Y00568,ACCURX LIMITED,589.0,374.0,215.0,4737.0,5.651831807626615,Mid
Y00612,PATCHS HEALTH LIMITED,24.0,15.0,9.0,4537.0,0.24044723185124328,Low
Y00726,"ACCURX LIMITED, PATCHS HEALTH LIMITED",190.0,70.0,120.0,5684.0,1.519416544047086,Low
Y00758,ACCURX LIMITED,740.0,490.0,250.0,2487.0,13.524874803523778,High
Y00902,PATCHS HEALTH LIMITED,159.0,69.0,90.0,3364.0,2.1484163874175763,Mid
Y00918,ACCURX LIMITED,1177.0,759.0,418.0,6580.0,8.130699088145898,Mid
Y00969,ACCURX LIMITED,1080.0,391.0,689.0,11671.0,4.206229893831642,Mid
Y00996,ACCURX LIMITED,29.0,20.0,9.0,3714.0,0.35492240661869096,Low
Y01008,ACCURX LIMITED,14366.0,11275.0,3091.0,54046.0,12.082300262739148,High
Y01050,ACCURX LIMITED,524.0,369.0,155.0,7655.0,3.1114541891811656,Mid
Y01051,ACCURX LIMITED,2453.0,1949.0,504.0,8308.0,13.42079922965816,High
Y01057,ACCURX LIMITED,9.0,3.0,6.0,1050.0,0.3896103896103896,Low
Y01068,ACCURX LIMITED,87.0,56.0,31.0,4934.0,0.8014887423075506,Low
Y01090,PATCHS HEALTH LIMITED,11.0,1.0,10.0,8781.0,0.05694112287894317,Low
Y01118,PATCHS HEALTH LIMITED,902.0,693.0,209.0,3468.0,11.82237600922722,High
Y01127,ACCURX LIMITED,1863.0,1466.0,397.0,6672.0,12.692119032047088,High
Y01132,ACCURX LIMITED,3083.0,2044.0,1039.0,11984.0,11.693621798761985,High
Y01163,No Data,0.0,0.0,0.0,3866.0,0.0,Low
Y01206,RAPID HEALTH,2262.0,904.0,1358.0,9467.0,10.860693125402115,High
Y01262,No data,0.0,0.0,0.0,37.0,0.0,Low
Y01291,ACCURX LIMITED,3283.0,2587.0,696.0,10590.0,14.091338312301485,High
Y01655,ACCURX LIMITED,374.0,235.0,139.0,9709.0,1.7509527242764447,Low
Y01690,No Data,0.0,0.0,0.0,7552.0,0.0,Low
Y01695,SILICON PRACTICE LTD,131.0,0.0,0.0,4073.0,1.4619556726112093,Low
Y01756,ACCURX LIMITED,496.0,308.0,188.0,6281.0,3.589468961225051,Mid
Y01794,CONTINUUM HEALTH LIMITED,2184.0,1887.0,297.0,14744.0,6.7330932767720615,Mid
Y01812,"SILICON PRACTICE LTD, TPP",263.0,134.0,9.0,11340.0,1.0541927208593875,Low
Y01839,ACCURX LIMITED,1751.0,1427.0,324.0,7622.0,10.442260442260443,High
Y01922,ACCURX LIMITED,4877.0,2868.0,2009.0,11932.0,18.57876451406455,High
Y01924,No data,0.0,0.0,0.0,69.0,0.0,Low
Y01929,CONTINUUM HEALTH LIMITED,11245.0,9724.0,1521.0,51792.0,9.869021540708287,Mid
Y01948,Engage Health Systems Limited,2.0,0.0,2.0,2480.0,0.03665689149560117,Low
Y01964,ACCURX LIMITED,6889.0,2514.0,4375.0,28827.0,10.862606710249546,High
Y02002,PATCHS HEALTH LIMITED,5208.0,3637.0,1571.0,22081.0,10.720858327397886,High
Y02045,No Data,0.0,0.0,0.0,5.0,0.0,Low
Y02212,SILICON PRACTICE LTD,735.0,0.0,0.0,2634.0,12.683785462828745,High
Y02274,ACCURX LIMITED,248.0,154.0,94.0,3801.0,2.9657267226328003,Mid
Y02321,ACCURX LIMITED,117.0,81.0,36.0,5717.0,0.9302399542035714,Low
Y02322,ACCURX LIMITED,244.0,172.0,72.0,9898.0,1.1205202152868348,Low
Y02325,PATCHS HEALTH LIMITED,1263.0,1030.0,233.0,5216.0,11.006344116006693,High
Y02332,RAPID HEALTH,3947.0,2861.0,1086.0,17460.0,10.275434759970842,High
Y02354,ACCURX LIMITED,148.0,66.0,82.0,8894.0,0.7563832614428523,Low
Y02378,ACCURX LIMITED,388.0,194.0,194.0,6377.0,2.7656207678161575,Mid
Y02423,"ACCURX LIMITED, SILICON PRACTICE LTD",1500.0,1013.0,486.0,44731.0,1.5242632219672752,Low
Y02463,ACCURX LIMITED,3689.0,2564.0,1125.0,12950.0,12.948402948402947,High
Y02466,ACCURX LIMITED,3001.0,2402.0,599.0,12483.0,10.927588793486414,High
Y02469,CONTINUUM HEALTH LIMITED,2487.0,1917.0,570.0,9705.0,11.648166362231278,High
Y02476,ACCURX LIMITED,3417.0,2020.0,1397.0,15273.0,10.169461259620364,High
Y02510,PATCHS HEALTH LIMITED,1831.0,1407.0,424.0,6775.0,12.284468299228449,High
Y02517,"ACCURX LIMITED, Engage Health Systems Limited",4568.0,3317.0,1251.0,17365.0,11.957176137999632,High
Y02519,SILICON PRACTICE LTD,541.0,0.0,0.0,10110.0,2.4323352216527288,Mid
Y02520,PATCHS HEALTH LIMITED,1319.0,1128.0,191.0,5365.0,11.175124968228417,High
Y02521,ACCURX LIMITED,25.0,18.0,7.0,9944.0,0.11427631097783954,Low
Y02526,No data,0.0,0.0,0.0,57.0,0.0,Low
Y02567,"ACCURX LIMITED, SILICON PRACTICE LTD",1674.0,1286.0,387.0,6004.0,12.673369268972202,High
Y02571,ACCURX LIMITED,2518.0,1872.0,646.0,8582.0,13.336581852079405,High
Y02578,ACCURX LIMITED,1523.0,1242.0,281.0,12014.0,5.762216807663786,Mid
Y02586,PATCHS HEALTH LIMITED,1696.0,1149.0,547.0,5110.0,15.086283579434264,High
Y02594,ACCURX LIMITED,882.0,690.0,192.0,2994.0,13.390417198032429,High
Y02605,ACCURX LIMITED,87.0,45.0,42.0,4156.0,0.9515268177443346,Low
Y02606,ACCURX LIMITED,910.0,665.0,245.0,6264.0,6.603390224079879,Mid
Y02611,ACCURX LIMITED,7778.0,5489.0,2289.0,18805.0,18.800609122332066,High
Y02625,No Data,0.0,0.0,0.0,1190.0,0.0,Low
Y02626,ACCURX LIMITED,1467.0,936.0,531.0,4593.0,14.5181402529541,High
Y02627,ACCURX LIMITED,4580.0,3361.0,1219.0,12053.0,17.272199301569582,High
Y02633,ACCURX LIMITED,1321.0,1187.0,134.0,5963.0,10.069672068665865,High
Y02636,ACCURX LIMITED,1523.0,1231.0,292.0,6781.0,10.20900644849915,High
Y02639,ACCURX LIMITED,2632.0,1975.0,657.0,9562.0,12.511646479435644,High
Y02645,No data,0.0,0.0,0.0,20.0,0.0,Low
Y02646,ACCURX LIMITED,658.0,144.0,514.0,10480.0,2.8539208882720333,Mid
Y02653,SILICON PRACTICE LTD,595.0,0.0,0.0,4453.0,6.073535716473063,Mid
Y02657,PATCHS HEALTH LIMITED,267.0,216.0,51.0,8519.0,1.4246230351407014,Low
Y02663,PATCHS HEALTH LIMITED,1105.0,831.0,274.0,4403.0,11.407511407511407,High
Y02669,"ACCURX LIMITED, TPP",85.0,66.0,19.0,5093.0,0.7586169965906859,Low
Y02671,PATCHS HEALTH LIMITED,59.0,37.0,22.0,17850.0,0.1502419149477973,Low
Y02672,PATCHS HEALTH LIMITED,78.0,61.0,17.0,13631.0,0.26010230690738356,Low
Y02674,No Data,0.0,0.0,0.0,488.0,0.0,Low
Y02684,Engage Health Systems Limited,21.0,11.0,10.0,3642.0,0.2620937546802456,Low
Y02686,CONTINUUM HEALTH LIMITED,2678.0,1616.0,1062.0,9132.0,13.32974953211484,High
Y02701,No Data,0.0,0.0,0.0,8126.0,0.0,Low
Y02713,PATCHS HEALTH LIMITED,1647.0,1027.0,620.0,4462.0,16.778044904445622,High
Y02718,"ACCURX LIMITED, PATCHS HEALTH LIMITED",123.0,60.0,63.0,4758.0,1.1750544537429783,Low
Y02720,"ACCURX LIMITED, PATCHS HEALTH LIMITED",230.0,85.0,145.0,4773.0,2.1903510275603297,Mid
Y02721,"ACCURX LIMITED, PATCHS HEALTH LIMITED",163.0,66.0,97.0,5243.0,1.4131395973852585,Low
Y02736,ACCURX LIMITED,1657.0,1326.0,331.0,7217.0,10.43621751672188,High
Y02751,"CONTINUUM HEALTH LIMITED, SILICON PRACTICE LTD",1611.0,3.0,1.0,11034.0,6.636511938306392,Mid
Y02753,ACCURX LIMITED,156.0,106.0,50.0,6459.0,1.0978338892876747,Low
Y02755,ACCURX LIMITED,1178.0,614.0,564.0,9442.0,5.6709865013190575,Mid
Y02757,ACCURX LIMITED,3486.0,2847.0,639.0,13486.0,11.74955846467043,High
Y02767,"ACCURX LIMITED, PATCHS HEALTH LIMITED",466.0,229.0,237.0,6854.0,3.090431599331512,Mid
Y02769,ACCURX LIMITED,2389.0,1798.0,591.0,8034.0,13.516418856224682,High
Y02794,ACCURX LIMITED,45.0,24.0,21.0,12361.0,0.16547646189260945,Low
Y02795,"ACCURX LIMITED, PATCHS HEALTH LIMITED",130.0,88.0,42.0,5393.0,1.0956964415150952,Low
Y02827,ACCURX LIMITED,308.0,229.0,79.0,4913.0,2.8495827396702627,Mid
Y02842,PATCHS HEALTH LIMITED,47.0,33.0,14.0,9197.0,0.2322891852086154,Low
Y02847,TPP,1935.0,1781.0,154.0,10909.0,8.0625671880599,Mid
Y02849,ACCURX LIMITED,2569.0,1730.0,839.0,15736.0,7.420737625363959,Mid
Y02867,ACCURX LIMITED,60.0,31.0,29.0,4743.0,0.5750100626760969,Low
Y02873,No data,0.0,0.0,0.0,90.0,0.0,Low
Y02875,"ACCURX LIMITED, PATCHS HEALTH LIMITED",1413.0,1040.0,373.0,4875.0,13.174825174825175,High
Y02885,ACCURX LIMITED,951.0,770.0,181.0,4428.0,9.762256713476226,Mid
Y02886,ACCURX LIMITED,158.0,96.0,62.0,4672.0,1.5372042341220427,Low
Y02890,ACCURX LIMITED,115.0,75.0,40.0,6303.0,0.8293309102447608,Low
Y02893,ACCURX LIMITED,2031.0,553.0,1478.0,22459.0,4.110520584985165,Mid
Y02900,ACCURX LIMITED,5568.0,4511.0,1057.0,22158.0,11.42210078034611,High
Y02933,ACCURX LIMITED,456.0,330.0,126.0,8873.0,2.335993770683278,Mid
Y02936,PATCHS HEALTH LIMITED,913.0,599.0,314.0,3486.0,11.904761904761905,High
Y02960,PATCHS HEALTH LIMITED,1843.0,1398.0,445.0,6329.0,13.236329163015846,High
Y02986,ACCURX LIMITED,92.0,44.0,48.0,5151.0,0.8118458904714,Low
Y03023,ACCURX LIMITED,9681.0,7672.0,2009.0,32369.0,13.594657065261657,High
Y03035,"ACCURX LIMITED, Engage Health Systems Limited",7536.0,5611.0,1925.0,21207.0,16.15247109659332,High
Y03049,ACCURX LIMITED,4731.0,3600.0,1131.0,17726.0,12.131640220323511,High
Y03052,ACCURX LIMITED,3670.0,2093.0,1577.0,14933.0,11.17110974473862,High
Y03063,ACCURX LIMITED,695.0,350.0,345.0,7747.0,4.077824847154911,Mid
Y03103,No Data,0.0,0.0,0.0,292.0,0.0,Low
Y03124,TPP,1805.0,1642.0,163.0,5484.0,14.960877925866987,High
Y03222,TPP,3.0,2.0,1.0,6882.0,0.019814535943568204,Low
Y03303,No data,0.0,0.0,0.0,2.0,0.0,Low
Y03402,ACCURX LIMITED,5478.0,4132.0,1346.0,18097.0,13.759186605514726,High
Y03584,No data,0.0,0.0,0.0,86.0,0.0,Low
Y03595,TPP,269.0,164.0,105.0,6896.0,1.7730963931659987,Low
Y03602,ACCURX LIMITED,126.0,77.0,49.0,6246.0,0.9169504846738277,Low
Y03663,PATCHS HEALTH LIMITED,1660.0,1371.0,289.0,9191.0,8.20961217000821,Mid
Y03664,PATCHS HEALTH LIMITED,1794.0,1328.0,466.0,7884.0,10.343157603431576,High
Y04225,No data,0.0,0.0,0.0,1183.0,0.0,Low
Y04266,PATCHS HEALTH LIMITED,154.0,74.0,80.0,3916.0,1.7875383043922368,Low
Y04662,ACCURX LIMITED,920.0,635.0,285.0,6481.0,6.45242737512449,Mid
Y04809,ACCURX LIMITED,38.0,19.0,19.0,2705.0,0.6385481431692153,Low
Y04882,RAPID HEALTH,947.0,774.0,173.0,4124.0,10.437792081827,High
Y04884,"ACCURX LIMITED, RAPID HEALTH",814.0,660.0,154.0,3268.0,11.321909424724602,High
Y04925,TPP,1200.0,846.0,354.0,8320.0,6.555944055944056,Mid
Y04957,TPP,12328.0,9525.0,2803.0,32865.0,17.050468168679032,High
Y04965,ACCURX LIMITED,1529.0,1159.0,370.0,21530.0,3.228053878309336,Mid
Y04969,RAPID HEALTH,1110.0,908.0,202.0,4838.0,10.428802284941185,High
Y04977,"ACCURX LIMITED, SILICON PRACTICE LTD",51.0,12.0,16.0,5573.0,0.4159665921733031,Low
Y04995,CONTINUUM HEALTH LIMITED,6306.0,5603.0,703.0,18792.0,15.25310577034715,High
Y05080,"ACCURX LIMITED, PATCHS HEALTH LIMITED",11.0,9.0,2.0,3046.0,0.16414970453053182,Low
Y05212,CONTINUUM HEALTH LIMITED,1445.0,845.0,600.0,6075.0,10.811821922933033,High
Y05248,ACCURX LIMITED,351.0,258.0,93.0,3381.0,4.7188836008711785,Mid
Y05317,ACCURX LIMITED,1685.0,1337.0,348.0,7252.0,10.561349847064132,High
Y05318,ACCURX LIMITED,1417.0,916.0,501.0,5549.0,11.607333016595947,High
Y05349,CONTINUUM HEALTH LIMITED,989.0,859.0,130.0,5766.0,7.796487244978399,Mid
Y05363,ACCURX LIMITED,67.0,32.0,35.0,3226.0,0.9440342670348869,Low
Y05364,ACCURX LIMITED,321.0,180.0,141.0,3719.0,3.9233420518712263,Mid
Y05733,No Data,0.0,0.0,0.0,5974.0,0.0,Low
Y05750,No data,0.0,0.0,0.0,124.0,0.0,Low
Y05826,ACCURX LIMITED,1677.0,1408.0,269.0,6581.0,11.582931579892529,High
Y05857,No Data,0.0,0.0,0.0,139.0,0.0,Low
Y06007,ACCURX LIMITED,813.0,495.0,318.0,8610.0,4.292049414000633,Mid
Y06095,No data,0.0,0.0,0.0,19.0,0.0,Low
Y06113,ACCURX LIMITED,3.0,1.0,2.0,458.0,0.29773719730051607,Low
Y06218,RAPID HEALTH,2121.0,1910.0,211.0,9732.0,9.906400627732317,Mid
Y06275,TPP,17.0,14.0,3.0,6324.0,0.1221896383186706,Low
Y06345,ACCURX LIMITED,4.0,2.0,2.0,1463.0,0.12427763623935874,Low
Y06356,TPP,2184.0,1982.0,202.0,9204.0,10.785824345146379,High
Y06378,ACCURX LIMITED,79.0,47.0,32.0,6253.0,0.5742698050390358,Low
Y06389,No data,0.0,0.0,0.0,1096.0,0.0,Low
Y06443,RAPID HEALTH,2365.0,2052.0,313.0,12782.0,8.410264434360819,Mid
Y06499,No data,0.0,0.0,0.0,287.0,0.0,Low
Y06545,ACCURX LIMITED,1.0,1.0,0.0,197.0,0.2307337332718043,Low
Y06592,No Data,0.0,0.0,0.0,199.0,0.0,Low
Y06659,PATCHS HEALTH LIMITED,800.0,608.0,192.0,3281.0,11.083095508575546,High
Y06810,ACCURX LIMITED,4536.0,3639.0,897.0,16217.0,12.713930947882973,High
Y07020,No Data,0.0,0.0,0.0,251.0,0.0,Low
Y07025,CONTINUUM HEALTH LIMITED,2563.0,1755.0,808.0,8056.0,14.461271102284012,High
Y07040,No data,0.0,0.0,0.0,112.0,0.0,Low
Y07057,CONTINUUM HEALTH LIMITED,4158.0,2841.0,1317.0,12037.0,15.701586774113151,High
Y07059,ACCURX LIMITED,8196.0,5496.0,2700.0,19219.0,19.384226783154926,High
Y07060,ACCURX LIMITED,5141.0,3787.0,1354.0,23735.0,9.84545263036942,Mid
Y07275,PATCHS HEALTH LIMITED,39.0,20.0,19.0,2839.0,0.6244196099779052,Low
Y07697,No Data,0.0,0.0,0.0,142.0,0.0,Low
Y07819,No data,0.0,0.0,0.0,40.0,0.0,Low
Y08371,Klinik Healthcare Solutions UK Ltd,2181.0,1028.0,1153.0,4911.0,20.18659410229355,High
Y08411,ACCURX LIMITED,1.0,1.0,0.0,321.0,0.14160294534126308,Low
