Practice_Code,Practice_Name,IMD_2025_Score,IMD_2025_Quintile
A81001,The Densham Surgery,33.52,5
A81002,Queens Park Medical Centre,31.29,4
A81004,Acklam Medical Centre,24.56,3
A81005,Springwood Surgery,16.45,2
A81006,Tennant Street Medical Practice,34.17,5
A81007,Bankhouse Surgery,39.27,5
A81009,Village Medical Centre,37.66,5
A81011,Chadwick Practice,39.26,5
A81012,Westbourne Medical Centre,52.82,5
A81013,Brotton Surgery,33.11,4
A81014,Queenstree Practice,24.61,3
A81016,Park Surgery,48.45,5
A81017,Woodbridge Practice,18.09,2
A81018,Bentley Medical Practice,30.83,4
A81019,Crossfell Health Centre,52.4,5
A81020,Martonside Medical Centre,34.04,5
A81021,Normanby Medical Centre,37.74,5
A81022,Hillside Practice,30.91,4
A81023,The Endeavour Practice,49.49,5
A81025,The Dovecot Surgery,35.48,5
A81026,Linthorpe Surgery,45.89,5
A81027,Yarm Medical Practice,9.34,1
A81029,Prospect Surgery,51.9,5
A81030,Borough Road & Nunthorpe Medical Group,27.62,4
A81031,Havelock Grange Practice,41.82,5
A81032,The Garth,19.97,3
A81034,Thornaby & Barwick Medical Group,19.84,3
A81035,Newlands Medical Centre,45.84,5
A81036,Norton Medical Centre,28.16,4
A81037,The Erimus Practice,48.37,5
A81038,Hirsel Medical Centre,48.02,5
A81039,Eaglescliffe Medical Practice,9.7,1
A81040,Marsh House Medical Practice,24.82,3
A81041,Hart Medical Practice,36.94,5
A81042,South Grange Medical Group Practice,45.96,5
A81044,Mckenzie House Surgery,38.44,5
A81045,The Coatham Road Surgery,32.09,4
A81046,Woodlands Family Medical Centre,31.48,4
A81048,Zetland Medical Practice,16.79,2
A81049,Kings Medical Centre,49.63,5
A81051,Cambridge Medical Group,30.96,4
A81052,The Green House Surgery,27.36,4
A81053,Woodside Surgery,38.76,5
A81054,The Saltscar Surgery,29.99,4
A81056,Melrose Surgery,25.01,4
A81057,Kingsway Medical Centre,27.31,4
A81058,Coulby Medical Practice,28.12,4
A81060,West Quay Medical Practice,36.76,5
A81063,The Headland Medical Centre,40.06,5
A81064,The Discovery Practice,50.02,5
A81066,Park Lane Surgery,17.56,2
A81067,Alma Medical Centre,39.07,5
A81070,Mckenzie Group Practice,33.15,4
A81602,Dr Rasool,22.05,3
A81608,Elm Tree Surgery,44.95,5
A81610,The Roseberry Practice,24.23,3
A81611,Parkway Medical Centre,26.45,4
A81612,The Patel Practice,24.26,3
A81618,Huntcliff Surgery,20.66,3
A81621,Thorntree Surgery,65.45,5
A81622,Gladstone House Surgery,45.48,5
A81629,Riverside Medical Practice,41.24,5
A81631,West View Millenium Surgery A,37.63,5
A82003,Ulverston Medical Practice,13.75,2
A82004,Alston Medical Practice,23.34,3
A82005,Ambleside Health Centre,15.26,2
A82006,Appleby Medical Practice,18.93,3
A82007,Duke Street Surgery,31.04,4
A82008,Norwood Medical Centre,28.47,4
A82009,Bridgegate Medical Centre,28.12,4
A82010,Abbey Road Surgery,22.0,3
A82012,Brampton Medical Practice,16.18,2
A82013,Upper Eden Medical Practice,20.79,3
A82014,Caldbeck Surgery,18.07,2
A82015,Carlisle Central Practice,28.02,4
A82016,Carlisle Healthcare,22.72,3
A82018,Spencer St Surgery,23.76,3
A82020,Eden Medical Group,24.47,3
A82021,Castlegate And Derwent Surgery,13.26,2
A82022,Dalston Medical Group,13.59,2
A82023,Distington Surgery,22.05,3
A82024,Seascale Health Centre,17.53,2
A82025,Captain French Surgery,13.28,2
A82026,The James Cochrane Pract.,11.24,1
A82027,Station House Surgery,12.21,1
A82028,Castlehead Medical Centre,13.52,2
A82029,The Croft Surgery,17.63,2
A82030,Lunesdale Surgery,11.23,1
A82031,Shap Medical Practice,19.59,3
A82032,Maryport Health Services,33.41,5
A82033,Waterloo House Surgery,26.01,4
A82035,Birbeck Medical Group,14.64,2
A82036,The Lakes Medical Practice,14.52,2
A82037,Silloth Group Medical Practice,25.1,4
A82038,Temple Sowerby Medical Practice,16.77,2
A82039,Dalton Surgery,17.86,2
A82041,Lowther Medical Centre,26.7,4
A82044,Fellview Healthcare,27.12,4
A82045,Wigton Group Medical Practice,22.17,3
A82046,Windermere Health Centre,12.64,1
A82047,James Street Group Pract,31.6,4
A82053,Nutwood Medical Practice,11.69,1
A82055,Aspatria Medical Group,25.2,4
A82062,Atkinson Health Centre,33.24,4
A82064,Westcroft House Surgery,24.23,3
A82068,Ulverston Community Health Centre,14.6,2
A82070,St. Mary'S Surgery,12.29,1
A82071,Burnett Edgar Medical Ctr,23.75,3
A82072,Risedale Surgery,31.27,4
A82075,Mansion House Surgery,27.93,4
A82608,Sedbergh Medical Practice,13.53,2
A82613,Wraysdale House Surgery,16.77,2
A82617,Kirkoswald Surgery,15.28,2
A82620,Glenridding Health Centre,16.43,2
A82629,The Family Practice,33.07,4
A82631,Court Thorn Surgery,14.7,2
A82646,Longtown Medical Centre,31.2,4
A82647,Cartmel Surgery,12.79,1
A82650,Haverthwaite Surgery,15.99,2
A82651,Duddon Valley Medical Practice,16.85,2
A82654,Warwick Square Group Practice,24.93,4
A83001,St Andrew'S Medical Practice,25.34,4
A83003,Willington Medical Group,36.13,5
A83005,Whinfield Medical Practice,24.97,4
A83006,Orchard Court Surgery,26.16,4
A83007,Blackhall And Peterlee Practice,40.83,5
A83008,Hallgarth Surgery,45.45,5
A83009,Bridge End Surgery,22.0,3
A83010,Moorlands Surgery,22.25,3
A83011,Claypath & University Medical Group,10.29,1
A83012,William Brown Centre,40.15,5
A83013,Neasham Road Surgery,34.62,5
A83014,Belmont & Sherburn Medical Group,21.48,3
A83015,Station View Medical Centre,35.0,5
A83016,Tanfield View Medical Group,36.52,5
A83018,Consett Medical Centre,25.15,4
A83020,North House Surgery,31.29,4
A83021,Auckland Medical Group,35.64,5
A83022,The Medical Group,27.99,4
A83023,Stanley Medical Group,37.67,5
A83024,West Rainton Surgery,27.07,4
A83025,Bishopgate Medical Centre,38.81,5
A83026,Sacriston Medical Centre,26.01,4
A83027,Coxhoe Medical Practice,20.97,3
A83028,Middle Chare Medical Group,21.64,3
A83029,Great Lumley Surgery,18.86,3
A83030,Dunelm Medical Practice,21.48,3
A83031,Carmel Medical Practice,15.31,2
A83032,Woodview Medical Practice,29.94,4
A83033,Pelton & Fellrose Medical Group,25.95,4
A83034,Blacketts Medical Practice,28.26,4
A83035,The Weardale Practice,23.03,3
A83036,Chastleton Medical Group,8.81,1
A83037,Bewick Crescent Surgery,28.19,4
A83038,Cedars Medical Group,19.23,3
A83040,Clifton Court Medical Practice,33.66,5
A83041,Murton Medical Centre,35.62,5
A83043,Old Forge Surgery,23.24,3
A83044,The Horden Group Practice,43.88,5
A83045,Ferryhill And Chilton Medical Practice,42.69,5
A83046,Barnard Castle Surgery,17.14,2
A83047,Denmark Street Surgery,31.34,4
A83048,Rockliffe Court Surgery,13.44,2
A83049,Queens Road Surgery,22.52,3
A83050,Cestria Health Centre,20.76,3
A83051,Marlborough Surgery,31.73,4
A83052,Bishops Close Medical Practice,26.66,4
A83054,Skerne Medical Group,21.25,3
A83055,Cheveley Park Medical Ctr,13.84,2
A83057,East Durham Medical Group,39.84,5
A83060,Pinfold Medical Practice,28.12,4
A83061,Gainford Surgery,16.9,2
A83066,Jubilee Medical Group,34.69,5
A83070,Middleton And Dinsdale Medical Practice,15.73,2
A83071,The New Seaham Medical Group,30.81,4
A83072,Lanchester Medical Centre,17.45,2
A83073,Drs Lambert & Ng,38.26,5
A83074,Pease Way Medical Centre,33.51,5
A83075,Byron Medical Practice,33.09,4
A83610,Wingate Medical Practice Intrahealth,34.94,5
A83616,Bevan Medical Group,39.98,5
A83617,Browney House Surgery,24.98,4
A83618,Oakfields Health Group,27.27,4
A83619,Southdene Medical Centre,40.04,5
A83622,The Haven Surgery,32.45,4
A83626,Evenwood Medical Practice,39.18,5
A83627,Silverdale Family Practice,34.94,5
A83634,West Cornforth Medical Centre,43.25,5
A83635,Bowburn Medical Centre,22.58,3
A83636,Leadgate Surgery,29.31,4
A83637,Villages Medical Group,33.98,5
A83641,Parkgate Surgery,38.17,5
A83644,Annfield Plain Surgery,38.69,5
A84002,The Rothbury Practice,16.06,2
A84005,Bedlingtonshire Med.Group,23.01,3
A84006,Alnwick Medical Group,16.23,2
A84007,Ponteland Medical Group,8.11,1
A84008,Belford Medical Practice,20.81,3
A84009,Railway Medical Group,34.28,5
A84011,White Medical Group,8.23,1
A84013,The Gables Medical Group,31.5,4
A84014,Marine Medical Group,32.24,4
A84016,Prudhoe Medical Group,14.93,2
A84018,Corbridge Health Centre,11.88,1
A84020,Guidepost Medical Group,26.79,4
A84022,Coquet Medical Group,23.98,3
A84024,Burn Brae Medical Group,13.97,2
A84025,Cramlington Medical Group,22.05,3
A84026,Well Close Medical Group,23.03,3
A84027,Bellingham Practice,23.59,3
A84028,Seaton Park Medical Group,33.74,5
A84029,Northumberland Health,18.96,3
A84030,Village Medical Group,19.58,3
A84031,Greystoke Surgery,13.7,2
A84033,The Sele Medical Practice,14.2,2
A84034,Haltwhistle Medical Group,23.02,3
A84035,Riversdale Surgery,14.31,2
A84036,Valens Medical Partnership,26.77,4
A84037,Netherfield House,23.43,3
A84038,Forum Family Practice,18.49,3
A84039,Gas House Lane Surgery,13.62,2
A84040,Humshaugh & Wark Med Grp,19.62,3
A84042,Scots Gap Medical Group,17.91,2
A84044,Union Brae & Norham Prac,23.13,3
A84045,Haydon Bridge & Allendale Medical Pract,20.38,3
A84047,Branch End Surgery,11.37,1
A84604,Wooler Health,21.77,3
A84614,The Adderlane Surgery,18.58,3
A84619,Elsdon Avenue Surgery,19.76,3
A85001,Fell Tower Medical Centre,20.14,3
A85002,Bensham Family Practice,32.77,4
A85004,Longrigg Medical Centre,31.31,4
A85005,Oxford Tce & Rawling Rd Medical Group,36.62,5
A85006,Glenpark & Teams Medical Services,27.65,4
A85007,Fell Cottage Surgery,20.02,3
A85008,Birtley Medical Group,24.58,3
A85009,Crowhall Medical Centre,37.88,5
A85010,Chainbridge Medical Partnership,21.21,3
A85011,St. Albans Medical Group,37.95,5
A85013,Millennium Family Practice,35.31,5
A85014,Crawcrook Medical Centre,19.62,3
A85016,Wrekenton Medical Group,36.37,5
A85017,Bewick Road Surgery,42.84,5
A85018,Oldwell Surgery,26.14,4
A85019,Central Gateshead Medical Group,38.05,5
A85020,Whickham Cottage Medical Centre,14.05,2
A85021,Second Street Surgery,40.22,5
A85024,Chopwell Primary Healthcare Centre,39.81,5
A85026,Beacon View Medical Centre,32.92,4
A85611,Pelaw Medical Practice,22.9,3
A85614,The Bridges Medical Practice,34.01,5
A85616,Hollyhurst Medical Centre,20.7,3
A85617,Sunniside Surgery,16.1,2
A86003,Saville Medical Group,27.15,4
A86004,Prospect Medical Centre,44.24,5
A86005,West Farm Surgery,22.34,3
A86006,Roseworth Surgery,11.26,1
A86008,Park Medical Group,19.64,3
A86010,Biddlestone Health Group,18.1,2
A86011,Walker Medical Group,50.04,5
A86012,West Road Medical Centre,42.96,5
A86013,Denton Park Medical Group,33.64,5
A86016,Lane End Surgery,13.46,2
A86017,Cruddas Park Surgery,45.73,5
A86018,The Grove Medical Group,10.18,1
A86020,Jesmond Health Partnership,10.63,1
A86021,Holmside Medical Group,37.03,5
A86022,Parkway Medical Group,18.38,2
A86023,Benfield Park Medical Group,32.21,4
A86024,Heaton Road Surgery,39.53,5
A86025,Westerhope Medical Group,36.6,5
A86026,Throckley Primary Care Centre,26.38,4
A86027,Newcastle Medical Centre,23.64,3
A86028,Regent Medical Centre,14.94,2
A86029,Thornfield Medical Group,34.65,5
A86030,Betts Avenue Medical Group,38.41,5
A86031,Fenham Hall Surgery,34.52,5
A86033,Brunton Park,5.23,1
A86037,Elswick Family Practice,51.56,5
A86038,Newburn Surgery,30.42,4
A86040,St. Anthony'S Health Centre,57.12,5
A86041,Swarland Avenue Surgery,13.44,2
A86601,Denton Turret Medical Centre,29.97,4
A87002,Spring Terrace Health Centre,20.85,3
A87004,Collingwood Health Group,26.23,4
A87005,Whitley Bay Health Centre,12.36,1
A87007,Stephenson Park Health Group,21.36,3
A87008,Marine Avenue Medical Ctr,9.38,1
A87009,Priory Medical Group,20.9,3
A87011,Beaumont Park Surgery,7.62,1
A87012,Wideopen Medical Centre,21.8,3
A87013,Bewicke Medical Centre,32.76,4
A87016,The Village Green Surgery,27.43,4
A87017,Woodlands Park Health Ctr,14.15,2
A87020,Bridge And Monkseaton Medical Practice,11.46,1
A87022,Northumberland Park Medical Group,16.94,2
A87029,Hadrian Health Centre,29.35,4
A87030,Redburn Park Medical Centre,43.53,5
A87612,Wellspring Medical Pract.,16.49,2
A87615,Mallard Medical Practice,17.26,2
A88001,Victoria Medical Centre,26.27,4
A88002,Farnham Medical Ctr.,36.63,5
A88003,Marsden Medical Group,31.67,4
A88004,Mayfield Medical Group,31.63,4
A88005,Wenlock Road Surgery,39.94,5
A88006,Talbot Medical Centre,38.93,5
A88008,Trinity Medical Centre,39.79,5
A88009,Dr Thorniley-Walker & Partners,20.31,3
A88010,Albert Road Surgery,32.04,4
A88012,Ellison View Surgery,26.47,4
A88013,Central Surgery,31.96,4
A88014,West View Surgery,40.63,5
A88015,St George & Riverside Medical Practice,39.73,5
A88016,Colliery Court Medical Group,19.66,3
A88022,The Glen Medical Group,25.66,4
A88023,Whitburn Surgery,17.8,2
A88025,The G.P.Suite,34.05,5
A88601,Imeary Medical Group,32.67,4
A88608,Ravensworth Surgery,33.83,5
A88613,East Wing Practice,34.65,5
A89001,Deerness Park Medical Group,42.84,5
A89002,Riverview Surgery,47.74,5
A89004,Hetton Group Practice,36.62,5
A89005,Villette Surgery,37.33,5
A89006,Wearside Medical Practice - Pallion,38.69,5
A89007,Pallion Family Practice,35.08,5
A89008,Red House Medical Centre,45.19,5
A89009,Herrington Medical Centre,24.47,3
A89010,The Stephenson Medical Practice,29.46,4
A89011,Village Surgery Partnership,26.88,4
A89012,Galleries Medical Practice,29.28,4
A89013,The New City Medical Group,44.16,5
A89015,"Fulwell Medical Centre,",13.82,2
A89016,St Bede Medical Centre,29.42,4
A89017,Millfield Medical Group,38.12,5
A89018,Ashburn Medical Centre,41.37,5
A89019,Bridge View Medical Group,48.09,5
A89020,Forge Medical Practice,37.2,5
A89021,Kepier Medical Practice,27.98,4
A89022,Concord Medical Practice,29.25,4
A89023,"Houghton Medical Group,",28.85,4
A89024,The Broadway Medical Practice,35.31,5
A89025,Sunderland Gp Alliance Medical Practice,30.92,4
A89026,New Washington Medical Group,31.19,4
A89027,Springwell Medical Group,38.01,5
A89028,Grangewood Surgery,23.07,3
A89030,Westbourne Medical Group,28.19,4
A89031,Hylton Medical Group,37.43,5
A89032,New Silksworth Medical Practice,26.08,4
A89034,Park Lane Practice,33.97,5
A89035,Southlands Medical Group,26.4,4
A89036,Castletown Medical Centre,38.76,5
A89040,Monkwearmouth Health Centre,32.93,4
A89041,Happy House Surgery,38.23,5
A89614,Sunderland Gp Alliance South Hylton Surg,35.99,5
A89616,Rickleton Medical Centre,20.67,3
A89617,I J Healthcare,28.31,4
A89623,Chester Surgery,33.72,5
B81003,Beacon Medical,24.69,3
B81004,"Eastgate Medical Group, Hornsea",21.08,3
B81005,The Central Surgery Barton,17.21,2
B81006,Humber Primary Care,33.35,4
B81007,Winterton Medical Practice,18.59,3
B81008,Hull Family Practice,37.66,5
B81009,Market Weighton Group Practice,11.12,1
B81011,Kingston Health (Hull),33.68,5
B81012,Dr Ap Kumar,43.22,5
B81013,Montague Medical Practice,25.83,4
B81015,Clee Medical Centre,33.47,5
B81016,Pelham Medical Group,37.76,5
B81017,The Quays Medical Practice,47.73,5
B81018,Orchard 2000 Group,47.46,5
B81020,The Sutton Manor Surgery,28.78,4
B81022,Cambridge Avenue & Messingham Mc,19.0,3
B81024,Willerby And Swanland Surgery,5.67,1
B81025,Holderness Health,21.61,3
B81026,Ancora Medical Practice,30.82,4
B81027,St Andrews Surgery,43.56,5
B81029,The Snaith And Rawcliffe Medical Group,12.84,1
B81030,Slc Medical Group,19.67,3
B81031,Woodfield Medical,26.83,4
B81032,Wilberforce Surgery,44.88,5
B81034,Leven & Beeford Medical Practice,14.83,2
B81035,The Avenues Medical Centre,22.57,3
B81036,Pocklington Group Practice,10.29,1
B81037,The Park Surgery,14.45,2
B81038,The Oaks Medical Centre,31.66,4
B81039,The Roxton Practice,31.2,4
B81040,Marfleet Group Practice,49.3,5
B81041,Gilberdyke Health Centre,12.59,1
B81042,Manor Road Surgery,11.12,1
B81043,South Axholme Practice,14.48,2
B81045,Ashby Turn Primary Care Partners,27.19,4
B81046,The Bridge Group Practice,47.53,5
B81047,Wolseley Medical Centre,42.29,5
B81048,Modality Partnership (Hull),30.45,4
B81051,Old Fire Station Surgery,10.59,1
B81054,Clifton House Medical Centre,39.99,5
B81061,The Ridings Medical Group,9.28,1
B81063,Bridge Street Surgery,18.05,2
B81064,Church Lane Medical Centre,26.87,4
B81068,Bartholomew Medical Group,24.01,3
B81069,Drs Reddy And Nunn,33.86,5
B81074,City Health Practice Ltd,36.26,5
B81075,Hastings Medical Centre,24.77,3
B81082,North Beverley Medical Centre,8.23,1
B81085,Haxby Group Hull,30.2,4
B81087,Birkwood Medical Centre,31.39,4
B81088,Howden Medical Practice,11.82,1
B81090,The Oswald Road Medical Surgery,31.53,4
B81091,Littlefield Surgery,25.98,4
B81092,"The Medical Centre, Driffield",15.18,2
B81097,Delta Healthcare,35.15,5
B81099,The Kirton Lindsey And Scotter Surgery,17.21,2
B81100,Dr Ac Milner,9.94,1
B81101,Greengates Medical Group,12.24,1
B81104,Campus Health Centre,24.18,3
B81108,Dr A Sinha,26.32,4
B81109,Riverside Surgery,20.49,3
B81112,James Alexander Family Practice,39.36,5
B81113,Cedar Medical Practice,28.35,4
B81118,West Common Lane Teaching Practice,33.73,5
B81119,Goodheart Surgery,43.35,5
B81606,Stirling Medical Centre (Mathews),44.91,5
B81616,Dr Gt Hendow'S Practice,34.96,5
B81617,Cherry Tree Medical Practice,35.85,5
B81619,Park View Surgery,13.6,2
B81628,Barnetby Medical Centre,18.7,3
B81631,Drs Raut And Thoufeeq,38.95,5
B81635,Laurbel Surgery,17.05,2
B81642,Dr Oz Qureshi,19.28,3
B81645,East Park Practice,35.18,5
B81647,West Town Surgery,17.16,2
B81648,The Killingholme Surgery,25.6,4
B81653,King Street Medical Centre,12.1,1
B81655,Greenlands Surgery,29.09,4
B81656,Raj Medical Centre,45.2,5
B81663,Core Care Family Practice,30.2,4
B81665,Healing Partnership,13.01,1
B81666,Dr Mitchell,4.74,1
B81697,Dr P Suresh Babu,34.43,5
B82002,Millfield Surgery,11.01,1
B82004,Nidderdale Group Practice,13.99,2
B82005,Priory Medical Group,14.13,2
B82007,Townhead Surgery,12.82,1
B82008,North House Surgery,12.8,1
B82010,Ripon Spa Surgery,12.79,1
B82011,Sherburn Surgery,21.72,3
B82012,The Leeds Road Practice,6.32,1
B82013,Moss Healthcare Harrogate,11.59,1
B82014,Kingswood Surgery,10.47,1
B82016,Strayside Health,11.23,1
B82017,Whitby Group Practice,24.72,3
B82018,Escrick Surgery,10.14,1
B82019,Topcliffe Surgery,13.62,2
B82021,Dalton Terrace Surgery,11.16,1
B82022,Great Ayton Surgery,12.94,1
B82023,Catterick Village Surgery,18.08,2
B82024,Eastfield Medical Centre,34.5,5
B82025,Derwent Practice,16.87,2
B82026,Haxby Group Practice,10.29,1
B82027,The Spa Surgery,10.86,1
B82029,Doctors Lane Surgery,16.67,2
B82030,Masham & Kirkby Malzeard Surgery,15.95,2
B82031,Sherburn Group Practice,9.7,1
B82032,Church Lane Surgery,12.69,1
B82033,Pickering Medical Practice,14.41,2
B82034,Quakers Lane Surgery,13.51,2
B82035,Scorton Medical Centre,13.93,2
B82036,Park Street,12.86,1
B82037,Filey Surgery,23.32,3
B82038,Haxby Group Scarborough,32.55,4
B82041,Beech Tree Surgery,12.92,1
B82042,Lambert Medical Centre,14.52,2
B82044,Stokesley Surgery,14.59,2
B82045,Central Dales Practice,18.29,2
B82046,Staithes Surgery,32.17,4
B82047,Unity Health,8.57,1
B82049,Thirsk Doctors Surgery,14.23,2
B82050,Mowbray House Surgery,15.38,2
B82053,Dyneley House Surgery,13.67,2
B82054,Scarborough Medical Group,22.82,3
B82057,Springbank Surgery,11.02,1
B82059,Church Avenue Medical Group,12.16,1
B82060,Eastgate Medical Group,11.69,1
B82061,Bentham Medical Practice,13.93,2
B82063,Ayton And Snainton Medical Practice,14.96,2
B82064,Tollerton Surgery,9.06,1
B82066,Glebe House Surgery,12.82,1
B82067,Stockwell Road Surgery,10.14,1
B82068,Helmsley Surgery,15.65,2
B82069,Beech House Surgery,10.02,1
B82071,The Old School Medical Practice,6.54,1
B82072,The Friary Surgery,13.92,2
B82073,South Milford Surgery,13.93,2
B82074,Posterngate Surgery,16.83,2
B82075,Mayford House Surgery,14.97,2
B82077,Kirkbymoorside Surgery,17.03,2
B82078,Leyburn Medical Practice,14.24,2
B82079,Stillington Surgery,12.19,1
B82080,My Health Group,8.05,1
B82081,Elvington Medical Practice,7.51,1
B82083,York Medical Group,13.65,2
B82086,Esk Valley Medical Practice,24.7,3
B82088,Brook Square Surgery,33.73,5
B82097,Scott Road Medical Centre,19.41,3
B82098,Jorvik Gillygate Practice,12.73,1
B82100,Front Street Surgery,15.05,2
B82101,Sleights And Sandsend Medical Practice,21.65,3
B82104,Harewood Medical Practice,15.69,2
B82105,Tadcaster Medical Centre,11.35,1
B82106,Hackness Road Surgery,19.33,3
B82609,Ampleforth Surgery,16.13,2
B82619,Terrington Surgery,16.34,2
B82622,Reeth Medical Centre,19.57,3
B82628,Hunmanby Surgery,21.74,3
B83002,Ilkley & Wharfedale Medical Practice,6.72,1
B83005,Thornbury Medical Practice,51.3,5
B83008,Ling House Medical Centre,45.58,5
B83009,Sunnybank & Cowgill Medical Practice,31.06,4
B83010,Parklands Medical Practice,45.39,5
B83012,Manor Medical Practice,44.13,5
B83014,Bingley Medical Practice,13.76,2
B83015,Tong Medical Practice,52.16,5
B83016,Farrow Medical Centre,53.23,5
B83018,Idle Medical Centre,23.48,3
B83019,Grange Park Surgery,6.39,1
B83020,The Willows Medical Practice,24.7,3
B83022,Baildon Medical Practice,10.75,1
B83025,Dr I M Raja & Partner,53.13,5
B83026,Primrose Surgery,58.45,5
B83028,Wibsey & Queensbury Med P,30.25,4
B83029,Low Moor Surgery,28.57,4
B83031,Oak Glen Surgery,10.7,1
B83032,Bradford Moor Practice,55.76,5
B83033,Modality Partnership (Awc),24.64,3
B83034,Grange Medical Centre,50.06,5
B83035,Horton Park Medical Practice,55.66,5
B83037,The Wilsden Medical Practice,14.44,2
B83038,Leylands Lane Medical Practice,37.98,5
B83039,The Saltaire & Windhill Medical P'Ship,22.28,3
B83041,Bowling Hall Med Practice,50.11,5
B83042,Rooley Lane Med. Centre,46.81,5
B83045,Hollyns Health & Wellbeing,37.14,5
B83051,Bradford Student Health Service,53.71,5
B83052,Kensington Partnership,53.79,5
B83055,The Ridge Medical Pract.,45.14,5
B83056,Moorside Surgery,35.37,5
B83058,The Avicenna Medical Practice,56.25,5
B83062,Ashcroft Surgery,42.69,5
B83063,Affinity Care,31.55,4
B83064,The Rockwell And Wrose Practice,32.41,4
B83067,The Springfield Surgery (Bingley),14.12,2
B83604,The Lister Surgery,51.11,5
B83611,New Otley Road Medical Practice,55.7,5
B83614,Picton Medical Centre,51.85,5
B83620,Addingham Surgery,9.03,1
B83622,Dr Ia Gilkar & Partners,53.43,5
B83624,I G Medical,8.71,1
B83626,Valley View Surgery,50.58,5
B83627,Frizinghall Medical Centre,41.49,5
B83628,Clarendon Medical Centre,54.66,5
B83629,Peel Park Surgery,46.97,5
B83641,Ashwell Medical Centre,53.51,5
B83642,The City Medical Practice,50.79,5
B83653,Dr Gilkar,55.49,5
B83657,Bevan Community Benefit Society,56.33,5
B83659,Park Grange Medical Centre,50.22,5
B83660,Bilton Medical Centre,55.27,5
B83661,Moor Park Medical Practice,51.77,5
B84001,Station Road Surgery,26.75,4
B84003,Rydings Hall Surgery,20.48,3
B84004,Hebden Bridge Group Practice,20.08,3
B84006,Todmorden Group Practice,28.35,4
B84007,Brig Royd Surgery,15.01,2
B84008,The Northolme Practice,11.62,1
B84009,Stainland Road Medical Centre,16.99,2
B84010,Keighley Road Surgery,33.78,5
B84011,Church Lane Surgery,19.75,3
B84012,Spring Hall Group Practice,37.87,5
B84013,Plane Trees Group Practice,33.99,5
B84014,Rastrick Health Centre,17.66,2
B84016,Bankfield Surgery,26.45,4
B84019,The Boulevard Medical Practice,37.03,5
B84021,King Cross Practice,32.99,4
B84612,Lister Lane Surgery,47.45,5
B84613,Beechwood Medical Centre,42.08,5
B84618,Caritas Group Practice,40.99,5
B84623,Longroyde Surgery,21.06,3
B85001,Parkview Surgery,22.75,3
B85002,Dearne Valley Health Centre,11.86,1
B85004,Calder View Surgery,40.04,5
B85005,Shepley Primary Care Limited,8.25,1
B85006,Elmwood Family Doctors,11.56,1
B85008,Batley Health Centre Surgery,34.08,5
B85009,"North Road Suite,Ravensthorpe Health Ctr",39.7,5
B85010,Dalton Surgery,27.34,4
B85012,Undercliffe Surgery,29.92,4
B85014,Brookroyd House,26.46,4
B85015,Wellington House,29.93,4
B85016,Meltham Road Surgery,37.24,5
B85018,Grove House Surgery,33.96,5
B85019,Mirfield Health Centre,14.84,2
B85020,Eightlands Surgery,38.98,5
B85021,Cleckheaton Group Practice,23.24,3
B85022,Honley Surgery,12.6,1
B85023,The Almondbury Surgery,26.08,4
B85024,The Waterloo Practice,24.9,4
B85025,Blackburn Rd.Medical Ctr.,18.23,2
B85026,Kirkburton Health Centre,9.46,1
B85027,Lindley Group Practice Ltd,15.07,2
B85028,The Grange Medical Practice,37.02,5
B85030,The Greenway Medical Practice,22.46,3
B85031,Lepton And Kirkheaton Surgeries,13.13,2
B85032,Meltham Group Practice,14.42,2
B85033,The Lindley Village Surg.,12.87,1
B85036,New Street & Netherton Group Practice,24.81,3
B85037,Newsome Surgery Limited,33.6,5
B85038,The Paddock Surgery,32.77,4
B85041,Mount Pleasant Med Centre,34.98,5
B85042,Paddock And Longwood Family Practice,30.3,4
B85044,Thornton Lodge Surgery,42.32,5
B85048,Woodhouse Hill Surgery,42.58,5
B85051,Fieldhead Surgery,20.67,3
B85054,Colne Valley Group Practice,19.6,3
B85055,Healds Road Surgery,38.9,5
B85058,Rose Medical Practice,35.85,5
B85059,Slaithwaite Health Centre,17.6,2
B85060,Greenhead Family Doctors,27.9,4
B85061,Skelmanthorpe Family Doctors,11.69,1
B85062,University Health Centre,33.34,4
B85606,Thornhill Lees Medical Centre,38.48,5
B85610,Oaklands Health Centre,11.14,1
B85611,Dr Handa & Partner,38.05,5
B85612,Liversedge Medical Centre,28.05,4
B85614,Croft Medical Centre,41.37,5
B85619,Cook Lane Surgery,33.67,5
B85620,Windsor Medical Centre,31.13,4
B85623,Marsh Surgery,27.14,4
B85634,Birkby Health Centre,34.46,5
B85636,Westbourne Surgery,20.17,3
B85640,Kirkgate Surgery,24.46,3
B85641,Lockwood Surgery,35.7,5
B85645,Savile Town Medical Ctr.,41.55,5
B85646,The Albion Mount Medical Practice,37.08,5
B85650,Dr Mahmood & Partners,51.75,5
B85652,Sidings Healthcare Centre,37.5,5
B85655,Cherry Tree Surgery,33.55,5
B85659,The Whitehouse Centre,40.76,5
B85660,The Junction Surgery,30.0,4
B86002,City View Medical Practice,47.76,5
B86003,Dr G Lees & Partners,41.31,5
B86004,Highfield Surgery,17.21,2
B86005,Dr N Dumphy & Partners,48.98,5
B86006,Oulton Medical Centre,16.78,2
B86007,Windmill Health Centre,35.87,5
B86008,Alwoodley Medical Centre,13.65,2
B86009,Manston Surgery,17.88,2
B86010,Collingham Church View Surgery,7.15,1
B86011,Hillfoot Surgery,17.3,2
B86012,Leeds City Medical Practice,45.91,5
B86013,The North Leeds Medical Practice,32.74,4
B86014,Robin Lane Health And Wellbeing Centre,18.32,2
B86015,Manor Park Surgery,32.49,4
B86016,Shaftesbury Medical Ctr.,35.8,5
B86017,Craven Road Medical Practice,15.0,2
B86018,Mulberry Street Medical Practice,16.66,2
B86019,Diamond Medical Group,18.28,2
B86020,Lofthouse Surgery,16.12,2
B86022,Oakwood Lane Medical Practice,33.84,5
B86024,Priory View Medical Centre,35.47,5
B86025,Hyde Park Surgery,24.47,3
B86028,South Queen Medical Centre,18.8,3
B86029,Westgate Surgery,11.77,1
B86030,Burton Croft Surgery,12.59,1
B86032,Chevin Medical Practice,10.37,1
B86033,Crossley Street Surgery,8.26,1
B86034,Spa Surgery,8.54,1
B86035,South Bank Surgery,38.8,5
B86036,Gibson Lane Practice,11.7,1
B86038,Guiseley And Yeadon Medical Practice,11.86,1
B86039,Allerton Medical Centre,28.16,4
B86041,Vesper Road,29.28,4
B86042,Lingwell Croft Surgery,36.11,5
B86043,East Park Medical Centre,42.9,5
B86044,"Dr S Hutchinson & Partners, Iw&H M Prac",13.12,2
B86048,Garforth Medical Centre,9.21,1
B86049,Woodhouse Medical Practice,24.3,3
B86050,West Lodge Surgery,17.14,2
B86051,Aire Valley Surgery,10.81,1
B86052,Park Road & Menston,6.18,1
B86054,The Garden Surgery,45.45,5
B86055,Ashfield Medical Centre,30.82,4
B86057,Windsor House Group Practice,14.78,2
B86059,Meanwood Health Centre,19.28,3
B86060,Thornton Medical Centre,38.27,5
B86061,Harehills Corner Surgery,53.59,5
B86062,The Medical Centre,35.2,5
B86064,Leigh View Medical Practice,17.72,2
B86066,The Street Lane Practice,8.71,1
B86067,The Dekeyser Group Practice,16.68,2
B86068,Abbey Grange Medical Practice,24.52,3
B86069,Burley Park Medical Centre,24.42,3
B86070,Aireborough Family Practice,15.03,2
B86071,Whitehall Surgery,28.87,4
B86075,Dr T P Fox & Partners,24.04,3
B86081,Bellbrooke Surgery,60.09,5
B86086,Laurel Bank Surgery,17.87,2
B86089,Nova Scotia Medical Cntr,19.98,3
B86092,Kippax Hall Surgery,17.47,2
B86093,Park Edge Practice,36.19,5
B86094,Dr S M Chen & Partner,25.76,4
B86096,Arthington Medical Centre,43.97,5
B86100,St Martins Practice,26.07,4
B86101,Gildersome Health Centre,16.31,2
B86103,Conway Medical Centre,60.19,5
B86104,Bramley Village Health & Wellbeing Ctr,37.36,5
B86106,Foundry Lane Surgery,46.58,5
B86108,Chapeltown Family Surgery,50.19,5
B86109,Kirkstall Lane Medical Centre,19.85,3
B86110,Leeds Student Medical Practice,20.41,3
B86623,Ashton View Medical Ctr,62.96,5
B86642,Dr S Hussain,38.56,5
B86643,The Roundhay Road Surgery,53.07,5
B86648,Family Doctors,11.42,1
B86655,Beech Tree Medical Centre,36.73,5
B86658,Moorfield House Surgery,16.62,2
B86666,Newton Surgery,39.11,5
B86667,Beeston Village Surgery,35.63,5
B86669,York Street Health Practice,34.59,5
B86672,Hawthorn Surgery,27.95,4
B86673,Wetherby & Bramham Surgery,10.89,1
B86675,Lincoln Green Medical Centre,44.54,5
B86678,Drighlington Medical Centre,13.09,2
B87001,Middlestown,15.4,2
B87002,Orchard Croft,18.24,2
B87003,College Lane Surgery,13.21,2
B87004,Warrengate Medical Centre,36.26,5
B87005,Riverside Medical Centre,28.62,4
B87006,Park Green Surgery,38.79,5
B87007,Northgate Surgery,25.07,4
B87008,Lupset Health Centre,32.95,4
B87009,St Thomas Road Surgery,34.58,5
B87011,Friarwood Surgery,25.04,4
B87012,Maybush Medical Centre,33.43,5
B87013,Outwood Park Medical Centre,14.46,2
B87015,Stuart Road,25.57,4
B87016,White Rose Surgery,35.25,5
B87017,Trinity Medical Centre,30.06,4
B87018,Henry Moore Clinic,33.46,5
B87019,Stanley,17.45,2
B87020,Chapelthorpe,18.1,2
B87021,Ash Grove,32.52,4
B87022,Homestead,32.93,4
B87025,Castleford Medical Practice,31.12,4
B87026,The Grange Medical Centre,39.21,5
B87027,New Southgate Surgery,19.11,3
B87028,Crofton And Sharlston Med Prac,20.1,3
B87030,Health Care First Partnership,28.51,4
B87031,Ossett Surgery,20.09,3
B87032,Station Lane,31.59,4
B87033,Newland Surgery,30.27,4
B87036,Langthwaite Surgery,35.65,5
B87039,King'S Medical Practice,24.66,3
B87042,Tieve Tara,43.18,5
B87044,Alverthorpe,26.06,4
B87602,Patience Lane Surgery,17.95,2
B87604,Eastmoor Health Centre,36.37,5
C81001,Springs Health Centre,23.1,3
C81002,The Valleys Medical Partnership,15.6,2
C81003,Sett Valley Medical Centre,15.89,2
C81004,Ivy Grove Surgery,19.01,3
C81005,Jessop Medical Practice,24.17,3
C81006,Horizon Healthcare,38.26,5
C81007,Vernon Street Medical Ctr,23.28,3
C81008,Royal Primary Care Clay Cross,29.21,4
C81009,Wilson Street Surgery,42.26,5
C81010,The Moir Medical Centre,19.51,3
C81012,The Surgery At Wheatbridge,23.95,3
C81013,Baslow Health Centre,10.08,1
C81014,Derwent Valley Medical Practice,30.32,4
C81015,Newbold Surgery,24.78,3
C81016,Peak & Dales Medical Partnership,14.2,2
C81017,Arthur Medical Centre,12.79,1
C81018,Dove River,12.31,1
C81020,Newhall Surgery,20.38,3
C81021,Old Station Surgery,30.61,4
C81022,South Street Surgery,26.89,4
C81023,The Aitune Medical Practice,18.65,3
C81025,Dronfield Medical Practice,9.83,1
C81026,Adam House Medical Centre,17.83,2
C81027,Somercotes Medical Centre,26.9,4
C81029,Staffa Health,23.64,3
C81030,Credas Medical,13.85,2
C81031,Park Surgery,22.76,3
C81032,Swadlincote Surgery,20.64,3
C81033,Shires Healthcare,35.26,5
C81034,Stewart Medical Centre,22.1,3
C81035,Village Surgery,30.19,4
C81036,Friar Gate Surgery,29.91,4
C81037,Ashbourne Medical Practice,13.23,2
C81038,Whitemoor Medical Centre,10.83,1
C81039,Eyam Surgery,12.03,1
C81040,Park Lane Surgery,6.1,1
C81041,Welbeck Road Health Centre,26.19,4
C81042,Mickleover Medical Centre,7.77,1
C81044,Whittington Moor Surgery,28.37,4
C81045,Royal Primary Care Chesterfield West,26.17,4
C81046,West Hallam Medical Ctr,13.12,2
C81047,Alvaston Medical Centre,21.62,3
C81048,Appletree Medical Practice,6.87,1
C81049,Kelvingrove Medical Centre,22.2,3
C81050,The Village Surgery,22.73,3
C81051,The Park Medical Practice,20.65,3
C81052,Royal Primary Care Brooklyn,25.87,4
C81053,Parkside Surgery,24.1,3
C81054,Hollybrook Medical Centre,23.4,3
C81055,North Wingfield Medical Centre,31.35,4
C81056,Clay Cross Medical Centre,26.54,4
C81057,Willington Surgery,9.06,1
C81058,The Brimington Surgery,24.2,3
C81059,Ripley Medical Centre,21.65,3
C81060,Woodville Surgery,20.07,3
C81061,Littlewick Medical Centre,24.23,3
C81062,Hannage Brook Medical Centre,15.02,2
C81063,Thornbrook Surgery,13.44,2
C81064,Park Farm Medical Centre,14.51,2
C81065,Buxton Medical Practice,22.41,3
C81066,Overdale Medical Practice,13.84,2
C81067,Chatsworth Road Medical Centre,11.53,1
C81068,Chapel Street Medical Centre,22.46,3
C81069,Riversdale Surgery,11.95,1
C81070,Oakhill Medical Practice,10.01,1
C81071,Osmaston Surgery,41.74,5
C81072,Lister House Surgery,39.35,5
C81073,Macklin Street Surgery,33.23,4
C81075,Henmore Health - Brailsford Surgery,10.84,1
C81080,Goyt Valley Medical Practice,12.95,1
C81081,Manor House Surgery,17.59,2
C81082,Hartington Surgery,20.36,3
C81083,West Park Surgery,17.34,2
C81084,Inspire Health - Avenue House Surgery,22.56,3
C81086,Henmore Health - Ashbourne Surgery,13.04,1
C81089,Stubley Medical Centre,9.66,1
C81091,Killamarsh Medical Practice,19.01,3
C81092,Evelyn Medical Centre,11.54,1
C81094,Crich Medical Practice,13.34,2
C81095,Emmett Carr Surgery,20.27,3
C81096,Crag'S Health Care,29.07,4
C81097,College Street Medical Practice,19.83,3
C81099,Limes Medical Centre,24.68,3
C81101,Lime Grove Medical Centre,17.04,2
C81106,Lambgates Health Centre,18.2,2
C81108,Melbourne & Chellaston Medical Practice,9.8,1
C81110,Wellbrook Medical Centre,7.66,1
C81113,Mickleover Surgery,8.14,1
C81114,Gresleydale Healthcare Centre,16.88,2
C81115,Gladstone House Surgery,26.86,4
C81118,Derby Family Medical Centre,43.15,5
C81604,Eden Surgery,23.34,3
C81611,Matlock And Ashover Practice,15.04,2
C81615,Cottage Lane Surgery,38.33,5
C81616,Peartree Medical Centre,46.06,5
C81634,Arden House Medical Practice,15.77,2
C81638,Castle Street Medical Centre,30.13,4
C81640,Simmondley Medical Practice,11.69,1
C81647,St Lawrence Road Surgery,25.05,4
C81649,Calow And Brimington Practice,23.24,3
C81652,Derwent Medical Centre,26.21,4
C81653,Brook Medical Centre,18.36,2
C81655,Family Friendly Surgery,27.68,4
C81658,Wingerworth Medical Centre,10.54,1
C81662,Barlborough Medical Practice,20.57,3
C82001,South Leicestershire Medical Group,9.05,1
C82002,Countesthorpe Health Centre,9.23,1
C82003,Greengate Medical Centre,8.51,1
C82005,Groby Road Medical Centre (Id Patchett),30.86,4
C82007,Castle Donington Surgery,10.66,1
C82008,Oakmeadow Surgery (Gj Ingrams),39.58,5
C82009,Market Harborough Med.Ctr,9.2,1
C82010,Oakham Medical Practice,9.27,1
C82011,Pinfold Medical Practice,20.58,3
C82012,Ibstock & Barlestone Surgeries,14.65,2
C82013,Bushloe Surgery,15.2,2
C82014,Castle Medical Group,11.09,1
C82016,Long Clawson Medical Practice,14.6,2
C82017,Measham Medical Unit,15.95,2
C82018,Manor Park Medical Practice,30.1,4
C82019,Sturdee Road Health And Wellbeing Centre,37.07,5
C82020,De Montfort Surgery,32.08,4
C82021,The Central Surgery,11.56,1
C82022,The Billesdon Surgery,11.1,1
C82024,Spinney Hill Medical Centre,33.68,5
C82025,The Wycliffe Medical Practice,9.64,1
C82026,Bridge Street Medical Practice,18.19,2
C82027,The Old School Surgery,13.88,2
C82028,Markfield Medical Centre,12.62,1
C82030,Downing Drive Surgery,14.38,2
C82031,Johnson Medical Practice,24.56,3
C82032,The Anstey Surgery,10.46,1
C82033,Humberstone Medical Centre (Ip Jones),28.32,4
C82034,Quorn Medical Centre,8.63,1
C82035,Park View Surgery,19.26,3
C82037,East Park Medical Centre (Rp Pandya),30.44,4
C82038,Latham House Medical Practice,15.26,2
C82039,Kingsway Surgery,13.05,1
C82040,Orchard Surgery,9.38,1
C82041,Charnwood Medical Group,15.12,2
C82042,The County Practice,11.1,1
C82043,Station View Health Centre,13.52,2
C82044,Empingham Medical Centre,9.82,1
C82045,Whitwick Road Surgery,19.45,3
C82046,Saffron Group Practice,40.82,5
C82047,Maples Family Med.Pract.,14.09,2
C82048,Rosemead Drive Surgery,10.98,1
C82050,Long Lane Surgery,19.28,3
C82051,Newbold Verdon Med.Pract.,14.5,2
C82052,Dr Am Lewis' Practice,16.47,2
C82053,Hockley Farm Med Pract (A Nana),49.45,5
C82054,The Burbage Surgery,10.09,1
C82055,The Limes Medical Centre,9.55,1
C82056,The Glenfield Surgery,9.49,1
C82059,Westcotes Gp Surgery (One),33.82,5
C82060,The Practice-Sayeed,36.5,5
C82061,Barwell & Hollycroft Medical Centres,15.5,2
C82062,Barrow Health Centre,10.3,1
C82063,East Leicester Med Pract(S Longworth),33.49,5
C82064,Forest House Surgery,13.45,2
C82066,Forest Medical Group,8.95,1
C82067,The Croft Medical Centre,9.38,1
C82068,Northfield Medical Centre,11.19,1
C82070,Woodbrook Medical Centre,18.35,2
C82071,Wigston Central Surgery,15.47,2
C82072,Broom Leys Surgery,22.08,3
C82073,Merridale Medical Centre (Rp Tew),35.72,5
C82075,Castle Mead Medical Centre,12.63,1
C82076,The Welby Practice,12.1,1
C82077,The Uppingham Surgery,11.08,1
C82078,The Jubilee Medical Practice,11.54,1
C82079,South Wigston Health Ctr.,21.37,3
C82080,Shefa Medical Practice,38.35,5
C82082,The Centre Surgery,15.67,2
C82084,Dr B Modi,29.78,4
C82086,Fosse Medical Centre (Dr H Mukadam),38.07,5
C82088,Horizon Healthcare,29.45,4
C82091,Birstall Medical Centre,31.21,4
C82092,Aylestone Health Centre,29.3,4
C82093,The Orchard Med Practice,8.56,1
C82094,Beaumont Lodge Medical Practice,36.93,5
C82095,Alpine House Surgery,11.78,1
C82096,Hugglescote Surgery,15.49,2
C82097,Charnwood Surgery,11.82,1
C82098,Hazelmere Medical Centre,11.23,1
C82099,Al-Waqas Medical Centre,34.2,5
C82100,The Hedges Medical Centre (Sa Bailey),42.28,5
C82102,Manor House Surgery,13.35,2
C82103,Dishley Grange Medical Practice,13.81,2
C82107,Cossington Park Surgery,33.8,5
C82109,Husbands Bosworth Medical Centre,13.03,1
C82111,Campus View Medical Centre,13.39,2
C82112,Severn Surgery,10.59,1
C82114,Dr U K Roy,33.39,5
C82116,Highfields Surgery (R Wadhwa),41.24,5
C82119,Narborough Road Surgery,29.78,4
C82120,Whitwick Health Centre,16.71,2
C82121,Heath Lane Surgery,18.49,3
C82124,Victoria Park Health Centre,25.3,4
C82600,The Banks Surgery,15.73,2
C82610,The Parks Medical Centre (B Hainsworth),45.94,5
C82611,The Masharani Practice,9.89,1
C82614,Spirit Primary Care Limited-Asquith,15.07,2
C82620,Dr S Shafi,32.54,4
C82624,Spirit Primary Care Ltd-Beaumont Leys,47.17,5
C82627,Silverdale Medical Centre,17.47,2
C82628,Groby Surgery,7.85,1
C82631,Enderby Medical Centre,11.03,1
C82634,Ratby Medical Centre,15.14,2
C82639,Westend Medical Practice,30.53,4
C82642,Highfields Medical Centre,35.54,5
C82643,Community Health Centre (Zs Osama),40.9,5
C82644,Dr Mk Lakhani'S Practice,15.71,2
C82649,Market Overton & Somerby Surgeries,13.75,2
C82650,Desford Medical Centre,11.94,1
C82651,Broadhurst St Med Pract (Ks Morjaria),31.45,4
C82653,Westcotes Gp Surgery (Two),36.04,5
C82656,Field Street Surgery,14.37,2
C82659,Dr R Kapur & Partners,38.0,5
C82660,St Peter'S Med Centre (Mansingh & Mehra),30.5,4
C82662,Walnut St Med Ctr,29.34,4
C82667,The Charnwood Practice,34.84,5
C82669,The Surgery @ Aylestone,29.0,4
C82670,Inclusion Healthcare,39.26,5
C82671,Brandon Surgery Dr R Kapur & Partner,33.03,4
C82676,St Elizabeth'S Medical Centre (Ja Wood),27.92,4
C82678,Thurmaston Health Centre,20.27,3
C82680,Spirit Primary Care Ltd-Rushey Mead,25.78,4
C83001,Heart Of Lincoln Health Group,26.68,4
C83002,Navenby Cliff Villages Surgery,10.06,1
C83003,Beechfield Medical Centre,19.06,3
C83004,Liquorpond Surgery,30.8,4
C83005,Spilsby Surgery,28.68,4
C83007,Lakeside Healthcare Stamford,12.24,1
C83008,Swingbridge Surgery,23.34,3
C83009,Lindum Medical Practice,35.33,5
C83010,Parkside Medical Centre,30.44,4
C83011,Millview Medical Centre,15.18,2
C83013,Ruskington Surgery,14.81,2
C83014,Boultham Park Medical Practice,32.61,4
C83015,Swineshead Surgery,22.48,3
C83018,Cleveland Surgery,38.6,5
C83019,Beacon Medical Practice,46.03,5
C83020,Caythorpe & Ancaster Medical Practice,14.29,2
C83022,Munro Medical Centre,18.4,2
C83023,Sleaford Medical Group,15.69,2
C83024,The Glenside Country Practice,15.27,2
C83025,Richmond Medical Centre,10.15,1
C83026,The Deepings Practice,10.28,1
C83027,Horncastle Medical Group,20.98,3
C83028,Holbeach Medical Centre,21.8,3
C83029,Branston & Heighington Family Practice,12.56,1
C83030,Billinghay Medical Practice,27.02,4
C83031,Nettleham Medical Practice,10.02,1
C83032,Merton Lodge Surgery,31.83,4
C83033,Hibaldstow Medical Practice,18.3,2
C83035,Hereward Medical Centre,10.67,1
C83036,Gosberton Medical Centre,19.34,3
C83037,Welton Family Health Centre,11.76,1
C83038,The Glebe Practice,13.33,2
C83039,Moulton Medical Centre,19.39,3
C83040,St. Peters Hill Surgery,20.75,3
C83041,The Woodland Medical Practice,22.83,3
C83042,Marsh Medical Practice,24.9,4
C83043,Market Rasen Surgery,19.54,3
C83044,Caskgate Street Surgery,43.02,5
C83045,Hawthorn Medical Practice,42.27,5
C83046,The Heath Surgery,12.8,1
C83048,St. Johns Medical Centre,20.98,3
C83049,Dr Sinha & Partners,26.04,4
C83051,Abbey Medical Practice,36.94,5
C83052,The Ingham Surgery,18.5,3
C83053,Colsterworth Surgery,19.8,3
C83054,Bourne Galletly Practice Team,10.86,1
C83055,Stickney Surgery,26.24,4
C83056,East Lindsey Medical Group,23.18,3
C83057,Kirton Medical Centre,24.01,3
C83058,Washingborough Surgery,10.25,1
C83059,Greyfriars Surgery,30.75,4
C83060,The Sidings Medical Practice,31.87,4
C83061,North Thoresby Surgery,15.44,2
C83062,Church Walk Surgery,16.33,2
C83063,Long Sutton Medical Ctr.,27.75,4
C83064,Marisco Medical Practice,42.75,5
C83065,Littlebury Medical Centre,21.8,3
C83067,Long Bennington Medical Centre,10.22,1
C83072,Minster Medical Practice,29.83,4
C83073,Cliff House Medical Practice,23.39,3
C83074,Willingham-By-Stow Surgery,18.37,2
C83075,Vine Street Surgery,17.26,2
C83078,Brant Road & Springcliffe Surgery,21.05,3
C83079,Glebe Park Surgery,22.38,3
C83080,The Harrowby Lane Surgery,19.52,3
C83082,Birchwood Medical Practice,25.58,4
C83083,The New Coningsby Surgery,22.64,3
C83085,James Street Family Practice,24.63,3
C83611,The Bassingham Surgery,11.88,1
C83613,Caistor Health Centre,18.26,2
C83614,Sutterton Surgery,26.15,4
C83617,Abbeyview Surgery,20.36,3
C83626,Brayford Medical Practice,25.51,4
C83634,Tasburgh Lodge Surgery,15.82,2
C83635,Woodhall Spa New Surgery,19.36,3
C83641,Trent Valley Surgery,16.83,2
C83643,Binbrook Surgery,25.31,4
C83649,Market Cross Surgery,16.3,2
C83650,The Wragby Surgery,23.98,3
C84001,Larwood Surgery,21.55,3
C84004,St Albans Medical Centre,43.39,5
C84005,Village Health Group,8.18,1
C84008,Tuxford Medical Centre,20.93,3
C84009,Barnby Gate Surgery,22.52,3
C84010,Trentside Medical Group,20.97,3
C84011,Elmswood Surgery,23.16,3
C84012,Willowbrook Medical Practice,32.57,4
C84013,Kingfisher Family Practice,19.98,3
C84014,Woodlands Medical Practice,23.78,3
C84016,Oakwood Surgery,24.47,3
C84017,Belvoir Health Group,9.89,1
C84018,The Family Medical Centre,35.51,5
C84019,Fountain Medical Centre,21.85,3
C84020,Churchside Medical Practice,28.34,4
C84021,Middleton Lodge Practice,27.31,4
C84023,The Univ Of Nottingham Health Serv,16.58,2
C84024,Newgate Medical Group,27.2,4
C84025,East Bridgford Med Centre,8.51,1
C84026,Stenhouse Medical Centre,15.25,2
C84028,The Ruddington Med Centre,7.35,1
C84029,Lombard Medical Centre,24.85,3
C84030,The Oaks Medical Centre,13.27,2
C84032,"Eastwood Primary Care Centre, Church Street Site",20.24,3
C84033,Westdale Lane Surgery,15.68,2
C84034,Churchfields Medical Practice,36.45,5
C84035,Crown House Surgery,19.71,3
C84036,Forest Medical,29.47,4
C84037,Abbey Medical Group,14.91,2
C84039,Derby Road Health Centre,20.63,3
C84042,Saxon Cross Surgery,18.02,2
C84043,Leen View Surgery,45.69,5
C84044,Deer Park Family Medical Practice,13.39,2
C84045,Collingham Medical Centre,12.58,1
C84046,Clifton Medical Practice,34.9,5
C84047,The Calverton Practice,13.97,2
C84049,Southwell Medical Centre,7.81,1
C84051,Orchard Medical Practice,22.95,3
C84053,Torkard Hill Medical Ctre,21.42,3
C84055,Highcroft Surgery,17.18,2
C84057,Pleasley Surgery,23.83,3
C84059,Sherwood Medical Partnership,22.68,3
C84060,Rivergreen Medical Centre,32.47,4
C84061,King'S Medical Centre,34.33,5
C84063,Greendale Primary Care Centre,39.28,5
C84064,Parkside Medical Centre,42.75,5
C84065,Abbey Medical Centre,15.83,2
C84066,Daybrook Medical Practice,24.32,3
C84067,Ashfield House (Annesley),20.01,3
C84069,Roundwood Surgery,25.61,4
C84072,The Wellspring Surgery,43.91,5
C84074,Family Medical Centre (Kirkby),29.27,4
C84076,Kirkby Health Centre,26.91,4
C84077,Brierley Park Medical Group,27.82,4
C84078,Hucknall Road Medical Centre,32.84,4
C84080,The Manor Surgery,12.2,1
C84081,John Ryle Medical Practice,33.87,5
C84084,Radcliffe-On-Trent. Health Centre,7.26,1
C84085,Victoria And Mapperley Practice,24.07,3
C84086,St Georges Med Practice,7.41,1
C84087,Rainworth Health Centre,23.1,3
C84090,Musters Medical Practice,6.83,1
C84091,Aspley Medical Centre,41.05,5
C84092,Bridgeway Practice,30.59,4
C84094,Riverside Health Centre,21.66,3
C84095,Oakenhall Medical Pract,22.1,3
C84101,Bawtry And Blyth Medical,16.5,2
C84105,Fairfields Practice,47.81,5
C84106,Millview Surgery,27.5,4
C84107,The Linden Medical Group,16.97,2
C84112,Bramcote Surgery,8.97,1
C84113,Major Oak Medical Practice,17.82,2
C84115,Plains View Surgery,7.93,1
C84116,Melbourne Park Medical Centre,39.7,5
C84117,Radford Medical Practice (Kaur),31.88,4
C84120,Chilwell Valley And Meadows Practice,9.46,1
C84122,Wollaton Park Medical Centre,15.96,2
C84123,Bilsthorpe Surgery,20.94,3
C84129,Rise Park Surgery,28.5,4
C84131,Newthorpe Medical Practice,18.17,2
C84136,St. Luke'S Surgery,39.33,5
C84140,Lowmoor Road Surgery,28.15,4
C84142,Selston Surgery,21.03,3
C84144,The Meadows Health Centre,30.4,4
C84150,Unity Surgery,13.71,2
C84151,The Medical Centre - Zulu Road,41.89,5
C84605,Castle Healthcare Practice,7.56,1
C84613,Jubilee Park Medical Partnership,15.23,2
C84619,Tudor House Medical Practice,30.39,4
C84621,West Bridgford Medical Centre,8.29,1
C84624,Hama Medical Centre,14.51,2
C84628,Sherwood Rise Medical Centre,38.19,5
C84629,"Health Care Complex, Kirkby",30.96,4
C84637,Sandy Lane Surgery,32.52,4
C84646,The Ivy Medical Group,6.77,1
C84654,Jacksdale Medical Centre,23.51,3
C84656,Hill View Surgery,15.82,2
C84658,Meden Medical Services,34.12,5
C84660,Hounsfield Surgery,15.55,2
C84664,Welbeck Surgery,22.21,3
C84667,Giltbrook Surgery,14.43,2
C84676,Greenfields Medical Practice,46.07,5
C84679,Acorn Medical Practice,33.2,4
C84682,Sherrington Park Medical Practice,24.16,3
C84683,The Windmill Practice,38.21,5
C84691,High Green Medical Practice,49.72,5
C84692,North Leverton Surgery,20.66,3
C84693,Bakersfield Medical Centre,21.71,3
C84694,Lime Tree Surgery,40.8,5
C84695,The Alice Medical Centre,36.62,5
C84696,West Oak Surgery,11.71,1
C84703,The Gamston Medical Ctr.,6.51,1
C84704,Jrb Healthcare Beechdale Surgery,34.64,5
C84705,Hickings Lane Medical Ctr,19.23,3
C84714,Sunrise Medical Practice,25.25,4
C85001,Goldthorpe Medical Centre Pms Practice,39.75,5
C85003,Ashville Medical Centre Pms Practice,36.91,5
C85004,Penistone Group Pms Practice,11.52,1
C85005,Royston Group Practice,29.23,4
C85006,Woodland Drive Medical Centre,24.13,3
C85007,The Dove Valley Pms Practice,36.12,5
C85008,Walderslade Surgery,26.03,4
C85009,The Kakoty Practice,39.66,5
C85010,Hill Brow Surgery Pms Practice,23.51,3
C85013,Wombwell Gms Practice,32.08,4
C85014,The Rose Tree Pms Practice,33.25,4
C85016,Garland House Surgery,31.86,4
C85017,Burleigh Medical Centre,37.18,5
C85018,Grimethorpe Surgery,39.3,5
C85019,The Grove Medical Practice,26.29,4
C85020,Huddersfield Road Surgery,22.12,3
C85022,Hoyland Medical Practice,26.83,4
C85023,Hollygreen Practice,41.83,5
C85024,High Street Practice,27.55,4
C85028,Lundwood Medical Centre Pms Practice,37.34,5
C85030,Wombwell Medical Centre Practice,31.71,4
C85033,Victoria Medical Centre Pms Practice,24.19,3
C85614,Darton Health Centre Practice,17.44,2
C85619,St George'S Medical Centre Pms Practice,35.45,5
C85622,Monk Bretton Health Centre Practice,31.25,4
C85623,Kingswell Surgery Pms Practice,11.32,1
C86001,Great North Medical Group,37.82,5
C86002,The Ransome Practice,38.66,5
C86003,Hatfield Health Centre,27.33,4
C86005,Mexborough Health Centre,39.66,5
C86006,Regent Square Group Practice,32.22,4
C86007,The Burns Practice,23.98,3
C86009,The Mayflower Medical Practice,14.36,2
C86011,Mount Group Practice,22.45,3
C86012,The Oakwood Surgery,19.36,3
C86013,The Tickhill & Colliery Medical Practice,17.3,2
C86015,The Rossington Practice,29.22,4
C86016,The Lakeside Practice,33.54,5
C86017,Kingthorne Group Practice,29.85,4
C86018,Northfield Surgery,33.34,4
C86019,The Scott Practice,34.88,5
C86020,St. Johns Group Practice,38.32,5
C86021,White House Farm Medical Centre,23.5,3
C86023,Don Valley Healthcare,31.05,4
C86024,Conisbrough Group Practice,35.38,5
C86025,Frances Street Medical Centre,40.19,5
C86026,Edlington Health Centre Practice,34.76,5
C86029,St Vincent Medical Centre,26.93,4
C86032,Scawsby Health Centre Practice,20.97,3
C86033,The Nayar Practice,35.54,5
C86034,The New Surgery,35.65,5
C86037,Field Road Surgery,44.0,5
C86038,Petersgate Medical Centre,24.28,3
C86605,Askern Medical Practice,39.83,5
C86609,Asa Medical Group,25.34,4
C86611,Dunsville Medical Centre,25.17,4
C86614,Thorne Moor Medical Practice,35.68,5
C86616,Denaby Medical Practice,51.52,5
C86621,West End Clinic,29.31,4
C86625,Conisbrough Medical Practice,37.2,5
C86626,Park View Surgery,15.22,2
C87002,Dinnington Group Practice,24.73,3
C87003,Woodstock Bower Group Practice,49.06,5
C87004,Kiveton Park Medical Practice,16.48,2
C87005,St Ann'S Medical Centre,44.57,5
C87006,The Magna Group Practice,40.98,5
C87007,Stag Medical Centre,16.94,2
C87008,Swallownest Health Centre,20.71,3
C87009,Brinsworth Medical Centre,23.01,3
C87010,York Road Surgery,54.8,5
C87012,Broom Lane Medical Centre,30.24,4
C87013,Parkgate Medical Centre,33.89,5
C87014,Treeton Medical Centre,20.33,3
C87015,Wickersley Health Centre,16.5,2
C87016,Morthen Road Surgery,14.89,2
C87017,Clifton Medical Centre,38.51,5
C87018,High Street Surgery,27.66,4
C87020,Greenside Surgery,36.44,5
C87022,Village Surgery,32.59,4
C87024,Rawmarsh Health Centre,36.08,5
C87029,Market Surgery,28.64,4
C87030,Crown Street Surgery,31.35,4
C87031,Dr Raolu'S Practice,34.62,5
C87603,Greasbrough Medical Centre,41.53,5
C87604,Thorpe Hesley Surgery,24.83,3
C87608,Shakespeare Road Surgery,57.88,5
C87616,Blyth Road Medical Centre,34.45,5
C87620,Manor Field Surgery,34.86,5
C87622,Gateway Primary Care,46.45,5
C88005,Walkley House & Stannington M.C,14.79,2
C88006,Norfolk Park Health Centre,41.14,5
C88007,Porter Brook Medical Centre,22.6,3
C88008,Forge Health Group,48.77,5
C88009,Foxhill Medical Centre,39.99,5
C88010,Chapelgreen Practice,19.65,3
C88011,Buchanan Road Surgery,49.12,5
C88014,Norwood Medical Centre,52.28,5
C88015,Meadowgreen Health Centre,33.97,5
C88016,Carterknowle & Dore Medical Practice,10.03,1
C88018,Tramways Medical Centre (O'Connell),19.39,3
C88019,Gleadless Medical Centre,50.66,5
C88020,White House Surgery,47.21,5
C88021,Far Lane Medical Centre,22.93,3
C88022,Stonecroft Medical Centre,21.09,3
C88023,Sothall & Beighton Health Centres,18.23,2
C88025,Birley Health Centre,23.77,3
C88026,Sloan Medical Centre,25.01,4
C88027,Upwell Street Surgery,58.9,5
C88028,Broomhill Surgery,7.1,1
C88030,Duke Medical Centre,39.45,5
C88031,Upperthorpe Medical Centre,21.07,3
C88032,Charnock Health Primary Care Centre,18.72,3
C88034,Nethergreen Surgery,5.23,1
C88035,Firth Park Surgery,56.21,5
C88036,Handsworth Medical Practice,19.16,3
C88037,Steel City General Practice,26.43,4
C88038,The Mathews Practice Belgrave,26.65,4
C88039,Ecclesfield Group Pract,29.14,4
C88040,Oughtibridge Surgery,14.84,2
C88041,Woodseats Medical Centre,15.72,2
C88043,Tramways And Middlewood Medical Centres,18.88,3
C88044,Manchester Road Surgery,6.13,1
C88045,Dykes Hall Medical Centre,19.56,3
C88046,Beauchief Medical Practice,10.99,1
C88047,Wincobank Medical Centre,31.86,4
C88048,Burngreave Surgery,53.44,5
C88049,Elm Lane Surgery,27.13,4
C88050,Jaunty Springs Health Centre,23.23,3
C88051,Page Hall Medical Centre,63.55,5
C88052,Hollies Medical Centre,12.85,1
C88053,Falkland House Surgery,3.92,1
C88054,Grenoside Surgery,25.11,4
C88059,Harold Street Medical Centre,36.58,5
C88060,Sharrow Lane Medical Centre,28.01,4
C88062,Rustlings Road Medical Centre,7.51,1
C88069,Clover Group Practice,49.28,5
C88070,Shiregreen Medical Centre,45.79,5
C88072,Woodhouse Medical Centre,33.97,5
C88073,Heeley Green Surgery,30.27,4
C88074,Deepcar Medical Centre,18.4,2
C88076,Devonshire Green Medical Centre,26.2,4
C88077,Green Cross Group Practice,46.62,5
C88078,Mosborough Health Centre,15.92,2
C88079,Crookes Practice,12.17,1
C88082,Carrfield Medical Centre,28.64,4
C88083,Selborne Road Medical Centre,6.5,1
C88084,Clover North Darnall Health Centre,49.46,5
C88085,Richmond Medical Centre,34.26,5
C88086,Southey Green Medical Ctr,51.98,5
C88087,Dovercourt Group Practice,40.31,5
C88088,East Bank Medical Centre,48.28,5
C88090,Manor And Park Group Practice,47.77,5
C88091,Barnsley Road Surgery,45.03,5
C88092,Valley Medical Centre,18.84,3
C88095,Mill Road Surgery,17.65,2
C88622,Sheffield Medical Centre,42.26,5
C88627,University Health Service Health Centre,16.75,2
C88631,Veritas Health Centre,22.33,3
C88647,The Thorpe Practice,27.0,4
C88648,Crystal Peaks Medical Centre,25.18,4
C88652,Greystones Medical Centre,7.1,1
C88655,The Medical Centre Dr Okorie,42.95,5
D81001,Lensfield Medical Practice,9.81,1
D81002,Huntingdon Road Surgery,6.21,1
D81003,York Street Medical Practice,11.65,1
D81004,Alconbury Surgery,9.64,1
D81005,Newnham Walk Surgery,5.96,1
D81008,North Brink Practice,32.41,4
D81010,Priory Fields Surgery,15.28,2
D81011,Clarkson Surgery,32.22,4
D81012,Cornford House Surgery,8.91,1
D81013,Trumpington Street Medical Practice,9.08,1
D81014,Staploe Medical Centre,13.9,2
D81015,Parson Drove Surgery,29.47,4
D81016,Arbury Road Surgery,20.16,3
D81017,Mill Road Surgery,10.38,1
D81018,"Orchard Surgery,Melbourn",10.99,1
D81021,St. George'S Medical Centre,17.23,2
D81022,Jenner Healthcare,20.4,3
D81025,Cherry Hinton Medical Centre,11.01,1
D81026,Boroughbury Medical Centre,31.16,4
D81027,Wellside Surgery,11.29,1
D81028,Firs House Surgery,7.99,1
D81029,Old Fletton Surgery,24.04,3
D81030,Grove Medical Practice,9.13,1
D81031,Yaxley Group Practice,13.37,2
D81033,Over Surgery,6.16,1
D81034,St Mary'S Surgery,9.97,1
D81035,Comberton Surgery,7.88,1
D81036,Priors Field Surgery,13.82,2
D81037,Bridge Street Medical Centre,9.9,1
D81038,Kimbolton Medical Centre,12.46,1
D81041,Bourn Surgery,8.29,1
D81042,Waterbeach And Cottenham Surgeries,11.41,1
D81043,Granta Medical Practices,8.89,1
D81044,Nuffield Road Medical Centre,17.83,2
D81045,Buckden Surgery,9.32,1
D81046,New Queen Street Surgery,19.38,3
D81047,Ashwell Surgery,13.15,2
D81049,Spinney Surgery,8.71,1
D81050,The Hicks Group Practice,12.41,1
D81051,Burwell Surgery,9.92,1
D81052,Cornerstone Practice,24.88,3
D81054,Red House Surgery,13.15,2
D81055,Bottisham Medical Practice,10.54,1
D81056,Petersfield Medical Practice,9.86,1
D81057,Lakeside Healthcare St Neots,11.66,1
D81058,Harston Surgery,8.33,1
D81059,Ramsey Health Centre,16.34,2
D81060,Moat House Surgery,13.61,2
D81061,George Clare Surgery,19.06,3
D81062,Haddenham Surgery,16.24,2
D81064,Mercheford House,24.8,3
D81065,Nightingale Medical Centre,38.78,5
D81066,Queen Edith Medical Practice,7.42,1
D81070,Woodlands Surgery,9.69,1
D81073,Westwood Clinic,35.22,5
D81078,Maple Surgery Bar Hill Health Centre,7.27,1
D81081,Great Staughton Surgery,11.55,1
D81082,Almond Road Surgery,12.54,1
D81084,Willingham Medical Practice,10.01,1
D81085,Papworth Surgery,9.98,1
D81086,East Barnwell Health Centre,23.09,3
D81603,Riverside Practice,24.57,3
D81606,Riverport Medical Practice,9.43,1
D81607,Swavesey Surgery,7.18,1
D81611,Fenland Group Practice,18.4,2
D81612,Milton Surgery,9.51,1
D81615,Thorpe Road,22.32,3
D81618,Ailsworth Medical Centre,22.45,3
D81622,Trinity Surgery,33.98,5
D81625,Thistlemoor Medical Centre,36.93,5
D81629,Willow Tree Surgery,28.08,4
D81630,Hampton Medical Centre,16.61,2
D81631,Central Medical Centre,41.72,5
D81633,Acorn Surgery,17.93,2
D81637,Monkfield Medical Practice,9.39,1
D81645,The Grange Medical Centre,27.92,4
D82001,Holt Medical Practice,22.64,3
D82002,Grove Surgery,25.66,4
D82003,Beaches Medical Centre,29.2,4
D82004,Cromer Group Practice,22.03,3
D82005,Sheringham Medical Practice,16.09,2
D82006,Chet Valley Medical Practice,16.38,2
D82007,East Norfolk Medical Practice,46.36,5
D82008,St Stephens Gate Medical Partnership,17.89,2
D82009,Stalham Staithe Surgery,23.75,3
D82010,Grimston Medical Centre,22.21,3
D82011,Castle Partnership,23.12,3
D82012,Magdalen Medical Practice,21.11,3
D82013,Old Catton Medical Practice,12.38,1
D82015,Bridge Street Surgery,20.13,3
D82016,Market Surgery,15.62,2
D82017,Trinity & Bowthorpe Medical Practice,22.3,3
D82018,Hellesdon Medical Practice,12.09,1
D82019,The Millwood Partnership,22.82,3
D82020,Orchard Surgery,18.75,3
D82022,Lawns Practice,16.1,2
D82023,Roundwell Medical Centre,12.69,1
D82024,Marriott'S Medical Practices,15.53,2
D82025,Hoveton & Wroxham Medical Centre,16.81,2
D82026,Lakenham Surgery,25.1,4
D82027,Heacham Group Practice,18.67,3
D82028,Ludham And Stalham Green Surgeries,22.71,3
D82029,Drayton Medical Practice,12.2,1
D82030,Reepham & Aylsham Medical Practice,17.26,2
D82031,Parish Fields Practice,16.0,2
D82032,Brundall Medical Partnership,12.74,1
D82034,Attleborough Surgery,14.38,2
D82035,Upwell Health Centre,29.27,4
D82036,Old Mill And Millgates Medical Practice,11.37,1
D82037,Long Stratton Medical Partnership,14.01,2
D82038,Wells Health Centre,23.4,3
D82039,Mattishall And Lenwade Surgeries,16.33,2
D82040,Wensum Valley Medical Practice,35.9,5
D82041,School Lane Surgery,26.03,4
D82042,E Harling & Kenninghall Medical Practice,18.28,2
D82043,Watlington Medical Centre,20.51,3
D82044,Vida Healthcare,24.61,3
D82045,Wymondham Medical Partnership,11.17,1
D82046,Church Hill Surgery,18.81,3
D82047,Oak Street Medical Pract.,27.17,4
D82048,Thorpewood Medical Group,16.17,2
D82049,Litcham Health Centre,21.66,3
D82050,Theatre Royal Surgery,18.5,3
D82051,St James Medical Practice,27.63,4
D82053,Mundesley Medical Centre,22.45,3
D82054,Fakenham Medical Practice,21.52,3
D82056,Elmham Surgery,19.28,3
D82057,Campingland Surgery,23.55,3
D82058,Coastal Villages Practice,22.25,3
D82059,Birchwood Medical Practice,20.98,3
D82062,Coltishall Medical Practice,13.07,2
D82063,Watton Medical Practice,21.47,3
D82064,Humbleyard Practice,9.05,1
D82065,Manor Farm Medical Centre,23.11,3
D82066,Paston Surgery,20.87,3
D82067,The Park Surgery,53.06,5
D82068,Howdale Surgery,19.79,3
D82070,Great Massingham Surgery,24.52,3
D82071,East Norwich Medical Partnership,12.93,1
D82072,Burnham Surgery,25.35,4
D82073,The Lionwood Medical Practice,20.44,3
D82076,Lawson Road Surgery,17.38,2
D82078,Heathgate Medical Practice,10.18,1
D82079,Feltwell Surgery,23.74,3
D82080,Blofield Surgery,12.46,1
D82084,Harleston Medical Practice,16.64,2
D82085,Hingham Surgery,16.2,2
D82087,Prospect Medical Practice,36.33,5
D82088,Uea Medical Centre,16.52,2
D82096,Woodcock Rd Surgery,36.73,5
D82099,Southgates Surgical & Medical Centre,31.48,4
D82100,Shipdham Surgery,17.61,2
D82104,Acle Medical Partnership,18.56,3
D82105,St Clements Surgery,25.25,4
D82106,West Pottergate Med Prac,22.51,3
D82600,Fleggburgh Surgery,20.57,3
D82604,Boughton Surgery,23.93,3
D82618,The Woottons Surgery,12.66,1
D82621,Plowright Medical Centre,22.63,3
D82624,Windmill Surgery,11.84,1
D82628,Aldborough Surgery,18.48,3
D83001,Constable Country Rural Medical Practice,9.9,1
D83002,Alexandra & Crestview Surgeries,40.19,5
D83003,Wickhambrook Surgery,14.46,2
D83004,Felixstowe Road Medical Practice,18.41,2
D83005,Angel Hill Surgery,15.48,2
D83006,Bildeston Health Centre,16.41,2
D83007,Ixworth Surgery,14.63,2
D83008,Burlington Primary Care,31.25,4
D83009,Beccles Medical Centre,18.81,3
D83010,Longshore Surgeries,25.88,4
D83011,Bridge Road Surgery,21.56,3
D83012,Unity Healthcare,16.69,2
D83013,The Guildhall And Barrow Surgery,14.55,2
D83015,Howard House Surgery,18.47,3
D83016,Victoria Road Surgery,26.51,4
D83017,Needham Market Country Practice,12.71,1
D83018,Market Cross Surgery,19.18,3
D83019,Mendlesham Medical Group,15.27,2
D83020,The Holbrook And Shotley Practice,14.65,2
D83021,Haverhill Family Practice,17.77,2
D83022,Sole Bay H/C,18.47,3
D83023,High Street Surgery,38.42,5
D83024,Ivry Street Medical Practice,18.67,3
D83026,Framlingham Surgery,16.28,2
D83027,Orchard House Surgery,13.59,2
D83028,Leiston Surgery,22.63,3
D83029,The Rookery Medical Centre,14.1,2
D83030,Kirkley Mill Health Centre,41.31,5
D83033,Botesdale Health Centre,16.11,2
D83034,Bungay Medical Centre,20.15,3
D83035,Cutlers Hill Surgery,21.71,3
D83037,Hadleigh Health Centre,14.27,2
D83038,Mount Farm Surgery,11.11,1
D83040,Victoria Surgery,16.08,2
D83041,Debenham Group Practice,13.51,2
D83043,Eye Health Centre,15.88,2
D83044,Stowhealth,14.87,2
D83045,Lakenheath Surgery,18.64,3
D83046,Two Rivers Medical Centre,13.85,2
D83047,Rosedale Surgery,20.04,3
D83048,Grove Medical Centre,17.09,2
D83049,Little St John Street Surgery,12.85,1
D83050,Cardinal Medical Practice,24.38,3
D83051,The Derby Road Practice,20.33,3
D83053,Saxmundham Health Centre,21.7,3
D83054,The Peninsula Practice,17.08,2
D83055,Woolpit Health Centre,13.53,2
D83056,Hawthorn Drive Surgery,31.93,4
D83057,Framfield House Surgery,12.13,1
D83059,Barrack Lane Medical Centre,30.93,4
D83060,Hardwicke House Group Practice,18.25,2
D83061,Wickham Market Medical Centre,16.79,2
D83062,Forest Surgery,23.18,3
D83067,Oakfield Surgery,13.22,2
D83069,Fressingfield Medical Centre,16.51,2
D83070,Stanton Surgery,17.18,2
D83073,Dr Solway And Dr Roy Practice,26.54,4
D83074,Orchard Medical Practice,25.72,4
D83075,Siam Surgery,18.0,2
D83076,Clare Guildhall Surgery,15.82,2
D83078,The Reynard Surgery,16.8,2
D83079,Combs Ford Surgery,17.41,2
D83080,Martlesham Surgery,8.35,1
D83081,Haven Health,22.18,3
D83084,Embrace Medical Centre,7.7,1
D83608,Andaman Surgery,22.89,3
D83610,Swan Surgery,15.76,2
E81002,Greensand Surgery (Ampthill),9.92,1
E81003,Dr Jl Henderson & Partners,11.81,1
E81004,Salisbury House Surgery,12.54,1
E81005,Bell House Medical Centre,38.07,5
E81006,Stopsley Village Practice,19.24,3
E81007,Harrold Medical Practice,13.2,2
E81008,Wheatfield Surgery,25.29,4
E81009,West Street Surgery,16.47,2
E81010,Dr Whm Matta'S Practice,26.79,4
E81012,Greensands (Potton),13.59,2
E81013,Castle Medical Group Practice,27.3,4
E81014,Priory Gardens Surgery,18.46,3
E81015,Flitwick Surgery,9.21,1
E81016,Lister House Surgery,31.64,4
E81018,Woodland Avenue Practice,28.47,4
E81019,London Road Health Centre,25.44,4
E81021,Queens Park Health Centre,22.13,3
E81022,Larksfield And Arlesey Medical Practice,11.93,1
E81024,Sharnbrook Surgery,13.41,2
E81025,The Oakley Surgery,26.38,4
E81026,Larkside Practice,19.12,3
E81027,Houghton Regis Medical Centre,22.69,3
E81028,The Blenheim Medical Centre,34.26,5
E81029,Putnoe Medical Centre Partnership,17.45,2
E81030,Cauldwell Medical Centre,29.94,4
E81031,Great Barford Surgery,16.57,2
E81032,Lea Vale Medical Practice,29.59,4
E81033,Shefford Health Centre,11.7,1
E81034,Toddington Medical Centre,12.54,1
E81035,Sandy Health Centre,17.57,2
E81036,Ivel Medical Centre,13.93,2
E81037,The De Parys Group,19.33,3
E81038,King Street Surgery,18.34,2
E81040,Sundon Medical Centre,18.93,3
E81041,Gardenia Practice,32.37,4
E81043,Marston Forest Healthcare,10.65,1
E81044,Leighton Road Surgery,11.22,1
E81045,Kingsbury Court Surgery,16.44,2
E81046,Dr A Sulakshana & Partners,10.23,1
E81047,Goldington Avenue Surgery,18.98,3
E81048,Bute House Medical Centre,35.9,5
E81049,Priory Medical Centre,14.72,2
E81050,Asplands Medical Centre,11.32,1
E81052,Kirby Road Surgery,15.48,2
E81057,Saffron Health Partnership,14.69,2
E81060,Linden Road Surgery,25.89,4
E81061,Dr Carragher And Neal And Akhtar,9.73,1
E81063,Conway Medical Centre,36.3,5
E81069,Caddington Surgery,14.7,2
E81073,The Medici Medical Practice,33.02,4
E81074,Houghton Close Surgery,8.81,1
E81076,Dr Dv Shah'S Practice,26.75,4
E81612,Drs Mirza Sukhani & Partners,33.46,5
E81615,Ashburnham Road Surgery,35.83,5
E81617,Dr Ps Bath'S Practice,18.09,2
E81631,Malzeard Road Practice,35.87,5
E81632,Barton Hills Medical Group,17.43,2
E81633,Neville Road Surgery,24.39,3
E81635,Eastgate Surgery,17.19,2
E82001,Rothschild House Group,8.99,1
E82002,Wrafton House Surgery,17.38,2
E82004,Hatfield Road Surgery,11.24,1
E82005,Stanmore Medical Group,17.48,2
E82006,The Limes Surgery,14.15,2
E82007,Hanscombe House Surgery,9.73,1
E82008,The Nevells Road Surgery,17.0,2
E82009,Lincoln House Surgery,17.95,2
E82012,Fairbrook Medical Centre,20.1,3
E82013,Bridgewater Surgeries,16.76,2
E82014,"Lodge,Highfield & Redbourn",11.05,1
E82015,Suthergrey House Medical Centre,15.08,2
E82017,Garston Medical Centre,15.23,2
E82018,Lister House Surgery,16.46,2
E82019,Bridge Cottage Surgery,9.12,1
E82020,Consulting Rooms,19.81,3
E82021,Much Hadham Health Centre,12.52,1
E82022,Fernville Surgery,18.71,3
E82023,Burvill House Surgery,17.19,2
E82024,Lea Wharf Medical,11.35,1
E82027,Parkfield Medical Centre,12.16,1
E82031,Maltings Surgery,9.48,1
E82032,Bennetts End Surgery,17.21,2
E82035,Knebworth & Marymead Practice,13.29,2
E82037,Village Surgery,5.5,1
E82038,The Buntingford & Puckeridge Med Prac.,13.49,2
E82040,Peartree Lane Surgery,17.09,2
E82041,The Garden City Practice,12.97,1
E82042,Abbey Road Surgery,27.26,4
E82043,Schopwick Surgery,12.6,1
E82044,The Portmill Surgery,8.51,1
E82045,Watford Health Centre,19.97,3
E82046,Vine House Health Centre,12.73,1
E82050,Grove Hill Medical Centre,23.39,3
E82051,Everest House Surgery,18.75,3
E82053,Bancroft Medical Centre,9.67,1
E82055,Midway Surgery,7.65,1
E82056,Shephall Health Centre,19.19,3
E82058,Potterells Medical Centre,12.84,1
E82059,Grange Street Surgery,8.55,1
E82060,Parkbury House Surgery,8.08,1
E82061,Amwell Surgery,15.97,2
E82062,Hall Grove Group Practice,14.32,2
E82063,The Maples,19.92,3
E82066,Haverfield Surgery,10.61,1
E82067,Church Street Partnership,6.62,1
E82068,Gade And Chorleywood Health Centres,6.94,1
E82069,The Elms Surgery,13.38,2
E82070,Woodhall Farm Medical Ctr,20.53,3
E82071,Elms Medical Practice,5.2,1
E82073,Manor View Practice,15.38,2
E82074,South Street Surgery,7.13,1
E82075,Regal Chambers Surgery,9.66,1
E82077,Davenport House Surgery,4.42,1
E82078,Highview Medical Centre,14.05,2
E82079,Cromwell Medical Centre,21.02,3
E82081,Cuffley And Goffs Oak Medical Practice,8.48,1
E82082,The Birchwood And Sollershott Surgeries,15.71,2
E82083,The Colne Practice,9.29,1
E82084,Harvey Group Practice,7.54,1
E82085,The Red House Group,10.82,1
E82086,King George & Manor House Surgeries,16.96,2
E82088,Hailey View Surgery,12.88,1
E82090,Park Lane Surgery,10.06,1
E82091,Parkwood Surgery,15.26,2
E82092,Dolphin House Surgery,10.26,1
E82093,Bedwell Medical Centre,20.95,3
E82094,The Manor Street Surgery,7.17,1
E82096,Sheepcot Medical Centre,13.58,2
E82098,Annandale Medical Centre,10.7,1
E82099,The Baldock Surgery,11.03,1
E82100,Central Surgery,8.48,1
E82102,New River Health,10.02,1
E82105,Abbotswood Medical Centre,15.36,2
E82106,New Road Surgery,4.94,1
E82107,Summerfield Health Centre,13.49,2
E82111,The Symonds Green Health Centre,19.0,3
E82113,Verulam Medical Group,16.31,2
E82115,Stockwell Lodge Med.Ctr.,17.45,2
E82117,The Grove Medical Centre,19.71,3
E82121,Watton Place Clinic,12.05,1
E82123,Warden Lodge Medical Practice,19.21,3
E82124,Attenborough Surgery,13.32,2
E82129,Kings Langley Surgery,9.34,1
E82132,Roysia Surgery,10.62,1
E82133,High Street Surgery,20.8,3
E82626,Whitwell Surgery,13.44,2
E82638,Stanhope Surgery,24.18,3
E82643,Archway Surgery,9.56,1
E82652,Gossoms End Surgery,9.93,1
E82654,Helix Medical Centre,7.14,1
E82655,South Oxhey Surgery,19.88,3
E82657,Little Bushey Surgery,8.46,1
E82661,The Garden City Surgery,17.88,2
E83003,Oakleigh Road Health Centre,14.86,2
E83005,Lichfield Grove Surgery,16.13,2
E83006,Greenfield Medical Centre,27.56,4
E83007,Squires Lane Medical Practice,21.09,3
E83008,Heathfielde Medical Centre,12.34,1
E83009,Phgh Doctors,16.56,2
E83010,The Speedwell Practice,15.78,2
E83011,The Everglade Medical Practice,27.59,4
E83012,The Old Court House Surgery,14.43,2
E83013,Cornwall House Surgery,14.85,2
E83016,Millway Medical Practice,16.18,2
E83017,Longrove Surgery,15.29,2
E83018,Watling Medical Centre,23.51,3
E83020,St. Georges Medical Centre,21.32,3
E83021,Torrington Park Group Practice,15.75,2
E83024,St Andrews Medical Practice.,10.53,1
E83025,Pennine Drive Practice,28.52,4
E83026,Supreme Medical Centre,15.91,2
E83027,The Practice At 188,24.79,3
E83028,Parkview Surgery,28.52,4
E83030,Penshurst Gardens Surgery,20.32,3
E83031,The Village Surgery,18.02,2
E83032,Oak Lodge Medical Centre,26.78,4
E83034,Colney Hatch Lane Surgery,22.5,3
E83035,Wentworth Group Practice - Finchley,14.75,2
E83038,Jai Medical Centre,24.89,4
E83039,Ravenscroft Medical Centre,22.62,3
E83041,Wakemans Hill Surgery,24.36,3
E83044,Addington Medical Centre,17.67,2
E83045,Friern Barnet Medical Centre,20.22,3
E83046,Mulberry Medical Practice,24.69,3
E83050,East Finchley Medical Centre,13.52,2
E83053,Lane End Medical Group,21.3,3
E83600,Drs Adler And Rosenberg,23.18,3
E83613,East Barnet Health Centre,18.35,2
E83621,Brunswick Park Medical Practice,13.99,2
E83622,Temple Fortune Medical Group,18.45,2
E83637,Colindale Medical Centre Lp,22.21,3
E83638,The Mountfield Surgery,15.4,2
E83639,Rosemary Surgery,18.65,3
E83649,The Hodford Road Practice,20.0,3
E83653,The Phoenix Practice,22.82,3
E83668,Dr Sp Talpahewa,21.07,3
E84002,Forty Willows Surgery,27.21,4
E84003,Premier Medical Centre,24.86,3
E84004,The Circle Practice,20.32,3
E84005,Kings Road Surgery,14.51,2
E84006,The Law Medical Group Practice,30.97,4
E84007,Uxendon Crescent Surgery,19.28,3
E84008,Simpson House Medical Centre,19.49,3
E84009,Enderley Road Medical Centre,23.16,3
E84011,St Andrews Medical Centre,39.57,5
E84012,Mapesbury Medical Group,29.91,4
E84013,Church End Medical Centre,47.32,5
E84014,Bacon Lane Surgery,22.18,3
E84015,Willow Tree Family Doctors,23.22,3
E84017,Sudbury & Alperton Medical Centre,22.6,3
E84018,Streatfield Health Centre,13.65,2
E84020,Jai Medical Centre (Brent),28.11,4
E84021,The Willesden Medical Centre,37.37,5
E84022,Roxbourne Medical Centre,21.5,3
E84024,The Pinn Medical Centre,8.26,1
E84025,The Lonsdale Medical Centre,24.9,4
E84028,The Stonebridge Practice,44.85,5
E84030,Preston Hill Surgery,21.54,3
E84031,Brentfield Medical Centre,47.85,5
E84032,Ellis Practice,28.46,4
E84033,Chalkhill Family Practice,27.5,4
E84036,Gladstone Medical Centre,40.29,5
E84039,Honeypot Medical Centre,19.08,3
E84040,The Pinner Road Surgery,16.45,2
E84042,Kilburn Park Medical Centre,31.0,4
E84044,The Northwick Surgery,20.1,3
E84048,The Fryent Way Surgery,20.55,3
E84049,Brampton Health Centre,23.63,3
E84051,Stanley Corner Medical Centre,28.97,4
E84053,Hatch End Medical Centre,9.45,1
E84057,The Stanmore Medical Centre,17.14,2
E84058,Gp Direct,19.74,3
E84059,The Allendale Road Surgery,18.83,3
E84061,Elliott Hall Medical Ctr.,9.94,1
E84062,The Shaftesbury Medical Centre,20.36,3
E84063,Lancelot Medical Centre,28.61,4
E84066,Gp Pathfinder Clinics,26.46,4
E84067,Church Lane Surgery,24.71,3
E84068,The Ridgeway Surgery,11.34,1
E84069,Belmont Health Centre,20.75,3
E84070,Pinner View Medical Centre,15.54,2
E84074,Freuchen Medical Centre,43.35,5
E84075,Mollison Way Surgery,21.53,3
E84076,Oxgate Gardens Surgery,39.22,5
E84078,Kingsbury Health And Wellbeing,20.56,3
E84080,Staverton Surgery,25.58,4
E84083,Lanfranc Medical Centre,20.85,3
E84086,Walm Lane Surgery,27.34,4
E84601,Kenton Bridge Medical Centre Dr Golden,16.85,2
E84617,The Civic Medical Centre,23.37,3
E84620,Preston Road Surgery,23.08,3
E84626,The Sunflower Medical Centre,26.42,4
E84635,The Surgery,26.92,4
E84637,Hilltop Medical Practice,44.6,5
E84638,Alperton Medical Centre,29.06,4
E84645,Park Royal Medical Practice,35.81,5
E84646,The Streatfield Medical Centre,18.48,3
E84647,Kenton Clinic,17.82,2
E84653,Zain Medical Centre,22.7,3
E84656,Roundwood Park Medical Centre,38.84,5
E84658,Aspri Medical Centre,22.57,3
E84663,Kenton Bridge Medical Centre - Dr Raja,16.23,2
E84665,Neasden Medical Centre,44.23,5
E84674,Chichele Road Surgery,34.13,5
E84676,Headstone Lane Medical Centre,16.68,2
E84678,Preston Medical Centre,23.88,3
E84680,Headstone Road Surgery,20.88,3
E84684,The Tudor House Medical Centre,34.05,5
E84685,Sudbury Surgery,23.33,3
E84693,St. Peter'S Medical Centre,17.34,2
E84699,Kings Edge Medical Centre,22.28,3
E84701,Pearl Medical Practice,26.59,4
E84702,Willesden Green Surgery,32.35,4
E84704,St. Georges Medical Centre,40.48,5
E84709,Wembley Park Medical Centre,21.95,3
E85001,Thornbury Road Centre For Health,17.58,2
E85003,North End Medical Centre,22.95,3
E85004,Albany Practice,25.04,4
E85005,The Westway Surgery,31.87,4
E85006,Waterside Medical Centre,32.97,4
E85007,St. Margarets Practice,18.68,3
E85008,North Fulham Surgery,23.88,3
E85012,Ks Medical Centre,32.23,4
E85013,Westseven Gp,27.41,4
E85014,Northfields Surgery,13.96,2
E85015,Hounslow Medical Centre,27.44,4
E85016,Richford Gate Medical Centre,21.72,3
E85019,Crown Street Surgery,24.93,4
E85020,Brook Green Medical Centre,19.2,3
E85021,Yeading Medical Centre,33.55,5
E85023,Chepstow Gardens Medical Centre,31.38,4
E85024,Carlton Surgery,26.36,4
E85025,Cassidy Road Medical Centre,19.27,3
E85026,Gordon House Surgery,21.01,3
E85028,Hillcrest Surgery,20.3,3
E85029,"The Medical Centre, Dr Jefferies & Partn",18.72,3
E85030,Chiswick Health Practice,13.91,2
E85032,Ashchurch Surgery,20.99,3
E85033,Hammersmith Surgery,20.42,3
E85034,Grosvenor House Surgery,29.62,4
E85035,Mount Medical Centre,29.01,4
E85038,Palace Surgery,14.02,2
E85040,West4 Gps,15.03,2
E85041,Hanwell Health Centre (Naish),25.53,4
E85042,The New Surgery,24.6,3
E85045,Twickenham Park Medical Centre,23.48,3
E85046,Eastmead Avenue Surgery,27.0,4
E85048,"Dr Canisius & Dr Hasan, Parkview Cfh&W",29.87,4
E85049,Belmont Medical Centre,35.13,5
E85050,Greenford Road Med.Ctr.,25.26,4
E85051,Greenford Avenue Fhp,30.33,4
E85052,Cranford Medical Centre,28.82,4
E85053,The Medical Centre,30.14,4
E85054,Hillview Surgery,24.92,4
E85055,The Bush Doctors,27.42,4
E85056,St Davids Practice,25.61,4
E85057,Queens Walk Practice,13.54,2
E85058,Blue Wing Family Doctor Unit,27.41,4
E85059,Chestnut Practice,27.38,4
E85060,Kingfisher Practice,20.13,3
E85061,Welcome Practice,33.52,5
E85062,Hiyos,26.77,4
E85064,West End Surgery,32.07,4
E85066,The Bedford Park Surgery,11.77,1
E85069,Oldfield Family Practice,27.22,4
E85071,Clifford House Medical Centre,26.2,4
E85074,West Kensington Gp Surgery,18.49,3
E85075,Gp Surgery @ Acton Gardens,20.27,3
E85077,Shepherds Bush Medical Centre,26.48,4
E85083,Dr Sivanesan & Partner,30.36,4
E85088,Elmbank Surgery,31.89,4
E85090,Hammond Road Surgery,33.54,5
E85091,Brunswick Surgery,26.13,4
E85096,Medical Centre,27.44,4
E85098,Islip Manor Medical Centre,31.85,4
E85099,The Avenue Surgery,20.53,3
E85103,Lady Margaret Road Medical Centre,32.62,4
E85107,The Mill Hill Surgery,24.42,3
E85108,Mandeville Medical Centre,31.82,4
E85109,The Acton Health Centre,26.71,4
E85111,Perivale Medical Clinic,29.63,4
E85112,Elmtrees Surgery,21.71,3
E85113,Redwood Practice,20.22,3
E85114,Crosslands Surgery,27.09,4
E85115,Pentelow Practice,27.66,4
E85116,The Cuckoo Lane Practice,25.87,4
E85118,The Fulham Medical Centre,18.68,3
E85119,The Mwh Practice,31.9,4
E85120,The Argyle Surgery,23.78,3
E85121,Guru Nanak Medical Centre,29.57,4
E85122,The Florence Road Surgery,17.43,2
E85123,The Corfton Road Surgery,17.83,2
E85124,Gp At Hand,22.47,3
E85125,Sterndale Surgery,19.14,3
E85126,Green Practice,28.38,4
E85127,The Barnabas Medical Ctre,23.67,3
E85128,Sands End Health Clinic,17.35,2
E85129,The Mansell Road Practice,25.94,4
E85130,Chiswick Family Practice,18.72,3
E85600,Willow Practice,20.81,3
E85605,Brentford Group Practice,24.5,3
E85623,Somerset Medical Centre,31.52,4
E85624,"Dr Uppal & Partn, Parkview Ctr For H&W",31.18,4
E85628,Elthorne Park Surgery,17.69,2
E85633,The Southall Medical Ctr.,32.24,4
E85635,The Vale Surgery,23.12,3
E85636,Park Medical Centre,18.19,2
E85640,The Churchfield Road Surgery,25.34,4
E85643,Meadow View,24.29,3
E85649,Fulham Cross Medical Centre,19.27,3
E85656,Sunrise Medical Centre,33.13,4
E85657,Ealing Park Health Centre,20.12,3
E85658,Holly Road Medical Centre,16.41,2
E85659,"Dr Rk Kukar, Parkview Ctr For H&W",29.94,4
E85663,The Saluja Clinic,31.98,4
E85677,The Horn Lane Surgery,26.36,4
E85680,Cloister Road Surgery,25.3,4
E85681,Jersey Practice,28.94,4
E85682,Dormers Wells Medical Centre,33.02,4
E85683,Glebe Street Surgery,13.83,2
E85685,The Lilyville Surgery,13.83,2
E85687,Acton Lane Medical Centre,20.54,3
E85693,Chiswick Medical Practice,15.87,2
E85694,The Boileau Road Surgery,16.77,2
E85696,Clifford Road Surgery,27.97,4
E85697,Greenbrook Bedfont,27.83,4
E85699,Grove Village Medical Centre,28.34,4
E85707,Skyways Medical Centre,27.69,4
E85708,Gill Medical Practice,26.04,4
E85712,Goodcare Practice,33.11,4
E85713,Hounslow Family Practice,25.07,4
E85715,Broadmead Surgery,35.33,5
E85716,Bath Road Surgery,27.61,4
E85718,Hatton Medical Practice,26.75,4
E85719,Ashville Surgery,14.44,2
E85721,The Town Surgery,30.9,4
E85725,The Grove Medical Practice,26.24,4
E85726,Mattock Lane Health Centre,23.07,3
E85734,Queens Park Medical Practice,25.71,4
E85735,Brentford Family Practice,23.05,3
E85736,Little Park Surgery,27.86,4
E85739,Hmc Health Heston Great West,29.94,4
E85743,St. Georges Medical Ctr.,30.22,4
E85744,Argyle Health-Isleworth Practice,22.04,3
E85745,Jubilee Gardens Medical Centre,30.09,4
E85746,Grove Park Terrace Surgery,16.7,2
E85748,"The Medical Centre, Dr Kukar",26.5,4
E85750,Spring Grove Medical Practice,20.79,3
E86001,Mountwood Surgery,10.01,1
E86004,The Medical Centre,29.91,4
E86005,The Oakland Medical Centre,14.64,2
E86006,The Devonshire Lodge Practice,9.43,1
E86007,Harefield Practice,21.8,3
E86009,Belmont Medical Centre,18.93,3
E86010,Yiewsley Family Practice,28.65,4
E86011,Oxford Drive Medical Centre,9.47,1
E86012,Wood Lane Medical Centre,9.14,1
E86014,Cedars Medical Centre,9.38,1
E86015,Central Uxbridge Surgery,19.29,3
E86016,The Pine Medical Centre,25.21,4
E86017,Hayes Medical Centre,27.73,4
E86018,Townfield Doctors Surgery,28.23,4
E86019,The Warren Practice,26.35,4
E86020,Yeading Court Surgery,29.61,4
E86022,The Abbotsbury Practice,7.65,1
E86024,King Edwards Medical Centre,8.22,1
E86026,Parkview Surgery,26.2,4
E86027,Otterfield Medical Centre,28.37,4
E86028,Eastbury Surgery,7.82,1
E86029,Cedar Brook Practice,25.71,4
E86030,Brunel Medical Centre,16.34,2
E86033,St Martins Medical Centre,9.34,1
E86034,Church Road Surgery,22.2,3
E86036,Hillingdon Health Centre,13.27,2
E86038,Glendale Medical Centre,29.42,4
E86041,Acre Surgery,14.82,2
E86042,The High Street Practice,28.23,4
E86605,Ladygate Lane Medical Practice,13.15,2
E86609,North Hyde Road Surgery,27.0,4
E86610,Willow Tree Surgery,28.22,4
E86612,Shakespeare Health Centre,26.13,4
E86615,Acrefield Surgery,17.09,2
E86618,Carepoint Practice,15.22,2
E86619,Wallasey Medical Centre,5.97,1
E86620,West London Medical Centre,25.19,4
E86625,Kincora Doctors Surgery,28.39,4
E86626,Queens Walk Medical Centre,10.77,1
E86629,Dr Mlr Siddiqui'S Practice,16.78,2
E86632,Acorn Medical Centre,17.76,2
E86637,Heathrow Medical Centre,28.27,4
E86640,Southcote Clinic,9.34,1
E87002,Victoria Medical Centre,22.08,3
E87003,North Kensington Medical Centre,28.71,4
E87004,Health Partners At Violet Melchett,18.2,2
E87005,Belgravia Surgery,17.34,2
E87006,Little Venice Medical Centre,26.68,4
E87008,Paddington Green Health Centre,33.95,5
E87009,The Garway Medical Practice,23.3,3
E87010,Maida Vale Medical Centre,20.26,3
E87011,Lisson Grove Health Centre,36.24,5
E87013,Stanhope Mews Surgery,14.13,2
E87016,Holland Park Surgery,13.64,2
E87021,Shirland Medical,31.71,4
E87024,The Golborne Medical Centre,36.11,5
E87026,Meanwhile Garden Medical Centre,34.35,5
E87029,Portland Road Practice,20.82,3
E87034,Pimlico Health At The Marven Surgery,26.12,4
E87037,Connaught Square Practice,21.93,3
E87038,Elgin Clinic,33.43,5
E87043,Emperor'S Gate Surgery,12.93,1
E87045,Covent Garden Medical Centre,24.04,3
E87046,The Randolph Surgery,21.86,3
E87047,Earls Court Medical Centre,22.76,3
E87048,Rosary Garden Surgery,13.66,2
E87052,Crompton Medical Centre,32.58,4
E87061,The Pembridge Villas Surgery,16.86,2
E87063,Kings Road Medical Centre,20.59,3
E87065,The Notting Hill Medical Centre,27.82,4
E87066,Fitzrovia Medical Centre,21.03,3
E87067,Colville Health Centre,29.57,4
E87069,Soho Centre For Health And Care,22.36,3
E87070,Crawford Street Surgery,17.91,2
E87609,St Johns Wood Medical Practice,13.36,2
E87637,Grand Union Health Centre,30.62,4
E87648,Mayfair Medical Centre,15.7,2
E87663,Third Floor Lanark Road Medical Centre,27.28,4
E87665,The Chelsea Practice,16.8,2
E87677,Imperial College Health Centre,17.88,2
E87681,Newton Medical Centre,22.93,3
E87701,The Abingdon Health Centre,13.6,2
E87702,The Surgery,12.33,1
E87706,The Foreland Medical Centre,31.72,4
E87711,Royal Hospital Chelsea,12.48,1
E87714,Soho Square General Practice,22.58,3
E87715,Scarsdale Medical Centre,12.69,1
E87720,Kensington Park Medical Centre,18.98,3
E87722,Lancaster Gate Medical Centre,19.9,3
E87733,The Exmoor Surgery,33.16,4
E87737,Marylebone Health Centre,14.91,2
E87738,Knightsbridge Medical Centre,13.54,2
E87739,Millbank Medical Centre,21.54,3
E87740,The Dr Hickey Surgery For The Homeless,21.93,3
E87741,Woodfield Road Medical Centre,33.41,5
E87742,The Golborne Medical Centre,35.91,5
E87745,Cavendish Health Centre,13.7,2
E87746,Brompton Medical Centre,18.83,3
E87750,Earls Court Surgery,21.53,3
E87751,Srikrishnamurthy Harrow Road Surgery,33.75,5
E87753,Belgrave Medical Centre,20.8,3
E87754,Wellington Health Centre,15.43,2
E87755,Queens Park Health Centre,33.46,5
E87756,Ground Floor Lanark Medical Centre,28.65,4
E87762,The Good Practice,21.34,3
E87768,Kings College Health Centre,19.3,3
E87772,Great Chapel Street Medical Centre,27.0,4
F81001,Dr Khan & Partners,10.98,1
F81003,Dr F Khan Carnavon Road Surgery,30.23,4
F81004,The Eden Surgeries,11.82,1
F81006,Clayhill Medical Practice,38.26,5
F81007,"Dr Puzey,Dr Kothari And Dr Nanda",18.85,3
F81009,The Gold Street Surgery,8.03,1
F81010,Aveley Medical Centre,22.92,3
F81011,Kelvedon & Feering Health Centre,13.06,1
F81012,West Mersea Surgery,13.61,2
F81013,Western Road Surgery,6.46,1
F81014,Church Lane Surgery,18.8,3
F81015,Crocus Medical Practice,8.08,1
F81017,Walton Medical Centre,32.06,4
F81019,Mayflower Medical Centre,34.37,5
F81020,The Freshford Practice,16.33,2
F81021,Great Bentley Surgery,20.85,3
F81022,Longfield Medical Centre,15.11,2
F81023,Beechwood Surgery,11.18,1
F81025,Dr Gc Chajed'S Practice,26.19,4
F81026,Caradoc Surgery,20.93,3
F81027,Lister Medical Centre,23.89,3
F81028,Wivenhoe Surgery,9.61,1
F81029,The Knares Medical Practice,19.6,3
F81030,Fern House Surgery,17.13,2
F81031,Murree Medical Group,34.15,5
F81032,Grace House Surgery,11.16,1
F81034,Newport Surgery,9.78,1
F81036,Robert Frew Medical Centre,12.61,1
F81037,East Lynne Medical Centre,47.13,5
F81038,Tile House Surgery,12.67,1
F81040,Stock Surgery,13.22,2
F81041,London Road Surgery,13.46,2
F81042,Colchester Medical Practice,22.61,3
F81043,The Limes Medical Centre,13.58,2
F81044,The Ardleigh Surgery,13.61,2
F81045,The New Surgery,11.31,1
F81046,Dr Krishnan & Ptnr - Kent Elms Hc,16.73,2
F81047,The Hamilton Practice,23.08,3
F81048,Loughton Health Centre,11.8,1
F81049,Ongar Health Centre,16.67,2
F81051,Third Avenue Health Centre,28.51,4
F81052,St. James Surgery,41.48,5
F81053,Peacock Surgery,9.29,1
F81055,Mount Avenue Surgery,7.64,1
F81056,Old Harlow Health Centre,14.61,2
F81057,Whitley House Surgery,12.3,1
F81060,Aegis Medical Centre,30.85,4
F81061,Conner & Partners,11.34,1
F81062,Chigwell Medical Centre,14.57,2
F81065,William Harvey Surgery,10.67,1
F81066,The Greensward Surgery,6.48,1
F81067,Ambrose Avenue Group Practice,12.86,1
F81068,The Elizabeth Courtauld Surgery,16.57,2
F81069,Winstree Medical Practice,14.16,2
F81071,Rivermead Gate Med.Ctr.,15.07,2
F81072,"High Street Surgery, Epping",11.72,1
F81075,The Hollies,12.32,1
F81076,The Tollesbury Practice,18.18,2
F81078,Church Langley Medical Practice,12.28,1
F81080,The Billericay Medical Practice,6.39,1
F81081,The Queensway Surgery,35.6,5
F81082,The Rigg-Milner Medical Centre,19.16,3
F81083,Beauchamp House,13.65,2
F81085,"Dr A Naeem & Partners,The New Surgery",13.02,1
F81086,Central Surgery - Southchurch Blvd,28.71,4
F81087,Mount Chambers Medical Practice,18.15,2
F81088,Southend Road Surgery,15.79,2
F81089,Wakering Medical Ctr.,16.55,2
F81090,Angel Lane Surgery,10.44,1
F81091,East Hill Surgery,22.92,3
F81092,Dr Sooriakumaran,18.1,2
F81095,Abbey Field Medical Centre,26.76,4
F81096,Oaklands Surgery,25.26,4
F81097,The Valkyrie Surgery,27.45,4
F81098,The Writtle Surgery,14.65,2
F81099,Blackwater Medical Centre,15.1,2
F81100,Beacon Health Group-Danbury Medical Ctr,10.38,1
F81101,Essex Way Surgery,10.59,1
F81102,Rockleigh Court Surgery,7.84,1
F81104,Chapel Street Surgery,13.4,2
F81105,Little Waltham & Gt Notley Surgery,12.11,1
F81106,The Ross Practice,23.24,3
F81108,Laindon Medical Group,27.36,4
F81110,Tilbury Health Centre,30.3,4
F81112,Highlands Surgery,9.16,1
F81113,Chafford Hundred Medical Centre,10.27,1
F81114,Baddow Village Surgery,12.81,1
F81115,Creffield Medical Group,14.62,2
F81116,Colne Medical Centre,18.07,2
F81117,Sutherland Lodge Surgery,14.29,2
F81118,John Tasker House Surgery,10.74,1
F81119,The Pump House Surgery,14.37,2
F81120,Nuffield House Health Centre,24.71,3
F81121,Southend Coastal Surgeries - Thorpe Bay,21.8,3
F81122,Chelmer Medical Partnership,16.08,2
F81123,Audley Mills Surgery,8.42,1
F81125,Church View Surgery,8.13,1
F81126,Burnham Surgery,14.87,2
F81128,Eastwood Group Practice,14.82,2
F81130,William Fisher Med.Ctr.,19.71,3
F81131,Thaxted Surgery,12.6,1
F81132,Blandford Medical Centre,17.09,2
F81133,Tiptree Medical Centre,13.79,2
F81134,Peartree Surgery & West Horndon Surgery,20.04,3
F81136,The Loughton Surgery,12.6,1
F81137,Orsett Surgery,14.11,2
F81141,Rowhedge Surgery,16.61,2
F81142,St Georges Medical Practice,11.34,1
F81144,The Pall Mall Surgery,12.87,1
F81147,Dr Navin Kumar,26.19,4
F81149,The Laurels Surgery,14.09,2
F81150,Ballards Walk Surgery,28.65,4
F81152,Forest Practice,15.35,2
F81153,Hassengate Medical Centre,15.39,2
F81155,Balfour Medical Centre,17.08,2
F81156,Ranworth Surgery,46.4,5
F81158,Dr Nasah & Partners,35.95,5
F81159,Southend Medical Centre,40.34,5
F81163,The New Folly Surgery,11.41,1
F81164,West Road Surgery,28.18,4
F81165,Palmerston Road Surgery,7.77,1
F81169,Kings Medical Centre,7.03,1
F81170,Kingsway Surgery,11.42,1
F81173,Douglas Grove Surgery,20.8,3
F81176,North Avenue Surgery,31.83,4
F81177,Neera Medical Centre,16.35,2
F81181,Addison House - Haque Practice,23.86,3
F81183,The Dengie Medical Partnership,21.25,3
F81184,Abridge Surgery,17.47,2
F81186,Felmores Medical Centre,36.51,5
F81192,Stifford Clays Medical Centre,16.95,2
F81193,Witham Health Centre,18.79,3
F81197,Sancta Maria Medical Centre,25.43,4
F81198,Horndon-On-The-Hill Surgery,13.71,2
F81205,Ghauri Practice,25.65,4
F81206,Commonwealth Health Centre,35.62,5
F81207,Westcliff Medical Centre,30.73,4
F81211,Dr Yadava N Practice,21.23,3
F81212,Old Road Surgery,49.24,5
F81213,Thorpe Surgery,22.3,3
F81215,Deal Tree Health Centre,12.38,1
F81216,The River Surgery,10.83,1
F81219,Dell Medical Centre,17.23,2
F81221,Fronks Rd Family Surgery,35.15,5
F81222,Queens Park Surgery,9.13,1
F81223,Dr Malik - Kent Elms Hc,17.68,2
F81606,Harewood Surgery,22.55,3
F81613,Dr Kumar & Ptnr - Shoebury Hc,28.14,4
F81618,High Road Family Doctors,11.5,1
F81619,Sydenham House Surgery,24.53,3
F81623,Kadim Primecare Medical Centre,20.62,3
F81632,Dr Yasin Sa Practice,25.34,4
F81633,Lawford Surgery,15.34,2
F81635,Collingwood Road Surgery,18.85,3
F81636,Mill Road Surgery,11.74,1
F81640,Aryan Medical Centre,31.23,4
F81641,Milton Road And The Grays Surgery,22.51,3
F81645,Rose Villa Surgery,35.96,5
F81649,Shoebury Practice,24.48,3
F81652,Medic House,28.1,4
F81656,Warrior Square Surgery,37.88,5
F81665,Chelmer Village Surgery,8.29,1
F81666,Dr Sharma & Partners,20.5,3
F81669,Derry Court Medical Practice,25.36,4
F81674,Greenwood And Wyncroft Surgery,12.74,1
F81675,The Practice Leecon Way,13.02,1
F81679,Highwoods Surgery,16.18,2
F81681,Clacton Community Practices,42.13,5
F81683,Blyth'S Meadow Surgery,17.8,2
F81690,Ashingdon Medical Centre,13.04,1
F81696,The Leigh Surgery,17.29,2
F81697,Dr Devaraja Vc Practice,17.27,2
F81700,Canvey Village Surgery,25.53,4
F81704,Downhall Park Surgery,9.78,1
F81707,Fryerns Medical Centre,36.78,5
F81708,Sai Medical Centre,27.7,4
F81711,Knights Surgery,26.94,4
F81713,Benfleet Surgery,11.22,1
F81716,Tollgate Health Centre,13.48,2
F81725,Maynard Court Surgery,18.18,2
F81729,Matching Green Surgery,28.89,4
F81730,The Coggeshall Surgery,15.17,2
F81732,Swanwood Partnership,14.06,2
F81737,The Highwood Surgery,13.71,2
F81739,The Island Surgery,25.15,4
F81740,The Community Practice,25.34,4
F81741,North Clacton Medical Practice,35.27,5
F81744,Scott Park Surgery,11.67,1
F81746,Bluebell Surgery,16.68,2
F81749,Market Square Surgery,21.17,3
F81751,The Trinity Medical Practice,17.14,2
F81757,The Riverside Health Ctr,15.76,2
F82001,Halbutt Street Surgery,29.72,4
F82002,Haiderian Medical Centre,6.6,1
F82003,First Avenue Surgery,27.31,4
F82005,Dr M Goyal'S Practice,34.18,5
F82006,Cranham Village Surgery,5.78,1
F82007,The Green Wood Practice,14.03,2
F82008,Maylands Healthcare,12.21,1
F82009,North Street Medical Care,17.85,2
F82010,Petersfield Surgery,27.37,4
F82011,St Edwards Medical Centre,21.19,3
F82013,Western Road Medical Centre,15.38,2
F82014,The Saheecha'S Practices,29.57,4
F82015,Hedgemans Medical Centre,31.53,4
F82016,Central Park Surgery,30.49,4
F82017,St Albans Surgery,30.93,4
F82018,Barking Medical Group Practice,26.32,4
F82019,The Upstairs Surgery,23.93,3
F82021,The New Medical Centre,12.08,1
F82022,The Rosewood Medical Centre,13.88,2
F82023,High Street Surgery,16.34,2
F82025,Dr Bk Jaiswal'S Practice,28.79,4
F82027,Dr P Prasad'S Practice,22.43,3
F82028,Wood Lane Surgery,16.11,2
F82030,Lynwood Medical Centre,18.95,3
F82031,The College Practice,21.93,3
F82033,Dr Vm Patel,9.61,1
F82034,Victoria & Five Elms Medical Centre,32.77,4
F82038,Dr Sz Haider'S Practice,29.81,4
F82039,Eastbrook Surgery,20.34,3
F82040,John Smith Medical Centre,31.47,4
F82042,Aurora Medcare,31.46,4
F82045,Chowdhury,15.19,2
F82051,Laburnum Health Centre,32.41,4
F82055,Hornchurch Healthcare,10.38,1
F82604,Marks Gate Health Centre,31.91,4
F82607,South Hornchurch Medical Practice,18.02,2
F82609,Suttons Avenue Surgery,10.3,1
F82610,Dr Gupta,17.36,2
F82612,The White House Surgery,26.73,4
F82619,Harlow Road Surgery,20.95,3
F82624,St Georges Country Park Surgery,9.12,1
F82625,Abbey Medical Centre,32.59,4
F82627,Rainham Health Centre,20.73,3
F82630,Chase Cross Medical Centre,19.59,3
F82634,Heathway Medical Centre,30.84,4
F82638,Modern Medical Centre,20.41,3
F82642,Gables Surgery,29.78,4
F82647,Salisbury Avenue Surgery,30.8,4
F82648,Ingrebourne Medical Centre,28.2,4
F82649,Berwick Surgery,17.02,2
F82650,Dr Aa Ansari'S Practice,31.11,4
F82660,Tulasi Medical Centre,30.84,4
F82661,Green Lane Surgery,26.46,4
F82663,Dr Marks Practice,19.19,3
F82670,Abbamoor Surgery,30.55,4
F82671,Straight Road Surgery,30.23,4
F82674,Cranham Health Centre,7.58,1
F82675,Billet Lane Medical Practice,10.29,1
F82677,Becontree Medical Centre,28.83,4
F82678,Dr Km Alkaisy Practice,29.81,4
F82679,Dr Dp Shah'S Practice,28.41,4
F82680,Highgrove Surgery,27.86,4
F82686,Ashton Gardens Surgery,24.51,3
F83002,River Place Health Centre,28.49,4
F83003,Park End Surgery,13.04,1
F83004,Archway Medical Centre,26.1,4
F83005,Gower Street Practice,21.18,3
F83006,Ampthill & Regents Park Practice,33.15,4
F83007,Roman Way Medical Centre,27.96,4
F83008,The Goodinge Group Practice,28.48,4
F83010,Islington Central Medical Centre,23.75,3
F83011,Primrose Hill Surgery,16.98,2
F83012,Elizabeth Avenue Group Practice,25.54,4
F83015,St Johns Way Medical Centre,27.27,4
F83017,Hampstead Group Practice,18.19,2
F83018,Prince Of Wales Group Surgery,32.63,4
F83019,Abbey Medical Centre,26.11,4
F83020,Adelaide Medical Centre,18.94,3
F83021,Ritchie Street Group Practice,24.35,3
F83022,Caversham Group Practice,24.98,4
F83023,James Wigg Practice,27.58,4
F83032,St Peter'S Street Medical Practice,21.2,3
F83033,Barnsbury Medical Practice,27.73,4
F83034,New North Health Centre,23.43,3
F83039,The Rise Group Practice,30.97,4
F83042,Gray'S Inn Medical Group Chancery Lane,26.06,4
F83043,Ridgmount Practice,24.85,3
F83044,The Bloomsbury Surgery,26.56,4
F83045,The Miller Practice,20.71,3
F83048,Brunswick Medical Centre Uhpc,26.83,4
F83050,Gray'S Inn Medical Group West Hampstead,17.87,2
F83052,Brookfield Park Surgery,24.87,3
F83053,Mildmay Medical Practice,26.88,4
F83055,West Hampstead Medical Centre,19.64,3
F83056,The Mitchison Road Surgery,27.91,4
F83057,Parliament Hill Surgery,21.54,3
F83058,Holborn Medical Centre,24.79,3
F83059,Brondesbury Medical Centre,30.16,4
F83060,The Northern Medical Centre,27.7,4
F83061,Museum Practice,23.66,3
F83063,Killick Street Health Centre,26.08,4
F83064,City Road Medical Centre,24.47,3
F83615,Cholmley Gardens Surgery,16.09,2
F83623,Keats Group Practice,9.56,1
F83624,Clerkenwell Medical Practice,22.14,3
F83632,Queens Crescent Practice,34.16,5
F83633,Gray'S Inn Medical Group Hampstead,13.35,2
F83635,Kings Cross Surgery,28.54,4
F83652,Amwell Group Practice,25.44,4
F83658,Belsize Priory Medical Practice (Group),27.14,4
F83660,Highbury Grange Medical Practice,20.2,3
F83664,The Village Practice,32.22,4
F83665,Swiss Cottage Surgery,16.31,2
F83666,Andover Medical Centre,34.34,5
F83671,The Beaumont Practice,30.59,4
F83672,St Philips Medical Centre,21.03,3
F83673,The Medical Centre,26.64,4
F83674,The Junction Medical Practice,23.56,3
F83678,Dr Segarajasinghe,25.54,4
F83680,Sobell Medical Centre,28.31,4
F83681,Partnership Primary Care Centre,28.64,4
F83683,Somers Town Medical Centre,35.02,5
F83686,Stroud Green Medical Centre,26.76,4
F84003,Lower Clapton General Practice,31.7,4
F84004,Market Street Health Group,36.25,5
F84006,Shrewsbury Road Surgery,33.08,4
F84008,Barton House Group Practice,23.82,3
F84009,Stratford Village Surgery,28.8,4
F84010,Aspire Medical Centre,35.53,5
F84012,Albion Health Centre,41.42,5
F84013,Stamford Hill Group Practice,48.73,5
F84014,Upton Lane Medical Centre,33.88,5
F84015,Kingsmead Healthcare,35.76,5
F84016,The Mission Practice,35.04,5
F84017,Star Lane Medical Centre,32.41,4
F84018,The Nightingale Practice,32.09,4
F84021,London Fields Medical Centre,28.38,4
F84022,Stratford Health Centre,30.47,4
F84025,Gough Walk Practice,37.28,5
F84030,Ruston Street Clinic,29.8,4
F84031,The Jubilee Street Practice Ltd,38.08,5
F84033,Somerford Grove Practice,29.29,4
F84034,St. Stephens Health Centre,28.67,4
F84035,Richmond Road Medical Centre,28.53,4
F84036,The Cedar Practice,29.72,4
F84038,Beechwood Medical Centre,28.97,4
F84039,Goodman'S Field Health Centre,31.13,4
F84044,Harley Grove Medical Ctr.,29.43,4
F84047,Custom House Surgery,32.94,4
F84050,Boleyn Medical Centre,34.21,5
F84051,Strouts Place Medical Centre,30.61,4
F84052,Essex Lodge,32.82,4
F84053,Greengate Medical Centre,33.78,5
F84054,The Limehouse Practice,32.29,4
F84055,The Grove Road Surgery,26.84,4
F84060,Athena Medical Centre,29.55,4
F84062,The Chrisp Street Hth Ctr,38.66,5
F84063,Dalston Practice,31.35,4
F84069,Well Street Surgery,33.32,4
F84070,Lathom Road Medical Centre,34.86,5
F84072,De Beauvoir Surgery,24.81,3
F84074,Wordsworth Health Centre,33.07,4
F84077,Newham Vicarage Practice,30.75,4
F84079,The Wapping Group Practice,16.69,2
F84080,Fountayne Road Medical Practice,37.12,5
F84081,The Spitalfields Practice,31.95,4
F84083,Bethnal Green Health Ctr.,34.7,5
F84086,The Forest Practice,30.74,4
F84087,Harford Health Centre,36.91,5
F84088,Plashet Road Medical Centre,32.81,4
F84092,Glen Road Medical Centre,35.19,5
F84093,Tollgate Medical Centre,29.73,4
F84096,The Lawson Practice,27.16,4
F84097,Claremont Clinic,32.6,4
F84105,The Lea Surgery,33.52,5
F84111,Abbey Road Medical Practice,31.42,4
F84114,City Square Medical Group,38.21,5
F84115,The Statham Grove Surgery,22.23,3
F84117,Queensbridge Group Practice,27.86,4
F84118,Wellington Way Health Centre,32.54,4
F84119,The Heron Practice,29.13,4
F84121,E12 Health,36.27,5
F84122,Xx Place Health Centre,36.76,5
F84123,Suttons Wharf Health Centre,30.65,4
F84124,The Project Surgery,32.95,4
F84601,Elsdale Street Surgery,35.27,5
F84619,The Riverside Practice,37.92,5
F84620,The Wick Health Centre,36.18,5
F84621,Sandringham Practice,32.49,4
F84632,The Greenhouse Walk-In,30.29,4
F84635,Shoreditch Park Surgery,26.36,4
F84636,The Surgery (Barretts Grove),28.43,4
F84640,The Neaman Practice,12.92,1
F84641,Birchdale Road Medical Centre,33.22,4
F84642,Lucas Avenue Practice,31.57,4
F84647,Roserton Street Surgery,23.45,3
F84656,Docklands Medical Centre,20.21,3
F84658,Sangam Practice,35.93,5
F84660,Dr Cm Patel'S Surgery,32.5,4
F84666,The Ruiz Medical Practice,28.79,4
F84668,The Clapton Surgery,42.96,5
F84669,Central Park Surgery,32.77,4
F84670,Westbury Road Medical Practice,34.59,5
F84672,First 4 Health Group - E7 Health,30.9,4
F84677,East End Medical Centre,30.9,4
F84681,Balaam Street Practice,33.95,5
F84686,The Surgery (Cranwich Road),46.88,5
F84692,The Hoxton Surgery,24.4,3
F84694,The Surgery (Brooke Road),27.53,4
F84696,Tredegar Practice,26.45,4
F84698,Aberfeldy Practice,28.04,4
F84710,Island Health,21.5,3
F84716,The Allerton Road Surgery,33.42,5
F84717,Royal Docks Medical Practice,27.07,4
F84718,The Blithehale Med.Ctr.,35.92,5
F84719,Latimer Health Centre,33.4,5
F84720,Healy Medical Centre,44.49,5
F84724,Woodgrange Medical Practice,34.22,5
F84729,The Manor Park Practice,39.93,5
F84730,The Vicarage Lane Surgery,31.06,4
F84731,St. Katherine'S Dock Practice,10.87,1
F84733,Health E1,35.89,5
F84735,The Azad Practice,33.75,5
F84739,E12 Medical Centre,31.29,4
F84740,Newham Transitional Practice,35.02,5
F84741,Plashet Harmony Practice,33.38,5
F84747,The Barkantine Practice,19.69,3
F84749,Carpenters Practice,28.55,4
F85002,Medicus Health Partners,33.09,4
F85004,Eagle House Surgery,38.52,5
F85007,Lawrence House Surgery,37.69,5
F85008,Staunton Group Practice,36.3,5
F85010,Keats Surgery,37.75,5
F85013,Tynemouth Medical Practice,39.48,5
F85014,Highgate Group Practice,11.77,1
F85016,Cockfosters Medical Ctre,13.21,2
F85017,Charlton House Medical Centre,43.86,5
F85019,Morris House Group Practice,42.52,5
F85020,The Woodberry Practice,15.88,2
F85023,The Ordnance Unity Centre For Health,39.55,5
F85025,White Lodge Medical Practice,18.82,3
F85028,Bruce Grove Primary Health Care Ctr,42.3,5
F85029,Abernethy House Surgery,18.59,3
F85030,Somerset Gardens Family Health Centre,47.05,5
F85031,Westbury Medical Centre,37.25,5
F85032,Southgate,15.96,2
F85033,Winchmore Hill Practice,13.48,2
F85034,Arcadian Gardens Surgery,30.26,4
F85035,Highlands Practice,12.14,1
F85039,Rainbow Practice,43.76,5
F85044,Bounces Road Surgery Ltd,43.43,5
F85046,Hornsey Park Surgery,32.02,4
F85058,Nightingale House Surgery,39.55,5
F85060,Havergal Surgery,33.27,4
F85061,Christchurch Hall Surgery,20.26,3
F85063,The Muswell Hill Practice,10.91,1
F85064,High Road Surgery (Stuart Crescent Hc),35.28,5
F85065,Stuart Crescent Medical Practice,38.18,5
F85066,Bounds Green Group Practice,23.0,3
F85067,The 157 Medical Practice,28.07,4
F85069,Crouch Hall Road Surgery,16.08,2
F85071,Fernlea Surgery,45.27,5
F85072,Grovelands Medical Centre,22.25,3
F85615,Tottenham Health Centre,47.44,5
F85623,Grove Road Surgery,39.87,5
F85625,Bincote Surgery,14.45,2
F85628,"Welbourne Gp Surgery, Welbourne H C",35.32,5
F85634,East Enfield Medical Centre,39.64,5
F85640,Cheshire Road Surgery,29.21,4
F85642,The North London Health Centre,20.66,3
F85650,Morecambe Surgery,34.66,5
F85663,Latymer Road Surgery,41.01,5
F85666,Dr Me Silver'S Practice,45.8,5
F85669,West Green Surgery,31.66,4
F85675,The Alexandra Surgery,20.08,3
F85676,Boundary House Surgery,41.46,5
F85678,The Town Surgery Ltd,21.79,3
F85682,Chalfont Surgery,45.28,5
F85687,Oakwood Medical Centre,16.64,2
F85688,Rutland House Surgery,15.5,2
F85697,The Old Surgery,29.41,4
F85700,Arnos Grove Medical Centr,23.89,3
F85701,Gillan House Surgery,22.4,3
F85705,Js Medical Practice,41.59,5
F86001,The Firs,24.21,3
F86004,Handsworth Medical Practice,15.35,2
F86005,The Penrhyn Surgery,21.42,3
F86006,Seymour Medical Centre,26.98,4
F86007,The Forest Edge Practice,22.34,3
F86008,Gants Hill Med Ctr & The Redbridge Surg,15.9,2
F86009,The Palms Medical Centre,18.05,2
F86010,Fullwell Cross Med. Ctr.,17.1,2
F86011,The Manor Practice,29.88,4
F86012,Rydal,11.71,1
F86013,The Broadway Surgery,10.04,1
F86018,The Ecclesbourne Practice,21.81,3
F86020,Glebelands Practice,10.33,1
F86022,Ilford Medical Centre,30.22,4
F86023,The Evergreen Surgery,10.27,1
F86025,Oak Tree Medical Centre,24.89,4
F86026,The Forest Surgery,21.7,3
F86028,Chadwell Heath Surgery,22.15,3
F86030,Queens Road Medical Centre,24.02,3
F86032,Wanstead Place Surgery,10.41,1
F86034,"Green Lane, Goodmayes Medical Practice",26.72,4
F86036,The Allum Medical Centre,21.54,3
F86038,Sma Medical Practice,29.34,4
F86040,Dr A Arif,29.07,4
F86042,Balfour Road Surgery,27.21,4
F86044,Crawley Road Medical Centre,26.13,4
F86045,High Road Surgery,28.93,4
F86057,The Willows Practice,20.27,3
F86058,St James Medical Practice Limited,25.13,4
F86060,Newbury Group Practice,17.58,2
F86062,Grove Surgery,24.95,4
F86064,The Elmhurst Practice,11.46,1
F86066,Southdene Surgery,11.98,1
F86074,Leyton Healthcare 4Th Floor,26.27,4
F86078,The Ridgeway Surgery,17.16,2
F86081,Kenwood Medical,14.79,2
F86082,Ilford Lane Surgery,31.77,4
F86083,The Eastern Avenue Medical Centre,15.88,2
F86085,Hainault Surgery,18.73,3
F86086,Dr Dhital Practice,27.16,4
F86087,Goodmayes Medical Centre,26.34,4
F86088,The Lyndhurst Surgery,26.12,4
F86607,Addison Road Medical Practice,23.71,3
F86612,The Fullwell Avenue Surgery,17.64,2
F86616,The Old Church Surgery,18.68,3
F86621,Dr Mohammed Green Man Medical Centre,20.41,3
F86624,The Heathcote Primary Care Centre,12.27,1
F86625,Ll Medical Care Ltd,28.47,4
F86626,Dr Shantir Practice,24.31,3
F86627,Churchill Medical Centre,21.53,3
F86637,Seven Kings Practice,24.64,3
F86638,The Microfaculty,20.55,3
F86641,The Shrubberies Medical Centre,12.01,1
F86644,Waltham Forest Comm & Fam Hth Serv Ltd,26.45,4
F86650,Lime Tree Surgery,26.62,4
F86652,The Drive Surgery,22.0,3
F86657,York Road Surgery,31.94,4
F86658,Queen Mary Practice,12.52,1
F86664,Larkshall Medical Centre,19.25,3
F86666,Harrow Road Gp Centre,27.1,4
F86679,Higham Hill Medical Centre,25.16,4
F86689,The Bailey Practice,22.95,3
F86691,Clayhall Clinic,14.21,2
F86692,Mathukia'S Surgery,31.53,4
F86696,Francis Road Medical Centre,22.05,3
F86698,Cranbrook Surgery,17.51,2
F86700,Kings Head Medical Practice,18.82,3
F86701,Kiyani Medical Practice,28.5,4
F86702,St Clement'S Surgery,24.34,3
F86705,Langthorne Sharma Family Practice,27.71,4
F86707,Fence Piece Road Medical Centre,17.15,2
F86708,Claremont Medical Centre,25.65,4
F86712,Hampton Medical Centre,19.68,3
F86731,Aldersbrook Medical Centre,15.8,2
G81001,Hove Medical Centre,19.45,3
G81002,Grove Road Surgery,24.91,4
G81003,The Lighthouse Medical Practice,26.67,4
G81004,Downlands Medical Centre,12.78,1
G81006,Ardingly Court Surgery,31.33,4
G81008,Stone Cross Surgery,16.68,2
G81011,St. Peter'S Medical Centre,27.78,4
G81012,Bridgeside Surgery,19.59,3
G81014,Carden Surgery,16.09,2
G81016,Quayside Medical Practice,28.14,4
G81017,Seaside Medical Centre,31.25,4
G81018,Preston Park Surgery,14.38,2
G81019,Beacon Surgery,8.71,1
G81021,Foundry Healthcare Lewes,15.04,2
G81022,Sovereign Practice,21.64,3
G81023,Martins Oak Surgery,19.26,3
G81024,Ashdown Forest Health Centre,11.75,1
G81028,Park Crescent Health Centre,25.32,4
G81029,Seaford Medical Practice,13.84,2
G81030,Wadhurst Medical Group,14.58,2
G81031,The Hill Surgery,31.24,4
G81032,Victoria Medical Centre,20.08,3
G81034,Charter Medical Centre,14.96,2
G81036,Warmdene Surgery,10.91,1
G81037,The Meads Surgery,10.97,1
G81038,Stanford Medical Centre,18.89,3
G81039,Little Common Surgery,19.31,3
G81040,Woodhill Surgery,9.87,1
G81041,Sidley Medical Practice,29.08,4
G81042,Beaconsfield Medical Practice,10.36,1
G81043,Rotherfield Surgery,9.97,1
G81044,Montpelier Surgery,19.27,3
G81046,Portslade Health Centre,21.65,3
G81047,Seven Dials Medical Centre,15.72,2
G81048,Carisbrooke Surgery,34.89,5
G81049,Manor Park Medical Centre,17.48,2
G81050,Arlington Road Surgery,19.49,3
G81051,Rye Medical Centre,28.76,4
G81052,Fairfield Surgery,17.09,2
G81054,Pavilion Surgery,29.33,4
G81055,Saxonbury House Surgery,8.78,1
G81057,Sedlescombe & Westfield Surgeries,23.45,3
G81059,Hailsham Medical Group,21.01,3
G81061,Chapel Street Surgery,27.67,4
G81065,Woodingdean Medical Centre,18.78,3
G81070,Trinity Medical Centre,16.15,2
G81071,University Of Sussex Health Centre,20.43,3
G81073,Mile Oak Medical Centre,19.95,3
G81074,High Glades Medical Centre,33.67,5
G81075,The Avenue Surgery,37.55,5
G81076,Saltdean And Rottingdean Med Practice,11.18,1
G81077,Collington Surgery,23.39,3
G81082,Oldwood Surgery,18.52,3
G81083,Wish Park Surgery,15.69,2
G81085,Ferry Road Health Centre,30.87,4
G81086,Bird-In-Eye Surgery,10.91,1
G81087,Northiam Surgery,18.42,2
G81088,Wealden Ridge Medical Partnership,11.29,1
G81089,South Saxon House Surgery,30.63,4
G81095,Hastings Old Town Surgery,40.21,5
G81096,Sedlescombe House,32.48,4
G81098,Quintins Medical Centre,16.32,2
G81099,Old School Surgery,13.53,2
G81100,Havenshealth,20.2,3
G81102,Buxted Medical Centre,12.3,1
G81104,Park Practice,27.79,4
G81613,School House Surgery,29.25,4
G81614,Groombridge And Hartfield Medical Group,10.84,1
G81634,Herstmonceux Integrative Health Centre,16.53,2
G81638,Wellbn Healthcare,21.13,3
G81641,Priory Road Surgery,40.84,5
G81646,The Haven Practice,11.78,1
G81656,Regency Surgery,31.37,4
G81658,The Station Practice,43.21,5
G81663,Links Road Surgery,21.71,3
G81669,Broadway Surgery,43.09,5
G81689,Arch Healthcare,34.99,5
G81694,Ship Street Surgery,26.59,4
G82002,St James' Surgery,30.62,4
G82006,Dr Cj Shimmins & Partners,19.46,3
G82007,Church Lane Health Centre,27.27,4
G82013,Amherst Medical Practice,7.79,1
G82014,Woodlands Family Practice,24.21,3
G82015,Pencester Surgery,36.3,5
G82016,Kingswood Surgery,9.42,1
G82018,Sun Lane,19.34,3
G82019,Edenbridge Med Practice,17.67,2
G82020,The Grange Practice,33.66,5
G82021,The Shrubbery Surgery,21.53,3
G82022,Speldhurst & Greggswood Medical Group,15.63,2
G82023,Sheerness Health Centre,41.46,5
G82024,Greensand Medical Group,17.74,2
G82025,The Wells Medical Practice,12.63,1
G82026,Grovehurst Surgery,21.43,3
G82027,Faversham Medical Practice,21.67,3
G82028,Swanley Medical Practice,21.57,3
G82031,Bower Mount Medical Practice,14.76,2
G82032,Pelham Medical Practice,27.38,4
G82035,The Chestnuts Surgery,24.5,3
G82036,Balmoral Surgery,20.23,3
G82037,Hildenborough Medical Group,11.96,1
G82038,St Richards Road Surgery,20.69,3
G82039,Newton Place Surgery,20.32,3
G82041,Grosvenor & St James Medical Centre,12.46,1
G82042,Tonbridge Medical Group,12.51,1
G82044,Springhead Health,26.98,4
G82046,Summerhill Surgery,38.07,5
G82048,Horsman'S Place Surgery,20.67,3
G82050,Sydenham House Medical Centre,23.71,3
G82051,City Way Surgery,21.18,3
G82052,The Limes Medical Centre,44.3,5
G82053,Woodchurch Surgery,21.04,3
G82055,Weald View Medical Practice - Hawkhurst,18.18,2
G82056,The Wellcome Practice,14.12,2
G82057,St Georges Medical Centre,43.42,5
G82058,Aylesford Medical Centre,15.36,2
G82059,Warders Medical Centre,12.29,1
G82060,Northgate Medical Practice,25.95,4
G82062,Parrock Street Surgery,32.06,4
G82063,Sandwich Medical Practice,18.96,3
G82066,Northdown & Dashwood Surgery,38.27,5
G82067,Old Road West Surgery,21.59,3
G82069,White House Surgery,20.19,3
G82071,Whitstable Medical Practice,15.56,2
G82073,Meopham Medical Centre,11.01,1
G82074,Bearsted,9.05,1
G82076,Mote,21.41,3
G82077,The Elms Medical Centre,23.55,3
G82079,Westgate Surgery,22.49,3
G82080,Ashford Medical Partnership,23.13,3
G82082,Sturry Surgery,22.55,3
G82083,Thornhills Medical Practice,15.62,2
G82085,Snodland Medical Practice,18.28,2
G82086,The New Surgery,32.92,4
G82087,New Hayesbank Surgery,17.95,2
G82089,Brewer Street,19.96,3
G82090,The Heron Medical Practice,20.47,3
G82091,Guildhall Street Surgery,38.06,5
G82092,Westerham Practice,14.37,2
G82093,Len Valley Practice,19.6,3
G82094,Charing Surgery,20.11,3
G82095,Thorndike Partnership,22.67,3
G82097,Jubilee Medical Centre,13.56,2
G82098,Blackthorn,13.94,2
G82099,The College Practice,21.51,3
G82100,Highparks Medical Practice,15.8,2
G82105,Bethesda Medical Centre,41.47,5
G82106,Riverside Medical Practice,14.33,2
G82107,Minster Surgery,21.19,3
G82108,King George Road Surgery,22.52,3
G82110,Town Medical Centre,7.17,1
G82111,The Cedars Surgery,19.57,3
G82113,Stonecross And West Drive Surgery,27.43,4
G82114,Ivy Court Surgery,18.39,2
G82115,New Dover Road Surgery,23.43,3
G82117,High Street Surgery,29.68,4
G82118,Woodlands Health Centre,15.31,2
G82119,Park Surgery,20.45,3
G82120,Borough Green Medical Practice,11.5,1
G82121,Sandgate Road,19.92,3
G82122,Swanscombe Health Centre,20.72,3
G82125,Otford Medical Practice,11.6,1
G82126,East Cliff Medical Practice,31.5,4
G82129,The Glebe Family Practice,29.25,4
G82135,West Malling Group Practice,9.81,1
G82137,St Andrews Medical Centre,13.21,2
G82138,Ash Surgery,19.79,3
G82139,Maidstone Road Surgery,23.28,3
G82140,University Medical Centre,15.36,2
G82141,Yalding,18.11,2
G82142,Wye Surgery,14.19,2
G82143,Lowfield Medical Centre,21.58,3
G82147,Oak Hall,25.58,4
G82150,Newington Road Surgery,42.46,5
G82152,Rusthall Medical Practice,13.95,2
G82154,Thames Ave Surgery,13.06,1
G82155,Waterfield House Surgery,12.4,1
G82158,Howell Surgery,15.65,2
G82160,Oaklands Health Centre,17.49,2
G82161,Reach Healthcare,21.36,3
G82162,Orchard Family Practice,15.98,2
G82164,The Vine Medical Centre,16.08,2
G82165,Hawkinge And Elham,17.29,2
G82170,Lamberhurst,15.23,2
G82180,Maidstone Rd Rainham Surgery,13.98,2
G82184,Waltham Road Medical Centre,26.81,4
G82185,Redwood Practice,12.68,1
G82186,Hamstreet Surgery,21.76,3
G82200,Wateringbury,12.47,1
G82203,Court View Surgery,28.32,4
G82205,St John'S Medical Practice,10.38,1
G82211,Aylesham Medical Practice,24.05,3
G82212,Pilgrims Way Surgery,19.5,3
G82215,Marden Medical Centre,19.03,3
G82217,Harbour Medical Practice,36.53,5
G82218,River Darent Medical Group,17.69,2
G82219,St Peter'S Surgery,18.53,3
G82224,Old Parsonage Surgery,18.39,2
G82226,Wigmore Medical Centre,9.35,1
G82227,Lydden Surgery,15.12,2
G82228,Canterbury Medical Practice,18.47,3
G82229,Sutton Valence Group Practice,19.69,3
G82231,London Road Medical Centre,20.93,3
G82232,Manor Clinic,31.63,4
G82233,St. Werburgh Med.Practice,25.78,4
G82234,Phoenix Medical Practice,17.01,2
G82235,Old School Surgery,19.56,3
G82600,Eastcourt Lane Surgery,22.77,3
G82604,The Medical Centre Group,19.85,3
G82631,Bryant Street Medical Practice,41.69,5
G82634,The Meads Medical Practice,21.73,3
G82635,Pump Lane Surgery,14.21,2
G82641,Wallis Avenue,30.48,4
G82647,Temple Hill Surgery,19.57,3
G82648,Rochester Road Surgery,26.5,4
G82650,Mocketts Wood Surgery,19.81,3
G82652,Church Road,17.81,2
G82658,Sellindge Surgery,18.79,3
G82665,Martello Health Centre,28.9,4
G82666,Birchington Medical Centre,25.32,4
G82679,Apex Medical Centre,23.02,3
G82682,The Om Medical Centre,37.59,5
G82684,New Lyminge Surgery,16.03,2
G82687,Vel Surgery,40.64,5
G82691,Langley,19.72,3
G82693,Memorial Medical Centre,21.36,3
G82696,The New Golf Road Surgery,21.25,3
G82697,The Churchill Clinic,30.9,4
G82698,The Medic Care Surgery,24.06,3
G82700,Buckland Medical Practice,31.24,4
G82702,Green Porch Medical Partnership,24.14,3
G82708,Marlowe Park Medical Ctr.,26.56,4
G82711,Borstal Village Surgery,19.65,3
G82719,Matrix Medical Practice,25.69,4
G82721,Parkwood Family Practice,12.56,1
G82729,White Cliffs Medical Centre,33.34,4
G82730,Kingsnorth Medical Practice,12.72,1
G82733,Orchard End,18.26,2
G82737,Long Catlis Road Surgery,14.1,2
G82741,Princes Park Medical Ctr,28.56,4
G82744,Maritime Health Partnership,26.71,4
G82753,The Kings Family Practice,45.5,5
G82754,Hadlow Medical Centre,16.95,2
G82763,Napier Road Surgery,31.16,4
G82768,Lonsdale Medical Centre,10.47,1
G82780,Gravesend Medical Centre,32.06,4
G82790,Old School Surgery,20.83,3
G82796,Broadstairs Medical Practice,18.82,3
G82799,Sheppey Healthy Living Centre,32.48,4
G82802,Canterbury Health Centre,19.66,3
G82808,"Oakfield Health Centre, Practice 2",25.76,4
G82809,Downs Way Medical Practice,10.24,1
G82888,South Park Medical Practice,6.93,1
G83001,Manor Brook Pms,19.54,3
G83002,The Westwood Surgery,9.32,1
G83004,Barnard Medical Group,11.82,1
G83006,The Albion Surgery,11.93,1
G83009,Bellegrove Surgery,11.52,1
G83010,Northumberland Heath Med.Ctr.,22.08,3
G83012,Gallions Reach Health Centre,27.48,4
G83013,Blackheath Standard Pms,19.11,3
G83015,Eltham Palace Pms,24.83,3
G83016,Royal Arsenal Medical Centre,21.53,3
G83018,Lakeside Medical,28.8,4
G83019,Plumstead H/C Pms,26.88,4
G83021,Vanbrugh Group Practice,17.22,2
G83024,Ingleton Avenue Surgery,9.12,1
G83025,Welling Medical Practice,12.87,1
G83026,Triveni Pms,29.95,4
G83027,Everest Health Partnership,21.79,3
G83028,Bexley Group Practice,16.23,2
G83029,Plas Meddyg Surgery,6.06,1
G83030,All Saints Medical Centre Pms,25.85,4
G83031,Abbey Wood Surgery,30.23,4
G83033,Dr Davies & Partner,8.37,1
G83039,St Marks Pms,26.65,4
G83044,Fairfield Pms,25.48,4
G83049,Lyndhurst Road Medical Centre,12.54,1
G83052,Belvedere Medical Centre,19.55,3
G83053,Bexley Medical Group,15.74,2
G83057,Woodlands Surgery,9.45,1
G83058,Primecare Pms (South Street),20.38,3
G83060,Glyndon Pms,30.87,4
G83062,Slade Green Medical Ctr.,26.27,4
G83065,Burney Street Pms,17.78,2
G83066,Sidcup Medical Centre,13.21,2
G83067,Valentine Health Partnership,28.49,4
G83628,New Eltham And Blackfen Medical Centre,12.17,1
G83630,Riverside Surgery,26.72,4
G83631,Abbeyslade Pms (Dr Chand),26.34,4
G83633,Conway Pms,25.13,4
G83635,Waverley Pms,24.82,3
G83641,Plumbridge Medical Centre,23.58,3
G83642,Crayford Town Surgery,18.81,3
G83647,Plumstead And Wickham Lane Surgery,28.79,4
G83651,Woodlands Surgery,19.71,3
G83654,Bannockburn Surgery,28.58,4
G83673,Elmstead Medical Clinic,23.97,3
G83680,Eltham Medical Practice,20.09,3
G84001,South View Partnership,9.82,1
G84002,Dysart Surgery,9.29,1
G84003,Links Medical Practice,26.59,4
G84004,Stock Hill Surgery,11.6,1
G84005,Derry Downs Surgery,23.11,3
G84006,Summercroft Surgery,6.61,1
G84007,Poverest Medical Centre,19.18,3
G84008,Manor Road Surgery,9.02,1
G84009,Family Surgery,6.87,1
G84010,The Chislehurst Partnership,10.54,1
G84011,Eden Park Surgery,10.52,1
G84013,St Mary Cray Practice,29.0,4
G84015,Station Road Surgery,5.94,1
G84016,London Lane Clinic,14.01,2
G84017,Addington Road Surgery,6.47,1
G84018,Cornerways Surgery,6.7,1
G84019,Broomwood Health Centre,28.02,4
G84020,Chelsfield Surgery,8.19,1
G84023,Southborough Lane Surgery,11.15,1
G84024,Bromley Common Practice,13.39,2
G84025,The Park Practice,25.43,4
G84027,Elm House Surgery,10.01,1
G84028,St James' Practice,12.3,1
G84029,Robin Hood Surgery,24.44,3
G84030,Forge Close Surgery,5.55,1
G84032,Knoll Medical Practice,10.65,1
G84033,Pickhurst Surgery,5.82,1
G84035,Tudor Way Surgery,5.92,1
G84039,Norheads Lane Surgery,11.52,1
G84040,Ballater Surgery,10.5,1
G84041,Gillmans Road Surgery,24.62,3
G84604,Highland Road Surgery,11.62,1
G84607,Wickham Park Surgery,12.16,1
G84609,Bank House Surgery,10.32,1
G84621,Whitehouse Surgery,6.46,1
G84624,Anerley Surgery,25.73,4
G84625,Oakfield Surgery,26.2,4
G84627,Green Street Green Med Ct,8.1,1
G84629,Sundridge Medical Centre,15.29,2
G84630,Crescent Surgery,21.84,3
G85001,Forest Hill Group Practice,15.54,2
G85002,Streatham High Practice,23.05,3
G85004,Modality Lewisham (Ml),28.73,4
G85006,The Acorn & Gaumont House Surgery,30.06,4
G85011,Clapham Family Practice,19.22,3
G85013,Camberwell Green Surgery,26.39,4
G85014,Streatham Common Practice,21.44,3
G85015,The Qrp Surgery,25.92,4
G85016,Herne Hill Group Practice,19.37,3
G85019,Trafalgar Surgery,29.23,4
G85020,Kingfisher Medical Centre,23.49,3
G85021,Prentis Medical Centre,24.36,3
G85022,North Wood Group Practice,24.78,3
G85023,Lewisham Medical Centre,22.36,3
G85024,Sydenham Green Group Practice,26.57,4
G85025,Brixton Hill Group Practice,22.89,3
G85026,Clifton Rise Family Practice,27.29,4
G85028,Stockwell Group Practice,25.62,4
G85029,Falmouth Road Group Practice,21.82,3
G85030,Parkside Medical Centre,27.1,4
G85031,Dmc Chadwick Road,21.56,3
G85032,Torridon Road Medical Practice,25.93,4
G85034,Nexus Health Group,24.42,3
G85038,The Lewisham Care Partnership,21.53,3
G85039,Paxton Green Group Practice,22.71,3
G85040,Queens Road Surgery,28.83,4
G85041,Palace Road Surgery,25.61,4
G85042,St Giles Surgery,24.86,3
G85044,Valley Road Surgery,21.29,3
G85045,Hetherington Group Practice,21.75,3
G85046,Lee Road Surgery,14.76,2
G85047,Knights Hill Surgery Suite 1,24.53,3
G85051,Elm Lodge Surgery,12.92,1
G85052,Old Kent Road Surgery,28.76,4
G85053,Hurley And Riverside Practices,21.83,3
G85054,Lambeth Walk Group Practice,25.34,4
G85057,Ashdown Medical Group,26.54,4
G85061,Woolstone Medical Centre,24.34,3
G85073,Vassall Medical Centre,26.33,4
G85076,New Cross Centre (Hurley Group),27.41,4
G85083,Sandmere Practice,23.64,3
G85084,Penrose Surgery,26.31,4
G85085,Grove Medical Centre,20.82,3
G85086,The South Lambeth Rd Practice,22.23,3
G85087,Silverlock Medical Centre,27.79,4
G85091,The Three Zero Six Medical Centre,16.16,2
G85096,The Vale Surgery,23.05,3
G85100,Beckett House Practice,24.67,3
G85102,Gray'S Inn Medical Group Vauxhall,23.83,3
G85104,Ico Health Group,31.03,4
G85105,Vesta Road Surgery,20.49,3
G85109,Clapham Park Group Practice,16.24,2
G85114,Wells Park Practice,23.98,3
G85119,Sternhall Lane Surgery,25.55,4
G85120,Triangle Group Practice,28.07,4
G85121,Parkview Surgery,29.63,4
G85123,Binfield Road Surgery,24.51,3
G85125,Park Medical Centre,29.1,4
G85127,The Corner Surgery,26.94,4
G85129,The Deerbrook Surgery,24.23,3
G85130,Mawbey Group Practice,21.78,3
G85132,Tessa Jowell Gp Surgery,20.38,3
G85134,The Lister Primary Care Centre,27.69,4
G85135,Minet Green Health Practice,29.47,4
G85136,Waterloo Health Centre,19.38,3
G85137,Brockwell Park Surgery,21.41,3
G85138,Albion Street Group Practice,18.33,2
G85623,Bermondsey Spa Medical Centre,26.92,4
G85632,The Villa Street Medical Centre,29.15,4
G85633,Novum Health Partnership,30.25,4
G85642,Blackfriars Medical Practice,19.24,3
G85644,The Gardens Surgery,17.11,2
G85647,The Exchange Surgery,22.95,3
G85651,The Dulwich Medical Centre,16.94,2
G85662,The Streatham Hill Group Practice,21.87,3
G85673,Springfield Medical Centre,24.62,3
G85674,Grafton Square Surgery,16.82,2
G85681,The Lordship Lane Surgery,20.63,3
G85685,The Nunhead Surgery,25.24,4
G85690,Herne Hill Road Medical Practice,28.2,4
G85695,Akerman Medical Practice,27.01,4
G85696,Vale Medical Centre,23.8,3
G85698,Amersham Vale Training Practice,25.72,4
G85705,The New Mill Street Surgery,14.41,2
G85706,The Old Dairy Health Centre,15.99,2
G85708,Dr Curran & Partners,19.62,3
G85711,Deptford Surgery,24.36,3
G85715,The Lister Practice,27.48,4
G85716,Oakview Family Practice,32.55,4
G85721,East Street,30.25,4
G85722,Woodlands Health Centre,26.09,4
G85724,Edith Cavell Practice,21.92,3
G85726,Brunswick Park Family Practice,25.16,4
G85727,Nightingale Surgery,20.6,3
G85736,Deptford Medical Centre,26.49,4
H81002,Knowle Green Medical,13.17,2
H81003,Sunbury Group Practice,13.83,2
H81004,Shepperton Medical Practice,10.8,1
H81005,Pond Tail Surgery,20.94,3
H81006,Austen Road Surgery,6.88,1
H81009,Studholme Medical Centre,14.17,2
H81010,Guildowns Group Practice,11.15,1
H81011,Nork Clinic,5.43,1
H81013,Bartlett Group Practice,9.32,1
H81015,Chobham & West End Medical Practice,8.97,1
H81016,Fairfield Medical Centre,7.5,1
H81017,Ashlea Medical Practice,8.82,1
H81019,Sunny Meed Surgery,11.91,1
H81020,Fort House Surgery,9.12,1
H81021,The Mill Medical Practice,8.4,1
H81022,Chiddingfold Surgery,11.27,1
H81023,Lingfield Surgery,14.56,2
H81024,Goldsworth Park Health Centre,12.56,1
H81025,St John'S Family Practice,9.28,1
H81026,Binscombe Medical Centre,9.75,1
H81027,Farnham Park Health Group,8.18,1
H81028,Dorking Medical Practice,10.62,1
H81029,Dapdune House Surgery,11.64,1
H81030,The House Partnership,13.42,2
H81031,Witley Surgery,10.66,1
H81032,Heathcot Medical Practice,10.62,1
H81033,Chertsey Health Centre,15.12,2
H81034,Madeira Medical,7.99,1
H81035,Merrow Park Surgery,6.19,1
H81036,Parishes Bridge Med.Pract,9.12,1
H81038,Littleton Surgery,5.5,1
H81039,Park House Surgery,9.71,1
H81040,Station Road Surgery,7.69,1
H81041,Southview Medical Practice,12.97,1
H81042,Crouch Oak Family Practice,14.55,2
H81043,Wonersh Surgery,7.37,1
H81044,Springfield Surgery,11.47,1
H81045,Caterham Valley Medical Practice,11.82,1
H81046,Wayside Medical Practice,12.2,1
H81047,Runnymede Medical Practice,11.71,1
H81048,Holmhurst Medical Centre,11.13,1
H81050,Wey Family Practice,8.27,1
H81051,Derby Medical Centre,9.32,1
H81052,Cranleigh Medical Practice,9.21,1
H81053,Villages Medical Ctr,10.88,1
H81055,Hawthorns Surgery,11.06,1
H81056,Oxted Health Centre,10.93,1
H81057,Fordbridge Medical Centre,13.86,2
H81058,Woodlands Road Medical Centre,11.37,1
H81061,Hillview Medical Centre,11.36,1
H81062,Haslemere Health Centre,8.24,1
H81064,Fairlands Medical Practice,10.98,1
H81065,Hersham Surgery,9.45,1
H81066,Grove Medical Centre,11.94,1
H81067,Cobham Health Centre,9.71,1
H81068,Brockwood Medical Practice,12.36,1
H81069,Park Road Group Practice,8.84,1
H81070,Heathcote Medical Centre,7.82,1
H81071,Ashley Centre Surgery,10.02,1
H81072,Medwyn Surgery,9.97,1
H81073,Phoenix Family Practice,6.95,1
H81074,St Stephens House Surgery,4.88,1
H81075,Upper Gordon Road Surgery,9.36,1
H81076,Grayshott Surgery,8.38,1
H81077,Sheresurgeryanddispensary,10.52,1
H81078,Glenlyn Medical Centre,9.08,1
H81080,Longcroft Clinic,6.55,1
H81081,Tadworth Medical Centre,12.38,1
H81082,Camberley Health Centre,11.3,1
H81084,The Horsley Medical Practice,4.89,1
H81085,St. Luke'S Surgery,6.37,1
H81086,Thorkhill Surgery,5.66,1
H81087,St David'S Family Practice,25.58,4
H81088,Central Surgery,7.99,1
H81089,The Wall House Surgery,8.26,1
H81090,Woodbridge Hill Surgery,10.75,1
H81091,Spring Street Surgery,6.66,1
H81094,The Red Practice Walton,11.01,1
H81095,The Yellow Practice,12.16,1
H81099,Esher Green Surgery,7.39,1
H81103,Eastwick Park Med.Pract.,6.45,1
H81104,Stanwell Road Surgery,15.43,2
H81107,Oxshott Medical Practice,4.81,1
H81109,Capelfield Surgery,4.99,1
H81110,Holly Tree Surgery,6.45,1
H81111,Virginia Water Medical Practice,6.71,1
H81113,Leith Hill Practice,13.45,2
H81116,Elizabeth House Medical Practice,9.06,1
H81119,Warlingham Green Med Prac,10.59,1
H81122,Hythe Medical Centre Surgery,13.89,2
H81123,Sheerwater Health Centre,23.74,3
H81126,Tattenham Health Centre,7.47,1
H81128,Vine Medical Centre,8.55,1
H81129,Pirbright Surgery,6.24,1
H81130,Lightwater Surgery,5.42,1
H81131,The White Practice,11.92,1
H81133,Integrated Care Partnership - Och,8.11,1
H81134,Staines Health Group,12.73,1
H81615,Farnham Dene Medical Practice,6.84,1
H81618,Molebridge Practice,11.82,1
H81632,The Orchard Surgery,13.18,2
H81638,Modality East Surrey Medical Practice,12.76,1
H81641,The Practice College Road,21.47,3
H81642,Upper Halliford Medical Centre,15.01,2
H81643,Maybury Surgery,21.32,3
H81644,Fountain Practice,8.68,1
H81656,Shadbolt Park House Surg,5.58,1
H81658,New Ottershaw Surgery,10.62,1
H81663,Ashley Medical Practice,10.19,1
H81672,The Groves Hinchley Wood,5.02,1
H82003,Meadows Surgery,9.22,1
H82004,Cowfold Surgery,13.13,2
H82005,Cuckfield Medical Centre,9.61,1
H82006,The Petworth Surgery,17.96,2
H82007,Westcourt Medical Centre,15.94,2
H82009,St. Lawrence Surgery,12.53,1
H82011,Strand Medical Group,16.78,2
H82012,Leacroft Medical Practice,22.74,3
H82013,Langley House Surgery,14.72,2
H82014,Coppice Surgery,15.01,2
H82016,Bersted Green Surgery,22.92,3
H82017,Park Surgery,9.11,1
H82020,Bognor Medical Centre,34.93,5
H82021,Arundel Surgery,16.49,2
H82022,Steyning Health Centre,9.96,1
H82023,Adur Health Partnership,13.1,2
H82025,Woodlands&Clerklands Partnership,17.34,2
H82026,Saxonbrook Medical Centre,17.62,2
H82027,Rudgwick Medical Centre,10.74,1
H82028,The Courtyard Surgery Horsham,8.94,1
H82030,Pulborough Medical Group,12.42,1
H82031,Loxwood Surgery,13.7,2
H82032,Riverbank Medical Centre,14.05,2
H82033,Gossops Green Medical Ctr,22.28,3
H82034,Lime Tree Surgery,12.8,1
H82035,Lindfield Medical Centre,7.19,1
H82036,Orchard Surgery,8.76,1
H82037,Selsey Medical Practice,19.34,3
H82038,Flansham Park Health Centre,13.93,2
H82039,Park Surgery,26.26,4
H82040,Modality Mid Sussex,8.98,1
H82041,Victoria Road Surgery,20.51,3
H82042,Cathedral Medical Group,17.32,2
H82043,Grove House Surgery,13.93,2
H82044,Dolphins Practice,7.47,1
H82045,Worthing Medical Group,20.49,3
H82046,Broadwater Medical Centre,12.86,1
H82047,Bridge Medical Centre,17.6,2
H82048,Avisford Medical Group,17.41,2
H82049,Parklands Surgery,15.85,2
H82050,Ifield Medical Practice,21.18,3
H82051,Lavant Road Surgery,15.89,2
H82052,Pound Hill Medical Group,10.76,1
H82053,Furnace Green Surgery,17.43,2
H82055,Billingshurst Surgery,11.11,1
H82056,Newtons Practice,7.82,1
H82057,Mid Sussex Health Care,8.33,1
H82058,Maywood Health Care Centre,23.23,3
H82059,Willow Green Surgery,14.02,2
H82060,Henfield Medical Centre,11.93,1
H82061,Selden Medical Centre,20.14,3
H82063,Moatfield Surgery,8.56,1
H82064,Southgate Medical Group,24.18,3
H82065,Ball Tree Surgery,17.35,2
H82066,Fitzalan Medical Group,28.88,4
H82067,Tangmere Medical Centre,19.1,3
H82070,Glebe Surgery,10.54,1
H82072,Silverdale Practice,8.02,1
H82076,Cornerways Surgery,9.36,1
H82077,The Croft Surgery,16.36,2
H82078,Southbourne Surgery,12.72,1
H82084,Brow Medical Centre,9.49,1
H82087,Barn Surgery,9.4,1
H82088,Bewbush Medical Centre,27.17,4
H82089,Riverside Medical Practice,8.97,1
H82091,New Pond Row Surgery,17.55,2
H82092,Village Surgery,7.26,1
H82095,Witterings Medical Centre,14.73,2
H82096,The Orchard Surgery,18.04,2
H82098,Coachmans Medical Practice,29.21,4
H82099,West Meads Surgery,18.51,3
H82100,Northlands Wood Surgery,8.86,1
H82615,Ouse Valley Practice,12.21,1
H82640,Holbrook Surgery,7.67,1
H83001,Portland Medical Centre,26.76,4
H83004,Farley Road Medical Practice,11.7,1
H83005,Upper Norwood Group Practice,21.22,3
H83006,New Addington Group Practice,37.3,5
H83007,Violet Lane Medical Practice,26.38,4
H83008,Northway Road Surgery,21.88,3
H83009,Norbury Medical Practice,22.31,3
H83010,South Norwood Hill Medical Centre,25.26,4
H83011,North Croydon Medical Centre,32.84,4
H83012,St James Medical Centre,32.6,4
H83013,Old Coulsdon Medical Practice,11.52,1
H83014,Queenhill Medical Practice,10.77,1
H83015,Parkside Group Practice,14.58,2
H83016,Keston Medical Practice,13.76,2
H83017,Brigstock Medical Practice,28.6,4
H83018,Selsdon Park Medical Practice,10.09,1
H83019,Friends Road Medical Practice,25.92,4
H83020,Eversley Medical Centre,32.93,4
H83021,London Road Medical Practice,31.84,4
H83022,Thornton Heath Medical Centre,32.05,4
H83023,Morland Road Surgery,25.6,4
H83024,Woodcote Medical,10.59,1
H83028,Addington Medical Practice,33.13,4
H83029,Hartland Way Surgery,9.18,1
H83030,Broom Road Medical Practice,31.29,4
H83031,Haling Park Medical Practice,22.51,3
H83033,Ashburton Park Medical Centre,26.82,4
H83034,Whitehorse Practice,34.85,5
H83037,Auckland Surgery,19.99,3
H83039,Stovell House Surgery,18.33,2
H83042,Leander Family Practice,24.59,3
H83043,Shirley Medical Centre,11.74,1
H83044,East Croydon Medical Centre,22.39,3
H83049,Headley Drive Surgery,38.11,5
H83051,Thornton Road & Valley Park Surgery,27.6,4
H83052,Bramley Avenue Surgery,10.71,1
H83053,Parchmore Medical Centre,29.39,4
H83608,Your Family Practice,28.57,4
H83609,Mersham Medical Centre,25.88,4
H83611,Selhurst Medical Centre,30.82,4
H83624,Fairview Medical Centre,22.83,3
H83627,Birdhurst Medical Practice,19.69,3
H83631,Greenside Group Practice,33.38,5
H84002,Park Road Surgery,7.03,1
H84005,Parkshot Medical Practice,10.09,1
H84006,Richmond Medical Group,10.69,1
H84007,Acorn Group Practice,9.21,1
H84010,Canbury Medical Centre,11.29,1
H84012,York Medical Practice,8.69,1
H84014,Paradise Road Surgery,9.35,1
H84015,Brunswick Surgery,9.9,1
H84016,Groves Medical Centre,10.46,1
H84017,Seymour House Surgery,11.09,1
H84018,Broad Lane Surgery,11.41,1
H84020,Fairhill Medical Practice,13.1,2
H84023,Essex House Surgery,11.51,1
H84025,Hook Surgery,11.93,1
H84027,Churchill Medical Centre,11.67,1
H84030,Central Surgery,9.49,1
H84031,Jubilee Surgery,12.89,1
H84032,Hampton Wick Surgery,8.7,1
H84033,St Albans Medical Centre,7.86,1
H84034,Orchard Practice,11.09,1
H84039,Cross Deep Surgery,7.68,1
H84040,Hampton Medical Centre,11.95,1
H84041,Vineyard Surgery,8.8,1
H84042,Holmwood Corner Surgery,12.66,1
H84044,The Green & Fir Road,16.42,2
H84048,Twickenham Park Surgery,6.5,1
H84050,Chessington Park Surgery,11.7,1
H84051,Roselawn Surgery,13.31,2
H84053,Berrylands Surgery,9.95,1
H84054,Red Lion Road Surgery,12.7,1
H84055,Sheen Lane Surgery,9.92,1
H84057,Staines Road Medical Centre,14.25,2
H84059,Thameside Medical Practice,6.81,1
H84060,Richmond Lock Surgery,13.58,2
H84061,Kingston Health Centre,10.96,1
H84062,Langley Medical Practice,10.08,1
H84618,Sunray Surgery,12.53,1
H84619,Claremont Medical Centre,9.16,1
H84623,Hampton Hill Medical Centre,9.38,1
H84625,Woodlawn Medical Centre,16.73,2
H84630,Crane Park Surgery,19.34,3
H84635,Manor Drive Medical Centre,8.53,1
H84639,Kew Medical Practice,11.12,1
H85001,Wandsworth Medical Centre,14.06,2
H85002,Falcon Road Medical Centre,19.41,3
H85003,Queenstown Road Medical Practice,21.8,3
H85006,Mayfield Surgery,25.53,4
H85007,Southfields Group Practice,7.47,1
H85008,Roehampton Surgery,23.0,3
H85009,Bedford Hill Family Practice,12.2,1
H85011,Greyswood Practice,17.91,2
H85012,Putneymead Group Medical Practice,13.17,2
H85018,Mulgrave Road Surgery,10.63,1
H85020,Nelson Medical Practice,8.73,1
H85021,Chesser Practice,20.35,3
H85022,Park Road Medical Centre,14.73,2
H85023,Bishopsford Road Medical Centre,25.02,4
H85024,Mitcham & Tooting Health,22.88,3
H85025,Wrythe Green Surgery,14.96,2
H85026,Francis Grove Surgery,7.76,1
H85027,Wimbledon Village Surgery,6.58,1
H85028,Wimbledon Medical Practice,8.39,1
H85029,Wide Way Medical Centre,22.71,3
H85030,Old Court House Surgery,14.03,2
H85031,Benhill & Belmont Gp Centre,14.32,2
H85033,Tamworth House Medical Centre,21.41,3
H85037,Morden Hall Medical Centre,16.07,2
H85038,Cricket Green Medical Practice,25.37,4
H85041,Earlsfield Surgery,11.69,1
H85045,Bridge Lane Group Practice,15.42,2
H85047,Chatfield Health Care,15.27,2
H85048,Brocklebank Group Practice,13.52,2
H85049,Battersea Rise Group Practice,10.38,1
H85051,Lambton Road Medical Practice,8.49,1
H85052,Streatham Park Surgery,21.31,3
H85053,Sutton Medical Centre,13.63,2
H85055,West Barnes Surgery,8.75,1
H85057,Elborough Street Surgery,7.96,1
H85061,Heathbridge Practice,10.33,1
H85063,Cheam Gp Centre,7.56,1
H85065,Alton Practice,28.73,4
H85066,Balham Park Surgery,11.09,1
H85067,Danebury Avenue Surgery,29.39,4
H85069,Lavender Hill Group Practice,16.04,2
H85070,Central Medical Centre,18.58,3
H85075,Haider Practice,13.14,2
H85076,Stonecot Surgery,11.29,1
H85077,Bolingbroke Medical Centre,12.21,1
H85078,Mitcham Family Practice,22.21,3
H85082,Triangle Surgery,14.94,2
H85087,Open Door Surgery,19.03,3
H85088,Clapham Junction Medical Practice,21.03,3
H85090,Figges Marsh Surgery,22.78,3
H85092,Riverhouse Medical Practice,13.45,2
H85095,Robin Hood Lane Health Centre,13.39,2
H85100,St Pauls Cottage Surgery,17.57,2
H85101,Grand Drive Surgery,8.04,1
H85103,Hackbridge Medical Centre,16.21,2
H85105,Cheam Family Practice,7.61,1
H85110,Ravensbury Park Medical Centre,21.24,3
H85111,Battersea Fields Practice,19.44,3
H85112,Vineyard Hill Road Surgery,9.2,1
H85113,Maldon Road Surgery,13.62,2
H85114,Thurleigh Road Practice,7.92,1
H85115,Shotfield Medical Practice,13.65,2
H85116,Manor Practice,22.67,3
H85618,James O'Riordan Medical Centre,9.2,1
H85634,Merton Medical Practice,15.66,2
H85637,Balham Health Centre,15.34,2
H85649,Colliers Wood Surgery,18.02,2
H85653,Wallington Family Practice,13.54,2
H85656,Alexandra Road Surgery,11.94,1
H85659,St Johns Hill Surgery,13.13,2
H85662,Beeches Surgery,7.25,1
H85664,Tooting Bec Surgery,13.72,2
H85680,Tooting South Medical Centre,19.14,3
H85682,Tudor Lodge Health Centre,20.29,3
H85683,Faccini House Surgery,22.65,3
H85686,Grove Road Practice,9.94,1
H85693,Circle Gp Surgery,25.2,4
J81002,Orchid House Surgery,10.64,1
J81006,The Adam Practice,18.99,3
J81009,Royal Manor Health Care,26.18,4
J81010,Swanage Medical Practice,17.45,2
J81011,Wareham Surgery,15.78,2
J81012,Shore Medical,16.66,2
J81013,Canford Heath Group Pract,15.13,2
J81014,Westbourne Medical Centre,15.06,2
J81016,Queens Avenue Surgery,13.48,2
J81017,Yetminster Health Centre,17.4,2
J81018,Beaufort Road Surgery,15.43,2
J81019,The Blandford Group Practice,15.37,2
J81020,Bere Regis Surgery,18.75,3
J81021,Shelley Manor Holdenhurst Medical Centre,26.82,4
J81022,West Moors Village Surgery,14.77,2
J81025,The Wellbridge Practice,17.7,2
J81027,Weymouth Bay Medical Practice,20.69,3
J81028,Highcliffe Medical Centre,10.31,1
J81029,The Apples Medical Centre,15.13,2
J81030,The Verwood Surgery,9.25,1
J81033,Talbot Medical Centre,23.32,3
J81034,The Quarter Jack Surgery,12.04,1
J81035,Milton Abbas Surgery,17.7,2
J81036,The Rosemary Health Ctr,21.26,3
J81039,Moordown Medical Centre,12.62,1
J81041,The Hadleigh Practice,7.71,1
J81042,Village Surgery,16.91,2
J81045,Kinson Road Medical Centre,29.84,4
J81046,The Harvey Practice,8.29,1
J81047,James Fisher Medical Centre,14.21,2
J81049,The Marine & Oakridge Partnership,12.49,1
J81051,Wyke Regis & Lanehouse Medical Practice,21.15,3
J81053,Cerne Abbas Surgery,16.84,2
J81056,Christchurch Medical Practice,17.14,2
J81057,Farmhouse Surgery,18.62,3
J81058,The Cranborne Practice,13.26,2
J81059,Southbourne Practice,15.05,2
J81061,Penny'S Hill Practice,10.72,1
J81062,St Albans Medical Centre,15.8,2
J81064,Poole Town Surgery,18.01,2
J81066,Stour Surgery,13.86,2
J81067,Littledown Surgery,10.37,1
J81068,Atrium Health Centre,16.19,2
J81070,The Banks & Bearwood Medical Centre,18.68,3
J81072,The Panton Practice,23.24,3
J81073,The Bridges Medical Ctr.,26.94,4
J81074,Barton House Med Practice,20.62,3
J81075,Cross Road Surgery,20.44,3
J81076,Ammonite Health Partnership,18.92,3
J81077,Walford Mill Medical Centre,11.48,1
J81078,The Grove Medical Centre,15.17,2
J81081,Gillingham Medical Practice,14.57,2
J81082,Poundbury Doctors Surgery,14.83,2
J81086,Evergreen Oak Surgery,14.02,2
J81087,The Birchwood Practice,14.1,2
J81609,Prince Of Wales Surgery,16.57,2
J81612,Corfe Castle Surgery,15.97,2
J81616,Puddletown Surgery,15.57,2
J81620,Blackmore Vale Partnership,16.13,2
J81621,The Barcellos Family Practice,13.67,2
J81625,Denmark Road Medical Centre,16.04,2
J81626,Fordington Surgery,16.05,2
J81631,Sandford Surgery,15.11,2
J81633,Woodlea House Surgery,24.68,3
J81634,Crescent Providence Surgery,31.19,4
J81646,Grove Surgery,13.31,2
J81647,Lyme Bay Medical Practice,16.66,2
J81648,The Newman Practice (Dr Newmans Surgery),17.32,2
J82001,Burgess Road Surgery,20.89,3
J82002,Lordshill Health Centre,22.25,3
J82005,Rowlands Castle Surgery,11.16,1
J82007,Coastal Medical Partnership,12.77,1
J82009,Emsworth Surgery,11.95,1
J82010,The Bosmere Medical Practice,26.14,4
J82012,Portchester Practice,10.8,1
J82015,Giffard Drive Surgery,14.38,2
J82016,Stockbridge Surgery,13.61,2
J82017,The Andover Health Centre Medical Pract,12.83,1
J82018,Stokewood Surgery,8.96,1
J82019,The Fryern Surgery,5.89,1
J82020,Eastleigh Medical Practice,16.9,2
J82021,Waterside Medical Practice,16.99,2
J82024,Solent Gp Surgery,33.28,4
J82025,Charlton Hill Surgery,13.07,2
J82026,Centre Practice,11.96,1
J82028,Trafalgar Medical Group Practice,20.93,3
J82033,Gudgeheath Lane Surgery,10.75,1
J82034,Wickham Surgery,13.63,2
J82035,St Clements Partnership,13.09,2
J82036,West Meon Surgery,14.04,2
J82039,Ringwood Medical Centre,11.96,1
J82040,West End Road Surgery,31.09,4
J82042,Badgerswood Surgery,12.57,1
J82049,The Oakley Health Group,6.08,1
J82050,St Paul'S Surgery,9.7,1
J82051,Hamble Valley Health,11.39,1
J82053,Adelaide Medical Centre,15.86,2
J82054,Kintbury & Woolton Hill Surgery,11.91,1
J82055,Craneswater Group Practice,20.44,3
J82056,Red And Green Practice,17.37,2
J82058,Bramblys Grange Medical Practice,15.42,2
J82059,The Watercress Medical Group,8.27,1
J82060,The Lighthouse Group Practice,31.02,4
J82061,Odiham Health Centre,7.74,1
J82062,Cheviot Road Surgery,32.54,4
J82064,Bishops Waltham Surgery,9.52,1
J82066,The Cambridge Practice,15.91,2
J82067,Voyager Family Health,11.08,1
J82069,Camrose Gillies And Hackwood Partnership,14.43,2
J82071,St. Andrew'S Surgery,17.73,2
J82072,Forestside Medical Practice,13.09,2
J82073,Kirklands Surgery,21.32,3
J82074,Alma Road Surgery,9.79,1
J82075,Chawton House Surgery,12.22,1
J82076,Woolston And Chartwell Partnership,21.78,3
J82079,Clift Surgery,10.44,1
J82080,University Health Service Southampton,18.89,3
J82081,Southampton Sea City Partnership,25.78,4
J82082,Shepherds Spring Medical Centre,19.83,3
J82083,The Willow Group,25.44,4
J82084,Blossom Health - Gosport,22.95,3
J82085,Island City Practice,32.76,4
J82087,Stoneham Lane Surgery,24.3,3
J82088,The Shirley Health Partnership,23.23,3
J82092,Aldermoor Surgery,20.34,3
J82094,Tadley Medical P'Ship,10.34,1
J82098,Swan Medical Group,10.62,1
J82099,Richmond Surgery,4.77,1
J82101,The Peartree Practice,25.87,4
J82102,The Drayton Surgery,15.37,2
J82103,St Mary'S Surgery,14.83,2
J82104,Stubbington Medical Practice,5.33,1
J82106,Gratton Surgery,12.47,1
J82110,Hart Health Partnership,4.6,1
J82112,New Horizons Medical Partnership,13.49,2
J82115,Atherley House Surgery,24.07,3
J82116,Twyford Surgery,7.07,1
J82119,Denmead Health Centre,12.27,1
J82120,Alexander House Surgery,9.67,1
J82121,North Baddesley Surgery,9.45,1
J82122,Alma Road Surgery,27.16,4
J82124,Alresford Surgery,9.97,1
J82125,Jenner House Surgery,14.24,2
J82126,Raymond Road Surgery,15.17,2
J82128,Old Fire Station Surgery,23.8,3
J82129,New Forest Medical Group,8.25,1
J82130,Friarsgate Practice,8.87,1
J82131,Fordingbridge Surgery,12.42,1
J82132,Testvale Surgery,14.44,2
J82134,Vine Medical Group,17.6,2
J82136,Chawton Park Surgery,9.59,1
J82138,Whitewater Health,7.85,1
J82139,Wistaria & Milford Surgeries,9.54,1
J82142,The Border Practice,14.7,2
J82143,Park Surgery,4.76,1
J82144,Crown Heights Medical Centre,14.95,2
J82145,Abbeywell Surgery,9.55,1
J82146,Lyndhurst Surgery,11.6,1
J82147,The Clanfield Practice,7.2,1
J82149,Derby Road Group Practice,24.98,4
J82150,Cornerways Medical Centre,10.18,1
J82151,Twin Oaks Medical Centre,11.64,1
J82152,Bridgemary Medical Centre,25.67,4
J82154,Meon Health Practice,8.62,1
J82155,Portsdown Group Practice,30.23,4
J82156,Waterfront And Solent Surgery,15.63,2
J82157,Wilson Practice,11.61,1
J82161,Westlands Medical Centre,8.87,1
J82163,Oaks Healthcare,13.41,2
J82169,Boyatt Wood Surgery,14.41,2
J82174,Lockswood Surgery,5.17,1
J82178,Princes Gardens Surgery,19.52,3
J82181,Mayfield Medical Centre,23.46,3
J82184,Pinehill Surgery,13.69,2
J82194,East Shore Partnership,21.48,3
J82196,Homewell Curlew Practice,32.35,4
J82198,The Wellington Practice,16.02,2
J82199,The Unicity Medical Centre,32.17,4
J82201,The Grange Surgery,10.8,1
J82207,Hill Lane Surgery,17.85,2
J82208,St. Peters Surgery,24.88,3
J82210,The Elms Practice,17.15,2
J82213,Brook House Surgery,30.1,4
J82214,Whitchurch Surgery,10.82,1
J82215,Solent View Medical Practice,12.65,1
J82216,Brook Lane Surgery,6.82,1
J82217,Homeless Healthcare Team,33.19,4
J82218,Chineham Medical Practice,10.15,1
J82605,Walnut Tree Surgery,19.28,3
J82622,Living Well Partnership,19.01,3
J82625,Boundaries Surgery,8.01,1
J82628,Crondall New Surgery,7.71,1
J82630,North Camp Surgery,11.63,1
J82639,Watership Down Health,10.18,1
J82640,Horndean Surgery,9.29,1
J82646,Blossom Health,34.17,5
J82669,Rowner Health Centre,27.72,4
J83001,Merchiston Surgery,13.44,2
J83002,Westrop Medical Practice,13.9,2
J83003,Harcourt Medical Centre,14.32,2
J83004,Whiteparish Surgery,10.79,1
J83005,Barcroft Medical Centre,14.03,2
J83006,Purton Surgery,10.66,1
J83007,Hathaway Surgery,12.53,1
J83008,Lovemead Group Practice,16.36,2
J83009,Ridgeway View Family Practice,11.72,1
J83010,Porch Surgery,12.39,1
J83011,Giffords Primary Care Ctr,15.65,2
J83013,Box Surgery,9.82,1
J83014,Castle Practice,15.78,2
J83016,Trowbridge Health Centre,16.59,2
J83018,Avenue Surgery,14.32,2
J83019,The Orchard Partnership,16.4,2
J83021,Salisbury Medical Practice,16.21,2
J83022,Old Town Surgery,12.17,1
J83023,Avon Valley Practice,14.61,2
J83024,Priory Road Medical Centre,31.67,4
J83026,Three Chequers Medical Practice,13.87,2
J83027,Hawthorn Medical Centre,25.63,4
J83029,Tinkers Lane Surgery,10.87,1
J83030,Bradford-On-Avon And Melksham Health,10.07,1
J83033,Whalebridge Practice,19.11,3
J83034,Lansdowne Surgery,15.69,2
J83035,Abbey Meads Medical Pract,23.18,3
J83036,Ashington House Surgery,16.57,2
J83037,Kennet And Avon Medical Partnership,13.91,2
J83038,Kingswood Surgery,26.77,4
J83039,Northlands Surgery,14.66,2
J83040,Westbury Group Practice,14.8,2
J83041,Malmesbury Medical Partnership,10.5,1
J83042,Rowden Surgery,12.49,1
J83043,Downton Surgery,10.28,1
J83045,Ramsbury Surgery,10.33,1
J83046,Spa Medical Centre,15.1,2
J83047,Eldene Surgery,17.85,2
J83048,St Melor House Surgery,14.64,2
J83049,Southbroom Surgery,15.2,2
J83050,Patford House Partnership,13.03,1
J83052,Sarum Health Group,15.21,2
J83053,St. James Surgery,15.33,2
J83055,New Court Surgery,10.19,1
J83056,Market Lavington Surgery,14.67,2
J83057,North Swindon Practice,14.84,2
J83058,Tisbury Surgery,17.64,2
J83059,The Lawn Medical Centre,12.27,1
J83060,Mere Surgery,17.25,2
J83064,Ridge Green Medical Practice,12.59,1
J83601,Burbage Surgery,14.59,2
J83603,Jubilee Field Surgery,12.58,1
J83609,Cricklade Surgery,12.27,1
J83615,Old School House Surgery,15.24,2
J83618,The Tolsey Surgery,13.47,2
J83619,Courtyard Surgery,14.75,2
J83625,Lodge Surgery,9.32,1
J83629,Silton Surgery,15.95,2
J83630,Hindon Surgery,19.1,3
J83633,Victoria Cross Surgery,16.78,2
J83645,Phoenix Surgery,22.55,3
J83646,Park Lane Practice,18.92,3
J84003,Ventnor Medical Practice,31.97,4
J84004,East Cowes Medical Centre,24.22,3
J84005,Esplanade Surgery,27.73,4
J84007,St. Helens Medical Centre,15.73,2
J84008,Argyll House,27.13,4
J84011,Newport Health Centre,26.42,4
J84012,Tower House Surgery,28.38,4
J84013,The Bay Medical Practice,26.42,4
J84015,Cowes Medical Centre,15.51,2
J84016,South Wight Medical Practice,24.58,3
J84017,Solent Nhs Trust T/A Medina Healthcare,23.21,3
J84019,Wight Primary Partnerships Ltd,24.17,3
K81001,The Waterfield Practice,10.84,1
K81002,Eastfield House Surgery,12.2,1
K81003,Swallowfield Medical Practice,8.95,1
K81004,The Potteries,14.61,2
K81007,London Street Surgery,18.96,3
K81010,Kings Corner Surgery,5.05,1
K81012,The Boat House Surgery,8.25,1
K81014,Balmore Park Surgery,8.07,1
K81015,Woodlands Park Surgery,10.13,1
K81017,Falkland Surgery,10.68,1
K81018,Linden Medical Centre,7.47,1
K81019,Ross Road Medical Centre,12.63,1
K81020,Claremont Holyport Surgery,9.46,1
K81021,Datchet Health Centre,13.67,2
K81022,Wokingham Medical Centre,6.8,1
K81024,Langley Health Centre,19.23,3
K81025,Finchampstead Practice,6.86,1
K81026,Chatham Street Surgery,20.82,3
K81027,Mortimer Surgery,10.86,1
K81028,Magnolia House Surgery,4.86,1
K81030,Ringmead Medical Group,9.46,1
K81034,Crosby House Surgery,25.26,4
K81036,The Cedars Surgery,10.99,1
K81040,Milman & Kennet Surgery,22.96,3
K81041,Emmer Green Surgery,6.69,1
K81042,Cookham Medical Centre,6.41,1
K81043,Herschel Medical Centre,25.16,4
K81045,Parkside Practice,8.88,1
K81046,Lee House Surgery,9.03,1
K81047,Brookside Group Practice,4.72,1
K81048,Long Barn Lane Surgery,26.5,4
K81050,The Downland Practice,11.62,1
K81051,Woodley Practice,7.9,1
K81052,Lambourn Surgery,16.44,2
K81055,Wargrave Practice,7.68,1
K81056,Westwood Road Surgery,13.2,2
K81057,Hungerford Surgery,15.07,2
K81060,Binfield Surgery,7.17,1
K81062,Western Elms & Circuit Lane Surgeries,20.8,3
K81063,Strawberry Hill Medical Centre,13.25,2
K81066,The Symons Medical Centre,7.46,1
K81068,Sheet Street Surgery,8.9,1
K81069,Loddon Vale Practice,6.19,1
K81070,Twyford Surgery,4.63,1
K81073,Thatcham Health Centre,10.97,1
K81074,Clarence Medical Centre,8.71,1
K81075,Farnham Road Practice,24.63,3
K81076,Green Meadows Surgery,6.17,1
K81077,Theale Medical Centre,12.15,1
K81078,Grovelands Medical Centre,20.24,3
K81080,New Wokingham Road Surgery,5.84,1
K81081,Abbey Medical Centre,20.58,3
K81082,The Village Medical Centre,19.01,3
K81083,Bharani Medical Centre,24.33,3
K81084,Rosemead Surgery,6.46,1
K81085,Shreeji Medical Centre,24.18,3
K81086,Manor Park Medical Centre,24.48,3
K81087,Easthampstead Surgery,14.64,2
K81092,Woosehill Practice,4.04,1
K81094,Great Hollands Practice,14.06,2
K81097,Redwood House Surgery,8.44,1
K81100,Pembroke Surgery,15.24,2
K81102,Burdwood Surgery,8.4,1
K81103,Chapel Row Surgery,11.03,1
K81605,University Medical Group,15.71,2
K81607,Cordwallis Road Surgery,11.79,1
K81608,Dr Nabi,23.56,3
K81610,Forest Health Group-Mount Lane,11.23,1
K81616,Kumar Medical Centre,22.13,3
K81630,South Meadow Surgery,11.63,1
K81633,South Reading & Shinfield Group Med Prac,16.29,2
K81636,Coley Park Surgery,18.71,3
K81644,Tilehurst Village Surgery,13.59,2
K81645,240 Wexham Road,23.55,3
K81651,Melrose Surgery,17.28,2
K81655,Ascot Medical Centre,6.53,1
K81656,Crown Wood Medical Centre,11.93,1
K81657,Evergreen Practice,15.39,2
K82001,Rectory Meadow Surgery,6.68,1
K82003,Wolverton Health Centre,27.86,4
K82004,Amersham Health Centre,6.52,1
K82006,The Ivers Practice,14.58,2
K82007,The Swan Practice,11.89,1
K82008,The Hall Practice,5.61,1
K82009,Watling Street Practice,12.56,1
K82010,Tower House Surgery,18.54,3
K82011,Millbarn Medical Centre,6.85,1
K82012,Highfield Surgery,5.73,1
K82013,The Red House Surgery,19.4,3
K82014,Oakfield Surgery,12.74,1
K82015,Parkside Medical Centre,18.15,2
K82016,Newport Pagnell Med.Ctr.,12.07,1
K82017,Desborough Surgery,16.04,2
K82019,The Mandeville Practice,19.93,3
K82020,Chiltern House Med Centre,15.97,2
K82021,The Cross Keys Practice,10.03,1
K82022,Kingswood Surgery,18.32,2
K82023,Marlow Medical Group,9.88,1
K82024,The New Surgery Chesham,14.92,2
K82025,Sovereign Medical Centre,18.67,3
K82026,Whaddon Healthcare,22.05,3
K82027,Purbeck Health Centre,26.16,4
K82028,Haddenham Medical Centre,7.63,1
K82030,Wye Valley Surgery,19.86,3
K82031,Threeways Surgery,10.45,1
K82032,Oakridge Park Medical Centre,23.29,3
K82033,Burnham Health Centre,13.16,2
K82035,The John Hampden Surgery,8.47,1
K82036,Riverside Surgery,20.09,3
K82037,Water Meadow Surgery,13.46,2
K82038,Poplar Grove Practice,14.87,2
K82039,Bedford Street Surgery,18.48,3
K82040,Whitehill Surgery,17.63,2
K82044,Carrington House Surgery,15.95,2
K82045,Southmead Surgery,8.7,1
K82046,The Simpson Centre,5.6,1
K82047,Unity Health,9.81,1
K82048,Stokenchurch Medical Ctre,15.95,2
K82049,Hughenden Valley Surgery,7.18,1
K82051,The Misbourne Surgery,5.1,1
K82053,Priory Surgery,16.85,2
K82054,Ashfield Medical Centre,36.41,5
K82055,Denham Medical Centre,14.23,2
K82057,Cobbs Garden Surgery,9.06,1
K82058,Gladstone Road Surgery,15.76,2
K82059,Westfield Road Surgery,23.33,3
K82061,Ashcroft Surgery,11.18,1
K82064,Fishermead Medical Centre,28.64,4
K82065,Central Milton Keynes Medical Centre,24.92,4
K82066,Bourne End & Wooburn Green Medical Ctr,8.48,1
K82068,Waddesdon Surgery,13.03,1
K82070,3W Health,12.32,1
K82073,Westongrove Partnership,8.65,1
K82078,The Allan Practice,5.78,1
K82079,Edlesborough Surgery,13.47,2
K82603,Cressex Health Centre,18.06,2
K82610,The Grove Surgery,38.28,5
K82615,Walnut Tree Health Centre,14.8,2
K82617,The Stonedean Practice,13.32,2
K82618,Prospect House Surgery,8.08,1
K82621,Little Chalfont Surgery,7.82,1
K82631,Milton Keynes Village Surg,10.59,1
K82633,Westcroft Health Centre,11.26,1
K83002,Lakeside Healthcare,23.26,3
K83003,Queensview Medical Centre,21.71,3
K83005,Queensway Medical Centre,25.29,4
K83006,Headlands Surgery,19.04,3
K83007,Harborough Field Surgery,15.65,2
K83008,The Pines Surgery,13.55,2
K83009,Moulton Surgery,11.69,1
K83010,Eleanor Cross Healthcare,17.59,2
K83011,The Redwell Medical Centre,17.77,2
K83012,King Edward Road Surgery,19.77,3
K83013,Eskdaill Medical,21.05,3
K83014,Leicester Tce Healthcare Ctr,24.67,3
K83015,Danetre Medical Practice,17.86,2
K83017,Wansford,12.9,1
K83018,Springfield Surgery,9.0,1
K83019,The Long Buckby Practice,11.04,1
K83021,Rothwell Medical Centre,16.36,2
K83022,Towcester Medical Centre,9.0,1
K83023,Oundle,9.54,1
K83024,Rushden Medical Centre,17.07,2
K83025,The Mounts Medical Centre,27.94,4
K83026,Albany House Medical Centre,24.67,3
K83027,Langham Place Surgery,24.67,3
K83028,Spinney Brook Medical Centre,17.68,2
K83029,Abington Park Surgery,18.7,3
K83030,The Cottons Medical Centre,13.93,2
K83031,Byfield Medical Centre,13.97,2
K83032,Abbey House Medical Practice,17.6,2
K83035,Kingsthorpe Medical Ctr.,20.9,3
K83036,Linden Medical Group,18.8,3
K83037,Dr Spencer & Partners,14.02,2
K83039,Dryland Medical Centre,20.57,3
K83040,Woodview Medical Centre,25.82,4
K83041,St Lukes Primary Care Centre,15.6,2
K83042,Park Ave Med Cnt & Kings Heath Practice,24.53,3
K83043,Abington Medical Centre,20.2,3
K83044,Parklands Medical Centre,15.13,2
K83047,Abbey Medical Practice,20.67,3
K83048,Brook Medical Centre,28.77,4
K83049,Brackley Medical Centre,9.27,1
K83050,The Crescent Medical Ctr.,24.16,3
K83051,Weavers Medical,18.65,3
K83052,The Parks Medical Practice,10.3,1
K83053,Crick Medical Practice,11.64,1
K83055,Wootton Medical Centre,8.13,1
K83056,County Surgery,22.43,3
K83059,Woodsend Medical Centre,21.81,3
K83064,The Saxon Spires Practice,10.29,1
K83065,Nene Valley Surgery,12.15,1
K83066,Greens Norton & Weedon Medical Practice,12.09,1
K83068,Denton Village Surgery,11.33,1
K83069,Marshalls Road Surgery,13.89,2
K83070,Bugbrooke Medical Practice,11.96,1
K83076,Mayfield Surgery,25.38,4
K83077,Greenview Surgery,19.58,3
K83080,Higham Ferrers Surgery,11.89,1
K83081,Summerlee Medical Centre,20.08,3
K83601,Earls Barton Medical Centre,11.51,1
K83610,Danes Camp Medical Centre,13.37,2
K83616,The Meadows Surgery,12.42,1
K83618,Dr Abbas,25.7,4
K83620,The Brook Health Centre,9.51,1
K83621,Maple Access Partnership Llp,27.39,4
K83622,Great Oakley Medical Centre,18.32,2
K84001,The Hart Surgery,7.29,1
K84002,Didcot Health Centre Practice,9.32,1
K84003,Islip Surgery,11.79,1
K84004,Donnington Medical Partnership,20.24,3
K84006,Eynsham Medical Group,8.33,1
K84007,Temple Cowley Health Centre,20.04,3
K84008,Chalgrove & Watlington Surgeries,10.74,1
K84009,Hedena Health,12.55,1
K84010,Bampton Surgery,10.89,1
K84011,Summertown Health Centre,7.5,1
K84012,Elm Tree Surgery,9.89,1
K84013,St Bartholomews & Hollow Way Med Centre,15.16,2
K84014,Morland House Surgery,9.12,1
K84015,Nettlebed Surgery,11.36,1
K84016,Beaumont Elms Practice,7.82,1
K84017,Windrush Medical Practice,10.8,1
K84019,Newbury Street Practice,10.78,1
K84020,Sonning Common Health Ctr,6.22,1
K84021,Banbury Road Medical Centre,6.8,1
K84023,Berinsfield Health Centre,14.93,2
K84024,Windrush Surgery,17.16,2
K84026,Observatory Medical Practice,7.44,1
K84027,Malthouse Surgery,10.38,1
K84028,Banbury Cross Health Centre,16.86,2
K84030,Chipping Norton Health Centre,13.77,2
K84031,The Leys Health Centre,30.01,4
K84032,Bartlemas Surgery,16.8,2
K84033,Church Street Practice,10.9,1
K84034,Clifton Hampden Surgery,9.76,1
K84035,The Bell Surgery,7.18,1
K84036,Mill Stream Surgery,8.48,1
K84037,Wallingford Medical Practice,8.48,1
K84038,Montgomery House Surgery,11.37,1
K84041,Marcham Rd Family Health Centre,9.85,1
K84042,Woodstock Surgery,8.05,1
K84043,Woodlands Medical Centre,9.0,1
K84044,Manor Surgery,10.48,1
K84045,Gosford Hill Medical Centre,7.87,1
K84046,Wychwood Surgery,9.93,1
K84047,Burford Surgery,12.1,1
K84050,The Rycote Practice,7.35,1
K84051,White Horse Medical Practice,11.39,1
K84052,Bicester Health Centre,11.5,1
K84054,The Abingdon Surgery,10.28,1
K84055,Deddington Health Centre,9.85,1
K84056,Cropredy Surgery,13.42,2
K84058,Bloxham Surgery,10.48,1
K84059,Hightown Surgery,12.32,1
K84060,St. Clement'S Surgery,14.07,2
K84062,Woodlands Surgery,15.98,2
K84063,Cowley Road Medical Practice,17.95,2
K84065,Sibford Surgery,13.79,2
K84066,Luther Street Medical Practice,17.18,2
K84071,Goring & Woodcote Medical Practice,6.76,1
K84072,Nuffield Health Centre,10.81,1
K84075,Broadshires Health Centre,8.68,1
K84078,Jericho Health Centre,8.76,1
K84079,Long Furlong Medical Centre,5.9,1
K84080,Northgate Health Centre,9.91,1
K84082,The Key Medical Practice,8.78,1
K84605,Kes@Northgate,10.12,1
K84610,The Charlbury Medical Centre,10.46,1
K84613,Alchester Medical Group,10.08,1
K84618,Cogges Surgery,9.15,1
K84624,Oak Tree Health Centre,7.25,1
L81004,Portishead Medical Group,7.22,1
L81007,Bridge View Medical,19.82,3
L81008,Shirehampton Group Practice,30.2,4
L81009,Stockwood Medical Centre,21.89,3
L81010,Hope House Surgery,16.98,2
L81012,Montpelier Health Centre,24.64,3
L81013,Fishponds Family Practice,20.72,3
L81014,Frome Valley Medical Centre,9.59,1
L81015,Charlotte Keel Medical Practice,34.71,5
L81016,Graham Road Surgery,33.65,5
L81017,Westbury On Trym Primary Care Centre,8.06,1
L81018,Severn View Family Practice,10.74,1
L81019,Concord Medical Centre,11.91,1
L81020,Widcombe Surgery,11.73,1
L81021,Winscombe Surgery,13.11,2
L81022,Horfield Hc,23.13,3
L81023,East Trees Health Centre,29.3,4
L81024,Courtside Surgery,12.46,1
L81025,Somer Valley Medical Group,13.12,2
L81026,The Downend Health Group,12.47,1
L81027,Batheaston Medical Centre,8.61,1
L81029,Three Shires Medical Practice,12.17,1
L81030,Harptree Surgery,10.93,1
L81031,The Armada Family Practice,20.18,3
L81033,Nightingale Valley Practice,18.31,2
L81034,Tyntesfield Medical Group,6.9,1
L81037,Pioneer Medical Group,31.83,4
L81038,Air Balloon Surgery,19.41,3
L81039,Heart Of Bath,12.44,1
L81040,Clevedon Medical Centre,10.74,1
L81041,Hillview Family Practice,56.48,5
L81042,Kennedy Way Surgery,12.56,1
L81044,Tudor Lodge Surgery,26.46,4
L81045,St Augustine'S Medical Practice,10.14,1
L81046,Leap Valley Medical Centre,9.54,1
L81047,West Walk Surgery,12.27,1
L81050,Close Farm Surgery,9.66,1
L81051,168 Medical Group,26.73,4
L81053,The Lennard Surgery,22.2,3
L81054,Grange Road Surgery,39.4,5
L81055,Orchard Medical Centre,16.86,2
L81058,The Milton Surgery,18.31,2
L81059,Elm Hayes Surgery,11.83,1
L81061,The Wellspring Surgery,33.39,5
L81062,Fireclay Health,20.55,3
L81063,Kingswood Health Centre,17.37,2
L81065,Combe Down Surgery,12.34,1
L81066,Stafford Medical Group,18.94,3
L81068,The Pulteney Practice,12.32,1
L81069,St. Michael'S Surgery,28.03,4
L81070,Newbridge Surgery,9.48,1
L81071,Fairfield Park Health Centre,11.11,1
L81072,Chew Medical Practice,10.39,1
L81073,West View Surgery,12.06,1
L81075,The Old School Surgery,17.14,2
L81078,Gloucester Road Medical Centre,10.52,1
L81079,Hanham Health,9.8,1
L81081,Pembroke Road Surgery,7.86,1
L81082,Bedminster Family Practice,23.09,3
L81083,Hartwood Healthcare,56.29,5
L81084,Priory Surgery,19.96,3
L81085,Heywood Family Practice,12.47,1
L81086,Mendip Vale Medical Practice,12.12,1
L81087,Beechwood Medical Practice,22.19,3
L81089,Lawrence Hill Health Centre,37.68,5
L81090,The Family Practice,10.36,1
L81091,Whiteladies Medical Group,8.85,1
L81095,Downton Road Surgery,42.68,5
L81098,Greenway Community Practice,25.39,4
L81103,St Mary Street Surgery,11.96,1
L81106,Streamside Surgery,10.97,1
L81118,Stokes Medical Group,10.09,1
L81120,Birchwood Medical Practice,17.64,2
L81122,St. Mary'S Surgery,11.12,1
L81123,Hillcrest Surgery,13.57,2
L81125,Wells Road Surgery,16.86,2
L81127,Almondsbury Surgery,13.49,2
L81130,Cadbury Heath Healthcare,10.82,1
L81131,Fallodon Way Medical Centre,5.34,1
L81132,Westfield Surgery,14.44,2
L81133,Student Health Service,11.88,1
L81600,Harbourside Family Practice,7.03,1
L81617,University Medical Centre,9.78,1
L81632,Emersons Green Medical Centre,9.57,1
L81642,Wellington Road Surgery,12.2,1
L81643,The Cedars Surgery,17.92,2
L81644,Rush Hill Surgery,12.41,1
L81669,Mvmg - Monks Park,22.8,3
L81670,Horizon Health Centre,53.73,5
L82001,Lander Medical Practice,17.16,2
L82003,Port Isaac Surgery,20.53,3
L82004,Wadebridge & Camel Estuary Practice,18.12,2
L82006,Penryn Surgery,16.19,2
L82007,Camelford Medical Centre,28.28,4
L82008,Stratton Medical Centre,23.43,3
L82010,Bosvena Health,26.77,4
L82011,Brannel Surgery,29.07,4
L82012,Tamar Valley Health,22.13,3
L82013,Perranporth Surgery,20.06,3
L82015,Chacewater Health Centre,19.81,3
L82016,Oak Tree Surgery,25.21,4
L82017,St Mary'S Health Centre,12.71,1
L82018,Helston Medical Centre,20.03,3
L82022,Old Bridge Surgery,25.13,4
L82023,Petroc Group Practice,22.57,3
L82025,Mevagissey Surgery,20.61,3
L82026,Middleway Surgery,24.34,3
L82028,Three Spires Medical Practice,17.32,2
L82029,Narrowcliff Surgery,18.31,2
L82030,Launceston Medical Centre,25.02,4
L82035,Fowey River Practice,20.33,3
L82036,Bodriggy Health Centre,21.15,3
L82038,Atlantic Medical Group,28.0,4
L82039,Lostwithiel Surgery,22.09,3
L82041,Carn To Coast Health Centres,27.05,4
L82042,Leatside Health Centre,24.67,3
L82043,Quay Lane Surgery,20.91,3
L82044,Veor Surgery,28.81,4
L82045,Probus Surgery,17.84,2
L82046,Saltash Health Centre,15.42,2
L82047,Marazion Surgery,23.5,3
L82048,Roseland Surgeries,20.33,3
L82049,Falmouth Health Centre,16.71,2
L82050,Rosedean Surgery,27.38,4
L82051,Clays Practice,33.7,5
L82052,Trescobeas Surgery,15.7,2
L82054,St. Agnes Surgery,18.35,2
L82056,The Mullion & Constantine Group Practice,22.75,3
L82057,St Keverne Health Centre,28.24,4
L82058,Bottreaux Surgery,25.52,4
L82059,Cober Valley Health,18.58,3
L82061,Carnon Downs Surgery,13.94,2
L82066,Port View Surgery,15.76,2
L82068,Godolphin Health,22.54,3
L82070,Sunnyside Surgery,28.75,4
L82620,Harris Memorial Surgery,24.36,3
L82622,Westover Surgery,13.08,2
L83002,Honiton Surgery,15.64,2
L83003,Queen'S Medical Centre,26.06,4
L83004,Kingsteignton Medical Practice,14.74,2
L83005,Barton Surgery,20.14,3
L83006,Mayflower Medical Group,29.43,4
L83007,Seaton & Colyton Medical Practice,12.16,1
L83008,Pathfields Medical Group,25.6,4
L83010,Ashburton Surgery,19.75,3
L83011,Budleigh Salterton Medical Practice,12.79,1
L83012,Bradworthy Surgery,25.15,4
L83013,Brunel Medical Practice,25.47,4
L83014,Mayfield Medical Centre,24.01,3
L83015,Oakside Surgery,34.9,5
L83016,St Thomas Medical Group,15.09,2
L83019,Elm Surgery,18.8,3
L83020,Axminster Medical Practice,18.49,3
L83021,Dean Cross Surgery,10.32,1
L83023,Amicus Health - Mid Devon Sites,21.82,3
L83024,Barnfield Hill Surgery,17.12,2
L83025,Wallingbrook Health Centre,25.09,4
L83026,Torrington Health Centre,21.46,3
L83027,Croft Hall Medical Practice,38.78,5
L83028,St Neots Surgery,31.12,4
L83029,Southover Medical Practice,30.38,4
L83030,North Road West Med.Ctr.,35.7,5
L83031,Kingskerswell & Ipplepen Med Practice,14.21,2
L83034,Albany Surgery,18.97,3
L83035,Litchdon Medical Centre,21.01,3
L83036,Topsham Surgery,14.21,2
L83038,Tavyside Health Centre,18.34,2
L83039,Southway Surgery,28.34,4
L83040,Pinhoe Surgery,14.36,2
L83041,Westbank Practice,14.69,2
L83042,St Leonards Practice,16.63,2
L83043,Leatside Surgery,17.56,2
L83044,Blackdown Practice,16.98,2
L83045,Bovey Tracey & Chudleigh Practice,15.24,2
L83046,Devon Square Surgery,18.1,2
L83048,Roborough Surgery,15.49,2
L83049,Moretonhampstead Health Centre,18.14,2
L83050,Northam Surgery,20.17,3
L83051,Cricketfield Surgery,17.94,2
L83052,Castle Place Practice,20.81,3
L83054,Townsend House Medical Centre,13.53,2
L83055,Compass House Medical Centres,21.72,3
L83056,Rolle Medical Partnership,15.72,2
L83057,Fremington Medical Centre,17.08,2
L83058,Southernhay House Surgery,18.98,3
L83059,Norton Brook Medical Centre,15.96,2
L83064,Church View Surgery,10.12,1
L83066,Mount Pleasant Health Centre,15.08,2
L83067,Sid Valley Practice,11.71,1
L83069,Ruby Country Medical Group,26.81,4
L83070,Buckfastleigh Medical Centre,22.09,3
L83071,Stoke Surgery,32.04,4
L83072,Friary House Surgery,27.45,4
L83073,Brannam Medical Centre,24.01,3
L83075,South Brent Health Centre,17.89,2
L83076,Wycliffe Surgery,25.16,4
L83077,Heavitree Practice,13.94,2
L83079,Ide Lane Surgery,12.63,1
L83081,Yealm Medical Centre,13.37,2
L83082,Chagford Health Centre,19.34,3
L83083,Bideford Medical Centre,23.65,3
L83084,South Lawn Medical Practice,15.36,2
L83085,Amicus Health,22.12,3
L83086,Modbury Health Centre,15.1,2
L83087,Okehampton Medical Centre,21.08,3
L83088,Redfern Health Centre,15.51,2
L83089,Knowle House Surgery,17.23,2
L83092,College Surgery Partnership,15.49,2
L83094,Dartmouth Medical Practice,19.08,3
L83095,Coleridge Medical Centre,12.62,1
L83096,Combe Coastal Practice,27.48,4
L83097,Caen Medical Centre,12.6,1
L83098,Cheriton Bishop Surgery,20.92,3
L83099,Isca Medical Practice,15.29,2
L83100,Beacon Medical Group,11.27,1
L83101,Abbey Surgery,17.64,2
L83102,Yelverton Surgery,15.13,2
L83103,Corner Place Surgery,28.17,4
L83105,Castle Gardens Surgery,22.16,3
L83106,Wooda Surgery,25.19,4
L83111,Chilcote Practice,28.01,4
L83112,West Hoe Surgery,29.7,4
L83113,Budshead Medical Practice,36.93,5
L83115,Whipton Surgery,21.28,3
L83116,Woodbury Surgery,11.72,1
L83118,Chelston Hall Surgery,28.18,4
L83120,Channel View Medical Group,16.2,2
L83127,Redlands Primary Care,19.07,3
L83128,Bramblehaies Surgery,15.84,2
L83129,Hartland Surgery,26.68,4
L83131,Pembroke Medical Group,25.19,4
L83134,Wyndham House Surgery,16.4,2
L83136,Haldon House Surgery,18.2,2
L83137,South Molton Medical Centre,22.79,3
L83143,Hill Barton Surgery,12.81,1
L83146,Catherine House Surgery,17.49,2
L83147,Lisson Grove Medical Ctr.,19.7,3
L83148,Chillington Health Centre,17.77,2
L83607,Old Farm Surgery,28.8,4
L83616,Sampford Peverell Surgery,15.49,2
L83624,Devonport Health Centre,42.08,5
L83628,Imperial Surgery,18.6,3
L83639,Wembury Surgery,8.35,1
L83646,St. Levan Surgery,33.66,5
L83648,Peverell Park Surgery,19.53,3
L83651,Adelaide Street Surgery,51.03,5
L83655,Wonford Green Surgery,22.85,3
L83663,Black Torrington Surgery,25.79,4
L83666,Buckland Surgery,24.86,3
L83673,Inclusion Health Devon Cic,24.5,3
L84003,Underwood Surgery,13.82,2
L84004,Winchcombe Medical Centre,10.56,1
L84005,Minchinhampton Surgery,10.69,1
L84006,Staunton & Corse Surgery,16.16,2
L84007,Rowcroft Medical Centre,13.82,2
L84008,St. George'S Surgery,16.44,2
L84009,Hadwen Health,14.85,2
L84010,Upper Thames Medical Group,11.3,1
L84011,Lydney Practice,19.85,3
L84012,Phoenix Health Group,11.31,1
L84014,Hucclecote Surgery,7.95,1
L84015,Sixways Clinic,6.1,1
L84016,Frithwood Surgery,8.36,1
L84018,Cirencester Health Group,12.12,1
L84021,Yorkley Health Centre(Wg),19.72,3
L84022,Yorkleigh Surgery(Ct),15.74,2
L84023,Church Street Practice,15.05,2
L84024,Drybrook Surgery,20.65,3
L84025,Hoyland House,12.15,1
L84026,Aspen Medical Practice,22.02,3
L84027,Culverhay Surgery,12.19,1
L84028,Forest Health Care,22.07,3
L84029,Dean Medical Practice,20.34,3
L84030,Berkeley Place Surgery,11.59,1
L84031,Stow Surgery,12.73,1
L84033,Weston House Practice,13.54,2
L84034,"Partners In Health, Pavilion Family Drs",20.52,3
L84036,Cleevelands Medical Centre,8.12,1
L84037,The Holts Health Centre,17.42,2
L84038,Cotswold Medical Practice,13.07,2
L84039,Beeches Green Surgery,13.84,2
L84040,The Leckhampton Surgery,5.12,1
L84041,Overton Park Surgery,12.4,1
L84043,Chipping Campden Surgery,11.99,1
L84045,Mitcheldean Surgery,16.71,2
L84046,Dockham Surgery,22.97,3
L84047,Churchdown Surgery,10.03,1
L84048,"The Stoke Road Surgery,",7.82,1
L84049,The Royal Well Surgery,16.23,2
L84050,Rosebank Surgery,24.77,3
L84051,Chipping Surgery,10.14,1
L84052,Severnside Medical Practice,34.2,5
L84053,Hilary Cottage Surgery,10.22,1
L84054,Mythe Medical Practice,14.03,2
L84058,St. Catherine'S Surgery,19.34,3
L84059,Royal Crescent Surgery,14.13,2
L84060,Cam & Uley Family Practice,12.5,1
L84063,Rendcomb Surgery,13.83,2
L84065,Prices Mill Surgery,11.83,1
L84067,Longlevens Surgery,7.61,1
L84068,Mann Cottage Surgery,12.63,1
L84072,White House Surgery,12.56,1
L84075,May Lane Surgery,14.4,2
L84077,Five Valleys Medical Practice,14.69,2
L84080,The Willow Tree Practice,14.35,2
L84081,Kingsholm Surgery,29.63,4
L84084,Brockworth Surgery,14.77,2
L84085,Severnbank Surgery,21.18,3
L84606,The Alney Practice,13.6,2
L84613,Stonehouse Health Clinic,14.89,2
L84617,Quedgeley Medical Centre,14.29,2
L85001,French Weir Health Centre,17.19,2
L85002,Wells Health Centre,15.28,2
L85003,Exmoor Medical Centre,27.12,4
L85004,"Crewkerne Health Centre, Crewkerne",17.49,2
L85006,Crown Medical Centre,17.5,2
L85007,"Church Street Surgery, Martock",20.71,3
L85008,Frome Medical Centre,17.08,2
L85009,West Somerset Healthcare,26.47,4
L85011,Cheddar Medical Centre,12.09,1
L85012,Wellington Medical Centre,16.83,2
L85013,Quantock Medical Centre,19.68,3
L85014,Taunton Vale Healthcare,24.93,4
L85015,"Preston Grove Medical Centre, Yeovil",17.18,2
L85016,Symphony North Healthcare,23.25,3
L85017,"Penn Hill Surgery, Yeovil",20.52,3
L85018,Cannington Health Centre,18.8,3
L85019,Minehead Medical Centre,24.86,3
L85020,Beckington Family Practice,14.34,2
L85021,College Way Surgery,9.46,1
L85022,Diamond Health Group,17.8,2
L85023,St James Medical Centre,19.63,3
L85024,Polden Medical Practice,20.23,3
L85025,Cranleigh Gardens Medical Centre,25.6,4
L85026,"Hamdon Medical Centre, Stoke-Sub-Hamdon",19.03,3
L85027,Wincanton Health Centre,18.6,3
L85029,Vine Surgery Partnership,15.64,2
L85030,Ariel Healthcare,21.69,3
L85031,Milborne Port Surgery,17.32,2
L85032,Bruton Surgery,17.93,2
L85033,Langport Surgery,17.65,2
L85034,Wells City Practice,15.34,2
L85035,East Quay Medical Centre,22.65,3
L85036,Quantock Vale Surgery,16.91,2
L85037,North Curry,19.08,3
L85038,Lister House Partnership,17.5,2
L85039,Glastonbury Surgery,18.2,2
L85040,"Millbrook Surgery, Castle Cary",17.28,2
L85042,Taunton Road Medical Centre,26.14,4
L85043,Park Medical Practice,18.07,2
L85044,Queen Camel Medical Centre,16.66,2
L85046,Mendip Country Practice,17.76,2
L85047,Glastonbury Health Centre,21.6,3
L85051,Redgate Medical Centre,26.08,4
L85052,Warwick House Medical Practice,18.56,3
L85053,Grove House Surgery,17.6,2
L85054,Summervale Surgery,17.78,2
L85055,Axbridge Surgery,12.93,1
L85056,North Petherton Surgery,18.43,2
L85061,The Meadows Surgery,17.82,2
L85062,Lyngford Park,24.94,4
L85064,Oaklands Surgery,22.05,3
L85065,Dunster & Porlock Surgeries,25.9,4
L85066,Buttercross Health Centre,16.98,2
L85601,Brent Area Medical Centre,17.49,2
L85607,Somerset Bridge Medical Centre,22.97,3
L85609,Creech,13.83,2
L85611,Oakhill Surgery,15.29,2
L85624,Church View Medical Centre,17.66,2
M81001,St Stephen'S Medical Partnership,22.82,3
M81002,Elgar House,24.22,3
M81004,Riverside Surgery,16.32,2
M81005,Northumberland House Surgery,26.59,4
M81006,Severn Valley Medical Practice,12.11,1
M81007,Bredon Hill Surgery,11.74,1
M81008,Spring Gardens Group Medical Practice,22.81,3
M81009,Golden Valley Practice,22.25,3
M81010,Kidderminster Medical Centre,26.38,4
M81011,Ombersley Medical Centre,16.93,2
M81012,Ledbury Health Partnership,16.25,2
M81015,Stanmore House Surgery,18.98,3
M81016,Ryeland Surgery,23.71,3
M81017,Elbury Moor Medical Centre,31.16,4
M81018,Weobley & Staunton On Wye Surgeries,20.88,3
M81019,Winyates Health Centre,21.94,3
M81020,The Dow Surgery,24.16,3
M81021,New Road Surgery Bromsgrove,11.04,1
M81022,Haresfield House Surgery,19.76,3
M81024,Much Birch Surgery,18.33,2
M81025,New Road Surgery,16.73,2
M81026,Hereford Medical Group,17.91,2
M81027,Hagley Surgery,5.49,1
M81029,New Barn Close Surgery,12.75,1
M81032,Cantilupe Surgery,14.21,2
M81033,Great Witley Surgery,15.47,2
M81034,Salters Medical Practice,18.32,2
M81035,St Martin'S Gate Surgery,16.05,2
M81037,Thorneloe Lodge Surgery,16.36,2
M81038,Upton Surgery,16.55,2
M81039,Whiteacres Medical Centre,15.87,2
M81040,Stourport Medical Centre,21.47,3
M81041,Hillview Medical Centre,18.53,3
M81042,Tenbury Surgery,19.12,3
M81043,The Mortimer Medical Prac,19.33,3
M81044,Alton Street Surgery,16.89,2
M81045,Knightwick Surgery,17.24,2
M81046,Abbottswood Medical Centre,16.72,2
M81047,Spa Medical Practice,18.41,2
M81048,Nunwell Surgery,22.15,3
M81049,Barbourne Health Centre,15.49,2
M81054,Kington Medical Practice,23.21,3
M81055,Cornhill Surgery,26.62,4
M81056,The Church Street Practice,25.56,4
M81057,Bewdley Medical Centre,19.13,3
M81058,Merstow Green Medical Practice,17.97,2
M81061,Pendeen Surgery,16.34,2
M81063,St Johns House Surgery,15.99,2
M81064,Hollywood Medical Centre,11.68,1
M81066,Wargrave House Surgery,18.29,2
M81067,The Surgery Kingstone,20.57,3
M81068,Aylmer Lodge Cookley Partnership,22.0,3
M81069,Davenal House Surgery Partnership,13.7,2
M81070,Churchfields Surgery,14.91,2
M81072,Albany House Surgery,18.27,2
M81074,Pershore Medical Practice,17.2,2
M81075,Malvern Health Centre,18.3,2
M81076,Colwall Surgery,12.19,1
M81077,The Ridgeway Surgery,8.71,1
M81078,Barnt Green Surgery,5.3,1
M81081,St Saviours Surgery,16.19,2
M81082,St. Johns Surgery,14.53,2
M81083,Hollyoaks Medical Centre,9.12,1
M81084,Catshill Village Surgery,13.89,2
M81090,Chaddesley Surgery,14.81,2
M81091,Corbett Medical Practice,13.58,2
M81092,The Bridge Surgery,17.6,2
M81093,Belmont Medical Centre,22.89,3
M81094,Abbey Medical Practice,17.99,2
M81600,Cradley Surgery,15.61,2
M81604,Fownhope Medical Centre,16.36,2
M81605,The Glebeland Surgery,10.94,1
M81608,Wolverley Surgery,18.57,3
M81616,Crabbs Cross Medical Centre,19.14,3
M81617,Crabbs Cross Surgery,16.11,2
M81627,Demontfort Medical Centre,16.89,2
M81629,New Court Surgery,15.97,2
M82002,Mytton Oak Medical Pract.,11.11,1
M82003,Stirchley Medical Practice,35.83,5
M82004,Bridgnorth Medical Practice,16.71,2
M82005,Plas Ffynnon Medical Ctre,19.22,3
M82006,Riverside Med Practice,18.82,3
M82007,Charlton Medical Practice,22.98,3
M82008,Church Stretton Medical Centre,14.98,2
M82009,Dawley Medical Practice,31.13,4
M82010,Market Drayton Medical Practice,18.41,2
M82011,Shawbury Medical Practice,18.62,3
M82012,Donnington Medical Practice,26.52,4
M82013,Westbury Medical Centre,18.9,3
M82014,Station Drive Surgery,20.19,3
M82016,Radbrook Green Surgery,9.44,1
M82017,Clive Medical Practice,16.39,2
M82018,Beeches Medical Practice,11.59,1
M82019,Much Wenlock & Cressage Medical Practice,17.86,2
M82020,Knockin Medical Centre,16.75,2
M82021,Albrighton Medical Pract,12.61,1
M82022,The Caxton Surgery,20.61,3
M82023,Prescott Surgery,14.72,2
M82024,Brown Clee Medical Centre,20.49,3
M82025,Churchmere Medical Group,18.01,2
M82026,Cambrian Medical Practice,18.99,3
M82028,Wellington Road Surgery,11.01,1
M82030,Pontesbury & Worthen Medical Practice,18.22,2
M82032,Severn Fields Medical Practice,23.31,3
M82033,Bishops Castle Medical Practice,23.82,3
M82034,Claremont Bank Surgery,15.03,2
M82035,Wem And Prees Medical Practice,20.55,3
M82038,Shifnal & Priorslee Medical Practice,12.34,1
M82039,Wellington Medical Practice,25.87,4
M82040,Marysville Medical Pract,16.78,2
M82041,Cleobury Mortimer Surgery,21.02,3
M82042,Woodside Medical Practice,46.63,5
M82043,Ludlow - Portcullis,20.3,3
M82046,Craven Arms Surgery,25.71,4
M82047,Marden Medical Practice,13.9,2
M82048,Belvidere Medical Pract.,18.05,2
M82051,Broseley Medical Practice,20.04,3
M82056,Linden Hall Surgery,12.45,1
M82057,Hollinswood Surgery,22.12,3
M82058,Hodnet Medical Practice,20.18,3
M82059,Shawbirch Medical Centre,13.67,2
M82060,South Hermitage Surgery,14.41,2
M82601,Alveley Medical Practice,17.68,2
M82606,Ironbridge Medical Practice,19.12,3
M82616,Court Street Medical Practice,36.92,5
M82620,The Meadows Medical Practice,22.35,3
M83001,Horsefair Practice,17.3,2
M83004,Mayfield Surgery,27.56,4
M83005,Heathcote Street Surgery,28.73,4
M83006,The Westgate Practice,10.59,1
M83007,The Village Surgery,21.5,3
M83009,Brewood Medical Practice,16.35,2
M83010,Gordon Street Surgery,30.51,4
M83011,Werrington Village Surgery,11.46,1
M83012,Leek Health Centre,17.56,2
M83013,Yoxall,10.71,1
M83014,Trent Vale Medical Practice,25.96,4
M83015,Madeley Practice,13.38,2
M83016,High Street Surgery,13.81,2
M83017,Ashley Surgery,13.09,2
M83018,Gravel Hill Surgery,11.82,1
M83020,Cumberland House,11.95,1
M83021,Furlong Medical Centre,39.34,5
M83022,Hazeldene House Surgery,9.23,1
M83023,Kidsgrove Medical Centre,19.64,3
M83024,Castlefields,17.11,2
M83025,Miller Street Surgery,18.79,3
M83026,Carlton Street Surgery,25.21,4
M83027,Trent Meadows,10.91,1
M83028,Glebedale Medical Practice,37.98,5
M83030,The Langton Medical Group,13.65,2
M83031,Russell House Surgery,10.7,1
M83032,The Aldergate Med.Pract.,19.09,3
M83033,Hednesford Medical Practice,19.55,3
M83034,Silverdale Medical Centre,23.47,3
M83035,Alrewas,9.95,1
M83036,Rising Brook,21.3,3
M83037,Tutbury Health Centre,10.5,1
M83038,Orchard Surgery,24.25,3
M83042,Bridge Surgery,17.78,2
M83044,Stafford Health And Wellbeing,17.63,2
M83045,Penkridge Medical Practice,12.1,1
M83046,Biddulph Valley Surgery,15.38,2
M83047,Meir Park & Weston Coyney Medical Pract,25.12,4
M83048,The Nile Practice,16.64,2
M83049,Holmcroft,14.2,2
M83050,Wolverhampton Road Surgery,17.26,2
M83051,Wetmore Road Surgery,21.91,3
M83052,Weeping Cross Health Centre,10.2,1
M83054,Audley Health Centre,17.67,2
M83056,Wolstanton Medical Centre,15.98,2
M83057,Mill Bank,18.21,2
M83059,Abbots Bromley Surgery,10.8,1
M83061,Millrise Medical Practice,21.55,3
M83062,Laurel House Surgery,19.35,3
M83063,Norton Canes Health Centre,19.67,3
M83065,Barton,7.88,1
M83066,Hartshill Medical Centre,19.55,3
M83067,Lyme Valley Medical Centre,20.09,3
M83068,Belgrave Medical Centre,33.44,5
M83069,Mansion House,11.95,1
M83070,Gnosall,11.25,1
M83071,Park Medical Centre,17.81,2
M83072,Salters Meadow Health Ctr,14.87,2
M83073,Stapenhill Medical Centre,22.95,3
M83074,Balance Street,13.75,2
M83075,Norfolk Street Surgery,39.59,5
M83076,Harley Street Medical Ctr,39.55,5
M83079,Dr J Greig & Partners,17.59,2
M83084,Mount Road Practice,18.57,3
M83088,Hollies Practice,19.1,3
M83089,Biddulph Doctors,15.68,2
M83090,Dunrobin Street Medical Centre,31.49,4
M83092,Crown Surgery,12.27,1
M83093,Dale Medical Practice,12.38,1
M83094,Brook Medical Centre,31.58,4
M83096,Tardis Surgery,16.1,2
M83097,Bilbrook Medical Centre,14.79,2
M83100,Dr Raju And Partners,27.8,4
M83102,Potteries Medical Centre,44.03,5
M83103,Allen Street Clinic,15.73,2
M83107,Alderwood Medical Practice,22.68,3
M83108,Well Street Medical Centre,16.55,2
M83109,Dr Manickam & Partner,18.12,2
M83110,Heathview Medical Practice,22.11,3
M83111,Riverside Surgery,23.01,3
M83113,Dr Khare'S Surgery,25.36,4
M83117,Crown Medical Practice,21.31,3
M83121,Tean Surgery,11.71,1
M83122,Waterhouses Medical Pract,17.68,2
M83123,Birches Head Medical Ctr.,31.09,4
M83125,Claverley,19.25,3
M83126,Longton Hall Surgery,31.8,4
M83127,Cobridge Surgery,43.94,5
M83129,Heath Hayes Health Centre,16.79,2
M83130,Red Lion Surgery,21.95,3
M83132,Lakeside,10.96,1
M83138,Hanford Gp,14.0,2
M83139,Moss Street Surgery,26.72,4
M83140,Higherland Surgery,18.76,3
M83141,Kingsbridge Medical Centre,12.09,1
M83143,Goldenhill Medical Centre,33.37,5
M83146,The Moorcroft Medical Ctr,42.66,5
M83148,The Peel Medical Practice,20.67,3
M83601,Brinsley Avenue Practice,10.65,1
M83608,Quinton Practice,15.19,2
M83616,Dr I Rasib & Partners,22.32,3
M83617,Darwin Medical Centre,14.34,2
M83619,Honeywall Medical Practice,28.21,4
M83624,Cambridge House,39.3,5
M83625,Prima Care Surgeries,38.26,5
M83627,Apsley Surgery,42.4,5
M83632,Trinity Medical Centre,13.18,2
M83637,Chadsmoor Medical Practice,25.84,4
M83638,The Colliery Practice,21.31,3
M83640,Alton Surgery,12.18,1
M83641,Mill View Surgery,19.41,3
M83650,Tunstall Primary Care Centre,35.36,5
M83661,Adderley Green Surgery,35.14,5
M83668,Tamar Medical Centre,12.93,1
M83670,Keele Practice,13.89,2
M83680,Northgate Surgery,13.47,2
M83681,All Saints Surgery,29.04,4
M83682,Lucie Wedgewood Surgery Ltd,41.77,5
M83691,Betley Surgery,10.37,1
M83693,Tri-Links Medical Practice,21.03,3
M83697,Milehouse Medical Practice,27.75,4
M83698,Southfield Way Surgery,16.19,2
M83701,Talke Pits Clinic,23.0,3
M83703,Brereton Surgery,17.46,2
M83709,Baddeley Green Surgery,15.58,2
M83711,Trentham Mews Medical Centre,8.73,1
M83713,Meir Medical Practice,33.35,5
M83715,Featherstone,21.58,3
M83717,Norton Canes Surgery,18.17,2
M83718,Peel Croft,31.81,4
M83719,Rawnsley Surgery,16.05,2
M83723,Loomer Medical Partnership,32.69,4
M83725,Blurton Medical Practice,43.27,5
M83727,Norton Canes Practice,17.27,2
M83738,Aelfgar Surgery,17.92,2
M84001,Red Roofs Surgery,25.19,4
M84002,Pool Medical Centre,12.79,1
M84003,Arbury Medical Centre,27.38,4
M84004,Whitehall Medical Practice,13.06,1
M84005,Chapel End Surgery,28.07,4
M84006,Pear Tree Surgery,17.85,2
M84007,Dordon & Polesworth Group Practice,17.75,2
M84008,Spring Hill Medical Centre,25.18,4
M84009,Fenny Compton Surgery,13.93,2
M84010,Avonside Health Centre,12.05,1
M84011,Bedworth Health Centre,26.78,4
M84012,Park Leys Medical Practice,22.0,3
M84013,Castle Medical Centre,5.62,1
M84014,Bridge House Medical Centre,10.36,1
M84015,Croft Medical Centre,14.94,2
M84016,Wolston Surgery,13.34,2
M84017,Clarendon Lodge Medical Centre,9.81,1
M84018,Bidford Health Centre,13.04,1
M84019,The Atherstone Surgery,23.01,3
M84020,Clifton Road Surgery,14.23,2
M84021,Rother House Medical Centre,11.61,1
M84022,Manor Court Surgery,29.34,4
M84023,Central Surgery,15.44,2
M84024,Henley-In-Arden Med Ctr,11.93,1
M84025,Shipston Medical Centre,12.47,1
M84026,Southam Surgery,10.0,1
M84028,Priory Medical Centre,11.64,1
M84029,Valley Road Medical Practice,10.95,1
M84030,Hastings House Surgery,12.44,1
M84031,Revel Surgery,14.38,2
M84032,Waterside Medical Centre,14.62,2
M84034,Whitestone Surgery,14.1,2
M84035,Westside Medical Centre,16.49,2
M84036,Abbey Medical Centre,5.63,1
M84037,The Grange Medical Centre,11.69,1
M84040,Sherbourne Medical Centre,11.71,1
M84041,Riversley Road Surgery,27.04,4
M84042,Hazelwood Group Practice,14.36,2
M84043,Trinity Court Surgery,11.26,1
M84044,Harbury Surgery,10.86,1
M84046,Dunchurch Surgery,8.75,1
M84047,Tanworth-In-Arden Med Ctr,9.61,1
M84049,Alcester Health Centre,11.74,1
M84050,Market Quarter Medical Practice,15.94,2
M84051,Old Mill Surgery,24.54,3
M84055,Stockingford Medical Centre,25.25,4
M84059,Spa Medical Centre,14.61,2
M84060,The Arrow Surgery,12.12,1
M84061,Bulkington Surgery,15.04,2
M84062,Vale Of Red Horse,13.97,2
M84063,Chase Meadow Health Centre,10.26,1
M84064,Whitnash Medical Centre,10.8,1
M84065,Beech Tree Medical Practice,16.76,2
M84066,Meon Medical Centre,15.4,2
M84067,Bennfield Surgery,15.28,2
M84069,Budbrooke Medical Centre,9.95,1
M84070,Warwick Gates Fam.Hth.Ctr,10.96,1
M84609,Woodlands Surgery,23.83,3
M84612,Station Street Surgery,18.53,3
M84615,Hartshill Health Centre,24.88,3
M84616,Brookside Surgery,13.12,2
M84618,Rugby Road Surgery,22.34,3
M84620,Lapworth Surgery,13.88,2
M84621,Queens Road Surgery,30.48,4
M84627,The Old Cole House Practice,27.64,4
M84629,St Wulfstan Surgery,10.66,1
M85001,Shah Zaman Surgery,50.58,5
M85005,The Park Medical Centre,53.3,5
M85006,Green Ridge Surgery,36.09,5
M85007,West Heath Surgery,34.73,5
M85009,Hamstead Road Surgery,38.23,5
M85011,The Swan Medical Centre,42.52,5
M85013,Church Lane - Khan,51.22,5
M85014,Kingsbury Road Medical Centre,44.28,5
M85016,Hillcrest Surgery,43.19,5
M85018,Yardley Wood Health Centre,31.39,4
M85019,Tower Hill Partnership,24.22,3
M85020,Raydocs Newtown,55.15,5
M85021,Moseley Medical Centre,34.59,5
M85023,Millennium Medical Centre,41.55,5
M85024,The Limes Medical Centre,55.62,5
M85025,Bath Row Medical Practice,26.64,4
M85026,Ashfield Surgery,10.43,1
M85027,Leach Heath Medical Centre,32.6,4
M85028,Lordswood House Group Medical Practice,25.48,4
M85029,College Green Medical Practice,25.96,4
M85030,St Heliers Medical Practice,35.94,5
M85031,The Harlequin Surgery,43.78,5
M85033,The Manor Practice,12.19,1
M85034,Omnia Practice,51.9,5
M85035,Woodgate Valley Health Centre,41.78,5
M85037,Kingsfield Medical Centre,19.75,3
M85041,Bournbrook Varsity Medical Centre,20.0,3
M85042,Selly Park Surgery,21.52,3
M85043,Hawkesley Medical Practice,50.32,5
M85046,Sutton Coldfield Group Practice,9.59,1
M85047,Woodland Road Surgery,30.81,4
M85048,Church Road Surgery,33.5,5
M85051,Firstcare Practice,51.1,5
M85053,The St.Clements Surgery,52.72,5
M85055,Selly Oak Health Centre,20.84,3
M85056,Weoley Park Surgery,31.39,4
M85058,Harborne Medical Practice,23.14,3
M85060,The Oaks Medical Centre,21.34,3
M85061,Yardley Green Medical Centre,51.17,5
M85062,Shenley Green Surgery,35.51,5
M85063,Midlands Medical Partnership,35.95,5
M85065,Poplars Surgery,32.82,4
M85066,Ward End Medical Centre,47.75,5
M85070,Reservoir Road Surgery,45.66,5
M85071,Wychall Lane Surgery,31.42,4
M85074,Wake Green Surgery,31.41,4
M85076,Great Park Medical Group,43.47,5
M85077,Northwood Medical Centre,17.29,2
M85078,Oakwood Surgery,43.69,5
M85079,Eden Court Medical Practice,47.01,5
M85081,The Dove Medical Practice,39.7,5
M85082,Handsworth Medical Pract.,49.3,5
M85084,The Wand Medical Centre,52.6,5
M85086,Cofton Medical Centre,27.05,4
M85087,College Road Surgery,41.5,5
M85088,Karis Medical Centre,33.94,5
M85094,Yardley Medical Centre,51.23,5
M85097,Cranes Park Road Surgery,27.47,4
M85098,Rotton Park Medical Centre,36.88,5
M85105,Victoria Road Surgery,39.19,5
M85107,Firs Surgery,48.81,5
M85108,Small Heath Medical Practice,59.31,5
M85110,Saltley And Fernbank Medical Practice,53.08,5
M85113,Bucklands End Lane Surgery,38.67,5
M85115,Sutton Road Surgery,30.45,4
M85116,Fernley Medical Centre,49.04,5
M85117,Bartley Green Medical Practice,43.52,5
M85118,Baldwins Lane Surgery,15.34,2
M85123,Al-Shafa Medical Centre,53.83,5
M85124,Bellevue Medical Centre,33.81,5
M85128,Dr Walji And Colleagues,54.5,5
M85136,Druids Heath Surgery,47.35,5
M85139,Alpha Medical Practice,54.12,5
M85141,Schoolacre Road Surgery,47.74,5
M85143,Jiggins Lane Medical Centre,40.8,5
M85145,The Slieve Surgery,30.61,4
M85146,The Khattak Memorial Surgery,53.65,5
M85149,Alum Rock Medical Centre,52.63,5
M85153,Weather Oak Medical Centre,54.4,5
M85154,Finch Road Primary Care Centre,53.39,5
M85155,Kingstanding Circle Surgery,39.43,5
M85156,River Brook Medical Centre,25.42,4
M85158,Apollo Surgery,27.8,4
M85164,Newport Medical Group,52.41,5
M85167,University Medical Practice,14.36,2
M85170,Gate Medical Centre,55.06,5
M85171,Rowlands Road Surgery,31.51,4
M85172,Ridgacre House Surgery,24.05,3
M85174,The Brook Surgery,54.3,5
M85175,The Hawthorns Surgery,10.95,1
M85176,Kirpal Medical Practice,52.82,5
M85177,Swanswell Medical Centre,35.51,5
M85178,Modality Birmingham,49.94,5
M85179,Maypole Health Surgery Y,35.56,5
M85600,Rea Valley Health Partnership,30.38,4
M85624,Perry Park Surgery,36.14,5
M85634,Heathfield Family Centre,52.44,5
M85642,Cavendish Medical Practice,45.07,5
M85669,Tudor Practice Stockland Green,47.24,5
M85670,Greenfield Medical Centre,54.98,5
M85676,Victoria Road Medical Ctr,55.17,5
M85679,Charles Road Surgery,54.09,5
M85680,Cotterils Lane Surgery,54.63,5
M85684,City Road Medical Centre,41.37,5
M85686,Dr Kulshrestha Family Practice,50.88,5
M85693,Featherstone Medical Centre,24.9,4
M85694,Garretts Green Lane Surgery,34.77,5
M85697,Church Road Surgery,54.6,5
M85699,Coventry Road Medical Centre,54.82,5
M85701,Burbury Medical Centre,56.44,5
M85706,Druid Group - Emc Surgery,48.14,5
M85711,City Health Centre,34.12,5
M85713,Highgate Medical Centre,50.24,5
M85715,Soho Road Primary Care Centre,53.45,5
M85716,Dr Khuroo'S Practice,48.04,5
M85717,Downsfield Medical Centre,45.59,5
M85721,Holyhead Primary Health Care Centre,52.52,5
M85722,Naseby Medical Centre,50.76,5
M85730,Doski Medical Practice,33.88,5
M85732,Bloomsbury Surgery,51.13,5
M85733,Moor Green Lane Medical Centre,28.3,4
M85735,Greet Medical Practice,50.16,5
M85736,Acocks Green Medical Centre,44.42,5
M85739,Pak Health Centre,54.66,5
M85746,Mirfield Surgery,51.25,5
M85749,Aubrey Road Medical Centre,51.88,5
M85756,Springfield Medical Pract,47.7,5
M85757,Soho Road Health Centre,53.53,5
M85759,Nechells Practice,53.1,5
M85766,Balsall Heath Health Centre (S),52.51,5
M85770,The Sheldon Medical Centre,32.31,4
M85774,Springfield Surgery,44.03,5
M85778,Halcyon Medical,20.91,3
M85779,Aylesbury Surgery,42.59,5
M85781,Bordesley Green Surgery,55.57,5
M85783,Strensham Road Surgery,48.11,5
M85792,Cotmore Surgery,24.28,3
M85794,"The Balaji Surgery, The Sparkbrook Chc",55.87,5
M85797,Hockley Medical Practice,32.5,4
M85803,Pearl Medical Centre,53.78,5
M86001,Willenhall Primary Care Centre - 1,42.15,5
M86002,Longford Primary Care Centre,39.7,5
M86003,Sky Blue Medical Group,25.07,4
M86004,Allesley Park Medical Ctr,12.28,1
M86005,Hillfields Health Centre - 1,37.2,5
M86006,Jubilee Healthcare,20.44,3
M86007,Phoenix Family Care,12.65,1
M86008,The Gables Medicentre,28.69,4
M86009,Engleton House Surgery,29.72,4
M86010,Forrest Medical Centre,22.36,3
M86012,Priory Gate Practice,38.16,5
M86014,The Forum Health Centre,22.25,3
M86015,Kenyon Medical Centres,25.07,4
M86016,Godiva Group Practice,32.87,4
M86017,Mansfield Medical Centre,26.93,4
M86018,Moseley Avenue Surgery,21.06,3
M86019,Westwood Medical H/Centre,20.94,3
M86020,Wood End Health Centre,46.02,5
M86021,Springfield Medical Practice,21.03,3
M86027,Cheylesmore Surgery,19.72,3
M86028,Central Medical Centre,39.47,5
M86029,Broomfield Park Med.Ctr.,16.02,2
M86030,Kensington Road Surgery,17.29,2
M86032,Holbrooks Health Team,29.18,4
M86033,Willenhal Oak Medical Centre,38.34,5
M86034,Woodside Medical Centre,23.18,3
M86035,Henley Green Medical Centre,41.75,5
M86037,Quinton Park Medical Centre,19.22,3
M86038,Bredon Avenue Surgery,19.56,3
M86039,Allesley Village Surgery,11.75,1
M86040,Walsgrave Health Centre,21.61,3
M86041,Clay Lane Medical Practice,33.26,4
M86044,Park House,29.33,4
M86045,Paradise Medical Centre,38.09,5
M86046,Copsewood Medical Centre,20.55,3
M86048,Windmill Surgery,32.92,4
M86605,Limbrick Wood Surgery,23.25,3
M86610,St Georges Road Surgery,30.48,4
M86612,George Eliot Medical Centre,40.73,5
M86617,Hillfields - Dr Bano,36.33,5
M86622,Govind Health Centre,14.93,2
M86624,Coventry Gp Group Of Practices,34.27,5
M86627,Stoke Aldermoor Med Ctre,36.58,5
M86633,Edgwick Medical Centre,44.0,5
M86638,Woodway Medical Centre,24.84,3
M87001,Meadowbrook Surgery,13.27,2
M87003,Moss Grove Surgery,9.91,1
M87005,Three Villages Medical Practice,16.2,2
M87006,Eve Hill Medical Practice,32.24,4
M87007,The Ridgeway Surgery,20.75,3
M87008,Kingswinford Medical Practice,16.48,2
M87009,Aw Surgeries,25.29,4
M87010,The Waterfront Surgery,34.66,5
M87011,Lion Health,14.13,2
M87012,The Greens Health Centre,38.03,5
M87013,Tandon Medical Centre (Oram & Partners),30.91,4
M87014,Lapal Medical Practice,12.36,1
M87015,Lower Gornal Medical Practice,19.57,3
M87016,Woodsetton Medical Centre,22.86,3
M87017,Steppingstones Medical Practice,41.73,5
M87018,The Summerhill Surgery,13.66,2
M87019,The Limes Surgery Medical Centre,31.18,4
M87020,Feldon Lane Practice,16.41,2
M87021,Coseley Medical Centre,31.14,4
M87023,Wordsley Green Health Centre,15.62,2
M87024,Wychbury Medical Group,25.79,4
M87025,Limestone Surgery,39.33,5
M87026,St James Medical Practice2,34.91,5
M87027,Quarry Bank Medical Centre,26.68,4
M87028,Anchor Medical Practice,32.98,4
M87030,Pedmore Medical Practice,28.28,4
M87034,Clement Road Medical Practice,26.71,4
M87036,Bean Medical Practice,41.35,5
M87037,Northway Medical Centre,14.49,2
M87041,Rangeways Road Surgery,18.02,2
M87601,Keelinge House,40.52,5
M87602,Halesowen Medical Practice,15.49,2
M87605,Central Clinic,40.84,5
M87612,St James Medical Practice1,34.84,5
M87617,Links Medical Practice,35.99,5
M87618,Quincy Rise Surgery,13.76,2
M87620,Castle Meadows Surgery,20.33,3
M87623,Alexandra Medical Centre,24.86,3
M87628,Chapel Street Medical Centre,34.17,5
M87638,Thorns Road Surgery,23.69,3
M88001,The Village Medical Centre,39.11,5
M88002,The Smethwick Medical Centre,36.49,5
M88003,Warley Medical Centre,24.15,3
M88004,Regis Medical Centre,32.02,4
M88006,Cape Hill Medical Centre,40.26,5
M88007,Oakeswell Health Centre,34.92,5
M88008,Stone Cross Medical Centre,33.28,4
M88009,Norvic Family Practice,35.85,5
M88010,Swanpool Medical Centre,45.56,5
M88013,Black Country Family Practice,37.08,5
M88014,Dr Gudi Pv & Partner,34.1,5
M88015,Great Barr Practice,19.79,3
M88016,Old Hill Medical Centre,33.27,4
M88018,Oldbury Health Centre,32.73,4
M88019,Bearwood Road Surgery,36.95,5
M88020,Sherwood House Medical Practice,26.02,4
M88021,Scott Arms Medical Centre,17.26,2
M88022,Jubilee Health Centre,35.03,5
M88023,Tame Valley Medical Centre,38.92,5
M88026,Portway Family Practice,31.0,4
M88030,Church View Surgery,31.3,4
M88035,New Street Surgery,33.78,5
M88038,Linkway Medical Practice,38.03,5
M88040,St Paul'S Medical Practice,38.23,5
M88041,Hawthorns Medical Centre,41.9,5
M88042,Bearwood Medical Centre,28.39,4
M88043,Haden Vale Surgery,26.62,4
M88600,The Victoria Surgery,37.61,5
M88610,Sarephed Medical Centre,38.35,5
M88612,Glebefields Surgery,40.82,5
M88616,Great Bridge Pship For Health,37.39,5
M88618,"Walford Street, Tividale",34.81,5
M88619,Dr Arora Rk,36.62,5
M88620,Causeway Green Road Surgery,30.64,4
M88625,St Paul'S Partnership - Lyng Medical,38.12,5
M88626,Dr Ui Haque N,38.52,5
M88628,Dr Singh M,35.41,5
M88630,Clifton Lane Medical Centre,36.5,5
M88633,Lodge Road Surgery,36.72,5
M88635,Dog Kennel Lane Surgery,32.48,4
M88639,St Pauls Partners,38.67,5
M88640,Warley Road Surgery,33.24,4
M88643,The Spires Health Centre,35.92,5
M88645,Hill Top Medical Centre,27.77,4
M88646,Dr Dewan Vk,37.48,5
M88647,Rood End Medical Practice,37.38,5
M89001,Parkfield Medical Centre,25.44,4
M89002,Kingshurst Medical Practice,42.54,5
M89003,Gps Healthcare,11.73,1
M89005,St. Margarets Medical Practice,11.32,1
M89007,Richmond Medical Centre,17.56,2
M89008,Bosworth Medical Group,43.35,5
M89009,Manor House Lane Surgery,26.83,4
M89010,Dorridge Surgery,5.1,1
M89012,Croft Medical Centre,45.71,5
M89013,Arran Medical Centre,43.78,5
M89015,Northbrook Health Centre,14.29,2
M89016,Balsall Common & Meriden Group Practice,9.85,1
M89017,Solihull Healthcare Partnership,8.82,1
M89019,Hobs Moat Medical Centre,17.56,2
M89021,Coventry Road Practice,20.22,3
M89024,Grafton Road Surgery,28.06,4
M89026,The Castle Practice,30.15,4
M89027,Green Lane Surgery,42.06,5
M89030,Arden Medical Centre,4.91,1
M89608,Hampton Surgery,8.87,1
M91003,Sina Health Centre,23.08,3
M91004,St Peter'S Surgery,45.87,5
M91006,Parkside Medical Practice,28.66,4
M91007,St John'S Medical Centre,22.43,3
M91008,Little London Surgery,42.19,5
M91009,Streets Corner Surgery,22.88,3
M91010,Portland Medical Practice,13.19,2
M91013,Lockfield Surgery,33.54,5
M91014,Brace Street Health Centre,44.15,5
M91015,Umbrella Medical,29.28,4
M91016,New Invention Health Centre,27.26,4
M91017,Northgate Medical Centre,13.86,2
M91018,Saddlers Health Centre,40.55,5
M91019,Rushall Medical Centre,23.12,3
M91021,Lockstown Practice,33.71,5
M91024,Chapel Street Surgery,19.54,3
M91026,Darlaston Family Practice,39.79,5
M91028,Modality Kingfisher Darlaston Practice,35.65,5
M91029,Mossley & Dudley Fields Medical Practice,41.76,5
M91032,Collingwood Family Practice,14.82,2
M91033,Willenhall Medical Centre,33.4,5
M91034,Bloxwich Medical Practice,34.43,5
M91036,Harden Health Centre,47.72,5
M91602,Khan Medical Practice,43.63,5
M91609,New Road Medical Centre,28.05,4
M91611,Beechdale Centre,49.97,5
M91612,St Mary'S Surgery,42.3,5
M91613,Forrester Street Medical Centre,43.41,5
M91614,Stroud Practice,31.46,4
M91616,Pleck Health Centre,41.3,5
M91619,Broadway Medical Centre,31.1,4
M91621,Palfrey Health Centre,44.26,5
M91623,Lower Farm Health Centre,28.67,4
M91624,Moxley Medical Centre,38.93,5
M91626,Holland Park Surgery,28.21,4
M91628,Brace Street Hc- Kumar,39.89,5
M91629,Birchills Health Centre,46.9,5
M91637,Blackwood Health Centre,4.95,1
M91639,Walsall Wood Health Centre,26.31,4
M91640,Rough Hay Surgery,42.89,5
M91641,Darlaston Medical Centre,40.91,5
M91642,Queslett Medical Centre,18.81,3
M91647,Pillai,41.27,5
M91650,Pinfold Medical,39.95,5
M91654,High Street Surgery,22.75,3
M91659,Brace Street Hc- Mahbub (M91659),46.22,5
M92001,Poplars Medical Centre,40.39,5
M92004,Primrose Lane Practice,36.37,5
M92006,Coalway Road Surgery,20.79,3
M92008,Castlecroft Medical Practice,16.54,2
M92009,Prestbury Medical Practice,29.26,4
M92010,Tettenhall Medical Practice,14.23,2
M92011,Rwt Practices Penn Manor Medical Centre,27.58,4
M92012,Duncan Street Primary Care Centre,35.85,5
M92013,Dr Sinha & Tahir,45.51,5
M92015,Improving Health (Ih) Medical,38.01,5
M92016,Tudor Medical Centre,42.68,5
M92019,Keats Grove Surgery,39.88,5
M92022,Ashmore Park Medical Centre,30.42,4
M92026,Griffiths Drive Medical Practice,29.4,4
M92028,Thornley Street Surgery,42.99,5
M92029,Newbridge Surgery,21.5,3
M92039,Dr St Pierre-Libberton,31.13,4
M92040,Mayfield Medical Practice,35.85,5
M92041,Probert Road Surgery,29.18,4
M92043,Penn Surgery,19.3,3
M92607,Whitmore Reans Medical Practice,37.76,5
M92609,Ashfield Road Surgery,29.11,4
M92612,Health And Beyond,35.64,5
M92627,Bilston Family Practice,37.52,5
M92629,Fordhouses Medical Centre,31.62,4
M92630,East Park Medical Practice,41.24,5
M92649,Dr Mudigonda,37.55,5
M92654,Bagary'S Medical Practice,41.79,5
N81001,Audlem Medical Practice,13.1,2
N81002,Kenmore Medical Centre,5.49,1
N81005,Helsby Health Centre,13.38,2
N81006,Bunbury Medical Practice,14.75,2
N81007,Holes Lane Medical Ltd.,15.09,2
N81008,The Cedars Medical Centre,10.54,1
N81009,Heath Lane Medical Centre,8.85,1
N81010,Nantwich Health Centre,12.46,1
N81011,Bevan Group Practice,23.1,3
N81012,Guardian Street Med/Ctr,20.77,3
N81013,High Street Surgery,17.02,2
N81014,Brookfield Surgery,6.91,1
N81016,Millcroft Medical Centre,28.85,4
N81018,Tarporley Health Centre,9.59,1
N81019,Castlefields Health Centre,40.95,5
N81020,Penketh Health Centre,7.37,1
N81022,Middlewood Partnership,6.92,1
N81024,Swanlow Medical Centre,28.98,4
N81025,Firdale Medical Centre,13.08,2
N81027,Readesmoor Medical Group Practice,13.37,2
N81028,Causeway Medical Centre,15.81,2
N81029,South Park Surgery,16.28,2
N81030,Princeway Surgeries,11.68,1
N81031,Drs Adey And Dancy,10.5,1
N81032,Ashfields Primary Care Centre,10.27,1
N81033,Alderley Edge Medical Centre,6.19,1
N81034,Boughton Medical Group,12.6,1
N81035,Fir Park Medical Centre,21.47,3
N81036,Springfields Medical Centre,22.42,3
N81037,The Beeches Medical Ctr,32.99,4
N81038,Laurel Bank Surgery,14.95,2
N81039,Oaklands,14.39,2
N81040,High Street Practice Winsford,28.67,4
N81041,Helsby Street Med/Ctr,21.71,3
N81043,Haslington Surgery,8.6,1
N81044,Hungerford Medical Centre,21.23,3
N81045,Peelhouse Medical Plaza,28.49,4
N81046,Park Medical Centre,13.51,2
N81047,The Kiltearn Medical Ctr.,12.17,1
N81048,Fearnhead Cross Med.Ctr.,28.73,4
N81049,Knutsford Medical Partnership,12.19,1
N81050,Great Sutton Medical Centre,19.76,3
N81051,The Weaverham Surgery,14.62,2
N81052,Lawton House Surgery,14.45,2
N81053,Earnswood Medical Centre,27.59,4
N81054,Weaver Vale Practice,39.71,5
N81055,Watling Street Surgery,15.96,2
N81056,Folly Lane Medical Centre,27.66,4
N81057,Tower House Practice,29.81,4
N81059,Culcheth Medical Centre,11.37,1
N81060,Neston Surgery,11.58,1
N81061,Witton Street Surgery,19.17,3
N81062,Cumberland House Surgery,15.63,2
N81063,York Road Group Practice,32.61,4
N81064,Newtown Surgery,36.92,5
N81065,Latchford Medical Centre,22.97,3
N81066,Grove House Practice,32.03,4
N81067,Oakwood Medical Centre,15.23,2
N81068,Grosvenor Medical Centre,28.28,4
N81069,Chelford Surgery,9.21,1
N81070,Handforth Health Centre,15.78,2
N81071,Greenmoss Medical Centre,13.06,2
N81072,Murdishaw,34.25,5
N81074,Launceston Close Surgery,32.65,4
N81075,Stockton Heath Med.Centre,8.15,1
N81077,The Health Centre (Holmes Chapel),7.79,1
N81079,The Elms Medical Centre,20.61,3
N81080,Northgate Medical Centre,19.96,3
N81081,Garden Lane Medical Ctr.,16.51,2
N81082,City Walls Medical Centre,18.33,2
N81083,Parkview Medical Centre,23.89,3
N81084,Rope Green Medical Centre,10.36,1
N81085,Park Lane Surgery,15.88,2
N81086,Wilmslow Health Centre,7.6,1
N81087,Danebridge Medical Centre,12.8,1
N81088,Park Green Surgery,16.64,2
N81089,Greenbank Surgery,21.79,3
N81090,Tudor Surgery,12.48,1
N81092,Hope Farm Medical Centre,18.44,2
N81093,Whitby Health Partnership,22.06,3
N81096,Brookvale Practice,37.84,5
N81097,Dallam Lane Medical Centre,25.95,4
N81100,Upton Village Surgery,10.39,1
N81101,The Handbridge Med.Ctr.,11.62,1
N81102,Fountains Medical Practice,17.43,2
N81107,Manchester Road Surgery,20.94,3
N81108,The Lakeside Surgery,6.82,1
N81109,Padgate Medical Centre,17.7,2
N81111,Merepark Medical Centre,11.6,1
N81113,Middlewich Road Surgery,20.34,3
N81114,Birchwood Medical Centre,21.79,3
N81115,Lache Health Centre,24.25,3
N81117,Old Hall Surgery,30.41,4
N81118,Meadowside Medical Centre,13.31,2
N81119,Hough Green Health Park,37.35,5
N81120,Kelsall Medical Centre,9.39,1
N81121,Northgate Village Surgery,18.96,3
N81122,Westbrook Medical Centre,8.32,1
N81123,Willow Wood Surgery,31.54,4
N81125,Neston Medical Centre,12.73,1
N81127,The Weaver Vale Surgery,27.44,4
N81607,Westminster Surgery,37.9,5
N81614,The Surgery,15.3,2
N81619,Oaks Place Surgery,39.34,5
N81623,Stretton Medical Centre,6.44,1
N81624,The Village Surgeries Group,11.37,1
N81626,Western Ave Medical Ctre,40.0,5
N81628,The Eric Moore Partnership,29.03,4
N81632,Broken Cross Surgery,15.54,2
N81637,Cockhedge Medical Centre,31.56,4
N81642,Waters Edge Medical Centre,13.75,2
N81645,4 Seasons Medical Centre,33.3,4
N81651,Upton Rocks Primary Care,21.58,3
N81655,St Werburgh'S Medical Practice Homeless,24.79,3
N82001,The Margaret Thompson Med Centre,49.0,5
N82002,Yew Tree Centre,48.05,5
N82003,Dovecot Health Centre,44.28,5
N82004,Garston Family Health Centre,37.8,5
N82009,Grassendale Medical Centre,15.78,2
N82011,Priory Medical Centre,56.9,5
N82014,Lance Lane Medical Centre,22.84,3
N82018,Ellergreen Medical Centre,46.2,5
N82019,Langbank Medical Centre,44.83,5
N82022,Beacon Health Kensington,46.33,5
N82024,West Derby Medical Centre,23.54,3
N82026,Penny Lane Surgery,15.22,2
N82033,Dingle Park Practice,44.86,5
N82034,The Village Surgery,33.88,5
N82035,Mather Avenue Surgery,19.97,3
N82036,Netherley Health Centre,50.98,5
N82037,Westmoreland Gp Centre,32.25,4
N82039,Storrsdale Medical Centre,12.87,1
N82041,Oak Vale Medical Centre,17.66,2
N82046,Sefton Park Medical Centre,37.76,5
N82048,Walton Medical Centre,57.81,5
N82049,Westminster Medical Centre,59.03,5
N82050,Gateacre Medical Centre,32.7,4
N82052,Townsend Medical Centre,50.01,5
N82053,Aintree Park Group Practice,25.14,4
N82054,Abercromby Family Practice,40.17,5
N82058,Rock Court Surgery,42.8,5
N82059,Greenbank Drive Surgery,26.22,4
N82062,Fulwood Green Medical Ctr,17.42,2
N82065,Earle Road Medical Centre,49.6,5
N82066,Woolton House Medical Ctr,16.52,2
N82067,Benim Medical Centre,57.64,5
N82070,The Elms Medical Centre,39.34,5
N82073,The Ash Surgery,17.13,2
N82074,Old Swan Health Centre,40.45,5
N82076,Brownlow Health @ Princes Park,50.94,5
N82077,Bousfield Surgery - Dr Shah,53.45,5
N82078,Bousfield - Roberts,53.83,5
N82079,Greenbank Road Surgery,19.41,3
N82081,Islington House Medical Centre,50.26,5
N82082,St. James' Health Centre,26.71,4
N82083,Jubilee Medical Centre,37.06,5
N82084,Gateacre Brow Surgery,22.84,3
N82086,Abingdon Family Health Care Centre,47.5,5
N82087,Gillmoss Medical Centre,47.69,5
N82089,Picton Green,52.09,5
N82090,Green Lane Medical Centre,42.72,5
N82091,Gp Practice Riverside (Dr Jude),46.28,5
N82092,The Valley Medical Centre,19.87,3
N82093,Derby Lane Medical Centre,37.72,5
N82094,Belle Vale Health Centre,37.66,5
N82095,Albion Surgery,54.4,5
N82097,The Grey Road Surgery,54.02,5
N82099,Mere Lane Group Practice,60.81,5
N82101,Kirkdale Medical Centre,59.07,5
N82103,Anfield Group Practice,53.84,5
N82104,Stoneycroft Medical Centre,33.17,4
N82106,The Village Medical Ctre,18.01,2
N82107,Beacon Health Mossley Hill,15.08,2
N82108,Rutherford Medical Centre,12.76,1
N82109,Speke Hc - Dr Thakur,45.72,5
N82110,Long Lane,45.99,5
N82113,Fairfield Medical Centre,54.42,5
N82115,Vauxhall Health Centre,51.63,5
N82116,Hillfoot Health,25.03,4
N82117,Brownlow Group Practice,26.06,4
N82617,Brownlow At Marybone,23.1,3
N82633,Calvary Health Centre,34.93,5
N82641,Sandringham Medical Centre,34.77,5
N82645,Brownlow Health At Kensington,46.4,5
N82646,Dr Jude'S Practice - Riverside,48.93,5
N82648,Poulter Road Medical Centre,34.37,5
N82650,Speke Hc - Dr Singh & Dr Bicha,49.18,5
N82651,Stanley Medical Centre,57.94,5
N82655,Moss Way,49.06,5
N82662,Dunstan Village Group Practice,50.22,5
N82663,Hornspit Medical Centre,29.96,4
N82664,Rocky Lane Medical Centre,17.83,2
N82668,Walton Village Medical Centre,55.68,5
N82669,Great Homer Street Medical Centre,56.45,5
N82671,Bigham Road Medical Centre,54.28,5
N82676,Fir Tree,19.69,3
N82678,Stopgate Lane Medical Ctr,43.93,5
N83001,Rainbow Medical Centre,33.63,5
N83002,Patterdale Lodge Med Ctre,25.57,4
N83003,Ormskirk House Surgery,33.81,5
N83005,Vista Road Surgery,26.89,4
N83006,Phoenix Medical Centre,34.63,5
N83007,Lingholme Health Centre,34.79,5
N83008,Berrymead Family Med.Ctr.,45.6,5
N83009,Wingate Medical Centre,47.64,5
N83010,Rainhill Village Surgery,14.48,2
N83012,Mill Street Medical Ctr.,31.18,4
N83013,The Health Centre Surgery,29.44,4
N83014,Dinas Lane Medical Centre,33.95,5
N83017,Hall Street Medical Centre,40.03,5
N83018,Stockbridge Village Hc,55.37,5
N83019,Billinge Medical Practice,12.57,1
N83020,Modality St Helens,29.36,4
N83021,Four Acre Health Centre,36.08,5
N83023,Atlas Medical Practice,42.84,5
N83024,Park House Medical Centre,27.98,4
N83025,Cornerways Medical Centre,47.54,5
N83026,Parkfield Surgery,34.38,5
N83027,Central Surgery,30.75,4
N83028,Aston Healthcare Limited,32.38,4
N83030,Dr M Suares' Practice,28.88,4
N83031,Roseheath Surgery,32.78,4
N83032,Millbrook Medical Centre,40.59,5
N83033,St. Laurence'S Medical Centre,46.52,5
N83035,The Spinney Medical Ctr.,30.42,4
N83041,Rainford Health Centre,11.72,1
N83043,Longview Medical Centre,38.25,5
N83045,Newton Practice,27.28,4
N83047,Tarbock Medical Centre,23.2,3
N83049,Kenneth Macrae Med Centre,12.63,1
N83050,The Bowery Medical Centre,32.6,4
N83053,Longton Medical Centre,17.65,2
N83054,Bethany Medical Centre,28.79,4
N83601,The Macmillan Surgery,45.34,5
N83603,Prescot Medical Centre,28.49,4
N83605,Hollies Medical Centre,23.17,3
N83608,Dr Maassarani & Partners,38.13,5
N83609,Cedar Cross Medical Centre,34.67,5
N83610,Colby Medical Centre,40.7,5
N83614,Eccleston Medical Centre,17.32,2
N83619,Roby Medical Centre,25.96,4
N83620,Windermere Medical Centre,36.99,5
N83621,Hillside House Surgery,44.57,5
N83622,Primrose Medical Practice,48.28,5
N83633,Nutgrove Villa Surgery,35.51,5
N83637,Newholme Surgery,34.87,5
N84001,42 Kingsway,17.69,2
N84002,Aintree Road Medical Centre,44.28,5
N84003,High Pastures Surgery,10.85,1
N84004,Glovers Lane Surgery,39.24,5
N84005,Cumberland House Surgery,25.69,4
N84006,Chapel Lane Surgery,8.91,1
N84007,Liverpool Rd Medical Practice,26.65,4
N84008,Norwood Surgery,20.64,3
N84010,Maghull Family Surgery,12.95,1
N84011,Eastview Surgery,22.04,3
N84012,Ainsdale Medical Centre,15.19,2
N84013,Christiana Hartley Medical Practice,23.25,3
N84014,Ainsdale Village Surgery,17.82,2
N84015,Bootle Village Surgery,48.03,5
N84016,Moore Street Medical Centre,53.8,5
N84017,Churchtown Medical Centre,18.56,3
N84018,The Village Surgery Formby,8.85,1
N84019,North Park Health Centre,49.03,5
N84020,Blundellsands Surgery,14.02,2
N84021,St Marks Medical Centre (Tcg Medical),32.16,4
N84023,Bridge Road Medical Centre,43.29,5
N84024,Grange Surgery,15.54,2
N84025,Westway Medical Centre,11.86,1
N84027,Orrell Park Medical Centre,35.87,5
N84028,The Strand Medical Centre,51.63,5
N84029,Ford Medical Practice,41.5,5
N84034,Park Street Surgery,49.79,5
N84035,15 Sefton Road,32.84,4
N84038,Concept House Surgery,43.52,5
N84041,Kingsway Surgery,18.39,2
N84605,Litherland Practice,41.12,5
N84613,The Corner Surgery (Dr Mulla),16.71,2
N84614,The Marshside Surgery,17.66,2
N84615,Rawson Road Medical Centre,43.27,5
N84617,Kew Surgery,19.82,3
N84621,Great Crosby And Thornton,21.55,3
N84625,The Family Surgery,17.93,2
N84626,Hightown Village Surgery,9.95,1
N85002,Marine Lake Medical Practice,10.78,1
N85005,Eastham Group Practice,14.38,2
N85006,Civic Medical Centre,16.07,2
N85007,Myrtle Group Practice,13.09,2
N85008,West Wirral Group Practice,9.48,1
N85012,St Georges Medical Centre,31.15,4
N85013,Upton Group Practice,18.11,2
N85015,Devaney Med Ctr,35.29,5
N85016,Riverside Surgery,44.45,5
N85017,Cavendish Medical Centre,48.6,5
N85018,The Villa Medical Centre,19.06,3
N85019,Whetstone Lane Med Ctr,51.18,5
N85020,St Catherine'S Surgery,40.25,5
N85021,Hamilton Med Ctr,54.74,5
N85022,Holmlands Med Ctr,21.44,3
N85023,Manor Health Ctr,35.24,5
N85024,Somerville Med Ctr,45.23,5
N85025,St Hilary Group Practice,24.57,3
N85027,Central Park Medical Centre,41.61,5
N85028,Moreton Group Practice,28.61,4
N85031,Gladstone Med Ctr,48.46,5
N85032,Greasby Group Practice,7.7,1
N85037,Heatherlands Med Ctr,37.48,5
N85038,Vittoria Med Ctr G,56.28,5
N85044,Paxton Medical Group,32.03,4
N85046,Hoylake Rd Met Ctr,20.97,3
N85047,Orchard Surgery,16.92,2
N85048,Moreton Medical Centre,26.34,4
N85051,Sunlight Group Practice,28.71,4
N85052,Grove Rd Surgery,23.37,3
N85054,Kings Lane Medical Practice,16.84,2
N85057,Teehey Lane Surgery,21.27,3
N85059,Hoylake & Meols Medical Ctr,11.48,1
N85616,Liscard Group Practice,39.78,5
N85617,Spital Surgery,9.66,1
N85620,The Village Medical Centre,24.48,3
N85625,Miriam Primary Care Group,44.07,5
N85629,Egremont Med Ctr,53.85,5
N85633,Church Road Medical Practice,18.92,3
N85634,Vittoria Med Ctr K,54.57,5
N85640,Leasowe Medical Practice,49.54,5
N85643,Prenton & Woodchurch Medical Centre,28.7,4
N85648,Blackheath Med Ctr,30.98,4
P81002,Lancaster Medical Practice,18.55,3
P81003,St James' Medical Centre,18.46,3
P81005,Little Harwood Health Centre,33.03,4
P81006,Garstang Medical Practice,11.03,1
P81008,Yorkshire Street Medical Centre,39.44,5
P81010,Withnell Health Centre,11.75,1
P81013,Queen Square Medical Practice,16.46,2
P81014,Ormskirk Medical Practice,11.42,1
P81015,Lytham Road Surgery,14.35,2
P81016,Waterloo Medical Centre,51.41,5
P81017,Whalley Medical Centre,7.68,1
P81018,St Fillan'S Medical Ctre,9.22,1
P81020,Burnley Group Practice,39.04,5
P81022,Witton Medical Centre,32.6,4
P81025,The Richmond Hill Practice,35.42,5
P81027,Irwell Medical Practice,32.86,4
P81029,Ash Trees Surgery,11.26,1
P81031,Poplar House Surgery,20.82,3
P81032,Reedyford Hlth Care Group,39.52,5
P81033,Coppull Medical Practice,18.82,3
P81035,Colne Road Surgery,49.28,5
P81036,Peel House Medical Practice,36.97,5
P81037,Ansdell Medical Centre,15.17,2
P81038,The Chorley Surgery,22.75,3
P81039,Manor Primary Care,35.77,5
P81040,Longton Health Centre,7.04,1
P81041,Parkgate Surgery,11.06,1
P81042,Adelaide Street Surgery,59.91,5
P81043,South King Street Medical Centre,63.51,5
P81044,Library House Surgery,21.44,3
P81045,The Elms Practice,10.97,1
P81046,Park View Surgery,36.95,5
P81047,Parkside Surgery,37.92,5
P81051,Darwen Healthcare,29.55,4
P81053,Briercliffe Surgery,27.11,4
P81054,Marton Medical Practice,36.91,5
P81055,Berry Lane Medical Centre,11.47,1
P81057,Worden Medical Centre,20.23,3
P81058,St Georges Surgery,35.73,5
P81059,Great Eccleston Hlth Ctr,12.76,1
P81061,Redlam Surgery,36.73,5
P81062,Regent House Surgery,20.18,3
P81063,St Pauls Medical Centre,56.87,5
P81065,The Pendle Medical Partnership,28.92,4
P81066,Layton Medical Centre,44.47,5
P81067,The Healthcare Centre,17.77,2
P81069,Pendleside Medical Pract,11.21,1
P81070,Pendle View Medical Centre,38.26,5
P81071,The New Hall Lane Practice,47.49,5
P81072,Glenroyd Medical Centre,33.61,5
P81073,Cleveleys Group Practice,23.1,3
P81074,Highfield Surgery,33.69,5
P81076,Sandy Lane Surgery,16.55,2
P81077,Holland House Surgery,12.24,1
P81078,Barnoldswick Med Ctr,22.33,3
P81079,The Thornton Practice,15.21,2
P81081,Arnold Medical Centre,35.42,5
P81082,The Ryan Medical Centre,15.82,2
P81083,Roslea Surgery,15.62,2
P81084,Hall Green Surgery,14.15,2
P81086,Broadway Medical Centre,37.72,5
P81087,The Over-Wyre Med.Ctr.,19.63,3
P81088,Whitworth Medical Centre,26.44,4
P81089,The Mount View Practice,44.84,5
P81092,The Crescent Surgery,22.93,3
P81095,Thursby Surgery,39.9,5
P81096,Parbold Surgery,7.89,1
P81099,Haslingden Healthcare,22.26,3
P81100,The Castle Medical Group,11.45,1
P81103,North Preston Medical Practice,18.31,2
P81107,Stonebridge Surgery,10.95,1
P81112,Beacon Primary Care,25.27,4
P81113,Park View Surgery,11.64,1
P81115,Bloomfield Medical Centre,57.08,5
P81117,Central Park Surgery,18.03,2
P81118,Ilex View Medical Practice,23.89,3
P81119,Lane Ends Surgery,28.36,4
P81123,Pwe Pendle Valley Mill,44.02,5
P81125,Oakenhurst Medical Practice,32.21,4
P81127,Gab Healthcare,19.82,3
P81128,Kirkham Health Centre,14.78,2
P81129,Ash Tree House Surgery,14.63,2
P81130,Padiham Group Practice,31.65,4
P81132,Waterfoot Medical Practice,30.02,4
P81133,The Village Practice,16.77,2
P81136,Dr A Bisarya,27.09,4
P81137,Burnley Wood Medical Centre,40.67,5
P81138,Burscough Family Practice,12.57,1
P81140,Darwen Healthlink,30.83,4
P81143,Whittle Surgery,9.54,1
P81147,Arg Healthcare,42.77,5
P81149,Lockwood Gp Surgery,12.21,1
P81150,Parcliffe Medical Centre,21.03,3
P81154,Granville House Med Ctre,12.89,1
P81155,Brownhill Surgery,17.25,2
P81157,Fernbank Surgery,13.47,2
P81159,Stonyhill Medical Practice,36.0,5
P81160,Oswald Medical Centre,40.3,5
P81165,Ightenhill Medical Centre,37.64,5
P81166,Dr Bello'S Surgery,37.4,5
P81167,Stepping Stone Practice,43.24,5
P81169,Fishergate Hill Surgery,30.39,4
P81170,Nelson Medical Practice,50.06,5
P81171,The Euxton Medical Centre,8.95,1
P81172,Newton Drive Health Centre,35.29,5
P81179,Lostock Hall Medical Ctr.,14.14,2
P81180,Clayton Brook Surgery,32.17,4
P81181,Kingsfold Medical Centre,17.83,2
P81182,Richmond Medical Centre,50.17,5
P81184,Ribbleton Medical Centre,41.46,5
P81185,Riverside Medical Centre,12.13,1
P81186,Moss Side Medical Centre,20.92,3
P81191,Queensway Medical Centre,12.2,1
P81196,Issa Medical Centre - Patel,31.15,4
P81197,Rosegrove Surgery,35.38,5
P81201,Ashurst Primary Care,27.68,4
P81208,Excel Primary Care,34.73,5
P81212,Hazelvalley Family Practice,27.26,4
P81213,St. Mary'S Health Centre,23.28,3
P81214,Limefield Surgery,32.63,4
P81218,The Clayton Medical Ctr.,32.73,4
P81620,Slaidburn Health Centre,16.69,2
P81622,Shifa Surgery,38.8,5
P81633,Spring-Fenisco Healthlink,23.18,3
P81646,Lathom House Surgery,12.0,1
P81647,Gutteridge Medical Centre,37.79,5
P81655,The Village Surgeries Croston&Eccleston,9.76,1
P81664,The Park Medical Practice,30.3,4
P81668,Fleetwood Surgery,39.72,5
P81674,Stanley Court Surgery,11.97,1
P81681,North Shore Surgery,31.29,4
P81683,Olive Medical Centre,38.42,5
P81685,Dr Ali Guttridge Medical Centre,38.67,5
P81686,Rossendale Valley Medical Practice,27.14,4
P81687,New Longton Surgery,7.0,1
P81692,Beeches Medical Centre,8.65,1
P81694,Family Practice,47.52,5
P81695,Aughton Surgery,8.12,1
P81699,Higher Heys Surgery,30.22,4
P81701,Dr Dawoud'S Surgery,24.68,3
P81704,Blakewater Healthcare,35.46,5
P81707,William Hopwood Street Surgery,45.4,5
P81709,Roman Road Health Centre,46.08,5
P81710,Tarleton Group Practice,9.72,1
P81714,Abbey Dale Medical Centre,33.57,5
P81721,Hollins Grove Surgery,36.09,5
P81724,Pringle Street Surgery,45.5,5
P81726,King Street Medical Ctr,42.9,5
P81730,Great Harwood Medical Group,29.73,4
P81731,Dr Jehangir (Sh),47.26,5
P81732,Harambee Surgery,22.13,3
P81734,The Cornerstone Practice,41.83,5
P81735,Dr A Hussain,44.6,5
P81736,Whitefield Healthcare,46.67,5
P81740,Adlington Medical Centre,16.89,2
P81741,Station Surgery,18.1,2
P81742,Beechwood Surgery,17.16,2
P81748,Briarwood Medical Centre,22.66,3
P81755,The Weavers Practice,30.72,4
P81757,Barrowford Surgery,18.18,2
P81770,Avenham Surgery,37.68,5
P81771,Primrose Bank Medical Centre,37.11,5
P81780,Riverside Family Practice,49.43,5
P82001,The Dunstan Partnership,37.8,5
P82002,Pikes Lane 1,40.69,5
P82003,Kildonan House,19.42,3
P82004,Swan Lane Medical Centre,41.87,5
P82005,Stable Fold Surgery,18.98,3
P82006,"Pike View, Dr Malhotra & Partners",21.65,3
P82007,Kearsley Medical Centre,29.68,4
P82008,Stonehill Medical Centre,41.8,5
P82009,St Helens Road Practice,32.85,4
P82010,Dalefield Surgery,40.77,5
P82011,Tonge Fold Health Centre,36.39,5
P82012,Octagon Medical Centre,44.03,5
P82013,The Bolton Family Practice,44.58,5
P82014,Spring House Surgery,23.99,3
P82015,Unsworth Group Practice,16.21,2
P82016,Harwood Medical Centre,23.97,3
P82018,The Alastair Ross Medical Practice,42.19,5
P82020,Little Lever Health Centre 1,31.41,4
P82021,The Oaks Family Practice,27.44,4
P82022,Dr Rizwan And Dr Awan,41.68,5
P82023,Mandalay Medical Centre,13.14,2
P82025,Burnside Surgery,28.34,4
P82029,Halliwell Surgery 2,43.28,5
P82030,Deane Medical Centre,44.24,5
P82031,Heaton Medical Centre,20.58,3
P82033,Bradford Street Surgery,43.47,5
P82034,Edgworth Medical Centre,12.26,1
P82036,Little Lever Health Centre 2,24.68,3
P82037,Fig Tree Medical Practice,41.48,5
P82607,Crompton View Surgery,31.88,4
P82609,Shanti Medical Centre,41.7,5
P82613,Spring View Medical Centre,25.16,4
P82616,Beehive Surgery,42.0,5
P82624,Orient House Medical Centre,39.77,5
P82625,Charlotte Street Surgery,39.94,5
P82626,Halliwell Surgery 3,46.28,5
P82627,Cornerstone Surgery,28.53,4
P82629,Dr S Naseef,44.01,5
P82633,Great Lever One,44.52,5
P82634,Wyresdale Road Surgery,38.49,5
P82640,Al Fal Medical Group,42.9,5
P82643,Bromley Meadows Surgery,9.58,1
P82652,Farnworth Family Practice,41.77,5
P82660,Deane Clinic 1,41.39,5
P83001,Fairfax Group Practice,20.22,3
P83004,The Uplands Medical Practice,22.32,3
P83005,Townside Surgery,29.16,4
P83006,Ramsbottom Medical Practice,15.93,2
P83007,Radcliffe Medical Practice,31.37,4
P83009,Blackford House Medical Centre,17.06,2
P83010,Monarch Medical Centre,29.72,4
P83011,Unsworth Medical Centre,21.51,3
P83012,Tower Family Healthcare,22.92,3
P83015,Ribblesdale Medical Practice,28.05,4
P83017,Woodbank Surgery,22.1,3
P83021,Peel Gps,32.52,4
P83024,Knowsley Medical Centre,33.21,4
P83025,St Gabriel'S Medical Centre,25.45,4
P83027,Greyland Medical Centre,20.14,3
P83603,Red Bank Group Practice,27.21,4
P83605,Whittaker Lane Med Centre,22.11,3
P83608,The Elms Medical Centre,22.99,3
P83609,The Birches Medical Centre,19.93,3
P83611,Walmersley Road Medical Practice,40.0,5
P83612,Mile Lane Health Centre,14.16,2
P83620,Garden City Medical Centre,13.12,2
P83621,Huntley Mount Medical Centre,44.48,5
P83623,Longfield Medical Practice,21.65,3
P84004,Five Oaks Family Practice,47.54,5
P84005,Vallance Medical,27.32,4
P84009,Ailsa Craig Medical Centre,44.65,5
P84010,The Borchardt Medical Centre,28.29,4
P84012,Northenden Group Practice,25.71,4
P84014,Rk Medical Practice,49.04,5
P84016,Levenshulme Medical Practice,41.32,5
P84017,Ladybarn Group Practice,32.57,4
P84018,Mauldeth Medical Centre,26.2,4
P84019,Valentine Medical Centre,48.68,5
P84020,Peel Hall Medical Centre,46.0,5
P84021,The Maples Medical Centre,37.5,5
P84022,Kingsway Medical Practice,29.01,4
P84023,Surrey Lodge Practice,35.03,5
P84024,Bowland Medical Practice,38.12,5
P84025,St George'S Medical Centre,47.95,5
P84026,Dickenson Road Medical Centre,49.59,5
P84027,West Point Medical Centre,38.79,5
P84028,Gorton Medical Centre,58.05,5
P84029,Benchill Medical Practice,50.67,5
P84030,New Collegiate Medical Centre,47.2,5
P84032,Drs Hanif & Bannuru,46.79,5
P84033,Beacon Medical Centre,45.57,5
P84034,Barlow Medical Centre,12.03,1
P84035,Bodey Medical Centre,26.89,4
P84037,Ardwick Medical Practice,42.33,5
P84038,Ashville Surgery,26.56,4
P84039,The Range Medical Centre,34.7,5
P84040,Conran Medical Centre,55.83,5
P84041,Cornerstone Family Practice,43.12,5
P84042,Florence House Medical Practice,46.52,5
P84043,Cornishway Group Practice,46.65,5
P84045,The Park Medical Centre,39.1,5
P84046,Cheetham Hill Medical Centre,46.71,5
P84047,All Saints Medical Centre,51.6,5
P84048,Tregenna Group Practice,43.12,5
P84049,The Avenue Medical Centre,44.45,5
P84050,Mount Road Surgery,58.44,5
P84051,Eastlands Medical Centre,46.51,5
P84052,West Gorton Medical Practice,51.23,5
P84053,Ashcroft Surgery,40.88,5
P84054,Whitley Road Medical Centre,54.49,5
P84056,Princess Road Surgery,39.46,5
P84059,Lime Square Medical Centre,42.89,5
P84061,Brooklands Medical Practice,30.76,4
P84064,New Islington Medical Centre,28.14,4
P84065,Church View Medical Centre,54.95,5
P84066,David Medical Centre,35.23,5
P84067,Hazeldene Medical Centre,31.06,4
P84068,Chorlton Family Practice,20.18,3
P84070,Newton Heath Medical Centre,52.76,5
P84071,Wilbraham Surgery,19.39,3
P84072,The Robert Darbishire Practice,34.48,5
P84074,Wellfield Medical Centre,49.1,5
P84605,Fernclough Surgery,61.58,5
P84611,Brunswick Medical Practice,37.25,5
P84626,Wilmslow Road Surgery,37.76,5
P84630,The Arch Medical Practice,25.41,4
P84635,The Whitswood Practice,43.89,5
P84637,Dr Khan'S Practice,46.17,5
P84639,Fallowfield Medical Centre,28.91,4
P84644,Parkside Surgery,53.76,5
P84645,Park View Medical Centre,45.36,5
P84650,The Alexandra Practice,28.96,4
P84651,Northern Moor Medical Practice,33.29,4
P84663,The Neville Family Centre,43.49,5
P84665,Withington Medical Practice,27.26,4
P84669,Cornbrook Medical Practice,28.84,4
P84672,Woodlands Medical Practice,20.51,3
P84673,Ancoats Urban Village Medical Practice,28.55,4
P84678,Didsbury Medical Centre - Dr Whitaker,12.95,1
P84679,Willowbank Surgery,54.14,5
P84683,The Doc'S Surgery,18.52,3
P84684,Crumpsall Medical Practice,44.84,5
P84689,Manchester Integrative Medical Practice,45.33,5
P84690,Dam Head Medical Centre,46.2,5
P85002,St Mary'S Medical Centre,51.66,5
P85003,The Chowdhury Practice,55.86,5
P85004,Chadderton Medical Practice,40.07,5
P85005,Leesbrook Surgery,20.68,3
P85007,Oldham Family Practice,50.1,5
P85010,Woodlands Medical Practice,27.59,4
P85011,Ch Medical Practice,34.82,5
P85012,Oldham Medical Services,53.31,5
P85013,The Royton & Crompton Family Practice,22.3,3
P85014,Hopwood House Medical Practice,47.04,5
P85015,Alexandra Group Med Pract,51.75,5
P85016,Saddleworth Medical Practice,13.53,2
P85017,Oak Gables Medical Practice,24.79,3
P85018,Md Family Practice,43.47,5
P85019,Royton Medical Centre,25.78,4
P85020,Springfield House,43.98,5
P85021,Greenbank Medical Practice,52.49,5
P85022,Lees Medical Practice,36.78,5
P85026,Quayside Medical Practice,28.71,4
P85601,Jalal Practice,50.55,5
P85605,Littletown Family Med Pract,44.77,5
P85606,Moorside Medical Practice,33.12,4
P85608,Perkins Practice,51.36,5
P85610,Medlock Medical Practice,31.37,4
P85612,Werneth Medical Practice,51.29,5
P85614,Village Medical Practice,27.33,4
P85615,Kapur Family Care,49.56,5
P85622,Glodwick Medical Practice,54.94,5
P86001,Milnrow Village Practice,26.1,4
P86002,Dr Gwd Bhima,46.36,5
P86003,Edenfield Road Surgery,19.63,3
P86004,Peterloo Medical Centre,29.01,4
P86005,Yorkshire St Surgery,41.63,5
P86006,Ashworth Street Surgery,36.25,5
P86007,Wellfield Health Centre,41.66,5
P86008,Mark Street Surgery,44.22,5
P86009,Castleton Health Centre,33.81,5
P86010,The Junction Surgery,23.2,3
P86011,Longford Street Medical Centre,33.0,4
P86012,Woodside Medical Centre,39.88,5
P86013,Healey Surgery,29.09,4
P86014,Croft Shifa Health Centre,48.89,5
P86015,Rochdale Road Medical Centre,33.56,5
P86016,Heywood Health,38.2,5
P86017,Inspire Medical Centre,51.0,5
P86018,Littleborough Group Practice,24.44,3
P86019,Durnford Medical Centre,30.54,4
P86021,Pennine Surgery,24.27,3
P86022,Stonefield Street Surgery,26.51,4
P86023,Hopwood Medical Centre,27.55,4
P86026,The Dawes Family Practice,37.16,5
P86602,Heady Hill Surgery,36.68,5
P86606,Family Practice,45.78,5
P86608,The Village Medical Ctr.,24.75,3
P86609,The Dale Medical Practice,48.92,5
P86614,Dr A Hamid,49.77,5
P86619,Dr Mb Ghafoor & Partners,48.16,5
P86620,Windermere Surgery,39.34,5
P86624,Trinity Medical Centre,24.71,3
P87002,The Poplars Medical Practice,27.35,4
P87004,1/Salford Medical Practice,26.51,4
P87008,Walkden Medical Centre,28.19,4
P87015,Pendleton Medical Centre,40.63,5
P87016,The Sides Medical Practice,12.53,1
P87017,The Limes Medical Practice,27.92,4
P87019,Silverdale Medical Practice,34.39,5
P87020,St Andrews Medical Centre,33.88,5
P87022,Mocha Parade Medical Practice,40.54,5
P87024,3/Springfield House Medical Practice,38.47,5
P87025,The Lakes Medical Practice,28.39,4
P87026,Newbury Green Medical Practice,44.73,5
P87027,Langworthy Medical Practice,35.5,5
P87028,The Gill Medical Practice,31.73,4
P87032,Orient Road Medical Practice,22.5,3
P87035,Ordsall Health Surgery,25.08,4
P87040,Sorrel Bank Medical Practice,32.82,4
P87610,The Mosslands Medical Practice,28.35,4
P87613,Cleggs Lane Medical Practice/129,53.05,5
P87620,1/Monton Medical Practice,26.6,4
P87624,Ellenbrook Medical Centre,10.67,1
P87625,Dearden Avenue Medical Practice,50.21,5
P87627,Orchard Medical Practice,12.91,1
P87630,Cherry Medical Practice,52.81,5
P87634,Clarendon Surgery,37.4,5
P87639,Cornerstone Medical Practice,34.53,5
P87648,Reut Medical Practice,43.23,5
P87649,Chapel Group Medical Centre,28.91,4
P87654,Dr A Chaudhry & Dr I Jeet,41.92,5
P87657,(Irlam) Salford Care Ctrs Medical Practi,30.05,4
P87658,The Willows Medical Practice,36.52,5
P87661,Manchester Road East Medical Practice,46.71,5
P88002,Marple Bridge Surgery,7.79,1
P88003,Manor Medical Practice,31.11,4
P88005,Family Surgery,27.08,4
P88006,Marple Cottage Surgery,14.28,2
P88007,Cheadle Hulme Medical Group,7.23,1
P88008,Heaton Mersey Med.Pract.,11.01,1
P88009,Woodley Village Surgery,20.8,3
P88011,Heaton Norris Medical Practice,34.41,5
P88012,Beech House Medical Pract,11.95,1
P88013,Caritas General Practice Partnership,20.54,3
P88014,Adshall Road Medical Prac,22.01,3
P88015,Bramhall Health Centre,5.03,1
P88016,Bramhall & Shaw Heath Medical Group,19.92,3
P88017,Chadsfield Medical Practice,16.51,2
P88018,Park View Group Practice,27.77,4
P88019,Alvanley Family Practice,22.93,3
P88020,Cheadle Medical Practice,15.02,2
P88021,Marple Medical Practice,12.52,1
P88023,Heald Green Health Centre 2,13.18,2
P88024,Gatley Medical Centre,9.26,1
P88025,Hulme Hall Medical Group,9.15,1
P88026,Heaton Moor Medical Group,19.2,3
P88031,Bracondale Medical Centre,17.19,2
P88041,The Village Surgery,3.98,1
P88042,Finney Lane Surgery,13.44,2
P88043,Brinnington Surgery,55.88,5
P88044,Bredbury Medical Centre,25.46,4
P88606,Springfield Surgery,16.07,2
P88615,Vernon Park Surgery,35.27,5
P88623,High Lane Medical Centre,8.83,1
P88625,Archwood Medical Practice,21.41,3
P88632,Stockport Medical Group,28.52,4
P89002,The Brooke Surgery,30.36,4
P89003,Albion Medical Practice,36.34,5
P89004,Awburn House Medical Practice,27.15,4
P89005,Lockside Medical Centre,24.41,3
P89006,Pennine Medical Centre,18.9,3
P89007,Staveleigh Medical Centre,29.08,4
P89008,Ashton Medical Group,36.51,5
P89010,Medlock Vale Medical Practice,22.75,3
P89011,Gordon Street Medical Centre,38.38,5
P89012,Clarendon Medical Centre,30.8,4
P89013,Hattersley Group Practice,47.79,5
P89014,Haughton Thornley Medical Centres,31.24,4
P89015,Millgate Healthcare Partnership,26.2,4
P89016,Donneybrook Medical Centre,30.68,4
P89018,Denton Medical Practice,28.72,4
P89020,Ht Practice,41.21,5
P89021,Dukinfield Medical Practice,29.04,4
P89022,King Street Medical Centre,37.93,5
P89023,St. Andrew'S House Surgery,28.32,4
P89025,Town Hall Surgery,34.52,5
P89026,Grosvenor Medical Centre,26.84,4
P89029,Market Street Medical Practice,25.89,4
P89030,West End Medical Centre,43.13,5
P89602,The Smithy Surgery,22.36,3
P89609,Stamford House,36.22,5
P89612,Mossley Medical Practice,23.73,3
P89613,Waterloo Medical Centre,32.59,4
P89618,Pike Medical Practice,25.17,4
P91003,Park Medical Practice,9.01,1
P91004,Altrincham Medical Practice,7.68,1
P91006,Urmston Group Practice,13.01,1
P91007,Timperley Health Centre (Westwood),10.1,1
P91008,Shay Lane Medical Centre (Kelman),6.17,1
P91009,Davyhulme Medical Centre,11.54,1
P91011,Shay Lane Medical Centre (Patel),5.8,1
P91012,Primrose Surgery,13.0,1
P91013,Boundary House Medical Centre,23.33,3
P91014,Washway Road Medical Centre,11.92,1
P91016,West Timperley Medical Centre,8.49,1
P91017,Bodmin Road Health Centre,15.22,2
P91018,Delamere Medical Practice,22.17,3
P91019,Partington Central Surgery,42.82,5
P91020,Limelight Health And Wellbeing Hub,36.09,5
P91021,Firsway Health Centre,16.27,2
P91026,Partington Family Practice,42.48,5
P91029,Flixton Road Medical Centre,13.12,2
P91035,Conway Road Medical Practice,10.38,1
P91603,Barrington Medical Centre,7.51,1
P91604,St Johns Medical Centre,6.98,1
P91617,Family Surgery,9.44,1
P91623,Village Surgery,7.27,1
P91627,Lostock Medical Centre,21.3,3
P91629,North Trafford Group Practice,26.05,4
P91631,Riddings Family Health Centre,4.61,1
P92001,Medicentre,18.38,2
P92002,Braithwaite Rd Surgery,15.22,2
P92003,The Dicconson Group Practice,29.86,4
P92004,Dr Tun & Partners,27.17,4
P92005,Zaman,21.62,3
P92006,Dr Ahmad & Ptnrs,33.23,4
P92007,Old Henry Street Med Ctr,32.89,4
P92008,Bradshaw Medical Centre,25.5,4
P92010,Beech Hill Medical Practice,24.17,3
P92011,Sullivan Way Surgery,33.87,5
P92012,High Street Surgery,23.09,3
P92014,Standish Medical Practice,9.76,1
P92015,Aspull Surgery,20.12,3
P92016,Pennygate Medical Centre,26.48,4
P92017,Shevington Surgery,9.6,1
P92019,Pemberton Surgery,36.92,5
P92020,Sivakumar & Partner,13.77,2
P92021,Newtown Medical Practice,34.06,5
P92023,Brookmill Medical Centre,29.27,4
P92024,Kumar Family Practice,22.1,3
P92026,Longshoot Medical Practice,33.8,5
P92028,Elliott Street Surgery,23.61,3
P92029,Westleigh Medical Practice,34.06,5
P92030,Dr Seabrook,24.95,4
P92031,Platt House Surgery,33.74,5
P92033,"The Surgery, Tyldesley",25.43,4
P92034,Bryn Cross Surgery,19.76,3
P92038,Saxena L,10.2,1
P92041,Ssp Health Limited Ashton Medical Centre,20.42,3
P92042,Dr Kk Chan & Partners,29.32,4
P92602,Foxleigh Family Surgery,31.58,4
P92605,Boothstown Medical Centre,12.8,1
P92607,Grasmere Surgery,28.88,4
P92615,The Avenue Surgery,32.47,4
P92620,Ince Surgery,39.85,5
P92621,Premier Health Team,30.22,4
P92626,Meadowview Surgery,29.62,4
P92630,Golborne Surgery,23.32,3
P92633,Bee Fold Medical Centre,26.35,4
P92634,Mesnes View Surgery,26.42,4
P92635,Dr Vasanth,29.67,4
P92637,Astley General Practice,17.22,2
P92639,Family Medical Practice,22.7,3
P92642,Marus Bridge Practice,20.13,3
P92646,Dr Vardhan'S Surgery,12.73,1
P92647,South Wigan Medical Practice,22.37,3
P92648,Slag Lane Mc,17.02,2
P92651,Lowton & Platt Bridge Surgery,26.94,4
Y00020,The Grantham Practice,23.99,3
Y00026,The Om Surgery,23.53,3
Y00033,Purfleet Care Centre,26.46,4
Y00050,Lilford & Pennington Park Surgery,32.86,4
Y00054,The Homeless Healthcare Team,42.9,5
Y00056,Cambridge Access Surgery,16.48,2
Y00057,Angel Surgery,44.4,5
Y00060,The Anchor Centre,47.63,5
Y00078,Winshill,25.05,4
Y00080,Harbour Medical Practice,19.84,3
Y00090,The Doctors House,24.98,4
Y00137,Willows Health,28.5,4
Y00140,Torcross Medical Centre,26.21,4
Y00155,Grove Surgery,22.88,3
Y00159,Hall Green Health,32.88,4
Y00182,Rainbow Health Centre,37.12,5
Y00184,Dilston Medical Centre,43.86,5
Y00185,Cathedral Medical Centre,8.75,1
Y00186,3D Medical Centre,46.9,5
Y00200,Portobello Medical Centre,26.29,4
Y00206,Burnley Practice,39.18,5
Y00228,Ambar Medical Centre,43.02,5
Y00252,Dr Sjc Clay'S Practice,10.94,1
Y00265,Chapel Medical Centre,25.05,4
Y00278,Darlaston Health Centre,39.15,5
Y00286,The Ravenscar Surgery,31.28,4
Y00293,Hedingham Medical Centre,16.39,2
Y00297,The Hollies Surgery,20.57,3
Y00312,"The Robins Surgery, Harold Hill Health C",30.09,4
Y00316,Woodlands Medical Practice,18.69,3
Y00344,Leicester City Assist Practice,35.45,5
Y00347,Dr Jacobs Surgery,21.32,3
Y00351,Langley Corner Surgery,20.36,3
Y00352,Hesa Medical Centre - Y00352,28.85,4
Y00399,Dr Pasquali,15.71,2
Y00403,Trowbridge Practice,30.17,4
Y00411,Dearne Valley Group Practice,42.2,5
Y00412,Soho Health Centre,52.68,5
Y00437,The Orchard Surgery,16.68,2
Y00445,Salford Primary Care Together,45.66,5
Y00446,Maghull Practice,12.25,1
Y00469,Dr Sims And Partners,35.77,5
Y00471,Broadway Health Centre,39.21,5
Y00475,Garswood Surgery,15.49,2
Y00486,Botolph Bridge Community Health Centre,21.48,3
Y00492,Summerfield Group Practice,50.43,5
Y00507,St. Quintin Health Centre,28.72,4
Y00560,Wootton Vale And Shortstown Surgery,14.41,2
Y00568,Foxhayes Practice,18.57,3
Y00612,Green Cedars Medical Centre,42.16,5
Y00726,The Hive Health Centre,30.26,4
Y00758,Dr Jo Arayomi'S Practice,36.23,5
Y00774,Brandon Medical Practice,23.86,3
Y00902,The Westbourne Green Surgery,37.77,5
Y00918,Granville Medical Centre,26.05,4
Y00969,Rame Group Practice,21.1,3
Y00996,Meridian Practice,37.52,5
Y00999,Oddfellows Hall & St Clements,20.32,3
Y01008,Bay Medical Group,33.7,5
Y01011,Barlby Surgery,31.55,4
Y01050,Rosmellyn Surgery,29.31,4
Y01051,Morrab Surgery,30.65,4
Y01057,Homeless Health Exchange,43.05,5
Y01066,Hanley Primary Care Centre,31.29,4
Y01068,Amaanah Medical Practice,56.02,5
Y01090,Sms Medical Practice,26.18,4
Y01108,Fairfield Surgery,19.95,3
Y01118,Eccleshill Village Surgery,37.09,5
Y01127,Neetside Surgery,22.54,3
Y01132,Chartfield Surgery,15.0,2
Y01163,West Coker Surgery,16.82,2
Y01206,Glebe Road Surgery,10.26,1
Y01221,Somerset Fhp O,27.76,4
Y01280,Shifa Medical Practice,32.46,4
Y01281,The Village Surgery,9.73,1
Y01291,Chingford Medical Practice,20.22,3
Y01652,The New Springwells Practice,20.03,3
Y01655,The Vale Practice,18.04,2
Y01690,School Lane Pms Practice,26.53,4
Y01695,Mp Victoria Mill,50.33,5
Y01719,Prime Practice Partnership,30.94,4
Y01756,Stourside Medical Practice,20.34,3
Y01794,Ravenswood Medical Practice,22.64,3
Y01795,The Oval Practice,29.45,4
Y01812,Heartwood Medical Practice,20.06,3
Y01839,Sinnott Medical Centre,25.0,4
Y01922,Stennack Surgery,20.25,3
Y01929,Teldoc,25.2,4
Y01948,Open Door,61.26,5
Y01964,Berrycroft Community Health Centre,17.52,2
Y02002,One Medicare Llp-The Light,20.76,3
Y02117,St Ann'S Road Surgery,36.62,5
Y02177,The Practice Northumberland Avenue,41.37,5
Y02212,Dudley Wood Surgery,29.38,4
Y02274,Rivington Way Surgery,38.22,5
Y02319,Bolton General Practice,50.76,5
Y02321,Poplar Street Surgery,30.14,4
Y02322,Leigh Family Practice,36.86,5
Y02325,Charlestown Md,47.17,5
Y02332,Kingsway & Bramingham Surgery,31.14,4
Y02342,Featherstone Road Health Centre,36.3,5
Y02354,Sandy Lane Surgery,18.19,2
Y02378,Bryn Street Surgery,20.25,3
Y02423,Grafton Medical Partners,17.81,2
Y02463,The Town Centre Practice,36.39,5
Y02466,Buckshaw Village Health Centre,11.86,1
Y02469,Heron Gp Practice,39.61,5
Y02476,Broad Street Health Centre,19.57,3
Y02494,Shakespeare Medical Practice,39.47,5
Y02510,Marshalls Cross Medical Centre,33.95,5
Y02517,Newquay Health Centre,20.27,3
Y02519,Gloucester Health Access Centre,34.96,5
Y02520,Simpson Medical Practice,48.89,5
Y02521,Willow Bank Surgery,33.68,5
Y02567,Hodge Hill Family Practice,46.16,5
Y02571,Poplar Primary Care Centre,25.26,4
Y02575,Omnes Healthcare Ltd,31.98,4
Y02578,Broadmead Medical Centre,22.53,3
Y02586,Ashton Gp Service,51.17,5
Y02589,Hammersmith & Fulham Centres For Health,24.74,3
Y02594,Essington Medical Centre,19.07,3
Y02605,Accrington Victoria Gp Practice,38.0,5
Y02606,Fairmore Medical Practice,40.02,5
Y02611,North Chelmsford Nhs Hcc,11.35,1
Y02622,Blackfriars,21.75,3
Y02625,Care Homes Medical Practice,37.27,5
Y02626,The Keys Family Practice,34.74,5
Y02627,Harden Blakenall,47.9,5
Y02633,Bow Medical Practice,20.36,3
Y02636,Pennfields Medical Centre,41.44,5
Y02639,Spring House Health,15.47,2
Y02646,Turner Road Surgery,17.26,2
Y02653,High Oak Surgery,35.35,5
Y02657,Bentham Road Health Centre,39.93,5
Y02663,Droylsden Medical Practice,26.95,4
Y02669,Castle Health Centre,45.33,5
Y02671,The Practice Heart Of Hounslow,28.05,4
Y02672,The Practice Feltham,26.11,4
Y02674,Camden Health Improvement Practice,33.03,4
Y02676,Brighton Station Health Centre,24.03,3
Y02684,Quayside Medical Centre,58.27,5
Y02686,Bowling Green Street Surgery,33.62,5
Y02692,The Wembley Practice,26.81,4
Y02701,Great Bridge Health Centre,36.04,5
Y02707,St Luke'S Health Centre,34.57,5
Y02713,Guide Bridge Medical Practice,29.48,4
Y02718,Birtle View Medical Practice,36.78,5
Y02720,The Kingsway Practice,45.54,5
Y02721,Kirkholt Medical Practice,48.81,5
Y02736,Showell Park Health Centre,42.59,5
Y02751,Norwich Practices Health Centre,24.23,3
Y02753,Hill Top Surgery,53.79,5
Y02755,Rock Healthcare Limited,36.07,5
Y02757,Bilston Urban Village Medical Centre,37.03,5
Y02767,The Height General Practice,29.56,4
Y02769,St Neots Health Centre,13.94,2
Y02790,Bolton Medical Centre,45.07,5
Y02794,Oakleaf,54.79,5
Y02795,Middleton Health Centre,35.51,5
Y02807,Thurrock Health Centre,23.0,3
Y02827,John Street Medical Practice,54.36,5
Y02842,Half Penny Steps Health Centre,34.54,5
Y02847,Parliament Street Medical Centre,28.07,4
Y02849,City Health Centre,20.39,3
Y02867,Middleport Medical Centre,48.79,5
Y02875,Lindley House Health Centre,54.35,5
Y02885,Marsh Green Medical Practice,46.61,5
Y02886,Leigh Sports Village,25.4,4
Y02890,Hawthorn Mc,34.05,5
Y02893,Iridium Medical Practice,47.85,5
Y02900,Brooklands Health Centre,14.36,2
Y02906,Canberra Old Oak Surgery,28.41,4
Y02928,The Practice Albert Road,21.19,3
Y02933,Hollinwood Medical Practice,47.09,5
Y02936,Millbrook Medical Practice,24.55,3
Y02946,Junction Health Centre,19.43,3
Y02960,New Bank Health,50.29,5
Y02973,Kings Park Surgery,18.0,2
Y02974,Thamesmead Health Centre,26.16,4
Y02986,Cricklewood Health Centre,32.85,4
Y02987,At Medics - The Loxford Practice,31.14,4
Y03023,St Andrews Health Centre,34.68,5
Y03035,Queenswood Medical Practice,18.28,2
Y03049,Spring Hill Practice,41.07,5
Y03052,Dr Salako And Partners,21.75,3
Y03063,Hetherington At The Pavilion,27.08,4
Y03079,Bolton Community Practice,26.57,4
Y03103,Medicus Select Care,32.47,4
Y03124,Grange Farm Medical Centre,38.12,5
Y03135,Bridge House Medical Practice,27.52,4
Y03222,St John'S Surgery,28.69,4
Y03366,Olive Family Practice,46.75,5
Y03402,Evergreen Primary Care Centre,46.74,5
Y03441,"Health And Wellbeing Centre, Earls Court",19.86,3
Y03595,Beechcroft And Old Palace,20.43,3
Y03597,Hamd Medical Practice,53.06,5
Y03602,Grey Gable Surgery,11.89,1
Y03663,Hendon Way Surgery,25.79,4
Y03664,Dr Azim & Partners,24.56,3
Y03755,Greenwich Peninsula,17.43,2
Y04225,Ealing Community Prt - Care Home Service,26.96,4
Y04266,Crosland Moor Surgery,36.39,5
Y04273,Liberty Bridge Road Practice,20.63,3
Y04662,Cranbrook Medical Practice,15.65,2
Y04664,The Willaston Surgery,9.69,1
Y04809,Lakeside Surgery,39.79,5
Y04882,Chaucer Surgery,23.18,3
Y04884,Satis House,12.7,1
Y04925,Chapelford Primary Care Centre,7.29,1
Y04957,St Austell Health Group,23.32,3
Y04965,Alliance Teaching Practices,34.44,5
Y04969,Camp Hill Gp Led Health Centre,36.51,5
Y04977,Creswell And Langwith Medical Centre,35.13,5
Y04995,Royal Primary Care Chesterfield,32.35,4
Y05023,Silver End Surgery,19.13,3
Y05080,First Choice Medical Care,17.23,2
Y05167,The Flying Scotsman Health Centre,49.57,5
Y05212,West Cheltenham Medical,23.54,3
Y05248,Brierley Medical Centre,33.92,5
Y05286,Lister House Chellaston,27.26,4
Y05317,Country Park Practice,26.9,4
Y05318,Denmark Road Surgery,26.86,4
Y05330,"Welbourne Med Prac, Welbourne H C",28.46,4
Y05346,Westwood Primary Care Centre,37.23,5
Y05349,Clover City Practice,28.65,4
Y05363,Bhf Highgate Surgery,32.74,4
Y05364,Bhf Lundwood Surgery,40.18,5
Y05369,Balderton Surgery,14.88,2
Y05622,Southglade Medical Practice,41.82,5
Y05690,Kirkby Community Primary Care Centre (3),26.57,4
Y05733,Parkfields Surgery,32.52,4
Y05750,David Lewis Medical Practice,15.37,2
Y05826,The Hill Gp Practice,48.11,5
Y05857,Rhnd,21.02,3
Y06007,Wellsbourne Healthcare Cic,40.39,5
Y06113,Qhs Gp Care Home Service,27.74,4
Y06218,Brownsover Medical Centre,13.71,2
Y06275,Nelson Medical Centre,52.12,5
Y06345,Bromleag Care Practice,12.87,1
Y06356,Bilborough Medical Centre,37.25,5
Y06378,Heath Street Health Centre,50.12,5
Y06389,Sas Mid And South Essex Stp,18.76,3
Y06443,Whyburn Medical Practice,22.28,3
Y06499,Essex University Partnership Nhs Trust,26.62,4
Y06545,Sel Special Allocation Practice,25.4,4
Y06592,Special Allocation Scheme (Nel),30.62,4
Y06659,Nook Surgery,14.63,2
Y06792,Broad Oak Medical Practice,49.33,5
Y06810,Whitehouse Health Centre,15.13,2
Y07014,Shakespeare Road Medical Practice,19.84,3
Y07020,One Care Lambeth,30.31,4
Y07025,Park Medical Centre,33.42,5
Y07040,Medicus Select Care Blmk Ccg,26.9,4
Y07057,Bretton Medical Practice,31.51,4
Y07059,Nene Valley And Hodgson Medical Practice,24.0,3
Y07060,Thomas Walker Westgate Healthcare,33.75,5
Y07275,Broughton House Gp Surgery,33.88,5
Y08371,Beam Park Medical Practice,27.91,4
Y08411,One Care Lewisham,27.89,4
